doi,title,file_id,access_link
doi:10.7910/DVN/KU6FDS,A98_10000.jpg,4831052,https://dataverse.harvard.edu/api/access/datafile/4831052
doi:10.7910/DVN/UUZPUG,A98_10001.jpg,4831053,https://dataverse.harvard.edu/api/access/datafile/4831053
doi:10.7910/DVN/V5HEI6,A98_10002.jpg,4831054,https://dataverse.harvard.edu/api/access/datafile/4831054
doi:10.7910/DVN/NGEHKX,A98_10003.jpg,4831055,https://dataverse.harvard.edu/api/access/datafile/4831055
doi:10.7910/DVN/9UUJLG,A98_10004.jpg,4831056,https://dataverse.harvard.edu/api/access/datafile/4831056
doi:10.7910/DVN/X207XD,A98_10005.jpg,4831057,https://dataverse.harvard.edu/api/access/datafile/4831057
doi:10.7910/DVN/JSMZJ4,A98_10006.jpg,4831058,https://dataverse.harvard.edu/api/access/datafile/4831058
doi:10.7910/DVN/MHM5CX,A98_10008.jpg,4831059,https://dataverse.harvard.edu/api/access/datafile/4831059
doi:10.7910/DVN/OX4Q7D,A98_10009.jpg,4831060,https://dataverse.harvard.edu/api/access/datafile/4831060
doi:10.7910/DVN/KCVFAG,A98_10010.jpg,4831061,https://dataverse.harvard.edu/api/access/datafile/4831061
doi:10.7910/DVN/TCRK9D,A98_10011.jpg,4831062,https://dataverse.harvard.edu/api/access/datafile/4831062
doi:10.7910/DVN/WBYYKI,A98_10012.jpg,4831063,https://dataverse.harvard.edu/api/access/datafile/4831063
doi:10.7910/DVN/TPKT3X,A98_10014.jpg,4831064,https://dataverse.harvard.edu/api/access/datafile/4831064
doi:10.7910/DVN/1LGQHW,A98_10015.jpg,4831065,https://dataverse.harvard.edu/api/access/datafile/4831065
doi:10.7910/DVN/Q2AF1M,A98_10016.jpg,4831066,https://dataverse.harvard.edu/api/access/datafile/4831066
doi:10.7910/DVN/14FE4D,A98_10017.jpg,4831067,https://dataverse.harvard.edu/api/access/datafile/4831067
doi:10.7910/DVN/NESXJ5,A98_10018.jpg,4831068,https://dataverse.harvard.edu/api/access/datafile/4831068
doi:10.7910/DVN/U5P4WD,A98_10019.jpg,4831069,https://dataverse.harvard.edu/api/access/datafile/4831069
doi:10.7910/DVN/SK1M8Z,A98_10020.jpg,4831070,https://dataverse.harvard.edu/api/access/datafile/4831070
doi:10.7910/DVN/AWOJCJ,A98_10021.jpg,4831071,https://dataverse.harvard.edu/api/access/datafile/4831071
doi:10.7910/DVN/MP1CBC,A98_10021b.jpg,4831072,https://dataverse.harvard.edu/api/access/datafile/4831072
doi:10.7910/DVN/330CLW,A98_10021c.jpg,4831073,https://dataverse.harvard.edu/api/access/datafile/4831073
doi:10.7910/DVN/ER7QQC,A98_10021e.jpg,4831074,https://dataverse.harvard.edu/api/access/datafile/4831074
doi:10.7910/DVN/RE0CP0,A98_10021f.jpg,4831075,https://dataverse.harvard.edu/api/access/datafile/4831075
doi:10.7910/DVN/JHJQ61,A98_10022.jpg,4831076,https://dataverse.harvard.edu/api/access/datafile/4831076
doi:10.7910/DVN/BALMBP,A98_10024.jpg,4831077,https://dataverse.harvard.edu/api/access/datafile/4831077
doi:10.7910/DVN/ROYSBR,A98_10025.jpg,4831078,https://dataverse.harvard.edu/api/access/datafile/4831078
doi:10.7910/DVN/UMTHXH,A98_10026.jpg,4831079,https://dataverse.harvard.edu/api/access/datafile/4831079
doi:10.7910/DVN/WFFAO9,A98_10027.jpg,4831080,https://dataverse.harvard.edu/api/access/datafile/4831080
doi:10.7910/DVN/FY9R1L,A98_10028.jpg,4831081,https://dataverse.harvard.edu/api/access/datafile/4831081
doi:10.7910/DVN/2MV8KW,A98_10029.jpg,4831082,https://dataverse.harvard.edu/api/access/datafile/4831082
doi:10.7910/DVN/GTYKOC,A98_10030.jpg,4831083,https://dataverse.harvard.edu/api/access/datafile/4831083
doi:10.7910/DVN/YKZNGZ,A98_10032.jpg,4831085,https://dataverse.harvard.edu/api/access/datafile/4831085
doi:10.7910/DVN/BN2SLY,A98_10033.jpg,4831086,https://dataverse.harvard.edu/api/access/datafile/4831086
doi:10.7910/DVN/KZDSWM,A98_10034.jpg,4831087,https://dataverse.harvard.edu/api/access/datafile/4831087
doi:10.7910/DVN/T0FVVR,A98_10035.jpg,4831088,https://dataverse.harvard.edu/api/access/datafile/4831088
doi:10.7910/DVN/ZCVHGK,A98_10036.jpg,4831089,https://dataverse.harvard.edu/api/access/datafile/4831089
doi:10.7910/DVN/F6DSUY,A98_10037a.jpg,4831090,https://dataverse.harvard.edu/api/access/datafile/4831090
doi:10.7910/DVN/JTXGMB,A98_10037b.jpg,4831091,https://dataverse.harvard.edu/api/access/datafile/4831091
doi:10.7910/DVN/OMUHK2,A98_10038.jpg,4831092,https://dataverse.harvard.edu/api/access/datafile/4831092
doi:10.7910/DVN/Y2QSBA,A98_10039.jpg,4831093,https://dataverse.harvard.edu/api/access/datafile/4831093
doi:10.7910/DVN/1PKNYI,A98_10040.jpg,4831094,https://dataverse.harvard.edu/api/access/datafile/4831094
doi:10.7910/DVN/HGK17V,A98_10041.jpg,4831095,https://dataverse.harvard.edu/api/access/datafile/4831095
doi:10.7910/DVN/YHCRHI,A98_10042.jpg,4831096,https://dataverse.harvard.edu/api/access/datafile/4831096
doi:10.7910/DVN/VL5QLJ,A98_10043.jpg,4831097,https://dataverse.harvard.edu/api/access/datafile/4831097
doi:10.7910/DVN/QWEJAX,A98_10044.jpg,4831098,https://dataverse.harvard.edu/api/access/datafile/4831098
doi:10.7910/DVN/VCBHLE,A98_10045.jpg,4831099,https://dataverse.harvard.edu/api/access/datafile/4831099
doi:10.7910/DVN/EKIWUT,A98_10046a.jpg,4831100,https://dataverse.harvard.edu/api/access/datafile/4831100
doi:10.7910/DVN/YN8IKP,A98_10046b.jpg,4831101,https://dataverse.harvard.edu/api/access/datafile/4831101
doi:10.7910/DVN/9DL1UH,A98_10047a.jpg,4831102,https://dataverse.harvard.edu/api/access/datafile/4831102
doi:10.7910/DVN/FWBL3H,A98_10047b.jpg,4831103,https://dataverse.harvard.edu/api/access/datafile/4831103
doi:10.7910/DVN/BNYKYU,A98_10048.jpg,4831104,https://dataverse.harvard.edu/api/access/datafile/4831104
doi:10.7910/DVN/NHBBRE,A98_10049.jpg,4831105,https://dataverse.harvard.edu/api/access/datafile/4831105
doi:10.7910/DVN/PGJIX9,A98_10050.jpg,4831106,https://dataverse.harvard.edu/api/access/datafile/4831106
doi:10.7910/DVN/XSXUKL,A98_10051.jpg,4831108,https://dataverse.harvard.edu/api/access/datafile/4831108
doi:10.7910/DVN/QXE0OV,A98_10052.jpg,4831109,https://dataverse.harvard.edu/api/access/datafile/4831109
doi:10.7910/DVN/LAPBBS,A98_10053.jpg,4831110,https://dataverse.harvard.edu/api/access/datafile/4831110
doi:10.7910/DVN/NTZRA3,A98_10054.jpg,4831111,https://dataverse.harvard.edu/api/access/datafile/4831111
doi:10.7910/DVN/2QRZO6,A98_10055.jpg,4831112,https://dataverse.harvard.edu/api/access/datafile/4831112
doi:10.7910/DVN/RU91HP,A98_10056.jpg,4831113,https://dataverse.harvard.edu/api/access/datafile/4831113
doi:10.7910/DVN/HJEUBO,A98_10057.jpg,4831114,https://dataverse.harvard.edu/api/access/datafile/4831114
doi:10.7910/DVN/I85SHJ,A98_10058.jpg,4831116,https://dataverse.harvard.edu/api/access/datafile/4831116
doi:10.7910/DVN/OOIB4V,A98_10059.jpg,4831117,https://dataverse.harvard.edu/api/access/datafile/4831117
doi:10.7910/DVN/KNTM2D,A98_10060.jpg,4831118,https://dataverse.harvard.edu/api/access/datafile/4831118
doi:10.7910/DVN/P9SJ14,A98_10061a.jpg,4831119,https://dataverse.harvard.edu/api/access/datafile/4831119
doi:10.7910/DVN/Q1SPEL,A98_10061b.jpg,4831120,https://dataverse.harvard.edu/api/access/datafile/4831120
doi:10.7910/DVN/ZQRRKF,A98_10062.jpg,4831121,https://dataverse.harvard.edu/api/access/datafile/4831121
doi:10.7910/DVN/ZH2JUJ,A98_10063.jpg,4831122,https://dataverse.harvard.edu/api/access/datafile/4831122
doi:10.7910/DVN/VWNIVK,A98_10064.jpg,4831123,https://dataverse.harvard.edu/api/access/datafile/4831123
doi:10.7910/DVN/5UZNXK,A98_10065.jpg,4831124,https://dataverse.harvard.edu/api/access/datafile/4831124
doi:10.7910/DVN/Q9BQFK,A98_10066.jpg,4831125,https://dataverse.harvard.edu/api/access/datafile/4831125
doi:10.7910/DVN/DQ4P10,A98_10067.jpg,4831126,https://dataverse.harvard.edu/api/access/datafile/4831126
doi:10.7910/DVN/EAQRB6,A98_10068.jpg,4831127,https://dataverse.harvard.edu/api/access/datafile/4831127
doi:10.7910/DVN/SIHAIU,A98_10069.jpg,4831129,https://dataverse.harvard.edu/api/access/datafile/4831129
doi:10.7910/DVN/G2MCLK,A98_10071.jpg,4831130,https://dataverse.harvard.edu/api/access/datafile/4831130
doi:10.7910/DVN/C64BEZ,A98_10072.jpg,4831131,https://dataverse.harvard.edu/api/access/datafile/4831131
doi:10.7910/DVN/S21XVO,A98_10073.jpg,4831132,https://dataverse.harvard.edu/api/access/datafile/4831132
doi:10.7910/DVN/WWEDYV,A98_10074.jpg,4831133,https://dataverse.harvard.edu/api/access/datafile/4831133
doi:10.7910/DVN/J8N1CB,A98_10075.jpg,4831134,https://dataverse.harvard.edu/api/access/datafile/4831134
doi:10.7910/DVN/IO2DZS,A98_10076.jpg,4831135,https://dataverse.harvard.edu/api/access/datafile/4831135
doi:10.7910/DVN/NLTMAR,A98_10077.jpg,4831138,https://dataverse.harvard.edu/api/access/datafile/4831138
doi:10.7910/DVN/ZY41BB,A98_10078.jpg,4831139,https://dataverse.harvard.edu/api/access/datafile/4831139
doi:10.7910/DVN/AZROSA,A98_10079.jpg,4831140,https://dataverse.harvard.edu/api/access/datafile/4831140
doi:10.7910/DVN/DE3OGW,A98_10080.jpg,4831141,https://dataverse.harvard.edu/api/access/datafile/4831141
doi:10.7910/DVN/FLXDUV,A98_10081a.jpg,4831142,https://dataverse.harvard.edu/api/access/datafile/4831142
doi:10.7910/DVN/X2MVXE,A98_10081b.jpg,4831143,https://dataverse.harvard.edu/api/access/datafile/4831143
doi:10.7910/DVN/HFIEPS,A98_10081c.jpg,4831144,https://dataverse.harvard.edu/api/access/datafile/4831144
doi:10.7910/DVN/NS9IEV,A98_10081d.jpg,4831145,https://dataverse.harvard.edu/api/access/datafile/4831145
doi:10.7910/DVN/TV0MVC,A98_10082.jpg,4831146,https://dataverse.harvard.edu/api/access/datafile/4831146
doi:10.7910/DVN/PDXDUY,A98_10083.jpg,4831147,https://dataverse.harvard.edu/api/access/datafile/4831147
doi:10.7910/DVN/OVWYLF,A98_10084.jpg,4831149,https://dataverse.harvard.edu/api/access/datafile/4831149
doi:10.7910/DVN/NX8ALI,A98_10085.jpg,4831150,https://dataverse.harvard.edu/api/access/datafile/4831150
doi:10.7910/DVN/HYKIAJ,A98_10086.jpg,4831151,https://dataverse.harvard.edu/api/access/datafile/4831151
doi:10.7910/DVN/PGWLBW,A98_10087.jpg,4831152,https://dataverse.harvard.edu/api/access/datafile/4831152
doi:10.7910/DVN/56JUDJ,A98_10088.jpg,4831153,https://dataverse.harvard.edu/api/access/datafile/4831153
doi:10.7910/DVN/UOYYF0,A98_10089.jpg,4831154,https://dataverse.harvard.edu/api/access/datafile/4831154
doi:10.7910/DVN/KC1SDW,A98_10090.jpg,4831155,https://dataverse.harvard.edu/api/access/datafile/4831155
doi:10.7910/DVN/EUAX5G,A98_10091.jpg,4831156,https://dataverse.harvard.edu/api/access/datafile/4831156
doi:10.7910/DVN/BB2GA2,A98_10092.jpg,4831157,https://dataverse.harvard.edu/api/access/datafile/4831157
doi:10.7910/DVN/NIAV4U,A98_10093.jpg,4831158,https://dataverse.harvard.edu/api/access/datafile/4831158
doi:10.7910/DVN/PGVHLY,A98_10094.jpg,4831159,https://dataverse.harvard.edu/api/access/datafile/4831159
doi:10.7910/DVN/DW4WRP,A98_10095.jpg,4831160,https://dataverse.harvard.edu/api/access/datafile/4831160
doi:10.7910/DVN/GZ29MI,A98_10096.jpg,4831161,https://dataverse.harvard.edu/api/access/datafile/4831161
doi:10.7910/DVN/BGREJC,A98_10097.jpg,4831162,https://dataverse.harvard.edu/api/access/datafile/4831162
doi:10.7910/DVN/QXB02G,A98_10098.jpg,4831163,https://dataverse.harvard.edu/api/access/datafile/4831163
doi:10.7910/DVN/3UIGRK,A98_10099a.jpg,4831165,https://dataverse.harvard.edu/api/access/datafile/4831165
doi:10.7910/DVN/3RPKZQ,A98_10099b.jpg,4831166,https://dataverse.harvard.edu/api/access/datafile/4831166
doi:10.7910/DVN/LWOXJR,A98_10100.jpg,4831167,https://dataverse.harvard.edu/api/access/datafile/4831167
doi:10.7910/DVN/PDYVGB,A98_10101.jpg,4831168,https://dataverse.harvard.edu/api/access/datafile/4831168
doi:10.7910/DVN/F7VVPE,A98_10102.jpg,4831169,https://dataverse.harvard.edu/api/access/datafile/4831169
doi:10.7910/DVN/QW1XHB,A98_10103.jpg,4831170,https://dataverse.harvard.edu/api/access/datafile/4831170
doi:10.7910/DVN/YUBL0I,A98_10104.jpg,4831171,https://dataverse.harvard.edu/api/access/datafile/4831171
doi:10.7910/DVN/NJTCRS,A98_10105a.jpg,4831172,https://dataverse.harvard.edu/api/access/datafile/4831172
doi:10.7910/DVN/PQUDVV,A98_10105b.jpg,4831173,https://dataverse.harvard.edu/api/access/datafile/4831173
doi:10.7910/DVN/NPGRZM,A98_10106.jpg,4831174,https://dataverse.harvard.edu/api/access/datafile/4831174
doi:10.7910/DVN/6BX8S7,A98_10107.jpg,4831175,https://dataverse.harvard.edu/api/access/datafile/4831175
doi:10.7910/DVN/CKZQC4,A98_10108.jpg,4831176,https://dataverse.harvard.edu/api/access/datafile/4831176
doi:10.7910/DVN/RONIQW,A98_10109.jpg,4831177,https://dataverse.harvard.edu/api/access/datafile/4831177
doi:10.7910/DVN/2RS0SM,A98_10110.jpg,4831178,https://dataverse.harvard.edu/api/access/datafile/4831178
doi:10.7910/DVN/MISK8R,A98_10111.jpg,4831179,https://dataverse.harvard.edu/api/access/datafile/4831179
doi:10.7910/DVN/BLCSVM,A98_10112.jpg,4831180,https://dataverse.harvard.edu/api/access/datafile/4831180
doi:10.7910/DVN/CYHMXG,A98_10113.jpg,4831181,https://dataverse.harvard.edu/api/access/datafile/4831181
doi:10.7910/DVN/WU7F3F,A98_10114.jpg,4831183,https://dataverse.harvard.edu/api/access/datafile/4831183
doi:10.7910/DVN/SQX88B,A98_10115.jpg,4831184,https://dataverse.harvard.edu/api/access/datafile/4831184
doi:10.7910/DVN/MQW1JP,A98_10116.jpg,4831185,https://dataverse.harvard.edu/api/access/datafile/4831185
doi:10.7910/DVN/EWENIF,A98_10117.jpg,4831186,https://dataverse.harvard.edu/api/access/datafile/4831186
doi:10.7910/DVN/OJDF0C,A98_10118.jpg,4831187,https://dataverse.harvard.edu/api/access/datafile/4831187
doi:10.7910/DVN/YJCKWI,A98_10119.jpg,4831188,https://dataverse.harvard.edu/api/access/datafile/4831188
doi:10.7910/DVN/AW5QNA,A98_10120.jpg,4831189,https://dataverse.harvard.edu/api/access/datafile/4831189
doi:10.7910/DVN/1XI89V,A98_10121.jpg,4831190,https://dataverse.harvard.edu/api/access/datafile/4831190
doi:10.7910/DVN/RNS90A,A98_10123.jpg,4831191,https://dataverse.harvard.edu/api/access/datafile/4831191
doi:10.7910/DVN/NG4ZLD,A98_10124.jpg,4831192,https://dataverse.harvard.edu/api/access/datafile/4831192
doi:10.7910/DVN/YMOWLK,A98_10125.jpg,4831193,https://dataverse.harvard.edu/api/access/datafile/4831193
doi:10.7910/DVN/Y3PAEJ,A98_10126.jpg,4831194,https://dataverse.harvard.edu/api/access/datafile/4831194
doi:10.7910/DVN/3PBIJP,A98_10127.jpg,4831195,https://dataverse.harvard.edu/api/access/datafile/4831195
doi:10.7910/DVN/CR1ZI0,A98_10128.jpg,4831196,https://dataverse.harvard.edu/api/access/datafile/4831196
doi:10.7910/DVN/NOJS4L,A98_10129.jpg,4831197,https://dataverse.harvard.edu/api/access/datafile/4831197
doi:10.7910/DVN/ZXGC43,A98_10130a.jpg,4831198,https://dataverse.harvard.edu/api/access/datafile/4831198
doi:10.7910/DVN/Z3WUOC,A98_10130b.jpg,4831199,https://dataverse.harvard.edu/api/access/datafile/4831199
doi:10.7910/DVN/ANH1NN,A98_10131.jpg,4831200,https://dataverse.harvard.edu/api/access/datafile/4831200
doi:10.7910/DVN/LCDFMU,A98_10132a.jpg,4831202,https://dataverse.harvard.edu/api/access/datafile/4831202
doi:10.7910/DVN/6IS0BG,A98_10132b.jpg,4831203,https://dataverse.harvard.edu/api/access/datafile/4831203
doi:10.7910/DVN/HXGCSY,A98_10133.jpg,4831204,https://dataverse.harvard.edu/api/access/datafile/4831204
doi:10.7910/DVN/E1IJUB,A98_10134.jpg,4831205,https://dataverse.harvard.edu/api/access/datafile/4831205
doi:10.7910/DVN/2VAZMJ,A98_10135.jpg,4831206,https://dataverse.harvard.edu/api/access/datafile/4831206
doi:10.7910/DVN/Y1CEIX,A98_10136.jpg,4831207,https://dataverse.harvard.edu/api/access/datafile/4831207
doi:10.7910/DVN/FH0LOK,A98_10137.jpg,4831208,https://dataverse.harvard.edu/api/access/datafile/4831208
doi:10.7910/DVN/MO7ZBS,A98_10138.jpg,4831209,https://dataverse.harvard.edu/api/access/datafile/4831209
doi:10.7910/DVN/DULE8M,A98_10139.jpg,4831210,https://dataverse.harvard.edu/api/access/datafile/4831210
doi:10.7910/DVN/URH7SR,A98_10140.jpg,4831211,https://dataverse.harvard.edu/api/access/datafile/4831211
doi:10.7910/DVN/JXEPEN,A98_10141.jpg,4831212,https://dataverse.harvard.edu/api/access/datafile/4831212
doi:10.7910/DVN/IMFDOW,A98_10142.jpg,4831213,https://dataverse.harvard.edu/api/access/datafile/4831213
doi:10.7910/DVN/BKSKOK,A98_10143.jpg,4831214,https://dataverse.harvard.edu/api/access/datafile/4831214
doi:10.7910/DVN/9GO9FY,A98_10144.jpg,4831215,https://dataverse.harvard.edu/api/access/datafile/4831215
doi:10.7910/DVN/XFCNKC,A98_10145.jpg,4831216,https://dataverse.harvard.edu/api/access/datafile/4831216
doi:10.7910/DVN/7OX8IE,A98_10146.jpg,4831218,https://dataverse.harvard.edu/api/access/datafile/4831218
doi:10.7910/DVN/YCEYCJ,A98_10147a.jpg,4831219,https://dataverse.harvard.edu/api/access/datafile/4831219
doi:10.7910/DVN/BSXZEW,A98_10147b.jpg,4831220,https://dataverse.harvard.edu/api/access/datafile/4831220
doi:10.7910/DVN/HGUYX1,A98_10148.jpg,4831221,https://dataverse.harvard.edu/api/access/datafile/4831221
doi:10.7910/DVN/LGQDMX,A98_10149.jpg,4831222,https://dataverse.harvard.edu/api/access/datafile/4831222
doi:10.7910/DVN/GPEXJJ,A98_10150.jpg,4831223,https://dataverse.harvard.edu/api/access/datafile/4831223
doi:10.7910/DVN/0JULPH,A98_10151.jpg,4831224,https://dataverse.harvard.edu/api/access/datafile/4831224
doi:10.7910/DVN/O9TMFE,A98_10152.jpg,4831225,https://dataverse.harvard.edu/api/access/datafile/4831225
doi:10.7910/DVN/ICEG6W,A98_10153a.jpg,4831226,https://dataverse.harvard.edu/api/access/datafile/4831226
doi:10.7910/DVN/63LRYO,A98_10153b.jpg,4831227,https://dataverse.harvard.edu/api/access/datafile/4831227
doi:10.7910/DVN/2WFEVJ,A98_10154.jpg,4831228,https://dataverse.harvard.edu/api/access/datafile/4831228
doi:10.7910/DVN/SWARN3,A98_10155.jpg,4831229,https://dataverse.harvard.edu/api/access/datafile/4831229
doi:10.7910/DVN/YX3IVT,A98_10156.jpg,4831230,https://dataverse.harvard.edu/api/access/datafile/4831230
doi:10.7910/DVN/OC7A65,A98_10157.jpg,4831231,https://dataverse.harvard.edu/api/access/datafile/4831231
doi:10.7910/DVN/PIQL04,A98_10158.jpg,4831232,https://dataverse.harvard.edu/api/access/datafile/4831232
doi:10.7910/DVN/P77JYX,A98_10160a.jpg,4831233,https://dataverse.harvard.edu/api/access/datafile/4831233
doi:10.7910/DVN/CXO3HF,A98_10160a2.jpg,4831234,https://dataverse.harvard.edu/api/access/datafile/4831234
doi:10.7910/DVN/LKXCEB,A98_10160a3.jpg,4831235,https://dataverse.harvard.edu/api/access/datafile/4831235
doi:10.7910/DVN/MRPZZS,A98_10160b.jpg,4831236,https://dataverse.harvard.edu/api/access/datafile/4831236
doi:10.7910/DVN/QEFHEP,A98_10160c1.jpg,4831237,https://dataverse.harvard.edu/api/access/datafile/4831237
doi:10.7910/DVN/BCQMCR,A98_10160c2.jpg,4831238,https://dataverse.harvard.edu/api/access/datafile/4831238
doi:10.7910/DVN/OICXGM,A98_10160c3.jpg,4831240,https://dataverse.harvard.edu/api/access/datafile/4831240
doi:10.7910/DVN/QT6JIW,A98_10160d.jpg,4831241,https://dataverse.harvard.edu/api/access/datafile/4831241
doi:10.7910/DVN/66WHUU,A98_10160e1.jpg,4831242,https://dataverse.harvard.edu/api/access/datafile/4831242
doi:10.7910/DVN/HFWTNI,A98_10160e2.jpg,4831243,https://dataverse.harvard.edu/api/access/datafile/4831243
doi:10.7910/DVN/GQIEJT,A98_10160e3.jpg,4831244,https://dataverse.harvard.edu/api/access/datafile/4831244
doi:10.7910/DVN/RSM7Y4,A98_10161.jpg,4831245,https://dataverse.harvard.edu/api/access/datafile/4831245
doi:10.7910/DVN/ONAEEB,A98_10162.jpg,4831246,https://dataverse.harvard.edu/api/access/datafile/4831246
doi:10.7910/DVN/3W4U62,A98_10163.jpg,4831247,https://dataverse.harvard.edu/api/access/datafile/4831247
doi:10.7910/DVN/HI299K,A98_10164.jpg,4831248,https://dataverse.harvard.edu/api/access/datafile/4831248
doi:10.7910/DVN/FF44LT,A98_10165.jpg,4831249,https://dataverse.harvard.edu/api/access/datafile/4831249
doi:10.7910/DVN/1NNNVD,A98_10166.jpg,4831250,https://dataverse.harvard.edu/api/access/datafile/4831250
doi:10.7910/DVN/ITG54Q,A98_10167.jpg,4831251,https://dataverse.harvard.edu/api/access/datafile/4831251
doi:10.7910/DVN/ZGXQHF,A98_10168.jpg,4831252,https://dataverse.harvard.edu/api/access/datafile/4831252
doi:10.7910/DVN/RFGGW8,A98_10169.jpg,4831253,https://dataverse.harvard.edu/api/access/datafile/4831253
doi:10.7910/DVN/IP13ZK,A98_10170.jpg,4831254,https://dataverse.harvard.edu/api/access/datafile/4831254
doi:10.7910/DVN/PKGOUT,A98_10171.jpg,4831255,https://dataverse.harvard.edu/api/access/datafile/4831255
doi:10.7910/DVN/AJQI3N,A98_10172.jpg,4831256,https://dataverse.harvard.edu/api/access/datafile/4831256
doi:10.7910/DVN/QBMMHQ,A98_10173.jpg,4831257,https://dataverse.harvard.edu/api/access/datafile/4831257
doi:10.7910/DVN/AEHPCZ,A98_10174.jpg,4831258,https://dataverse.harvard.edu/api/access/datafile/4831258
doi:10.7910/DVN/HNZG2B,A98_10176.jpg,4831259,https://dataverse.harvard.edu/api/access/datafile/4831259
doi:10.7910/DVN/KJQMGY,A98_10177.jpg,4831260,https://dataverse.harvard.edu/api/access/datafile/4831260
doi:10.7910/DVN/JIUCFX,A98_10178.jpg,4831261,https://dataverse.harvard.edu/api/access/datafile/4831261
doi:10.7910/DVN/U6TJDV,A98_10179.jpg,4831262,https://dataverse.harvard.edu/api/access/datafile/4831262
doi:10.7910/DVN/V6HQSY,A98_10180.jpg,4831263,https://dataverse.harvard.edu/api/access/datafile/4831263
doi:10.7910/DVN/S6HHWT,A98_10181.jpg,4831264,https://dataverse.harvard.edu/api/access/datafile/4831264
doi:10.7910/DVN/HSDSBM,A98_10181a.jpg,4831265,https://dataverse.harvard.edu/api/access/datafile/4831265
doi:10.7910/DVN/VHZGPW,A98_10181b.jpg,4831266,https://dataverse.harvard.edu/api/access/datafile/4831266
doi:10.7910/DVN/EHGBES,A98_10181c.jpg,4831267,https://dataverse.harvard.edu/api/access/datafile/4831267
doi:10.7910/DVN/2PI9SD,A98_10182.jpg,4831268,https://dataverse.harvard.edu/api/access/datafile/4831268
doi:10.7910/DVN/MFRTH7,A98_10183.jpg,4831269,https://dataverse.harvard.edu/api/access/datafile/4831269
doi:10.7910/DVN/TFNOHG,A98_10184.jpg,4831270,https://dataverse.harvard.edu/api/access/datafile/4831270
doi:10.7910/DVN/XLKULD,A98_10185a1.jpg,4831271,https://dataverse.harvard.edu/api/access/datafile/4831271
doi:10.7910/DVN/HUMNVP,A98_10185a2.jpg,4831272,https://dataverse.harvard.edu/api/access/datafile/4831272
doi:10.7910/DVN/HQ8MUS,A98_10185a3.jpg,4831273,https://dataverse.harvard.edu/api/access/datafile/4831273
doi:10.7910/DVN/PEHQB6,A98_10185b.jpg,4831274,https://dataverse.harvard.edu/api/access/datafile/4831274
doi:10.7910/DVN/RMUPGQ,A98_10186.jpg,4831275,https://dataverse.harvard.edu/api/access/datafile/4831275
doi:10.7910/DVN/0WJV5P,A98_10187.jpg,4831277,https://dataverse.harvard.edu/api/access/datafile/4831277
doi:10.7910/DVN/JF3K3N,A98_10188.jpg,4831278,https://dataverse.harvard.edu/api/access/datafile/4831278
doi:10.7910/DVN/DPDKX2,A98_10189.jpg,4831279,https://dataverse.harvard.edu/api/access/datafile/4831279
doi:10.7910/DVN/Q6F8UA,A98_10190.jpg,4831280,https://dataverse.harvard.edu/api/access/datafile/4831280
doi:10.7910/DVN/ALLBQF,A98_10191.jpg,4831281,https://dataverse.harvard.edu/api/access/datafile/4831281
doi:10.7910/DVN/PRURKA,A98_10192.jpg,4831282,https://dataverse.harvard.edu/api/access/datafile/4831282
doi:10.7910/DVN/ASTVDP,A98_10193.jpg,4831283,https://dataverse.harvard.edu/api/access/datafile/4831283
doi:10.7910/DVN/0T6MGT,A98_10194.jpg,4831284,https://dataverse.harvard.edu/api/access/datafile/4831284
doi:10.7910/DVN/BQ9KGK,A98_10195.jpg,4831285,https://dataverse.harvard.edu/api/access/datafile/4831285
doi:10.7910/DVN/CEIX4G,A98_10196a.jpg,4831286,https://dataverse.harvard.edu/api/access/datafile/4831286
doi:10.7910/DVN/ZYNSPC,A98_10196b.jpg,4831288,https://dataverse.harvard.edu/api/access/datafile/4831288
doi:10.7910/DVN/FKHNVC,A98_10196c.jpg,4831289,https://dataverse.harvard.edu/api/access/datafile/4831289
doi:10.7910/DVN/2AX40V,A98_10197.jpg,4831290,https://dataverse.harvard.edu/api/access/datafile/4831290
doi:10.7910/DVN/IHJSRW,A98_10198a.jpg,4831291,https://dataverse.harvard.edu/api/access/datafile/4831291
doi:10.7910/DVN/A5A4ET,A98_10198b.jpg,4831292,https://dataverse.harvard.edu/api/access/datafile/4831292
doi:10.7910/DVN/VGKRN3,A98_10198c.jpg,4831293,https://dataverse.harvard.edu/api/access/datafile/4831293
doi:10.7910/DVN/PHSDUV,A98_10199.jpg,4831294,https://dataverse.harvard.edu/api/access/datafile/4831294
doi:10.7910/DVN/XSJKDU,A98_10200.jpg,4831295,https://dataverse.harvard.edu/api/access/datafile/4831295
doi:10.7910/DVN/9WWWGJ,A98_10201.jpg,4831296,https://dataverse.harvard.edu/api/access/datafile/4831296
doi:10.7910/DVN/1FYOSY,A98_10202.jpg,4831297,https://dataverse.harvard.edu/api/access/datafile/4831297
doi:10.7910/DVN/2NYUOG,A98_10203.jpg,4831298,https://dataverse.harvard.edu/api/access/datafile/4831298
doi:10.7910/DVN/LU9UT1,A98_10204.jpg,4831299,https://dataverse.harvard.edu/api/access/datafile/4831299
doi:10.7910/DVN/TU7QRI,A98_10205.jpg,4831300,https://dataverse.harvard.edu/api/access/datafile/4831300
doi:10.7910/DVN/IT0PMV,A98_10206.jpg,4831301,https://dataverse.harvard.edu/api/access/datafile/4831301
doi:10.7910/DVN/V8TOZG,A98_10207a.jpg,4831302,https://dataverse.harvard.edu/api/access/datafile/4831302
doi:10.7910/DVN/YP3FPG,A98_10207b.jpg,4831303,https://dataverse.harvard.edu/api/access/datafile/4831303
doi:10.7910/DVN/LEVNSD,A98_10208.jpg,4831304,https://dataverse.harvard.edu/api/access/datafile/4831304
doi:10.7910/DVN/YM08MU,A98_10210.jpg,4831305,https://dataverse.harvard.edu/api/access/datafile/4831305
doi:10.7910/DVN/IXPZH7,A98_10211.jpg,4831306,https://dataverse.harvard.edu/api/access/datafile/4831306
doi:10.7910/DVN/TPI3PE,A98_10212.jpg,4831307,https://dataverse.harvard.edu/api/access/datafile/4831307
doi:10.7910/DVN/FCQX91,A98_10213.jpg,4831308,https://dataverse.harvard.edu/api/access/datafile/4831308
doi:10.7910/DVN/DMF4WJ,A98_10214.jpg,4831309,https://dataverse.harvard.edu/api/access/datafile/4831309
doi:10.7910/DVN/4GH1KW,A98_10215.jpg,4831311,https://dataverse.harvard.edu/api/access/datafile/4831311
doi:10.7910/DVN/MZL5TK,A98_10216.jpg,4831312,https://dataverse.harvard.edu/api/access/datafile/4831312
doi:10.7910/DVN/PCXY6O,A98_10217.jpg,4831313,https://dataverse.harvard.edu/api/access/datafile/4831313
doi:10.7910/DVN/LDH33P,A98_10218.jpg,4831314,https://dataverse.harvard.edu/api/access/datafile/4831314
doi:10.7910/DVN/O2KIDH,A98_10219.jpg,4831315,https://dataverse.harvard.edu/api/access/datafile/4831315
doi:10.7910/DVN/MEGOZF,A98_10220.jpg,4831316,https://dataverse.harvard.edu/api/access/datafile/4831316
doi:10.7910/DVN/65E4OO,A98_10221.jpg,4831317,https://dataverse.harvard.edu/api/access/datafile/4831317
doi:10.7910/DVN/QOY1VR,A98_10222.jpg,4831318,https://dataverse.harvard.edu/api/access/datafile/4831318
doi:10.7910/DVN/AIYCUP,A98_10223.jpg,4831319,https://dataverse.harvard.edu/api/access/datafile/4831319
doi:10.7910/DVN/PIXHHQ,A98_10224.jpg,4831320,https://dataverse.harvard.edu/api/access/datafile/4831320
doi:10.7910/DVN/HMIACF,A98_10225.jpg,4831321,https://dataverse.harvard.edu/api/access/datafile/4831321
doi:10.7910/DVN/WELHDP,A98_10226.jpg,4831322,https://dataverse.harvard.edu/api/access/datafile/4831322
doi:10.7910/DVN/ZFMH1F,A98_10227.jpg,4831323,https://dataverse.harvard.edu/api/access/datafile/4831323
doi:10.7910/DVN/G2YLU2,A98_10228.jpg,4831324,https://dataverse.harvard.edu/api/access/datafile/4831324
doi:10.7910/DVN/RCLTPN,A98_10229.jpg,4831325,https://dataverse.harvard.edu/api/access/datafile/4831325
doi:10.7910/DVN/NTDKNB,A98_10230.jpg,4831326,https://dataverse.harvard.edu/api/access/datafile/4831326
doi:10.7910/DVN/3KZ4N4,A98_10231.jpg,4831327,https://dataverse.harvard.edu/api/access/datafile/4831327
doi:10.7910/DVN/DLJ3PW,A98_10232.jpg,4831328,https://dataverse.harvard.edu/api/access/datafile/4831328
doi:10.7910/DVN/QLXCCK,A98_10238.jpg,4831329,https://dataverse.harvard.edu/api/access/datafile/4831329
doi:10.7910/DVN/269VZY,A98_10239.jpg,4831330,https://dataverse.harvard.edu/api/access/datafile/4831330
doi:10.7910/DVN/V5D6MX,A98_10240.jpg,4831331,https://dataverse.harvard.edu/api/access/datafile/4831331
doi:10.7910/DVN/KHYCDH,A98_10241.jpg,4831332,https://dataverse.harvard.edu/api/access/datafile/4831332
doi:10.7910/DVN/EP3IBY,A98_10242.jpg,4831333,https://dataverse.harvard.edu/api/access/datafile/4831333
doi:10.7910/DVN/WWJBBO,A98_10243.jpg,4831334,https://dataverse.harvard.edu/api/access/datafile/4831334
doi:10.7910/DVN/KMNDOX,A98_10244.jpg,4831335,https://dataverse.harvard.edu/api/access/datafile/4831335
doi:10.7910/DVN/QCS16Z,A98_10245.jpg,4831336,https://dataverse.harvard.edu/api/access/datafile/4831336
doi:10.7910/DVN/6RA5G2,A98_10246.jpg,4831337,https://dataverse.harvard.edu/api/access/datafile/4831337
doi:10.7910/DVN/G8MNVD,A98_10247.jpg,4831338,https://dataverse.harvard.edu/api/access/datafile/4831338
doi:10.7910/DVN/ZXZSZD,A98_10248.jpg,4831339,https://dataverse.harvard.edu/api/access/datafile/4831339
doi:10.7910/DVN/B6NZGT,A98_10249.jpg,4831340,https://dataverse.harvard.edu/api/access/datafile/4831340
doi:10.7910/DVN/IMDL44,A98_10250.jpg,4831341,https://dataverse.harvard.edu/api/access/datafile/4831341
doi:10.7910/DVN/CLZ1XG,A98_10251.jpg,4831342,https://dataverse.harvard.edu/api/access/datafile/4831342
doi:10.7910/DVN/AYIPE6,A98_10252.jpg,4831343,https://dataverse.harvard.edu/api/access/datafile/4831343
doi:10.7910/DVN/BVUS0X,A98_10253.jpg,4831344,https://dataverse.harvard.edu/api/access/datafile/4831344
doi:10.7910/DVN/UW6TAF,A98_10254.jpg,4831345,https://dataverse.harvard.edu/api/access/datafile/4831345
doi:10.7910/DVN/SM2S64,A98_10255a.jpg,4831346,https://dataverse.harvard.edu/api/access/datafile/4831346
doi:10.7910/DVN/PHHBLK,A98_10255c.jpg,4831347,https://dataverse.harvard.edu/api/access/datafile/4831347
doi:10.7910/DVN/TRGVSY,A98_10256.jpg,4831348,https://dataverse.harvard.edu/api/access/datafile/4831348
doi:10.7910/DVN/9EOQR7,A98_10257a.jpg,4831349,https://dataverse.harvard.edu/api/access/datafile/4831349
doi:10.7910/DVN/RDINGH,A98_10257b.jpg,4831350,https://dataverse.harvard.edu/api/access/datafile/4831350
doi:10.7910/DVN/U774LF,A98_10258.jpg,4831352,https://dataverse.harvard.edu/api/access/datafile/4831352
doi:10.7910/DVN/GIQVJF,A98_10259.jpg,4831353,https://dataverse.harvard.edu/api/access/datafile/4831353
doi:10.7910/DVN/OQQ6VC,A98_10260.jpg,4831354,https://dataverse.harvard.edu/api/access/datafile/4831354
doi:10.7910/DVN/HGFDUV,A98_10261.jpg,4831355,https://dataverse.harvard.edu/api/access/datafile/4831355
doi:10.7910/DVN/8Q8LN7,A98_10262.jpg,4831356,https://dataverse.harvard.edu/api/access/datafile/4831356
doi:10.7910/DVN/E6YG8A,A98_10263.jpg,4831357,https://dataverse.harvard.edu/api/access/datafile/4831357
doi:10.7910/DVN/POAVWJ,A98_10265.jpg,4831358,https://dataverse.harvard.edu/api/access/datafile/4831358
doi:10.7910/DVN/2JEEVJ,A98_10266.jpg,4831359,https://dataverse.harvard.edu/api/access/datafile/4831359
doi:10.7910/DVN/FHSG11,A98_10267.jpg,4831360,https://dataverse.harvard.edu/api/access/datafile/4831360
doi:10.7910/DVN/8ZY6KR,A98_10268.jpg,4831361,https://dataverse.harvard.edu/api/access/datafile/4831361
doi:10.7910/DVN/YTLNK6,A98_10269.jpg,4831362,https://dataverse.harvard.edu/api/access/datafile/4831362
doi:10.7910/DVN/XWWNUD,A98_10271.jpg,4831363,https://dataverse.harvard.edu/api/access/datafile/4831363
doi:10.7910/DVN/5V4CLV,A98_10272.jpg,4831364,https://dataverse.harvard.edu/api/access/datafile/4831364
doi:10.7910/DVN/YJS6IR,A98_10273.jpg,4831365,https://dataverse.harvard.edu/api/access/datafile/4831365
doi:10.7910/DVN/DW6DNT,A98_10274.jpg,4831366,https://dataverse.harvard.edu/api/access/datafile/4831366
doi:10.7910/DVN/FNFBJU,A98_10275.jpg,4831367,https://dataverse.harvard.edu/api/access/datafile/4831367
doi:10.7910/DVN/Y0QRTV,A98_10276.jpg,4831368,https://dataverse.harvard.edu/api/access/datafile/4831368
doi:10.7910/DVN/SY85FH,A98_10278a.jpg,4831369,https://dataverse.harvard.edu/api/access/datafile/4831369
doi:10.7910/DVN/VA6UME,A98_10278b.jpg,4831370,https://dataverse.harvard.edu/api/access/datafile/4831370
doi:10.7910/DVN/TMYHQO,A98_10279.jpg,4831371,https://dataverse.harvard.edu/api/access/datafile/4831371
doi:10.7910/DVN/INBXDH,A98_10281a.jpg,4831372,https://dataverse.harvard.edu/api/access/datafile/4831372
doi:10.7910/DVN/0DIU1Q,A98_10281b.jpg,4831373,https://dataverse.harvard.edu/api/access/datafile/4831373
doi:10.7910/DVN/FIGUUI,A98_10281c.jpg,4831374,https://dataverse.harvard.edu/api/access/datafile/4831374
doi:10.7910/DVN/YKADBW,A98_10281d.jpg,4831375,https://dataverse.harvard.edu/api/access/datafile/4831375
doi:10.7910/DVN/HH0A9H,A98_10282a.jpg,4831376,https://dataverse.harvard.edu/api/access/datafile/4831376
doi:10.7910/DVN/UGPWXI,A98_10282b.jpg,4831377,https://dataverse.harvard.edu/api/access/datafile/4831377
doi:10.7910/DVN/HHIGD2,A98_10282c.jpg,4831378,https://dataverse.harvard.edu/api/access/datafile/4831378
doi:10.7910/DVN/AH12J5,A98_10283.jpg,4831379,https://dataverse.harvard.edu/api/access/datafile/4831379
doi:10.7910/DVN/MONTUN,A98_10284.jpg,4831380,https://dataverse.harvard.edu/api/access/datafile/4831380
doi:10.7910/DVN/2FXGJH,A98_10285.jpg,4831381,https://dataverse.harvard.edu/api/access/datafile/4831381
doi:10.7910/DVN/3FBW9C,A98_10286.jpg,4831382,https://dataverse.harvard.edu/api/access/datafile/4831382
doi:10.7910/DVN/NRN305,A98_10287.jpg,4831383,https://dataverse.harvard.edu/api/access/datafile/4831383
doi:10.7910/DVN/1WWUHR,A98_10288.jpg,4831384,https://dataverse.harvard.edu/api/access/datafile/4831384
doi:10.7910/DVN/H40R8L,A98_10289.jpg,4831385,https://dataverse.harvard.edu/api/access/datafile/4831385
doi:10.7910/DVN/KNEU1E,A98_10298.jpg,4831386,https://dataverse.harvard.edu/api/access/datafile/4831386
doi:10.7910/DVN/QLFZUX,A98_10299.jpg,4831387,https://dataverse.harvard.edu/api/access/datafile/4831387
doi:10.7910/DVN/K5XIJN,A98_10300.jpg,4831388,https://dataverse.harvard.edu/api/access/datafile/4831388
doi:10.7910/DVN/AS4IB7,A98_10301.jpg,4831389,https://dataverse.harvard.edu/api/access/datafile/4831389
doi:10.7910/DVN/HVWTCH,A98_10302.jpg,4831390,https://dataverse.harvard.edu/api/access/datafile/4831390
doi:10.7910/DVN/5SIYPS,A98_10303.jpg,4831391,https://dataverse.harvard.edu/api/access/datafile/4831391
doi:10.7910/DVN/QOY9ZL,A98_10304.jpg,4831393,https://dataverse.harvard.edu/api/access/datafile/4831393
doi:10.7910/DVN/1KPTEA,A98_10305.jpg,4831394,https://dataverse.harvard.edu/api/access/datafile/4831394
doi:10.7910/DVN/IKVSY7,A98_10306.jpg,4831395,https://dataverse.harvard.edu/api/access/datafile/4831395
doi:10.7910/DVN/RSKYRV,A98_10307.jpg,4831396,https://dataverse.harvard.edu/api/access/datafile/4831396
doi:10.7910/DVN/DZFGQZ,A98_10309.jpg,4831397,https://dataverse.harvard.edu/api/access/datafile/4831397
doi:10.7910/DVN/JMUKVW,A98_10310.jpg,4831398,https://dataverse.harvard.edu/api/access/datafile/4831398
doi:10.7910/DVN/JJTCHS,A98_10311.jpg,4831399,https://dataverse.harvard.edu/api/access/datafile/4831399
doi:10.7910/DVN/3EAVUT,A98_10312.jpg,4831400,https://dataverse.harvard.edu/api/access/datafile/4831400
doi:10.7910/DVN/R2LTC6,A98_10314a.jpg,4831401,https://dataverse.harvard.edu/api/access/datafile/4831401
doi:10.7910/DVN/CRPJNI,A98_10315.jpg,4831402,https://dataverse.harvard.edu/api/access/datafile/4831402
doi:10.7910/DVN/YSYC8G,A98_10316.jpg,4831403,https://dataverse.harvard.edu/api/access/datafile/4831403
doi:10.7910/DVN/T6AOYM,A98_10317.jpg,4831404,https://dataverse.harvard.edu/api/access/datafile/4831404
doi:10.7910/DVN/LZGYOI,A98_10318.jpg,4831405,https://dataverse.harvard.edu/api/access/datafile/4831405
doi:10.7910/DVN/3BF4EU,A98_10319.jpg,4831406,https://dataverse.harvard.edu/api/access/datafile/4831406
doi:10.7910/DVN/3YZ04I,A98_10320.jpg,4831407,https://dataverse.harvard.edu/api/access/datafile/4831407
doi:10.7910/DVN/33DZ4G,A98_10321.jpg,4831408,https://dataverse.harvard.edu/api/access/datafile/4831408
doi:10.7910/DVN/MXG0PR,A98_10322.jpg,4831409,https://dataverse.harvard.edu/api/access/datafile/4831409
doi:10.7910/DVN/RII2WM,A98_10323.jpg,4831410,https://dataverse.harvard.edu/api/access/datafile/4831410
doi:10.7910/DVN/9STH53,A98_10324.jpg,4831411,https://dataverse.harvard.edu/api/access/datafile/4831411
doi:10.7910/DVN/JQ7TQO,A98_10325.jpg,4831412,https://dataverse.harvard.edu/api/access/datafile/4831412
doi:10.7910/DVN/COMRGM,A98_10326.jpg,4831413,https://dataverse.harvard.edu/api/access/datafile/4831413
doi:10.7910/DVN/MF3ZLB,A98_10327.jpg,4831414,https://dataverse.harvard.edu/api/access/datafile/4831414
doi:10.7910/DVN/5DR75F,A98_10328.jpg,4831415,https://dataverse.harvard.edu/api/access/datafile/4831415
doi:10.7910/DVN/GXFIKR,A98_10329.jpg,4831416,https://dataverse.harvard.edu/api/access/datafile/4831416
doi:10.7910/DVN/AHTFS0,A98_10330.jpg,4831417,https://dataverse.harvard.edu/api/access/datafile/4831417
doi:10.7910/DVN/BGG4FH,A98_10331.jpg,4831418,https://dataverse.harvard.edu/api/access/datafile/4831418
doi:10.7910/DVN/JCN9JV,A98_10332.jpg,4831419,https://dataverse.harvard.edu/api/access/datafile/4831419
doi:10.7910/DVN/5CHYJA,A98_10333.jpg,4831420,https://dataverse.harvard.edu/api/access/datafile/4831420
doi:10.7910/DVN/RXZHTK,A98_10334.jpg,4831421,https://dataverse.harvard.edu/api/access/datafile/4831421
doi:10.7910/DVN/JVWQWB,A98_10335.jpg,4831422,https://dataverse.harvard.edu/api/access/datafile/4831422
doi:10.7910/DVN/CEHWOI,A98_10336.jpg,4831423,https://dataverse.harvard.edu/api/access/datafile/4831423
doi:10.7910/DVN/NNMC1R,A98_10337.jpg,4831424,https://dataverse.harvard.edu/api/access/datafile/4831424
doi:10.7910/DVN/DD3CJD,A98_10338.jpg,4831425,https://dataverse.harvard.edu/api/access/datafile/4831425
doi:10.7910/DVN/KYUBXX,A98_10339.jpg,4831426,https://dataverse.harvard.edu/api/access/datafile/4831426
doi:10.7910/DVN/MC8STH,A98_10340.jpg,4831427,https://dataverse.harvard.edu/api/access/datafile/4831427
doi:10.7910/DVN/P8W6WO,A98_10341.jpg,4831428,https://dataverse.harvard.edu/api/access/datafile/4831428
doi:10.7910/DVN/0H6NE6,A98_10342.jpg,4831429,https://dataverse.harvard.edu/api/access/datafile/4831429
doi:10.7910/DVN/YVQPQA,A98_10343.jpg,4831430,https://dataverse.harvard.edu/api/access/datafile/4831430
doi:10.7910/DVN/AZTB8G,A98_10344.jpg,4831431,https://dataverse.harvard.edu/api/access/datafile/4831431
doi:10.7910/DVN/2IHMUI,A98_10345.jpg,4831432,https://dataverse.harvard.edu/api/access/datafile/4831432
doi:10.7910/DVN/DV7WGI,A98_10346.jpg,4831433,https://dataverse.harvard.edu/api/access/datafile/4831433
doi:10.7910/DVN/MICSLO,A98_10347.jpg,4831434,https://dataverse.harvard.edu/api/access/datafile/4831434
doi:10.7910/DVN/RKCTTJ,A98_10348.jpg,4831435,https://dataverse.harvard.edu/api/access/datafile/4831435
doi:10.7910/DVN/T7QSG4,A98_10348a.jpg,4831436,https://dataverse.harvard.edu/api/access/datafile/4831436
doi:10.7910/DVN/RV22LS,A98_10348b.jpg,4831437,https://dataverse.harvard.edu/api/access/datafile/4831437
doi:10.7910/DVN/VNGHEZ,A98_10348c.jpg,4831438,https://dataverse.harvard.edu/api/access/datafile/4831438
doi:10.7910/DVN/1GMDZJ,A98_10348d.jpg,4831439,https://dataverse.harvard.edu/api/access/datafile/4831439
doi:10.7910/DVN/V0RHTA,A98_10348f.jpg,4831441,https://dataverse.harvard.edu/api/access/datafile/4831441
doi:10.7910/DVN/5VPEEC,A98_10349.jpg,4831442,https://dataverse.harvard.edu/api/access/datafile/4831442
doi:10.7910/DVN/M3NYIC,A98_10350.jpg,4831443,https://dataverse.harvard.edu/api/access/datafile/4831443
doi:10.7910/DVN/Y24KVC,A98_10351.jpg,4831444,https://dataverse.harvard.edu/api/access/datafile/4831444
doi:10.7910/DVN/JATHWP,A98_10352.jpg,4831445,https://dataverse.harvard.edu/api/access/datafile/4831445
doi:10.7910/DVN/TDDTSP,A98_10353.jpg,4831446,https://dataverse.harvard.edu/api/access/datafile/4831446
doi:10.7910/DVN/X54KZ9,A98_10354.jpg,4831447,https://dataverse.harvard.edu/api/access/datafile/4831447
doi:10.7910/DVN/MS2JDV,A98_10355.jpg,4831448,https://dataverse.harvard.edu/api/access/datafile/4831448
doi:10.7910/DVN/UP62BN,A98_10356.jpg,4831449,https://dataverse.harvard.edu/api/access/datafile/4831449
doi:10.7910/DVN/ZXBEHP,A98_10357.jpg,4831450,https://dataverse.harvard.edu/api/access/datafile/4831450
doi:10.7910/DVN/VLPXDR,A98_10358.jpg,4831451,https://dataverse.harvard.edu/api/access/datafile/4831451
doi:10.7910/DVN/L9M3NR,A98_10359.jpg,4831452,https://dataverse.harvard.edu/api/access/datafile/4831452
doi:10.7910/DVN/XNL8MK,A98_10360.jpg,4831453,https://dataverse.harvard.edu/api/access/datafile/4831453
doi:10.7910/DVN/LE2CPN,A98_10361.jpg,4831454,https://dataverse.harvard.edu/api/access/datafile/4831454
doi:10.7910/DVN/JEXX27,A98_10361b.jpg,4831455,https://dataverse.harvard.edu/api/access/datafile/4831455
doi:10.7910/DVN/XD3HQK,A98_10362.jpg,4831456,https://dataverse.harvard.edu/api/access/datafile/4831456
doi:10.7910/DVN/TXKJMZ,A98_10363.jpg,4831457,https://dataverse.harvard.edu/api/access/datafile/4831457
doi:10.7910/DVN/FZ7KRG,A98_10364.jpg,4831458,https://dataverse.harvard.edu/api/access/datafile/4831458
doi:10.7910/DVN/Z894L5,A98_10365.jpg,4831459,https://dataverse.harvard.edu/api/access/datafile/4831459
doi:10.7910/DVN/HO7U1K,A98_10366.jpg,4831460,https://dataverse.harvard.edu/api/access/datafile/4831460
doi:10.7910/DVN/AHL5JV,A98_10367.jpg,4831461,https://dataverse.harvard.edu/api/access/datafile/4831461
doi:10.7910/DVN/PV2Y3Y,A98_10368.jpg,4831462,https://dataverse.harvard.edu/api/access/datafile/4831462
doi:10.7910/DVN/U9XLEN,A98_10368b.jpg,4831463,https://dataverse.harvard.edu/api/access/datafile/4831463
doi:10.7910/DVN/JUFVWE,A98_10368c.jpg,4831465,https://dataverse.harvard.edu/api/access/datafile/4831465
doi:10.7910/DVN/GYW8MJ,A98_10369.jpg,4831466,https://dataverse.harvard.edu/api/access/datafile/4831466
doi:10.7910/DVN/JZSCGA,A98_10370.jpg,4831467,https://dataverse.harvard.edu/api/access/datafile/4831467
doi:10.7910/DVN/3WFP1T,A98_10371.jpg,4831468,https://dataverse.harvard.edu/api/access/datafile/4831468
doi:10.7910/DVN/PFAF1H,A98_10372a.jpg,4831469,https://dataverse.harvard.edu/api/access/datafile/4831469
doi:10.7910/DVN/DQNZCV,A98_10373a.jpg,4831470,https://dataverse.harvard.edu/api/access/datafile/4831470
doi:10.7910/DVN/PZYMUN,A98_10374.jpg,4831471,https://dataverse.harvard.edu/api/access/datafile/4831471
doi:10.7910/DVN/UWWLEL,A98_10376.jpg,4831472,https://dataverse.harvard.edu/api/access/datafile/4831472
doi:10.7910/DVN/PTNVRO,A98_10377.jpg,4831473,https://dataverse.harvard.edu/api/access/datafile/4831473
doi:10.7910/DVN/XM5IDR,A98_10378.jpg,4831474,https://dataverse.harvard.edu/api/access/datafile/4831474
doi:10.7910/DVN/UNMPUS,A98_10379.jpg,4831475,https://dataverse.harvard.edu/api/access/datafile/4831475
doi:10.7910/DVN/JJ2I1S,A98_10380.jpg,4831476,https://dataverse.harvard.edu/api/access/datafile/4831476
doi:10.7910/DVN/NIB48S,A98_10381.jpg,4831477,https://dataverse.harvard.edu/api/access/datafile/4831477
doi:10.7910/DVN/AUXTXT,A98_10382.jpg,4831478,https://dataverse.harvard.edu/api/access/datafile/4831478
doi:10.7910/DVN/WXX1RO,A98_10383.jpg,4831479,https://dataverse.harvard.edu/api/access/datafile/4831479
doi:10.7910/DVN/DEZ5GV,A98_10384.jpg,4831480,https://dataverse.harvard.edu/api/access/datafile/4831480
doi:10.7910/DVN/QEVQRI,A98_10385.jpg,4831481,https://dataverse.harvard.edu/api/access/datafile/4831481
doi:10.7910/DVN/KTIKAV,A98_10386.jpg,4831482,https://dataverse.harvard.edu/api/access/datafile/4831482
doi:10.7910/DVN/LORQNN,A98_10387.jpg,4831483,https://dataverse.harvard.edu/api/access/datafile/4831483
doi:10.7910/DVN/8LS6I3,A98_10388.jpg,4831484,https://dataverse.harvard.edu/api/access/datafile/4831484
doi:10.7910/DVN/AO77F9,A98_10389.jpg,4831485,https://dataverse.harvard.edu/api/access/datafile/4831485
doi:10.7910/DVN/KNLQFD,A98_10390.jpg,4831486,https://dataverse.harvard.edu/api/access/datafile/4831486
doi:10.7910/DVN/DGF1FA,A98_10391.jpg,4831487,https://dataverse.harvard.edu/api/access/datafile/4831487
doi:10.7910/DVN/RFHWTU,A98_10392.jpg,4831488,https://dataverse.harvard.edu/api/access/datafile/4831488
doi:10.7910/DVN/HFLSMS,A98_10393.jpg,4831489,https://dataverse.harvard.edu/api/access/datafile/4831489
doi:10.7910/DVN/LJD4ZO,A98_10394.jpg,4831490,https://dataverse.harvard.edu/api/access/datafile/4831490
doi:10.7910/DVN/AGWWK5,A98_10395.jpg,4831491,https://dataverse.harvard.edu/api/access/datafile/4831491
doi:10.7910/DVN/MPMYIQ,A98_10396.jpg,4831492,https://dataverse.harvard.edu/api/access/datafile/4831492
doi:10.7910/DVN/EGVYFN,A98_10397.jpg,4831493,https://dataverse.harvard.edu/api/access/datafile/4831493
doi:10.7910/DVN/1S4YEG,A98_10398.jpg,4831494,https://dataverse.harvard.edu/api/access/datafile/4831494
doi:10.7910/DVN/YHASAT,A98_10399.jpg,4831495,https://dataverse.harvard.edu/api/access/datafile/4831495
doi:10.7910/DVN/AVWJQB,A98_10400.jpg,4831496,https://dataverse.harvard.edu/api/access/datafile/4831496
doi:10.7910/DVN/WNUVWM,A98_10401.jpg,4831497,https://dataverse.harvard.edu/api/access/datafile/4831497
doi:10.7910/DVN/DHJIGS,A98_10402.jpg,4831498,https://dataverse.harvard.edu/api/access/datafile/4831498
doi:10.7910/DVN/GUFF8H,A98_10403.jpg,4831499,https://dataverse.harvard.edu/api/access/datafile/4831499
doi:10.7910/DVN/Y68XQ4,A98_10404.jpg,4831500,https://dataverse.harvard.edu/api/access/datafile/4831500
doi:10.7910/DVN/H9MAMU,A98_10405.jpg,4831501,https://dataverse.harvard.edu/api/access/datafile/4831501
doi:10.7910/DVN/P6VZBM,A98_10406.jpg,4831502,https://dataverse.harvard.edu/api/access/datafile/4831502
doi:10.7910/DVN/617OPP,A98_10407.jpg,4831503,https://dataverse.harvard.edu/api/access/datafile/4831503
doi:10.7910/DVN/DYHFEV,A98_10408.jpg,4831504,https://dataverse.harvard.edu/api/access/datafile/4831504
doi:10.7910/DVN/BWB2JU,A98_10409.jpg,4831505,https://dataverse.harvard.edu/api/access/datafile/4831505
doi:10.7910/DVN/WB0TPD,A98_10410.jpg,4831506,https://dataverse.harvard.edu/api/access/datafile/4831506
doi:10.7910/DVN/XSH98P,A98_10411.jpg,4831507,https://dataverse.harvard.edu/api/access/datafile/4831507
doi:10.7910/DVN/SHUFZN,A98_10412.jpg,4831508,https://dataverse.harvard.edu/api/access/datafile/4831508
doi:10.7910/DVN/XFVXVI,A98_10413.jpg,4831509,https://dataverse.harvard.edu/api/access/datafile/4831509
doi:10.7910/DVN/EKMLZO,A98_10414.jpg,4831510,https://dataverse.harvard.edu/api/access/datafile/4831510
doi:10.7910/DVN/6UJITB,A98_10415.jpg,4831512,https://dataverse.harvard.edu/api/access/datafile/4831512
doi:10.7910/DVN/TEHXTP,A98_10416.jpg,4831513,https://dataverse.harvard.edu/api/access/datafile/4831513
doi:10.7910/DVN/YZNYZ2,A98_10417.jpg,4831514,https://dataverse.harvard.edu/api/access/datafile/4831514
doi:10.7910/DVN/WTM87N,A98_10418.jpg,4831515,https://dataverse.harvard.edu/api/access/datafile/4831515
doi:10.7910/DVN/RFSAY9,A98_10419.jpg,4831516,https://dataverse.harvard.edu/api/access/datafile/4831516
doi:10.7910/DVN/GSAEGJ,A98_10420.jpg,4831517,https://dataverse.harvard.edu/api/access/datafile/4831517
doi:10.7910/DVN/SGPTXG,A98_10421.jpg,4831518,https://dataverse.harvard.edu/api/access/datafile/4831518
doi:10.7910/DVN/UQVYKK,A98_10422.jpg,4831519,https://dataverse.harvard.edu/api/access/datafile/4831519
doi:10.7910/DVN/2CZH06,A98_10423.jpg,4831520,https://dataverse.harvard.edu/api/access/datafile/4831520
doi:10.7910/DVN/IYQ1AK,A98_10424.jpg,4831521,https://dataverse.harvard.edu/api/access/datafile/4831521
doi:10.7910/DVN/DJQXMU,A98_10425.jpg,4831522,https://dataverse.harvard.edu/api/access/datafile/4831522
doi:10.7910/DVN/SVFFC9,A98_10426.jpg,4831523,https://dataverse.harvard.edu/api/access/datafile/4831523
doi:10.7910/DVN/GZ1EQL,A98_10427.jpg,4831524,https://dataverse.harvard.edu/api/access/datafile/4831524
doi:10.7910/DVN/CSK7VT,A98_10428.jpg,4831525,https://dataverse.harvard.edu/api/access/datafile/4831525
doi:10.7910/DVN/YQQDTK,A98_10429.jpg,4831526,https://dataverse.harvard.edu/api/access/datafile/4831526
doi:10.7910/DVN/ZQAL0R,A98_10430.jpg,4831527,https://dataverse.harvard.edu/api/access/datafile/4831527
doi:10.7910/DVN/8HWTCG,A98_10431.jpg,4831528,https://dataverse.harvard.edu/api/access/datafile/4831528
doi:10.7910/DVN/YUNNT1,A98_10432.jpg,4831529,https://dataverse.harvard.edu/api/access/datafile/4831529
doi:10.7910/DVN/CKVGBG,A98_10433.jpg,4831530,https://dataverse.harvard.edu/api/access/datafile/4831530
doi:10.7910/DVN/HKPPNI,A98_10434.jpg,4831531,https://dataverse.harvard.edu/api/access/datafile/4831531
doi:10.7910/DVN/LQ741A,A98_10435.jpg,4831532,https://dataverse.harvard.edu/api/access/datafile/4831532
doi:10.7910/DVN/GPXYJ4,A98_10436.jpg,4831533,https://dataverse.harvard.edu/api/access/datafile/4831533
doi:10.7910/DVN/XAOETK,A98_10437.jpg,4831534,https://dataverse.harvard.edu/api/access/datafile/4831534
doi:10.7910/DVN/YDGK4R,A98_10438.jpg,4831535,https://dataverse.harvard.edu/api/access/datafile/4831535
doi:10.7910/DVN/GULZ0M,A98_10439.jpg,4831536,https://dataverse.harvard.edu/api/access/datafile/4831536
doi:10.7910/DVN/FYT6J3,A98_10440.jpg,4831537,https://dataverse.harvard.edu/api/access/datafile/4831537
doi:10.7910/DVN/MUW7Q4,A98_10441.jpg,4831538,https://dataverse.harvard.edu/api/access/datafile/4831538
doi:10.7910/DVN/NKN6RW,A98_10442.jpg,4831539,https://dataverse.harvard.edu/api/access/datafile/4831539
doi:10.7910/DVN/DHUJM2,A98_10443.jpg,4831540,https://dataverse.harvard.edu/api/access/datafile/4831540
doi:10.7910/DVN/EQ9LLT,A98_10444.jpg,4831541,https://dataverse.harvard.edu/api/access/datafile/4831541
doi:10.7910/DVN/DA1AGR,A98_10445.jpg,4831542,https://dataverse.harvard.edu/api/access/datafile/4831542
doi:10.7910/DVN/EFJBO0,A98_10446.jpg,4831544,https://dataverse.harvard.edu/api/access/datafile/4831544
doi:10.7910/DVN/UTEXWR,A98_10447.jpg,4831545,https://dataverse.harvard.edu/api/access/datafile/4831545
doi:10.7910/DVN/7K2XMU,A98_10448.jpg,4831546,https://dataverse.harvard.edu/api/access/datafile/4831546
doi:10.7910/DVN/8RADFX,A98_10449.jpg,4831547,https://dataverse.harvard.edu/api/access/datafile/4831547
doi:10.7910/DVN/QFQCBS,A98_10450.jpg,4831548,https://dataverse.harvard.edu/api/access/datafile/4831548
doi:10.7910/DVN/ZOA1DM,A98_10451a.jpg,4831549,https://dataverse.harvard.edu/api/access/datafile/4831549
doi:10.7910/DVN/ERDDU4,A98_10451b.jpg,4831550,https://dataverse.harvard.edu/api/access/datafile/4831550
doi:10.7910/DVN/XPJZJN,A98_10452a.jpg,4831551,https://dataverse.harvard.edu/api/access/datafile/4831551
doi:10.7910/DVN/YOKQVK,A98_10452b.jpg,4831552,https://dataverse.harvard.edu/api/access/datafile/4831552
doi:10.7910/DVN/DSOKQI,A98_10455.jpg,4831553,https://dataverse.harvard.edu/api/access/datafile/4831553
doi:10.7910/DVN/PAIZWZ,A98_10456.jpg,4831554,https://dataverse.harvard.edu/api/access/datafile/4831554
doi:10.7910/DVN/IYS9LW,A98_10457.jpg,4831555,https://dataverse.harvard.edu/api/access/datafile/4831555
doi:10.7910/DVN/HKYVMR,A98_10458.jpg,4831556,https://dataverse.harvard.edu/api/access/datafile/4831556
doi:10.7910/DVN/ONH6D3,A98_10459.jpg,4831557,https://dataverse.harvard.edu/api/access/datafile/4831557
doi:10.7910/DVN/KMOCDD,A98_10459a.jpg,4831558,https://dataverse.harvard.edu/api/access/datafile/4831558
doi:10.7910/DVN/SXK1RB,A98_10460.jpg,4831559,https://dataverse.harvard.edu/api/access/datafile/4831559
doi:10.7910/DVN/BWPEVU,A98_10461.jpg,4831560,https://dataverse.harvard.edu/api/access/datafile/4831560
doi:10.7910/DVN/KZDM98,A98_10462.jpg,4831561,https://dataverse.harvard.edu/api/access/datafile/4831561
doi:10.7910/DVN/Q7WFJG,A98_10463.jpg,4831562,https://dataverse.harvard.edu/api/access/datafile/4831562
doi:10.7910/DVN/VSDXMU,A98_10464.jpg,4831563,https://dataverse.harvard.edu/api/access/datafile/4831563
doi:10.7910/DVN/PLNTUL,A98_10465.jpg,4831564,https://dataverse.harvard.edu/api/access/datafile/4831564
doi:10.7910/DVN/249FJO,A98_10466.jpg,4831565,https://dataverse.harvard.edu/api/access/datafile/4831565
doi:10.7910/DVN/FFKKKY,A98_10467.jpg,4831566,https://dataverse.harvard.edu/api/access/datafile/4831566
doi:10.7910/DVN/PHNEH3,A98_10468.jpg,4831567,https://dataverse.harvard.edu/api/access/datafile/4831567
doi:10.7910/DVN/ODCXD2,A98_10469.jpg,4831568,https://dataverse.harvard.edu/api/access/datafile/4831568
doi:10.7910/DVN/PB1KZK,A98_10470.jpg,4831569,https://dataverse.harvard.edu/api/access/datafile/4831569
doi:10.7910/DVN/PILEH6,A98_10471.jpg,4831570,https://dataverse.harvard.edu/api/access/datafile/4831570
doi:10.7910/DVN/4AHIWD,A98_10472.jpg,4831571,https://dataverse.harvard.edu/api/access/datafile/4831571
doi:10.7910/DVN/RAV9SZ,A98_10473.jpg,4831572,https://dataverse.harvard.edu/api/access/datafile/4831572
doi:10.7910/DVN/DRCZU3,A98_10479.jpg,4831573,https://dataverse.harvard.edu/api/access/datafile/4831573
doi:10.7910/DVN/PO0I5T,A98_10480.jpg,4831574,https://dataverse.harvard.edu/api/access/datafile/4831574
doi:10.7910/DVN/UGSDYG,A98_10481.jpg,4831575,https://dataverse.harvard.edu/api/access/datafile/4831575
doi:10.7910/DVN/TUUEVP,A98_10482.jpg,4831576,https://dataverse.harvard.edu/api/access/datafile/4831576
doi:10.7910/DVN/SWNCXS,A98_10483.jpg,4831577,https://dataverse.harvard.edu/api/access/datafile/4831577
doi:10.7910/DVN/FIQWZN,A98_10484.jpg,4831578,https://dataverse.harvard.edu/api/access/datafile/4831578
doi:10.7910/DVN/EGTBXW,A98_10485.jpg,4831579,https://dataverse.harvard.edu/api/access/datafile/4831579
doi:10.7910/DVN/LV2QGK,A98_10486.jpg,4831581,https://dataverse.harvard.edu/api/access/datafile/4831581
doi:10.7910/DVN/BRTZWO,A98_10487.jpg,4831582,https://dataverse.harvard.edu/api/access/datafile/4831582
doi:10.7910/DVN/KJQCTZ,A98_10488.jpg,4831583,https://dataverse.harvard.edu/api/access/datafile/4831583
doi:10.7910/DVN/KUO2PO,A98_10489.jpg,4831584,https://dataverse.harvard.edu/api/access/datafile/4831584
doi:10.7910/DVN/VZYA0J,A98_10490.jpg,4831585,https://dataverse.harvard.edu/api/access/datafile/4831585
doi:10.7910/DVN/U17QG8,A98_10491.jpg,4831586,https://dataverse.harvard.edu/api/access/datafile/4831586
doi:10.7910/DVN/RNJZ5O,A98_10492.jpg,4831587,https://dataverse.harvard.edu/api/access/datafile/4831587
doi:10.7910/DVN/YTRRUT,A98_10493.jpg,4831588,https://dataverse.harvard.edu/api/access/datafile/4831588
doi:10.7910/DVN/ZN6PXU,A98_10494.jpg,4831589,https://dataverse.harvard.edu/api/access/datafile/4831589
doi:10.7910/DVN/HHFZCC,A98_10495.jpg,4831590,https://dataverse.harvard.edu/api/access/datafile/4831590
doi:10.7910/DVN/QVSKTN,A98_10496.jpg,4831591,https://dataverse.harvard.edu/api/access/datafile/4831591
doi:10.7910/DVN/WXT7RT,A98_10497.jpg,4831592,https://dataverse.harvard.edu/api/access/datafile/4831592
doi:10.7910/DVN/GQ4OYA,A98_10498.jpg,4831593,https://dataverse.harvard.edu/api/access/datafile/4831593
doi:10.7910/DVN/BQFSK3,A98_10499.jpg,4831594,https://dataverse.harvard.edu/api/access/datafile/4831594
doi:10.7910/DVN/BS4GAR,A98_10500.jpg,4831595,https://dataverse.harvard.edu/api/access/datafile/4831595
doi:10.7910/DVN/4XCGOB,A98_10501.jpg,4831596,https://dataverse.harvard.edu/api/access/datafile/4831596
doi:10.7910/DVN/FCENWL,A98_10502.jpg,4831597,https://dataverse.harvard.edu/api/access/datafile/4831597
doi:10.7910/DVN/4WP6Q9,A98_10503.jpg,4831598,https://dataverse.harvard.edu/api/access/datafile/4831598
doi:10.7910/DVN/TKNVFA,A98_10504.jpg,4831599,https://dataverse.harvard.edu/api/access/datafile/4831599
doi:10.7910/DVN/REHGFN,A98_10505a.jpg,4831600,https://dataverse.harvard.edu/api/access/datafile/4831600
doi:10.7910/DVN/OMW0NP,A98_10505b.jpg,4831601,https://dataverse.harvard.edu/api/access/datafile/4831601
doi:10.7910/DVN/JTYIP6,A98_10506.jpg,4831602,https://dataverse.harvard.edu/api/access/datafile/4831602
doi:10.7910/DVN/KYAIRA,A98_10507.jpg,4831604,https://dataverse.harvard.edu/api/access/datafile/4831604
doi:10.7910/DVN/8XWH9T,A98_10508.jpg,4831605,https://dataverse.harvard.edu/api/access/datafile/4831605
doi:10.7910/DVN/OSDLPA,A98_10509.jpg,4831606,https://dataverse.harvard.edu/api/access/datafile/4831606
doi:10.7910/DVN/FQBHY9,A98_10510.jpg,4831607,https://dataverse.harvard.edu/api/access/datafile/4831607
doi:10.7910/DVN/SSJZMZ,A98_10511.jpg,4831608,https://dataverse.harvard.edu/api/access/datafile/4831608
doi:10.7910/DVN/OQA1DU,A98_10512.jpg,4831609,https://dataverse.harvard.edu/api/access/datafile/4831609
doi:10.7910/DVN/4JKHW3,A98_10514.jpg,4831610,https://dataverse.harvard.edu/api/access/datafile/4831610
doi:10.7910/DVN/CNTEQB,A98_10515.jpg,4831611,https://dataverse.harvard.edu/api/access/datafile/4831611
doi:10.7910/DVN/JNXSYR,A98_10516.jpg,4831612,https://dataverse.harvard.edu/api/access/datafile/4831612
doi:10.7910/DVN/O6P5RO,A98_10517.jpg,4831613,https://dataverse.harvard.edu/api/access/datafile/4831613
doi:10.7910/DVN/SBANL3,A98_10599.jpg,4831614,https://dataverse.harvard.edu/api/access/datafile/4831614
doi:10.7910/DVN/FGAVAO,A98_11000.jpg,4831615,https://dataverse.harvard.edu/api/access/datafile/4831615
doi:10.7910/DVN/U0GX3B,A98_11001.jpg,4831616,https://dataverse.harvard.edu/api/access/datafile/4831616
doi:10.7910/DVN/CE2N7E,A98_11002a.jpg,4831617,https://dataverse.harvard.edu/api/access/datafile/4831617
doi:10.7910/DVN/GKKRYA,A98_11002b.jpg,4831618,https://dataverse.harvard.edu/api/access/datafile/4831618
doi:10.7910/DVN/UKJ25B,A98_11003a.jpg,4831619,https://dataverse.harvard.edu/api/access/datafile/4831619
doi:10.7910/DVN/QCKC4L,A98_11004a.jpg,4831620,https://dataverse.harvard.edu/api/access/datafile/4831620
doi:10.7910/DVN/CFCOUX,A98_11004b.jpg,4831621,https://dataverse.harvard.edu/api/access/datafile/4831621
doi:10.7910/DVN/0QKVAD,A98_11005.jpg,4831622,https://dataverse.harvard.edu/api/access/datafile/4831622
doi:10.7910/DVN/8GZVMB,A98_11006.jpg,4831623,https://dataverse.harvard.edu/api/access/datafile/4831623
doi:10.7910/DVN/GDNSDP,A98_11007.jpg,4831625,https://dataverse.harvard.edu/api/access/datafile/4831625
doi:10.7910/DVN/LVGA6Q,A98_11008.jpg,4831626,https://dataverse.harvard.edu/api/access/datafile/4831626
doi:10.7910/DVN/BURZKM,A98_11009.jpg,4831627,https://dataverse.harvard.edu/api/access/datafile/4831627
doi:10.7910/DVN/BKKUNH,A98_11010a.jpg,4831628,https://dataverse.harvard.edu/api/access/datafile/4831628
doi:10.7910/DVN/YAYMDV,A98_11010b.jpg,4831629,https://dataverse.harvard.edu/api/access/datafile/4831629
doi:10.7910/DVN/SFYRLC,A98_11011a.jpg,4831630,https://dataverse.harvard.edu/api/access/datafile/4831630
doi:10.7910/DVN/ANX4MC,A98_11011b.jpg,4831631,https://dataverse.harvard.edu/api/access/datafile/4831631
doi:10.7910/DVN/TEXJU8,A98_11012a.jpg,4831632,https://dataverse.harvard.edu/api/access/datafile/4831632
doi:10.7910/DVN/W4NSLS,A98_11012b.jpg,4831633,https://dataverse.harvard.edu/api/access/datafile/4831633
doi:10.7910/DVN/HCCH9T,A98_11013a.jpg,4831634,https://dataverse.harvard.edu/api/access/datafile/4831634
doi:10.7910/DVN/AHAHRS,A98_11013b.jpg,4831635,https://dataverse.harvard.edu/api/access/datafile/4831635
doi:10.7910/DVN/1LPKRJ,A98_11013c.jpg,4831636,https://dataverse.harvard.edu/api/access/datafile/4831636
doi:10.7910/DVN/YUSM9B,A98_11013d.jpg,4831637,https://dataverse.harvard.edu/api/access/datafile/4831637
doi:10.7910/DVN/0TJTNL,A98_11013e.jpg,4831638,https://dataverse.harvard.edu/api/access/datafile/4831638
doi:10.7910/DVN/1RPUTF,A98_11013f.jpg,4831639,https://dataverse.harvard.edu/api/access/datafile/4831639
doi:10.7910/DVN/CXGPFD,A98_11013g.jpg,4831640,https://dataverse.harvard.edu/api/access/datafile/4831640
doi:10.7910/DVN/NCEYHB,A98_11013h.jpg,4831641,https://dataverse.harvard.edu/api/access/datafile/4831641
doi:10.7910/DVN/KBTNRH,A98_11013i.jpg,4831642,https://dataverse.harvard.edu/api/access/datafile/4831642
doi:10.7910/DVN/DOKDEK,A98_11013j.jpg,4831643,https://dataverse.harvard.edu/api/access/datafile/4831643
doi:10.7910/DVN/NJUZS3,A98_11013k.jpg,4831644,https://dataverse.harvard.edu/api/access/datafile/4831644
doi:10.7910/DVN/JJKDP1,A98_11013l.jpg,4831645,https://dataverse.harvard.edu/api/access/datafile/4831645
doi:10.7910/DVN/PQC6ZA,A98_11013m.jpg,4831646,https://dataverse.harvard.edu/api/access/datafile/4831646
doi:10.7910/DVN/OFEQHS,A98_11014.jpg,4831647,https://dataverse.harvard.edu/api/access/datafile/4831647
doi:10.7910/DVN/1CEGCJ,A98_11015.jpg,4831648,https://dataverse.harvard.edu/api/access/datafile/4831648
doi:10.7910/DVN/33XRDB,A98_11016.jpg,4831649,https://dataverse.harvard.edu/api/access/datafile/4831649
doi:10.7910/DVN/SLAQ3I,A98_11017.jpg,4831650,https://dataverse.harvard.edu/api/access/datafile/4831650
doi:10.7910/DVN/K24MIV,A98_11018.jpg,4831651,https://dataverse.harvard.edu/api/access/datafile/4831651
doi:10.7910/DVN/4FQSQ5,A98_11019.jpg,4831652,https://dataverse.harvard.edu/api/access/datafile/4831652
doi:10.7910/DVN/ZEZZSV,A98_11020.jpg,4831654,https://dataverse.harvard.edu/api/access/datafile/4831654
doi:10.7910/DVN/IEWYAL,A98_11021.jpg,4831655,https://dataverse.harvard.edu/api/access/datafile/4831655
doi:10.7910/DVN/8NES4C,A98_11022.jpg,4831656,https://dataverse.harvard.edu/api/access/datafile/4831656
doi:10.7910/DVN/KCUQBN,A98_11023.jpg,4831657,https://dataverse.harvard.edu/api/access/datafile/4831657
doi:10.7910/DVN/ZBZRUG,A98_11024.jpg,4831658,https://dataverse.harvard.edu/api/access/datafile/4831658
doi:10.7910/DVN/AN47DM,A98_11025.jpg,4831659,https://dataverse.harvard.edu/api/access/datafile/4831659
doi:10.7910/DVN/63DHJ0,A98_11026.jpg,4831660,https://dataverse.harvard.edu/api/access/datafile/4831660
doi:10.7910/DVN/AN1GIY,A98_11027a.jpg,4831661,https://dataverse.harvard.edu/api/access/datafile/4831661
doi:10.7910/DVN/TT3JNR,A98_11027b.jpg,4831662,https://dataverse.harvard.edu/api/access/datafile/4831662
doi:10.7910/DVN/KARY32,A98_11028.jpg,4831663,https://dataverse.harvard.edu/api/access/datafile/4831663
doi:10.7910/DVN/LWR2AV,A98_11029.jpg,4831664,https://dataverse.harvard.edu/api/access/datafile/4831664
doi:10.7910/DVN/AXRYIT,A98_9400.jpg,4831665,https://dataverse.harvard.edu/api/access/datafile/4831665
doi:10.7910/DVN/UAREA5,A98_9401.jpg,4831666,https://dataverse.harvard.edu/api/access/datafile/4831666
doi:10.7910/DVN/WYC7LA,A98_9403.jpg,4831667,https://dataverse.harvard.edu/api/access/datafile/4831667
doi:10.7910/DVN/OTHZVS,A98_9404.jpg,4831668,https://dataverse.harvard.edu/api/access/datafile/4831668
doi:10.7910/DVN/DOLNN4,A98_9405a.jpg,4831669,https://dataverse.harvard.edu/api/access/datafile/4831669
doi:10.7910/DVN/RYJV0F,A98_9405b.jpg,4831670,https://dataverse.harvard.edu/api/access/datafile/4831670
doi:10.7910/DVN/OZTBQY,A98_9406.jpg,4831671,https://dataverse.harvard.edu/api/access/datafile/4831671
doi:10.7910/DVN/NH4VKA,A98_9407.jpg,4831672,https://dataverse.harvard.edu/api/access/datafile/4831672
doi:10.7910/DVN/HRAMIU,A98_9408.jpg,4831673,https://dataverse.harvard.edu/api/access/datafile/4831673
doi:10.7910/DVN/4CP2NW,A98_9409.jpg,4831674,https://dataverse.harvard.edu/api/access/datafile/4831674
doi:10.7910/DVN/J5SLEO,A98_9410.jpg,4831675,https://dataverse.harvard.edu/api/access/datafile/4831675
doi:10.7910/DVN/MI89BR,A98_9411.jpg,4831676,https://dataverse.harvard.edu/api/access/datafile/4831676
doi:10.7910/DVN/ROWLIJ,A98_9412b.jpg,4831677,https://dataverse.harvard.edu/api/access/datafile/4831677
doi:10.7910/DVN/XJPESS,A98_9413.jpg,4831678,https://dataverse.harvard.edu/api/access/datafile/4831678
doi:10.7910/DVN/YYWKTD,A98_9414.jpg,4831679,https://dataverse.harvard.edu/api/access/datafile/4831679
doi:10.7910/DVN/YPRO5C,A98_9415.jpg,4831680,https://dataverse.harvard.edu/api/access/datafile/4831680
doi:10.7910/DVN/XBD0BT,A98_9416.jpg,4831681,https://dataverse.harvard.edu/api/access/datafile/4831681
doi:10.7910/DVN/2EX76X,A98_9417.jpg,4831682,https://dataverse.harvard.edu/api/access/datafile/4831682
doi:10.7910/DVN/0E8WC1,A98_9418.jpg,4831683,https://dataverse.harvard.edu/api/access/datafile/4831683
doi:10.7910/DVN/1YJ7B0,A98_9420.jpg,4831684,https://dataverse.harvard.edu/api/access/datafile/4831684
doi:10.7910/DVN/VQYERE,A98_9421.jpg,4831685,https://dataverse.harvard.edu/api/access/datafile/4831685
doi:10.7910/DVN/9OZV4U,A98_9422.jpg,4831686,https://dataverse.harvard.edu/api/access/datafile/4831686
doi:10.7910/DVN/50UQKE,A98_9423.jpg,4831687,https://dataverse.harvard.edu/api/access/datafile/4831687
doi:10.7910/DVN/PJXA0D,A98_9426.jpg,4831688,https://dataverse.harvard.edu/api/access/datafile/4831688
doi:10.7910/DVN/C5XANV,A98_9427.jpg,4831689,https://dataverse.harvard.edu/api/access/datafile/4831689
doi:10.7910/DVN/G0T8YG,A98_9428.jpg,4831690,https://dataverse.harvard.edu/api/access/datafile/4831690
doi:10.7910/DVN/XJ91N4,A98_9429.jpg,4831691,https://dataverse.harvard.edu/api/access/datafile/4831691
doi:10.7910/DVN/JQVQQK,A98_9430.jpg,4831692,https://dataverse.harvard.edu/api/access/datafile/4831692
doi:10.7910/DVN/FD9L6S,A98_9431.jpg,4831694,https://dataverse.harvard.edu/api/access/datafile/4831694
doi:10.7910/DVN/AR41GJ,A98_9432.jpg,4831695,https://dataverse.harvard.edu/api/access/datafile/4831695
doi:10.7910/DVN/03FQJ6,A98_9433.jpg,4831696,https://dataverse.harvard.edu/api/access/datafile/4831696
doi:10.7910/DVN/ZGN7QB,A98_9434.jpg,4831697,https://dataverse.harvard.edu/api/access/datafile/4831697
doi:10.7910/DVN/KHJ0Z1,A98_9435.jpg,4831698,https://dataverse.harvard.edu/api/access/datafile/4831698
doi:10.7910/DVN/RIHBSR,A98_9436.jpg,4831699,https://dataverse.harvard.edu/api/access/datafile/4831699
doi:10.7910/DVN/CB5TLR,A98_9437.jpg,4831700,https://dataverse.harvard.edu/api/access/datafile/4831700
doi:10.7910/DVN/JUHLAD,A98_9438.jpg,4831701,https://dataverse.harvard.edu/api/access/datafile/4831701
doi:10.7910/DVN/AOUNS6,A98_9439.jpg,4831702,https://dataverse.harvard.edu/api/access/datafile/4831702
doi:10.7910/DVN/DZ4KGS,A98_9440.jpg,4831703,https://dataverse.harvard.edu/api/access/datafile/4831703
doi:10.7910/DVN/MRXUCX,A98_9441.jpg,4831704,https://dataverse.harvard.edu/api/access/datafile/4831704
doi:10.7910/DVN/APZVHP,A98_9442.jpg,4831705,https://dataverse.harvard.edu/api/access/datafile/4831705
doi:10.7910/DVN/KJESG3,A98_9443.jpg,4831706,https://dataverse.harvard.edu/api/access/datafile/4831706
doi:10.7910/DVN/ZQGDL9,A98_9444.jpg,4831707,https://dataverse.harvard.edu/api/access/datafile/4831707
doi:10.7910/DVN/7BIP1S,A98_9445.jpg,4831708,https://dataverse.harvard.edu/api/access/datafile/4831708
doi:10.7910/DVN/XRAO44,A98_9446.jpg,4831709,https://dataverse.harvard.edu/api/access/datafile/4831709
doi:10.7910/DVN/VODS43,A98_9446b.jpg,4831710,https://dataverse.harvard.edu/api/access/datafile/4831710
doi:10.7910/DVN/SD8CT9,A98_9447.jpg,4831711,https://dataverse.harvard.edu/api/access/datafile/4831711
doi:10.7910/DVN/JLV4BF,A98_9448.jpg,4831712,https://dataverse.harvard.edu/api/access/datafile/4831712
doi:10.7910/DVN/WR71MH,A98_9448b.jpg,4831713,https://dataverse.harvard.edu/api/access/datafile/4831713
doi:10.7910/DVN/A0DER7,A98_9449.jpg,4831714,https://dataverse.harvard.edu/api/access/datafile/4831714
doi:10.7910/DVN/HXFJCY,A98_9450.jpg,4831715,https://dataverse.harvard.edu/api/access/datafile/4831715
doi:10.7910/DVN/6MSYMP,A98_9451.jpg,4831716,https://dataverse.harvard.edu/api/access/datafile/4831716
doi:10.7910/DVN/LLP5SN,A98_9452.jpg,4831717,https://dataverse.harvard.edu/api/access/datafile/4831717
doi:10.7910/DVN/OUF3OU,A98_9453.jpg,4831718,https://dataverse.harvard.edu/api/access/datafile/4831718
doi:10.7910/DVN/G931GL,A98_9454.jpg,4831719,https://dataverse.harvard.edu/api/access/datafile/4831719
doi:10.7910/DVN/FIHS6C,A98_9455.jpg,4831720,https://dataverse.harvard.edu/api/access/datafile/4831720
doi:10.7910/DVN/VCTSQH,A98_9456.jpg,4831721,https://dataverse.harvard.edu/api/access/datafile/4831721
doi:10.7910/DVN/XYA7KP,A98_9457.jpg,4831722,https://dataverse.harvard.edu/api/access/datafile/4831722
doi:10.7910/DVN/ZBJDWA,A98_9458.jpg,4831723,https://dataverse.harvard.edu/api/access/datafile/4831723
doi:10.7910/DVN/6Y19CH,A98_9459.jpg,4831724,https://dataverse.harvard.edu/api/access/datafile/4831724
doi:10.7910/DVN/CB5UWD,A98_9460.jpg,4831725,https://dataverse.harvard.edu/api/access/datafile/4831725
doi:10.7910/DVN/7T7PZW,A98_9461.jpg,4831726,https://dataverse.harvard.edu/api/access/datafile/4831726
doi:10.7910/DVN/D4QF2Q,A98_9462.jpg,4831727,https://dataverse.harvard.edu/api/access/datafile/4831727
doi:10.7910/DVN/44JI2A,A98_9463a.jpg,4831728,https://dataverse.harvard.edu/api/access/datafile/4831728
doi:10.7910/DVN/GI8MTJ,A98_9463b.jpg,4831729,https://dataverse.harvard.edu/api/access/datafile/4831729
doi:10.7910/DVN/IDCUOZ,A98_9464.jpg,4831730,https://dataverse.harvard.edu/api/access/datafile/4831730
doi:10.7910/DVN/BUQUUA,A98_9465.jpg,4831731,https://dataverse.harvard.edu/api/access/datafile/4831731
doi:10.7910/DVN/1FXPBU,A98_9466.jpg,4831732,https://dataverse.harvard.edu/api/access/datafile/4831732
doi:10.7910/DVN/GTOEAZ,A98_9467.jpg,4831733,https://dataverse.harvard.edu/api/access/datafile/4831733
doi:10.7910/DVN/8NTJDK,A98_9468.jpg,4831734,https://dataverse.harvard.edu/api/access/datafile/4831734
doi:10.7910/DVN/JECNMG,A98_9469.jpg,4831735,https://dataverse.harvard.edu/api/access/datafile/4831735
doi:10.7910/DVN/AVQCSV,A98_9470.jpg,4831736,https://dataverse.harvard.edu/api/access/datafile/4831736
doi:10.7910/DVN/SUNZBR,A98_9471.jpg,4831737,https://dataverse.harvard.edu/api/access/datafile/4831737
doi:10.7910/DVN/BKLU2F,A98_9472.jpg,4831738,https://dataverse.harvard.edu/api/access/datafile/4831738
doi:10.7910/DVN/9VO3KZ,A98_9473.jpg,4831739,https://dataverse.harvard.edu/api/access/datafile/4831739
doi:10.7910/DVN/TV3S0K,A98_9474.jpg,4831740,https://dataverse.harvard.edu/api/access/datafile/4831740
doi:10.7910/DVN/ZD6LXB,A98_9475.jpg,4831741,https://dataverse.harvard.edu/api/access/datafile/4831741
doi:10.7910/DVN/FR7HUG,A98_9476.jpg,4831742,https://dataverse.harvard.edu/api/access/datafile/4831742
doi:10.7910/DVN/MUFWKW,A98_9477.jpg,4831743,https://dataverse.harvard.edu/api/access/datafile/4831743
doi:10.7910/DVN/4YOSB4,A98_9478.jpg,4831744,https://dataverse.harvard.edu/api/access/datafile/4831744
doi:10.7910/DVN/MSFQUM,A98_9479.jpg,4831745,https://dataverse.harvard.edu/api/access/datafile/4831745
doi:10.7910/DVN/A43Z1Y,A98_9480.jpg,4831746,https://dataverse.harvard.edu/api/access/datafile/4831746
doi:10.7910/DVN/SFLZYF,A98_9481.jpg,4831747,https://dataverse.harvard.edu/api/access/datafile/4831747
doi:10.7910/DVN/ZLRSPZ,A98_9482.jpg,4831748,https://dataverse.harvard.edu/api/access/datafile/4831748
doi:10.7910/DVN/A7NAJ3,A98_9483.jpg,4831749,https://dataverse.harvard.edu/api/access/datafile/4831749
doi:10.7910/DVN/0SDXDE,A98_9484.jpg,4831750,https://dataverse.harvard.edu/api/access/datafile/4831750
doi:10.7910/DVN/7NQRVR,A98_9485.jpg,4831752,https://dataverse.harvard.edu/api/access/datafile/4831752
doi:10.7910/DVN/YHCRHE,A98_9486.jpg,4831753,https://dataverse.harvard.edu/api/access/datafile/4831753
doi:10.7910/DVN/88OAKV,A98_9487.jpg,4831754,https://dataverse.harvard.edu/api/access/datafile/4831754
doi:10.7910/DVN/TLOJAI,A98_9488.jpg,4831755,https://dataverse.harvard.edu/api/access/datafile/4831755
doi:10.7910/DVN/VKE2MT,A98_9489.jpg,4831756,https://dataverse.harvard.edu/api/access/datafile/4831756
doi:10.7910/DVN/YOPBCQ,A98_9491.jpg,4831757,https://dataverse.harvard.edu/api/access/datafile/4831757
doi:10.7910/DVN/WP4ECS,A98_9492.jpg,4831758,https://dataverse.harvard.edu/api/access/datafile/4831758
doi:10.7910/DVN/FQPJRQ,A98_9493.jpg,4831759,https://dataverse.harvard.edu/api/access/datafile/4831759
doi:10.7910/DVN/UTOB3T,A98_9494.jpg,4831760,https://dataverse.harvard.edu/api/access/datafile/4831760
doi:10.7910/DVN/W5D8A4,A98_9495.jpg,4831761,https://dataverse.harvard.edu/api/access/datafile/4831761
doi:10.7910/DVN/YSENEP,A98_9496.jpg,4831762,https://dataverse.harvard.edu/api/access/datafile/4831762
doi:10.7910/DVN/Q9TID6,A98_9498.jpg,4831763,https://dataverse.harvard.edu/api/access/datafile/4831763
doi:10.7910/DVN/VFXMUB,A98_9499.jpg,4831764,https://dataverse.harvard.edu/api/access/datafile/4831764
doi:10.7910/DVN/3WGFZS,A98_9500.jpg,4831765,https://dataverse.harvard.edu/api/access/datafile/4831765
doi:10.7910/DVN/4ZFZDW,A98_9501.jpg,4831766,https://dataverse.harvard.edu/api/access/datafile/4831766
doi:10.7910/DVN/S3UMYD,A98_9502.jpg,4831767,https://dataverse.harvard.edu/api/access/datafile/4831767
doi:10.7910/DVN/8ULC1B,A98_9503.jpg,4831768,https://dataverse.harvard.edu/api/access/datafile/4831768
doi:10.7910/DVN/DOHW4X,A98_9504.jpg,4831769,https://dataverse.harvard.edu/api/access/datafile/4831769
doi:10.7910/DVN/PJXQTC,A98_9505.jpg,4831770,https://dataverse.harvard.edu/api/access/datafile/4831770
doi:10.7910/DVN/1D8YJI,A98_9506.jpg,4831771,https://dataverse.harvard.edu/api/access/datafile/4831771
doi:10.7910/DVN/MGOQ8Z,A98_9507a.jpg,4831772,https://dataverse.harvard.edu/api/access/datafile/4831772
doi:10.7910/DVN/REISBL,A98_9507b.jpg,4831773,https://dataverse.harvard.edu/api/access/datafile/4831773
doi:10.7910/DVN/MJDLHD,A98_9508.jpg,4831774,https://dataverse.harvard.edu/api/access/datafile/4831774
doi:10.7910/DVN/CHEREU,A98_9509a.jpg,4831775,https://dataverse.harvard.edu/api/access/datafile/4831775
doi:10.7910/DVN/ZA1CPH,A98_9509b.jpg,4831776,https://dataverse.harvard.edu/api/access/datafile/4831776
doi:10.7910/DVN/JPIF5X,A98_9509c.jpg,4831777,https://dataverse.harvard.edu/api/access/datafile/4831777
doi:10.7910/DVN/QRI2UL,A98_9510a.jpg,4831778,https://dataverse.harvard.edu/api/access/datafile/4831778
doi:10.7910/DVN/OGJZEG,A98_9510b.jpg,4831779,https://dataverse.harvard.edu/api/access/datafile/4831779
doi:10.7910/DVN/GGBULD,A98_9510c.jpg,4831780,https://dataverse.harvard.edu/api/access/datafile/4831780
doi:10.7910/DVN/JWDX6F,A98_9511.jpg,4831781,https://dataverse.harvard.edu/api/access/datafile/4831781
doi:10.7910/DVN/9NSPWH,A98_9512.jpg,4831782,https://dataverse.harvard.edu/api/access/datafile/4831782
doi:10.7910/DVN/XGYHGB,A98_9513.jpg,4831783,https://dataverse.harvard.edu/api/access/datafile/4831783
doi:10.7910/DVN/7TJWFZ,A98_9514.jpg,4831784,https://dataverse.harvard.edu/api/access/datafile/4831784
doi:10.7910/DVN/VZKM1A,A98_9516.jpg,4831785,https://dataverse.harvard.edu/api/access/datafile/4831785
doi:10.7910/DVN/L4JZL4,A98_9517a.jpg,4831786,https://dataverse.harvard.edu/api/access/datafile/4831786
doi:10.7910/DVN/P4ARF1,A98_9517b.jpg,4831787,https://dataverse.harvard.edu/api/access/datafile/4831787
doi:10.7910/DVN/QF0UYQ,A98_9517c.jpg,4831788,https://dataverse.harvard.edu/api/access/datafile/4831788
doi:10.7910/DVN/ETGPUO,A98_9517d.jpg,4831789,https://dataverse.harvard.edu/api/access/datafile/4831789
doi:10.7910/DVN/LILDEZ,A98_9518a.jpg,4831790,https://dataverse.harvard.edu/api/access/datafile/4831790
doi:10.7910/DVN/N6TCL4,A98_9518b.jpg,4831791,https://dataverse.harvard.edu/api/access/datafile/4831791
doi:10.7910/DVN/ZTU4XQ,A98_9519.jpg,4831792,https://dataverse.harvard.edu/api/access/datafile/4831792
doi:10.7910/DVN/KPMLUO,A98_9520.jpg,4831793,https://dataverse.harvard.edu/api/access/datafile/4831793
doi:10.7910/DVN/5HCEUF,A98_9521.jpg,4831795,https://dataverse.harvard.edu/api/access/datafile/4831795
doi:10.7910/DVN/FOLLSR,A98_9522.jpg,4831796,https://dataverse.harvard.edu/api/access/datafile/4831796
doi:10.7910/DVN/D2LHYG,A98_9523a.jpg,4831797,https://dataverse.harvard.edu/api/access/datafile/4831797
doi:10.7910/DVN/XE05U9,A98_9523b.jpg,4831798,https://dataverse.harvard.edu/api/access/datafile/4831798
doi:10.7910/DVN/AXLKSL,A98_9524a.jpg,4831799,https://dataverse.harvard.edu/api/access/datafile/4831799
doi:10.7910/DVN/GYYOAJ,A98_9524b.jpg,4831800,https://dataverse.harvard.edu/api/access/datafile/4831800
doi:10.7910/DVN/JE7N5X,A98_9525a.jpg,4831801,https://dataverse.harvard.edu/api/access/datafile/4831801
doi:10.7910/DVN/SZEKRN,A98_9525b.jpg,4831802,https://dataverse.harvard.edu/api/access/datafile/4831802
doi:10.7910/DVN/9UFTK6,A98_9526a.jpg,4831803,https://dataverse.harvard.edu/api/access/datafile/4831803
doi:10.7910/DVN/CKLG68,A98_9526b.jpg,4831804,https://dataverse.harvard.edu/api/access/datafile/4831804
doi:10.7910/DVN/ZHMSXD,A98_9527a.jpg,4831805,https://dataverse.harvard.edu/api/access/datafile/4831805
doi:10.7910/DVN/PCJFXJ,A98_9527b.jpg,4831806,https://dataverse.harvard.edu/api/access/datafile/4831806
doi:10.7910/DVN/CHGEHO,A98_9528.jpg,4831807,https://dataverse.harvard.edu/api/access/datafile/4831807
doi:10.7910/DVN/UENXCU,A98_9529.jpg,4831808,https://dataverse.harvard.edu/api/access/datafile/4831808
doi:10.7910/DVN/ZX3UXR,A98_9530.jpg,4831809,https://dataverse.harvard.edu/api/access/datafile/4831809
doi:10.7910/DVN/CJBHVY,A98_9531.jpg,4831810,https://dataverse.harvard.edu/api/access/datafile/4831810
doi:10.7910/DVN/HKTLJL,A98_9532.jpg,4831811,https://dataverse.harvard.edu/api/access/datafile/4831811
doi:10.7910/DVN/3LF0ST,A98_9533.jpg,4831812,https://dataverse.harvard.edu/api/access/datafile/4831812
doi:10.7910/DVN/D5A0MC,A98_9534.jpg,4831813,https://dataverse.harvard.edu/api/access/datafile/4831813
doi:10.7910/DVN/AD2M81,A98_9535.jpg,4831814,https://dataverse.harvard.edu/api/access/datafile/4831814
doi:10.7910/DVN/1P5IYS,A98_9536.jpg,4831815,https://dataverse.harvard.edu/api/access/datafile/4831815
doi:10.7910/DVN/NONTLM,A98_9537.jpg,4831816,https://dataverse.harvard.edu/api/access/datafile/4831816
doi:10.7910/DVN/97K0U6,A98_9538.jpg,4831817,https://dataverse.harvard.edu/api/access/datafile/4831817
doi:10.7910/DVN/PN74SF,A98_9539.jpg,4831818,https://dataverse.harvard.edu/api/access/datafile/4831818
doi:10.7910/DVN/FJW1C0,A98_9540a.jpg,4831819,https://dataverse.harvard.edu/api/access/datafile/4831819
doi:10.7910/DVN/TWO9HH,A98_9540b.jpg,4831820,https://dataverse.harvard.edu/api/access/datafile/4831820
doi:10.7910/DVN/6YVL9C,A98_9541.jpg,4831821,https://dataverse.harvard.edu/api/access/datafile/4831821
doi:10.7910/DVN/UJBUIR,A98_9542.jpg,4831822,https://dataverse.harvard.edu/api/access/datafile/4831822
doi:10.7910/DVN/5DAO9N,A98_9543.jpg,4831823,https://dataverse.harvard.edu/api/access/datafile/4831823
doi:10.7910/DVN/FKGDWM,A98_9544.jpg,4831824,https://dataverse.harvard.edu/api/access/datafile/4831824
doi:10.7910/DVN/XA3ADN,A98_9545.jpg,4831825,https://dataverse.harvard.edu/api/access/datafile/4831825
doi:10.7910/DVN/NN368A,A98_9547.jpg,4831826,https://dataverse.harvard.edu/api/access/datafile/4831826
doi:10.7910/DVN/TO1ZHG,A98_9548.jpg,4831827,https://dataverse.harvard.edu/api/access/datafile/4831827
doi:10.7910/DVN/SVHXL5,A98_9549.jpg,4831828,https://dataverse.harvard.edu/api/access/datafile/4831828
doi:10.7910/DVN/TPRE20,A98_9550.jpg,4831829,https://dataverse.harvard.edu/api/access/datafile/4831829
doi:10.7910/DVN/DRF3DH,A98_9551.jpg,4831831,https://dataverse.harvard.edu/api/access/datafile/4831831
doi:10.7910/DVN/GOVRKW,A98_9552.jpg,4831832,https://dataverse.harvard.edu/api/access/datafile/4831832
doi:10.7910/DVN/QSGZ7A,A98_9553.jpg,4831833,https://dataverse.harvard.edu/api/access/datafile/4831833
doi:10.7910/DVN/QSAOIL,A98_9554.jpg,4831834,https://dataverse.harvard.edu/api/access/datafile/4831834
doi:10.7910/DVN/73TWNO,A98_9555.jpg,4831835,https://dataverse.harvard.edu/api/access/datafile/4831835
doi:10.7910/DVN/YVPY6Q,A98_9556.jpg,4831836,https://dataverse.harvard.edu/api/access/datafile/4831836
doi:10.7910/DVN/KSJYMC,A98_9557.jpg,4831837,https://dataverse.harvard.edu/api/access/datafile/4831837
doi:10.7910/DVN/LJN30M,A98_9558.jpg,4831838,https://dataverse.harvard.edu/api/access/datafile/4831838
doi:10.7910/DVN/CPNY43,A98_9559.jpg,4831839,https://dataverse.harvard.edu/api/access/datafile/4831839
doi:10.7910/DVN/CCRBH2,A98_9560.jpg,4831840,https://dataverse.harvard.edu/api/access/datafile/4831840
doi:10.7910/DVN/I10PCV,A98_9561.jpg,4831841,https://dataverse.harvard.edu/api/access/datafile/4831841
doi:10.7910/DVN/KJG9SL,A98_9562.jpg,4831842,https://dataverse.harvard.edu/api/access/datafile/4831842
doi:10.7910/DVN/NSOS5M,A98_9563.jpg,4831843,https://dataverse.harvard.edu/api/access/datafile/4831843
doi:10.7910/DVN/MXKY4J,A98_9564.jpg,4831844,https://dataverse.harvard.edu/api/access/datafile/4831844
doi:10.7910/DVN/TBEMEI,A98_9565.jpg,4831845,https://dataverse.harvard.edu/api/access/datafile/4831845
doi:10.7910/DVN/I0YOQU,A98_9566.jpg,4831846,https://dataverse.harvard.edu/api/access/datafile/4831846
doi:10.7910/DVN/AFILRO,A98_9568.jpg,4831847,https://dataverse.harvard.edu/api/access/datafile/4831847
doi:10.7910/DVN/EYA7HW,A98_9568a.jpg,4831848,https://dataverse.harvard.edu/api/access/datafile/4831848
doi:10.7910/DVN/L8TWTE,A98_9568b.jpg,4831849,https://dataverse.harvard.edu/api/access/datafile/4831849
doi:10.7910/DVN/QIQXAC,A98_9569.jpg,4831850,https://dataverse.harvard.edu/api/access/datafile/4831850
doi:10.7910/DVN/TTAWGF,A98_9571.jpg,4831851,https://dataverse.harvard.edu/api/access/datafile/4831851
doi:10.7910/DVN/FWRLAV,A98_9572.jpg,4831852,https://dataverse.harvard.edu/api/access/datafile/4831852
doi:10.7910/DVN/8EFXAB,A98_9573.jpg,4831853,https://dataverse.harvard.edu/api/access/datafile/4831853
doi:10.7910/DVN/KZP2TC,A98_9574.jpg,4831854,https://dataverse.harvard.edu/api/access/datafile/4831854
doi:10.7910/DVN/AZWBPP,A98_9575.jpg,4831855,https://dataverse.harvard.edu/api/access/datafile/4831855
doi:10.7910/DVN/UM6VYR,A98_9576.jpg,4831856,https://dataverse.harvard.edu/api/access/datafile/4831856
doi:10.7910/DVN/KFXOVV,A98_9577.jpg,4831857,https://dataverse.harvard.edu/api/access/datafile/4831857
doi:10.7910/DVN/DKCNPI,A98_9578.jpg,4831858,https://dataverse.harvard.edu/api/access/datafile/4831858
doi:10.7910/DVN/SDF7AR,A98_9579.jpg,4831859,https://dataverse.harvard.edu/api/access/datafile/4831859
doi:10.7910/DVN/BOPSB8,A98_9580.jpg,4831860,https://dataverse.harvard.edu/api/access/datafile/4831860
doi:10.7910/DVN/BDMAFJ,A98_9582.jpg,4831861,https://dataverse.harvard.edu/api/access/datafile/4831861
doi:10.7910/DVN/Z67BCP,A98_9583.jpg,4831862,https://dataverse.harvard.edu/api/access/datafile/4831862
doi:10.7910/DVN/OEYUON,A98_9584.jpg,4831863,https://dataverse.harvard.edu/api/access/datafile/4831863
doi:10.7910/DVN/Y8ZOSA,A98_9585.jpg,4831864,https://dataverse.harvard.edu/api/access/datafile/4831864
doi:10.7910/DVN/GXQXJ2,A98_9586.jpg,4831865,https://dataverse.harvard.edu/api/access/datafile/4831865
doi:10.7910/DVN/5SLAZQ,A98_9587.jpg,4831866,https://dataverse.harvard.edu/api/access/datafile/4831866
doi:10.7910/DVN/94JWZT,A98_9588.jpg,4831867,https://dataverse.harvard.edu/api/access/datafile/4831867
doi:10.7910/DVN/CENPAF,A98_9589.jpg,4831868,https://dataverse.harvard.edu/api/access/datafile/4831868
doi:10.7910/DVN/NIKW38,A98_9590.jpg,4831869,https://dataverse.harvard.edu/api/access/datafile/4831869
doi:10.7910/DVN/K8VJ4K,A98_9591.jpg,4831870,https://dataverse.harvard.edu/api/access/datafile/4831870
doi:10.7910/DVN/SL0B0Q,A98_9591a.jpg,4831871,https://dataverse.harvard.edu/api/access/datafile/4831871
doi:10.7910/DVN/IFLVEY,A98_9591b.jpg,4831872,https://dataverse.harvard.edu/api/access/datafile/4831872
doi:10.7910/DVN/BI8K8S,A98_9593.jpg,4831873,https://dataverse.harvard.edu/api/access/datafile/4831873
doi:10.7910/DVN/PVDDXQ,A98_9594.jpg,4831874,https://dataverse.harvard.edu/api/access/datafile/4831874
doi:10.7910/DVN/RIKPDX,A98_9596.jpg,4831875,https://dataverse.harvard.edu/api/access/datafile/4831875
doi:10.7910/DVN/UNWN59,A98_9596a.jpg,4831876,https://dataverse.harvard.edu/api/access/datafile/4831876
doi:10.7910/DVN/AIQDKT,A98_9596b.jpg,4831878,https://dataverse.harvard.edu/api/access/datafile/4831878
doi:10.7910/DVN/4HLELV,A98_9597.jpg,4831879,https://dataverse.harvard.edu/api/access/datafile/4831879
doi:10.7910/DVN/IHHBH5,A98_9598a.jpg,4831880,https://dataverse.harvard.edu/api/access/datafile/4831880
doi:10.7910/DVN/JPLRJW,A98_9598b.jpg,4831881,https://dataverse.harvard.edu/api/access/datafile/4831881
doi:10.7910/DVN/GWAP4J,A98_9598c.jpg,4831882,https://dataverse.harvard.edu/api/access/datafile/4831882
doi:10.7910/DVN/5MXUD8,A98_9599a.jpg,4831883,https://dataverse.harvard.edu/api/access/datafile/4831883
doi:10.7910/DVN/END7FA,A98_9599b.jpg,4831884,https://dataverse.harvard.edu/api/access/datafile/4831884
doi:10.7910/DVN/V0T6MK,A98_9599c.jpg,4831885,https://dataverse.harvard.edu/api/access/datafile/4831885
doi:10.7910/DVN/BOPETD,A98_9599d.jpg,4831886,https://dataverse.harvard.edu/api/access/datafile/4831886
doi:10.7910/DVN/KZIBEP,A98_9600a.jpg,4831887,https://dataverse.harvard.edu/api/access/datafile/4831887
doi:10.7910/DVN/ZSYIY5,A98_9600b.jpg,4831888,https://dataverse.harvard.edu/api/access/datafile/4831888
doi:10.7910/DVN/K1LX54,A98_9601.jpg,4831889,https://dataverse.harvard.edu/api/access/datafile/4831889
doi:10.7910/DVN/6TR5Q7,A98_9602.jpg,4831890,https://dataverse.harvard.edu/api/access/datafile/4831890
doi:10.7910/DVN/UX1ID3,A98_9603.jpg,4831891,https://dataverse.harvard.edu/api/access/datafile/4831891
doi:10.7910/DVN/NAUXGJ,A98_9604.jpg,4831892,https://dataverse.harvard.edu/api/access/datafile/4831892
doi:10.7910/DVN/A8TT67,A98_9605.jpg,4831893,https://dataverse.harvard.edu/api/access/datafile/4831893
doi:10.7910/DVN/RCZ6RD,A98_9606.jpg,4831894,https://dataverse.harvard.edu/api/access/datafile/4831894
doi:10.7910/DVN/FWS1YC,A98_9607.jpg,4831895,https://dataverse.harvard.edu/api/access/datafile/4831895
doi:10.7910/DVN/NXNSEA,A98_9608.jpg,4831896,https://dataverse.harvard.edu/api/access/datafile/4831896
doi:10.7910/DVN/G3ANE3,A98_9609.jpg,4831897,https://dataverse.harvard.edu/api/access/datafile/4831897
doi:10.7910/DVN/A9XT1N,A98_9610.jpg,4831898,https://dataverse.harvard.edu/api/access/datafile/4831898
doi:10.7910/DVN/WKKCQN,A98_9611a.jpg,4831899,https://dataverse.harvard.edu/api/access/datafile/4831899
doi:10.7910/DVN/JYAOOA,A98_9611b.jpg,4831900,https://dataverse.harvard.edu/api/access/datafile/4831900
doi:10.7910/DVN/YWL7OC,A98_9612.jpg,4831901,https://dataverse.harvard.edu/api/access/datafile/4831901
doi:10.7910/DVN/AC3AT5,A98_9613.jpg,4831902,https://dataverse.harvard.edu/api/access/datafile/4831902
doi:10.7910/DVN/JCBCFJ,A98_9614a.jpg,4831903,https://dataverse.harvard.edu/api/access/datafile/4831903
doi:10.7910/DVN/6S96AV,A98_9614b.jpg,4831904,https://dataverse.harvard.edu/api/access/datafile/4831904
doi:10.7910/DVN/DXE9FZ,A98_9615a.jpg,4831905,https://dataverse.harvard.edu/api/access/datafile/4831905
doi:10.7910/DVN/8XTCCK,A98_9615b.jpg,4831906,https://dataverse.harvard.edu/api/access/datafile/4831906
doi:10.7910/DVN/CYONRO,A98_9616.jpg,4831907,https://dataverse.harvard.edu/api/access/datafile/4831907
doi:10.7910/DVN/RJ7PQU,A98_9617.jpg,4831908,https://dataverse.harvard.edu/api/access/datafile/4831908
doi:10.7910/DVN/YHIPDT,A98_9618.jpg,4831909,https://dataverse.harvard.edu/api/access/datafile/4831909
doi:10.7910/DVN/UOBWR6,A98_9619a.jpg,4831910,https://dataverse.harvard.edu/api/access/datafile/4831910
doi:10.7910/DVN/IJTUU1,A98_9619b.jpg,4831911,https://dataverse.harvard.edu/api/access/datafile/4831911
doi:10.7910/DVN/W36YIZ,A98_9620a.jpg,4831912,https://dataverse.harvard.edu/api/access/datafile/4831912
doi:10.7910/DVN/3Z9PJZ,A98_9620b.jpg,4831913,https://dataverse.harvard.edu/api/access/datafile/4831913
doi:10.7910/DVN/1VBMPE,A98_9621a.jpg,4831914,https://dataverse.harvard.edu/api/access/datafile/4831914
doi:10.7910/DVN/HIDFOY,A98_9621b.jpg,4831915,https://dataverse.harvard.edu/api/access/datafile/4831915
doi:10.7910/DVN/4MI3GT,A98_9622a.jpg,4831916,https://dataverse.harvard.edu/api/access/datafile/4831916
doi:10.7910/DVN/DLFAEQ,A98_9622b.jpg,4831917,https://dataverse.harvard.edu/api/access/datafile/4831917
doi:10.7910/DVN/URHGXN,A98_9623a.jpg,4831918,https://dataverse.harvard.edu/api/access/datafile/4831918
doi:10.7910/DVN/Y3F5ZF,A98_9623b.jpg,4831919,https://dataverse.harvard.edu/api/access/datafile/4831919
doi:10.7910/DVN/PKTYDE,A98_9624a.jpg,4831920,https://dataverse.harvard.edu/api/access/datafile/4831920
doi:10.7910/DVN/BLKFMR,A98_9625a.jpg,4831922,https://dataverse.harvard.edu/api/access/datafile/4831922
doi:10.7910/DVN/CY1ZKL,A98_9626.jpg,4831923,https://dataverse.harvard.edu/api/access/datafile/4831923
doi:10.7910/DVN/CMPJPH,A98_9627.jpg,4831924,https://dataverse.harvard.edu/api/access/datafile/4831924
doi:10.7910/DVN/RR8JTX,A98_9628.jpg,4831925,https://dataverse.harvard.edu/api/access/datafile/4831925
doi:10.7910/DVN/HMXRKC,A98_9629a.jpg,4831926,https://dataverse.harvard.edu/api/access/datafile/4831926
doi:10.7910/DVN/2PDBIZ,A98_9629b.jpg,4831927,https://dataverse.harvard.edu/api/access/datafile/4831927
doi:10.7910/DVN/E0POZA,A98_9630.jpg,4831928,https://dataverse.harvard.edu/api/access/datafile/4831928
doi:10.7910/DVN/Z28FQF,A98_9631.jpg,4831929,https://dataverse.harvard.edu/api/access/datafile/4831929
doi:10.7910/DVN/X5B3X1,A98_9632.jpg,4831930,https://dataverse.harvard.edu/api/access/datafile/4831930
doi:10.7910/DVN/XNUTNK,A98_9633a.jpg,4831931,https://dataverse.harvard.edu/api/access/datafile/4831931
doi:10.7910/DVN/DNI5OQ,A98_9634.jpg,4831932,https://dataverse.harvard.edu/api/access/datafile/4831932
doi:10.7910/DVN/U0Q3VV,A98_9635.jpg,4831933,https://dataverse.harvard.edu/api/access/datafile/4831933
doi:10.7910/DVN/YAR1FO,A98_9636.jpg,4831934,https://dataverse.harvard.edu/api/access/datafile/4831934
doi:10.7910/DVN/ASLTHB,A98_9637a.jpg,4831935,https://dataverse.harvard.edu/api/access/datafile/4831935
doi:10.7910/DVN/ZR0U1T,A98_9638a.jpg,4831936,https://dataverse.harvard.edu/api/access/datafile/4831936
doi:10.7910/DVN/YTJULT,A98_9638b.jpg,4831937,https://dataverse.harvard.edu/api/access/datafile/4831937
doi:10.7910/DVN/W7D0E3,A98_9639.jpg,4831938,https://dataverse.harvard.edu/api/access/datafile/4831938
doi:10.7910/DVN/0KQ5LQ,A98_9640.jpg,4831939,https://dataverse.harvard.edu/api/access/datafile/4831939
doi:10.7910/DVN/NBAAI0,A98_9641.jpg,4831940,https://dataverse.harvard.edu/api/access/datafile/4831940
doi:10.7910/DVN/KFRYUM,A98_9642a.jpg,4831941,https://dataverse.harvard.edu/api/access/datafile/4831941
doi:10.7910/DVN/IBHWLT,A98_9642b.jpg,4831942,https://dataverse.harvard.edu/api/access/datafile/4831942
doi:10.7910/DVN/H5XFS1,A98_9643.jpg,4831943,https://dataverse.harvard.edu/api/access/datafile/4831943
doi:10.7910/DVN/YG4AXP,A98_9644a.jpg,4831944,https://dataverse.harvard.edu/api/access/datafile/4831944
doi:10.7910/DVN/UIWPNL,A98_9644b.jpg,4831945,https://dataverse.harvard.edu/api/access/datafile/4831945
doi:10.7910/DVN/ZCXA47,A98_9645a.jpg,4831946,https://dataverse.harvard.edu/api/access/datafile/4831946
doi:10.7910/DVN/OU40LI,A98_9645b.jpg,4831947,https://dataverse.harvard.edu/api/access/datafile/4831947
doi:10.7910/DVN/C0YXEI,A98_9646.jpg,4831948,https://dataverse.harvard.edu/api/access/datafile/4831948
doi:10.7910/DVN/ND5ZF1,A98_9647.jpg,4831949,https://dataverse.harvard.edu/api/access/datafile/4831949
doi:10.7910/DVN/DKSIYH,A98_9648.jpg,4831950,https://dataverse.harvard.edu/api/access/datafile/4831950
doi:10.7910/DVN/EJHECG,A98_9649.jpg,4831951,https://dataverse.harvard.edu/api/access/datafile/4831951
doi:10.7910/DVN/4NW96I,A98_9650a.jpg,4831952,https://dataverse.harvard.edu/api/access/datafile/4831952
doi:10.7910/DVN/HKGVDF,A98_9650b.jpg,4831953,https://dataverse.harvard.edu/api/access/datafile/4831953
doi:10.7910/DVN/RGPUXU,A98_9650c.jpg,4831954,https://dataverse.harvard.edu/api/access/datafile/4831954
doi:10.7910/DVN/MXIUNR,A98_9651.jpg,4831955,https://dataverse.harvard.edu/api/access/datafile/4831955
doi:10.7910/DVN/EBIYWD,A98_9652.jpg,4831956,https://dataverse.harvard.edu/api/access/datafile/4831956
doi:10.7910/DVN/WXTS7Z,A98_9653.jpg,4831957,https://dataverse.harvard.edu/api/access/datafile/4831957
doi:10.7910/DVN/WMCZF8,A98_9654.jpg,4831958,https://dataverse.harvard.edu/api/access/datafile/4831958
doi:10.7910/DVN/MW1OEA,A98_9655a.jpg,4831959,https://dataverse.harvard.edu/api/access/datafile/4831959
doi:10.7910/DVN/KYK7FG,A98_9655b.jpg,4831960,https://dataverse.harvard.edu/api/access/datafile/4831960
doi:10.7910/DVN/9UWOWM,A98_9656.jpg,4831961,https://dataverse.harvard.edu/api/access/datafile/4831961
doi:10.7910/DVN/BCLM7C,A98_9657a.jpg,4831963,https://dataverse.harvard.edu/api/access/datafile/4831963
doi:10.7910/DVN/YPQ105,A98_9657b.jpg,4831964,https://dataverse.harvard.edu/api/access/datafile/4831964
doi:10.7910/DVN/TRAYRL,A98_9658.jpg,4831965,https://dataverse.harvard.edu/api/access/datafile/4831965
doi:10.7910/DVN/Y1VJQ9,A98_9659.jpg,4831966,https://dataverse.harvard.edu/api/access/datafile/4831966
doi:10.7910/DVN/P35XRQ,A98_9660.jpg,4831967,https://dataverse.harvard.edu/api/access/datafile/4831967
doi:10.7910/DVN/9V9NBL,A98_9661.jpg,4831968,https://dataverse.harvard.edu/api/access/datafile/4831968
doi:10.7910/DVN/YKFDOA,A98_9662.jpg,4831969,https://dataverse.harvard.edu/api/access/datafile/4831969
doi:10.7910/DVN/0XGJR9,A98_9663.jpg,4831970,https://dataverse.harvard.edu/api/access/datafile/4831970
doi:10.7910/DVN/650KYS,A98_9664.jpg,4831971,https://dataverse.harvard.edu/api/access/datafile/4831971
doi:10.7910/DVN/ZJOFNF,A98_9665.jpg,4831972,https://dataverse.harvard.edu/api/access/datafile/4831972
doi:10.7910/DVN/WN7GBG,A98_9666.jpg,4831973,https://dataverse.harvard.edu/api/access/datafile/4831973
doi:10.7910/DVN/ZTBS0E,A98_9668.jpg,4831974,https://dataverse.harvard.edu/api/access/datafile/4831974
doi:10.7910/DVN/BH8C3P,A98_9669.jpg,4831975,https://dataverse.harvard.edu/api/access/datafile/4831975
doi:10.7910/DVN/GOIGNI,A98_9670.jpg,4831976,https://dataverse.harvard.edu/api/access/datafile/4831976
doi:10.7910/DVN/BFIINH,A98_9672.jpg,4831977,https://dataverse.harvard.edu/api/access/datafile/4831977
doi:10.7910/DVN/GP0AEH,A98_9673.jpg,4831978,https://dataverse.harvard.edu/api/access/datafile/4831978
doi:10.7910/DVN/VZE1TI,A98_9674.jpg,4831979,https://dataverse.harvard.edu/api/access/datafile/4831979
doi:10.7910/DVN/QKBO52,A98_9675.jpg,4831980,https://dataverse.harvard.edu/api/access/datafile/4831980
doi:10.7910/DVN/MXOQFW,A98_9676.jpg,4831981,https://dataverse.harvard.edu/api/access/datafile/4831981
doi:10.7910/DVN/X09J1M,A98_9677.jpg,4831982,https://dataverse.harvard.edu/api/access/datafile/4831982
doi:10.7910/DVN/LOGWML,A98_9678.jpg,4831983,https://dataverse.harvard.edu/api/access/datafile/4831983
doi:10.7910/DVN/V4IAJ4,A98_9679.jpg,4831984,https://dataverse.harvard.edu/api/access/datafile/4831984
doi:10.7910/DVN/RMUFJA,A98_9680.jpg,4831985,https://dataverse.harvard.edu/api/access/datafile/4831985
doi:10.7910/DVN/31WOE3,A98_9681.jpg,4831986,https://dataverse.harvard.edu/api/access/datafile/4831986
doi:10.7910/DVN/ADGS3M,A98_9683.jpg,4831987,https://dataverse.harvard.edu/api/access/datafile/4831987
doi:10.7910/DVN/O7NLKX,A98_9684.jpg,4831988,https://dataverse.harvard.edu/api/access/datafile/4831988
doi:10.7910/DVN/YTZHUK,A98_9685.jpg,4831989,https://dataverse.harvard.edu/api/access/datafile/4831989
doi:10.7910/DVN/HCJWDN,A98_9686.jpg,4831990,https://dataverse.harvard.edu/api/access/datafile/4831990
doi:10.7910/DVN/A6EEBX,A98_9687.jpg,4831991,https://dataverse.harvard.edu/api/access/datafile/4831991
doi:10.7910/DVN/EE92E7,A98_9688.jpg,4831992,https://dataverse.harvard.edu/api/access/datafile/4831992
doi:10.7910/DVN/R6GEQU,A98_9689.jpg,4831993,https://dataverse.harvard.edu/api/access/datafile/4831993
doi:10.7910/DVN/LJUXI5,A98_9690.jpg,4831994,https://dataverse.harvard.edu/api/access/datafile/4831994
doi:10.7910/DVN/2Q2GPR,A98_9691.jpg,4831995,https://dataverse.harvard.edu/api/access/datafile/4831995
doi:10.7910/DVN/FVPFZF,A98_9692.jpg,4831996,https://dataverse.harvard.edu/api/access/datafile/4831996
doi:10.7910/DVN/5WTXKZ,A98_9693.jpg,4831997,https://dataverse.harvard.edu/api/access/datafile/4831997
doi:10.7910/DVN/KAYPY3,A98_9694.jpg,4831998,https://dataverse.harvard.edu/api/access/datafile/4831998
doi:10.7910/DVN/IVLVOD,A98_9695.jpg,4831999,https://dataverse.harvard.edu/api/access/datafile/4831999
doi:10.7910/DVN/GZIBQY,A98_9696.jpg,4832000,https://dataverse.harvard.edu/api/access/datafile/4832000
doi:10.7910/DVN/LFPMC7,A98_9697.jpg,4832001,https://dataverse.harvard.edu/api/access/datafile/4832001
doi:10.7910/DVN/6Y2N8D,A98_9698.jpg,4832002,https://dataverse.harvard.edu/api/access/datafile/4832002
doi:10.7910/DVN/04NCFW,A98_9699.jpg,4832003,https://dataverse.harvard.edu/api/access/datafile/4832003
doi:10.7910/DVN/EPDADE,A98_9700.jpg,4832005,https://dataverse.harvard.edu/api/access/datafile/4832005
doi:10.7910/DVN/DRFCKR,A98_9701.jpg,4832006,https://dataverse.harvard.edu/api/access/datafile/4832006
doi:10.7910/DVN/8BQKQU,A98_9702.jpg,4832007,https://dataverse.harvard.edu/api/access/datafile/4832007
doi:10.7910/DVN/YLTWBX,A98_9703.jpg,4832008,https://dataverse.harvard.edu/api/access/datafile/4832008
doi:10.7910/DVN/OBJGTN,A98_9704.jpg,4832009,https://dataverse.harvard.edu/api/access/datafile/4832009
doi:10.7910/DVN/AYDASQ,A98_9705.jpg,4832010,https://dataverse.harvard.edu/api/access/datafile/4832010
doi:10.7910/DVN/05NIGW,A98_9706.jpg,4832011,https://dataverse.harvard.edu/api/access/datafile/4832011
doi:10.7910/DVN/LXTWLN,A98_9707.jpg,4832012,https://dataverse.harvard.edu/api/access/datafile/4832012
doi:10.7910/DVN/NZ0HCP,A98_9708.jpg,4832013,https://dataverse.harvard.edu/api/access/datafile/4832013
doi:10.7910/DVN/U1Z8YY,A98_9709.jpg,4832014,https://dataverse.harvard.edu/api/access/datafile/4832014
doi:10.7910/DVN/IDBSVV,A98_9710.jpg,4832015,https://dataverse.harvard.edu/api/access/datafile/4832015
doi:10.7910/DVN/VGZMD7,A98_9711.jpg,4832016,https://dataverse.harvard.edu/api/access/datafile/4832016
doi:10.7910/DVN/4PQ7RT,A98_9712.jpg,4832017,https://dataverse.harvard.edu/api/access/datafile/4832017
doi:10.7910/DVN/WEGAH0,A98_9713.jpg,4832018,https://dataverse.harvard.edu/api/access/datafile/4832018
doi:10.7910/DVN/FLI5XP,A98_9714.jpg,4832019,https://dataverse.harvard.edu/api/access/datafile/4832019
doi:10.7910/DVN/OXVR7J,A98_9715.jpg,4832020,https://dataverse.harvard.edu/api/access/datafile/4832020
doi:10.7910/DVN/UMLLB4,A98_9716.jpg,4832021,https://dataverse.harvard.edu/api/access/datafile/4832021
doi:10.7910/DVN/BSXTYO,A98_9717.jpg,4832022,https://dataverse.harvard.edu/api/access/datafile/4832022
doi:10.7910/DVN/BGHDSA,A98_9718.jpg,4832023,https://dataverse.harvard.edu/api/access/datafile/4832023
doi:10.7910/DVN/YK18KB,A98_9719.jpg,4832024,https://dataverse.harvard.edu/api/access/datafile/4832024
doi:10.7910/DVN/NPPBHD,A98_9723.jpg,4832025,https://dataverse.harvard.edu/api/access/datafile/4832025
doi:10.7910/DVN/1V8DFV,A98_9724.jpg,4832026,https://dataverse.harvard.edu/api/access/datafile/4832026
doi:10.7910/DVN/11WZCL,A98_9725.jpg,4832027,https://dataverse.harvard.edu/api/access/datafile/4832027
doi:10.7910/DVN/1ASYYE,A98_9726.jpg,4832028,https://dataverse.harvard.edu/api/access/datafile/4832028
doi:10.7910/DVN/6JXKHZ,A98_9727.jpg,4832029,https://dataverse.harvard.edu/api/access/datafile/4832029
doi:10.7910/DVN/5YFLA1,A98_9728.jpg,4832030,https://dataverse.harvard.edu/api/access/datafile/4832030
doi:10.7910/DVN/POKWSD,A98_9729.jpg,4832031,https://dataverse.harvard.edu/api/access/datafile/4832031
doi:10.7910/DVN/R5LOYK,A98_9730.jpg,4832032,https://dataverse.harvard.edu/api/access/datafile/4832032
doi:10.7910/DVN/QOMF1N,A98_9731.jpg,4832033,https://dataverse.harvard.edu/api/access/datafile/4832033
doi:10.7910/DVN/PFULBB,A98_9732.jpg,4832034,https://dataverse.harvard.edu/api/access/datafile/4832034
doi:10.7910/DVN/M0XMA1,A98_9733.jpg,4832035,https://dataverse.harvard.edu/api/access/datafile/4832035
doi:10.7910/DVN/QA1XZ5,A98_9734.jpg,4832036,https://dataverse.harvard.edu/api/access/datafile/4832036
doi:10.7910/DVN/757FZB,A98_9735.jpg,4832037,https://dataverse.harvard.edu/api/access/datafile/4832037
doi:10.7910/DVN/7W1NC1,A98_9736a.jpg,4832038,https://dataverse.harvard.edu/api/access/datafile/4832038
doi:10.7910/DVN/FZWEVQ,A98_9736b.jpg,4832039,https://dataverse.harvard.edu/api/access/datafile/4832039
doi:10.7910/DVN/HTLSEN,A98_9737.jpg,4832040,https://dataverse.harvard.edu/api/access/datafile/4832040
doi:10.7910/DVN/CTKUT7,A98_9738a.jpg,4832041,https://dataverse.harvard.edu/api/access/datafile/4832041
doi:10.7910/DVN/TY4N3B,A98_9738b.jpg,4832042,https://dataverse.harvard.edu/api/access/datafile/4832042
doi:10.7910/DVN/IIV9AE,A98_9739.jpg,4832043,https://dataverse.harvard.edu/api/access/datafile/4832043
doi:10.7910/DVN/OTVZXS,A98_9740.jpg,4832044,https://dataverse.harvard.edu/api/access/datafile/4832044
doi:10.7910/DVN/DINCCB,A98_9741.jpg,4832045,https://dataverse.harvard.edu/api/access/datafile/4832045
doi:10.7910/DVN/TFIXMS,A98_9742.jpg,4832046,https://dataverse.harvard.edu/api/access/datafile/4832046
doi:10.7910/DVN/YBCQRB,A98_9743.jpg,4832047,https://dataverse.harvard.edu/api/access/datafile/4832047
doi:10.7910/DVN/C4E06S,A98_9744.jpg,4832048,https://dataverse.harvard.edu/api/access/datafile/4832048
doi:10.7910/DVN/F7PX4W,A98_9745.jpg,4832049,https://dataverse.harvard.edu/api/access/datafile/4832049
doi:10.7910/DVN/MOGAW4,A98_9746a.jpg,4832051,https://dataverse.harvard.edu/api/access/datafile/4832051
doi:10.7910/DVN/G6GXGB,A98_9746b.jpg,4832052,https://dataverse.harvard.edu/api/access/datafile/4832052
doi:10.7910/DVN/0EOLP7,A98_9747.jpg,4832053,https://dataverse.harvard.edu/api/access/datafile/4832053
doi:10.7910/DVN/XZZEI8,A98_9748.jpg,4832054,https://dataverse.harvard.edu/api/access/datafile/4832054
doi:10.7910/DVN/7GAVM7,A98_9749.jpg,4832055,https://dataverse.harvard.edu/api/access/datafile/4832055
doi:10.7910/DVN/52XJHC,A98_9750.jpg,4832056,https://dataverse.harvard.edu/api/access/datafile/4832056
doi:10.7910/DVN/SFUKHK,A98_9751.jpg,4832057,https://dataverse.harvard.edu/api/access/datafile/4832057
doi:10.7910/DVN/KQA72S,A98_9752.jpg,4832058,https://dataverse.harvard.edu/api/access/datafile/4832058
doi:10.7910/DVN/TRO8OW,A98_9753.jpg,4832059,https://dataverse.harvard.edu/api/access/datafile/4832059
doi:10.7910/DVN/O5DPTT,A98_9754.jpg,4832060,https://dataverse.harvard.edu/api/access/datafile/4832060
doi:10.7910/DVN/H3LLLG,A98_9755.jpg,4832061,https://dataverse.harvard.edu/api/access/datafile/4832061
doi:10.7910/DVN/XPS1A0,A98_9756.jpg,4832062,https://dataverse.harvard.edu/api/access/datafile/4832062
doi:10.7910/DVN/WWQXGR,A98_9759.jpg,4832063,https://dataverse.harvard.edu/api/access/datafile/4832063
doi:10.7910/DVN/V5AWR1,A98_9760.jpg,4832064,https://dataverse.harvard.edu/api/access/datafile/4832064
doi:10.7910/DVN/UBRVXI,A98_9761.jpg,4832065,https://dataverse.harvard.edu/api/access/datafile/4832065
doi:10.7910/DVN/BHB7CA,A98_9762.jpg,4832066,https://dataverse.harvard.edu/api/access/datafile/4832066
doi:10.7910/DVN/T56DY6,A98_9763.jpg,4832067,https://dataverse.harvard.edu/api/access/datafile/4832067
doi:10.7910/DVN/SHTYDV,A98_9764.jpg,4832068,https://dataverse.harvard.edu/api/access/datafile/4832068
doi:10.7910/DVN/R8QYVC,A98_9765.jpg,4832069,https://dataverse.harvard.edu/api/access/datafile/4832069
doi:10.7910/DVN/R5C3XP,A98_9766.jpg,4832070,https://dataverse.harvard.edu/api/access/datafile/4832070
doi:10.7910/DVN/FDW9N4,A98_9767.jpg,4832071,https://dataverse.harvard.edu/api/access/datafile/4832071
doi:10.7910/DVN/KH6LE1,A98_9768.jpg,4832072,https://dataverse.harvard.edu/api/access/datafile/4832072
doi:10.7910/DVN/AHQU6A,A98_9769.jpg,4832073,https://dataverse.harvard.edu/api/access/datafile/4832073
doi:10.7910/DVN/QMLCUB,A98_9770.jpg,4832074,https://dataverse.harvard.edu/api/access/datafile/4832074
doi:10.7910/DVN/VO2GFA,A98_9771.jpg,4832075,https://dataverse.harvard.edu/api/access/datafile/4832075
doi:10.7910/DVN/BFUWLV,A98_9772.jpg,4832076,https://dataverse.harvard.edu/api/access/datafile/4832076
doi:10.7910/DVN/N42MRW,A98_9773.jpg,4832077,https://dataverse.harvard.edu/api/access/datafile/4832077
doi:10.7910/DVN/OY3UX3,A98_9774.jpg,4832078,https://dataverse.harvard.edu/api/access/datafile/4832078
doi:10.7910/DVN/UXHX8Z,A98_9775.jpg,4832079,https://dataverse.harvard.edu/api/access/datafile/4832079
doi:10.7910/DVN/5LNDY8,A98_9776.jpg,4832080,https://dataverse.harvard.edu/api/access/datafile/4832080
doi:10.7910/DVN/BKBYLS,A98_9777.jpg,4832081,https://dataverse.harvard.edu/api/access/datafile/4832081
doi:10.7910/DVN/UCHRQG,A98_9779.jpg,4832082,https://dataverse.harvard.edu/api/access/datafile/4832082
doi:10.7910/DVN/SC5YVP,A98_9780.jpg,4832083,https://dataverse.harvard.edu/api/access/datafile/4832083
doi:10.7910/DVN/SJVSEQ,A98_9781a.jpg,4832084,https://dataverse.harvard.edu/api/access/datafile/4832084
doi:10.7910/DVN/SJ6BBT,A98_9781b.jpg,4832085,https://dataverse.harvard.edu/api/access/datafile/4832085
doi:10.7910/DVN/3SP1JL,A98_9781c.jpg,4832086,https://dataverse.harvard.edu/api/access/datafile/4832086
doi:10.7910/DVN/2GXIMU,A98_9782.jpg,4832087,https://dataverse.harvard.edu/api/access/datafile/4832087
doi:10.7910/DVN/X6B7VQ,A98_9783.jpg,4832088,https://dataverse.harvard.edu/api/access/datafile/4832088
doi:10.7910/DVN/ISWOAB,A98_9784.jpg,4832089,https://dataverse.harvard.edu/api/access/datafile/4832089
doi:10.7910/DVN/KCEWKZ,A98_9784.jpg,4832091,https://dataverse.harvard.edu/api/access/datafile/4832091
doi:10.7910/DVN/FN46GL,A98_9785.jpg,4832092,https://dataverse.harvard.edu/api/access/datafile/4832092
doi:10.7910/DVN/ZRKTC8,A98_9786.jpg,4832093,https://dataverse.harvard.edu/api/access/datafile/4832093
doi:10.7910/DVN/PQ1OJX,A98_9787a.jpg,4832094,https://dataverse.harvard.edu/api/access/datafile/4832094
doi:10.7910/DVN/UMMYTO,A98_9787b.jpg,4832095,https://dataverse.harvard.edu/api/access/datafile/4832095
doi:10.7910/DVN/F1HIBP,A98_9787c.jpg,4832096,https://dataverse.harvard.edu/api/access/datafile/4832096
doi:10.7910/DVN/DK6UQT,A98_9788.jpg,4832097,https://dataverse.harvard.edu/api/access/datafile/4832097
doi:10.7910/DVN/QJ2TIB,A98_9789.jpg,4832098,https://dataverse.harvard.edu/api/access/datafile/4832098
doi:10.7910/DVN/ZEV28K,A98_9789a.jpg,4832099,https://dataverse.harvard.edu/api/access/datafile/4832099
doi:10.7910/DVN/FSNEG5,A98_9789b.jpg,4832100,https://dataverse.harvard.edu/api/access/datafile/4832100
doi:10.7910/DVN/ZDVBLD,A98_9789c.jpg,4832101,https://dataverse.harvard.edu/api/access/datafile/4832101
doi:10.7910/DVN/JFBQYW,A98_9790a.jpg,4832102,https://dataverse.harvard.edu/api/access/datafile/4832102
doi:10.7910/DVN/QOAXNZ,A98_9790b.jpg,4832103,https://dataverse.harvard.edu/api/access/datafile/4832103
doi:10.7910/DVN/YWBA3V,A98_9790c.jpg,4832104,https://dataverse.harvard.edu/api/access/datafile/4832104
doi:10.7910/DVN/JFVWUP,A98_9791.jpg,4832105,https://dataverse.harvard.edu/api/access/datafile/4832105
doi:10.7910/DVN/N9IPVA,A98_9792.jpg,4832106,https://dataverse.harvard.edu/api/access/datafile/4832106
doi:10.7910/DVN/MY99NI,A98_9793.jpg,4832107,https://dataverse.harvard.edu/api/access/datafile/4832107
doi:10.7910/DVN/EKCTVJ,A98_9794.jpg,4832108,https://dataverse.harvard.edu/api/access/datafile/4832108
doi:10.7910/DVN/I3XDGV,A98_9795.jpg,4832109,https://dataverse.harvard.edu/api/access/datafile/4832109
doi:10.7910/DVN/ZZV1RF,A98_9796.jpg,4832110,https://dataverse.harvard.edu/api/access/datafile/4832110
doi:10.7910/DVN/PZILHY,A98_9798.jpg,4832111,https://dataverse.harvard.edu/api/access/datafile/4832111
doi:10.7910/DVN/IDEA3C,A98_9799.jpg,4832112,https://dataverse.harvard.edu/api/access/datafile/4832112
doi:10.7910/DVN/M8BQQ7,A98_9800.jpg,4832113,https://dataverse.harvard.edu/api/access/datafile/4832113
doi:10.7910/DVN/IGV79Q,A98_9801.jpg,4832114,https://dataverse.harvard.edu/api/access/datafile/4832114
doi:10.7910/DVN/7DSIL2,A98_9802.jpg,4832115,https://dataverse.harvard.edu/api/access/datafile/4832115
doi:10.7910/DVN/WATNDG,A98_9803.jpg,4832116,https://dataverse.harvard.edu/api/access/datafile/4832116
doi:10.7910/DVN/OGVFEE,A98_9805.jpg,4832117,https://dataverse.harvard.edu/api/access/datafile/4832117
doi:10.7910/DVN/2WDTQC,A98_9806.jpg,4832118,https://dataverse.harvard.edu/api/access/datafile/4832118
doi:10.7910/DVN/0HOLJB,A98_9807.jpg,4832119,https://dataverse.harvard.edu/api/access/datafile/4832119
doi:10.7910/DVN/MTBXES,A98_9808.jpg,4832120,https://dataverse.harvard.edu/api/access/datafile/4832120
doi:10.7910/DVN/1JFWYA,A98_9809.jpg,4832122,https://dataverse.harvard.edu/api/access/datafile/4832122
doi:10.7910/DVN/JKOJ38,A98_9810.jpg,4832123,https://dataverse.harvard.edu/api/access/datafile/4832123
doi:10.7910/DVN/NK5LNE,A98_9811.jpg,4832124,https://dataverse.harvard.edu/api/access/datafile/4832124
doi:10.7910/DVN/JQZTOW,A98_9812.jpg,4832125,https://dataverse.harvard.edu/api/access/datafile/4832125
doi:10.7910/DVN/DK9YNB,A98_9813.jpg,4832126,https://dataverse.harvard.edu/api/access/datafile/4832126
doi:10.7910/DVN/VHBTT2,A98_9814.jpg,4832127,https://dataverse.harvard.edu/api/access/datafile/4832127
doi:10.7910/DVN/NSP2H0,A98_9815.jpg,4832128,https://dataverse.harvard.edu/api/access/datafile/4832128
doi:10.7910/DVN/B4OSJJ,A98_9816.jpg,4832129,https://dataverse.harvard.edu/api/access/datafile/4832129
doi:10.7910/DVN/PRENKA,A98_9817.jpg,4832130,https://dataverse.harvard.edu/api/access/datafile/4832130
doi:10.7910/DVN/LCPNX4,A98_9818.jpg,4832131,https://dataverse.harvard.edu/api/access/datafile/4832131
doi:10.7910/DVN/MKCGXD,A98_9819.jpg,4832132,https://dataverse.harvard.edu/api/access/datafile/4832132
doi:10.7910/DVN/YQKWXM,A98_9820.jpg,4832133,https://dataverse.harvard.edu/api/access/datafile/4832133
doi:10.7910/DVN/EEQWLY,A98_9821.jpg,4832134,https://dataverse.harvard.edu/api/access/datafile/4832134
doi:10.7910/DVN/FETEC0,A98_9822.jpg,4832135,https://dataverse.harvard.edu/api/access/datafile/4832135
doi:10.7910/DVN/JXT5G3,A98_9823.jpg,4832136,https://dataverse.harvard.edu/api/access/datafile/4832136
doi:10.7910/DVN/1HV9HN,A98_9824.jpg,4832137,https://dataverse.harvard.edu/api/access/datafile/4832137
doi:10.7910/DVN/PUMFLL,A98_9825.jpg,4832138,https://dataverse.harvard.edu/api/access/datafile/4832138
doi:10.7910/DVN/D2YOH6,A98_9826.jpg,4832139,https://dataverse.harvard.edu/api/access/datafile/4832139
doi:10.7910/DVN/SVKPOU,A98_9827.jpg,4832140,https://dataverse.harvard.edu/api/access/datafile/4832140
doi:10.7910/DVN/BAOLPU,A98_9829.jpg,4832141,https://dataverse.harvard.edu/api/access/datafile/4832141
doi:10.7910/DVN/2U3AIJ,A98_9830.jpg,4832142,https://dataverse.harvard.edu/api/access/datafile/4832142
doi:10.7910/DVN/ZKM63A,A98_9832.jpg,4832143,https://dataverse.harvard.edu/api/access/datafile/4832143
doi:10.7910/DVN/NZXYNO,A98_9833.jpg,4832144,https://dataverse.harvard.edu/api/access/datafile/4832144
doi:10.7910/DVN/DMLSIP,A98_9834.jpg,4832145,https://dataverse.harvard.edu/api/access/datafile/4832145
doi:10.7910/DVN/OAKXNO,A98_9835.jpg,4832146,https://dataverse.harvard.edu/api/access/datafile/4832146
doi:10.7910/DVN/L7TTMQ,A98_9836.jpg,4832147,https://dataverse.harvard.edu/api/access/datafile/4832147
doi:10.7910/DVN/KY8JXW,A98_9837.jpg,4832148,https://dataverse.harvard.edu/api/access/datafile/4832148
doi:10.7910/DVN/QMRNW5,A98_9838.jpg,4832149,https://dataverse.harvard.edu/api/access/datafile/4832149
doi:10.7910/DVN/GP8OCT,A98_9839.jpg,4832150,https://dataverse.harvard.edu/api/access/datafile/4832150
doi:10.7910/DVN/GOGJKV,A98_9840.jpg,4832151,https://dataverse.harvard.edu/api/access/datafile/4832151
doi:10.7910/DVN/CZBJYD,A98_9841.jpg,4832152,https://dataverse.harvard.edu/api/access/datafile/4832152
doi:10.7910/DVN/CXUQYU,A98_9842.jpg,4832153,https://dataverse.harvard.edu/api/access/datafile/4832153
doi:10.7910/DVN/8EJKQM,A98_9843.jpg,4832154,https://dataverse.harvard.edu/api/access/datafile/4832154
doi:10.7910/DVN/PKOZRG,A98_9843a.jpg,4832155,https://dataverse.harvard.edu/api/access/datafile/4832155
doi:10.7910/DVN/GQKEUT,A98_9843a2.jpg,4832156,https://dataverse.harvard.edu/api/access/datafile/4832156
doi:10.7910/DVN/XNLSAL,A98_9843a3.jpg,4832157,https://dataverse.harvard.edu/api/access/datafile/4832157
doi:10.7910/DVN/CLNJGZ,A98_9843b.jpg,4832158,https://dataverse.harvard.edu/api/access/datafile/4832158
doi:10.7910/DVN/RQMZNU,A98_9844.jpg,4832159,https://dataverse.harvard.edu/api/access/datafile/4832159
doi:10.7910/DVN/QPPR0A,A98_9845a.jpg,4832161,https://dataverse.harvard.edu/api/access/datafile/4832161
doi:10.7910/DVN/OS8WNO,A98_9845b.jpg,4832162,https://dataverse.harvard.edu/api/access/datafile/4832162
doi:10.7910/DVN/CJXTRH,A98_9846.jpg,4832163,https://dataverse.harvard.edu/api/access/datafile/4832163
doi:10.7910/DVN/DLAXFY,A98_9847.jpg,4832164,https://dataverse.harvard.edu/api/access/datafile/4832164
doi:10.7910/DVN/LBTZSC,A98_9848.jpg,4832165,https://dataverse.harvard.edu/api/access/datafile/4832165
doi:10.7910/DVN/5T0ZAT,A98_9849.jpg,4832166,https://dataverse.harvard.edu/api/access/datafile/4832166
doi:10.7910/DVN/53FK8O,A98_9850.jpg,4832167,https://dataverse.harvard.edu/api/access/datafile/4832167
doi:10.7910/DVN/FQLGSO,A98_9851.jpg,4832168,https://dataverse.harvard.edu/api/access/datafile/4832168
doi:10.7910/DVN/FSZ3AQ,A98_9852a.jpg,4832169,https://dataverse.harvard.edu/api/access/datafile/4832169
doi:10.7910/DVN/BTABNW,A98_9852b.jpg,4832170,https://dataverse.harvard.edu/api/access/datafile/4832170
doi:10.7910/DVN/H7BV3H,A98_9853.jpg,4832171,https://dataverse.harvard.edu/api/access/datafile/4832171
doi:10.7910/DVN/5WDP4N,A98_9854.jpg,4832172,https://dataverse.harvard.edu/api/access/datafile/4832172
doi:10.7910/DVN/L7REL6,A98_9855.jpg,4832173,https://dataverse.harvard.edu/api/access/datafile/4832173
doi:10.7910/DVN/8HKDQF,A98_9856a.jpg,4832174,https://dataverse.harvard.edu/api/access/datafile/4832174
doi:10.7910/DVN/UI6PYB,A98_9856b.jpg,4832175,https://dataverse.harvard.edu/api/access/datafile/4832175
doi:10.7910/DVN/BHWMXZ,A98_9857.jpg,4832176,https://dataverse.harvard.edu/api/access/datafile/4832176
doi:10.7910/DVN/8E1RR3,A98_9858a.jpg,4832177,https://dataverse.harvard.edu/api/access/datafile/4832177
doi:10.7910/DVN/FZT7E0,A98_9858b.jpg,4832178,https://dataverse.harvard.edu/api/access/datafile/4832178
doi:10.7910/DVN/PRGDTD,A98_9859a.jpg,4832179,https://dataverse.harvard.edu/api/access/datafile/4832179
doi:10.7910/DVN/RW4M9W,A98_9859b.jpg,4832180,https://dataverse.harvard.edu/api/access/datafile/4832180
doi:10.7910/DVN/OMDIFN,A98_9860.jpg,4832181,https://dataverse.harvard.edu/api/access/datafile/4832181
doi:10.7910/DVN/Y5EZTF,A98_9861a.jpg,4832182,https://dataverse.harvard.edu/api/access/datafile/4832182
doi:10.7910/DVN/EIZHKG,A98_9861b.jpg,4832183,https://dataverse.harvard.edu/api/access/datafile/4832183
doi:10.7910/DVN/BMQDEV,A98_9862.jpg,4832184,https://dataverse.harvard.edu/api/access/datafile/4832184
doi:10.7910/DVN/HGPJ5C,A98_9863.jpg,4832185,https://dataverse.harvard.edu/api/access/datafile/4832185
doi:10.7910/DVN/6J3XCK,A98_9864.jpg,4832186,https://dataverse.harvard.edu/api/access/datafile/4832186
doi:10.7910/DVN/G0ORQ7,A98_9865.jpg,4832187,https://dataverse.harvard.edu/api/access/datafile/4832187
doi:10.7910/DVN/OW2ZUQ,A98_9866.jpg,4832188,https://dataverse.harvard.edu/api/access/datafile/4832188
doi:10.7910/DVN/7WRZOE,A98_9867.jpg,4832189,https://dataverse.harvard.edu/api/access/datafile/4832189
doi:10.7910/DVN/4CAELE,A98_9868.jpg,4832190,https://dataverse.harvard.edu/api/access/datafile/4832190
doi:10.7910/DVN/ECLX7L,A98_9869.jpg,4832191,https://dataverse.harvard.edu/api/access/datafile/4832191
doi:10.7910/DVN/AGYAPJ,A98_9870.jpg,4832192,https://dataverse.harvard.edu/api/access/datafile/4832192
doi:10.7910/DVN/0FNYTP,A98_9871.jpg,4832193,https://dataverse.harvard.edu/api/access/datafile/4832193
doi:10.7910/DVN/4QZPBD,A98_9872.jpg,4832194,https://dataverse.harvard.edu/api/access/datafile/4832194
doi:10.7910/DVN/19KRBX,A98_9873.jpg,4832195,https://dataverse.harvard.edu/api/access/datafile/4832195
doi:10.7910/DVN/ILUMW9,A98_9874.jpg,4832196,https://dataverse.harvard.edu/api/access/datafile/4832196
doi:10.7910/DVN/6MYEFT,A98_9875.jpg,4832197,https://dataverse.harvard.edu/api/access/datafile/4832197
doi:10.7910/DVN/LWYQGV,A98_9876.jpg,4832198,https://dataverse.harvard.edu/api/access/datafile/4832198
doi:10.7910/DVN/SMPKSU,A98_9877.jpg,4832200,https://dataverse.harvard.edu/api/access/datafile/4832200
doi:10.7910/DVN/GCO3TW,A98_9878.jpg,4832201,https://dataverse.harvard.edu/api/access/datafile/4832201
doi:10.7910/DVN/F2Q0KR,A98_9879.jpg,4832202,https://dataverse.harvard.edu/api/access/datafile/4832202
doi:10.7910/DVN/4WVNVP,A98_9880.jpg,4832203,https://dataverse.harvard.edu/api/access/datafile/4832203
doi:10.7910/DVN/IFPXHY,A98_9881.jpg,4832204,https://dataverse.harvard.edu/api/access/datafile/4832204
doi:10.7910/DVN/T2ZZMI,A98_9882.jpg,4832205,https://dataverse.harvard.edu/api/access/datafile/4832205
doi:10.7910/DVN/DDN3DR,A98_9883.jpg,4832206,https://dataverse.harvard.edu/api/access/datafile/4832206
doi:10.7910/DVN/IIT335,A98_9883b.jpg,4832207,https://dataverse.harvard.edu/api/access/datafile/4832207
doi:10.7910/DVN/YRGZ9F,A98_9883c.jpg,4832208,https://dataverse.harvard.edu/api/access/datafile/4832208
doi:10.7910/DVN/BSXOHI,A98_9884.jpg,4832209,https://dataverse.harvard.edu/api/access/datafile/4832209
doi:10.7910/DVN/0HE9N5,A98_9885.jpg,4832210,https://dataverse.harvard.edu/api/access/datafile/4832210
doi:10.7910/DVN/NHEEUO,A98_9886.jpg,4832211,https://dataverse.harvard.edu/api/access/datafile/4832211
doi:10.7910/DVN/89GNMZ,A98_9887.jpg,4832212,https://dataverse.harvard.edu/api/access/datafile/4832212
doi:10.7910/DVN/MJWX8P,A98_9888.jpg,4832213,https://dataverse.harvard.edu/api/access/datafile/4832213
doi:10.7910/DVN/ZJJFNZ,A98_9889.jpg,4832214,https://dataverse.harvard.edu/api/access/datafile/4832214
doi:10.7910/DVN/4KC4ZI,A98_9890.jpg,4832215,https://dataverse.harvard.edu/api/access/datafile/4832215
doi:10.7910/DVN/X05NEK,A98_9891.jpg,4832216,https://dataverse.harvard.edu/api/access/datafile/4832216
doi:10.7910/DVN/4EFOBD,A98_9892.jpg,4832217,https://dataverse.harvard.edu/api/access/datafile/4832217
doi:10.7910/DVN/CFTZFF,A98_9893.jpg,4832218,https://dataverse.harvard.edu/api/access/datafile/4832218
doi:10.7910/DVN/ERYCJ5,A98_9894.jpg,4832219,https://dataverse.harvard.edu/api/access/datafile/4832219
doi:10.7910/DVN/4WLCWU,A98_9895.jpg,4832220,https://dataverse.harvard.edu/api/access/datafile/4832220
doi:10.7910/DVN/NJS20I,A98_9896.jpg,4832221,https://dataverse.harvard.edu/api/access/datafile/4832221
doi:10.7910/DVN/MZTID8,A98_9897.jpg,4832222,https://dataverse.harvard.edu/api/access/datafile/4832222
doi:10.7910/DVN/KYD7HI,A98_9898.jpg,4832223,https://dataverse.harvard.edu/api/access/datafile/4832223
doi:10.7910/DVN/M2O63L,A98_9899.jpg,4832224,https://dataverse.harvard.edu/api/access/datafile/4832224
doi:10.7910/DVN/TFL5OJ,A98_9900.jpg,4832225,https://dataverse.harvard.edu/api/access/datafile/4832225
doi:10.7910/DVN/9Z9SBP,A98_9901.jpg,4832226,https://dataverse.harvard.edu/api/access/datafile/4832226
doi:10.7910/DVN/ENR0AA,A98_9902.jpg,4832227,https://dataverse.harvard.edu/api/access/datafile/4832227
doi:10.7910/DVN/PAVLHZ,A98_9904.jpg,4832228,https://dataverse.harvard.edu/api/access/datafile/4832228
doi:10.7910/DVN/2L97VD,A98_9905.jpg,4832229,https://dataverse.harvard.edu/api/access/datafile/4832229
doi:10.7910/DVN/Y6LZGN,A98_9906.jpg,4832231,https://dataverse.harvard.edu/api/access/datafile/4832231
doi:10.7910/DVN/IS4KYV,A98_9907.jpg,4832232,https://dataverse.harvard.edu/api/access/datafile/4832232
doi:10.7910/DVN/BBYPFM,A98_9908.jpg,4832233,https://dataverse.harvard.edu/api/access/datafile/4832233
doi:10.7910/DVN/P2FX9Y,A98_9909.jpg,4832234,https://dataverse.harvard.edu/api/access/datafile/4832234
doi:10.7910/DVN/QNEGS8,A98_9910.jpg,4832235,https://dataverse.harvard.edu/api/access/datafile/4832235
doi:10.7910/DVN/PCK5B0,A98_9911.jpg,4832236,https://dataverse.harvard.edu/api/access/datafile/4832236
doi:10.7910/DVN/A7V2KX,A98_9912a.jpg,4832237,https://dataverse.harvard.edu/api/access/datafile/4832237
doi:10.7910/DVN/NM7KD5,A98_9912b.jpg,4832238,https://dataverse.harvard.edu/api/access/datafile/4832238
doi:10.7910/DVN/VTSNEH,A98_9913.jpg,4832239,https://dataverse.harvard.edu/api/access/datafile/4832239
doi:10.7910/DVN/MFPDSM,A98_9914.jpg,4832240,https://dataverse.harvard.edu/api/access/datafile/4832240
doi:10.7910/DVN/MIPL70,A98_9915.jpg,4832241,https://dataverse.harvard.edu/api/access/datafile/4832241
doi:10.7910/DVN/P3ZEIW,A98_9916.jpg,4832242,https://dataverse.harvard.edu/api/access/datafile/4832242
doi:10.7910/DVN/CMJ5LO,A98_9917.jpg,4832243,https://dataverse.harvard.edu/api/access/datafile/4832243
doi:10.7910/DVN/BTLCTN,A98_9918.jpg,4832244,https://dataverse.harvard.edu/api/access/datafile/4832244
doi:10.7910/DVN/SSNFZD,A98_9919.jpg,4832245,https://dataverse.harvard.edu/api/access/datafile/4832245
doi:10.7910/DVN/R5SEQV,A98_9920.jpg,4832246,https://dataverse.harvard.edu/api/access/datafile/4832246
doi:10.7910/DVN/KKX5ZB,A98_9920a.jpg,4832247,https://dataverse.harvard.edu/api/access/datafile/4832247
doi:10.7910/DVN/N34KGK,A98_9920b.jpg,4832248,https://dataverse.harvard.edu/api/access/datafile/4832248
doi:10.7910/DVN/JISWBX,A98_9920c.jpg,4832249,https://dataverse.harvard.edu/api/access/datafile/4832249
doi:10.7910/DVN/JHQCMV,A98_9921.jpg,4832250,https://dataverse.harvard.edu/api/access/datafile/4832250
doi:10.7910/DVN/X4GNLC,A98_9922.jpg,4832251,https://dataverse.harvard.edu/api/access/datafile/4832251
doi:10.7910/DVN/KTX0QR,A98_9923.jpg,4832252,https://dataverse.harvard.edu/api/access/datafile/4832252
doi:10.7910/DVN/PA74AU,A98_9924.jpg,4832253,https://dataverse.harvard.edu/api/access/datafile/4832253
doi:10.7910/DVN/FOOHBX,A98_9925a1.jpg,4832254,https://dataverse.harvard.edu/api/access/datafile/4832254
doi:10.7910/DVN/XMYQ0D,A98_9925a2.jpg,4832255,https://dataverse.harvard.edu/api/access/datafile/4832255
doi:10.7910/DVN/QH1JU2,A98_9928.jpg,4832256,https://dataverse.harvard.edu/api/access/datafile/4832256
doi:10.7910/DVN/NKBDN1,A98_9929.jpg,4832257,https://dataverse.harvard.edu/api/access/datafile/4832257
doi:10.7910/DVN/YEY677,A98_9930.jpg,4832258,https://dataverse.harvard.edu/api/access/datafile/4832258
doi:10.7910/DVN/CLWJZE,A98_9931.jpg,4832259,https://dataverse.harvard.edu/api/access/datafile/4832259
doi:10.7910/DVN/4AASKS,A98_9932.jpg,4832260,https://dataverse.harvard.edu/api/access/datafile/4832260
doi:10.7910/DVN/TNUYBM,A98_9933.jpg,4832261,https://dataverse.harvard.edu/api/access/datafile/4832261
doi:10.7910/DVN/YMBIGI,A98_9934.jpg,4832262,https://dataverse.harvard.edu/api/access/datafile/4832262
doi:10.7910/DVN/HSUPG3,A98_9935.jpg,4832263,https://dataverse.harvard.edu/api/access/datafile/4832263
doi:10.7910/DVN/OHLLY6,A98_9936.jpg,4832264,https://dataverse.harvard.edu/api/access/datafile/4832264
doi:10.7910/DVN/8JJDED,A98_9937.jpg,4832265,https://dataverse.harvard.edu/api/access/datafile/4832265
doi:10.7910/DVN/TYUIDP,A98_9938.jpg,4832266,https://dataverse.harvard.edu/api/access/datafile/4832266
doi:10.7910/DVN/GJHYJJ,A98_9939.jpg,4832267,https://dataverse.harvard.edu/api/access/datafile/4832267
doi:10.7910/DVN/7AOM8J,A98_9940.jpg,4832268,https://dataverse.harvard.edu/api/access/datafile/4832268
doi:10.7910/DVN/CFB23X,A98_9941.jpg,4832269,https://dataverse.harvard.edu/api/access/datafile/4832269
doi:10.7910/DVN/UBJUYA,A98_9942.jpg,4832270,https://dataverse.harvard.edu/api/access/datafile/4832270
doi:10.7910/DVN/B4QVS7,A98_9943.jpg,4832271,https://dataverse.harvard.edu/api/access/datafile/4832271
doi:10.7910/DVN/THNJKR,A98_9944.jpg,4832272,https://dataverse.harvard.edu/api/access/datafile/4832272
doi:10.7910/DVN/26WWPC,A98_9946.jpg,4832273,https://dataverse.harvard.edu/api/access/datafile/4832273
doi:10.7910/DVN/DAQNQU,A98_9947.jpg,4832274,https://dataverse.harvard.edu/api/access/datafile/4832274
doi:10.7910/DVN/VLAAEF,A98_9948.jpg,4832275,https://dataverse.harvard.edu/api/access/datafile/4832275
doi:10.7910/DVN/YTNICC,A98_9949.jpg,4832276,https://dataverse.harvard.edu/api/access/datafile/4832276
doi:10.7910/DVN/T7VYAQ,A98_9950.jpg,4832278,https://dataverse.harvard.edu/api/access/datafile/4832278
doi:10.7910/DVN/DPVLLT,A98_9951.jpg,4832279,https://dataverse.harvard.edu/api/access/datafile/4832279
doi:10.7910/DVN/KIZV95,A98_9952.jpg,4832280,https://dataverse.harvard.edu/api/access/datafile/4832280
doi:10.7910/DVN/HCRAVL,A98_9953.jpg,4832281,https://dataverse.harvard.edu/api/access/datafile/4832281
doi:10.7910/DVN/LETN5Y,A98_9954.jpg,4832282,https://dataverse.harvard.edu/api/access/datafile/4832282
doi:10.7910/DVN/TTD23N,A98_9955.jpg,4832283,https://dataverse.harvard.edu/api/access/datafile/4832283
doi:10.7910/DVN/WREOY7,A98_9957.jpg,4832284,https://dataverse.harvard.edu/api/access/datafile/4832284
doi:10.7910/DVN/Q602PG,A98_9958.jpg,4832285,https://dataverse.harvard.edu/api/access/datafile/4832285
doi:10.7910/DVN/1IBFR8,A98_9959.jpg,4832286,https://dataverse.harvard.edu/api/access/datafile/4832286
doi:10.7910/DVN/QR4VHB,A98_9960.jpg,4832287,https://dataverse.harvard.edu/api/access/datafile/4832287
doi:10.7910/DVN/D72GCA,A98_9961.jpg,4832288,https://dataverse.harvard.edu/api/access/datafile/4832288
doi:10.7910/DVN/4PFEYR,A98_9962.jpg,4832289,https://dataverse.harvard.edu/api/access/datafile/4832289
doi:10.7910/DVN/JEYDX2,A98_9963.jpg,4832290,https://dataverse.harvard.edu/api/access/datafile/4832290
doi:10.7910/DVN/S0WBDK,A98_9964.jpg,4832291,https://dataverse.harvard.edu/api/access/datafile/4832291
doi:10.7910/DVN/H04WID,A98_9965.jpg,4832292,https://dataverse.harvard.edu/api/access/datafile/4832292
doi:10.7910/DVN/2OXHWB,A98_9966.jpg,4832293,https://dataverse.harvard.edu/api/access/datafile/4832293
doi:10.7910/DVN/ZARSO9,A98_9967.jpg,4832294,https://dataverse.harvard.edu/api/access/datafile/4832294
doi:10.7910/DVN/HO8KFC,A98_9968.jpg,4832295,https://dataverse.harvard.edu/api/access/datafile/4832295
doi:10.7910/DVN/Q7592E,A98_9969.jpg,4832296,https://dataverse.harvard.edu/api/access/datafile/4832296
doi:10.7910/DVN/VMDCS5,A98_9970.jpg,4832297,https://dataverse.harvard.edu/api/access/datafile/4832297
doi:10.7910/DVN/EIADLP,A98_9971.jpg,4832298,https://dataverse.harvard.edu/api/access/datafile/4832298
doi:10.7910/DVN/SGJVAD,A98_9972.jpg,4832299,https://dataverse.harvard.edu/api/access/datafile/4832299
doi:10.7910/DVN/FZFQVQ,A98_9973.jpg,4832300,https://dataverse.harvard.edu/api/access/datafile/4832300
doi:10.7910/DVN/KCBMXE,A98_9974.jpg,4832301,https://dataverse.harvard.edu/api/access/datafile/4832301
doi:10.7910/DVN/0NC5HQ,A98_9975.jpg,4832302,https://dataverse.harvard.edu/api/access/datafile/4832302
doi:10.7910/DVN/1VRXWS,A98_9977.jpg,4832303,https://dataverse.harvard.edu/api/access/datafile/4832303
doi:10.7910/DVN/MAZYLT,A98_9978.jpg,4832304,https://dataverse.harvard.edu/api/access/datafile/4832304
doi:10.7910/DVN/TMHFOH,A98_9979.jpg,4832305,https://dataverse.harvard.edu/api/access/datafile/4832305
doi:10.7910/DVN/0TGITT,A98_9980.jpg,4832306,https://dataverse.harvard.edu/api/access/datafile/4832306
doi:10.7910/DVN/H84BVY,A98_9981.jpg,4832307,https://dataverse.harvard.edu/api/access/datafile/4832307
doi:10.7910/DVN/TGJHBK,A98_9982.jpg,4832308,https://dataverse.harvard.edu/api/access/datafile/4832308
doi:10.7910/DVN/HA9NTT,A98_9983.jpg,4832309,https://dataverse.harvard.edu/api/access/datafile/4832309
doi:10.7910/DVN/PY3EVY,A98_9984.jpg,4832310,https://dataverse.harvard.edu/api/access/datafile/4832310
doi:10.7910/DVN/DAN9BP,A98_9985.jpg,4832311,https://dataverse.harvard.edu/api/access/datafile/4832311
doi:10.7910/DVN/0GNUAB,A98_9986.jpg,4832312,https://dataverse.harvard.edu/api/access/datafile/4832312
doi:10.7910/DVN/KUUSG8,A98_9987.jpg,4832313,https://dataverse.harvard.edu/api/access/datafile/4832313
doi:10.7910/DVN/KXTKSW,A98_9988.jpg,4832314,https://dataverse.harvard.edu/api/access/datafile/4832314
doi:10.7910/DVN/5XSENU,A98_9989.jpg,4832315,https://dataverse.harvard.edu/api/access/datafile/4832315
doi:10.7910/DVN/UJ1RJE,A98_9990.jpg,4832316,https://dataverse.harvard.edu/api/access/datafile/4832316
doi:10.7910/DVN/AJY1DI,A98_9991.jpg,4832317,https://dataverse.harvard.edu/api/access/datafile/4832317
doi:10.7910/DVN/YSKVHD,A98_9993.jpg,4832318,https://dataverse.harvard.edu/api/access/datafile/4832318
doi:10.7910/DVN/PGIX40,A98_9994.jpg,4832319,https://dataverse.harvard.edu/api/access/datafile/4832319
doi:10.7910/DVN/MQDSG1,A98_9995.jpg,4832320,https://dataverse.harvard.edu/api/access/datafile/4832320
doi:10.7910/DVN/EJSNVC,A98_9996.jpg,4832321,https://dataverse.harvard.edu/api/access/datafile/4832321
doi:10.7910/DVN/LJNJOW,A98_9997.jpg,4832322,https://dataverse.harvard.edu/api/access/datafile/4832322
doi:10.7910/DVN/J0HPGG,A98_9998.jpg,4832323,https://dataverse.harvard.edu/api/access/datafile/4832323
doi:10.7910/DVN/IW80O9,A98_9999.jpg,4832324,https://dataverse.harvard.edu/api/access/datafile/4832324