doi,title,file_id,access_link
doi:10.7910/DVN/XT4HDO,A04_13800.JPG,4945010,https://dataverse.harvard.edu/api/access/datafile/4945010
doi:10.7910/DVN/ZT98ID,A04_13801.JPG,4945011,https://dataverse.harvard.edu/api/access/datafile/4945011
doi:10.7910/DVN/2BGUYF,A04_13802.JPG,4945012,https://dataverse.harvard.edu/api/access/datafile/4945012
doi:10.7910/DVN/SA2O6A,A04_13803.JPG,4945013,https://dataverse.harvard.edu/api/access/datafile/4945013
doi:10.7910/DVN/YHSNEN,A04_13804.JPG,4945014,https://dataverse.harvard.edu/api/access/datafile/4945014
doi:10.7910/DVN/HIBRWQ,A04_13805.JPG,4945015,https://dataverse.harvard.edu/api/access/datafile/4945015
doi:10.7910/DVN/RCOOHF,A04_13806.JPG,4945016,https://dataverse.harvard.edu/api/access/datafile/4945016
doi:10.7910/DVN/MLFTTZ,A04_13807.JPG,4945017,https://dataverse.harvard.edu/api/access/datafile/4945017
doi:10.7910/DVN/R1VAFS,A04_13808.JPG,4945018,https://dataverse.harvard.edu/api/access/datafile/4945018
doi:10.7910/DVN/DHTWEU,A04_13809.JPG,4945019,https://dataverse.harvard.edu/api/access/datafile/4945019
doi:10.7910/DVN/HDDFPE,A04_13810.JPG,4945020,https://dataverse.harvard.edu/api/access/datafile/4945020
doi:10.7910/DVN/FERW1P,A04_13811.JPG,4945021,https://dataverse.harvard.edu/api/access/datafile/4945021
doi:10.7910/DVN/C1TUVA,A04_13812.JPG,4945022,https://dataverse.harvard.edu/api/access/datafile/4945022
doi:10.7910/DVN/FMZCEU,A04_13813.JPG,4945023,https://dataverse.harvard.edu/api/access/datafile/4945023
doi:10.7910/DVN/F8F1ST,A04_13814a.JPG,4945024,https://dataverse.harvard.edu/api/access/datafile/4945024
doi:10.7910/DVN/X7MOUH,A04_13814b.JPG,4945025,https://dataverse.harvard.edu/api/access/datafile/4945025
doi:10.7910/DVN/GVFQM3,A04_13815.JPG,4945026,https://dataverse.harvard.edu/api/access/datafile/4945026
doi:10.7910/DVN/AUDVXZ,A04_13816.JPG,4945027,https://dataverse.harvard.edu/api/access/datafile/4945027
doi:10.7910/DVN/LGFYHZ,A04_13817.JPG,4945028,https://dataverse.harvard.edu/api/access/datafile/4945028
doi:10.7910/DVN/WJVWWQ,A04_13818a.JPG,4945029,https://dataverse.harvard.edu/api/access/datafile/4945029
doi:10.7910/DVN/W1Q093,A04_13818b.JPG,4945030,https://dataverse.harvard.edu/api/access/datafile/4945030
doi:10.7910/DVN/KFTSSU,A04_13818c.JPG,4945031,https://dataverse.harvard.edu/api/access/datafile/4945031
doi:10.7910/DVN/O9DNQ9,A04_13819a.JPG,4945032,https://dataverse.harvard.edu/api/access/datafile/4945032
doi:10.7910/DVN/YYERDR,A04_13819b.JPG,4945033,https://dataverse.harvard.edu/api/access/datafile/4945033
doi:10.7910/DVN/Q00ANC,A04_13819c.JPG,4945034,https://dataverse.harvard.edu/api/access/datafile/4945034
doi:10.7910/DVN/5N34WW,A04_13820.JPG,4945035,https://dataverse.harvard.edu/api/access/datafile/4945035
doi:10.7910/DVN/DD2GVO,A04_13821a.JPG,4945036,https://dataverse.harvard.edu/api/access/datafile/4945036
doi:10.7910/DVN/YXOUY8,A04_13821b.JPG,4945037,https://dataverse.harvard.edu/api/access/datafile/4945037
doi:10.7910/DVN/JDI6ZP,A04_13821c.JPG,4945038,https://dataverse.harvard.edu/api/access/datafile/4945038
doi:10.7910/DVN/JHLWQC,A04_13821d.JPG,4945039,https://dataverse.harvard.edu/api/access/datafile/4945039
doi:10.7910/DVN/CWLJHI,A04_13821e.JPG,4945040,https://dataverse.harvard.edu/api/access/datafile/4945040
doi:10.7910/DVN/ZJAYQT,A04_13821f.JPG,4945041,https://dataverse.harvard.edu/api/access/datafile/4945041
doi:10.7910/DVN/MGX8O6,A04_13822a.JPG,4945042,https://dataverse.harvard.edu/api/access/datafile/4945042
doi:10.7910/DVN/YSMGQT,A04_13822b.JPG,4945043,https://dataverse.harvard.edu/api/access/datafile/4945043
doi:10.7910/DVN/AZ6BIZ,A04_13823.JPG,4945044,https://dataverse.harvard.edu/api/access/datafile/4945044
doi:10.7910/DVN/HQG2GO,A04_13824.JPG,4945045,https://dataverse.harvard.edu/api/access/datafile/4945045
doi:10.7910/DVN/GWFGAT,A04_13825a.JPG,4945046,https://dataverse.harvard.edu/api/access/datafile/4945046
doi:10.7910/DVN/PP70LN,A04_13825b.JPG,4945047,https://dataverse.harvard.edu/api/access/datafile/4945047
doi:10.7910/DVN/C3XJGI,A04_13825c.JPG,4945048,https://dataverse.harvard.edu/api/access/datafile/4945048
doi:10.7910/DVN/H1UYQD,A04_13826.JPG,4945049,https://dataverse.harvard.edu/api/access/datafile/4945049
doi:10.7910/DVN/N3MQEA,A04_13827a.JPG,4945050,https://dataverse.harvard.edu/api/access/datafile/4945050
doi:10.7910/DVN/UNHYVL,A04_13827b.JPG,4945051,https://dataverse.harvard.edu/api/access/datafile/4945051
doi:10.7910/DVN/WOEYHF,A04_13828.JPG,4945052,https://dataverse.harvard.edu/api/access/datafile/4945052
doi:10.7910/DVN/TTSRRT,A04_13829.JPG,4945053,https://dataverse.harvard.edu/api/access/datafile/4945053
doi:10.7910/DVN/VLN8OF,A04_13830.JPG,4945054,https://dataverse.harvard.edu/api/access/datafile/4945054
doi:10.7910/DVN/COKNHC,A04_13831a.JPG,4945055,https://dataverse.harvard.edu/api/access/datafile/4945055
doi:10.7910/DVN/IWUWM6,A04_13831b.JPG,4945056,https://dataverse.harvard.edu/api/access/datafile/4945056
doi:10.7910/DVN/PNTQKM,A04_13832a.JPG,4945057,https://dataverse.harvard.edu/api/access/datafile/4945057
doi:10.7910/DVN/AJXDXF,A04_13832b.JPG,4945058,https://dataverse.harvard.edu/api/access/datafile/4945058
doi:10.7910/DVN/SXK82F,A04_13832c.JPG,4945059,https://dataverse.harvard.edu/api/access/datafile/4945059
doi:10.7910/DVN/WYBTVA,A04_13833.JPG,4945060,https://dataverse.harvard.edu/api/access/datafile/4945060
doi:10.7910/DVN/CHLBE7,A04_13834a.JPG,4945061,https://dataverse.harvard.edu/api/access/datafile/4945061
doi:10.7910/DVN/OWKAFK,A04_13835a.JPG,4945062,https://dataverse.harvard.edu/api/access/datafile/4945062
doi:10.7910/DVN/PP2DQM,A04_13835b.JPG,4945063,https://dataverse.harvard.edu/api/access/datafile/4945063
doi:10.7910/DVN/AEL2O2,A04_13836.JPG,4945064,https://dataverse.harvard.edu/api/access/datafile/4945064
doi:10.7910/DVN/VBFZUW,A04_13837a.JPG,4945065,https://dataverse.harvard.edu/api/access/datafile/4945065
doi:10.7910/DVN/TASCLV,A04_13837b.JPG,4945066,https://dataverse.harvard.edu/api/access/datafile/4945066
doi:10.7910/DVN/VCGN7X,A04_13837c.JPG,4945067,https://dataverse.harvard.edu/api/access/datafile/4945067
doi:10.7910/DVN/OZRPRB,A04_13838a.JPG,4945068,https://dataverse.harvard.edu/api/access/datafile/4945068
doi:10.7910/DVN/Y7M0HC,A04_13838b.JPG,4945069,https://dataverse.harvard.edu/api/access/datafile/4945069
doi:10.7910/DVN/IZ3PJ5,A04_13838c.JPG,4945070,https://dataverse.harvard.edu/api/access/datafile/4945070
doi:10.7910/DVN/IPDWQB,A04_13839a.JPG,4945071,https://dataverse.harvard.edu/api/access/datafile/4945071
doi:10.7910/DVN/AE15AI,A04_13839b.JPG,4945072,https://dataverse.harvard.edu/api/access/datafile/4945072
doi:10.7910/DVN/9JFVDL,A04_13839c.JPG,4945073,https://dataverse.harvard.edu/api/access/datafile/4945073
doi:10.7910/DVN/W5DSCK,A04_13841a.JPG,4945074,https://dataverse.harvard.edu/api/access/datafile/4945074
doi:10.7910/DVN/H0G0WM,A04_13841b.JPG,4945075,https://dataverse.harvard.edu/api/access/datafile/4945075
doi:10.7910/DVN/LDHS76,A04_13843a.JPG,4945076,https://dataverse.harvard.edu/api/access/datafile/4945076
doi:10.7910/DVN/XGL1VJ,A04_13843b.JPG,4945077,https://dataverse.harvard.edu/api/access/datafile/4945077
doi:10.7910/DVN/FEUN9M,A04_13843c.JPG,4945078,https://dataverse.harvard.edu/api/access/datafile/4945078
doi:10.7910/DVN/ZV8RYZ,A04_13844a.JPG,4945079,https://dataverse.harvard.edu/api/access/datafile/4945079
doi:10.7910/DVN/WP2GUE,A04_13844b.JPG,4945080,https://dataverse.harvard.edu/api/access/datafile/4945080
doi:10.7910/DVN/9U56IA,A04_13845a.JPG,4945081,https://dataverse.harvard.edu/api/access/datafile/4945081
doi:10.7910/DVN/EIRS9N,A04_13845b.JPG,4945082,https://dataverse.harvard.edu/api/access/datafile/4945082
doi:10.7910/DVN/EBNB3U,A04_13845c.JPG,4945083,https://dataverse.harvard.edu/api/access/datafile/4945083
doi:10.7910/DVN/GWCINY,A04_13845d.JPG,4945084,https://dataverse.harvard.edu/api/access/datafile/4945084
doi:10.7910/DVN/YAJESE,A04_13846.JPG,4945085,https://dataverse.harvard.edu/api/access/datafile/4945085
doi:10.7910/DVN/AF2C4Z,A04_13847a.JPG,4945086,https://dataverse.harvard.edu/api/access/datafile/4945086
doi:10.7910/DVN/TSDQZK,A04_13847b.JPG,4945087,https://dataverse.harvard.edu/api/access/datafile/4945087
doi:10.7910/DVN/3EXDMH,A04_13847c.JPG,4945088,https://dataverse.harvard.edu/api/access/datafile/4945088
doi:10.7910/DVN/K8RL6D,A04_13848.JPG,4945089,https://dataverse.harvard.edu/api/access/datafile/4945089
doi:10.7910/DVN/R9MYVN,A04_13849a.JPG,4945090,https://dataverse.harvard.edu/api/access/datafile/4945090
doi:10.7910/DVN/QV6TJC,A04_13849b.JPG,4945091,https://dataverse.harvard.edu/api/access/datafile/4945091
doi:10.7910/DVN/ZXC9OR,A04_13850a.JPG,4945092,https://dataverse.harvard.edu/api/access/datafile/4945092
doi:10.7910/DVN/WK7AOQ,A04_13850b.JPG,4945093,https://dataverse.harvard.edu/api/access/datafile/4945093
doi:10.7910/DVN/J93EGQ,A04_13851.JPG,4945094,https://dataverse.harvard.edu/api/access/datafile/4945094
doi:10.7910/DVN/KJBKD3,A04_13852a.JPG,4945095,https://dataverse.harvard.edu/api/access/datafile/4945095
doi:10.7910/DVN/9UJD83,A04_13852b.JPG,4945096,https://dataverse.harvard.edu/api/access/datafile/4945096
doi:10.7910/DVN/MBOFZP,A04_13853a.JPG,4945097,https://dataverse.harvard.edu/api/access/datafile/4945097
doi:10.7910/DVN/CXU0NP,A04_13853b.JPG,4945098,https://dataverse.harvard.edu/api/access/datafile/4945098
doi:10.7910/DVN/QYRQ3L,A04_13853c.JPG,4945099,https://dataverse.harvard.edu/api/access/datafile/4945099
doi:10.7910/DVN/JLTNIB,A04_13853d.JPG,4945100,https://dataverse.harvard.edu/api/access/datafile/4945100
doi:10.7910/DVN/IPMEHU,A04_13853e.JPG,4945101,https://dataverse.harvard.edu/api/access/datafile/4945101
doi:10.7910/DVN/7S126V,A04_13853f.JPG,4945102,https://dataverse.harvard.edu/api/access/datafile/4945102
doi:10.7910/DVN/CTZFEY,A04_13854a.JPG,4945103,https://dataverse.harvard.edu/api/access/datafile/4945103
doi:10.7910/DVN/OS9VH1,A04_13854b.JPG,4945104,https://dataverse.harvard.edu/api/access/datafile/4945104
doi:10.7910/DVN/VJEINO,A04_13854c.JPG,4945105,https://dataverse.harvard.edu/api/access/datafile/4945105
doi:10.7910/DVN/ZAPLAM,A04_13854d.JPG,4945106,https://dataverse.harvard.edu/api/access/datafile/4945106
doi:10.7910/DVN/V0YRDM,A04_13855a.JPG,4945107,https://dataverse.harvard.edu/api/access/datafile/4945107
doi:10.7910/DVN/A5KFRU,A04_13855b.JPG,4945108,https://dataverse.harvard.edu/api/access/datafile/4945108
doi:10.7910/DVN/8ISLKX,A04_13856a.JPG,4945109,https://dataverse.harvard.edu/api/access/datafile/4945109
doi:10.7910/DVN/OPCY8F,A04_13856b.JPG,4945110,https://dataverse.harvard.edu/api/access/datafile/4945110
doi:10.7910/DVN/LLSY6N,A04_13857a.JPG,4945111,https://dataverse.harvard.edu/api/access/datafile/4945111
doi:10.7910/DVN/NAPTPS,A04_13857b.JPG,4945112,https://dataverse.harvard.edu/api/access/datafile/4945112
doi:10.7910/DVN/7AUOXJ,A04_13858.JPG,4945113,https://dataverse.harvard.edu/api/access/datafile/4945113
doi:10.7910/DVN/ANM8B1,A04_13859a.JPG,4945114,https://dataverse.harvard.edu/api/access/datafile/4945114
doi:10.7910/DVN/AKY6CD,A04_13859b.JPG,4945115,https://dataverse.harvard.edu/api/access/datafile/4945115
doi:10.7910/DVN/VF2FXG,A04_13859c.JPG,4945116,https://dataverse.harvard.edu/api/access/datafile/4945116
doi:10.7910/DVN/AENFIU,A04_13859d.JPG,4945117,https://dataverse.harvard.edu/api/access/datafile/4945117
doi:10.7910/DVN/JIKI1U,A04_13859d.JPG,4945118,https://dataverse.harvard.edu/api/access/datafile/4945118
doi:10.7910/DVN/IBAYP2,A04_13860a.JPG,4945119,https://dataverse.harvard.edu/api/access/datafile/4945119
doi:10.7910/DVN/XMBDOW,A04_13860b.JPG,4945120,https://dataverse.harvard.edu/api/access/datafile/4945120
doi:10.7910/DVN/B6BUJS,A04_13861a.JPG,4945121,https://dataverse.harvard.edu/api/access/datafile/4945121
doi:10.7910/DVN/90YQH9,A04_13861b.JPG,4945122,https://dataverse.harvard.edu/api/access/datafile/4945122
doi:10.7910/DVN/LV404J,A04_13862.JPG,4945123,https://dataverse.harvard.edu/api/access/datafile/4945123
doi:10.7910/DVN/YNRUF1,A04_13863.JPG,4945124,https://dataverse.harvard.edu/api/access/datafile/4945124
doi:10.7910/DVN/VDY3N8,A04_13864a.JPG,4945125,https://dataverse.harvard.edu/api/access/datafile/4945125
doi:10.7910/DVN/WEO23V,A04_13864b.JPG,4945126,https://dataverse.harvard.edu/api/access/datafile/4945126
doi:10.7910/DVN/MY9ROK,A04_13865.JPG,4945127,https://dataverse.harvard.edu/api/access/datafile/4945127
doi:10.7910/DVN/AHMVZN,A04_13866.JPG,4945128,https://dataverse.harvard.edu/api/access/datafile/4945128
doi:10.7910/DVN/9GUIQI,A04_13867.JPG,4945129,https://dataverse.harvard.edu/api/access/datafile/4945129
doi:10.7910/DVN/C3AEWD,A04_13868a.JPG,4945130,https://dataverse.harvard.edu/api/access/datafile/4945130
doi:10.7910/DVN/PFP7ZE,A04_13868b.JPG,4945131,https://dataverse.harvard.edu/api/access/datafile/4945131
doi:10.7910/DVN/GYFH0A,A04_13869a.JPG,4945132,https://dataverse.harvard.edu/api/access/datafile/4945132
doi:10.7910/DVN/MYTEKP,A04_13869b.JPG,4945133,https://dataverse.harvard.edu/api/access/datafile/4945133
doi:10.7910/DVN/FATUM2,A04_13869c.JPG,4945134,https://dataverse.harvard.edu/api/access/datafile/4945134
doi:10.7910/DVN/AFMK7O,A04_13869d.JPG,4945135,https://dataverse.harvard.edu/api/access/datafile/4945135
doi:10.7910/DVN/1ZJ1UI,A04_13870.JPG,4945136,https://dataverse.harvard.edu/api/access/datafile/4945136
doi:10.7910/DVN/NOPX2E,A04_13871a.JPG,4945137,https://dataverse.harvard.edu/api/access/datafile/4945137
doi:10.7910/DVN/LZFMRY,A04_13871b.JPG,4945138,https://dataverse.harvard.edu/api/access/datafile/4945138
doi:10.7910/DVN/MDDKFX,A04_13872.JPG,4945139,https://dataverse.harvard.edu/api/access/datafile/4945139
doi:10.7910/DVN/UTPNZP,A04_13873.JPG,4945140,https://dataverse.harvard.edu/api/access/datafile/4945140
doi:10.7910/DVN/YGDKW8,A04_13874a.JPG,4945141,https://dataverse.harvard.edu/api/access/datafile/4945141
doi:10.7910/DVN/RNLIQC,A04_13874b.JPG,4945142,https://dataverse.harvard.edu/api/access/datafile/4945142
doi:10.7910/DVN/QURE6A,A04_13875a.JPG,4945143,https://dataverse.harvard.edu/api/access/datafile/4945143
doi:10.7910/DVN/NTYZGZ,A04_13875b.JPG,4945144,https://dataverse.harvard.edu/api/access/datafile/4945144
doi:10.7910/DVN/5EAYHS,A04_13876a.JPG,4945145,https://dataverse.harvard.edu/api/access/datafile/4945145
doi:10.7910/DVN/DWYURF,A04_13876b.JPG,4945146,https://dataverse.harvard.edu/api/access/datafile/4945146
doi:10.7910/DVN/WGDBWS,A04_13877a.JPG,4945147,https://dataverse.harvard.edu/api/access/datafile/4945147
doi:10.7910/DVN/6CY4H0,A04_13877b.JPG,4945148,https://dataverse.harvard.edu/api/access/datafile/4945148
doi:10.7910/DVN/E7ZHI6,A04_13877c.JPG,4945149,https://dataverse.harvard.edu/api/access/datafile/4945149
doi:10.7910/DVN/ZTIEX5,A04_13878.JPG,4945150,https://dataverse.harvard.edu/api/access/datafile/4945150
doi:10.7910/DVN/LEIDBS,A04_13879a.JPG,4945151,https://dataverse.harvard.edu/api/access/datafile/4945151
doi:10.7910/DVN/MURA2L,A04_13879b.JPG,4945152,https://dataverse.harvard.edu/api/access/datafile/4945152
doi:10.7910/DVN/JG0TGN,A04_13880a.JPG,4945153,https://dataverse.harvard.edu/api/access/datafile/4945153
doi:10.7910/DVN/ZEY0IS,A04_13880b.JPG,4945154,https://dataverse.harvard.edu/api/access/datafile/4945154
doi:10.7910/DVN/CH4UWR,A04_13881a.JPG,4945155,https://dataverse.harvard.edu/api/access/datafile/4945155
doi:10.7910/DVN/A5JACU,A04_13881b.JPG,4945156,https://dataverse.harvard.edu/api/access/datafile/4945156
doi:10.7910/DVN/RTF8ML,A04_13881c.JPG,4945157,https://dataverse.harvard.edu/api/access/datafile/4945157
doi:10.7910/DVN/PKXCYG,A04_13881d.JPG,4945158,https://dataverse.harvard.edu/api/access/datafile/4945158
doi:10.7910/DVN/WPMHJW,A04_13882a.JPG,4945159,https://dataverse.harvard.edu/api/access/datafile/4945159
doi:10.7910/DVN/QJMJZK,A04_13882b.JPG,4945160,https://dataverse.harvard.edu/api/access/datafile/4945160
doi:10.7910/DVN/BBACZ3,A04_13882c.JPG,4945161,https://dataverse.harvard.edu/api/access/datafile/4945161
doi:10.7910/DVN/0BFCRT,A04_13882d.JPG,4945162,https://dataverse.harvard.edu/api/access/datafile/4945162
doi:10.7910/DVN/YAZYCN,A04_13882e.JPG,4945163,https://dataverse.harvard.edu/api/access/datafile/4945163
doi:10.7910/DVN/L5HNO7,A04_13882f.jpg,4945164,https://dataverse.harvard.edu/api/access/datafile/4945164
doi:10.7910/DVN/XWKAQD,A04_13882g.jpg,4945165,https://dataverse.harvard.edu/api/access/datafile/4945165
doi:10.7910/DVN/8JNAKG,A04_13883.JPG,4945166,https://dataverse.harvard.edu/api/access/datafile/4945166
doi:10.7910/DVN/LKGX1U,A04_13884a.JPG,4945167,https://dataverse.harvard.edu/api/access/datafile/4945167
doi:10.7910/DVN/QZYVW3,A04_13884b.JPG,4945168,https://dataverse.harvard.edu/api/access/datafile/4945168
doi:10.7910/DVN/9LSSEI,A04_13885a.JPG,4945169,https://dataverse.harvard.edu/api/access/datafile/4945169
doi:10.7910/DVN/YNGDTF,A04_13885b.JPG,4945170,https://dataverse.harvard.edu/api/access/datafile/4945170
doi:10.7910/DVN/CL9ZZE,A04_13886a.JPG,4945171,https://dataverse.harvard.edu/api/access/datafile/4945171
doi:10.7910/DVN/YGE7BM,A04_13886b.JPG,4945172,https://dataverse.harvard.edu/api/access/datafile/4945172
doi:10.7910/DVN/AOUAWD,A04_13887a.JPG,4945173,https://dataverse.harvard.edu/api/access/datafile/4945173
doi:10.7910/DVN/XSFIZV,A04_13887b.JPG,4945174,https://dataverse.harvard.edu/api/access/datafile/4945174
doi:10.7910/DVN/BABECW,A04_13888a.JPG,4945175,https://dataverse.harvard.edu/api/access/datafile/4945175
doi:10.7910/DVN/5XW7PH,A04_13888b.JPG,4945176,https://dataverse.harvard.edu/api/access/datafile/4945176
doi:10.7910/DVN/WTHEOA,A04_13888c.JPG,4945177,https://dataverse.harvard.edu/api/access/datafile/4945177
doi:10.7910/DVN/VENUA9,A04_13888d.JPG,4945178,https://dataverse.harvard.edu/api/access/datafile/4945178
doi:10.7910/DVN/AME2YW,A04_13889a.JPG,4945179,https://dataverse.harvard.edu/api/access/datafile/4945179
doi:10.7910/DVN/ONKEPP,A04_13889b.JPG,4945180,https://dataverse.harvard.edu/api/access/datafile/4945180
doi:10.7910/DVN/ZJECNB,A04_13889c.JPG,4945181,https://dataverse.harvard.edu/api/access/datafile/4945181
doi:10.7910/DVN/KF51PN,A04_13889d.JPG,4945182,https://dataverse.harvard.edu/api/access/datafile/4945182
doi:10.7910/DVN/QAHBS4,A04_13890a.JPG,4945183,https://dataverse.harvard.edu/api/access/datafile/4945183
doi:10.7910/DVN/A9ZJCP,A04_13890b.JPG,4945184,https://dataverse.harvard.edu/api/access/datafile/4945184
doi:10.7910/DVN/VYVZAM,A04_13891a.JPG,4945185,https://dataverse.harvard.edu/api/access/datafile/4945185
doi:10.7910/DVN/BYBCPL,A04_13891b.JPG,4945186,https://dataverse.harvard.edu/api/access/datafile/4945186
doi:10.7910/DVN/XQWAHD,A04_13891c.JPG,4945187,https://dataverse.harvard.edu/api/access/datafile/4945187
doi:10.7910/DVN/ALMS1W,A04_13892a.JPG,4945188,https://dataverse.harvard.edu/api/access/datafile/4945188
doi:10.7910/DVN/IRGJK8,A04_13892b.JPG,4945189,https://dataverse.harvard.edu/api/access/datafile/4945189
doi:10.7910/DVN/MUGEGM,A04_13893a.JPG,4945190,https://dataverse.harvard.edu/api/access/datafile/4945190
doi:10.7910/DVN/Q1GWSP,A04_13893b.JPG,4945191,https://dataverse.harvard.edu/api/access/datafile/4945191
doi:10.7910/DVN/NM1JRS,A04_13893c.JPG,4945192,https://dataverse.harvard.edu/api/access/datafile/4945192
doi:10.7910/DVN/BWLDDJ,A04_13893d.JPG,4945193,https://dataverse.harvard.edu/api/access/datafile/4945193
doi:10.7910/DVN/GYSOVM,A04_13894.JPG,4945194,https://dataverse.harvard.edu/api/access/datafile/4945194
doi:10.7910/DVN/LV1ZIZ,A04_13895.JPG,4945195,https://dataverse.harvard.edu/api/access/datafile/4945195
doi:10.7910/DVN/7WZCYG,A04_13896a.JPG,4945196,https://dataverse.harvard.edu/api/access/datafile/4945196
doi:10.7910/DVN/KGMR5G,A04_13896b.JPG,4945197,https://dataverse.harvard.edu/api/access/datafile/4945197
doi:10.7910/DVN/ONFYQO,A04_13896c.JPG,4945198,https://dataverse.harvard.edu/api/access/datafile/4945198
doi:10.7910/DVN/OXLEY4,A04_13896d.JPG,4945199,https://dataverse.harvard.edu/api/access/datafile/4945199
doi:10.7910/DVN/PVROIE,A04_13896e.JPG,4945200,https://dataverse.harvard.edu/api/access/datafile/4945200
doi:10.7910/DVN/CBOTUH,A04_13896f.jpg,4945201,https://dataverse.harvard.edu/api/access/datafile/4945201
doi:10.7910/DVN/OWQO8C,A04_13896g.JPG,4945202,https://dataverse.harvard.edu/api/access/datafile/4945202
doi:10.7910/DVN/Y9DRXG,A04_13896h.JPG,4945203,https://dataverse.harvard.edu/api/access/datafile/4945203
doi:10.7910/DVN/BQRUKT,A04_13896i.JPG,4945204,https://dataverse.harvard.edu/api/access/datafile/4945204
doi:10.7910/DVN/VMZYQK,A04_13897.JPG,4945205,https://dataverse.harvard.edu/api/access/datafile/4945205
doi:10.7910/DVN/NDYWZQ,A04_13898a.JPG,4945206,https://dataverse.harvard.edu/api/access/datafile/4945206
doi:10.7910/DVN/YSJBOP,A04_13898b.JPG,4945207,https://dataverse.harvard.edu/api/access/datafile/4945207
doi:10.7910/DVN/X0VPYG,A04_13898c.JPG,4945208,https://dataverse.harvard.edu/api/access/datafile/4945208
doi:10.7910/DVN/TQJKCZ,A04_13899.JPG,4945209,https://dataverse.harvard.edu/api/access/datafile/4945209
doi:10.7910/DVN/AIKVHR,A04_13900.JPG,4945210,https://dataverse.harvard.edu/api/access/datafile/4945210
doi:10.7910/DVN/ZJ67DX,A04_13901.JPG,4945211,https://dataverse.harvard.edu/api/access/datafile/4945211
doi:10.7910/DVN/NZ4MSW,A04_13902a.JPG,4945212,https://dataverse.harvard.edu/api/access/datafile/4945212
doi:10.7910/DVN/03RDZL,A04_13902b.JPG,4945213,https://dataverse.harvard.edu/api/access/datafile/4945213
doi:10.7910/DVN/CIFRES,A04_13903a.JPG,4945214,https://dataverse.harvard.edu/api/access/datafile/4945214
doi:10.7910/DVN/6APKCD,A04_13903b.JPG,4945215,https://dataverse.harvard.edu/api/access/datafile/4945215
doi:10.7910/DVN/HOR96H,A04_13904a.JPG,4945216,https://dataverse.harvard.edu/api/access/datafile/4945216
doi:10.7910/DVN/GSGBRT,A04_13904b.JPG,4945217,https://dataverse.harvard.edu/api/access/datafile/4945217
doi:10.7910/DVN/PH1MZ0,A04_13905.JPG,4945218,https://dataverse.harvard.edu/api/access/datafile/4945218
doi:10.7910/DVN/KXM1A2,A04_13906a.JPG,4945219,https://dataverse.harvard.edu/api/access/datafile/4945219
doi:10.7910/DVN/IJFC6J,A04_13906b.JPG,4945220,https://dataverse.harvard.edu/api/access/datafile/4945220
doi:10.7910/DVN/FUIAMP,A04_13907a.JPG,4945221,https://dataverse.harvard.edu/api/access/datafile/4945221
doi:10.7910/DVN/JEVWSR,A04_13907b.JPG,4945222,https://dataverse.harvard.edu/api/access/datafile/4945222
doi:10.7910/DVN/A2DDSX,A04_13907c.JPG,4945223,https://dataverse.harvard.edu/api/access/datafile/4945223
doi:10.7910/DVN/AEHVSB,A04_13908a.JPG,4945224,https://dataverse.harvard.edu/api/access/datafile/4945224
doi:10.7910/DVN/D0R8O8,A04_13908b.JPG,4945225,https://dataverse.harvard.edu/api/access/datafile/4945225
doi:10.7910/DVN/FTJD4S,A04_13909a.JPG,4945226,https://dataverse.harvard.edu/api/access/datafile/4945226
doi:10.7910/DVN/AL2OQQ,A04_13909b.JPG,4945227,https://dataverse.harvard.edu/api/access/datafile/4945227
doi:10.7910/DVN/JB1VNW,A04_13910a.JPG,4945228,https://dataverse.harvard.edu/api/access/datafile/4945228
doi:10.7910/DVN/AY6IWI,A04_13910b.JPG,4945229,https://dataverse.harvard.edu/api/access/datafile/4945229
doi:10.7910/DVN/KSF82Q,A04_13911a.JPG,4945230,https://dataverse.harvard.edu/api/access/datafile/4945230
doi:10.7910/DVN/ADAYOH,A04_13911b.JPG,4945231,https://dataverse.harvard.edu/api/access/datafile/4945231
doi:10.7910/DVN/C35XX1,A04_13911c.JPG,4945232,https://dataverse.harvard.edu/api/access/datafile/4945232
doi:10.7910/DVN/ACHMD7,A04_13911d.JPG,4945233,https://dataverse.harvard.edu/api/access/datafile/4945233
doi:10.7910/DVN/BJYEQX,A04_13912a.JPG,4945234,https://dataverse.harvard.edu/api/access/datafile/4945234
doi:10.7910/DVN/1EVUQZ,A04_13912a.JPG,4945235,https://dataverse.harvard.edu/api/access/datafile/4945235
doi:10.7910/DVN/KOT0LR,A04_13912b.JPG,4945236,https://dataverse.harvard.edu/api/access/datafile/4945236
doi:10.7910/DVN/H9UGW7,A04_13913a.JPG,4945237,https://dataverse.harvard.edu/api/access/datafile/4945237
doi:10.7910/DVN/PLSMAE,A04_13913b.JPG,4945238,https://dataverse.harvard.edu/api/access/datafile/4945238
doi:10.7910/DVN/VROER6,A04_13914a.JPG,4945239,https://dataverse.harvard.edu/api/access/datafile/4945239
doi:10.7910/DVN/1JYQ6C,A04_13914b.JPG,4945240,https://dataverse.harvard.edu/api/access/datafile/4945240
doi:10.7910/DVN/XPLL17,A04_13914c.JPG,4945241,https://dataverse.harvard.edu/api/access/datafile/4945241
doi:10.7910/DVN/ANOMPA,A04_13914d.JPG,4945242,https://dataverse.harvard.edu/api/access/datafile/4945242
doi:10.7910/DVN/KN8XC9,A04_13914e.JPG,4945243,https://dataverse.harvard.edu/api/access/datafile/4945243
doi:10.7910/DVN/SSTR29,A04_13915.JPG,4945244,https://dataverse.harvard.edu/api/access/datafile/4945244
doi:10.7910/DVN/JYF3JS,A04_13916a.JPG,4945245,https://dataverse.harvard.edu/api/access/datafile/4945245
doi:10.7910/DVN/XTRUBW,A04_13916b.JPG,4945246,https://dataverse.harvard.edu/api/access/datafile/4945246
doi:10.7910/DVN/QODRVV,A04_13916c.JPG,4945247,https://dataverse.harvard.edu/api/access/datafile/4945247
doi:10.7910/DVN/1VIKVR,A04_13916d.JPG,4945248,https://dataverse.harvard.edu/api/access/datafile/4945248
doi:10.7910/DVN/XRSFU7,A04_13916e.JPG,4945249,https://dataverse.harvard.edu/api/access/datafile/4945249
doi:10.7910/DVN/KPBTSH,A04_13916f.JPG,4945250,https://dataverse.harvard.edu/api/access/datafile/4945250
doi:10.7910/DVN/FAD5OX,A04_13916g.JPG,4945251,https://dataverse.harvard.edu/api/access/datafile/4945251
doi:10.7910/DVN/JKM9DM,A04_13917a.JPG,4945252,https://dataverse.harvard.edu/api/access/datafile/4945252
doi:10.7910/DVN/TFAQ7K,A04_13917b.JPG,4945253,https://dataverse.harvard.edu/api/access/datafile/4945253
doi:10.7910/DVN/ZSYPMZ,A04_13918a.JPG,4945254,https://dataverse.harvard.edu/api/access/datafile/4945254
doi:10.7910/DVN/OXCBE4,A04_13918b.JPG,4945255,https://dataverse.harvard.edu/api/access/datafile/4945255
doi:10.7910/DVN/9WQ5WT,A04_13918c.JPG,4945256,https://dataverse.harvard.edu/api/access/datafile/4945256
doi:10.7910/DVN/NC980O,A04_13918d.JPG,4945257,https://dataverse.harvard.edu/api/access/datafile/4945257
doi:10.7910/DVN/QBXAHV,A04_13919a.JPG,6153144,https://dataverse.harvard.edu/api/access/datafile/6153144
doi:10.7910/DVN/MAJ7L3,A04_13919b.JPG,4945258,https://dataverse.harvard.edu/api/access/datafile/4945258
doi:10.7910/DVN/0EGGBJ,A04_13919c.JPG,4945259,https://dataverse.harvard.edu/api/access/datafile/4945259
doi:10.7910/DVN/FANYKH,A04_13920a.JPG,4945260,https://dataverse.harvard.edu/api/access/datafile/4945260
doi:10.7910/DVN/8XDGIJ,A04_13920b.JPG,6153145,https://dataverse.harvard.edu/api/access/datafile/6153145
doi:10.7910/DVN/G3ZZXU,A04_13922a.JPG,4945261,https://dataverse.harvard.edu/api/access/datafile/4945261
doi:10.7910/DVN/KXTZJL,A04_13922b.JPG,4945262,https://dataverse.harvard.edu/api/access/datafile/4945262
doi:10.7910/DVN/1EQ2WS,A04_13923.JPG,4945263,https://dataverse.harvard.edu/api/access/datafile/4945263
doi:10.7910/DVN/H3NVD8,A04_13924a.JPG,4945264,https://dataverse.harvard.edu/api/access/datafile/4945264
doi:10.7910/DVN/SCXEAZ,A04_13924b.JPG,4945265,https://dataverse.harvard.edu/api/access/datafile/4945265
doi:10.7910/DVN/NPSZSU,A04_13924c.JPG,4945266,https://dataverse.harvard.edu/api/access/datafile/4945266
doi:10.7910/DVN/HLPMHP,A04_13925.JPG,4945267,https://dataverse.harvard.edu/api/access/datafile/4945267
doi:10.7910/DVN/X9FPIC,A04_13925a.JPG,4945268,https://dataverse.harvard.edu/api/access/datafile/4945268
doi:10.7910/DVN/HLGEZS,A04_13925b.JPG,4945269,https://dataverse.harvard.edu/api/access/datafile/4945269
doi:10.7910/DVN/EV1LHU,A04_13925c.JPG,4945270,https://dataverse.harvard.edu/api/access/datafile/4945270
doi:10.7910/DVN/DVOT8P,A04_13925d.JPG,4945271,https://dataverse.harvard.edu/api/access/datafile/4945271
doi:10.7910/DVN/W5K3IG,A04_13926.JPG,4945272,https://dataverse.harvard.edu/api/access/datafile/4945272
doi:10.7910/DVN/KR4VZS,A04_13926a.JPG,4945273,https://dataverse.harvard.edu/api/access/datafile/4945273
doi:10.7910/DVN/XSBZL3,A04_13927.JPG,4945274,https://dataverse.harvard.edu/api/access/datafile/4945274
doi:10.7910/DVN/MAC5ET,A04_13927a.JPG,4945275,https://dataverse.harvard.edu/api/access/datafile/4945275
doi:10.7910/DVN/ZBSY0X,A04_13928.JPG,4945276,https://dataverse.harvard.edu/api/access/datafile/4945276
doi:10.7910/DVN/G59OJD,A04_13928a.JPG,4945277,https://dataverse.harvard.edu/api/access/datafile/4945277
doi:10.7910/DVN/HFEFGX,A04_13928b.JPG,4945278,https://dataverse.harvard.edu/api/access/datafile/4945278
doi:10.7910/DVN/ELO4OS,A04_13929.JPG,4945279,https://dataverse.harvard.edu/api/access/datafile/4945279
doi:10.7910/DVN/EYYYWZ,A04_13929a.JPG,4945280,https://dataverse.harvard.edu/api/access/datafile/4945280
doi:10.7910/DVN/754OKT,A04_13929b.JPG,4945281,https://dataverse.harvard.edu/api/access/datafile/4945281
doi:10.7910/DVN/2BMVOO,A04_13930.JPG,4945282,https://dataverse.harvard.edu/api/access/datafile/4945282
doi:10.7910/DVN/TGGMNU,A04_13930a.JPG,4945283,https://dataverse.harvard.edu/api/access/datafile/4945283
doi:10.7910/DVN/BJC5YV,A04_13931.JPG,4945284,https://dataverse.harvard.edu/api/access/datafile/4945284
doi:10.7910/DVN/GW8KRL,A04_13931a.JPG,4945285,https://dataverse.harvard.edu/api/access/datafile/4945285
doi:10.7910/DVN/9VXNIG,A04_13931b.JPG,4945286,https://dataverse.harvard.edu/api/access/datafile/4945286
doi:10.7910/DVN/CVJXYT,A04_13931c.JPG,4945287,https://dataverse.harvard.edu/api/access/datafile/4945287
doi:10.7910/DVN/E2MFAX,A04_13932.JPG,4945288,https://dataverse.harvard.edu/api/access/datafile/4945288
doi:10.7910/DVN/FPPBUR,A04_13932a.JPG,4945289,https://dataverse.harvard.edu/api/access/datafile/4945289
doi:10.7910/DVN/MFI9RX,A04_13933.JPG,4945290,https://dataverse.harvard.edu/api/access/datafile/4945290
doi:10.7910/DVN/YDABH9,A04_13933a.JPG,4945291,https://dataverse.harvard.edu/api/access/datafile/4945291
doi:10.7910/DVN/CBJ6WG,A04_13933b.JPG,4945292,https://dataverse.harvard.edu/api/access/datafile/4945292
doi:10.7910/DVN/VU4SCQ,A04_13933c.JPG,4945293,https://dataverse.harvard.edu/api/access/datafile/4945293
doi:10.7910/DVN/W5Y3Q2,A04_13933d.JPG,4945294,https://dataverse.harvard.edu/api/access/datafile/4945294
doi:10.7910/DVN/ACLKGN,A04_13934.JPG,4945295,https://dataverse.harvard.edu/api/access/datafile/4945295
doi:10.7910/DVN/X36C8R,A04_13934a.JPG,4945296,https://dataverse.harvard.edu/api/access/datafile/4945296
doi:10.7910/DVN/UVTPYS,A04_13935.JPG,4945297,https://dataverse.harvard.edu/api/access/datafile/4945297
doi:10.7910/DVN/3NDTN8,A04_13935a.JPG,4945298,https://dataverse.harvard.edu/api/access/datafile/4945298
doi:10.7910/DVN/LPPGW1,A04_13935b.JPG,4945299,https://dataverse.harvard.edu/api/access/datafile/4945299
doi:10.7910/DVN/6ZNGFE,A04_13936.JPG,4945300,https://dataverse.harvard.edu/api/access/datafile/4945300
doi:10.7910/DVN/QMCZDW,A04_13936a.JPG,4945301,https://dataverse.harvard.edu/api/access/datafile/4945301
doi:10.7910/DVN/LTG5T5,A04_13937.JPG,4945302,https://dataverse.harvard.edu/api/access/datafile/4945302
doi:10.7910/DVN/UYDKGJ,A04_13937a.JPG,4945303,https://dataverse.harvard.edu/api/access/datafile/4945303
doi:10.7910/DVN/VDCTR2,A04_13937b.JPG,4945304,https://dataverse.harvard.edu/api/access/datafile/4945304
doi:10.7910/DVN/CJN9HR,A04_13938.JPG,4945305,https://dataverse.harvard.edu/api/access/datafile/4945305
doi:10.7910/DVN/3EQ8TY,A04_13938a.JPG,4945306,https://dataverse.harvard.edu/api/access/datafile/4945306
doi:10.7910/DVN/IIGBMD,A04_13939.JPG,4945307,https://dataverse.harvard.edu/api/access/datafile/4945307
doi:10.7910/DVN/1XOD5J,A04_13939a.JPG,4945308,https://dataverse.harvard.edu/api/access/datafile/4945308
doi:10.7910/DVN/IOXCFR,A04_13940.JPG,4945309,https://dataverse.harvard.edu/api/access/datafile/4945309
doi:10.7910/DVN/Z1GS6S,A04_13940a.JPG,4945310,https://dataverse.harvard.edu/api/access/datafile/4945310
doi:10.7910/DVN/4YT47O,A04_13941.JPG,4945311,https://dataverse.harvard.edu/api/access/datafile/4945311
doi:10.7910/DVN/13WT2C,A04_13941a.JPG,4945312,https://dataverse.harvard.edu/api/access/datafile/4945312
doi:10.7910/DVN/LTR8QW,A04_13942.JPG,4945313,https://dataverse.harvard.edu/api/access/datafile/4945313
doi:10.7910/DVN/UZBLNL,A04_13942a.JPG,4945314,https://dataverse.harvard.edu/api/access/datafile/4945314
doi:10.7910/DVN/RNBJG2,A04_13943.JPG,4945315,https://dataverse.harvard.edu/api/access/datafile/4945315
doi:10.7910/DVN/K2J1DF,A04_13943a.JPG,4945316,https://dataverse.harvard.edu/api/access/datafile/4945316
doi:10.7910/DVN/UGNUXN,A04_13944.JPG,4945317,https://dataverse.harvard.edu/api/access/datafile/4945317
doi:10.7910/DVN/G6ISC9,A04_13944a.JPG,4945318,https://dataverse.harvard.edu/api/access/datafile/4945318
doi:10.7910/DVN/LEBSFV,A04_13945.JPG,4945319,https://dataverse.harvard.edu/api/access/datafile/4945319
doi:10.7910/DVN/3VHQOS,A04_13945a.JPG,4945320,https://dataverse.harvard.edu/api/access/datafile/4945320
doi:10.7910/DVN/PGFVBN,A04_13946.JPG,4945321,https://dataverse.harvard.edu/api/access/datafile/4945321
doi:10.7910/DVN/E3FJKZ,A04_13946a.JPG,4945322,https://dataverse.harvard.edu/api/access/datafile/4945322
doi:10.7910/DVN/XQMSDJ,A04_13947.JPG,4945323,https://dataverse.harvard.edu/api/access/datafile/4945323
doi:10.7910/DVN/XL3VDS,A04_13947a.JPG,4945324,https://dataverse.harvard.edu/api/access/datafile/4945324
doi:10.7910/DVN/GLQC6S,A04_13948.JPG,4945325,https://dataverse.harvard.edu/api/access/datafile/4945325
doi:10.7910/DVN/ZIF3HI,A04_13948a.JPG,6153146,https://dataverse.harvard.edu/api/access/datafile/6153146
doi:10.7910/DVN/XFOBW9,A04_13949.JPG,4945326,https://dataverse.harvard.edu/api/access/datafile/4945326
doi:10.7910/DVN/SHV6WR,A04_13949a.JPG,4945327,https://dataverse.harvard.edu/api/access/datafile/4945327
doi:10.7910/DVN/WXZRUF,A04_13950.JPG,6153147,https://dataverse.harvard.edu/api/access/datafile/6153147
doi:10.7910/DVN/PFBMFH,A04_13950a.JPG,4945328,https://dataverse.harvard.edu/api/access/datafile/4945328
doi:10.7910/DVN/VCRNF4,A04_13951.JPG,4945329,https://dataverse.harvard.edu/api/access/datafile/4945329
doi:10.7910/DVN/E7MUCN,A04_13952.JPG,4945330,https://dataverse.harvard.edu/api/access/datafile/4945330
doi:10.7910/DVN/JUU63G,A04_13952a.JPG,4945331,https://dataverse.harvard.edu/api/access/datafile/4945331
doi:10.7910/DVN/X51JJS,A04_13953.JPG,4945332,https://dataverse.harvard.edu/api/access/datafile/4945332
doi:10.7910/DVN/ETWY5H,A04_13953a.JPG,4945333,https://dataverse.harvard.edu/api/access/datafile/4945333
doi:10.7910/DVN/KHG7SD,A04_13954.JPG,4945334,https://dataverse.harvard.edu/api/access/datafile/4945334
doi:10.7910/DVN/IPEQMA,A04_13954a.JPG,4945335,https://dataverse.harvard.edu/api/access/datafile/4945335
doi:10.7910/DVN/SEKNZQ,A04_13955.JPG,4945336,https://dataverse.harvard.edu/api/access/datafile/4945336
doi:10.7910/DVN/OVPSN0,A04_13955a.JPG,4945337,https://dataverse.harvard.edu/api/access/datafile/4945337
doi:10.7910/DVN/A69ZKV,A04_13956.JPG,4945338,https://dataverse.harvard.edu/api/access/datafile/4945338
doi:10.7910/DVN/FN4CAV,A04_13956a.JPG,4945339,https://dataverse.harvard.edu/api/access/datafile/4945339
doi:10.7910/DVN/TBB9IY,A04_13957.JPG,4945340,https://dataverse.harvard.edu/api/access/datafile/4945340
doi:10.7910/DVN/S3QXGB,A04_13957a.JPG,4945341,https://dataverse.harvard.edu/api/access/datafile/4945341
doi:10.7910/DVN/3MGRFB,A04_13958.JPG,4945342,https://dataverse.harvard.edu/api/access/datafile/4945342
doi:10.7910/DVN/MYANGS,A04_13958a.JPG,4945343,https://dataverse.harvard.edu/api/access/datafile/4945343
doi:10.7910/DVN/9X3PHQ,A04_13959.JPG,4945344,https://dataverse.harvard.edu/api/access/datafile/4945344
doi:10.7910/DVN/AHDBDK,A04_13959a.JPG,4945345,https://dataverse.harvard.edu/api/access/datafile/4945345
doi:10.7910/DVN/6BJFOU,A04_13960.JPG,4945346,https://dataverse.harvard.edu/api/access/datafile/4945346
doi:10.7910/DVN/MULUCB,A04_13960a.JPG,4945347,https://dataverse.harvard.edu/api/access/datafile/4945347
doi:10.7910/DVN/PHFAYM,A04_13961.JPG,4945348,https://dataverse.harvard.edu/api/access/datafile/4945348
doi:10.7910/DVN/6CPIVQ,A04_13961a.JPG,4945349,https://dataverse.harvard.edu/api/access/datafile/4945349
doi:10.7910/DVN/NTJUVC,A04_13962.JPG,4945350,https://dataverse.harvard.edu/api/access/datafile/4945350
doi:10.7910/DVN/FO2HZX,A04_13962a.JPG,4945351,https://dataverse.harvard.edu/api/access/datafile/4945351
doi:10.7910/DVN/0JOGQK,A04_13963.JPG,4945352,https://dataverse.harvard.edu/api/access/datafile/4945352
doi:10.7910/DVN/FPWZLU,A04_13963a.JPG,4945353,https://dataverse.harvard.edu/api/access/datafile/4945353
doi:10.7910/DVN/FCFW7S,A04_13964.JPG,4945354,https://dataverse.harvard.edu/api/access/datafile/4945354
doi:10.7910/DVN/MORNXP,A04_13964a.JPG,4945355,https://dataverse.harvard.edu/api/access/datafile/4945355
doi:10.7910/DVN/TQUMG4,A04_13965.JPG,4945356,https://dataverse.harvard.edu/api/access/datafile/4945356
doi:10.7910/DVN/CPD2NP,A04_13965a.JPG,4945357,https://dataverse.harvard.edu/api/access/datafile/4945357
doi:10.7910/DVN/LDWKI1,A04_13966.JPG,4945358,https://dataverse.harvard.edu/api/access/datafile/4945358
doi:10.7910/DVN/3LFLVM,A04_13966a.JPG,4945359,https://dataverse.harvard.edu/api/access/datafile/4945359
doi:10.7910/DVN/LSDRLI,A04_13967.JPG,4945360,https://dataverse.harvard.edu/api/access/datafile/4945360
doi:10.7910/DVN/YIMDWO,A04_13967a.JPG,4945361,https://dataverse.harvard.edu/api/access/datafile/4945361
doi:10.7910/DVN/ZHEZ08,A04_13968.JPG,4945362,https://dataverse.harvard.edu/api/access/datafile/4945362
doi:10.7910/DVN/DJSCT6,A04_13968a.JPG,4945363,https://dataverse.harvard.edu/api/access/datafile/4945363
doi:10.7910/DVN/5PMDR0,A04_13969.JPG,4945364,https://dataverse.harvard.edu/api/access/datafile/4945364
doi:10.7910/DVN/LREDOE,A04_13969a.JPG,4945365,https://dataverse.harvard.edu/api/access/datafile/4945365
doi:10.7910/DVN/TZKFV1,A04_13970.JPG,4945366,https://dataverse.harvard.edu/api/access/datafile/4945366
doi:10.7910/DVN/YS2Y2X,A04_13970a.JPG,4945367,https://dataverse.harvard.edu/api/access/datafile/4945367
doi:10.7910/DVN/4B4YCZ,A04_13971.JPG,4945368,https://dataverse.harvard.edu/api/access/datafile/4945368
doi:10.7910/DVN/YM2DR6,A04_13971a.JPG,4945369,https://dataverse.harvard.edu/api/access/datafile/4945369
doi:10.7910/DVN/TLGFEF,A04_13972.JPG,4945370,https://dataverse.harvard.edu/api/access/datafile/4945370
doi:10.7910/DVN/JE8CNB,A04_13972a.JPG,4945371,https://dataverse.harvard.edu/api/access/datafile/4945371
doi:10.7910/DVN/KCACSI,A04_13973.JPG,4945372,https://dataverse.harvard.edu/api/access/datafile/4945372
doi:10.7910/DVN/RNLXWA,A04_13973a.JPG,4945373,https://dataverse.harvard.edu/api/access/datafile/4945373
doi:10.7910/DVN/H7TK71,A04_13974.JPG,4945374,https://dataverse.harvard.edu/api/access/datafile/4945374
doi:10.7910/DVN/ONJ7GD,A04_13974a.JPG,4945375,https://dataverse.harvard.edu/api/access/datafile/4945375
doi:10.7910/DVN/OQQO65,A04_13975.JPG,4945376,https://dataverse.harvard.edu/api/access/datafile/4945376
doi:10.7910/DVN/MEPKCC,A04_13975a.JPG,4945377,https://dataverse.harvard.edu/api/access/datafile/4945377
doi:10.7910/DVN/8HN4PK,A04_13976.JPG,4945378,https://dataverse.harvard.edu/api/access/datafile/4945378
doi:10.7910/DVN/VCSI0T,A04_13976a.JPG,4945379,https://dataverse.harvard.edu/api/access/datafile/4945379
doi:10.7910/DVN/HPYGKR,A04_13977.JPG,4945380,https://dataverse.harvard.edu/api/access/datafile/4945380
doi:10.7910/DVN/ZGYF71,A04_13977a.JPG,4945381,https://dataverse.harvard.edu/api/access/datafile/4945381
doi:10.7910/DVN/KI7YTJ,A04_13978.JPG,4945382,https://dataverse.harvard.edu/api/access/datafile/4945382
doi:10.7910/DVN/HAVV8W,A04_13978a.JPG,4945383,https://dataverse.harvard.edu/api/access/datafile/4945383
doi:10.7910/DVN/XMJUDX,A04_13979.JPG,4945384,https://dataverse.harvard.edu/api/access/datafile/4945384
doi:10.7910/DVN/EGAR3J,A04_13979b.JPG,4945385,https://dataverse.harvard.edu/api/access/datafile/4945385
doi:10.7910/DVN/ZHZ1U1,A04_13980.JPG,4945386,https://dataverse.harvard.edu/api/access/datafile/4945386
doi:10.7910/DVN/1CQHAE,A04_13980a.JPG,4945387,https://dataverse.harvard.edu/api/access/datafile/4945387
doi:10.7910/DVN/SKAK10,A04_13981.JPG,4945388,https://dataverse.harvard.edu/api/access/datafile/4945388
doi:10.7910/DVN/F3NGPL,A04_13981a.JPG,4945389,https://dataverse.harvard.edu/api/access/datafile/4945389
doi:10.7910/DVN/IQGJWI,A04_13982.JPG,4945390,https://dataverse.harvard.edu/api/access/datafile/4945390
doi:10.7910/DVN/VVCDXG,A04_13982a.JPG,4945391,https://dataverse.harvard.edu/api/access/datafile/4945391
doi:10.7910/DVN/CUFBHL,A04_13982b.JPG,4945392,https://dataverse.harvard.edu/api/access/datafile/4945392
doi:10.7910/DVN/MJ7RPL,A04_13983.JPG,4945393,https://dataverse.harvard.edu/api/access/datafile/4945393
doi:10.7910/DVN/LOIDYW,A04_13983a.JPG,4945394,https://dataverse.harvard.edu/api/access/datafile/4945394
doi:10.7910/DVN/D7N3AR,A04_13984.JPG,4945395,https://dataverse.harvard.edu/api/access/datafile/4945395
doi:10.7910/DVN/UFH2QU,A04_13984a.JPG,4945396,https://dataverse.harvard.edu/api/access/datafile/4945396
doi:10.7910/DVN/JDN2EM,A04_13985.JPG,4945397,https://dataverse.harvard.edu/api/access/datafile/4945397
doi:10.7910/DVN/LBKELJ,A04_13985a.JPG,4945398,https://dataverse.harvard.edu/api/access/datafile/4945398
doi:10.7910/DVN/MQXIU5,A04_13986.JPG,4945399,https://dataverse.harvard.edu/api/access/datafile/4945399
doi:10.7910/DVN/RMDNGZ,A04_13986a.JPG,4945400,https://dataverse.harvard.edu/api/access/datafile/4945400
doi:10.7910/DVN/VBZRZY,A04_13987.JPG,4945401,https://dataverse.harvard.edu/api/access/datafile/4945401
doi:10.7910/DVN/LAMLFR,A04_13987a.JPG,4945402,https://dataverse.harvard.edu/api/access/datafile/4945402
doi:10.7910/DVN/ZVY2LO,A04_13988.JPG,4945403,https://dataverse.harvard.edu/api/access/datafile/4945403
doi:10.7910/DVN/VD31EZ,A04_13988a.JPG,4945404,https://dataverse.harvard.edu/api/access/datafile/4945404
doi:10.7910/DVN/0L9M2K,A04_13989.JPG,4945405,https://dataverse.harvard.edu/api/access/datafile/4945405
doi:10.7910/DVN/M2PFLV,A04_13989a.JPG,6153169,https://dataverse.harvard.edu/api/access/datafile/6153169
doi:10.7910/DVN/I8UXV9,A04_13990.JPG,4945406,https://dataverse.harvard.edu/api/access/datafile/4945406
doi:10.7910/DVN/NX9N3Q,A04_13990a.JPG,4945407,https://dataverse.harvard.edu/api/access/datafile/4945407
doi:10.7910/DVN/THXL2H,A04_13991.JPG,4945408,https://dataverse.harvard.edu/api/access/datafile/4945408
doi:10.7910/DVN/KIMGVK,A04_13991a.JPG,4945409,https://dataverse.harvard.edu/api/access/datafile/4945409
doi:10.7910/DVN/7EGU3C,A04_13992.JPG,4945411,https://dataverse.harvard.edu/api/access/datafile/4945411
doi:10.7910/DVN/NWDJIS,A04_13992a.JPG,4945412,https://dataverse.harvard.edu/api/access/datafile/4945412
doi:10.7910/DVN/OAM5BV,A04_13993.JPG,4945413,https://dataverse.harvard.edu/api/access/datafile/4945413
doi:10.7910/DVN/CUJXON,A04_13993a.JPG,4945414,https://dataverse.harvard.edu/api/access/datafile/4945414
doi:10.7910/DVN/CIXFL4,A04_13994.JPG,4945415,https://dataverse.harvard.edu/api/access/datafile/4945415
doi:10.7910/DVN/DS56I2,A04_13994a.JPG,4945416,https://dataverse.harvard.edu/api/access/datafile/4945416
doi:10.7910/DVN/SHZC8L,A04_13995.JPG,4945417,https://dataverse.harvard.edu/api/access/datafile/4945417
doi:10.7910/DVN/QR0WUY,A04_13995a.JPG,4945418,https://dataverse.harvard.edu/api/access/datafile/4945418
doi:10.7910/DVN/HVYYUP,A04_13996.JPG,4945419,https://dataverse.harvard.edu/api/access/datafile/4945419
doi:10.7910/DVN/OVEM5P,A04_13996a.JPG,4945420,https://dataverse.harvard.edu/api/access/datafile/4945420
doi:10.7910/DVN/877MAT,A04_13997.JPG,4945421,https://dataverse.harvard.edu/api/access/datafile/4945421
doi:10.7910/DVN/QNXWUI,A04_13997a.JPG,4945422,https://dataverse.harvard.edu/api/access/datafile/4945422
doi:10.7910/DVN/XVWVLU,A04_13998.JPG,4945423,https://dataverse.harvard.edu/api/access/datafile/4945423
doi:10.7910/DVN/A2V3IP,A04_13998a.JPG,4945424,https://dataverse.harvard.edu/api/access/datafile/4945424
doi:10.7910/DVN/RNIYHP,A04_13998b.JPG,4945425,https://dataverse.harvard.edu/api/access/datafile/4945425
doi:10.7910/DVN/C2YSUR,A04_13998c.JPG,4945426,https://dataverse.harvard.edu/api/access/datafile/4945426
doi:10.7910/DVN/MCDGMB,A04_13998d.JPG,4945427,https://dataverse.harvard.edu/api/access/datafile/4945427
doi:10.7910/DVN/BUL0IQ,A04_13999.JPG,4945428,https://dataverse.harvard.edu/api/access/datafile/4945428
doi:10.7910/DVN/ET4TRF,A04_13999a.JPG,4945429,https://dataverse.harvard.edu/api/access/datafile/4945429
doi:10.7910/DVN/3LU2S8,A04_14000.JPG,4945430,https://dataverse.harvard.edu/api/access/datafile/4945430
doi:10.7910/DVN/MF25AH,A04_14000a.JPG,4945431,https://dataverse.harvard.edu/api/access/datafile/4945431
doi:10.7910/DVN/LIVBUS,A04_14001.JPG,4945432,https://dataverse.harvard.edu/api/access/datafile/4945432
doi:10.7910/DVN/D4R27V,A04_14001a.JPG,4945433,https://dataverse.harvard.edu/api/access/datafile/4945433
doi:10.7910/DVN/XFG9SJ,A04_14002.JPG,4945434,https://dataverse.harvard.edu/api/access/datafile/4945434
doi:10.7910/DVN/MJJX6Q,A04_14002a.JPG,4945435,https://dataverse.harvard.edu/api/access/datafile/4945435
doi:10.7910/DVN/IPWMHS,A04_14003.JPG,4945436,https://dataverse.harvard.edu/api/access/datafile/4945436
doi:10.7910/DVN/QI0ISJ,A04_14003a.JPG,4945437,https://dataverse.harvard.edu/api/access/datafile/4945437
doi:10.7910/DVN/JTRATC,A04_14004.JPG,4945438,https://dataverse.harvard.edu/api/access/datafile/4945438
doi:10.7910/DVN/J93RO2,A04_14004a.JPG,4945439,https://dataverse.harvard.edu/api/access/datafile/4945439
doi:10.7910/DVN/QMKIID,A04_14005.JPG,4945440,https://dataverse.harvard.edu/api/access/datafile/4945440
doi:10.7910/DVN/VDNXLY,A04_14005a.JPG,4945441,https://dataverse.harvard.edu/api/access/datafile/4945441
doi:10.7910/DVN/LB9HBQ,A04_14005b.JPG,4945442,https://dataverse.harvard.edu/api/access/datafile/4945442
doi:10.7910/DVN/ER0ZSM,A04_14005c.JPG,4945443,https://dataverse.harvard.edu/api/access/datafile/4945443
doi:10.7910/DVN/AC97OR,A04_14005d.JPG,4945444,https://dataverse.harvard.edu/api/access/datafile/4945444
doi:10.7910/DVN/4HTRFA,A04_14006.JPG,4945445,https://dataverse.harvard.edu/api/access/datafile/4945445
doi:10.7910/DVN/PM8HFZ,A04_14006a.JPG,4945446,https://dataverse.harvard.edu/api/access/datafile/4945446
doi:10.7910/DVN/0YTKZ2,A04_14007.JPG,4945447,https://dataverse.harvard.edu/api/access/datafile/4945447
doi:10.7910/DVN/ZCV9BJ,A04_14007a.JPG,4945448,https://dataverse.harvard.edu/api/access/datafile/4945448
doi:10.7910/DVN/USNBTR,A04_14007b.JPG,4945449,https://dataverse.harvard.edu/api/access/datafile/4945449
doi:10.7910/DVN/IVQEP2,A04_14008.JPG,4945450,https://dataverse.harvard.edu/api/access/datafile/4945450
doi:10.7910/DVN/OTAYZD,A04_14008a.JPG,6153170,https://dataverse.harvard.edu/api/access/datafile/6153170
doi:10.7910/DVN/TT85TJ,A04_14009.JPG,4945451,https://dataverse.harvard.edu/api/access/datafile/4945451
doi:10.7910/DVN/DUW2NM,A04_14009a.JPG,4945452,https://dataverse.harvard.edu/api/access/datafile/4945452
doi:10.7910/DVN/WJJA8K,A04_14010.JPG,4945453,https://dataverse.harvard.edu/api/access/datafile/4945453
doi:10.7910/DVN/T88VSY,A04_14010a.JPG,4945454,https://dataverse.harvard.edu/api/access/datafile/4945454
doi:10.7910/DVN/KTB0MB,A04_14011.JPG,4945455,https://dataverse.harvard.edu/api/access/datafile/4945455
doi:10.7910/DVN/ZYWAZL,A04_14011a.JPG,4945456,https://dataverse.harvard.edu/api/access/datafile/4945456
doi:10.7910/DVN/PSJD6Y,A04_14012.JPG,4945457,https://dataverse.harvard.edu/api/access/datafile/4945457
doi:10.7910/DVN/9TR13D,A04_14012a.JPG,4945458,https://dataverse.harvard.edu/api/access/datafile/4945458
doi:10.7910/DVN/JYEI0T,A04_14013.JPG,4945459,https://dataverse.harvard.edu/api/access/datafile/4945459
doi:10.7910/DVN/QK7UEU,A04_14013a.JPG,4945460,https://dataverse.harvard.edu/api/access/datafile/4945460
doi:10.7910/DVN/5GHEE6,A04_14014.JPG,4945461,https://dataverse.harvard.edu/api/access/datafile/4945461
doi:10.7910/DVN/5GEHCP,A04_14014a.JPG,4945462,https://dataverse.harvard.edu/api/access/datafile/4945462
doi:10.7910/DVN/KVHSVC,A04_14015.JPG,4945463,https://dataverse.harvard.edu/api/access/datafile/4945463
doi:10.7910/DVN/H97ODH,A04_14016.JPG,4945464,https://dataverse.harvard.edu/api/access/datafile/4945464
doi:10.7910/DVN/8IMHM2,A04_14017.JPG,4945465,https://dataverse.harvard.edu/api/access/datafile/4945465
doi:10.7910/DVN/LA0O1L,A04_14018a.JPG,4945466,https://dataverse.harvard.edu/api/access/datafile/4945466
doi:10.7910/DVN/TE4GI0,A04_14018b.JPG,4945467,https://dataverse.harvard.edu/api/access/datafile/4945467
doi:10.7910/DVN/FLOFTE,A04_14018c.JPG,4945468,https://dataverse.harvard.edu/api/access/datafile/4945468
doi:10.7910/DVN/NMXH0F,A04_14019a.JPG,4945469,https://dataverse.harvard.edu/api/access/datafile/4945469
doi:10.7910/DVN/M66D39,A04_14019b.JPG,4945470,https://dataverse.harvard.edu/api/access/datafile/4945470
doi:10.7910/DVN/OTIBFL,A04_14020.JPG,4945471,https://dataverse.harvard.edu/api/access/datafile/4945471
doi:10.7910/DVN/TLG5PG,A04_14020a.JPG,4945472,https://dataverse.harvard.edu/api/access/datafile/4945472
doi:10.7910/DVN/YGPREI,A04_14020b.JPG,4945473,https://dataverse.harvard.edu/api/access/datafile/4945473
doi:10.7910/DVN/VJTKYU,A04_14020c.JPG,4945474,https://dataverse.harvard.edu/api/access/datafile/4945474
doi:10.7910/DVN/TVM1UH,A04_14021.JPG,4945475,https://dataverse.harvard.edu/api/access/datafile/4945475
doi:10.7910/DVN/VYPWLD,A04_14021a.JPG,4945476,https://dataverse.harvard.edu/api/access/datafile/4945476
doi:10.7910/DVN/DAFECS,A04_14021b.JPG,4945477,https://dataverse.harvard.edu/api/access/datafile/4945477
doi:10.7910/DVN/OLFLAB,A04_14021c.JPG,4945478,https://dataverse.harvard.edu/api/access/datafile/4945478
doi:10.7910/DVN/757QFL,A04_14022.JPG,4945479,https://dataverse.harvard.edu/api/access/datafile/4945479
doi:10.7910/DVN/NKYLSZ,A04_14022a.JPG,4945480,https://dataverse.harvard.edu/api/access/datafile/4945480
doi:10.7910/DVN/6CWEOQ,A04_14023.JPG,4945481,https://dataverse.harvard.edu/api/access/datafile/4945481
doi:10.7910/DVN/LCXWKS,A04_14023a.JPG,4945482,https://dataverse.harvard.edu/api/access/datafile/4945482
doi:10.7910/DVN/T2TPGE,A04_14023b.JPG,4945483,https://dataverse.harvard.edu/api/access/datafile/4945483
doi:10.7910/DVN/MY5RCE,A04_14024.JPG,4945484,https://dataverse.harvard.edu/api/access/datafile/4945484
doi:10.7910/DVN/II1KTH,A04_14024a.JPG,4945485,https://dataverse.harvard.edu/api/access/datafile/4945485
doi:10.7910/DVN/C6Z3SO,A04_14024b.JPG,4945486,https://dataverse.harvard.edu/api/access/datafile/4945486
doi:10.7910/DVN/MS56W0,A04_14024c.JPG,4945487,https://dataverse.harvard.edu/api/access/datafile/4945487
doi:10.7910/DVN/3G7PKN,A04_14025.JPG,4945488,https://dataverse.harvard.edu/api/access/datafile/4945488
doi:10.7910/DVN/JSLLWY,A04_14025a.JPG,4945489,https://dataverse.harvard.edu/api/access/datafile/4945489
doi:10.7910/DVN/EKOXCE,A04_14026.JPG,4945490,https://dataverse.harvard.edu/api/access/datafile/4945490
doi:10.7910/DVN/FGD4I5,A04_14026a.JPG,4945491,https://dataverse.harvard.edu/api/access/datafile/4945491
doi:10.7910/DVN/YPR3J3,A04_14027.JPG,4945492,https://dataverse.harvard.edu/api/access/datafile/4945492
doi:10.7910/DVN/LKBBYK,A04_14027a.JPG,4945493,https://dataverse.harvard.edu/api/access/datafile/4945493
doi:10.7910/DVN/BJPXQO,A04_14027b.JPG,4945494,https://dataverse.harvard.edu/api/access/datafile/4945494
doi:10.7910/DVN/VX6SO1,A04_14028.JPG,4945495,https://dataverse.harvard.edu/api/access/datafile/4945495
doi:10.7910/DVN/GPCESJ,A04_14028a.JPG,4945496,https://dataverse.harvard.edu/api/access/datafile/4945496
doi:10.7910/DVN/2QE3CF,A04_14029.JPG,4945497,https://dataverse.harvard.edu/api/access/datafile/4945497
doi:10.7910/DVN/GB0S7C,A04_14029a.JPG,4945498,https://dataverse.harvard.edu/api/access/datafile/4945498
doi:10.7910/DVN/NVQ2IY,A04_14030.JPG,4945499,https://dataverse.harvard.edu/api/access/datafile/4945499
doi:10.7910/DVN/YODTUR,A04_14030a.JPG,4945500,https://dataverse.harvard.edu/api/access/datafile/4945500
doi:10.7910/DVN/XZB2ZR,A04_14030b.JPG,4945501,https://dataverse.harvard.edu/api/access/datafile/4945501
doi:10.7910/DVN/6LLJGH,A04_14030c.JPG,4945502,https://dataverse.harvard.edu/api/access/datafile/4945502
doi:10.7910/DVN/FYDNOD,A04_14030d.JPG,4945503,https://dataverse.harvard.edu/api/access/datafile/4945503
doi:10.7910/DVN/LYYRHC,A04_14030e.JPG,4945504,https://dataverse.harvard.edu/api/access/datafile/4945504
doi:10.7910/DVN/1PPBGI,A04_14030f.JPG,4945505,https://dataverse.harvard.edu/api/access/datafile/4945505
doi:10.7910/DVN/RORJFU,A04_14030g.JPG,4945506,https://dataverse.harvard.edu/api/access/datafile/4945506
doi:10.7910/DVN/EGFNF9,A04_14031.JPG,4945507,https://dataverse.harvard.edu/api/access/datafile/4945507
doi:10.7910/DVN/ZACODU,A04_14031a.JPG,4945508,https://dataverse.harvard.edu/api/access/datafile/4945508
doi:10.7910/DVN/ALYODI,A04_14031b.JPG,4945509,https://dataverse.harvard.edu/api/access/datafile/4945509
doi:10.7910/DVN/8QTJP0,A04_14032.JPG,4945510,https://dataverse.harvard.edu/api/access/datafile/4945510
doi:10.7910/DVN/1HEPBL,A04_14032a.JPG,4945511,https://dataverse.harvard.edu/api/access/datafile/4945511
doi:10.7910/DVN/NLLLDX,A04_14032b.JPG,4945512,https://dataverse.harvard.edu/api/access/datafile/4945512
doi:10.7910/DVN/R0C6E7,A04_14032c.JPG,4945513,https://dataverse.harvard.edu/api/access/datafile/4945513
doi:10.7910/DVN/4NZ0OD,A04_14033.JPG,4945514,https://dataverse.harvard.edu/api/access/datafile/4945514
doi:10.7910/DVN/1GJHFY,A04_14033a.JPG,4945515,https://dataverse.harvard.edu/api/access/datafile/4945515
doi:10.7910/DVN/HGW8MO,A04_14033b.JPG,4945516,https://dataverse.harvard.edu/api/access/datafile/4945516
doi:10.7910/DVN/0GKGPO,A04_14034.JPG,4945517,https://dataverse.harvard.edu/api/access/datafile/4945517
doi:10.7910/DVN/Q5OOVU,A04_14034a.JPG,4945518,https://dataverse.harvard.edu/api/access/datafile/4945518
doi:10.7910/DVN/SY6WPF,A04_14035.JPG,4945519,https://dataverse.harvard.edu/api/access/datafile/4945519
doi:10.7910/DVN/EF4R7J,A04_14035a.JPG,4945520,https://dataverse.harvard.edu/api/access/datafile/4945520
doi:10.7910/DVN/PFPKZE,A04_14035b.JPG,4945521,https://dataverse.harvard.edu/api/access/datafile/4945521
doi:10.7910/DVN/PI1JJO,A04_14036.JPG,4945522,https://dataverse.harvard.edu/api/access/datafile/4945522
doi:10.7910/DVN/3BXPOR,A04_14036a.JPG,4945523,https://dataverse.harvard.edu/api/access/datafile/4945523
doi:10.7910/DVN/NEUN1Q,A04_14036b.JPG,4945524,https://dataverse.harvard.edu/api/access/datafile/4945524
doi:10.7910/DVN/MQRPEY,A04_14037.JPG,4945525,https://dataverse.harvard.edu/api/access/datafile/4945525
doi:10.7910/DVN/GTIQS6,A04_14037a.JPG,4945526,https://dataverse.harvard.edu/api/access/datafile/4945526
doi:10.7910/DVN/AZBCAR,A04_14038.JPG,4945527,https://dataverse.harvard.edu/api/access/datafile/4945527
doi:10.7910/DVN/KJJ3YN,A04_14038a.JPG,4945528,https://dataverse.harvard.edu/api/access/datafile/4945528
doi:10.7910/DVN/MY0FJK,A04_14038a.JPG,4945529,https://dataverse.harvard.edu/api/access/datafile/4945529
doi:10.7910/DVN/H6FNGE,A04_14038c.JPG,4945530,https://dataverse.harvard.edu/api/access/datafile/4945530
doi:10.7910/DVN/ELIJW5,A04_14038d.JPG,4945531,https://dataverse.harvard.edu/api/access/datafile/4945531
doi:10.7910/DVN/UX4PJI,A04_14039.JPG,4945532,https://dataverse.harvard.edu/api/access/datafile/4945532
doi:10.7910/DVN/ALXETP,A04_14039a.JPG,4945533,https://dataverse.harvard.edu/api/access/datafile/4945533
doi:10.7910/DVN/C3QQJY,A04_14039b.JPG,4945534,https://dataverse.harvard.edu/api/access/datafile/4945534
doi:10.7910/DVN/L2RINX,A04_14040.JPG,4945535,https://dataverse.harvard.edu/api/access/datafile/4945535
doi:10.7910/DVN/2R8PNC,A04_14040a.JPG,4945536,https://dataverse.harvard.edu/api/access/datafile/4945536
doi:10.7910/DVN/AIMRSV,A04_14040b.JPG,4945537,https://dataverse.harvard.edu/api/access/datafile/4945537
doi:10.7910/DVN/9FETKA,A04_14041.JPG,4945538,https://dataverse.harvard.edu/api/access/datafile/4945538
doi:10.7910/DVN/P1WE9P,A04_14041a.JPG,4945539,https://dataverse.harvard.edu/api/access/datafile/4945539
doi:10.7910/DVN/HBNL0K,A04_14041b.JPG,4945540,https://dataverse.harvard.edu/api/access/datafile/4945540
doi:10.7910/DVN/7KMNEX,A04_14041c.JPG,4945541,https://dataverse.harvard.edu/api/access/datafile/4945541
doi:10.7910/DVN/N9NPVZ,A04_14042.JPG,4945542,https://dataverse.harvard.edu/api/access/datafile/4945542
doi:10.7910/DVN/DGWK9Y,A04_14042a.JPG,4945543,https://dataverse.harvard.edu/api/access/datafile/4945543
doi:10.7910/DVN/XH1K4X,A04_14042b.JPG,4945544,https://dataverse.harvard.edu/api/access/datafile/4945544
doi:10.7910/DVN/RKMWHW,A04_14042c.JPG,4945545,https://dataverse.harvard.edu/api/access/datafile/4945545
doi:10.7910/DVN/JIAF2F,A04_14042c.JPG,4945546,https://dataverse.harvard.edu/api/access/datafile/4945546
doi:10.7910/DVN/FSANGK,A04_14043.JPG,4945547,https://dataverse.harvard.edu/api/access/datafile/4945547
doi:10.7910/DVN/YMCME2,A04_14043a.JPG,4945548,https://dataverse.harvard.edu/api/access/datafile/4945548
doi:10.7910/DVN/RYPDZL,A04_14043b.JPG,4945549,https://dataverse.harvard.edu/api/access/datafile/4945549
doi:10.7910/DVN/LDTCQL,A04_14043c.JPG,4945550,https://dataverse.harvard.edu/api/access/datafile/4945550
doi:10.7910/DVN/SW00WW,A04_14044.JPG,4945551,https://dataverse.harvard.edu/api/access/datafile/4945551
doi:10.7910/DVN/DTS0KJ,A04_14044a.JPG,4945552,https://dataverse.harvard.edu/api/access/datafile/4945552
doi:10.7910/DVN/PIREKS,A04_14044b.JPG,4945553,https://dataverse.harvard.edu/api/access/datafile/4945553
doi:10.7910/DVN/QRA19P,A04_14045.JPG,4945554,https://dataverse.harvard.edu/api/access/datafile/4945554
doi:10.7910/DVN/LLNLRO,A04_14045a.JPG,4945555,https://dataverse.harvard.edu/api/access/datafile/4945555
doi:10.7910/DVN/0WGDXU,A04_14045b.JPG,4945556,https://dataverse.harvard.edu/api/access/datafile/4945556
doi:10.7910/DVN/GXWZKF,A04_14046.JPG,4945557,https://dataverse.harvard.edu/api/access/datafile/4945557
doi:10.7910/DVN/TQSOGQ,A04_14046a.JPG,4945558,https://dataverse.harvard.edu/api/access/datafile/4945558
doi:10.7910/DVN/XUEP4Z,A04_14046b.JPG,4945559,https://dataverse.harvard.edu/api/access/datafile/4945559
doi:10.7910/DVN/Z6JSEV,A04_14047.JPG,4945560,https://dataverse.harvard.edu/api/access/datafile/4945560
doi:10.7910/DVN/J91K5U,A04_14047a.JPG,4945561,https://dataverse.harvard.edu/api/access/datafile/4945561
doi:10.7910/DVN/PS24M0,A04_14047b.JPG,4945562,https://dataverse.harvard.edu/api/access/datafile/4945562
doi:10.7910/DVN/RYV4X9,A04_14048.JPG,4945563,https://dataverse.harvard.edu/api/access/datafile/4945563
doi:10.7910/DVN/RWOIRH,A04_14048a.JPG,4945564,https://dataverse.harvard.edu/api/access/datafile/4945564
doi:10.7910/DVN/BFHNEO,A04_14049.JPG,4945565,https://dataverse.harvard.edu/api/access/datafile/4945565
doi:10.7910/DVN/TG8DY1,A04_14049a.JPG,4945566,https://dataverse.harvard.edu/api/access/datafile/4945566
doi:10.7910/DVN/HZQDDA,A04_14050.JPG,4945567,https://dataverse.harvard.edu/api/access/datafile/4945567
doi:10.7910/DVN/LCWCER,A04_14050a.JPG,4945568,https://dataverse.harvard.edu/api/access/datafile/4945568
doi:10.7910/DVN/BKIUIK,A04_14050b.JPG,4945569,https://dataverse.harvard.edu/api/access/datafile/4945569
doi:10.7910/DVN/G53MNG,A04_14050c.JPG,4945570,https://dataverse.harvard.edu/api/access/datafile/4945570
doi:10.7910/DVN/JF2OQV,A04_14050d.JPG,4945571,https://dataverse.harvard.edu/api/access/datafile/4945571
doi:10.7910/DVN/EAGHTO,A04_14051.JPG,4945572,https://dataverse.harvard.edu/api/access/datafile/4945572
doi:10.7910/DVN/RGSETA,A04_14051a.JPG,4945573,https://dataverse.harvard.edu/api/access/datafile/4945573
doi:10.7910/DVN/V5V7U6,A04_14051b.JPG,4945574,https://dataverse.harvard.edu/api/access/datafile/4945574
doi:10.7910/DVN/A6BMY3,A04_14052.JPG,4945575,https://dataverse.harvard.edu/api/access/datafile/4945575
doi:10.7910/DVN/S5NVCU,A04_14052a.JPG,4945576,https://dataverse.harvard.edu/api/access/datafile/4945576
doi:10.7910/DVN/ENHMGG,A04_14052b.JPG,4945577,https://dataverse.harvard.edu/api/access/datafile/4945577
doi:10.7910/DVN/C6DX2F,A04_14053.JPG,4945578,https://dataverse.harvard.edu/api/access/datafile/4945578
doi:10.7910/DVN/BDGW6Q,A04_14053a.JPG,4945579,https://dataverse.harvard.edu/api/access/datafile/4945579
doi:10.7910/DVN/ONGKBT,A04_14054.JPG,4945580,https://dataverse.harvard.edu/api/access/datafile/4945580
doi:10.7910/DVN/FUINU2,A04_14054a.JPG,4945581,https://dataverse.harvard.edu/api/access/datafile/4945581
doi:10.7910/DVN/DAKI6P,A04_14055.JPG,4945582,https://dataverse.harvard.edu/api/access/datafile/4945582
doi:10.7910/DVN/XI6NR8,A04_14055a.JPG,4945583,https://dataverse.harvard.edu/api/access/datafile/4945583
doi:10.7910/DVN/MYPBCG,A04_14056.JPG,4945584,https://dataverse.harvard.edu/api/access/datafile/4945584
doi:10.7910/DVN/DB3LP4,A04_14056a.JPG,4945585,https://dataverse.harvard.edu/api/access/datafile/4945585
doi:10.7910/DVN/K8USBA,A04_14056b.JPG,4945586,https://dataverse.harvard.edu/api/access/datafile/4945586
doi:10.7910/DVN/YBBE8C,A04_14057.JPG,4945587,https://dataverse.harvard.edu/api/access/datafile/4945587
doi:10.7910/DVN/NAP9R3,A04_14057a.JPG,4945588,https://dataverse.harvard.edu/api/access/datafile/4945588
doi:10.7910/DVN/FIMQ1G,A04_14057b.JPG,4945589,https://dataverse.harvard.edu/api/access/datafile/4945589
doi:10.7910/DVN/T1UVUZ,A04_14058.JPG,4945590,https://dataverse.harvard.edu/api/access/datafile/4945590
doi:10.7910/DVN/Y9THG4,A04_14058a.JPG,4945591,https://dataverse.harvard.edu/api/access/datafile/4945591
doi:10.7910/DVN/GFGFEL,A04_14059.JPG,4945592,https://dataverse.harvard.edu/api/access/datafile/4945592
doi:10.7910/DVN/V7WVQF,A04_14059a.JPG,4945593,https://dataverse.harvard.edu/api/access/datafile/4945593
doi:10.7910/DVN/3XO8PR,A04_14060.JPG,4945594,https://dataverse.harvard.edu/api/access/datafile/4945594
doi:10.7910/DVN/IOWN7F,A04_14060a.JPG,4945595,https://dataverse.harvard.edu/api/access/datafile/4945595
doi:10.7910/DVN/DR9A3R,A04_14061.JPG,4945596,https://dataverse.harvard.edu/api/access/datafile/4945596
doi:10.7910/DVN/9PNMED,A04_14061a.JPG,4945597,https://dataverse.harvard.edu/api/access/datafile/4945597
doi:10.7910/DVN/08EHXD,A04_14062.JPG,4945598,https://dataverse.harvard.edu/api/access/datafile/4945598
doi:10.7910/DVN/IZDXZC,A04_14062a.JPG,4945599,https://dataverse.harvard.edu/api/access/datafile/4945599
doi:10.7910/DVN/LGWP3X,A04_14063.JPG,4945600,https://dataverse.harvard.edu/api/access/datafile/4945600
doi:10.7910/DVN/ZHGVTJ,A04_14063a.JPG,4945601,https://dataverse.harvard.edu/api/access/datafile/4945601
doi:10.7910/DVN/GEBAUV,A04_14063b.JPG,4945602,https://dataverse.harvard.edu/api/access/datafile/4945602
doi:10.7910/DVN/Y14TC4,A04_14064.JPG,4945603,https://dataverse.harvard.edu/api/access/datafile/4945603
doi:10.7910/DVN/2A9ZJU,A04_14064a.JPG,4945604,https://dataverse.harvard.edu/api/access/datafile/4945604
doi:10.7910/DVN/4SBOLF,A04_14064b.JPG,4945605,https://dataverse.harvard.edu/api/access/datafile/4945605
doi:10.7910/DVN/SMISHB,A04_14065.JPG,4945606,https://dataverse.harvard.edu/api/access/datafile/4945606
doi:10.7910/DVN/OMBQPF,A04_14065a.JPG,4945607,https://dataverse.harvard.edu/api/access/datafile/4945607
doi:10.7910/DVN/U79OTF,A04_14066.JPG,4945608,https://dataverse.harvard.edu/api/access/datafile/4945608
doi:10.7910/DVN/EKKWHC,A04_14066a.JPG,4945609,https://dataverse.harvard.edu/api/access/datafile/4945609
doi:10.7910/DVN/XN7K23,A04_14066b.JPG,4945610,https://dataverse.harvard.edu/api/access/datafile/4945610
doi:10.7910/DVN/RZBHIP,A04_14067.JPG,4945611,https://dataverse.harvard.edu/api/access/datafile/4945611
doi:10.7910/DVN/MOAEPW,A04_14067a.JPG,4945612,https://dataverse.harvard.edu/api/access/datafile/4945612
doi:10.7910/DVN/IW7SYR,A04_14068.JPG,4945613,https://dataverse.harvard.edu/api/access/datafile/4945613
doi:10.7910/DVN/JXUHFE,A04_14068a.JPG,4945614,https://dataverse.harvard.edu/api/access/datafile/4945614
doi:10.7910/DVN/QWHVOI,A04_14068b.JPG,4945615,https://dataverse.harvard.edu/api/access/datafile/4945615
doi:10.7910/DVN/HD0XDX,A04_14069.JPG,4945616,https://dataverse.harvard.edu/api/access/datafile/4945616
doi:10.7910/DVN/DABMSF,A04_14069a.JPG,4945617,https://dataverse.harvard.edu/api/access/datafile/4945617
doi:10.7910/DVN/1UGPA0,A04_14070.JPG,4945618,https://dataverse.harvard.edu/api/access/datafile/4945618
doi:10.7910/DVN/M9AGWM,A04_14070a.JPG,4945619,https://dataverse.harvard.edu/api/access/datafile/4945619
doi:10.7910/DVN/5QV8XD,A04_14071.JPG,6153171,https://dataverse.harvard.edu/api/access/datafile/6153171
doi:10.7910/DVN/6PGZSM,A04_14071a.JPG,4945620,https://dataverse.harvard.edu/api/access/datafile/4945620
doi:10.7910/DVN/TVDSYX,A04_14071b.JPG,4945621,https://dataverse.harvard.edu/api/access/datafile/4945621
doi:10.7910/DVN/IBTYJV,A04_14072.JPG,4945622,https://dataverse.harvard.edu/api/access/datafile/4945622
doi:10.7910/DVN/S3WVJ1,A04_14072a.JPG,4945623,https://dataverse.harvard.edu/api/access/datafile/4945623
doi:10.7910/DVN/56ZYCN,A04_14073.JPG,4945624,https://dataverse.harvard.edu/api/access/datafile/4945624
doi:10.7910/DVN/BWXAGY,A04_14073a.JPG,4945625,https://dataverse.harvard.edu/api/access/datafile/4945625
doi:10.7910/DVN/81ZGYA,A04_14073b.JPG,6153172,https://dataverse.harvard.edu/api/access/datafile/6153172
doi:10.7910/DVN/UU2HJV,A04_14074.JPG,4945626,https://dataverse.harvard.edu/api/access/datafile/4945626
doi:10.7910/DVN/KUUDVI,A04_14074a.JPG,4945627,https://dataverse.harvard.edu/api/access/datafile/4945627
doi:10.7910/DVN/RQBLHD,A04_14074b.JPG,4945628,https://dataverse.harvard.edu/api/access/datafile/4945628
doi:10.7910/DVN/9ZPSHL,A04_14075.JPG,4945629,https://dataverse.harvard.edu/api/access/datafile/4945629
doi:10.7910/DVN/VZPOK0,A04_14075a.JPG,4945630,https://dataverse.harvard.edu/api/access/datafile/4945630
doi:10.7910/DVN/PXSYKO,A04_14075b.JPG,4945631,https://dataverse.harvard.edu/api/access/datafile/4945631
doi:10.7910/DVN/UUH0U7,A04_14076.JPG,4945632,https://dataverse.harvard.edu/api/access/datafile/4945632
doi:10.7910/DVN/S6ZF9Q,A04_14076a.JPG,4945633,https://dataverse.harvard.edu/api/access/datafile/4945633
doi:10.7910/DVN/UIUQRR,A04_14076b.JPG,4945634,https://dataverse.harvard.edu/api/access/datafile/4945634
doi:10.7910/DVN/DC7PBK,A04_14077.JPG,4945635,https://dataverse.harvard.edu/api/access/datafile/4945635
doi:10.7910/DVN/JYTFIY,A04_14077a.JPG,4945636,https://dataverse.harvard.edu/api/access/datafile/4945636
doi:10.7910/DVN/IDZVOC,A04_14078.JPG,4945637,https://dataverse.harvard.edu/api/access/datafile/4945637
doi:10.7910/DVN/RQUM3A,A04_14078a.JPG,4945638,https://dataverse.harvard.edu/api/access/datafile/4945638
doi:10.7910/DVN/RAKM7H,A04_14078b.JPG,4945639,https://dataverse.harvard.edu/api/access/datafile/4945639
doi:10.7910/DVN/WJ2QWX,A04_14079.JPG,4945640,https://dataverse.harvard.edu/api/access/datafile/4945640
doi:10.7910/DVN/8JEJCS,A04_14079a.JPG,4945641,https://dataverse.harvard.edu/api/access/datafile/4945641
doi:10.7910/DVN/GKKY0A,A04_14080.JPG,4945642,https://dataverse.harvard.edu/api/access/datafile/4945642
doi:10.7910/DVN/YSEC9A,A04_14080a.JPG,4945643,https://dataverse.harvard.edu/api/access/datafile/4945643
doi:10.7910/DVN/JUQIAE,A04_14080b.JPG,4945644,https://dataverse.harvard.edu/api/access/datafile/4945644
doi:10.7910/DVN/LT2FQC,A04_14081.JPG,4945645,https://dataverse.harvard.edu/api/access/datafile/4945645
doi:10.7910/DVN/MBLIRG,A04_14081a.JPG,4945646,https://dataverse.harvard.edu/api/access/datafile/4945646
doi:10.7910/DVN/MMOGZX,A04_14082.JPG,4945647,https://dataverse.harvard.edu/api/access/datafile/4945647
doi:10.7910/DVN/OBH57U,A04_14082a.JPG,4945648,https://dataverse.harvard.edu/api/access/datafile/4945648
doi:10.7910/DVN/HQEIST,A04_14082b.JPG,4945649,https://dataverse.harvard.edu/api/access/datafile/4945649
doi:10.7910/DVN/LAEFA9,A04_14083.JPG,4945650,https://dataverse.harvard.edu/api/access/datafile/4945650
doi:10.7910/DVN/D7USQP,A04_14083a.JPG,4945651,https://dataverse.harvard.edu/api/access/datafile/4945651
doi:10.7910/DVN/AS3YIY,A04_14083b.JPG,4945652,https://dataverse.harvard.edu/api/access/datafile/4945652
doi:10.7910/DVN/P4OQGT,A04_14084.JPG,4945653,https://dataverse.harvard.edu/api/access/datafile/4945653
doi:10.7910/DVN/TUBMKT,A04_14084a.JPG,4945654,https://dataverse.harvard.edu/api/access/datafile/4945654
doi:10.7910/DVN/LAMHGC,A04_14085.JPG,4945655,https://dataverse.harvard.edu/api/access/datafile/4945655
doi:10.7910/DVN/L0XD5G,A04_14085a.JPG,4945656,https://dataverse.harvard.edu/api/access/datafile/4945656
doi:10.7910/DVN/NG1VMK,A04_14086.JPG,4945657,https://dataverse.harvard.edu/api/access/datafile/4945657
doi:10.7910/DVN/EJ9WHE,A04_14086a.JPG,4945658,https://dataverse.harvard.edu/api/access/datafile/4945658
doi:10.7910/DVN/TOTPCW,A04_14087.JPG,4945659,https://dataverse.harvard.edu/api/access/datafile/4945659
doi:10.7910/DVN/OXNGHZ,A04_14087a.JPG,4945660,https://dataverse.harvard.edu/api/access/datafile/4945660
doi:10.7910/DVN/66VNDW,A04_14088.JPG,4945661,https://dataverse.harvard.edu/api/access/datafile/4945661
doi:10.7910/DVN/QK65EC,A04_14088a.JPG,4945662,https://dataverse.harvard.edu/api/access/datafile/4945662
doi:10.7910/DVN/PSHQ2Y,A04_14089.JPG,4945663,https://dataverse.harvard.edu/api/access/datafile/4945663
doi:10.7910/DVN/0BZJUS,A04_14089a.JPG,4945664,https://dataverse.harvard.edu/api/access/datafile/4945664
doi:10.7910/DVN/EPASUY,A04_14090.JPG,4945665,https://dataverse.harvard.edu/api/access/datafile/4945665
doi:10.7910/DVN/MD75PR,A04_14090a.JPG,4945666,https://dataverse.harvard.edu/api/access/datafile/4945666
doi:10.7910/DVN/S5DL1K,A04_14091.JPG,4945667,https://dataverse.harvard.edu/api/access/datafile/4945667
doi:10.7910/DVN/LKVL4M,A04_14091a.JPG,4945668,https://dataverse.harvard.edu/api/access/datafile/4945668
doi:10.7910/DVN/K5WKW0,A04_14092.JPG,4945669,https://dataverse.harvard.edu/api/access/datafile/4945669
doi:10.7910/DVN/Y5WFPW,A04_14092a.JPG,4945670,https://dataverse.harvard.edu/api/access/datafile/4945670
doi:10.7910/DVN/GOOMUG,A04_14092b.JPG,4945671,https://dataverse.harvard.edu/api/access/datafile/4945671
doi:10.7910/DVN/DUNTNS,A04_14092c.JPG,4945672,https://dataverse.harvard.edu/api/access/datafile/4945672
doi:10.7910/DVN/ZNC1TX,A04_14093.JPG,4945673,https://dataverse.harvard.edu/api/access/datafile/4945673
doi:10.7910/DVN/ENFM8E,A04_14094.JPG,4945674,https://dataverse.harvard.edu/api/access/datafile/4945674
doi:10.7910/DVN/YQLPJX,A04_14095.JPG,4945675,https://dataverse.harvard.edu/api/access/datafile/4945675
doi:10.7910/DVN/V81W2R,A04_14096.JPG,4945676,https://dataverse.harvard.edu/api/access/datafile/4945676
doi:10.7910/DVN/LSBF0L,A04_14097.JPG,4945677,https://dataverse.harvard.edu/api/access/datafile/4945677
doi:10.7910/DVN/6GGTSG,A04_14098.JPG,4945678,https://dataverse.harvard.edu/api/access/datafile/4945678
doi:10.7910/DVN/QTD8GA,A04_14099a.JPG,4945679,https://dataverse.harvard.edu/api/access/datafile/4945679
doi:10.7910/DVN/80EZJH,A04_14099b.JPG,4945680,https://dataverse.harvard.edu/api/access/datafile/4945680
doi:10.7910/DVN/LIWNIX,A04_14100.JPG,4945681,https://dataverse.harvard.edu/api/access/datafile/4945681
doi:10.7910/DVN/K7L4QS,A04_14100a.JPG,4945682,https://dataverse.harvard.edu/api/access/datafile/4945682
doi:10.7910/DVN/XAKQQI,A04_14101.JPG,4945683,https://dataverse.harvard.edu/api/access/datafile/4945683
doi:10.7910/DVN/VH0NND,A04_14101a.JPG,4945684,https://dataverse.harvard.edu/api/access/datafile/4945684
doi:10.7910/DVN/DEVJQT,A04_14102.JPG,4945685,https://dataverse.harvard.edu/api/access/datafile/4945685
doi:10.7910/DVN/LT5KBZ,A04_14102a.JPG,4945686,https://dataverse.harvard.edu/api/access/datafile/4945686
doi:10.7910/DVN/XW4WAH,A04_14103.JPG,4945687,https://dataverse.harvard.edu/api/access/datafile/4945687
doi:10.7910/DVN/FO08J5,A04_14103a.JPG,4945688,https://dataverse.harvard.edu/api/access/datafile/4945688
doi:10.7910/DVN/J3AOZ8,A04_14104.JPG,4945689,https://dataverse.harvard.edu/api/access/datafile/4945689
doi:10.7910/DVN/L9E90Z,A04_14104a.JPG,4945690,https://dataverse.harvard.edu/api/access/datafile/4945690
doi:10.7910/DVN/5OSUMN,A04_14105.JPG,4945691,https://dataverse.harvard.edu/api/access/datafile/4945691
doi:10.7910/DVN/IPXDOY,A04_14105a.JPG,4945692,https://dataverse.harvard.edu/api/access/datafile/4945692
doi:10.7910/DVN/MUETRJ,A04_14105b.JPG,4945693,https://dataverse.harvard.edu/api/access/datafile/4945693
doi:10.7910/DVN/1GQJ4O,A04_14105c.JPG,4945694,https://dataverse.harvard.edu/api/access/datafile/4945694
doi:10.7910/DVN/7NTEGY,A04_14106.JPG,4945695,https://dataverse.harvard.edu/api/access/datafile/4945695
doi:10.7910/DVN/APTQQB,A04_14106a.JPG,4945696,https://dataverse.harvard.edu/api/access/datafile/4945696
doi:10.7910/DVN/VK2PUO,A04_14107.JPG,4945697,https://dataverse.harvard.edu/api/access/datafile/4945697
doi:10.7910/DVN/M2WHG2,A04_14107a.JPG,4945698,https://dataverse.harvard.edu/api/access/datafile/4945698
doi:10.7910/DVN/AIBITB,A04_14108.JPG,4945699,https://dataverse.harvard.edu/api/access/datafile/4945699
doi:10.7910/DVN/TD3SK1,A04_14108a.JPG,4945700,https://dataverse.harvard.edu/api/access/datafile/4945700
doi:10.7910/DVN/0FSVVT,A04_14109.JPG,4945701,https://dataverse.harvard.edu/api/access/datafile/4945701
doi:10.7910/DVN/1MAELH,A04_14109a.JPG,4945702,https://dataverse.harvard.edu/api/access/datafile/4945702
doi:10.7910/DVN/DAGLZN,A04_14110.JPG,4945703,https://dataverse.harvard.edu/api/access/datafile/4945703
doi:10.7910/DVN/T5CFL4,A04_14111.JPG,4945704,https://dataverse.harvard.edu/api/access/datafile/4945704
doi:10.7910/DVN/TN5MEJ,A04_14112.JPG,4945705,https://dataverse.harvard.edu/api/access/datafile/4945705
doi:10.7910/DVN/RT6L2Z,A04_14112a.JPG,4945706,https://dataverse.harvard.edu/api/access/datafile/4945706
doi:10.7910/DVN/BH0FLG,A04_14113.JPG,4945707,https://dataverse.harvard.edu/api/access/datafile/4945707
doi:10.7910/DVN/UDFTTD,A04_14113a.JPG,4945708,https://dataverse.harvard.edu/api/access/datafile/4945708
doi:10.7910/DVN/LIDDQQ,A04_14114.JPG,4945709,https://dataverse.harvard.edu/api/access/datafile/4945709
doi:10.7910/DVN/WCHFAL,A04_14114a.JPG,4945710,https://dataverse.harvard.edu/api/access/datafile/4945710
doi:10.7910/DVN/CCBAVE,A04_14115.JPG,4945711,https://dataverse.harvard.edu/api/access/datafile/4945711
doi:10.7910/DVN/XROPUS,A04_14115a.JPG,4945712,https://dataverse.harvard.edu/api/access/datafile/4945712
doi:10.7910/DVN/Q5SHWM,A04_14116.JPG,4945713,https://dataverse.harvard.edu/api/access/datafile/4945713
doi:10.7910/DVN/CARQAS,A04_14116a.JPG,4945714,https://dataverse.harvard.edu/api/access/datafile/4945714
doi:10.7910/DVN/3DIBRD,A04_14117.JPG,4945715,https://dataverse.harvard.edu/api/access/datafile/4945715
doi:10.7910/DVN/EPGGSJ,A04_14117a.JPG,4945716,https://dataverse.harvard.edu/api/access/datafile/4945716
doi:10.7910/DVN/WWA0J2,A04_14118.JPG,4945717,https://dataverse.harvard.edu/api/access/datafile/4945717
doi:10.7910/DVN/MVGAGS,A04_14118a.JPG,4945718,https://dataverse.harvard.edu/api/access/datafile/4945718
doi:10.7910/DVN/8VPZKX,A04_14119.JPG,4945719,https://dataverse.harvard.edu/api/access/datafile/4945719
doi:10.7910/DVN/BDMY4N,A04_14119a.JPG,4945720,https://dataverse.harvard.edu/api/access/datafile/4945720
doi:10.7910/DVN/KTOWFE,A04_14120.JPG,4945721,https://dataverse.harvard.edu/api/access/datafile/4945721
doi:10.7910/DVN/NZ1SEU,A04_14120a.JPG,4945722,https://dataverse.harvard.edu/api/access/datafile/4945722
doi:10.7910/DVN/MLQGFF,A04_14121.JPG,4945723,https://dataverse.harvard.edu/api/access/datafile/4945723
doi:10.7910/DVN/AKV76G,A04_14121a.JPG,4945724,https://dataverse.harvard.edu/api/access/datafile/4945724
doi:10.7910/DVN/HRHPUS,A04_14122.JPG,4945725,https://dataverse.harvard.edu/api/access/datafile/4945725
doi:10.7910/DVN/U0WBHC,A04_14122a.JPG,4945726,https://dataverse.harvard.edu/api/access/datafile/4945726
doi:10.7910/DVN/MK7QQF,A04_14123.JPG,4945727,https://dataverse.harvard.edu/api/access/datafile/4945727
doi:10.7910/DVN/IK2MVO,A04_14123a.JPG,4945728,https://dataverse.harvard.edu/api/access/datafile/4945728
doi:10.7910/DVN/GZERYL,A04_14124.JPG,4945729,https://dataverse.harvard.edu/api/access/datafile/4945729
doi:10.7910/DVN/SNNECN,A04_14124a.JPG,4945730,https://dataverse.harvard.edu/api/access/datafile/4945730
doi:10.7910/DVN/QGUHJN,A04_14125.JPG,4945731,https://dataverse.harvard.edu/api/access/datafile/4945731
doi:10.7910/DVN/3WENER,A04_14125a.JPG,4945732,https://dataverse.harvard.edu/api/access/datafile/4945732
doi:10.7910/DVN/IYUGNV,A04_14126.JPG,4945733,https://dataverse.harvard.edu/api/access/datafile/4945733
doi:10.7910/DVN/OLFODT,A04_14126a.JPG,4945734,https://dataverse.harvard.edu/api/access/datafile/4945734
doi:10.7910/DVN/C4RLGW,A04_14127.JPG,4945735,https://dataverse.harvard.edu/api/access/datafile/4945735
doi:10.7910/DVN/QRWJRC,A04_14127a.JPG,4945736,https://dataverse.harvard.edu/api/access/datafile/4945736
doi:10.7910/DVN/JO1IXI,A04_14128.JPG,4945737,https://dataverse.harvard.edu/api/access/datafile/4945737
doi:10.7910/DVN/PHNYNJ,A04_14128a.JPG,4945738,https://dataverse.harvard.edu/api/access/datafile/4945738
doi:10.7910/DVN/8YGWCT,A04_14129.JPG,4945739,https://dataverse.harvard.edu/api/access/datafile/4945739
doi:10.7910/DVN/CEGFT1,A04_14129a.JPG,4945740,https://dataverse.harvard.edu/api/access/datafile/4945740
doi:10.7910/DVN/4VSTP5,A04_14130.JPG,4945741,https://dataverse.harvard.edu/api/access/datafile/4945741
doi:10.7910/DVN/XGTB8D,A04_14130a.JPG,4945742,https://dataverse.harvard.edu/api/access/datafile/4945742
doi:10.7910/DVN/39XJDW,A04_14131.JPG,4945743,https://dataverse.harvard.edu/api/access/datafile/4945743
doi:10.7910/DVN/MMSZOF,A04_14131a.JPG,4945744,https://dataverse.harvard.edu/api/access/datafile/4945744
doi:10.7910/DVN/RGCIQ0,A04_14132.JPG,4945745,https://dataverse.harvard.edu/api/access/datafile/4945745
doi:10.7910/DVN/RHRJMQ,A04_14132a.JPG,4945746,https://dataverse.harvard.edu/api/access/datafile/4945746
doi:10.7910/DVN/1WXQA4,A04_14133.JPG,4945747,https://dataverse.harvard.edu/api/access/datafile/4945747
doi:10.7910/DVN/FT2HCQ,A04_14133a.JPG,4945748,https://dataverse.harvard.edu/api/access/datafile/4945748
doi:10.7910/DVN/XQ3RU1,A04_14134.JPG,4945749,https://dataverse.harvard.edu/api/access/datafile/4945749
doi:10.7910/DVN/TE3VKW,A04_14135.JPG,4945750,https://dataverse.harvard.edu/api/access/datafile/4945750
doi:10.7910/DVN/8HFD6O,A04_14135a.JPG,4945751,https://dataverse.harvard.edu/api/access/datafile/4945751
doi:10.7910/DVN/QB13CQ,A04_14135b.JPG,4945752,https://dataverse.harvard.edu/api/access/datafile/4945752
doi:10.7910/DVN/7LV6BH,A04_14136.JPG,4945753,https://dataverse.harvard.edu/api/access/datafile/4945753
doi:10.7910/DVN/DSLXXE,A04_14136a.JPG,4945754,https://dataverse.harvard.edu/api/access/datafile/4945754
doi:10.7910/DVN/TPNJ0D,A04_14137.JPG,4945755,https://dataverse.harvard.edu/api/access/datafile/4945755
doi:10.7910/DVN/1T2JKF,A04_14137a.JPG,4945756,https://dataverse.harvard.edu/api/access/datafile/4945756
doi:10.7910/DVN/M84D4F,A04_14137b.JPG,4945757,https://dataverse.harvard.edu/api/access/datafile/4945757
doi:10.7910/DVN/V17Z4A,A04_14138.JPG,4945758,https://dataverse.harvard.edu/api/access/datafile/4945758
doi:10.7910/DVN/XPEBWM,A04_14138a.JPG,4945759,https://dataverse.harvard.edu/api/access/datafile/4945759
doi:10.7910/DVN/NJ5KNK,A04_14139a.JPG,4945760,https://dataverse.harvard.edu/api/access/datafile/4945760
doi:10.7910/DVN/5GXXHW,A04_14139b.JPG,4945761,https://dataverse.harvard.edu/api/access/datafile/4945761
doi:10.7910/DVN/XFZUIW,A04_14139c.JPG,4945762,https://dataverse.harvard.edu/api/access/datafile/4945762
doi:10.7910/DVN/APM1R4,A04_14140a.JPG,4945763,https://dataverse.harvard.edu/api/access/datafile/4945763
doi:10.7910/DVN/YWCWT3,A04_14140b.JPG,4945764,https://dataverse.harvard.edu/api/access/datafile/4945764
doi:10.7910/DVN/OBMQ6R,A04_14140c.JPG,4945765,https://dataverse.harvard.edu/api/access/datafile/4945765
doi:10.7910/DVN/OTZWPW,A04_14140d.JPG,4945766,https://dataverse.harvard.edu/api/access/datafile/4945766
doi:10.7910/DVN/UXIXOU,A04_14140e.JPG,4945767,https://dataverse.harvard.edu/api/access/datafile/4945767
doi:10.7910/DVN/B1V8O4,A04_14141a.JPG,4945768,https://dataverse.harvard.edu/api/access/datafile/4945768
doi:10.7910/DVN/8XWODA,A04_14141b.JPG,4945769,https://dataverse.harvard.edu/api/access/datafile/4945769
doi:10.7910/DVN/3GFF7K,A04_14141c.JPG,4945770,https://dataverse.harvard.edu/api/access/datafile/4945770
doi:10.7910/DVN/SQZRO2,A04_14141d.JPG,4945771,https://dataverse.harvard.edu/api/access/datafile/4945771
doi:10.7910/DVN/AMBANI,A04_14141e.JPG,4945772,https://dataverse.harvard.edu/api/access/datafile/4945772
doi:10.7910/DVN/H1P5N4,A04_14141f.JPG,4945773,https://dataverse.harvard.edu/api/access/datafile/4945773
doi:10.7910/DVN/RSDNVG,A04_14141g.JPG,4945774,https://dataverse.harvard.edu/api/access/datafile/4945774
doi:10.7910/DVN/S0A2Z6,A04_14141h.JPG,4945775,https://dataverse.harvard.edu/api/access/datafile/4945775
doi:10.7910/DVN/AOE6U9,A04_14142a.JPG,4945776,https://dataverse.harvard.edu/api/access/datafile/4945776
doi:10.7910/DVN/5QKGN6,A04_14142b.JPG,4945777,https://dataverse.harvard.edu/api/access/datafile/4945777
doi:10.7910/DVN/65AM5Q,A04_14142c.JPG,4945778,https://dataverse.harvard.edu/api/access/datafile/4945778
doi:10.7910/DVN/AO7HZL,A04_14142d.JPG,4945779,https://dataverse.harvard.edu/api/access/datafile/4945779
doi:10.7910/DVN/RFHYYL,A04_14142e.JPG,4945780,https://dataverse.harvard.edu/api/access/datafile/4945780
doi:10.7910/DVN/ZAW6MM,A04_14142f.JPG,4945781,https://dataverse.harvard.edu/api/access/datafile/4945781
doi:10.7910/DVN/BEQDA4,A04_14142g.JPG,4945782,https://dataverse.harvard.edu/api/access/datafile/4945782
doi:10.7910/DVN/X2NEL9,A04_14142h.JPG,4945783,https://dataverse.harvard.edu/api/access/datafile/4945783
doi:10.7910/DVN/I7LYPB,A04_14142i.JPG,4945784,https://dataverse.harvard.edu/api/access/datafile/4945784
doi:10.7910/DVN/YGUUOP,A04_14142j.JPG,4945785,https://dataverse.harvard.edu/api/access/datafile/4945785
doi:10.7910/DVN/LIGSEJ,A04_14143.JPG,4945786,https://dataverse.harvard.edu/api/access/datafile/4945786
doi:10.7910/DVN/AGJFBY,A04_14144a.JPG,4945787,https://dataverse.harvard.edu/api/access/datafile/4945787
doi:10.7910/DVN/PFGWEV,A04_14144b.JPG,4945788,https://dataverse.harvard.edu/api/access/datafile/4945788
doi:10.7910/DVN/1ENZFK,A04_14145a.JPG,4945789,https://dataverse.harvard.edu/api/access/datafile/4945789
doi:10.7910/DVN/9JNMZV,A04_14145b.JPG,4945790,https://dataverse.harvard.edu/api/access/datafile/4945790
doi:10.7910/DVN/LEWPSX,A04_14145c.JPG,4945791,https://dataverse.harvard.edu/api/access/datafile/4945791
doi:10.7910/DVN/CDOOBP,A04_14145d.JPG,4945792,https://dataverse.harvard.edu/api/access/datafile/4945792
doi:10.7910/DVN/8PBLO7,A04_14146a.JPG,4945793,https://dataverse.harvard.edu/api/access/datafile/4945793
doi:10.7910/DVN/MKTBFX,A04_14146b.JPG,4945794,https://dataverse.harvard.edu/api/access/datafile/4945794
doi:10.7910/DVN/YJSNPD,A04_14147a.JPG,4945795,https://dataverse.harvard.edu/api/access/datafile/4945795
doi:10.7910/DVN/UX4WC0,A04_14147b.JPG,4945796,https://dataverse.harvard.edu/api/access/datafile/4945796
doi:10.7910/DVN/6RCMDI,A04_14147c.JPG,4945797,https://dataverse.harvard.edu/api/access/datafile/4945797
doi:10.7910/DVN/MUKQFL,A04_14147d.JPG,4945798,https://dataverse.harvard.edu/api/access/datafile/4945798
doi:10.7910/DVN/ANDIRI,A04_14148a.JPG,4945799,https://dataverse.harvard.edu/api/access/datafile/4945799
doi:10.7910/DVN/IKOEW9,A04_14148b.JPG,4945800,https://dataverse.harvard.edu/api/access/datafile/4945800
doi:10.7910/DVN/M9IVVW,A04_14148c.JPG,4945801,https://dataverse.harvard.edu/api/access/datafile/4945801
doi:10.7910/DVN/OKBLOY,A04_14149a.JPG,4945802,https://dataverse.harvard.edu/api/access/datafile/4945802
doi:10.7910/DVN/BWGNLT,A04_14149b.JPG,4945803,https://dataverse.harvard.edu/api/access/datafile/4945803
doi:10.7910/DVN/8UKDBL,A04_14149c.JPG,4945804,https://dataverse.harvard.edu/api/access/datafile/4945804
doi:10.7910/DVN/ULIQMP,A04_14149d.JPG,4945805,https://dataverse.harvard.edu/api/access/datafile/4945805
doi:10.7910/DVN/XKKDMZ,A04_14149e.JPG,4945806,https://dataverse.harvard.edu/api/access/datafile/4945806
doi:10.7910/DVN/ZM0CLS,A04_14149f.JPG,4945807,https://dataverse.harvard.edu/api/access/datafile/4945807
doi:10.7910/DVN/IW65DM,A04_14150a.JPG,4945808,https://dataverse.harvard.edu/api/access/datafile/4945808
doi:10.7910/DVN/UUTXZS,A04_14150b.JPG,4945809,https://dataverse.harvard.edu/api/access/datafile/4945809
doi:10.7910/DVN/SZOQQQ,A04_14150c.JPG,4945810,https://dataverse.harvard.edu/api/access/datafile/4945810
doi:10.7910/DVN/OBOO6V,A04_14150d.JPG,4945811,https://dataverse.harvard.edu/api/access/datafile/4945811
doi:10.7910/DVN/EE5PVS,A04_14150e.JPG,4945812,https://dataverse.harvard.edu/api/access/datafile/4945812
doi:10.7910/DVN/GXHGU3,A04_14151a.JPG,4945813,https://dataverse.harvard.edu/api/access/datafile/4945813
doi:10.7910/DVN/W4U5QD,A04_14151b.JPG,4945814,https://dataverse.harvard.edu/api/access/datafile/4945814
doi:10.7910/DVN/PVX4A1,A04_14151c.JPG,4945815,https://dataverse.harvard.edu/api/access/datafile/4945815
doi:10.7910/DVN/LUR7FI,A04_14151d.JPG,4945816,https://dataverse.harvard.edu/api/access/datafile/4945816
doi:10.7910/DVN/YTPTPO,A04_14151e.JPG,4945817,https://dataverse.harvard.edu/api/access/datafile/4945817
doi:10.7910/DVN/WFTRWX,A04_14151f.JPG,4945818,https://dataverse.harvard.edu/api/access/datafile/4945818
doi:10.7910/DVN/B19VMZ,A04_14151g.JPG,4945819,https://dataverse.harvard.edu/api/access/datafile/4945819
doi:10.7910/DVN/5ZAACI,A04_14151h.JPG,4945820,https://dataverse.harvard.edu/api/access/datafile/4945820
doi:10.7910/DVN/9YIEPP,A04_14151i.JPG,4945821,https://dataverse.harvard.edu/api/access/datafile/4945821
doi:10.7910/DVN/5OTZZV,A04_14151j.JPG,4945822,https://dataverse.harvard.edu/api/access/datafile/4945822
doi:10.7910/DVN/VDFJ06,A04_14151k.JPG,4945823,https://dataverse.harvard.edu/api/access/datafile/4945823
doi:10.7910/DVN/TGPM5X,A04_14152.JPG,4945824,https://dataverse.harvard.edu/api/access/datafile/4945824
doi:10.7910/DVN/KXRHDU,A04_14153.JPG,4945825,https://dataverse.harvard.edu/api/access/datafile/4945825
doi:10.7910/DVN/ZLKCIF,A04_14154.JPG,4945826,https://dataverse.harvard.edu/api/access/datafile/4945826
doi:10.7910/DVN/ZPB4SN,A04_14155.JPG,4945827,https://dataverse.harvard.edu/api/access/datafile/4945827
doi:10.7910/DVN/8DAL0T,A04_14156.JPG,4945828,https://dataverse.harvard.edu/api/access/datafile/4945828
doi:10.7910/DVN/DXPJTL,A04_14157a.JPG,4945829,https://dataverse.harvard.edu/api/access/datafile/4945829
doi:10.7910/DVN/JCJ1EO,A04_14341g.jpg,4945830,https://dataverse.harvard.edu/api/access/datafile/4945830
doi:10.7910/DVN/3NZP7W,A04_14344d.jpg,4945831,https://dataverse.harvard.edu/api/access/datafile/4945831
doi:10.7910/DVN/BD7E2M,A04_14354.jpg,4945832,https://dataverse.harvard.edu/api/access/datafile/4945832
doi:10.7910/DVN/VWPYV1,A04_14355a.jpg,4945833,https://dataverse.harvard.edu/api/access/datafile/4945833
doi:10.7910/DVN/NJGDRJ,A04_14355b.jpg,4945834,https://dataverse.harvard.edu/api/access/datafile/4945834
doi:10.7910/DVN/CR9N1F,A04_14355c.jpg,4945835,https://dataverse.harvard.edu/api/access/datafile/4945835
doi:10.7910/DVN/HDVQQP,A04_14355d.jpg,4945836,https://dataverse.harvard.edu/api/access/datafile/4945836
doi:10.7910/DVN/0PDKJX,A04_14355e.jpg,4945837,https://dataverse.harvard.edu/api/access/datafile/4945837
doi:10.7910/DVN/FBYTCJ,A04_14356a.jpg,4945838,https://dataverse.harvard.edu/api/access/datafile/4945838
doi:10.7910/DVN/DGNFIO,A04_14356b.jpg,4945839,https://dataverse.harvard.edu/api/access/datafile/4945839
doi:10.7910/DVN/SSGSAZ,A04_14356c.jpg,4945840,https://dataverse.harvard.edu/api/access/datafile/4945840
doi:10.7910/DVN/0WXQXQ,A04_14357a.jpg,4945841,https://dataverse.harvard.edu/api/access/datafile/4945841
doi:10.7910/DVN/CIH6CV,A04_14357b.jpg,4945842,https://dataverse.harvard.edu/api/access/datafile/4945842
doi:10.7910/DVN/3Q0Q6H,A04_14358a.jpg,4945843,https://dataverse.harvard.edu/api/access/datafile/4945843
doi:10.7910/DVN/HFYLLJ,A04_14358b.jpg,4945844,https://dataverse.harvard.edu/api/access/datafile/4945844
doi:10.7910/DVN/H4N6FS,A04_14359a.jpg,4945845,https://dataverse.harvard.edu/api/access/datafile/4945845
doi:10.7910/DVN/JZQZ6O,A04_14359b.jpg,4945846,https://dataverse.harvard.edu/api/access/datafile/4945846
doi:10.7910/DVN/5WLHGJ,A04_14360a.jpg,4945847,https://dataverse.harvard.edu/api/access/datafile/4945847
doi:10.7910/DVN/DWZZRW,A04_14360b.jpg,4945848,https://dataverse.harvard.edu/api/access/datafile/4945848
doi:10.7910/DVN/17XKCN,A04_14361b.jpg,4945849,https://dataverse.harvard.edu/api/access/datafile/4945849
doi:10.7910/DVN/HP7EUI,A04_14362b.jpg,4945850,https://dataverse.harvard.edu/api/access/datafile/4945850
doi:10.7910/DVN/KYPTOP,A04_14363b.jpg,4945851,https://dataverse.harvard.edu/api/access/datafile/4945851
doi:10.7910/DVN/8R5TFS,A04_14364b.jpg,4945852,https://dataverse.harvard.edu/api/access/datafile/4945852
doi:10.7910/DVN/V43NOJ,A04_14365b.jpg,4945853,https://dataverse.harvard.edu/api/access/datafile/4945853
doi:10.7910/DVN/A5CBPV,A04_14366b.jpg,4945854,https://dataverse.harvard.edu/api/access/datafile/4945854
doi:10.7910/DVN/WB7SZ5,A04_14367b.jpg,4945855,https://dataverse.harvard.edu/api/access/datafile/4945855
doi:10.7910/DVN/BPLDTE,A04_14368b.jpg,4945856,https://dataverse.harvard.edu/api/access/datafile/4945856
doi:10.7910/DVN/ZEDCCO,A04_14369b.jpg,4945857,https://dataverse.harvard.edu/api/access/datafile/4945857
doi:10.7910/DVN/LUXURS,A04_14370b.jpg,4945858,https://dataverse.harvard.edu/api/access/datafile/4945858
doi:10.7910/DVN/895EZC,A04_14371b.jpg,4945859,https://dataverse.harvard.edu/api/access/datafile/4945859
doi:10.7910/DVN/MFXVUG,A04_14372b.jpg,4945860,https://dataverse.harvard.edu/api/access/datafile/4945860
doi:10.7910/DVN/RLDGZS,A04_14375.jpg,4945861,https://dataverse.harvard.edu/api/access/datafile/4945861
doi:10.7910/DVN/ZE2HBX,A04_14378b.jpg,4945862,https://dataverse.harvard.edu/api/access/datafile/4945862
doi:10.7910/DVN/67JDHX,A04_14379b.jpg,4945863,https://dataverse.harvard.edu/api/access/datafile/4945863
doi:10.7910/DVN/JPOR4I,A04_14382b.jpg,4945864,https://dataverse.harvard.edu/api/access/datafile/4945864
doi:10.7910/DVN/3BNHIR,A04_14383b.jpg,4945865,https://dataverse.harvard.edu/api/access/datafile/4945865
doi:10.7910/DVN/D76MU5,A04_14384b.jpg,4945866,https://dataverse.harvard.edu/api/access/datafile/4945866
doi:10.7910/DVN/HCRKAK,A04_14386a.jpg,4945867,https://dataverse.harvard.edu/api/access/datafile/4945867
doi:10.7910/DVN/M0WMBA,A04_14386b.jpg,4945868,https://dataverse.harvard.edu/api/access/datafile/4945868
doi:10.7910/DVN/FLPACX,A04_14389b.jpg,4945869,https://dataverse.harvard.edu/api/access/datafile/4945869
doi:10.7910/DVN/XUGPF5,A04_13979a.jpg,6050378,https://dataverse.harvard.edu/api/access/datafile/6050378
doi:10.7910/DVN/WKQEI7,A04_14157b.jpg,6050380,https://dataverse.harvard.edu/api/access/datafile/6050380
doi:10.7910/DVN/WIXKG3,A04_14157c.jpg,6050382,https://dataverse.harvard.edu/api/access/datafile/6050382
doi:10.7910/DVN/YILWD2,A04_14158a.jpg,6050384,https://dataverse.harvard.edu/api/access/datafile/6050384
doi:10.7910/DVN/11SQ0D,A04_14158b.jpg,6050386,https://dataverse.harvard.edu/api/access/datafile/6050386
doi:10.7910/DVN/BXIXDO,A04_14159a.jpg,6050388,https://dataverse.harvard.edu/api/access/datafile/6050388
doi:10.7910/DVN/DHXBKG,A04_14159b.jpg,6050390,https://dataverse.harvard.edu/api/access/datafile/6050390
doi:10.7910/DVN/4B3B9G,A04_14159c.jpg,6050392,https://dataverse.harvard.edu/api/access/datafile/6050392
doi:10.7910/DVN/WXEGAP,A04_14159d.jpg,6050394,https://dataverse.harvard.edu/api/access/datafile/6050394
doi:10.7910/DVN/JAZNJN,A04_14159e.jpg,6050396,https://dataverse.harvard.edu/api/access/datafile/6050396
doi:10.7910/DVN/OBQUNK,A04_14160.jpg,6050398,https://dataverse.harvard.edu/api/access/datafile/6050398
doi:10.7910/DVN/WLLQYB,A04_14161a.jpg,6050400,https://dataverse.harvard.edu/api/access/datafile/6050400
doi:10.7910/DVN/14MKBO,A04_14161b.jpg,6050402,https://dataverse.harvard.edu/api/access/datafile/6050402
doi:10.7910/DVN/MCP2BT,A04_14163.jpg,6050404,https://dataverse.harvard.edu/api/access/datafile/6050404
doi:10.7910/DVN/R5IP8G,A04_14164.jpg,6050406,https://dataverse.harvard.edu/api/access/datafile/6050406
doi:10.7910/DVN/Q3RGCV,A04_14165.jpg,6050408,https://dataverse.harvard.edu/api/access/datafile/6050408
doi:10.7910/DVN/SWYKAT,A04_14166.jpg,6050410,https://dataverse.harvard.edu/api/access/datafile/6050410
doi:10.7910/DVN/XD0PPQ,A04_14167a.jpg,6050412,https://dataverse.harvard.edu/api/access/datafile/6050412
doi:10.7910/DVN/PM54TA,A04_14167b.jpg,6050414,https://dataverse.harvard.edu/api/access/datafile/6050414
doi:10.7910/DVN/FPHCMI,A04_14168a.jpg,6050416,https://dataverse.harvard.edu/api/access/datafile/6050416
doi:10.7910/DVN/JKZD8G,A04_14168b.jpg,6050418,https://dataverse.harvard.edu/api/access/datafile/6050418
doi:10.7910/DVN/WVJA1K,A04_14169.jpg,6050420,https://dataverse.harvard.edu/api/access/datafile/6050420
doi:10.7910/DVN/B59IPD,A04_14170a.jpg,6050422,https://dataverse.harvard.edu/api/access/datafile/6050422
doi:10.7910/DVN/MHQ4NH,A04_14170b.jpg,6050424,https://dataverse.harvard.edu/api/access/datafile/6050424
doi:10.7910/DVN/BW03DF,A04_14171a.jpg,6050426,https://dataverse.harvard.edu/api/access/datafile/6050426
doi:10.7910/DVN/1ETZGU,A04_14171b.jpg,6050428,https://dataverse.harvard.edu/api/access/datafile/6050428
doi:10.7910/DVN/9SVAVX,A04_14172a.jpg,6050430,https://dataverse.harvard.edu/api/access/datafile/6050430
doi:10.7910/DVN/QSXCXY,A04_14172b.jpg,6050432,https://dataverse.harvard.edu/api/access/datafile/6050432
doi:10.7910/DVN/DHO4O4,A04_14172c.jpg,6050434,https://dataverse.harvard.edu/api/access/datafile/6050434
doi:10.7910/DVN/1CPC8K,A04_14173.jpg,6050436,https://dataverse.harvard.edu/api/access/datafile/6050436
doi:10.7910/DVN/DWY9ZB,A04_14174.jpg,6050438,https://dataverse.harvard.edu/api/access/datafile/6050438
doi:10.7910/DVN/JDKUVL,A04_14175a.jpg,6050440,https://dataverse.harvard.edu/api/access/datafile/6050440
doi:10.7910/DVN/9JU253,A04_14175b.jpg,6050442,https://dataverse.harvard.edu/api/access/datafile/6050442
doi:10.7910/DVN/PTNTND,A04_14175c.jpg,6050444,https://dataverse.harvard.edu/api/access/datafile/6050444
doi:10.7910/DVN/XUWW0W,A04_14175d.jpg,6050446,https://dataverse.harvard.edu/api/access/datafile/6050446
doi:10.7910/DVN/H3PEDP,A04_14175e.jpg,6050448,https://dataverse.harvard.edu/api/access/datafile/6050448
doi:10.7910/DVN/KTXPJR,A04_14176a.jpg,6050450,https://dataverse.harvard.edu/api/access/datafile/6050450
doi:10.7910/DVN/DIRNR6,A04_14176b.jpg,6050452,https://dataverse.harvard.edu/api/access/datafile/6050452
doi:10.7910/DVN/KTYROC,A04_14176c.jpg,6050454,https://dataverse.harvard.edu/api/access/datafile/6050454
doi:10.7910/DVN/V9QM9X,A04_14177.jpg,6050456,https://dataverse.harvard.edu/api/access/datafile/6050456
doi:10.7910/DVN/L0SPLW,A04_14178a.jpg,6050458,https://dataverse.harvard.edu/api/access/datafile/6050458
doi:10.7910/DVN/NUYAEF,A04_14178b.jpg,6050460,https://dataverse.harvard.edu/api/access/datafile/6050460
doi:10.7910/DVN/2CVVI9,A04_14179a.jpg,6050462,https://dataverse.harvard.edu/api/access/datafile/6050462
doi:10.7910/DVN/QKJWMK,A04_14179b.jpg,6050464,https://dataverse.harvard.edu/api/access/datafile/6050464
doi:10.7910/DVN/VOTYPH,A04_14180a.jpg,6050466,https://dataverse.harvard.edu/api/access/datafile/6050466
doi:10.7910/DVN/IRCNDJ,A04_14180b.jpg,6050468,https://dataverse.harvard.edu/api/access/datafile/6050468
doi:10.7910/DVN/DCCJUW,A04_14180c.jpg,6050470,https://dataverse.harvard.edu/api/access/datafile/6050470
doi:10.7910/DVN/Z6MOYI,A04_14181.jpg,6050472,https://dataverse.harvard.edu/api/access/datafile/6050472
doi:10.7910/DVN/P0ROBS,A04_14182a.jpg,6050474,https://dataverse.harvard.edu/api/access/datafile/6050474
doi:10.7910/DVN/VA5RPA,A04_14182b.jpg,6050476,https://dataverse.harvard.edu/api/access/datafile/6050476
doi:10.7910/DVN/1UPX5Y,A04_14182c.jpg,6050478,https://dataverse.harvard.edu/api/access/datafile/6050478
doi:10.7910/DVN/XNDHZH,A04_14182d.jpg,6050480,https://dataverse.harvard.edu/api/access/datafile/6050480
doi:10.7910/DVN/Y636OV,A04_14183a.jpg,6050482,https://dataverse.harvard.edu/api/access/datafile/6050482
doi:10.7910/DVN/I2V8X0,A04_14183b.jpg,6050484,https://dataverse.harvard.edu/api/access/datafile/6050484
doi:10.7910/DVN/DVEUA3,A04_14183c.jpg,6050486,https://dataverse.harvard.edu/api/access/datafile/6050486
doi:10.7910/DVN/U4OHZZ,A04_14184a.jpg,6050488,https://dataverse.harvard.edu/api/access/datafile/6050488
doi:10.7910/DVN/MP7DJQ,A04_14184b.jpg,6050490,https://dataverse.harvard.edu/api/access/datafile/6050490
doi:10.7910/DVN/UCKZYQ,A04_14185a.jpg,6050492,https://dataverse.harvard.edu/api/access/datafile/6050492
doi:10.7910/DVN/KORXUM,A04_14185b.jpg,6050494,https://dataverse.harvard.edu/api/access/datafile/6050494
doi:10.7910/DVN/SUYW2P,A04_14186a.jpg,6050496,https://dataverse.harvard.edu/api/access/datafile/6050496
doi:10.7910/DVN/VC0ADO,A04_14186b.jpg,6050498,https://dataverse.harvard.edu/api/access/datafile/6050498
doi:10.7910/DVN/XWYGUA,A04_14187a.jpg,6050500,https://dataverse.harvard.edu/api/access/datafile/6050500
doi:10.7910/DVN/MIZWWH,A04_14187b.jpg,6050502,https://dataverse.harvard.edu/api/access/datafile/6050502
doi:10.7910/DVN/NY1Y22,A04_14188a.jpg,6050504,https://dataverse.harvard.edu/api/access/datafile/6050504
doi:10.7910/DVN/5TYTIR,A04_14188b.jpg,6050506,https://dataverse.harvard.edu/api/access/datafile/6050506
doi:10.7910/DVN/WASBTL,A04_14189a.jpg,6050508,https://dataverse.harvard.edu/api/access/datafile/6050508
doi:10.7910/DVN/OZNHM5,A04_14189b.jpg,6050510,https://dataverse.harvard.edu/api/access/datafile/6050510
doi:10.7910/DVN/MAPWAK,A04_14190a.jpg,6050512,https://dataverse.harvard.edu/api/access/datafile/6050512
doi:10.7910/DVN/XZHEUK,A04_14190b.jpg,6050514,https://dataverse.harvard.edu/api/access/datafile/6050514
doi:10.7910/DVN/0OD7H6,A04_14191a.jpg,6050516,https://dataverse.harvard.edu/api/access/datafile/6050516
doi:10.7910/DVN/I1TRUA,A04_14191b.jpg,6050518,https://dataverse.harvard.edu/api/access/datafile/6050518
doi:10.7910/DVN/03MYDI,A04_14192a.jpg,6050520,https://dataverse.harvard.edu/api/access/datafile/6050520
doi:10.7910/DVN/I6TAWV,A04_14192b.jpg,6050522,https://dataverse.harvard.edu/api/access/datafile/6050522
doi:10.7910/DVN/2GTZQ7,A04_14193.jpg,6050524,https://dataverse.harvard.edu/api/access/datafile/6050524
doi:10.7910/DVN/BW7IQS,A04_14194.jpg,6050526,https://dataverse.harvard.edu/api/access/datafile/6050526
doi:10.7910/DVN/FJHXHS,A04_14195.jpg,6050528,https://dataverse.harvard.edu/api/access/datafile/6050528
doi:10.7910/DVN/CJMGPG,A04_14196.jpg,6050530,https://dataverse.harvard.edu/api/access/datafile/6050530
doi:10.7910/DVN/HOCHQX,A04_14197.jpg,6050533,https://dataverse.harvard.edu/api/access/datafile/6050533
doi:10.7910/DVN/NLIPCM,A04_14198a.jpg,6050535,https://dataverse.harvard.edu/api/access/datafile/6050535
doi:10.7910/DVN/Y3PC9N,A04_14198b.jpg,6050537,https://dataverse.harvard.edu/api/access/datafile/6050537
doi:10.7910/DVN/GLYRMW,A04_14199a.jpg,6050539,https://dataverse.harvard.edu/api/access/datafile/6050539
doi:10.7910/DVN/MBZGSX,A04_14199b.jpg,6050541,https://dataverse.harvard.edu/api/access/datafile/6050541
doi:10.7910/DVN/EUYZPE,A04_14200a.jpg,6050543,https://dataverse.harvard.edu/api/access/datafile/6050543
doi:10.7910/DVN/8ZFLVM,A04_14200b.jpg,6050545,https://dataverse.harvard.edu/api/access/datafile/6050545
doi:10.7910/DVN/76WAL9,A04_14201a.jpg,6050547,https://dataverse.harvard.edu/api/access/datafile/6050547
doi:10.7910/DVN/FCTSW4,A04_14201b.jpg,6050549,https://dataverse.harvard.edu/api/access/datafile/6050549
doi:10.7910/DVN/AC7ZEP,A04_14201c.jpg,6050551,https://dataverse.harvard.edu/api/access/datafile/6050551
doi:10.7910/DVN/J8TJTX,A04_14202a.jpg,6050553,https://dataverse.harvard.edu/api/access/datafile/6050553
doi:10.7910/DVN/NVR02P,A04_14202b.jpg,6050555,https://dataverse.harvard.edu/api/access/datafile/6050555
doi:10.7910/DVN/KTWM47,A04_14203a.jpg,6050557,https://dataverse.harvard.edu/api/access/datafile/6050557
doi:10.7910/DVN/3JZRRO,A04_14203b.jpg,6050559,https://dataverse.harvard.edu/api/access/datafile/6050559
doi:10.7910/DVN/MSYU9D,A04_14204a.jpg,6050561,https://dataverse.harvard.edu/api/access/datafile/6050561
doi:10.7910/DVN/NH5LGF,A04_14204b.jpg,6050563,https://dataverse.harvard.edu/api/access/datafile/6050563
doi:10.7910/DVN/FDERFE,A04_14205a.jpg,6050565,https://dataverse.harvard.edu/api/access/datafile/6050565
doi:10.7910/DVN/RPUOSL,A04_14205b.jpg,6050567,https://dataverse.harvard.edu/api/access/datafile/6050567
doi:10.7910/DVN/9A8STN,A04_14205c.jpg,6050569,https://dataverse.harvard.edu/api/access/datafile/6050569
doi:10.7910/DVN/WOTPRD,A04_14206.jpg,6050571,https://dataverse.harvard.edu/api/access/datafile/6050571
doi:10.7910/DVN/GUKVZM,A04_14207a.jpg,6050573,https://dataverse.harvard.edu/api/access/datafile/6050573
doi:10.7910/DVN/WEE3CQ,A04_14207b.jpg,6050575,https://dataverse.harvard.edu/api/access/datafile/6050575
doi:10.7910/DVN/MVRFFC,A04_14208a.jpg,6050577,https://dataverse.harvard.edu/api/access/datafile/6050577
doi:10.7910/DVN/XL2BV7,A04_14208b.jpg,6050579,https://dataverse.harvard.edu/api/access/datafile/6050579
doi:10.7910/DVN/5ZNA4S,A04_14209a.jpg,6050581,https://dataverse.harvard.edu/api/access/datafile/6050581
doi:10.7910/DVN/L0AULN,A04_14209b.jpg,6050583,https://dataverse.harvard.edu/api/access/datafile/6050583
doi:10.7910/DVN/HK9FMT,A04_14209c.jpg,6050585,https://dataverse.harvard.edu/api/access/datafile/6050585
doi:10.7910/DVN/GEL3U8,A04_14210.jpg,6050587,https://dataverse.harvard.edu/api/access/datafile/6050587
doi:10.7910/DVN/YTMC4H,A04_14211.jpg,6050589,https://dataverse.harvard.edu/api/access/datafile/6050589
doi:10.7910/DVN/ALJCRA,A04_14212a.jpg,6050591,https://dataverse.harvard.edu/api/access/datafile/6050591
doi:10.7910/DVN/TQCLFH,A04_14212b.jpg,6050593,https://dataverse.harvard.edu/api/access/datafile/6050593
doi:10.7910/DVN/EQUWE6,A04_14213.jpg,6050595,https://dataverse.harvard.edu/api/access/datafile/6050595
doi:10.7910/DVN/BYQIUH,A04_14214.jpg,6050597,https://dataverse.harvard.edu/api/access/datafile/6050597
doi:10.7910/DVN/ZVW1NP,A04_14215.jpg,6050599,https://dataverse.harvard.edu/api/access/datafile/6050599
doi:10.7910/DVN/UUTF62,A04_14216.jpg,6050601,https://dataverse.harvard.edu/api/access/datafile/6050601
doi:10.7910/DVN/UPCIEM,A04_14217.jpg,6050603,https://dataverse.harvard.edu/api/access/datafile/6050603
doi:10.7910/DVN/YAJDMG,A04_14218a.jpg,6050605,https://dataverse.harvard.edu/api/access/datafile/6050605
doi:10.7910/DVN/QANIX9,A04_14218b.jpg,6050607,https://dataverse.harvard.edu/api/access/datafile/6050607
doi:10.7910/DVN/WOAHFN,A04_14219a.jpg,6050609,https://dataverse.harvard.edu/api/access/datafile/6050609
doi:10.7910/DVN/JRLFOK,A04_14219b.jpg,6050611,https://dataverse.harvard.edu/api/access/datafile/6050611
doi:10.7910/DVN/YP0MJT,A04_14220a.jpg,6050613,https://dataverse.harvard.edu/api/access/datafile/6050613
doi:10.7910/DVN/RDA0SE,A04_14220b.jpg,6050615,https://dataverse.harvard.edu/api/access/datafile/6050615
doi:10.7910/DVN/XRBPYN,A04_14221.jpg,6050617,https://dataverse.harvard.edu/api/access/datafile/6050617
doi:10.7910/DVN/WJYU0W,A04_14222.jpg,6050619,https://dataverse.harvard.edu/api/access/datafile/6050619
doi:10.7910/DVN/DHJYRY,A04_14223.jpg,6050621,https://dataverse.harvard.edu/api/access/datafile/6050621
doi:10.7910/DVN/OQMG2P,A04_14224.jpg,6050623,https://dataverse.harvard.edu/api/access/datafile/6050623
doi:10.7910/DVN/MXEIJU,A04_14225.jpg,6050625,https://dataverse.harvard.edu/api/access/datafile/6050625
doi:10.7910/DVN/PLZOEY,A04_14226a.jpg,6050627,https://dataverse.harvard.edu/api/access/datafile/6050627
doi:10.7910/DVN/WVKUCA,A04_14226b.jpg,6050629,https://dataverse.harvard.edu/api/access/datafile/6050629
doi:10.7910/DVN/TNS3UA,A04_14227.jpg,6050631,https://dataverse.harvard.edu/api/access/datafile/6050631
doi:10.7910/DVN/N889YX,A04_14228.jpg,6050633,https://dataverse.harvard.edu/api/access/datafile/6050633
doi:10.7910/DVN/DLG7IK,A04_14229.jpg,6050635,https://dataverse.harvard.edu/api/access/datafile/6050635
doi:10.7910/DVN/4QWN1G,A04_14230a.jpg,6050637,https://dataverse.harvard.edu/api/access/datafile/6050637
doi:10.7910/DVN/3Z9HJY,A04_14230b.jpg,6050639,https://dataverse.harvard.edu/api/access/datafile/6050639
doi:10.7910/DVN/QWCLAN,A04_14231a.jpg,6050641,https://dataverse.harvard.edu/api/access/datafile/6050641
doi:10.7910/DVN/IJX6XS,A04_14231b.jpg,6050643,https://dataverse.harvard.edu/api/access/datafile/6050643
doi:10.7910/DVN/1BODIU,A04_14231c.jpg,6050645,https://dataverse.harvard.edu/api/access/datafile/6050645
doi:10.7910/DVN/ZX3F8M,A04_14232.jpg,6050647,https://dataverse.harvard.edu/api/access/datafile/6050647
doi:10.7910/DVN/BXYUY9,A04_14233.jpg,6050649,https://dataverse.harvard.edu/api/access/datafile/6050649
doi:10.7910/DVN/OE1NW0,A04_14234.jpg,6050651,https://dataverse.harvard.edu/api/access/datafile/6050651
doi:10.7910/DVN/FO0C24,A04_14235a.jpg,6050653,https://dataverse.harvard.edu/api/access/datafile/6050653
doi:10.7910/DVN/DSSC09,A04_14235b.jpg,6050655,https://dataverse.harvard.edu/api/access/datafile/6050655
doi:10.7910/DVN/NR1JK6,A04_14236a.jpg,6050657,https://dataverse.harvard.edu/api/access/datafile/6050657
doi:10.7910/DVN/YIWVZ6,A04_14236b.jpg,6050659,https://dataverse.harvard.edu/api/access/datafile/6050659
doi:10.7910/DVN/ZSGITL,A04_14236c.jpg,6050661,https://dataverse.harvard.edu/api/access/datafile/6050661
doi:10.7910/DVN/T8QWXX,A04_14237.jpg,6050663,https://dataverse.harvard.edu/api/access/datafile/6050663
doi:10.7910/DVN/2L17XH,A04_14238.jpg,6050665,https://dataverse.harvard.edu/api/access/datafile/6050665
doi:10.7910/DVN/XDMZD7,A04_14239.jpg,6050667,https://dataverse.harvard.edu/api/access/datafile/6050667
doi:10.7910/DVN/ULYJGX,A04_14240.jpg,6050669,https://dataverse.harvard.edu/api/access/datafile/6050669
doi:10.7910/DVN/GWYTHM,A04_14241.jpg,6050671,https://dataverse.harvard.edu/api/access/datafile/6050671
doi:10.7910/DVN/QC5E6W,A04_14242.jpg,6050673,https://dataverse.harvard.edu/api/access/datafile/6050673
doi:10.7910/DVN/DBBPJN,A04_14243.jpg,6050675,https://dataverse.harvard.edu/api/access/datafile/6050675
doi:10.7910/DVN/31BB9K,A04_14244.jpg,6050677,https://dataverse.harvard.edu/api/access/datafile/6050677
doi:10.7910/DVN/GUAZS6,A04_14245.jpg,6050679,https://dataverse.harvard.edu/api/access/datafile/6050679
doi:10.7910/DVN/PMHSDT,A04_14246.jpg,6050681,https://dataverse.harvard.edu/api/access/datafile/6050681
doi:10.7910/DVN/DITGZS,A04_14247.jpg,6050683,https://dataverse.harvard.edu/api/access/datafile/6050683
doi:10.7910/DVN/RBOVC7,A04_14248.jpg,6050685,https://dataverse.harvard.edu/api/access/datafile/6050685
doi:10.7910/DVN/XQA9GU,A04_14249a.jpg,6050687,https://dataverse.harvard.edu/api/access/datafile/6050687
doi:10.7910/DVN/0ZHTPF,A04_14249b.jpg,6050689,https://dataverse.harvard.edu/api/access/datafile/6050689
doi:10.7910/DVN/KM1KO7,A04_14250.jpg,6050691,https://dataverse.harvard.edu/api/access/datafile/6050691
doi:10.7910/DVN/AZMF09,A04_14251a.jpg,6050693,https://dataverse.harvard.edu/api/access/datafile/6050693
doi:10.7910/DVN/WBWC1E,A04_14251b.jpg,6050695,https://dataverse.harvard.edu/api/access/datafile/6050695
doi:10.7910/DVN/CT6ZT1,A04_14252.jpg,6050697,https://dataverse.harvard.edu/api/access/datafile/6050697
doi:10.7910/DVN/TJMTWD,A04_14253.jpg,6050699,https://dataverse.harvard.edu/api/access/datafile/6050699
doi:10.7910/DVN/D0VHRX,A04_14254.jpg,6050701,https://dataverse.harvard.edu/api/access/datafile/6050701
doi:10.7910/DVN/KONFK2,A04_14255.jpg,6050703,https://dataverse.harvard.edu/api/access/datafile/6050703
doi:10.7910/DVN/SPRMYB,A04_14256.jpg,6050705,https://dataverse.harvard.edu/api/access/datafile/6050705
doi:10.7910/DVN/O5XBGK,A04_14257.jpg,6050707,https://dataverse.harvard.edu/api/access/datafile/6050707
doi:10.7910/DVN/YJRNJE,A04_14258a.jpg,6050709,https://dataverse.harvard.edu/api/access/datafile/6050709
doi:10.7910/DVN/ITSLBC,A04_14258b.jpg,6050711,https://dataverse.harvard.edu/api/access/datafile/6050711
doi:10.7910/DVN/STDSFL,A04_14259a.jpg,6050713,https://dataverse.harvard.edu/api/access/datafile/6050713
doi:10.7910/DVN/NHRFG5,A04_14259b.jpg,6050715,https://dataverse.harvard.edu/api/access/datafile/6050715
doi:10.7910/DVN/0K2FII,A04_14260a.jpg,6050717,https://dataverse.harvard.edu/api/access/datafile/6050717
doi:10.7910/DVN/8MGIXJ,A04_14260b.jpg,6050719,https://dataverse.harvard.edu/api/access/datafile/6050719
doi:10.7910/DVN/VOEVOP,A04_14261a.jpg,6050721,https://dataverse.harvard.edu/api/access/datafile/6050721
doi:10.7910/DVN/YUFM5J,A04_14261b.jpg,6050723,https://dataverse.harvard.edu/api/access/datafile/6050723
doi:10.7910/DVN/4ILSOS,A04_14262a.jpg,6050725,https://dataverse.harvard.edu/api/access/datafile/6050725
doi:10.7910/DVN/NJFTRM,A04_14262b.jpg,6050727,https://dataverse.harvard.edu/api/access/datafile/6050727
doi:10.7910/DVN/KLHGH2,A04_14263a.jpg,6050729,https://dataverse.harvard.edu/api/access/datafile/6050729
doi:10.7910/DVN/CFHCBR,A04_14263b.jpg,6050731,https://dataverse.harvard.edu/api/access/datafile/6050731
doi:10.7910/DVN/EGE7BL,A04_14264a.jpg,6050733,https://dataverse.harvard.edu/api/access/datafile/6050733
doi:10.7910/DVN/LE4E5C,A04_14264b.jpg,6050735,https://dataverse.harvard.edu/api/access/datafile/6050735
doi:10.7910/DVN/2IYLVY,A04_14265.jpg,6050737,https://dataverse.harvard.edu/api/access/datafile/6050737
doi:10.7910/DVN/3F3SVP,A04_14266.jpg,6050739,https://dataverse.harvard.edu/api/access/datafile/6050739
doi:10.7910/DVN/X3TIT7,A04_14267.jpg,6050741,https://dataverse.harvard.edu/api/access/datafile/6050741
doi:10.7910/DVN/GNPWYH,A04_14268a.jpg,6050743,https://dataverse.harvard.edu/api/access/datafile/6050743
doi:10.7910/DVN/ZD4EVW,A04_14268b.jpg,6050745,https://dataverse.harvard.edu/api/access/datafile/6050745
doi:10.7910/DVN/VIV0IK,A04_14269.jpg,6050747,https://dataverse.harvard.edu/api/access/datafile/6050747
doi:10.7910/DVN/WN3VE0,A04_14270.jpg,6050749,https://dataverse.harvard.edu/api/access/datafile/6050749
doi:10.7910/DVN/UTNVKU,A04_14271.jpg,6050751,https://dataverse.harvard.edu/api/access/datafile/6050751
doi:10.7910/DVN/PVTGWR,A04_14272a.jpg,6050753,https://dataverse.harvard.edu/api/access/datafile/6050753
doi:10.7910/DVN/WQ7A5F,A04_14272b.jpg,6050755,https://dataverse.harvard.edu/api/access/datafile/6050755
doi:10.7910/DVN/WQCIFO,A04_14273.jpg,6050757,https://dataverse.harvard.edu/api/access/datafile/6050757
doi:10.7910/DVN/3CDTVA,A04_14274.jpg,6050759,https://dataverse.harvard.edu/api/access/datafile/6050759
doi:10.7910/DVN/K2JJD9,A04_14275.jpg,6050761,https://dataverse.harvard.edu/api/access/datafile/6050761
doi:10.7910/DVN/3VK2MG,A04_14276.jpg,6050763,https://dataverse.harvard.edu/api/access/datafile/6050763
doi:10.7910/DVN/ZT7B3Y,A04_14277.jpg,6050765,https://dataverse.harvard.edu/api/access/datafile/6050765
doi:10.7910/DVN/SKQJSP,A04_14278.jpg,6050767,https://dataverse.harvard.edu/api/access/datafile/6050767
doi:10.7910/DVN/NY8U0C,A04_14279.jpg,6050769,https://dataverse.harvard.edu/api/access/datafile/6050769
doi:10.7910/DVN/VPBQPS,A04_14280a.jpg,6050771,https://dataverse.harvard.edu/api/access/datafile/6050771
doi:10.7910/DVN/CKV8NR,A04_14280b.jpg,6050773,https://dataverse.harvard.edu/api/access/datafile/6050773
doi:10.7910/DVN/7BDACG,A04_14281a.jpg,6050775,https://dataverse.harvard.edu/api/access/datafile/6050775
doi:10.7910/DVN/V8T85A,A04_14281b.jpg,6050777,https://dataverse.harvard.edu/api/access/datafile/6050777
doi:10.7910/DVN/QPBPDN,A04_14282.jpg,6050779,https://dataverse.harvard.edu/api/access/datafile/6050779
doi:10.7910/DVN/OQFLGD,A04_14283a.jpg,6050781,https://dataverse.harvard.edu/api/access/datafile/6050781
doi:10.7910/DVN/Q1XXYM,A04_14283b.jpg,6050783,https://dataverse.harvard.edu/api/access/datafile/6050783
doi:10.7910/DVN/HFGRWE,A04_14283c.jpg,6050785,https://dataverse.harvard.edu/api/access/datafile/6050785
doi:10.7910/DVN/BGOKHT,A04_14284.jpg,6050787,https://dataverse.harvard.edu/api/access/datafile/6050787
doi:10.7910/DVN/3DINS0,A04_14285a.jpg,6050789,https://dataverse.harvard.edu/api/access/datafile/6050789
doi:10.7910/DVN/T5DA2Y,A04_14285b.jpg,6050791,https://dataverse.harvard.edu/api/access/datafile/6050791
doi:10.7910/DVN/QFM0DY,A04_14286.jpg,6050793,https://dataverse.harvard.edu/api/access/datafile/6050793
doi:10.7910/DVN/WHYNT1,A04_14287.jpg,6050795,https://dataverse.harvard.edu/api/access/datafile/6050795
doi:10.7910/DVN/K7W4LQ,A04_14288.jpg,6050797,https://dataverse.harvard.edu/api/access/datafile/6050797
doi:10.7910/DVN/IORNKI,A04_14289a.jpg,6050799,https://dataverse.harvard.edu/api/access/datafile/6050799
doi:10.7910/DVN/CD3VSS,A04_14289b.jpg,6050801,https://dataverse.harvard.edu/api/access/datafile/6050801
doi:10.7910/DVN/FWVMU9,A04_14290a.jpg,6050803,https://dataverse.harvard.edu/api/access/datafile/6050803
doi:10.7910/DVN/1UB1T0,A04_14290b.jpg,6050805,https://dataverse.harvard.edu/api/access/datafile/6050805
doi:10.7910/DVN/IKPA9I,A04_14291a.jpg,6050807,https://dataverse.harvard.edu/api/access/datafile/6050807
doi:10.7910/DVN/NDBXUO,A04_14291b.jpg,6050809,https://dataverse.harvard.edu/api/access/datafile/6050809
doi:10.7910/DVN/HCH7QR,A04_14292a.jpg,6050811,https://dataverse.harvard.edu/api/access/datafile/6050811
doi:10.7910/DVN/UWWQVZ,A04_14292b.jpg,6050813,https://dataverse.harvard.edu/api/access/datafile/6050813
doi:10.7910/DVN/W8VPMO,A04_14292c.jpg,6050815,https://dataverse.harvard.edu/api/access/datafile/6050815
doi:10.7910/DVN/NVLASL,A04_14293.jpg,6050817,https://dataverse.harvard.edu/api/access/datafile/6050817
doi:10.7910/DVN/F7I7UV,A04_14294.jpg,6050819,https://dataverse.harvard.edu/api/access/datafile/6050819
doi:10.7910/DVN/PNOVE6,A04_14295.jpg,6050821,https://dataverse.harvard.edu/api/access/datafile/6050821
doi:10.7910/DVN/2FCZ0Z,A04_14296a.jpg,6050823,https://dataverse.harvard.edu/api/access/datafile/6050823
doi:10.7910/DVN/JPKVTW,A04_14296b.jpg,6050825,https://dataverse.harvard.edu/api/access/datafile/6050825
doi:10.7910/DVN/ZFXPG0,A04_14296c.jpg,6050827,https://dataverse.harvard.edu/api/access/datafile/6050827
doi:10.7910/DVN/BBWSER,A04_14297.jpg,6050829,https://dataverse.harvard.edu/api/access/datafile/6050829
doi:10.7910/DVN/BHZC0P,A04_14298a.jpg,6050831,https://dataverse.harvard.edu/api/access/datafile/6050831
doi:10.7910/DVN/I0TP5E,A04_14298b.jpg,6050833,https://dataverse.harvard.edu/api/access/datafile/6050833
doi:10.7910/DVN/0QUWV2,A04_14299.jpg,6050835,https://dataverse.harvard.edu/api/access/datafile/6050835
doi:10.7910/DVN/9ZZ1HW,A04_14300.jpg,6050837,https://dataverse.harvard.edu/api/access/datafile/6050837
doi:10.7910/DVN/MJ21GU,A04_14301a.jpg,6050839,https://dataverse.harvard.edu/api/access/datafile/6050839
doi:10.7910/DVN/WYKTIU,A04_14301b.jpg,6050851,https://dataverse.harvard.edu/api/access/datafile/6050851
doi:10.7910/DVN/K654KC,A04_14302.jpg,6050853,https://dataverse.harvard.edu/api/access/datafile/6050853
doi:10.7910/DVN/JEVPXH,A04_14303a.jpg,6050855,https://dataverse.harvard.edu/api/access/datafile/6050855
doi:10.7910/DVN/MXJJKK,A04_14303b.jpg,6050869,https://dataverse.harvard.edu/api/access/datafile/6050869
doi:10.7910/DVN/KZHHJB,A04_14304a.jpg,6050871,https://dataverse.harvard.edu/api/access/datafile/6050871
doi:10.7910/DVN/IC5AUM,A04_14304b.jpg,6050882,https://dataverse.harvard.edu/api/access/datafile/6050882
doi:10.7910/DVN/VC1LNT,A04_14305.jpg,6050884,https://dataverse.harvard.edu/api/access/datafile/6050884
doi:10.7910/DVN/BF9TCU,A04_14306a.jpg,6050896,https://dataverse.harvard.edu/api/access/datafile/6050896
doi:10.7910/DVN/XAHEA5,A04_14306b.jpg,6050898,https://dataverse.harvard.edu/api/access/datafile/6050898
doi:10.7910/DVN/GM2P6U,A04_14307.jpg,6050900,https://dataverse.harvard.edu/api/access/datafile/6050900
doi:10.7910/DVN/S7L7Q1,A04_14308a.jpg,6050910,https://dataverse.harvard.edu/api/access/datafile/6050910
doi:10.7910/DVN/RNH0K2,A04_14308b.jpg,6050912,https://dataverse.harvard.edu/api/access/datafile/6050912
doi:10.7910/DVN/PUZWXT,A04_14309a.jpg,6050914,https://dataverse.harvard.edu/api/access/datafile/6050914
doi:10.7910/DVN/F9FGVA,A04_14310a.jpg,6050916,https://dataverse.harvard.edu/api/access/datafile/6050916
doi:10.7910/DVN/WQGNMZ,A04_14310b.jpg,6050918,https://dataverse.harvard.edu/api/access/datafile/6050918
doi:10.7910/DVN/AIKTTD,A04_14310c.jpg,6050920,https://dataverse.harvard.edu/api/access/datafile/6050920
doi:10.7910/DVN/W69T6S,A04_14310d.jpg,6050922,https://dataverse.harvard.edu/api/access/datafile/6050922
doi:10.7910/DVN/DVA9EQ,A04_14310e.jpg,6050924,https://dataverse.harvard.edu/api/access/datafile/6050924
doi:10.7910/DVN/H5TVRR,A04_14311a.jpg,6050926,https://dataverse.harvard.edu/api/access/datafile/6050926
doi:10.7910/DVN/UWMZGG,A04_14311b.jpg,6050928,https://dataverse.harvard.edu/api/access/datafile/6050928
doi:10.7910/DVN/CFHGVU,A04_14312a.jpg,6050930,https://dataverse.harvard.edu/api/access/datafile/6050930
doi:10.7910/DVN/BKZMNI,A04_14312b.jpg,6050932,https://dataverse.harvard.edu/api/access/datafile/6050932
doi:10.7910/DVN/CKSB4B,A04_14312c.jpg,6050934,https://dataverse.harvard.edu/api/access/datafile/6050934
doi:10.7910/DVN/SPDCD3,A04_14312d.jpg,6050936,https://dataverse.harvard.edu/api/access/datafile/6050936
doi:10.7910/DVN/FYEXBD,A04_14312e.jpg,6050938,https://dataverse.harvard.edu/api/access/datafile/6050938
doi:10.7910/DVN/ZMS9GV,A04_14312f.jpg,6050940,https://dataverse.harvard.edu/api/access/datafile/6050940
doi:10.7910/DVN/SGEP5I,A04_14312g.jpg,6050942,https://dataverse.harvard.edu/api/access/datafile/6050942
doi:10.7910/DVN/V4DDAR,A04_14312h.jpg,6050944,https://dataverse.harvard.edu/api/access/datafile/6050944
doi:10.7910/DVN/AOCYO4,A04_14313a.jpg,6050946,https://dataverse.harvard.edu/api/access/datafile/6050946
doi:10.7910/DVN/YUJQIZ,A04_14313b.jpg,6050948,https://dataverse.harvard.edu/api/access/datafile/6050948
doi:10.7910/DVN/ZARYCJ,A04_14313c.jpg,6050950,https://dataverse.harvard.edu/api/access/datafile/6050950
doi:10.7910/DVN/0AOS0R,A04_14313d.jpg,6050952,https://dataverse.harvard.edu/api/access/datafile/6050952
doi:10.7910/DVN/SRJPWN,A04_14314a.jpg,6050954,https://dataverse.harvard.edu/api/access/datafile/6050954
doi:10.7910/DVN/HZ3W42,A04_14314b.jpg,6050956,https://dataverse.harvard.edu/api/access/datafile/6050956
doi:10.7910/DVN/ZFTIOP,A04_14314c.jpg,6050958,https://dataverse.harvard.edu/api/access/datafile/6050958
doi:10.7910/DVN/KU6VD4,A04_14314d.jpg,6050960,https://dataverse.harvard.edu/api/access/datafile/6050960
doi:10.7910/DVN/TDPIZJ,A04_14314d.jpg,6050962,https://dataverse.harvard.edu/api/access/datafile/6050962
doi:10.7910/DVN/JRWDI6,A04_14314e.jpg,6050964,https://dataverse.harvard.edu/api/access/datafile/6050964
doi:10.7910/DVN/5SKTIW,A04_14314f.jpg,6050974,https://dataverse.harvard.edu/api/access/datafile/6050974
doi:10.7910/DVN/05ATAY,A04_14314g.jpg,6050976,https://dataverse.harvard.edu/api/access/datafile/6050976
doi:10.7910/DVN/VKJ6W8,A04_14314h.jpg,6050978,https://dataverse.harvard.edu/api/access/datafile/6050978
doi:10.7910/DVN/POQGZ5,A04_14315a.jpg,6050980,https://dataverse.harvard.edu/api/access/datafile/6050980
doi:10.7910/DVN/TQR5VW,A04_14315b.jpg,6050982,https://dataverse.harvard.edu/api/access/datafile/6050982
doi:10.7910/DVN/LD2SNA,A04_14315c.jpg,6050984,https://dataverse.harvard.edu/api/access/datafile/6050984
doi:10.7910/DVN/QCN5LD,A04_14316a.jpg,6050986,https://dataverse.harvard.edu/api/access/datafile/6050986
doi:10.7910/DVN/JVWDUR,A04_14316b.jpg,6050988,https://dataverse.harvard.edu/api/access/datafile/6050988
doi:10.7910/DVN/EP1YGZ,A04_14317.jpg,6050990,https://dataverse.harvard.edu/api/access/datafile/6050990
doi:10.7910/DVN/OW6OCF,A04_14318a.jpg,6050992,https://dataverse.harvard.edu/api/access/datafile/6050992
doi:10.7910/DVN/94MOJQ,A04_14318b.jpg,6050994,https://dataverse.harvard.edu/api/access/datafile/6050994
doi:10.7910/DVN/LMKXHR,A04_14318c.jpg,6050996,https://dataverse.harvard.edu/api/access/datafile/6050996
doi:10.7910/DVN/MGI68X,A04_14319a.jpg,6050998,https://dataverse.harvard.edu/api/access/datafile/6050998
doi:10.7910/DVN/8MGJ8L,A04_14319b.jpg,6051000,https://dataverse.harvard.edu/api/access/datafile/6051000
doi:10.7910/DVN/OTLEDX,A04_14320.jpg,6051002,https://dataverse.harvard.edu/api/access/datafile/6051002
doi:10.7910/DVN/8IE5JN,A04_14321.jpg,6051004,https://dataverse.harvard.edu/api/access/datafile/6051004
doi:10.7910/DVN/O8QZVG,A04_14322.jpg,6051006,https://dataverse.harvard.edu/api/access/datafile/6051006
doi:10.7910/DVN/TAEEPW,A04_14323.jpg,6051008,https://dataverse.harvard.edu/api/access/datafile/6051008
doi:10.7910/DVN/ONVQ7T,A04_14324.jpg,6051010,https://dataverse.harvard.edu/api/access/datafile/6051010
doi:10.7910/DVN/TNL7AS,A04_14325.jpg,6051012,https://dataverse.harvard.edu/api/access/datafile/6051012
doi:10.7910/DVN/EH93HO,A04_14326.jpg,6051014,https://dataverse.harvard.edu/api/access/datafile/6051014
doi:10.7910/DVN/UJHIGW,A04_14327.jpg,6051016,https://dataverse.harvard.edu/api/access/datafile/6051016
doi:10.7910/DVN/ZJRQYT,A04_14328a.jpg,6051018,https://dataverse.harvard.edu/api/access/datafile/6051018
doi:10.7910/DVN/XJMBXX,A04_14328b.jpg,6051020,https://dataverse.harvard.edu/api/access/datafile/6051020
doi:10.7910/DVN/HMEZ5V,A04_14328c.jpg,6051022,https://dataverse.harvard.edu/api/access/datafile/6051022
doi:10.7910/DVN/OGZRLG,A04_14329.jpg,6051032,https://dataverse.harvard.edu/api/access/datafile/6051032
doi:10.7910/DVN/AK17TU,A04_14330a.jpg,6051034,https://dataverse.harvard.edu/api/access/datafile/6051034
doi:10.7910/DVN/JWMU8C,A04_14330b.jpg,6051036,https://dataverse.harvard.edu/api/access/datafile/6051036
doi:10.7910/DVN/H1S2XC,A04_14330c.jpg,6051038,https://dataverse.harvard.edu/api/access/datafile/6051038
doi:10.7910/DVN/ASVFJB,A04_14331a.jpg,6051040,https://dataverse.harvard.edu/api/access/datafile/6051040
doi:10.7910/DVN/UC1N38,A04_14331b.jpg,6051042,https://dataverse.harvard.edu/api/access/datafile/6051042
doi:10.7910/DVN/RCXJYE,A04_14331c.jpg,6051044,https://dataverse.harvard.edu/api/access/datafile/6051044
doi:10.7910/DVN/RIMFXT,A04_14332a.jpg,6051046,https://dataverse.harvard.edu/api/access/datafile/6051046
doi:10.7910/DVN/QUMXRP,A04_14332b.jpg,6051048,https://dataverse.harvard.edu/api/access/datafile/6051048
doi:10.7910/DVN/RCUPFW,A04_14332c.jpg,6051050,https://dataverse.harvard.edu/api/access/datafile/6051050
doi:10.7910/DVN/J1NOCG,A04_14333.jpg,6051052,https://dataverse.harvard.edu/api/access/datafile/6051052
doi:10.7910/DVN/3MQUWA,A04_14334.jpg,6051054,https://dataverse.harvard.edu/api/access/datafile/6051054
doi:10.7910/DVN/LQYNSZ,A04_14335a.jpg,6051056,https://dataverse.harvard.edu/api/access/datafile/6051056
doi:10.7910/DVN/CL7I2V,A04_14335b.jpg,6051058,https://dataverse.harvard.edu/api/access/datafile/6051058
doi:10.7910/DVN/TREVJI,A04_14336.jpg,6051060,https://dataverse.harvard.edu/api/access/datafile/6051060
doi:10.7910/DVN/JSPXZ8,A04_14337a.jpg,6051062,https://dataverse.harvard.edu/api/access/datafile/6051062
doi:10.7910/DVN/RCRZJQ,A04_14337b.jpg,6051064,https://dataverse.harvard.edu/api/access/datafile/6051064
doi:10.7910/DVN/JXWVDW,A04_14338a.jpg,6051066,https://dataverse.harvard.edu/api/access/datafile/6051066
doi:10.7910/DVN/W31LXP,A04_14338b.jpg,6051068,https://dataverse.harvard.edu/api/access/datafile/6051068
doi:10.7910/DVN/FIBRVG,A04_14339a.jpg,6051070,https://dataverse.harvard.edu/api/access/datafile/6051070
doi:10.7910/DVN/R1NFIZ,A04_14339b.jpg,6051072,https://dataverse.harvard.edu/api/access/datafile/6051072
doi:10.7910/DVN/MJJQ7V,A04_14339c.jpg,6051074,https://dataverse.harvard.edu/api/access/datafile/6051074
doi:10.7910/DVN/C12SYU,A04_14339d.jpg,6051076,https://dataverse.harvard.edu/api/access/datafile/6051076
doi:10.7910/DVN/3M56XC,A04_14340.jpg,6051078,https://dataverse.harvard.edu/api/access/datafile/6051078
doi:10.7910/DVN/JKALPJ,A04_14341a.jpg,6051080,https://dataverse.harvard.edu/api/access/datafile/6051080
doi:10.7910/DVN/SI9U9Z,A04_14341b.jpg,6051082,https://dataverse.harvard.edu/api/access/datafile/6051082
doi:10.7910/DVN/GJNO8K,A04_14341c.jpg,6051084,https://dataverse.harvard.edu/api/access/datafile/6051084
doi:10.7910/DVN/DFM1NU,A04_14341d.jpg,6051086,https://dataverse.harvard.edu/api/access/datafile/6051086
doi:10.7910/DVN/8H3BRW,A04_14341e.jpg,6051088,https://dataverse.harvard.edu/api/access/datafile/6051088
doi:10.7910/DVN/BWJNWK,A04_14341f.jpg,6051098,https://dataverse.harvard.edu/api/access/datafile/6051098
doi:10.7910/DVN/KXNM1L,A04_14342.jpg,6051100,https://dataverse.harvard.edu/api/access/datafile/6051100
doi:10.7910/DVN/BLZTMK,A04_14343.jpg,6051102,https://dataverse.harvard.edu/api/access/datafile/6051102
doi:10.7910/DVN/PZPREH,A04_14344a.jpg,6051104,https://dataverse.harvard.edu/api/access/datafile/6051104
doi:10.7910/DVN/2D5TGJ,A04_14344b.jpg,6051106,https://dataverse.harvard.edu/api/access/datafile/6051106
doi:10.7910/DVN/24WY0J,A04_14344c.jpg,6051108,https://dataverse.harvard.edu/api/access/datafile/6051108
doi:10.7910/DVN/ODCCWH,A04_14345.jpg,6051110,https://dataverse.harvard.edu/api/access/datafile/6051110
doi:10.7910/DVN/VTSTXE,A04_14346.jpg,6051112,https://dataverse.harvard.edu/api/access/datafile/6051112
doi:10.7910/DVN/SEMJJV,A04_14347.jpg,6051114,https://dataverse.harvard.edu/api/access/datafile/6051114
doi:10.7910/DVN/EJ8UDJ,A04_14348.jpg,6051116,https://dataverse.harvard.edu/api/access/datafile/6051116
doi:10.7910/DVN/VO81H6,A04_14349.jpg,6051118,https://dataverse.harvard.edu/api/access/datafile/6051118
doi:10.7910/DVN/EFINGC,A04_14350.jpg,6051120,https://dataverse.harvard.edu/api/access/datafile/6051120
doi:10.7910/DVN/M1SZAY,A04_14351.jpg,6051122,https://dataverse.harvard.edu/api/access/datafile/6051122
doi:10.7910/DVN/NA8MOR,A04_14352.jpg,6051124,https://dataverse.harvard.edu/api/access/datafile/6051124
doi:10.7910/DVN/TPNJAS,A04_14353a.jpg,6051126,https://dataverse.harvard.edu/api/access/datafile/6051126
doi:10.7910/DVN/9EXGJH,A04_14353b.jpg,6051128,https://dataverse.harvard.edu/api/access/datafile/6051128
doi:10.7910/DVN/MCPPZI,A04_14353c.jpg,6051130,https://dataverse.harvard.edu/api/access/datafile/6051130
doi:10.7910/DVN/KP0NNF,A04_14353d.jpg,6051132,https://dataverse.harvard.edu/api/access/datafile/6051132
doi:10.7910/DVN/ZZ1QYA,A04_14353e.jpg,6051134,https://dataverse.harvard.edu/api/access/datafile/6051134
doi:10.7910/DVN/NZOCB0,A04_14353f.jpg,6051136,https://dataverse.harvard.edu/api/access/datafile/6051136
doi:10.7910/DVN/JMLRNH,A04_14361a.jpg,6051138,https://dataverse.harvard.edu/api/access/datafile/6051138
doi:10.7910/DVN/IS5SVV,A04_14362a.jpg,6051140,https://dataverse.harvard.edu/api/access/datafile/6051140
doi:10.7910/DVN/D5SCEI,A04_14363a.jpg,6051142,https://dataverse.harvard.edu/api/access/datafile/6051142
doi:10.7910/DVN/V6RCGI,A04_14364a.jpg,6051144,https://dataverse.harvard.edu/api/access/datafile/6051144
doi:10.7910/DVN/4FISLN,A04_14365a.jpg,6051154,https://dataverse.harvard.edu/api/access/datafile/6051154
doi:10.7910/DVN/VZ0TUT,A04_14366a.jpg,6051156,https://dataverse.harvard.edu/api/access/datafile/6051156
doi:10.7910/DVN/3WHWAR,A04_14367a.jpg,6051158,https://dataverse.harvard.edu/api/access/datafile/6051158
doi:10.7910/DVN/4M0H2I,A04_14368a.jpg,6051160,https://dataverse.harvard.edu/api/access/datafile/6051160
doi:10.7910/DVN/NTE1YK,A04_14369a.jpg,6051163,https://dataverse.harvard.edu/api/access/datafile/6051163
doi:10.7910/DVN/0EGCYC,A04_14370a.jpg,6051165,https://dataverse.harvard.edu/api/access/datafile/6051165
doi:10.7910/DVN/4RHCFT,A04_14371a.jpg,6051167,https://dataverse.harvard.edu/api/access/datafile/6051167
doi:10.7910/DVN/IYHMYR,A04_14372a.jpg,6051170,https://dataverse.harvard.edu/api/access/datafile/6051170
doi:10.7910/DVN/CVMUS0,A04_14373.jpg,6051172,https://dataverse.harvard.edu/api/access/datafile/6051172
doi:10.7910/DVN/V95JNZ,A04_14374.jpg,6051175,https://dataverse.harvard.edu/api/access/datafile/6051175
doi:10.7910/DVN/C3JQ7X,A04_14376.jpg,6051177,https://dataverse.harvard.edu/api/access/datafile/6051177
doi:10.7910/DVN/RHGVVC,A04_14377a.jpg,6051179,https://dataverse.harvard.edu/api/access/datafile/6051179
doi:10.7910/DVN/OQOYJA,A04_14377b.jpg,6051182,https://dataverse.harvard.edu/api/access/datafile/6051182
doi:10.7910/DVN/ASBHH6,A04_14377c.jpg,6051184,https://dataverse.harvard.edu/api/access/datafile/6051184
doi:10.7910/DVN/OO8ZTY,A04_14378a.jpg,6051186,https://dataverse.harvard.edu/api/access/datafile/6051186
doi:10.7910/DVN/7HTMSR,A04_14379a.jpg,6051189,https://dataverse.harvard.edu/api/access/datafile/6051189
doi:10.7910/DVN/CRQUYJ,A04_14380.jpg,6051191,https://dataverse.harvard.edu/api/access/datafile/6051191
doi:10.7910/DVN/EVNDHK,A04_14381.jpg,6051194,https://dataverse.harvard.edu/api/access/datafile/6051194
doi:10.7910/DVN/OSQFLR,A04_14382a.jpg,6051197,https://dataverse.harvard.edu/api/access/datafile/6051197
doi:10.7910/DVN/SXSH5Z,A04_14383a.jpg,6051199,https://dataverse.harvard.edu/api/access/datafile/6051199
doi:10.7910/DVN/0IDUXB,A04_14384a.jpg,6051202,https://dataverse.harvard.edu/api/access/datafile/6051202
doi:10.7910/DVN/EWELU3,A04_14385.jpg,6051205,https://dataverse.harvard.edu/api/access/datafile/6051205
doi:10.7910/DVN/BYBQHY,A04_14387.jpg,6051208,https://dataverse.harvard.edu/api/access/datafile/6051208
doi:10.7910/DVN/CRXSRC,A04_14388.jpg,6051211,https://dataverse.harvard.edu/api/access/datafile/6051211
doi:10.7910/DVN/PKBVCF,A04_14389a.jpg,6051213,https://dataverse.harvard.edu/api/access/datafile/6051213
doi:10.7910/DVN/XRB05F,A04_14390.jpg,6051216,https://dataverse.harvard.edu/api/access/datafile/6051216
doi:10.7910/DVN/VKLMQO,A04_14391a.jpg,6051219,https://dataverse.harvard.edu/api/access/datafile/6051219
doi:10.7910/DVN/O1NAG9,A04_14391b.jpg,6051222,https://dataverse.harvard.edu/api/access/datafile/6051222
