doi,title,file_id,access_link
doi:10.7910/DVN/U2OOBW,A11_18737.jpg,4969582,https://dataverse.harvard.edu/api/access/datafile/4969582
doi:10.7910/DVN/WOHGVC,A11_18738.jpg,4969583,https://dataverse.harvard.edu/api/access/datafile/4969583
doi:10.7910/DVN/U4Y3JZ,A11_18739.jpg,4969584,https://dataverse.harvard.edu/api/access/datafile/4969584
doi:10.7910/DVN/BMKACP,A11_18740.jpg,4969585,https://dataverse.harvard.edu/api/access/datafile/4969585
doi:10.7910/DVN/LEVAKI,A11_18741.jpg,4969586,https://dataverse.harvard.edu/api/access/datafile/4969586
doi:10.7910/DVN/VSDDSD,A11_18742.jpg,4969587,https://dataverse.harvard.edu/api/access/datafile/4969587
doi:10.7910/DVN/BGPTRG,A11_18743.jpg,4969588,https://dataverse.harvard.edu/api/access/datafile/4969588
doi:10.7910/DVN/7XRRUI,A11_18744.jpg,4969589,https://dataverse.harvard.edu/api/access/datafile/4969589
doi:10.7910/DVN/JM7CWY,A11_18745.jpg,4969590,https://dataverse.harvard.edu/api/access/datafile/4969590
doi:10.7910/DVN/MZNKHJ,A11_18746.jpg,4969591,https://dataverse.harvard.edu/api/access/datafile/4969591
doi:10.7910/DVN/FW7HVJ,A11_18747.jpg,4969592,https://dataverse.harvard.edu/api/access/datafile/4969592
doi:10.7910/DVN/BCOHY7,A11_18748.jpg,4969593,https://dataverse.harvard.edu/api/access/datafile/4969593
doi:10.7910/DVN/F2JFMH,A11_18749.jpg,4969594,https://dataverse.harvard.edu/api/access/datafile/4969594
doi:10.7910/DVN/YTRXXM,A11_18750.jpg,4969595,https://dataverse.harvard.edu/api/access/datafile/4969595
doi:10.7910/DVN/RPY6YZ,A11_18751.jpg,4969596,https://dataverse.harvard.edu/api/access/datafile/4969596
doi:10.7910/DVN/2UTSDI,A11_18752.jpg,4969597,https://dataverse.harvard.edu/api/access/datafile/4969597
doi:10.7910/DVN/LQ8O6A,A11_18753.jpg,4969598,https://dataverse.harvard.edu/api/access/datafile/4969598
doi:10.7910/DVN/TPRYGZ,A11_18754.jpg,4969599,https://dataverse.harvard.edu/api/access/datafile/4969599
doi:10.7910/DVN/PWUQL7,A11_18755.jpg,4969600,https://dataverse.harvard.edu/api/access/datafile/4969600
doi:10.7910/DVN/KT6PAI,A11_18756.jpg,4969601,https://dataverse.harvard.edu/api/access/datafile/4969601
doi:10.7910/DVN/YECRPQ,A11_18757.jpg,4969602,https://dataverse.harvard.edu/api/access/datafile/4969602
doi:10.7910/DVN/B36QWC,A11_18758.jpg,4969603,https://dataverse.harvard.edu/api/access/datafile/4969603
doi:10.7910/DVN/YYGAGA,A11_18759.jpg,4969604,https://dataverse.harvard.edu/api/access/datafile/4969604
doi:10.7910/DVN/OEKHI9,A11_18760.jpg,4969605,https://dataverse.harvard.edu/api/access/datafile/4969605
doi:10.7910/DVN/NIHRGJ,A11_18761.jpg,4969606,https://dataverse.harvard.edu/api/access/datafile/4969606
doi:10.7910/DVN/HSIQ3Y,A11_18762.jpg,4969607,https://dataverse.harvard.edu/api/access/datafile/4969607
doi:10.7910/DVN/ALQ6KF,A11_18763.jpg,4969608,https://dataverse.harvard.edu/api/access/datafile/4969608
doi:10.7910/DVN/GO1RYQ,A11_18764.jpg,4969609,https://dataverse.harvard.edu/api/access/datafile/4969609
doi:10.7910/DVN/CUGLO1,A11_18765.jpg,4969611,https://dataverse.harvard.edu/api/access/datafile/4969611
doi:10.7910/DVN/0IHWN5,A11_18766.jpg,4969612,https://dataverse.harvard.edu/api/access/datafile/4969612
doi:10.7910/DVN/HESAGN,A11_18767.jpg,4969613,https://dataverse.harvard.edu/api/access/datafile/4969613
doi:10.7910/DVN/0UMEPW,A11_18768.jpg,4969614,https://dataverse.harvard.edu/api/access/datafile/4969614
doi:10.7910/DVN/HEYCKZ,A11_18769.jpg,4969615,https://dataverse.harvard.edu/api/access/datafile/4969615
doi:10.7910/DVN/BYD3RB,A11_18770.jpg,4969616,https://dataverse.harvard.edu/api/access/datafile/4969616
doi:10.7910/DVN/FTAPBH,A11_18771.jpg,4969617,https://dataverse.harvard.edu/api/access/datafile/4969617
doi:10.7910/DVN/U4FWIT,A11_18772.jpg,4969618,https://dataverse.harvard.edu/api/access/datafile/4969618
doi:10.7910/DVN/PIRPBZ,A11_18773.jpg,4969619,https://dataverse.harvard.edu/api/access/datafile/4969619
doi:10.7910/DVN/8HJL3T,A11_18774.jpg,4969620,https://dataverse.harvard.edu/api/access/datafile/4969620
doi:10.7910/DVN/SMA8P2,A11_18775.jpg,4969621,https://dataverse.harvard.edu/api/access/datafile/4969621
doi:10.7910/DVN/JZ7MAF,A11_18776.jpg,4969622,https://dataverse.harvard.edu/api/access/datafile/4969622
doi:10.7910/DVN/RFETMK,A11_18777.jpg,4969623,https://dataverse.harvard.edu/api/access/datafile/4969623
doi:10.7910/DVN/X6DMDW,A11_18778.jpg,4969624,https://dataverse.harvard.edu/api/access/datafile/4969624
doi:10.7910/DVN/RWQLQL,A11_18779.jpg,4969625,https://dataverse.harvard.edu/api/access/datafile/4969625
doi:10.7910/DVN/GTBGH7,A11_18780.jpg,4969626,https://dataverse.harvard.edu/api/access/datafile/4969626
doi:10.7910/DVN/8F89B4,A11_18781.jpg,4969627,https://dataverse.harvard.edu/api/access/datafile/4969627
doi:10.7910/DVN/SHXHFT,A11_18782.jpg,4969628,https://dataverse.harvard.edu/api/access/datafile/4969628
doi:10.7910/DVN/INZP9O,A11_18783.jpg,4969629,https://dataverse.harvard.edu/api/access/datafile/4969629
doi:10.7910/DVN/OJAMLA,A11_18784.jpg,4969630,https://dataverse.harvard.edu/api/access/datafile/4969630
doi:10.7910/DVN/FNOHSC,A11_18785.jpg,4969631,https://dataverse.harvard.edu/api/access/datafile/4969631
doi:10.7910/DVN/VFRXNC,A11_18786.jpg,4969632,https://dataverse.harvard.edu/api/access/datafile/4969632
doi:10.7910/DVN/CCMTLU,A11_18787.jpg,4969633,https://dataverse.harvard.edu/api/access/datafile/4969633
doi:10.7910/DVN/CGOT4B,A11_18788.jpg,4969634,https://dataverse.harvard.edu/api/access/datafile/4969634
doi:10.7910/DVN/VWUKSO,A11_18789.jpg,4969635,https://dataverse.harvard.edu/api/access/datafile/4969635
doi:10.7910/DVN/EZCOQH,A11_18790.jpg,4969636,https://dataverse.harvard.edu/api/access/datafile/4969636
doi:10.7910/DVN/QYZTGD,A11_18791.jpg,4969637,https://dataverse.harvard.edu/api/access/datafile/4969637
doi:10.7910/DVN/VSTAUI,A11_18792.jpg,4969638,https://dataverse.harvard.edu/api/access/datafile/4969638
doi:10.7910/DVN/OTW0JI,A11_18793.jpg,4969639,https://dataverse.harvard.edu/api/access/datafile/4969639
doi:10.7910/DVN/LE3SCU,A11_18794.jpg,4969640,https://dataverse.harvard.edu/api/access/datafile/4969640
doi:10.7910/DVN/XKLGTI,A11_18795.jpg,4969641,https://dataverse.harvard.edu/api/access/datafile/4969641
doi:10.7910/DVN/XYGQHS,A11_18796.jpg,4969642,https://dataverse.harvard.edu/api/access/datafile/4969642
doi:10.7910/DVN/PASFGZ,A11_18797.jpg,4969643,https://dataverse.harvard.edu/api/access/datafile/4969643
doi:10.7910/DVN/LJLTH2,A11_18798.jpg,4969644,https://dataverse.harvard.edu/api/access/datafile/4969644
doi:10.7910/DVN/U07LU0,A11_18799.jpg,4969645,https://dataverse.harvard.edu/api/access/datafile/4969645
doi:10.7910/DVN/FER4ZA,A11_18800.jpg,4969646,https://dataverse.harvard.edu/api/access/datafile/4969646
doi:10.7910/DVN/0PNE7K,A11_18801.jpg,4969648,https://dataverse.harvard.edu/api/access/datafile/4969648
doi:10.7910/DVN/DTZGHY,A11_18802.jpg,4969649,https://dataverse.harvard.edu/api/access/datafile/4969649
doi:10.7910/DVN/8TE4VW,A11_18803.jpg,4969650,https://dataverse.harvard.edu/api/access/datafile/4969650
doi:10.7910/DVN/WBV982,A11_18804.jpg,4969651,https://dataverse.harvard.edu/api/access/datafile/4969651
doi:10.7910/DVN/H3F2SS,A11_18805.jpg,4969652,https://dataverse.harvard.edu/api/access/datafile/4969652
doi:10.7910/DVN/NASPCT,A11_18806.jpg,4969653,https://dataverse.harvard.edu/api/access/datafile/4969653
doi:10.7910/DVN/8SLKMX,A11_18807.jpg,4969654,https://dataverse.harvard.edu/api/access/datafile/4969654
doi:10.7910/DVN/ZANWMI,A11_18808.jpg,4969655,https://dataverse.harvard.edu/api/access/datafile/4969655
doi:10.7910/DVN/DTYMEM,A11_18809.jpg,4969656,https://dataverse.harvard.edu/api/access/datafile/4969656
doi:10.7910/DVN/PBBYPX,A11_18810.jpg,4969657,https://dataverse.harvard.edu/api/access/datafile/4969657
doi:10.7910/DVN/GUO9XW,A11_18811.jpg,4969658,https://dataverse.harvard.edu/api/access/datafile/4969658
doi:10.7910/DVN/5RUPDE,A11_18812.jpg,4969659,https://dataverse.harvard.edu/api/access/datafile/4969659
doi:10.7910/DVN/GBKN0S,A11_18813.jpg,4969660,https://dataverse.harvard.edu/api/access/datafile/4969660
doi:10.7910/DVN/FFZU16,A11_18814.jpg,4969661,https://dataverse.harvard.edu/api/access/datafile/4969661
doi:10.7910/DVN/BTVPEL,A11_18815.jpg,4969662,https://dataverse.harvard.edu/api/access/datafile/4969662
doi:10.7910/DVN/7IVBTH,A11_18816.jpg,4969663,https://dataverse.harvard.edu/api/access/datafile/4969663
doi:10.7910/DVN/LYNW3U,A11_18817.jpg,4969664,https://dataverse.harvard.edu/api/access/datafile/4969664
doi:10.7910/DVN/BHF4GJ,A11_18818.jpg,4969665,https://dataverse.harvard.edu/api/access/datafile/4969665
doi:10.7910/DVN/SCMNTW,A11_18819.jpg,4969666,https://dataverse.harvard.edu/api/access/datafile/4969666
doi:10.7910/DVN/JAC5EM,A11_18820.jpg,4969667,https://dataverse.harvard.edu/api/access/datafile/4969667
doi:10.7910/DVN/LFVZUX,A11_18821.jpg,4969668,https://dataverse.harvard.edu/api/access/datafile/4969668
doi:10.7910/DVN/3F4ZA2,A11_18822.jpg,4969669,https://dataverse.harvard.edu/api/access/datafile/4969669
doi:10.7910/DVN/QB3UWT,A11_18823.jpg,4969670,https://dataverse.harvard.edu/api/access/datafile/4969670
doi:10.7910/DVN/8DUTLZ,A11_18824.jpg,4969671,https://dataverse.harvard.edu/api/access/datafile/4969671
doi:10.7910/DVN/GY06QW,A11_18825.jpg,4969672,https://dataverse.harvard.edu/api/access/datafile/4969672
doi:10.7910/DVN/4IGLSW,A11_18826.jpg,4969673,https://dataverse.harvard.edu/api/access/datafile/4969673
doi:10.7910/DVN/AJLL8Y,A11_18827.jpg,4969674,https://dataverse.harvard.edu/api/access/datafile/4969674
doi:10.7910/DVN/BOX0MI,A11_18828.jpg,4969675,https://dataverse.harvard.edu/api/access/datafile/4969675
doi:10.7910/DVN/15HCLG,A11_18829.jpg,4969676,https://dataverse.harvard.edu/api/access/datafile/4969676
doi:10.7910/DVN/BV23IN,A11_18830.jpg,4969677,https://dataverse.harvard.edu/api/access/datafile/4969677
doi:10.7910/DVN/UUJB8I,A11_18831.jpg,4969678,https://dataverse.harvard.edu/api/access/datafile/4969678
doi:10.7910/DVN/V4U8TJ,A11_18832.jpg,4969679,https://dataverse.harvard.edu/api/access/datafile/4969679
doi:10.7910/DVN/BZD6OT,A11_18833.jpg,4969681,https://dataverse.harvard.edu/api/access/datafile/4969681
doi:10.7910/DVN/RMNSGC,A11_18834.jpg,4969682,https://dataverse.harvard.edu/api/access/datafile/4969682
doi:10.7910/DVN/MHJ1PO,A11_18835.jpg,4969683,https://dataverse.harvard.edu/api/access/datafile/4969683
doi:10.7910/DVN/DAV7VM,A11_18836.jpg,4969684,https://dataverse.harvard.edu/api/access/datafile/4969684
doi:10.7910/DVN/LE9STJ,A11_18837.jpg,4969685,https://dataverse.harvard.edu/api/access/datafile/4969685
doi:10.7910/DVN/HTXEFZ,A11_18838.jpg,4969686,https://dataverse.harvard.edu/api/access/datafile/4969686
doi:10.7910/DVN/LOROGR,A11_18839.jpg,4969687,https://dataverse.harvard.edu/api/access/datafile/4969687
doi:10.7910/DVN/47SVZN,A11_18840.jpg,4969688,https://dataverse.harvard.edu/api/access/datafile/4969688
doi:10.7910/DVN/APBHHR,A11_18841.jpg,4969689,https://dataverse.harvard.edu/api/access/datafile/4969689
doi:10.7910/DVN/JC5DKA,A11_18842.jpg,4969690,https://dataverse.harvard.edu/api/access/datafile/4969690
doi:10.7910/DVN/IKGIAF,A11_18843.jpg,4969691,https://dataverse.harvard.edu/api/access/datafile/4969691
doi:10.7910/DVN/QNKROZ,A11_18844.jpg,4969692,https://dataverse.harvard.edu/api/access/datafile/4969692
doi:10.7910/DVN/UHYYNM,A11_18845.jpg,4969693,https://dataverse.harvard.edu/api/access/datafile/4969693
doi:10.7910/DVN/WGLKTA,A11_18846.jpg,4969694,https://dataverse.harvard.edu/api/access/datafile/4969694
doi:10.7910/DVN/S1TP6Z,A11_18847.jpg,4969695,https://dataverse.harvard.edu/api/access/datafile/4969695
doi:10.7910/DVN/YCDMB8,A11_18848.jpg,4969696,https://dataverse.harvard.edu/api/access/datafile/4969696
doi:10.7910/DVN/NZVCLB,A11_18849.jpg,4969697,https://dataverse.harvard.edu/api/access/datafile/4969697
doi:10.7910/DVN/1C3BCG,A11_18850.jpg,4969698,https://dataverse.harvard.edu/api/access/datafile/4969698
doi:10.7910/DVN/9X2MLK,A11_18851.jpg,4969699,https://dataverse.harvard.edu/api/access/datafile/4969699
doi:10.7910/DVN/7IY6BR,A11_18852.jpg,4969700,https://dataverse.harvard.edu/api/access/datafile/4969700
doi:10.7910/DVN/TBZZDB,A11_18853.jpg,4969701,https://dataverse.harvard.edu/api/access/datafile/4969701
doi:10.7910/DVN/CBWEIX,A11_18854.jpg,4969702,https://dataverse.harvard.edu/api/access/datafile/4969702
doi:10.7910/DVN/8YMGVS,A11_18855.jpg,4969703,https://dataverse.harvard.edu/api/access/datafile/4969703
doi:10.7910/DVN/48RZKW,A11_18856.jpg,4969716,https://dataverse.harvard.edu/api/access/datafile/4969716
doi:10.7910/DVN/ZDQJOR,A11_18857.jpg,4969717,https://dataverse.harvard.edu/api/access/datafile/4969717
doi:10.7910/DVN/GG9CNI,A11_18858.jpg,4969718,https://dataverse.harvard.edu/api/access/datafile/4969718
doi:10.7910/DVN/MBRFTK,A11_18859.jpg,4969719,https://dataverse.harvard.edu/api/access/datafile/4969719
doi:10.7910/DVN/UVORGP,A11_18860.jpg,4969720,https://dataverse.harvard.edu/api/access/datafile/4969720
doi:10.7910/DVN/P8R6FT,A11_18861.jpg,4969721,https://dataverse.harvard.edu/api/access/datafile/4969721
doi:10.7910/DVN/L27AHQ,A11_18862.jpg,4969722,https://dataverse.harvard.edu/api/access/datafile/4969722
doi:10.7910/DVN/LPS8ZA,A11_18863.jpg,4969723,https://dataverse.harvard.edu/api/access/datafile/4969723
doi:10.7910/DVN/VJLJDM,A11_18864.jpg,4969724,https://dataverse.harvard.edu/api/access/datafile/4969724
doi:10.7910/DVN/HIQEVT,A11_18865.jpg,4969725,https://dataverse.harvard.edu/api/access/datafile/4969725
doi:10.7910/DVN/POLAWO,A11_18866.jpg,4969726,https://dataverse.harvard.edu/api/access/datafile/4969726
doi:10.7910/DVN/Z0IF39,A11_18867.jpg,4969727,https://dataverse.harvard.edu/api/access/datafile/4969727
doi:10.7910/DVN/CR9UOR,A11_18868.jpg,4969729,https://dataverse.harvard.edu/api/access/datafile/4969729
doi:10.7910/DVN/FOGSMJ,A11_18869.jpg,4969730,https://dataverse.harvard.edu/api/access/datafile/4969730
doi:10.7910/DVN/W2XDM7,A11_18870.jpg,4969731,https://dataverse.harvard.edu/api/access/datafile/4969731
doi:10.7910/DVN/CQH7VK,A11_18871.jpg,4969732,https://dataverse.harvard.edu/api/access/datafile/4969732
doi:10.7910/DVN/3Y3UJT,A11_18872.jpg,4969733,https://dataverse.harvard.edu/api/access/datafile/4969733
doi:10.7910/DVN/GRJRHE,A11_18873.jpg,4969734,https://dataverse.harvard.edu/api/access/datafile/4969734
doi:10.7910/DVN/EXL167,A11_18874.jpg,4969735,https://dataverse.harvard.edu/api/access/datafile/4969735
doi:10.7910/DVN/VPCPVO,A11_18875.jpg,4969736,https://dataverse.harvard.edu/api/access/datafile/4969736
doi:10.7910/DVN/PHXSKJ,A11_18876.jpg,4969737,https://dataverse.harvard.edu/api/access/datafile/4969737
doi:10.7910/DVN/PZ5EJG,A11_18877.jpg,4969738,https://dataverse.harvard.edu/api/access/datafile/4969738
doi:10.7910/DVN/JVSFPB,A11_18878.jpg,4969739,https://dataverse.harvard.edu/api/access/datafile/4969739
doi:10.7910/DVN/UUP6WA,A11_18879.jpg,4969740,https://dataverse.harvard.edu/api/access/datafile/4969740
doi:10.7910/DVN/IN5VAM,A11_18880.jpg,4969741,https://dataverse.harvard.edu/api/access/datafile/4969741
doi:10.7910/DVN/J5W7NL,A11_18881.jpg,4969742,https://dataverse.harvard.edu/api/access/datafile/4969742
doi:10.7910/DVN/YNAPVE,A11_18882.jpg,4969743,https://dataverse.harvard.edu/api/access/datafile/4969743
doi:10.7910/DVN/4BKPP5,A11_18883.jpg,4969744,https://dataverse.harvard.edu/api/access/datafile/4969744
doi:10.7910/DVN/J3ULLA,A11_18884.jpg,4969745,https://dataverse.harvard.edu/api/access/datafile/4969745
doi:10.7910/DVN/NKUQIW,A11_18885.jpg,4969746,https://dataverse.harvard.edu/api/access/datafile/4969746
doi:10.7910/DVN/HLILNS,A11_18886.jpg,4969747,https://dataverse.harvard.edu/api/access/datafile/4969747
doi:10.7910/DVN/YKJKI0,A11_18887.jpg,4969748,https://dataverse.harvard.edu/api/access/datafile/4969748
doi:10.7910/DVN/KFHJBH,A11_18888.jpg,4969749,https://dataverse.harvard.edu/api/access/datafile/4969749
doi:10.7910/DVN/QZH0GH,A11_18889.jpg,4969750,https://dataverse.harvard.edu/api/access/datafile/4969750
doi:10.7910/DVN/UAGDKJ,A11_18890.jpg,4969751,https://dataverse.harvard.edu/api/access/datafile/4969751
doi:10.7910/DVN/QIF3TD,A11_18891.jpg,4969752,https://dataverse.harvard.edu/api/access/datafile/4969752
doi:10.7910/DVN/ENNORT,A11_18892.jpg,4969753,https://dataverse.harvard.edu/api/access/datafile/4969753
doi:10.7910/DVN/2VUFNK,A11_18893.jpg,4969754,https://dataverse.harvard.edu/api/access/datafile/4969754
doi:10.7910/DVN/GYMAWO,A11_18894.jpg,4969755,https://dataverse.harvard.edu/api/access/datafile/4969755
doi:10.7910/DVN/ZQYRG5,A11_18895.jpg,4969756,https://dataverse.harvard.edu/api/access/datafile/4969756
doi:10.7910/DVN/N0XAZE,A11_18896.jpg,4969757,https://dataverse.harvard.edu/api/access/datafile/4969757
doi:10.7910/DVN/LGQZYC,A11_18897.jpg,4969758,https://dataverse.harvard.edu/api/access/datafile/4969758
doi:10.7910/DVN/HW8MGK,A11_18898.jpg,4969760,https://dataverse.harvard.edu/api/access/datafile/4969760
doi:10.7910/DVN/FTZINQ,A11_18899.jpg,4969761,https://dataverse.harvard.edu/api/access/datafile/4969761
doi:10.7910/DVN/AZIYIG,A11_18900.jpg,4969762,https://dataverse.harvard.edu/api/access/datafile/4969762
doi:10.7910/DVN/22JMKJ,A11_18901.jpg,4969763,https://dataverse.harvard.edu/api/access/datafile/4969763
doi:10.7910/DVN/31B6WS,A11_18902.jpg,4969764,https://dataverse.harvard.edu/api/access/datafile/4969764
doi:10.7910/DVN/0BEYDU,A11_18903.jpg,4969765,https://dataverse.harvard.edu/api/access/datafile/4969765
doi:10.7910/DVN/ESWFSO,A11_18904.jpg,4969766,https://dataverse.harvard.edu/api/access/datafile/4969766
doi:10.7910/DVN/WAVCT4,A11_18905.jpg,4969767,https://dataverse.harvard.edu/api/access/datafile/4969767
doi:10.7910/DVN/VUNTGQ,A11_18906.jpg,4969768,https://dataverse.harvard.edu/api/access/datafile/4969768
doi:10.7910/DVN/Q538O5,A11_18907.jpg,4969769,https://dataverse.harvard.edu/api/access/datafile/4969769
doi:10.7910/DVN/RMSWND,A11_18908.jpg,4969770,https://dataverse.harvard.edu/api/access/datafile/4969770
doi:10.7910/DVN/LAMNWC,A11_18909.jpg,4969771,https://dataverse.harvard.edu/api/access/datafile/4969771
doi:10.7910/DVN/EW0H99,A11_18910.jpg,4969772,https://dataverse.harvard.edu/api/access/datafile/4969772
doi:10.7910/DVN/M4FKS6,A11_18911.jpg,4969773,https://dataverse.harvard.edu/api/access/datafile/4969773
doi:10.7910/DVN/EWJCPI,A11_18912.jpg,4969774,https://dataverse.harvard.edu/api/access/datafile/4969774
doi:10.7910/DVN/O26GWV,A11_18913.jpg,4969775,https://dataverse.harvard.edu/api/access/datafile/4969775
doi:10.7910/DVN/4VAPSN,A11_18914.jpg,4969776,https://dataverse.harvard.edu/api/access/datafile/4969776
doi:10.7910/DVN/C2NHPR,A11_18915.jpg,4969777,https://dataverse.harvard.edu/api/access/datafile/4969777
doi:10.7910/DVN/WVSNZS,A11_18916.jpg,4969778,https://dataverse.harvard.edu/api/access/datafile/4969778
doi:10.7910/DVN/VSD2VE,A11_18917.jpg,4969779,https://dataverse.harvard.edu/api/access/datafile/4969779
doi:10.7910/DVN/AIK6C6,A11_18918.jpg,4969780,https://dataverse.harvard.edu/api/access/datafile/4969780
doi:10.7910/DVN/AB23VI,A11_18919.jpg,4969781,https://dataverse.harvard.edu/api/access/datafile/4969781
doi:10.7910/DVN/GAXIIQ,A11_18920.jpg,4969782,https://dataverse.harvard.edu/api/access/datafile/4969782
doi:10.7910/DVN/RQQ1E1,A11_18921.jpg,4969783,https://dataverse.harvard.edu/api/access/datafile/4969783
doi:10.7910/DVN/L08Z7L,A11_18922.jpg,4969784,https://dataverse.harvard.edu/api/access/datafile/4969784
doi:10.7910/DVN/IK426D,A11_18923.jpg,4969785,https://dataverse.harvard.edu/api/access/datafile/4969785
doi:10.7910/DVN/RJMZQT,A11_18924.jpg,4969786,https://dataverse.harvard.edu/api/access/datafile/4969786
doi:10.7910/DVN/YWGYJB,A11_18925.jpg,4969787,https://dataverse.harvard.edu/api/access/datafile/4969787
doi:10.7910/DVN/DEGNXR,A11_18926.jpg,4969788,https://dataverse.harvard.edu/api/access/datafile/4969788
doi:10.7910/DVN/QVELCQ,A11_18927.jpg,4969789,https://dataverse.harvard.edu/api/access/datafile/4969789
doi:10.7910/DVN/YXDLJN,A11_18928.jpg,4969790,https://dataverse.harvard.edu/api/access/datafile/4969790
doi:10.7910/DVN/WHDU5B,A11_18929.jpg,4969792,https://dataverse.harvard.edu/api/access/datafile/4969792
doi:10.7910/DVN/LC56NX,A11_18930.jpg,4969793,https://dataverse.harvard.edu/api/access/datafile/4969793
doi:10.7910/DVN/XEKOVG,A11_18931.jpg,4969794,https://dataverse.harvard.edu/api/access/datafile/4969794
doi:10.7910/DVN/FMGBYB,A11_18932.jpg,4969795,https://dataverse.harvard.edu/api/access/datafile/4969795
doi:10.7910/DVN/VFAPCK,A11_18933.jpg,4969796,https://dataverse.harvard.edu/api/access/datafile/4969796
doi:10.7910/DVN/FHUNGL,A11_18934.jpg,4969797,https://dataverse.harvard.edu/api/access/datafile/4969797
doi:10.7910/DVN/CIRGTW,A11_18935.jpg,4969798,https://dataverse.harvard.edu/api/access/datafile/4969798
doi:10.7910/DVN/FZ6WO6,A11_18936.jpg,4969799,https://dataverse.harvard.edu/api/access/datafile/4969799
doi:10.7910/DVN/7A9UBB,A11_18937.jpg,4969800,https://dataverse.harvard.edu/api/access/datafile/4969800
doi:10.7910/DVN/6ZK6HO,A11_18938.jpg,4969801,https://dataverse.harvard.edu/api/access/datafile/4969801
doi:10.7910/DVN/AWNEIM,A11_18939.jpg,4969802,https://dataverse.harvard.edu/api/access/datafile/4969802
doi:10.7910/DVN/YQBUJ9,A11_18940.jpg,4969803,https://dataverse.harvard.edu/api/access/datafile/4969803
doi:10.7910/DVN/NLKWSB,A11_18941.jpg,4969804,https://dataverse.harvard.edu/api/access/datafile/4969804
doi:10.7910/DVN/9YEXAM,A11_18942.jpg,4969805,https://dataverse.harvard.edu/api/access/datafile/4969805
doi:10.7910/DVN/SHBKXA,A11_18943.jpg,4969806,https://dataverse.harvard.edu/api/access/datafile/4969806
doi:10.7910/DVN/YDUME0,A11_18944.jpg,No File,https://dataverse.harvard.edu/api/access/datafile/No File
doi:10.7910/DVN/56LTC1,A11_18945.jpg,4969807,https://dataverse.harvard.edu/api/access/datafile/4969807
doi:10.7910/DVN/V8IDZ0,A11_18946.jpg,4969808,https://dataverse.harvard.edu/api/access/datafile/4969808
doi:10.7910/DVN/OE80JD,A11_18947.jpg,4969809,https://dataverse.harvard.edu/api/access/datafile/4969809
doi:10.7910/DVN/WSFM46,A11_18948.jpg,4969810,https://dataverse.harvard.edu/api/access/datafile/4969810
doi:10.7910/DVN/IBNBFS,A11_18949.jpg,4969811,https://dataverse.harvard.edu/api/access/datafile/4969811
doi:10.7910/DVN/CY1JOA,A11_18950.jpg,4969812,https://dataverse.harvard.edu/api/access/datafile/4969812
doi:10.7910/DVN/ORWRJS,A11_18951.jpg,4969815,https://dataverse.harvard.edu/api/access/datafile/4969815
doi:10.7910/DVN/ANDETE,A11_18952.jpg,4969816,https://dataverse.harvard.edu/api/access/datafile/4969816
doi:10.7910/DVN/WKYUR7,A11_18953.jpg,4969817,https://dataverse.harvard.edu/api/access/datafile/4969817
doi:10.7910/DVN/HAEDAP,A11_18954.jpg,4969818,https://dataverse.harvard.edu/api/access/datafile/4969818
doi:10.7910/DVN/FQSQ17,A11_18955.jpg,4969819,https://dataverse.harvard.edu/api/access/datafile/4969819
doi:10.7910/DVN/LAAOIU,A11_18956.jpg,4969820,https://dataverse.harvard.edu/api/access/datafile/4969820
doi:10.7910/DVN/W0I4F4,A11_18957.jpg,4969821,https://dataverse.harvard.edu/api/access/datafile/4969821
doi:10.7910/DVN/H3CWNQ,A11_18958.jpg,4969822,https://dataverse.harvard.edu/api/access/datafile/4969822
doi:10.7910/DVN/BBDXOD,A11_18959.jpg,4969823,https://dataverse.harvard.edu/api/access/datafile/4969823
doi:10.7910/DVN/6NNJK1,A11_18960.jpg,4969824,https://dataverse.harvard.edu/api/access/datafile/4969824
doi:10.7910/DVN/HBPAME,A11_18961.jpg,4969825,https://dataverse.harvard.edu/api/access/datafile/4969825
doi:10.7910/DVN/1ANEDI,A11_18962.jpg,4969826,https://dataverse.harvard.edu/api/access/datafile/4969826
doi:10.7910/DVN/APKQKR,A11_18963.jpg,4969828,https://dataverse.harvard.edu/api/access/datafile/4969828
doi:10.7910/DVN/KJK2G8,A11_18964.jpg,4969829,https://dataverse.harvard.edu/api/access/datafile/4969829
doi:10.7910/DVN/J440II,A11_18965.jpg,4969830,https://dataverse.harvard.edu/api/access/datafile/4969830
doi:10.7910/DVN/OEKBHI,A11_18966.jpg,4969831,https://dataverse.harvard.edu/api/access/datafile/4969831
doi:10.7910/DVN/YM4GRS,A11_18967.jpg,4969832,https://dataverse.harvard.edu/api/access/datafile/4969832
doi:10.7910/DVN/ONMVRZ,A11_18968.jpg,4969834,https://dataverse.harvard.edu/api/access/datafile/4969834
doi:10.7910/DVN/IEZXZF,A11_18969.jpg,4969835,https://dataverse.harvard.edu/api/access/datafile/4969835
doi:10.7910/DVN/528AEZ,A11_18970.jpg,4969836,https://dataverse.harvard.edu/api/access/datafile/4969836
doi:10.7910/DVN/XTZXLU,A11_18971.jpg,4969837,https://dataverse.harvard.edu/api/access/datafile/4969837
doi:10.7910/DVN/Q6WUBT,A11_18972.jpg,4969838,https://dataverse.harvard.edu/api/access/datafile/4969838
doi:10.7910/DVN/KI29OY,A11_18973.jpg,4969839,https://dataverse.harvard.edu/api/access/datafile/4969839
doi:10.7910/DVN/ZLEXBQ,A11_18974.jpg,4969840,https://dataverse.harvard.edu/api/access/datafile/4969840
doi:10.7910/DVN/OTV6NV,A11_18975.jpg,4969842,https://dataverse.harvard.edu/api/access/datafile/4969842
doi:10.7910/DVN/G0C3SH,A11_18976.jpg,4969843,https://dataverse.harvard.edu/api/access/datafile/4969843
doi:10.7910/DVN/N08KNK,A11_18977.jpg,4969844,https://dataverse.harvard.edu/api/access/datafile/4969844
doi:10.7910/DVN/8FLNM8,A11_18978.jpg,4969845,https://dataverse.harvard.edu/api/access/datafile/4969845
doi:10.7910/DVN/HYLR7Y,A11_18979.jpg,4969846,https://dataverse.harvard.edu/api/access/datafile/4969846
doi:10.7910/DVN/KPHADB,A11_18980.jpg,4969847,https://dataverse.harvard.edu/api/access/datafile/4969847
doi:10.7910/DVN/LGGAX9,A11_18981.jpg,4969848,https://dataverse.harvard.edu/api/access/datafile/4969848
doi:10.7910/DVN/V7OBZ2,A11_18982.jpg,4969849,https://dataverse.harvard.edu/api/access/datafile/4969849
doi:10.7910/DVN/KOTXTD,A11_18983.jpg,4969850,https://dataverse.harvard.edu/api/access/datafile/4969850
doi:10.7910/DVN/B6P7KE,A11_18984.jpg,4969851,https://dataverse.harvard.edu/api/access/datafile/4969851
doi:10.7910/DVN/INXQYL,A11_18985.jpg,4969853,https://dataverse.harvard.edu/api/access/datafile/4969853
doi:10.7910/DVN/NEO9SC,A11_18986.jpg,4969854,https://dataverse.harvard.edu/api/access/datafile/4969854
doi:10.7910/DVN/NWGIPY,A11_18987.jpg,4969855,https://dataverse.harvard.edu/api/access/datafile/4969855
doi:10.7910/DVN/MKEVMI,A11_18988.jpg,4969856,https://dataverse.harvard.edu/api/access/datafile/4969856
doi:10.7910/DVN/RGRJNF,A11_18989.jpg,4969857,https://dataverse.harvard.edu/api/access/datafile/4969857
doi:10.7910/DVN/AOLJYF,A11_18990.jpg,4969858,https://dataverse.harvard.edu/api/access/datafile/4969858
doi:10.7910/DVN/5C9H3O,A11_18991.jpg,4969859,https://dataverse.harvard.edu/api/access/datafile/4969859
doi:10.7910/DVN/2SFEZW,A11_18992.jpg,4969860,https://dataverse.harvard.edu/api/access/datafile/4969860
doi:10.7910/DVN/1WZO5N,A11_18993.jpg,4969862,https://dataverse.harvard.edu/api/access/datafile/4969862
doi:10.7910/DVN/RQ7LRL,A11_18994.jpg,4969863,https://dataverse.harvard.edu/api/access/datafile/4969863
doi:10.7910/DVN/TV4XAC,A11_18995.jpg,4969864,https://dataverse.harvard.edu/api/access/datafile/4969864
doi:10.7910/DVN/KKIMYA,A11_18996.jpg,4969865,https://dataverse.harvard.edu/api/access/datafile/4969865
doi:10.7910/DVN/VWCGDD,A11_18997.jpg,4969866,https://dataverse.harvard.edu/api/access/datafile/4969866
doi:10.7910/DVN/CZJFT5,A11_18998.jpg,4969867,https://dataverse.harvard.edu/api/access/datafile/4969867
doi:10.7910/DVN/RI4TGF,A11_18999.jpg,4969868,https://dataverse.harvard.edu/api/access/datafile/4969868
doi:10.7910/DVN/CCWVDT,A11_19000.jpg,4969869,https://dataverse.harvard.edu/api/access/datafile/4969869
doi:10.7910/DVN/ERIAGH,A11_19001.jpg,4969870,https://dataverse.harvard.edu/api/access/datafile/4969870
doi:10.7910/DVN/CXNY6Y,A11_19002.jpg,4969871,https://dataverse.harvard.edu/api/access/datafile/4969871
doi:10.7910/DVN/X8ETVR,A11_19003.jpg,4969872,https://dataverse.harvard.edu/api/access/datafile/4969872
doi:10.7910/DVN/OOY1CT,A11_19004.jpg,4969873,https://dataverse.harvard.edu/api/access/datafile/4969873
doi:10.7910/DVN/D7PAYH,A11_19006.jpg,4969874,https://dataverse.harvard.edu/api/access/datafile/4969874
doi:10.7910/DVN/POSZJ8,A11_19007.jpg,4969875,https://dataverse.harvard.edu/api/access/datafile/4969875
doi:10.7910/DVN/UUWJG2,A11_19008.jpg,4969876,https://dataverse.harvard.edu/api/access/datafile/4969876
doi:10.7910/DVN/UCLG6B,A11_19009.jpg,4969877,https://dataverse.harvard.edu/api/access/datafile/4969877
doi:10.7910/DVN/YDXZ5J,A11_19010.jpg,4969878,https://dataverse.harvard.edu/api/access/datafile/4969878
doi:10.7910/DVN/ETIGPO,A11_19011.jpg,4969879,https://dataverse.harvard.edu/api/access/datafile/4969879
doi:10.7910/DVN/4VOVEC,A11_19012.jpg,4969880,https://dataverse.harvard.edu/api/access/datafile/4969880
doi:10.7910/DVN/NXOFYG,A11_19013.jpg,4969881,https://dataverse.harvard.edu/api/access/datafile/4969881
doi:10.7910/DVN/FHDBYJ,A11_19014.jpg,4969882,https://dataverse.harvard.edu/api/access/datafile/4969882
doi:10.7910/DVN/ZI2TC0,A11_19015.jpg,4969883,https://dataverse.harvard.edu/api/access/datafile/4969883
doi:10.7910/DVN/JWDFWN,A11_19016.jpg,4969884,https://dataverse.harvard.edu/api/access/datafile/4969884
doi:10.7910/DVN/UH23CZ,A11_19017.jpg,4969885,https://dataverse.harvard.edu/api/access/datafile/4969885
doi:10.7910/DVN/JIVHJC,A11_19018.jpg,4969886,https://dataverse.harvard.edu/api/access/datafile/4969886
doi:10.7910/DVN/HNWDXX,A11_19019.jpg,4969887,https://dataverse.harvard.edu/api/access/datafile/4969887
doi:10.7910/DVN/QR5OMR,A11_19020.jpg,4969888,https://dataverse.harvard.edu/api/access/datafile/4969888
doi:10.7910/DVN/FTIQK1,A11_19021.jpg,4969889,https://dataverse.harvard.edu/api/access/datafile/4969889
doi:10.7910/DVN/IDZC5Q,A11_19022.jpg,4969890,https://dataverse.harvard.edu/api/access/datafile/4969890
doi:10.7910/DVN/VHZPN6,A11_19023.jpg,4969891,https://dataverse.harvard.edu/api/access/datafile/4969891
doi:10.7910/DVN/U3EK5D,A11_19024.jpg,4969892,https://dataverse.harvard.edu/api/access/datafile/4969892
doi:10.7910/DVN/DW3DPP,A11_19025.jpg,4969893,https://dataverse.harvard.edu/api/access/datafile/4969893
doi:10.7910/DVN/WQHCWK,A11_19026.jpg,4969895,https://dataverse.harvard.edu/api/access/datafile/4969895
doi:10.7910/DVN/4IQZUH,A11_19027.jpg,4969896,https://dataverse.harvard.edu/api/access/datafile/4969896
doi:10.7910/DVN/EZ3JG5,A11_19028.jpg,4969897,https://dataverse.harvard.edu/api/access/datafile/4969897
doi:10.7910/DVN/BHVV9D,A11_19029.jpg,4969898,https://dataverse.harvard.edu/api/access/datafile/4969898
doi:10.7910/DVN/IS8CDI,A11_19030.jpg,4969899,https://dataverse.harvard.edu/api/access/datafile/4969899
doi:10.7910/DVN/75DXQV,A11_19031.jpg,4969900,https://dataverse.harvard.edu/api/access/datafile/4969900
doi:10.7910/DVN/SYFLIM,A11_19032.jpg,4969901,https://dataverse.harvard.edu/api/access/datafile/4969901
doi:10.7910/DVN/7YT2UM,A11_19033.jpg,4969902,https://dataverse.harvard.edu/api/access/datafile/4969902
doi:10.7910/DVN/M4IT21,A11_19034.jpg,4969903,https://dataverse.harvard.edu/api/access/datafile/4969903
doi:10.7910/DVN/JWS5H6,A11_19035.jpg,4969904,https://dataverse.harvard.edu/api/access/datafile/4969904
doi:10.7910/DVN/EGR2JR,A11_19036.jpg,4969905,https://dataverse.harvard.edu/api/access/datafile/4969905
doi:10.7910/DVN/GBXAOC,A11_19037.jpg,4969906,https://dataverse.harvard.edu/api/access/datafile/4969906
doi:10.7910/DVN/E6XUVE,A11_19038.jpg,4969907,https://dataverse.harvard.edu/api/access/datafile/4969907
doi:10.7910/DVN/Z9AYIT,A11_19039.jpg,4969908,https://dataverse.harvard.edu/api/access/datafile/4969908
doi:10.7910/DVN/N5GPFG,A11_19040.jpg,4969909,https://dataverse.harvard.edu/api/access/datafile/4969909
doi:10.7910/DVN/WOYTXM,A11_19041.jpg,4969910,https://dataverse.harvard.edu/api/access/datafile/4969910
doi:10.7910/DVN/GTXJKY,A11_19042.jpg,4969911,https://dataverse.harvard.edu/api/access/datafile/4969911
doi:10.7910/DVN/78TL7P,A11_19043.jpg,4969912,https://dataverse.harvard.edu/api/access/datafile/4969912
doi:10.7910/DVN/C7LRP2,A11_19044.jpg,4969913,https://dataverse.harvard.edu/api/access/datafile/4969913
doi:10.7910/DVN/AQEPVW,A11_19045.jpg,4969914,https://dataverse.harvard.edu/api/access/datafile/4969914
doi:10.7910/DVN/YZ310L,A11_19047.jpg,4969915,https://dataverse.harvard.edu/api/access/datafile/4969915
doi:10.7910/DVN/VGEA9U,A11_19048.jpg,4969916,https://dataverse.harvard.edu/api/access/datafile/4969916
doi:10.7910/DVN/PEVEAR,A11_19049.jpg,4969917,https://dataverse.harvard.edu/api/access/datafile/4969917
doi:10.7910/DVN/B7RWMR,A11_19050.jpg,4969918,https://dataverse.harvard.edu/api/access/datafile/4969918
doi:10.7910/DVN/2KIDXI,A11_19051.jpg,4969920,https://dataverse.harvard.edu/api/access/datafile/4969920
doi:10.7910/DVN/1661FY,A11_19052.jpg,4969921,https://dataverse.harvard.edu/api/access/datafile/4969921
doi:10.7910/DVN/G8MBAR,A11_19053.jpg,4969922,https://dataverse.harvard.edu/api/access/datafile/4969922
doi:10.7910/DVN/DJ9JNH,A11_19054.jpg,4969923,https://dataverse.harvard.edu/api/access/datafile/4969923
doi:10.7910/DVN/LGNVOM,A11_19055.jpg,4969924,https://dataverse.harvard.edu/api/access/datafile/4969924
doi:10.7910/DVN/7QCAWC,A11_19056.jpg,4969925,https://dataverse.harvard.edu/api/access/datafile/4969925
doi:10.7910/DVN/EUJY9Q,A11_19057.jpg,4969926,https://dataverse.harvard.edu/api/access/datafile/4969926
doi:10.7910/DVN/YO3VAX,A11_19058.jpg,4969927,https://dataverse.harvard.edu/api/access/datafile/4969927
doi:10.7910/DVN/67JHRV,A11_19059.jpg,4969929,https://dataverse.harvard.edu/api/access/datafile/4969929
doi:10.7910/DVN/1VLTZT,A11_19060.jpg,4969930,https://dataverse.harvard.edu/api/access/datafile/4969930
doi:10.7910/DVN/NUWB8U,A11_19061.jpg,4969931,https://dataverse.harvard.edu/api/access/datafile/4969931
doi:10.7910/DVN/U92INB,A11_19062.jpg,4969932,https://dataverse.harvard.edu/api/access/datafile/4969932
doi:10.7910/DVN/L4SNRK,A11_19063.jpg,4969933,https://dataverse.harvard.edu/api/access/datafile/4969933
doi:10.7910/DVN/ZIAJLT,A11_19064.jpg,4969934,https://dataverse.harvard.edu/api/access/datafile/4969934
doi:10.7910/DVN/HCMAHE,A11_19065.jpg,4969935,https://dataverse.harvard.edu/api/access/datafile/4969935
doi:10.7910/DVN/JEMBBZ,A11_19066.jpg,4969936,https://dataverse.harvard.edu/api/access/datafile/4969936
doi:10.7910/DVN/3OYIHM,A11_19067.jpg,4969937,https://dataverse.harvard.edu/api/access/datafile/4969937
doi:10.7910/DVN/O0BAHU,A11_19068.jpg,4969938,https://dataverse.harvard.edu/api/access/datafile/4969938
doi:10.7910/DVN/KYRPWP,A11_19069.jpg,4969939,https://dataverse.harvard.edu/api/access/datafile/4969939
doi:10.7910/DVN/AW5MPF,A11_19070.jpg,4969940,https://dataverse.harvard.edu/api/access/datafile/4969940
doi:10.7910/DVN/IBELMJ,A11_19071.jpg,4969941,https://dataverse.harvard.edu/api/access/datafile/4969941
doi:10.7910/DVN/X8JRLN,A11_19072.jpg,4969942,https://dataverse.harvard.edu/api/access/datafile/4969942
doi:10.7910/DVN/4KL8Z9,A11_19073.jpg,4969943,https://dataverse.harvard.edu/api/access/datafile/4969943
doi:10.7910/DVN/A4OFWV,A11_19074.jpg,4969944,https://dataverse.harvard.edu/api/access/datafile/4969944
doi:10.7910/DVN/D4JGCE,A11_19075.jpg,4969945,https://dataverse.harvard.edu/api/access/datafile/4969945
doi:10.7910/DVN/DNGJD7,A11_19076.jpg,4969946,https://dataverse.harvard.edu/api/access/datafile/4969946
doi:10.7910/DVN/4ZO9UU,A11_19077.jpg,4969947,https://dataverse.harvard.edu/api/access/datafile/4969947
doi:10.7910/DVN/0J85X0,A11_19078.jpg,4969948,https://dataverse.harvard.edu/api/access/datafile/4969948
doi:10.7910/DVN/KIDKCX,A11_19079.jpg,4969949,https://dataverse.harvard.edu/api/access/datafile/4969949
doi:10.7910/DVN/UCXP0R,A11_19080.jpg,4969950,https://dataverse.harvard.edu/api/access/datafile/4969950
doi:10.7910/DVN/1UAPMP,A11_19081.jpg,4969951,https://dataverse.harvard.edu/api/access/datafile/4969951
doi:10.7910/DVN/HSDVW0,A11_19082.jpg,4969952,https://dataverse.harvard.edu/api/access/datafile/4969952
doi:10.7910/DVN/XK43HW,A11_19083.jpg,4969953,https://dataverse.harvard.edu/api/access/datafile/4969953
doi:10.7910/DVN/V5SNTS,A11_19084.jpg,4969954,https://dataverse.harvard.edu/api/access/datafile/4969954
doi:10.7910/DVN/NH8NFZ,A11_19085.jpg,4969955,https://dataverse.harvard.edu/api/access/datafile/4969955
doi:10.7910/DVN/DN0HEP,A11_19086.jpg,4969956,https://dataverse.harvard.edu/api/access/datafile/4969956
doi:10.7910/DVN/J4IVEC,A11_19087.jpg,4969957,https://dataverse.harvard.edu/api/access/datafile/4969957
doi:10.7910/DVN/MXK9A9,A11_19088.jpg,4969959,https://dataverse.harvard.edu/api/access/datafile/4969959
doi:10.7910/DVN/C6C7CP,A11_19089.jpg,4969960,https://dataverse.harvard.edu/api/access/datafile/4969960
doi:10.7910/DVN/AFF2FP,A11_19090.jpg,4969961,https://dataverse.harvard.edu/api/access/datafile/4969961
doi:10.7910/DVN/AOXKSQ,A11_19091.jpg,4969962,https://dataverse.harvard.edu/api/access/datafile/4969962
doi:10.7910/DVN/CNMKQD,A11_19092.jpg,4969963,https://dataverse.harvard.edu/api/access/datafile/4969963
doi:10.7910/DVN/JMMWF3,A11_19093.jpg,4969964,https://dataverse.harvard.edu/api/access/datafile/4969964
doi:10.7910/DVN/6QYS7J,A11_19094.jpg,4969965,https://dataverse.harvard.edu/api/access/datafile/4969965
doi:10.7910/DVN/DSHQDM,A11_19095.jpg,4969966,https://dataverse.harvard.edu/api/access/datafile/4969966
doi:10.7910/DVN/RTOOXM,A11_19096.jpg,4969967,https://dataverse.harvard.edu/api/access/datafile/4969967
doi:10.7910/DVN/3VUNXM,A11_19097.jpg,4969968,https://dataverse.harvard.edu/api/access/datafile/4969968
doi:10.7910/DVN/57AJC1,A11_19098.jpg,4969969,https://dataverse.harvard.edu/api/access/datafile/4969969
doi:10.7910/DVN/H9ARE3,A11_19099.jpg,4969970,https://dataverse.harvard.edu/api/access/datafile/4969970
doi:10.7910/DVN/MXZIEM,A11_19100.jpg,4969971,https://dataverse.harvard.edu/api/access/datafile/4969971
doi:10.7910/DVN/XBKS4M,A11_19101.jpg,4969972,https://dataverse.harvard.edu/api/access/datafile/4969972
doi:10.7910/DVN/3NSZA2,A11_19102.jpg,4969973,https://dataverse.harvard.edu/api/access/datafile/4969973
doi:10.7910/DVN/OJQNY3,A11_19103.jpg,4969974,https://dataverse.harvard.edu/api/access/datafile/4969974
doi:10.7910/DVN/CLUZQ2,A11_19104.jpg,4969975,https://dataverse.harvard.edu/api/access/datafile/4969975
doi:10.7910/DVN/6IG3AI,A11_19105.jpg,4969976,https://dataverse.harvard.edu/api/access/datafile/4969976
doi:10.7910/DVN/VVFDLS,A11_19106.jpg,4969977,https://dataverse.harvard.edu/api/access/datafile/4969977
doi:10.7910/DVN/7BF9V1,A11_19107.jpg,4969978,https://dataverse.harvard.edu/api/access/datafile/4969978
doi:10.7910/DVN/GOSAJJ,A11_19108.jpg,4969979,https://dataverse.harvard.edu/api/access/datafile/4969979
doi:10.7910/DVN/RYOYRE,A11_19109.jpg,4969980,https://dataverse.harvard.edu/api/access/datafile/4969980
doi:10.7910/DVN/A5EHR0,A11_19110.jpg,4969981,https://dataverse.harvard.edu/api/access/datafile/4969981
doi:10.7910/DVN/VITD1V,A11_19111.jpg,4969982,https://dataverse.harvard.edu/api/access/datafile/4969982
doi:10.7910/DVN/RDNFG8,A11_19112.jpg,4969983,https://dataverse.harvard.edu/api/access/datafile/4969983
doi:10.7910/DVN/PETZKK,A11_19113.jpg,4969985,https://dataverse.harvard.edu/api/access/datafile/4969985
doi:10.7910/DVN/O6VK5G,A11_19114.jpg,4969986,https://dataverse.harvard.edu/api/access/datafile/4969986
doi:10.7910/DVN/1HC7SX,A11_19115.jpg,4969987,https://dataverse.harvard.edu/api/access/datafile/4969987
doi:10.7910/DVN/VHURS8,A11_19116.jpg,4969988,https://dataverse.harvard.edu/api/access/datafile/4969988
doi:10.7910/DVN/ZPXQHS,A11_19117.jpg,4969990,https://dataverse.harvard.edu/api/access/datafile/4969990
doi:10.7910/DVN/GSKUY1,A11_19118.jpg,4969991,https://dataverse.harvard.edu/api/access/datafile/4969991
doi:10.7910/DVN/SBKLWB,A11_19119.jpg,4969992,https://dataverse.harvard.edu/api/access/datafile/4969992
doi:10.7910/DVN/VTDWKI,A11_19120.jpg,4969993,https://dataverse.harvard.edu/api/access/datafile/4969993
doi:10.7910/DVN/LY2T7L,A11_19121.jpg,4969994,https://dataverse.harvard.edu/api/access/datafile/4969994
doi:10.7910/DVN/P7PXYY,A11_19122.jpg,4969995,https://dataverse.harvard.edu/api/access/datafile/4969995
doi:10.7910/DVN/MN1TIO,A11_19123.JPG,4969996,https://dataverse.harvard.edu/api/access/datafile/4969996
doi:10.7910/DVN/0CEHBX,A11_19124.JPG,4969997,https://dataverse.harvard.edu/api/access/datafile/4969997
doi:10.7910/DVN/XRMFKX,A11_19125.JPG,4969998,https://dataverse.harvard.edu/api/access/datafile/4969998
doi:10.7910/DVN/JBHITR,A11_19126.JPG,4969999,https://dataverse.harvard.edu/api/access/datafile/4969999
doi:10.7910/DVN/BVZ6YI,A11_19127.JPG,4970000,https://dataverse.harvard.edu/api/access/datafile/4970000
doi:10.7910/DVN/MABGMV,A11_19128.JPG,4970001,https://dataverse.harvard.edu/api/access/datafile/4970001
doi:10.7910/DVN/6V2U0T,A11_19129.JPG,4970002,https://dataverse.harvard.edu/api/access/datafile/4970002
doi:10.7910/DVN/GCJWY4,A11_19130.JPG,4970003,https://dataverse.harvard.edu/api/access/datafile/4970003
doi:10.7910/DVN/W3X4YL,A11_19131.JPG,4970004,https://dataverse.harvard.edu/api/access/datafile/4970004
doi:10.7910/DVN/6L7105,A11_19132.JPG,4970005,https://dataverse.harvard.edu/api/access/datafile/4970005
doi:10.7910/DVN/QRNMJI,A11_19133.JPG,4970006,https://dataverse.harvard.edu/api/access/datafile/4970006
doi:10.7910/DVN/P93WIC,A11_19134.JPG,4970007,https://dataverse.harvard.edu/api/access/datafile/4970007
doi:10.7910/DVN/VOQHIU,A11_19135.JPG,4970008,https://dataverse.harvard.edu/api/access/datafile/4970008
doi:10.7910/DVN/HP8NG8,A11_19136.JPG,4970009,https://dataverse.harvard.edu/api/access/datafile/4970009
doi:10.7910/DVN/WFVTE2,A11_19137.JPG,4970010,https://dataverse.harvard.edu/api/access/datafile/4970010
doi:10.7910/DVN/AQTGBN,A11_19138.JPG,4970011,https://dataverse.harvard.edu/api/access/datafile/4970011
doi:10.7910/DVN/LFXUXP,A11_19139.JPG,4970012,https://dataverse.harvard.edu/api/access/datafile/4970012
doi:10.7910/DVN/FYLFAP,A11_19140.JPG,4970013,https://dataverse.harvard.edu/api/access/datafile/4970013
doi:10.7910/DVN/6YO6TI,A11_19141.JPG,4970014,https://dataverse.harvard.edu/api/access/datafile/4970014
doi:10.7910/DVN/ATLEOP,A11_19142.JPG,4970015,https://dataverse.harvard.edu/api/access/datafile/4970015
doi:10.7910/DVN/VHVSQX,A11_19143.JPG,4970016,https://dataverse.harvard.edu/api/access/datafile/4970016
doi:10.7910/DVN/HMWCMP,A11_19144.JPG,4970017,https://dataverse.harvard.edu/api/access/datafile/4970017
doi:10.7910/DVN/CBLSTA,A11_19145.JPG,4970018,https://dataverse.harvard.edu/api/access/datafile/4970018
doi:10.7910/DVN/LK9OHS,A11_19146.JPG,4970019,https://dataverse.harvard.edu/api/access/datafile/4970019
doi:10.7910/DVN/032UXP,A11_19147.JPG,4970020,https://dataverse.harvard.edu/api/access/datafile/4970020
doi:10.7910/DVN/O8FSTH,A11_19148.JPG,4970021,https://dataverse.harvard.edu/api/access/datafile/4970021
doi:10.7910/DVN/GHYG47,A11_19149.JPG,4970023,https://dataverse.harvard.edu/api/access/datafile/4970023
doi:10.7910/DVN/QFWQRK,A11_19150.JPG,4970024,https://dataverse.harvard.edu/api/access/datafile/4970024
doi:10.7910/DVN/BHU995,A11_19151.JPG,4970025,https://dataverse.harvard.edu/api/access/datafile/4970025
doi:10.7910/DVN/7QWIX5,A11_19152.JPG,4970026,https://dataverse.harvard.edu/api/access/datafile/4970026
doi:10.7910/DVN/EPPFAH,A11_19153.JPG,4970027,https://dataverse.harvard.edu/api/access/datafile/4970027
doi:10.7910/DVN/WENQTU,A11_19154.JPG,4970028,https://dataverse.harvard.edu/api/access/datafile/4970028
doi:10.7910/DVN/ZBRKCW,A11_19155.JPG,4970029,https://dataverse.harvard.edu/api/access/datafile/4970029
doi:10.7910/DVN/HUMHWD,A11_19156.JPG,4970030,https://dataverse.harvard.edu/api/access/datafile/4970030
doi:10.7910/DVN/MXJIQI,A11_19157.JPG,4970031,https://dataverse.harvard.edu/api/access/datafile/4970031
doi:10.7910/DVN/3QOAUO,A11_19158.JPG,4970032,https://dataverse.harvard.edu/api/access/datafile/4970032
doi:10.7910/DVN/NZXQZK,A11_19159.JPG,4970033,https://dataverse.harvard.edu/api/access/datafile/4970033
doi:10.7910/DVN/O94ROY,A11_19160.jpg,4970034,https://dataverse.harvard.edu/api/access/datafile/4970034
doi:10.7910/DVN/S2ELQ5,A11_19161.jpg,4970035,https://dataverse.harvard.edu/api/access/datafile/4970035
doi:10.7910/DVN/V4HOFD,A11_19162.jpg,4970041,https://dataverse.harvard.edu/api/access/datafile/4970041
doi:10.7910/DVN/METI45,A11_19163.jpg,4970042,https://dataverse.harvard.edu/api/access/datafile/4970042
doi:10.7910/DVN/TCZDVL,A11_19164.jpg,4970043,https://dataverse.harvard.edu/api/access/datafile/4970043
doi:10.7910/DVN/VGJNGI,A11_19165.jpg,4970044,https://dataverse.harvard.edu/api/access/datafile/4970044
doi:10.7910/DVN/VARIH2,A11_19166.jpg,4970045,https://dataverse.harvard.edu/api/access/datafile/4970045
doi:10.7910/DVN/ZUTU6Y,A11_19167.jpg,4970046,https://dataverse.harvard.edu/api/access/datafile/4970046
doi:10.7910/DVN/ZW87ME,A11_19168.jpg,4970048,https://dataverse.harvard.edu/api/access/datafile/4970048
doi:10.7910/DVN/IV243H,A11_19169.jpg,4970049,https://dataverse.harvard.edu/api/access/datafile/4970049
doi:10.7910/DVN/THFJES,A11_19170.jpg,4970050,https://dataverse.harvard.edu/api/access/datafile/4970050
doi:10.7910/DVN/UDMQPO,A11_19171.jpg,4970051,https://dataverse.harvard.edu/api/access/datafile/4970051
doi:10.7910/DVN/OPEAN4,A11_19172.jpg,4970052,https://dataverse.harvard.edu/api/access/datafile/4970052
doi:10.7910/DVN/KT6DHA,A11_19173.jpg,4970054,https://dataverse.harvard.edu/api/access/datafile/4970054
doi:10.7910/DVN/PCAEX3,A11_19174.jpg,4970060,https://dataverse.harvard.edu/api/access/datafile/4970060
doi:10.7910/DVN/PI0X9P,A11_19175.jpg,4970061,https://dataverse.harvard.edu/api/access/datafile/4970061
doi:10.7910/DVN/MMA7L4,A11_19176.jpg,4970062,https://dataverse.harvard.edu/api/access/datafile/4970062
doi:10.7910/DVN/TKRWSU,A11_19177.jpg,4970063,https://dataverse.harvard.edu/api/access/datafile/4970063
doi:10.7910/DVN/4NQ2NN,A11_19178.jpg,4970064,https://dataverse.harvard.edu/api/access/datafile/4970064
doi:10.7910/DVN/LMWYJT,A11_19179.jpg,4970066,https://dataverse.harvard.edu/api/access/datafile/4970066
doi:10.7910/DVN/YJONR2,A11_19180.jpg,4970067,https://dataverse.harvard.edu/api/access/datafile/4970067
doi:10.7910/DVN/WL1MI7,A11_19181.jpg,4970068,https://dataverse.harvard.edu/api/access/datafile/4970068
doi:10.7910/DVN/WZFS2J,A11_19182.jpg,4970069,https://dataverse.harvard.edu/api/access/datafile/4970069
doi:10.7910/DVN/O7ISXV,A11_19183.JPG,4970070,https://dataverse.harvard.edu/api/access/datafile/4970070
doi:10.7910/DVN/LJNADJ,A11_19184.JPG,4970071,https://dataverse.harvard.edu/api/access/datafile/4970071
doi:10.7910/DVN/249ZL7,A11_19185.JPG,4970072,https://dataverse.harvard.edu/api/access/datafile/4970072
doi:10.7910/DVN/PUA5QR,A11_19186.JPG,4970073,https://dataverse.harvard.edu/api/access/datafile/4970073
doi:10.7910/DVN/TFAK7K,A11_19187.JPG,4970074,https://dataverse.harvard.edu/api/access/datafile/4970074
doi:10.7910/DVN/7Y9SAU,A11_19188.JPG,4970075,https://dataverse.harvard.edu/api/access/datafile/4970075
doi:10.7910/DVN/KFBFU2,A11_19189.JPG,4970076,https://dataverse.harvard.edu/api/access/datafile/4970076
doi:10.7910/DVN/JKZMHI,A11_19190.JPG,4970077,https://dataverse.harvard.edu/api/access/datafile/4970077
doi:10.7910/DVN/Q6YTYP,A11_19191.JPG,4970078,https://dataverse.harvard.edu/api/access/datafile/4970078
doi:10.7910/DVN/ROOAXB,A11_19192.JPG,4970079,https://dataverse.harvard.edu/api/access/datafile/4970079
doi:10.7910/DVN/R0EAED,A11_19193.JPG,4970080,https://dataverse.harvard.edu/api/access/datafile/4970080
doi:10.7910/DVN/KPXSQ4,A11_19194.JPG,4970082,https://dataverse.harvard.edu/api/access/datafile/4970082
doi:10.7910/DVN/OUPBYO,A11_19195.JPG,4970083,https://dataverse.harvard.edu/api/access/datafile/4970083
doi:10.7910/DVN/O6IEFQ,A11_19196.JPG,4970084,https://dataverse.harvard.edu/api/access/datafile/4970084
doi:10.7910/DVN/9P0LOZ,A11_19197.JPG,4970085,https://dataverse.harvard.edu/api/access/datafile/4970085
doi:10.7910/DVN/DGJCXN,A11_19198.JPG,4970086,https://dataverse.harvard.edu/api/access/datafile/4970086
doi:10.7910/DVN/TG5NYX,A11_19199.JPG,4970087,https://dataverse.harvard.edu/api/access/datafile/4970087
doi:10.7910/DVN/C3QU61,A11_19200.JPG,4970088,https://dataverse.harvard.edu/api/access/datafile/4970088
doi:10.7910/DVN/DELZJS,A11_19201.JPG,4970089,https://dataverse.harvard.edu/api/access/datafile/4970089
doi:10.7910/DVN/L4GO1S,A11_19202.JPG,4970092,https://dataverse.harvard.edu/api/access/datafile/4970092
doi:10.7910/DVN/DK48BB,A11_19203.JPG,4970093,https://dataverse.harvard.edu/api/access/datafile/4970093
doi:10.7910/DVN/YRAJQM,A11_19204.JPG,4970094,https://dataverse.harvard.edu/api/access/datafile/4970094
doi:10.7910/DVN/DM6KDU,A11_19205.JPG,4970095,https://dataverse.harvard.edu/api/access/datafile/4970095
doi:10.7910/DVN/F8SVOI,A11_19206.JPG,4970096,https://dataverse.harvard.edu/api/access/datafile/4970096
doi:10.7910/DVN/ZOHG1B,A11_19207.JPG,4970097,https://dataverse.harvard.edu/api/access/datafile/4970097
doi:10.7910/DVN/Q5HQAH,A11_19208.JPG,4970098,https://dataverse.harvard.edu/api/access/datafile/4970098
doi:10.7910/DVN/OVVSI1,A11_19209.JPG,4970099,https://dataverse.harvard.edu/api/access/datafile/4970099
doi:10.7910/DVN/PZOLFL,A11_19210.JPG,4970100,https://dataverse.harvard.edu/api/access/datafile/4970100
doi:10.7910/DVN/F901XE,A11_19211.JPG,4970101,https://dataverse.harvard.edu/api/access/datafile/4970101
doi:10.7910/DVN/GFZCOF,A11_19212.JPG,4970103,https://dataverse.harvard.edu/api/access/datafile/4970103
doi:10.7910/DVN/GX5RTH,A11_19213.JPG,4970104,https://dataverse.harvard.edu/api/access/datafile/4970104
doi:10.7910/DVN/JQAYLJ,A11_19214.JPG,4970105,https://dataverse.harvard.edu/api/access/datafile/4970105
doi:10.7910/DVN/AYH1KT,A11_19215.JPG,4970106,https://dataverse.harvard.edu/api/access/datafile/4970106
doi:10.7910/DVN/D4UD1B,A11_19216.JPG,4970107,https://dataverse.harvard.edu/api/access/datafile/4970107
doi:10.7910/DVN/CQFOOI,A11_19217.JPG,4970108,https://dataverse.harvard.edu/api/access/datafile/4970108
doi:10.7910/DVN/GHVPU9,A11_19218.JPG,4970109,https://dataverse.harvard.edu/api/access/datafile/4970109
doi:10.7910/DVN/D3O360,A11_19219.JPG,4970110,https://dataverse.harvard.edu/api/access/datafile/4970110
doi:10.7910/DVN/5NVP1L,A11_19220.JPG,4970111,https://dataverse.harvard.edu/api/access/datafile/4970111
doi:10.7910/DVN/SV0F7N,A11_19221.JPG,4970112,https://dataverse.harvard.edu/api/access/datafile/4970112
doi:10.7910/DVN/CH5UQW,A11_19222.JPG,4970113,https://dataverse.harvard.edu/api/access/datafile/4970113
doi:10.7910/DVN/5ETDTS,A11_19223.JPG,4970114,https://dataverse.harvard.edu/api/access/datafile/4970114
doi:10.7910/DVN/KM8JNM,A11_19224.JPG,4970115,https://dataverse.harvard.edu/api/access/datafile/4970115
doi:10.7910/DVN/LQMVAK,A11_19225.JPG,4970116,https://dataverse.harvard.edu/api/access/datafile/4970116
doi:10.7910/DVN/DYDB5C,A11_19226.JPG,4970117,https://dataverse.harvard.edu/api/access/datafile/4970117
doi:10.7910/DVN/SL1UXO,A11_19227.JPG,4970118,https://dataverse.harvard.edu/api/access/datafile/4970118
doi:10.7910/DVN/QIXMUT,A11_19228.JPG,4970119,https://dataverse.harvard.edu/api/access/datafile/4970119
doi:10.7910/DVN/1M4IGX,A11_19229.JPG,4970120,https://dataverse.harvard.edu/api/access/datafile/4970120
doi:10.7910/DVN/WVVMTQ,A11_19230.JPG,4970121,https://dataverse.harvard.edu/api/access/datafile/4970121
doi:10.7910/DVN/CSOBOK,A11_19231.JPG,4970122,https://dataverse.harvard.edu/api/access/datafile/4970122
doi:10.7910/DVN/ICJAPF,A11_19232.JPG,4970123,https://dataverse.harvard.edu/api/access/datafile/4970123
doi:10.7910/DVN/B1Q1XH,A11_19233.JPG,4970124,https://dataverse.harvard.edu/api/access/datafile/4970124
doi:10.7910/DVN/6VAPI9,A11_19234.JPG,4970125,https://dataverse.harvard.edu/api/access/datafile/4970125
doi:10.7910/DVN/JXHZ1X,A11_19235.JPG,4970126,https://dataverse.harvard.edu/api/access/datafile/4970126
doi:10.7910/DVN/4NLGYN,A11_19236.JPG,4970127,https://dataverse.harvard.edu/api/access/datafile/4970127
doi:10.7910/DVN/ZTWAFQ,A11_19237.JPG,4970128,https://dataverse.harvard.edu/api/access/datafile/4970128
doi:10.7910/DVN/QNGGEG,A11_19238.jpg,4970129,https://dataverse.harvard.edu/api/access/datafile/4970129
doi:10.7910/DVN/SRWXWW,A11_19239.jpg,4970130,https://dataverse.harvard.edu/api/access/datafile/4970130
doi:10.7910/DVN/PHNMX2,A11_19240.jpg,4970134,https://dataverse.harvard.edu/api/access/datafile/4970134
doi:10.7910/DVN/WW7QY2,A11_19241.jpg,4970135,https://dataverse.harvard.edu/api/access/datafile/4970135
doi:10.7910/DVN/MIJZUJ,A11_19242.jpg,4970136,https://dataverse.harvard.edu/api/access/datafile/4970136
doi:10.7910/DVN/HJMMFP,A11_19243.jpg,4970137,https://dataverse.harvard.edu/api/access/datafile/4970137
doi:10.7910/DVN/FHGZMZ,A11_19244.jpg,4970138,https://dataverse.harvard.edu/api/access/datafile/4970138
doi:10.7910/DVN/QDUGML,A11_19245.jpg,4970139,https://dataverse.harvard.edu/api/access/datafile/4970139
doi:10.7910/DVN/FA5VCW,A11_19246.jpg,4970140,https://dataverse.harvard.edu/api/access/datafile/4970140
doi:10.7910/DVN/0BPPC1,A11_19247.jpg,4970161,https://dataverse.harvard.edu/api/access/datafile/4970161
doi:10.7910/DVN/QFNZVE,A11_19248.jpg,4970162,https://dataverse.harvard.edu/api/access/datafile/4970162
doi:10.7910/DVN/FEU236,A11_19249.jpg,4970163,https://dataverse.harvard.edu/api/access/datafile/4970163
doi:10.7910/DVN/86COEP,A11_19250.jpg,4970164,https://dataverse.harvard.edu/api/access/datafile/4970164
doi:10.7910/DVN/H8XFVF,A11_19251.jpg,4970165,https://dataverse.harvard.edu/api/access/datafile/4970165
doi:10.7910/DVN/XDCWSG,A11_19252.jpg,4970166,https://dataverse.harvard.edu/api/access/datafile/4970166
doi:10.7910/DVN/KK79EO,A11_19253.jpg,4970167,https://dataverse.harvard.edu/api/access/datafile/4970167
doi:10.7910/DVN/KOGHGP,A11_19254.jpg,4970168,https://dataverse.harvard.edu/api/access/datafile/4970168
doi:10.7910/DVN/NIJLFL,A11_19255.jpg,4970169,https://dataverse.harvard.edu/api/access/datafile/4970169
doi:10.7910/DVN/P2ERXJ,A11_19256.jpg,4970170,https://dataverse.harvard.edu/api/access/datafile/4970170
doi:10.7910/DVN/SCYXBQ,A11_19257.jpg,4970171,https://dataverse.harvard.edu/api/access/datafile/4970171
doi:10.7910/DVN/ZHWWOU,A11_19258.jpg,4970172,https://dataverse.harvard.edu/api/access/datafile/4970172
doi:10.7910/DVN/7XRF70,A11_19259.jpg,4970173,https://dataverse.harvard.edu/api/access/datafile/4970173
doi:10.7910/DVN/6REPL4,A11_19260.jpg,4970174,https://dataverse.harvard.edu/api/access/datafile/4970174
doi:10.7910/DVN/X3EYNG,A11_19261.jpg,4970181,https://dataverse.harvard.edu/api/access/datafile/4970181
doi:10.7910/DVN/VLKERU,A11_19262.jpg,4970182,https://dataverse.harvard.edu/api/access/datafile/4970182
doi:10.7910/DVN/UXRCPW,A11_19263.jpg,4970184,https://dataverse.harvard.edu/api/access/datafile/4970184
doi:10.7910/DVN/GOKMKX,A11_19264.jpg,4970185,https://dataverse.harvard.edu/api/access/datafile/4970185
doi:10.7910/DVN/NAWW5P,A11_19265.jpg,4970186,https://dataverse.harvard.edu/api/access/datafile/4970186
doi:10.7910/DVN/TPLO8B,A11_19266.jpg,4970187,https://dataverse.harvard.edu/api/access/datafile/4970187
doi:10.7910/DVN/KUNJDT,A11_19267.jpg,4970188,https://dataverse.harvard.edu/api/access/datafile/4970188
doi:10.7910/DVN/ZI3CXJ,A11_19268.jpg,4970189,https://dataverse.harvard.edu/api/access/datafile/4970189
doi:10.7910/DVN/9N9ETP,A11_19269.jpg,4970190,https://dataverse.harvard.edu/api/access/datafile/4970190
doi:10.7910/DVN/90DTYV,A11_19270.jpg,4970191,https://dataverse.harvard.edu/api/access/datafile/4970191
doi:10.7910/DVN/M1EVZI,A11_19271.jpg,4970192,https://dataverse.harvard.edu/api/access/datafile/4970192
doi:10.7910/DVN/SNLDZD,A11_19272.jpg,4970193,https://dataverse.harvard.edu/api/access/datafile/4970193
doi:10.7910/DVN/9ZL44L,A11_19273.jpg,4970194,https://dataverse.harvard.edu/api/access/datafile/4970194
doi:10.7910/DVN/HULMTB,A11_19274.jpg,4970195,https://dataverse.harvard.edu/api/access/datafile/4970195
doi:10.7910/DVN/UFOCWA,A11_19275.jpg,4970196,https://dataverse.harvard.edu/api/access/datafile/4970196
doi:10.7910/DVN/ONFVGV,A11_19276.jpg,4970197,https://dataverse.harvard.edu/api/access/datafile/4970197
doi:10.7910/DVN/NWWSRR,A11_19278.JPG,4970198,https://dataverse.harvard.edu/api/access/datafile/4970198
doi:10.7910/DVN/YQ8ESH,A11_19279.JPG,4970199,https://dataverse.harvard.edu/api/access/datafile/4970199
doi:10.7910/DVN/8CNXL2,A11_19280.JPG,4970200,https://dataverse.harvard.edu/api/access/datafile/4970200
doi:10.7910/DVN/MITDKU,A11_19281.jpg,4970201,https://dataverse.harvard.edu/api/access/datafile/4970201
doi:10.7910/DVN/MC76ST,A11_19305.jpg,4970202,https://dataverse.harvard.edu/api/access/datafile/4970202
doi:10.7910/DVN/CTIGSH,A11_19331.JPG,4970203,https://dataverse.harvard.edu/api/access/datafile/4970203
doi:10.7910/DVN/9UXNZ9,A11_19333.JPG,4970204,https://dataverse.harvard.edu/api/access/datafile/4970204
doi:10.7910/DVN/ITBJQ2,A11_19336.JPG,4970205,https://dataverse.harvard.edu/api/access/datafile/4970205
doi:10.7910/DVN/CICZEJ,A11_19338.JPG,4970206,https://dataverse.harvard.edu/api/access/datafile/4970206
doi:10.7910/DVN/UBD8U4,A11_19340.JPG,4970207,https://dataverse.harvard.edu/api/access/datafile/4970207
doi:10.7910/DVN/2VQLWT,A11_19342.JPG,4970208,https://dataverse.harvard.edu/api/access/datafile/4970208
doi:10.7910/DVN/DCDUMG,A11_19344.JPG,4970209,https://dataverse.harvard.edu/api/access/datafile/4970209
doi:10.7910/DVN/447SFD,A11_19346.JPG,4970210,https://dataverse.harvard.edu/api/access/datafile/4970210
doi:10.7910/DVN/QFANQM,A11_19348.JPG,4970211,https://dataverse.harvard.edu/api/access/datafile/4970211
doi:10.7910/DVN/KJTKBF,A11_19350.JPG,4970212,https://dataverse.harvard.edu/api/access/datafile/4970212
doi:10.7910/DVN/5ZDEFL,A11_19352.JPG,4970213,https://dataverse.harvard.edu/api/access/datafile/4970213
doi:10.7910/DVN/INS22R,A11_19354.JPG,4970214,https://dataverse.harvard.edu/api/access/datafile/4970214
doi:10.7910/DVN/VORQRO,A11_19356.JPG,4970215,https://dataverse.harvard.edu/api/access/datafile/4970215
doi:10.7910/DVN/VGFKQ6,A11_19358.JPG,4970216,https://dataverse.harvard.edu/api/access/datafile/4970216
doi:10.7910/DVN/HM68PR,A11_19360.JPG,4970217,https://dataverse.harvard.edu/api/access/datafile/4970217
doi:10.7910/DVN/8YF4WM,A11_19362.JPG,4970218,https://dataverse.harvard.edu/api/access/datafile/4970218
doi:10.7910/DVN/F9TUWN,A11_19364.JPG,4970219,https://dataverse.harvard.edu/api/access/datafile/4970219
doi:10.7910/DVN/2P65OW,A11_19365.JPG,4970221,https://dataverse.harvard.edu/api/access/datafile/4970221
doi:10.7910/DVN/3TNVW7,A11_19390.jpg,4970222,https://dataverse.harvard.edu/api/access/datafile/4970222
doi:10.7910/DVN/J9MM6J,A11_19450.jpg,4970223,https://dataverse.harvard.edu/api/access/datafile/4970223
doi:10.7910/DVN/G13JFU,A11_19453.jpg,4970224,https://dataverse.harvard.edu/api/access/datafile/4970224
doi:10.7910/DVN/CMTUTX,A11_19462.jpg,4970225,https://dataverse.harvard.edu/api/access/datafile/4970225
doi:10.7910/DVN/QFN4DY,A11_19494.jpg,4970226,https://dataverse.harvard.edu/api/access/datafile/4970226
doi:10.7910/DVN/YNIJ1F,A11_19498.jpg,4970227,https://dataverse.harvard.edu/api/access/datafile/4970227
doi:10.7910/DVN/W0WZ2P,A11_19506.jpg,4970228,https://dataverse.harvard.edu/api/access/datafile/4970228
doi:10.7910/DVN/PXTD7F,A11_19542.jpg,4970229,https://dataverse.harvard.edu/api/access/datafile/4970229
doi:10.7910/DVN/VLZPB4,A11_19546.jpg,4970230,https://dataverse.harvard.edu/api/access/datafile/4970230
doi:10.7910/DVN/MHDKPE,A11_19575.jpg,4970231,https://dataverse.harvard.edu/api/access/datafile/4970231
doi:10.7910/DVN/SBKGDF,A11_19588.jpg,4970232,https://dataverse.harvard.edu/api/access/datafile/4970232
doi:10.7910/DVN/ZTVUWF,A11_19591.jpg,4970233,https://dataverse.harvard.edu/api/access/datafile/4970233
doi:10.7910/DVN/I670MD,A11_19594.jpg,4970234,https://dataverse.harvard.edu/api/access/datafile/4970234
doi:10.7910/DVN/4W2EUD,A11_19596.jpg,4970235,https://dataverse.harvard.edu/api/access/datafile/4970235
doi:10.7910/DVN/A6OTBO,A11_19600.jpg,4970236,https://dataverse.harvard.edu/api/access/datafile/4970236
doi:10.7910/DVN/T1PP7O,A11_19617.jpg,4970237,https://dataverse.harvard.edu/api/access/datafile/4970237
doi:10.7910/DVN/HGCKBS,A11_19620.jpg,4970238,https://dataverse.harvard.edu/api/access/datafile/4970238
doi:10.7910/DVN/VCXOZ9,A11_19621.jpg,4970239,https://dataverse.harvard.edu/api/access/datafile/4970239
doi:10.7910/DVN/PK7FMI,A11_19629.jpg,4970240,https://dataverse.harvard.edu/api/access/datafile/4970240
doi:10.7910/DVN/DTFILO,A11_19675.jpg,4970241,https://dataverse.harvard.edu/api/access/datafile/4970241
doi:10.7910/DVN/BRJDS6,A11_19760.jpg,4970242,https://dataverse.harvard.edu/api/access/datafile/4970242
doi:10.7910/DVN/5AE9WO,A11_19810.jpg,4970243,https://dataverse.harvard.edu/api/access/datafile/4970243
doi:10.7910/DVN/MFTPOB,A11_19811.jpg,4970244,https://dataverse.harvard.edu/api/access/datafile/4970244
doi:10.7910/DVN/H9IXX4,A11_19928.jpg,4970245,https://dataverse.harvard.edu/api/access/datafile/4970245
doi:10.7910/DVN/ZRTXRR,A11_19929.jpg,4970246,https://dataverse.harvard.edu/api/access/datafile/4970246
doi:10.7910/DVN/0MSFDL,A11_19940.jpg,4970247,https://dataverse.harvard.edu/api/access/datafile/4970247
doi:10.7910/DVN/AP5A3O,A11_19954.jpg,4970249,https://dataverse.harvard.edu/api/access/datafile/4970249
doi:10.7910/DVN/PJWZZR,A11_19969.jpg,4970250,https://dataverse.harvard.edu/api/access/datafile/4970250
doi:10.7910/DVN/CXROSV,A11_20019.jpg,4970251,https://dataverse.harvard.edu/api/access/datafile/4970251
doi:10.7910/DVN/MGDCAI,A11_20078.jpg,4970252,https://dataverse.harvard.edu/api/access/datafile/4970252
doi:10.7910/DVN/FYSZ1R,A11_20082.jpg,4970253,https://dataverse.harvard.edu/api/access/datafile/4970253
doi:10.7910/DVN/BV9EEI,A11_20122.jpg,4970254,https://dataverse.harvard.edu/api/access/datafile/4970254
doi:10.7910/DVN/2DAWB7,A11_20265.jpg,4970255,https://dataverse.harvard.edu/api/access/datafile/4970255
doi:10.7910/DVN/OSS1ZS,A11_20315.jpg,4970256,https://dataverse.harvard.edu/api/access/datafile/4970256
doi:10.7910/DVN/HVSH5F,A11_20323.jpg,4970257,https://dataverse.harvard.edu/api/access/datafile/4970257
doi:10.7910/DVN/8BNW1I,A11_20325.jpg,4970258,https://dataverse.harvard.edu/api/access/datafile/4970258
doi:10.7910/DVN/WIQC5Q,A11_20337.jpg,4970259,https://dataverse.harvard.edu/api/access/datafile/4970259
doi:10.7910/DVN/FDBPSL,A11_20338.jpg,4970260,https://dataverse.harvard.edu/api/access/datafile/4970260
doi:10.7910/DVN/RAMCHM,A11_20341.jpg,4970261,https://dataverse.harvard.edu/api/access/datafile/4970261
doi:10.7910/DVN/ZXHA1B,A11_20344.jpg,4970262,https://dataverse.harvard.edu/api/access/datafile/4970262
doi:10.7910/DVN/CZ3D3U,A11_20346.jpg,4970263,https://dataverse.harvard.edu/api/access/datafile/4970263
doi:10.7910/DVN/HGXEXH,A11_20349.jpg,4970264,https://dataverse.harvard.edu/api/access/datafile/4970264
doi:10.7910/DVN/ECJ0DS,A11_20350.jpg,4970265,https://dataverse.harvard.edu/api/access/datafile/4970265
doi:10.7910/DVN/D7IDZL,A11_20351.jpg,4970266,https://dataverse.harvard.edu/api/access/datafile/4970266
doi:10.7910/DVN/V9KKVZ,A11_20352.jpg,4970267,https://dataverse.harvard.edu/api/access/datafile/4970267
doi:10.7910/DVN/CQNT6J,A11_20353.jpg,4970268,https://dataverse.harvard.edu/api/access/datafile/4970268
doi:10.7910/DVN/DRAISO,A11_20360.jpg,4970269,https://dataverse.harvard.edu/api/access/datafile/4970269
doi:10.7910/DVN/1VY4HQ,A11_20363.jpg,4970270,https://dataverse.harvard.edu/api/access/datafile/4970270
doi:10.7910/DVN/AFJEL3,A11_20386.jpg,4970271,https://dataverse.harvard.edu/api/access/datafile/4970271
doi:10.7910/DVN/DQWPPY,A11_20391.jpg,4970272,https://dataverse.harvard.edu/api/access/datafile/4970272
doi:10.7910/DVN/W4POTN,A11_20392.jpg,4970273,https://dataverse.harvard.edu/api/access/datafile/4970273
doi:10.7910/DVN/7QY7AA,A11_20394.jpg,4970274,https://dataverse.harvard.edu/api/access/datafile/4970274
doi:10.7910/DVN/TICTXL,A11_20395.jpg,4970275,https://dataverse.harvard.edu/api/access/datafile/4970275
doi:10.7910/DVN/JZ0P4Z,A11_20411.jpg,4970276,https://dataverse.harvard.edu/api/access/datafile/4970276
doi:10.7910/DVN/HRSHUF,A11_20429.jpg,4970278,https://dataverse.harvard.edu/api/access/datafile/4970278
doi:10.7910/DVN/U8JOPV,A11_20436.jpg,4970279,https://dataverse.harvard.edu/api/access/datafile/4970279
doi:10.7910/DVN/5K1GNE,A11_20452.jpg,4970280,https://dataverse.harvard.edu/api/access/datafile/4970280
doi:10.7910/DVN/0W0J0W,A11_20457.jpg,4970281,https://dataverse.harvard.edu/api/access/datafile/4970281
doi:10.7910/DVN/UHY1EE,A11_20458.jpg,4970282,https://dataverse.harvard.edu/api/access/datafile/4970282
doi:10.7910/DVN/P37PEX,A11_20467.jpg,4970283,https://dataverse.harvard.edu/api/access/datafile/4970283
doi:10.7910/DVN/11H29G,A11_20468.jpg,4970284,https://dataverse.harvard.edu/api/access/datafile/4970284
doi:10.7910/DVN/AS25NQ,A11_20472.jpg,4970285,https://dataverse.harvard.edu/api/access/datafile/4970285
doi:10.7910/DVN/NND7NP,A11_20475.jpg,4970286,https://dataverse.harvard.edu/api/access/datafile/4970286
doi:10.7910/DVN/JRIXUD,A11_20477.jpg,4970287,https://dataverse.harvard.edu/api/access/datafile/4970287
doi:10.7910/DVN/YZIBZQ,A11_20482.jpg,4970288,https://dataverse.harvard.edu/api/access/datafile/4970288
doi:10.7910/DVN/3ZSDI4,A11_20487.jpg,4970289,https://dataverse.harvard.edu/api/access/datafile/4970289
doi:10.7910/DVN/A9NQWB,A11_20499.jpg,4970290,https://dataverse.harvard.edu/api/access/datafile/4970290
doi:10.7910/DVN/XGRXJY,A11_20503.jpg,4970291,https://dataverse.harvard.edu/api/access/datafile/4970291
doi:10.7910/DVN/LQNBMC,A11_20504.jpg,4970292,https://dataverse.harvard.edu/api/access/datafile/4970292
doi:10.7910/DVN/SJRFF0,A11_20508.jpg,4970293,https://dataverse.harvard.edu/api/access/datafile/4970293
doi:10.7910/DVN/RZHAJM,A11_20519.jpg,4970294,https://dataverse.harvard.edu/api/access/datafile/4970294
doi:10.7910/DVN/MPCSD6,A11_20521.jpg,4970295,https://dataverse.harvard.edu/api/access/datafile/4970295
doi:10.7910/DVN/UVXAYK,A11_20524.jpg,4970296,https://dataverse.harvard.edu/api/access/datafile/4970296
doi:10.7910/DVN/T6OBYA,A11_20538.jpg,4970297,https://dataverse.harvard.edu/api/access/datafile/4970297
doi:10.7910/DVN/6SIPD7,A11_20540.jpg,4970298,https://dataverse.harvard.edu/api/access/datafile/4970298
doi:10.7910/DVN/9RIYCT,A11_20543.jpg,4970299,https://dataverse.harvard.edu/api/access/datafile/4970299
doi:10.7910/DVN/NWCRAS,A11_20553.jpg,4970300,https://dataverse.harvard.edu/api/access/datafile/4970300
doi:10.7910/DVN/CDWJUB,A11_20555.jpg,4970301,https://dataverse.harvard.edu/api/access/datafile/4970301
doi:10.7910/DVN/HPAYGB,A11_20556.jpg,4970302,https://dataverse.harvard.edu/api/access/datafile/4970302
doi:10.7910/DVN/GFIUJW,A11_20557.jpg,4970303,https://dataverse.harvard.edu/api/access/datafile/4970303
doi:10.7910/DVN/JK6UEZ,A11_20558.jpg,4970304,https://dataverse.harvard.edu/api/access/datafile/4970304
doi:10.7910/DVN/TYPOXU,A11_20565.jpg,4970306,https://dataverse.harvard.edu/api/access/datafile/4970306
doi:10.7910/DVN/KVCGQV,A11_20566.jpg,4970307,https://dataverse.harvard.edu/api/access/datafile/4970307
doi:10.7910/DVN/CQEYF3,A11_20569.jpg,4970308,https://dataverse.harvard.edu/api/access/datafile/4970308
doi:10.7910/DVN/6KQWEA,A11_20572.jpg,4970309,https://dataverse.harvard.edu/api/access/datafile/4970309
doi:10.7910/DVN/BZZTGS,A11_20573.JPG,4970310,https://dataverse.harvard.edu/api/access/datafile/4970310
doi:10.7910/DVN/GKZ75K,A11_20574.JPG,4970311,https://dataverse.harvard.edu/api/access/datafile/4970311
doi:10.7910/DVN/OV99ET,A11_20575.JPG,4970312,https://dataverse.harvard.edu/api/access/datafile/4970312
doi:10.7910/DVN/QMCM1X,A11_20576.JPG,4970313,https://dataverse.harvard.edu/api/access/datafile/4970313
doi:10.7910/DVN/VEUGGL,A11_20577.JPG,4970314,https://dataverse.harvard.edu/api/access/datafile/4970314
doi:10.7910/DVN/LDJLXY,A11_20578.JPG,4970315,https://dataverse.harvard.edu/api/access/datafile/4970315
doi:10.7910/DVN/YJV4E9,A11_20579.JPG,4970316,https://dataverse.harvard.edu/api/access/datafile/4970316
doi:10.7910/DVN/PT8MJ4,A11_20580.JPG,4970317,https://dataverse.harvard.edu/api/access/datafile/4970317
doi:10.7910/DVN/8FSNWW,A11_20581.JPG,4970318,https://dataverse.harvard.edu/api/access/datafile/4970318
doi:10.7910/DVN/JTIKHW,A11_20582.JPG,4970319,https://dataverse.harvard.edu/api/access/datafile/4970319
doi:10.7910/DVN/QYDBVZ,A11_20583.JPG,4970320,https://dataverse.harvard.edu/api/access/datafile/4970320
doi:10.7910/DVN/0AB8WF,A11_20584.JPG,4970321,https://dataverse.harvard.edu/api/access/datafile/4970321
doi:10.7910/DVN/GRBFK2,A11_20585.JPG,4970322,https://dataverse.harvard.edu/api/access/datafile/4970322
doi:10.7910/DVN/CGN2CV,A11_20586.JPG,4970323,https://dataverse.harvard.edu/api/access/datafile/4970323
doi:10.7910/DVN/LPRGUX,A11_20587.JPG,4970324,https://dataverse.harvard.edu/api/access/datafile/4970324
doi:10.7910/DVN/TR32RY,A11_20588.JPG,4970325,https://dataverse.harvard.edu/api/access/datafile/4970325
doi:10.7910/DVN/UHDOK1,A11_20589.JPG,4970326,https://dataverse.harvard.edu/api/access/datafile/4970326
doi:10.7910/DVN/4MAIDT,A11_20590.JPG,4970327,https://dataverse.harvard.edu/api/access/datafile/4970327
doi:10.7910/DVN/YMEINX,A11_20591.JPG,4970328,https://dataverse.harvard.edu/api/access/datafile/4970328
doi:10.7910/DVN/TG18WA,A11_20592.JPG,4970329,https://dataverse.harvard.edu/api/access/datafile/4970329
doi:10.7910/DVN/IQIRXC,A11_20593.JPG,4970330,https://dataverse.harvard.edu/api/access/datafile/4970330
doi:10.7910/DVN/DUGZWO,A11_20594.JPG,4970331,https://dataverse.harvard.edu/api/access/datafile/4970331
doi:10.7910/DVN/RHMRWU,A11_20595.JPG,4970332,https://dataverse.harvard.edu/api/access/datafile/4970332
doi:10.7910/DVN/YHNR5W,A11_20596.JPG,4970333,https://dataverse.harvard.edu/api/access/datafile/4970333
doi:10.7910/DVN/OY4RQU,A11_20597.JPG,4970334,https://dataverse.harvard.edu/api/access/datafile/4970334
doi:10.7910/DVN/RSXLEW,A11_20598.JPG,4970335,https://dataverse.harvard.edu/api/access/datafile/4970335
doi:10.7910/DVN/PVBTLF,A11_20599.JPG,4970336,https://dataverse.harvard.edu/api/access/datafile/4970336
doi:10.7910/DVN/ZYRPKA,A11_20600.JPG,4970337,https://dataverse.harvard.edu/api/access/datafile/4970337
doi:10.7910/DVN/DTYFRA,A11_20601.JPG,4970338,https://dataverse.harvard.edu/api/access/datafile/4970338
doi:10.7910/DVN/TYJHHJ,A11_20602.JPG,4970339,https://dataverse.harvard.edu/api/access/datafile/4970339
doi:10.7910/DVN/1MQZOM,A11_20603.JPG,4970340,https://dataverse.harvard.edu/api/access/datafile/4970340
doi:10.7910/DVN/DDNPAR,A11_20604.JPG,4970341,https://dataverse.harvard.edu/api/access/datafile/4970341
doi:10.7910/DVN/5W5P4U,A11_20605.JPG,4970342,https://dataverse.harvard.edu/api/access/datafile/4970342
doi:10.7910/DVN/6LJENO,A11_20606.JPG,4970343,https://dataverse.harvard.edu/api/access/datafile/4970343
doi:10.7910/DVN/MRCMBY,A11_20607.JPG,4970344,https://dataverse.harvard.edu/api/access/datafile/4970344
doi:10.7910/DVN/CQCEWZ,A11_20608.JPG,4970345,https://dataverse.harvard.edu/api/access/datafile/4970345
doi:10.7910/DVN/OQQ1ZR,A11_20609.JPG,4970346,https://dataverse.harvard.edu/api/access/datafile/4970346
doi:10.7910/DVN/2K69A6,A11_20610.JPG,4970347,https://dataverse.harvard.edu/api/access/datafile/4970347
doi:10.7910/DVN/NFXIMT,A11_20611.JPG,4970348,https://dataverse.harvard.edu/api/access/datafile/4970348
doi:10.7910/DVN/RYCCFV,A11_20612.JPG,4970349,https://dataverse.harvard.edu/api/access/datafile/4970349
doi:10.7910/DVN/SFDGNM,A11_20613.JPG,4970351,https://dataverse.harvard.edu/api/access/datafile/4970351
doi:10.7910/DVN/YN1400,A11_20614.JPG,4970352,https://dataverse.harvard.edu/api/access/datafile/4970352
doi:10.7910/DVN/XIOCKZ,A11_20615.JPG,4970353,https://dataverse.harvard.edu/api/access/datafile/4970353
doi:10.7910/DVN/OUW3VZ,A11_20616.JPG,4970354,https://dataverse.harvard.edu/api/access/datafile/4970354
doi:10.7910/DVN/T4X2FZ,A11_20617.JPG,4970355,https://dataverse.harvard.edu/api/access/datafile/4970355
doi:10.7910/DVN/LZL7IF,A11_20618.JPG,4970356,https://dataverse.harvard.edu/api/access/datafile/4970356
doi:10.7910/DVN/MUFTHJ,A11_20619.JPG,4970357,https://dataverse.harvard.edu/api/access/datafile/4970357
doi:10.7910/DVN/GM7RYJ,A11_20620.JPG,4970358,https://dataverse.harvard.edu/api/access/datafile/4970358
doi:10.7910/DVN/DUUECD,A11_20621.JPG,4970359,https://dataverse.harvard.edu/api/access/datafile/4970359
doi:10.7910/DVN/3YN4IA,A11_20622.JPG,4970360,https://dataverse.harvard.edu/api/access/datafile/4970360
doi:10.7910/DVN/TQCG8H,A11_20623.JPG,4970361,https://dataverse.harvard.edu/api/access/datafile/4970361
doi:10.7910/DVN/KRU16N,A11_20624.JPG,4970362,https://dataverse.harvard.edu/api/access/datafile/4970362
doi:10.7910/DVN/CNKTHI,A11_20625.JPG,4970363,https://dataverse.harvard.edu/api/access/datafile/4970363
doi:10.7910/DVN/JWUQKO,A11_20626.JPG,4970364,https://dataverse.harvard.edu/api/access/datafile/4970364
doi:10.7910/DVN/HUI7QA,A11_20627.JPG,4970365,https://dataverse.harvard.edu/api/access/datafile/4970365
doi:10.7910/DVN/90LIFS,A11_20628.JPG,4970366,https://dataverse.harvard.edu/api/access/datafile/4970366
doi:10.7910/DVN/G2CIQJ,A11_20629.JPG,4970367,https://dataverse.harvard.edu/api/access/datafile/4970367
doi:10.7910/DVN/YJM4AJ,A11_20630.JPG,4970368,https://dataverse.harvard.edu/api/access/datafile/4970368
doi:10.7910/DVN/XPS7WO,A11_20631.JPG,4970369,https://dataverse.harvard.edu/api/access/datafile/4970369
doi:10.7910/DVN/GA97SL,A11_20632.JPG,4970370,https://dataverse.harvard.edu/api/access/datafile/4970370
doi:10.7910/DVN/JGKWJB,A11_20633.JPG,4970371,https://dataverse.harvard.edu/api/access/datafile/4970371
doi:10.7910/DVN/T5YZRT,A11_20634.JPG,4970372,https://dataverse.harvard.edu/api/access/datafile/4970372
doi:10.7910/DVN/3BEPP7,A11_20635.JPG,4970373,https://dataverse.harvard.edu/api/access/datafile/4970373
doi:10.7910/DVN/BBT9QZ,A11_20636.JPG,4970374,https://dataverse.harvard.edu/api/access/datafile/4970374
doi:10.7910/DVN/SXZRT5,A11_20637.JPG,4970375,https://dataverse.harvard.edu/api/access/datafile/4970375
doi:10.7910/DVN/HEYVCM,A11_20638.JPG,4970376,https://dataverse.harvard.edu/api/access/datafile/4970376
doi:10.7910/DVN/WOBB3C,A11_20639.JPG,4970377,https://dataverse.harvard.edu/api/access/datafile/4970377
doi:10.7910/DVN/ZXRDI8,A11_20640.JPG,4970378,https://dataverse.harvard.edu/api/access/datafile/4970378
doi:10.7910/DVN/OQ74GP,A11_20641.JPG,4970379,https://dataverse.harvard.edu/api/access/datafile/4970379
doi:10.7910/DVN/XSDSHN,A11_20642.JPG,4970380,https://dataverse.harvard.edu/api/access/datafile/4970380
doi:10.7910/DVN/AVUPNC,A11_20643.JPG,4970381,https://dataverse.harvard.edu/api/access/datafile/4970381
doi:10.7910/DVN/MA4BWT,A11_20644.JPG,4970382,https://dataverse.harvard.edu/api/access/datafile/4970382
doi:10.7910/DVN/TAUA2W,A11_20645.JPG,4970383,https://dataverse.harvard.edu/api/access/datafile/4970383
doi:10.7910/DVN/C68OGO,A11_20646.JPG,4970384,https://dataverse.harvard.edu/api/access/datafile/4970384
doi:10.7910/DVN/LZBSWF,A11_20647.JPG,4970385,https://dataverse.harvard.edu/api/access/datafile/4970385
doi:10.7910/DVN/LYTWE3,A11_20648.JPG,4970386,https://dataverse.harvard.edu/api/access/datafile/4970386
doi:10.7910/DVN/ZL9HKF,A11_20649.JPG,4970387,https://dataverse.harvard.edu/api/access/datafile/4970387
doi:10.7910/DVN/KDFMCB,A11_20650.JPG,4970388,https://dataverse.harvard.edu/api/access/datafile/4970388
doi:10.7910/DVN/U9T5FE,A11_20651.JPG,4970389,https://dataverse.harvard.edu/api/access/datafile/4970389
doi:10.7910/DVN/QEIAZI,A11_20652.JPG,4970390,https://dataverse.harvard.edu/api/access/datafile/4970390
doi:10.7910/DVN/PCSKFI,A11_20653.JPG,4970391,https://dataverse.harvard.edu/api/access/datafile/4970391
doi:10.7910/DVN/M9VWTA,A11_20654.JPG,4970392,https://dataverse.harvard.edu/api/access/datafile/4970392
doi:10.7910/DVN/N5AJP7,A11_20655.JPG,4970393,https://dataverse.harvard.edu/api/access/datafile/4970393
doi:10.7910/DVN/CU0WE6,A11_20656.JPG,4970394,https://dataverse.harvard.edu/api/access/datafile/4970394
doi:10.7910/DVN/YRXAQD,A11_20657.JPG,4970396,https://dataverse.harvard.edu/api/access/datafile/4970396
doi:10.7910/DVN/Y0ZULE,A11_20658.JPG,4970397,https://dataverse.harvard.edu/api/access/datafile/4970397
doi:10.7910/DVN/VDWM3D,A11_20659.JPG,4970398,https://dataverse.harvard.edu/api/access/datafile/4970398
doi:10.7910/DVN/0DJROA,A11_20660.JPG,4970399,https://dataverse.harvard.edu/api/access/datafile/4970399
doi:10.7910/DVN/OIPLDX,A11_20661.JPG,4970400,https://dataverse.harvard.edu/api/access/datafile/4970400
doi:10.7910/DVN/2LHAPN,A11_20662.JPG,4970401,https://dataverse.harvard.edu/api/access/datafile/4970401
doi:10.7910/DVN/SIQHHN,A11_20663.JPG,4970402,https://dataverse.harvard.edu/api/access/datafile/4970402
doi:10.7910/DVN/INU7ZN,A11_20664.JPG,4970403,https://dataverse.harvard.edu/api/access/datafile/4970403
doi:10.7910/DVN/G4WDO1,A11_20665.JPG,4970404,https://dataverse.harvard.edu/api/access/datafile/4970404
doi:10.7910/DVN/0HPTQ2,A11_20666.JPG,4970405,https://dataverse.harvard.edu/api/access/datafile/4970405
doi:10.7910/DVN/PQN5MV,A11_20667.JPG,4970406,https://dataverse.harvard.edu/api/access/datafile/4970406
doi:10.7910/DVN/59RCHC,A11_20668.JPG,4970407,https://dataverse.harvard.edu/api/access/datafile/4970407
doi:10.7910/DVN/P2QQC2,A11_20669.JPG,4970408,https://dataverse.harvard.edu/api/access/datafile/4970408
doi:10.7910/DVN/1TAYCD,A11_20670.JPG,4970409,https://dataverse.harvard.edu/api/access/datafile/4970409
doi:10.7910/DVN/FBHCKX,A11_20671.JPG,4970410,https://dataverse.harvard.edu/api/access/datafile/4970410
doi:10.7910/DVN/QJS7NX,A11_20672.JPG,4970411,https://dataverse.harvard.edu/api/access/datafile/4970411
doi:10.7910/DVN/86RV6E,A11_20673.JPG,4970412,https://dataverse.harvard.edu/api/access/datafile/4970412
doi:10.7910/DVN/GVREA9,A11_20674.JPG,4970413,https://dataverse.harvard.edu/api/access/datafile/4970413
doi:10.7910/DVN/AP0IFT,A11_20675.JPG,4970414,https://dataverse.harvard.edu/api/access/datafile/4970414
doi:10.7910/DVN/P7WXB9,A11_20676.JPG,4970415,https://dataverse.harvard.edu/api/access/datafile/4970415
doi:10.7910/DVN/OB4QQP,A11_20677.JPG,4970416,https://dataverse.harvard.edu/api/access/datafile/4970416
doi:10.7910/DVN/DGCWT6,A11_20678.JPG,4970417,https://dataverse.harvard.edu/api/access/datafile/4970417
doi:10.7910/DVN/6GPERF,A11_20679.JPG,4970418,https://dataverse.harvard.edu/api/access/datafile/4970418
doi:10.7910/DVN/P4FZHL,A11_20680.JPG,4970419,https://dataverse.harvard.edu/api/access/datafile/4970419
doi:10.7910/DVN/ZFXLWM,A11_20681.JPG,4970420,https://dataverse.harvard.edu/api/access/datafile/4970420
doi:10.7910/DVN/OSM7AA,A11_19277.jpg,6082929,https://dataverse.harvard.edu/api/access/datafile/6082929
doi:10.7910/DVN/MXQWY9,A11_19282.jpg,6082931,https://dataverse.harvard.edu/api/access/datafile/6082931
doi:10.7910/DVN/G06UKL,A11_19283.jpg,6082933,https://dataverse.harvard.edu/api/access/datafile/6082933
doi:10.7910/DVN/T3XP9W,A11_19284.jpg,6082936,https://dataverse.harvard.edu/api/access/datafile/6082936
doi:10.7910/DVN/G9XUU2,A11_19285.jpg,6082938,https://dataverse.harvard.edu/api/access/datafile/6082938
doi:10.7910/DVN/TCUTTQ,A11_19286.jpg,6082940,https://dataverse.harvard.edu/api/access/datafile/6082940
doi:10.7910/DVN/MKS7EH,A11_19287.jpg,6082942,https://dataverse.harvard.edu/api/access/datafile/6082942
doi:10.7910/DVN/SWR2QJ,A11_19288.jpg,6082944,https://dataverse.harvard.edu/api/access/datafile/6082944
doi:10.7910/DVN/GK1RW8,A11_19289.jpg,6082946,https://dataverse.harvard.edu/api/access/datafile/6082946
doi:10.7910/DVN/XC3OAC,A11_19290.jpg,6082948,https://dataverse.harvard.edu/api/access/datafile/6082948
doi:10.7910/DVN/X8NS0Z,A11_19291.jpg,6082950,https://dataverse.harvard.edu/api/access/datafile/6082950
doi:10.7910/DVN/0YM9B8,A11_19292.jpg,No File,https://dataverse.harvard.edu/api/access/datafile/No File
doi:10.7910/DVN/4XH266,A11_19293.jpg,6089355,https://dataverse.harvard.edu/api/access/datafile/6089355
doi:10.7910/DVN/1HSC6T,A11_19294.jpg,6089357,https://dataverse.harvard.edu/api/access/datafile/6089357
doi:10.7910/DVN/DWMRWR,A11_19295.jpg,6089359,https://dataverse.harvard.edu/api/access/datafile/6089359
doi:10.7910/DVN/WIDVKT,A11_19296.jpg,6089361,https://dataverse.harvard.edu/api/access/datafile/6089361
doi:10.7910/DVN/R1GXRM,A11_19297.jpg,6089363,https://dataverse.harvard.edu/api/access/datafile/6089363
doi:10.7910/DVN/IOFGN5,A11_19298.jpg,6089365,https://dataverse.harvard.edu/api/access/datafile/6089365
doi:10.7910/DVN/JHNKYD,A11_19299.jpg,6089367,https://dataverse.harvard.edu/api/access/datafile/6089367
doi:10.7910/DVN/3KPL8T,A11_19300.jpg,6089369,https://dataverse.harvard.edu/api/access/datafile/6089369
doi:10.7910/DVN/W5PMZ1,A11_19301.jpg,6089371,https://dataverse.harvard.edu/api/access/datafile/6089371
doi:10.7910/DVN/WDOSRF,A11_19302.jpg,6089373,https://dataverse.harvard.edu/api/access/datafile/6089373
doi:10.7910/DVN/DD25XW,A11_19303.jpg,6089375,https://dataverse.harvard.edu/api/access/datafile/6089375
doi:10.7910/DVN/VRHN1W,A11_19304.jpg,6089377,https://dataverse.harvard.edu/api/access/datafile/6089377
doi:10.7910/DVN/JFKDTX,A11_19306.jpg,6089379,https://dataverse.harvard.edu/api/access/datafile/6089379
doi:10.7910/DVN/4KHV92,A11_19307.jpg,6089381,https://dataverse.harvard.edu/api/access/datafile/6089381
doi:10.7910/DVN/W3NV0A,A11_19308.jpg,6089383,https://dataverse.harvard.edu/api/access/datafile/6089383
doi:10.7910/DVN/GSP5KZ,A11_19309.jpg,6089385,https://dataverse.harvard.edu/api/access/datafile/6089385
doi:10.7910/DVN/58XSEZ,A11_19310.jpg,6089387,https://dataverse.harvard.edu/api/access/datafile/6089387
doi:10.7910/DVN/U6PNJX,A11_19311.jpg,6089389,https://dataverse.harvard.edu/api/access/datafile/6089389
doi:10.7910/DVN/JGGCKJ,A11_19312.jpg,6089391,https://dataverse.harvard.edu/api/access/datafile/6089391
doi:10.7910/DVN/CH9JOF,A11_19313.jpg,6089393,https://dataverse.harvard.edu/api/access/datafile/6089393
doi:10.7910/DVN/P85E0J,A11_19314.jpg,6089395,https://dataverse.harvard.edu/api/access/datafile/6089395
doi:10.7910/DVN/XUVIDG,A11_19315.jpg,6089397,https://dataverse.harvard.edu/api/access/datafile/6089397
doi:10.7910/DVN/YZT8VR,A11_19316.jpg,6089399,https://dataverse.harvard.edu/api/access/datafile/6089399
doi:10.7910/DVN/RHWU3T,A11_19317.jpg,6089401,https://dataverse.harvard.edu/api/access/datafile/6089401
doi:10.7910/DVN/O115K8,A11_19318.jpg,6089403,https://dataverse.harvard.edu/api/access/datafile/6089403
doi:10.7910/DVN/BHT9M7,A11_19319.jpg,6089405,https://dataverse.harvard.edu/api/access/datafile/6089405
doi:10.7910/DVN/JNPJV8,A11_19320.jpg,6089407,https://dataverse.harvard.edu/api/access/datafile/6089407
doi:10.7910/DVN/5E4BL7,A11_19321.jpg,6089409,https://dataverse.harvard.edu/api/access/datafile/6089409
doi:10.7910/DVN/S2Y8QJ,A11_19322.jpg,6089411,https://dataverse.harvard.edu/api/access/datafile/6089411
doi:10.7910/DVN/UOVPKV,A11_19323.jpg,6089413,https://dataverse.harvard.edu/api/access/datafile/6089413
doi:10.7910/DVN/96HLNA,A11_19324.jpg,6089415,https://dataverse.harvard.edu/api/access/datafile/6089415
doi:10.7910/DVN/ZCJJ0L,A11_19325.jpg,6089417,https://dataverse.harvard.edu/api/access/datafile/6089417
doi:10.7910/DVN/L4OPKB,A11_19326.jpg,6089419,https://dataverse.harvard.edu/api/access/datafile/6089419
doi:10.7910/DVN/RMLLLW,A11_19327.jpg,6089421,https://dataverse.harvard.edu/api/access/datafile/6089421
doi:10.7910/DVN/TH2XGC,A11_19328.jpg,6089423,https://dataverse.harvard.edu/api/access/datafile/6089423
doi:10.7910/DVN/3Y5Z48,A11_19329.jpg,6089425,https://dataverse.harvard.edu/api/access/datafile/6089425
doi:10.7910/DVN/7FZFI8,A11_19330.jpg,6089427,https://dataverse.harvard.edu/api/access/datafile/6089427
doi:10.7910/DVN/GJMVOE,A11_19332.jpg,6089431,https://dataverse.harvard.edu/api/access/datafile/6089431
doi:10.7910/DVN/PPPOOE,A11_19334.jpg,6089433,https://dataverse.harvard.edu/api/access/datafile/6089433
doi:10.7910/DVN/61PNKI,A11_19335.jpg,6089435,https://dataverse.harvard.edu/api/access/datafile/6089435
doi:10.7910/DVN/W2446A,A11_19337.jpg,6089437,https://dataverse.harvard.edu/api/access/datafile/6089437
doi:10.7910/DVN/ZVUW5R,A11_19339.jpg,6089439,https://dataverse.harvard.edu/api/access/datafile/6089439
doi:10.7910/DVN/H6HDHS,A11_19341.jpg,6089441,https://dataverse.harvard.edu/api/access/datafile/6089441
doi:10.7910/DVN/NGGXFS,A11_19343.jpg,6089443,https://dataverse.harvard.edu/api/access/datafile/6089443
doi:10.7910/DVN/FMWIAE,A11_19345.jpg,6089445,https://dataverse.harvard.edu/api/access/datafile/6089445
doi:10.7910/DVN/GZPLJW,A11_19347.jpg,6089447,https://dataverse.harvard.edu/api/access/datafile/6089447
doi:10.7910/DVN/DRQCGM,A11_19349.jpg,6089449,https://dataverse.harvard.edu/api/access/datafile/6089449
doi:10.7910/DVN/F0L0MU,A11_19351.jpg,6089451,https://dataverse.harvard.edu/api/access/datafile/6089451
doi:10.7910/DVN/ZGVC3S,A11_19353.jpg,6089453,https://dataverse.harvard.edu/api/access/datafile/6089453
doi:10.7910/DVN/OAEV6S,A11_19355.jpg,6089455,https://dataverse.harvard.edu/api/access/datafile/6089455
doi:10.7910/DVN/ITQYGM,A11_19357.jpg,6089457,https://dataverse.harvard.edu/api/access/datafile/6089457
doi:10.7910/DVN/KKSDCM,A11_19359.jpg,6089459,https://dataverse.harvard.edu/api/access/datafile/6089459
doi:10.7910/DVN/5VWG9W,A11_19361.jpg,6089461,https://dataverse.harvard.edu/api/access/datafile/6089461
doi:10.7910/DVN/4NUCZ1,A11_19363.jpg,6089463,https://dataverse.harvard.edu/api/access/datafile/6089463
doi:10.7910/DVN/YJAUW9,A11_19366.jpg,6089465,https://dataverse.harvard.edu/api/access/datafile/6089465
doi:10.7910/DVN/9WPAA1,A11_19367.jpg,6089467,https://dataverse.harvard.edu/api/access/datafile/6089467
doi:10.7910/DVN/X56CSQ,A11_19368.jpg,6089469,https://dataverse.harvard.edu/api/access/datafile/6089469
doi:10.7910/DVN/3ZAV7A,A11_19369.jpg,6089471,https://dataverse.harvard.edu/api/access/datafile/6089471
doi:10.7910/DVN/IAVVK5,A11_19370.jpg,6089473,https://dataverse.harvard.edu/api/access/datafile/6089473
doi:10.7910/DVN/DMFHXH,A11_19371.jpg,6089475,https://dataverse.harvard.edu/api/access/datafile/6089475
doi:10.7910/DVN/MMP5TJ,A11_19372.jpg,6089477,https://dataverse.harvard.edu/api/access/datafile/6089477
doi:10.7910/DVN/SWIAVS,A11_19373.jpg,6089479,https://dataverse.harvard.edu/api/access/datafile/6089479
doi:10.7910/DVN/GVJSE1,A11_19374.jpg,6089481,https://dataverse.harvard.edu/api/access/datafile/6089481
doi:10.7910/DVN/7WR9QT,A11_19375.jpg,6089483,https://dataverse.harvard.edu/api/access/datafile/6089483
doi:10.7910/DVN/CAIQ7D,A11_19376.jpg,6089485,https://dataverse.harvard.edu/api/access/datafile/6089485
doi:10.7910/DVN/Y1AXD5,A11_19377.jpg,6089487,https://dataverse.harvard.edu/api/access/datafile/6089487
doi:10.7910/DVN/UWQNSM,A11_19378.jpg,6089489,https://dataverse.harvard.edu/api/access/datafile/6089489
doi:10.7910/DVN/BFK1XM,A11_19379.jpg,6089491,https://dataverse.harvard.edu/api/access/datafile/6089491
doi:10.7910/DVN/UO7ORV,A11_19380.jpg,6089493,https://dataverse.harvard.edu/api/access/datafile/6089493
doi:10.7910/DVN/H7WJHD,A11_19381.jpg,6089495,https://dataverse.harvard.edu/api/access/datafile/6089495
doi:10.7910/DVN/OEWONJ,A11_19382.jpg,6089497,https://dataverse.harvard.edu/api/access/datafile/6089497
doi:10.7910/DVN/8HUCCD,A11_19383.jpg,6089499,https://dataverse.harvard.edu/api/access/datafile/6089499
doi:10.7910/DVN/PSFEMA,A11_19384.jpg,6089501,https://dataverse.harvard.edu/api/access/datafile/6089501
doi:10.7910/DVN/VPSJHO,A11_19385.jpg,6089503,https://dataverse.harvard.edu/api/access/datafile/6089503
doi:10.7910/DVN/1I8UEZ,A11_19386.jpg,6089505,https://dataverse.harvard.edu/api/access/datafile/6089505
doi:10.7910/DVN/FM0QIG,A11_19387.jpg,6089507,https://dataverse.harvard.edu/api/access/datafile/6089507
doi:10.7910/DVN/WZZOB3,A11_19388.jpg,6089509,https://dataverse.harvard.edu/api/access/datafile/6089509
doi:10.7910/DVN/RWFUE8,A11_19389.jpg,6089511,https://dataverse.harvard.edu/api/access/datafile/6089511
doi:10.7910/DVN/Z6OB50,A11_19391.jpg,6089513,https://dataverse.harvard.edu/api/access/datafile/6089513
doi:10.7910/DVN/U9CFSH,A11_19392.jpg,6089515,https://dataverse.harvard.edu/api/access/datafile/6089515
doi:10.7910/DVN/GQWJPC,A11_19393.jpg,6089517,https://dataverse.harvard.edu/api/access/datafile/6089517
doi:10.7910/DVN/JK1J8S,A11_19394.jpg,6089519,https://dataverse.harvard.edu/api/access/datafile/6089519
doi:10.7910/DVN/6QMD8J,A11_19395.jpg,6089521,https://dataverse.harvard.edu/api/access/datafile/6089521
doi:10.7910/DVN/DOXOWF,A11_19396.jpg,6089523,https://dataverse.harvard.edu/api/access/datafile/6089523
doi:10.7910/DVN/J93IHX,A11_19397.jpg,6089525,https://dataverse.harvard.edu/api/access/datafile/6089525
doi:10.7910/DVN/OCEVZQ,A11_19398.jpg,6089527,https://dataverse.harvard.edu/api/access/datafile/6089527
doi:10.7910/DVN/LZGMPM,A11_19399.jpg,6089529,https://dataverse.harvard.edu/api/access/datafile/6089529
doi:10.7910/DVN/CDCKAZ,A11_19400.jpg,6089531,https://dataverse.harvard.edu/api/access/datafile/6089531
doi:10.7910/DVN/AR4GWC,A11_19401.jpg,6089533,https://dataverse.harvard.edu/api/access/datafile/6089533
doi:10.7910/DVN/TW30OI,A11_19402.jpg,6089535,https://dataverse.harvard.edu/api/access/datafile/6089535
doi:10.7910/DVN/HX2LYI,A11_19403.jpg,6089537,https://dataverse.harvard.edu/api/access/datafile/6089537
doi:10.7910/DVN/UED9YY,A11_19404.jpg,6089539,https://dataverse.harvard.edu/api/access/datafile/6089539
doi:10.7910/DVN/KLWBOP,A11_19405.jpg,6089541,https://dataverse.harvard.edu/api/access/datafile/6089541
doi:10.7910/DVN/KJ2VUA,A11_19406.jpg,6089543,https://dataverse.harvard.edu/api/access/datafile/6089543
doi:10.7910/DVN/QVSBXY,A11_19407.jpg,6089545,https://dataverse.harvard.edu/api/access/datafile/6089545
doi:10.7910/DVN/BKXBTR,A11_19408.jpg,6089547,https://dataverse.harvard.edu/api/access/datafile/6089547
doi:10.7910/DVN/FEIVR2,A11_19409.jpg,6089549,https://dataverse.harvard.edu/api/access/datafile/6089549
doi:10.7910/DVN/9V2YHP,A11_19410.jpg,6089551,https://dataverse.harvard.edu/api/access/datafile/6089551
doi:10.7910/DVN/M4TWFR,A11_19411.jpg,6089553,https://dataverse.harvard.edu/api/access/datafile/6089553
doi:10.7910/DVN/T0865O,A11_19412.jpg,6089555,https://dataverse.harvard.edu/api/access/datafile/6089555
doi:10.7910/DVN/MPQZMO,A11_19413.jpg,6089557,https://dataverse.harvard.edu/api/access/datafile/6089557
doi:10.7910/DVN/UCZS8A,A11_19414.jpg,6089559,https://dataverse.harvard.edu/api/access/datafile/6089559
doi:10.7910/DVN/TNCNUX,A11_19415.jpg,6089561,https://dataverse.harvard.edu/api/access/datafile/6089561
doi:10.7910/DVN/GT9MEF,A11_19416.jpg,6089563,https://dataverse.harvard.edu/api/access/datafile/6089563
doi:10.7910/DVN/2HLO6T,A11_19417.jpg,6089565,https://dataverse.harvard.edu/api/access/datafile/6089565
doi:10.7910/DVN/2P3YF5,A11_19418.jpg,6089567,https://dataverse.harvard.edu/api/access/datafile/6089567
doi:10.7910/DVN/O8JWTS,A11_19419.jpg,6089569,https://dataverse.harvard.edu/api/access/datafile/6089569
doi:10.7910/DVN/VLCEWC,A11_19420.jpg,6089571,https://dataverse.harvard.edu/api/access/datafile/6089571
doi:10.7910/DVN/5IGCKB,A11_19421.jpg,6089573,https://dataverse.harvard.edu/api/access/datafile/6089573
doi:10.7910/DVN/NZWUHY,A11_19422.jpg,6089575,https://dataverse.harvard.edu/api/access/datafile/6089575
doi:10.7910/DVN/GYZH6W,A11_19423.jpg,6089577,https://dataverse.harvard.edu/api/access/datafile/6089577
doi:10.7910/DVN/NHHZVS,A11_19424.jpg,6089579,https://dataverse.harvard.edu/api/access/datafile/6089579
doi:10.7910/DVN/MZJBDX,A11_19425.jpg,6089622,https://dataverse.harvard.edu/api/access/datafile/6089622
doi:10.7910/DVN/4KOJWB,A11_19426.jpg,6089624,https://dataverse.harvard.edu/api/access/datafile/6089624
doi:10.7910/DVN/DRS3ST,A11_19427.jpg,6089626,https://dataverse.harvard.edu/api/access/datafile/6089626
doi:10.7910/DVN/9THYSR,A11_19428.jpg,6089628,https://dataverse.harvard.edu/api/access/datafile/6089628
doi:10.7910/DVN/JJSCTP,A11_19429.jpg,6089630,https://dataverse.harvard.edu/api/access/datafile/6089630
doi:10.7910/DVN/ITGILF,A11_19430.jpg,6089632,https://dataverse.harvard.edu/api/access/datafile/6089632
doi:10.7910/DVN/NO4AQU,A11_19431.jpg,6089634,https://dataverse.harvard.edu/api/access/datafile/6089634
doi:10.7910/DVN/52EBZ0,A11_19432.jpg,6089636,https://dataverse.harvard.edu/api/access/datafile/6089636
doi:10.7910/DVN/U52I9U,A11_19433.jpg,6089638,https://dataverse.harvard.edu/api/access/datafile/6089638
doi:10.7910/DVN/WRO7TZ,A11_19434.jpg,6089640,https://dataverse.harvard.edu/api/access/datafile/6089640
doi:10.7910/DVN/9SQTTY,A11_19435.jpg,6089642,https://dataverse.harvard.edu/api/access/datafile/6089642
doi:10.7910/DVN/KQB2KA,A11_19436.jpg,6089644,https://dataverse.harvard.edu/api/access/datafile/6089644
doi:10.7910/DVN/MOABCP,A11_19437.jpg,6089646,https://dataverse.harvard.edu/api/access/datafile/6089646
doi:10.7910/DVN/LXIS4P,A11_19438.jpg,6089648,https://dataverse.harvard.edu/api/access/datafile/6089648
doi:10.7910/DVN/WA9FCC,A11_19439.jpg,6089650,https://dataverse.harvard.edu/api/access/datafile/6089650
doi:10.7910/DVN/6OY9PT,A11_19440.jpg,6089652,https://dataverse.harvard.edu/api/access/datafile/6089652
doi:10.7910/DVN/JLYLAH,A11_19441.jpg,6089654,https://dataverse.harvard.edu/api/access/datafile/6089654
doi:10.7910/DVN/PFGAOB,A11_19442.jpg,6089656,https://dataverse.harvard.edu/api/access/datafile/6089656
doi:10.7910/DVN/AQ8I6U,A11_19443.jpg,6089658,https://dataverse.harvard.edu/api/access/datafile/6089658
doi:10.7910/DVN/YHOXJY,A11_19444.jpg,6089660,https://dataverse.harvard.edu/api/access/datafile/6089660
doi:10.7910/DVN/YL5FG6,A11_19445.jpg,6089662,https://dataverse.harvard.edu/api/access/datafile/6089662
doi:10.7910/DVN/QLLJSM,A11_19446.jpg,6089664,https://dataverse.harvard.edu/api/access/datafile/6089664
doi:10.7910/DVN/KSX2ZB,A11_19447.jpg,6089666,https://dataverse.harvard.edu/api/access/datafile/6089666
doi:10.7910/DVN/F5O7A9,A11_19448.jpg,6089668,https://dataverse.harvard.edu/api/access/datafile/6089668
doi:10.7910/DVN/BOEPNZ,A11_19449.jpg,6089670,https://dataverse.harvard.edu/api/access/datafile/6089670
doi:10.7910/DVN/P2YYHF,A11_19451.jpg,6089672,https://dataverse.harvard.edu/api/access/datafile/6089672
doi:10.7910/DVN/W3SVVT,A11_19452.jpg,6089674,https://dataverse.harvard.edu/api/access/datafile/6089674
doi:10.7910/DVN/NOQOVV,A11_19454.jpg,6089676,https://dataverse.harvard.edu/api/access/datafile/6089676
doi:10.7910/DVN/FA1WPU,A11_19455.jpg,6089678,https://dataverse.harvard.edu/api/access/datafile/6089678
doi:10.7910/DVN/5OEV3Q,A11_19456.jpg,6089680,https://dataverse.harvard.edu/api/access/datafile/6089680
doi:10.7910/DVN/LKZXUT,A11_19457.jpg,6089682,https://dataverse.harvard.edu/api/access/datafile/6089682
doi:10.7910/DVN/92NIPZ,A11_19458.jpg,6089684,https://dataverse.harvard.edu/api/access/datafile/6089684
doi:10.7910/DVN/HJXOCM,A11_19459.jpg,6089686,https://dataverse.harvard.edu/api/access/datafile/6089686
doi:10.7910/DVN/4XKMNT,A11_19460.jpg,6089696,https://dataverse.harvard.edu/api/access/datafile/6089696
doi:10.7910/DVN/8CVDTF,A11_19461.jpg,6089698,https://dataverse.harvard.edu/api/access/datafile/6089698
doi:10.7910/DVN/DNA7GU,A11_19463.jpg,6089700,https://dataverse.harvard.edu/api/access/datafile/6089700
doi:10.7910/DVN/YCXHGX,A11_19464.jpg,6089702,https://dataverse.harvard.edu/api/access/datafile/6089702
doi:10.7910/DVN/CWPHAD,A11_19465.jpg,6089704,https://dataverse.harvard.edu/api/access/datafile/6089704
doi:10.7910/DVN/P58KLG,A11_19466.jpg,6089706,https://dataverse.harvard.edu/api/access/datafile/6089706
doi:10.7910/DVN/0RADCV,A11_19467.jpg,6089708,https://dataverse.harvard.edu/api/access/datafile/6089708
doi:10.7910/DVN/UICJIG,A11_19468.jpg,6089710,https://dataverse.harvard.edu/api/access/datafile/6089710
doi:10.7910/DVN/KQWISW,A11_19469.jpg,6089712,https://dataverse.harvard.edu/api/access/datafile/6089712
doi:10.7910/DVN/JBRMRM,A11_19470.jpg,6089714,https://dataverse.harvard.edu/api/access/datafile/6089714
doi:10.7910/DVN/B6LQBC,A11_19471.jpg,6089716,https://dataverse.harvard.edu/api/access/datafile/6089716
doi:10.7910/DVN/UYL3NS,A11_19472.jpg,6089718,https://dataverse.harvard.edu/api/access/datafile/6089718
doi:10.7910/DVN/EAEMIM,A11_19473.jpg,6089720,https://dataverse.harvard.edu/api/access/datafile/6089720
doi:10.7910/DVN/F7KBR1,A11_19474.jpg,6089722,https://dataverse.harvard.edu/api/access/datafile/6089722
doi:10.7910/DVN/0UPCAT,A11_19475.jpg,6089724,https://dataverse.harvard.edu/api/access/datafile/6089724
doi:10.7910/DVN/VNVAPT,A11_19476.jpg,6089726,https://dataverse.harvard.edu/api/access/datafile/6089726
doi:10.7910/DVN/I1QWJK,A11_19477.jpg,6089728,https://dataverse.harvard.edu/api/access/datafile/6089728
doi:10.7910/DVN/TAXHT9,A11_19478.jpg,6089730,https://dataverse.harvard.edu/api/access/datafile/6089730
doi:10.7910/DVN/87FIGD,A11_19479.jpg,6089732,https://dataverse.harvard.edu/api/access/datafile/6089732
doi:10.7910/DVN/0CMIF0,A11_19480.jpg,6089734,https://dataverse.harvard.edu/api/access/datafile/6089734
doi:10.7910/DVN/WTOSUW,A11_19481.jpg,6089736,https://dataverse.harvard.edu/api/access/datafile/6089736
doi:10.7910/DVN/XWKDKH,A11_19482.jpg,6089738,https://dataverse.harvard.edu/api/access/datafile/6089738
doi:10.7910/DVN/UCYIBM,A11_19483.jpg,6089740,https://dataverse.harvard.edu/api/access/datafile/6089740
doi:10.7910/DVN/0RGHOD,A11_19484.jpg,6089742,https://dataverse.harvard.edu/api/access/datafile/6089742
doi:10.7910/DVN/48K7QT,A11_19485.jpg,6089744,https://dataverse.harvard.edu/api/access/datafile/6089744
doi:10.7910/DVN/TKXJHS,A11_19486.jpg,6089748,https://dataverse.harvard.edu/api/access/datafile/6089748
doi:10.7910/DVN/3TJVBC,A11_19487.jpg,6089750,https://dataverse.harvard.edu/api/access/datafile/6089750
doi:10.7910/DVN/R7WFJU,A11_19488.jpg,6089752,https://dataverse.harvard.edu/api/access/datafile/6089752
doi:10.7910/DVN/VRUOLX,A11_19489.jpg,6089754,https://dataverse.harvard.edu/api/access/datafile/6089754
doi:10.7910/DVN/ASRZOX,A11_19490.jpg,6089756,https://dataverse.harvard.edu/api/access/datafile/6089756
doi:10.7910/DVN/LM75IF,A11_19491.jpg,6089758,https://dataverse.harvard.edu/api/access/datafile/6089758
doi:10.7910/DVN/87TPOH,A11_19492.jpg,6089760,https://dataverse.harvard.edu/api/access/datafile/6089760
doi:10.7910/DVN/JTQ4FH,A11_19493.jpg,6089762,https://dataverse.harvard.edu/api/access/datafile/6089762
doi:10.7910/DVN/WHXQSG,A11_19495.jpg,6089764,https://dataverse.harvard.edu/api/access/datafile/6089764
doi:10.7910/DVN/PRJWUI,A11_19496.jpg,6089766,https://dataverse.harvard.edu/api/access/datafile/6089766
doi:10.7910/DVN/UNSB3I,A11_19497.jpg,6089768,https://dataverse.harvard.edu/api/access/datafile/6089768
doi:10.7910/DVN/P1RSH0,A11_19499.jpg,6089770,https://dataverse.harvard.edu/api/access/datafile/6089770
doi:10.7910/DVN/WJ7MEK,A11_19500.jpg,6089772,https://dataverse.harvard.edu/api/access/datafile/6089772
doi:10.7910/DVN/MPT3CZ,A11_19501.jpg,6089774,https://dataverse.harvard.edu/api/access/datafile/6089774
doi:10.7910/DVN/NI6ZTK,A11_19502.jpg,6089776,https://dataverse.harvard.edu/api/access/datafile/6089776
doi:10.7910/DVN/2M358I,A11_19503.jpg,6089778,https://dataverse.harvard.edu/api/access/datafile/6089778
doi:10.7910/DVN/CFI6GT,A11_19504.jpg,6089780,https://dataverse.harvard.edu/api/access/datafile/6089780
doi:10.7910/DVN/OCJP8Y,A11_19505.jpg,6089782,https://dataverse.harvard.edu/api/access/datafile/6089782
doi:10.7910/DVN/5WPFFR,A11_19507.jpg,6089784,https://dataverse.harvard.edu/api/access/datafile/6089784
doi:10.7910/DVN/KEROKG,A11_19508.jpg,6089786,https://dataverse.harvard.edu/api/access/datafile/6089786
doi:10.7910/DVN/JJIREZ,A11_19509.jpg,6089788,https://dataverse.harvard.edu/api/access/datafile/6089788
doi:10.7910/DVN/9IBOFN,A11_19510.jpg,6089790,https://dataverse.harvard.edu/api/access/datafile/6089790
doi:10.7910/DVN/XTOV2W,A11_19511.jpg,6089792,https://dataverse.harvard.edu/api/access/datafile/6089792
doi:10.7910/DVN/ZHKG5S,A11_19512.jpg,6089794,https://dataverse.harvard.edu/api/access/datafile/6089794
doi:10.7910/DVN/Z3FEUD,A11_19513.jpg,6089796,https://dataverse.harvard.edu/api/access/datafile/6089796
doi:10.7910/DVN/MRWHIH,A11_19514.jpg,6089798,https://dataverse.harvard.edu/api/access/datafile/6089798
doi:10.7910/DVN/QGLES4,A11_19515.jpg,6089800,https://dataverse.harvard.edu/api/access/datafile/6089800
doi:10.7910/DVN/UBG4H6,A11_19516.jpg,6089802,https://dataverse.harvard.edu/api/access/datafile/6089802
doi:10.7910/DVN/PGKXZN,A11_19517.jpg,6090214,https://dataverse.harvard.edu/api/access/datafile/6090214
doi:10.7910/DVN/A2D4K1,A11_19518.jpg,6090216,https://dataverse.harvard.edu/api/access/datafile/6090216
doi:10.7910/DVN/RY6IHM,A11_19519.jpg,6090218,https://dataverse.harvard.edu/api/access/datafile/6090218
doi:10.7910/DVN/QVO79U,A11_19520.jpg,6090220,https://dataverse.harvard.edu/api/access/datafile/6090220
doi:10.7910/DVN/DTPVV1,A11_19521.jpg,6090222,https://dataverse.harvard.edu/api/access/datafile/6090222
doi:10.7910/DVN/HUUN6F,A11_19522.jpg,6090224,https://dataverse.harvard.edu/api/access/datafile/6090224
doi:10.7910/DVN/QYTOHG,A11_19523.jpg,6090226,https://dataverse.harvard.edu/api/access/datafile/6090226
doi:10.7910/DVN/G8UI9L,A11_19524.jpg,6090228,https://dataverse.harvard.edu/api/access/datafile/6090228
doi:10.7910/DVN/PZVNOM,A11_19525.jpg,6090230,https://dataverse.harvard.edu/api/access/datafile/6090230
doi:10.7910/DVN/U5SHLJ,A11_19526.jpg,6090232,https://dataverse.harvard.edu/api/access/datafile/6090232
doi:10.7910/DVN/6CKEXY,A11_19527.jpg,6090234,https://dataverse.harvard.edu/api/access/datafile/6090234
doi:10.7910/DVN/J5AVH1,A11_19528.jpg,6090236,https://dataverse.harvard.edu/api/access/datafile/6090236
doi:10.7910/DVN/H6CHB6,A11_19529.jpg,6090238,https://dataverse.harvard.edu/api/access/datafile/6090238
doi:10.7910/DVN/QQE8CM,A11_19530.jpg,6090240,https://dataverse.harvard.edu/api/access/datafile/6090240
doi:10.7910/DVN/JCRVBY,A11_19531.jpg,6090242,https://dataverse.harvard.edu/api/access/datafile/6090242
doi:10.7910/DVN/ZZIAQO,A11_19532.jpg,6090244,https://dataverse.harvard.edu/api/access/datafile/6090244
doi:10.7910/DVN/XVEQOO,A11_19533.jpg,6090246,https://dataverse.harvard.edu/api/access/datafile/6090246
doi:10.7910/DVN/QVVJ0D,A11_19534.jpg,6090248,https://dataverse.harvard.edu/api/access/datafile/6090248
doi:10.7910/DVN/BEJWZZ,A11_19535.jpg,6090250,https://dataverse.harvard.edu/api/access/datafile/6090250
doi:10.7910/DVN/6HEEX1,A11_19536.jpg,6090252,https://dataverse.harvard.edu/api/access/datafile/6090252
doi:10.7910/DVN/XGPPLI,A11_19537.jpg,6090254,https://dataverse.harvard.edu/api/access/datafile/6090254
doi:10.7910/DVN/UF71RQ,A11_19538.jpg,6090256,https://dataverse.harvard.edu/api/access/datafile/6090256
doi:10.7910/DVN/W9FPZC,A11_19539.jpg,6090258,https://dataverse.harvard.edu/api/access/datafile/6090258
doi:10.7910/DVN/PPYGEK,A11_19540.jpg,6090260,https://dataverse.harvard.edu/api/access/datafile/6090260
doi:10.7910/DVN/DENDVU,A11_19541.jpg,6090262,https://dataverse.harvard.edu/api/access/datafile/6090262
doi:10.7910/DVN/S2S0T6,A11_19543.jpg,6090264,https://dataverse.harvard.edu/api/access/datafile/6090264
doi:10.7910/DVN/IV3HQY,A11_19544.jpg,6090266,https://dataverse.harvard.edu/api/access/datafile/6090266
doi:10.7910/DVN/RNJD4W,A11_19545.jpg,6090268,https://dataverse.harvard.edu/api/access/datafile/6090268
doi:10.7910/DVN/BKTSAX,A11_19547.jpg,6090270,https://dataverse.harvard.edu/api/access/datafile/6090270
doi:10.7910/DVN/JQDZZW,A11_19548.jpg,6090272,https://dataverse.harvard.edu/api/access/datafile/6090272
doi:10.7910/DVN/4BOLII,A11_19549.jpg,6090274,https://dataverse.harvard.edu/api/access/datafile/6090274
doi:10.7910/DVN/FF7MEU,A11_19550.jpg,6090276,https://dataverse.harvard.edu/api/access/datafile/6090276
doi:10.7910/DVN/H3NULZ,A11_19551.jpg,6090278,https://dataverse.harvard.edu/api/access/datafile/6090278
doi:10.7910/DVN/URO92E,A11_19552.jpg,6090280,https://dataverse.harvard.edu/api/access/datafile/6090280
doi:10.7910/DVN/EM9RAM,A11_19553.jpg,6090282,https://dataverse.harvard.edu/api/access/datafile/6090282
doi:10.7910/DVN/PATRAI,A11_19554.jpg,6090284,https://dataverse.harvard.edu/api/access/datafile/6090284
doi:10.7910/DVN/YGI0K8,A11_19555.jpg,6090286,https://dataverse.harvard.edu/api/access/datafile/6090286
doi:10.7910/DVN/4HVLYL,A11_19556.jpg,6090288,https://dataverse.harvard.edu/api/access/datafile/6090288
doi:10.7910/DVN/65UQS8,A11_19557.jpg,6090290,https://dataverse.harvard.edu/api/access/datafile/6090290
doi:10.7910/DVN/CMYXA0,A11_19558.jpg,6090292,https://dataverse.harvard.edu/api/access/datafile/6090292
doi:10.7910/DVN/IYOEBF,A11_19559.jpg,6090294,https://dataverse.harvard.edu/api/access/datafile/6090294
doi:10.7910/DVN/UWPKEK,A11_19560.jpg,6090296,https://dataverse.harvard.edu/api/access/datafile/6090296
doi:10.7910/DVN/7JVMJF,A11_19561.jpg,6090298,https://dataverse.harvard.edu/api/access/datafile/6090298
doi:10.7910/DVN/U34N3M,A11_19562.jpg,6090300,https://dataverse.harvard.edu/api/access/datafile/6090300
doi:10.7910/DVN/KP0NYB,A11_19563.jpg,6090302,https://dataverse.harvard.edu/api/access/datafile/6090302
doi:10.7910/DVN/MU0VV7,A11_19564.jpg,6090304,https://dataverse.harvard.edu/api/access/datafile/6090304
doi:10.7910/DVN/RRJBFZ,A11_19565.jpg,6090306,https://dataverse.harvard.edu/api/access/datafile/6090306
doi:10.7910/DVN/DTOQXI,A11_19566.jpg,6090308,https://dataverse.harvard.edu/api/access/datafile/6090308
doi:10.7910/DVN/SZWAHZ,A11_19567.jpg,6090310,https://dataverse.harvard.edu/api/access/datafile/6090310
doi:10.7910/DVN/JVUWFF,A11_19568.jpg,6090312,https://dataverse.harvard.edu/api/access/datafile/6090312
doi:10.7910/DVN/E4PRME,A11_19569.jpg,6090314,https://dataverse.harvard.edu/api/access/datafile/6090314
doi:10.7910/DVN/ZNF2Q9,A11_19570.jpg,6090316,https://dataverse.harvard.edu/api/access/datafile/6090316
doi:10.7910/DVN/XCYR0Y,A11_19571.jpg,6090318,https://dataverse.harvard.edu/api/access/datafile/6090318
doi:10.7910/DVN/4EHJNT,A11_19572.jpg,6090320,https://dataverse.harvard.edu/api/access/datafile/6090320
doi:10.7910/DVN/VY1FVJ,A11_19573.jpg,6090322,https://dataverse.harvard.edu/api/access/datafile/6090322
doi:10.7910/DVN/S7AFV2,A11_19574.jpg,6090324,https://dataverse.harvard.edu/api/access/datafile/6090324
doi:10.7910/DVN/OJSJU6,A11_19576.jpg,6090326,https://dataverse.harvard.edu/api/access/datafile/6090326
doi:10.7910/DVN/LRR5TA,A11_19577.jpg,6090328,https://dataverse.harvard.edu/api/access/datafile/6090328
doi:10.7910/DVN/2OMF4J,A11_19578.jpg,6090330,https://dataverse.harvard.edu/api/access/datafile/6090330
doi:10.7910/DVN/HHBPDJ,A11_19579.jpg,6090332,https://dataverse.harvard.edu/api/access/datafile/6090332
doi:10.7910/DVN/9V7KHU,A11_19580.jpg,6090334,https://dataverse.harvard.edu/api/access/datafile/6090334
doi:10.7910/DVN/W95ZAS,A11_19581.jpg,6090336,https://dataverse.harvard.edu/api/access/datafile/6090336
doi:10.7910/DVN/PZPGIJ,A11_19582.jpg,6090340,https://dataverse.harvard.edu/api/access/datafile/6090340
doi:10.7910/DVN/ECZD1A,A11_19583.jpg,6090342,https://dataverse.harvard.edu/api/access/datafile/6090342
doi:10.7910/DVN/GYKZWR,A11_19584.jpg,6090787,https://dataverse.harvard.edu/api/access/datafile/6090787
doi:10.7910/DVN/EHKRTU,A11_19585.jpg,6090789,https://dataverse.harvard.edu/api/access/datafile/6090789
doi:10.7910/DVN/KLAOVX,A11_19586.jpg,6090791,https://dataverse.harvard.edu/api/access/datafile/6090791
doi:10.7910/DVN/2AQZA2,A11_19587.jpg,6090793,https://dataverse.harvard.edu/api/access/datafile/6090793
doi:10.7910/DVN/AF9EHG,A11_19589.jpg,6090795,https://dataverse.harvard.edu/api/access/datafile/6090795
doi:10.7910/DVN/BGPHDZ,A11_19590.jpg,6090797,https://dataverse.harvard.edu/api/access/datafile/6090797
doi:10.7910/DVN/0R3THI,A11_19592.jpg,6090799,https://dataverse.harvard.edu/api/access/datafile/6090799
doi:10.7910/DVN/GD4GLX,A11_19593.jpg,6090801,https://dataverse.harvard.edu/api/access/datafile/6090801
doi:10.7910/DVN/JOK73J,A11_19595.jpg,6090803,https://dataverse.harvard.edu/api/access/datafile/6090803
doi:10.7910/DVN/D9TSB7,A11_19597.jpg,6090805,https://dataverse.harvard.edu/api/access/datafile/6090805
doi:10.7910/DVN/HUD58P,A11_19598.jpg,6090807,https://dataverse.harvard.edu/api/access/datafile/6090807
doi:10.7910/DVN/JGGLDN,A11_19599.jpg,6090809,https://dataverse.harvard.edu/api/access/datafile/6090809
doi:10.7910/DVN/JOYXFF,A11_19601.jpg,6090811,https://dataverse.harvard.edu/api/access/datafile/6090811
doi:10.7910/DVN/JD8ERU,A11_19602.jpg,6090813,https://dataverse.harvard.edu/api/access/datafile/6090813
doi:10.7910/DVN/QAMXNS,A11_19603.jpg,6090815,https://dataverse.harvard.edu/api/access/datafile/6090815
doi:10.7910/DVN/F6PAI3,A11_19604.jpg,6090817,https://dataverse.harvard.edu/api/access/datafile/6090817
doi:10.7910/DVN/2NVNSY,A11_19605.jpg,6090819,https://dataverse.harvard.edu/api/access/datafile/6090819
doi:10.7910/DVN/GVZBRV,A11_19606.jpg,6090821,https://dataverse.harvard.edu/api/access/datafile/6090821
doi:10.7910/DVN/OVTYCV,A11_19607.jpg,6090823,https://dataverse.harvard.edu/api/access/datafile/6090823
doi:10.7910/DVN/QGIIO3,A11_19608.jpg,6090825,https://dataverse.harvard.edu/api/access/datafile/6090825
doi:10.7910/DVN/IF0VFP,A11_19609.jpg,6090827,https://dataverse.harvard.edu/api/access/datafile/6090827
doi:10.7910/DVN/GOMD2R,A11_19610.jpg,6090829,https://dataverse.harvard.edu/api/access/datafile/6090829
doi:10.7910/DVN/RWIHTV,A11_19611.jpg,6090831,https://dataverse.harvard.edu/api/access/datafile/6090831
doi:10.7910/DVN/FSWLML,A11_19612.jpg,6090833,https://dataverse.harvard.edu/api/access/datafile/6090833
doi:10.7910/DVN/RDAOWQ,A11_19613.jpg,6090835,https://dataverse.harvard.edu/api/access/datafile/6090835
doi:10.7910/DVN/PIEHHV,A11_19614.jpg,6090837,https://dataverse.harvard.edu/api/access/datafile/6090837
doi:10.7910/DVN/TTXHMQ,A11_19615.jpg,6090839,https://dataverse.harvard.edu/api/access/datafile/6090839
doi:10.7910/DVN/P0UCWQ,A11_19616.jpg,6090841,https://dataverse.harvard.edu/api/access/datafile/6090841
doi:10.7910/DVN/ENGPWX,A11_19618.jpg,6090843,https://dataverse.harvard.edu/api/access/datafile/6090843
doi:10.7910/DVN/YMOMEB,A11_19619.jpg,6090845,https://dataverse.harvard.edu/api/access/datafile/6090845
doi:10.7910/DVN/8SVRSW,A11_19622.jpg,6090847,https://dataverse.harvard.edu/api/access/datafile/6090847
doi:10.7910/DVN/H54TVN,A11_19623.jpg,6090849,https://dataverse.harvard.edu/api/access/datafile/6090849
doi:10.7910/DVN/IQFYNK,A11_19624.jpg,6090851,https://dataverse.harvard.edu/api/access/datafile/6090851
doi:10.7910/DVN/XJ8QTU,A11_19625.jpg,6090853,https://dataverse.harvard.edu/api/access/datafile/6090853
doi:10.7910/DVN/MOQ0ZG,A11_19626.jpg,6090855,https://dataverse.harvard.edu/api/access/datafile/6090855
doi:10.7910/DVN/1NNVDB,A11_19627.jpg,6090857,https://dataverse.harvard.edu/api/access/datafile/6090857
doi:10.7910/DVN/SCOIOR,A11_19628.jpg,6090859,https://dataverse.harvard.edu/api/access/datafile/6090859
doi:10.7910/DVN/M2UCZU,A11_19630.jpg,6090861,https://dataverse.harvard.edu/api/access/datafile/6090861
doi:10.7910/DVN/NANFRN,A11_19631.jpg,6090863,https://dataverse.harvard.edu/api/access/datafile/6090863
doi:10.7910/DVN/BIH7IV,A11_19632.jpg,6090865,https://dataverse.harvard.edu/api/access/datafile/6090865
doi:10.7910/DVN/XYRW5B,A11_19633.jpg,6090867,https://dataverse.harvard.edu/api/access/datafile/6090867
doi:10.7910/DVN/GIBZKZ,A11_19634.jpg,6090869,https://dataverse.harvard.edu/api/access/datafile/6090869
doi:10.7910/DVN/Q53DEG,A11_19635.jpg,6090871,https://dataverse.harvard.edu/api/access/datafile/6090871
doi:10.7910/DVN/9Q8NRB,A11_19636.jpg,6090873,https://dataverse.harvard.edu/api/access/datafile/6090873
doi:10.7910/DVN/YM1PKS,A11_19637.jpg,6090875,https://dataverse.harvard.edu/api/access/datafile/6090875
doi:10.7910/DVN/X4S6A0,A11_19638.jpg,6090877,https://dataverse.harvard.edu/api/access/datafile/6090877
doi:10.7910/DVN/YYFB8L,A11_19639.jpg,6090879,https://dataverse.harvard.edu/api/access/datafile/6090879
doi:10.7910/DVN/H46RSM,A11_19640.jpg,6090881,https://dataverse.harvard.edu/api/access/datafile/6090881
doi:10.7910/DVN/P3LSSR,A11_19641.jpg,6090883,https://dataverse.harvard.edu/api/access/datafile/6090883
doi:10.7910/DVN/L74D9R,A11_19642.jpg,6090885,https://dataverse.harvard.edu/api/access/datafile/6090885
doi:10.7910/DVN/QGXZFS,A11_19643.jpg,6090887,https://dataverse.harvard.edu/api/access/datafile/6090887
doi:10.7910/DVN/OAMJTB,A11_19644.jpg,6090889,https://dataverse.harvard.edu/api/access/datafile/6090889
doi:10.7910/DVN/ACE9D4,A11_19645.jpg,6090891,https://dataverse.harvard.edu/api/access/datafile/6090891
doi:10.7910/DVN/IDWXRI,A11_19646.jpg,6090893,https://dataverse.harvard.edu/api/access/datafile/6090893
doi:10.7910/DVN/EJBP1B,A11_19647.jpg,6090895,https://dataverse.harvard.edu/api/access/datafile/6090895
doi:10.7910/DVN/T4DFS6,A11_19648.jpg,6090897,https://dataverse.harvard.edu/api/access/datafile/6090897
doi:10.7910/DVN/GX4FJJ,A11_19649.jpg,6090899,https://dataverse.harvard.edu/api/access/datafile/6090899
doi:10.7910/DVN/HWEDJE,A11_19650.jpg,6090901,https://dataverse.harvard.edu/api/access/datafile/6090901
doi:10.7910/DVN/EWJEPC,A11_19651.jpg,6090903,https://dataverse.harvard.edu/api/access/datafile/6090903
doi:10.7910/DVN/HQGZZW,A11_19652.jpg,6090905,https://dataverse.harvard.edu/api/access/datafile/6090905
doi:10.7910/DVN/ASQIIW,A11_19653.jpg,6090907,https://dataverse.harvard.edu/api/access/datafile/6090907
doi:10.7910/DVN/QG8LCU,A11_19654.jpg,6090909,https://dataverse.harvard.edu/api/access/datafile/6090909
doi:10.7910/DVN/DM2XO2,A11_19655.jpg,6090911,https://dataverse.harvard.edu/api/access/datafile/6090911
doi:10.7910/DVN/IULIQ9,A11_19656.jpg,6090913,https://dataverse.harvard.edu/api/access/datafile/6090913
doi:10.7910/DVN/KXMFFT,A11_19657.jpg,6090915,https://dataverse.harvard.edu/api/access/datafile/6090915
doi:10.7910/DVN/CZKPQ3,A11_19658.jpg,6090917,https://dataverse.harvard.edu/api/access/datafile/6090917
doi:10.7910/DVN/P5VD9L,A11_19659.jpg,6090919,https://dataverse.harvard.edu/api/access/datafile/6090919
doi:10.7910/DVN/BVDC4Q,A11_19660.jpg,6090921,https://dataverse.harvard.edu/api/access/datafile/6090921
doi:10.7910/DVN/0MNCZB,A11_19661.jpg,6090923,https://dataverse.harvard.edu/api/access/datafile/6090923
doi:10.7910/DVN/KNFLVC,A11_19662.jpg,6090925,https://dataverse.harvard.edu/api/access/datafile/6090925
doi:10.7910/DVN/5EKW1F,A11_19663.jpg,6090927,https://dataverse.harvard.edu/api/access/datafile/6090927
doi:10.7910/DVN/W70NTJ,A11_19664.jpg,6090929,https://dataverse.harvard.edu/api/access/datafile/6090929
doi:10.7910/DVN/2YZTQK,A11_19665.jpg,6090931,https://dataverse.harvard.edu/api/access/datafile/6090931
doi:10.7910/DVN/GQTBRF,A11_19666.jpg,6090933,https://dataverse.harvard.edu/api/access/datafile/6090933
doi:10.7910/DVN/KTVYUY,A11_19667.jpg,6090935,https://dataverse.harvard.edu/api/access/datafile/6090935
doi:10.7910/DVN/WTFKGA,A11_19668.jpg,6090937,https://dataverse.harvard.edu/api/access/datafile/6090937
doi:10.7910/DVN/6ZD93H,A11_19669.jpg,6090939,https://dataverse.harvard.edu/api/access/datafile/6090939
doi:10.7910/DVN/SKYNFD,A11_19670.jpg,6090941,https://dataverse.harvard.edu/api/access/datafile/6090941
doi:10.7910/DVN/NKXYQS,A11_19671.jpg,6090943,https://dataverse.harvard.edu/api/access/datafile/6090943
doi:10.7910/DVN/BOA0CP,A11_19672.jpg,6090945,https://dataverse.harvard.edu/api/access/datafile/6090945
doi:10.7910/DVN/9WGKSA,A11_19673.jpg,6090947,https://dataverse.harvard.edu/api/access/datafile/6090947
doi:10.7910/DVN/BHPOVI,A11_19674.jpg,6090949,https://dataverse.harvard.edu/api/access/datafile/6090949
doi:10.7910/DVN/GMXCDO,A11_19676.jpg,6090951,https://dataverse.harvard.edu/api/access/datafile/6090951
doi:10.7910/DVN/6IRLLX,A11_19677.jpg,6090953,https://dataverse.harvard.edu/api/access/datafile/6090953
doi:10.7910/DVN/ADDDPY,A11_19678.jpg,6090955,https://dataverse.harvard.edu/api/access/datafile/6090955
doi:10.7910/DVN/37MGA6,A11_19679.jpg,6090959,https://dataverse.harvard.edu/api/access/datafile/6090959
doi:10.7910/DVN/VCGWS1,A11_19680.jpg,6090961,https://dataverse.harvard.edu/api/access/datafile/6090961
doi:10.7910/DVN/RTZNSV,A11_19681.jpg,6090963,https://dataverse.harvard.edu/api/access/datafile/6090963
doi:10.7910/DVN/KT5XDT,A11_19682.jpg,6090965,https://dataverse.harvard.edu/api/access/datafile/6090965
doi:10.7910/DVN/WBUZUG,A11_19683.jpg,6090967,https://dataverse.harvard.edu/api/access/datafile/6090967
doi:10.7910/DVN/VOLMNO,A11_19684.jpg,6090969,https://dataverse.harvard.edu/api/access/datafile/6090969
doi:10.7910/DVN/59DDEB,A11_19685.jpg,6090971,https://dataverse.harvard.edu/api/access/datafile/6090971
doi:10.7910/DVN/7TGVTZ,A11_19686.jpg,6090973,https://dataverse.harvard.edu/api/access/datafile/6090973
doi:10.7910/DVN/JH4TX1,A11_19687.jpg,6090975,https://dataverse.harvard.edu/api/access/datafile/6090975
doi:10.7910/DVN/1WPI7L,A11_19688.jpg,6090977,https://dataverse.harvard.edu/api/access/datafile/6090977
doi:10.7910/DVN/TF6LAO,A11_19689.jpg,6090981,https://dataverse.harvard.edu/api/access/datafile/6090981
doi:10.7910/DVN/XCOVCB,A11_19690.jpg,6090983,https://dataverse.harvard.edu/api/access/datafile/6090983
doi:10.7910/DVN/HUDRYL,A11_19691.jpg,6090985,https://dataverse.harvard.edu/api/access/datafile/6090985
doi:10.7910/DVN/WVWAFA,A11_19692.jpg,6090987,https://dataverse.harvard.edu/api/access/datafile/6090987
doi:10.7910/DVN/9Y7TDW,A11_19693.jpg,6090989,https://dataverse.harvard.edu/api/access/datafile/6090989
doi:10.7910/DVN/SZCIZG,A11_19694.jpg,6090991,https://dataverse.harvard.edu/api/access/datafile/6090991
doi:10.7910/DVN/28RBEG,A11_19695.jpg,6090993,https://dataverse.harvard.edu/api/access/datafile/6090993
doi:10.7910/DVN/HNKYDY,A11_19696.jpg,6090995,https://dataverse.harvard.edu/api/access/datafile/6090995
doi:10.7910/DVN/BOZWBK,A11_19697.jpg,6090997,https://dataverse.harvard.edu/api/access/datafile/6090997
doi:10.7910/DVN/DRDRXL,A11_19698.jpg,6090999,https://dataverse.harvard.edu/api/access/datafile/6090999
doi:10.7910/DVN/OGQUGN,A11_19699.jpg,6091001,https://dataverse.harvard.edu/api/access/datafile/6091001
doi:10.7910/DVN/7M862V,A11_19700.jpg,6091003,https://dataverse.harvard.edu/api/access/datafile/6091003
doi:10.7910/DVN/IXVLGD,A11_19701.jpg,6091005,https://dataverse.harvard.edu/api/access/datafile/6091005
doi:10.7910/DVN/R5IHJP,A11_19702.jpg,6091007,https://dataverse.harvard.edu/api/access/datafile/6091007
doi:10.7910/DVN/KZQELV,A11_19703.jpg,6091009,https://dataverse.harvard.edu/api/access/datafile/6091009
doi:10.7910/DVN/EQEOT0,A11_19704.jpg,6091011,https://dataverse.harvard.edu/api/access/datafile/6091011
doi:10.7910/DVN/YTOFYE,A11_19705.jpg,6091013,https://dataverse.harvard.edu/api/access/datafile/6091013
doi:10.7910/DVN/IRV8EO,A11_19706.jpg,6091015,https://dataverse.harvard.edu/api/access/datafile/6091015
doi:10.7910/DVN/DFKODD,A11_19707.jpg,6091017,https://dataverse.harvard.edu/api/access/datafile/6091017
doi:10.7910/DVN/GXA0YA,A11_19708.jpg,6091019,https://dataverse.harvard.edu/api/access/datafile/6091019
doi:10.7910/DVN/AMWENB,A11_19709.jpg,6091021,https://dataverse.harvard.edu/api/access/datafile/6091021
doi:10.7910/DVN/K3QYWN,A11_19710.jpg,6091023,https://dataverse.harvard.edu/api/access/datafile/6091023
doi:10.7910/DVN/VQEPR9,A11_19711.jpg,6091025,https://dataverse.harvard.edu/api/access/datafile/6091025
doi:10.7910/DVN/MNFQF6,A11_19712.jpg,6091027,https://dataverse.harvard.edu/api/access/datafile/6091027
doi:10.7910/DVN/SDLXCZ,A11_19713.jpg,6091029,https://dataverse.harvard.edu/api/access/datafile/6091029
doi:10.7910/DVN/AFBQC8,A11_19714.jpg,6091031,https://dataverse.harvard.edu/api/access/datafile/6091031
doi:10.7910/DVN/9XHWVV,A11_19715.jpg,6091033,https://dataverse.harvard.edu/api/access/datafile/6091033
doi:10.7910/DVN/WCRBLJ,A11_19716.jpg,6091035,https://dataverse.harvard.edu/api/access/datafile/6091035
doi:10.7910/DVN/LXMZOL,A11_19717.jpg,6091037,https://dataverse.harvard.edu/api/access/datafile/6091037
doi:10.7910/DVN/YPK9KT,A11_19718.jpg,6091039,https://dataverse.harvard.edu/api/access/datafile/6091039
doi:10.7910/DVN/NBQVKX,A11_19719.jpg,6091041,https://dataverse.harvard.edu/api/access/datafile/6091041
doi:10.7910/DVN/RNPLGP,A11_19720.jpg,6091043,https://dataverse.harvard.edu/api/access/datafile/6091043
doi:10.7910/DVN/3QJTFR,A11_19721.jpg,6091045,https://dataverse.harvard.edu/api/access/datafile/6091045
doi:10.7910/DVN/LPC0QB,A11_19722.jpg,6091047,https://dataverse.harvard.edu/api/access/datafile/6091047
doi:10.7910/DVN/XZJAYH,A11_19723.jpg,6091049,https://dataverse.harvard.edu/api/access/datafile/6091049
doi:10.7910/DVN/DIPYKX,A11_19724.jpg,6091054,https://dataverse.harvard.edu/api/access/datafile/6091054
doi:10.7910/DVN/4D05QE,A11_19725.jpg,6091056,https://dataverse.harvard.edu/api/access/datafile/6091056
doi:10.7910/DVN/BFC8C6,A11_19726.jpg,6091058,https://dataverse.harvard.edu/api/access/datafile/6091058
doi:10.7910/DVN/GF5WYA,A11_19727.jpg,6091060,https://dataverse.harvard.edu/api/access/datafile/6091060
doi:10.7910/DVN/X64LQH,A11_19728.jpg,6091062,https://dataverse.harvard.edu/api/access/datafile/6091062
doi:10.7910/DVN/6RVGXW,A11_19729.jpg,6091064,https://dataverse.harvard.edu/api/access/datafile/6091064
doi:10.7910/DVN/6DIXSC,A11_19730.jpg,6091066,https://dataverse.harvard.edu/api/access/datafile/6091066
doi:10.7910/DVN/TXP6WK,A11_19731.jpg,6091068,https://dataverse.harvard.edu/api/access/datafile/6091068
doi:10.7910/DVN/S0UTJC,A11_19732.jpg,6091070,https://dataverse.harvard.edu/api/access/datafile/6091070
doi:10.7910/DVN/MF9WYI,A11_19733.jpg,6091072,https://dataverse.harvard.edu/api/access/datafile/6091072
doi:10.7910/DVN/8PNUVE,A11_19734.jpg,6091074,https://dataverse.harvard.edu/api/access/datafile/6091074
doi:10.7910/DVN/LQAXB7,A11_19735.jpg,6091076,https://dataverse.harvard.edu/api/access/datafile/6091076
doi:10.7910/DVN/U9OZUD,A11_19736.jpg,6091078,https://dataverse.harvard.edu/api/access/datafile/6091078
doi:10.7910/DVN/IB6G14,A11_19737.jpg,6091080,https://dataverse.harvard.edu/api/access/datafile/6091080
doi:10.7910/DVN/ZZLPDM,A11_19738.jpg,6091082,https://dataverse.harvard.edu/api/access/datafile/6091082
doi:10.7910/DVN/FNDZ8K,A11_19739.jpg,6091084,https://dataverse.harvard.edu/api/access/datafile/6091084
doi:10.7910/DVN/Q64YMA,A11_19740.jpg,6091086,https://dataverse.harvard.edu/api/access/datafile/6091086
doi:10.7910/DVN/ITJTBS,A11_19741.jpg,6091088,https://dataverse.harvard.edu/api/access/datafile/6091088
doi:10.7910/DVN/J8WCGX,A11_19742.jpg,6091090,https://dataverse.harvard.edu/api/access/datafile/6091090
doi:10.7910/DVN/DXB5BV,A11_19743.jpg,6091092,https://dataverse.harvard.edu/api/access/datafile/6091092
doi:10.7910/DVN/GGDMUZ,A11_19744.jpg,6091094,https://dataverse.harvard.edu/api/access/datafile/6091094
doi:10.7910/DVN/LLFV2P,A11_19745.jpg,6091096,https://dataverse.harvard.edu/api/access/datafile/6091096
doi:10.7910/DVN/DBSBNV,A11_19746.jpg,6091098,https://dataverse.harvard.edu/api/access/datafile/6091098
doi:10.7910/DVN/MN0PDL,A11_19747.jpg,6091100,https://dataverse.harvard.edu/api/access/datafile/6091100
doi:10.7910/DVN/PVWJRZ,A11_19748.jpg,6091102,https://dataverse.harvard.edu/api/access/datafile/6091102
doi:10.7910/DVN/AYOOMG,A11_19749.jpg,6091104,https://dataverse.harvard.edu/api/access/datafile/6091104
doi:10.7910/DVN/UZ5YYQ,A11_19750.jpg,6091106,https://dataverse.harvard.edu/api/access/datafile/6091106
doi:10.7910/DVN/DZCXRJ,A11_19751.jpg,6091108,https://dataverse.harvard.edu/api/access/datafile/6091108
doi:10.7910/DVN/IZU8NY,A11_19752.jpg,6091110,https://dataverse.harvard.edu/api/access/datafile/6091110
doi:10.7910/DVN/FODXJC,A11_19753.jpg,6091112,https://dataverse.harvard.edu/api/access/datafile/6091112
doi:10.7910/DVN/AZWI3K,A11_19754.jpg,6091114,https://dataverse.harvard.edu/api/access/datafile/6091114
doi:10.7910/DVN/QUIOUQ,A11_19755.jpg,6091116,https://dataverse.harvard.edu/api/access/datafile/6091116
doi:10.7910/DVN/WUCR8V,A11_19756.jpg,6091118,https://dataverse.harvard.edu/api/access/datafile/6091118
doi:10.7910/DVN/A5QMJZ,A11_19757.jpg,6091120,https://dataverse.harvard.edu/api/access/datafile/6091120
doi:10.7910/DVN/O8H2PA,A11_19758.jpg,6091122,https://dataverse.harvard.edu/api/access/datafile/6091122
doi:10.7910/DVN/MQM0VD,A11_19759.jpg,6091124,https://dataverse.harvard.edu/api/access/datafile/6091124
doi:10.7910/DVN/DR2BI8,A11_19761.jpg,6091126,https://dataverse.harvard.edu/api/access/datafile/6091126
doi:10.7910/DVN/QVHRH2,A11_19762.jpg,6091128,https://dataverse.harvard.edu/api/access/datafile/6091128
doi:10.7910/DVN/ZDZGWJ,A11_19763.jpg,6091132,https://dataverse.harvard.edu/api/access/datafile/6091132
doi:10.7910/DVN/3C6IOX,A11_19764.jpg,6091134,https://dataverse.harvard.edu/api/access/datafile/6091134
doi:10.7910/DVN/XEXEDK,A11_19765.jpg,6091136,https://dataverse.harvard.edu/api/access/datafile/6091136
doi:10.7910/DVN/J2ZLA8,A11_19766.jpg,6091138,https://dataverse.harvard.edu/api/access/datafile/6091138
doi:10.7910/DVN/JM0M5V,A11_19767.jpg,6091140,https://dataverse.harvard.edu/api/access/datafile/6091140
doi:10.7910/DVN/DBQNGU,A11_19768.jpg,6091142,https://dataverse.harvard.edu/api/access/datafile/6091142
doi:10.7910/DVN/RGEOEI,A11_19769.jpg,6091144,https://dataverse.harvard.edu/api/access/datafile/6091144
doi:10.7910/DVN/BRX6L2,A11_19770.jpg,6091146,https://dataverse.harvard.edu/api/access/datafile/6091146
doi:10.7910/DVN/SQWE44,A11_19771.jpg,6091148,https://dataverse.harvard.edu/api/access/datafile/6091148
doi:10.7910/DVN/OQVTBH,A11_19772.jpg,6091150,https://dataverse.harvard.edu/api/access/datafile/6091150
doi:10.7910/DVN/YEQ5JS,A11_19773.jpg,6091152,https://dataverse.harvard.edu/api/access/datafile/6091152
doi:10.7910/DVN/99B7V8,A11_19774.jpg,6091154,https://dataverse.harvard.edu/api/access/datafile/6091154
doi:10.7910/DVN/PUI12J,A11_19775.jpg,6091156,https://dataverse.harvard.edu/api/access/datafile/6091156
doi:10.7910/DVN/TSKTVK,A11_19776.jpg,6091158,https://dataverse.harvard.edu/api/access/datafile/6091158
doi:10.7910/DVN/FN2YHO,A11_19777.jpg,6091160,https://dataverse.harvard.edu/api/access/datafile/6091160
doi:10.7910/DVN/ANDHHD,A11_19778.jpg,6091162,https://dataverse.harvard.edu/api/access/datafile/6091162
doi:10.7910/DVN/EQ8ZDD,A11_19779.jpg,6091164,https://dataverse.harvard.edu/api/access/datafile/6091164
doi:10.7910/DVN/NPLOTM,A11_19780.jpg,6091166,https://dataverse.harvard.edu/api/access/datafile/6091166
doi:10.7910/DVN/IFZPH6,A11_19781.jpg,6091168,https://dataverse.harvard.edu/api/access/datafile/6091168
doi:10.7910/DVN/0TCC2Z,A11_19782.jpg,6091170,https://dataverse.harvard.edu/api/access/datafile/6091170
doi:10.7910/DVN/GQFKPF,A11_19783.jpg,6091172,https://dataverse.harvard.edu/api/access/datafile/6091172
doi:10.7910/DVN/G73ODC,A11_19784.jpg,6091174,https://dataverse.harvard.edu/api/access/datafile/6091174
doi:10.7910/DVN/IM6MWG,A11_19785.jpg,6091176,https://dataverse.harvard.edu/api/access/datafile/6091176
doi:10.7910/DVN/M3STRJ,A11_19786.jpg,6091178,https://dataverse.harvard.edu/api/access/datafile/6091178
doi:10.7910/DVN/SNSGZ2,A11_19787.jpg,6091180,https://dataverse.harvard.edu/api/access/datafile/6091180
doi:10.7910/DVN/XFX7BR,A11_19788.jpg,6091182,https://dataverse.harvard.edu/api/access/datafile/6091182
doi:10.7910/DVN/Y0CSLZ,A11_19789.jpg,6091184,https://dataverse.harvard.edu/api/access/datafile/6091184
doi:10.7910/DVN/QI6SK4,A11_19790.jpg,6091186,https://dataverse.harvard.edu/api/access/datafile/6091186
doi:10.7910/DVN/5CCYBK,A11_19791.jpg,6091188,https://dataverse.harvard.edu/api/access/datafile/6091188
doi:10.7910/DVN/WHYYHQ,A11_19792.jpg,6091190,https://dataverse.harvard.edu/api/access/datafile/6091190
doi:10.7910/DVN/BBOWOB,A11_19793.jpg,6091192,https://dataverse.harvard.edu/api/access/datafile/6091192
doi:10.7910/DVN/IDYUTK,A11_19794.jpg,6091194,https://dataverse.harvard.edu/api/access/datafile/6091194
doi:10.7910/DVN/5GL0DS,A11_19795.jpg,6091196,https://dataverse.harvard.edu/api/access/datafile/6091196
doi:10.7910/DVN/6K9CLH,A11_19796.jpg,6091198,https://dataverse.harvard.edu/api/access/datafile/6091198
doi:10.7910/DVN/FYQRXL,A11_19797.jpg,6091200,https://dataverse.harvard.edu/api/access/datafile/6091200
doi:10.7910/DVN/HOD5EE,A11_19798.jpg,6091202,https://dataverse.harvard.edu/api/access/datafile/6091202
doi:10.7910/DVN/YFRKXZ,A11_19799.jpg,6091204,https://dataverse.harvard.edu/api/access/datafile/6091204
doi:10.7910/DVN/0KRNIG,A11_19800.jpg,6091206,https://dataverse.harvard.edu/api/access/datafile/6091206
doi:10.7910/DVN/CT7CSI,A11_19801.jpg,6091208,https://dataverse.harvard.edu/api/access/datafile/6091208
doi:10.7910/DVN/UYDBT6,A11_19802.jpg,6091210,https://dataverse.harvard.edu/api/access/datafile/6091210
doi:10.7910/DVN/YFX0XE,A11_19803.jpg,6091212,https://dataverse.harvard.edu/api/access/datafile/6091212
doi:10.7910/DVN/W2TNJL,A11_19804.jpg,6091214,https://dataverse.harvard.edu/api/access/datafile/6091214
doi:10.7910/DVN/GNUWAK,A11_19805.jpg,6091216,https://dataverse.harvard.edu/api/access/datafile/6091216
doi:10.7910/DVN/BHSEQW,A11_19806.jpg,6091220,https://dataverse.harvard.edu/api/access/datafile/6091220
doi:10.7910/DVN/1HHLJV,A11_19807.jpg,6091222,https://dataverse.harvard.edu/api/access/datafile/6091222
doi:10.7910/DVN/EGI63T,A11_19808.jpg,6091226,https://dataverse.harvard.edu/api/access/datafile/6091226
doi:10.7910/DVN/KRBERZ,A11_19809.jpg,6091228,https://dataverse.harvard.edu/api/access/datafile/6091228
doi:10.7910/DVN/NKMN6S,A11_19812.jpg,6091230,https://dataverse.harvard.edu/api/access/datafile/6091230
doi:10.7910/DVN/RSZYVK,A11_19813.jpg,6091232,https://dataverse.harvard.edu/api/access/datafile/6091232
doi:10.7910/DVN/ADECFY,A11_19814.jpg,6091234,https://dataverse.harvard.edu/api/access/datafile/6091234
doi:10.7910/DVN/2NSO54,A11_19815.jpg,6091236,https://dataverse.harvard.edu/api/access/datafile/6091236
doi:10.7910/DVN/RERHOT,A11_19816.jpg,6091238,https://dataverse.harvard.edu/api/access/datafile/6091238
doi:10.7910/DVN/HYP2O1,A11_19817.jpg,6091240,https://dataverse.harvard.edu/api/access/datafile/6091240
doi:10.7910/DVN/Q2VAJX,A11_19818.jpg,6091247,https://dataverse.harvard.edu/api/access/datafile/6091247
doi:10.7910/DVN/CWWSTI,A11_19819.jpg,6091249,https://dataverse.harvard.edu/api/access/datafile/6091249
doi:10.7910/DVN/FRDXRG,A11_19820.jpg,6091251,https://dataverse.harvard.edu/api/access/datafile/6091251
doi:10.7910/DVN/NRUOY0,A11_19821.jpg,6091253,https://dataverse.harvard.edu/api/access/datafile/6091253
doi:10.7910/DVN/CKOKD5,A11_19822.jpg,6091255,https://dataverse.harvard.edu/api/access/datafile/6091255
doi:10.7910/DVN/TOABBV,A11_19823.jpg,6091257,https://dataverse.harvard.edu/api/access/datafile/6091257
doi:10.7910/DVN/TAW97F,A11_19824.jpg,6091259,https://dataverse.harvard.edu/api/access/datafile/6091259
doi:10.7910/DVN/GLY8QQ,A11_19825.jpg,6091261,https://dataverse.harvard.edu/api/access/datafile/6091261
doi:10.7910/DVN/UP7R1I,A11_19826.jpg,6091263,https://dataverse.harvard.edu/api/access/datafile/6091263
doi:10.7910/DVN/BDRVUG,A11_19827.jpg,6091265,https://dataverse.harvard.edu/api/access/datafile/6091265
doi:10.7910/DVN/CO9LKR,A11_19828.jpg,6091267,https://dataverse.harvard.edu/api/access/datafile/6091267
doi:10.7910/DVN/KWGVXC,A11_19829.jpg,6091269,https://dataverse.harvard.edu/api/access/datafile/6091269
doi:10.7910/DVN/OCCIPS,A11_19830.jpg,6091271,https://dataverse.harvard.edu/api/access/datafile/6091271
doi:10.7910/DVN/TBXCE2,A11_19831.jpg,6091273,https://dataverse.harvard.edu/api/access/datafile/6091273
doi:10.7910/DVN/A6G9HM,A11_19832.jpg,6091275,https://dataverse.harvard.edu/api/access/datafile/6091275
doi:10.7910/DVN/NZIJ5H,A11_19833.jpg,6091277,https://dataverse.harvard.edu/api/access/datafile/6091277
doi:10.7910/DVN/2QCK55,A11_19834.jpg,6091279,https://dataverse.harvard.edu/api/access/datafile/6091279
doi:10.7910/DVN/BMG6P6,A11_19835.jpg,6091281,https://dataverse.harvard.edu/api/access/datafile/6091281
doi:10.7910/DVN/PWEQDS,A11_19836.jpg,6091283,https://dataverse.harvard.edu/api/access/datafile/6091283
doi:10.7910/DVN/PJCIDS,A11_19837.jpg,6091285,https://dataverse.harvard.edu/api/access/datafile/6091285
doi:10.7910/DVN/KU7AAM,A11_19838.jpg,6091287,https://dataverse.harvard.edu/api/access/datafile/6091287
doi:10.7910/DVN/FAOOFR,A11_19839.jpg,6091289,https://dataverse.harvard.edu/api/access/datafile/6091289
doi:10.7910/DVN/H5PTRO,A11_19840.jpg,6091291,https://dataverse.harvard.edu/api/access/datafile/6091291
doi:10.7910/DVN/L2UV7J,A11_19841.jpg,6091293,https://dataverse.harvard.edu/api/access/datafile/6091293
doi:10.7910/DVN/IHDUQP,A11_19842.jpg,6091295,https://dataverse.harvard.edu/api/access/datafile/6091295
doi:10.7910/DVN/QD0I2H,A11_19843.jpg,6091299,https://dataverse.harvard.edu/api/access/datafile/6091299
doi:10.7910/DVN/CILN42,A11_19844.jpg,6091301,https://dataverse.harvard.edu/api/access/datafile/6091301
doi:10.7910/DVN/QSH1ZO,A11_19845.jpg,6091303,https://dataverse.harvard.edu/api/access/datafile/6091303
doi:10.7910/DVN/PNZ8KS,A11_19846.jpg,6091305,https://dataverse.harvard.edu/api/access/datafile/6091305
doi:10.7910/DVN/GNF65Z,A11_19847.jpg,6091307,https://dataverse.harvard.edu/api/access/datafile/6091307
doi:10.7910/DVN/IEP1T4,A11_19848.jpg,6091309,https://dataverse.harvard.edu/api/access/datafile/6091309
doi:10.7910/DVN/TXYBKY,A11_19849.jpg,6091311,https://dataverse.harvard.edu/api/access/datafile/6091311
doi:10.7910/DVN/HTQ1XL,A11_19850.jpg,6091313,https://dataverse.harvard.edu/api/access/datafile/6091313
doi:10.7910/DVN/23KLSZ,A11_19851.jpg,6091315,https://dataverse.harvard.edu/api/access/datafile/6091315
doi:10.7910/DVN/M1YT5K,A11_19852.jpg,6091317,https://dataverse.harvard.edu/api/access/datafile/6091317
doi:10.7910/DVN/I0UM1X,A11_19853.jpg,6091319,https://dataverse.harvard.edu/api/access/datafile/6091319
doi:10.7910/DVN/RFH33J,A11_19854.jpg,6091321,https://dataverse.harvard.edu/api/access/datafile/6091321
doi:10.7910/DVN/NMCAUZ,A11_19855.jpg,6091323,https://dataverse.harvard.edu/api/access/datafile/6091323
doi:10.7910/DVN/VWTGOE,A11_19856.jpg,6091325,https://dataverse.harvard.edu/api/access/datafile/6091325
doi:10.7910/DVN/TBA7KP,A11_19857.jpg,6091327,https://dataverse.harvard.edu/api/access/datafile/6091327
doi:10.7910/DVN/NUZKRP,A11_19858.jpg,6091329,https://dataverse.harvard.edu/api/access/datafile/6091329
doi:10.7910/DVN/KKSKFQ,A11_19859.jpg,6091331,https://dataverse.harvard.edu/api/access/datafile/6091331
doi:10.7910/DVN/A0WQFR,A11_19860.jpg,6091333,https://dataverse.harvard.edu/api/access/datafile/6091333
doi:10.7910/DVN/PP9V6A,A11_19861.jpg,6091335,https://dataverse.harvard.edu/api/access/datafile/6091335
doi:10.7910/DVN/W4NQRD,A11_19862.jpg,6091337,https://dataverse.harvard.edu/api/access/datafile/6091337
doi:10.7910/DVN/OAWNRB,A11_19863.jpg,6091339,https://dataverse.harvard.edu/api/access/datafile/6091339
doi:10.7910/DVN/R7VZYD,A11_19864.jpg,6091341,https://dataverse.harvard.edu/api/access/datafile/6091341
doi:10.7910/DVN/KOUXMO,A11_19865.jpg,6091343,https://dataverse.harvard.edu/api/access/datafile/6091343
doi:10.7910/DVN/TJJB7V,A11_19866.jpg,6091345,https://dataverse.harvard.edu/api/access/datafile/6091345
doi:10.7910/DVN/8L4CSS,A11_19867.jpg,6091347,https://dataverse.harvard.edu/api/access/datafile/6091347
doi:10.7910/DVN/MS1U30,A11_19868.jpg,6091349,https://dataverse.harvard.edu/api/access/datafile/6091349
doi:10.7910/DVN/IIE3W1,A11_19869.jpg,6091351,https://dataverse.harvard.edu/api/access/datafile/6091351
doi:10.7910/DVN/USBC5A,A11_19870.jpg,6091353,https://dataverse.harvard.edu/api/access/datafile/6091353
doi:10.7910/DVN/7TUXA9,A11_19871.jpg,6091355,https://dataverse.harvard.edu/api/access/datafile/6091355
doi:10.7910/DVN/IHJDIP,A11_19872.jpg,6091357,https://dataverse.harvard.edu/api/access/datafile/6091357
doi:10.7910/DVN/B5WEKC,A11_19873.jpg,6091359,https://dataverse.harvard.edu/api/access/datafile/6091359
doi:10.7910/DVN/E0TFYG,A11_19874.jpg,6091361,https://dataverse.harvard.edu/api/access/datafile/6091361
doi:10.7910/DVN/ATHGPJ,A11_19875.jpg,6091363,https://dataverse.harvard.edu/api/access/datafile/6091363
doi:10.7910/DVN/FLCI6X,A11_19876.jpg,6091365,https://dataverse.harvard.edu/api/access/datafile/6091365
doi:10.7910/DVN/MKTX9V,A11_19877.jpg,6091367,https://dataverse.harvard.edu/api/access/datafile/6091367
doi:10.7910/DVN/6I4O0T,A11_19878.jpg,6091369,https://dataverse.harvard.edu/api/access/datafile/6091369
doi:10.7910/DVN/UPKMJ6,A11_19879.jpg,6091371,https://dataverse.harvard.edu/api/access/datafile/6091371
doi:10.7910/DVN/ZWDCG9,A11_19880.jpg,6091373,https://dataverse.harvard.edu/api/access/datafile/6091373
doi:10.7910/DVN/PLZTHI,A11_19881.jpg,6091375,https://dataverse.harvard.edu/api/access/datafile/6091375
doi:10.7910/DVN/7UUUJ0,A11_19882.jpg,6091377,https://dataverse.harvard.edu/api/access/datafile/6091377
doi:10.7910/DVN/G3PDF6,A11_19883.jpg,6091379,https://dataverse.harvard.edu/api/access/datafile/6091379
doi:10.7910/DVN/BIBBMN,A11_19884.jpg,6091381,https://dataverse.harvard.edu/api/access/datafile/6091381
doi:10.7910/DVN/DVJAAN,A11_19885.jpg,6091383,https://dataverse.harvard.edu/api/access/datafile/6091383
doi:10.7910/DVN/FZIFW4,A11_19886.jpg,6091385,https://dataverse.harvard.edu/api/access/datafile/6091385
doi:10.7910/DVN/MDHWNX,A11_19887.jpg,6091387,https://dataverse.harvard.edu/api/access/datafile/6091387
doi:10.7910/DVN/AMNFNM,A11_19888.jpg,6091389,https://dataverse.harvard.edu/api/access/datafile/6091389
doi:10.7910/DVN/ZY6YMQ,A11_19889.jpg,6091391,https://dataverse.harvard.edu/api/access/datafile/6091391
doi:10.7910/DVN/FTNCMD,A11_19890.jpg,6091393,https://dataverse.harvard.edu/api/access/datafile/6091393
doi:10.7910/DVN/BMPYYV,A11_19891.jpg,6091395,https://dataverse.harvard.edu/api/access/datafile/6091395
doi:10.7910/DVN/WJHYOI,A11_19892.jpg,6091397,https://dataverse.harvard.edu/api/access/datafile/6091397
doi:10.7910/DVN/FJOOTA,A11_19893.jpg,6091399,https://dataverse.harvard.edu/api/access/datafile/6091399
doi:10.7910/DVN/1SP9QA,A11_19894.jpg,6091401,https://dataverse.harvard.edu/api/access/datafile/6091401
doi:10.7910/DVN/AW71X6,A11_19895.jpg,6091403,https://dataverse.harvard.edu/api/access/datafile/6091403
doi:10.7910/DVN/UMLSJA,A11_19896.jpg,6091405,https://dataverse.harvard.edu/api/access/datafile/6091405
doi:10.7910/DVN/KSC9ST,A11_19897.jpg,6091408,https://dataverse.harvard.edu/api/access/datafile/6091408
doi:10.7910/DVN/PAXMAU,A11_19898.jpg,6091410,https://dataverse.harvard.edu/api/access/datafile/6091410
doi:10.7910/DVN/APICAO,A11_19899.jpg,6091412,https://dataverse.harvard.edu/api/access/datafile/6091412
doi:10.7910/DVN/PDFJH2,A11_19900.jpg,6091414,https://dataverse.harvard.edu/api/access/datafile/6091414
doi:10.7910/DVN/PP6VOE,A11_19901.jpg,6091416,https://dataverse.harvard.edu/api/access/datafile/6091416
doi:10.7910/DVN/YODFGH,A11_19902.jpg,6091418,https://dataverse.harvard.edu/api/access/datafile/6091418
doi:10.7910/DVN/JM1LSY,A11_19903.jpg,6091420,https://dataverse.harvard.edu/api/access/datafile/6091420
doi:10.7910/DVN/QTR7SU,A11_19904.jpg,6091422,https://dataverse.harvard.edu/api/access/datafile/6091422
doi:10.7910/DVN/Q8ILQ9,A11_19905.jpg,6091424,https://dataverse.harvard.edu/api/access/datafile/6091424
doi:10.7910/DVN/XRJJMR,A11_19906.jpg,6091426,https://dataverse.harvard.edu/api/access/datafile/6091426
doi:10.7910/DVN/AC1DOY,A11_19907.jpg,6091428,https://dataverse.harvard.edu/api/access/datafile/6091428
doi:10.7910/DVN/MFTAR4,A11_19908.jpg,6091430,https://dataverse.harvard.edu/api/access/datafile/6091430
doi:10.7910/DVN/FAOXFI,A11_19909.jpg,6091432,https://dataverse.harvard.edu/api/access/datafile/6091432
doi:10.7910/DVN/RI93SY,A11_19910.jpg,6091434,https://dataverse.harvard.edu/api/access/datafile/6091434
doi:10.7910/DVN/R25CVI,A11_19911.jpg,6091436,https://dataverse.harvard.edu/api/access/datafile/6091436
doi:10.7910/DVN/MK06DY,A11_19912.jpg,6091438,https://dataverse.harvard.edu/api/access/datafile/6091438
doi:10.7910/DVN/ZLELBK,A11_19913.jpg,6091440,https://dataverse.harvard.edu/api/access/datafile/6091440
doi:10.7910/DVN/HCKGHW,A11_19914.jpg,6091442,https://dataverse.harvard.edu/api/access/datafile/6091442
doi:10.7910/DVN/YS1SI2,A11_19915.jpg,6091444,https://dataverse.harvard.edu/api/access/datafile/6091444
doi:10.7910/DVN/GSEKKT,A11_19916.jpg,6091447,https://dataverse.harvard.edu/api/access/datafile/6091447
doi:10.7910/DVN/KGZ4LN,A11_19917.jpg,6091449,https://dataverse.harvard.edu/api/access/datafile/6091449
doi:10.7910/DVN/IYTZMA,A11_19918.jpg,6091451,https://dataverse.harvard.edu/api/access/datafile/6091451
doi:10.7910/DVN/8MJO30,A11_19919.jpg,6091453,https://dataverse.harvard.edu/api/access/datafile/6091453
doi:10.7910/DVN/1E4AE7,A11_19920.jpg,6091455,https://dataverse.harvard.edu/api/access/datafile/6091455
doi:10.7910/DVN/AJ2P19,A11_19921.jpg,6091457,https://dataverse.harvard.edu/api/access/datafile/6091457
doi:10.7910/DVN/CEJAZ3,A11_19922.jpg,6091459,https://dataverse.harvard.edu/api/access/datafile/6091459
doi:10.7910/DVN/CVLUA1,A11_19923.jpg,6091461,https://dataverse.harvard.edu/api/access/datafile/6091461
doi:10.7910/DVN/NWVIAW,A11_19924.jpg,6091463,https://dataverse.harvard.edu/api/access/datafile/6091463
doi:10.7910/DVN/5OWSLL,A11_19925.jpg,6091465,https://dataverse.harvard.edu/api/access/datafile/6091465
doi:10.7910/DVN/M3ZAEP,A11_19926.jpg,6091467,https://dataverse.harvard.edu/api/access/datafile/6091467
doi:10.7910/DVN/Q9RGJH,A11_19927.jpg,6091469,https://dataverse.harvard.edu/api/access/datafile/6091469
doi:10.7910/DVN/LB4CI8,A11_19930.jpg,6091471,https://dataverse.harvard.edu/api/access/datafile/6091471
doi:10.7910/DVN/VJOXDM,A11_19931.jpg,6091473,https://dataverse.harvard.edu/api/access/datafile/6091473
doi:10.7910/DVN/8WRWPZ,A11_19932.jpg,6091475,https://dataverse.harvard.edu/api/access/datafile/6091475
doi:10.7910/DVN/HIFQKI,A11_19933.jpg,6091477,https://dataverse.harvard.edu/api/access/datafile/6091477
doi:10.7910/DVN/DHWEYS,A11_19934.jpg,6091479,https://dataverse.harvard.edu/api/access/datafile/6091479
doi:10.7910/DVN/DUFIUN,A11_19935.jpg,6091481,https://dataverse.harvard.edu/api/access/datafile/6091481
doi:10.7910/DVN/MOPD32,A11_19936.jpg,6091483,https://dataverse.harvard.edu/api/access/datafile/6091483
doi:10.7910/DVN/42YCPJ,A11_19937.jpg,6091485,https://dataverse.harvard.edu/api/access/datafile/6091485
doi:10.7910/DVN/HGJZUV,A11_19938.jpg,6091487,https://dataverse.harvard.edu/api/access/datafile/6091487
doi:10.7910/DVN/I8M3DR,A11_19939.jpg,6091489,https://dataverse.harvard.edu/api/access/datafile/6091489
doi:10.7910/DVN/41FLKZ,A11_19941.jpg,6091491,https://dataverse.harvard.edu/api/access/datafile/6091491
doi:10.7910/DVN/KG6UEV,A11_19942.jpg,6091493,https://dataverse.harvard.edu/api/access/datafile/6091493
doi:10.7910/DVN/M3BV8W,A11_19943.jpg,6091495,https://dataverse.harvard.edu/api/access/datafile/6091495
doi:10.7910/DVN/RSHFA6,A11_19944.jpg,6091498,https://dataverse.harvard.edu/api/access/datafile/6091498
doi:10.7910/DVN/799TVS,A11_19945.jpg,6091500,https://dataverse.harvard.edu/api/access/datafile/6091500
doi:10.7910/DVN/MWNBHG,A11_19946.jpg,6091502,https://dataverse.harvard.edu/api/access/datafile/6091502
doi:10.7910/DVN/2KCRHG,A11_19947.jpg,6091504,https://dataverse.harvard.edu/api/access/datafile/6091504
doi:10.7910/DVN/1ZZUZX,A11_19948.jpg,6091506,https://dataverse.harvard.edu/api/access/datafile/6091506
doi:10.7910/DVN/UXHYZM,A11_19949.jpg,6091508,https://dataverse.harvard.edu/api/access/datafile/6091508
doi:10.7910/DVN/UJTEK3,A11_19950.jpg,6091510,https://dataverse.harvard.edu/api/access/datafile/6091510
doi:10.7910/DVN/BYBJ7K,A11_19951.jpg,6091512,https://dataverse.harvard.edu/api/access/datafile/6091512
doi:10.7910/DVN/UGT9DA,A11_19952.jpg,6091514,https://dataverse.harvard.edu/api/access/datafile/6091514
doi:10.7910/DVN/XPFMFW,A11_19953.jpg,6091516,https://dataverse.harvard.edu/api/access/datafile/6091516
doi:10.7910/DVN/8TAXQU,A11_19955.jpg,6091518,https://dataverse.harvard.edu/api/access/datafile/6091518
doi:10.7910/DVN/GIZ9WO,A11_19956.jpg,6091520,https://dataverse.harvard.edu/api/access/datafile/6091520
doi:10.7910/DVN/B1WBNO,A11_19957.jpg,6091522,https://dataverse.harvard.edu/api/access/datafile/6091522
doi:10.7910/DVN/LBXJJU,A11_19958.jpg,6091524,https://dataverse.harvard.edu/api/access/datafile/6091524
doi:10.7910/DVN/GU7DIX,A11_19959.jpg,6091526,https://dataverse.harvard.edu/api/access/datafile/6091526
doi:10.7910/DVN/Y2OQ9C,A11_19960.jpg,6091528,https://dataverse.harvard.edu/api/access/datafile/6091528
doi:10.7910/DVN/QBORJR,A11_19961.jpg,6091530,https://dataverse.harvard.edu/api/access/datafile/6091530
doi:10.7910/DVN/AAWBZ6,A11_19962.jpg,6091532,https://dataverse.harvard.edu/api/access/datafile/6091532
doi:10.7910/DVN/Y7VNO6,A11_19963.jpg,6091534,https://dataverse.harvard.edu/api/access/datafile/6091534
doi:10.7910/DVN/UUZBAP,A11_19964.jpg,6091537,https://dataverse.harvard.edu/api/access/datafile/6091537
doi:10.7910/DVN/USIGSJ,A11_19965.jpg,6091539,https://dataverse.harvard.edu/api/access/datafile/6091539
doi:10.7910/DVN/D1C1SO,A11_19966.jpg,6091541,https://dataverse.harvard.edu/api/access/datafile/6091541
doi:10.7910/DVN/Z0AYTQ,A11_19967.jpg,6091543,https://dataverse.harvard.edu/api/access/datafile/6091543
doi:10.7910/DVN/SXWTMQ,A11_19968.jpg,6091545,https://dataverse.harvard.edu/api/access/datafile/6091545
doi:10.7910/DVN/R7MES4,A11_19970.jpg,6091547,https://dataverse.harvard.edu/api/access/datafile/6091547
doi:10.7910/DVN/IHDQJP,A11_19971.jpg,6091549,https://dataverse.harvard.edu/api/access/datafile/6091549
doi:10.7910/DVN/MNA4QD,A11_19972.jpg,6091551,https://dataverse.harvard.edu/api/access/datafile/6091551
doi:10.7910/DVN/JPGUXZ,A11_19973.jpg,6091553,https://dataverse.harvard.edu/api/access/datafile/6091553
doi:10.7910/DVN/CWV6KU,A11_19974.jpg,6091555,https://dataverse.harvard.edu/api/access/datafile/6091555
doi:10.7910/DVN/I5QPQF,A11_19975.jpg,6091557,https://dataverse.harvard.edu/api/access/datafile/6091557
doi:10.7910/DVN/BCQBE9,A11_19976.jpg,6091559,https://dataverse.harvard.edu/api/access/datafile/6091559
doi:10.7910/DVN/S1E7LH,A11_19977.jpg,6091561,https://dataverse.harvard.edu/api/access/datafile/6091561
doi:10.7910/DVN/AWONDP,A11_19978.jpg,6091563,https://dataverse.harvard.edu/api/access/datafile/6091563
doi:10.7910/DVN/UX7PWY,A11_19979.jpg,6091565,https://dataverse.harvard.edu/api/access/datafile/6091565
doi:10.7910/DVN/LRX1NQ,A11_19980.jpg,6091567,https://dataverse.harvard.edu/api/access/datafile/6091567
doi:10.7910/DVN/WWHMTM,A11_19981.jpg,6091569,https://dataverse.harvard.edu/api/access/datafile/6091569
doi:10.7910/DVN/FUS0HO,A11_19982.jpg,6091571,https://dataverse.harvard.edu/api/access/datafile/6091571
doi:10.7910/DVN/AR1VTJ,A11_19983.jpg,6091573,https://dataverse.harvard.edu/api/access/datafile/6091573
doi:10.7910/DVN/68DIBS,A11_19984.jpg,6091575,https://dataverse.harvard.edu/api/access/datafile/6091575
doi:10.7910/DVN/D02P8O,A11_19985.jpg,6091577,https://dataverse.harvard.edu/api/access/datafile/6091577
doi:10.7910/DVN/HV4NPS,A11_19986.jpg,6091580,https://dataverse.harvard.edu/api/access/datafile/6091580
doi:10.7910/DVN/5SH3NP,A11_19987.jpg,6091584,https://dataverse.harvard.edu/api/access/datafile/6091584
doi:10.7910/DVN/LXYXMR,A11_19988.jpg,6091586,https://dataverse.harvard.edu/api/access/datafile/6091586
doi:10.7910/DVN/8YGBZY,A11_19989.jpg,6091588,https://dataverse.harvard.edu/api/access/datafile/6091588
doi:10.7910/DVN/WTCUG5,A11_19990.jpg,6091590,https://dataverse.harvard.edu/api/access/datafile/6091590
doi:10.7910/DVN/OHUBAZ,A11_19991.jpg,6091592,https://dataverse.harvard.edu/api/access/datafile/6091592
doi:10.7910/DVN/FZ57XX,A11_19992.jpg,6091594,https://dataverse.harvard.edu/api/access/datafile/6091594
doi:10.7910/DVN/EMMKX3,A11_19993.jpg,6091596,https://dataverse.harvard.edu/api/access/datafile/6091596
doi:10.7910/DVN/U8YIOC,A11_19994.jpg,6091598,https://dataverse.harvard.edu/api/access/datafile/6091598
doi:10.7910/DVN/SONHWL,A11_19995.jpg,6091600,https://dataverse.harvard.edu/api/access/datafile/6091600
doi:10.7910/DVN/FPDZQF,A11_19996.jpg,6091602,https://dataverse.harvard.edu/api/access/datafile/6091602
doi:10.7910/DVN/QOAPFV,A11_19997.jpg,6091604,https://dataverse.harvard.edu/api/access/datafile/6091604
doi:10.7910/DVN/NDBVKF,A11_19998.jpg,6091606,https://dataverse.harvard.edu/api/access/datafile/6091606
doi:10.7910/DVN/TOW2MM,A11_19999.jpg,6091608,https://dataverse.harvard.edu/api/access/datafile/6091608
doi:10.7910/DVN/FVBQHC,A11_20000.jpg,6091610,https://dataverse.harvard.edu/api/access/datafile/6091610
doi:10.7910/DVN/LPT60S,A11_20001.jpg,6091612,https://dataverse.harvard.edu/api/access/datafile/6091612
doi:10.7910/DVN/WKKQWF,A11_20002.jpg,6091615,https://dataverse.harvard.edu/api/access/datafile/6091615
doi:10.7910/DVN/A4T6XO,A11_20003.jpg,6091617,https://dataverse.harvard.edu/api/access/datafile/6091617
doi:10.7910/DVN/UE19I0,A11_20004.jpg,6091619,https://dataverse.harvard.edu/api/access/datafile/6091619
doi:10.7910/DVN/SCRUCL,A11_20005.jpg,6091621,https://dataverse.harvard.edu/api/access/datafile/6091621
doi:10.7910/DVN/44F1I0,A11_20006.jpg,6091623,https://dataverse.harvard.edu/api/access/datafile/6091623
doi:10.7910/DVN/93RQF0,A11_20007.jpg,6091625,https://dataverse.harvard.edu/api/access/datafile/6091625
doi:10.7910/DVN/ZQV5PZ,A11_20008.jpg,6091627,https://dataverse.harvard.edu/api/access/datafile/6091627
doi:10.7910/DVN/FGJLBU,A11_20009.jpg,6091629,https://dataverse.harvard.edu/api/access/datafile/6091629
doi:10.7910/DVN/9X7FBP,A11_20010.jpg,6091631,https://dataverse.harvard.edu/api/access/datafile/6091631
doi:10.7910/DVN/MVU1NR,A11_20011.jpg,6091633,https://dataverse.harvard.edu/api/access/datafile/6091633
doi:10.7910/DVN/DRZQ8C,A11_20012.jpg,6091635,https://dataverse.harvard.edu/api/access/datafile/6091635
doi:10.7910/DVN/CNHMI3,A11_20013.jpg,6091637,https://dataverse.harvard.edu/api/access/datafile/6091637
doi:10.7910/DVN/7OVXUE,A11_20014.jpg,6091639,https://dataverse.harvard.edu/api/access/datafile/6091639
doi:10.7910/DVN/IE7EUD,A11_20015.jpg,6091641,https://dataverse.harvard.edu/api/access/datafile/6091641
doi:10.7910/DVN/NTHDDO,A11_20016.jpg,6091643,https://dataverse.harvard.edu/api/access/datafile/6091643
doi:10.7910/DVN/ZS3YSX,A11_20017.jpg,6091645,https://dataverse.harvard.edu/api/access/datafile/6091645
doi:10.7910/DVN/KVYIAT,A11_20018.jpg,6091647,https://dataverse.harvard.edu/api/access/datafile/6091647
doi:10.7910/DVN/FLNZLG,A11_20020.jpg,6091649,https://dataverse.harvard.edu/api/access/datafile/6091649
doi:10.7910/DVN/QOM1YQ,A11_20021.jpg,6091651,https://dataverse.harvard.edu/api/access/datafile/6091651
doi:10.7910/DVN/YXBCEY,A11_20022.jpg,6091653,https://dataverse.harvard.edu/api/access/datafile/6091653
doi:10.7910/DVN/F3GLT0,A11_20023.jpg,6091655,https://dataverse.harvard.edu/api/access/datafile/6091655
doi:10.7910/DVN/GADT8M,A11_20024.jpg,6091657,https://dataverse.harvard.edu/api/access/datafile/6091657
doi:10.7910/DVN/L5RAF4,A11_20025.jpg,6091659,https://dataverse.harvard.edu/api/access/datafile/6091659
doi:10.7910/DVN/JNGRED,A11_20026.jpg,6091661,https://dataverse.harvard.edu/api/access/datafile/6091661
doi:10.7910/DVN/A5GH00,A11_20027.jpg,6091663,https://dataverse.harvard.edu/api/access/datafile/6091663
doi:10.7910/DVN/JC3PNW,A11_20028.jpg,6091665,https://dataverse.harvard.edu/api/access/datafile/6091665
doi:10.7910/DVN/LOAE3L,A11_20029.jpg,6091667,https://dataverse.harvard.edu/api/access/datafile/6091667
doi:10.7910/DVN/Y6XIHZ,A11_20030.jpg,6091669,https://dataverse.harvard.edu/api/access/datafile/6091669
doi:10.7910/DVN/C8XXIZ,A11_20031.jpg,6091671,https://dataverse.harvard.edu/api/access/datafile/6091671
doi:10.7910/DVN/OEYGXM,A11_20032.jpg,6091673,https://dataverse.harvard.edu/api/access/datafile/6091673
doi:10.7910/DVN/NIAJ3Q,A11_20033.jpg,6091675,https://dataverse.harvard.edu/api/access/datafile/6091675
doi:10.7910/DVN/MA2NGM,A11_20034.jpg,6091677,https://dataverse.harvard.edu/api/access/datafile/6091677
doi:10.7910/DVN/LA7I6I,A11_20035.jpg,6091679,https://dataverse.harvard.edu/api/access/datafile/6091679
doi:10.7910/DVN/LQEYEN,A11_20036.jpg,6091681,https://dataverse.harvard.edu/api/access/datafile/6091681
doi:10.7910/DVN/RK9UWO,A11_20037.jpg,6091683,https://dataverse.harvard.edu/api/access/datafile/6091683
doi:10.7910/DVN/XJBNIQ,A11_20038.jpg,6091685,https://dataverse.harvard.edu/api/access/datafile/6091685
doi:10.7910/DVN/PDIURS,A11_20039.jpg,6091687,https://dataverse.harvard.edu/api/access/datafile/6091687
doi:10.7910/DVN/VFHM0I,A11_20040.jpg,6091689,https://dataverse.harvard.edu/api/access/datafile/6091689
doi:10.7910/DVN/6CEX3G,A11_20041.jpg,6091691,https://dataverse.harvard.edu/api/access/datafile/6091691
doi:10.7910/DVN/9SPECO,A11_20042.jpg,6091693,https://dataverse.harvard.edu/api/access/datafile/6091693
doi:10.7910/DVN/QU0BYZ,A11_20043.jpg,6091695,https://dataverse.harvard.edu/api/access/datafile/6091695
doi:10.7910/DVN/PGL4DH,A11_20044.jpg,6091697,https://dataverse.harvard.edu/api/access/datafile/6091697
doi:10.7910/DVN/JX7HDH,A11_20045.jpg,6091699,https://dataverse.harvard.edu/api/access/datafile/6091699
doi:10.7910/DVN/G0PEJM,A11_20046.jpg,6091701,https://dataverse.harvard.edu/api/access/datafile/6091701
doi:10.7910/DVN/QLU2HF,A11_20047.jpg,6091703,https://dataverse.harvard.edu/api/access/datafile/6091703
doi:10.7910/DVN/NYWYTG,A11_20048.jpg,6091705,https://dataverse.harvard.edu/api/access/datafile/6091705
doi:10.7910/DVN/KJREUJ,A11_20049.jpg,6091707,https://dataverse.harvard.edu/api/access/datafile/6091707
doi:10.7910/DVN/GIOMTW,A11_20050.jpg,6091709,https://dataverse.harvard.edu/api/access/datafile/6091709
doi:10.7910/DVN/IRVXR3,A11_20051.jpg,6091711,https://dataverse.harvard.edu/api/access/datafile/6091711
doi:10.7910/DVN/WYOF55,A11_20052.jpg,6091713,https://dataverse.harvard.edu/api/access/datafile/6091713
doi:10.7910/DVN/ECCFT0,A11_20053.jpg,6091715,https://dataverse.harvard.edu/api/access/datafile/6091715
doi:10.7910/DVN/BSNIVF,A11_20054.jpg,6091717,https://dataverse.harvard.edu/api/access/datafile/6091717
doi:10.7910/DVN/DPL0ZS,A11_20055.jpg,6091719,https://dataverse.harvard.edu/api/access/datafile/6091719
doi:10.7910/DVN/ZBOROH,A11_20056.jpg,6091721,https://dataverse.harvard.edu/api/access/datafile/6091721
doi:10.7910/DVN/VM2VFI,A11_20057.jpg,6091723,https://dataverse.harvard.edu/api/access/datafile/6091723
doi:10.7910/DVN/UCVXOB,A11_20058.jpg,6091725,https://dataverse.harvard.edu/api/access/datafile/6091725
doi:10.7910/DVN/JLMOG9,A11_20059.jpg,6091727,https://dataverse.harvard.edu/api/access/datafile/6091727
doi:10.7910/DVN/0ZKBTA,A11_20060.jpg,6091729,https://dataverse.harvard.edu/api/access/datafile/6091729
doi:10.7910/DVN/UQNH4Q,A11_20061.jpg,6091732,https://dataverse.harvard.edu/api/access/datafile/6091732
doi:10.7910/DVN/MLDWDG,A11_20062.jpg,6091734,https://dataverse.harvard.edu/api/access/datafile/6091734
doi:10.7910/DVN/23XMQD,A11_20063.jpg,6091736,https://dataverse.harvard.edu/api/access/datafile/6091736
doi:10.7910/DVN/H7UHUS,A11_20064.jpg,6091738,https://dataverse.harvard.edu/api/access/datafile/6091738
doi:10.7910/DVN/MM4FZF,A11_20065.jpg,6091740,https://dataverse.harvard.edu/api/access/datafile/6091740
doi:10.7910/DVN/WPR8LE,A11_20066.jpg,6091742,https://dataverse.harvard.edu/api/access/datafile/6091742
doi:10.7910/DVN/3ZQEFO,A11_20067.jpg,6091744,https://dataverse.harvard.edu/api/access/datafile/6091744
doi:10.7910/DVN/K9IZ7M,A11_20068.jpg,6091746,https://dataverse.harvard.edu/api/access/datafile/6091746
doi:10.7910/DVN/IR50DH,A11_20069.jpg,6091748,https://dataverse.harvard.edu/api/access/datafile/6091748
doi:10.7910/DVN/CVDX7I,A11_20070.jpg,6091750,https://dataverse.harvard.edu/api/access/datafile/6091750
doi:10.7910/DVN/SMRCCO,A11_20071.jpg,6091752,https://dataverse.harvard.edu/api/access/datafile/6091752
doi:10.7910/DVN/UHKCBD,A11_20072.jpg,6091754,https://dataverse.harvard.edu/api/access/datafile/6091754
doi:10.7910/DVN/J9ZJVG,A11_20073.jpg,6091756,https://dataverse.harvard.edu/api/access/datafile/6091756
doi:10.7910/DVN/O8NL12,A11_20074.jpg,6091758,https://dataverse.harvard.edu/api/access/datafile/6091758
doi:10.7910/DVN/XGP0BO,A11_20075.jpg,6091760,https://dataverse.harvard.edu/api/access/datafile/6091760
doi:10.7910/DVN/HR3I7S,A11_20076.jpg,6091762,https://dataverse.harvard.edu/api/access/datafile/6091762
doi:10.7910/DVN/SBEXOE,A11_20077.jpg,6091764,https://dataverse.harvard.edu/api/access/datafile/6091764
doi:10.7910/DVN/057DV5,A11_20079.jpg,6091767,https://dataverse.harvard.edu/api/access/datafile/6091767
doi:10.7910/DVN/08SXRK,A11_20080.jpg,6091769,https://dataverse.harvard.edu/api/access/datafile/6091769
doi:10.7910/DVN/YASY7J,A11_20081.jpg,6091771,https://dataverse.harvard.edu/api/access/datafile/6091771
doi:10.7910/DVN/SBWKVF,A11_20083.jpg,6091773,https://dataverse.harvard.edu/api/access/datafile/6091773
doi:10.7910/DVN/37YYUT,A11_20084.jpg,6091775,https://dataverse.harvard.edu/api/access/datafile/6091775
doi:10.7910/DVN/LLVUQC,A11_20085.jpg,6091777,https://dataverse.harvard.edu/api/access/datafile/6091777
doi:10.7910/DVN/LUER4E,A11_20086.jpg,6091779,https://dataverse.harvard.edu/api/access/datafile/6091779
doi:10.7910/DVN/R1UPRA,A11_20087.jpg,6091781,https://dataverse.harvard.edu/api/access/datafile/6091781
doi:10.7910/DVN/WWZQNP,A11_20088.jpg,6091784,https://dataverse.harvard.edu/api/access/datafile/6091784
doi:10.7910/DVN/FN8WNE,A11_20089.jpg,6091786,https://dataverse.harvard.edu/api/access/datafile/6091786
doi:10.7910/DVN/AOPO13,A11_20090.jpg,6091790,https://dataverse.harvard.edu/api/access/datafile/6091790
doi:10.7910/DVN/HHGBWV,A11_20091.jpg,6091792,https://dataverse.harvard.edu/api/access/datafile/6091792
doi:10.7910/DVN/UJSRKZ,A11_20092.jpg,6091795,https://dataverse.harvard.edu/api/access/datafile/6091795
doi:10.7910/DVN/Y8ZWRL,A11_20093.jpg,6091797,https://dataverse.harvard.edu/api/access/datafile/6091797
doi:10.7910/DVN/CPTMIT,A11_20094.jpg,6091799,https://dataverse.harvard.edu/api/access/datafile/6091799
doi:10.7910/DVN/S6GLPE,A11_20095.jpg,6091802,https://dataverse.harvard.edu/api/access/datafile/6091802
doi:10.7910/DVN/DMFNKZ,A11_20096.jpg,6091805,https://dataverse.harvard.edu/api/access/datafile/6091805
doi:10.7910/DVN/WWQTFN,A11_20097.jpg,6091807,https://dataverse.harvard.edu/api/access/datafile/6091807
doi:10.7910/DVN/DNF4FW,A11_20098.jpg,6091809,https://dataverse.harvard.edu/api/access/datafile/6091809
doi:10.7910/DVN/QCDY6V,A11_20099.jpg,6091812,https://dataverse.harvard.edu/api/access/datafile/6091812
doi:10.7910/DVN/CVGFRV,A11_20100.jpg,6091815,https://dataverse.harvard.edu/api/access/datafile/6091815
doi:10.7910/DVN/CDCJ9C,A11_20101.jpg,6091818,https://dataverse.harvard.edu/api/access/datafile/6091818
doi:10.7910/DVN/6G0BVC,A11_20102.jpg,6091820,https://dataverse.harvard.edu/api/access/datafile/6091820
doi:10.7910/DVN/IQGYYV,A11_20103.jpg,6091823,https://dataverse.harvard.edu/api/access/datafile/6091823
doi:10.7910/DVN/ILDNUY,A11_20104.jpg,6091825,https://dataverse.harvard.edu/api/access/datafile/6091825
doi:10.7910/DVN/PBHWYS,A11_20105.jpg,6091828,https://dataverse.harvard.edu/api/access/datafile/6091828
doi:10.7910/DVN/QPF3MI,A11_20106.jpg,6091830,https://dataverse.harvard.edu/api/access/datafile/6091830
doi:10.7910/DVN/S7PWCR,A11_20107.jpg,6091832,https://dataverse.harvard.edu/api/access/datafile/6091832
doi:10.7910/DVN/GYNO6T,A11_20108.jpg,6091835,https://dataverse.harvard.edu/api/access/datafile/6091835
doi:10.7910/DVN/VGIQBX,A11_20109.jpg,6091837,https://dataverse.harvard.edu/api/access/datafile/6091837
doi:10.7910/DVN/M6GJU2,A11_20110.jpg,6091840,https://dataverse.harvard.edu/api/access/datafile/6091840
doi:10.7910/DVN/E1Y5JC,A11_20111.jpg,6091842,https://dataverse.harvard.edu/api/access/datafile/6091842
doi:10.7910/DVN/4FTEGB,A11_20112.jpg,6091845,https://dataverse.harvard.edu/api/access/datafile/6091845
doi:10.7910/DVN/MPIWLI,A11_20113.jpg,6091847,https://dataverse.harvard.edu/api/access/datafile/6091847
doi:10.7910/DVN/HJHFU5,A11_20114.jpg,6091850,https://dataverse.harvard.edu/api/access/datafile/6091850
doi:10.7910/DVN/N78MO0,A11_20115.jpg,6091852,https://dataverse.harvard.edu/api/access/datafile/6091852
doi:10.7910/DVN/97HNNE,A11_20116.jpg,6091854,https://dataverse.harvard.edu/api/access/datafile/6091854
doi:10.7910/DVN/YNNCJ7,A11_20117.jpg,6091856,https://dataverse.harvard.edu/api/access/datafile/6091856
doi:10.7910/DVN/B5FX8R,A11_20118.jpg,6091858,https://dataverse.harvard.edu/api/access/datafile/6091858
doi:10.7910/DVN/K2CZXV,A11_20119.jpg,6091862,https://dataverse.harvard.edu/api/access/datafile/6091862
doi:10.7910/DVN/IHH0YE,A11_20120.jpg,6091864,https://dataverse.harvard.edu/api/access/datafile/6091864
doi:10.7910/DVN/3EHUQW,A11_20121.jpg,6091867,https://dataverse.harvard.edu/api/access/datafile/6091867
doi:10.7910/DVN/LOR3U7,A11_20123.jpg,6091869,https://dataverse.harvard.edu/api/access/datafile/6091869
doi:10.7910/DVN/XE8X2I,A11_20124.jpg,6091871,https://dataverse.harvard.edu/api/access/datafile/6091871
doi:10.7910/DVN/WY1XBB,A11_20125.jpg,6091874,https://dataverse.harvard.edu/api/access/datafile/6091874
doi:10.7910/DVN/OFXUZD,A11_20126.jpg,6091877,https://dataverse.harvard.edu/api/access/datafile/6091877
doi:10.7910/DVN/FBK1SH,A11_20127.jpg,6091879,https://dataverse.harvard.edu/api/access/datafile/6091879
doi:10.7910/DVN/PPLP1O,A11_20128.jpg,6091882,https://dataverse.harvard.edu/api/access/datafile/6091882
doi:10.7910/DVN/KPBQJV,A11_20129.jpg,6091885,https://dataverse.harvard.edu/api/access/datafile/6091885
doi:10.7910/DVN/UHX96A,A11_20130.jpg,6091888,https://dataverse.harvard.edu/api/access/datafile/6091888
doi:10.7910/DVN/3ZSMNX,A11_20131.jpg,6091891,https://dataverse.harvard.edu/api/access/datafile/6091891
doi:10.7910/DVN/RZ3456,A11_20132.jpg,6091893,https://dataverse.harvard.edu/api/access/datafile/6091893
doi:10.7910/DVN/W4URKO,A11_20133.jpg,6091897,https://dataverse.harvard.edu/api/access/datafile/6091897
doi:10.7910/DVN/BD1QVW,A11_20134.jpg,6091900,https://dataverse.harvard.edu/api/access/datafile/6091900
doi:10.7910/DVN/1XHEL4,A11_20135.jpg,6091903,https://dataverse.harvard.edu/api/access/datafile/6091903
doi:10.7910/DVN/5GXVV7,A11_20136.jpg,6091906,https://dataverse.harvard.edu/api/access/datafile/6091906
doi:10.7910/DVN/J69BVQ,A11_20137.jpg,6091909,https://dataverse.harvard.edu/api/access/datafile/6091909
doi:10.7910/DVN/I51U7D,A11_20138.jpg,6091913,https://dataverse.harvard.edu/api/access/datafile/6091913
doi:10.7910/DVN/4WPOBO,A11_20139.jpg,6091915,https://dataverse.harvard.edu/api/access/datafile/6091915
doi:10.7910/DVN/PZ8L2J,A11_20140.jpg,6091919,https://dataverse.harvard.edu/api/access/datafile/6091919
doi:10.7910/DVN/XBXQSK,A11_20141.jpg,6091921,https://dataverse.harvard.edu/api/access/datafile/6091921
doi:10.7910/DVN/RVPMKG,A11_20142.jpg,6091924,https://dataverse.harvard.edu/api/access/datafile/6091924
doi:10.7910/DVN/NC6O6J,A11_20143.jpg,6091927,https://dataverse.harvard.edu/api/access/datafile/6091927
doi:10.7910/DVN/J6EPMM,A11_20144.jpg,6091930,https://dataverse.harvard.edu/api/access/datafile/6091930
doi:10.7910/DVN/1RHU3M,A11_20145.jpg,6091934,https://dataverse.harvard.edu/api/access/datafile/6091934
doi:10.7910/DVN/DFXPBU,A11_20146.jpg,6091937,https://dataverse.harvard.edu/api/access/datafile/6091937
doi:10.7910/DVN/RXHXLT,A11_20147.jpg,6091940,https://dataverse.harvard.edu/api/access/datafile/6091940
doi:10.7910/DVN/W312CK,A11_20148.jpg,6091942,https://dataverse.harvard.edu/api/access/datafile/6091942
doi:10.7910/DVN/2SCLDS,A11_20149.jpg,6091947,https://dataverse.harvard.edu/api/access/datafile/6091947
doi:10.7910/DVN/JAK1GW,A11_20150.jpg,6091949,https://dataverse.harvard.edu/api/access/datafile/6091949
doi:10.7910/DVN/MCI5WA,A11_20151.jpg,6091953,https://dataverse.harvard.edu/api/access/datafile/6091953
doi:10.7910/DVN/YIIYJO,A11_20152.jpg,6091955,https://dataverse.harvard.edu/api/access/datafile/6091955
doi:10.7910/DVN/86LUJX,A11_20153.jpg,6091959,https://dataverse.harvard.edu/api/access/datafile/6091959
doi:10.7910/DVN/DD9KQN,A11_20154.jpg,6091961,https://dataverse.harvard.edu/api/access/datafile/6091961
doi:10.7910/DVN/CNHJDV,A11_20155.jpg,6091964,https://dataverse.harvard.edu/api/access/datafile/6091964
doi:10.7910/DVN/AOBVAZ,A11_20156.jpg,6091966,https://dataverse.harvard.edu/api/access/datafile/6091966
doi:10.7910/DVN/FLYBAH,A11_20157.jpg,6091969,https://dataverse.harvard.edu/api/access/datafile/6091969
doi:10.7910/DVN/XZO1PJ,A11_20158.jpg,6091972,https://dataverse.harvard.edu/api/access/datafile/6091972
doi:10.7910/DVN/22AXF5,A11_20159.jpg,6091976,https://dataverse.harvard.edu/api/access/datafile/6091976
doi:10.7910/DVN/KC9MR4,A11_20160.jpg,6091978,https://dataverse.harvard.edu/api/access/datafile/6091978
doi:10.7910/DVN/D2SQ0F,A11_20161.jpg,6091980,https://dataverse.harvard.edu/api/access/datafile/6091980
doi:10.7910/DVN/ADPQUK,A11_20162.jpg,6091982,https://dataverse.harvard.edu/api/access/datafile/6091982
doi:10.7910/DVN/5LANKK,A11_20163.jpg,6091984,https://dataverse.harvard.edu/api/access/datafile/6091984
doi:10.7910/DVN/8REVQF,A11_20164.jpg,6091986,https://dataverse.harvard.edu/api/access/datafile/6091986
doi:10.7910/DVN/BNSJR2,A11_20165.jpg,6091988,https://dataverse.harvard.edu/api/access/datafile/6091988
doi:10.7910/DVN/9CSJHK,A11_20166.jpg,6091990,https://dataverse.harvard.edu/api/access/datafile/6091990
doi:10.7910/DVN/ZIE3AZ,A11_20167.jpg,6091992,https://dataverse.harvard.edu/api/access/datafile/6091992
doi:10.7910/DVN/NXZSB7,A11_20168.jpg,6091994,https://dataverse.harvard.edu/api/access/datafile/6091994
doi:10.7910/DVN/EWWKHL,A11_20169.jpg,6091996,https://dataverse.harvard.edu/api/access/datafile/6091996
doi:10.7910/DVN/4ROSCK,A11_20170.jpg,6091998,https://dataverse.harvard.edu/api/access/datafile/6091998
doi:10.7910/DVN/ACPIIM,A11_20171.jpg,6092000,https://dataverse.harvard.edu/api/access/datafile/6092000
doi:10.7910/DVN/MESIGP,A11_20172.jpg,6092002,https://dataverse.harvard.edu/api/access/datafile/6092002
doi:10.7910/DVN/WQQ8MN,A11_20173.jpg,6092004,https://dataverse.harvard.edu/api/access/datafile/6092004
doi:10.7910/DVN/WRJ5UV,A11_20174.jpg,6092006,https://dataverse.harvard.edu/api/access/datafile/6092006
doi:10.7910/DVN/TCEGCQ,A11_20175.jpg,6092008,https://dataverse.harvard.edu/api/access/datafile/6092008
doi:10.7910/DVN/ZZYLGB,A11_20176.jpg,6092010,https://dataverse.harvard.edu/api/access/datafile/6092010
doi:10.7910/DVN/OXCYMJ,A11_20177.jpg,6092012,https://dataverse.harvard.edu/api/access/datafile/6092012
doi:10.7910/DVN/ZUQNCB,A11_20178.jpg,6092014,https://dataverse.harvard.edu/api/access/datafile/6092014
doi:10.7910/DVN/XTJ7RX,A11_20179.jpg,6092017,https://dataverse.harvard.edu/api/access/datafile/6092017
doi:10.7910/DVN/ERMLDO,A11_20180.jpg,6092019,https://dataverse.harvard.edu/api/access/datafile/6092019
doi:10.7910/DVN/EBM9ZV,A11_20181.jpg,6092022,https://dataverse.harvard.edu/api/access/datafile/6092022
doi:10.7910/DVN/GAIR2P,A11_20182.jpg,6092024,https://dataverse.harvard.edu/api/access/datafile/6092024
doi:10.7910/DVN/AI65A9,A11_20183.jpg,6092026,https://dataverse.harvard.edu/api/access/datafile/6092026
doi:10.7910/DVN/UBWL5P,A11_20184.jpg,6092029,https://dataverse.harvard.edu/api/access/datafile/6092029
doi:10.7910/DVN/4YZQ7F,A11_20185.jpg,6092031,https://dataverse.harvard.edu/api/access/datafile/6092031
doi:10.7910/DVN/W7ORFA,A11_20186.jpg,6092034,https://dataverse.harvard.edu/api/access/datafile/6092034
doi:10.7910/DVN/UFLFZW,A11_20187.jpg,6092036,https://dataverse.harvard.edu/api/access/datafile/6092036
doi:10.7910/DVN/2KJREA,A11_20188.jpg,6092039,https://dataverse.harvard.edu/api/access/datafile/6092039
doi:10.7910/DVN/RMNOOC,A11_20189.jpg,6092041,https://dataverse.harvard.edu/api/access/datafile/6092041
doi:10.7910/DVN/WH93O1,A11_20190.jpg,6092043,https://dataverse.harvard.edu/api/access/datafile/6092043
doi:10.7910/DVN/V0HU49,A11_20191.jpg,6092046,https://dataverse.harvard.edu/api/access/datafile/6092046
doi:10.7910/DVN/JTRO4X,A11_20192.jpg,6092048,https://dataverse.harvard.edu/api/access/datafile/6092048
doi:10.7910/DVN/KEILJQ,A11_20193.jpg,6092051,https://dataverse.harvard.edu/api/access/datafile/6092051
doi:10.7910/DVN/A6FK84,A11_20194.jpg,6092053,https://dataverse.harvard.edu/api/access/datafile/6092053
doi:10.7910/DVN/SN9SUF,A11_20195.jpg,6092056,https://dataverse.harvard.edu/api/access/datafile/6092056
doi:10.7910/DVN/R4OGWN,A11_20196.jpg,6092058,https://dataverse.harvard.edu/api/access/datafile/6092058
doi:10.7910/DVN/IOOQ4T,A11_20197.jpg,6092060,https://dataverse.harvard.edu/api/access/datafile/6092060
doi:10.7910/DVN/H2YHTQ,A11_20198.jpg,6092063,https://dataverse.harvard.edu/api/access/datafile/6092063
doi:10.7910/DVN/UT60ZI,A11_20199.jpg,6092065,https://dataverse.harvard.edu/api/access/datafile/6092065
doi:10.7910/DVN/IKSZJW,A11_20200.jpg,6092068,https://dataverse.harvard.edu/api/access/datafile/6092068
doi:10.7910/DVN/JR2JGC,A11_20201.jpg,6092070,https://dataverse.harvard.edu/api/access/datafile/6092070
doi:10.7910/DVN/QZG2DR,A11_20202.jpg,6092073,https://dataverse.harvard.edu/api/access/datafile/6092073
doi:10.7910/DVN/ZJQHPP,A11_20203.jpg,6092075,https://dataverse.harvard.edu/api/access/datafile/6092075
doi:10.7910/DVN/OZDKLS,A11_20204.jpg,6092077,https://dataverse.harvard.edu/api/access/datafile/6092077
doi:10.7910/DVN/OVZIKL,A11_20205.jpg,6092080,https://dataverse.harvard.edu/api/access/datafile/6092080
doi:10.7910/DVN/XNYRMS,A11_20206.jpg,6092082,https://dataverse.harvard.edu/api/access/datafile/6092082
doi:10.7910/DVN/JGVUJ9,A11_20207.jpg,6092085,https://dataverse.harvard.edu/api/access/datafile/6092085
doi:10.7910/DVN/O3TOEV,A11_20208.jpg,6092087,https://dataverse.harvard.edu/api/access/datafile/6092087
doi:10.7910/DVN/3FVMDN,A11_20209.jpg,6092089,https://dataverse.harvard.edu/api/access/datafile/6092089
doi:10.7910/DVN/PROQJW,A11_20210.jpg,6092092,https://dataverse.harvard.edu/api/access/datafile/6092092
doi:10.7910/DVN/Q8JML4,A11_20211.jpg,6092094,https://dataverse.harvard.edu/api/access/datafile/6092094
doi:10.7910/DVN/CTH2WH,A11_20212.jpg,6092097,https://dataverse.harvard.edu/api/access/datafile/6092097
doi:10.7910/DVN/MCZ9PM,A11_20213.jpg,6092099,https://dataverse.harvard.edu/api/access/datafile/6092099
doi:10.7910/DVN/XJMR8O,A11_20214.jpg,6092101,https://dataverse.harvard.edu/api/access/datafile/6092101
doi:10.7910/DVN/QSGPE5,A11_20215.jpg,6092103,https://dataverse.harvard.edu/api/access/datafile/6092103
doi:10.7910/DVN/UH5O1C,A11_20216.jpg,6092105,https://dataverse.harvard.edu/api/access/datafile/6092105
doi:10.7910/DVN/OER9QY,A11_20217.jpg,6092107,https://dataverse.harvard.edu/api/access/datafile/6092107
doi:10.7910/DVN/XYRTMU,A11_20218.jpg,6094579,https://dataverse.harvard.edu/api/access/datafile/6094579
doi:10.7910/DVN/ZIL61M,A11_20219.jpg,6094995,https://dataverse.harvard.edu/api/access/datafile/6094995
doi:10.7910/DVN/KU2ENU,A11_20220.jpg,6094997,https://dataverse.harvard.edu/api/access/datafile/6094997
doi:10.7910/DVN/3C1YGU,A11_20221.jpg,6094999,https://dataverse.harvard.edu/api/access/datafile/6094999
doi:10.7910/DVN/KCR66D,A11_20222.jpg,6095001,https://dataverse.harvard.edu/api/access/datafile/6095001
doi:10.7910/DVN/CMRS6O,A11_20223.jpg,6095003,https://dataverse.harvard.edu/api/access/datafile/6095003
doi:10.7910/DVN/B7M1KZ,A11_20224.jpg,6095005,https://dataverse.harvard.edu/api/access/datafile/6095005
doi:10.7910/DVN/9W276P,A11_20225.jpg,6095007,https://dataverse.harvard.edu/api/access/datafile/6095007
doi:10.7910/DVN/IPD65N,A11_20226.jpg,6095009,https://dataverse.harvard.edu/api/access/datafile/6095009
doi:10.7910/DVN/5NF4JP,A11_20227.jpg,6095011,https://dataverse.harvard.edu/api/access/datafile/6095011
doi:10.7910/DVN/GLVQU8,A11_20228.jpg,6095013,https://dataverse.harvard.edu/api/access/datafile/6095013
doi:10.7910/DVN/GTWIGJ,A11_20229.jpg,6095015,https://dataverse.harvard.edu/api/access/datafile/6095015
doi:10.7910/DVN/Y1XRLL,A11_20230.jpg,6095017,https://dataverse.harvard.edu/api/access/datafile/6095017
doi:10.7910/DVN/1NTGTK,A11_20231.jpg,6095019,https://dataverse.harvard.edu/api/access/datafile/6095019
doi:10.7910/DVN/OUMWKG,A11_20232.jpg,6095021,https://dataverse.harvard.edu/api/access/datafile/6095021
doi:10.7910/DVN/MJWT7F,A11_20233.jpg,6095023,https://dataverse.harvard.edu/api/access/datafile/6095023
doi:10.7910/DVN/PA3EVA,A11_20234.jpg,6095025,https://dataverse.harvard.edu/api/access/datafile/6095025
doi:10.7910/DVN/AKBHK8,A11_20235.jpg,6095027,https://dataverse.harvard.edu/api/access/datafile/6095027
doi:10.7910/DVN/HZMQCT,A11_20236.jpg,6095029,https://dataverse.harvard.edu/api/access/datafile/6095029
doi:10.7910/DVN/OOVAWC,A11_20237.jpg,6095031,https://dataverse.harvard.edu/api/access/datafile/6095031
doi:10.7910/DVN/GUJTFE,A11_20238.jpg,6095033,https://dataverse.harvard.edu/api/access/datafile/6095033
doi:10.7910/DVN/S355MK,A11_20239.jpg,6095035,https://dataverse.harvard.edu/api/access/datafile/6095035
doi:10.7910/DVN/UK6W5H,A11_20240.jpg,6095037,https://dataverse.harvard.edu/api/access/datafile/6095037
doi:10.7910/DVN/QVYPF4,A11_20241.jpg,6095039,https://dataverse.harvard.edu/api/access/datafile/6095039
doi:10.7910/DVN/GQK0S4,A11_20242.jpg,6095041,https://dataverse.harvard.edu/api/access/datafile/6095041
doi:10.7910/DVN/TVKWES,A11_20243.jpg,6095043,https://dataverse.harvard.edu/api/access/datafile/6095043
doi:10.7910/DVN/UZL3CO,A11_20244.jpg,6095045,https://dataverse.harvard.edu/api/access/datafile/6095045
doi:10.7910/DVN/XKHHQQ,A11_20245.jpg,6095047,https://dataverse.harvard.edu/api/access/datafile/6095047
doi:10.7910/DVN/PSC5L6,A11_20246.jpg,6095049,https://dataverse.harvard.edu/api/access/datafile/6095049
doi:10.7910/DVN/UCNPLP,A11_20247.jpg,6095051,https://dataverse.harvard.edu/api/access/datafile/6095051
doi:10.7910/DVN/2YSFXA,A11_20248.jpg,6095053,https://dataverse.harvard.edu/api/access/datafile/6095053
doi:10.7910/DVN/9ZNTCP,A11_20249.jpg,6095055,https://dataverse.harvard.edu/api/access/datafile/6095055
doi:10.7910/DVN/DNHTVF,A11_20250.jpg,6095057,https://dataverse.harvard.edu/api/access/datafile/6095057
doi:10.7910/DVN/RGPVZM,A11_20251.jpg,6095059,https://dataverse.harvard.edu/api/access/datafile/6095059
doi:10.7910/DVN/DX6VXR,A11_20252.jpg,6095065,https://dataverse.harvard.edu/api/access/datafile/6095065
doi:10.7910/DVN/ZZSRZR,A11_20253.jpg,6095067,https://dataverse.harvard.edu/api/access/datafile/6095067
doi:10.7910/DVN/CZJYYM,A11_20254.jpg,6095069,https://dataverse.harvard.edu/api/access/datafile/6095069
doi:10.7910/DVN/EL3QWW,A11_20255.jpg,6095071,https://dataverse.harvard.edu/api/access/datafile/6095071
doi:10.7910/DVN/NSDXW9,A11_20256.jpg,6095073,https://dataverse.harvard.edu/api/access/datafile/6095073
doi:10.7910/DVN/5S9H1C,A11_20257.jpg,6095075,https://dataverse.harvard.edu/api/access/datafile/6095075
doi:10.7910/DVN/DVF2UU,A11_20258.jpg,6095077,https://dataverse.harvard.edu/api/access/datafile/6095077
doi:10.7910/DVN/3T3LMV,A11_20259.jpg,6095079,https://dataverse.harvard.edu/api/access/datafile/6095079
doi:10.7910/DVN/XJVZKW,A11_20260.jpg,6095081,https://dataverse.harvard.edu/api/access/datafile/6095081
doi:10.7910/DVN/4MGJ8K,A11_20261.jpg,6095083,https://dataverse.harvard.edu/api/access/datafile/6095083
doi:10.7910/DVN/ZQWZUJ,A11_20262.jpg,6095085,https://dataverse.harvard.edu/api/access/datafile/6095085
doi:10.7910/DVN/OXG8TX,A11_20263.jpg,6095087,https://dataverse.harvard.edu/api/access/datafile/6095087
doi:10.7910/DVN/6TJEXP,A11_20264.jpg,6095089,https://dataverse.harvard.edu/api/access/datafile/6095089
doi:10.7910/DVN/JZBZYP,A11_20266.jpg,6095091,https://dataverse.harvard.edu/api/access/datafile/6095091
doi:10.7910/DVN/YYWOKW,A11_20267.jpg,6095093,https://dataverse.harvard.edu/api/access/datafile/6095093
doi:10.7910/DVN/OW8BLF,A11_20268.jpg,6095095,https://dataverse.harvard.edu/api/access/datafile/6095095
doi:10.7910/DVN/REFQIA,A11_20269.jpg,6095097,https://dataverse.harvard.edu/api/access/datafile/6095097
doi:10.7910/DVN/HLWBF0,A11_20270.jpg,6095099,https://dataverse.harvard.edu/api/access/datafile/6095099
doi:10.7910/DVN/N7VNNC,A11_20271.jpg,6095101,https://dataverse.harvard.edu/api/access/datafile/6095101
doi:10.7910/DVN/JF97Q0,A11_20272.jpg,6095103,https://dataverse.harvard.edu/api/access/datafile/6095103
doi:10.7910/DVN/YHJHUB,A11_20273.jpg,6095105,https://dataverse.harvard.edu/api/access/datafile/6095105
doi:10.7910/DVN/SOORZK,A11_20274.jpg,6095107,https://dataverse.harvard.edu/api/access/datafile/6095107
doi:10.7910/DVN/SE41HB,A11_20275.jpg,6095109,https://dataverse.harvard.edu/api/access/datafile/6095109
doi:10.7910/DVN/J25NCT,A11_20276.jpg,6095111,https://dataverse.harvard.edu/api/access/datafile/6095111
doi:10.7910/DVN/GKOHMR,A11_20277.jpg,6095113,https://dataverse.harvard.edu/api/access/datafile/6095113
doi:10.7910/DVN/IMIOT6,A11_20278.jpg,6095115,https://dataverse.harvard.edu/api/access/datafile/6095115
doi:10.7910/DVN/QRWJOG,A11_20279.jpg,6095117,https://dataverse.harvard.edu/api/access/datafile/6095117
doi:10.7910/DVN/GBG86V,A11_20280.jpg,6095119,https://dataverse.harvard.edu/api/access/datafile/6095119
doi:10.7910/DVN/5ICKF5,A11_20281.jpg,6095121,https://dataverse.harvard.edu/api/access/datafile/6095121
doi:10.7910/DVN/TCIM6F,A11_20282.jpg,6095123,https://dataverse.harvard.edu/api/access/datafile/6095123
doi:10.7910/DVN/FL2G7F,A11_20283.jpg,6095125,https://dataverse.harvard.edu/api/access/datafile/6095125
doi:10.7910/DVN/HE3YSP,A11_20284.jpg,6095127,https://dataverse.harvard.edu/api/access/datafile/6095127
doi:10.7910/DVN/ARK7Q0,A11_20285.jpg,6095129,https://dataverse.harvard.edu/api/access/datafile/6095129
doi:10.7910/DVN/6FTKTE,A11_20286.jpg,6095131,https://dataverse.harvard.edu/api/access/datafile/6095131
doi:10.7910/DVN/IREJWJ,A11_20287.jpg,6095133,https://dataverse.harvard.edu/api/access/datafile/6095133
doi:10.7910/DVN/BHPYSW,A11_20288.jpg,6095135,https://dataverse.harvard.edu/api/access/datafile/6095135
doi:10.7910/DVN/JT5XXQ,A11_20289.jpg,6095137,https://dataverse.harvard.edu/api/access/datafile/6095137
doi:10.7910/DVN/MXRGT2,A11_20290.jpg,6095139,https://dataverse.harvard.edu/api/access/datafile/6095139
doi:10.7910/DVN/SWKY9W,A11_20291.jpg,6095141,https://dataverse.harvard.edu/api/access/datafile/6095141
doi:10.7910/DVN/0L9KKK,A11_20292.jpg,6095143,https://dataverse.harvard.edu/api/access/datafile/6095143
doi:10.7910/DVN/NXXWIL,A11_20293.jpg,6095145,https://dataverse.harvard.edu/api/access/datafile/6095145
doi:10.7910/DVN/DYJIFB,A11_20294.jpg,6095147,https://dataverse.harvard.edu/api/access/datafile/6095147
doi:10.7910/DVN/G30XVX,A11_20295.jpg,6095149,https://dataverse.harvard.edu/api/access/datafile/6095149
doi:10.7910/DVN/7E81DO,A11_20296.jpg,6095151,https://dataverse.harvard.edu/api/access/datafile/6095151
doi:10.7910/DVN/MS1HK7,A11_20297.jpg,6095153,https://dataverse.harvard.edu/api/access/datafile/6095153
doi:10.7910/DVN/LZECGJ,A11_20298.jpg,6095155,https://dataverse.harvard.edu/api/access/datafile/6095155
doi:10.7910/DVN/EQCIUS,A11_20299.jpg,6095157,https://dataverse.harvard.edu/api/access/datafile/6095157
doi:10.7910/DVN/GQITZW,A11_20300.jpg,6095159,https://dataverse.harvard.edu/api/access/datafile/6095159
doi:10.7910/DVN/SM5HJW,A11_20301.jpg,6095161,https://dataverse.harvard.edu/api/access/datafile/6095161
doi:10.7910/DVN/TGVYDQ,A11_20302.jpg,6095163,https://dataverse.harvard.edu/api/access/datafile/6095163
doi:10.7910/DVN/RW9CTU,A11_20303.jpg,6095165,https://dataverse.harvard.edu/api/access/datafile/6095165
doi:10.7910/DVN/9JW2CV,A11_20304.jpg,6095167,https://dataverse.harvard.edu/api/access/datafile/6095167
doi:10.7910/DVN/EDKLRT,A11_20305.jpg,6095169,https://dataverse.harvard.edu/api/access/datafile/6095169
doi:10.7910/DVN/9XIZUV,A11_20306.jpg,6095171,https://dataverse.harvard.edu/api/access/datafile/6095171
doi:10.7910/DVN/9T53KB,A11_20307.jpg,6095173,https://dataverse.harvard.edu/api/access/datafile/6095173
doi:10.7910/DVN/0VR2LK,A11_20308.jpg,6095175,https://dataverse.harvard.edu/api/access/datafile/6095175
doi:10.7910/DVN/NNGG8V,A11_20309.jpg,6095177,https://dataverse.harvard.edu/api/access/datafile/6095177
doi:10.7910/DVN/TH6BBU,A11_20310.jpg,6095179,https://dataverse.harvard.edu/api/access/datafile/6095179
doi:10.7910/DVN/FCVPAP,A11_20311.jpg,6095181,https://dataverse.harvard.edu/api/access/datafile/6095181
doi:10.7910/DVN/L3AJOD,A11_20312.jpg,6095183,https://dataverse.harvard.edu/api/access/datafile/6095183
doi:10.7910/DVN/CFNUGJ,A11_20313.jpg,6095185,https://dataverse.harvard.edu/api/access/datafile/6095185
doi:10.7910/DVN/HYSSAR,A11_20314.jpg,6095187,https://dataverse.harvard.edu/api/access/datafile/6095187
doi:10.7910/DVN/D1M4SH,A11_20316.jpg,6095189,https://dataverse.harvard.edu/api/access/datafile/6095189
doi:10.7910/DVN/SRQHQT,A11_20317.jpg,6095191,https://dataverse.harvard.edu/api/access/datafile/6095191
doi:10.7910/DVN/VWPG8S,A11_20318.jpg,6095193,https://dataverse.harvard.edu/api/access/datafile/6095193
doi:10.7910/DVN/OSEY7C,A11_20319.jpg,6095195,https://dataverse.harvard.edu/api/access/datafile/6095195
doi:10.7910/DVN/1QBEE2,A11_20320.jpg,6095197,https://dataverse.harvard.edu/api/access/datafile/6095197
doi:10.7910/DVN/RKWPBV,A11_20321.jpg,6095199,https://dataverse.harvard.edu/api/access/datafile/6095199
doi:10.7910/DVN/WKTES0,A11_20322.jpg,6095201,https://dataverse.harvard.edu/api/access/datafile/6095201
doi:10.7910/DVN/BGYKZD,A11_20324.jpg,6095203,https://dataverse.harvard.edu/api/access/datafile/6095203
doi:10.7910/DVN/UEP2AT,A11_20326.jpg,6095205,https://dataverse.harvard.edu/api/access/datafile/6095205
doi:10.7910/DVN/TFBGNI,A11_20327.jpg,6095207,https://dataverse.harvard.edu/api/access/datafile/6095207
doi:10.7910/DVN/4W5TXJ,A11_20328.jpg,6095209,https://dataverse.harvard.edu/api/access/datafile/6095209
doi:10.7910/DVN/BXUSGA,A11_20329.jpg,6095211,https://dataverse.harvard.edu/api/access/datafile/6095211
doi:10.7910/DVN/OXS2M8,A11_20330.jpg,6095213,https://dataverse.harvard.edu/api/access/datafile/6095213
doi:10.7910/DVN/ZN74NP,A11_20331.jpg,6095215,https://dataverse.harvard.edu/api/access/datafile/6095215
doi:10.7910/DVN/ISK5GK,A11_20332.jpg,6095217,https://dataverse.harvard.edu/api/access/datafile/6095217
doi:10.7910/DVN/BK3XHQ,A11_20333.jpg,6095219,https://dataverse.harvard.edu/api/access/datafile/6095219
doi:10.7910/DVN/PDCIH8,A11_20334.jpg,6095221,https://dataverse.harvard.edu/api/access/datafile/6095221
doi:10.7910/DVN/HU6CMA,A11_20335.jpg,6095223,https://dataverse.harvard.edu/api/access/datafile/6095223
doi:10.7910/DVN/HVHOXY,A11_20336.jpg,6095225,https://dataverse.harvard.edu/api/access/datafile/6095225
doi:10.7910/DVN/6LQKFZ,A11_20339.jpg,6095227,https://dataverse.harvard.edu/api/access/datafile/6095227
doi:10.7910/DVN/QWB4OO,A11_20340.jpg,6095229,https://dataverse.harvard.edu/api/access/datafile/6095229
doi:10.7910/DVN/BRQIRI,A11_20342.jpg,6095231,https://dataverse.harvard.edu/api/access/datafile/6095231
doi:10.7910/DVN/83BP6P,A11_20343.jpg,6095233,https://dataverse.harvard.edu/api/access/datafile/6095233
doi:10.7910/DVN/GFSMPY,A11_20345.jpg,6095235,https://dataverse.harvard.edu/api/access/datafile/6095235
doi:10.7910/DVN/N565US,A11_20347.jpg,6095237,https://dataverse.harvard.edu/api/access/datafile/6095237
doi:10.7910/DVN/N2DU7W,A11_20348.jpg,6095239,https://dataverse.harvard.edu/api/access/datafile/6095239
doi:10.7910/DVN/KRJVAA,A11_20354.jpg,6095241,https://dataverse.harvard.edu/api/access/datafile/6095241
doi:10.7910/DVN/LXD0GP,A11_20355.jpg,6095243,https://dataverse.harvard.edu/api/access/datafile/6095243
doi:10.7910/DVN/TIOD6K,A11_20356.jpg,6095245,https://dataverse.harvard.edu/api/access/datafile/6095245
doi:10.7910/DVN/ZRSGHY,A11_20357.jpg,6095247,https://dataverse.harvard.edu/api/access/datafile/6095247
doi:10.7910/DVN/LRRELX,A11_20358.jpg,6095249,https://dataverse.harvard.edu/api/access/datafile/6095249
doi:10.7910/DVN/NERTPS,A11_20359.jpg,6095251,https://dataverse.harvard.edu/api/access/datafile/6095251
doi:10.7910/DVN/0VXJNL,A11_20361.jpg,6095253,https://dataverse.harvard.edu/api/access/datafile/6095253
doi:10.7910/DVN/L4LM18,A11_20362.jpg,6095255,https://dataverse.harvard.edu/api/access/datafile/6095255
doi:10.7910/DVN/I66TND,A11_20364.jpg,6095257,https://dataverse.harvard.edu/api/access/datafile/6095257
doi:10.7910/DVN/D6VWYX,A11_20365.jpg,6095259,https://dataverse.harvard.edu/api/access/datafile/6095259
doi:10.7910/DVN/8PPZVH,A11_20366.jpg,6095262,https://dataverse.harvard.edu/api/access/datafile/6095262
doi:10.7910/DVN/S2EPZN,A11_20367.jpg,6095434,https://dataverse.harvard.edu/api/access/datafile/6095434
doi:10.7910/DVN/GTBSJW,A11_20368.jpg,6095436,https://dataverse.harvard.edu/api/access/datafile/6095436
doi:10.7910/DVN/1UG8VQ,A11_20369.jpg,6095438,https://dataverse.harvard.edu/api/access/datafile/6095438
doi:10.7910/DVN/MSJTB2,A11_20370.jpg,6095440,https://dataverse.harvard.edu/api/access/datafile/6095440
doi:10.7910/DVN/RGZAL4,A11_20371.jpg,6095442,https://dataverse.harvard.edu/api/access/datafile/6095442
doi:10.7910/DVN/ZRL1PH,A11_20372.jpg,6095444,https://dataverse.harvard.edu/api/access/datafile/6095444
doi:10.7910/DVN/PDEZLE,A11_20373.jpg,6095446,https://dataverse.harvard.edu/api/access/datafile/6095446
doi:10.7910/DVN/FUWGAG,A11_20374.jpg,6095448,https://dataverse.harvard.edu/api/access/datafile/6095448
doi:10.7910/DVN/MVKDZP,A11_20375.jpg,6095450,https://dataverse.harvard.edu/api/access/datafile/6095450
doi:10.7910/DVN/9YTLCH,A11_20376.jpg,6095452,https://dataverse.harvard.edu/api/access/datafile/6095452
doi:10.7910/DVN/ZZFEYQ,A11_20377.jpg,6095454,https://dataverse.harvard.edu/api/access/datafile/6095454
doi:10.7910/DVN/UIGMYP,A11_20378.jpg,6095456,https://dataverse.harvard.edu/api/access/datafile/6095456
doi:10.7910/DVN/M1VSQD,A11_20379.jpg,6095460,https://dataverse.harvard.edu/api/access/datafile/6095460
doi:10.7910/DVN/OEEBLV,A11_20380.jpg,6095462,https://dataverse.harvard.edu/api/access/datafile/6095462
doi:10.7910/DVN/XN42VF,A11_20381.jpg,6095464,https://dataverse.harvard.edu/api/access/datafile/6095464
doi:10.7910/DVN/WFVHFB,A11_20382.jpg,6095466,https://dataverse.harvard.edu/api/access/datafile/6095466
doi:10.7910/DVN/MRDVV9,A11_20383.jpg,6095468,https://dataverse.harvard.edu/api/access/datafile/6095468
doi:10.7910/DVN/NSTYJL,A11_20384.jpg,6095470,https://dataverse.harvard.edu/api/access/datafile/6095470
doi:10.7910/DVN/JTP7BB,A11_20385.jpg,6095472,https://dataverse.harvard.edu/api/access/datafile/6095472
doi:10.7910/DVN/YLDLCY,A11_20387.jpg,6095474,https://dataverse.harvard.edu/api/access/datafile/6095474
doi:10.7910/DVN/HTZAX4,A11_20388.jpg,6095476,https://dataverse.harvard.edu/api/access/datafile/6095476
doi:10.7910/DVN/ZV6J6P,A11_20389.jpg,6095478,https://dataverse.harvard.edu/api/access/datafile/6095478
doi:10.7910/DVN/NNTCQH,A11_20390.jpg,6095480,https://dataverse.harvard.edu/api/access/datafile/6095480
doi:10.7910/DVN/WPX6KD,A11_20393.jpg,6095482,https://dataverse.harvard.edu/api/access/datafile/6095482
doi:10.7910/DVN/DOKEGS,A11_20396.jpg,6095484,https://dataverse.harvard.edu/api/access/datafile/6095484
doi:10.7910/DVN/FDED9U,A11_20397.jpg,6095486,https://dataverse.harvard.edu/api/access/datafile/6095486
doi:10.7910/DVN/AJY5GX,A11_20398.jpg,6095488,https://dataverse.harvard.edu/api/access/datafile/6095488
doi:10.7910/DVN/WHZD5H,A11_20399.jpg,6095490,https://dataverse.harvard.edu/api/access/datafile/6095490
doi:10.7910/DVN/RTEO2V,A11_20400.jpg,6095492,https://dataverse.harvard.edu/api/access/datafile/6095492
doi:10.7910/DVN/P3H5ML,A11_20401.jpg,6095494,https://dataverse.harvard.edu/api/access/datafile/6095494
doi:10.7910/DVN/Q7R8QU,A11_20402.jpg,6095496,https://dataverse.harvard.edu/api/access/datafile/6095496
doi:10.7910/DVN/W9YZQC,A11_20403.jpg,6095498,https://dataverse.harvard.edu/api/access/datafile/6095498
doi:10.7910/DVN/OQRXNP,A11_20404.jpg,6095500,https://dataverse.harvard.edu/api/access/datafile/6095500
doi:10.7910/DVN/K9AJFR,A11_20405.jpg,6095502,https://dataverse.harvard.edu/api/access/datafile/6095502
doi:10.7910/DVN/RV9GJX,A11_20406.jpg,6095504,https://dataverse.harvard.edu/api/access/datafile/6095504
doi:10.7910/DVN/HAEARR,A11_20407.jpg,6095506,https://dataverse.harvard.edu/api/access/datafile/6095506
doi:10.7910/DVN/TNJKM9,A11_20408.jpg,6095508,https://dataverse.harvard.edu/api/access/datafile/6095508
doi:10.7910/DVN/FIDCFR,A11_20409.jpg,6095510,https://dataverse.harvard.edu/api/access/datafile/6095510
doi:10.7910/DVN/2HAGCD,A11_20410.jpg,6095512,https://dataverse.harvard.edu/api/access/datafile/6095512
doi:10.7910/DVN/BFTPWF,A11_20412.jpg,6095514,https://dataverse.harvard.edu/api/access/datafile/6095514
doi:10.7910/DVN/JXWGYT,A11_20413.jpg,6095516,https://dataverse.harvard.edu/api/access/datafile/6095516
doi:10.7910/DVN/AP7SZM,A11_20414.jpg,6095518,https://dataverse.harvard.edu/api/access/datafile/6095518
doi:10.7910/DVN/8TCYIN,A11_20415.jpg,6095520,https://dataverse.harvard.edu/api/access/datafile/6095520
doi:10.7910/DVN/UQK0ST,A11_20416.jpg,6095522,https://dataverse.harvard.edu/api/access/datafile/6095522
doi:10.7910/DVN/TX1HYU,A11_20417.jpg,6095524,https://dataverse.harvard.edu/api/access/datafile/6095524
doi:10.7910/DVN/5X7VAB,A11_20418.jpg,6095526,https://dataverse.harvard.edu/api/access/datafile/6095526
doi:10.7910/DVN/IHAITS,A11_20419.jpg,6095528,https://dataverse.harvard.edu/api/access/datafile/6095528
doi:10.7910/DVN/VIKGIX,A11_20420.jpg,6095530,https://dataverse.harvard.edu/api/access/datafile/6095530
doi:10.7910/DVN/CQOUYU,A11_20421.jpg,6095532,https://dataverse.harvard.edu/api/access/datafile/6095532
doi:10.7910/DVN/HTYAQT,A11_20422.jpg,6095534,https://dataverse.harvard.edu/api/access/datafile/6095534
doi:10.7910/DVN/MKAZXQ,A11_20423.jpg,6095539,https://dataverse.harvard.edu/api/access/datafile/6095539
doi:10.7910/DVN/VXD5FN,A11_20424.jpg,6095541,https://dataverse.harvard.edu/api/access/datafile/6095541
doi:10.7910/DVN/UMET8V,A11_20425.jpg,6095543,https://dataverse.harvard.edu/api/access/datafile/6095543
doi:10.7910/DVN/QPQKFD,A11_20426.jpg,6095545,https://dataverse.harvard.edu/api/access/datafile/6095545
doi:10.7910/DVN/4OHMC2,A11_20427.jpg,6095547,https://dataverse.harvard.edu/api/access/datafile/6095547
doi:10.7910/DVN/MIYGFP,A11_20428.jpg,6095549,https://dataverse.harvard.edu/api/access/datafile/6095549
doi:10.7910/DVN/G81HWQ,A11_20430.jpg,6095551,https://dataverse.harvard.edu/api/access/datafile/6095551
doi:10.7910/DVN/DKLFRX,A11_20431.jpg,6095553,https://dataverse.harvard.edu/api/access/datafile/6095553
doi:10.7910/DVN/QSSYLE,A11_20432.jpg,6095555,https://dataverse.harvard.edu/api/access/datafile/6095555
doi:10.7910/DVN/FK3X53,A11_20433.jpg,6095557,https://dataverse.harvard.edu/api/access/datafile/6095557
doi:10.7910/DVN/W0O9GM,A11_20434.jpg,6095559,https://dataverse.harvard.edu/api/access/datafile/6095559
doi:10.7910/DVN/G8H1ND,A11_20435.jpg,6095561,https://dataverse.harvard.edu/api/access/datafile/6095561
doi:10.7910/DVN/OEUBMJ,A11_20437.jpg,6095563,https://dataverse.harvard.edu/api/access/datafile/6095563
doi:10.7910/DVN/9JMTJF,A11_20438.jpg,6095565,https://dataverse.harvard.edu/api/access/datafile/6095565
doi:10.7910/DVN/E5QK2C,A11_20439.jpg,6095567,https://dataverse.harvard.edu/api/access/datafile/6095567
doi:10.7910/DVN/EQVNRG,A11_20440.jpg,6095569,https://dataverse.harvard.edu/api/access/datafile/6095569
doi:10.7910/DVN/3UA4B9,A11_20441.jpg,6095571,https://dataverse.harvard.edu/api/access/datafile/6095571
doi:10.7910/DVN/XFBZBZ,A11_20442.jpg,6095573,https://dataverse.harvard.edu/api/access/datafile/6095573
doi:10.7910/DVN/RDIAW1,A11_20443.jpg,6095575,https://dataverse.harvard.edu/api/access/datafile/6095575
doi:10.7910/DVN/5S4WYX,A11_20444.jpg,6095577,https://dataverse.harvard.edu/api/access/datafile/6095577
doi:10.7910/DVN/LNUTIG,A11_20445.jpg,6095579,https://dataverse.harvard.edu/api/access/datafile/6095579
doi:10.7910/DVN/KTFNED,A11_20446.jpg,6095582,https://dataverse.harvard.edu/api/access/datafile/6095582
doi:10.7910/DVN/27PLYD,A11_20447.jpg,6095584,https://dataverse.harvard.edu/api/access/datafile/6095584
doi:10.7910/DVN/AKSSDI,A11_20448.jpg,6095586,https://dataverse.harvard.edu/api/access/datafile/6095586
doi:10.7910/DVN/ANAAKD,A11_20449.jpg,6095588,https://dataverse.harvard.edu/api/access/datafile/6095588
doi:10.7910/DVN/747M2F,A11_20450.jpg,6095590,https://dataverse.harvard.edu/api/access/datafile/6095590
doi:10.7910/DVN/93PKCK,A11_20451.jpg,6095592,https://dataverse.harvard.edu/api/access/datafile/6095592
doi:10.7910/DVN/9L1VHT,A11_20453.jpg,6095594,https://dataverse.harvard.edu/api/access/datafile/6095594
doi:10.7910/DVN/5DXKOR,A11_20454.jpg,6095596,https://dataverse.harvard.edu/api/access/datafile/6095596
doi:10.7910/DVN/PUL8A1,A11_20455.jpg,6095598,https://dataverse.harvard.edu/api/access/datafile/6095598
doi:10.7910/DVN/L3NJD4,A11_20456.jpg,6095600,https://dataverse.harvard.edu/api/access/datafile/6095600
doi:10.7910/DVN/1PDI2E,A11_20459.jpg,6095603,https://dataverse.harvard.edu/api/access/datafile/6095603
doi:10.7910/DVN/1ZLU9X,A11_20460.jpg,6095605,https://dataverse.harvard.edu/api/access/datafile/6095605
doi:10.7910/DVN/DLCPDE,A11_20461.jpg,6095608,https://dataverse.harvard.edu/api/access/datafile/6095608
doi:10.7910/DVN/ENXGR2,A11_20462.jpg,6095610,https://dataverse.harvard.edu/api/access/datafile/6095610
doi:10.7910/DVN/JXJW5C,A11_20463.jpg,6095613,https://dataverse.harvard.edu/api/access/datafile/6095613
doi:10.7910/DVN/KXNPHJ,A11_20464.jpg,6095615,https://dataverse.harvard.edu/api/access/datafile/6095615
doi:10.7910/DVN/WMUKAQ,A11_20465.jpg,6095617,https://dataverse.harvard.edu/api/access/datafile/6095617
doi:10.7910/DVN/ZZHFOG,A11_20466.jpg,6095619,https://dataverse.harvard.edu/api/access/datafile/6095619
doi:10.7910/DVN/DH9YXU,A11_20469.jpg,6095621,https://dataverse.harvard.edu/api/access/datafile/6095621
doi:10.7910/DVN/OMFWPX,A11_20470.jpg,6095623,https://dataverse.harvard.edu/api/access/datafile/6095623
doi:10.7910/DVN/CLPEDA,A11_20471.jpg,6095625,https://dataverse.harvard.edu/api/access/datafile/6095625
doi:10.7910/DVN/DEYSQA,A11_20473.jpg,6095627,https://dataverse.harvard.edu/api/access/datafile/6095627
doi:10.7910/DVN/7DD0NF,A11_20474.jpg,6095629,https://dataverse.harvard.edu/api/access/datafile/6095629
doi:10.7910/DVN/HMXMEK,A11_20476.jpg,6095631,https://dataverse.harvard.edu/api/access/datafile/6095631
doi:10.7910/DVN/LROREE,A11_20478.jpg,6095633,https://dataverse.harvard.edu/api/access/datafile/6095633
doi:10.7910/DVN/GHNJSX,A11_20479.jpg,6095635,https://dataverse.harvard.edu/api/access/datafile/6095635
doi:10.7910/DVN/XSUOJK,A11_20480.jpg,6095637,https://dataverse.harvard.edu/api/access/datafile/6095637
doi:10.7910/DVN/WIDQOJ,A11_20481.jpg,6095639,https://dataverse.harvard.edu/api/access/datafile/6095639
doi:10.7910/DVN/1SSCKR,A11_20483.jpg,6095641,https://dataverse.harvard.edu/api/access/datafile/6095641
doi:10.7910/DVN/MUDV8J,A11_20484.jpg,6095643,https://dataverse.harvard.edu/api/access/datafile/6095643
doi:10.7910/DVN/NV95FJ,A11_20485.jpg,6095645,https://dataverse.harvard.edu/api/access/datafile/6095645
doi:10.7910/DVN/FJTXAV,A11_20486.jpg,6095647,https://dataverse.harvard.edu/api/access/datafile/6095647
doi:10.7910/DVN/2QEXRJ,A11_20488.jpg,6095649,https://dataverse.harvard.edu/api/access/datafile/6095649
doi:10.7910/DVN/HWVHFA,A11_20489.jpg,6095651,https://dataverse.harvard.edu/api/access/datafile/6095651
doi:10.7910/DVN/4RJ9US,A11_20490.jpg,6095653,https://dataverse.harvard.edu/api/access/datafile/6095653
doi:10.7910/DVN/RX98C3,A11_20491.jpg,6095655,https://dataverse.harvard.edu/api/access/datafile/6095655
doi:10.7910/DVN/WGFZTN,A11_20492.jpg,6095657,https://dataverse.harvard.edu/api/access/datafile/6095657
doi:10.7910/DVN/HRZJTT,A11_20493.jpg,6095659,https://dataverse.harvard.edu/api/access/datafile/6095659
doi:10.7910/DVN/ANYDA1,A11_20494.jpg,6095661,https://dataverse.harvard.edu/api/access/datafile/6095661
doi:10.7910/DVN/EM83EX,A11_20495.jpg,6095663,https://dataverse.harvard.edu/api/access/datafile/6095663
doi:10.7910/DVN/BSF3FC,A11_20496.jpg,6095665,https://dataverse.harvard.edu/api/access/datafile/6095665
doi:10.7910/DVN/RCMYII,A11_20497.jpg,6095667,https://dataverse.harvard.edu/api/access/datafile/6095667
doi:10.7910/DVN/C3N3HS,A11_20498.jpg,6095669,https://dataverse.harvard.edu/api/access/datafile/6095669
doi:10.7910/DVN/VTQYIU,A11_20500.jpg,6095671,https://dataverse.harvard.edu/api/access/datafile/6095671
doi:10.7910/DVN/DMMNZ7,A11_20501.jpg,6095673,https://dataverse.harvard.edu/api/access/datafile/6095673
doi:10.7910/DVN/1TOGYH,A11_20502.jpg,6095675,https://dataverse.harvard.edu/api/access/datafile/6095675
doi:10.7910/DVN/PFVPXH,A11_20505.jpg,6095677,https://dataverse.harvard.edu/api/access/datafile/6095677
doi:10.7910/DVN/CU4XXD,A11_20506.jpg,6095679,https://dataverse.harvard.edu/api/access/datafile/6095679
doi:10.7910/DVN/0HCKCF,A11_20507.jpg,6095681,https://dataverse.harvard.edu/api/access/datafile/6095681
doi:10.7910/DVN/2R6FFL,A11_20509.jpg,6095683,https://dataverse.harvard.edu/api/access/datafile/6095683
doi:10.7910/DVN/KWXXEK,A11_20510.jpg,6095685,https://dataverse.harvard.edu/api/access/datafile/6095685
doi:10.7910/DVN/JAKOMF,A11_20511.jpg,6095687,https://dataverse.harvard.edu/api/access/datafile/6095687
doi:10.7910/DVN/KQNVHG,A11_20512.jpg,6095690,https://dataverse.harvard.edu/api/access/datafile/6095690
doi:10.7910/DVN/CJ4XDU,A11_20513.jpg,6095692,https://dataverse.harvard.edu/api/access/datafile/6095692
doi:10.7910/DVN/IKZY07,A11_20514.jpg,6095694,https://dataverse.harvard.edu/api/access/datafile/6095694
doi:10.7910/DVN/HWPGUQ,A11_20515.jpg,6095696,https://dataverse.harvard.edu/api/access/datafile/6095696
doi:10.7910/DVN/ENPNTR,A11_20516.jpg,6095698,https://dataverse.harvard.edu/api/access/datafile/6095698
doi:10.7910/DVN/UVP4EV,A11_20517.jpg,6095700,https://dataverse.harvard.edu/api/access/datafile/6095700
doi:10.7910/DVN/WV9AFT,A11_20518.jpg,6095702,https://dataverse.harvard.edu/api/access/datafile/6095702
doi:10.7910/DVN/BKNNNZ,A11_20520.jpg,6095704,https://dataverse.harvard.edu/api/access/datafile/6095704
doi:10.7910/DVN/9N6XPJ,A11_20522.jpg,6095706,https://dataverse.harvard.edu/api/access/datafile/6095706
doi:10.7910/DVN/FFSN17,A11_20523.jpg,6095708,https://dataverse.harvard.edu/api/access/datafile/6095708
doi:10.7910/DVN/DVN0LN,A11_20525.jpg,6095710,https://dataverse.harvard.edu/api/access/datafile/6095710
doi:10.7910/DVN/T2ZN5O,A11_20526.jpg,6095712,https://dataverse.harvard.edu/api/access/datafile/6095712
doi:10.7910/DVN/MYLRT3,A11_20527.jpg,6095714,https://dataverse.harvard.edu/api/access/datafile/6095714
doi:10.7910/DVN/I63EAU,A11_20528.jpg,6095716,https://dataverse.harvard.edu/api/access/datafile/6095716
doi:10.7910/DVN/PVIXSB,A11_20529.jpg,6095718,https://dataverse.harvard.edu/api/access/datafile/6095718
doi:10.7910/DVN/FSO13Q,A11_20530.jpg,6095720,https://dataverse.harvard.edu/api/access/datafile/6095720
doi:10.7910/DVN/UWUHKN,A11_20531.jpg,6095722,https://dataverse.harvard.edu/api/access/datafile/6095722
doi:10.7910/DVN/TRBJM8,A11_20532.jpg,6095724,https://dataverse.harvard.edu/api/access/datafile/6095724
doi:10.7910/DVN/KZFHHK,A11_20533.jpg,6095726,https://dataverse.harvard.edu/api/access/datafile/6095726
doi:10.7910/DVN/CTSQ8C,A11_20534.jpg,6095728,https://dataverse.harvard.edu/api/access/datafile/6095728
doi:10.7910/DVN/SGHUE3,A11_20535.jpg,6095730,https://dataverse.harvard.edu/api/access/datafile/6095730
doi:10.7910/DVN/K5OTZB,A11_20536.jpg,6095732,https://dataverse.harvard.edu/api/access/datafile/6095732
doi:10.7910/DVN/MNUN4O,A11_20537.jpg,6095734,https://dataverse.harvard.edu/api/access/datafile/6095734
doi:10.7910/DVN/WFB7BJ,A11_20539.jpg,6095736,https://dataverse.harvard.edu/api/access/datafile/6095736
doi:10.7910/DVN/B0OQBX,A11_20541.jpg,6095738,https://dataverse.harvard.edu/api/access/datafile/6095738
doi:10.7910/DVN/DVAZWJ,A11_20542.jpg,6095740,https://dataverse.harvard.edu/api/access/datafile/6095740
doi:10.7910/DVN/UZ66BV,A11_20544.jpg,6095742,https://dataverse.harvard.edu/api/access/datafile/6095742
doi:10.7910/DVN/ODMZ8G,A11_20545.jpg,6095744,https://dataverse.harvard.edu/api/access/datafile/6095744
doi:10.7910/DVN/P5GT5S,A11_20546.jpg,6095746,https://dataverse.harvard.edu/api/access/datafile/6095746
doi:10.7910/DVN/NMJOGN,A11_20548.jpg,6095748,https://dataverse.harvard.edu/api/access/datafile/6095748
doi:10.7910/DVN/IDTKRY,A11_20549.jpg,6095750,https://dataverse.harvard.edu/api/access/datafile/6095750
doi:10.7910/DVN/PZGYXA,A11_20550.jpg,6095752,https://dataverse.harvard.edu/api/access/datafile/6095752
doi:10.7910/DVN/BMGKKI,A11_20551.jpg,6095754,https://dataverse.harvard.edu/api/access/datafile/6095754
doi:10.7910/DVN/POEUHX,A11_20552.jpg,6095756,https://dataverse.harvard.edu/api/access/datafile/6095756
doi:10.7910/DVN/RL7KXU,A11_20554.jpg,6095758,https://dataverse.harvard.edu/api/access/datafile/6095758
doi:10.7910/DVN/XQVCBU,A11_20559.jpg,6095761,https://dataverse.harvard.edu/api/access/datafile/6095761
doi:10.7910/DVN/XMXCQL,A11_20560.jpg,6095763,https://dataverse.harvard.edu/api/access/datafile/6095763
doi:10.7910/DVN/OZT9K2,A11_20561.jpg,6095765,https://dataverse.harvard.edu/api/access/datafile/6095765
doi:10.7910/DVN/KGBBBD,A11_20562.jpg,6095767,https://dataverse.harvard.edu/api/access/datafile/6095767
doi:10.7910/DVN/WU4BKG,A11_20563.jpg,6095769,https://dataverse.harvard.edu/api/access/datafile/6095769
doi:10.7910/DVN/CR7L7U,A11_20564.jpg,6095771,https://dataverse.harvard.edu/api/access/datafile/6095771
doi:10.7910/DVN/A3VE1U,A11_20567.jpg,6095773,https://dataverse.harvard.edu/api/access/datafile/6095773
doi:10.7910/DVN/ATS6PG,A11_20568.jpg,6095775,https://dataverse.harvard.edu/api/access/datafile/6095775
doi:10.7910/DVN/PTMX4R,A11_20570.jpg,6095777,https://dataverse.harvard.edu/api/access/datafile/6095777
doi:10.7910/DVN/E26YA3,A11_20571.jpg,6095779,https://dataverse.harvard.edu/api/access/datafile/6095779
