doi,title,file_id,access_link
doi:10.7910/DVN/RQUTGG,A12_20683.JPG,4043379,https://dataverse.harvard.edu/api/access/datafile/4043379
doi:10.7910/DVN/U4B96B,A12_20684.JPG,4043380,https://dataverse.harvard.edu/api/access/datafile/4043380
doi:10.7910/DVN/SUJKSQ,A12_20685.JPG,4043381,https://dataverse.harvard.edu/api/access/datafile/4043381
doi:10.7910/DVN/0KRANR,A12_20686.JPG,4043382,https://dataverse.harvard.edu/api/access/datafile/4043382
doi:10.7910/DVN/SVT1ND,A12_20687.JPG,4043383,https://dataverse.harvard.edu/api/access/datafile/4043383
doi:10.7910/DVN/VYTVBS,A12_20688.JPG,4043384,https://dataverse.harvard.edu/api/access/datafile/4043384
doi:10.7910/DVN/TYUPIJ,A12_20689.JPG,4043385,https://dataverse.harvard.edu/api/access/datafile/4043385
doi:10.7910/DVN/GESSWE,A12_20690.JPG,4043386,https://dataverse.harvard.edu/api/access/datafile/4043386
doi:10.7910/DVN/LTWE5K,A12_20691.JPG,4043387,https://dataverse.harvard.edu/api/access/datafile/4043387
doi:10.7910/DVN/HHOLY6,A12_20692.JPG,4043388,https://dataverse.harvard.edu/api/access/datafile/4043388
doi:10.7910/DVN/VBUIAA,A12_20693.JPG,4043456,https://dataverse.harvard.edu/api/access/datafile/4043456
doi:10.7910/DVN/B5PWMZ,A12_20694.JPG,4043457,https://dataverse.harvard.edu/api/access/datafile/4043457
doi:10.7910/DVN/8OJJXV,A12_20695.JPG,4043458,https://dataverse.harvard.edu/api/access/datafile/4043458
doi:10.7910/DVN/KZOL68,A12_20696.JPG,4043459,https://dataverse.harvard.edu/api/access/datafile/4043459
doi:10.7910/DVN/GEPETL,A12_20697.JPG,4043460,https://dataverse.harvard.edu/api/access/datafile/4043460
doi:10.7910/DVN/EOKE9C,A12_20698.JPG,4043461,https://dataverse.harvard.edu/api/access/datafile/4043461
doi:10.7910/DVN/EK842P,A12_20699.JPG,4043462,https://dataverse.harvard.edu/api/access/datafile/4043462
doi:10.7910/DVN/CMZRCT,A12_20700.JPG,4043463,https://dataverse.harvard.edu/api/access/datafile/4043463
doi:10.7910/DVN/2IFS2G,A12_20701.JPG,4043464,https://dataverse.harvard.edu/api/access/datafile/4043464
doi:10.7910/DVN/4J63MR,A12_20702.JPG,4043465,https://dataverse.harvard.edu/api/access/datafile/4043465
doi:10.7910/DVN/JTC5Y3,A12_20703.JPG,4043466,https://dataverse.harvard.edu/api/access/datafile/4043466
doi:10.7910/DVN/WWEE4L,A12_20704.JPG,4043467,https://dataverse.harvard.edu/api/access/datafile/4043467
doi:10.7910/DVN/AOG2OF,A12_20705.JPG,4043468,https://dataverse.harvard.edu/api/access/datafile/4043468
doi:10.7910/DVN/F05RZM,A12_20706.JPG,4043469,https://dataverse.harvard.edu/api/access/datafile/4043469
doi:10.7910/DVN/LAFD5X,A12_20707.JPG,4043470,https://dataverse.harvard.edu/api/access/datafile/4043470
doi:10.7910/DVN/B0QQNQ,A12_20708.JPG,4043471,https://dataverse.harvard.edu/api/access/datafile/4043471
doi:10.7910/DVN/BM11LP,A12_20709.JPG,4043472,https://dataverse.harvard.edu/api/access/datafile/4043472
doi:10.7910/DVN/F3GGQN,A12_20710.JPG,4043473,https://dataverse.harvard.edu/api/access/datafile/4043473
doi:10.7910/DVN/BXAHXK,A12_20711.JPG,4043474,https://dataverse.harvard.edu/api/access/datafile/4043474
doi:10.7910/DVN/9Q8DVD,A12_20712.JPG,4043475,https://dataverse.harvard.edu/api/access/datafile/4043475
doi:10.7910/DVN/7G7UXQ,A12_20713.JPG,4043476,https://dataverse.harvard.edu/api/access/datafile/4043476
doi:10.7910/DVN/NZMM3O,A12_20714.JPG,4043477,https://dataverse.harvard.edu/api/access/datafile/4043477
doi:10.7910/DVN/M2DYOO,A12_20715.JPG,4043478,https://dataverse.harvard.edu/api/access/datafile/4043478
doi:10.7910/DVN/DQDVL0,A12_20716.JPG,4043479,https://dataverse.harvard.edu/api/access/datafile/4043479
doi:10.7910/DVN/QKGCEY,A12_20717.JPG,4043480,https://dataverse.harvard.edu/api/access/datafile/4043480
doi:10.7910/DVN/ORUM9U,A12_20718.JPG,4043481,https://dataverse.harvard.edu/api/access/datafile/4043481
doi:10.7910/DVN/9HUCYK,A12_20719.JPG,4043482,https://dataverse.harvard.edu/api/access/datafile/4043482
doi:10.7910/DVN/XB2W3S,A12_20720.JPG,4043483,https://dataverse.harvard.edu/api/access/datafile/4043483
doi:10.7910/DVN/NFTNBB,A12_20721.JPG,4043484,https://dataverse.harvard.edu/api/access/datafile/4043484
doi:10.7910/DVN/MNP0XO,A12_20722.JPG,4043485,https://dataverse.harvard.edu/api/access/datafile/4043485
doi:10.7910/DVN/JLKC2K,A12_20723.JPG,4043486,https://dataverse.harvard.edu/api/access/datafile/4043486
doi:10.7910/DVN/NMVBDO,A12_20724.JPG,4043487,https://dataverse.harvard.edu/api/access/datafile/4043487
doi:10.7910/DVN/DGKLRP,A12_20725.JPG,4043488,https://dataverse.harvard.edu/api/access/datafile/4043488
doi:10.7910/DVN/4XPJP3,A12_20726.JPG,4043489,https://dataverse.harvard.edu/api/access/datafile/4043489
doi:10.7910/DVN/VXQG4C,A12_20727.JPG,4043490,https://dataverse.harvard.edu/api/access/datafile/4043490
doi:10.7910/DVN/AEQIMI,A12_20728.JPG,4043491,https://dataverse.harvard.edu/api/access/datafile/4043491
doi:10.7910/DVN/TBT6WZ,A12_20729.JPG,4043492,https://dataverse.harvard.edu/api/access/datafile/4043492
doi:10.7910/DVN/8WDWTH,A12_20730.JPG,4043493,https://dataverse.harvard.edu/api/access/datafile/4043493
doi:10.7910/DVN/KOO6UI,A12_20731.JPG,4043494,https://dataverse.harvard.edu/api/access/datafile/4043494
doi:10.7910/DVN/6U4QZG,A12_20732.JPG,4043495,https://dataverse.harvard.edu/api/access/datafile/4043495
doi:10.7910/DVN/DRW4AU,A12_20733.JPG,4043496,https://dataverse.harvard.edu/api/access/datafile/4043496
doi:10.7910/DVN/FKQ1WL,A12_20734.JPG,4043497,https://dataverse.harvard.edu/api/access/datafile/4043497
doi:10.7910/DVN/CJMXVK,A12_20735.JPG,4043498,https://dataverse.harvard.edu/api/access/datafile/4043498
doi:10.7910/DVN/QYFVM0,A12_20736.JPG,4043499,https://dataverse.harvard.edu/api/access/datafile/4043499
doi:10.7910/DVN/IIHBIC,A12_20737.JPG,4043500,https://dataverse.harvard.edu/api/access/datafile/4043500
doi:10.7910/DVN/BQWJXC,A12_20738.JPG,4043501,https://dataverse.harvard.edu/api/access/datafile/4043501
doi:10.7910/DVN/5DCBGW,A12_20739.JPG,4043502,https://dataverse.harvard.edu/api/access/datafile/4043502
doi:10.7910/DVN/G1TWJJ,A12_20740.JPG,4043503,https://dataverse.harvard.edu/api/access/datafile/4043503
doi:10.7910/DVN/HVMRAU,A12_20741.JPG,4043504,https://dataverse.harvard.edu/api/access/datafile/4043504
doi:10.7910/DVN/WR6MZJ,A12_20742.JPG,4043505,https://dataverse.harvard.edu/api/access/datafile/4043505
doi:10.7910/DVN/QLN19P,A12_20743.JPG,4043506,https://dataverse.harvard.edu/api/access/datafile/4043506
doi:10.7910/DVN/H9ELL7,A12_20744.JPG,4043507,https://dataverse.harvard.edu/api/access/datafile/4043507
doi:10.7910/DVN/7HNBY7,A12_20745.JPG,4043508,https://dataverse.harvard.edu/api/access/datafile/4043508
doi:10.7910/DVN/A4PSIZ,A12_20746.JPG,4043509,https://dataverse.harvard.edu/api/access/datafile/4043509
doi:10.7910/DVN/27DTSR,A12_20747.JPG,4043510,https://dataverse.harvard.edu/api/access/datafile/4043510
doi:10.7910/DVN/VJIZND,A12_20748.JPG,4043511,https://dataverse.harvard.edu/api/access/datafile/4043511
doi:10.7910/DVN/DQACZJ,A12_20749.JPG,4043512,https://dataverse.harvard.edu/api/access/datafile/4043512
doi:10.7910/DVN/AXRHQS,A12_20750.JPG,4043513,https://dataverse.harvard.edu/api/access/datafile/4043513
doi:10.7910/DVN/24OOQM,A12_20751.JPG,4043514,https://dataverse.harvard.edu/api/access/datafile/4043514
doi:10.7910/DVN/WEAEQH,A12_20752.JPG,4043515,https://dataverse.harvard.edu/api/access/datafile/4043515
doi:10.7910/DVN/6OA7MR,A12_20753.JPG,4043516,https://dataverse.harvard.edu/api/access/datafile/4043516
doi:10.7910/DVN/R1ZCG9,A12_20754.JPG,4043517,https://dataverse.harvard.edu/api/access/datafile/4043517
doi:10.7910/DVN/GH4WJU,A12_20755.JPG,4043518,https://dataverse.harvard.edu/api/access/datafile/4043518
doi:10.7910/DVN/R00NTI,A12_20756.JPG,4043519,https://dataverse.harvard.edu/api/access/datafile/4043519
doi:10.7910/DVN/WTHCUU,A12_20757.JPG,4043520,https://dataverse.harvard.edu/api/access/datafile/4043520
doi:10.7910/DVN/KUXNU4,A12_20758.JPG,4043521,https://dataverse.harvard.edu/api/access/datafile/4043521
doi:10.7910/DVN/VZ4IUM,A12_20759.JPG,4043522,https://dataverse.harvard.edu/api/access/datafile/4043522
doi:10.7910/DVN/CHCM5X,A12_20760.JPG,4043523,https://dataverse.harvard.edu/api/access/datafile/4043523
doi:10.7910/DVN/VNRSCW,A12_20761.JPG,4043524,https://dataverse.harvard.edu/api/access/datafile/4043524
doi:10.7910/DVN/LKZN94,A12_20762.JPG,4043525,https://dataverse.harvard.edu/api/access/datafile/4043525
doi:10.7910/DVN/79T6FH,A12_20763.JPG,4043526,https://dataverse.harvard.edu/api/access/datafile/4043526
doi:10.7910/DVN/HL92BL,A12_20764.JPG,4043527,https://dataverse.harvard.edu/api/access/datafile/4043527
doi:10.7910/DVN/AIGFOD,A12_20765.JPG,4043528,https://dataverse.harvard.edu/api/access/datafile/4043528
doi:10.7910/DVN/XFJOVW,A12_20766.JPG,4043529,https://dataverse.harvard.edu/api/access/datafile/4043529
doi:10.7910/DVN/TSMXET,A12_20767.JPG,4043530,https://dataverse.harvard.edu/api/access/datafile/4043530
doi:10.7910/DVN/GCQJIC,A12_20768.JPG,4043531,https://dataverse.harvard.edu/api/access/datafile/4043531
doi:10.7910/DVN/SRV9JJ,A12_20769.JPG,4043532,https://dataverse.harvard.edu/api/access/datafile/4043532
doi:10.7910/DVN/8CLBO4,A12_20770.JPG,4043533,https://dataverse.harvard.edu/api/access/datafile/4043533
doi:10.7910/DVN/ZWNPIP,A12_20771.JPG,4043534,https://dataverse.harvard.edu/api/access/datafile/4043534
doi:10.7910/DVN/R8OU2E,A12_20772.JPG,4043535,https://dataverse.harvard.edu/api/access/datafile/4043535
doi:10.7910/DVN/GSE1BU,A12_20773.JPG,4043536,https://dataverse.harvard.edu/api/access/datafile/4043536
doi:10.7910/DVN/HZVBGK,A12_20774.JPG,4043537,https://dataverse.harvard.edu/api/access/datafile/4043537
doi:10.7910/DVN/QWF9HE,A12_20775.JPG,4043538,https://dataverse.harvard.edu/api/access/datafile/4043538
doi:10.7910/DVN/UWEH03,A12_20776.JPG,4043539,https://dataverse.harvard.edu/api/access/datafile/4043539
doi:10.7910/DVN/4OOGPF,A12_20777.JPG,4043540,https://dataverse.harvard.edu/api/access/datafile/4043540
doi:10.7910/DVN/6H3TCV,A12_20778.JPG,4043541,https://dataverse.harvard.edu/api/access/datafile/4043541
doi:10.7910/DVN/ADCZJZ,A12_20779.JPG,4043542,https://dataverse.harvard.edu/api/access/datafile/4043542
doi:10.7910/DVN/AIRCGB,A12_20780.JPG,4043543,https://dataverse.harvard.edu/api/access/datafile/4043543
doi:10.7910/DVN/6OSHYM,A12_20781.JPG,4043544,https://dataverse.harvard.edu/api/access/datafile/4043544
doi:10.7910/DVN/SQXP1L,A12_20782.JPG,4043545,https://dataverse.harvard.edu/api/access/datafile/4043545
doi:10.7910/DVN/Z48OU1,A12_20783.JPG,4043546,https://dataverse.harvard.edu/api/access/datafile/4043546
doi:10.7910/DVN/TLJYFT,A12_20784.JPG,4043547,https://dataverse.harvard.edu/api/access/datafile/4043547
doi:10.7910/DVN/AFE2GE,A12_20785.JPG,4043548,https://dataverse.harvard.edu/api/access/datafile/4043548
doi:10.7910/DVN/JBJYWJ,A12_20786.JPG,4043549,https://dataverse.harvard.edu/api/access/datafile/4043549
doi:10.7910/DVN/QJ9BRQ,A12_20787.JPG,4043550,https://dataverse.harvard.edu/api/access/datafile/4043550
doi:10.7910/DVN/Z8GROT,A12_20788.JPG,4043551,https://dataverse.harvard.edu/api/access/datafile/4043551
doi:10.7910/DVN/EQBWES,A12_20789.JPG,4043552,https://dataverse.harvard.edu/api/access/datafile/4043552
doi:10.7910/DVN/S30BJX,A12_20790.JPG,4043553,https://dataverse.harvard.edu/api/access/datafile/4043553
doi:10.7910/DVN/OHQZRQ,A12_20791.JPG,4043554,https://dataverse.harvard.edu/api/access/datafile/4043554
doi:10.7910/DVN/24MJ22,A12_20792.JPG,4043555,https://dataverse.harvard.edu/api/access/datafile/4043555
doi:10.7910/DVN/SD3OAU,A12_20793.JPG,4043556,https://dataverse.harvard.edu/api/access/datafile/4043556
doi:10.7910/DVN/MZNKBY,A12_20794.JPG,4043557,https://dataverse.harvard.edu/api/access/datafile/4043557
doi:10.7910/DVN/MERRRP,A12_20795.JPG,4043558,https://dataverse.harvard.edu/api/access/datafile/4043558
doi:10.7910/DVN/ZXCLJN,A12_20796.JPG,4043559,https://dataverse.harvard.edu/api/access/datafile/4043559
doi:10.7910/DVN/9B6FFE,A12_20797.JPG,4043560,https://dataverse.harvard.edu/api/access/datafile/4043560
doi:10.7910/DVN/LRIBGW,A12_20798.JPG,4043561,https://dataverse.harvard.edu/api/access/datafile/4043561
doi:10.7910/DVN/IFYU8W,A12_20799.JPG,4043562,https://dataverse.harvard.edu/api/access/datafile/4043562
doi:10.7910/DVN/ER31R9,A12_20800.JPG,4043563,https://dataverse.harvard.edu/api/access/datafile/4043563
doi:10.7910/DVN/JCUZNK,A12_20801.JPG,4043564,https://dataverse.harvard.edu/api/access/datafile/4043564
doi:10.7910/DVN/PYS5TD,A12_20802.JPG,4043565,https://dataverse.harvard.edu/api/access/datafile/4043565
doi:10.7910/DVN/35B4JA,A12_20803.JPG,4043566,https://dataverse.harvard.edu/api/access/datafile/4043566
doi:10.7910/DVN/EHGNTO,A12_20804.JPG,4043567,https://dataverse.harvard.edu/api/access/datafile/4043567
doi:10.7910/DVN/KZXVBZ,A12_20805.JPG,4043568,https://dataverse.harvard.edu/api/access/datafile/4043568
doi:10.7910/DVN/B90BMO,A12_20806.JPG,4043569,https://dataverse.harvard.edu/api/access/datafile/4043569
doi:10.7910/DVN/O7NWRK,A12_20807.JPG,4043570,https://dataverse.harvard.edu/api/access/datafile/4043570
doi:10.7910/DVN/9BGVDE,A12_20808.JPG,4043571,https://dataverse.harvard.edu/api/access/datafile/4043571
doi:10.7910/DVN/4GM7NU,A12_20809.JPG,4043572,https://dataverse.harvard.edu/api/access/datafile/4043572
doi:10.7910/DVN/MTDP5V,A12_20810.JPG,4043573,https://dataverse.harvard.edu/api/access/datafile/4043573
doi:10.7910/DVN/TSM4CS,A12_20811.JPG,4043574,https://dataverse.harvard.edu/api/access/datafile/4043574
doi:10.7910/DVN/KF7A69,A12_20812.JPG,4043575,https://dataverse.harvard.edu/api/access/datafile/4043575
doi:10.7910/DVN/G70IW2,A12_20813.JPG,4043576,https://dataverse.harvard.edu/api/access/datafile/4043576
doi:10.7910/DVN/IGRQZS,A12_20814.JPG,4043577,https://dataverse.harvard.edu/api/access/datafile/4043577
doi:10.7910/DVN/MZGEEP,A12_20815.JPG,4043578,https://dataverse.harvard.edu/api/access/datafile/4043578
doi:10.7910/DVN/GH8KSW,A12_20816.JPG,4043579,https://dataverse.harvard.edu/api/access/datafile/4043579
doi:10.7910/DVN/IUNE6I,A12_20817.JPG,4043580,https://dataverse.harvard.edu/api/access/datafile/4043580
doi:10.7910/DVN/RWHGTB,A12_20818.JPG,4043581,https://dataverse.harvard.edu/api/access/datafile/4043581
doi:10.7910/DVN/DD5PUW,A12_20819.JPG,4043582,https://dataverse.harvard.edu/api/access/datafile/4043582
doi:10.7910/DVN/PNXXQE,A12_20820.JPG,4043583,https://dataverse.harvard.edu/api/access/datafile/4043583
doi:10.7910/DVN/QOQJ8Y,A12_20821.JPG,4043584,https://dataverse.harvard.edu/api/access/datafile/4043584
doi:10.7910/DVN/HXIDZW,A12_20822.JPG,4043585,https://dataverse.harvard.edu/api/access/datafile/4043585
doi:10.7910/DVN/JXLDTJ,A12_20823.JPG,4043586,https://dataverse.harvard.edu/api/access/datafile/4043586
doi:10.7910/DVN/MQA1JX,A12_20824.JPG,4043587,https://dataverse.harvard.edu/api/access/datafile/4043587
doi:10.7910/DVN/G7C0QK,A12_20825.JPG,4043588,https://dataverse.harvard.edu/api/access/datafile/4043588
doi:10.7910/DVN/BEX4AT,A12_20826.JPG,4043589,https://dataverse.harvard.edu/api/access/datafile/4043589
doi:10.7910/DVN/IHKRMA,A12_20827.JPG,4043590,https://dataverse.harvard.edu/api/access/datafile/4043590
doi:10.7910/DVN/LLEBIX,A12_20828.JPG,4043591,https://dataverse.harvard.edu/api/access/datafile/4043591
doi:10.7910/DVN/IOHNWA,A12_20829.JPG,4043592,https://dataverse.harvard.edu/api/access/datafile/4043592
doi:10.7910/DVN/BZX609,A12_20830.JPG,4043593,https://dataverse.harvard.edu/api/access/datafile/4043593
doi:10.7910/DVN/MNTLNX,A12_20831.JPG,4043594,https://dataverse.harvard.edu/api/access/datafile/4043594
doi:10.7910/DVN/G6VA1K,A12_20832.JPG,4043595,https://dataverse.harvard.edu/api/access/datafile/4043595
doi:10.7910/DVN/EYN3G0,A12_20833.JPG,4043596,https://dataverse.harvard.edu/api/access/datafile/4043596
doi:10.7910/DVN/NXZLDQ,A12_20834.JPG,4043597,https://dataverse.harvard.edu/api/access/datafile/4043597
doi:10.7910/DVN/Y1BGDH,A12_20835.JPG,4043598,https://dataverse.harvard.edu/api/access/datafile/4043598
doi:10.7910/DVN/9VMKXH,A12_20836.JPG,4043599,https://dataverse.harvard.edu/api/access/datafile/4043599
doi:10.7910/DVN/F5UUGK,A12_20837.JPG,4043600,https://dataverse.harvard.edu/api/access/datafile/4043600
doi:10.7910/DVN/TJ1CXW,A12_20838.JPG,4043601,https://dataverse.harvard.edu/api/access/datafile/4043601
doi:10.7910/DVN/7M50BH,A12_20839.JPG,4043602,https://dataverse.harvard.edu/api/access/datafile/4043602
doi:10.7910/DVN/LVAHUH,A12_20840.JPG,4043603,https://dataverse.harvard.edu/api/access/datafile/4043603
doi:10.7910/DVN/MEBMN4,A12_20841.JPG,4043604,https://dataverse.harvard.edu/api/access/datafile/4043604
doi:10.7910/DVN/GT6V1D,A12_20842.JPG,4043605,https://dataverse.harvard.edu/api/access/datafile/4043605
doi:10.7910/DVN/CXU88C,A12_20843.JPG,4043606,https://dataverse.harvard.edu/api/access/datafile/4043606
doi:10.7910/DVN/4EMX43,A12_20844.JPG,4043607,https://dataverse.harvard.edu/api/access/datafile/4043607
doi:10.7910/DVN/DBOKDA,A12_20845.JPG,4043608,https://dataverse.harvard.edu/api/access/datafile/4043608
doi:10.7910/DVN/HTL0BW,A12_20846.JPG,4043609,https://dataverse.harvard.edu/api/access/datafile/4043609
doi:10.7910/DVN/SPGEFP,A12_20847.JPG,4043610,https://dataverse.harvard.edu/api/access/datafile/4043610
doi:10.7910/DVN/BNVZUR,A12_20848.JPG,4043611,https://dataverse.harvard.edu/api/access/datafile/4043611
doi:10.7910/DVN/YWNPFF,A12_20849.JPG,4043612,https://dataverse.harvard.edu/api/access/datafile/4043612
doi:10.7910/DVN/DFZERR,A12_20850.JPG,4043613,https://dataverse.harvard.edu/api/access/datafile/4043613
doi:10.7910/DVN/AWOM1D,A12_20851.JPG,4043614,https://dataverse.harvard.edu/api/access/datafile/4043614
doi:10.7910/DVN/BEIOUZ,A12_20852.JPG,4043615,https://dataverse.harvard.edu/api/access/datafile/4043615
doi:10.7910/DVN/LAYLGH,A12_20853.JPG,4043616,https://dataverse.harvard.edu/api/access/datafile/4043616
doi:10.7910/DVN/KYTJZK,A12_20854.JPG,4043617,https://dataverse.harvard.edu/api/access/datafile/4043617
doi:10.7910/DVN/MI1CJA,A12_20855.JPG,4043618,https://dataverse.harvard.edu/api/access/datafile/4043618
doi:10.7910/DVN/CADNEE,A12_20856.JPG,4043619,https://dataverse.harvard.edu/api/access/datafile/4043619
doi:10.7910/DVN/V7OIWL,A12_20857.JPG,4043620,https://dataverse.harvard.edu/api/access/datafile/4043620
doi:10.7910/DVN/6ZE4P2,A12_20858.JPG,4043621,https://dataverse.harvard.edu/api/access/datafile/4043621
doi:10.7910/DVN/RTNMLP,A12_20859.JPG,4043622,https://dataverse.harvard.edu/api/access/datafile/4043622
doi:10.7910/DVN/LGFGMC,A12_20860.JPG,4043623,https://dataverse.harvard.edu/api/access/datafile/4043623
doi:10.7910/DVN/SD70OC,A12_20861.JPG,4043624,https://dataverse.harvard.edu/api/access/datafile/4043624
doi:10.7910/DVN/BC38RO,A12_20862.JPG,4043625,https://dataverse.harvard.edu/api/access/datafile/4043625
doi:10.7910/DVN/H2BP2Q,A12_20863.JPG,4043626,https://dataverse.harvard.edu/api/access/datafile/4043626
doi:10.7910/DVN/MEZ56C,A12_20864.JPG,4043627,https://dataverse.harvard.edu/api/access/datafile/4043627
doi:10.7910/DVN/5F1KJC,A12_20865.JPG,4043628,https://dataverse.harvard.edu/api/access/datafile/4043628
doi:10.7910/DVN/PGAT45,A12_20866.JPG,4043629,https://dataverse.harvard.edu/api/access/datafile/4043629
doi:10.7910/DVN/ZSY9FQ,A12_20867.JPG,4043630,https://dataverse.harvard.edu/api/access/datafile/4043630
doi:10.7910/DVN/DYHUSN,A12_20868.JPG,4043631,https://dataverse.harvard.edu/api/access/datafile/4043631
doi:10.7910/DVN/U8FG1B,A12_20869.JPG,4043632,https://dataverse.harvard.edu/api/access/datafile/4043632
doi:10.7910/DVN/RQQDV8,A12_20870.JPG,4043633,https://dataverse.harvard.edu/api/access/datafile/4043633
doi:10.7910/DVN/C0DDUZ,A12_20871.JPG,4043634,https://dataverse.harvard.edu/api/access/datafile/4043634
doi:10.7910/DVN/PG8EY6,A12_20872.JPG,4043635,https://dataverse.harvard.edu/api/access/datafile/4043635
doi:10.7910/DVN/VCY7NK,A12_20873.JPG,4043636,https://dataverse.harvard.edu/api/access/datafile/4043636
doi:10.7910/DVN/PSL2DP,A12_20874.JPG,4043637,https://dataverse.harvard.edu/api/access/datafile/4043637
doi:10.7910/DVN/X8KGUP,A12_20875.JPG,4043638,https://dataverse.harvard.edu/api/access/datafile/4043638
doi:10.7910/DVN/1EQ4ZR,A12_20876.JPG,4043639,https://dataverse.harvard.edu/api/access/datafile/4043639
doi:10.7910/DVN/J68SV1,A12_20877.JPG,4043640,https://dataverse.harvard.edu/api/access/datafile/4043640
doi:10.7910/DVN/AAANQ4,A12_20878.JPG,4043641,https://dataverse.harvard.edu/api/access/datafile/4043641
doi:10.7910/DVN/8PFRNP,A12_20879.JPG,4043642,https://dataverse.harvard.edu/api/access/datafile/4043642
doi:10.7910/DVN/LQIBYZ,A12_20880.JPG,4043643,https://dataverse.harvard.edu/api/access/datafile/4043643
doi:10.7910/DVN/U3WHUL,A12_20881.JPG,4043644,https://dataverse.harvard.edu/api/access/datafile/4043644
doi:10.7910/DVN/ZUVLP8,A12_20882.JPG,4043645,https://dataverse.harvard.edu/api/access/datafile/4043645
doi:10.7910/DVN/QX4CCO,A12_20883.JPG,4043646,https://dataverse.harvard.edu/api/access/datafile/4043646
doi:10.7910/DVN/OGMY4K,A12_20884.JPG,4043647,https://dataverse.harvard.edu/api/access/datafile/4043647
doi:10.7910/DVN/LG1DIY,A12_20885.JPG,4043648,https://dataverse.harvard.edu/api/access/datafile/4043648
doi:10.7910/DVN/33BJUB,A12_20886.JPG,4043649,https://dataverse.harvard.edu/api/access/datafile/4043649
doi:10.7910/DVN/NCAO8D,A12_20887.JPG,4043650,https://dataverse.harvard.edu/api/access/datafile/4043650
doi:10.7910/DVN/N8KXBA,A12_20888.JPG,4043651,https://dataverse.harvard.edu/api/access/datafile/4043651
doi:10.7910/DVN/WYRMTB,A12_20889.JPG,4043652,https://dataverse.harvard.edu/api/access/datafile/4043652
doi:10.7910/DVN/Q9JNVZ,A12_20890.JPG,4043653,https://dataverse.harvard.edu/api/access/datafile/4043653
doi:10.7910/DVN/JOYXHI,A12_20891.JPG,4043654,https://dataverse.harvard.edu/api/access/datafile/4043654
doi:10.7910/DVN/6ZQIDI,A12_20892.JPG,4043655,https://dataverse.harvard.edu/api/access/datafile/4043655
doi:10.7910/DVN/NP4EJ6,A12_20893.JPG,4043656,https://dataverse.harvard.edu/api/access/datafile/4043656
doi:10.7910/DVN/SIEJFH,A12_20894.JPG,4043657,https://dataverse.harvard.edu/api/access/datafile/4043657
doi:10.7910/DVN/5ZGXP3,A12_20895.JPG,4043658,https://dataverse.harvard.edu/api/access/datafile/4043658
doi:10.7910/DVN/CTCTRJ,A12_20896.JPG,4043659,https://dataverse.harvard.edu/api/access/datafile/4043659
doi:10.7910/DVN/ARWSBL,A12_20897.JPG,4043660,https://dataverse.harvard.edu/api/access/datafile/4043660
doi:10.7910/DVN/KNJEVU,A12_20898.JPG,4043661,https://dataverse.harvard.edu/api/access/datafile/4043661
doi:10.7910/DVN/IZHMYO,A12_20899.JPG,4043662,https://dataverse.harvard.edu/api/access/datafile/4043662
doi:10.7910/DVN/WDVMPB,A12_20900.JPG,4043663,https://dataverse.harvard.edu/api/access/datafile/4043663
doi:10.7910/DVN/WRIWWD,A12_20901.JPG,4043664,https://dataverse.harvard.edu/api/access/datafile/4043664
doi:10.7910/DVN/GUSORS,A12_20902.JPG,4043665,https://dataverse.harvard.edu/api/access/datafile/4043665
doi:10.7910/DVN/NF09TY,A12_20903.JPG,4043666,https://dataverse.harvard.edu/api/access/datafile/4043666
doi:10.7910/DVN/0WXLCI,A12_20904.JPG,4043667,https://dataverse.harvard.edu/api/access/datafile/4043667
doi:10.7910/DVN/VMGXTY,A12_20905.JPG,4043668,https://dataverse.harvard.edu/api/access/datafile/4043668
doi:10.7910/DVN/8FXAZK,A12_20906.JPG,4043669,https://dataverse.harvard.edu/api/access/datafile/4043669
doi:10.7910/DVN/HFCZ2P,A12_20907.JPG,4043670,https://dataverse.harvard.edu/api/access/datafile/4043670
doi:10.7910/DVN/JSJDQJ,A12_20908.JPG,4043671,https://dataverse.harvard.edu/api/access/datafile/4043671
doi:10.7910/DVN/OTPVJ0,A12_20909.JPG,4043672,https://dataverse.harvard.edu/api/access/datafile/4043672
doi:10.7910/DVN/BICMOS,A12_20910.JPG,4043673,https://dataverse.harvard.edu/api/access/datafile/4043673
doi:10.7910/DVN/XUQHOP,A12_20911.JPG,4043674,https://dataverse.harvard.edu/api/access/datafile/4043674
doi:10.7910/DVN/BX4RQI,A12_20912.JPG,4043675,https://dataverse.harvard.edu/api/access/datafile/4043675
doi:10.7910/DVN/I0FFOW,A12_20913.JPG,4043676,https://dataverse.harvard.edu/api/access/datafile/4043676
doi:10.7910/DVN/XCEP3L,A12_20914.JPG,4043677,https://dataverse.harvard.edu/api/access/datafile/4043677
doi:10.7910/DVN/AWWNIC,A12_20915.JPG,4043678,https://dataverse.harvard.edu/api/access/datafile/4043678
doi:10.7910/DVN/8NN9YM,A12_20916.JPG,4043679,https://dataverse.harvard.edu/api/access/datafile/4043679
doi:10.7910/DVN/6OFTX7,A12_20917.JPG,4043680,https://dataverse.harvard.edu/api/access/datafile/4043680
doi:10.7910/DVN/VQ4N39,A12_20918.JPG,4043681,https://dataverse.harvard.edu/api/access/datafile/4043681
doi:10.7910/DVN/HSX2XK,A12_20919.JPG,4043682,https://dataverse.harvard.edu/api/access/datafile/4043682
doi:10.7910/DVN/VPW6MC,A12_20920.JPG,4043683,https://dataverse.harvard.edu/api/access/datafile/4043683
doi:10.7910/DVN/UD9IEU,A12_20921.JPG,4043684,https://dataverse.harvard.edu/api/access/datafile/4043684
doi:10.7910/DVN/LNTU5E,A12_20922.JPG,4043685,https://dataverse.harvard.edu/api/access/datafile/4043685
doi:10.7910/DVN/EZJE9B,A12_20923.JPG,4043686,https://dataverse.harvard.edu/api/access/datafile/4043686
doi:10.7910/DVN/IQJAIV,A12_20924.JPG,4043687,https://dataverse.harvard.edu/api/access/datafile/4043687
doi:10.7910/DVN/DYQVBA,A12_20925.JPG,4043688,https://dataverse.harvard.edu/api/access/datafile/4043688
doi:10.7910/DVN/CUWDYZ,A12_20926.JPG,4043689,https://dataverse.harvard.edu/api/access/datafile/4043689
doi:10.7910/DVN/1OCQYR,A12_20927.JPG,4043690,https://dataverse.harvard.edu/api/access/datafile/4043690
doi:10.7910/DVN/K2OFBR,A12_20928.JPG,4043691,https://dataverse.harvard.edu/api/access/datafile/4043691
doi:10.7910/DVN/BGWR0S,A12_20929.JPG,4043692,https://dataverse.harvard.edu/api/access/datafile/4043692
doi:10.7910/DVN/IR5IG0,A12_20930.JPG,4043693,https://dataverse.harvard.edu/api/access/datafile/4043693
doi:10.7910/DVN/5QL5NV,A12_20931.JPG,4043694,https://dataverse.harvard.edu/api/access/datafile/4043694
doi:10.7910/DVN/QLDYXT,A12_20932.JPG,4043695,https://dataverse.harvard.edu/api/access/datafile/4043695
doi:10.7910/DVN/5RGBAM,A12_20933.JPG,4043696,https://dataverse.harvard.edu/api/access/datafile/4043696
doi:10.7910/DVN/IS7OLT,A12_20934.JPG,4043697,https://dataverse.harvard.edu/api/access/datafile/4043697
doi:10.7910/DVN/XZWTPJ,A12_20935.JPG,4043698,https://dataverse.harvard.edu/api/access/datafile/4043698
doi:10.7910/DVN/B7IE3V,A12_20936.JPG,4043699,https://dataverse.harvard.edu/api/access/datafile/4043699
doi:10.7910/DVN/RZTC9D,A12_20937.JPG,4043700,https://dataverse.harvard.edu/api/access/datafile/4043700
doi:10.7910/DVN/K2RONU,A12_20938.JPG,4043701,https://dataverse.harvard.edu/api/access/datafile/4043701
doi:10.7910/DVN/SZYNWL,A12_20939.JPG,4043702,https://dataverse.harvard.edu/api/access/datafile/4043702
doi:10.7910/DVN/GAAVEO,A12_20940.JPG,4043703,https://dataverse.harvard.edu/api/access/datafile/4043703
doi:10.7910/DVN/FTWLQ5,A12_20941.JPG,4043704,https://dataverse.harvard.edu/api/access/datafile/4043704
doi:10.7910/DVN/XSPGIO,A12_20942.JPG,4043705,https://dataverse.harvard.edu/api/access/datafile/4043705
doi:10.7910/DVN/THBA5M,A12_20943.JPG,4043706,https://dataverse.harvard.edu/api/access/datafile/4043706
doi:10.7910/DVN/JZXFUR,A12_20944.JPG,4043707,https://dataverse.harvard.edu/api/access/datafile/4043707
doi:10.7910/DVN/MHZ9IN,A12_20945.JPG,4043708,https://dataverse.harvard.edu/api/access/datafile/4043708
doi:10.7910/DVN/4051TV,A12_20946.JPG,4043709,https://dataverse.harvard.edu/api/access/datafile/4043709
doi:10.7910/DVN/T4TGSX,A12_20947.JPG,4043710,https://dataverse.harvard.edu/api/access/datafile/4043710
doi:10.7910/DVN/H3NLLU,A12_20948.JPG,4043711,https://dataverse.harvard.edu/api/access/datafile/4043711
doi:10.7910/DVN/MM86KL,A12_20949.JPG,4043712,https://dataverse.harvard.edu/api/access/datafile/4043712
doi:10.7910/DVN/XXZMDA,A12_20950.JPG,4043713,https://dataverse.harvard.edu/api/access/datafile/4043713
doi:10.7910/DVN/GDSORD,A12_20951.JPG,4043714,https://dataverse.harvard.edu/api/access/datafile/4043714
doi:10.7910/DVN/DODY45,A12_20952.JPG,4043715,https://dataverse.harvard.edu/api/access/datafile/4043715
doi:10.7910/DVN/JSLPD6,A12_20953.JPG,4043716,https://dataverse.harvard.edu/api/access/datafile/4043716
doi:10.7910/DVN/LDYCXX,A12_20954.JPG,4043717,https://dataverse.harvard.edu/api/access/datafile/4043717
doi:10.7910/DVN/GJY47R,A12_20955.JPG,4043718,https://dataverse.harvard.edu/api/access/datafile/4043718
doi:10.7910/DVN/YKNWZR,A12_20956.JPG,4043719,https://dataverse.harvard.edu/api/access/datafile/4043719
doi:10.7910/DVN/BJ63NV,A12_20957.JPG,4043720,https://dataverse.harvard.edu/api/access/datafile/4043720
doi:10.7910/DVN/WGXZGF,A12_20958.JPG,4043721,https://dataverse.harvard.edu/api/access/datafile/4043721
doi:10.7910/DVN/ZJOQBI,A12_20959.JPG,4043722,https://dataverse.harvard.edu/api/access/datafile/4043722
doi:10.7910/DVN/BJ52GA,A12_20960.JPG,4043723,https://dataverse.harvard.edu/api/access/datafile/4043723
doi:10.7910/DVN/3SVW8E,A12_20961.JPG,4043724,https://dataverse.harvard.edu/api/access/datafile/4043724
doi:10.7910/DVN/QSQWRW,A12_20962.JPG,4043725,https://dataverse.harvard.edu/api/access/datafile/4043725
doi:10.7910/DVN/ATU6NO,A12_20963.JPG,4043726,https://dataverse.harvard.edu/api/access/datafile/4043726
doi:10.7910/DVN/UERRJP,A12_20964.JPG,4043727,https://dataverse.harvard.edu/api/access/datafile/4043727
doi:10.7910/DVN/HGZNPG,A12_20965.JPG,4043728,https://dataverse.harvard.edu/api/access/datafile/4043728
doi:10.7910/DVN/CLGN6Y,A12_20966.JPG,4043729,https://dataverse.harvard.edu/api/access/datafile/4043729
doi:10.7910/DVN/HA6WQH,A12_20967.JPG,4043730,https://dataverse.harvard.edu/api/access/datafile/4043730
doi:10.7910/DVN/QTDUDX,A12_20968.JPG,4043731,https://dataverse.harvard.edu/api/access/datafile/4043731
doi:10.7910/DVN/W5MCUJ,A12_20969.JPG,4043732,https://dataverse.harvard.edu/api/access/datafile/4043732
doi:10.7910/DVN/EUKH1V,A12_20970.JPG,4043733,https://dataverse.harvard.edu/api/access/datafile/4043733
doi:10.7910/DVN/VDNQD6,A12_20971.JPG,4043734,https://dataverse.harvard.edu/api/access/datafile/4043734
doi:10.7910/DVN/0MBUXH,A12_20972.JPG,4043735,https://dataverse.harvard.edu/api/access/datafile/4043735
doi:10.7910/DVN/8Z6GSS,A12_20973.JPG,4043736,https://dataverse.harvard.edu/api/access/datafile/4043736
doi:10.7910/DVN/TVEUNW,A12_20974.JPG,4043737,https://dataverse.harvard.edu/api/access/datafile/4043737
doi:10.7910/DVN/JCUOSI,A12_20975.JPG,4043738,https://dataverse.harvard.edu/api/access/datafile/4043738
doi:10.7910/DVN/QIJVY2,A12_20976.JPG,4043739,https://dataverse.harvard.edu/api/access/datafile/4043739
doi:10.7910/DVN/0JKXSX,A12_20977.JPG,4043740,https://dataverse.harvard.edu/api/access/datafile/4043740
doi:10.7910/DVN/6K4C01,A12_20978.JPG,4043741,https://dataverse.harvard.edu/api/access/datafile/4043741
doi:10.7910/DVN/L8OIA1,A12_20979.JPG,4043742,https://dataverse.harvard.edu/api/access/datafile/4043742
doi:10.7910/DVN/KKBD1Y,A12_20980.JPG,4043743,https://dataverse.harvard.edu/api/access/datafile/4043743
doi:10.7910/DVN/UXLPQP,A12_20981.JPG,4043744,https://dataverse.harvard.edu/api/access/datafile/4043744
doi:10.7910/DVN/YPESCA,A12_20982.JPG,4043745,https://dataverse.harvard.edu/api/access/datafile/4043745
doi:10.7910/DVN/HF7QTP,A12_20983.JPG,4043746,https://dataverse.harvard.edu/api/access/datafile/4043746
doi:10.7910/DVN/SP6TDY,A12_20984.JPG,4043747,https://dataverse.harvard.edu/api/access/datafile/4043747
doi:10.7910/DVN/O9GWCS,A12_20985.JPG,4043748,https://dataverse.harvard.edu/api/access/datafile/4043748
doi:10.7910/DVN/HI6V5O,A12_20986.JPG,4043749,https://dataverse.harvard.edu/api/access/datafile/4043749
doi:10.7910/DVN/RVQEGO,A12_20987.JPG,4043750,https://dataverse.harvard.edu/api/access/datafile/4043750
doi:10.7910/DVN/LOKM83,A12_20988.JPG,4043751,https://dataverse.harvard.edu/api/access/datafile/4043751
doi:10.7910/DVN/TELZSN,A12_20989.JPG,4043752,https://dataverse.harvard.edu/api/access/datafile/4043752
doi:10.7910/DVN/6JW8WB,A12_20990.JPG,4043753,https://dataverse.harvard.edu/api/access/datafile/4043753
doi:10.7910/DVN/5UFPRR,A12_20991.JPG,4043754,https://dataverse.harvard.edu/api/access/datafile/4043754
doi:10.7910/DVN/B6KYCJ,A12_20992.JPG,4043755,https://dataverse.harvard.edu/api/access/datafile/4043755
doi:10.7910/DVN/7Y7YXW,A12_20993.JPG,4043756,https://dataverse.harvard.edu/api/access/datafile/4043756
doi:10.7910/DVN/YWALIM,A12_20994.JPG,4043757,https://dataverse.harvard.edu/api/access/datafile/4043757
doi:10.7910/DVN/DXU1Z5,A12_20995.JPG,4043758,https://dataverse.harvard.edu/api/access/datafile/4043758
doi:10.7910/DVN/PBP5A8,A12_20996.JPG,4043759,https://dataverse.harvard.edu/api/access/datafile/4043759
doi:10.7910/DVN/PETB2H,A12_20997.JPG,4043760,https://dataverse.harvard.edu/api/access/datafile/4043760
doi:10.7910/DVN/GRJWDV,A12_20998.JPG,4043761,https://dataverse.harvard.edu/api/access/datafile/4043761
doi:10.7910/DVN/B3LVWN,A12_20999.JPG,4043762,https://dataverse.harvard.edu/api/access/datafile/4043762
doi:10.7910/DVN/PASGNX,A12_21000.JPG,4043763,https://dataverse.harvard.edu/api/access/datafile/4043763
doi:10.7910/DVN/B69L8S,A12_21001.JPG,4043764,https://dataverse.harvard.edu/api/access/datafile/4043764
doi:10.7910/DVN/6PMHKF,A12_21002.JPG,4043765,https://dataverse.harvard.edu/api/access/datafile/4043765
doi:10.7910/DVN/JX89RL,A12_21003.JPG,4043766,https://dataverse.harvard.edu/api/access/datafile/4043766
doi:10.7910/DVN/TIHJJT,A12_21004.JPG,4043767,https://dataverse.harvard.edu/api/access/datafile/4043767
doi:10.7910/DVN/ULU2XV,A12_21005.JPG,4043768,https://dataverse.harvard.edu/api/access/datafile/4043768
doi:10.7910/DVN/2QAIKE,A12_21006.JPG,4043769,https://dataverse.harvard.edu/api/access/datafile/4043769
doi:10.7910/DVN/LXYEPP,A12_21007.JPG,4043770,https://dataverse.harvard.edu/api/access/datafile/4043770
doi:10.7910/DVN/OMZLX5,A12_21008.JPG,4043771,https://dataverse.harvard.edu/api/access/datafile/4043771
doi:10.7910/DVN/09TVGV,A12_21009.JPG,4043772,https://dataverse.harvard.edu/api/access/datafile/4043772
doi:10.7910/DVN/KMLBTE,A12_21010.JPG,4043773,https://dataverse.harvard.edu/api/access/datafile/4043773
doi:10.7910/DVN/QFSZMW,A12_21011.JPG,4043774,https://dataverse.harvard.edu/api/access/datafile/4043774
doi:10.7910/DVN/KD69WJ,A12_21012.JPG,4043775,https://dataverse.harvard.edu/api/access/datafile/4043775
doi:10.7910/DVN/NMMGHS,A12_21013.JPG,4043776,https://dataverse.harvard.edu/api/access/datafile/4043776
doi:10.7910/DVN/9HEDBV,A12_21014.JPG,4043777,https://dataverse.harvard.edu/api/access/datafile/4043777
doi:10.7910/DVN/LRSSYN,A12_21015.JPG,4043778,https://dataverse.harvard.edu/api/access/datafile/4043778
doi:10.7910/DVN/M9FLL5,A12_21016.JPG,4043779,https://dataverse.harvard.edu/api/access/datafile/4043779
doi:10.7910/DVN/PNV5VN,A12_21017.JPG,4043780,https://dataverse.harvard.edu/api/access/datafile/4043780
doi:10.7910/DVN/UAAY41,A12_21018.JPG,4043781,https://dataverse.harvard.edu/api/access/datafile/4043781
doi:10.7910/DVN/VI0MTP,A12_21019.JPG,4043782,https://dataverse.harvard.edu/api/access/datafile/4043782
doi:10.7910/DVN/1LHLVO,A12_21020.JPG,4043783,https://dataverse.harvard.edu/api/access/datafile/4043783
doi:10.7910/DVN/G6A205,A12_21021.JPG,4043784,https://dataverse.harvard.edu/api/access/datafile/4043784
doi:10.7910/DVN/ZTQNPE,A12_21022.JPG,4043785,https://dataverse.harvard.edu/api/access/datafile/4043785
doi:10.7910/DVN/D2YHXK,A12_21023.JPG,4043786,https://dataverse.harvard.edu/api/access/datafile/4043786
doi:10.7910/DVN/Q4Y2OU,A12_21024.JPG,4043787,https://dataverse.harvard.edu/api/access/datafile/4043787
doi:10.7910/DVN/FNN4EF,A12_21025.JPG,4043788,https://dataverse.harvard.edu/api/access/datafile/4043788
doi:10.7910/DVN/8BJMPZ,A12_21026.JPG,4043789,https://dataverse.harvard.edu/api/access/datafile/4043789
doi:10.7910/DVN/7EEGD2,A12_21027.JPG,4043790,https://dataverse.harvard.edu/api/access/datafile/4043790
doi:10.7910/DVN/PDZB3X,A12_21028.JPG,4043791,https://dataverse.harvard.edu/api/access/datafile/4043791
doi:10.7910/DVN/5LG5YG,A12_21029.JPG,4043792,https://dataverse.harvard.edu/api/access/datafile/4043792
doi:10.7910/DVN/VNECSM,A12_21030.JPG,4043793,https://dataverse.harvard.edu/api/access/datafile/4043793
doi:10.7910/DVN/E0JNTH,A12_21031.JPG,4043794,https://dataverse.harvard.edu/api/access/datafile/4043794
doi:10.7910/DVN/3EZLQU,A12_21032.JPG,4043795,https://dataverse.harvard.edu/api/access/datafile/4043795
doi:10.7910/DVN/5BJYGD,A12_21033.JPG,4043796,https://dataverse.harvard.edu/api/access/datafile/4043796
doi:10.7910/DVN/WMLH7V,A12_21034.JPG,4043797,https://dataverse.harvard.edu/api/access/datafile/4043797
doi:10.7910/DVN/PJHKQV,A12_21035.JPG,4043798,https://dataverse.harvard.edu/api/access/datafile/4043798
doi:10.7910/DVN/6TRH4P,A12_21036.JPG,4043799,https://dataverse.harvard.edu/api/access/datafile/4043799
doi:10.7910/DVN/GPQZLA,A12_21037.JPG,4043800,https://dataverse.harvard.edu/api/access/datafile/4043800
doi:10.7910/DVN/YR1R4Q,A12_21038.JPG,4043801,https://dataverse.harvard.edu/api/access/datafile/4043801
doi:10.7910/DVN/CJ89AJ,A12_21039.JPG,4043802,https://dataverse.harvard.edu/api/access/datafile/4043802
doi:10.7910/DVN/68CTCQ,A12_21040.JPG,4043803,https://dataverse.harvard.edu/api/access/datafile/4043803
doi:10.7910/DVN/AHGQIJ,A12_21041.JPG,4043804,https://dataverse.harvard.edu/api/access/datafile/4043804
doi:10.7910/DVN/CBUC33,A12_21042.JPG,4043805,https://dataverse.harvard.edu/api/access/datafile/4043805
doi:10.7910/DVN/QE4GCJ,A12_21043.JPG,4043806,https://dataverse.harvard.edu/api/access/datafile/4043806
doi:10.7910/DVN/DAEWS3,A12_21044.JPG,4043807,https://dataverse.harvard.edu/api/access/datafile/4043807
doi:10.7910/DVN/QVO2MN,A12_21045.JPG,4043808,https://dataverse.harvard.edu/api/access/datafile/4043808
doi:10.7910/DVN/C8LYNM,A12_21046.JPG,4043809,https://dataverse.harvard.edu/api/access/datafile/4043809
doi:10.7910/DVN/WGXF4Z,A12_21047.JPG,4043810,https://dataverse.harvard.edu/api/access/datafile/4043810
doi:10.7910/DVN/CQKVHL,A12_21048.JPG,4043811,https://dataverse.harvard.edu/api/access/datafile/4043811
doi:10.7910/DVN/TXJLYP,A12_21049.JPG,4043812,https://dataverse.harvard.edu/api/access/datafile/4043812
doi:10.7910/DVN/2LTZW8,A12_21050.JPG,4043813,https://dataverse.harvard.edu/api/access/datafile/4043813
doi:10.7910/DVN/UCXS8L,A12_21051.JPG,4043814,https://dataverse.harvard.edu/api/access/datafile/4043814
doi:10.7910/DVN/HKKHXV,A12_21052.JPG,4043815,https://dataverse.harvard.edu/api/access/datafile/4043815
doi:10.7910/DVN/RC7W5Z,A12_21053.JPG,4043816,https://dataverse.harvard.edu/api/access/datafile/4043816
doi:10.7910/DVN/GZ1ESL,A12_21054.JPG,4043817,https://dataverse.harvard.edu/api/access/datafile/4043817
doi:10.7910/DVN/SBE19S,A12_21055.JPG,4043818,https://dataverse.harvard.edu/api/access/datafile/4043818
doi:10.7910/DVN/LJGPGR,A12_21056.JPG,4043819,https://dataverse.harvard.edu/api/access/datafile/4043819
doi:10.7910/DVN/1ZXHUH,A12_21057.JPG,4043820,https://dataverse.harvard.edu/api/access/datafile/4043820
doi:10.7910/DVN/40L0TG,A12_21058.JPG,4043821,https://dataverse.harvard.edu/api/access/datafile/4043821
doi:10.7910/DVN/Z8ATTV,A12_21059.JPG,4043822,https://dataverse.harvard.edu/api/access/datafile/4043822
doi:10.7910/DVN/HRW4N3,A12_21060.JPG,4043823,https://dataverse.harvard.edu/api/access/datafile/4043823
doi:10.7910/DVN/TAOIYO,A12_21061.JPG,4043824,https://dataverse.harvard.edu/api/access/datafile/4043824
doi:10.7910/DVN/1TIPTB,A12_21062.JPG,4043825,https://dataverse.harvard.edu/api/access/datafile/4043825
doi:10.7910/DVN/LMGHTT,A12_21063.JPG,4043826,https://dataverse.harvard.edu/api/access/datafile/4043826
doi:10.7910/DVN/MMIMFY,A12_21064.JPG,4043827,https://dataverse.harvard.edu/api/access/datafile/4043827
doi:10.7910/DVN/KWW25X,A12_21065.JPG,4043828,https://dataverse.harvard.edu/api/access/datafile/4043828
doi:10.7910/DVN/XCKR6B,A12_21066.JPG,4043829,https://dataverse.harvard.edu/api/access/datafile/4043829
doi:10.7910/DVN/CYZ84G,A12_21067.JPG,4043830,https://dataverse.harvard.edu/api/access/datafile/4043830
doi:10.7910/DVN/HELSOR,A12_21068.JPG,4043831,https://dataverse.harvard.edu/api/access/datafile/4043831
doi:10.7910/DVN/FKZGTK,A12_21069.JPG,4043832,https://dataverse.harvard.edu/api/access/datafile/4043832
doi:10.7910/DVN/OO8WLP,A12_21070.JPG,4043833,https://dataverse.harvard.edu/api/access/datafile/4043833
doi:10.7910/DVN/AJROFP,A12_21071.JPG,4043834,https://dataverse.harvard.edu/api/access/datafile/4043834
doi:10.7910/DVN/NVTBEE,A12_21072.JPG,4043835,https://dataverse.harvard.edu/api/access/datafile/4043835
doi:10.7910/DVN/CWIBKH,A12_21073.JPG,4043836,https://dataverse.harvard.edu/api/access/datafile/4043836
doi:10.7910/DVN/J5AMRJ,A12_21074.JPG,4043837,https://dataverse.harvard.edu/api/access/datafile/4043837
doi:10.7910/DVN/ZCGT07,A12_21075.JPG,4043838,https://dataverse.harvard.edu/api/access/datafile/4043838
doi:10.7910/DVN/JH9BFF,A12_21076.JPG,4043839,https://dataverse.harvard.edu/api/access/datafile/4043839
doi:10.7910/DVN/K06S90,A12_21077.JPG,4043840,https://dataverse.harvard.edu/api/access/datafile/4043840
doi:10.7910/DVN/KOIAYP,A12_21078.JPG,4043841,https://dataverse.harvard.edu/api/access/datafile/4043841
doi:10.7910/DVN/MVWM1X,A12_21079.JPG,4043842,https://dataverse.harvard.edu/api/access/datafile/4043842
doi:10.7910/DVN/UIJDTF,A12_21080.JPG,4043843,https://dataverse.harvard.edu/api/access/datafile/4043843
doi:10.7910/DVN/WFIQRS,A12_21081.JPG,4043844,https://dataverse.harvard.edu/api/access/datafile/4043844
doi:10.7910/DVN/IJ89LJ,A12_21082.JPG,4043845,https://dataverse.harvard.edu/api/access/datafile/4043845
doi:10.7910/DVN/LAY3VQ,A12_21083.JPG,4043846,https://dataverse.harvard.edu/api/access/datafile/4043846
doi:10.7910/DVN/OQVEXT,A12_21084.JPG,4043847,https://dataverse.harvard.edu/api/access/datafile/4043847
doi:10.7910/DVN/P2AGJM,A12_21085.JPG,4043848,https://dataverse.harvard.edu/api/access/datafile/4043848
doi:10.7910/DVN/MQPZYV,A12_21086.JPG,4043849,https://dataverse.harvard.edu/api/access/datafile/4043849
doi:10.7910/DVN/KACV75,A12_21087.JPG,4043850,https://dataverse.harvard.edu/api/access/datafile/4043850
doi:10.7910/DVN/SQWFQK,A12_21088.JPG,4043851,https://dataverse.harvard.edu/api/access/datafile/4043851
doi:10.7910/DVN/LFBNIK,A12_21089.JPG,4043852,https://dataverse.harvard.edu/api/access/datafile/4043852
doi:10.7910/DVN/630GDP,A12_21090.JPG,4043853,https://dataverse.harvard.edu/api/access/datafile/4043853
doi:10.7910/DVN/SFBWLL,A12_21091.JPG,4043854,https://dataverse.harvard.edu/api/access/datafile/4043854
doi:10.7910/DVN/NYIAEK,A12_21092.JPG,4043855,https://dataverse.harvard.edu/api/access/datafile/4043855
doi:10.7910/DVN/OCHTVL,A12_21093.JPG,4043856,https://dataverse.harvard.edu/api/access/datafile/4043856
doi:10.7910/DVN/ARRIPI,A12_21094.JPG,4043857,https://dataverse.harvard.edu/api/access/datafile/4043857
doi:10.7910/DVN/1JLJ9K,A12_21095.JPG,4043858,https://dataverse.harvard.edu/api/access/datafile/4043858
doi:10.7910/DVN/C4J8QJ,A12_21096.JPG,4043859,https://dataverse.harvard.edu/api/access/datafile/4043859
doi:10.7910/DVN/RA888V,A12_21097.JPG,4043860,https://dataverse.harvard.edu/api/access/datafile/4043860
doi:10.7910/DVN/FF4OOW,A12_21098.JPG,4043861,https://dataverse.harvard.edu/api/access/datafile/4043861
doi:10.7910/DVN/OSK2KK,A12_21099.JPG,4043862,https://dataverse.harvard.edu/api/access/datafile/4043862
doi:10.7910/DVN/1QBPE0,A12_21100.JPG,4043863,https://dataverse.harvard.edu/api/access/datafile/4043863
doi:10.7910/DVN/K0RQCC,A12_21101.JPG,4043864,https://dataverse.harvard.edu/api/access/datafile/4043864
doi:10.7910/DVN/6M8RWP,A12_21102.JPG,4043865,https://dataverse.harvard.edu/api/access/datafile/4043865
doi:10.7910/DVN/GEQXW4,A12_21103.JPG,4043866,https://dataverse.harvard.edu/api/access/datafile/4043866
doi:10.7910/DVN/MQR1UM,A12_21104.JPG,4043867,https://dataverse.harvard.edu/api/access/datafile/4043867
doi:10.7910/DVN/3P6VR7,A12_21105.JPG,4043868,https://dataverse.harvard.edu/api/access/datafile/4043868
doi:10.7910/DVN/WTSWKL,A12_21106.JPG,4043869,https://dataverse.harvard.edu/api/access/datafile/4043869
doi:10.7910/DVN/XKXUML,A12_21107.JPG,4043870,https://dataverse.harvard.edu/api/access/datafile/4043870
doi:10.7910/DVN/URD3YB,A12_21108.JPG,4043871,https://dataverse.harvard.edu/api/access/datafile/4043871
doi:10.7910/DVN/INJPMD,A12_21109.JPG,4043872,https://dataverse.harvard.edu/api/access/datafile/4043872
doi:10.7910/DVN/9KC3ZL,A12_21110.JPG,4043873,https://dataverse.harvard.edu/api/access/datafile/4043873
doi:10.7910/DVN/YG1QBV,A12_21111.JPG,4043874,https://dataverse.harvard.edu/api/access/datafile/4043874
doi:10.7910/DVN/QUTL9J,A12_21112.JPG,4043875,https://dataverse.harvard.edu/api/access/datafile/4043875
doi:10.7910/DVN/VZ1JNF,A12_21113.JPG,4043876,https://dataverse.harvard.edu/api/access/datafile/4043876
doi:10.7910/DVN/VCMGFL,A12_21114.JPG,4043877,https://dataverse.harvard.edu/api/access/datafile/4043877
doi:10.7910/DVN/7QCG22,A12_21115.JPG,4043878,https://dataverse.harvard.edu/api/access/datafile/4043878
doi:10.7910/DVN/3TEFDD,A12_21116.JPG,4043879,https://dataverse.harvard.edu/api/access/datafile/4043879
doi:10.7910/DVN/JNJFRH,A12_21117.JPG,4043880,https://dataverse.harvard.edu/api/access/datafile/4043880
doi:10.7910/DVN/CVZMU6,A12_21118.JPG,4043881,https://dataverse.harvard.edu/api/access/datafile/4043881
doi:10.7910/DVN/LGWPOQ,A12_21119.JPG,4043882,https://dataverse.harvard.edu/api/access/datafile/4043882
doi:10.7910/DVN/BQIXPJ,A12_21120.JPG,4043883,https://dataverse.harvard.edu/api/access/datafile/4043883
doi:10.7910/DVN/DDLGDS,A12_21121.JPG,4043884,https://dataverse.harvard.edu/api/access/datafile/4043884
doi:10.7910/DVN/BRGQWI,A12_21122.JPG,4043885,https://dataverse.harvard.edu/api/access/datafile/4043885
doi:10.7910/DVN/WLXTQA,A12_21123.JPG,4043886,https://dataverse.harvard.edu/api/access/datafile/4043886
doi:10.7910/DVN/29ADOI,A12_21124.JPG,4043887,https://dataverse.harvard.edu/api/access/datafile/4043887
doi:10.7910/DVN/C5ASD3,A12_21125.JPG,4043888,https://dataverse.harvard.edu/api/access/datafile/4043888
doi:10.7910/DVN/I3HFKE,A12_21126.JPG,4043889,https://dataverse.harvard.edu/api/access/datafile/4043889
doi:10.7910/DVN/004HG6,A12_21127.JPG,4043890,https://dataverse.harvard.edu/api/access/datafile/4043890
doi:10.7910/DVN/FCCBFH,A12_21128.JPG,4043891,https://dataverse.harvard.edu/api/access/datafile/4043891
doi:10.7910/DVN/X2QLXX,A12_21129.JPG,4043892,https://dataverse.harvard.edu/api/access/datafile/4043892
doi:10.7910/DVN/AWRAT3,A12_21130.JPG,4043893,https://dataverse.harvard.edu/api/access/datafile/4043893
doi:10.7910/DVN/GEWHGI,A12_21131.JPG,4043894,https://dataverse.harvard.edu/api/access/datafile/4043894
doi:10.7910/DVN/PXJ3NN,A12_21132.JPG,4043895,https://dataverse.harvard.edu/api/access/datafile/4043895
doi:10.7910/DVN/NUWKEZ,A12_21133.JPG,4043896,https://dataverse.harvard.edu/api/access/datafile/4043896
doi:10.7910/DVN/1DGTIN,A12_21134.JPG,4043897,https://dataverse.harvard.edu/api/access/datafile/4043897
doi:10.7910/DVN/N6CIE6,A12_21135.JPG,4043898,https://dataverse.harvard.edu/api/access/datafile/4043898
doi:10.7910/DVN/58BAK6,A12_21136.JPG,4043899,https://dataverse.harvard.edu/api/access/datafile/4043899
doi:10.7910/DVN/N64FVW,A12_21137.JPG,4043900,https://dataverse.harvard.edu/api/access/datafile/4043900
doi:10.7910/DVN/PA6Q9B,A12_21138.JPG,4043901,https://dataverse.harvard.edu/api/access/datafile/4043901
doi:10.7910/DVN/EA8ZFB,A12_21139.JPG,4043902,https://dataverse.harvard.edu/api/access/datafile/4043902
doi:10.7910/DVN/XNYXML,A12_21140.JPG,4043903,https://dataverse.harvard.edu/api/access/datafile/4043903
doi:10.7910/DVN/OMI2Z2,A12_21141.JPG,4043904,https://dataverse.harvard.edu/api/access/datafile/4043904
doi:10.7910/DVN/OUIJWY,A12_21142.JPG,4043905,https://dataverse.harvard.edu/api/access/datafile/4043905
doi:10.7910/DVN/32AYQR,A12_21143.JPG,4043906,https://dataverse.harvard.edu/api/access/datafile/4043906
doi:10.7910/DVN/QBKSIO,A12_21144.JPG,4043907,https://dataverse.harvard.edu/api/access/datafile/4043907
doi:10.7910/DVN/CV2LQH,A12_21145.JPG,4043908,https://dataverse.harvard.edu/api/access/datafile/4043908
doi:10.7910/DVN/TCHNZS,A12_21146.JPG,4043909,https://dataverse.harvard.edu/api/access/datafile/4043909
doi:10.7910/DVN/EHM3J8,A12_21147.JPG,4043910,https://dataverse.harvard.edu/api/access/datafile/4043910
doi:10.7910/DVN/M3RYPM,A12_21148.JPG,4043911,https://dataverse.harvard.edu/api/access/datafile/4043911
doi:10.7910/DVN/JXVJDW,A12_21149.JPG,4043912,https://dataverse.harvard.edu/api/access/datafile/4043912
doi:10.7910/DVN/CUZND7,A12_21150.JPG,4043913,https://dataverse.harvard.edu/api/access/datafile/4043913
doi:10.7910/DVN/2EFWM0,A12_21151.JPG,4043914,https://dataverse.harvard.edu/api/access/datafile/4043914
doi:10.7910/DVN/MRG2VQ,A12_21152.JPG,4043915,https://dataverse.harvard.edu/api/access/datafile/4043915
doi:10.7910/DVN/BUVDX1,A12_21153.JPG,4043916,https://dataverse.harvard.edu/api/access/datafile/4043916
doi:10.7910/DVN/1NO8V3,A12_21154.JPG,4043917,https://dataverse.harvard.edu/api/access/datafile/4043917
doi:10.7910/DVN/PUBXIM,A12_21155.JPG,4043918,https://dataverse.harvard.edu/api/access/datafile/4043918
doi:10.7910/DVN/IFYFU4,A12_21156.JPG,4043919,https://dataverse.harvard.edu/api/access/datafile/4043919
doi:10.7910/DVN/TUVZIP,A12_21157.JPG,4043920,https://dataverse.harvard.edu/api/access/datafile/4043920
doi:10.7910/DVN/GX68V7,A12_21158.JPG,4043921,https://dataverse.harvard.edu/api/access/datafile/4043921
doi:10.7910/DVN/NNIQDO,A12_21159.JPG,4043922,https://dataverse.harvard.edu/api/access/datafile/4043922
doi:10.7910/DVN/NE6Y2U,A12_21160.JPG,4043923,https://dataverse.harvard.edu/api/access/datafile/4043923
doi:10.7910/DVN/YNV1MC,A12_21161.JPG,4043924,https://dataverse.harvard.edu/api/access/datafile/4043924
doi:10.7910/DVN/HTS79E,A12_21162.JPG,4043925,https://dataverse.harvard.edu/api/access/datafile/4043925
doi:10.7910/DVN/SQKIOC,A12_21163.JPG,4043926,https://dataverse.harvard.edu/api/access/datafile/4043926
doi:10.7910/DVN/OLXAZ0,A12_21164.JPG,4043927,https://dataverse.harvard.edu/api/access/datafile/4043927
doi:10.7910/DVN/WB4AYS,A12_21165.JPG,4043928,https://dataverse.harvard.edu/api/access/datafile/4043928
doi:10.7910/DVN/4KWEDF,A12_21166.JPG,4043929,https://dataverse.harvard.edu/api/access/datafile/4043929
doi:10.7910/DVN/J2KIFO,A12_21167.JPG,4043930,https://dataverse.harvard.edu/api/access/datafile/4043930
doi:10.7910/DVN/9JV2OI,A12_21168.JPG,4043931,https://dataverse.harvard.edu/api/access/datafile/4043931
doi:10.7910/DVN/ZVVLTW,A12_21169.JPG,4043932,https://dataverse.harvard.edu/api/access/datafile/4043932
doi:10.7910/DVN/6OVUND,A12_21170.JPG,4043933,https://dataverse.harvard.edu/api/access/datafile/4043933
doi:10.7910/DVN/OWHTGP,A12_21171.JPG,4043934,https://dataverse.harvard.edu/api/access/datafile/4043934
doi:10.7910/DVN/Y68EIH,A12_21172.JPG,4043935,https://dataverse.harvard.edu/api/access/datafile/4043935
doi:10.7910/DVN/CFGT4M,A12_21173.JPG,4043936,https://dataverse.harvard.edu/api/access/datafile/4043936
doi:10.7910/DVN/C2NBVB,A12_21174.JPG,4043937,https://dataverse.harvard.edu/api/access/datafile/4043937
doi:10.7910/DVN/XFU2QU,A12_21175.JPG,4043938,https://dataverse.harvard.edu/api/access/datafile/4043938
doi:10.7910/DVN/UEHCB9,A12_21176.JPG,4043939,https://dataverse.harvard.edu/api/access/datafile/4043939
doi:10.7910/DVN/YJ6ZPZ,A12_21177.JPG,4043940,https://dataverse.harvard.edu/api/access/datafile/4043940
doi:10.7910/DVN/EZMAYQ,A12_21178.JPG,4043941,https://dataverse.harvard.edu/api/access/datafile/4043941
doi:10.7910/DVN/XH0VCX,A12_21179.JPG,4043942,https://dataverse.harvard.edu/api/access/datafile/4043942
doi:10.7910/DVN/Q0BFZ4,A12_21180.JPG,4043943,https://dataverse.harvard.edu/api/access/datafile/4043943
doi:10.7910/DVN/DA8V5Y,A12_21181.JPG,4043944,https://dataverse.harvard.edu/api/access/datafile/4043944
doi:10.7910/DVN/ZMMXP7,A12_21182.JPG,4043945,https://dataverse.harvard.edu/api/access/datafile/4043945
doi:10.7910/DVN/YL0ZZL,A12_21183.JPG,4043946,https://dataverse.harvard.edu/api/access/datafile/4043946
doi:10.7910/DVN/TZVL57,A12_21184.JPG,4043947,https://dataverse.harvard.edu/api/access/datafile/4043947
doi:10.7910/DVN/H7TWMJ,A12_21185.JPG,4043948,https://dataverse.harvard.edu/api/access/datafile/4043948
doi:10.7910/DVN/SDE0JA,A12_21186.JPG,4043949,https://dataverse.harvard.edu/api/access/datafile/4043949
doi:10.7910/DVN/QNKOFV,A12_21187.JPG,4043950,https://dataverse.harvard.edu/api/access/datafile/4043950
doi:10.7910/DVN/DOHMY5,A12_21188.JPG,4043951,https://dataverse.harvard.edu/api/access/datafile/4043951
doi:10.7910/DVN/SYV04M,A12_21189.JPG,4043952,https://dataverse.harvard.edu/api/access/datafile/4043952
doi:10.7910/DVN/IKTHNG,A12_21190.JPG,4043953,https://dataverse.harvard.edu/api/access/datafile/4043953
doi:10.7910/DVN/MRSS8A,A12_21191.JPG,4043954,https://dataverse.harvard.edu/api/access/datafile/4043954
doi:10.7910/DVN/BI0CDY,A12_21192.JPG,4043955,https://dataverse.harvard.edu/api/access/datafile/4043955
doi:10.7910/DVN/9FBO5M,A12_21193.JPG,4043956,https://dataverse.harvard.edu/api/access/datafile/4043956
doi:10.7910/DVN/C23RO8,A12_21194.JPG,4043957,https://dataverse.harvard.edu/api/access/datafile/4043957
doi:10.7910/DVN/LMH220,A12_21195.JPG,4043958,https://dataverse.harvard.edu/api/access/datafile/4043958
doi:10.7910/DVN/XUPWX1,A12_21196.JPG,4043959,https://dataverse.harvard.edu/api/access/datafile/4043959
doi:10.7910/DVN/ZJWUGO,A12_21197.JPG,4043960,https://dataverse.harvard.edu/api/access/datafile/4043960
doi:10.7910/DVN/BDT5TQ,A12_21198.JPG,4043961,https://dataverse.harvard.edu/api/access/datafile/4043961
doi:10.7910/DVN/7ORJ5X,A12_21200.JPG,4043962,https://dataverse.harvard.edu/api/access/datafile/4043962
doi:10.7910/DVN/VWNPBA,A12_21201.JPG,4043963,https://dataverse.harvard.edu/api/access/datafile/4043963
doi:10.7910/DVN/IDMPWY,A12_21202.JPG,4043964,https://dataverse.harvard.edu/api/access/datafile/4043964
doi:10.7910/DVN/0E0E0I,A12_21203.JPG,4043965,https://dataverse.harvard.edu/api/access/datafile/4043965
doi:10.7910/DVN/OWDDDR,A12_21204.JPG,4043966,https://dataverse.harvard.edu/api/access/datafile/4043966
doi:10.7910/DVN/AMPR5U,A12_21205.JPG,4043967,https://dataverse.harvard.edu/api/access/datafile/4043967
doi:10.7910/DVN/CACYOC,A12_21206.JPG,4043968,https://dataverse.harvard.edu/api/access/datafile/4043968
doi:10.7910/DVN/FVNJ4D,A12_21207.JPG,4043969,https://dataverse.harvard.edu/api/access/datafile/4043969
doi:10.7910/DVN/8VKM37,A12_21208.JPG,4043970,https://dataverse.harvard.edu/api/access/datafile/4043970
doi:10.7910/DVN/ZJKKLQ,A12_21209.JPG,4043971,https://dataverse.harvard.edu/api/access/datafile/4043971
doi:10.7910/DVN/CMSMQJ,A12_21210.JPG,4043972,https://dataverse.harvard.edu/api/access/datafile/4043972
doi:10.7910/DVN/2MRCYV,A12_21211.JPG,4043973,https://dataverse.harvard.edu/api/access/datafile/4043973
doi:10.7910/DVN/33VBFM,A12_21212.JPG,4043974,https://dataverse.harvard.edu/api/access/datafile/4043974
doi:10.7910/DVN/6RNZDB,A12_21213.JPG,4043975,https://dataverse.harvard.edu/api/access/datafile/4043975
doi:10.7910/DVN/VKWKHM,A12_21214.JPG,4043976,https://dataverse.harvard.edu/api/access/datafile/4043976
doi:10.7910/DVN/EF9SIA,A12_21215.JPG,4043977,https://dataverse.harvard.edu/api/access/datafile/4043977
doi:10.7910/DVN/GDXMQZ,A12_21216.JPG,4043978,https://dataverse.harvard.edu/api/access/datafile/4043978
doi:10.7910/DVN/7KCGVZ,A12_21217.JPG,4043979,https://dataverse.harvard.edu/api/access/datafile/4043979
doi:10.7910/DVN/4Y4MYF,A12_21218.JPG,4043980,https://dataverse.harvard.edu/api/access/datafile/4043980
doi:10.7910/DVN/8QO2W2,A12_21219.JPG,4043981,https://dataverse.harvard.edu/api/access/datafile/4043981
doi:10.7910/DVN/GKJDNZ,A12_21220.JPG,4043982,https://dataverse.harvard.edu/api/access/datafile/4043982
doi:10.7910/DVN/KUK6HG,A12_21221.JPG,4043983,https://dataverse.harvard.edu/api/access/datafile/4043983
doi:10.7910/DVN/JMWYZY,A12_21222.JPG,4043984,https://dataverse.harvard.edu/api/access/datafile/4043984
doi:10.7910/DVN/RLJWG5,A12_21223.JPG,4043985,https://dataverse.harvard.edu/api/access/datafile/4043985
doi:10.7910/DVN/O7ZRMR,A12_21224.JPG,4043986,https://dataverse.harvard.edu/api/access/datafile/4043986
doi:10.7910/DVN/PMEW7W,A12_21225.JPG,4043987,https://dataverse.harvard.edu/api/access/datafile/4043987
doi:10.7910/DVN/XSN03H,A12_21226.JPG,4043988,https://dataverse.harvard.edu/api/access/datafile/4043988
doi:10.7910/DVN/2UOICE,A12_21227.JPG,4043989,https://dataverse.harvard.edu/api/access/datafile/4043989
doi:10.7910/DVN/FKNI0W,A12_21228.JPG,4043990,https://dataverse.harvard.edu/api/access/datafile/4043990
doi:10.7910/DVN/SZMYY2,A12_21229.JPG,4043991,https://dataverse.harvard.edu/api/access/datafile/4043991
doi:10.7910/DVN/IJ4JRJ,A12_21230.JPG,4043992,https://dataverse.harvard.edu/api/access/datafile/4043992
doi:10.7910/DVN/UDUGUN,A12_21231.JPG,4043993,https://dataverse.harvard.edu/api/access/datafile/4043993
doi:10.7910/DVN/PVROPL,A12_21232.JPG,4043994,https://dataverse.harvard.edu/api/access/datafile/4043994
doi:10.7910/DVN/NQYPB1,A12_21233.JPG,4043995,https://dataverse.harvard.edu/api/access/datafile/4043995
doi:10.7910/DVN/ABWLXN,A12_21234.JPG,4043996,https://dataverse.harvard.edu/api/access/datafile/4043996
doi:10.7910/DVN/0NFZCD,A12_21235.JPG,4043997,https://dataverse.harvard.edu/api/access/datafile/4043997
doi:10.7910/DVN/YDPN1Z,A12_21236.JPG,4043998,https://dataverse.harvard.edu/api/access/datafile/4043998
doi:10.7910/DVN/FRWJDK,A12_21237.JPG,4043999,https://dataverse.harvard.edu/api/access/datafile/4043999
doi:10.7910/DVN/SCKHED,A12_21238.JPG,4044000,https://dataverse.harvard.edu/api/access/datafile/4044000
doi:10.7910/DVN/EVE3YK,A12_21239.JPG,4044001,https://dataverse.harvard.edu/api/access/datafile/4044001
doi:10.7910/DVN/1ZG5UE,A12_21240.JPG,4044002,https://dataverse.harvard.edu/api/access/datafile/4044002
doi:10.7910/DVN/ZKOMOK,A12_21241.JPG,4044003,https://dataverse.harvard.edu/api/access/datafile/4044003
doi:10.7910/DVN/WQL4BA,A12_21242.JPG,4044004,https://dataverse.harvard.edu/api/access/datafile/4044004
doi:10.7910/DVN/VUX0LI,A12_21243.JPG,4044005,https://dataverse.harvard.edu/api/access/datafile/4044005
doi:10.7910/DVN/UFBQIR,A12_21244.JPG,4044006,https://dataverse.harvard.edu/api/access/datafile/4044006
doi:10.7910/DVN/K7I9UQ,A12_21245.JPG,4044007,https://dataverse.harvard.edu/api/access/datafile/4044007
doi:10.7910/DVN/DM3F0T,A12_21246.JPG,4044008,https://dataverse.harvard.edu/api/access/datafile/4044008
doi:10.7910/DVN/KGNV4S,A12_21247.JPG,4044009,https://dataverse.harvard.edu/api/access/datafile/4044009
doi:10.7910/DVN/E9YLUX,A12_21248.JPG,4044010,https://dataverse.harvard.edu/api/access/datafile/4044010
doi:10.7910/DVN/XUA15D,A12_21249.JPG,4044011,https://dataverse.harvard.edu/api/access/datafile/4044011
doi:10.7910/DVN/RWY4VF,A12_21250.JPG,4044012,https://dataverse.harvard.edu/api/access/datafile/4044012
doi:10.7910/DVN/EZJGT4,A12_21251.JPG,4044013,https://dataverse.harvard.edu/api/access/datafile/4044013
doi:10.7910/DVN/PNHEPT,A12_21252.JPG,4044014,https://dataverse.harvard.edu/api/access/datafile/4044014
doi:10.7910/DVN/ACJNWL,A12_21253.JPG,4044015,https://dataverse.harvard.edu/api/access/datafile/4044015
doi:10.7910/DVN/OSXKJP,A12_21254.JPG,4044016,https://dataverse.harvard.edu/api/access/datafile/4044016
doi:10.7910/DVN/WNY0UT,A12_21255.JPG,4044017,https://dataverse.harvard.edu/api/access/datafile/4044017
doi:10.7910/DVN/QPUTJL,A12_21256.JPG,4044018,https://dataverse.harvard.edu/api/access/datafile/4044018
doi:10.7910/DVN/AAQBFD,A12_21257.JPG,4044019,https://dataverse.harvard.edu/api/access/datafile/4044019
doi:10.7910/DVN/2YYXZ8,A12_21258.JPG,4044020,https://dataverse.harvard.edu/api/access/datafile/4044020
doi:10.7910/DVN/HWJL3V,A12_21259.JPG,4044021,https://dataverse.harvard.edu/api/access/datafile/4044021
doi:10.7910/DVN/KTHHC7,A12_21260.JPG,4044022,https://dataverse.harvard.edu/api/access/datafile/4044022
doi:10.7910/DVN/12INFV,A12_21261.JPG,4044023,https://dataverse.harvard.edu/api/access/datafile/4044023
doi:10.7910/DVN/DVRDST,A12_21262.JPG,4044024,https://dataverse.harvard.edu/api/access/datafile/4044024
doi:10.7910/DVN/KP1YZI,A12_21263.JPG,4044025,https://dataverse.harvard.edu/api/access/datafile/4044025
doi:10.7910/DVN/ZFKO9G,A12_21264.JPG,4044026,https://dataverse.harvard.edu/api/access/datafile/4044026
doi:10.7910/DVN/RNCRCR,A12_21265.JPG,4044027,https://dataverse.harvard.edu/api/access/datafile/4044027
doi:10.7910/DVN/EOTIMX,A12_21266.JPG,4044028,https://dataverse.harvard.edu/api/access/datafile/4044028
doi:10.7910/DVN/UCWZD6,A12_21267.JPG,4044029,https://dataverse.harvard.edu/api/access/datafile/4044029
doi:10.7910/DVN/WOEN3X,A12_21268.JPG,4044030,https://dataverse.harvard.edu/api/access/datafile/4044030
doi:10.7910/DVN/NM0LUS,A12_21269.JPG,4044031,https://dataverse.harvard.edu/api/access/datafile/4044031
doi:10.7910/DVN/5TBXV2,A12_21270.JPG,4044032,https://dataverse.harvard.edu/api/access/datafile/4044032
doi:10.7910/DVN/ZK8GMJ,A12_21271.JPG,4044033,https://dataverse.harvard.edu/api/access/datafile/4044033
doi:10.7910/DVN/JBVCI8,A12_21272.JPG,4044034,https://dataverse.harvard.edu/api/access/datafile/4044034
doi:10.7910/DVN/0OADUR,A12_21273.JPG,4044035,https://dataverse.harvard.edu/api/access/datafile/4044035
doi:10.7910/DVN/CM3UCW,A12_21274.JPG,4044036,https://dataverse.harvard.edu/api/access/datafile/4044036
doi:10.7910/DVN/PICCJM,A12_21275.JPG,4044037,https://dataverse.harvard.edu/api/access/datafile/4044037
doi:10.7910/DVN/RXNYJA,A12_21276.JPG,4044038,https://dataverse.harvard.edu/api/access/datafile/4044038
doi:10.7910/DVN/VNZZPX,A12_21277.JPG,4044039,https://dataverse.harvard.edu/api/access/datafile/4044039
doi:10.7910/DVN/BNM5DS,A12_21278.JPG,4044040,https://dataverse.harvard.edu/api/access/datafile/4044040
doi:10.7910/DVN/OCCM9H,A12_21279.JPG,4044041,https://dataverse.harvard.edu/api/access/datafile/4044041
doi:10.7910/DVN/MGIN0P,A12_21280.JPG,4044042,https://dataverse.harvard.edu/api/access/datafile/4044042
doi:10.7910/DVN/Z0LDER,A12_21281.JPG,4044043,https://dataverse.harvard.edu/api/access/datafile/4044043
doi:10.7910/DVN/MZ3A2K,A12_21282.JPG,4044044,https://dataverse.harvard.edu/api/access/datafile/4044044
doi:10.7910/DVN/YLTIFE,A12_21283.JPG,4044045,https://dataverse.harvard.edu/api/access/datafile/4044045
doi:10.7910/DVN/BMEAWA,A12_21284.JPG,4044046,https://dataverse.harvard.edu/api/access/datafile/4044046
doi:10.7910/DVN/IWUGIJ,A12_21285.JPG,4044047,https://dataverse.harvard.edu/api/access/datafile/4044047
doi:10.7910/DVN/KU5EMF,A12_21286.JPG,4044048,https://dataverse.harvard.edu/api/access/datafile/4044048
doi:10.7910/DVN/WV0SGJ,A12_21287.JPG,4044049,https://dataverse.harvard.edu/api/access/datafile/4044049
doi:10.7910/DVN/OT2BXD,A12_21288.JPG,4044050,https://dataverse.harvard.edu/api/access/datafile/4044050
doi:10.7910/DVN/ZGL0QX,A12_21289.JPG,4044051,https://dataverse.harvard.edu/api/access/datafile/4044051
doi:10.7910/DVN/H75SPL,A12_21290.JPG,4044052,https://dataverse.harvard.edu/api/access/datafile/4044052
doi:10.7910/DVN/KC9GL7,A12_21291.JPG,4044053,https://dataverse.harvard.edu/api/access/datafile/4044053
doi:10.7910/DVN/ZCFNNC,A12_21292.JPG,4044054,https://dataverse.harvard.edu/api/access/datafile/4044054
doi:10.7910/DVN/SBUDU8,A12_21293.JPG,4044055,https://dataverse.harvard.edu/api/access/datafile/4044055
doi:10.7910/DVN/6VYTPF,A12_21294.JPG,4044056,https://dataverse.harvard.edu/api/access/datafile/4044056
doi:10.7910/DVN/0QEAOI,A12_21295.JPG,4044057,https://dataverse.harvard.edu/api/access/datafile/4044057
doi:10.7910/DVN/UMTG38,A12_21296.JPG,4044058,https://dataverse.harvard.edu/api/access/datafile/4044058
doi:10.7910/DVN/M6V9FG,A12_21297.JPG,4044059,https://dataverse.harvard.edu/api/access/datafile/4044059
doi:10.7910/DVN/P1J2QN,A12_21298.JPG,4044060,https://dataverse.harvard.edu/api/access/datafile/4044060
doi:10.7910/DVN/XABCO6,A12_21299.JPG,4044061,https://dataverse.harvard.edu/api/access/datafile/4044061
doi:10.7910/DVN/BYM2VN,A12_21300.JPG,4044062,https://dataverse.harvard.edu/api/access/datafile/4044062
doi:10.7910/DVN/OJJGDB,A12_21301.JPG,4044063,https://dataverse.harvard.edu/api/access/datafile/4044063
doi:10.7910/DVN/YUXQES,A12_21302.JPG,4044064,https://dataverse.harvard.edu/api/access/datafile/4044064
doi:10.7910/DVN/HDI3LP,A12_21303.JPG,4044065,https://dataverse.harvard.edu/api/access/datafile/4044065
doi:10.7910/DVN/YNRUQC,A12_21304.JPG,4044066,https://dataverse.harvard.edu/api/access/datafile/4044066
doi:10.7910/DVN/KJGB4R,A12_21305.JPG,4044067,https://dataverse.harvard.edu/api/access/datafile/4044067
doi:10.7910/DVN/1RQXGR,A12_21306.JPG,4044068,https://dataverse.harvard.edu/api/access/datafile/4044068
doi:10.7910/DVN/X7B53O,A12_21307.JPG,4044069,https://dataverse.harvard.edu/api/access/datafile/4044069
doi:10.7910/DVN/D8BYWD,A12_21308.JPG,4044070,https://dataverse.harvard.edu/api/access/datafile/4044070
doi:10.7910/DVN/3IJH2O,A12_21309.JPG,4044071,https://dataverse.harvard.edu/api/access/datafile/4044071
doi:10.7910/DVN/NIUXOD,A12_21310.JPG,4044072,https://dataverse.harvard.edu/api/access/datafile/4044072
doi:10.7910/DVN/BTWZPX,A12_21311.JPG,4044073,https://dataverse.harvard.edu/api/access/datafile/4044073
doi:10.7910/DVN/EFE57P,A12_21312.JPG,4044074,https://dataverse.harvard.edu/api/access/datafile/4044074
doi:10.7910/DVN/YPQLKY,A12_21313.JPG,4044075,https://dataverse.harvard.edu/api/access/datafile/4044075
doi:10.7910/DVN/U7XCX0,A12_21314.JPG,4044076,https://dataverse.harvard.edu/api/access/datafile/4044076
doi:10.7910/DVN/ORBVQ5,A12_21315.JPG,4044077,https://dataverse.harvard.edu/api/access/datafile/4044077
doi:10.7910/DVN/XJB9WC,A12_21316.JPG,4044078,https://dataverse.harvard.edu/api/access/datafile/4044078
doi:10.7910/DVN/M4W4D3,A12_21317.JPG,4044079,https://dataverse.harvard.edu/api/access/datafile/4044079
doi:10.7910/DVN/TOK4QS,A12_21318.JPG,4044080,https://dataverse.harvard.edu/api/access/datafile/4044080
doi:10.7910/DVN/QTVS0R,A12_21319.JPG,4044081,https://dataverse.harvard.edu/api/access/datafile/4044081
doi:10.7910/DVN/JCU2MD,A12_21320.JPG,4044082,https://dataverse.harvard.edu/api/access/datafile/4044082
doi:10.7910/DVN/NLQDYU,A12_21321.JPG,4044083,https://dataverse.harvard.edu/api/access/datafile/4044083
doi:10.7910/DVN/VC0O1N,A12_21322.JPG,4044084,https://dataverse.harvard.edu/api/access/datafile/4044084
doi:10.7910/DVN/TXHWCW,A12_21323.JPG,4044085,https://dataverse.harvard.edu/api/access/datafile/4044085
doi:10.7910/DVN/LDGYV5,A12_21324.JPG,4044086,https://dataverse.harvard.edu/api/access/datafile/4044086
doi:10.7910/DVN/VEYNVE,A12_21325.JPG,4044087,https://dataverse.harvard.edu/api/access/datafile/4044087
doi:10.7910/DVN/RA9IDS,A12_21326.JPG,4044088,https://dataverse.harvard.edu/api/access/datafile/4044088
doi:10.7910/DVN/GXNDYB,A12_21327.JPG,4044089,https://dataverse.harvard.edu/api/access/datafile/4044089
doi:10.7910/DVN/QW3JSD,A12_21328.JPG,4044090,https://dataverse.harvard.edu/api/access/datafile/4044090
doi:10.7910/DVN/TZJMLE,A12_21329.JPG,4044091,https://dataverse.harvard.edu/api/access/datafile/4044091
doi:10.7910/DVN/QWKT16,A12_21330.JPG,4044092,https://dataverse.harvard.edu/api/access/datafile/4044092
doi:10.7910/DVN/FPR1GK,A12_21331.JPG,4044093,https://dataverse.harvard.edu/api/access/datafile/4044093
doi:10.7910/DVN/S7COFT,A12_21332.JPG,4044094,https://dataverse.harvard.edu/api/access/datafile/4044094
doi:10.7910/DVN/RCZI9H,A12_21333.JPG,4044095,https://dataverse.harvard.edu/api/access/datafile/4044095
doi:10.7910/DVN/LBUIPQ,A12_21334.JPG,4044096,https://dataverse.harvard.edu/api/access/datafile/4044096
doi:10.7910/DVN/FG4Z06,A12_21335.JPG,4044097,https://dataverse.harvard.edu/api/access/datafile/4044097
doi:10.7910/DVN/XSYXMI,A12_21336.JPG,4044098,https://dataverse.harvard.edu/api/access/datafile/4044098
doi:10.7910/DVN/HBU1WL,A12_21337.JPG,4044099,https://dataverse.harvard.edu/api/access/datafile/4044099
doi:10.7910/DVN/WX5885,A12_21338.JPG,4044100,https://dataverse.harvard.edu/api/access/datafile/4044100
doi:10.7910/DVN/ILQZPR,A12_21339.JPG,4044101,https://dataverse.harvard.edu/api/access/datafile/4044101
doi:10.7910/DVN/NPAEB4,A12_21340.JPG,4044102,https://dataverse.harvard.edu/api/access/datafile/4044102
doi:10.7910/DVN/GWZPND,A12_21341.JPG,4044103,https://dataverse.harvard.edu/api/access/datafile/4044103
doi:10.7910/DVN/KFLCYN,A12_21342.JPG,4044104,https://dataverse.harvard.edu/api/access/datafile/4044104
doi:10.7910/DVN/0MUV9I,A12_21343.JPG,4044105,https://dataverse.harvard.edu/api/access/datafile/4044105
doi:10.7910/DVN/DGWCP6,A12_21344.JPG,4044106,https://dataverse.harvard.edu/api/access/datafile/4044106
doi:10.7910/DVN/R82E9X,A12_21345.JPG,4044107,https://dataverse.harvard.edu/api/access/datafile/4044107
doi:10.7910/DVN/6PBZVQ,A12_21346.JPG,4044108,https://dataverse.harvard.edu/api/access/datafile/4044108
doi:10.7910/DVN/5NZ3LJ,A12_21347.JPG,4044109,https://dataverse.harvard.edu/api/access/datafile/4044109
doi:10.7910/DVN/I9P8AE,A12_21348.JPG,4044110,https://dataverse.harvard.edu/api/access/datafile/4044110
doi:10.7910/DVN/VLEVMY,A12_21349.JPG,4044111,https://dataverse.harvard.edu/api/access/datafile/4044111
doi:10.7910/DVN/BBDK58,A12_21350.JPG,4044112,https://dataverse.harvard.edu/api/access/datafile/4044112
doi:10.7910/DVN/9CADYW,A12_21351.JPG,4044113,https://dataverse.harvard.edu/api/access/datafile/4044113
doi:10.7910/DVN/YSSQKX,A12_21352.JPG,4044114,https://dataverse.harvard.edu/api/access/datafile/4044114
doi:10.7910/DVN/2LUDMK,A12_21353.JPG,4044115,https://dataverse.harvard.edu/api/access/datafile/4044115
doi:10.7910/DVN/TUGXYR,A12_21354.JPG,4044116,https://dataverse.harvard.edu/api/access/datafile/4044116
doi:10.7910/DVN/3KTXBC,A12_21355.JPG,4044117,https://dataverse.harvard.edu/api/access/datafile/4044117
doi:10.7910/DVN/3GHUE1,A12_21356.JPG,4044118,https://dataverse.harvard.edu/api/access/datafile/4044118
doi:10.7910/DVN/WJAUZB,A12_21357.JPG,4044119,https://dataverse.harvard.edu/api/access/datafile/4044119
doi:10.7910/DVN/QDN4NO,A12_21358.JPG,4044120,https://dataverse.harvard.edu/api/access/datafile/4044120
doi:10.7910/DVN/WHAJFW,A12_21359.JPG,4044121,https://dataverse.harvard.edu/api/access/datafile/4044121
doi:10.7910/DVN/DJ4NFC,A12_21360.JPG,4044122,https://dataverse.harvard.edu/api/access/datafile/4044122
doi:10.7910/DVN/JMS8DJ,A12_21361.JPG,4044123,https://dataverse.harvard.edu/api/access/datafile/4044123
doi:10.7910/DVN/ZNVDB8,A12_21362.JPG,4044124,https://dataverse.harvard.edu/api/access/datafile/4044124
doi:10.7910/DVN/5AXZP0,A12_21363.JPG,4044125,https://dataverse.harvard.edu/api/access/datafile/4044125
doi:10.7910/DVN/7CBCID,A12_21364.JPG,4044126,https://dataverse.harvard.edu/api/access/datafile/4044126
doi:10.7910/DVN/RW4KTP,A12_21365.JPG,4044127,https://dataverse.harvard.edu/api/access/datafile/4044127
doi:10.7910/DVN/DUSRGK,A12_21366.JPG,4044128,https://dataverse.harvard.edu/api/access/datafile/4044128
doi:10.7910/DVN/PMP4DG,A12_21367.JPG,4044129,https://dataverse.harvard.edu/api/access/datafile/4044129
doi:10.7910/DVN/HV7VZK,A12_21368.JPG,4044130,https://dataverse.harvard.edu/api/access/datafile/4044130
doi:10.7910/DVN/TIGSWT,A12_21369.JPG,4044131,https://dataverse.harvard.edu/api/access/datafile/4044131
doi:10.7910/DVN/94HIVR,A12_21370.JPG,4044132,https://dataverse.harvard.edu/api/access/datafile/4044132
doi:10.7910/DVN/FWVZ8X,A12_21371.JPG,4044133,https://dataverse.harvard.edu/api/access/datafile/4044133
doi:10.7910/DVN/9E6PJR,A12_21372.JPG,4044134,https://dataverse.harvard.edu/api/access/datafile/4044134
doi:10.7910/DVN/RT8ZSW,A12_21373.JPG,4044135,https://dataverse.harvard.edu/api/access/datafile/4044135
doi:10.7910/DVN/SFBLRF,A12_21374.JPG,4044136,https://dataverse.harvard.edu/api/access/datafile/4044136
doi:10.7910/DVN/WWJMHP,A12_21375.JPG,4044137,https://dataverse.harvard.edu/api/access/datafile/4044137
doi:10.7910/DVN/4QWK0P,A12_21376.JPG,4044138,https://dataverse.harvard.edu/api/access/datafile/4044138
doi:10.7910/DVN/TFWNOH,A12_21377.JPG,4044139,https://dataverse.harvard.edu/api/access/datafile/4044139
doi:10.7910/DVN/L8X8NV,A12_21378.JPG,4044140,https://dataverse.harvard.edu/api/access/datafile/4044140
doi:10.7910/DVN/JIFOIY,A12_21379.JPG,4044141,https://dataverse.harvard.edu/api/access/datafile/4044141
doi:10.7910/DVN/JF3QQJ,A12_21380.JPG,4044142,https://dataverse.harvard.edu/api/access/datafile/4044142
doi:10.7910/DVN/G3RUT6,A12_21381.JPG,4044143,https://dataverse.harvard.edu/api/access/datafile/4044143
doi:10.7910/DVN/BCAOAS,A12_21382.JPG,4044144,https://dataverse.harvard.edu/api/access/datafile/4044144
doi:10.7910/DVN/QK3M3D,A12_21383.JPG,4044145,https://dataverse.harvard.edu/api/access/datafile/4044145
doi:10.7910/DVN/MTGYNW,A12_21384.JPG,4044146,https://dataverse.harvard.edu/api/access/datafile/4044146
doi:10.7910/DVN/I31L2W,A12_21385.JPG,4044147,https://dataverse.harvard.edu/api/access/datafile/4044147
doi:10.7910/DVN/HOIDS4,A12_21386.JPG,4044148,https://dataverse.harvard.edu/api/access/datafile/4044148
doi:10.7910/DVN/I5A7G7,A12_21387.JPG,4044149,https://dataverse.harvard.edu/api/access/datafile/4044149
doi:10.7910/DVN/KAHVMY,A12_21388.JPG,4044150,https://dataverse.harvard.edu/api/access/datafile/4044150
doi:10.7910/DVN/7GJUEY,A12_21389.JPG,4044151,https://dataverse.harvard.edu/api/access/datafile/4044151
doi:10.7910/DVN/RNKM1Y,A12_21390.JPG,4044152,https://dataverse.harvard.edu/api/access/datafile/4044152
doi:10.7910/DVN/FJNGNY,A12_21391.JPG,4044153,https://dataverse.harvard.edu/api/access/datafile/4044153
doi:10.7910/DVN/1CYP5S,A12_21392.JPG,4044154,https://dataverse.harvard.edu/api/access/datafile/4044154
doi:10.7910/DVN/KK6W8S,A12_21393.JPG,4044155,https://dataverse.harvard.edu/api/access/datafile/4044155
doi:10.7910/DVN/RJCZI7,A12_21394.JPG,4044156,https://dataverse.harvard.edu/api/access/datafile/4044156
doi:10.7910/DVN/3EDTBH,A12_21395.JPG,4044157,https://dataverse.harvard.edu/api/access/datafile/4044157
doi:10.7910/DVN/CLVYAM,A12_21396.JPG,4044158,https://dataverse.harvard.edu/api/access/datafile/4044158
doi:10.7910/DVN/2Z9OPZ,A12_21397.JPG,4044159,https://dataverse.harvard.edu/api/access/datafile/4044159
doi:10.7910/DVN/ANXH8U,A12_21398.JPG,4044160,https://dataverse.harvard.edu/api/access/datafile/4044160
doi:10.7910/DVN/JCVAXP,A12_21399.JPG,4044161,https://dataverse.harvard.edu/api/access/datafile/4044161
doi:10.7910/DVN/LWKUWK,A12_21400.JPG,4044162,https://dataverse.harvard.edu/api/access/datafile/4044162
doi:10.7910/DVN/GKEXLR,A12_21401.JPG,4044163,https://dataverse.harvard.edu/api/access/datafile/4044163
doi:10.7910/DVN/RU9TVT,A12_21402.JPG,4044164,https://dataverse.harvard.edu/api/access/datafile/4044164
doi:10.7910/DVN/GGRO8T,A12_21403.JPG,4044165,https://dataverse.harvard.edu/api/access/datafile/4044165
doi:10.7910/DVN/ENUNHE,A12_21404.JPG,4044166,https://dataverse.harvard.edu/api/access/datafile/4044166
doi:10.7910/DVN/G878VK,A12_21405.JPG,4044167,https://dataverse.harvard.edu/api/access/datafile/4044167
doi:10.7910/DVN/3ZTKRC,A12_21406.JPG,4044168,https://dataverse.harvard.edu/api/access/datafile/4044168
doi:10.7910/DVN/WCUHFG,A12_21407.JPG,4044169,https://dataverse.harvard.edu/api/access/datafile/4044169
doi:10.7910/DVN/Y4AEVE,A12_21408.JPG,4044170,https://dataverse.harvard.edu/api/access/datafile/4044170
doi:10.7910/DVN/WGY97W,A12_21409.JPG,4044171,https://dataverse.harvard.edu/api/access/datafile/4044171
doi:10.7910/DVN/LIUST7,A12_21410.JPG,4044172,https://dataverse.harvard.edu/api/access/datafile/4044172
doi:10.7910/DVN/ELJOCA,A12_21411.JPG,4044173,https://dataverse.harvard.edu/api/access/datafile/4044173
doi:10.7910/DVN/PD5KST,A12_21412.JPG,4044174,https://dataverse.harvard.edu/api/access/datafile/4044174
doi:10.7910/DVN/XTRCOD,A12_21413.JPG,4044175,https://dataverse.harvard.edu/api/access/datafile/4044175
doi:10.7910/DVN/ZZWWXB,A12_21414.JPG,4044176,https://dataverse.harvard.edu/api/access/datafile/4044176
doi:10.7910/DVN/K6WADZ,A12_21415.JPG,4044177,https://dataverse.harvard.edu/api/access/datafile/4044177
doi:10.7910/DVN/ZYV8DI,A12_21416.JPG,4044178,https://dataverse.harvard.edu/api/access/datafile/4044178
doi:10.7910/DVN/BOFDGV,A12_21417.JPG,4044179,https://dataverse.harvard.edu/api/access/datafile/4044179
doi:10.7910/DVN/TOY1SA,A12_21418.JPG,4044180,https://dataverse.harvard.edu/api/access/datafile/4044180
doi:10.7910/DVN/PZRRUW,A12_21419.JPG,4044181,https://dataverse.harvard.edu/api/access/datafile/4044181
doi:10.7910/DVN/0IUR8Z,A12_21420.JPG,4044182,https://dataverse.harvard.edu/api/access/datafile/4044182
doi:10.7910/DVN/LSRRTE,A12_21421.JPG,4044183,https://dataverse.harvard.edu/api/access/datafile/4044183
doi:10.7910/DVN/QCNRF7,A12_21422.JPG,4044184,https://dataverse.harvard.edu/api/access/datafile/4044184
doi:10.7910/DVN/TGVXPA,A12_21423.JPG,4044185,https://dataverse.harvard.edu/api/access/datafile/4044185
doi:10.7910/DVN/AEUAWW,A12_21424.JPG,4044186,https://dataverse.harvard.edu/api/access/datafile/4044186
doi:10.7910/DVN/HHJHLN,A12_21425.JPG,4044187,https://dataverse.harvard.edu/api/access/datafile/4044187
doi:10.7910/DVN/N9SSCT,A12_21426.JPG,4044188,https://dataverse.harvard.edu/api/access/datafile/4044188
doi:10.7910/DVN/F7SLK3,A12_21427.JPG,4044189,https://dataverse.harvard.edu/api/access/datafile/4044189
doi:10.7910/DVN/5MQUEC,A12_21428.JPG,4044190,https://dataverse.harvard.edu/api/access/datafile/4044190
doi:10.7910/DVN/FYSZ3F,A12_21429.JPG,4044191,https://dataverse.harvard.edu/api/access/datafile/4044191
doi:10.7910/DVN/GABUOW,A12_21430.JPG,4044192,https://dataverse.harvard.edu/api/access/datafile/4044192
doi:10.7910/DVN/RWYNHA,A12_21431.JPG,4044193,https://dataverse.harvard.edu/api/access/datafile/4044193
doi:10.7910/DVN/I5LLAI,A12_21432.JPG,4044194,https://dataverse.harvard.edu/api/access/datafile/4044194
doi:10.7910/DVN/Z4VCKB,A12_21433.JPG,4044195,https://dataverse.harvard.edu/api/access/datafile/4044195
doi:10.7910/DVN/GVAOML,A12_21434.JPG,4044196,https://dataverse.harvard.edu/api/access/datafile/4044196
doi:10.7910/DVN/KB3WER,A12_21435.JPG,4044197,https://dataverse.harvard.edu/api/access/datafile/4044197
doi:10.7910/DVN/XQ4OYI,A12_21436.JPG,4044198,https://dataverse.harvard.edu/api/access/datafile/4044198
doi:10.7910/DVN/OZWMXY,A12_21437.JPG,4044199,https://dataverse.harvard.edu/api/access/datafile/4044199
doi:10.7910/DVN/M6ASND,A12_21438.JPG,4044200,https://dataverse.harvard.edu/api/access/datafile/4044200
doi:10.7910/DVN/GWR9P8,A12_21439.JPG,4044201,https://dataverse.harvard.edu/api/access/datafile/4044201
doi:10.7910/DVN/EF0OPR,A12_21440.JPG,4044202,https://dataverse.harvard.edu/api/access/datafile/4044202
doi:10.7910/DVN/MNG8E5,A12_21441.JPG,4044203,https://dataverse.harvard.edu/api/access/datafile/4044203
doi:10.7910/DVN/UK1LZK,A12_21442.JPG,4044204,https://dataverse.harvard.edu/api/access/datafile/4044204
doi:10.7910/DVN/MBZ9OX,A12_21443.JPG,4044205,https://dataverse.harvard.edu/api/access/datafile/4044205
doi:10.7910/DVN/HOUHCL,A12_21444.JPG,4044206,https://dataverse.harvard.edu/api/access/datafile/4044206
doi:10.7910/DVN/HZZWSQ,A12_21445.JPG,4044207,https://dataverse.harvard.edu/api/access/datafile/4044207
doi:10.7910/DVN/3MM0X3,A12_21446.JPG,4044208,https://dataverse.harvard.edu/api/access/datafile/4044208
doi:10.7910/DVN/MHUGOK,A12_21447.JPG,4044209,https://dataverse.harvard.edu/api/access/datafile/4044209
doi:10.7910/DVN/HEIXNX,A12_21448.JPG,4044210,https://dataverse.harvard.edu/api/access/datafile/4044210
doi:10.7910/DVN/ZGXIP0,A12_21449.JPG,4044211,https://dataverse.harvard.edu/api/access/datafile/4044211
doi:10.7910/DVN/YF238C,A12_21450.JPG,4044212,https://dataverse.harvard.edu/api/access/datafile/4044212
doi:10.7910/DVN/PZE81X,A12_21451.JPG,4044213,https://dataverse.harvard.edu/api/access/datafile/4044213
doi:10.7910/DVN/8YGLVN,A12_21452.JPG,4044214,https://dataverse.harvard.edu/api/access/datafile/4044214
doi:10.7910/DVN/UXYKFI,A12_21453.JPG,4044215,https://dataverse.harvard.edu/api/access/datafile/4044215
doi:10.7910/DVN/0N9JVV,A12_21454.JPG,4044216,https://dataverse.harvard.edu/api/access/datafile/4044216
doi:10.7910/DVN/Z1OM8K,A12_21455.JPG,4044217,https://dataverse.harvard.edu/api/access/datafile/4044217
doi:10.7910/DVN/MUNVMG,A12_21456.JPG,4044218,https://dataverse.harvard.edu/api/access/datafile/4044218
doi:10.7910/DVN/UUBF6C,A12_21457.JPG,4044219,https://dataverse.harvard.edu/api/access/datafile/4044219
doi:10.7910/DVN/XSXSOZ,A12_21458.JPG,4044220,https://dataverse.harvard.edu/api/access/datafile/4044220
doi:10.7910/DVN/F6EDKJ,A12_21459.JPG,4044221,https://dataverse.harvard.edu/api/access/datafile/4044221
doi:10.7910/DVN/NLXLCE,A12_21460.JPG,4044222,https://dataverse.harvard.edu/api/access/datafile/4044222
doi:10.7910/DVN/OZBQEX,A12_21461.JPG,4044223,https://dataverse.harvard.edu/api/access/datafile/4044223
doi:10.7910/DVN/EP0XDC,A12_21462.JPG,4044224,https://dataverse.harvard.edu/api/access/datafile/4044224
doi:10.7910/DVN/DLAQ9A,A12_21463.JPG,4044225,https://dataverse.harvard.edu/api/access/datafile/4044225
doi:10.7910/DVN/OPGNLI,A12_21464.JPG,4044226,https://dataverse.harvard.edu/api/access/datafile/4044226
doi:10.7910/DVN/5BAH2J,A12_21465.JPG,4044227,https://dataverse.harvard.edu/api/access/datafile/4044227
doi:10.7910/DVN/MXFVXA,A12_21466.JPG,4044228,https://dataverse.harvard.edu/api/access/datafile/4044228
doi:10.7910/DVN/EKGE8Z,A12_21467.JPG,4044229,https://dataverse.harvard.edu/api/access/datafile/4044229
doi:10.7910/DVN/LOMKFJ,A12_21468.JPG,4044230,https://dataverse.harvard.edu/api/access/datafile/4044230
doi:10.7910/DVN/FJJJ9E,A12_21469.JPG,4044231,https://dataverse.harvard.edu/api/access/datafile/4044231
doi:10.7910/DVN/K2NVFP,A12_21470.JPG,4044232,https://dataverse.harvard.edu/api/access/datafile/4044232
doi:10.7910/DVN/4GV3HW,A12_21471.JPG,4044233,https://dataverse.harvard.edu/api/access/datafile/4044233
doi:10.7910/DVN/UHVIYQ,A12_21472.JPG,4044234,https://dataverse.harvard.edu/api/access/datafile/4044234
doi:10.7910/DVN/EK3NQG,A12_21473.JPG,4044235,https://dataverse.harvard.edu/api/access/datafile/4044235
doi:10.7910/DVN/A4ZWID,A12_21474.JPG,4044236,https://dataverse.harvard.edu/api/access/datafile/4044236
doi:10.7910/DVN/VOWBHS,A12_21475.JPG,4044237,https://dataverse.harvard.edu/api/access/datafile/4044237
doi:10.7910/DVN/IULDBL,A12_21476.JPG,4044238,https://dataverse.harvard.edu/api/access/datafile/4044238
doi:10.7910/DVN/DD4YKV,A12_21477.JPG,4044239,https://dataverse.harvard.edu/api/access/datafile/4044239
doi:10.7910/DVN/X8QWUK,A12_21478.JPG,4044240,https://dataverse.harvard.edu/api/access/datafile/4044240
doi:10.7910/DVN/8S6NS0,A12_21479.JPG,4044241,https://dataverse.harvard.edu/api/access/datafile/4044241
doi:10.7910/DVN/KZ3WYH,A12_21480.JPG,4044242,https://dataverse.harvard.edu/api/access/datafile/4044242
doi:10.7910/DVN/XKDR5N,A12_21481.JPG,4044243,https://dataverse.harvard.edu/api/access/datafile/4044243
doi:10.7910/DVN/K3QXJ5,A12_21482.JPG,4044244,https://dataverse.harvard.edu/api/access/datafile/4044244
doi:10.7910/DVN/8IJ2UQ,A12_21483.JPG,4044245,https://dataverse.harvard.edu/api/access/datafile/4044245
doi:10.7910/DVN/GSQZHS,A12_21484.JPG,4044246,https://dataverse.harvard.edu/api/access/datafile/4044246
doi:10.7910/DVN/XSPED6,A12_21485.JPG,4044247,https://dataverse.harvard.edu/api/access/datafile/4044247
doi:10.7910/DVN/IT3T4N,A12_21486.JPG,4044248,https://dataverse.harvard.edu/api/access/datafile/4044248
doi:10.7910/DVN/IIEBYB,A12_21487.JPG,4044249,https://dataverse.harvard.edu/api/access/datafile/4044249
doi:10.7910/DVN/2XEBQL,A12_21488.JPG,4044250,https://dataverse.harvard.edu/api/access/datafile/4044250
doi:10.7910/DVN/9W4WNW,A12_21489.JPG,4044251,https://dataverse.harvard.edu/api/access/datafile/4044251
doi:10.7910/DVN/SS0WEZ,A12_21490.JPG,4044252,https://dataverse.harvard.edu/api/access/datafile/4044252
doi:10.7910/DVN/LG4LFP,A12_21491.JPG,4044253,https://dataverse.harvard.edu/api/access/datafile/4044253
doi:10.7910/DVN/CQNY5S,A12_21492.JPG,4044254,https://dataverse.harvard.edu/api/access/datafile/4044254
doi:10.7910/DVN/X5MYRB,A12_21493.JPG,4044255,https://dataverse.harvard.edu/api/access/datafile/4044255
doi:10.7910/DVN/TAU4W1,A12_21494.JPG,4044256,https://dataverse.harvard.edu/api/access/datafile/4044256
doi:10.7910/DVN/5Z0YCD,A12_21495.JPG,4044257,https://dataverse.harvard.edu/api/access/datafile/4044257
doi:10.7910/DVN/LKAMOM,A12_21496.JPG,4044258,https://dataverse.harvard.edu/api/access/datafile/4044258
doi:10.7910/DVN/RXJ5OU,A12_21497.JPG,4044259,https://dataverse.harvard.edu/api/access/datafile/4044259
doi:10.7910/DVN/ZCB0WH,A12_21498.JPG,4044260,https://dataverse.harvard.edu/api/access/datafile/4044260
doi:10.7910/DVN/AHXIV5,A12_21499.JPG,4044261,https://dataverse.harvard.edu/api/access/datafile/4044261
doi:10.7910/DVN/48IDWW,A12_21500.JPG,4044262,https://dataverse.harvard.edu/api/access/datafile/4044262
doi:10.7910/DVN/FWA29D,A12_21501.JPG,4044263,https://dataverse.harvard.edu/api/access/datafile/4044263
doi:10.7910/DVN/Y2D3SJ,A12_21503.JPG,4044264,https://dataverse.harvard.edu/api/access/datafile/4044264
doi:10.7910/DVN/OUKI2S,A12_21504.JPG,4044265,https://dataverse.harvard.edu/api/access/datafile/4044265
doi:10.7910/DVN/V18A7L,A12_21505.JPG,4044266,https://dataverse.harvard.edu/api/access/datafile/4044266
doi:10.7910/DVN/QM8ZM6,A12_21506.JPG,4044267,https://dataverse.harvard.edu/api/access/datafile/4044267
doi:10.7910/DVN/GNI9BT,A12_21507.JPG,4044268,https://dataverse.harvard.edu/api/access/datafile/4044268
doi:10.7910/DVN/43MOBU,A12_21508.JPG,4044269,https://dataverse.harvard.edu/api/access/datafile/4044269
doi:10.7910/DVN/PZY0GH,A12_21509.JPG,4044270,https://dataverse.harvard.edu/api/access/datafile/4044270
doi:10.7910/DVN/UW9FW3,A12_21510.JPG,4044271,https://dataverse.harvard.edu/api/access/datafile/4044271
doi:10.7910/DVN/JHHRGS,A12_21511.JPG,4044272,https://dataverse.harvard.edu/api/access/datafile/4044272
doi:10.7910/DVN/DYNDSB,A12_21512.JPG,4044273,https://dataverse.harvard.edu/api/access/datafile/4044273
doi:10.7910/DVN/W7TFVC,A12_21513.JPG,4044274,https://dataverse.harvard.edu/api/access/datafile/4044274
doi:10.7910/DVN/YOOQZV,A12_21514.JPG,4044275,https://dataverse.harvard.edu/api/access/datafile/4044275
doi:10.7910/DVN/1SMNSP,A12_21515.JPG,4044276,https://dataverse.harvard.edu/api/access/datafile/4044276
doi:10.7910/DVN/F9S4EI,A12_21516.JPG,4044277,https://dataverse.harvard.edu/api/access/datafile/4044277
doi:10.7910/DVN/2L1M9W,A12_21517.JPG,4044278,https://dataverse.harvard.edu/api/access/datafile/4044278
doi:10.7910/DVN/HHRT2I,A12_21518.JPG,4044279,https://dataverse.harvard.edu/api/access/datafile/4044279
doi:10.7910/DVN/3HLJFE,A12_21519.JPG,4044280,https://dataverse.harvard.edu/api/access/datafile/4044280
doi:10.7910/DVN/ALABHY,A12_21520.JPG,4044281,https://dataverse.harvard.edu/api/access/datafile/4044281
doi:10.7910/DVN/W3ATD9,A12_21521.JPG,4044282,https://dataverse.harvard.edu/api/access/datafile/4044282
doi:10.7910/DVN/RW0QMC,A12_21522.JPG,4044283,https://dataverse.harvard.edu/api/access/datafile/4044283
doi:10.7910/DVN/YFKDG6,A12_21523.JPG,4044284,https://dataverse.harvard.edu/api/access/datafile/4044284
doi:10.7910/DVN/QGXAMC,A12_21524.JPG,4044285,https://dataverse.harvard.edu/api/access/datafile/4044285
doi:10.7910/DVN/V0PMSC,A12_21525.JPG,4044286,https://dataverse.harvard.edu/api/access/datafile/4044286
doi:10.7910/DVN/DHSBE7,A12_21526.JPG,4044287,https://dataverse.harvard.edu/api/access/datafile/4044287
doi:10.7910/DVN/ZEIJJM,A12_21527.JPG,4044288,https://dataverse.harvard.edu/api/access/datafile/4044288
doi:10.7910/DVN/VQ7XR3,A12_21528.JPG,4044289,https://dataverse.harvard.edu/api/access/datafile/4044289
doi:10.7910/DVN/LBXK0F,A12_21529.JPG,4044290,https://dataverse.harvard.edu/api/access/datafile/4044290
doi:10.7910/DVN/UKWEU3,A12_21530.JPG,4044291,https://dataverse.harvard.edu/api/access/datafile/4044291
doi:10.7910/DVN/ITTUQR,A12_21532.JPG,4044292,https://dataverse.harvard.edu/api/access/datafile/4044292
doi:10.7910/DVN/ACPBLK,A12_21533.JPG,4044293,https://dataverse.harvard.edu/api/access/datafile/4044293
doi:10.7910/DVN/77RLCT,A12_21534.JPG,4044294,https://dataverse.harvard.edu/api/access/datafile/4044294
doi:10.7910/DVN/GLINKB,A12_21535.JPG,4044295,https://dataverse.harvard.edu/api/access/datafile/4044295
doi:10.7910/DVN/LVPK3Z,A12_21536.JPG,4044296,https://dataverse.harvard.edu/api/access/datafile/4044296
doi:10.7910/DVN/OMH6CL,A12_21537.JPG,4044297,https://dataverse.harvard.edu/api/access/datafile/4044297
doi:10.7910/DVN/NYV58B,A12_21538.JPG,4044298,https://dataverse.harvard.edu/api/access/datafile/4044298
doi:10.7910/DVN/JBKFIV,A12_21539.JPG,4044299,https://dataverse.harvard.edu/api/access/datafile/4044299
doi:10.7910/DVN/WOREVB,A12_21540.JPG,4044300,https://dataverse.harvard.edu/api/access/datafile/4044300
doi:10.7910/DVN/ZFNIG4,A12_21541.JPG,4044301,https://dataverse.harvard.edu/api/access/datafile/4044301
doi:10.7910/DVN/HZXIVB,A12_21542.JPG,4044302,https://dataverse.harvard.edu/api/access/datafile/4044302
doi:10.7910/DVN/ZXYKYH,A12_21543.JPG,4044303,https://dataverse.harvard.edu/api/access/datafile/4044303
doi:10.7910/DVN/EYQ8HY,A12_21544.JPG,4044304,https://dataverse.harvard.edu/api/access/datafile/4044304
doi:10.7910/DVN/HYGDWE,A12_21545.JPG,4044305,https://dataverse.harvard.edu/api/access/datafile/4044305
doi:10.7910/DVN/CBSKEV,A12_21546.JPG,4044306,https://dataverse.harvard.edu/api/access/datafile/4044306
doi:10.7910/DVN/BNU7DS,A12_21547.JPG,4044307,https://dataverse.harvard.edu/api/access/datafile/4044307
doi:10.7910/DVN/LNGIJM,A12_21548.JPG,4044308,https://dataverse.harvard.edu/api/access/datafile/4044308
doi:10.7910/DVN/9AGXU7,A12_21549.JPG,4044309,https://dataverse.harvard.edu/api/access/datafile/4044309
doi:10.7910/DVN/DRHNGP,A12_21550.JPG,4044310,https://dataverse.harvard.edu/api/access/datafile/4044310
doi:10.7910/DVN/ZBQRG7,A12_21551.JPG,4044311,https://dataverse.harvard.edu/api/access/datafile/4044311
doi:10.7910/DVN/AXO51J,A12_21552.JPG,4044312,https://dataverse.harvard.edu/api/access/datafile/4044312
doi:10.7910/DVN/PGAQCQ,A12_21553.JPG,4044313,https://dataverse.harvard.edu/api/access/datafile/4044313
doi:10.7910/DVN/GWDMMC,A12_21554.JPG,4044314,https://dataverse.harvard.edu/api/access/datafile/4044314
doi:10.7910/DVN/GL2FBP,A12_21555.JPG,4044315,https://dataverse.harvard.edu/api/access/datafile/4044315
doi:10.7910/DVN/SVAOSO,A12_21556.JPG,4044316,https://dataverse.harvard.edu/api/access/datafile/4044316
doi:10.7910/DVN/DMTNPG,A12_21557.JPG,4044317,https://dataverse.harvard.edu/api/access/datafile/4044317
doi:10.7910/DVN/HEK3AR,A12_21558.JPG,4044318,https://dataverse.harvard.edu/api/access/datafile/4044318
doi:10.7910/DVN/LXYGLH,A12_21559.JPG,4044319,https://dataverse.harvard.edu/api/access/datafile/4044319
doi:10.7910/DVN/8T6XEU,A12_21560.JPG,4044320,https://dataverse.harvard.edu/api/access/datafile/4044320
doi:10.7910/DVN/R8KNOT,A12_21561.JPG,4044321,https://dataverse.harvard.edu/api/access/datafile/4044321
doi:10.7910/DVN/ABPMEI,A12_21562.JPG,4044322,https://dataverse.harvard.edu/api/access/datafile/4044322
doi:10.7910/DVN/LXW4UE,A12_21563.JPG,4044323,https://dataverse.harvard.edu/api/access/datafile/4044323
doi:10.7910/DVN/9VEJEM,A12_21564.JPG,4044324,https://dataverse.harvard.edu/api/access/datafile/4044324
doi:10.7910/DVN/S19RTY,A12_21565.JPG,4044325,https://dataverse.harvard.edu/api/access/datafile/4044325
doi:10.7910/DVN/BX3JCL,A12_21566.JPG,4044326,https://dataverse.harvard.edu/api/access/datafile/4044326
doi:10.7910/DVN/WSFEPX,A12_21567.JPG,4044327,https://dataverse.harvard.edu/api/access/datafile/4044327
doi:10.7910/DVN/KFO68S,A12_21568.JPG,4044328,https://dataverse.harvard.edu/api/access/datafile/4044328
doi:10.7910/DVN/XZIGOG,A12_21569.JPG,4044329,https://dataverse.harvard.edu/api/access/datafile/4044329
doi:10.7910/DVN/2UUJIR,A12_21570.JPG,4044330,https://dataverse.harvard.edu/api/access/datafile/4044330
doi:10.7910/DVN/JSJNEN,A12_21571.JPG,4044331,https://dataverse.harvard.edu/api/access/datafile/4044331
doi:10.7910/DVN/8HCM6B,A12_21572.JPG,4044332,https://dataverse.harvard.edu/api/access/datafile/4044332
doi:10.7910/DVN/FTMTNA,A12_21573.JPG,4044333,https://dataverse.harvard.edu/api/access/datafile/4044333
doi:10.7910/DVN/2NOLMG,A12_21574.JPG,4044334,https://dataverse.harvard.edu/api/access/datafile/4044334
doi:10.7910/DVN/E0OB2E,A12_21575.JPG,4044335,https://dataverse.harvard.edu/api/access/datafile/4044335
doi:10.7910/DVN/LBRDM7,A12_21576.JPG,4044336,https://dataverse.harvard.edu/api/access/datafile/4044336
doi:10.7910/DVN/TOQENV,A12_21577.JPG,4044337,https://dataverse.harvard.edu/api/access/datafile/4044337
doi:10.7910/DVN/ZMHTHM,A12_21578.JPG,4044338,https://dataverse.harvard.edu/api/access/datafile/4044338
doi:10.7910/DVN/SKSKFJ,A12_21579.JPG,4044339,https://dataverse.harvard.edu/api/access/datafile/4044339
doi:10.7910/DVN/HK8GNF,A12_21580.JPG,4044340,https://dataverse.harvard.edu/api/access/datafile/4044340
doi:10.7910/DVN/JBACHY,A12_21581.JPG,4044341,https://dataverse.harvard.edu/api/access/datafile/4044341
doi:10.7910/DVN/H5CPRJ,A12_21582.JPG,4044342,https://dataverse.harvard.edu/api/access/datafile/4044342
doi:10.7910/DVN/AHCBFR,A12_21583.JPG,4044343,https://dataverse.harvard.edu/api/access/datafile/4044343
doi:10.7910/DVN/RRZJQE,A12_21584.JPG,4044344,https://dataverse.harvard.edu/api/access/datafile/4044344
doi:10.7910/DVN/UTLVXN,A12_21585.JPG,4044345,https://dataverse.harvard.edu/api/access/datafile/4044345
doi:10.7910/DVN/X4WEO6,A12_21586.JPG,4044346,https://dataverse.harvard.edu/api/access/datafile/4044346
doi:10.7910/DVN/RCRCGC,A12_21587.JPG,4044347,https://dataverse.harvard.edu/api/access/datafile/4044347
doi:10.7910/DVN/HA8IFF,A12_21588.JPG,4044348,https://dataverse.harvard.edu/api/access/datafile/4044348
doi:10.7910/DVN/XJ24QI,A12_21589.JPG,4044349,https://dataverse.harvard.edu/api/access/datafile/4044349
doi:10.7910/DVN/TM9TRQ,A12_21590.JPG,4044350,https://dataverse.harvard.edu/api/access/datafile/4044350
doi:10.7910/DVN/3ES5XP,A12_21591.JPG,4044351,https://dataverse.harvard.edu/api/access/datafile/4044351
doi:10.7910/DVN/VDY8BP,A12_21592.JPG,4044352,https://dataverse.harvard.edu/api/access/datafile/4044352
doi:10.7910/DVN/OYNK6A,A12_21593.JPG,4044353,https://dataverse.harvard.edu/api/access/datafile/4044353
doi:10.7910/DVN/OTP5AE,A12_21594.JPG,4044354,https://dataverse.harvard.edu/api/access/datafile/4044354
doi:10.7910/DVN/CNVJLE,A12_21595.JPG,4044355,https://dataverse.harvard.edu/api/access/datafile/4044355
doi:10.7910/DVN/YV8YDY,A12_21596.JPG,4044356,https://dataverse.harvard.edu/api/access/datafile/4044356
doi:10.7910/DVN/CTODML,A12_21597.JPG,4044357,https://dataverse.harvard.edu/api/access/datafile/4044357
doi:10.7910/DVN/59S2N6,A12_21598.JPG,4044358,https://dataverse.harvard.edu/api/access/datafile/4044358
doi:10.7910/DVN/LLWZFA,A12_21599.JPG,4044359,https://dataverse.harvard.edu/api/access/datafile/4044359
doi:10.7910/DVN/DIPGVC,A12_21600.JPG,4044360,https://dataverse.harvard.edu/api/access/datafile/4044360
doi:10.7910/DVN/WDRTIZ,A12_21601.JPG,4044361,https://dataverse.harvard.edu/api/access/datafile/4044361
doi:10.7910/DVN/D6QN65,A12_21602.JPG,4044362,https://dataverse.harvard.edu/api/access/datafile/4044362
doi:10.7910/DVN/N2HFC8,A12_21603.JPG,4044363,https://dataverse.harvard.edu/api/access/datafile/4044363
doi:10.7910/DVN/CCNF07,A12_21604.JPG,4044364,https://dataverse.harvard.edu/api/access/datafile/4044364
doi:10.7910/DVN/RSZHGJ,A12_21605.JPG,4044365,https://dataverse.harvard.edu/api/access/datafile/4044365
doi:10.7910/DVN/LXYIAE,A12_21606.JPG,4044366,https://dataverse.harvard.edu/api/access/datafile/4044366
doi:10.7910/DVN/XFGTWD,A12_21607.JPG,4044367,https://dataverse.harvard.edu/api/access/datafile/4044367
doi:10.7910/DVN/WFZSSU,A12_21608.JPG,4044368,https://dataverse.harvard.edu/api/access/datafile/4044368
doi:10.7910/DVN/DWDROU,A12_21609.JPG,4044369,https://dataverse.harvard.edu/api/access/datafile/4044369
doi:10.7910/DVN/RV8UKD,A12_21610.JPG,4044370,https://dataverse.harvard.edu/api/access/datafile/4044370
doi:10.7910/DVN/62BR3P,A12_21611.JPG,4044371,https://dataverse.harvard.edu/api/access/datafile/4044371
doi:10.7910/DVN/RQYGEM,A12_21612.JPG,4044372,https://dataverse.harvard.edu/api/access/datafile/4044372
doi:10.7910/DVN/SE0PIC,A12_21613.JPG,4044373,https://dataverse.harvard.edu/api/access/datafile/4044373
doi:10.7910/DVN/UBF0RI,A12_21614.JPG,4044374,https://dataverse.harvard.edu/api/access/datafile/4044374
doi:10.7910/DVN/NXYJ6J,A12_21615.JPG,4044375,https://dataverse.harvard.edu/api/access/datafile/4044375
doi:10.7910/DVN/LHZYWW,A12_21616.JPG,4044376,https://dataverse.harvard.edu/api/access/datafile/4044376
doi:10.7910/DVN/PSFXFL,A12_21617.JPG,4044377,https://dataverse.harvard.edu/api/access/datafile/4044377
doi:10.7910/DVN/YB4MT5,A12_21618.JPG,4044378,https://dataverse.harvard.edu/api/access/datafile/4044378
doi:10.7910/DVN/GQR0L7,A12_21619.JPG,4044379,https://dataverse.harvard.edu/api/access/datafile/4044379
doi:10.7910/DVN/SLLFXV,A12_21620.JPG,4044380,https://dataverse.harvard.edu/api/access/datafile/4044380
doi:10.7910/DVN/UNA0BK,A12_21621.JPG,4044381,https://dataverse.harvard.edu/api/access/datafile/4044381
doi:10.7910/DVN/WSPKKR,A12_21622.JPG,4044382,https://dataverse.harvard.edu/api/access/datafile/4044382
doi:10.7910/DVN/TNZTEL,A12_21623.JPG,4044383,https://dataverse.harvard.edu/api/access/datafile/4044383
doi:10.7910/DVN/3LK3HN,A12_21624.JPG,4044384,https://dataverse.harvard.edu/api/access/datafile/4044384
doi:10.7910/DVN/QABJ0P,A12_21625.JPG,4044385,https://dataverse.harvard.edu/api/access/datafile/4044385
doi:10.7910/DVN/NURCUC,A12_21626.JPG,4044386,https://dataverse.harvard.edu/api/access/datafile/4044386
doi:10.7910/DVN/5AQ2Z2,A12_21627.JPG,4044387,https://dataverse.harvard.edu/api/access/datafile/4044387
doi:10.7910/DVN/XJYLXL,A12_21628.JPG,4044388,https://dataverse.harvard.edu/api/access/datafile/4044388
doi:10.7910/DVN/APU7ME,A12_21629.JPG,4044389,https://dataverse.harvard.edu/api/access/datafile/4044389
doi:10.7910/DVN/RWXNAJ,A12_21631.JPG,4044390,https://dataverse.harvard.edu/api/access/datafile/4044390
doi:10.7910/DVN/JSMR05,A12_21632.JPG,4044391,https://dataverse.harvard.edu/api/access/datafile/4044391
doi:10.7910/DVN/TZUPDR,A12_21633.JPG,4044392,https://dataverse.harvard.edu/api/access/datafile/4044392
doi:10.7910/DVN/VBENVX,A12_21634.JPG,4044393,https://dataverse.harvard.edu/api/access/datafile/4044393
doi:10.7910/DVN/JEVZBI,A12_21635.JPG,4044394,https://dataverse.harvard.edu/api/access/datafile/4044394
doi:10.7910/DVN/NEXN1I,A12_21636.JPG,4044395,https://dataverse.harvard.edu/api/access/datafile/4044395
doi:10.7910/DVN/VPR3SC,A12_21637.JPG,4044396,https://dataverse.harvard.edu/api/access/datafile/4044396
doi:10.7910/DVN/UKVQXV,A12_21638.JPG,4044397,https://dataverse.harvard.edu/api/access/datafile/4044397
doi:10.7910/DVN/KQAYX4,A12_21639.JPG,4044398,https://dataverse.harvard.edu/api/access/datafile/4044398
doi:10.7910/DVN/9AWMDC,A12_21640.JPG,4044399,https://dataverse.harvard.edu/api/access/datafile/4044399
doi:10.7910/DVN/WFQPHL,A12_21641.JPG,4044400,https://dataverse.harvard.edu/api/access/datafile/4044400
doi:10.7910/DVN/9WCFNI,A12_21642.JPG,4044401,https://dataverse.harvard.edu/api/access/datafile/4044401
doi:10.7910/DVN/2KCBQY,A12_21643.JPG,4044402,https://dataverse.harvard.edu/api/access/datafile/4044402
doi:10.7910/DVN/EJKO63,A12_21644.JPG,4044403,https://dataverse.harvard.edu/api/access/datafile/4044403
doi:10.7910/DVN/8ILSYO,A12_21645.JPG,4044404,https://dataverse.harvard.edu/api/access/datafile/4044404
doi:10.7910/DVN/QGVGLI,A12_21646.JPG,4044405,https://dataverse.harvard.edu/api/access/datafile/4044405
doi:10.7910/DVN/I2JBD3,A12_21647.JPG,4044406,https://dataverse.harvard.edu/api/access/datafile/4044406
doi:10.7910/DVN/N4LP0L,A12_21648.JPG,4044407,https://dataverse.harvard.edu/api/access/datafile/4044407
doi:10.7910/DVN/A7P2HD,A12_21649.JPG,4044408,https://dataverse.harvard.edu/api/access/datafile/4044408
doi:10.7910/DVN/NP1PPV,A12_21650.JPG,4044409,https://dataverse.harvard.edu/api/access/datafile/4044409
doi:10.7910/DVN/LBZV7X,A12_21651.JPG,4044410,https://dataverse.harvard.edu/api/access/datafile/4044410
doi:10.7910/DVN/58LZVO,A12_21652.JPG,4044411,https://dataverse.harvard.edu/api/access/datafile/4044411
doi:10.7910/DVN/LYKAI0,A12_21653.JPG,4044412,https://dataverse.harvard.edu/api/access/datafile/4044412
doi:10.7910/DVN/FG1H1I,A12_21654.JPG,4044413,https://dataverse.harvard.edu/api/access/datafile/4044413
doi:10.7910/DVN/BG3GYB,A12_21655.JPG,4044414,https://dataverse.harvard.edu/api/access/datafile/4044414
doi:10.7910/DVN/H2RNZ6,A12_21656.JPG,4044415,https://dataverse.harvard.edu/api/access/datafile/4044415
doi:10.7910/DVN/K5GXPP,A12_21657.JPG,4044416,https://dataverse.harvard.edu/api/access/datafile/4044416
doi:10.7910/DVN/KJFDLK,A12_21658.JPG,4044417,https://dataverse.harvard.edu/api/access/datafile/4044417
doi:10.7910/DVN/NTRXRU,A12_21659.JPG,4044418,https://dataverse.harvard.edu/api/access/datafile/4044418
doi:10.7910/DVN/EOZMCD,A12_21660.JPG,4044419,https://dataverse.harvard.edu/api/access/datafile/4044419
doi:10.7910/DVN/9BGHDF,A12_21661.JPG,4044420,https://dataverse.harvard.edu/api/access/datafile/4044420
doi:10.7910/DVN/ILZFOI,A12_21662.JPG,4044421,https://dataverse.harvard.edu/api/access/datafile/4044421
doi:10.7910/DVN/RFUEB3,A12_21663.JPG,4044422,https://dataverse.harvard.edu/api/access/datafile/4044422
doi:10.7910/DVN/CX8U7B,A12_21664.JPG,4044423,https://dataverse.harvard.edu/api/access/datafile/4044423
doi:10.7910/DVN/OOQGTP,A12_21665.JPG,4044424,https://dataverse.harvard.edu/api/access/datafile/4044424
doi:10.7910/DVN/QANFC0,A12_21666.JPG,4044425,https://dataverse.harvard.edu/api/access/datafile/4044425
doi:10.7910/DVN/DWXIGQ,A12_21667.JPG,4044426,https://dataverse.harvard.edu/api/access/datafile/4044426
doi:10.7910/DVN/CDLJOP,A12_21668.JPG,4044427,https://dataverse.harvard.edu/api/access/datafile/4044427
doi:10.7910/DVN/AFCMNI,A12_21669.JPG,4044428,https://dataverse.harvard.edu/api/access/datafile/4044428
doi:10.7910/DVN/7QBMRL,A12_21670.JPG,4044429,https://dataverse.harvard.edu/api/access/datafile/4044429
doi:10.7910/DVN/HCC7OO,A12_21671.JPG,4044430,https://dataverse.harvard.edu/api/access/datafile/4044430
doi:10.7910/DVN/ABFW3Z,A12_21672.JPG,4044431,https://dataverse.harvard.edu/api/access/datafile/4044431
doi:10.7910/DVN/6OMQXH,A12_21673.JPG,4044432,https://dataverse.harvard.edu/api/access/datafile/4044432
doi:10.7910/DVN/LDQ9LX,A12_21674.JPG,4044433,https://dataverse.harvard.edu/api/access/datafile/4044433
doi:10.7910/DVN/OOBKO9,A12_21675.JPG,4044434,https://dataverse.harvard.edu/api/access/datafile/4044434
doi:10.7910/DVN/ZSCS5A,A12_21676.JPG,4044435,https://dataverse.harvard.edu/api/access/datafile/4044435
doi:10.7910/DVN/5LEAIJ,A12_21677.JPG,4044436,https://dataverse.harvard.edu/api/access/datafile/4044436
doi:10.7910/DVN/UWA1I0,A12_21678.JPG,4044437,https://dataverse.harvard.edu/api/access/datafile/4044437
doi:10.7910/DVN/XCECII,A12_21679.JPG,4044438,https://dataverse.harvard.edu/api/access/datafile/4044438
doi:10.7910/DVN/MCTI2R,A12_21680.JPG,4044439,https://dataverse.harvard.edu/api/access/datafile/4044439
doi:10.7910/DVN/MYDULV,A12_21681.JPG,4044440,https://dataverse.harvard.edu/api/access/datafile/4044440
doi:10.7910/DVN/IYEJDE,A12_21682.JPG,4044441,https://dataverse.harvard.edu/api/access/datafile/4044441
doi:10.7910/DVN/18A5QR,A12_21683.JPG,4044442,https://dataverse.harvard.edu/api/access/datafile/4044442
doi:10.7910/DVN/IKGBJ0,A12_21684.JPG,4044443,https://dataverse.harvard.edu/api/access/datafile/4044443
doi:10.7910/DVN/MXQ3WJ,A12_21685.JPG,4044444,https://dataverse.harvard.edu/api/access/datafile/4044444
doi:10.7910/DVN/VDWDPA,A12_21686.JPG,4044445,https://dataverse.harvard.edu/api/access/datafile/4044445
doi:10.7910/DVN/GXIK3D,A12_21687.JPG,4044446,https://dataverse.harvard.edu/api/access/datafile/4044446
doi:10.7910/DVN/CGNXYA,A12_21688.JPG,4044447,https://dataverse.harvard.edu/api/access/datafile/4044447
doi:10.7910/DVN/PLTDSY,A12_21689.JPG,4044448,https://dataverse.harvard.edu/api/access/datafile/4044448
doi:10.7910/DVN/LEDXSL,A12_21690.JPG,4044449,https://dataverse.harvard.edu/api/access/datafile/4044449
doi:10.7910/DVN/UCEJVB,A12_21691.JPG,4044450,https://dataverse.harvard.edu/api/access/datafile/4044450
doi:10.7910/DVN/Q6M8FJ,A12_21692.JPG,4044451,https://dataverse.harvard.edu/api/access/datafile/4044451
doi:10.7910/DVN/BY951H,A12_21693.JPG,4044452,https://dataverse.harvard.edu/api/access/datafile/4044452
doi:10.7910/DVN/Y7EPRQ,A12_21694.JPG,4044453,https://dataverse.harvard.edu/api/access/datafile/4044453
doi:10.7910/DVN/HR5WXW,A12_21695.JPG,4044454,https://dataverse.harvard.edu/api/access/datafile/4044454
doi:10.7910/DVN/IJSF8T,A12_21696.JPG,4044455,https://dataverse.harvard.edu/api/access/datafile/4044455
doi:10.7910/DVN/Q7PPNS,A12_21697.JPG,4044456,https://dataverse.harvard.edu/api/access/datafile/4044456
doi:10.7910/DVN/JWRAXU,A12_21698.JPG,4044457,https://dataverse.harvard.edu/api/access/datafile/4044457
doi:10.7910/DVN/3GYG3J,A12_21699.JPG,4044458,https://dataverse.harvard.edu/api/access/datafile/4044458
doi:10.7910/DVN/VTAYG6,A12_21700.JPG,4044459,https://dataverse.harvard.edu/api/access/datafile/4044459
doi:10.7910/DVN/F24JWC,A12_21701.JPG,4044460,https://dataverse.harvard.edu/api/access/datafile/4044460
doi:10.7910/DVN/N64SP8,A12_21702.JPG,4044461,https://dataverse.harvard.edu/api/access/datafile/4044461
doi:10.7910/DVN/YYWTVN,A12_21703.JPG,4044462,https://dataverse.harvard.edu/api/access/datafile/4044462
doi:10.7910/DVN/7Q6ODH,A12_21704.JPG,4044463,https://dataverse.harvard.edu/api/access/datafile/4044463
doi:10.7910/DVN/GLQQTD,A12_21705.JPG,4044464,https://dataverse.harvard.edu/api/access/datafile/4044464
doi:10.7910/DVN/Q7O4FA,A12_21706.JPG,4044465,https://dataverse.harvard.edu/api/access/datafile/4044465
doi:10.7910/DVN/XE4Q8J,A12_21707.JPG,4044466,https://dataverse.harvard.edu/api/access/datafile/4044466
doi:10.7910/DVN/6NKNMC,A12_21708.JPG,4044467,https://dataverse.harvard.edu/api/access/datafile/4044467
doi:10.7910/DVN/RIGVTI,A12_21709.JPG,4044468,https://dataverse.harvard.edu/api/access/datafile/4044468
doi:10.7910/DVN/PKTI2E,A12_21710.JPG,4044469,https://dataverse.harvard.edu/api/access/datafile/4044469
doi:10.7910/DVN/4GQLZ9,A12_21711.JPG,4044470,https://dataverse.harvard.edu/api/access/datafile/4044470
doi:10.7910/DVN/VNZJXD,A12_21712.JPG,4044471,https://dataverse.harvard.edu/api/access/datafile/4044471
doi:10.7910/DVN/RD5GQW,A12_21713.JPG,4044472,https://dataverse.harvard.edu/api/access/datafile/4044472
doi:10.7910/DVN/GS2PCM,A12_21714.JPG,4044473,https://dataverse.harvard.edu/api/access/datafile/4044473
doi:10.7910/DVN/LKYVDJ,A12_21715.JPG,4044474,https://dataverse.harvard.edu/api/access/datafile/4044474
doi:10.7910/DVN/S3ZOFF,A12_21716.JPG,4044475,https://dataverse.harvard.edu/api/access/datafile/4044475
doi:10.7910/DVN/JHW0HE,A12_21717.JPG,4044476,https://dataverse.harvard.edu/api/access/datafile/4044476
doi:10.7910/DVN/JWCKRD,A12_21718.JPG,4044477,https://dataverse.harvard.edu/api/access/datafile/4044477
doi:10.7910/DVN/YBUFKC,A12_21719.JPG,4044478,https://dataverse.harvard.edu/api/access/datafile/4044478
doi:10.7910/DVN/V289FA,A12_21720.JPG,4044479,https://dataverse.harvard.edu/api/access/datafile/4044479
doi:10.7910/DVN/QDCDU0,A12_21721.JPG,4044480,https://dataverse.harvard.edu/api/access/datafile/4044480
doi:10.7910/DVN/9ZPWSS,A12_21722.JPG,4044481,https://dataverse.harvard.edu/api/access/datafile/4044481
doi:10.7910/DVN/IPOANK,A12_21723.JPG,4044482,https://dataverse.harvard.edu/api/access/datafile/4044482
doi:10.7910/DVN/ZC8RS9,A12_21724.JPG,4044483,https://dataverse.harvard.edu/api/access/datafile/4044483
doi:10.7910/DVN/7Q3ATC,A12_21725.JPG,4044484,https://dataverse.harvard.edu/api/access/datafile/4044484
doi:10.7910/DVN/LPGRX5,A12_21726.JPG,4044485,https://dataverse.harvard.edu/api/access/datafile/4044485
doi:10.7910/DVN/YNOLFR,A12_21727.JPG,4044486,https://dataverse.harvard.edu/api/access/datafile/4044486
doi:10.7910/DVN/1U3N5W,A12_21728.JPG,4044487,https://dataverse.harvard.edu/api/access/datafile/4044487
doi:10.7910/DVN/AK4NG6,A12_21729.JPG,4044488,https://dataverse.harvard.edu/api/access/datafile/4044488
doi:10.7910/DVN/V1ENP3,A12_21730.JPG,4044489,https://dataverse.harvard.edu/api/access/datafile/4044489
doi:10.7910/DVN/TPHMH1,A12_21731.JPG,4044490,https://dataverse.harvard.edu/api/access/datafile/4044490
doi:10.7910/DVN/KME4SI,A12_21732.JPG,4044491,https://dataverse.harvard.edu/api/access/datafile/4044491
doi:10.7910/DVN/VFUXMA,A12_21733.JPG,4044492,https://dataverse.harvard.edu/api/access/datafile/4044492
doi:10.7910/DVN/DQPGYM,A12_21734.JPG,4044493,https://dataverse.harvard.edu/api/access/datafile/4044493
doi:10.7910/DVN/LIERF0,A12_21735.JPG,4044494,https://dataverse.harvard.edu/api/access/datafile/4044494
doi:10.7910/DVN/SPL5MJ,A12_21736.JPG,4044495,https://dataverse.harvard.edu/api/access/datafile/4044495
doi:10.7910/DVN/BCXGCG,A12_21737.JPG,4044496,https://dataverse.harvard.edu/api/access/datafile/4044496
doi:10.7910/DVN/9EKENJ,A12_21738.JPG,4044497,https://dataverse.harvard.edu/api/access/datafile/4044497
doi:10.7910/DVN/4TEY3B,A12_21739.JPG,4044498,https://dataverse.harvard.edu/api/access/datafile/4044498
doi:10.7910/DVN/UTZPY2,A12_21740.JPG,4044499,https://dataverse.harvard.edu/api/access/datafile/4044499
doi:10.7910/DVN/SHVCLZ,A12_21741.JPG,4044500,https://dataverse.harvard.edu/api/access/datafile/4044500
doi:10.7910/DVN/8CNOIE,A12_21742.JPG,4044501,https://dataverse.harvard.edu/api/access/datafile/4044501
doi:10.7910/DVN/F9TMOY,A12_21743.JPG,4044502,https://dataverse.harvard.edu/api/access/datafile/4044502
doi:10.7910/DVN/QXTHPE,A12_21744.JPG,4044503,https://dataverse.harvard.edu/api/access/datafile/4044503
doi:10.7910/DVN/WHZQHS,A12_21745.JPG,4044504,https://dataverse.harvard.edu/api/access/datafile/4044504
doi:10.7910/DVN/A99JYN,A12_21746.JPG,4044505,https://dataverse.harvard.edu/api/access/datafile/4044505
doi:10.7910/DVN/UGTBLW,A12_21747.JPG,4044506,https://dataverse.harvard.edu/api/access/datafile/4044506
doi:10.7910/DVN/XYZNCO,A12_21748.JPG,4044507,https://dataverse.harvard.edu/api/access/datafile/4044507
doi:10.7910/DVN/ZPM2WJ,A12_21749.JPG,4044508,https://dataverse.harvard.edu/api/access/datafile/4044508
doi:10.7910/DVN/XLFMSD,A12_21750.JPG,4044509,https://dataverse.harvard.edu/api/access/datafile/4044509
doi:10.7910/DVN/3SM6IF,A12_21751.JPG,4044510,https://dataverse.harvard.edu/api/access/datafile/4044510
doi:10.7910/DVN/DQATLM,A12_21752.JPG,4044511,https://dataverse.harvard.edu/api/access/datafile/4044511
doi:10.7910/DVN/RIN3XA,A12_21753.JPG,4044512,https://dataverse.harvard.edu/api/access/datafile/4044512
doi:10.7910/DVN/BPPDSL,A12_21754.JPG,4044513,https://dataverse.harvard.edu/api/access/datafile/4044513
doi:10.7910/DVN/ABSIAJ,A12_21755.JPG,4044514,https://dataverse.harvard.edu/api/access/datafile/4044514
doi:10.7910/DVN/GXOOEE,A12_21756.JPG,4044515,https://dataverse.harvard.edu/api/access/datafile/4044515
doi:10.7910/DVN/ZVQECQ,A12_21757.JPG,4044516,https://dataverse.harvard.edu/api/access/datafile/4044516
doi:10.7910/DVN/D02RAA,A12_21758.JPG,4044517,https://dataverse.harvard.edu/api/access/datafile/4044517
doi:10.7910/DVN/OF3ISJ,A12_21759.JPG,4044518,https://dataverse.harvard.edu/api/access/datafile/4044518
doi:10.7910/DVN/TUPOEA,A12_21760.JPG,4044519,https://dataverse.harvard.edu/api/access/datafile/4044519
doi:10.7910/DVN/0R6XAM,A12_21761.JPG,4044520,https://dataverse.harvard.edu/api/access/datafile/4044520
doi:10.7910/DVN/N2PUBF,A12_21762.JPG,4044521,https://dataverse.harvard.edu/api/access/datafile/4044521
doi:10.7910/DVN/RIV8EP,A12_21763.JPG,4044522,https://dataverse.harvard.edu/api/access/datafile/4044522
doi:10.7910/DVN/DWCCBO,A12_21764.JPG,4044523,https://dataverse.harvard.edu/api/access/datafile/4044523
doi:10.7910/DVN/J1GNWY,A12_21765.JPG,4044524,https://dataverse.harvard.edu/api/access/datafile/4044524
doi:10.7910/DVN/R59UZA,A12_21766.JPG,4044525,https://dataverse.harvard.edu/api/access/datafile/4044525
doi:10.7910/DVN/LNTEMV,A12_21767.JPG,4044526,https://dataverse.harvard.edu/api/access/datafile/4044526
doi:10.7910/DVN/QYYBWK,A12_21768.JPG,4044527,https://dataverse.harvard.edu/api/access/datafile/4044527
doi:10.7910/DVN/KGSY7M,A12_21769.JPG,4044528,https://dataverse.harvard.edu/api/access/datafile/4044528
doi:10.7910/DVN/NZT3FQ,A12_21770.JPG,4044529,https://dataverse.harvard.edu/api/access/datafile/4044529
doi:10.7910/DVN/DM1KQE,A12_21771.JPG,4044530,https://dataverse.harvard.edu/api/access/datafile/4044530
doi:10.7910/DVN/I7SCGZ,A12_21772.JPG,4044531,https://dataverse.harvard.edu/api/access/datafile/4044531
doi:10.7910/DVN/YVM8GI,A12_21773.JPG,4044532,https://dataverse.harvard.edu/api/access/datafile/4044532
doi:10.7910/DVN/OVBL8C,A12_21774.JPG,4044533,https://dataverse.harvard.edu/api/access/datafile/4044533
doi:10.7910/DVN/U0QDPL,A12_21775.JPG,4044534,https://dataverse.harvard.edu/api/access/datafile/4044534
doi:10.7910/DVN/V4I4UJ,A12_21776.JPG,4044535,https://dataverse.harvard.edu/api/access/datafile/4044535
doi:10.7910/DVN/AILZMR,A12_21777.JPG,4044536,https://dataverse.harvard.edu/api/access/datafile/4044536
doi:10.7910/DVN/AHV5L8,A12_21778.JPG,4044537,https://dataverse.harvard.edu/api/access/datafile/4044537
doi:10.7910/DVN/NNA5GL,A12_21779.JPG,4044538,https://dataverse.harvard.edu/api/access/datafile/4044538
doi:10.7910/DVN/XEZQJV,A12_21780.JPG,4044539,https://dataverse.harvard.edu/api/access/datafile/4044539
doi:10.7910/DVN/IM67H8,A12_21781.JPG,4044540,https://dataverse.harvard.edu/api/access/datafile/4044540
doi:10.7910/DVN/QXKEKR,A12_21782.JPG,4044541,https://dataverse.harvard.edu/api/access/datafile/4044541
doi:10.7910/DVN/1ADSWT,A12_21783.JPG,4044542,https://dataverse.harvard.edu/api/access/datafile/4044542
doi:10.7910/DVN/UJPTOF,A12_21784.JPG,4044543,https://dataverse.harvard.edu/api/access/datafile/4044543
doi:10.7910/DVN/XXCS1K,A12_21785.JPG,4044544,https://dataverse.harvard.edu/api/access/datafile/4044544
doi:10.7910/DVN/4HXF4L,A12_21786.JPG,4044545,https://dataverse.harvard.edu/api/access/datafile/4044545
doi:10.7910/DVN/YT1AOP,A12_21787.JPG,4044546,https://dataverse.harvard.edu/api/access/datafile/4044546
doi:10.7910/DVN/FZNHDH,A12_21788.JPG,4044547,https://dataverse.harvard.edu/api/access/datafile/4044547
doi:10.7910/DVN/QUJICT,A12_21789.JPG,4044548,https://dataverse.harvard.edu/api/access/datafile/4044548
doi:10.7910/DVN/LI1ALF,A12_21790.JPG,4044549,https://dataverse.harvard.edu/api/access/datafile/4044549
doi:10.7910/DVN/PKZYND,A12_21791.JPG,4044550,https://dataverse.harvard.edu/api/access/datafile/4044550
doi:10.7910/DVN/S2WEAK,A12_21792.JPG,4044551,https://dataverse.harvard.edu/api/access/datafile/4044551
doi:10.7910/DVN/MVQHN6,A12_21793.JPG,4044552,https://dataverse.harvard.edu/api/access/datafile/4044552
doi:10.7910/DVN/WAM1C7,A12_21794.JPG,4044553,https://dataverse.harvard.edu/api/access/datafile/4044553
doi:10.7910/DVN/XHNSP1,A12_21795.JPG,4044554,https://dataverse.harvard.edu/api/access/datafile/4044554
doi:10.7910/DVN/SR320W,A12_21796.JPG,4044555,https://dataverse.harvard.edu/api/access/datafile/4044555
doi:10.7910/DVN/ETLFV3,A12_21797.JPG,4044556,https://dataverse.harvard.edu/api/access/datafile/4044556
doi:10.7910/DVN/R1E5B9,A12_21798.JPG,4044557,https://dataverse.harvard.edu/api/access/datafile/4044557
doi:10.7910/DVN/HDTGRX,A12_21799.JPG,4044558,https://dataverse.harvard.edu/api/access/datafile/4044558
doi:10.7910/DVN/BYW0SJ,A12_21800.JPG,4044559,https://dataverse.harvard.edu/api/access/datafile/4044559
doi:10.7910/DVN/OU16MD,A12_21801.JPG,4044560,https://dataverse.harvard.edu/api/access/datafile/4044560
doi:10.7910/DVN/T17XMB,A12_21802.JPG,4044561,https://dataverse.harvard.edu/api/access/datafile/4044561
doi:10.7910/DVN/2EYVLE,A12_21803.JPG,4044562,https://dataverse.harvard.edu/api/access/datafile/4044562
doi:10.7910/DVN/FRAAUU,A12_21804.JPG,4044563,https://dataverse.harvard.edu/api/access/datafile/4044563
doi:10.7910/DVN/XEMVKG,A12_21805.JPG,4044564,https://dataverse.harvard.edu/api/access/datafile/4044564
doi:10.7910/DVN/COBWCX,A12_21806.JPG,4044565,https://dataverse.harvard.edu/api/access/datafile/4044565
doi:10.7910/DVN/4CAKLC,A12_21807.JPG,4044566,https://dataverse.harvard.edu/api/access/datafile/4044566
doi:10.7910/DVN/EVDVST,A12_21808.JPG,4044567,https://dataverse.harvard.edu/api/access/datafile/4044567
doi:10.7910/DVN/MALRQH,A12_21809.JPG,4044568,https://dataverse.harvard.edu/api/access/datafile/4044568
doi:10.7910/DVN/Q33SHY,A12_21810.JPG,4044569,https://dataverse.harvard.edu/api/access/datafile/4044569
doi:10.7910/DVN/X3AXCO,A12_21811.JPG,4044570,https://dataverse.harvard.edu/api/access/datafile/4044570
doi:10.7910/DVN/UH1HZF,A12_21812.JPG,4044571,https://dataverse.harvard.edu/api/access/datafile/4044571
doi:10.7910/DVN/WDGDWT,A12_21813.JPG,4044572,https://dataverse.harvard.edu/api/access/datafile/4044572
doi:10.7910/DVN/XIKZ9F,A12_21814.JPG,4044573,https://dataverse.harvard.edu/api/access/datafile/4044573
doi:10.7910/DVN/KNZATO,A12_21815.JPG,4044574,https://dataverse.harvard.edu/api/access/datafile/4044574
doi:10.7910/DVN/9KKUHV,A12_21816.JPG,4044575,https://dataverse.harvard.edu/api/access/datafile/4044575
doi:10.7910/DVN/Y2B7H8,A12_21817.JPG,4044576,https://dataverse.harvard.edu/api/access/datafile/4044576
doi:10.7910/DVN/U2MSTM,A12_21818.JPG,4044577,https://dataverse.harvard.edu/api/access/datafile/4044577
doi:10.7910/DVN/JNNOLN,A12_21819.JPG,4044578,https://dataverse.harvard.edu/api/access/datafile/4044578
doi:10.7910/DVN/NPG1AU,A12_21820.JPG,4044579,https://dataverse.harvard.edu/api/access/datafile/4044579
doi:10.7910/DVN/LPA9DF,A12_21821.JPG,4044580,https://dataverse.harvard.edu/api/access/datafile/4044580
doi:10.7910/DVN/WFAQIF,A12_21822.JPG,4044581,https://dataverse.harvard.edu/api/access/datafile/4044581
doi:10.7910/DVN/BJO59G,A12_21823.JPG,4044582,https://dataverse.harvard.edu/api/access/datafile/4044582
doi:10.7910/DVN/SFJUFK,A12_21824.JPG,4044583,https://dataverse.harvard.edu/api/access/datafile/4044583
doi:10.7910/DVN/YZMWT3,A12_21825.JPG,4044584,https://dataverse.harvard.edu/api/access/datafile/4044584
doi:10.7910/DVN/I2ZNKX,A12_21826.JPG,4044585,https://dataverse.harvard.edu/api/access/datafile/4044585
doi:10.7910/DVN/PVGUUT,A12_21827.JPG,4044586,https://dataverse.harvard.edu/api/access/datafile/4044586
doi:10.7910/DVN/ZZRG5Z,A12_21828.JPG,4044587,https://dataverse.harvard.edu/api/access/datafile/4044587
doi:10.7910/DVN/4S9GQA,A12_21829.JPG,4044588,https://dataverse.harvard.edu/api/access/datafile/4044588
doi:10.7910/DVN/ZWIGUJ,A12_21830.JPG,4044589,https://dataverse.harvard.edu/api/access/datafile/4044589
doi:10.7910/DVN/HNNWED,A12_21831.JPG,4044590,https://dataverse.harvard.edu/api/access/datafile/4044590
doi:10.7910/DVN/49AFUV,A12_21832.JPG,4044591,https://dataverse.harvard.edu/api/access/datafile/4044591
doi:10.7910/DVN/ZVLA5V,A12_21833.JPG,4044592,https://dataverse.harvard.edu/api/access/datafile/4044592
doi:10.7910/DVN/CB59GN,A12_21834.JPG,4044593,https://dataverse.harvard.edu/api/access/datafile/4044593
doi:10.7910/DVN/8VV8H4,A12_21835.JPG,4044594,https://dataverse.harvard.edu/api/access/datafile/4044594
doi:10.7910/DVN/0OL9O9,A12_21836.JPG,4044595,https://dataverse.harvard.edu/api/access/datafile/4044595
doi:10.7910/DVN/DRNRHW,A12_21837.JPG,4044596,https://dataverse.harvard.edu/api/access/datafile/4044596
doi:10.7910/DVN/0WRHK6,A12_21838.JPG,4044597,https://dataverse.harvard.edu/api/access/datafile/4044597
doi:10.7910/DVN/AOOIK6,A12_21839.JPG,4044598,https://dataverse.harvard.edu/api/access/datafile/4044598
doi:10.7910/DVN/WBVD0B,A12_21840.JPG,4044599,https://dataverse.harvard.edu/api/access/datafile/4044599
doi:10.7910/DVN/O9RBIJ,A12_21841.JPG,4044600,https://dataverse.harvard.edu/api/access/datafile/4044600
doi:10.7910/DVN/DJQCVM,A12_21842.JPG,4044601,https://dataverse.harvard.edu/api/access/datafile/4044601
doi:10.7910/DVN/HKLM9C,A12_21843.JPG,4044602,https://dataverse.harvard.edu/api/access/datafile/4044602
doi:10.7910/DVN/HN3DFI,A12_21844.JPG,4044603,https://dataverse.harvard.edu/api/access/datafile/4044603
doi:10.7910/DVN/LO8X7J,A12_21845.JPG,4044604,https://dataverse.harvard.edu/api/access/datafile/4044604
doi:10.7910/DVN/QZ6ELN,A12_21846.JPG,4044605,https://dataverse.harvard.edu/api/access/datafile/4044605
doi:10.7910/DVN/EVQHTI,A12_21847.JPG,4044606,https://dataverse.harvard.edu/api/access/datafile/4044606
doi:10.7910/DVN/YPDX1R,A12_21848.JPG,4044607,https://dataverse.harvard.edu/api/access/datafile/4044607
doi:10.7910/DVN/SOWI0V,A12_21849.JPG,4044608,https://dataverse.harvard.edu/api/access/datafile/4044608
doi:10.7910/DVN/HK99EO,A12_21850.JPG,4044609,https://dataverse.harvard.edu/api/access/datafile/4044609
doi:10.7910/DVN/O0I3MA,A12_21851.JPG,4044610,https://dataverse.harvard.edu/api/access/datafile/4044610
doi:10.7910/DVN/KGXQEK,A12_21852.JPG,4044611,https://dataverse.harvard.edu/api/access/datafile/4044611
doi:10.7910/DVN/9LLIPR,A12_21853.JPG,4044612,https://dataverse.harvard.edu/api/access/datafile/4044612
doi:10.7910/DVN/IDR53L,A12_21854.JPG,4044613,https://dataverse.harvard.edu/api/access/datafile/4044613
doi:10.7910/DVN/UFZBYL,A12_21855.JPG,4044614,https://dataverse.harvard.edu/api/access/datafile/4044614
doi:10.7910/DVN/KME4FY,A12_21856.JPG,4044615,https://dataverse.harvard.edu/api/access/datafile/4044615
doi:10.7910/DVN/5EFJYL,A12_21857.JPG,4044616,https://dataverse.harvard.edu/api/access/datafile/4044616
doi:10.7910/DVN/2LDPGK,A12_21858.JPG,4044617,https://dataverse.harvard.edu/api/access/datafile/4044617
doi:10.7910/DVN/NLLCEP,A12_21859.JPG,4044618,https://dataverse.harvard.edu/api/access/datafile/4044618
doi:10.7910/DVN/2W3XK1,A12_21860.JPG,4044619,https://dataverse.harvard.edu/api/access/datafile/4044619
doi:10.7910/DVN/WMHR0D,A12_21861.JPG,4044620,https://dataverse.harvard.edu/api/access/datafile/4044620
doi:10.7910/DVN/GM9JF3,A12_21862.JPG,4044621,https://dataverse.harvard.edu/api/access/datafile/4044621
doi:10.7910/DVN/RGCAAZ,A12_21863.JPG,4044622,https://dataverse.harvard.edu/api/access/datafile/4044622
doi:10.7910/DVN/EWZE49,A12_21864.JPG,4044623,https://dataverse.harvard.edu/api/access/datafile/4044623
doi:10.7910/DVN/OB4TNQ,A12_21865.JPG,4044624,https://dataverse.harvard.edu/api/access/datafile/4044624
doi:10.7910/DVN/OIN1ZU,A12_21866.JPG,4044625,https://dataverse.harvard.edu/api/access/datafile/4044625
doi:10.7910/DVN/LGCZQ6,A12_21867.JPG,4044626,https://dataverse.harvard.edu/api/access/datafile/4044626
doi:10.7910/DVN/UPISUU,A12_21868.JPG,4044627,https://dataverse.harvard.edu/api/access/datafile/4044627
doi:10.7910/DVN/DC2FK5,A12_21869.JPG,4044628,https://dataverse.harvard.edu/api/access/datafile/4044628
doi:10.7910/DVN/0V2QJL,A12_21870.JPG,4044629,https://dataverse.harvard.edu/api/access/datafile/4044629
doi:10.7910/DVN/YNBRST,A12_21871.JPG,4044630,https://dataverse.harvard.edu/api/access/datafile/4044630
doi:10.7910/DVN/PXKIVP,A12_21872.JPG,4044631,https://dataverse.harvard.edu/api/access/datafile/4044631
doi:10.7910/DVN/SH2BKR,A12_21873.JPG,4044632,https://dataverse.harvard.edu/api/access/datafile/4044632
doi:10.7910/DVN/PI7AZY,A12_21874.JPG,4044633,https://dataverse.harvard.edu/api/access/datafile/4044633
doi:10.7910/DVN/RSJ8YV,A12_21875.JPG,4044634,https://dataverse.harvard.edu/api/access/datafile/4044634
doi:10.7910/DVN/77JVYB,A12_21876.JPG,4044635,https://dataverse.harvard.edu/api/access/datafile/4044635
doi:10.7910/DVN/DUBWE7,A12_21877.JPG,4044636,https://dataverse.harvard.edu/api/access/datafile/4044636
doi:10.7910/DVN/I3JRR2,A12_21878.JPG,4044637,https://dataverse.harvard.edu/api/access/datafile/4044637
doi:10.7910/DVN/IASKKZ,A12_21879.JPG,4044638,https://dataverse.harvard.edu/api/access/datafile/4044638
doi:10.7910/DVN/IP9CZV,A12_21880.JPG,4044639,https://dataverse.harvard.edu/api/access/datafile/4044639
doi:10.7910/DVN/QLE0OO,A12_21881.JPG,4044640,https://dataverse.harvard.edu/api/access/datafile/4044640
doi:10.7910/DVN/DGTIZH,A12_21882.JPG,4044641,https://dataverse.harvard.edu/api/access/datafile/4044641
doi:10.7910/DVN/3GIAS3,A12_21883.JPG,4044642,https://dataverse.harvard.edu/api/access/datafile/4044642
doi:10.7910/DVN/IOJKEX,A12_21884.JPG,4044643,https://dataverse.harvard.edu/api/access/datafile/4044643
doi:10.7910/DVN/XZBHI3,A12_21885.JPG,4044644,https://dataverse.harvard.edu/api/access/datafile/4044644
doi:10.7910/DVN/VCKQID,A12_21886.JPG,4044645,https://dataverse.harvard.edu/api/access/datafile/4044645
doi:10.7910/DVN/HYUIHP,A12_21887.JPG,4044646,https://dataverse.harvard.edu/api/access/datafile/4044646
doi:10.7910/DVN/57GC1U,A12_21888.JPG,4044647,https://dataverse.harvard.edu/api/access/datafile/4044647
doi:10.7910/DVN/DCQ1FS,A12_21889.JPG,4044648,https://dataverse.harvard.edu/api/access/datafile/4044648
doi:10.7910/DVN/YIW4CY,A12_21890.JPG,4044649,https://dataverse.harvard.edu/api/access/datafile/4044649
doi:10.7910/DVN/WP9EAC,A12_21891.JPG,4044650,https://dataverse.harvard.edu/api/access/datafile/4044650
doi:10.7910/DVN/DQCWYI,A12_21892.JPG,4044651,https://dataverse.harvard.edu/api/access/datafile/4044651
doi:10.7910/DVN/WHLVPT,A12_21893.JPG,4044652,https://dataverse.harvard.edu/api/access/datafile/4044652
doi:10.7910/DVN/PEEXUH,A12_21894.JPG,4044653,https://dataverse.harvard.edu/api/access/datafile/4044653
doi:10.7910/DVN/PJRUXA,A12_21895.JPG,4044654,https://dataverse.harvard.edu/api/access/datafile/4044654
doi:10.7910/DVN/KMJXCD,A12_21896.JPG,4044655,https://dataverse.harvard.edu/api/access/datafile/4044655
doi:10.7910/DVN/EP0ES3,A12_21897.JPG,4044656,https://dataverse.harvard.edu/api/access/datafile/4044656
doi:10.7910/DVN/KRJQYO,A12_21898.JPG,4044657,https://dataverse.harvard.edu/api/access/datafile/4044657
doi:10.7910/DVN/3FMGUM,A12_21899.JPG,4044658,https://dataverse.harvard.edu/api/access/datafile/4044658
doi:10.7910/DVN/Z6K5SB,A12_21900.JPG,4044659,https://dataverse.harvard.edu/api/access/datafile/4044659
doi:10.7910/DVN/PZTRBV,A12_21901.JPG,4044660,https://dataverse.harvard.edu/api/access/datafile/4044660
doi:10.7910/DVN/WAHG8A,A12_21902.JPG,4044661,https://dataverse.harvard.edu/api/access/datafile/4044661
doi:10.7910/DVN/FDMCDL,A12_21903.JPG,4044662,https://dataverse.harvard.edu/api/access/datafile/4044662
doi:10.7910/DVN/HWB0XJ,A12_21904.JPG,4044663,https://dataverse.harvard.edu/api/access/datafile/4044663
doi:10.7910/DVN/7VRJDB,A12_21905.JPG,4044664,https://dataverse.harvard.edu/api/access/datafile/4044664
doi:10.7910/DVN/MTKXXQ,A12_21906.JPG,4044665,https://dataverse.harvard.edu/api/access/datafile/4044665
doi:10.7910/DVN/KUB0AF,A12_21907.JPG,4044666,https://dataverse.harvard.edu/api/access/datafile/4044666
doi:10.7910/DVN/QP2RQV,A12_21908.JPG,4044667,https://dataverse.harvard.edu/api/access/datafile/4044667
doi:10.7910/DVN/I0Y9DY,A12_21909.JPG,4044668,https://dataverse.harvard.edu/api/access/datafile/4044668
doi:10.7910/DVN/XVT54C,A12_21910.JPG,4044669,https://dataverse.harvard.edu/api/access/datafile/4044669
doi:10.7910/DVN/3270SO,A12_21911.JPG,4044670,https://dataverse.harvard.edu/api/access/datafile/4044670
doi:10.7910/DVN/3O1XAP,A12_21912.JPG,4044671,https://dataverse.harvard.edu/api/access/datafile/4044671
doi:10.7910/DVN/CJZNUM,A12_21913.JPG,4044672,https://dataverse.harvard.edu/api/access/datafile/4044672
doi:10.7910/DVN/NVHABL,A12_21914.JPG,4044673,https://dataverse.harvard.edu/api/access/datafile/4044673
doi:10.7910/DVN/CZLQDV,A12_21915.JPG,4044674,https://dataverse.harvard.edu/api/access/datafile/4044674
doi:10.7910/DVN/P0GONS,A12_21916.JPG,4044675,https://dataverse.harvard.edu/api/access/datafile/4044675
doi:10.7910/DVN/TTISVU,A12_21917.JPG,4044676,https://dataverse.harvard.edu/api/access/datafile/4044676
doi:10.7910/DVN/WZSQWW,A12_21918.JPG,4044677,https://dataverse.harvard.edu/api/access/datafile/4044677
doi:10.7910/DVN/RP8TIK,A12_21919.JPG,4044678,https://dataverse.harvard.edu/api/access/datafile/4044678
doi:10.7910/DVN/W26ALY,A12_21920.JPG,4044679,https://dataverse.harvard.edu/api/access/datafile/4044679
doi:10.7910/DVN/BLGKEH,A12_21921.JPG,4044680,https://dataverse.harvard.edu/api/access/datafile/4044680
doi:10.7910/DVN/FOPDHA,A12_21922.JPG,4044681,https://dataverse.harvard.edu/api/access/datafile/4044681
doi:10.7910/DVN/B2GHYR,A12_21923.JPG,4044682,https://dataverse.harvard.edu/api/access/datafile/4044682
doi:10.7910/DVN/UQTRWD,A12_21924.JPG,4044683,https://dataverse.harvard.edu/api/access/datafile/4044683
doi:10.7910/DVN/PEY1ZH,A12_21925.JPG,4044684,https://dataverse.harvard.edu/api/access/datafile/4044684
doi:10.7910/DVN/WQ6INP,A12_21926.JPG,4044685,https://dataverse.harvard.edu/api/access/datafile/4044685
doi:10.7910/DVN/HSQ1VR,A12_21927.JPG,4044686,https://dataverse.harvard.edu/api/access/datafile/4044686
doi:10.7910/DVN/RS4EZC,A12_21928.JPG,4044687,https://dataverse.harvard.edu/api/access/datafile/4044687
doi:10.7910/DVN/UWJLKK,A12_21929.JPG,4044688,https://dataverse.harvard.edu/api/access/datafile/4044688
doi:10.7910/DVN/CXZSQY,A12_21930.JPG,4044689,https://dataverse.harvard.edu/api/access/datafile/4044689
doi:10.7910/DVN/I1RUL6,A12_21931.JPG,4044690,https://dataverse.harvard.edu/api/access/datafile/4044690
doi:10.7910/DVN/S6KQ74,A12_21932.JPG,4044691,https://dataverse.harvard.edu/api/access/datafile/4044691
doi:10.7910/DVN/IXFR9G,A12_21933.JPG,4044692,https://dataverse.harvard.edu/api/access/datafile/4044692
doi:10.7910/DVN/WXYXJ1,A12_21934.JPG,4044693,https://dataverse.harvard.edu/api/access/datafile/4044693
doi:10.7910/DVN/F4CRYY,A12_21935.JPG,4044694,https://dataverse.harvard.edu/api/access/datafile/4044694
doi:10.7910/DVN/7HXQTB,A12_21936.JPG,4044695,https://dataverse.harvard.edu/api/access/datafile/4044695
doi:10.7910/DVN/UUQJH1,A12_21937.JPG,4044696,https://dataverse.harvard.edu/api/access/datafile/4044696
doi:10.7910/DVN/WBVKOR,A12_21938.JPG,4044697,https://dataverse.harvard.edu/api/access/datafile/4044697
doi:10.7910/DVN/CSJYL5,A12_21939.JPG,4044698,https://dataverse.harvard.edu/api/access/datafile/4044698
doi:10.7910/DVN/F28E9Z,A12_21940.JPG,4044699,https://dataverse.harvard.edu/api/access/datafile/4044699
doi:10.7910/DVN/YJHK7L,A12_21941.JPG,4044700,https://dataverse.harvard.edu/api/access/datafile/4044700
doi:10.7910/DVN/F5INRM,A12_21942.JPG,4044701,https://dataverse.harvard.edu/api/access/datafile/4044701
doi:10.7910/DVN/LIC9N2,A12_21943.JPG,4044702,https://dataverse.harvard.edu/api/access/datafile/4044702
doi:10.7910/DVN/QKRBBZ,A12_21944.JPG,4044703,https://dataverse.harvard.edu/api/access/datafile/4044703
doi:10.7910/DVN/ONVZ7C,A12_21945.JPG,4044704,https://dataverse.harvard.edu/api/access/datafile/4044704
doi:10.7910/DVN/E7FJS4,A12_21946.JPG,4044705,https://dataverse.harvard.edu/api/access/datafile/4044705
doi:10.7910/DVN/CUQO8G,A12_21947.JPG,4044706,https://dataverse.harvard.edu/api/access/datafile/4044706
doi:10.7910/DVN/H4XUJN,A12_21948.JPG,4044707,https://dataverse.harvard.edu/api/access/datafile/4044707
doi:10.7910/DVN/I4T7W9,A12_21949.JPG,4044708,https://dataverse.harvard.edu/api/access/datafile/4044708
doi:10.7910/DVN/RV5WXR,A12_21950.JPG,4044709,https://dataverse.harvard.edu/api/access/datafile/4044709
doi:10.7910/DVN/HZJFZZ,A12_21951.JPG,4044710,https://dataverse.harvard.edu/api/access/datafile/4044710
doi:10.7910/DVN/YEPMCO,A12_21952.JPG,4044711,https://dataverse.harvard.edu/api/access/datafile/4044711
doi:10.7910/DVN/Q9633N,A12_21953.JPG,4044712,https://dataverse.harvard.edu/api/access/datafile/4044712
doi:10.7910/DVN/YL6NNT,A12_21954.JPG,4044713,https://dataverse.harvard.edu/api/access/datafile/4044713
doi:10.7910/DVN/F9TFYA,A12_21955.JPG,4044714,https://dataverse.harvard.edu/api/access/datafile/4044714
doi:10.7910/DVN/POO6AY,A12_21956.JPG,4044715,https://dataverse.harvard.edu/api/access/datafile/4044715
doi:10.7910/DVN/HAWH4Z,A12_21957.JPG,4044716,https://dataverse.harvard.edu/api/access/datafile/4044716
doi:10.7910/DVN/BLXHDA,A12_21958.JPG,4044717,https://dataverse.harvard.edu/api/access/datafile/4044717
doi:10.7910/DVN/7BFN16,A12_21959.JPG,4044718,https://dataverse.harvard.edu/api/access/datafile/4044718
doi:10.7910/DVN/QOKYQI,A12_21960.JPG,4044719,https://dataverse.harvard.edu/api/access/datafile/4044719
doi:10.7910/DVN/69RSGY,A12_21961.JPG,4044720,https://dataverse.harvard.edu/api/access/datafile/4044720
doi:10.7910/DVN/ARWNBF,A12_21962.JPG,4044721,https://dataverse.harvard.edu/api/access/datafile/4044721
doi:10.7910/DVN/E6PJSC,A12_21963.JPG,4044722,https://dataverse.harvard.edu/api/access/datafile/4044722
doi:10.7910/DVN/MEAINS,A12_21964.JPG,4044723,https://dataverse.harvard.edu/api/access/datafile/4044723
doi:10.7910/DVN/L8MCED,A12_21965.JPG,4044724,https://dataverse.harvard.edu/api/access/datafile/4044724
doi:10.7910/DVN/XF5ZWD,A12_21966.JPG,4044725,https://dataverse.harvard.edu/api/access/datafile/4044725
doi:10.7910/DVN/CEPLS5,A12_21967.JPG,4044726,https://dataverse.harvard.edu/api/access/datafile/4044726
doi:10.7910/DVN/VSXPHZ,A12_21968.JPG,4044727,https://dataverse.harvard.edu/api/access/datafile/4044727
doi:10.7910/DVN/QGABUH,A12_21969.JPG,4044728,https://dataverse.harvard.edu/api/access/datafile/4044728
doi:10.7910/DVN/XNZPBR,A12_21970.JPG,4044729,https://dataverse.harvard.edu/api/access/datafile/4044729
doi:10.7910/DVN/FTSYQL,A12_21972.JPG,4044730,https://dataverse.harvard.edu/api/access/datafile/4044730
doi:10.7910/DVN/R3PSHG,A12_21973.JPG,4044731,https://dataverse.harvard.edu/api/access/datafile/4044731
doi:10.7910/DVN/TEWWIA,A12_21974.JPG,4044732,https://dataverse.harvard.edu/api/access/datafile/4044732
doi:10.7910/DVN/UWJWWF,A12_21975.JPG,4044733,https://dataverse.harvard.edu/api/access/datafile/4044733
doi:10.7910/DVN/ATLNOY,A12_21976.JPG,4044734,https://dataverse.harvard.edu/api/access/datafile/4044734
doi:10.7910/DVN/7MQ9KT,A12_21977.JPG,4044735,https://dataverse.harvard.edu/api/access/datafile/4044735
doi:10.7910/DVN/WCLR01,A12_21978.JPG,4044736,https://dataverse.harvard.edu/api/access/datafile/4044736
doi:10.7910/DVN/V1KHBY,A12_21979.JPG,4044737,https://dataverse.harvard.edu/api/access/datafile/4044737
doi:10.7910/DVN/JDWXBU,A12_21980.JPG,4044738,https://dataverse.harvard.edu/api/access/datafile/4044738
doi:10.7910/DVN/VRUANF,A12_21981.JPG,4044739,https://dataverse.harvard.edu/api/access/datafile/4044739
doi:10.7910/DVN/5QBUJJ,A12_21982.JPG,4044740,https://dataverse.harvard.edu/api/access/datafile/4044740
doi:10.7910/DVN/IGGYNE,A12_21983.JPG,4044741,https://dataverse.harvard.edu/api/access/datafile/4044741
doi:10.7910/DVN/D4KJVQ,A12_21984.JPG,4044742,https://dataverse.harvard.edu/api/access/datafile/4044742
doi:10.7910/DVN/UNAV7Q,A12_21985.JPG,4044743,https://dataverse.harvard.edu/api/access/datafile/4044743
doi:10.7910/DVN/FIOXE3,A12_21986.JPG,4044744,https://dataverse.harvard.edu/api/access/datafile/4044744
doi:10.7910/DVN/CNTRMD,A12_21987.JPG,4044745,https://dataverse.harvard.edu/api/access/datafile/4044745
doi:10.7910/DVN/PIHHTO,A12_21988.JPG,4044746,https://dataverse.harvard.edu/api/access/datafile/4044746
doi:10.7910/DVN/YRMPMM,A12_21989.JPG,4044747,https://dataverse.harvard.edu/api/access/datafile/4044747
doi:10.7910/DVN/6MSZVC,A12_21990.JPG,4044748,https://dataverse.harvard.edu/api/access/datafile/4044748
doi:10.7910/DVN/NTYDXS,A12_21991.JPG,4044749,https://dataverse.harvard.edu/api/access/datafile/4044749
doi:10.7910/DVN/RTHFFT,A12_21992.JPG,4044750,https://dataverse.harvard.edu/api/access/datafile/4044750
doi:10.7910/DVN/JJUMC3,A12_21993.JPG,4044751,https://dataverse.harvard.edu/api/access/datafile/4044751
doi:10.7910/DVN/CWVS3I,A12_21994.JPG,4044752,https://dataverse.harvard.edu/api/access/datafile/4044752
doi:10.7910/DVN/IIXGYW,A12_21995.JPG,4044753,https://dataverse.harvard.edu/api/access/datafile/4044753
doi:10.7910/DVN/BQGZG7,A12_21996.JPG,4044754,https://dataverse.harvard.edu/api/access/datafile/4044754
doi:10.7910/DVN/LBHDQ8,A12_21997.JPG,4044755,https://dataverse.harvard.edu/api/access/datafile/4044755
doi:10.7910/DVN/G3PKA0,A12_21998.JPG,4044756,https://dataverse.harvard.edu/api/access/datafile/4044756
doi:10.7910/DVN/QFYS2M,A12_21999.JPG,4044757,https://dataverse.harvard.edu/api/access/datafile/4044757
doi:10.7910/DVN/RV93DQ,A12_22000.JPG,4044758,https://dataverse.harvard.edu/api/access/datafile/4044758
doi:10.7910/DVN/BEQLJK,A12_22001.JPG,4044759,https://dataverse.harvard.edu/api/access/datafile/4044759
doi:10.7910/DVN/CTIHTG,A12_22002.JPG,4044760,https://dataverse.harvard.edu/api/access/datafile/4044760
doi:10.7910/DVN/NJUOOU,A12_22003.JPG,4044761,https://dataverse.harvard.edu/api/access/datafile/4044761
doi:10.7910/DVN/JHXVHK,A12_22004.JPG,4044762,https://dataverse.harvard.edu/api/access/datafile/4044762
doi:10.7910/DVN/8THBB5,A12_22005.JPG,4044763,https://dataverse.harvard.edu/api/access/datafile/4044763
doi:10.7910/DVN/4NP9A2,A12_22006.JPG,4044764,https://dataverse.harvard.edu/api/access/datafile/4044764
doi:10.7910/DVN/3Z2RWX,A12_22007.JPG,4044765,https://dataverse.harvard.edu/api/access/datafile/4044765
doi:10.7910/DVN/R5FGAN,A12_22008.JPG,4044766,https://dataverse.harvard.edu/api/access/datafile/4044766
doi:10.7910/DVN/CH3RHD,A12_22009.JPG,4044767,https://dataverse.harvard.edu/api/access/datafile/4044767
doi:10.7910/DVN/QHYETE,A12_22010.JPG,4044768,https://dataverse.harvard.edu/api/access/datafile/4044768
doi:10.7910/DVN/2QQAOR,A12_22011.JPG,4044769,https://dataverse.harvard.edu/api/access/datafile/4044769
doi:10.7910/DVN/A4M9OA,A12_22012.JPG,4044770,https://dataverse.harvard.edu/api/access/datafile/4044770
doi:10.7910/DVN/3ZFKME,A12_22013.JPG,4044771,https://dataverse.harvard.edu/api/access/datafile/4044771
doi:10.7910/DVN/PM1CGJ,A12_22014.JPG,4044772,https://dataverse.harvard.edu/api/access/datafile/4044772
doi:10.7910/DVN/YQ72XO,A12_22015.JPG,4044773,https://dataverse.harvard.edu/api/access/datafile/4044773
doi:10.7910/DVN/YWXEUA,A12_22016.JPG,4044774,https://dataverse.harvard.edu/api/access/datafile/4044774
doi:10.7910/DVN/WTCVIV,A12_22017.JPG,4044775,https://dataverse.harvard.edu/api/access/datafile/4044775
doi:10.7910/DVN/2BP0RJ,A12_22018.JPG,4044776,https://dataverse.harvard.edu/api/access/datafile/4044776
doi:10.7910/DVN/V2R3IW,A12_22019.JPG,4044777,https://dataverse.harvard.edu/api/access/datafile/4044777
doi:10.7910/DVN/6SUHXG,A12_22020.JPG,4044778,https://dataverse.harvard.edu/api/access/datafile/4044778
doi:10.7910/DVN/ARZRQG,A12_22021.JPG,4044779,https://dataverse.harvard.edu/api/access/datafile/4044779
doi:10.7910/DVN/H0QNSZ,A12_22022.JPG,4044780,https://dataverse.harvard.edu/api/access/datafile/4044780
doi:10.7910/DVN/RR94IH,A12_22023.JPG,4044781,https://dataverse.harvard.edu/api/access/datafile/4044781
doi:10.7910/DVN/8HZYED,A12_22024.JPG,4044782,https://dataverse.harvard.edu/api/access/datafile/4044782
doi:10.7910/DVN/VHXHV8,A12_22025.JPG,4044783,https://dataverse.harvard.edu/api/access/datafile/4044783
doi:10.7910/DVN/YSBKNS,A12_22026.JPG,4044784,https://dataverse.harvard.edu/api/access/datafile/4044784
doi:10.7910/DVN/BRSLYV,A12_22027.JPG,4044785,https://dataverse.harvard.edu/api/access/datafile/4044785
doi:10.7910/DVN/RX0JCC,A12_22028.JPG,4044786,https://dataverse.harvard.edu/api/access/datafile/4044786
doi:10.7910/DVN/EOF6ZR,A12_22029.JPG,4044787,https://dataverse.harvard.edu/api/access/datafile/4044787
doi:10.7910/DVN/ZDSN6Z,A12_22030.JPG,4044788,https://dataverse.harvard.edu/api/access/datafile/4044788
doi:10.7910/DVN/4LN9WO,A12_22031.JPG,4044789,https://dataverse.harvard.edu/api/access/datafile/4044789
doi:10.7910/DVN/ZFW1QF,A12_22032.JPG,4044790,https://dataverse.harvard.edu/api/access/datafile/4044790
doi:10.7910/DVN/ULXMW4,A12_22033.JPG,4044791,https://dataverse.harvard.edu/api/access/datafile/4044791
doi:10.7910/DVN/T1A6RN,A12_22034.JPG,4044792,https://dataverse.harvard.edu/api/access/datafile/4044792
doi:10.7910/DVN/RAEDAZ,A12_22035.JPG,4044793,https://dataverse.harvard.edu/api/access/datafile/4044793
doi:10.7910/DVN/AJHLPJ,A12_22036.JPG,4044794,https://dataverse.harvard.edu/api/access/datafile/4044794
doi:10.7910/DVN/CXQ34D,A12_22037.JPG,4044795,https://dataverse.harvard.edu/api/access/datafile/4044795
doi:10.7910/DVN/YAQQEW,A12_22038.JPG,4044796,https://dataverse.harvard.edu/api/access/datafile/4044796
doi:10.7910/DVN/D1WRT0,A12_22039.JPG,4044797,https://dataverse.harvard.edu/api/access/datafile/4044797
doi:10.7910/DVN/NKQOSY,A12_22040.JPG,4044798,https://dataverse.harvard.edu/api/access/datafile/4044798
doi:10.7910/DVN/TAP9OZ,A12_22041.JPG,4044799,https://dataverse.harvard.edu/api/access/datafile/4044799
doi:10.7910/DVN/RCIJFA,A12_22042.JPG,4044800,https://dataverse.harvard.edu/api/access/datafile/4044800
doi:10.7910/DVN/S8IXLO,A12_22043.JPG,4044801,https://dataverse.harvard.edu/api/access/datafile/4044801
doi:10.7910/DVN/OCXORK,A12_22044.JPG,4044802,https://dataverse.harvard.edu/api/access/datafile/4044802
doi:10.7910/DVN/FDTKPR,A12_22045.JPG,4044803,https://dataverse.harvard.edu/api/access/datafile/4044803
doi:10.7910/DVN/I4JHPM,A12_22046.JPG,4044804,https://dataverse.harvard.edu/api/access/datafile/4044804
doi:10.7910/DVN/GQOBNV,A12_22047.JPG,4044805,https://dataverse.harvard.edu/api/access/datafile/4044805
doi:10.7910/DVN/TZUSJF,A12_22048.JPG,4044806,https://dataverse.harvard.edu/api/access/datafile/4044806
doi:10.7910/DVN/TPZ4DH,A12_22049.JPG,4044807,https://dataverse.harvard.edu/api/access/datafile/4044807
doi:10.7910/DVN/YNIUML,A12_22050.JPG,4044808,https://dataverse.harvard.edu/api/access/datafile/4044808
doi:10.7910/DVN/FSBDM6,A12_22051.JPG,4044809,https://dataverse.harvard.edu/api/access/datafile/4044809
doi:10.7910/DVN/MLVSG8,A12_22052.JPG,4044810,https://dataverse.harvard.edu/api/access/datafile/4044810
doi:10.7910/DVN/RKPT35,A12_22053.JPG,4044811,https://dataverse.harvard.edu/api/access/datafile/4044811
doi:10.7910/DVN/PDHD39,A12_22054.JPG,4044812,https://dataverse.harvard.edu/api/access/datafile/4044812
doi:10.7910/DVN/XEGG1W,A12_22055.JPG,4044813,https://dataverse.harvard.edu/api/access/datafile/4044813
doi:10.7910/DVN/AXBDNM,A12_22056.JPG,4044814,https://dataverse.harvard.edu/api/access/datafile/4044814
doi:10.7910/DVN/FNAEXH,A12_22057.JPG,4044815,https://dataverse.harvard.edu/api/access/datafile/4044815
doi:10.7910/DVN/T8MQA5,A12_22058.JPG,4044816,https://dataverse.harvard.edu/api/access/datafile/4044816
doi:10.7910/DVN/MDJPFU,A12_22059.JPG,4044817,https://dataverse.harvard.edu/api/access/datafile/4044817
doi:10.7910/DVN/6BL4LU,A12_22060.JPG,4044818,https://dataverse.harvard.edu/api/access/datafile/4044818
doi:10.7910/DVN/ZEUFW3,A12_22061.JPG,4044819,https://dataverse.harvard.edu/api/access/datafile/4044819
doi:10.7910/DVN/WZZCKN,A12_22062.JPG,4044820,https://dataverse.harvard.edu/api/access/datafile/4044820
doi:10.7910/DVN/IVMNOB,A12_22063.JPG,4044821,https://dataverse.harvard.edu/api/access/datafile/4044821
doi:10.7910/DVN/7EBZN9,A12_22064.JPG,4044822,https://dataverse.harvard.edu/api/access/datafile/4044822
doi:10.7910/DVN/BBBGKI,A12_22065.JPG,4044823,https://dataverse.harvard.edu/api/access/datafile/4044823
doi:10.7910/DVN/8UUPOW,A12_22066.JPG,4044824,https://dataverse.harvard.edu/api/access/datafile/4044824
doi:10.7910/DVN/XDGLGS,A12_22067.JPG,4044825,https://dataverse.harvard.edu/api/access/datafile/4044825
doi:10.7910/DVN/8WKQNX,A12_22068.JPG,4044826,https://dataverse.harvard.edu/api/access/datafile/4044826
doi:10.7910/DVN/MCXH3O,A12_22069.JPG,4044827,https://dataverse.harvard.edu/api/access/datafile/4044827
doi:10.7910/DVN/MQVIWI,A12_22070.JPG,4044828,https://dataverse.harvard.edu/api/access/datafile/4044828
doi:10.7910/DVN/5TVT5O,A12_22071.JPG,4044829,https://dataverse.harvard.edu/api/access/datafile/4044829
doi:10.7910/DVN/SKG4EA,A12_22072.JPG,4044830,https://dataverse.harvard.edu/api/access/datafile/4044830
doi:10.7910/DVN/4VL2OI,A12_22073.JPG,4044831,https://dataverse.harvard.edu/api/access/datafile/4044831
doi:10.7910/DVN/NVXERD,A12_22074.JPG,4044832,https://dataverse.harvard.edu/api/access/datafile/4044832
doi:10.7910/DVN/HRQAED,A12_22075.JPG,4044833,https://dataverse.harvard.edu/api/access/datafile/4044833
doi:10.7910/DVN/JF6LE0,A12_22076.JPG,4044834,https://dataverse.harvard.edu/api/access/datafile/4044834
doi:10.7910/DVN/RSVBOU,A12_22077.JPG,4044835,https://dataverse.harvard.edu/api/access/datafile/4044835
doi:10.7910/DVN/9BAXFQ,A12_22078.JPG,4044836,https://dataverse.harvard.edu/api/access/datafile/4044836
doi:10.7910/DVN/YDBP3J,A12_22079.JPG,4044837,https://dataverse.harvard.edu/api/access/datafile/4044837
doi:10.7910/DVN/RSRZRP,A12_22080.JPG,4044838,https://dataverse.harvard.edu/api/access/datafile/4044838
doi:10.7910/DVN/AIWJDO,A12_22081.JPG,4044839,https://dataverse.harvard.edu/api/access/datafile/4044839
doi:10.7910/DVN/HUTHWU,A12_22082.JPG,4044840,https://dataverse.harvard.edu/api/access/datafile/4044840
doi:10.7910/DVN/9TMXPX,A12_22083.JPG,4044841,https://dataverse.harvard.edu/api/access/datafile/4044841
doi:10.7910/DVN/PI5GQ5,A12_22084.JPG,4044842,https://dataverse.harvard.edu/api/access/datafile/4044842
doi:10.7910/DVN/MR8MQ6,A12_22085.JPG,4044843,https://dataverse.harvard.edu/api/access/datafile/4044843
doi:10.7910/DVN/6QMFVH,A12_22086.JPG,4044844,https://dataverse.harvard.edu/api/access/datafile/4044844
doi:10.7910/DVN/4DMQR0,A12_22087.JPG,4044845,https://dataverse.harvard.edu/api/access/datafile/4044845
doi:10.7910/DVN/GJTYD3,A12_22088.JPG,4044846,https://dataverse.harvard.edu/api/access/datafile/4044846
doi:10.7910/DVN/F1JUDF,A12_22089.JPG,4044847,https://dataverse.harvard.edu/api/access/datafile/4044847
doi:10.7910/DVN/WX2AHW,A12_22090.JPG,4044848,https://dataverse.harvard.edu/api/access/datafile/4044848
doi:10.7910/DVN/G165QR,A12_22091.JPG,4044849,https://dataverse.harvard.edu/api/access/datafile/4044849
doi:10.7910/DVN/DYA1DY,A12_22092.JPG,4044850,https://dataverse.harvard.edu/api/access/datafile/4044850
doi:10.7910/DVN/3PT8I1,A12_22093.JPG,4044851,https://dataverse.harvard.edu/api/access/datafile/4044851
doi:10.7910/DVN/1AU1W2,A12_22094.JPG,4044852,https://dataverse.harvard.edu/api/access/datafile/4044852
doi:10.7910/DVN/AG6XD6,A12_22095.JPG,4044853,https://dataverse.harvard.edu/api/access/datafile/4044853
doi:10.7910/DVN/G5WNYS,A12_22096.JPG,4044854,https://dataverse.harvard.edu/api/access/datafile/4044854
doi:10.7910/DVN/VCZTNF,A12_22097.JPG,4044855,https://dataverse.harvard.edu/api/access/datafile/4044855
doi:10.7910/DVN/L2DQX7,A12_22098.JPG,4044856,https://dataverse.harvard.edu/api/access/datafile/4044856
doi:10.7910/DVN/66OUES,A12_22099.JPG,4044857,https://dataverse.harvard.edu/api/access/datafile/4044857
doi:10.7910/DVN/MPS2UY,A12_22100.JPG,4044858,https://dataverse.harvard.edu/api/access/datafile/4044858
doi:10.7910/DVN/KDII4A,A12_22101.JPG,4044859,https://dataverse.harvard.edu/api/access/datafile/4044859
doi:10.7910/DVN/U8DVZ4,A12_22102.JPG,4044860,https://dataverse.harvard.edu/api/access/datafile/4044860
doi:10.7910/DVN/UGCOBE,A12_22103.JPG,4044861,https://dataverse.harvard.edu/api/access/datafile/4044861
doi:10.7910/DVN/5PG14A,A12_22104.JPG,4044862,https://dataverse.harvard.edu/api/access/datafile/4044862
doi:10.7910/DVN/8OZMFL,A12_22105.JPG,4044863,https://dataverse.harvard.edu/api/access/datafile/4044863
doi:10.7910/DVN/YQNI1H,A12_22106.JPG,4044864,https://dataverse.harvard.edu/api/access/datafile/4044864
doi:10.7910/DVN/HWMBRN,A12_22107.JPG,4044865,https://dataverse.harvard.edu/api/access/datafile/4044865
doi:10.7910/DVN/8TNWBE,A12_22108.JPG,4044866,https://dataverse.harvard.edu/api/access/datafile/4044866
doi:10.7910/DVN/22TVPM,A12_22109.JPG,4044867,https://dataverse.harvard.edu/api/access/datafile/4044867
doi:10.7910/DVN/IAFPOP,A12_22110.JPG,4044868,https://dataverse.harvard.edu/api/access/datafile/4044868
doi:10.7910/DVN/IP0JSL,A12_22111.JPG,4044869,https://dataverse.harvard.edu/api/access/datafile/4044869
doi:10.7910/DVN/YWAZPD,A12_22112.JPG,4044870,https://dataverse.harvard.edu/api/access/datafile/4044870
doi:10.7910/DVN/EJCHDH,A12_22113.JPG,4044871,https://dataverse.harvard.edu/api/access/datafile/4044871
doi:10.7910/DVN/K2T8OK,A12_22114.JPG,4044872,https://dataverse.harvard.edu/api/access/datafile/4044872
doi:10.7910/DVN/C6LNX0,A12_22115.JPG,4044873,https://dataverse.harvard.edu/api/access/datafile/4044873
doi:10.7910/DVN/MX2MFV,A12_22116.JPG,4044874,https://dataverse.harvard.edu/api/access/datafile/4044874
doi:10.7910/DVN/QSJB6T,A12_22117.JPG,4044875,https://dataverse.harvard.edu/api/access/datafile/4044875
doi:10.7910/DVN/9K6MVV,A12_22118.JPG,4044876,https://dataverse.harvard.edu/api/access/datafile/4044876
doi:10.7910/DVN/EQTOZZ,A12_22119.JPG,4044877,https://dataverse.harvard.edu/api/access/datafile/4044877
doi:10.7910/DVN/M9IXDJ,A12_22120.JPG,4044878,https://dataverse.harvard.edu/api/access/datafile/4044878
doi:10.7910/DVN/25YDYY,A12_22121.JPG,4044879,https://dataverse.harvard.edu/api/access/datafile/4044879
doi:10.7910/DVN/J8AFDF,A12_22122.JPG,4044880,https://dataverse.harvard.edu/api/access/datafile/4044880
doi:10.7910/DVN/DAPFIE,A12_22123.JPG,4044881,https://dataverse.harvard.edu/api/access/datafile/4044881
doi:10.7910/DVN/WUQDEI,A12_22124.JPG,4044882,https://dataverse.harvard.edu/api/access/datafile/4044882
doi:10.7910/DVN/LWDW82,A12_22125.JPG,4044883,https://dataverse.harvard.edu/api/access/datafile/4044883
doi:10.7910/DVN/NVKXFF,A12_22126.JPG,4044884,https://dataverse.harvard.edu/api/access/datafile/4044884
doi:10.7910/DVN/4DJTQ4,A12_22127.JPG,4044885,https://dataverse.harvard.edu/api/access/datafile/4044885
doi:10.7910/DVN/HSKXMS,A12_22128.JPG,4044886,https://dataverse.harvard.edu/api/access/datafile/4044886
doi:10.7910/DVN/6QPCH7,A12_22129.JPG,4044887,https://dataverse.harvard.edu/api/access/datafile/4044887
doi:10.7910/DVN/RDSOEH,A12_22130.JPG,4044888,https://dataverse.harvard.edu/api/access/datafile/4044888
doi:10.7910/DVN/XATPXN,A12_22131.JPG,4044889,https://dataverse.harvard.edu/api/access/datafile/4044889
doi:10.7910/DVN/BPMXGW,A12_22132.JPG,4044890,https://dataverse.harvard.edu/api/access/datafile/4044890
doi:10.7910/DVN/VDWE4Z,A12_22133.JPG,4044891,https://dataverse.harvard.edu/api/access/datafile/4044891
doi:10.7910/DVN/JZJRJ6,A12_22134.JPG,4044892,https://dataverse.harvard.edu/api/access/datafile/4044892
doi:10.7910/DVN/UEIRYX,A12_22135.JPG,4044893,https://dataverse.harvard.edu/api/access/datafile/4044893
doi:10.7910/DVN/EOCYLQ,A12_22136.JPG,4044894,https://dataverse.harvard.edu/api/access/datafile/4044894
doi:10.7910/DVN/3XMJZ9,A12_22137.JPG,4044895,https://dataverse.harvard.edu/api/access/datafile/4044895
doi:10.7910/DVN/KHZZMT,A12_22138.JPG,4044896,https://dataverse.harvard.edu/api/access/datafile/4044896
doi:10.7910/DVN/DMIZKH,A12_22139.JPG,4044897,https://dataverse.harvard.edu/api/access/datafile/4044897
doi:10.7910/DVN/GDZKFH,A12_22140.JPG,4044898,https://dataverse.harvard.edu/api/access/datafile/4044898
doi:10.7910/DVN/MHGKIP,A12_22141.JPG,4044899,https://dataverse.harvard.edu/api/access/datafile/4044899
doi:10.7910/DVN/C3CBRW,A12_22142.JPG,4044900,https://dataverse.harvard.edu/api/access/datafile/4044900
doi:10.7910/DVN/AN9KSU,A12_22143.JPG,4044901,https://dataverse.harvard.edu/api/access/datafile/4044901
doi:10.7910/DVN/7CYKZ9,A12_22144.JPG,4044902,https://dataverse.harvard.edu/api/access/datafile/4044902
doi:10.7910/DVN/ZF0SRN,A12_22145.JPG,4044903,https://dataverse.harvard.edu/api/access/datafile/4044903
doi:10.7910/DVN/HVPQAR,A12_22146.JPG,4044904,https://dataverse.harvard.edu/api/access/datafile/4044904
doi:10.7910/DVN/RRSXDI,A12_22147.JPG,4044905,https://dataverse.harvard.edu/api/access/datafile/4044905
doi:10.7910/DVN/RIKUOO,A12_22148.JPG,4044906,https://dataverse.harvard.edu/api/access/datafile/4044906
doi:10.7910/DVN/5EWG6R,A12_22149.JPG,4044907,https://dataverse.harvard.edu/api/access/datafile/4044907
doi:10.7910/DVN/3M8UDI,A12_22150.JPG,4044908,https://dataverse.harvard.edu/api/access/datafile/4044908
doi:10.7910/DVN/X8VDRQ,A12_22151.JPG,4044909,https://dataverse.harvard.edu/api/access/datafile/4044909
doi:10.7910/DVN/SDOPCU,A12_22152.JPG,4044910,https://dataverse.harvard.edu/api/access/datafile/4044910
doi:10.7910/DVN/P07DAH,A12_22153.JPG,4044911,https://dataverse.harvard.edu/api/access/datafile/4044911
doi:10.7910/DVN/R4SEOL,A12_22154.JPG,4044912,https://dataverse.harvard.edu/api/access/datafile/4044912
doi:10.7910/DVN/3M0OZM,A12_22155.JPG,4044913,https://dataverse.harvard.edu/api/access/datafile/4044913
doi:10.7910/DVN/PYLZ9I,A12_22156.JPG,4044914,https://dataverse.harvard.edu/api/access/datafile/4044914
doi:10.7910/DVN/ADAVOF,A12_22157.JPG,4044915,https://dataverse.harvard.edu/api/access/datafile/4044915
doi:10.7910/DVN/X5OTJJ,A12_22158.JPG,4044916,https://dataverse.harvard.edu/api/access/datafile/4044916
doi:10.7910/DVN/COMHZI,A12_22159.JPG,4044917,https://dataverse.harvard.edu/api/access/datafile/4044917
doi:10.7910/DVN/IU17UU,A12_22160.JPG,4044918,https://dataverse.harvard.edu/api/access/datafile/4044918
doi:10.7910/DVN/KKSFSM,A12_22161.JPG,4044919,https://dataverse.harvard.edu/api/access/datafile/4044919
doi:10.7910/DVN/1ZRCKA,A12_22162.JPG,4044920,https://dataverse.harvard.edu/api/access/datafile/4044920
doi:10.7910/DVN/LCAFOY,A12_22163.JPG,4044921,https://dataverse.harvard.edu/api/access/datafile/4044921
doi:10.7910/DVN/NYYE7S,A12_22164.JPG,4044922,https://dataverse.harvard.edu/api/access/datafile/4044922
doi:10.7910/DVN/RXXSXQ,A12_22165.JPG,4044923,https://dataverse.harvard.edu/api/access/datafile/4044923
doi:10.7910/DVN/VXMTZP,A12_22166.JPG,4044924,https://dataverse.harvard.edu/api/access/datafile/4044924
doi:10.7910/DVN/Y5LM1R,A12_22167.JPG,4044925,https://dataverse.harvard.edu/api/access/datafile/4044925
doi:10.7910/DVN/ACIOWI,A12_22168.JPG,4044926,https://dataverse.harvard.edu/api/access/datafile/4044926
doi:10.7910/DVN/F1ZHQJ,A12_22169.JPG,4044927,https://dataverse.harvard.edu/api/access/datafile/4044927
doi:10.7910/DVN/WF5COY,A12_22170.JPG,4044928,https://dataverse.harvard.edu/api/access/datafile/4044928
doi:10.7910/DVN/RXTPPX,A12_22171.JPG,4044929,https://dataverse.harvard.edu/api/access/datafile/4044929
doi:10.7910/DVN/TDTDVE,A12_22172.JPG,4044930,https://dataverse.harvard.edu/api/access/datafile/4044930
doi:10.7910/DVN/E9762S,A12_22173.JPG,4044931,https://dataverse.harvard.edu/api/access/datafile/4044931
doi:10.7910/DVN/BHNBHT,A12_22174.JPG,4044932,https://dataverse.harvard.edu/api/access/datafile/4044932
doi:10.7910/DVN/GUHX33,A12_22175.JPG,4044933,https://dataverse.harvard.edu/api/access/datafile/4044933
doi:10.7910/DVN/ZXLKIK,A12_22176.JPG,4044934,https://dataverse.harvard.edu/api/access/datafile/4044934
doi:10.7910/DVN/EK8CJE,A12_22177.JPG,4044935,https://dataverse.harvard.edu/api/access/datafile/4044935
doi:10.7910/DVN/RDLDAK,A12_22178.JPG,4044936,https://dataverse.harvard.edu/api/access/datafile/4044936
doi:10.7910/DVN/WB87DK,A12_22179.JPG,4044937,https://dataverse.harvard.edu/api/access/datafile/4044937
doi:10.7910/DVN/KKVRFB,A12_22180.JPG,4044938,https://dataverse.harvard.edu/api/access/datafile/4044938
doi:10.7910/DVN/UO9Z6Q,A12_22181.JPG,4044939,https://dataverse.harvard.edu/api/access/datafile/4044939
doi:10.7910/DVN/SXXJDA,A12_22182.JPG,4044940,https://dataverse.harvard.edu/api/access/datafile/4044940
doi:10.7910/DVN/KUEY73,A12_22183.JPG,4044941,https://dataverse.harvard.edu/api/access/datafile/4044941
doi:10.7910/DVN/HPUL5N,A12_22184.JPG,4044942,https://dataverse.harvard.edu/api/access/datafile/4044942
doi:10.7910/DVN/QKFIWN,A12_22185.JPG,4044943,https://dataverse.harvard.edu/api/access/datafile/4044943
doi:10.7910/DVN/JJ553R,A12_22186.JPG,4044944,https://dataverse.harvard.edu/api/access/datafile/4044944
doi:10.7910/DVN/ZIVMLD,A12_22187.JPG,4044945,https://dataverse.harvard.edu/api/access/datafile/4044945
doi:10.7910/DVN/A7WKUH,A12_22188.JPG,4044946,https://dataverse.harvard.edu/api/access/datafile/4044946
doi:10.7910/DVN/8MSHJT,A12_22189.JPG,4044947,https://dataverse.harvard.edu/api/access/datafile/4044947
doi:10.7910/DVN/U1AOX8,A12_22190.JPG,4044948,https://dataverse.harvard.edu/api/access/datafile/4044948
doi:10.7910/DVN/6QV6QP,A12_22191.JPG,4044949,https://dataverse.harvard.edu/api/access/datafile/4044949
doi:10.7910/DVN/IQ4FBP,A12_22192.JPG,4044950,https://dataverse.harvard.edu/api/access/datafile/4044950
doi:10.7910/DVN/TKE5MI,A12_22193.JPG,4044951,https://dataverse.harvard.edu/api/access/datafile/4044951
doi:10.7910/DVN/KJS3JF,A12_22194.JPG,4044952,https://dataverse.harvard.edu/api/access/datafile/4044952
doi:10.7910/DVN/6I2HPE,A12_22195.JPG,4044953,https://dataverse.harvard.edu/api/access/datafile/4044953
doi:10.7910/DVN/4OBEAS,A12_22196.JPG,4044954,https://dataverse.harvard.edu/api/access/datafile/4044954
doi:10.7910/DVN/BIW9GG,A12_22197.JPG,4044955,https://dataverse.harvard.edu/api/access/datafile/4044955
doi:10.7910/DVN/R7OBK4,A12_22198.JPG,4044956,https://dataverse.harvard.edu/api/access/datafile/4044956
doi:10.7910/DVN/FFR9D8,A12_22199.JPG,4044957,https://dataverse.harvard.edu/api/access/datafile/4044957
doi:10.7910/DVN/FZ90X6,A12_22201.JPG,4044958,https://dataverse.harvard.edu/api/access/datafile/4044958
doi:10.7910/DVN/HWMNGG,A12_22202.JPG,4044959,https://dataverse.harvard.edu/api/access/datafile/4044959
doi:10.7910/DVN/GFSMUL,A12_22203.JPG,4044960,https://dataverse.harvard.edu/api/access/datafile/4044960
doi:10.7910/DVN/SPGWLB,A12_22204.JPG,4044961,https://dataverse.harvard.edu/api/access/datafile/4044961
doi:10.7910/DVN/NTOX3D,A12_22205.JPG,4044962,https://dataverse.harvard.edu/api/access/datafile/4044962
doi:10.7910/DVN/GEQKRZ,A12_22206.JPG,4044963,https://dataverse.harvard.edu/api/access/datafile/4044963
doi:10.7910/DVN/GBKJKP,A12_22207.JPG,4044964,https://dataverse.harvard.edu/api/access/datafile/4044964
doi:10.7910/DVN/SF05JH,A12_22208.JPG,4044965,https://dataverse.harvard.edu/api/access/datafile/4044965
doi:10.7910/DVN/7BLIC3,A12_22209.JPG,4044966,https://dataverse.harvard.edu/api/access/datafile/4044966
doi:10.7910/DVN/H1HJLC,A12_22210.JPG,4044967,https://dataverse.harvard.edu/api/access/datafile/4044967
doi:10.7910/DVN/5FESB0,A12_22211.JPG,4044968,https://dataverse.harvard.edu/api/access/datafile/4044968
doi:10.7910/DVN/IOP87L,A12_22212.JPG,4044969,https://dataverse.harvard.edu/api/access/datafile/4044969
doi:10.7910/DVN/HAFRZA,A12_22213.JPG,4044970,https://dataverse.harvard.edu/api/access/datafile/4044970
doi:10.7910/DVN/QAI0AL,A12_22214.JPG,4044971,https://dataverse.harvard.edu/api/access/datafile/4044971
doi:10.7910/DVN/KEOBAL,A12_22215.JPG,4044972,https://dataverse.harvard.edu/api/access/datafile/4044972
doi:10.7910/DVN/BQSG98,A12_22216.JPG,4044973,https://dataverse.harvard.edu/api/access/datafile/4044973
doi:10.7910/DVN/CBF9NU,A12_22217.JPG,4044974,https://dataverse.harvard.edu/api/access/datafile/4044974
doi:10.7910/DVN/SEHOKO,A12_22218.JPG,4044975,https://dataverse.harvard.edu/api/access/datafile/4044975
doi:10.7910/DVN/8EPKVS,A12_22219.JPG,4044976,https://dataverse.harvard.edu/api/access/datafile/4044976
doi:10.7910/DVN/UXMY0T,A12_22220.JPG,4044977,https://dataverse.harvard.edu/api/access/datafile/4044977
doi:10.7910/DVN/7GWIQW,A12_22221.JPG,4044978,https://dataverse.harvard.edu/api/access/datafile/4044978
doi:10.7910/DVN/PRVVNW,A12_22222.JPG,4044979,https://dataverse.harvard.edu/api/access/datafile/4044979
doi:10.7910/DVN/33WFA9,A12_22223.JPG,4044980,https://dataverse.harvard.edu/api/access/datafile/4044980
doi:10.7910/DVN/FEAINV,A12_22224.JPG,4044981,https://dataverse.harvard.edu/api/access/datafile/4044981
doi:10.7910/DVN/W2IFBB,A12_22225.JPG,4044982,https://dataverse.harvard.edu/api/access/datafile/4044982
doi:10.7910/DVN/SBOWDZ,A12_22226.JPG,4044983,https://dataverse.harvard.edu/api/access/datafile/4044983
doi:10.7910/DVN/NPVSEQ,A12_22227.JPG,4044984,https://dataverse.harvard.edu/api/access/datafile/4044984
doi:10.7910/DVN/IUHOZA,A12_22228.JPG,4044985,https://dataverse.harvard.edu/api/access/datafile/4044985
doi:10.7910/DVN/ZWNUNG,A12_22229.JPG,4044986,https://dataverse.harvard.edu/api/access/datafile/4044986
doi:10.7910/DVN/2WEHEC,A12_22230.JPG,4044987,https://dataverse.harvard.edu/api/access/datafile/4044987
doi:10.7910/DVN/CRWFEB,A12_22231.JPG,4044988,https://dataverse.harvard.edu/api/access/datafile/4044988
doi:10.7910/DVN/S5WIY5,A12_22232.JPG,4044989,https://dataverse.harvard.edu/api/access/datafile/4044989
doi:10.7910/DVN/9GYOFL,A12_22233.JPG,4044990,https://dataverse.harvard.edu/api/access/datafile/4044990
doi:10.7910/DVN/GZVIRF,A12_22234.JPG,4044991,https://dataverse.harvard.edu/api/access/datafile/4044991
doi:10.7910/DVN/XFFMHZ,A12_22235.JPG,4044992,https://dataverse.harvard.edu/api/access/datafile/4044992
doi:10.7910/DVN/EGOUQH,A12_22236.JPG,4044993,https://dataverse.harvard.edu/api/access/datafile/4044993
doi:10.7910/DVN/EUFOOR,A12_22237.JPG,4044994,https://dataverse.harvard.edu/api/access/datafile/4044994
doi:10.7910/DVN/GSQIW0,A12_22238.JPG,4044995,https://dataverse.harvard.edu/api/access/datafile/4044995
doi:10.7910/DVN/S6UBLH,A12_22239.JPG,4044996,https://dataverse.harvard.edu/api/access/datafile/4044996
doi:10.7910/DVN/I1X0LT,A12_22240.JPG,4044997,https://dataverse.harvard.edu/api/access/datafile/4044997
doi:10.7910/DVN/QILFKS,A12_22241.JPG,4044998,https://dataverse.harvard.edu/api/access/datafile/4044998
doi:10.7910/DVN/TPQEQ1,A12_22242.JPG,4044999,https://dataverse.harvard.edu/api/access/datafile/4044999
doi:10.7910/DVN/NFN5W1,A12_22243.JPG,4045000,https://dataverse.harvard.edu/api/access/datafile/4045000
doi:10.7910/DVN/4IIBPP,A12_22244.JPG,4045001,https://dataverse.harvard.edu/api/access/datafile/4045001
doi:10.7910/DVN/XECWRR,A12_22245.JPG,4045002,https://dataverse.harvard.edu/api/access/datafile/4045002
doi:10.7910/DVN/297HRX,A12_22246.JPG,4045003,https://dataverse.harvard.edu/api/access/datafile/4045003
doi:10.7910/DVN/Q2C1FK,A12_22247.JPG,4045004,https://dataverse.harvard.edu/api/access/datafile/4045004
doi:10.7910/DVN/KOMJG9,A12_22248.JPG,4045005,https://dataverse.harvard.edu/api/access/datafile/4045005
doi:10.7910/DVN/DZ9Y98,A12_22249.JPG,4045006,https://dataverse.harvard.edu/api/access/datafile/4045006
doi:10.7910/DVN/AD9POU,A12_22250.JPG,4045007,https://dataverse.harvard.edu/api/access/datafile/4045007
doi:10.7910/DVN/2WFZOK,A12_22251.JPG,4045008,https://dataverse.harvard.edu/api/access/datafile/4045008
doi:10.7910/DVN/PJWUMQ,A12_22252.JPG,4045009,https://dataverse.harvard.edu/api/access/datafile/4045009
doi:10.7910/DVN/E7NXHE,A12_22253.JPG,4045010,https://dataverse.harvard.edu/api/access/datafile/4045010
doi:10.7910/DVN/YRN73N,A12_22254.JPG,4045011,https://dataverse.harvard.edu/api/access/datafile/4045011
doi:10.7910/DVN/FN2CSM,A12_22255.JPG,4045012,https://dataverse.harvard.edu/api/access/datafile/4045012
doi:10.7910/DVN/APKKHY,A12_22256.JPG,4045013,https://dataverse.harvard.edu/api/access/datafile/4045013
doi:10.7910/DVN/OP8NRF,A12_22257.JPG,4045014,https://dataverse.harvard.edu/api/access/datafile/4045014
doi:10.7910/DVN/BTVG2B,A12_22258.JPG,4045015,https://dataverse.harvard.edu/api/access/datafile/4045015
doi:10.7910/DVN/UIJZEN,A12_22259.JPG,4045016,https://dataverse.harvard.edu/api/access/datafile/4045016
doi:10.7910/DVN/ACFO31,A12_22260.JPG,4045017,https://dataverse.harvard.edu/api/access/datafile/4045017
doi:10.7910/DVN/KIOSXW,A12_22261.JPG,4045018,https://dataverse.harvard.edu/api/access/datafile/4045018
doi:10.7910/DVN/QY9DCH,A12_22262.JPG,4045019,https://dataverse.harvard.edu/api/access/datafile/4045019
doi:10.7910/DVN/97KCAY,A12_22263.JPG,4045020,https://dataverse.harvard.edu/api/access/datafile/4045020
doi:10.7910/DVN/WPSTHV,A12_22264.JPG,4045021,https://dataverse.harvard.edu/api/access/datafile/4045021
doi:10.7910/DVN/JBB31I,A12_22265.JPG,4045022,https://dataverse.harvard.edu/api/access/datafile/4045022
doi:10.7910/DVN/LA3MGA,A12_22266.JPG,4045023,https://dataverse.harvard.edu/api/access/datafile/4045023
doi:10.7910/DVN/VKMYVL,A12_22267.JPG,4045024,https://dataverse.harvard.edu/api/access/datafile/4045024
doi:10.7910/DVN/DIMSYR,A12_22268.JPG,4045025,https://dataverse.harvard.edu/api/access/datafile/4045025
doi:10.7910/DVN/S0E39C,A12_22269.JPG,4045026,https://dataverse.harvard.edu/api/access/datafile/4045026
doi:10.7910/DVN/ZIW8TG,A12_22270.JPG,4045027,https://dataverse.harvard.edu/api/access/datafile/4045027
doi:10.7910/DVN/CYEMA5,A12_22271.JPG,4045028,https://dataverse.harvard.edu/api/access/datafile/4045028
doi:10.7910/DVN/F6IGOZ,A12_22272.JPG,4045029,https://dataverse.harvard.edu/api/access/datafile/4045029
doi:10.7910/DVN/FMK2A9,A12_22273.JPG,4045030,https://dataverse.harvard.edu/api/access/datafile/4045030
doi:10.7910/DVN/CC974C,A12_22274.JPG,4045031,https://dataverse.harvard.edu/api/access/datafile/4045031
doi:10.7910/DVN/D4IFSP,A12_22275.JPG,4045032,https://dataverse.harvard.edu/api/access/datafile/4045032
doi:10.7910/DVN/MLF5HD,A12_22276.JPG,4045033,https://dataverse.harvard.edu/api/access/datafile/4045033
doi:10.7910/DVN/VXFPRC,A12_22277.JPG,4045034,https://dataverse.harvard.edu/api/access/datafile/4045034
doi:10.7910/DVN/Q2PRSP,A12_22278.JPG,4045035,https://dataverse.harvard.edu/api/access/datafile/4045035
doi:10.7910/DVN/TGEOEN,A12_22279.JPG,4045036,https://dataverse.harvard.edu/api/access/datafile/4045036
doi:10.7910/DVN/S3ERZY,A12_22280.JPG,4045037,https://dataverse.harvard.edu/api/access/datafile/4045037
doi:10.7910/DVN/PFXB4G,A12_22281.JPG,4045038,https://dataverse.harvard.edu/api/access/datafile/4045038
doi:10.7910/DVN/MZTDHP,A12_22282.JPG,4045039,https://dataverse.harvard.edu/api/access/datafile/4045039
doi:10.7910/DVN/PZT0WB,A12_22283.JPG,4045040,https://dataverse.harvard.edu/api/access/datafile/4045040
doi:10.7910/DVN/NDC3GQ,A12_22284.JPG,4045041,https://dataverse.harvard.edu/api/access/datafile/4045041
doi:10.7910/DVN/Z2LO6W,A12_22285.JPG,4045042,https://dataverse.harvard.edu/api/access/datafile/4045042
doi:10.7910/DVN/LUFISL,A12_22286.JPG,4045043,https://dataverse.harvard.edu/api/access/datafile/4045043
doi:10.7910/DVN/PDCFWD,A12_22287.JPG,4045044,https://dataverse.harvard.edu/api/access/datafile/4045044
doi:10.7910/DVN/CYEGHO,A12_22288.JPG,4045045,https://dataverse.harvard.edu/api/access/datafile/4045045
doi:10.7910/DVN/83FEBA,A12_22289.JPG,4045046,https://dataverse.harvard.edu/api/access/datafile/4045046
doi:10.7910/DVN/U7VVLI,A12_22290.JPG,4045047,https://dataverse.harvard.edu/api/access/datafile/4045047
doi:10.7910/DVN/JQGG3N,A12_22291.JPG,4045048,https://dataverse.harvard.edu/api/access/datafile/4045048
doi:10.7910/DVN/WUD3AL,A12_22292.JPG,4045049,https://dataverse.harvard.edu/api/access/datafile/4045049
doi:10.7910/DVN/OQ0QIW,A12_22293.JPG,4045050,https://dataverse.harvard.edu/api/access/datafile/4045050
doi:10.7910/DVN/2ZZDZ3,A12_22294.JPG,4045051,https://dataverse.harvard.edu/api/access/datafile/4045051
doi:10.7910/DVN/WFZ4DF,A12_22295.JPG,4045052,https://dataverse.harvard.edu/api/access/datafile/4045052
doi:10.7910/DVN/3BO5XY,A12_22296.JPG,4045053,https://dataverse.harvard.edu/api/access/datafile/4045053
doi:10.7910/DVN/IYOITV,A12_22297.JPG,4045054,https://dataverse.harvard.edu/api/access/datafile/4045054
doi:10.7910/DVN/MTHW1G,A12_22298.JPG,4045055,https://dataverse.harvard.edu/api/access/datafile/4045055
doi:10.7910/DVN/IFM4AO,A12_22299.JPG,4045056,https://dataverse.harvard.edu/api/access/datafile/4045056
doi:10.7910/DVN/OTGXRW,A12_22300.JPG,4045057,https://dataverse.harvard.edu/api/access/datafile/4045057
doi:10.7910/DVN/GNSNZR,A12_22301.JPG,4045058,https://dataverse.harvard.edu/api/access/datafile/4045058
doi:10.7910/DVN/CRTTDE,A12_22302.JPG,4045059,https://dataverse.harvard.edu/api/access/datafile/4045059
doi:10.7910/DVN/BEEWW6,A12_22303.JPG,4045060,https://dataverse.harvard.edu/api/access/datafile/4045060
doi:10.7910/DVN/8D3M6B,A12_22304.JPG,4045061,https://dataverse.harvard.edu/api/access/datafile/4045061
doi:10.7910/DVN/VPKLKP,A12_22305.JPG,4045062,https://dataverse.harvard.edu/api/access/datafile/4045062
doi:10.7910/DVN/VXEKS0,A12_22306.JPG,4045063,https://dataverse.harvard.edu/api/access/datafile/4045063
doi:10.7910/DVN/ZN8W76,A12_22307.JPG,4045064,https://dataverse.harvard.edu/api/access/datafile/4045064
doi:10.7910/DVN/TSHAWL,A12_22308.JPG,4045065,https://dataverse.harvard.edu/api/access/datafile/4045065
doi:10.7910/DVN/J07IQG,A12_22309.JPG,4045066,https://dataverse.harvard.edu/api/access/datafile/4045066
doi:10.7910/DVN/6K0JJJ,A12_22310.JPG,4045067,https://dataverse.harvard.edu/api/access/datafile/4045067
doi:10.7910/DVN/4VARUO,A12_22311.JPG,4045068,https://dataverse.harvard.edu/api/access/datafile/4045068
doi:10.7910/DVN/EEMWIY,A12_22312.JPG,4045069,https://dataverse.harvard.edu/api/access/datafile/4045069
doi:10.7910/DVN/1CFUYK,A12_22313.JPG,4045070,https://dataverse.harvard.edu/api/access/datafile/4045070
doi:10.7910/DVN/SDFJ0C,A12_22314.JPG,4045071,https://dataverse.harvard.edu/api/access/datafile/4045071
doi:10.7910/DVN/20EMID,A12_22315.JPG,4045072,https://dataverse.harvard.edu/api/access/datafile/4045072
doi:10.7910/DVN/0ESLBJ,A12_22316.JPG,4045073,https://dataverse.harvard.edu/api/access/datafile/4045073
doi:10.7910/DVN/TWXCYH,A12_22317.JPG,4045074,https://dataverse.harvard.edu/api/access/datafile/4045074
doi:10.7910/DVN/FLTCLB,A12_22318.JPG,4045075,https://dataverse.harvard.edu/api/access/datafile/4045075
doi:10.7910/DVN/RI2A6J,A12_22319.JPG,4045076,https://dataverse.harvard.edu/api/access/datafile/4045076
doi:10.7910/DVN/CB3CIM,A12_22320.JPG,4045077,https://dataverse.harvard.edu/api/access/datafile/4045077
doi:10.7910/DVN/AEAT9X,A12_22321.JPG,4045078,https://dataverse.harvard.edu/api/access/datafile/4045078
doi:10.7910/DVN/UDNWYW,A12_22322.JPG,4045079,https://dataverse.harvard.edu/api/access/datafile/4045079
doi:10.7910/DVN/XQR1O7,A12_22323.JPG,4045080,https://dataverse.harvard.edu/api/access/datafile/4045080
doi:10.7910/DVN/UUN30E,A12_22324.JPG,4045081,https://dataverse.harvard.edu/api/access/datafile/4045081
doi:10.7910/DVN/QVXY0K,A12_22325.JPG,4045082,https://dataverse.harvard.edu/api/access/datafile/4045082
doi:10.7910/DVN/OULYNP,A12_22326.JPG,4045083,https://dataverse.harvard.edu/api/access/datafile/4045083
doi:10.7910/DVN/ZQQZKN,A12_22327.JPG,4045084,https://dataverse.harvard.edu/api/access/datafile/4045084
doi:10.7910/DVN/SE1WWJ,A12_22328.JPG,4045085,https://dataverse.harvard.edu/api/access/datafile/4045085
doi:10.7910/DVN/NWIMF3,A12_22329.JPG,4045086,https://dataverse.harvard.edu/api/access/datafile/4045086
doi:10.7910/DVN/TJHTKT,A12_22330.JPG,4045087,https://dataverse.harvard.edu/api/access/datafile/4045087
doi:10.7910/DVN/45SDTG,A12_22331.JPG,4045088,https://dataverse.harvard.edu/api/access/datafile/4045088
doi:10.7910/DVN/U972AH,A12_22332.JPG,4045089,https://dataverse.harvard.edu/api/access/datafile/4045089
doi:10.7910/DVN/JSBGEK,A12_22333.JPG,4045090,https://dataverse.harvard.edu/api/access/datafile/4045090
doi:10.7910/DVN/UEQXSJ,A12_22334.JPG,4045091,https://dataverse.harvard.edu/api/access/datafile/4045091
doi:10.7910/DVN/15D67G,A12_22335.JPG,4045092,https://dataverse.harvard.edu/api/access/datafile/4045092
doi:10.7910/DVN/SX78TL,A12_22336.JPG,4045093,https://dataverse.harvard.edu/api/access/datafile/4045093
doi:10.7910/DVN/JOAUYR,A12_22337.JPG,4045094,https://dataverse.harvard.edu/api/access/datafile/4045094
doi:10.7910/DVN/PSL07V,A12_22338.JPG,4045095,https://dataverse.harvard.edu/api/access/datafile/4045095
doi:10.7910/DVN/K7FHUF,A12_22339.JPG,4045096,https://dataverse.harvard.edu/api/access/datafile/4045096
doi:10.7910/DVN/J0FJFC,A12_22340.JPG,4045097,https://dataverse.harvard.edu/api/access/datafile/4045097
doi:10.7910/DVN/POEUZF,A12_22341.JPG,4045098,https://dataverse.harvard.edu/api/access/datafile/4045098
doi:10.7910/DVN/0ZFX8M,A12_22342.JPG,4045099,https://dataverse.harvard.edu/api/access/datafile/4045099
doi:10.7910/DVN/DXNHMJ,A12_22343.JPG,4045100,https://dataverse.harvard.edu/api/access/datafile/4045100
doi:10.7910/DVN/EYZPCJ,A12_22344.JPG,4045101,https://dataverse.harvard.edu/api/access/datafile/4045101
doi:10.7910/DVN/CCKKIR,A12_22345.JPG,4045102,https://dataverse.harvard.edu/api/access/datafile/4045102
doi:10.7910/DVN/EWTEJW,A12_22346.JPG,4045103,https://dataverse.harvard.edu/api/access/datafile/4045103
doi:10.7910/DVN/2FVHVO,A12_22347.JPG,4045104,https://dataverse.harvard.edu/api/access/datafile/4045104
doi:10.7910/DVN/CG7ZJH,A12_22348.JPG,4045105,https://dataverse.harvard.edu/api/access/datafile/4045105
doi:10.7910/DVN/LJPJBS,A12_22349.JPG,4045106,https://dataverse.harvard.edu/api/access/datafile/4045106
doi:10.7910/DVN/BKUJFD,A12_22350.JPG,4045107,https://dataverse.harvard.edu/api/access/datafile/4045107
doi:10.7910/DVN/N6BVBR,A12_22351.JPG,4045108,https://dataverse.harvard.edu/api/access/datafile/4045108
doi:10.7910/DVN/9QFAAU,A12_22352.JPG,4045109,https://dataverse.harvard.edu/api/access/datafile/4045109
doi:10.7910/DVN/RUGKFJ,A12_22353.JPG,4045110,https://dataverse.harvard.edu/api/access/datafile/4045110
doi:10.7910/DVN/MPFWHP,A12_22354.JPG,4045111,https://dataverse.harvard.edu/api/access/datafile/4045111
doi:10.7910/DVN/MOT57T,A12_22355.JPG,4045112,https://dataverse.harvard.edu/api/access/datafile/4045112
doi:10.7910/DVN/2EYK7O,A12_22356.JPG,4045113,https://dataverse.harvard.edu/api/access/datafile/4045113
doi:10.7910/DVN/DA5R3R,A12_22357.JPG,4045114,https://dataverse.harvard.edu/api/access/datafile/4045114
doi:10.7910/DVN/1XACZG,A12_22358.JPG,4045115,https://dataverse.harvard.edu/api/access/datafile/4045115
doi:10.7910/DVN/CLVOGN,A12_22359.JPG,4045116,https://dataverse.harvard.edu/api/access/datafile/4045116
doi:10.7910/DVN/EVYC1J,A12_22360.JPG,4045117,https://dataverse.harvard.edu/api/access/datafile/4045117
doi:10.7910/DVN/UBAMNR,A12_22361.JPG,4045118,https://dataverse.harvard.edu/api/access/datafile/4045118
doi:10.7910/DVN/TJNAOA,A12_22362.JPG,4045119,https://dataverse.harvard.edu/api/access/datafile/4045119
doi:10.7910/DVN/HTGKE7,A12_22363.JPG,4045120,https://dataverse.harvard.edu/api/access/datafile/4045120
doi:10.7910/DVN/1IGQW9,A12_22364.JPG,4045121,https://dataverse.harvard.edu/api/access/datafile/4045121
doi:10.7910/DVN/BZ0GMQ,A12_22365.JPG,4045122,https://dataverse.harvard.edu/api/access/datafile/4045122
doi:10.7910/DVN/NXYEEF,A12_22366.JPG,4045123,https://dataverse.harvard.edu/api/access/datafile/4045123
doi:10.7910/DVN/FLSCNT,A12_22367.JPG,4045124,https://dataverse.harvard.edu/api/access/datafile/4045124
doi:10.7910/DVN/QG8PXJ,A12_22368.JPG,4045125,https://dataverse.harvard.edu/api/access/datafile/4045125
doi:10.7910/DVN/JGHVQN,A12_22369.JPG,4045126,https://dataverse.harvard.edu/api/access/datafile/4045126
doi:10.7910/DVN/9YE0JB,A12_22370.JPG,4045127,https://dataverse.harvard.edu/api/access/datafile/4045127
doi:10.7910/DVN/D0KOXQ,A12_22371.JPG,4045129,https://dataverse.harvard.edu/api/access/datafile/4045129
doi:10.7910/DVN/RY3UXU,A12_22372.JPG,4045130,https://dataverse.harvard.edu/api/access/datafile/4045130
doi:10.7910/DVN/62VKTY,A12_22373.JPG,4045131,https://dataverse.harvard.edu/api/access/datafile/4045131
doi:10.7910/DVN/YPHGF9,A12_22374.JPG,4045132,https://dataverse.harvard.edu/api/access/datafile/4045132
doi:10.7910/DVN/M9RO22,A12_22375.JPG,4045133,https://dataverse.harvard.edu/api/access/datafile/4045133
doi:10.7910/DVN/JPOP7J,A12_22376.JPG,4045134,https://dataverse.harvard.edu/api/access/datafile/4045134
doi:10.7910/DVN/DSMH90,A12_22377.JPG,4045135,https://dataverse.harvard.edu/api/access/datafile/4045135
doi:10.7910/DVN/GYZMD5,A12_22378.JPG,4045136,https://dataverse.harvard.edu/api/access/datafile/4045136
doi:10.7910/DVN/C0OPWH,A12_22379.JPG,4045137,https://dataverse.harvard.edu/api/access/datafile/4045137
doi:10.7910/DVN/Z8USPU,A12_22380.JPG,4045138,https://dataverse.harvard.edu/api/access/datafile/4045138
doi:10.7910/DVN/XCH6GD,A12_22381.JPG,4045139,https://dataverse.harvard.edu/api/access/datafile/4045139
doi:10.7910/DVN/XXXXLH,A12_22382.JPG,4045140,https://dataverse.harvard.edu/api/access/datafile/4045140
doi:10.7910/DVN/S1SW09,A12_22383.JPG,4045141,https://dataverse.harvard.edu/api/access/datafile/4045141
doi:10.7910/DVN/A6FV0U,A12_22384.JPG,4045142,https://dataverse.harvard.edu/api/access/datafile/4045142
doi:10.7910/DVN/AJVTEG,A12_22385.JPG,4045143,https://dataverse.harvard.edu/api/access/datafile/4045143
doi:10.7910/DVN/VQ5ZYM,A12_22386.JPG,4045144,https://dataverse.harvard.edu/api/access/datafile/4045144
doi:10.7910/DVN/OU8B44,A12_22387.JPG,4045145,https://dataverse.harvard.edu/api/access/datafile/4045145
doi:10.7910/DVN/1NYYKX,A12_22388.JPG,4045146,https://dataverse.harvard.edu/api/access/datafile/4045146
doi:10.7910/DVN/EGEMS8,A12_22389.JPG,4045147,https://dataverse.harvard.edu/api/access/datafile/4045147
doi:10.7910/DVN/NCKOIN,A12_22390.JPG,4045148,https://dataverse.harvard.edu/api/access/datafile/4045148
doi:10.7910/DVN/DCUZHD,A12_22391.JPG,4045149,https://dataverse.harvard.edu/api/access/datafile/4045149
doi:10.7910/DVN/QOPD76,A12_22392.JPG,4045150,https://dataverse.harvard.edu/api/access/datafile/4045150
doi:10.7910/DVN/KJWAPO,A12_22393.JPG,4045151,https://dataverse.harvard.edu/api/access/datafile/4045151
doi:10.7910/DVN/UBIUVO,A12_22394.JPG,4045152,https://dataverse.harvard.edu/api/access/datafile/4045152
doi:10.7910/DVN/JOXAMR,A12_22395.JPG,4045153,https://dataverse.harvard.edu/api/access/datafile/4045153
doi:10.7910/DVN/BHVU7G,A12_22396.JPG,4045154,https://dataverse.harvard.edu/api/access/datafile/4045154
doi:10.7910/DVN/FEEK1B,A12_22397.JPG,4045155,https://dataverse.harvard.edu/api/access/datafile/4045155
doi:10.7910/DVN/LB1MW9,A12_22398.JPG,4045156,https://dataverse.harvard.edu/api/access/datafile/4045156
doi:10.7910/DVN/WY81DA,A12_22399.JPG,4045157,https://dataverse.harvard.edu/api/access/datafile/4045157
doi:10.7910/DVN/9PHKTO,A12_22400.JPG,4045158,https://dataverse.harvard.edu/api/access/datafile/4045158
doi:10.7910/DVN/EVQVAS,A12_22401.JPG,4045159,https://dataverse.harvard.edu/api/access/datafile/4045159
doi:10.7910/DVN/FCB92O,A12_22402.JPG,4045160,https://dataverse.harvard.edu/api/access/datafile/4045160
doi:10.7910/DVN/HRWFZI,A12_22403.JPG,4045161,https://dataverse.harvard.edu/api/access/datafile/4045161
doi:10.7910/DVN/2HVYFO,A12_22404.JPG,4045162,https://dataverse.harvard.edu/api/access/datafile/4045162
doi:10.7910/DVN/G3FTEO,A12_22405.JPG,4045163,https://dataverse.harvard.edu/api/access/datafile/4045163
doi:10.7910/DVN/MSWLGO,A12_22406.JPG,4045164,https://dataverse.harvard.edu/api/access/datafile/4045164
doi:10.7910/DVN/FOFIDD,A12_22407.JPG,4045165,https://dataverse.harvard.edu/api/access/datafile/4045165
doi:10.7910/DVN/N69P9E,A12_22408.JPG,4045166,https://dataverse.harvard.edu/api/access/datafile/4045166
doi:10.7910/DVN/J0XPCV,A12_22409.JPG,4045167,https://dataverse.harvard.edu/api/access/datafile/4045167
doi:10.7910/DVN/7BSY2E,A12_22410.JPG,4045168,https://dataverse.harvard.edu/api/access/datafile/4045168
doi:10.7910/DVN/KVWHXJ,A12_22411.JPG,4045169,https://dataverse.harvard.edu/api/access/datafile/4045169
doi:10.7910/DVN/TF4JZD,A12_22412.JPG,4045170,https://dataverse.harvard.edu/api/access/datafile/4045170
doi:10.7910/DVN/H9GTJH,A12_22413.JPG,4045171,https://dataverse.harvard.edu/api/access/datafile/4045171
doi:10.7910/DVN/JQ7MR2,A12_22414.JPG,4045172,https://dataverse.harvard.edu/api/access/datafile/4045172
doi:10.7910/DVN/S3FGOC,A12_22415.JPG,4045173,https://dataverse.harvard.edu/api/access/datafile/4045173
doi:10.7910/DVN/L8CJWZ,A12_22416.JPG,4045174,https://dataverse.harvard.edu/api/access/datafile/4045174
doi:10.7910/DVN/V7S137,A12_22417.JPG,4045175,https://dataverse.harvard.edu/api/access/datafile/4045175
doi:10.7910/DVN/RAUHBJ,A12_22418.JPG,4045176,https://dataverse.harvard.edu/api/access/datafile/4045176
doi:10.7910/DVN/NEKZJY,A12_22419.JPG,4045177,https://dataverse.harvard.edu/api/access/datafile/4045177
doi:10.7910/DVN/JVZOVL,A12_22420.JPG,4045178,https://dataverse.harvard.edu/api/access/datafile/4045178
doi:10.7910/DVN/OLWIHI,A12_22421.JPG,4045179,https://dataverse.harvard.edu/api/access/datafile/4045179
doi:10.7910/DVN/N7FSYM,A12_22422.JPG,4045181,https://dataverse.harvard.edu/api/access/datafile/4045181
doi:10.7910/DVN/ZCNANG,A12_22423.JPG,4045182,https://dataverse.harvard.edu/api/access/datafile/4045182
doi:10.7910/DVN/JDKX4N,A12_22424.JPG,4045183,https://dataverse.harvard.edu/api/access/datafile/4045183
doi:10.7910/DVN/WBJG5J,A12_22425.JPG,4045184,https://dataverse.harvard.edu/api/access/datafile/4045184
doi:10.7910/DVN/C9D9UQ,A12_22426.JPG,4045185,https://dataverse.harvard.edu/api/access/datafile/4045185
doi:10.7910/DVN/IIW8XB,A12_22427.JPG,4045186,https://dataverse.harvard.edu/api/access/datafile/4045186
doi:10.7910/DVN/U2YRMH,A12_22428.JPG,4045187,https://dataverse.harvard.edu/api/access/datafile/4045187
doi:10.7910/DVN/GN2MIW,A12_22429.JPG,4045188,https://dataverse.harvard.edu/api/access/datafile/4045188
doi:10.7910/DVN/PWD1OW,A12_22430.JPG,4045190,https://dataverse.harvard.edu/api/access/datafile/4045190
doi:10.7910/DVN/C7YSJ1,A12_22431.JPG,4045191,https://dataverse.harvard.edu/api/access/datafile/4045191
doi:10.7910/DVN/DV4W5N,A12_22432.JPG,4045192,https://dataverse.harvard.edu/api/access/datafile/4045192
doi:10.7910/DVN/5SQDX0,A12_22433.JPG,4045193,https://dataverse.harvard.edu/api/access/datafile/4045193
doi:10.7910/DVN/W9OZOP,A12_22434.JPG,4045194,https://dataverse.harvard.edu/api/access/datafile/4045194
doi:10.7910/DVN/DFICRO,A12_22435.JPG,4045195,https://dataverse.harvard.edu/api/access/datafile/4045195
doi:10.7910/DVN/0Q1PSN,A12_22436.JPG,4045196,https://dataverse.harvard.edu/api/access/datafile/4045196
doi:10.7910/DVN/ARA8RP,A12_22437.JPG,4045197,https://dataverse.harvard.edu/api/access/datafile/4045197
doi:10.7910/DVN/JX86JH,A12_22438.JPG,4045198,https://dataverse.harvard.edu/api/access/datafile/4045198
doi:10.7910/DVN/TQJXYF,A12_22439.JPG,4045199,https://dataverse.harvard.edu/api/access/datafile/4045199
doi:10.7910/DVN/EXYCWQ,A12_22440.JPG,4045200,https://dataverse.harvard.edu/api/access/datafile/4045200
doi:10.7910/DVN/BG7YHA,A12_22441.JPG,4045201,https://dataverse.harvard.edu/api/access/datafile/4045201
doi:10.7910/DVN/KDRQZQ,A12_22442.JPG,4045202,https://dataverse.harvard.edu/api/access/datafile/4045202
doi:10.7910/DVN/LO9AKM,A12_22443.JPG,4045203,https://dataverse.harvard.edu/api/access/datafile/4045203
doi:10.7910/DVN/V9NF2S,A12_22444.JPG,4045204,https://dataverse.harvard.edu/api/access/datafile/4045204
doi:10.7910/DVN/HNG5KG,A12_22445.JPG,4045205,https://dataverse.harvard.edu/api/access/datafile/4045205
doi:10.7910/DVN/KZJ6DP,A12_22446.JPG,4045206,https://dataverse.harvard.edu/api/access/datafile/4045206
doi:10.7910/DVN/IUHLHQ,A12_22447.JPG,4045207,https://dataverse.harvard.edu/api/access/datafile/4045207
doi:10.7910/DVN/YHK8QU,A12_22448.JPG,4045208,https://dataverse.harvard.edu/api/access/datafile/4045208
doi:10.7910/DVN/C8MJTH,A12_22449.JPG,4045209,https://dataverse.harvard.edu/api/access/datafile/4045209
doi:10.7910/DVN/FZOSRK,A12_22450.JPG,4045210,https://dataverse.harvard.edu/api/access/datafile/4045210
doi:10.7910/DVN/TRQXO8,A12_22451.JPG,4045211,https://dataverse.harvard.edu/api/access/datafile/4045211
doi:10.7910/DVN/ZN9RK9,A12_22452.JPG,4045212,https://dataverse.harvard.edu/api/access/datafile/4045212
doi:10.7910/DVN/J9TO0M,A12_22453.JPG,4045213,https://dataverse.harvard.edu/api/access/datafile/4045213
doi:10.7910/DVN/L7GJHW,A12_22454.JPG,4045214,https://dataverse.harvard.edu/api/access/datafile/4045214
doi:10.7910/DVN/K3FO7X,A12_22455.JPG,4045215,https://dataverse.harvard.edu/api/access/datafile/4045215
doi:10.7910/DVN/8UQ2LH,A12_22456.JPG,4045216,https://dataverse.harvard.edu/api/access/datafile/4045216
doi:10.7910/DVN/MK5IE6,A12_22457.JPG,4045217,https://dataverse.harvard.edu/api/access/datafile/4045217
doi:10.7910/DVN/API5DM,A12_22458.JPG,4045218,https://dataverse.harvard.edu/api/access/datafile/4045218
doi:10.7910/DVN/V86DAX,A12_22459.JPG,4045219,https://dataverse.harvard.edu/api/access/datafile/4045219
doi:10.7910/DVN/UAUSS5,A12_22460.JPG,4045220,https://dataverse.harvard.edu/api/access/datafile/4045220
doi:10.7910/DVN/BJCRRV,A12_22461.JPG,4045221,https://dataverse.harvard.edu/api/access/datafile/4045221
doi:10.7910/DVN/2XZHH1,A12_22462.JPG,4045222,https://dataverse.harvard.edu/api/access/datafile/4045222
doi:10.7910/DVN/JXNIX4,A12_22463.JPG,4045223,https://dataverse.harvard.edu/api/access/datafile/4045223
doi:10.7910/DVN/E7TR8A,A12_22464.JPG,4045224,https://dataverse.harvard.edu/api/access/datafile/4045224
doi:10.7910/DVN/JVMLIO,A12_22465.JPG,4045225,https://dataverse.harvard.edu/api/access/datafile/4045225
doi:10.7910/DVN/TGAACI,A12_22466.JPG,4045226,https://dataverse.harvard.edu/api/access/datafile/4045226
doi:10.7910/DVN/CRWCIP,A12_22467.JPG,4045227,https://dataverse.harvard.edu/api/access/datafile/4045227
doi:10.7910/DVN/EIQ56Y,A12_22469.JPG,4045228,https://dataverse.harvard.edu/api/access/datafile/4045228
doi:10.7910/DVN/LBBYQP,A12_22470.JPG,4045229,https://dataverse.harvard.edu/api/access/datafile/4045229
doi:10.7910/DVN/YAJICP,A12_22471.JPG,4045230,https://dataverse.harvard.edu/api/access/datafile/4045230
doi:10.7910/DVN/WDW6QI,A12_22472.JPG,4045231,https://dataverse.harvard.edu/api/access/datafile/4045231
doi:10.7910/DVN/W0TIKH,A12_22473.JPG,4045232,https://dataverse.harvard.edu/api/access/datafile/4045232
doi:10.7910/DVN/LRGRUT,A12_22474.JPG,4045233,https://dataverse.harvard.edu/api/access/datafile/4045233
doi:10.7910/DVN/WML92J,A12_22476.JPG,4045234,https://dataverse.harvard.edu/api/access/datafile/4045234
doi:10.7910/DVN/I1RGF3,A12_22477.JPG,4045235,https://dataverse.harvard.edu/api/access/datafile/4045235
doi:10.7910/DVN/RU7YVB,A12_22478.JPG,4045236,https://dataverse.harvard.edu/api/access/datafile/4045236
doi:10.7910/DVN/YNWADW,A12_22479.JPG,4045237,https://dataverse.harvard.edu/api/access/datafile/4045237
doi:10.7910/DVN/12STTQ,A12_22480.JPG,4045238,https://dataverse.harvard.edu/api/access/datafile/4045238
doi:10.7910/DVN/AEFYQ7,A12_22481.JPG,4045239,https://dataverse.harvard.edu/api/access/datafile/4045239
doi:10.7910/DVN/M1AZR1,A12_22482.JPG,4045240,https://dataverse.harvard.edu/api/access/datafile/4045240
doi:10.7910/DVN/06RXXG,A12_22483.JPG,4045241,https://dataverse.harvard.edu/api/access/datafile/4045241
doi:10.7910/DVN/UK84B4,A12_22484.JPG,4045242,https://dataverse.harvard.edu/api/access/datafile/4045242
doi:10.7910/DVN/VMKJ3V,A12_22485.JPG,4045243,https://dataverse.harvard.edu/api/access/datafile/4045243
doi:10.7910/DVN/TV7CXV,A12_22486.JPG,4045244,https://dataverse.harvard.edu/api/access/datafile/4045244
doi:10.7910/DVN/0FE6BI,A12_22487.JPG,4045245,https://dataverse.harvard.edu/api/access/datafile/4045245
doi:10.7910/DVN/QMDA7F,A12_22488.JPG,4045246,https://dataverse.harvard.edu/api/access/datafile/4045246
doi:10.7910/DVN/ADCKG0,A12_22494.JPG,4045247,https://dataverse.harvard.edu/api/access/datafile/4045247
doi:10.7910/DVN/HV1WSO,A12_22907.JPG,4045248,https://dataverse.harvard.edu/api/access/datafile/4045248
doi:10.7910/DVN/HQUVPX,A12_22908.JPG,4045249,https://dataverse.harvard.edu/api/access/datafile/4045249
doi:10.7910/DVN/HZGSAA,A12_22909.JPG,4045250,https://dataverse.harvard.edu/api/access/datafile/4045250
doi:10.7910/DVN/JC2WH6,A12_22910.JPG,4045251,https://dataverse.harvard.edu/api/access/datafile/4045251
doi:10.7910/DVN/O95K5O,A12_22911.JPG,4045252,https://dataverse.harvard.edu/api/access/datafile/4045252
doi:10.7910/DVN/UQPOMP,A12_22912.JPG,4045253,https://dataverse.harvard.edu/api/access/datafile/4045253
doi:10.7910/DVN/UJUCOW,A12_22913.JPG,4045254,https://dataverse.harvard.edu/api/access/datafile/4045254
doi:10.7910/DVN/GAYXJI,A12_22914.JPG,4045255,https://dataverse.harvard.edu/api/access/datafile/4045255
doi:10.7910/DVN/LGOSRW,A12_22915.JPG,4045256,https://dataverse.harvard.edu/api/access/datafile/4045256
doi:10.7910/DVN/CFU7GT,A12_22916.JPG,4045257,https://dataverse.harvard.edu/api/access/datafile/4045257
doi:10.7910/DVN/6ODEKO,A12_22919.JPG,4045258,https://dataverse.harvard.edu/api/access/datafile/4045258
doi:10.7910/DVN/UDM6VJ,A12_22920.JPG,4045259,https://dataverse.harvard.edu/api/access/datafile/4045259
doi:10.7910/DVN/QBITCY,A12_22921.JPG,4045260,https://dataverse.harvard.edu/api/access/datafile/4045260
doi:10.7910/DVN/GDOUWD,A12_22922.JPG,4045261,https://dataverse.harvard.edu/api/access/datafile/4045261
doi:10.7910/DVN/JL3KKU,A12_22923.JPG,4045262,https://dataverse.harvard.edu/api/access/datafile/4045262
doi:10.7910/DVN/6XAFP7,A12_22924.JPG,4045263,https://dataverse.harvard.edu/api/access/datafile/4045263
doi:10.7910/DVN/P1VMXJ,A12_22925.JPG,4045264,https://dataverse.harvard.edu/api/access/datafile/4045264
doi:10.7910/DVN/D0PSJF,A12_22926.JPG,4045265,https://dataverse.harvard.edu/api/access/datafile/4045265
doi:10.7910/DVN/K9ZER7,A12_22927.JPG,4045266,https://dataverse.harvard.edu/api/access/datafile/4045266
doi:10.7910/DVN/XSPDLO,A12_22928.JPG,4045267,https://dataverse.harvard.edu/api/access/datafile/4045267
doi:10.7910/DVN/AURWTR,A12_22929.JPG,4045268,https://dataverse.harvard.edu/api/access/datafile/4045268
doi:10.7910/DVN/FTLVDB,A12_22930.JPG,4045269,https://dataverse.harvard.edu/api/access/datafile/4045269
doi:10.7910/DVN/2XSSZQ,A12_22931.JPG,4045270,https://dataverse.harvard.edu/api/access/datafile/4045270
doi:10.7910/DVN/1E083V,A12_22932.JPG,4045271,https://dataverse.harvard.edu/api/access/datafile/4045271
doi:10.7910/DVN/EY2R2V,A12_22933.JPG,4045272,https://dataverse.harvard.edu/api/access/datafile/4045272
doi:10.7910/DVN/BPGPTE,A12_22934.JPG,4045273,https://dataverse.harvard.edu/api/access/datafile/4045273
doi:10.7910/DVN/DM5YYJ,A12_22935.JPG,4045274,https://dataverse.harvard.edu/api/access/datafile/4045274
doi:10.7910/DVN/TB2E9U,A12_22936.JPG,4045275,https://dataverse.harvard.edu/api/access/datafile/4045275
doi:10.7910/DVN/M1F4BZ,A12_22937.JPG,4045276,https://dataverse.harvard.edu/api/access/datafile/4045276
doi:10.7910/DVN/K6PQDF,A12_22938.JPG,4045277,https://dataverse.harvard.edu/api/access/datafile/4045277
doi:10.7910/DVN/N9QVJB,A12_22939.JPG,4045278,https://dataverse.harvard.edu/api/access/datafile/4045278
doi:10.7910/DVN/KTNBE1,A12_22940.JPG,4045279,https://dataverse.harvard.edu/api/access/datafile/4045279
doi:10.7910/DVN/4KMDIR,A12_22941.JPG,4045280,https://dataverse.harvard.edu/api/access/datafile/4045280
doi:10.7910/DVN/DWPFAK,A12_22942.JPG,4045281,https://dataverse.harvard.edu/api/access/datafile/4045281
doi:10.7910/DVN/FHX7RV,A12_22943.JPG,4045282,https://dataverse.harvard.edu/api/access/datafile/4045282
doi:10.7910/DVN/9AGTPT,A12_22944.JPG,4045283,https://dataverse.harvard.edu/api/access/datafile/4045283
doi:10.7910/DVN/YDFXXW,A12_22945.JPG,4045284,https://dataverse.harvard.edu/api/access/datafile/4045284
doi:10.7910/DVN/ILW9SH,A12_22946.JPG,4045285,https://dataverse.harvard.edu/api/access/datafile/4045285
doi:10.7910/DVN/A7YACQ,A12_22947.JPG,4045286,https://dataverse.harvard.edu/api/access/datafile/4045286
doi:10.7910/DVN/UN0D1D,A12_22948.JPG,4045287,https://dataverse.harvard.edu/api/access/datafile/4045287
doi:10.7910/DVN/RVOHWT,A12_22949.JPG,4045288,https://dataverse.harvard.edu/api/access/datafile/4045288
doi:10.7910/DVN/GHTWPW,A12_22950.JPG,4045289,https://dataverse.harvard.edu/api/access/datafile/4045289
doi:10.7910/DVN/F8VNQE,A12_22951.JPG,4045290,https://dataverse.harvard.edu/api/access/datafile/4045290
doi:10.7910/DVN/7NLIFO,A12_22952.JPG,4045291,https://dataverse.harvard.edu/api/access/datafile/4045291
doi:10.7910/DVN/UJRJMM,A12_22953.JPG,4045292,https://dataverse.harvard.edu/api/access/datafile/4045292
doi:10.7910/DVN/NJZFGI,A12_22954.JPG,4045293,https://dataverse.harvard.edu/api/access/datafile/4045293
doi:10.7910/DVN/YVAOTW,A12_22955.JPG,4045294,https://dataverse.harvard.edu/api/access/datafile/4045294
doi:10.7910/DVN/RKLNIQ,A12_22957.JPG,4045295,https://dataverse.harvard.edu/api/access/datafile/4045295
doi:10.7910/DVN/FR1XWL,A12_22958.JPG,4045296,https://dataverse.harvard.edu/api/access/datafile/4045296
doi:10.7910/DVN/Y4SUG6,A12_22959.JPG,4045297,https://dataverse.harvard.edu/api/access/datafile/4045297
doi:10.7910/DVN/E6MXZN,A12_22960.JPG,4045298,https://dataverse.harvard.edu/api/access/datafile/4045298
doi:10.7910/DVN/42G94I,A12_22961.JPG,4045299,https://dataverse.harvard.edu/api/access/datafile/4045299
doi:10.7910/DVN/HK3VPA,A12_22962.JPG,4045300,https://dataverse.harvard.edu/api/access/datafile/4045300
doi:10.7910/DVN/HVBNUE,A12_22963.JPG,4045301,https://dataverse.harvard.edu/api/access/datafile/4045301
doi:10.7910/DVN/U7OJUT,A12_22964.JPG,4045302,https://dataverse.harvard.edu/api/access/datafile/4045302
doi:10.7910/DVN/RHPQUS,A12_22965.JPG,4045303,https://dataverse.harvard.edu/api/access/datafile/4045303
doi:10.7910/DVN/0VR4D7,A12_22966.JPG,4045304,https://dataverse.harvard.edu/api/access/datafile/4045304
doi:10.7910/DVN/6JBVQE,A12_22967.JPG,4045305,https://dataverse.harvard.edu/api/access/datafile/4045305
doi:10.7910/DVN/LHNNKN,A12_22968.JPG,4045306,https://dataverse.harvard.edu/api/access/datafile/4045306
doi:10.7910/DVN/14VBPA,A12_22969.JPG,4045307,https://dataverse.harvard.edu/api/access/datafile/4045307
doi:10.7910/DVN/NXUKEK,A12_22970.JPG,4045308,https://dataverse.harvard.edu/api/access/datafile/4045308
doi:10.7910/DVN/RCAXVX,A12_22971.JPG,4045309,https://dataverse.harvard.edu/api/access/datafile/4045309
doi:10.7910/DVN/1TGQES,A12_22972.JPG,4045310,https://dataverse.harvard.edu/api/access/datafile/4045310
doi:10.7910/DVN/7VGYE9,A12_22974.JPG,4045311,https://dataverse.harvard.edu/api/access/datafile/4045311
doi:10.7910/DVN/EO8KE5,A12_22975.JPG,4045312,https://dataverse.harvard.edu/api/access/datafile/4045312
doi:10.7910/DVN/PTKTKQ,A12_22976.JPG,4045313,https://dataverse.harvard.edu/api/access/datafile/4045313
doi:10.7910/DVN/6IEHKO,A12_22977.JPG,4045314,https://dataverse.harvard.edu/api/access/datafile/4045314
doi:10.7910/DVN/TRGZNS,A12_22978.JPG,4045315,https://dataverse.harvard.edu/api/access/datafile/4045315
doi:10.7910/DVN/4JX8VP,A12_22979.JPG,4045316,https://dataverse.harvard.edu/api/access/datafile/4045316
doi:10.7910/DVN/ZOYR5Y,A12_22980.JPG,4045317,https://dataverse.harvard.edu/api/access/datafile/4045317
doi:10.7910/DVN/3L2RJ1,A12_22981.JPG,4045318,https://dataverse.harvard.edu/api/access/datafile/4045318
doi:10.7910/DVN/F2AL8P,A12_22982.JPG,4045319,https://dataverse.harvard.edu/api/access/datafile/4045319
doi:10.7910/DVN/KQWUBA,A12_22983.JPG,4045320,https://dataverse.harvard.edu/api/access/datafile/4045320
doi:10.7910/DVN/VI7YZE,A12_22984.JPG,4045321,https://dataverse.harvard.edu/api/access/datafile/4045321
doi:10.7910/DVN/8ZPRZZ,A12_22985.JPG,4045322,https://dataverse.harvard.edu/api/access/datafile/4045322
doi:10.7910/DVN/WFAZ71,A12_22986.JPG,4045323,https://dataverse.harvard.edu/api/access/datafile/4045323
doi:10.7910/DVN/G6YP5H,A12_22987.JPG,4045324,https://dataverse.harvard.edu/api/access/datafile/4045324
doi:10.7910/DVN/D3FWCY,A12_22988.JPG,4045325,https://dataverse.harvard.edu/api/access/datafile/4045325
doi:10.7910/DVN/TD3XMC,A12_22990.JPG,4045326,https://dataverse.harvard.edu/api/access/datafile/4045326
doi:10.7910/DVN/LQ2NHO,A12_22991.JPG,4045327,https://dataverse.harvard.edu/api/access/datafile/4045327
doi:10.7910/DVN/V9LFBO,A12_22992.JPG,4045328,https://dataverse.harvard.edu/api/access/datafile/4045328
doi:10.7910/DVN/0PGXUD,A12_22993.JPG,4045329,https://dataverse.harvard.edu/api/access/datafile/4045329
doi:10.7910/DVN/LRD1DU,A12_22994.JPG,4045330,https://dataverse.harvard.edu/api/access/datafile/4045330
doi:10.7910/DVN/NAKBSO,A12_22995.JPG,4045331,https://dataverse.harvard.edu/api/access/datafile/4045331
doi:10.7910/DVN/ZLUHCE,A12_22996.JPG,4045332,https://dataverse.harvard.edu/api/access/datafile/4045332
doi:10.7910/DVN/EGSNXY,A12_22997.JPG,4045333,https://dataverse.harvard.edu/api/access/datafile/4045333
doi:10.7910/DVN/YGUVAX,A12_22998.JPG,4045334,https://dataverse.harvard.edu/api/access/datafile/4045334
doi:10.7910/DVN/ESNTZN,A12_22999.JPG,4045335,https://dataverse.harvard.edu/api/access/datafile/4045335
doi:10.7910/DVN/5MPVNE,A12_23000.JPG,4045336,https://dataverse.harvard.edu/api/access/datafile/4045336
doi:10.7910/DVN/GUKWM3,A12_23001.JPG,4045337,https://dataverse.harvard.edu/api/access/datafile/4045337
doi:10.7910/DVN/JNPFMN,A12_23002.JPG,4045338,https://dataverse.harvard.edu/api/access/datafile/4045338
doi:10.7910/DVN/6ZBZMB,A12_23003.JPG,4045339,https://dataverse.harvard.edu/api/access/datafile/4045339
doi:10.7910/DVN/L4AH0S,A12_23004.JPG,4045340,https://dataverse.harvard.edu/api/access/datafile/4045340
doi:10.7910/DVN/5RY9D7,A12_23005.JPG,4045341,https://dataverse.harvard.edu/api/access/datafile/4045341
doi:10.7910/DVN/CMAI5T,A12_23006.JPG,4045342,https://dataverse.harvard.edu/api/access/datafile/4045342
doi:10.7910/DVN/4VNSM2,A12_23007.JPG,4045343,https://dataverse.harvard.edu/api/access/datafile/4045343
doi:10.7910/DVN/PEBQVK,A12_23008.JPG,4045344,https://dataverse.harvard.edu/api/access/datafile/4045344
doi:10.7910/DVN/9ESVRQ,A12_23009.JPG,4045345,https://dataverse.harvard.edu/api/access/datafile/4045345
doi:10.7910/DVN/VS6VF9,A12_23010.JPG,4045346,https://dataverse.harvard.edu/api/access/datafile/4045346
doi:10.7910/DVN/YVZMY8,A12_23011.JPG,4045347,https://dataverse.harvard.edu/api/access/datafile/4045347
doi:10.7910/DVN/XR4E5U,A12_23012.JPG,4045348,https://dataverse.harvard.edu/api/access/datafile/4045348
doi:10.7910/DVN/4ZOD2X,A12_23013.JPG,4045349,https://dataverse.harvard.edu/api/access/datafile/4045349
doi:10.7910/DVN/K5UFT8,A12_23014.JPG,4045350,https://dataverse.harvard.edu/api/access/datafile/4045350
doi:10.7910/DVN/WGV2PQ,A12_23015.JPG,4045351,https://dataverse.harvard.edu/api/access/datafile/4045351
doi:10.7910/DVN/I3JH5F,A12_23016.JPG,4045352,https://dataverse.harvard.edu/api/access/datafile/4045352
doi:10.7910/DVN/8UJZ6T,A12_23017.JPG,4045353,https://dataverse.harvard.edu/api/access/datafile/4045353
doi:10.7910/DVN/WGFXGB,A12_23018.JPG,4045354,https://dataverse.harvard.edu/api/access/datafile/4045354
doi:10.7910/DVN/BRNJXA,A12_23019.JPG,4045355,https://dataverse.harvard.edu/api/access/datafile/4045355
doi:10.7910/DVN/4ZSWTX,A12_23020.JPG,4045356,https://dataverse.harvard.edu/api/access/datafile/4045356
doi:10.7910/DVN/OR5RZZ,A12_23021.JPG,4045357,https://dataverse.harvard.edu/api/access/datafile/4045357
doi:10.7910/DVN/JS7CSJ,A12_23022.JPG,4045358,https://dataverse.harvard.edu/api/access/datafile/4045358
doi:10.7910/DVN/XEAJKJ,A12_23023.JPG,4045359,https://dataverse.harvard.edu/api/access/datafile/4045359
doi:10.7910/DVN/YOQ22U,A12_23024.JPG,4045360,https://dataverse.harvard.edu/api/access/datafile/4045360
doi:10.7910/DVN/ZFBBQ0,A12_23025.JPG,4045361,https://dataverse.harvard.edu/api/access/datafile/4045361
doi:10.7910/DVN/QYCMJ6,A12_23031.JPG,4045362,https://dataverse.harvard.edu/api/access/datafile/4045362
doi:10.7910/DVN/JUUUMF,A12_23035.JPG,4045363,https://dataverse.harvard.edu/api/access/datafile/4045363
doi:10.7910/DVN/NKJQHW,A12_23036.JPG,4045364,https://dataverse.harvard.edu/api/access/datafile/4045364
doi:10.7910/DVN/VCBZOV,A12_23037.JPG,4045365,https://dataverse.harvard.edu/api/access/datafile/4045365
doi:10.7910/DVN/22HNVA,A12_23038.JPG,4045366,https://dataverse.harvard.edu/api/access/datafile/4045366
doi:10.7910/DVN/0AI2NZ,A12_23039.JPG,4045367,https://dataverse.harvard.edu/api/access/datafile/4045367
doi:10.7910/DVN/ZG2F1J,A12_23040.JPG,4045368,https://dataverse.harvard.edu/api/access/datafile/4045368
doi:10.7910/DVN/LL2GE1,A12_23041.JPG,4045369,https://dataverse.harvard.edu/api/access/datafile/4045369
doi:10.7910/DVN/XMG9SH,A12_23042.JPG,4045370,https://dataverse.harvard.edu/api/access/datafile/4045370
doi:10.7910/DVN/3EXB5P,A12_23043.JPG,4045371,https://dataverse.harvard.edu/api/access/datafile/4045371
doi:10.7910/DVN/OHCUN1,A12_23044.JPG,4045372,https://dataverse.harvard.edu/api/access/datafile/4045372
doi:10.7910/DVN/Y7OLWI,A12_23045.JPG,4045373,https://dataverse.harvard.edu/api/access/datafile/4045373
doi:10.7910/DVN/2FMFXY,A12_23046.JPG,4045374,https://dataverse.harvard.edu/api/access/datafile/4045374
doi:10.7910/DVN/GSQYQL,A12_23047.JPG,4045375,https://dataverse.harvard.edu/api/access/datafile/4045375
doi:10.7910/DVN/EBEGN4,A12_23048.JPG,4045376,https://dataverse.harvard.edu/api/access/datafile/4045376
doi:10.7910/DVN/D3MG5F,A12_23049.JPG,4045377,https://dataverse.harvard.edu/api/access/datafile/4045377
doi:10.7910/DVN/D1DBYP,A12_23050.JPG,4045378,https://dataverse.harvard.edu/api/access/datafile/4045378
doi:10.7910/DVN/QU3VQT,A12_23051.JPG,4045379,https://dataverse.harvard.edu/api/access/datafile/4045379
doi:10.7910/DVN/KM6WQ3,A12_23052.JPG,4045380,https://dataverse.harvard.edu/api/access/datafile/4045380
doi:10.7910/DVN/YTWMPG,A12_23053.JPG,4045381,https://dataverse.harvard.edu/api/access/datafile/4045381
doi:10.7910/DVN/ZALATD,A12_23054.JPG,4045382,https://dataverse.harvard.edu/api/access/datafile/4045382
doi:10.7910/DVN/L5KQX6,A12_23055.JPG,4045383,https://dataverse.harvard.edu/api/access/datafile/4045383
doi:10.7910/DVN/VJ94TK,A12_23056.JPG,4045384,https://dataverse.harvard.edu/api/access/datafile/4045384
doi:10.7910/DVN/LOBK1O,A12_23057.JPG,5616435,https://dataverse.harvard.edu/api/access/datafile/5616435
doi:10.7910/DVN/YB00YE,A12_23058.JPG,5616436,https://dataverse.harvard.edu/api/access/datafile/5616436
doi:10.7910/DVN/V2MUXA,A12_23059.JPG,5616437,https://dataverse.harvard.edu/api/access/datafile/5616437
doi:10.7910/DVN/KCWTQP,A12_23060.JPG,5616438,https://dataverse.harvard.edu/api/access/datafile/5616438
doi:10.7910/DVN/T70CJ5,A12_23061.JPG,5616439,https://dataverse.harvard.edu/api/access/datafile/5616439
doi:10.7910/DVN/DG9RFG,A12_23062.JPG,5616440,https://dataverse.harvard.edu/api/access/datafile/5616440
doi:10.7910/DVN/Y9SOZI,A12_23063.JPG,5616441,https://dataverse.harvard.edu/api/access/datafile/5616441
doi:10.7910/DVN/WKFWKR,A12_23064.JPG,5616442,https://dataverse.harvard.edu/api/access/datafile/5616442
doi:10.7910/DVN/LMEY6O,A12_23065.JPG,5616443,https://dataverse.harvard.edu/api/access/datafile/5616443
doi:10.7910/DVN/AKYUAY,A12_23066.JPG,5616444,https://dataverse.harvard.edu/api/access/datafile/5616444
doi:10.7910/DVN/HRPSLA,A12_23067.JPG,5616445,https://dataverse.harvard.edu/api/access/datafile/5616445
doi:10.7910/DVN/ZIUECK,A12_23068.JPG,5616446,https://dataverse.harvard.edu/api/access/datafile/5616446
doi:10.7910/DVN/VXRDZL,A12_23069.JPG,5616447,https://dataverse.harvard.edu/api/access/datafile/5616447
doi:10.7910/DVN/WWFXQY,A12_23070.JPG,5616448,https://dataverse.harvard.edu/api/access/datafile/5616448
doi:10.7910/DVN/CDWBKS,A12_23071.JPG,5616449,https://dataverse.harvard.edu/api/access/datafile/5616449
doi:10.7910/DVN/9QFYCX,A12_23072.JPG,5616450,https://dataverse.harvard.edu/api/access/datafile/5616450
doi:10.7910/DVN/SAKM81,A12_23073.JPG,5616451,https://dataverse.harvard.edu/api/access/datafile/5616451
doi:10.7910/DVN/JHNIKC,A12_23074.JPG,5616452,https://dataverse.harvard.edu/api/access/datafile/5616452
doi:10.7910/DVN/1ABFFK,A12_23075.JPG,5616453,https://dataverse.harvard.edu/api/access/datafile/5616453
doi:10.7910/DVN/JWQOKP,A12_23076.JPG,5616454,https://dataverse.harvard.edu/api/access/datafile/5616454
doi:10.7910/DVN/KGPQ7Z,A12_23077.JPG,5616455,https://dataverse.harvard.edu/api/access/datafile/5616455
doi:10.7910/DVN/B1LRKF,A12_23078.JPG,5616456,https://dataverse.harvard.edu/api/access/datafile/5616456
doi:10.7910/DVN/PWMVXH,A12_23079.JPG,5616457,https://dataverse.harvard.edu/api/access/datafile/5616457
doi:10.7910/DVN/5QKCV5,A12_23080.JPG,5616458,https://dataverse.harvard.edu/api/access/datafile/5616458
doi:10.7910/DVN/K7JM0Q,A12_23081.JPG,5616459,https://dataverse.harvard.edu/api/access/datafile/5616459
doi:10.7910/DVN/VFSTUJ,A12_23082.JPG,5616460,https://dataverse.harvard.edu/api/access/datafile/5616460
doi:10.7910/DVN/C5VVVD,A12_23083.JPG,5616461,https://dataverse.harvard.edu/api/access/datafile/5616461
doi:10.7910/DVN/BHN417,A12_23084.JPG,5616462,https://dataverse.harvard.edu/api/access/datafile/5616462
doi:10.7910/DVN/ZA7DVD,A12_23085.JPG,5616463,https://dataverse.harvard.edu/api/access/datafile/5616463
doi:10.7910/DVN/BYG13X,A12_23086.JPG,5616464,https://dataverse.harvard.edu/api/access/datafile/5616464
doi:10.7910/DVN/IO3KJS,A12_23087.JPG,5616465,https://dataverse.harvard.edu/api/access/datafile/5616465
doi:10.7910/DVN/TB6VY6,A12_23088.JPG,5616466,https://dataverse.harvard.edu/api/access/datafile/5616466
doi:10.7910/DVN/SJHXFP,A12_23089.JPG,5616467,https://dataverse.harvard.edu/api/access/datafile/5616467
doi:10.7910/DVN/WIMCSN,A12_23090.JPG,5616468,https://dataverse.harvard.edu/api/access/datafile/5616468
doi:10.7910/DVN/UXDQFT,A12_23091.JPG,5616469,https://dataverse.harvard.edu/api/access/datafile/5616469
doi:10.7910/DVN/IWGIZD,A12_23092.JPG,5616470,https://dataverse.harvard.edu/api/access/datafile/5616470
doi:10.7910/DVN/CFHIQW,A12_23093.JPG,5616471,https://dataverse.harvard.edu/api/access/datafile/5616471
doi:10.7910/DVN/D87TB8,A12_23094.JPG,5616472,https://dataverse.harvard.edu/api/access/datafile/5616472
doi:10.7910/DVN/365NVO,A12_23095.JPG,5616473,https://dataverse.harvard.edu/api/access/datafile/5616473
doi:10.7910/DVN/1CL48I,A12_23096.JPG,5616474,https://dataverse.harvard.edu/api/access/datafile/5616474
doi:10.7910/DVN/FNRIPS,A12_23097.JPG,5616475,https://dataverse.harvard.edu/api/access/datafile/5616475
doi:10.7910/DVN/MGAZXL,A12_23098.JPG,5616476,https://dataverse.harvard.edu/api/access/datafile/5616476
doi:10.7910/DVN/CRUVPL,A12_23099.JPG,5616477,https://dataverse.harvard.edu/api/access/datafile/5616477
doi:10.7910/DVN/OIG2FJ,A12_23100.JPG,5616478,https://dataverse.harvard.edu/api/access/datafile/5616478
doi:10.7910/DVN/Q1P0TT,A12_23101.JPG,5616479,https://dataverse.harvard.edu/api/access/datafile/5616479
doi:10.7910/DVN/ASKJQQ,A12_23102.JPG,5616480,https://dataverse.harvard.edu/api/access/datafile/5616480
doi:10.7910/DVN/3VSLBE,A12_23103.JPG,5616481,https://dataverse.harvard.edu/api/access/datafile/5616481
doi:10.7910/DVN/PWNWHL,A12_23104.JPG,5616482,https://dataverse.harvard.edu/api/access/datafile/5616482
doi:10.7910/DVN/I9DZHG,A12_23105.JPG,5616483,https://dataverse.harvard.edu/api/access/datafile/5616483
doi:10.7910/DVN/MRXTH4,A12_23106.JPG,5616484,https://dataverse.harvard.edu/api/access/datafile/5616484
doi:10.7910/DVN/KID3PW,A12_23107.JPG,5616485,https://dataverse.harvard.edu/api/access/datafile/5616485
doi:10.7910/DVN/LS2JD6,A12_23108.JPG,5616486,https://dataverse.harvard.edu/api/access/datafile/5616486
doi:10.7910/DVN/HWWA7P,A12_23109.JPG,5616487,https://dataverse.harvard.edu/api/access/datafile/5616487
doi:10.7910/DVN/EI2NFZ,A12_23110.JPG,5616488,https://dataverse.harvard.edu/api/access/datafile/5616488
doi:10.7910/DVN/WNNZY1,A12_23111.JPG,5616489,https://dataverse.harvard.edu/api/access/datafile/5616489
doi:10.7910/DVN/KFMVQK,A12_23112.JPG,5616490,https://dataverse.harvard.edu/api/access/datafile/5616490
doi:10.7910/DVN/O4A8TN,A12_23113.JPG,5616491,https://dataverse.harvard.edu/api/access/datafile/5616491
doi:10.7910/DVN/WOXSX8,A12_23114.JPG,5616492,https://dataverse.harvard.edu/api/access/datafile/5616492
doi:10.7910/DVN/XORKWR,A12_23115.JPG,5616493,https://dataverse.harvard.edu/api/access/datafile/5616493
doi:10.7910/DVN/TL9TFL,A12_23116.JPG,5616494,https://dataverse.harvard.edu/api/access/datafile/5616494
doi:10.7910/DVN/ARLDYU,A12_23117.JPG,5616495,https://dataverse.harvard.edu/api/access/datafile/5616495
doi:10.7910/DVN/ZVJ2E5,A12_23118.JPG,5616496,https://dataverse.harvard.edu/api/access/datafile/5616496
doi:10.7910/DVN/YBIJEY,A12_23119.JPG,5616497,https://dataverse.harvard.edu/api/access/datafile/5616497
doi:10.7910/DVN/5NM4VP,A12_23120.JPG,5616498,https://dataverse.harvard.edu/api/access/datafile/5616498
doi:10.7910/DVN/3RNILP,A12_23121.JPG,5616499,https://dataverse.harvard.edu/api/access/datafile/5616499
doi:10.7910/DVN/8KEHJM,A12_23122.JPG,5616500,https://dataverse.harvard.edu/api/access/datafile/5616500
doi:10.7910/DVN/UEXMOS,A12_23123.JPG,5616501,https://dataverse.harvard.edu/api/access/datafile/5616501
doi:10.7910/DVN/GX23DO,A12_23124.JPG,5616502,https://dataverse.harvard.edu/api/access/datafile/5616502
doi:10.7910/DVN/OTSQOW,A12_23125.JPG,5616503,https://dataverse.harvard.edu/api/access/datafile/5616503
doi:10.7910/DVN/MML8NY,A12_23126.JPG,5616504,https://dataverse.harvard.edu/api/access/datafile/5616504
doi:10.7910/DVN/HROIQY,A12_23127.JPG,5616505,https://dataverse.harvard.edu/api/access/datafile/5616505
doi:10.7910/DVN/W7PU45,A12_23128.JPG,5616506,https://dataverse.harvard.edu/api/access/datafile/5616506
doi:10.7910/DVN/CJBGMS,A12_23129.JPG,5616507,https://dataverse.harvard.edu/api/access/datafile/5616507
doi:10.7910/DVN/N9XX4G,A12_23130.JPG,5616508,https://dataverse.harvard.edu/api/access/datafile/5616508
doi:10.7910/DVN/PR1J9I,A12_23131.JPG,5616509,https://dataverse.harvard.edu/api/access/datafile/5616509
doi:10.7910/DVN/ZOTC5Z,A12_23132.JPG,5616510,https://dataverse.harvard.edu/api/access/datafile/5616510
doi:10.7910/DVN/VZSDEA,A12_23133.JPG,5616511,https://dataverse.harvard.edu/api/access/datafile/5616511
doi:10.7910/DVN/VD5RTU,A12_23134.JPG,5616512,https://dataverse.harvard.edu/api/access/datafile/5616512
doi:10.7910/DVN/5MWQPL,A12_23135.JPG,5616513,https://dataverse.harvard.edu/api/access/datafile/5616513
doi:10.7910/DVN/RT6RNJ,A12_23136.JPG,5616514,https://dataverse.harvard.edu/api/access/datafile/5616514
doi:10.7910/DVN/JAE7CJ,A12_23137.JPG,5616515,https://dataverse.harvard.edu/api/access/datafile/5616515
doi:10.7910/DVN/H0MGTY,A12_23138.JPG,5616516,https://dataverse.harvard.edu/api/access/datafile/5616516
doi:10.7910/DVN/QFKYBQ,A12_23139.JPG,5616517,https://dataverse.harvard.edu/api/access/datafile/5616517
doi:10.7910/DVN/AGLAFC,A12_23140.JPG,5616518,https://dataverse.harvard.edu/api/access/datafile/5616518
doi:10.7910/DVN/RRS6FD,A12_23141.JPG,5616519,https://dataverse.harvard.edu/api/access/datafile/5616519
doi:10.7910/DVN/IZARAQ,A12_23142.JPG,5616520,https://dataverse.harvard.edu/api/access/datafile/5616520
doi:10.7910/DVN/B96QPN,A12_23143.JPG,5616521,https://dataverse.harvard.edu/api/access/datafile/5616521
doi:10.7910/DVN/4UPFEC,A12_23144.JPG,5616522,https://dataverse.harvard.edu/api/access/datafile/5616522
doi:10.7910/DVN/65BADB,A12_23145.JPG,5616523,https://dataverse.harvard.edu/api/access/datafile/5616523
doi:10.7910/DVN/9LLRI2,A12_23146.JPG,5616524,https://dataverse.harvard.edu/api/access/datafile/5616524
doi:10.7910/DVN/4RAN34,A12_23147.JPG,5616525,https://dataverse.harvard.edu/api/access/datafile/5616525
doi:10.7910/DVN/EJFGMI,A12_23148.JPG,5616526,https://dataverse.harvard.edu/api/access/datafile/5616526
doi:10.7910/DVN/BQIYLI,A12_23149.JPG,5616527,https://dataverse.harvard.edu/api/access/datafile/5616527
doi:10.7910/DVN/CZOLN9,A12_23150.JPG,5616528,https://dataverse.harvard.edu/api/access/datafile/5616528
doi:10.7910/DVN/ECCJFS,A12_23151.JPG,5616529,https://dataverse.harvard.edu/api/access/datafile/5616529
doi:10.7910/DVN/IOH4WT,A12_23152.JPG,5616530,https://dataverse.harvard.edu/api/access/datafile/5616530
doi:10.7910/DVN/G5VFHN,A12_23153.JPG,5616531,https://dataverse.harvard.edu/api/access/datafile/5616531
doi:10.7910/DVN/PQQW28,A12_23154.JPG,5616532,https://dataverse.harvard.edu/api/access/datafile/5616532
doi:10.7910/DVN/UAZBRV,A12_23155.JPG,5616533,https://dataverse.harvard.edu/api/access/datafile/5616533
doi:10.7910/DVN/5PUM3S,A12_23156.JPG,5616534,https://dataverse.harvard.edu/api/access/datafile/5616534
doi:10.7910/DVN/EKCBCC,A12_23157.JPG,5616535,https://dataverse.harvard.edu/api/access/datafile/5616535
doi:10.7910/DVN/W1ZCMV,A12_23158.JPG,5616536,https://dataverse.harvard.edu/api/access/datafile/5616536
doi:10.7910/DVN/EZBUGG,A12_23159.JPG,5616537,https://dataverse.harvard.edu/api/access/datafile/5616537
doi:10.7910/DVN/AADBYU,A12_23160.JPG,5616538,https://dataverse.harvard.edu/api/access/datafile/5616538
doi:10.7910/DVN/JRHNZ6,A12_23161.JPG,5616539,https://dataverse.harvard.edu/api/access/datafile/5616539
doi:10.7910/DVN/FAPJ72,A12_23162.JPG,5616540,https://dataverse.harvard.edu/api/access/datafile/5616540
doi:10.7910/DVN/PDDJBD,A12_23163.JPG,5616541,https://dataverse.harvard.edu/api/access/datafile/5616541
doi:10.7910/DVN/XU0XYB,A12_23164.JPG,5616542,https://dataverse.harvard.edu/api/access/datafile/5616542
doi:10.7910/DVN/7C9HHC,A12_23165.JPG,5616543,https://dataverse.harvard.edu/api/access/datafile/5616543
doi:10.7910/DVN/E5HUTT,A12_23166.JPG,5616544,https://dataverse.harvard.edu/api/access/datafile/5616544
doi:10.7910/DVN/QAQNWI,A12_23167.JPG,5616545,https://dataverse.harvard.edu/api/access/datafile/5616545
doi:10.7910/DVN/KBHMBR,A12_23168.JPG,5616546,https://dataverse.harvard.edu/api/access/datafile/5616546
doi:10.7910/DVN/C2YNLK,A12_23169.JPG,5616547,https://dataverse.harvard.edu/api/access/datafile/5616547
doi:10.7910/DVN/3JGBGU,A12_23170.JPG,5616548,https://dataverse.harvard.edu/api/access/datafile/5616548
doi:10.7910/DVN/2HTBOO,A12_23171.JPG,5616549,https://dataverse.harvard.edu/api/access/datafile/5616549
doi:10.7910/DVN/N6O83F,A12_23172.JPG,5616550,https://dataverse.harvard.edu/api/access/datafile/5616550
doi:10.7910/DVN/0O9JAG,A12_23173.JPG,5616551,https://dataverse.harvard.edu/api/access/datafile/5616551
doi:10.7910/DVN/QSSSH3,A12_23174.JPG,5616552,https://dataverse.harvard.edu/api/access/datafile/5616552
doi:10.7910/DVN/MEWKVI,A12_23175.JPG,5616553,https://dataverse.harvard.edu/api/access/datafile/5616553
doi:10.7910/DVN/14GHB0,A12_23176.JPG,5616554,https://dataverse.harvard.edu/api/access/datafile/5616554
doi:10.7910/DVN/KIJI6Z,A12_23177.JPG,5616555,https://dataverse.harvard.edu/api/access/datafile/5616555
doi:10.7910/DVN/9T6UTU,A12_23178.JPG,5616556,https://dataverse.harvard.edu/api/access/datafile/5616556
doi:10.7910/DVN/5MKZZA,A12_23179.JPG,5616557,https://dataverse.harvard.edu/api/access/datafile/5616557
doi:10.7910/DVN/ISEYWS,A12_23180.JPG,5616558,https://dataverse.harvard.edu/api/access/datafile/5616558
doi:10.7910/DVN/WMGOL2,A12_23181.JPG,5616559,https://dataverse.harvard.edu/api/access/datafile/5616559
doi:10.7910/DVN/EEYEAQ,A12_23182.JPG,5616560,https://dataverse.harvard.edu/api/access/datafile/5616560
doi:10.7910/DVN/AU5YEK,A12_23183.JPG,5616561,https://dataverse.harvard.edu/api/access/datafile/5616561
doi:10.7910/DVN/LUGPIO,A12_23184.JPG,5616562,https://dataverse.harvard.edu/api/access/datafile/5616562
doi:10.7910/DVN/CKN6HM,A12_23185.JPG,5616563,https://dataverse.harvard.edu/api/access/datafile/5616563
doi:10.7910/DVN/S88JSI,A12_23186.JPG,5616564,https://dataverse.harvard.edu/api/access/datafile/5616564
doi:10.7910/DVN/Y2K9DZ,A12_23187.JPG,5616565,https://dataverse.harvard.edu/api/access/datafile/5616565
doi:10.7910/DVN/WTZEDW,A12_23188.JPG,5616566,https://dataverse.harvard.edu/api/access/datafile/5616566
doi:10.7910/DVN/2LPBRT,A12_23189.JPG,5616567,https://dataverse.harvard.edu/api/access/datafile/5616567
doi:10.7910/DVN/4ZNQR2,A12_23190.JPG,5616568,https://dataverse.harvard.edu/api/access/datafile/5616568
doi:10.7910/DVN/GYDY5E,A12_23191.JPG,5616569,https://dataverse.harvard.edu/api/access/datafile/5616569
doi:10.7910/DVN/60SREK,A12_23192.JPG,5616570,https://dataverse.harvard.edu/api/access/datafile/5616570
doi:10.7910/DVN/FJ2OSL,A12_23193.JPG,5616571,https://dataverse.harvard.edu/api/access/datafile/5616571
doi:10.7910/DVN/ZE8VTT,A12_23194.JPG,5616572,https://dataverse.harvard.edu/api/access/datafile/5616572
doi:10.7910/DVN/QVTTX4,A12_23195.JPG,5616573,https://dataverse.harvard.edu/api/access/datafile/5616573
doi:10.7910/DVN/1GGL4E,A12_23196.JPG,5616574,https://dataverse.harvard.edu/api/access/datafile/5616574
doi:10.7910/DVN/ST50IB,A12_23197.JPG,5616575,https://dataverse.harvard.edu/api/access/datafile/5616575
doi:10.7910/DVN/6LJPYG,A12_23198.JPG,5616576,https://dataverse.harvard.edu/api/access/datafile/5616576
doi:10.7910/DVN/LSU8RX,A12_23199.JPG,5616577,https://dataverse.harvard.edu/api/access/datafile/5616577
doi:10.7910/DVN/6X49BF,A12_23200.JPG,5616578,https://dataverse.harvard.edu/api/access/datafile/5616578
doi:10.7910/DVN/C1BOKZ,A12_23201.JPG,5616579,https://dataverse.harvard.edu/api/access/datafile/5616579
doi:10.7910/DVN/IR4PVM,A12_23202.JPG,5616580,https://dataverse.harvard.edu/api/access/datafile/5616580
doi:10.7910/DVN/TWLKEB,A12_23203.JPG,5616581,https://dataverse.harvard.edu/api/access/datafile/5616581
doi:10.7910/DVN/GDPNSR,A12_23204.JPG,5616582,https://dataverse.harvard.edu/api/access/datafile/5616582
doi:10.7910/DVN/RRDJP3,A12_23205.JPG,5616583,https://dataverse.harvard.edu/api/access/datafile/5616583
doi:10.7910/DVN/DSHRE7,A12_23206.JPG,5616584,https://dataverse.harvard.edu/api/access/datafile/5616584
doi:10.7910/DVN/E6HBSV,A12_23207.JPG,5616585,https://dataverse.harvard.edu/api/access/datafile/5616585
doi:10.7910/DVN/ESZ9MN,A12_23208.JPG,5616586,https://dataverse.harvard.edu/api/access/datafile/5616586
doi:10.7910/DVN/YGRTHI,A12_23209.JPG,5616587,https://dataverse.harvard.edu/api/access/datafile/5616587
doi:10.7910/DVN/NGW8LZ,A12_23210.JPG,5616588,https://dataverse.harvard.edu/api/access/datafile/5616588
doi:10.7910/DVN/XHBVWY,A12_23211.JPG,5616589,https://dataverse.harvard.edu/api/access/datafile/5616589
doi:10.7910/DVN/GJ385I,A12_23212.JPG,5616590,https://dataverse.harvard.edu/api/access/datafile/5616590
doi:10.7910/DVN/LX2NEL,A12_23213.JPG,5616591,https://dataverse.harvard.edu/api/access/datafile/5616591
doi:10.7910/DVN/8E1DVZ,A12_23214.JPG,5616592,https://dataverse.harvard.edu/api/access/datafile/5616592
doi:10.7910/DVN/IIT18H,A12_23215.JPG,5616593,https://dataverse.harvard.edu/api/access/datafile/5616593
doi:10.7910/DVN/6OTG4T,A12_23216.JPG,5616594,https://dataverse.harvard.edu/api/access/datafile/5616594
doi:10.7910/DVN/SXJXZF,A12_23217.JPG,5616595,https://dataverse.harvard.edu/api/access/datafile/5616595
doi:10.7910/DVN/SGY7MK,A12_23218.JPG,5616596,https://dataverse.harvard.edu/api/access/datafile/5616596
doi:10.7910/DVN/YIRFMT,A12_23219.JPG,5616597,https://dataverse.harvard.edu/api/access/datafile/5616597
doi:10.7910/DVN/XW1ABT,A12_23220.JPG,5616598,https://dataverse.harvard.edu/api/access/datafile/5616598
doi:10.7910/DVN/PHCMVV,A12_23221.JPG,5616599,https://dataverse.harvard.edu/api/access/datafile/5616599
doi:10.7910/DVN/FRFSOV,A12_23222.JPG,5616600,https://dataverse.harvard.edu/api/access/datafile/5616600
doi:10.7910/DVN/TETU3B,A12_23223.JPG,5616601,https://dataverse.harvard.edu/api/access/datafile/5616601
doi:10.7910/DVN/W2ZCXB,A12_23224.JPG,5616602,https://dataverse.harvard.edu/api/access/datafile/5616602
doi:10.7910/DVN/U6UIYA,A12_23225.JPG,5616603,https://dataverse.harvard.edu/api/access/datafile/5616603
doi:10.7910/DVN/AQ3Q07,A12_23226.JPG,5616604,https://dataverse.harvard.edu/api/access/datafile/5616604
doi:10.7910/DVN/KQUZWJ,A12_23227.JPG,5616605,https://dataverse.harvard.edu/api/access/datafile/5616605
doi:10.7910/DVN/WMRLSA,A12_23228.JPG,5616606,https://dataverse.harvard.edu/api/access/datafile/5616606
doi:10.7910/DVN/IYEU82,A12_23229.JPG,5616607,https://dataverse.harvard.edu/api/access/datafile/5616607
doi:10.7910/DVN/QGYHUM,A12_23230.JPG,5616608,https://dataverse.harvard.edu/api/access/datafile/5616608
doi:10.7910/DVN/8XNHKE,A12_23231.JPG,5616609,https://dataverse.harvard.edu/api/access/datafile/5616609
doi:10.7910/DVN/WHWJ31,A12_23232.JPG,5616610,https://dataverse.harvard.edu/api/access/datafile/5616610
doi:10.7910/DVN/ORAW8I,A12_23233.JPG,5616611,https://dataverse.harvard.edu/api/access/datafile/5616611
doi:10.7910/DVN/E5LKVP,A12_23234.JPG,5616612,https://dataverse.harvard.edu/api/access/datafile/5616612
doi:10.7910/DVN/W8IKCU,A12_23235.JPG,5616613,https://dataverse.harvard.edu/api/access/datafile/5616613
doi:10.7910/DVN/GOLXBS,A12_23236.JPG,5616614,https://dataverse.harvard.edu/api/access/datafile/5616614
doi:10.7910/DVN/XOMY5U,A12_23237.JPG,5616615,https://dataverse.harvard.edu/api/access/datafile/5616615
doi:10.7910/DVN/5AUINI,A12_23238.JPG,5616616,https://dataverse.harvard.edu/api/access/datafile/5616616
doi:10.7910/DVN/NBAPHU,A12_23239.JPG,5616617,https://dataverse.harvard.edu/api/access/datafile/5616617
doi:10.7910/DVN/FXJOZA,A12_23240.JPG,5616618,https://dataverse.harvard.edu/api/access/datafile/5616618
doi:10.7910/DVN/GE5NRS,A12_23241.JPG,5616619,https://dataverse.harvard.edu/api/access/datafile/5616619
doi:10.7910/DVN/UKIORI,A12_23242.JPG,5616620,https://dataverse.harvard.edu/api/access/datafile/5616620
doi:10.7910/DVN/IUKTA6,A12_23243.JPG,5616621,https://dataverse.harvard.edu/api/access/datafile/5616621
doi:10.7910/DVN/BX2Y8M,A12_23244.JPG,5616622,https://dataverse.harvard.edu/api/access/datafile/5616622
doi:10.7910/DVN/EO8FTL,A12_23245.JPG,5616623,https://dataverse.harvard.edu/api/access/datafile/5616623
doi:10.7910/DVN/U3KRHP,A12_23246.JPG,5616624,https://dataverse.harvard.edu/api/access/datafile/5616624
doi:10.7910/DVN/4Z4MBQ,A12_23247.JPG,5616625,https://dataverse.harvard.edu/api/access/datafile/5616625
doi:10.7910/DVN/ONF2DX,A12_23248.JPG,5616626,https://dataverse.harvard.edu/api/access/datafile/5616626
doi:10.7910/DVN/ISRBD0,A12_23249.JPG,5616627,https://dataverse.harvard.edu/api/access/datafile/5616627
doi:10.7910/DVN/WEWPGK,A12_23250.JPG,5616628,https://dataverse.harvard.edu/api/access/datafile/5616628
doi:10.7910/DVN/U7RM6U,A12_23251.JPG,5616629,https://dataverse.harvard.edu/api/access/datafile/5616629
doi:10.7910/DVN/BMKV3A,A12_23252.JPG,5616630,https://dataverse.harvard.edu/api/access/datafile/5616630
doi:10.7910/DVN/LQMHMU,A12_23253.JPG,5616631,https://dataverse.harvard.edu/api/access/datafile/5616631
doi:10.7910/DVN/YICSO5,A12_23254.JPG,5616632,https://dataverse.harvard.edu/api/access/datafile/5616632
doi:10.7910/DVN/LIUR3J,A12_23255.JPG,5616633,https://dataverse.harvard.edu/api/access/datafile/5616633
doi:10.7910/DVN/KJQ7EQ,A12_23256.JPG,5616634,https://dataverse.harvard.edu/api/access/datafile/5616634
doi:10.7910/DVN/LEDMSC,A12_23257.JPG,5616635,https://dataverse.harvard.edu/api/access/datafile/5616635
doi:10.7910/DVN/ETNJSV,A12_23258.JPG,5616636,https://dataverse.harvard.edu/api/access/datafile/5616636
doi:10.7910/DVN/BAJER7,A12_23259.JPG,5616637,https://dataverse.harvard.edu/api/access/datafile/5616637
doi:10.7910/DVN/26VK0D,A12_23260.JPG,5616638,https://dataverse.harvard.edu/api/access/datafile/5616638
doi:10.7910/DVN/VQWNZT,A12_23261.JPG,5616639,https://dataverse.harvard.edu/api/access/datafile/5616639
doi:10.7910/DVN/I9PAGX,A12_23262.JPG,5616640,https://dataverse.harvard.edu/api/access/datafile/5616640
doi:10.7910/DVN/DBN0HX,A12_23263.JPG,5616641,https://dataverse.harvard.edu/api/access/datafile/5616641
doi:10.7910/DVN/FRRUFT,A12_23264.JPG,5616642,https://dataverse.harvard.edu/api/access/datafile/5616642
doi:10.7910/DVN/PZ86VK,A12_23265.JPG,5616643,https://dataverse.harvard.edu/api/access/datafile/5616643
doi:10.7910/DVN/78KWDL,A12_23266.JPG,5616644,https://dataverse.harvard.edu/api/access/datafile/5616644
doi:10.7910/DVN/8DQWDM,A12_23267.JPG,5616645,https://dataverse.harvard.edu/api/access/datafile/5616645
doi:10.7910/DVN/GSIM00,A12_23268.JPG,5616646,https://dataverse.harvard.edu/api/access/datafile/5616646
doi:10.7910/DVN/GSQSHX,A12_23269.JPG,5616647,https://dataverse.harvard.edu/api/access/datafile/5616647
doi:10.7910/DVN/BUCLHC,A12_23270.JPG,5616648,https://dataverse.harvard.edu/api/access/datafile/5616648
doi:10.7910/DVN/PXWZSV,A12_23271.JPG,5616649,https://dataverse.harvard.edu/api/access/datafile/5616649
doi:10.7910/DVN/MLRXNY,A12_23272.JPG,5616650,https://dataverse.harvard.edu/api/access/datafile/5616650
doi:10.7910/DVN/5EVECA,A12_23273.JPG,5616651,https://dataverse.harvard.edu/api/access/datafile/5616651
doi:10.7910/DVN/ZHZ1ZN,A12_23274.JPG,5616652,https://dataverse.harvard.edu/api/access/datafile/5616652
doi:10.7910/DVN/9JWXV1,A12_23275.JPG,5616653,https://dataverse.harvard.edu/api/access/datafile/5616653
doi:10.7910/DVN/KL6HYZ,A12_23276.JPG,5616654,https://dataverse.harvard.edu/api/access/datafile/5616654
doi:10.7910/DVN/AC96KR,A12_23277.JPG,5616655,https://dataverse.harvard.edu/api/access/datafile/5616655
doi:10.7910/DVN/XSE8AB,A12_23278.JPG,5616656,https://dataverse.harvard.edu/api/access/datafile/5616656
doi:10.7910/DVN/PABAEU,A12_23279.JPG,5616657,https://dataverse.harvard.edu/api/access/datafile/5616657
doi:10.7910/DVN/9H8GZM,A12_23280.JPG,5616658,https://dataverse.harvard.edu/api/access/datafile/5616658
doi:10.7910/DVN/X2WQLR,A12_23281.JPG,5616659,https://dataverse.harvard.edu/api/access/datafile/5616659
doi:10.7910/DVN/REQNNF,A12_23282.JPG,5616660,https://dataverse.harvard.edu/api/access/datafile/5616660
doi:10.7910/DVN/WDU9BJ,A12_23283.JPG,5616661,https://dataverse.harvard.edu/api/access/datafile/5616661
doi:10.7910/DVN/AGPIC7,A12_23284.JPG,5616662,https://dataverse.harvard.edu/api/access/datafile/5616662
doi:10.7910/DVN/NRT3VL,A12_23285.JPG,5616663,https://dataverse.harvard.edu/api/access/datafile/5616663
doi:10.7910/DVN/5ARYSU,A12_23286.JPG,5616664,https://dataverse.harvard.edu/api/access/datafile/5616664
doi:10.7910/DVN/J1LRGA,A12_23287.JPG,5616665,https://dataverse.harvard.edu/api/access/datafile/5616665
doi:10.7910/DVN/DLPLGK,A12_23288.JPG,5616666,https://dataverse.harvard.edu/api/access/datafile/5616666
doi:10.7910/DVN/X2J1WB,A12_23289.JPG,5616667,https://dataverse.harvard.edu/api/access/datafile/5616667
doi:10.7910/DVN/IXVC80,A12_23290.JPG,5616668,https://dataverse.harvard.edu/api/access/datafile/5616668
doi:10.7910/DVN/TAZZXV,A12_23291.JPG,5616669,https://dataverse.harvard.edu/api/access/datafile/5616669
doi:10.7910/DVN/LSTSRL,A12_23292.JPG,5616670,https://dataverse.harvard.edu/api/access/datafile/5616670
doi:10.7910/DVN/CKWFBO,A12_23293.JPG,5616671,https://dataverse.harvard.edu/api/access/datafile/5616671
doi:10.7910/DVN/PDEYVY,A12_23294.JPG,5616672,https://dataverse.harvard.edu/api/access/datafile/5616672
doi:10.7910/DVN/1BXRSW,A12_23295.JPG,5616673,https://dataverse.harvard.edu/api/access/datafile/5616673
doi:10.7910/DVN/7CTNT0,A12_23296.JPG,5616674,https://dataverse.harvard.edu/api/access/datafile/5616674
doi:10.7910/DVN/GHZAJI,A12_23297.JPG,5616675,https://dataverse.harvard.edu/api/access/datafile/5616675
doi:10.7910/DVN/CDOYMD,A12_23298.JPG,5616676,https://dataverse.harvard.edu/api/access/datafile/5616676
doi:10.7910/DVN/JUJL6M,A12_23299.JPG,5616677,https://dataverse.harvard.edu/api/access/datafile/5616677
doi:10.7910/DVN/BVKATQ,A12_23300.JPG,5616678,https://dataverse.harvard.edu/api/access/datafile/5616678
doi:10.7910/DVN/U8EESR,A12_23301.JPG,5616679,https://dataverse.harvard.edu/api/access/datafile/5616679
doi:10.7910/DVN/LFAOIO,A12_23302.JPG,5616680,https://dataverse.harvard.edu/api/access/datafile/5616680
doi:10.7910/DVN/3JJP2C,A12_23303.JPG,5616681,https://dataverse.harvard.edu/api/access/datafile/5616681
doi:10.7910/DVN/QRNEJY,A12_23304.JPG,5616682,https://dataverse.harvard.edu/api/access/datafile/5616682
doi:10.7910/DVN/KWLR80,A12_23305.JPG,5616683,https://dataverse.harvard.edu/api/access/datafile/5616683
doi:10.7910/DVN/ZFXYFE,A12_23306.JPG,5616684,https://dataverse.harvard.edu/api/access/datafile/5616684
doi:10.7910/DVN/YYSVWU,A12_23307.JPG,5616685,https://dataverse.harvard.edu/api/access/datafile/5616685
doi:10.7910/DVN/ACCEJC,A12_23308.JPG,5616686,https://dataverse.harvard.edu/api/access/datafile/5616686
doi:10.7910/DVN/8ADBCL,A12_23309.JPG,5616687,https://dataverse.harvard.edu/api/access/datafile/5616687
doi:10.7910/DVN/LWJG5J,A12_23310.JPG,5616688,https://dataverse.harvard.edu/api/access/datafile/5616688
doi:10.7910/DVN/FVQXTT,A12_23311.JPG,5616689,https://dataverse.harvard.edu/api/access/datafile/5616689
doi:10.7910/DVN/WS8GH3,A12_23312.JPG,5616690,https://dataverse.harvard.edu/api/access/datafile/5616690
doi:10.7910/DVN/KTQ638,A12_23313.JPG,5616691,https://dataverse.harvard.edu/api/access/datafile/5616691
doi:10.7910/DVN/MAC8MH,A12_23314.JPG,5616692,https://dataverse.harvard.edu/api/access/datafile/5616692
doi:10.7910/DVN/STD2UA,A12_23315.JPG,5616693,https://dataverse.harvard.edu/api/access/datafile/5616693
doi:10.7910/DVN/UN0NVD,A12_23316.JPG,5616694,https://dataverse.harvard.edu/api/access/datafile/5616694
doi:10.7910/DVN/LQERI2,A12_23317.JPG,5616695,https://dataverse.harvard.edu/api/access/datafile/5616695
doi:10.7910/DVN/D2HTE2,A12_23318.JPG,5616696,https://dataverse.harvard.edu/api/access/datafile/5616696
doi:10.7910/DVN/RUWVXB,A12_23319.JPG,5616697,https://dataverse.harvard.edu/api/access/datafile/5616697
doi:10.7910/DVN/LUROYH,A12_23321.JPG,5616698,https://dataverse.harvard.edu/api/access/datafile/5616698
doi:10.7910/DVN/KDRJ3P,A12_23322.JPG,5616699,https://dataverse.harvard.edu/api/access/datafile/5616699
doi:10.7910/DVN/D5KWZZ,A12_23323.JPG,5616700,https://dataverse.harvard.edu/api/access/datafile/5616700
doi:10.7910/DVN/GAHUJN,A12_23324.JPG,5616701,https://dataverse.harvard.edu/api/access/datafile/5616701
doi:10.7910/DVN/KXNGFV,A12_23325.JPG,5616702,https://dataverse.harvard.edu/api/access/datafile/5616702
doi:10.7910/DVN/MO2APA,A12_23326.JPG,5616706,https://dataverse.harvard.edu/api/access/datafile/5616706
doi:10.7910/DVN/3OSMPR,A12_23327.JPG,5616707,https://dataverse.harvard.edu/api/access/datafile/5616707
doi:10.7910/DVN/Z4SB4S,A12_23328.JPG,5616708,https://dataverse.harvard.edu/api/access/datafile/5616708
doi:10.7910/DVN/RX0XDI,A12_23329.JPG,5616709,https://dataverse.harvard.edu/api/access/datafile/5616709
doi:10.7910/DVN/JY33V1,A12_23330.JPG,5616710,https://dataverse.harvard.edu/api/access/datafile/5616710
doi:10.7910/DVN/SMURB9,A12_23331.JPG,5616711,https://dataverse.harvard.edu/api/access/datafile/5616711
doi:10.7910/DVN/W43YOR,A12_23332.JPG,5616712,https://dataverse.harvard.edu/api/access/datafile/5616712
doi:10.7910/DVN/ZPGGNM,A12_23333.JPG,5616713,https://dataverse.harvard.edu/api/access/datafile/5616713
doi:10.7910/DVN/TCOCOF,A12_23334.JPG,5616714,https://dataverse.harvard.edu/api/access/datafile/5616714
doi:10.7910/DVN/OCMMUJ,A12_23335.JPG,5616715,https://dataverse.harvard.edu/api/access/datafile/5616715
doi:10.7910/DVN/AWPCOR,A12_23336.JPG,5616716,https://dataverse.harvard.edu/api/access/datafile/5616716
doi:10.7910/DVN/ETDDOR,A12_23337.JPG,5616717,https://dataverse.harvard.edu/api/access/datafile/5616717
doi:10.7910/DVN/BT0AUJ,A12_23338.JPG,5616718,https://dataverse.harvard.edu/api/access/datafile/5616718
doi:10.7910/DVN/Y0PQSG,A12_23339.JPG,5616719,https://dataverse.harvard.edu/api/access/datafile/5616719
doi:10.7910/DVN/AEKC9C,A12_23340.JPG,5616720,https://dataverse.harvard.edu/api/access/datafile/5616720
doi:10.7910/DVN/RS7NTK,A12_23341.JPG,5616721,https://dataverse.harvard.edu/api/access/datafile/5616721
doi:10.7910/DVN/IJBRBV,A12_23342.JPG,5616722,https://dataverse.harvard.edu/api/access/datafile/5616722
doi:10.7910/DVN/EGZPTL,A12_23343.JPG,5616723,https://dataverse.harvard.edu/api/access/datafile/5616723
doi:10.7910/DVN/P5ZCES,A12_23344.JPG,5616724,https://dataverse.harvard.edu/api/access/datafile/5616724
doi:10.7910/DVN/8QTMME,A12_23345.JPG,5616725,https://dataverse.harvard.edu/api/access/datafile/5616725
doi:10.7910/DVN/EYYEWD,A12_23346.JPG,5616726,https://dataverse.harvard.edu/api/access/datafile/5616726
doi:10.7910/DVN/QVLZGA,A12_23347.JPG,5616727,https://dataverse.harvard.edu/api/access/datafile/5616727
doi:10.7910/DVN/CXHNBD,A12_23348.JPG,5616728,https://dataverse.harvard.edu/api/access/datafile/5616728
doi:10.7910/DVN/SPZE1Q,A12_23349.JPG,5616729,https://dataverse.harvard.edu/api/access/datafile/5616729
doi:10.7910/DVN/KHXU5Z,A12_23350.JPG,5616730,https://dataverse.harvard.edu/api/access/datafile/5616730
doi:10.7910/DVN/ZFJN1S,A12_23351.JPG,5616731,https://dataverse.harvard.edu/api/access/datafile/5616731
doi:10.7910/DVN/R5VV6Y,A12_23352.JPG,5616732,https://dataverse.harvard.edu/api/access/datafile/5616732
doi:10.7910/DVN/ORGJEQ,A12_23353.JPG,5616733,https://dataverse.harvard.edu/api/access/datafile/5616733
doi:10.7910/DVN/QDIZTH,A12_23354.JPG,5616734,https://dataverse.harvard.edu/api/access/datafile/5616734
doi:10.7910/DVN/TDUKXO,A12_23355.JPG,5616735,https://dataverse.harvard.edu/api/access/datafile/5616735
doi:10.7910/DVN/WN5FU2,A12_23356.JPG,5616736,https://dataverse.harvard.edu/api/access/datafile/5616736
doi:10.7910/DVN/OE6HA0,A12_23357.JPG,5616737,https://dataverse.harvard.edu/api/access/datafile/5616737
doi:10.7910/DVN/BVTWB7,A12_23358.JPG,5616738,https://dataverse.harvard.edu/api/access/datafile/5616738
doi:10.7910/DVN/BYMPB9,A12_23359.JPG,5616739,https://dataverse.harvard.edu/api/access/datafile/5616739
doi:10.7910/DVN/CHB72T,A12_23360.JPG,5616740,https://dataverse.harvard.edu/api/access/datafile/5616740
doi:10.7910/DVN/XJPOH6,A12_23361.JPG,5616741,https://dataverse.harvard.edu/api/access/datafile/5616741
doi:10.7910/DVN/GPOM2Y,A12_23362.JPG,5616742,https://dataverse.harvard.edu/api/access/datafile/5616742
doi:10.7910/DVN/T9QL75,A12_23363.JPG,5616743,https://dataverse.harvard.edu/api/access/datafile/5616743
doi:10.7910/DVN/HDOH1Q,A12_23364.JPG,5616744,https://dataverse.harvard.edu/api/access/datafile/5616744
doi:10.7910/DVN/BC1RVB,A12_23365.JPG,5616745,https://dataverse.harvard.edu/api/access/datafile/5616745
doi:10.7910/DVN/NMQPOZ,A12_23366.JPG,5616746,https://dataverse.harvard.edu/api/access/datafile/5616746
doi:10.7910/DVN/GIG4K9,A12_23367.JPG,5616747,https://dataverse.harvard.edu/api/access/datafile/5616747
doi:10.7910/DVN/LVUZ9V,A12_23368.JPG,5616748,https://dataverse.harvard.edu/api/access/datafile/5616748
doi:10.7910/DVN/J3PK27,A12_23369.JPG,5616749,https://dataverse.harvard.edu/api/access/datafile/5616749
doi:10.7910/DVN/HXU0XD,A12_23370.JPG,5616750,https://dataverse.harvard.edu/api/access/datafile/5616750
doi:10.7910/DVN/XGU82S,A12_23371.JPG,5616751,https://dataverse.harvard.edu/api/access/datafile/5616751
doi:10.7910/DVN/XB2HOX,A12_23372.JPG,5616752,https://dataverse.harvard.edu/api/access/datafile/5616752
doi:10.7910/DVN/A9SIT7,A12_23373.JPG,5616753,https://dataverse.harvard.edu/api/access/datafile/5616753
doi:10.7910/DVN/FQNNCS,A12_23374.JPG,5616754,https://dataverse.harvard.edu/api/access/datafile/5616754
doi:10.7910/DVN/RUYEMR,A12_23375.JPG,5616755,https://dataverse.harvard.edu/api/access/datafile/5616755
doi:10.7910/DVN/EDNCQO,A12_23376.JPG,5616756,https://dataverse.harvard.edu/api/access/datafile/5616756
doi:10.7910/DVN/1BJ5TI,A12_23377.JPG,5616757,https://dataverse.harvard.edu/api/access/datafile/5616757
doi:10.7910/DVN/CKHFB8,A12_23378.JPG,5616758,https://dataverse.harvard.edu/api/access/datafile/5616758
doi:10.7910/DVN/WRXA1T,A12_23379.JPG,5616759,https://dataverse.harvard.edu/api/access/datafile/5616759
doi:10.7910/DVN/IC5MEB,A12_23380.JPG,5616760,https://dataverse.harvard.edu/api/access/datafile/5616760
doi:10.7910/DVN/NR7IWQ,A12_23381.JPG,5616761,https://dataverse.harvard.edu/api/access/datafile/5616761
doi:10.7910/DVN/BWZBPL,A12_23382.JPG,5616762,https://dataverse.harvard.edu/api/access/datafile/5616762
doi:10.7910/DVN/RGVPVO,A12_23383.JPG,5616763,https://dataverse.harvard.edu/api/access/datafile/5616763
doi:10.7910/DVN/5KQTQX,A12_23384.JPG,5616764,https://dataverse.harvard.edu/api/access/datafile/5616764
doi:10.7910/DVN/GKLXUS,A12_23385.JPG,5616765,https://dataverse.harvard.edu/api/access/datafile/5616765
doi:10.7910/DVN/UFHLVZ,A12_23386.JPG,5616766,https://dataverse.harvard.edu/api/access/datafile/5616766
doi:10.7910/DVN/R9NLEX,A12_23387.JPG,5616767,https://dataverse.harvard.edu/api/access/datafile/5616767
doi:10.7910/DVN/WL7R8X,A12_23388.JPG,5616768,https://dataverse.harvard.edu/api/access/datafile/5616768
doi:10.7910/DVN/LSIW83,A12_23389.JPG,5616769,https://dataverse.harvard.edu/api/access/datafile/5616769
doi:10.7910/DVN/KA3QWH,A12_23390.JPG,5616770,https://dataverse.harvard.edu/api/access/datafile/5616770
doi:10.7910/DVN/H0UZQG,A12_23391.JPG,5616771,https://dataverse.harvard.edu/api/access/datafile/5616771
doi:10.7910/DVN/5I7XER,A12_23392.JPG,5616772,https://dataverse.harvard.edu/api/access/datafile/5616772
doi:10.7910/DVN/84XVMR,A12_23393.JPG,5616773,https://dataverse.harvard.edu/api/access/datafile/5616773
doi:10.7910/DVN/FD9ARU,A12_23394.JPG,5616774,https://dataverse.harvard.edu/api/access/datafile/5616774
doi:10.7910/DVN/EGC5OT,A12_23395.JPG,5616775,https://dataverse.harvard.edu/api/access/datafile/5616775
doi:10.7910/DVN/UOVFPX,A12_23396.JPG,5616776,https://dataverse.harvard.edu/api/access/datafile/5616776
doi:10.7910/DVN/QUOLN2,A12_23397.JPG,5616777,https://dataverse.harvard.edu/api/access/datafile/5616777
doi:10.7910/DVN/KUCSFY,A12_23398.JPG,5616778,https://dataverse.harvard.edu/api/access/datafile/5616778
doi:10.7910/DVN/ESANIE,A12_23399.JPG,5616779,https://dataverse.harvard.edu/api/access/datafile/5616779
doi:10.7910/DVN/BLE9EJ,A12_23400.JPG,5616780,https://dataverse.harvard.edu/api/access/datafile/5616780
doi:10.7910/DVN/WNB5YZ,A12_23401.JPG,5616781,https://dataverse.harvard.edu/api/access/datafile/5616781
doi:10.7910/DVN/RDB88W,A12_23402.JPG,5616782,https://dataverse.harvard.edu/api/access/datafile/5616782
doi:10.7910/DVN/DJZ2CI,A12_23403.JPG,5616783,https://dataverse.harvard.edu/api/access/datafile/5616783
doi:10.7910/DVN/QU9B27,A12_23404.JPG,5616784,https://dataverse.harvard.edu/api/access/datafile/5616784
doi:10.7910/DVN/4LBBZR,A12_23405.JPG,5616785,https://dataverse.harvard.edu/api/access/datafile/5616785
doi:10.7910/DVN/PEA8E5,A12_23406.JPG,5616786,https://dataverse.harvard.edu/api/access/datafile/5616786
doi:10.7910/DVN/X9A5KV,A12_23407.JPG,5616787,https://dataverse.harvard.edu/api/access/datafile/5616787
doi:10.7910/DVN/K7EBS7,A12_23408.JPG,5616788,https://dataverse.harvard.edu/api/access/datafile/5616788
doi:10.7910/DVN/DCZSGG,A12_23409.JPG,5616789,https://dataverse.harvard.edu/api/access/datafile/5616789
doi:10.7910/DVN/XCFT7E,A12_23410.JPG,5616790,https://dataverse.harvard.edu/api/access/datafile/5616790
doi:10.7910/DVN/P7MAVB,A12_23411.JPG,5616791,https://dataverse.harvard.edu/api/access/datafile/5616791
doi:10.7910/DVN/1JGUCF,A12_23412.JPG,5616792,https://dataverse.harvard.edu/api/access/datafile/5616792
doi:10.7910/DVN/KMZETR,A12_23413.JPG,5616793,https://dataverse.harvard.edu/api/access/datafile/5616793
doi:10.7910/DVN/S0NIP5,A12_23414.JPG,5616794,https://dataverse.harvard.edu/api/access/datafile/5616794
doi:10.7910/DVN/J5KHKR,A12_23415.JPG,5616795,https://dataverse.harvard.edu/api/access/datafile/5616795
doi:10.7910/DVN/X1RGQU,A12_23416.JPG,5616796,https://dataverse.harvard.edu/api/access/datafile/5616796
doi:10.7910/DVN/DUQHB5,A12_23417.JPG,5616797,https://dataverse.harvard.edu/api/access/datafile/5616797
doi:10.7910/DVN/84AR8O,A12_23418.JPG,5616798,https://dataverse.harvard.edu/api/access/datafile/5616798
doi:10.7910/DVN/F9UFNU,A12_23419.JPG,5616799,https://dataverse.harvard.edu/api/access/datafile/5616799
doi:10.7910/DVN/IOYRQT,A12_23420.JPG,5616800,https://dataverse.harvard.edu/api/access/datafile/5616800
doi:10.7910/DVN/OIKDKD,A12_23421.JPG,5616801,https://dataverse.harvard.edu/api/access/datafile/5616801
doi:10.7910/DVN/RZ4IW2,A12_23422.JPG,5616802,https://dataverse.harvard.edu/api/access/datafile/5616802
doi:10.7910/DVN/UYORM6,A12_23423.JPG,5616803,https://dataverse.harvard.edu/api/access/datafile/5616803
doi:10.7910/DVN/I7CH6Y,A12_23424.JPG,5616804,https://dataverse.harvard.edu/api/access/datafile/5616804
doi:10.7910/DVN/OFD597,A12_23425.JPG,5616805,https://dataverse.harvard.edu/api/access/datafile/5616805
doi:10.7910/DVN/JHN4ZV,A12_23426.JPG,5616806,https://dataverse.harvard.edu/api/access/datafile/5616806
doi:10.7910/DVN/2SNLXL,A12_23427.JPG,5616807,https://dataverse.harvard.edu/api/access/datafile/5616807
doi:10.7910/DVN/HSPX1O,A12_23428.JPG,5616808,https://dataverse.harvard.edu/api/access/datafile/5616808
doi:10.7910/DVN/BFPGCK,A12_23429.JPG,5616809,https://dataverse.harvard.edu/api/access/datafile/5616809
doi:10.7910/DVN/9O3AUM,A12_23430.JPG,5616810,https://dataverse.harvard.edu/api/access/datafile/5616810
doi:10.7910/DVN/DAPFKN,A12_23431.JPG,5616811,https://dataverse.harvard.edu/api/access/datafile/5616811
doi:10.7910/DVN/1WRDXX,A12_23432.JPG,5616812,https://dataverse.harvard.edu/api/access/datafile/5616812
doi:10.7910/DVN/VVVQKL,A12_23433.JPG,5616813,https://dataverse.harvard.edu/api/access/datafile/5616813
doi:10.7910/DVN/9LQZEG,A12_23434.JPG,5616814,https://dataverse.harvard.edu/api/access/datafile/5616814
doi:10.7910/DVN/J0WDQH,A12_23435.JPG,5616815,https://dataverse.harvard.edu/api/access/datafile/5616815
doi:10.7910/DVN/WBUNLS,A12_23436.JPG,5616816,https://dataverse.harvard.edu/api/access/datafile/5616816
doi:10.7910/DVN/2TULRH,A12_23437.JPG,5616817,https://dataverse.harvard.edu/api/access/datafile/5616817
doi:10.7910/DVN/1ABHFG,A12_23438.JPG,5616818,https://dataverse.harvard.edu/api/access/datafile/5616818
doi:10.7910/DVN/YTVPO0,A12_23439.JPG,5616819,https://dataverse.harvard.edu/api/access/datafile/5616819
doi:10.7910/DVN/YY1TNV,A12_23440.JPG,5616820,https://dataverse.harvard.edu/api/access/datafile/5616820
doi:10.7910/DVN/SJYEPL,A12_23441.JPG,5616821,https://dataverse.harvard.edu/api/access/datafile/5616821
doi:10.7910/DVN/943BBH,A12_23442.JPG,5616822,https://dataverse.harvard.edu/api/access/datafile/5616822
doi:10.7910/DVN/0RIRZ7,A12_23443.JPG,5616823,https://dataverse.harvard.edu/api/access/datafile/5616823
doi:10.7910/DVN/2IXZKX,A12_23444.JPG,5616824,https://dataverse.harvard.edu/api/access/datafile/5616824
doi:10.7910/DVN/0VRQVW,A12_23445.JPG,5616825,https://dataverse.harvard.edu/api/access/datafile/5616825
doi:10.7910/DVN/YQXLVU,A12_23446.JPG,5616826,https://dataverse.harvard.edu/api/access/datafile/5616826
doi:10.7910/DVN/IILRAQ,A12_23447.JPG,5616827,https://dataverse.harvard.edu/api/access/datafile/5616827
doi:10.7910/DVN/J8CSQP,A12_23448.JPG,5616828,https://dataverse.harvard.edu/api/access/datafile/5616828
doi:10.7910/DVN/NR13QX,A12_23449.JPG,5616829,https://dataverse.harvard.edu/api/access/datafile/5616829
doi:10.7910/DVN/WDHBBL,A12_23450.JPG,5616830,https://dataverse.harvard.edu/api/access/datafile/5616830
doi:10.7910/DVN/ZIZWSZ,A12_23451.JPG,5616831,https://dataverse.harvard.edu/api/access/datafile/5616831
doi:10.7910/DVN/V79RLL,A12_23452.JPG,5616832,https://dataverse.harvard.edu/api/access/datafile/5616832
doi:10.7910/DVN/4BPAZA,A12_23453.JPG,5616833,https://dataverse.harvard.edu/api/access/datafile/5616833
doi:10.7910/DVN/AHWCYD,A12_23454.JPG,5616834,https://dataverse.harvard.edu/api/access/datafile/5616834
doi:10.7910/DVN/WHCHMD,A12_23455.JPG,5616835,https://dataverse.harvard.edu/api/access/datafile/5616835
doi:10.7910/DVN/POMQOD,A12_23456.JPG,5616836,https://dataverse.harvard.edu/api/access/datafile/5616836
doi:10.7910/DVN/QWT0SC,A12_23457.JPG,5616837,https://dataverse.harvard.edu/api/access/datafile/5616837
doi:10.7910/DVN/DQKXFG,A12_23458.JPG,5616838,https://dataverse.harvard.edu/api/access/datafile/5616838
doi:10.7910/DVN/EPLL9H,A12_23459.JPG,5616839,https://dataverse.harvard.edu/api/access/datafile/5616839
doi:10.7910/DVN/2DEYV0,A12_23460.JPG,5616840,https://dataverse.harvard.edu/api/access/datafile/5616840
doi:10.7910/DVN/BLHTTF,A12_23461.JPG,5616841,https://dataverse.harvard.edu/api/access/datafile/5616841
doi:10.7910/DVN/PSP4CX,A12_23462.JPG,5616842,https://dataverse.harvard.edu/api/access/datafile/5616842
doi:10.7910/DVN/HYADAE,A12_23463.JPG,5616845,https://dataverse.harvard.edu/api/access/datafile/5616845
doi:10.7910/DVN/WS3BL9,A12_23464.JPG,5616846,https://dataverse.harvard.edu/api/access/datafile/5616846
doi:10.7910/DVN/QSV2C6,A12_23465.JPG,5616847,https://dataverse.harvard.edu/api/access/datafile/5616847
doi:10.7910/DVN/FMOS5D,A12_23466.JPG,5616848,https://dataverse.harvard.edu/api/access/datafile/5616848
doi:10.7910/DVN/TDLGCK,A12_23467.JPG,5616849,https://dataverse.harvard.edu/api/access/datafile/5616849
doi:10.7910/DVN/ERG63G,A12_23468.JPG,5616850,https://dataverse.harvard.edu/api/access/datafile/5616850
doi:10.7910/DVN/XPJ6D5,A12_23469.JPG,5616851,https://dataverse.harvard.edu/api/access/datafile/5616851
doi:10.7910/DVN/FD9FVO,A12_23470.JPG,5616852,https://dataverse.harvard.edu/api/access/datafile/5616852
doi:10.7910/DVN/MQXT1A,A12_23471.JPG,5616853,https://dataverse.harvard.edu/api/access/datafile/5616853
doi:10.7910/DVN/LARR6Q,A12_23472.JPG,5616854,https://dataverse.harvard.edu/api/access/datafile/5616854
doi:10.7910/DVN/ULODMX,A12_23473.JPG,5616855,https://dataverse.harvard.edu/api/access/datafile/5616855
doi:10.7910/DVN/WAWIBT,A12_23474.JPG,5616856,https://dataverse.harvard.edu/api/access/datafile/5616856
doi:10.7910/DVN/TPANMS,A12_23475.JPG,5616857,https://dataverse.harvard.edu/api/access/datafile/5616857
doi:10.7910/DVN/IP7KHP,A12_23476.JPG,5616858,https://dataverse.harvard.edu/api/access/datafile/5616858
doi:10.7910/DVN/JHEDX5,A12_23477.JPG,5616859,https://dataverse.harvard.edu/api/access/datafile/5616859
doi:10.7910/DVN/FFQYNO,A12_23478.JPG,5616860,https://dataverse.harvard.edu/api/access/datafile/5616860
doi:10.7910/DVN/U8SA7L,A12_23479.JPG,5616861,https://dataverse.harvard.edu/api/access/datafile/5616861
doi:10.7910/DVN/MJPNGS,A12_23480.JPG,5616862,https://dataverse.harvard.edu/api/access/datafile/5616862
doi:10.7910/DVN/KD6ZJE,A12_23481.JPG,5616863,https://dataverse.harvard.edu/api/access/datafile/5616863
doi:10.7910/DVN/B1U2ZR,A12_23482.JPG,5616864,https://dataverse.harvard.edu/api/access/datafile/5616864
doi:10.7910/DVN/CWXRQJ,A12_23483.JPG,5616865,https://dataverse.harvard.edu/api/access/datafile/5616865
doi:10.7910/DVN/RHSHOD,A12_23484.JPG,5616866,https://dataverse.harvard.edu/api/access/datafile/5616866
doi:10.7910/DVN/XLJHXD,A12_23485.JPG,5616867,https://dataverse.harvard.edu/api/access/datafile/5616867
doi:10.7910/DVN/YP0RFE,A12_23486.JPG,5616868,https://dataverse.harvard.edu/api/access/datafile/5616868
doi:10.7910/DVN/TCAWWS,A12_23487.JPG,5616869,https://dataverse.harvard.edu/api/access/datafile/5616869
doi:10.7910/DVN/IHYSVP,A12_23488.JPG,5616870,https://dataverse.harvard.edu/api/access/datafile/5616870
doi:10.7910/DVN/HG7HFY,A12_23489.JPG,5616871,https://dataverse.harvard.edu/api/access/datafile/5616871
doi:10.7910/DVN/MXI4OO,A12_23490.JPG,5616872,https://dataverse.harvard.edu/api/access/datafile/5616872
doi:10.7910/DVN/SOER6M,A12_23491.JPG,5616873,https://dataverse.harvard.edu/api/access/datafile/5616873
doi:10.7910/DVN/U1XGUH,A12_23492.JPG,5616874,https://dataverse.harvard.edu/api/access/datafile/5616874
doi:10.7910/DVN/HTGRVV,A12_23493.JPG,5616875,https://dataverse.harvard.edu/api/access/datafile/5616875
doi:10.7910/DVN/RALAQC,A12_23494.JPG,5616876,https://dataverse.harvard.edu/api/access/datafile/5616876
doi:10.7910/DVN/RMVTFG,A12_23495.JPG,5616877,https://dataverse.harvard.edu/api/access/datafile/5616877
doi:10.7910/DVN/MD15MY,A12_23496.JPG,5616878,https://dataverse.harvard.edu/api/access/datafile/5616878
doi:10.7910/DVN/XAVFZQ,A12_23497.JPG,5616879,https://dataverse.harvard.edu/api/access/datafile/5616879
doi:10.7910/DVN/EYNIND,A12_23498.JPG,5616880,https://dataverse.harvard.edu/api/access/datafile/5616880
doi:10.7910/DVN/WJXMZG,A12_23499.JPG,5616881,https://dataverse.harvard.edu/api/access/datafile/5616881
doi:10.7910/DVN/J2YJXF,A12_23500.JPG,5616882,https://dataverse.harvard.edu/api/access/datafile/5616882
doi:10.7910/DVN/GRBJDT,A12_23501.JPG,5616883,https://dataverse.harvard.edu/api/access/datafile/5616883
doi:10.7910/DVN/CU5PFG,A12_23502.JPG,5616884,https://dataverse.harvard.edu/api/access/datafile/5616884
doi:10.7910/DVN/KTXVHE,A12_23503.JPG,5616885,https://dataverse.harvard.edu/api/access/datafile/5616885
doi:10.7910/DVN/BJTMTN,A12_23504.JPG,5616886,https://dataverse.harvard.edu/api/access/datafile/5616886
doi:10.7910/DVN/MTROQZ,A12_23505.JPG,5616887,https://dataverse.harvard.edu/api/access/datafile/5616887
doi:10.7910/DVN/ZSXL7Y,A12_23506.JPG,5616888,https://dataverse.harvard.edu/api/access/datafile/5616888
doi:10.7910/DVN/ZQDR7Q,A12_23507.JPG,5616889,https://dataverse.harvard.edu/api/access/datafile/5616889
doi:10.7910/DVN/KTPPEG,A12_23508.JPG,5616890,https://dataverse.harvard.edu/api/access/datafile/5616890
doi:10.7910/DVN/7FUDLZ,A12_23509.JPG,5616891,https://dataverse.harvard.edu/api/access/datafile/5616891
doi:10.7910/DVN/ROLPM8,A12_23510.JPG,5616892,https://dataverse.harvard.edu/api/access/datafile/5616892
doi:10.7910/DVN/UYKLRU,A12_23511.JPG,5616893,https://dataverse.harvard.edu/api/access/datafile/5616893
doi:10.7910/DVN/Q82RFV,A12_23512.JPG,5616894,https://dataverse.harvard.edu/api/access/datafile/5616894
doi:10.7910/DVN/STAHIW,A12_23513.JPG,5616895,https://dataverse.harvard.edu/api/access/datafile/5616895
doi:10.7910/DVN/NEJOIX,A12_23514.JPG,5616896,https://dataverse.harvard.edu/api/access/datafile/5616896
doi:10.7910/DVN/CIQQSS,A12_23515.JPG,5616897,https://dataverse.harvard.edu/api/access/datafile/5616897
doi:10.7910/DVN/MZWODB,A12_23516.JPG,5616898,https://dataverse.harvard.edu/api/access/datafile/5616898
doi:10.7910/DVN/DUPP97,A12_23517.JPG,5616899,https://dataverse.harvard.edu/api/access/datafile/5616899
doi:10.7910/DVN/3FRSOO,A12_23518.JPG,5616900,https://dataverse.harvard.edu/api/access/datafile/5616900
doi:10.7910/DVN/LLIUQH,A12_23519.JPG,5616901,https://dataverse.harvard.edu/api/access/datafile/5616901
doi:10.7910/DVN/UEEMUC,A12_23520.JPG,5616902,https://dataverse.harvard.edu/api/access/datafile/5616902
doi:10.7910/DVN/9OTNVT,A12_23521.JPG,5616903,https://dataverse.harvard.edu/api/access/datafile/5616903
doi:10.7910/DVN/LOSLZV,A12_23522.JPG,5616904,https://dataverse.harvard.edu/api/access/datafile/5616904
doi:10.7910/DVN/PPMFJC,A12_23523.JPG,5616905,https://dataverse.harvard.edu/api/access/datafile/5616905
doi:10.7910/DVN/OVBE2L,A12_23524.JPG,5616906,https://dataverse.harvard.edu/api/access/datafile/5616906
doi:10.7910/DVN/DFNQER,A12_23525.JPG,5616907,https://dataverse.harvard.edu/api/access/datafile/5616907
doi:10.7910/DVN/BV8XY6,A12_23526.JPG,5616908,https://dataverse.harvard.edu/api/access/datafile/5616908
doi:10.7910/DVN/GYR2LY,A12_23527.JPG,5616909,https://dataverse.harvard.edu/api/access/datafile/5616909
doi:10.7910/DVN/XYXQCT,A12_23528.JPG,5616910,https://dataverse.harvard.edu/api/access/datafile/5616910
doi:10.7910/DVN/BG1BLO,A12_23529.JPG,5616911,https://dataverse.harvard.edu/api/access/datafile/5616911
doi:10.7910/DVN/VYMPUR,A12_23530.JPG,5616912,https://dataverse.harvard.edu/api/access/datafile/5616912
doi:10.7910/DVN/QYVEEM,A12_23531.JPG,5616913,https://dataverse.harvard.edu/api/access/datafile/5616913
doi:10.7910/DVN/XHVKKJ,A12_23532.JPG,5616914,https://dataverse.harvard.edu/api/access/datafile/5616914
doi:10.7910/DVN/RJI1RV,A12_23533.JPG,5616915,https://dataverse.harvard.edu/api/access/datafile/5616915
doi:10.7910/DVN/LTNWJT,A12_23534.JPG,5616916,https://dataverse.harvard.edu/api/access/datafile/5616916
doi:10.7910/DVN/I8KQSC,A12_23535.JPG,5616917,https://dataverse.harvard.edu/api/access/datafile/5616917
doi:10.7910/DVN/C0I7TS,A12_23536.JPG,5616918,https://dataverse.harvard.edu/api/access/datafile/5616918
doi:10.7910/DVN/JHZ6YZ,A12_23537.JPG,5616919,https://dataverse.harvard.edu/api/access/datafile/5616919
doi:10.7910/DVN/V5OMOU,A12_23538.JPG,5616920,https://dataverse.harvard.edu/api/access/datafile/5616920
doi:10.7910/DVN/ADSS1V,A12_23539.JPG,5616921,https://dataverse.harvard.edu/api/access/datafile/5616921
doi:10.7910/DVN/CX9HYU,A12_23540.JPG,5616922,https://dataverse.harvard.edu/api/access/datafile/5616922
doi:10.7910/DVN/JLELRC,A12_23541.JPG,5616923,https://dataverse.harvard.edu/api/access/datafile/5616923
doi:10.7910/DVN/G3CAS7,A12_23542.JPG,5616924,https://dataverse.harvard.edu/api/access/datafile/5616924
doi:10.7910/DVN/D1X4NU,A12_23543.JPG,5616925,https://dataverse.harvard.edu/api/access/datafile/5616925
doi:10.7910/DVN/GDT8GX,A12_23544.JPG,5616926,https://dataverse.harvard.edu/api/access/datafile/5616926
doi:10.7910/DVN/EDUIVS,A12_23545.JPG,5616927,https://dataverse.harvard.edu/api/access/datafile/5616927
doi:10.7910/DVN/O1PXAT,A12_23546.JPG,5616928,https://dataverse.harvard.edu/api/access/datafile/5616928
doi:10.7910/DVN/ICARMG,A12_23547.JPG,5616929,https://dataverse.harvard.edu/api/access/datafile/5616929
doi:10.7910/DVN/XIBEKV,A12_23548.JPG,5616930,https://dataverse.harvard.edu/api/access/datafile/5616930
doi:10.7910/DVN/9KHOVV,A12_23549.JPG,5616931,https://dataverse.harvard.edu/api/access/datafile/5616931
doi:10.7910/DVN/IKSHGR,A12_23550.JPG,5616932,https://dataverse.harvard.edu/api/access/datafile/5616932
doi:10.7910/DVN/T1TXNX,A12_23551.JPG,5616933,https://dataverse.harvard.edu/api/access/datafile/5616933
doi:10.7910/DVN/9G9KMK,A12_23552.JPG,5616934,https://dataverse.harvard.edu/api/access/datafile/5616934
doi:10.7910/DVN/LUNL8O,A12_23553.JPG,5616935,https://dataverse.harvard.edu/api/access/datafile/5616935
doi:10.7910/DVN/EQSZG5,A12_23554.JPG,5616936,https://dataverse.harvard.edu/api/access/datafile/5616936
doi:10.7910/DVN/I7C1WI,A12_23555.JPG,5616937,https://dataverse.harvard.edu/api/access/datafile/5616937
doi:10.7910/DVN/C8ZX7T,A12_23556.JPG,5616938,https://dataverse.harvard.edu/api/access/datafile/5616938
doi:10.7910/DVN/HWEH7E,A12_23557.JPG,5616939,https://dataverse.harvard.edu/api/access/datafile/5616939
doi:10.7910/DVN/8OBHLQ,A12_23558.JPG,5616940,https://dataverse.harvard.edu/api/access/datafile/5616940
doi:10.7910/DVN/9NZVFP,A12_23559.JPG,5616941,https://dataverse.harvard.edu/api/access/datafile/5616941
doi:10.7910/DVN/SEMYFC,A12_23560.JPG,5616942,https://dataverse.harvard.edu/api/access/datafile/5616942
doi:10.7910/DVN/ATPNXJ,A12_23561.JPG,5616943,https://dataverse.harvard.edu/api/access/datafile/5616943
doi:10.7910/DVN/ZBLUUK,A12_23562.JPG,5616944,https://dataverse.harvard.edu/api/access/datafile/5616944
doi:10.7910/DVN/NVBV7I,A12_23563.JPG,5616945,https://dataverse.harvard.edu/api/access/datafile/5616945
doi:10.7910/DVN/7NTSNW,A12_23564.JPG,5616946,https://dataverse.harvard.edu/api/access/datafile/5616946
doi:10.7910/DVN/LCMJRQ,A12_23565.JPG,5616947,https://dataverse.harvard.edu/api/access/datafile/5616947
doi:10.7910/DVN/P2YRXR,A12_23566.JPG,5616948,https://dataverse.harvard.edu/api/access/datafile/5616948
doi:10.7910/DVN/CB7TKG,A12_23567.JPG,5616949,https://dataverse.harvard.edu/api/access/datafile/5616949
doi:10.7910/DVN/PJMXDN,A12_23568.JPG,5616950,https://dataverse.harvard.edu/api/access/datafile/5616950
doi:10.7910/DVN/DEQONY,A12_23569.JPG,5616951,https://dataverse.harvard.edu/api/access/datafile/5616951
doi:10.7910/DVN/W2VQL3,A12_23570.JPG,5616952,https://dataverse.harvard.edu/api/access/datafile/5616952
doi:10.7910/DVN/WKGPZU,A12_23571.JPG,5616953,https://dataverse.harvard.edu/api/access/datafile/5616953
doi:10.7910/DVN/EG4KY1,A12_23572.JPG,5616954,https://dataverse.harvard.edu/api/access/datafile/5616954
doi:10.7910/DVN/CPLLHI,A12_23573.JPG,5616955,https://dataverse.harvard.edu/api/access/datafile/5616955
doi:10.7910/DVN/0K92U0,A12_23574.JPG,5616956,https://dataverse.harvard.edu/api/access/datafile/5616956
doi:10.7910/DVN/TVS1Q1,A12_23575.JPG,5616957,https://dataverse.harvard.edu/api/access/datafile/5616957
doi:10.7910/DVN/E8PCB5,A12_23576.JPG,5616958,https://dataverse.harvard.edu/api/access/datafile/5616958
doi:10.7910/DVN/O1SXUG,A12_23577.JPG,5616959,https://dataverse.harvard.edu/api/access/datafile/5616959
doi:10.7910/DVN/SHQZOJ,A12_23578.JPG,5616960,https://dataverse.harvard.edu/api/access/datafile/5616960
doi:10.7910/DVN/ADFC2V,A12_23579.JPG,5616961,https://dataverse.harvard.edu/api/access/datafile/5616961
doi:10.7910/DVN/5D0OE0,A12_23580.JPG,5616962,https://dataverse.harvard.edu/api/access/datafile/5616962
doi:10.7910/DVN/FLMFBC,A12_23581.JPG,5616963,https://dataverse.harvard.edu/api/access/datafile/5616963
doi:10.7910/DVN/5TDMWZ,A12_23582.JPG,5616964,https://dataverse.harvard.edu/api/access/datafile/5616964
doi:10.7910/DVN/LGUQ7L,A12_23583.JPG,5616965,https://dataverse.harvard.edu/api/access/datafile/5616965
doi:10.7910/DVN/IHV5DY,A12_23584.JPG,5616966,https://dataverse.harvard.edu/api/access/datafile/5616966
doi:10.7910/DVN/BTWUFN,A12_23585.JPG,5616967,https://dataverse.harvard.edu/api/access/datafile/5616967
doi:10.7910/DVN/JFFICU,A12_23586.JPG,5616968,https://dataverse.harvard.edu/api/access/datafile/5616968
doi:10.7910/DVN/JCDTQ9,A12_23587.JPG,5616969,https://dataverse.harvard.edu/api/access/datafile/5616969
doi:10.7910/DVN/GSBRW7,A12_23588.JPG,5616970,https://dataverse.harvard.edu/api/access/datafile/5616970
doi:10.7910/DVN/NKZB0W,A12_23589.JPG,5616971,https://dataverse.harvard.edu/api/access/datafile/5616971
doi:10.7910/DVN/F52PLZ,A12_23590.JPG,5616972,https://dataverse.harvard.edu/api/access/datafile/5616972
doi:10.7910/DVN/CN7WOU,A12_23591.JPG,5616973,https://dataverse.harvard.edu/api/access/datafile/5616973
doi:10.7910/DVN/4FCSWH,A12_23592.JPG,5616974,https://dataverse.harvard.edu/api/access/datafile/5616974
doi:10.7910/DVN/S2F266,A12_23593.JPG,5616975,https://dataverse.harvard.edu/api/access/datafile/5616975
doi:10.7910/DVN/LDMI8V,A12_23594.JPG,5616976,https://dataverse.harvard.edu/api/access/datafile/5616976
doi:10.7910/DVN/SX0HMU,A12_23595.JPG,5616977,https://dataverse.harvard.edu/api/access/datafile/5616977
doi:10.7910/DVN/UO5DOW,A12_23596.JPG,5616978,https://dataverse.harvard.edu/api/access/datafile/5616978
doi:10.7910/DVN/JGUS2W,A12_23597.JPG,5616979,https://dataverse.harvard.edu/api/access/datafile/5616979
doi:10.7910/DVN/Z4JLZR,A12_23598.JPG,5616980,https://dataverse.harvard.edu/api/access/datafile/5616980
doi:10.7910/DVN/FYKUXS,A12_23599.JPG,5616981,https://dataverse.harvard.edu/api/access/datafile/5616981
doi:10.7910/DVN/COD6AZ,A12_23600.JPG,5616982,https://dataverse.harvard.edu/api/access/datafile/5616982
doi:10.7910/DVN/I20PM1,A12_23601.JPG,5616983,https://dataverse.harvard.edu/api/access/datafile/5616983
doi:10.7910/DVN/NWKUUI,A12_23602.JPG,5616984,https://dataverse.harvard.edu/api/access/datafile/5616984
doi:10.7910/DVN/JEVLOL,A12_23603.JPG,5616985,https://dataverse.harvard.edu/api/access/datafile/5616985
doi:10.7910/DVN/CFIQMN,A12_23604.JPG,5616986,https://dataverse.harvard.edu/api/access/datafile/5616986
doi:10.7910/DVN/ABRR7A,A12_23605.JPG,5616987,https://dataverse.harvard.edu/api/access/datafile/5616987
doi:10.7910/DVN/GQDJ3C,A12_23606.JPG,5616988,https://dataverse.harvard.edu/api/access/datafile/5616988
doi:10.7910/DVN/ELCF2B,A12_23607.JPG,5616989,https://dataverse.harvard.edu/api/access/datafile/5616989
doi:10.7910/DVN/8JXJOA,A12_23608.JPG,5616990,https://dataverse.harvard.edu/api/access/datafile/5616990
doi:10.7910/DVN/CO46TZ,A12_23609.JPG,5616991,https://dataverse.harvard.edu/api/access/datafile/5616991
doi:10.7910/DVN/QW81BR,A12_23610.JPG,5616992,https://dataverse.harvard.edu/api/access/datafile/5616992
doi:10.7910/DVN/NG1AYP,A12_23611.JPG,5616993,https://dataverse.harvard.edu/api/access/datafile/5616993
doi:10.7910/DVN/4ME8SZ,A12_23612.JPG,5616994,https://dataverse.harvard.edu/api/access/datafile/5616994
doi:10.7910/DVN/LHTZ2D,A12_23613.JPG,5616995,https://dataverse.harvard.edu/api/access/datafile/5616995
doi:10.7910/DVN/TYEKMV,A12_23614.JPG,5616996,https://dataverse.harvard.edu/api/access/datafile/5616996
doi:10.7910/DVN/YARLZE,A12_23615.JPG,5616997,https://dataverse.harvard.edu/api/access/datafile/5616997
doi:10.7910/DVN/LYT9NL,A12_23616.JPG,5616998,https://dataverse.harvard.edu/api/access/datafile/5616998
doi:10.7910/DVN/GVOFXV,A12_23617.JPG,5616999,https://dataverse.harvard.edu/api/access/datafile/5616999
doi:10.7910/DVN/EEHJAY,A12_23618.JPG,5617000,https://dataverse.harvard.edu/api/access/datafile/5617000
doi:10.7910/DVN/YDE2YZ,A12_23619.JPG,5617001,https://dataverse.harvard.edu/api/access/datafile/5617001
doi:10.7910/DVN/81KD6N,A12_23620.JPG,5617002,https://dataverse.harvard.edu/api/access/datafile/5617002
doi:10.7910/DVN/QBL9KN,A12_23621.JPG,5617003,https://dataverse.harvard.edu/api/access/datafile/5617003
doi:10.7910/DVN/S3588E,A12_23622.JPG,5617004,https://dataverse.harvard.edu/api/access/datafile/5617004
doi:10.7910/DVN/DDUZZT,A12_23623.JPG,5617005,https://dataverse.harvard.edu/api/access/datafile/5617005
doi:10.7910/DVN/MRDBOY,A12_23624.JPG,5617006,https://dataverse.harvard.edu/api/access/datafile/5617006
doi:10.7910/DVN/TLYDY9,A12_23625.JPG,5617007,https://dataverse.harvard.edu/api/access/datafile/5617007
doi:10.7910/DVN/HBMKCV,A12_23626.JPG,5617008,https://dataverse.harvard.edu/api/access/datafile/5617008
doi:10.7910/DVN/WWPDGW,A12_23627.JPG,5617009,https://dataverse.harvard.edu/api/access/datafile/5617009
doi:10.7910/DVN/XU63UK,A12_23628.JPG,5617010,https://dataverse.harvard.edu/api/access/datafile/5617010
doi:10.7910/DVN/APLNYX,A12_23629.JPG,5617011,https://dataverse.harvard.edu/api/access/datafile/5617011
doi:10.7910/DVN/UX3XPG,A12_23630.JPG,5617012,https://dataverse.harvard.edu/api/access/datafile/5617012
doi:10.7910/DVN/YM2D72,A12_23631.JPG,5617013,https://dataverse.harvard.edu/api/access/datafile/5617013
doi:10.7910/DVN/9CAW7X,A12_23632.JPG,5617014,https://dataverse.harvard.edu/api/access/datafile/5617014
doi:10.7910/DVN/5QCWSV,A12_23633.JPG,5617015,https://dataverse.harvard.edu/api/access/datafile/5617015
doi:10.7910/DVN/1O1YQ5,A12_23634.JPG,5617016,https://dataverse.harvard.edu/api/access/datafile/5617016
doi:10.7910/DVN/NAXADR,A12_23635.JPG,5617017,https://dataverse.harvard.edu/api/access/datafile/5617017
doi:10.7910/DVN/PPWFXD,A12_23636.JPG,5617018,https://dataverse.harvard.edu/api/access/datafile/5617018
doi:10.7910/DVN/4M2CV0,A12_23637.JPG,5617019,https://dataverse.harvard.edu/api/access/datafile/5617019
doi:10.7910/DVN/VHIWZU,A12_23638.JPG,5617020,https://dataverse.harvard.edu/api/access/datafile/5617020
doi:10.7910/DVN/ULHWF6,A12_23639.JPG,5617021,https://dataverse.harvard.edu/api/access/datafile/5617021
doi:10.7910/DVN/J5DVX9,A12_23640.JPG,5617022,https://dataverse.harvard.edu/api/access/datafile/5617022
doi:10.7910/DVN/NO3UMD,A12_23641.JPG,5617023,https://dataverse.harvard.edu/api/access/datafile/5617023
doi:10.7910/DVN/PF7ANW,A12_23642.JPG,5617024,https://dataverse.harvard.edu/api/access/datafile/5617024
doi:10.7910/DVN/WNLZ7X,A12_23643.JPG,5617025,https://dataverse.harvard.edu/api/access/datafile/5617025
doi:10.7910/DVN/NF5WDR,A12_23644.JPG,5617026,https://dataverse.harvard.edu/api/access/datafile/5617026
doi:10.7910/DVN/NIIMQP,A12_23645.JPG,5617027,https://dataverse.harvard.edu/api/access/datafile/5617027
doi:10.7910/DVN/WO7J9W,A12_23646.JPG,5617028,https://dataverse.harvard.edu/api/access/datafile/5617028
doi:10.7910/DVN/GC2Z8I,A12_23647.JPG,5617029,https://dataverse.harvard.edu/api/access/datafile/5617029
doi:10.7910/DVN/LKC8X2,A12_23648.JPG,5617030,https://dataverse.harvard.edu/api/access/datafile/5617030
doi:10.7910/DVN/ASJWLK,A12_23649.JPG,5617031,https://dataverse.harvard.edu/api/access/datafile/5617031
doi:10.7910/DVN/N59LMU,A12_23650.JPG,5617032,https://dataverse.harvard.edu/api/access/datafile/5617032
doi:10.7910/DVN/WDXS1I,A12_23651.JPG,5617033,https://dataverse.harvard.edu/api/access/datafile/5617033
doi:10.7910/DVN/6R9NU4,A12_23652.JPG,5617034,https://dataverse.harvard.edu/api/access/datafile/5617034
doi:10.7910/DVN/UAQVO5,A12_23653.JPG,5617035,https://dataverse.harvard.edu/api/access/datafile/5617035
doi:10.7910/DVN/2OGMSZ,A12_23654.JPG,5617036,https://dataverse.harvard.edu/api/access/datafile/5617036
doi:10.7910/DVN/GE3A8G,A12_23655.JPG,5617037,https://dataverse.harvard.edu/api/access/datafile/5617037
doi:10.7910/DVN/GHNURD,A12_23656.JPG,5617038,https://dataverse.harvard.edu/api/access/datafile/5617038
doi:10.7910/DVN/KANWTL,A12_23657.JPG,5617039,https://dataverse.harvard.edu/api/access/datafile/5617039
doi:10.7910/DVN/YRTTUA,A12_23658.JPG,5617040,https://dataverse.harvard.edu/api/access/datafile/5617040
doi:10.7910/DVN/CMSLYC,A12_23659.JPG,5617041,https://dataverse.harvard.edu/api/access/datafile/5617041
doi:10.7910/DVN/TAIHYN,A12_23660.JPG,5617042,https://dataverse.harvard.edu/api/access/datafile/5617042
doi:10.7910/DVN/KWHZFS,A12_23661.JPG,5617043,https://dataverse.harvard.edu/api/access/datafile/5617043
doi:10.7910/DVN/I7MSAU,A12_23662.JPG,5617044,https://dataverse.harvard.edu/api/access/datafile/5617044
doi:10.7910/DVN/VTQHAZ,A12_23663.JPG,5617045,https://dataverse.harvard.edu/api/access/datafile/5617045
doi:10.7910/DVN/YQG7GP,A12_23664.JPG,5617046,https://dataverse.harvard.edu/api/access/datafile/5617046
doi:10.7910/DVN/OYGGGY,A12_23665.JPG,5617047,https://dataverse.harvard.edu/api/access/datafile/5617047
doi:10.7910/DVN/CSL95M,A12_23666.JPG,5617048,https://dataverse.harvard.edu/api/access/datafile/5617048
doi:10.7910/DVN/HI9CWY,A12_23667.JPG,5617049,https://dataverse.harvard.edu/api/access/datafile/5617049
doi:10.7910/DVN/XEOFOB,A12_23668.JPG,5617050,https://dataverse.harvard.edu/api/access/datafile/5617050
doi:10.7910/DVN/C9QT0S,A12_23669.JPG,5617051,https://dataverse.harvard.edu/api/access/datafile/5617051
doi:10.7910/DVN/7TTG9R,A12_23670.JPG,5617052,https://dataverse.harvard.edu/api/access/datafile/5617052
doi:10.7910/DVN/SGMVVJ,A12_23671.JPG,5617053,https://dataverse.harvard.edu/api/access/datafile/5617053
doi:10.7910/DVN/URVVYC,A12_23672.JPG,5617054,https://dataverse.harvard.edu/api/access/datafile/5617054
doi:10.7910/DVN/OCOKV3,A12_23673.JPG,5617055,https://dataverse.harvard.edu/api/access/datafile/5617055
doi:10.7910/DVN/6L7DAF,A12_23674.JPG,5617056,https://dataverse.harvard.edu/api/access/datafile/5617056
doi:10.7910/DVN/AE4FL0,A12_23675.JPG,5617057,https://dataverse.harvard.edu/api/access/datafile/5617057
doi:10.7910/DVN/SMKFYV,A12_23676.JPG,5617058,https://dataverse.harvard.edu/api/access/datafile/5617058
doi:10.7910/DVN/GD5FHG,A12_23677.JPG,5617059,https://dataverse.harvard.edu/api/access/datafile/5617059
doi:10.7910/DVN/OAQAOH,A12_23678.JPG,5617060,https://dataverse.harvard.edu/api/access/datafile/5617060
doi:10.7910/DVN/CKYV54,A12_23679.JPG,5617061,https://dataverse.harvard.edu/api/access/datafile/5617061
doi:10.7910/DVN/XJZ8L6,A12_23680.JPG,5617062,https://dataverse.harvard.edu/api/access/datafile/5617062
doi:10.7910/DVN/J1HA3B,A12_23681.JPG,5617063,https://dataverse.harvard.edu/api/access/datafile/5617063
doi:10.7910/DVN/QOP8K5,A12_23682.JPG,5617064,https://dataverse.harvard.edu/api/access/datafile/5617064
doi:10.7910/DVN/3VVJT0,A12_23683.JPG,5617065,https://dataverse.harvard.edu/api/access/datafile/5617065
doi:10.7910/DVN/QA5KHH,A12_23684.JPG,5617066,https://dataverse.harvard.edu/api/access/datafile/5617066
doi:10.7910/DVN/W8PBET,A12_23685.JPG,5617067,https://dataverse.harvard.edu/api/access/datafile/5617067
doi:10.7910/DVN/XA1KZW,A12_23686.JPG,5617068,https://dataverse.harvard.edu/api/access/datafile/5617068
doi:10.7910/DVN/Y29MAR,A12_23687.JPG,5617069,https://dataverse.harvard.edu/api/access/datafile/5617069
doi:10.7910/DVN/JTYTTH,A12_23688.JPG,5617070,https://dataverse.harvard.edu/api/access/datafile/5617070
doi:10.7910/DVN/SJPMLJ,A12_23689.JPG,5617071,https://dataverse.harvard.edu/api/access/datafile/5617071
doi:10.7910/DVN/ESHYSZ,A12_23690.JPG,5617072,https://dataverse.harvard.edu/api/access/datafile/5617072
doi:10.7910/DVN/H5WCO4,A12_23691.JPG,5617073,https://dataverse.harvard.edu/api/access/datafile/5617073
doi:10.7910/DVN/UP8N9Z,A12_23692.JPG,5617074,https://dataverse.harvard.edu/api/access/datafile/5617074
doi:10.7910/DVN/4OC9WF,A12_23693.JPG,5617075,https://dataverse.harvard.edu/api/access/datafile/5617075
doi:10.7910/DVN/TW90SR,A12_23694.JPG,5617076,https://dataverse.harvard.edu/api/access/datafile/5617076
doi:10.7910/DVN/TE2TQV,A12_23695.JPG,5617077,https://dataverse.harvard.edu/api/access/datafile/5617077
doi:10.7910/DVN/4ORPIV,A12_23696.JPG,5617078,https://dataverse.harvard.edu/api/access/datafile/5617078
doi:10.7910/DVN/D87FNC,A12_23697.JPG,5617079,https://dataverse.harvard.edu/api/access/datafile/5617079
doi:10.7910/DVN/K9QAKJ,A12_23698.JPG,5617080,https://dataverse.harvard.edu/api/access/datafile/5617080
doi:10.7910/DVN/CU7ILF,A12_23699.JPG,5617081,https://dataverse.harvard.edu/api/access/datafile/5617081
doi:10.7910/DVN/WZLYHZ,A12_23700.JPG,5617082,https://dataverse.harvard.edu/api/access/datafile/5617082
doi:10.7910/DVN/ZXVD2T,A12_23701.JPG,5617083,https://dataverse.harvard.edu/api/access/datafile/5617083
doi:10.7910/DVN/GYDI7N,A12_23702.JPG,5617084,https://dataverse.harvard.edu/api/access/datafile/5617084
doi:10.7910/DVN/HMA2R8,A12_23703.JPG,5617085,https://dataverse.harvard.edu/api/access/datafile/5617085
doi:10.7910/DVN/V2OIXI,A12_23704.JPG,5617086,https://dataverse.harvard.edu/api/access/datafile/5617086
doi:10.7910/DVN/M1M1UN,A12_23705.JPG,5617087,https://dataverse.harvard.edu/api/access/datafile/5617087
doi:10.7910/DVN/FZXNMU,A12_23706.JPG,5617088,https://dataverse.harvard.edu/api/access/datafile/5617088
doi:10.7910/DVN/WVUD57,A12_23707.JPG,5617089,https://dataverse.harvard.edu/api/access/datafile/5617089
doi:10.7910/DVN/21J3SF,A12_23708.JPG,5617090,https://dataverse.harvard.edu/api/access/datafile/5617090
doi:10.7910/DVN/X04CUG,A12_23709.JPG,5617091,https://dataverse.harvard.edu/api/access/datafile/5617091
doi:10.7910/DVN/Y2O2RX,A12_23710.JPG,5617092,https://dataverse.harvard.edu/api/access/datafile/5617092
doi:10.7910/DVN/PYYT1I,A12_23711.JPG,5617093,https://dataverse.harvard.edu/api/access/datafile/5617093
doi:10.7910/DVN/V0WWWO,A12_23712.JPG,5617094,https://dataverse.harvard.edu/api/access/datafile/5617094
doi:10.7910/DVN/DQTBEJ,A12_23713.JPG,5617095,https://dataverse.harvard.edu/api/access/datafile/5617095
doi:10.7910/DVN/D4F9HZ,A12_23714.JPG,5617096,https://dataverse.harvard.edu/api/access/datafile/5617096
doi:10.7910/DVN/HI4DIL,A12_23715.JPG,5617097,https://dataverse.harvard.edu/api/access/datafile/5617097
doi:10.7910/DVN/VZNUZT,A12_23716.JPG,5617098,https://dataverse.harvard.edu/api/access/datafile/5617098
doi:10.7910/DVN/EXZCZD,A12_23717.JPG,5617099,https://dataverse.harvard.edu/api/access/datafile/5617099
doi:10.7910/DVN/TSF8D4,A12_23718.JPG,5617100,https://dataverse.harvard.edu/api/access/datafile/5617100
doi:10.7910/DVN/DTMDEL,A12_23719.JPG,5617101,https://dataverse.harvard.edu/api/access/datafile/5617101
doi:10.7910/DVN/YLHVAS,A12_23720.JPG,5617102,https://dataverse.harvard.edu/api/access/datafile/5617102
doi:10.7910/DVN/BHPP3I,A12_23721.JPG,5617103,https://dataverse.harvard.edu/api/access/datafile/5617103
doi:10.7910/DVN/V9M6GY,A12_23722.JPG,5617104,https://dataverse.harvard.edu/api/access/datafile/5617104
doi:10.7910/DVN/MESREC,A12_23723.JPG,5617105,https://dataverse.harvard.edu/api/access/datafile/5617105
doi:10.7910/DVN/NEBODL,A12_23724.JPG,5617106,https://dataverse.harvard.edu/api/access/datafile/5617106
doi:10.7910/DVN/HLXA6R,A12_23725.JPG,5617107,https://dataverse.harvard.edu/api/access/datafile/5617107
doi:10.7910/DVN/MH0LQ1,A12_23726.JPG,5617108,https://dataverse.harvard.edu/api/access/datafile/5617108
doi:10.7910/DVN/WKOWAU,A12_23727.JPG,5617109,https://dataverse.harvard.edu/api/access/datafile/5617109
doi:10.7910/DVN/LYPBPB,A12_23728.JPG,5617110,https://dataverse.harvard.edu/api/access/datafile/5617110
doi:10.7910/DVN/DDZZ6V,A12_23729.JPG,5617111,https://dataverse.harvard.edu/api/access/datafile/5617111
doi:10.7910/DVN/NR3HKC,A12_23730.JPG,5617112,https://dataverse.harvard.edu/api/access/datafile/5617112
doi:10.7910/DVN/DPC09Y,A12_23731.JPG,5617113,https://dataverse.harvard.edu/api/access/datafile/5617113
doi:10.7910/DVN/7MYYRG,A12_23732.JPG,5617114,https://dataverse.harvard.edu/api/access/datafile/5617114
doi:10.7910/DVN/7G08ZF,A12_23733.JPG,5617115,https://dataverse.harvard.edu/api/access/datafile/5617115
doi:10.7910/DVN/LHNBJT,A12_23734.JPG,5617116,https://dataverse.harvard.edu/api/access/datafile/5617116
doi:10.7910/DVN/LLEDIB,A12_23735.JPG,5617117,https://dataverse.harvard.edu/api/access/datafile/5617117
doi:10.7910/DVN/4HKMJ3,A12_23736.JPG,5617118,https://dataverse.harvard.edu/api/access/datafile/5617118
doi:10.7910/DVN/2FTXPI,A12_23737.JPG,5617119,https://dataverse.harvard.edu/api/access/datafile/5617119
doi:10.7910/DVN/ZN8KVM,A12_23738.JPG,5617120,https://dataverse.harvard.edu/api/access/datafile/5617120
doi:10.7910/DVN/CUAAHB,A12_23739.JPG,5617121,https://dataverse.harvard.edu/api/access/datafile/5617121
doi:10.7910/DVN/8EDRAK,A12_23740.JPG,5617122,https://dataverse.harvard.edu/api/access/datafile/5617122
doi:10.7910/DVN/2RN1NX,A12_23741.JPG,5617123,https://dataverse.harvard.edu/api/access/datafile/5617123
doi:10.7910/DVN/JEOL0O,A12_23742.JPG,5617124,https://dataverse.harvard.edu/api/access/datafile/5617124
doi:10.7910/DVN/D1FWDB,A12_23743.JPG,5617125,https://dataverse.harvard.edu/api/access/datafile/5617125
doi:10.7910/DVN/P6GXIG,A12_23744.JPG,5617126,https://dataverse.harvard.edu/api/access/datafile/5617126
doi:10.7910/DVN/SMLHRE,A12_23745.JPG,5617127,https://dataverse.harvard.edu/api/access/datafile/5617127
doi:10.7910/DVN/QQNLKV,A12_23746.JPG,5617128,https://dataverse.harvard.edu/api/access/datafile/5617128
doi:10.7910/DVN/T3ZWLI,A12_23747.JPG,5617129,https://dataverse.harvard.edu/api/access/datafile/5617129
doi:10.7910/DVN/HTMNDK,A12_23748.JPG,5617130,https://dataverse.harvard.edu/api/access/datafile/5617130
doi:10.7910/DVN/92CIPF,A12_23749.JPG,5617131,https://dataverse.harvard.edu/api/access/datafile/5617131
doi:10.7910/DVN/YK409W,A12_23750.JPG,5617132,https://dataverse.harvard.edu/api/access/datafile/5617132
doi:10.7910/DVN/DK856W,A12_23751.JPG,5617133,https://dataverse.harvard.edu/api/access/datafile/5617133
doi:10.7910/DVN/UV1E4C,A12_23752.JPG,5617134,https://dataverse.harvard.edu/api/access/datafile/5617134
doi:10.7910/DVN/311DA2,A12_23753.JPG,5617135,https://dataverse.harvard.edu/api/access/datafile/5617135
doi:10.7910/DVN/UKQ3K7,A12_23754.JPG,5617136,https://dataverse.harvard.edu/api/access/datafile/5617136
doi:10.7910/DVN/5AAEI9,A12_23755.JPG,5617137,https://dataverse.harvard.edu/api/access/datafile/5617137
doi:10.7910/DVN/PTTAZB,A12_23756.JPG,5617138,https://dataverse.harvard.edu/api/access/datafile/5617138
doi:10.7910/DVN/MWCEHD,A12_23757.JPG,5617139,https://dataverse.harvard.edu/api/access/datafile/5617139
doi:10.7910/DVN/XBJNEW,A12_23758.JPG,5617140,https://dataverse.harvard.edu/api/access/datafile/5617140
doi:10.7910/DVN/2EBGFO,A12_23759.JPG,5617141,https://dataverse.harvard.edu/api/access/datafile/5617141
doi:10.7910/DVN/WPFD2J,A12_23760.JPG,5617142,https://dataverse.harvard.edu/api/access/datafile/5617142
doi:10.7910/DVN/0BQY64,A12_23761.JPG,5617143,https://dataverse.harvard.edu/api/access/datafile/5617143
doi:10.7910/DVN/O03QWH,A12_23762.JPG,5617144,https://dataverse.harvard.edu/api/access/datafile/5617144
doi:10.7910/DVN/AEGPMC,A12_23763.JPG,5617145,https://dataverse.harvard.edu/api/access/datafile/5617145
doi:10.7910/DVN/KB76RX,A12_23764.JPG,5617146,https://dataverse.harvard.edu/api/access/datafile/5617146
doi:10.7910/DVN/4EKFOT,A12_23765.JPG,5617147,https://dataverse.harvard.edu/api/access/datafile/5617147
doi:10.7910/DVN/IVZANJ,A12_23766.JPG,5617148,https://dataverse.harvard.edu/api/access/datafile/5617148
doi:10.7910/DVN/E99J5F,A12_23767.JPG,5617149,https://dataverse.harvard.edu/api/access/datafile/5617149
doi:10.7910/DVN/YUTCET,A12_23768.JPG,5617150,https://dataverse.harvard.edu/api/access/datafile/5617150
doi:10.7910/DVN/CPYT0Y,A12_23769.JPG,5617151,https://dataverse.harvard.edu/api/access/datafile/5617151
doi:10.7910/DVN/JP6WJG,A12_23770.JPG,5617152,https://dataverse.harvard.edu/api/access/datafile/5617152
doi:10.7910/DVN/PACV7Q,A12_23771.JPG,5617153,https://dataverse.harvard.edu/api/access/datafile/5617153
doi:10.7910/DVN/H9IW6L,A12_23772.JPG,5617154,https://dataverse.harvard.edu/api/access/datafile/5617154
doi:10.7910/DVN/73M6FG,A12_23773.JPG,5617155,https://dataverse.harvard.edu/api/access/datafile/5617155
doi:10.7910/DVN/EDUT8G,A12_23774.JPG,5617156,https://dataverse.harvard.edu/api/access/datafile/5617156
doi:10.7910/DVN/77EP55,A12_23775.JPG,5617157,https://dataverse.harvard.edu/api/access/datafile/5617157
doi:10.7910/DVN/UFOHA4,A12_23776.JPG,5617158,https://dataverse.harvard.edu/api/access/datafile/5617158
doi:10.7910/DVN/IKVHD5,A12_23777.JPG,5617159,https://dataverse.harvard.edu/api/access/datafile/5617159
doi:10.7910/DVN/I49IMZ,A12_23778.JPG,5617160,https://dataverse.harvard.edu/api/access/datafile/5617160
doi:10.7910/DVN/FFKUSY,A12_23779.JPG,5617161,https://dataverse.harvard.edu/api/access/datafile/5617161
doi:10.7910/DVN/0LIFRX,A12_23780.JPG,5617162,https://dataverse.harvard.edu/api/access/datafile/5617162
doi:10.7910/DVN/VIPYGO,A12_23781.JPG,5617163,https://dataverse.harvard.edu/api/access/datafile/5617163
doi:10.7910/DVN/BOYMWN,A12_23782.JPG,5617164,https://dataverse.harvard.edu/api/access/datafile/5617164
doi:10.7910/DVN/CDVEGJ,A12_23783.JPG,5617165,https://dataverse.harvard.edu/api/access/datafile/5617165
doi:10.7910/DVN/BXYQDL,A12_23784.JPG,5617166,https://dataverse.harvard.edu/api/access/datafile/5617166
doi:10.7910/DVN/N8RYRX,A12_23785.JPG,5617167,https://dataverse.harvard.edu/api/access/datafile/5617167
doi:10.7910/DVN/CDWMO7,A12_23786.JPG,5617168,https://dataverse.harvard.edu/api/access/datafile/5617168
doi:10.7910/DVN/P7FCNM,A12_23787.JPG,5617169,https://dataverse.harvard.edu/api/access/datafile/5617169
doi:10.7910/DVN/RWLTUC,A12_23788.JPG,5617170,https://dataverse.harvard.edu/api/access/datafile/5617170
doi:10.7910/DVN/1RUOJ7,A12_23789.JPG,5617171,https://dataverse.harvard.edu/api/access/datafile/5617171
doi:10.7910/DVN/ZNWGWX,A12_23790.JPG,5617172,https://dataverse.harvard.edu/api/access/datafile/5617172
doi:10.7910/DVN/BVWO2U,A12_23791.JPG,5617173,https://dataverse.harvard.edu/api/access/datafile/5617173
doi:10.7910/DVN/S5SL1A,A12_23792.JPG,5617174,https://dataverse.harvard.edu/api/access/datafile/5617174
doi:10.7910/DVN/PSIUAY,A12_23793.JPG,5617175,https://dataverse.harvard.edu/api/access/datafile/5617175
doi:10.7910/DVN/MTS2TX,A12_23794.JPG,5617176,https://dataverse.harvard.edu/api/access/datafile/5617176
doi:10.7910/DVN/BR6J9G,A12_23795.JPG,5617177,https://dataverse.harvard.edu/api/access/datafile/5617177
doi:10.7910/DVN/OXKU8W,A12_23796.JPG,5617178,https://dataverse.harvard.edu/api/access/datafile/5617178
doi:10.7910/DVN/3WJWO4,A12_23797.JPG,5617179,https://dataverse.harvard.edu/api/access/datafile/5617179
doi:10.7910/DVN/ENUUEZ,A12_23798.JPG,5617180,https://dataverse.harvard.edu/api/access/datafile/5617180
doi:10.7910/DVN/S1FLHU,A12_23799.JPG,5617181,https://dataverse.harvard.edu/api/access/datafile/5617181
doi:10.7910/DVN/N8GWHL,A12_23800.JPG,5617182,https://dataverse.harvard.edu/api/access/datafile/5617182
doi:10.7910/DVN/CYPTUL,A12_23801.JPG,5617183,https://dataverse.harvard.edu/api/access/datafile/5617183
doi:10.7910/DVN/DUUITM,A12_23802.JPG,5617184,https://dataverse.harvard.edu/api/access/datafile/5617184
doi:10.7910/DVN/LPUQET,A12_23803.JPG,5617185,https://dataverse.harvard.edu/api/access/datafile/5617185
doi:10.7910/DVN/GRGQF4,A12_23804.JPG,5617186,https://dataverse.harvard.edu/api/access/datafile/5617186
doi:10.7910/DVN/FJ4BHB,A12_23805.JPG,5617187,https://dataverse.harvard.edu/api/access/datafile/5617187
doi:10.7910/DVN/MMPK67,A12_23806.JPG,5617188,https://dataverse.harvard.edu/api/access/datafile/5617188
doi:10.7910/DVN/9Z5Y7C,A12_23807.JPG,5617189,https://dataverse.harvard.edu/api/access/datafile/5617189
doi:10.7910/DVN/ZAQFNP,A12_23808.JPG,5617190,https://dataverse.harvard.edu/api/access/datafile/5617190
doi:10.7910/DVN/GKCV0F,A12_23809.JPG,5617191,https://dataverse.harvard.edu/api/access/datafile/5617191
doi:10.7910/DVN/DQS3GO,A12_23810.JPG,5617192,https://dataverse.harvard.edu/api/access/datafile/5617192
doi:10.7910/DVN/OQKOX8,A12_23811.JPG,5617193,https://dataverse.harvard.edu/api/access/datafile/5617193
doi:10.7910/DVN/RXIZVX,A12_23812.JPG,5617194,https://dataverse.harvard.edu/api/access/datafile/5617194
doi:10.7910/DVN/LCKZMO,A12_23813.JPG,5617195,https://dataverse.harvard.edu/api/access/datafile/5617195
doi:10.7910/DVN/VQXRFS,A12_23814.JPG,5617196,https://dataverse.harvard.edu/api/access/datafile/5617196
doi:10.7910/DVN/LCFFQZ,A12_23815.JPG,5617197,https://dataverse.harvard.edu/api/access/datafile/5617197
doi:10.7910/DVN/5WD10P,A12_23816.JPG,5617198,https://dataverse.harvard.edu/api/access/datafile/5617198
doi:10.7910/DVN/JJPQD2,A12_23817.JPG,5617199,https://dataverse.harvard.edu/api/access/datafile/5617199
doi:10.7910/DVN/ZYW5D9,A12_23818.JPG,5617200,https://dataverse.harvard.edu/api/access/datafile/5617200
doi:10.7910/DVN/KG09KW,A12_23819.JPG,5617201,https://dataverse.harvard.edu/api/access/datafile/5617201
doi:10.7910/DVN/WI1KVZ,A12_23820.JPG,5617202,https://dataverse.harvard.edu/api/access/datafile/5617202
doi:10.7910/DVN/0K1W8U,A12_23821.JPG,5617203,https://dataverse.harvard.edu/api/access/datafile/5617203
doi:10.7910/DVN/FXIVIA,A12_23822.JPG,5617204,https://dataverse.harvard.edu/api/access/datafile/5617204
doi:10.7910/DVN/UOZ96D,A12_23823.JPG,5617205,https://dataverse.harvard.edu/api/access/datafile/5617205
doi:10.7910/DVN/IDTYQG,A12_23824.JPG,5617206,https://dataverse.harvard.edu/api/access/datafile/5617206
doi:10.7910/DVN/7HULPU,A12_23825.JPG,5617207,https://dataverse.harvard.edu/api/access/datafile/5617207
doi:10.7910/DVN/8SFTRL,A12_23826.JPG,5617208,https://dataverse.harvard.edu/api/access/datafile/5617208
doi:10.7910/DVN/1SRIGF,A12_23827.JPG,5617209,https://dataverse.harvard.edu/api/access/datafile/5617209
doi:10.7910/DVN/SFDTUE,A12_23828.JPG,5617210,https://dataverse.harvard.edu/api/access/datafile/5617210
doi:10.7910/DVN/3VFLIJ,A12_23829.JPG,5617211,https://dataverse.harvard.edu/api/access/datafile/5617211
doi:10.7910/DVN/PUGAML,A12_23830.JPG,5617212,https://dataverse.harvard.edu/api/access/datafile/5617212
doi:10.7910/DVN/XBUOTI,A12_23831.JPG,5617213,https://dataverse.harvard.edu/api/access/datafile/5617213
doi:10.7910/DVN/BED3GZ,A12_23832.JPG,5617214,https://dataverse.harvard.edu/api/access/datafile/5617214
doi:10.7910/DVN/87FBC5,A12_23833.JPG,5617215,https://dataverse.harvard.edu/api/access/datafile/5617215
doi:10.7910/DVN/B8YO3T,A12_23835.JPG,5617216,https://dataverse.harvard.edu/api/access/datafile/5617216
doi:10.7910/DVN/ZUR4DJ,A12_23836.JPG,5617217,https://dataverse.harvard.edu/api/access/datafile/5617217
doi:10.7910/DVN/ZCQQVZ,A12_23837.JPG,5617218,https://dataverse.harvard.edu/api/access/datafile/5617218
doi:10.7910/DVN/FO1HZS,A12_23838.JPG,5617219,https://dataverse.harvard.edu/api/access/datafile/5617219
doi:10.7910/DVN/YU8EEV,A12_23839.JPG,5617220,https://dataverse.harvard.edu/api/access/datafile/5617220
doi:10.7910/DVN/HBE8J7,A12_23840.JPG,5617221,https://dataverse.harvard.edu/api/access/datafile/5617221
doi:10.7910/DVN/UYDF5C,A12_23841.JPG,5617222,https://dataverse.harvard.edu/api/access/datafile/5617222
doi:10.7910/DVN/4ZFG0F,A12_23842.JPG,5617223,https://dataverse.harvard.edu/api/access/datafile/5617223
doi:10.7910/DVN/118XUE,A12_23843.JPG,5617224,https://dataverse.harvard.edu/api/access/datafile/5617224
doi:10.7910/DVN/ADRAEE,A12_23844.JPG,5617225,https://dataverse.harvard.edu/api/access/datafile/5617225
doi:10.7910/DVN/AJOJOG,A12_23845.JPG,5617226,https://dataverse.harvard.edu/api/access/datafile/5617226
doi:10.7910/DVN/MCSSOY,A12_23846.JPG,5617227,https://dataverse.harvard.edu/api/access/datafile/5617227
doi:10.7910/DVN/YHGZ87,A12_23847.JPG,5617228,https://dataverse.harvard.edu/api/access/datafile/5617228
doi:10.7910/DVN/K0APWL,A12_23848.JPG,5617229,https://dataverse.harvard.edu/api/access/datafile/5617229
doi:10.7910/DVN/3LTOVM,A12_23849.JPG,5617230,https://dataverse.harvard.edu/api/access/datafile/5617230
doi:10.7910/DVN/7NPYJ9,A12_23850.JPG,5617231,https://dataverse.harvard.edu/api/access/datafile/5617231
doi:10.7910/DVN/0UHV83,A12_23851.JPG,5617232,https://dataverse.harvard.edu/api/access/datafile/5617232
doi:10.7910/DVN/BSE4BB,A12_23852.JPG,5617233,https://dataverse.harvard.edu/api/access/datafile/5617233
doi:10.7910/DVN/5YGIBX,A12_23853.JPG,5617234,https://dataverse.harvard.edu/api/access/datafile/5617234
doi:10.7910/DVN/XERHNV,A12_23854.JPG,5617235,https://dataverse.harvard.edu/api/access/datafile/5617235
doi:10.7910/DVN/CQBCOG,A12_23855.JPG,5617236,https://dataverse.harvard.edu/api/access/datafile/5617236
doi:10.7910/DVN/XUJ30Z,A12_23856.JPG,5617237,https://dataverse.harvard.edu/api/access/datafile/5617237
doi:10.7910/DVN/0CN5OY,A12_23857.JPG,5617238,https://dataverse.harvard.edu/api/access/datafile/5617238
doi:10.7910/DVN/S4I5R0,A12_23858.JPG,5617239,https://dataverse.harvard.edu/api/access/datafile/5617239
doi:10.7910/DVN/O6NMAS,A12_23859.JPG,5617240,https://dataverse.harvard.edu/api/access/datafile/5617240
doi:10.7910/DVN/81SWJM,A12_23860.JPG,5617241,https://dataverse.harvard.edu/api/access/datafile/5617241
doi:10.7910/DVN/YGGHFT,A12_23861.JPG,5617242,https://dataverse.harvard.edu/api/access/datafile/5617242
doi:10.7910/DVN/DLKPZ1,A12_23862.JPG,5617243,https://dataverse.harvard.edu/api/access/datafile/5617243
doi:10.7910/DVN/W8GSYK,A12_23863.JPG,5617244,https://dataverse.harvard.edu/api/access/datafile/5617244
doi:10.7910/DVN/DDOLKL,A12_23864.JPG,5617245,https://dataverse.harvard.edu/api/access/datafile/5617245
doi:10.7910/DVN/ZVWTNF,A12_23865.JPG,5617246,https://dataverse.harvard.edu/api/access/datafile/5617246
doi:10.7910/DVN/CYTNP7,A12_23866.JPG,5617249,https://dataverse.harvard.edu/api/access/datafile/5617249
doi:10.7910/DVN/GOJ0GJ,A12_23867.JPG,5617250,https://dataverse.harvard.edu/api/access/datafile/5617250
doi:10.7910/DVN/MIXBWS,A12_23868.JPG,5617251,https://dataverse.harvard.edu/api/access/datafile/5617251
doi:10.7910/DVN/17Z3T4,A12_23869.JPG,5617252,https://dataverse.harvard.edu/api/access/datafile/5617252
doi:10.7910/DVN/OEXFDQ,A12_23870.JPG,5617253,https://dataverse.harvard.edu/api/access/datafile/5617253
doi:10.7910/DVN/DZ64CX,A12_23871.JPG,5617254,https://dataverse.harvard.edu/api/access/datafile/5617254
doi:10.7910/DVN/A2Z4OG,A12_23872.JPG,5617255,https://dataverse.harvard.edu/api/access/datafile/5617255
doi:10.7910/DVN/JUHVT3,A12_23873.JPG,5617256,https://dataverse.harvard.edu/api/access/datafile/5617256
doi:10.7910/DVN/NOHMQQ,A12_23874.JPG,5617257,https://dataverse.harvard.edu/api/access/datafile/5617257
doi:10.7910/DVN/BDIO6Q,A12_23875.JPG,5617258,https://dataverse.harvard.edu/api/access/datafile/5617258
doi:10.7910/DVN/O6CW4L,A12_23876.JPG,5617259,https://dataverse.harvard.edu/api/access/datafile/5617259
doi:10.7910/DVN/K5B5P0,A12_23877.JPG,5617260,https://dataverse.harvard.edu/api/access/datafile/5617260
doi:10.7910/DVN/WJ5OTM,A12_23878.JPG,5617261,https://dataverse.harvard.edu/api/access/datafile/5617261
doi:10.7910/DVN/OETX2J,A12_23879.JPG,5617262,https://dataverse.harvard.edu/api/access/datafile/5617262
doi:10.7910/DVN/1J0JOX,A12_23880.JPG,5617263,https://dataverse.harvard.edu/api/access/datafile/5617263
doi:10.7910/DVN/ULBZQC,A12_23881.JPG,5617264,https://dataverse.harvard.edu/api/access/datafile/5617264
doi:10.7910/DVN/PWRPFI,A12_23882.JPG,5617265,https://dataverse.harvard.edu/api/access/datafile/5617265
doi:10.7910/DVN/0HXYBP,A12_23883.JPG,5617266,https://dataverse.harvard.edu/api/access/datafile/5617266
doi:10.7910/DVN/C84WKY,A12_23884.JPG,5617267,https://dataverse.harvard.edu/api/access/datafile/5617267
doi:10.7910/DVN/QOFH5M,A12_23885.JPG,5617268,https://dataverse.harvard.edu/api/access/datafile/5617268
doi:10.7910/DVN/BQYXF5,A12_23886.JPG,5617269,https://dataverse.harvard.edu/api/access/datafile/5617269
doi:10.7910/DVN/VTUJOA,A12_23887.JPG,5617273,https://dataverse.harvard.edu/api/access/datafile/5617273
doi:10.7910/DVN/9UYAFU,A12_23888.JPG,5617274,https://dataverse.harvard.edu/api/access/datafile/5617274
doi:10.7910/DVN/EAJ6FU,A12_23889.JPG,5617275,https://dataverse.harvard.edu/api/access/datafile/5617275
doi:10.7910/DVN/1HK2QD,A12_23890.JPG,5617276,https://dataverse.harvard.edu/api/access/datafile/5617276
doi:10.7910/DVN/QVDKEM,A12_23891.JPG,5617277,https://dataverse.harvard.edu/api/access/datafile/5617277
doi:10.7910/DVN/UFQPIF,A12_23892.JPG,5617278,https://dataverse.harvard.edu/api/access/datafile/5617278
doi:10.7910/DVN/M9LJT8,A12_23893.JPG,5617279,https://dataverse.harvard.edu/api/access/datafile/5617279
doi:10.7910/DVN/MSPYZ5,A12_23894.JPG,5617280,https://dataverse.harvard.edu/api/access/datafile/5617280
doi:10.7910/DVN/NCS5JD,A12_23895.JPG,5617281,https://dataverse.harvard.edu/api/access/datafile/5617281
doi:10.7910/DVN/EXFTAX,A12_23896.JPG,5617282,https://dataverse.harvard.edu/api/access/datafile/5617282
doi:10.7910/DVN/M9ACFZ,A12_21531.jpg,6079913,https://dataverse.harvard.edu/api/access/datafile/6079913
doi:10.7910/DVN/USDQXH,A12_21630.jpg,6079915,https://dataverse.harvard.edu/api/access/datafile/6079915
doi:10.7910/DVN/FYKZB6,A12_22489.jpg,6079917,https://dataverse.harvard.edu/api/access/datafile/6079917
doi:10.7910/DVN/QPKNGB,A12_22490.jpg,6079919,https://dataverse.harvard.edu/api/access/datafile/6079919
doi:10.7910/DVN/TGQFFD,A12_22491.jpg,6079921,https://dataverse.harvard.edu/api/access/datafile/6079921
doi:10.7910/DVN/TQOJTJ,A12_22492.jpg,6079923,https://dataverse.harvard.edu/api/access/datafile/6079923
doi:10.7910/DVN/FS0NS7,A12_22493.jpg,6079925,https://dataverse.harvard.edu/api/access/datafile/6079925
doi:10.7910/DVN/XB2YHR,A12_22495.jpg,6079927,https://dataverse.harvard.edu/api/access/datafile/6079927
doi:10.7910/DVN/02H7FD,A12_22496.jpg,6079929,https://dataverse.harvard.edu/api/access/datafile/6079929
doi:10.7910/DVN/OBRBOG,A12_22497.jpg,6079931,https://dataverse.harvard.edu/api/access/datafile/6079931
doi:10.7910/DVN/SLEKLQ,A12_22498.jpg,6079933,https://dataverse.harvard.edu/api/access/datafile/6079933
doi:10.7910/DVN/YHW4VL,A12_22499.jpg,6079935,https://dataverse.harvard.edu/api/access/datafile/6079935
doi:10.7910/DVN/LIENTZ,A12_22500.jpg,6079937,https://dataverse.harvard.edu/api/access/datafile/6079937
doi:10.7910/DVN/OADVCU,A12_22501.jpg,6079939,https://dataverse.harvard.edu/api/access/datafile/6079939
doi:10.7910/DVN/GDOLCP,A12_22502.jpg,6079941,https://dataverse.harvard.edu/api/access/datafile/6079941
doi:10.7910/DVN/14IQIA,A12_22503.jpg,6079943,https://dataverse.harvard.edu/api/access/datafile/6079943
doi:10.7910/DVN/7WHDW3,A12_22504.jpg,6079945,https://dataverse.harvard.edu/api/access/datafile/6079945
doi:10.7910/DVN/P8ASD1,A12_22505.jpg,6079947,https://dataverse.harvard.edu/api/access/datafile/6079947
doi:10.7910/DVN/M8SKM4,A12_22506.jpg,6079949,https://dataverse.harvard.edu/api/access/datafile/6079949
doi:10.7910/DVN/3VDYNP,A12_22507.jpg,6079951,https://dataverse.harvard.edu/api/access/datafile/6079951
doi:10.7910/DVN/DVEIBB,A12_22508.jpg,6079953,https://dataverse.harvard.edu/api/access/datafile/6079953
doi:10.7910/DVN/UYTQ75,A12_22509.jpg,6079955,https://dataverse.harvard.edu/api/access/datafile/6079955
doi:10.7910/DVN/GLQR8L,A12_22510.jpg,6079957,https://dataverse.harvard.edu/api/access/datafile/6079957
doi:10.7910/DVN/8WXEX2,A12_22511.jpg,6079959,https://dataverse.harvard.edu/api/access/datafile/6079959
doi:10.7910/DVN/MJPSRC,A12_22512.jpg,6079961,https://dataverse.harvard.edu/api/access/datafile/6079961
doi:10.7910/DVN/SPWHOZ,A12_22513.jpg,6079963,https://dataverse.harvard.edu/api/access/datafile/6079963
doi:10.7910/DVN/PTDSJE,A12_22514.jpg,6079965,https://dataverse.harvard.edu/api/access/datafile/6079965
doi:10.7910/DVN/MNCXX1,A12_22515.jpg,6079967,https://dataverse.harvard.edu/api/access/datafile/6079967
doi:10.7910/DVN/6ZWMVZ,A12_22516.jpg,6079969,https://dataverse.harvard.edu/api/access/datafile/6079969
doi:10.7910/DVN/CHMJU1,A12_22517.jpg,6079971,https://dataverse.harvard.edu/api/access/datafile/6079971
doi:10.7910/DVN/V75AZE,A12_22518.jpg,6079973,https://dataverse.harvard.edu/api/access/datafile/6079973
doi:10.7910/DVN/MQZOUP,A12_22519.jpg,6079975,https://dataverse.harvard.edu/api/access/datafile/6079975
doi:10.7910/DVN/WXSAGO,A12_22520.jpg,6079977,https://dataverse.harvard.edu/api/access/datafile/6079977
doi:10.7910/DVN/W104WZ,A12_22521.jpg,6079979,https://dataverse.harvard.edu/api/access/datafile/6079979
doi:10.7910/DVN/V8DBH2,A12_22522.jpg,6079981,https://dataverse.harvard.edu/api/access/datafile/6079981
doi:10.7910/DVN/U9BLC2,A12_22523.jpg,6079983,https://dataverse.harvard.edu/api/access/datafile/6079983
doi:10.7910/DVN/WGMYIY,A12_22524.jpg,6079985,https://dataverse.harvard.edu/api/access/datafile/6079985
doi:10.7910/DVN/5OHTB9,A12_22525.jpg,6079987,https://dataverse.harvard.edu/api/access/datafile/6079987
doi:10.7910/DVN/PG43WK,A12_22526.jpg,6079989,https://dataverse.harvard.edu/api/access/datafile/6079989
doi:10.7910/DVN/MHOZMA,A12_22527.jpg,6079991,https://dataverse.harvard.edu/api/access/datafile/6079991
doi:10.7910/DVN/V6GS4D,A12_22528.jpg,6079993,https://dataverse.harvard.edu/api/access/datafile/6079993
doi:10.7910/DVN/OQ2RI6,A12_22529.jpg,6079995,https://dataverse.harvard.edu/api/access/datafile/6079995
doi:10.7910/DVN/K7LBS2,A12_22530.jpg,6079997,https://dataverse.harvard.edu/api/access/datafile/6079997
doi:10.7910/DVN/GE1VA7,A12_22531.jpg,6079999,https://dataverse.harvard.edu/api/access/datafile/6079999
doi:10.7910/DVN/LV7MS7,A12_22532.jpg,6080001,https://dataverse.harvard.edu/api/access/datafile/6080001
doi:10.7910/DVN/JWBUCX,A12_22533.jpg,6080003,https://dataverse.harvard.edu/api/access/datafile/6080003
doi:10.7910/DVN/ORWNW8,A12_22534.jpg,6080005,https://dataverse.harvard.edu/api/access/datafile/6080005
doi:10.7910/DVN/F4ROEN,A12_22535.jpg,6080007,https://dataverse.harvard.edu/api/access/datafile/6080007
doi:10.7910/DVN/RUHZ37,A12_22536.jpg,6080009,https://dataverse.harvard.edu/api/access/datafile/6080009
doi:10.7910/DVN/A1P2IJ,A12_22537.jpg,6080011,https://dataverse.harvard.edu/api/access/datafile/6080011
doi:10.7910/DVN/VTYNUY,A12_22538.jpg,6080013,https://dataverse.harvard.edu/api/access/datafile/6080013
doi:10.7910/DVN/JTL31P,A12_22539.jpg,6080015,https://dataverse.harvard.edu/api/access/datafile/6080015
doi:10.7910/DVN/KBKIOR,A12_22540.jpg,6080017,https://dataverse.harvard.edu/api/access/datafile/6080017
doi:10.7910/DVN/KTFJUJ,A12_22541.jpg,6080019,https://dataverse.harvard.edu/api/access/datafile/6080019
doi:10.7910/DVN/FGFYKR,A12_22542.jpg,6080021,https://dataverse.harvard.edu/api/access/datafile/6080021
doi:10.7910/DVN/WQDIGA,A12_22543.jpg,6080023,https://dataverse.harvard.edu/api/access/datafile/6080023
doi:10.7910/DVN/VXQ3R7,A12_22544.jpg,6080025,https://dataverse.harvard.edu/api/access/datafile/6080025
doi:10.7910/DVN/LASRQA,A12_22545.jpg,6080027,https://dataverse.harvard.edu/api/access/datafile/6080027
doi:10.7910/DVN/2BF1CS,A12_22546.jpg,6080029,https://dataverse.harvard.edu/api/access/datafile/6080029
doi:10.7910/DVN/I65WGH,A12_22547.jpg,6080031,https://dataverse.harvard.edu/api/access/datafile/6080031
doi:10.7910/DVN/LYNXYX,A12_22548.jpg,6080033,https://dataverse.harvard.edu/api/access/datafile/6080033
doi:10.7910/DVN/D7AYMX,A12_22549.jpg,6080035,https://dataverse.harvard.edu/api/access/datafile/6080035
doi:10.7910/DVN/2TTMOZ,A12_22550.jpg,6080037,https://dataverse.harvard.edu/api/access/datafile/6080037
doi:10.7910/DVN/Z0RMKY,A12_22551.jpg,6080039,https://dataverse.harvard.edu/api/access/datafile/6080039
doi:10.7910/DVN/M9OV7B,A12_22552.jpg,6080041,https://dataverse.harvard.edu/api/access/datafile/6080041
doi:10.7910/DVN/YZ42ZZ,A12_22553.jpg,6080043,https://dataverse.harvard.edu/api/access/datafile/6080043
doi:10.7910/DVN/0GMFYP,A12_22554.jpg,6080045,https://dataverse.harvard.edu/api/access/datafile/6080045
doi:10.7910/DVN/HPWZNV,A12_22555.jpg,6080047,https://dataverse.harvard.edu/api/access/datafile/6080047
doi:10.7910/DVN/TVHHN9,A12_22556.jpg,6080049,https://dataverse.harvard.edu/api/access/datafile/6080049
doi:10.7910/DVN/PJZDX5,A12_22557.jpg,6080051,https://dataverse.harvard.edu/api/access/datafile/6080051
doi:10.7910/DVN/BWKUVQ,A12_22558.jpg,6080053,https://dataverse.harvard.edu/api/access/datafile/6080053
doi:10.7910/DVN/CQVAML,A12_22559.jpg,6080055,https://dataverse.harvard.edu/api/access/datafile/6080055
doi:10.7910/DVN/6D4LDX,A12_22560.jpg,6080057,https://dataverse.harvard.edu/api/access/datafile/6080057
doi:10.7910/DVN/RKC6VZ,A12_22561.jpg,6080059,https://dataverse.harvard.edu/api/access/datafile/6080059
doi:10.7910/DVN/895GKG,A12_22562.jpg,6080061,https://dataverse.harvard.edu/api/access/datafile/6080061
doi:10.7910/DVN/NPK2UG,A12_22563.jpg,6080063,https://dataverse.harvard.edu/api/access/datafile/6080063
doi:10.7910/DVN/DQLL18,A12_22564.jpg,6080065,https://dataverse.harvard.edu/api/access/datafile/6080065
doi:10.7910/DVN/VD7MFS,A12_22565.jpg,6080067,https://dataverse.harvard.edu/api/access/datafile/6080067
doi:10.7910/DVN/7QO32B,A12_22567.jpg,6080069,https://dataverse.harvard.edu/api/access/datafile/6080069
doi:10.7910/DVN/7X37QB,A12_22568.jpg,6080071,https://dataverse.harvard.edu/api/access/datafile/6080071
doi:10.7910/DVN/QAXFUO,A12_22569.jpg,6080073,https://dataverse.harvard.edu/api/access/datafile/6080073
doi:10.7910/DVN/JTNM7V,A12_22570.jpg,6080075,https://dataverse.harvard.edu/api/access/datafile/6080075
doi:10.7910/DVN/HCISPR,A12_22571.jpg,6080077,https://dataverse.harvard.edu/api/access/datafile/6080077
doi:10.7910/DVN/TAEB7R,A12_22572.jpg,6080079,https://dataverse.harvard.edu/api/access/datafile/6080079
doi:10.7910/DVN/ZCA3X7,A12_22573.jpg,6080081,https://dataverse.harvard.edu/api/access/datafile/6080081
doi:10.7910/DVN/DNGMGC,A12_22574.jpg,6080083,https://dataverse.harvard.edu/api/access/datafile/6080083
doi:10.7910/DVN/39MRN2,A12_22575.jpg,6080085,https://dataverse.harvard.edu/api/access/datafile/6080085
doi:10.7910/DVN/P5KX8V,A12_22576.jpg,6080087,https://dataverse.harvard.edu/api/access/datafile/6080087
doi:10.7910/DVN/2WPEYV,A12_22577.jpg,6080089,https://dataverse.harvard.edu/api/access/datafile/6080089
doi:10.7910/DVN/QAXTLR,A12_22578.jpg,6080091,https://dataverse.harvard.edu/api/access/datafile/6080091
doi:10.7910/DVN/BWIWD1,A12_22579.jpg,6080093,https://dataverse.harvard.edu/api/access/datafile/6080093
doi:10.7910/DVN/YBTMVM,A12_22580.jpg,6080095,https://dataverse.harvard.edu/api/access/datafile/6080095
doi:10.7910/DVN/4ZDLUA,A12_22581.jpg,6080097,https://dataverse.harvard.edu/api/access/datafile/6080097
doi:10.7910/DVN/GYKKY4,A12_22582.jpg,6080099,https://dataverse.harvard.edu/api/access/datafile/6080099
doi:10.7910/DVN/N2IS25,A12_22583.jpg,6080101,https://dataverse.harvard.edu/api/access/datafile/6080101
doi:10.7910/DVN/L7JFHB,A12_22584.jpg,6080103,https://dataverse.harvard.edu/api/access/datafile/6080103
doi:10.7910/DVN/WQYDFM,A12_22585.jpg,6080105,https://dataverse.harvard.edu/api/access/datafile/6080105
doi:10.7910/DVN/QHBSU0,A12_22586.jpg,6080107,https://dataverse.harvard.edu/api/access/datafile/6080107
doi:10.7910/DVN/4JPQK0,A12_22587.jpg,6080109,https://dataverse.harvard.edu/api/access/datafile/6080109
doi:10.7910/DVN/K00FJN,A12_22588.jpg,6080111,https://dataverse.harvard.edu/api/access/datafile/6080111
doi:10.7910/DVN/P0ITFQ,A12_22589.jpg,6080113,https://dataverse.harvard.edu/api/access/datafile/6080113
doi:10.7910/DVN/U87PSH,A12_22590.jpg,6080115,https://dataverse.harvard.edu/api/access/datafile/6080115
doi:10.7910/DVN/HZXD5V,A12_22591.jpg,6080117,https://dataverse.harvard.edu/api/access/datafile/6080117
doi:10.7910/DVN/WWIYI3,A12_22592.jpg,6080119,https://dataverse.harvard.edu/api/access/datafile/6080119
doi:10.7910/DVN/3B0YMT,A12_22593.jpg,6080121,https://dataverse.harvard.edu/api/access/datafile/6080121
doi:10.7910/DVN/9VQ2WI,A12_22594.jpg,6080123,https://dataverse.harvard.edu/api/access/datafile/6080123
doi:10.7910/DVN/UP9SYF,A12_22595.jpg,6080125,https://dataverse.harvard.edu/api/access/datafile/6080125
doi:10.7910/DVN/CNESPF,A12_22596.jpg,6080127,https://dataverse.harvard.edu/api/access/datafile/6080127
doi:10.7910/DVN/LU6PWQ,A12_22597.jpg,6080129,https://dataverse.harvard.edu/api/access/datafile/6080129
doi:10.7910/DVN/CV2OT2,A12_22598.jpg,6080131,https://dataverse.harvard.edu/api/access/datafile/6080131
doi:10.7910/DVN/GPWW5L,A12_22599.jpg,6080133,https://dataverse.harvard.edu/api/access/datafile/6080133
doi:10.7910/DVN/BFXERJ,A12_22600.jpg,6080135,https://dataverse.harvard.edu/api/access/datafile/6080135
doi:10.7910/DVN/0WN65V,A12_22601.jpg,6080137,https://dataverse.harvard.edu/api/access/datafile/6080137
doi:10.7910/DVN/2AIW3G,A12_22602.jpg,6080139,https://dataverse.harvard.edu/api/access/datafile/6080139
doi:10.7910/DVN/RSFH7U,A12_22603.jpg,6080141,https://dataverse.harvard.edu/api/access/datafile/6080141
doi:10.7910/DVN/EBRJFN,A12_22604.jpg,6080143,https://dataverse.harvard.edu/api/access/datafile/6080143
doi:10.7910/DVN/V23W5G,A12_22605.jpg,6080145,https://dataverse.harvard.edu/api/access/datafile/6080145
doi:10.7910/DVN/CZJQPF,A12_22606.jpg,6080147,https://dataverse.harvard.edu/api/access/datafile/6080147
doi:10.7910/DVN/QLCSK9,A12_22607.jpg,6080149,https://dataverse.harvard.edu/api/access/datafile/6080149
doi:10.7910/DVN/SQJGDC,A12_22608.jpg,6080151,https://dataverse.harvard.edu/api/access/datafile/6080151
doi:10.7910/DVN/WYRRVI,A12_22609.jpg,6080153,https://dataverse.harvard.edu/api/access/datafile/6080153
doi:10.7910/DVN/GEZLQX,A12_22610.jpg,6080155,https://dataverse.harvard.edu/api/access/datafile/6080155
doi:10.7910/DVN/PCHFRZ,A12_22611.jpg,6080157,https://dataverse.harvard.edu/api/access/datafile/6080157
doi:10.7910/DVN/XD0OWG,A12_22612.jpg,6080159,https://dataverse.harvard.edu/api/access/datafile/6080159
doi:10.7910/DVN/PPLWP4,A12_22613.jpg,6080161,https://dataverse.harvard.edu/api/access/datafile/6080161
doi:10.7910/DVN/3UCQSL,A12_22614.jpg,6080163,https://dataverse.harvard.edu/api/access/datafile/6080163
doi:10.7910/DVN/PN9KHL,A12_22615.jpg,6080165,https://dataverse.harvard.edu/api/access/datafile/6080165
doi:10.7910/DVN/161DZB,A12_22616.jpg,6080167,https://dataverse.harvard.edu/api/access/datafile/6080167
doi:10.7910/DVN/TU2B0B,A12_22617.jpg,6080169,https://dataverse.harvard.edu/api/access/datafile/6080169
doi:10.7910/DVN/9LEXVJ,A12_22618.jpg,6080171,https://dataverse.harvard.edu/api/access/datafile/6080171
doi:10.7910/DVN/P39INN,A12_22619.jpg,6080173,https://dataverse.harvard.edu/api/access/datafile/6080173
doi:10.7910/DVN/KUKJBM,A12_22620.jpg,6080175,https://dataverse.harvard.edu/api/access/datafile/6080175
doi:10.7910/DVN/FEFXTF,A12_22621.jpg,6080177,https://dataverse.harvard.edu/api/access/datafile/6080177
doi:10.7910/DVN/3YBXPD,A12_22622.jpg,6080179,https://dataverse.harvard.edu/api/access/datafile/6080179
doi:10.7910/DVN/ZSBA1H,A12_22623.jpg,6080181,https://dataverse.harvard.edu/api/access/datafile/6080181
doi:10.7910/DVN/BCNIJW,A12_22624.jpg,6080183,https://dataverse.harvard.edu/api/access/datafile/6080183
doi:10.7910/DVN/P0GJJA,A12_22625.jpg,6080186,https://dataverse.harvard.edu/api/access/datafile/6080186
doi:10.7910/DVN/4XGQO0,A12_22626.jpg,6080188,https://dataverse.harvard.edu/api/access/datafile/6080188
doi:10.7910/DVN/5QDZ6H,A12_22627.jpg,6080190,https://dataverse.harvard.edu/api/access/datafile/6080190
doi:10.7910/DVN/OTOKGD,A12_22628.jpg,6080192,https://dataverse.harvard.edu/api/access/datafile/6080192
doi:10.7910/DVN/LFKGBF,A12_22629.jpg,6080194,https://dataverse.harvard.edu/api/access/datafile/6080194
doi:10.7910/DVN/SDHGTV,A12_22630.jpg,6080196,https://dataverse.harvard.edu/api/access/datafile/6080196
doi:10.7910/DVN/ZOJNBC,A12_22631.jpg,6080198,https://dataverse.harvard.edu/api/access/datafile/6080198
doi:10.7910/DVN/F0VIPK,A12_22632.jpg,6080200,https://dataverse.harvard.edu/api/access/datafile/6080200
doi:10.7910/DVN/L0GC94,A12_22633.jpg,6080202,https://dataverse.harvard.edu/api/access/datafile/6080202
doi:10.7910/DVN/GBXKRC,A12_22634.jpg,6080204,https://dataverse.harvard.edu/api/access/datafile/6080204
doi:10.7910/DVN/SL3SUK,A12_22635.jpg,6080206,https://dataverse.harvard.edu/api/access/datafile/6080206
doi:10.7910/DVN/JBDKJP,A12_22636.jpg,6080208,https://dataverse.harvard.edu/api/access/datafile/6080208
doi:10.7910/DVN/GZLZ9J,A12_22637.jpg,6080210,https://dataverse.harvard.edu/api/access/datafile/6080210
doi:10.7910/DVN/OK0VBR,A12_22638.jpg,6080212,https://dataverse.harvard.edu/api/access/datafile/6080212
doi:10.7910/DVN/KS34P0,A12_22639.jpg,6080214,https://dataverse.harvard.edu/api/access/datafile/6080214
doi:10.7910/DVN/TMJWNT,A12_22640.jpg,6080216,https://dataverse.harvard.edu/api/access/datafile/6080216
doi:10.7910/DVN/M9FPXT,A12_22641.jpg,6080218,https://dataverse.harvard.edu/api/access/datafile/6080218
doi:10.7910/DVN/L3VVUM,A12_22642.jpg,6080220,https://dataverse.harvard.edu/api/access/datafile/6080220
doi:10.7910/DVN/VW8BE4,A12_22643.jpg,6080222,https://dataverse.harvard.edu/api/access/datafile/6080222
doi:10.7910/DVN/XUPZ4W,A12_22644.jpg,6080224,https://dataverse.harvard.edu/api/access/datafile/6080224
doi:10.7910/DVN/NL3Y5J,A12_22645.jpg,6080226,https://dataverse.harvard.edu/api/access/datafile/6080226
doi:10.7910/DVN/D26G6L,A12_22646.jpg,6080228,https://dataverse.harvard.edu/api/access/datafile/6080228
doi:10.7910/DVN/OX9OAS,A12_22647.jpg,6080230,https://dataverse.harvard.edu/api/access/datafile/6080230
doi:10.7910/DVN/EQIU4G,A12_22648.jpg,6080232,https://dataverse.harvard.edu/api/access/datafile/6080232
doi:10.7910/DVN/CTSHY2,A12_22649.jpg,6080234,https://dataverse.harvard.edu/api/access/datafile/6080234
doi:10.7910/DVN/DLITEH,A12_22650.jpg,6080236,https://dataverse.harvard.edu/api/access/datafile/6080236
doi:10.7910/DVN/RSWGCG,A12_22651.jpg,6080238,https://dataverse.harvard.edu/api/access/datafile/6080238
doi:10.7910/DVN/IODLNS,A12_22652.jpg,6080240,https://dataverse.harvard.edu/api/access/datafile/6080240
doi:10.7910/DVN/JGJJEF,A12_22653.jpg,6080242,https://dataverse.harvard.edu/api/access/datafile/6080242
doi:10.7910/DVN/P2JEFB,A12_22654.jpg,6080244,https://dataverse.harvard.edu/api/access/datafile/6080244
doi:10.7910/DVN/IEVTYJ,A12_22655.jpg,6080246,https://dataverse.harvard.edu/api/access/datafile/6080246
doi:10.7910/DVN/UZIKCT,A12_22656.jpg,6080248,https://dataverse.harvard.edu/api/access/datafile/6080248
doi:10.7910/DVN/DVLITO,A12_22657.jpg,6080250,https://dataverse.harvard.edu/api/access/datafile/6080250
doi:10.7910/DVN/BUQMU4,A12_22658.jpg,6080252,https://dataverse.harvard.edu/api/access/datafile/6080252
doi:10.7910/DVN/YHAD92,A12_22659.jpg,6080254,https://dataverse.harvard.edu/api/access/datafile/6080254
doi:10.7910/DVN/ARLBTE,A12_22660.jpg,6080256,https://dataverse.harvard.edu/api/access/datafile/6080256
doi:10.7910/DVN/HQ4IC5,A12_22661.jpg,6080258,https://dataverse.harvard.edu/api/access/datafile/6080258
doi:10.7910/DVN/XXKDUH,A12_22662.jpg,6080260,https://dataverse.harvard.edu/api/access/datafile/6080260
doi:10.7910/DVN/TQQXDC,A12_22663.jpg,6080262,https://dataverse.harvard.edu/api/access/datafile/6080262
doi:10.7910/DVN/KOMOMZ,A12_22664.jpg,6080264,https://dataverse.harvard.edu/api/access/datafile/6080264
doi:10.7910/DVN/SS3DGR,A12_22665.jpg,6080266,https://dataverse.harvard.edu/api/access/datafile/6080266
doi:10.7910/DVN/JT33RY,A12_22666.jpg,6080268,https://dataverse.harvard.edu/api/access/datafile/6080268
doi:10.7910/DVN/QUKPOZ,A12_22667.jpg,6080270,https://dataverse.harvard.edu/api/access/datafile/6080270
doi:10.7910/DVN/2WKTRT,A12_22668.jpg,6080272,https://dataverse.harvard.edu/api/access/datafile/6080272
doi:10.7910/DVN/DM4IXE,A12_22669.jpg,6080274,https://dataverse.harvard.edu/api/access/datafile/6080274
doi:10.7910/DVN/89SBEN,A12_22670.jpg,6080276,https://dataverse.harvard.edu/api/access/datafile/6080276
doi:10.7910/DVN/RPX1ON,A12_22671.jpg,6080278,https://dataverse.harvard.edu/api/access/datafile/6080278
doi:10.7910/DVN/APG1SW,A12_22672.jpg,6080280,https://dataverse.harvard.edu/api/access/datafile/6080280
doi:10.7910/DVN/PY4LBE,A12_22673.jpg,6080282,https://dataverse.harvard.edu/api/access/datafile/6080282
doi:10.7910/DVN/ONKBCX,A12_22674.jpg,6080284,https://dataverse.harvard.edu/api/access/datafile/6080284
doi:10.7910/DVN/ZZWN4Y,A12_22675.jpg,6080286,https://dataverse.harvard.edu/api/access/datafile/6080286
doi:10.7910/DVN/RJILFG,A12_22676.jpg,6080288,https://dataverse.harvard.edu/api/access/datafile/6080288
doi:10.7910/DVN/3OP45S,A12_22677.jpg,6080290,https://dataverse.harvard.edu/api/access/datafile/6080290
doi:10.7910/DVN/39B15S,A12_22678.jpg,6080292,https://dataverse.harvard.edu/api/access/datafile/6080292
doi:10.7910/DVN/MIGMTH,A12_22679.jpg,6080294,https://dataverse.harvard.edu/api/access/datafile/6080294
doi:10.7910/DVN/HZWRJO,A12_22680.jpg,6080296,https://dataverse.harvard.edu/api/access/datafile/6080296
doi:10.7910/DVN/LVEPEP,A12_22681.jpg,6080298,https://dataverse.harvard.edu/api/access/datafile/6080298
doi:10.7910/DVN/LGFOLN,A12_22682.jpg,6080300,https://dataverse.harvard.edu/api/access/datafile/6080300
doi:10.7910/DVN/XLQB22,A12_22683.jpg,6080302,https://dataverse.harvard.edu/api/access/datafile/6080302
doi:10.7910/DVN/O4GSAH,A12_22684.jpg,6080304,https://dataverse.harvard.edu/api/access/datafile/6080304
doi:10.7910/DVN/LTQGOZ,A12_22685.jpg,6080306,https://dataverse.harvard.edu/api/access/datafile/6080306
doi:10.7910/DVN/PQKTEE,A12_22686.jpg,6080308,https://dataverse.harvard.edu/api/access/datafile/6080308
doi:10.7910/DVN/FLPJXG,A12_22687.jpg,6080310,https://dataverse.harvard.edu/api/access/datafile/6080310
doi:10.7910/DVN/FCMINY,A12_22688.jpg,6080312,https://dataverse.harvard.edu/api/access/datafile/6080312
doi:10.7910/DVN/ODRBSB,A12_22689.jpg,6080314,https://dataverse.harvard.edu/api/access/datafile/6080314
doi:10.7910/DVN/ATGQN1,A12_22690.jpg,6080316,https://dataverse.harvard.edu/api/access/datafile/6080316
doi:10.7910/DVN/YXTMHM,A12_22691.jpg,6080318,https://dataverse.harvard.edu/api/access/datafile/6080318
doi:10.7910/DVN/3X7OCW,A12_22692.jpg,6080320,https://dataverse.harvard.edu/api/access/datafile/6080320
doi:10.7910/DVN/VZAJVV,A12_22693.jpg,6080322,https://dataverse.harvard.edu/api/access/datafile/6080322
doi:10.7910/DVN/EDACNI,A12_22694.jpg,6080324,https://dataverse.harvard.edu/api/access/datafile/6080324
doi:10.7910/DVN/XHIJER,A12_22695.jpg,6080326,https://dataverse.harvard.edu/api/access/datafile/6080326
doi:10.7910/DVN/TQJBYN,A12_22696.jpg,6080328,https://dataverse.harvard.edu/api/access/datafile/6080328
doi:10.7910/DVN/7EGV0Q,A12_22697.jpg,6080330,https://dataverse.harvard.edu/api/access/datafile/6080330
doi:10.7910/DVN/R72ADD,A12_22698.jpg,6080332,https://dataverse.harvard.edu/api/access/datafile/6080332
doi:10.7910/DVN/CIIT0B,A12_22699.jpg,6080334,https://dataverse.harvard.edu/api/access/datafile/6080334
doi:10.7910/DVN/4GEFYC,A12_22700.jpg,6080336,https://dataverse.harvard.edu/api/access/datafile/6080336
doi:10.7910/DVN/VK8WOU,A12_22701.jpg,6080338,https://dataverse.harvard.edu/api/access/datafile/6080338
doi:10.7910/DVN/S8ZCRU,A12_22702.jpg,6080340,https://dataverse.harvard.edu/api/access/datafile/6080340
doi:10.7910/DVN/15KBXG,A12_22703.jpg,6080342,https://dataverse.harvard.edu/api/access/datafile/6080342
doi:10.7910/DVN/ZFCWT6,A12_22704.jpg,6080345,https://dataverse.harvard.edu/api/access/datafile/6080345
doi:10.7910/DVN/2R2W1N,A12_22705.jpg,6080347,https://dataverse.harvard.edu/api/access/datafile/6080347
doi:10.7910/DVN/OVL0HQ,A12_22706.jpg,6080349,https://dataverse.harvard.edu/api/access/datafile/6080349
doi:10.7910/DVN/IGRVPH,A12_22707.jpg,6080351,https://dataverse.harvard.edu/api/access/datafile/6080351
doi:10.7910/DVN/HRHHRU,A12_22708.jpg,6080353,https://dataverse.harvard.edu/api/access/datafile/6080353
doi:10.7910/DVN/IUNZQJ,A12_22709.jpg,6080356,https://dataverse.harvard.edu/api/access/datafile/6080356
doi:10.7910/DVN/TYZ5ND,A12_22710.jpg,6080358,https://dataverse.harvard.edu/api/access/datafile/6080358
doi:10.7910/DVN/GBBPYE,A12_22711.jpg,6080360,https://dataverse.harvard.edu/api/access/datafile/6080360
doi:10.7910/DVN/0LGTOC,A12_22712.jpg,6080363,https://dataverse.harvard.edu/api/access/datafile/6080363
doi:10.7910/DVN/VT0UQZ,A12_22713.jpg,6080366,https://dataverse.harvard.edu/api/access/datafile/6080366
doi:10.7910/DVN/IA5GUS,A12_22714.jpg,6080369,https://dataverse.harvard.edu/api/access/datafile/6080369
doi:10.7910/DVN/ZNJYBO,A12_22715.jpg,6080373,https://dataverse.harvard.edu/api/access/datafile/6080373
doi:10.7910/DVN/LEDRVQ,A12_22716.jpg,6080375,https://dataverse.harvard.edu/api/access/datafile/6080375
doi:10.7910/DVN/KVJJDB,A12_22717.jpg,6080377,https://dataverse.harvard.edu/api/access/datafile/6080377
doi:10.7910/DVN/Z4RZMO,A12_22718.jpg,6080380,https://dataverse.harvard.edu/api/access/datafile/6080380
doi:10.7910/DVN/M0FAVX,A12_22719.jpg,6080383,https://dataverse.harvard.edu/api/access/datafile/6080383
doi:10.7910/DVN/X2DBKM,A12_22720.jpg,6080386,https://dataverse.harvard.edu/api/access/datafile/6080386
doi:10.7910/DVN/V8QETW,A12_22721.jpg,6080388,https://dataverse.harvard.edu/api/access/datafile/6080388
doi:10.7910/DVN/FIGT2A,A12_22722.jpg,6080392,https://dataverse.harvard.edu/api/access/datafile/6080392
doi:10.7910/DVN/VPTDZN,A12_22723.jpg,6080395,https://dataverse.harvard.edu/api/access/datafile/6080395
doi:10.7910/DVN/SPT0CP,A12_22724.jpg,6080398,https://dataverse.harvard.edu/api/access/datafile/6080398
doi:10.7910/DVN/JXICOF,A12_22725.jpg,6080400,https://dataverse.harvard.edu/api/access/datafile/6080400
doi:10.7910/DVN/EELKMN,A12_22726.jpg,6080404,https://dataverse.harvard.edu/api/access/datafile/6080404
doi:10.7910/DVN/P0IXZ9,A12_22727.jpg,6080407,https://dataverse.harvard.edu/api/access/datafile/6080407
doi:10.7910/DVN/OLBPS4,A12_22728.jpg,6080409,https://dataverse.harvard.edu/api/access/datafile/6080409
doi:10.7910/DVN/7H4FW8,A12_22729.jpg,6080413,https://dataverse.harvard.edu/api/access/datafile/6080413
doi:10.7910/DVN/4LKQYL,A12_22730.jpg,6080415,https://dataverse.harvard.edu/api/access/datafile/6080415
doi:10.7910/DVN/HQ0DWJ,A12_22731.jpg,6080419,https://dataverse.harvard.edu/api/access/datafile/6080419
doi:10.7910/DVN/ZWIMAA,A12_22732.jpg,6080421,https://dataverse.harvard.edu/api/access/datafile/6080421
doi:10.7910/DVN/2E1W3R,A12_22733.jpg,6080423,https://dataverse.harvard.edu/api/access/datafile/6080423
doi:10.7910/DVN/AJGWM8,A12_22734.jpg,6080427,https://dataverse.harvard.edu/api/access/datafile/6080427
doi:10.7910/DVN/OHUJ2O,A12_22735.jpg,6080429,https://dataverse.harvard.edu/api/access/datafile/6080429
doi:10.7910/DVN/Q069AZ,A12_22736.jpg,6080432,https://dataverse.harvard.edu/api/access/datafile/6080432
doi:10.7910/DVN/FBUFBT,A12_22737.jpg,6080436,https://dataverse.harvard.edu/api/access/datafile/6080436
doi:10.7910/DVN/INXFH3,A12_22738.jpg,6080439,https://dataverse.harvard.edu/api/access/datafile/6080439
doi:10.7910/DVN/JTMMPI,A12_22739.jpg,6080442,https://dataverse.harvard.edu/api/access/datafile/6080442
doi:10.7910/DVN/XLTJ0D,A12_22740.jpg,6080444,https://dataverse.harvard.edu/api/access/datafile/6080444
doi:10.7910/DVN/RLWIV6,A12_22741.jpg,6080448,https://dataverse.harvard.edu/api/access/datafile/6080448
doi:10.7910/DVN/XVD3AQ,A12_22742.jpg,6080451,https://dataverse.harvard.edu/api/access/datafile/6080451
doi:10.7910/DVN/LKRJJO,A12_22743.jpg,6080454,https://dataverse.harvard.edu/api/access/datafile/6080454
doi:10.7910/DVN/OFXIG4,A12_22744.jpg,6080457,https://dataverse.harvard.edu/api/access/datafile/6080457
doi:10.7910/DVN/HQPTXR,A12_22745.jpg,6080460,https://dataverse.harvard.edu/api/access/datafile/6080460
doi:10.7910/DVN/JDHA34,A12_22746.jpg,6080463,https://dataverse.harvard.edu/api/access/datafile/6080463
doi:10.7910/DVN/2MOSRM,A12_22747.jpg,6080466,https://dataverse.harvard.edu/api/access/datafile/6080466
doi:10.7910/DVN/WDOTYW,A12_22748.jpg,6080469,https://dataverse.harvard.edu/api/access/datafile/6080469
doi:10.7910/DVN/6JSX7J,A12_22749.jpg,6080471,https://dataverse.harvard.edu/api/access/datafile/6080471
doi:10.7910/DVN/P184MQ,A12_22750.jpg,6080474,https://dataverse.harvard.edu/api/access/datafile/6080474
doi:10.7910/DVN/RK2JZB,A12_22751.jpg,6080477,https://dataverse.harvard.edu/api/access/datafile/6080477
doi:10.7910/DVN/XHN8UI,A12_22752.jpg,6080479,https://dataverse.harvard.edu/api/access/datafile/6080479
doi:10.7910/DVN/HS4LHW,A12_22753.jpg,6080482,https://dataverse.harvard.edu/api/access/datafile/6080482
doi:10.7910/DVN/OTKYIM,A12_22754.jpg,6080485,https://dataverse.harvard.edu/api/access/datafile/6080485
doi:10.7910/DVN/QOWHKA,A12_22755.jpg,6080487,https://dataverse.harvard.edu/api/access/datafile/6080487
doi:10.7910/DVN/VUFE0H,A12_22756.jpg,6080490,https://dataverse.harvard.edu/api/access/datafile/6080490
doi:10.7910/DVN/A59IGC,A12_22757.jpg,6080492,https://dataverse.harvard.edu/api/access/datafile/6080492
doi:10.7910/DVN/ITMZPL,A12_22758.jpg,6080494,https://dataverse.harvard.edu/api/access/datafile/6080494
doi:10.7910/DVN/TKLL3A,A12_22759.jpg,6080497,https://dataverse.harvard.edu/api/access/datafile/6080497
doi:10.7910/DVN/HKMKXG,A12_22760.jpg,6080499,https://dataverse.harvard.edu/api/access/datafile/6080499
doi:10.7910/DVN/JMWE5J,A12_22761.jpg,6080502,https://dataverse.harvard.edu/api/access/datafile/6080502
doi:10.7910/DVN/OSCVPL,A12_22762.jpg,6080504,https://dataverse.harvard.edu/api/access/datafile/6080504
doi:10.7910/DVN/L0FOCU,A12_22763.jpg,6080506,https://dataverse.harvard.edu/api/access/datafile/6080506
doi:10.7910/DVN/BTNLSN,A12_22764.jpg,6080509,https://dataverse.harvard.edu/api/access/datafile/6080509
doi:10.7910/DVN/PBF5WU,A12_22765.jpg,6080511,https://dataverse.harvard.edu/api/access/datafile/6080511
doi:10.7910/DVN/QAHEZ8,A12_22766.jpg,6080514,https://dataverse.harvard.edu/api/access/datafile/6080514
doi:10.7910/DVN/JMH3YF,A12_22767.jpg,6080516,https://dataverse.harvard.edu/api/access/datafile/6080516
doi:10.7910/DVN/BDXYH8,A12_22768.jpg,6080518,https://dataverse.harvard.edu/api/access/datafile/6080518
doi:10.7910/DVN/2PBZ0G,A12_22769.jpg,6080521,https://dataverse.harvard.edu/api/access/datafile/6080521
doi:10.7910/DVN/FRTWCM,A12_22770.jpg,6080523,https://dataverse.harvard.edu/api/access/datafile/6080523
doi:10.7910/DVN/DVLNPV,A12_22771.jpg,6080526,https://dataverse.harvard.edu/api/access/datafile/6080526
doi:10.7910/DVN/SJZ9DG,A12_22772.jpg,6080528,https://dataverse.harvard.edu/api/access/datafile/6080528
doi:10.7910/DVN/VWBRBL,A12_22773.jpg,6080530,https://dataverse.harvard.edu/api/access/datafile/6080530
doi:10.7910/DVN/DMG05C,A12_22774.jpg,6080532,https://dataverse.harvard.edu/api/access/datafile/6080532
doi:10.7910/DVN/SYLWJA,A12_22775.jpg,6080534,https://dataverse.harvard.edu/api/access/datafile/6080534
doi:10.7910/DVN/PR3NEL,A12_22776.jpg,6080536,https://dataverse.harvard.edu/api/access/datafile/6080536
doi:10.7910/DVN/XKJ5NB,A12_22777.jpg,6080538,https://dataverse.harvard.edu/api/access/datafile/6080538
doi:10.7910/DVN/HD9KEK,A12_22778.jpg,6080540,https://dataverse.harvard.edu/api/access/datafile/6080540
doi:10.7910/DVN/JQJX9Z,A12_22779.jpg,6080542,https://dataverse.harvard.edu/api/access/datafile/6080542
doi:10.7910/DVN/9USSQ1,A12_22780.jpg,6080544,https://dataverse.harvard.edu/api/access/datafile/6080544
doi:10.7910/DVN/YHGZED,A12_22781.jpg,6080546,https://dataverse.harvard.edu/api/access/datafile/6080546
doi:10.7910/DVN/LV1AIN,A12_22782.jpg,6080548,https://dataverse.harvard.edu/api/access/datafile/6080548
doi:10.7910/DVN/E9RRPJ,A12_22783.jpg,6080550,https://dataverse.harvard.edu/api/access/datafile/6080550
doi:10.7910/DVN/T2BDC4,A12_22784.jpg,6080552,https://dataverse.harvard.edu/api/access/datafile/6080552
doi:10.7910/DVN/NHZI2A,A12_22785.jpg,6080554,https://dataverse.harvard.edu/api/access/datafile/6080554
doi:10.7910/DVN/UFWHZR,A12_22786.jpg,6080557,https://dataverse.harvard.edu/api/access/datafile/6080557
doi:10.7910/DVN/R0RATR,A12_22787.jpg,6080559,https://dataverse.harvard.edu/api/access/datafile/6080559
doi:10.7910/DVN/NXW5XY,A12_22788.jpg,6080561,https://dataverse.harvard.edu/api/access/datafile/6080561
doi:10.7910/DVN/4WAZMF,A12_22789.jpg,6080563,https://dataverse.harvard.edu/api/access/datafile/6080563
doi:10.7910/DVN/X9CQU8,A12_22790.jpg,6080565,https://dataverse.harvard.edu/api/access/datafile/6080565
doi:10.7910/DVN/RO3JYK,A12_22791.jpg,6080568,https://dataverse.harvard.edu/api/access/datafile/6080568
doi:10.7910/DVN/22RLGQ,A12_22792.jpg,6080570,https://dataverse.harvard.edu/api/access/datafile/6080570
doi:10.7910/DVN/IHPVHK,A12_22793.jpg,6080572,https://dataverse.harvard.edu/api/access/datafile/6080572
doi:10.7910/DVN/KQQHYW,A12_22794.jpg,6080574,https://dataverse.harvard.edu/api/access/datafile/6080574
doi:10.7910/DVN/W3HELH,A12_22795.jpg,6080577,https://dataverse.harvard.edu/api/access/datafile/6080577
doi:10.7910/DVN/CVSRNN,A12_22796.jpg,6080579,https://dataverse.harvard.edu/api/access/datafile/6080579
doi:10.7910/DVN/GXOVDE,A12_22797.jpg,6080581,https://dataverse.harvard.edu/api/access/datafile/6080581
doi:10.7910/DVN/GRPYTQ,A12_22798.jpg,6080584,https://dataverse.harvard.edu/api/access/datafile/6080584
doi:10.7910/DVN/NNGSKL,A12_22799.jpg,6080586,https://dataverse.harvard.edu/api/access/datafile/6080586
doi:10.7910/DVN/EW0NS7,A12_22800.jpg,6080589,https://dataverse.harvard.edu/api/access/datafile/6080589
doi:10.7910/DVN/KFE8FE,A12_22801.jpg,6080591,https://dataverse.harvard.edu/api/access/datafile/6080591
doi:10.7910/DVN/2A8QAH,A12_22802.jpg,6080595,https://dataverse.harvard.edu/api/access/datafile/6080595
doi:10.7910/DVN/VPBTKX,A12_22803.jpg,6080597,https://dataverse.harvard.edu/api/access/datafile/6080597
doi:10.7910/DVN/C90D7M,A12_22804.jpg,6080599,https://dataverse.harvard.edu/api/access/datafile/6080599
doi:10.7910/DVN/HX7WRW,A12_22805.jpg,6080601,https://dataverse.harvard.edu/api/access/datafile/6080601
doi:10.7910/DVN/SQ8FTM,A12_22806.jpg,6080603,https://dataverse.harvard.edu/api/access/datafile/6080603
doi:10.7910/DVN/UR5ESD,A12_22807.jpg,6080606,https://dataverse.harvard.edu/api/access/datafile/6080606
doi:10.7910/DVN/NXFF1W,A12_22808.jpg,6080609,https://dataverse.harvard.edu/api/access/datafile/6080609
doi:10.7910/DVN/JLHQDN,A12_22809.jpg,6080613,https://dataverse.harvard.edu/api/access/datafile/6080613
doi:10.7910/DVN/RDINXU,A12_22810.jpg,6080616,https://dataverse.harvard.edu/api/access/datafile/6080616
doi:10.7910/DVN/P4VI0Y,A12_22811.jpg,6080618,https://dataverse.harvard.edu/api/access/datafile/6080618
doi:10.7910/DVN/RA4PLI,A12_22812.jpg,6080621,https://dataverse.harvard.edu/api/access/datafile/6080621
doi:10.7910/DVN/CP7QV5,A12_22813.jpg,6080624,https://dataverse.harvard.edu/api/access/datafile/6080624
doi:10.7910/DVN/4D7N37,A12_22814.jpg,6080626,https://dataverse.harvard.edu/api/access/datafile/6080626
doi:10.7910/DVN/OWTBXL,A12_22815.jpg,6080628,https://dataverse.harvard.edu/api/access/datafile/6080628
doi:10.7910/DVN/MO2UYE,A12_22816.jpg,6080631,https://dataverse.harvard.edu/api/access/datafile/6080631
doi:10.7910/DVN/WS1OJC,A12_22817.jpg,6080633,https://dataverse.harvard.edu/api/access/datafile/6080633
doi:10.7910/DVN/NWEHYS,A12_22818.jpg,6080636,https://dataverse.harvard.edu/api/access/datafile/6080636
doi:10.7910/DVN/FIOIVZ,A12_22819.jpg,6080638,https://dataverse.harvard.edu/api/access/datafile/6080638
doi:10.7910/DVN/YC6ION,A12_22820.jpg,6080640,https://dataverse.harvard.edu/api/access/datafile/6080640
doi:10.7910/DVN/KZF7K7,A12_22821.jpg,6080643,https://dataverse.harvard.edu/api/access/datafile/6080643
doi:10.7910/DVN/WTTBSA,A12_22822.jpg,6080645,https://dataverse.harvard.edu/api/access/datafile/6080645
doi:10.7910/DVN/X1ELZV,A12_22822.jpg,6080647,https://dataverse.harvard.edu/api/access/datafile/6080647
doi:10.7910/DVN/CDJZU6,A12_22823.jpg,6080650,https://dataverse.harvard.edu/api/access/datafile/6080650
doi:10.7910/DVN/0ZTH8N,A12_22824.jpg,6080652,https://dataverse.harvard.edu/api/access/datafile/6080652
doi:10.7910/DVN/CDJL7O,A12_22825.jpg,6080655,https://dataverse.harvard.edu/api/access/datafile/6080655
doi:10.7910/DVN/X59HV0,A12_22826.jpg,6080657,https://dataverse.harvard.edu/api/access/datafile/6080657
doi:10.7910/DVN/NE9XEH,A12_22827.jpg,6080659,https://dataverse.harvard.edu/api/access/datafile/6080659
doi:10.7910/DVN/LQRLIV,A12_22829.jpg,6080662,https://dataverse.harvard.edu/api/access/datafile/6080662
doi:10.7910/DVN/XOCVVK,A12_22830.jpg,6080664,https://dataverse.harvard.edu/api/access/datafile/6080664
doi:10.7910/DVN/TALCBJ,A12_22831.jpg,6080666,https://dataverse.harvard.edu/api/access/datafile/6080666
doi:10.7910/DVN/4AQMO3,A12_22832.jpg,6080669,https://dataverse.harvard.edu/api/access/datafile/6080669
doi:10.7910/DVN/QURHHA,A12_22833.jpg,6080671,https://dataverse.harvard.edu/api/access/datafile/6080671
doi:10.7910/DVN/CYUX6J,A12_22834.jpg,6080673,https://dataverse.harvard.edu/api/access/datafile/6080673
doi:10.7910/DVN/LOCRNL,A12_22835.jpg,6080676,https://dataverse.harvard.edu/api/access/datafile/6080676
doi:10.7910/DVN/APD9HO,A12_22836.jpg,6080678,https://dataverse.harvard.edu/api/access/datafile/6080678
doi:10.7910/DVN/EKCWGQ,A12_22837.jpg,6080681,https://dataverse.harvard.edu/api/access/datafile/6080681
doi:10.7910/DVN/9UAPSU,A12_22838.jpg,6080683,https://dataverse.harvard.edu/api/access/datafile/6080683
doi:10.7910/DVN/XSCTUL,A12_22839.jpg,6080685,https://dataverse.harvard.edu/api/access/datafile/6080685
doi:10.7910/DVN/EEACZM,A12_22840.jpg,6080688,https://dataverse.harvard.edu/api/access/datafile/6080688
doi:10.7910/DVN/GZSZYF,A12_22841.jpg,6080690,https://dataverse.harvard.edu/api/access/datafile/6080690
doi:10.7910/DVN/OEARVU,A12_22842.jpg,6080692,https://dataverse.harvard.edu/api/access/datafile/6080692
doi:10.7910/DVN/TWUKB3,A12_22843.jpg,6080695,https://dataverse.harvard.edu/api/access/datafile/6080695
doi:10.7910/DVN/ZVNKVA,A12_22844.jpg,6080697,https://dataverse.harvard.edu/api/access/datafile/6080697
doi:10.7910/DVN/LKJP86,A12_22845.jpg,6080700,https://dataverse.harvard.edu/api/access/datafile/6080700
doi:10.7910/DVN/YE5RJA,A12_22846.jpg,6080702,https://dataverse.harvard.edu/api/access/datafile/6080702
doi:10.7910/DVN/TFZRHU,A12_22847.jpg,6080704,https://dataverse.harvard.edu/api/access/datafile/6080704
doi:10.7910/DVN/JQJXNV,A12_22848.jpg,6080706,https://dataverse.harvard.edu/api/access/datafile/6080706
doi:10.7910/DVN/BL3QXI,A12_22849.jpg,6080708,https://dataverse.harvard.edu/api/access/datafile/6080708
doi:10.7910/DVN/3VR7GH,A12_22850.jpg,6080710,https://dataverse.harvard.edu/api/access/datafile/6080710
doi:10.7910/DVN/H2AFLI,A12_22851.jpg,6080712,https://dataverse.harvard.edu/api/access/datafile/6080712
doi:10.7910/DVN/UJRT18,A12_22852.jpg,6080714,https://dataverse.harvard.edu/api/access/datafile/6080714
doi:10.7910/DVN/QXXATE,A12_22853.jpg,6080716,https://dataverse.harvard.edu/api/access/datafile/6080716
doi:10.7910/DVN/OMDJKH,A12_22854.jpg,6080718,https://dataverse.harvard.edu/api/access/datafile/6080718
doi:10.7910/DVN/IWKYXR,A12_22855.jpg,6080720,https://dataverse.harvard.edu/api/access/datafile/6080720
doi:10.7910/DVN/LU9GFL,A12_22856.jpg,6080723,https://dataverse.harvard.edu/api/access/datafile/6080723
doi:10.7910/DVN/UVMJO6,A12_22857.jpg,6080725,https://dataverse.harvard.edu/api/access/datafile/6080725
doi:10.7910/DVN/PCHSLA,A12_22858.jpg,6080727,https://dataverse.harvard.edu/api/access/datafile/6080727
doi:10.7910/DVN/YTIXGG,A12_22859.jpg,6080729,https://dataverse.harvard.edu/api/access/datafile/6080729
doi:10.7910/DVN/HOUXJR,A12_22860.jpg,6080731,https://dataverse.harvard.edu/api/access/datafile/6080731
doi:10.7910/DVN/OJWXNJ,A12_22861.jpg,6080734,https://dataverse.harvard.edu/api/access/datafile/6080734
doi:10.7910/DVN/N9FW5I,A12_22862.jpg,6080736,https://dataverse.harvard.edu/api/access/datafile/6080736
doi:10.7910/DVN/IXGYCB,A12_22862.jpg,6080738,https://dataverse.harvard.edu/api/access/datafile/6080738
doi:10.7910/DVN/QEYU5N,A12_22862.jpg,6080740,https://dataverse.harvard.edu/api/access/datafile/6080740
doi:10.7910/DVN/DXQYPY,A12_22863.jpg,6080742,https://dataverse.harvard.edu/api/access/datafile/6080742
doi:10.7910/DVN/ESEQFN,A12_22864.jpg,6080745,https://dataverse.harvard.edu/api/access/datafile/6080745
doi:10.7910/DVN/TQERTG,A12_22865.jpg,6080747,https://dataverse.harvard.edu/api/access/datafile/6080747
doi:10.7910/DVN/ZPQUKO,A12_22866.jpg,6080749,https://dataverse.harvard.edu/api/access/datafile/6080749
doi:10.7910/DVN/5XLJIV,A12_22867.jpg,6080752,https://dataverse.harvard.edu/api/access/datafile/6080752
doi:10.7910/DVN/QF3FL0,A12_22868.jpg,6080754,https://dataverse.harvard.edu/api/access/datafile/6080754
doi:10.7910/DVN/2ABVHD,A12_22869.jpg,6080757,https://dataverse.harvard.edu/api/access/datafile/6080757
doi:10.7910/DVN/5F9HSS,A12_22870.jpg,6080759,https://dataverse.harvard.edu/api/access/datafile/6080759
doi:10.7910/DVN/T4FG74,A12_22871.jpg,6080761,https://dataverse.harvard.edu/api/access/datafile/6080761
doi:10.7910/DVN/SWXATP,A12_22872.jpg,6080764,https://dataverse.harvard.edu/api/access/datafile/6080764
doi:10.7910/DVN/FGGA87,A12_22873.jpg,6080766,https://dataverse.harvard.edu/api/access/datafile/6080766
doi:10.7910/DVN/DLRABD,A12_22874.jpg,6080768,https://dataverse.harvard.edu/api/access/datafile/6080768
doi:10.7910/DVN/TILWP7,A12_22875.jpg,6080770,https://dataverse.harvard.edu/api/access/datafile/6080770
doi:10.7910/DVN/0ZCL8T,A12_22876.jpg,6080772,https://dataverse.harvard.edu/api/access/datafile/6080772
doi:10.7910/DVN/VLVPPL,A12_22877.jpg,6080775,https://dataverse.harvard.edu/api/access/datafile/6080775
doi:10.7910/DVN/IJVBWY,A12_22878.jpg,6080777,https://dataverse.harvard.edu/api/access/datafile/6080777
doi:10.7910/DVN/ADX4YM,A12_22879.jpg,6080779,https://dataverse.harvard.edu/api/access/datafile/6080779
doi:10.7910/DVN/RTLKB3,A12_22880.jpg,6080781,https://dataverse.harvard.edu/api/access/datafile/6080781
doi:10.7910/DVN/XHVEZ0,A12_22881.jpg,6080783,https://dataverse.harvard.edu/api/access/datafile/6080783
doi:10.7910/DVN/SGTRNG,A12_22882.jpg,6080786,https://dataverse.harvard.edu/api/access/datafile/6080786
doi:10.7910/DVN/EW3A3L,A12_22883.jpg,6080788,https://dataverse.harvard.edu/api/access/datafile/6080788
doi:10.7910/DVN/H4O3WU,A12_22884.jpg,6080790,https://dataverse.harvard.edu/api/access/datafile/6080790
doi:10.7910/DVN/KQEQFY,A12_22885.jpg,6080792,https://dataverse.harvard.edu/api/access/datafile/6080792
doi:10.7910/DVN/DAJLXH,A12_22886.jpg,6080794,https://dataverse.harvard.edu/api/access/datafile/6080794
doi:10.7910/DVN/LLFLLO,A12_22887.jpg,6080796,https://dataverse.harvard.edu/api/access/datafile/6080796
doi:10.7910/DVN/PUPZOH,A12_22888.jpg,6080798,https://dataverse.harvard.edu/api/access/datafile/6080798
doi:10.7910/DVN/RPLOGQ,A12_22889.jpg,6080801,https://dataverse.harvard.edu/api/access/datafile/6080801
doi:10.7910/DVN/HOKJTH,A12_22890.jpg,6080803,https://dataverse.harvard.edu/api/access/datafile/6080803
doi:10.7910/DVN/V54WHU,A12_22891.jpg,6080805,https://dataverse.harvard.edu/api/access/datafile/6080805
doi:10.7910/DVN/CHGNFG,A12_22892.jpg,6080807,https://dataverse.harvard.edu/api/access/datafile/6080807
doi:10.7910/DVN/8PRRAO,A12_22893.jpg,6080809,https://dataverse.harvard.edu/api/access/datafile/6080809
doi:10.7910/DVN/SDNR7Z,A12_22894.jpg,6080811,https://dataverse.harvard.edu/api/access/datafile/6080811
doi:10.7910/DVN/CNVTYJ,A12_22895.jpg,6080813,https://dataverse.harvard.edu/api/access/datafile/6080813
doi:10.7910/DVN/SO3XTE,A12_22896.jpg,6080815,https://dataverse.harvard.edu/api/access/datafile/6080815
doi:10.7910/DVN/0H1Q6P,A12_22897.jpg,6080817,https://dataverse.harvard.edu/api/access/datafile/6080817
doi:10.7910/DVN/FQQOMV,A12_22898.jpg,6080819,https://dataverse.harvard.edu/api/access/datafile/6080819
doi:10.7910/DVN/ZD8D8A,A12_22899.jpg,6080821,https://dataverse.harvard.edu/api/access/datafile/6080821
doi:10.7910/DVN/8TJ6VM,A12_22900.jpg,6080823,https://dataverse.harvard.edu/api/access/datafile/6080823
doi:10.7910/DVN/GXMSYS,A12_22901.jpg,6080825,https://dataverse.harvard.edu/api/access/datafile/6080825
doi:10.7910/DVN/XT5T7Z,A12_22902.jpg,6080827,https://dataverse.harvard.edu/api/access/datafile/6080827
doi:10.7910/DVN/ZIW52K,A12_22903.jpg,6080829,https://dataverse.harvard.edu/api/access/datafile/6080829
doi:10.7910/DVN/YZWWBD,A12_22904.jpg,6080831,https://dataverse.harvard.edu/api/access/datafile/6080831
doi:10.7910/DVN/A51TY6,A12_22905.jpg,6080833,https://dataverse.harvard.edu/api/access/datafile/6080833
doi:10.7910/DVN/FJB1YE,A12_22906.jpg,6080835,https://dataverse.harvard.edu/api/access/datafile/6080835
doi:10.7910/DVN/WO3W62,A12_23026.jpg,6080837,https://dataverse.harvard.edu/api/access/datafile/6080837
doi:10.7910/DVN/2A4YFU,A12_23027.jpg,6080839,https://dataverse.harvard.edu/api/access/datafile/6080839
doi:10.7910/DVN/YBG7WB,A12_23028.jpg,6080841,https://dataverse.harvard.edu/api/access/datafile/6080841
doi:10.7910/DVN/ZGOZ3J,A12_23029.jpg,6080843,https://dataverse.harvard.edu/api/access/datafile/6080843
doi:10.7910/DVN/U1F51T,A12_23030.jpg,6080845,https://dataverse.harvard.edu/api/access/datafile/6080845
doi:10.7910/DVN/S4X8XE,A12_23032.jpg,6080847,https://dataverse.harvard.edu/api/access/datafile/6080847
doi:10.7910/DVN/34L3OM,A12_23033.jpg,6080849,https://dataverse.harvard.edu/api/access/datafile/6080849
doi:10.7910/DVN/OJWKQJ,A12_23034.jpg,6080851,https://dataverse.harvard.edu/api/access/datafile/6080851
