doi,title,file_id,access_link
doi:10.7910/DVN/UZLCQR,A13_24214.jpg,4974154,https://dataverse.harvard.edu/api/access/datafile/4974154
doi:10.7910/DVN/9EA7DT,A13_24215.jpg,4974162,https://dataverse.harvard.edu/api/access/datafile/4974162
doi:10.7910/DVN/ZLMZ9Z,A13_24221.jpg,4974163,https://dataverse.harvard.edu/api/access/datafile/4974163
doi:10.7910/DVN/WY8UAW,A13_24658.jpg,4974164,https://dataverse.harvard.edu/api/access/datafile/4974164
doi:10.7910/DVN/NNTQ0C,A13_24665.jpg,4974165,https://dataverse.harvard.edu/api/access/datafile/4974165
doi:10.7910/DVN/XERRYW,A13_24666.jpg,4974166,https://dataverse.harvard.edu/api/access/datafile/4974166
doi:10.7910/DVN/EQNNSJ,A13_24667.jpg,4974167,https://dataverse.harvard.edu/api/access/datafile/4974167
doi:10.7910/DVN/WM7RNC,A13_24752.jpg,4974168,https://dataverse.harvard.edu/api/access/datafile/4974168
doi:10.7910/DVN/TU0SPT,A13_25282.jpg,4974169,https://dataverse.harvard.edu/api/access/datafile/4974169
doi:10.7910/DVN/QEZ4HT,A13_25508.jpg,4974170,https://dataverse.harvard.edu/api/access/datafile/4974170
doi:10.7910/DVN/MFXHST,A13_25514.jpg,4974171,https://dataverse.harvard.edu/api/access/datafile/4974171
doi:10.7910/DVN/Q5A8B0,A13_25515.jpg,4974172,https://dataverse.harvard.edu/api/access/datafile/4974172
doi:10.7910/DVN/ILJAHU,A13_25516.jpg,4974173,https://dataverse.harvard.edu/api/access/datafile/4974173
doi:10.7910/DVN/JFSXT4,A13_25517.jpg,4974174,https://dataverse.harvard.edu/api/access/datafile/4974174
doi:10.7910/DVN/TTHS7Z,A13_25518.jpg,4974175,https://dataverse.harvard.edu/api/access/datafile/4974175
doi:10.7910/DVN/YC48RM,A13_25519.jpg,4974176,https://dataverse.harvard.edu/api/access/datafile/4974176
doi:10.7910/DVN/OC7OKU,A13_25520.jpg,4974177,https://dataverse.harvard.edu/api/access/datafile/4974177
doi:10.7910/DVN/3LE7Y0,A13_25521.jpg,4974178,https://dataverse.harvard.edu/api/access/datafile/4974178
doi:10.7910/DVN/LNS28M,A13_25522.jpg,4974179,https://dataverse.harvard.edu/api/access/datafile/4974179
doi:10.7910/DVN/WJKZPD,A13_25981.jpg,4974180,https://dataverse.harvard.edu/api/access/datafile/4974180
doi:10.7910/DVN/LEMPEG,A13_25982.jpg,4974181,https://dataverse.harvard.edu/api/access/datafile/4974181
doi:10.7910/DVN/YCFWMY,A13_25983.jpg,4974182,https://dataverse.harvard.edu/api/access/datafile/4974182
doi:10.7910/DVN/4VAKME,A13_25984.jpg,4974183,https://dataverse.harvard.edu/api/access/datafile/4974183
doi:10.7910/DVN/KQCTMN,A13_25985.jpg,4974184,https://dataverse.harvard.edu/api/access/datafile/4974184
doi:10.7910/DVN/ZHKI0C,A13_25986.jpg,4974186,https://dataverse.harvard.edu/api/access/datafile/4974186
doi:10.7910/DVN/JWLEXL,A13_25987.jpg,4974187,https://dataverse.harvard.edu/api/access/datafile/4974187
doi:10.7910/DVN/LCDAAE,A13_25988.jpg,4974188,https://dataverse.harvard.edu/api/access/datafile/4974188
doi:10.7910/DVN/0DE1WB,A13_25989.jpg,4974189,https://dataverse.harvard.edu/api/access/datafile/4974189
doi:10.7910/DVN/04VDTT,A13_25990.jpg,4974190,https://dataverse.harvard.edu/api/access/datafile/4974190
doi:10.7910/DVN/HVYAX4,A13_25991.jpg,4974191,https://dataverse.harvard.edu/api/access/datafile/4974191
doi:10.7910/DVN/CQ9LTI,A13_25992.jpg,4974192,https://dataverse.harvard.edu/api/access/datafile/4974192
doi:10.7910/DVN/SDVUXQ,A13_25993.jpg,4974193,https://dataverse.harvard.edu/api/access/datafile/4974193
doi:10.7910/DVN/0ATCKF,A13_25994.jpg,4974194,https://dataverse.harvard.edu/api/access/datafile/4974194
doi:10.7910/DVN/HCTCN7,A13_25995.jpg,4974195,https://dataverse.harvard.edu/api/access/datafile/4974195
doi:10.7910/DVN/HOMRGG,A13_25996.jpg,4974196,https://dataverse.harvard.edu/api/access/datafile/4974196
doi:10.7910/DVN/FJLVI2,A13_25997.jpg,4974197,https://dataverse.harvard.edu/api/access/datafile/4974197
doi:10.7910/DVN/LWPLPY,A13_25998.jpg,4974198,https://dataverse.harvard.edu/api/access/datafile/4974198
doi:10.7910/DVN/BWIULW,A13_25999.jpg,4974199,https://dataverse.harvard.edu/api/access/datafile/4974199
doi:10.7910/DVN/UV8A74,A13_26000.jpg,4974200,https://dataverse.harvard.edu/api/access/datafile/4974200
doi:10.7910/DVN/CBYQHS,A13_26001.jpg,4974201,https://dataverse.harvard.edu/api/access/datafile/4974201
doi:10.7910/DVN/QPD2JJ,A13_26002.jpg,4974202,https://dataverse.harvard.edu/api/access/datafile/4974202
doi:10.7910/DVN/CWSCJC,A13_26003.jpg,4974203,https://dataverse.harvard.edu/api/access/datafile/4974203
doi:10.7910/DVN/MQ8L43,A13_26004.jpg,4974204,https://dataverse.harvard.edu/api/access/datafile/4974204
doi:10.7910/DVN/1OMLXO,A13_26005.jpg,4974205,https://dataverse.harvard.edu/api/access/datafile/4974205
doi:10.7910/DVN/IQOATH,A13_26006.jpg,4974206,https://dataverse.harvard.edu/api/access/datafile/4974206
doi:10.7910/DVN/9PQMBO,A13_26007.jpg,4974207,https://dataverse.harvard.edu/api/access/datafile/4974207
doi:10.7910/DVN/JYAT2U,A13_26008.jpg,4974208,https://dataverse.harvard.edu/api/access/datafile/4974208
doi:10.7910/DVN/GKFQHT,A13_26009.jpg,4974209,https://dataverse.harvard.edu/api/access/datafile/4974209
doi:10.7910/DVN/IQO6VD,A13_26010.jpg,4974210,https://dataverse.harvard.edu/api/access/datafile/4974210
doi:10.7910/DVN/U7A0EZ,A13_26011.jpg,4974211,https://dataverse.harvard.edu/api/access/datafile/4974211
doi:10.7910/DVN/Y76WUV,A13_26012.jpg,4974212,https://dataverse.harvard.edu/api/access/datafile/4974212
doi:10.7910/DVN/0491T2,A13_26013.jpg,4974213,https://dataverse.harvard.edu/api/access/datafile/4974213
doi:10.7910/DVN/BX1YHK,A13_26014.jpg,4974214,https://dataverse.harvard.edu/api/access/datafile/4974214
doi:10.7910/DVN/GEBZGK,A13_26015.jpg,4974215,https://dataverse.harvard.edu/api/access/datafile/4974215
doi:10.7910/DVN/DTVSYL,A13_26016.jpg,4974216,https://dataverse.harvard.edu/api/access/datafile/4974216
doi:10.7910/DVN/ZU4B6Q,A13_26017.jpg,4974217,https://dataverse.harvard.edu/api/access/datafile/4974217
doi:10.7910/DVN/CYGFBS,A13_26018.jpg,4974218,https://dataverse.harvard.edu/api/access/datafile/4974218
doi:10.7910/DVN/UNZVYK,A13_26019.jpg,4974219,https://dataverse.harvard.edu/api/access/datafile/4974219
doi:10.7910/DVN/ODG6LU,A13_26020.jpg,4974220,https://dataverse.harvard.edu/api/access/datafile/4974220
doi:10.7910/DVN/OI16BS,A13_26021.jpg,4974221,https://dataverse.harvard.edu/api/access/datafile/4974221
doi:10.7910/DVN/OECGUG,A13_26022.jpg,4974222,https://dataverse.harvard.edu/api/access/datafile/4974222
doi:10.7910/DVN/M1AOI3,A13_26023.jpg,4974223,https://dataverse.harvard.edu/api/access/datafile/4974223
doi:10.7910/DVN/FQR81K,A13_26024.jpg,4974224,https://dataverse.harvard.edu/api/access/datafile/4974224
doi:10.7910/DVN/EDY9WX,A13_26025.jpg,4974225,https://dataverse.harvard.edu/api/access/datafile/4974225
doi:10.7910/DVN/ELTGYA,A13_26026.jpg,4974226,https://dataverse.harvard.edu/api/access/datafile/4974226
doi:10.7910/DVN/KAGRFY,A13_26027.jpg,4974227,https://dataverse.harvard.edu/api/access/datafile/4974227
doi:10.7910/DVN/5WNPUR,A13_26028.jpg,4974228,https://dataverse.harvard.edu/api/access/datafile/4974228
doi:10.7910/DVN/SBQHGI,A13_26029.jpg,4974229,https://dataverse.harvard.edu/api/access/datafile/4974229
doi:10.7910/DVN/L2GURO,A13_26030.jpg,4974230,https://dataverse.harvard.edu/api/access/datafile/4974230
doi:10.7910/DVN/UHIKM7,A13_26031.jpg,4974231,https://dataverse.harvard.edu/api/access/datafile/4974231
doi:10.7910/DVN/7GIPJI,A13_26032.jpg,4974232,https://dataverse.harvard.edu/api/access/datafile/4974232
doi:10.7910/DVN/GQYCTP,A13_26033.jpg,4974233,https://dataverse.harvard.edu/api/access/datafile/4974233
doi:10.7910/DVN/FEKOHR,A13_26034.jpg,4974234,https://dataverse.harvard.edu/api/access/datafile/4974234
doi:10.7910/DVN/2YVMKF,A13_26035.jpg,4974235,https://dataverse.harvard.edu/api/access/datafile/4974235
doi:10.7910/DVN/MERTLP,A13_26036.jpg,4974236,https://dataverse.harvard.edu/api/access/datafile/4974236
doi:10.7910/DVN/RFZLVF,A13_26037.jpg,4974237,https://dataverse.harvard.edu/api/access/datafile/4974237
doi:10.7910/DVN/VDBC5R,A13_26038.jpg,4974238,https://dataverse.harvard.edu/api/access/datafile/4974238
doi:10.7910/DVN/CLXFE0,A13_26039.jpg,4974239,https://dataverse.harvard.edu/api/access/datafile/4974239
doi:10.7910/DVN/SXBT8X,A13_26040.jpg,4974240,https://dataverse.harvard.edu/api/access/datafile/4974240
doi:10.7910/DVN/MY0DU9,A13_26041.jpg,4974241,https://dataverse.harvard.edu/api/access/datafile/4974241
doi:10.7910/DVN/BH8WRU,A13_26042.jpg,4974242,https://dataverse.harvard.edu/api/access/datafile/4974242
doi:10.7910/DVN/SJXW4T,A13_26043.jpg,4974243,https://dataverse.harvard.edu/api/access/datafile/4974243
doi:10.7910/DVN/SAMNJN,A13_26044.jpg,4974244,https://dataverse.harvard.edu/api/access/datafile/4974244
doi:10.7910/DVN/PYOPLY,A13_26045.jpg,4974245,https://dataverse.harvard.edu/api/access/datafile/4974245
doi:10.7910/DVN/4R7OMH,A13_26046.jpg,4974246,https://dataverse.harvard.edu/api/access/datafile/4974246
doi:10.7910/DVN/VKOFT6,A13_26047.jpg,4974247,https://dataverse.harvard.edu/api/access/datafile/4974247
doi:10.7910/DVN/RTR0NE,A13_26048.jpg,4974248,https://dataverse.harvard.edu/api/access/datafile/4974248
doi:10.7910/DVN/XFLVVA,A13_26049.jpg,4974249,https://dataverse.harvard.edu/api/access/datafile/4974249
doi:10.7910/DVN/CIBCFX,A13_26050.jpg,4974250,https://dataverse.harvard.edu/api/access/datafile/4974250
doi:10.7910/DVN/MADILE,A13_26051.jpg,4974251,https://dataverse.harvard.edu/api/access/datafile/4974251
doi:10.7910/DVN/SWMIHC,A13_26052.jpg,4974252,https://dataverse.harvard.edu/api/access/datafile/4974252
doi:10.7910/DVN/4OV8LF,A13_26053.jpg,4974253,https://dataverse.harvard.edu/api/access/datafile/4974253
doi:10.7910/DVN/YOTVIM,A13_26054.jpg,4974254,https://dataverse.harvard.edu/api/access/datafile/4974254
doi:10.7910/DVN/B1PRRI,A13_26055.jpg,4974255,https://dataverse.harvard.edu/api/access/datafile/4974255
doi:10.7910/DVN/JA97HO,A13_26056.jpg,4974256,https://dataverse.harvard.edu/api/access/datafile/4974256
doi:10.7910/DVN/XPCGHH,A13_26057.jpg,4974257,https://dataverse.harvard.edu/api/access/datafile/4974257
doi:10.7910/DVN/2CBEA0,A13_26058.jpg,4974258,https://dataverse.harvard.edu/api/access/datafile/4974258
doi:10.7910/DVN/AXJE6E,A13_26059.jpg,4974259,https://dataverse.harvard.edu/api/access/datafile/4974259
doi:10.7910/DVN/BX8Z0A,A13_26060.jpg,4974260,https://dataverse.harvard.edu/api/access/datafile/4974260
doi:10.7910/DVN/UWWTUL,A13_26061.jpg,4974261,https://dataverse.harvard.edu/api/access/datafile/4974261
doi:10.7910/DVN/SXLBQY,A13_26062.jpg,4974262,https://dataverse.harvard.edu/api/access/datafile/4974262
doi:10.7910/DVN/TEZDH6,A13_26063.jpg,4974263,https://dataverse.harvard.edu/api/access/datafile/4974263
doi:10.7910/DVN/C1MZYZ,A13_26064.jpg,4974264,https://dataverse.harvard.edu/api/access/datafile/4974264
doi:10.7910/DVN/GSGNLL,A13_26065.jpg,4974265,https://dataverse.harvard.edu/api/access/datafile/4974265
doi:10.7910/DVN/SMYC8C,A13_26066.jpg,4974266,https://dataverse.harvard.edu/api/access/datafile/4974266
doi:10.7910/DVN/ZUR6UZ,A13_26067.jpg,4974267,https://dataverse.harvard.edu/api/access/datafile/4974267
doi:10.7910/DVN/CTJZVR,A13_26068.jpg,4974268,https://dataverse.harvard.edu/api/access/datafile/4974268
doi:10.7910/DVN/7AO0WV,A13_26069.jpg,4974269,https://dataverse.harvard.edu/api/access/datafile/4974269
doi:10.7910/DVN/KAYUE5,A13_26070.jpg,4974270,https://dataverse.harvard.edu/api/access/datafile/4974270
doi:10.7910/DVN/KYXJLN,A13_26071.jpg,4974271,https://dataverse.harvard.edu/api/access/datafile/4974271
doi:10.7910/DVN/BZBVJ4,A13_26072.jpg,4974272,https://dataverse.harvard.edu/api/access/datafile/4974272
doi:10.7910/DVN/POGURH,A13_26073.jpg,4974274,https://dataverse.harvard.edu/api/access/datafile/4974274
doi:10.7910/DVN/L9HMI6,A13_26074.jpg,4974275,https://dataverse.harvard.edu/api/access/datafile/4974275
doi:10.7910/DVN/85BKLV,A13_26075.jpg,4974276,https://dataverse.harvard.edu/api/access/datafile/4974276
doi:10.7910/DVN/7OF8LG,A13_26076.jpg,4974277,https://dataverse.harvard.edu/api/access/datafile/4974277
doi:10.7910/DVN/TLXB40,A13_26077.jpg,4974278,https://dataverse.harvard.edu/api/access/datafile/4974278
doi:10.7910/DVN/EDJPCZ,A13_26078.jpg,4974279,https://dataverse.harvard.edu/api/access/datafile/4974279
doi:10.7910/DVN/LZIEFH,A13_26079.jpg,4974280,https://dataverse.harvard.edu/api/access/datafile/4974280
doi:10.7910/DVN/GYFJFS,A13_26080.jpg,4974281,https://dataverse.harvard.edu/api/access/datafile/4974281
doi:10.7910/DVN/FSVHOV,A13_26081.jpg,4974282,https://dataverse.harvard.edu/api/access/datafile/4974282
doi:10.7910/DVN/NV5HIZ,A13_26082.jpg,4974283,https://dataverse.harvard.edu/api/access/datafile/4974283
doi:10.7910/DVN/GUHLMH,A13_26083.jpg,4974284,https://dataverse.harvard.edu/api/access/datafile/4974284
doi:10.7910/DVN/LPDMKD,A13_26084.jpg,4974285,https://dataverse.harvard.edu/api/access/datafile/4974285
doi:10.7910/DVN/R0MIDE,A13_26085.jpg,4974286,https://dataverse.harvard.edu/api/access/datafile/4974286
doi:10.7910/DVN/OLM2UV,A13_26086.jpg,4974287,https://dataverse.harvard.edu/api/access/datafile/4974287
doi:10.7910/DVN/E1DJXO,A13_26087.jpg,4974288,https://dataverse.harvard.edu/api/access/datafile/4974288
doi:10.7910/DVN/XLYOSP,A13_26088.jpg,4974289,https://dataverse.harvard.edu/api/access/datafile/4974289
doi:10.7910/DVN/3TVJR9,A13_26089.jpg,4974290,https://dataverse.harvard.edu/api/access/datafile/4974290
doi:10.7910/DVN/LZUYRB,A13_26090.jpg,4974291,https://dataverse.harvard.edu/api/access/datafile/4974291
doi:10.7910/DVN/OQNLQZ,A13_26091.jpg,4974292,https://dataverse.harvard.edu/api/access/datafile/4974292
doi:10.7910/DVN/OVV15L,A13_26092.jpg,4974293,https://dataverse.harvard.edu/api/access/datafile/4974293
doi:10.7910/DVN/ENHZHZ,A13_26093.jpg,4974294,https://dataverse.harvard.edu/api/access/datafile/4974294
doi:10.7910/DVN/W5NTY8,A13_26094.jpg,4974295,https://dataverse.harvard.edu/api/access/datafile/4974295
doi:10.7910/DVN/1CIHIL,A13_26095.jpg,4974296,https://dataverse.harvard.edu/api/access/datafile/4974296
doi:10.7910/DVN/6L2FUC,A13_26096.jpg,4974297,https://dataverse.harvard.edu/api/access/datafile/4974297
doi:10.7910/DVN/YCT5F0,A13_26097.jpg,4974298,https://dataverse.harvard.edu/api/access/datafile/4974298
doi:10.7910/DVN/PAOHYC,A13_26098.jpg,4974299,https://dataverse.harvard.edu/api/access/datafile/4974299
doi:10.7910/DVN/DFIANX,A13_26099.jpg,4974300,https://dataverse.harvard.edu/api/access/datafile/4974300
doi:10.7910/DVN/W28NJY,A13_26100.jpg,4974301,https://dataverse.harvard.edu/api/access/datafile/4974301
doi:10.7910/DVN/R4WNQK,A13_26101.jpg,4974302,https://dataverse.harvard.edu/api/access/datafile/4974302
doi:10.7910/DVN/MZZZZY,A13_26102.jpg,4974303,https://dataverse.harvard.edu/api/access/datafile/4974303
doi:10.7910/DVN/8DMA9S,A13_26103.jpg,4974304,https://dataverse.harvard.edu/api/access/datafile/4974304
doi:10.7910/DVN/F6O20B,A13_26104.jpg,4974305,https://dataverse.harvard.edu/api/access/datafile/4974305
doi:10.7910/DVN/JEMHKW,A13_26105.jpg,4974306,https://dataverse.harvard.edu/api/access/datafile/4974306
doi:10.7910/DVN/UQIGOJ,A13_26106.jpg,4974307,https://dataverse.harvard.edu/api/access/datafile/4974307
doi:10.7910/DVN/PKUO0U,A13_26107.jpg,4974308,https://dataverse.harvard.edu/api/access/datafile/4974308
doi:10.7910/DVN/CREQ25,A13_26108.jpg,4974309,https://dataverse.harvard.edu/api/access/datafile/4974309
doi:10.7910/DVN/BWTE3V,A13_26109.jpg,4974310,https://dataverse.harvard.edu/api/access/datafile/4974310
doi:10.7910/DVN/4PYEUJ,A13_26110.jpg,4974311,https://dataverse.harvard.edu/api/access/datafile/4974311
doi:10.7910/DVN/TKFUGT,A13_26111.jpg,4974312,https://dataverse.harvard.edu/api/access/datafile/4974312
doi:10.7910/DVN/G07KBZ,A13_26112.jpg,4974313,https://dataverse.harvard.edu/api/access/datafile/4974313
doi:10.7910/DVN/KG7D4H,A13_26113.jpg,4974314,https://dataverse.harvard.edu/api/access/datafile/4974314
doi:10.7910/DVN/9AZPKY,A13_26114.jpg,4974315,https://dataverse.harvard.edu/api/access/datafile/4974315
doi:10.7910/DVN/TVKUO9,A13_26115.jpg,4974316,https://dataverse.harvard.edu/api/access/datafile/4974316
doi:10.7910/DVN/B3S0BD,A13_26116.jpg,4974317,https://dataverse.harvard.edu/api/access/datafile/4974317
doi:10.7910/DVN/LLHG10,A13_26117.jpg,4974318,https://dataverse.harvard.edu/api/access/datafile/4974318
doi:10.7910/DVN/QRJI7F,A13_26118.jpg,4974319,https://dataverse.harvard.edu/api/access/datafile/4974319
doi:10.7910/DVN/WYFY6K,A13_26119.jpg,4974320,https://dataverse.harvard.edu/api/access/datafile/4974320
doi:10.7910/DVN/WENRKH,A13_26120.jpg,4974321,https://dataverse.harvard.edu/api/access/datafile/4974321
doi:10.7910/DVN/TICZNV,A13_26121.jpg,4974322,https://dataverse.harvard.edu/api/access/datafile/4974322
doi:10.7910/DVN/XFNC8F,A13_26122.jpg,4974323,https://dataverse.harvard.edu/api/access/datafile/4974323
doi:10.7910/DVN/41CF5C,A13_26123.jpg,4974324,https://dataverse.harvard.edu/api/access/datafile/4974324
doi:10.7910/DVN/STPZAT,A13_26124.jpg,4974325,https://dataverse.harvard.edu/api/access/datafile/4974325
doi:10.7910/DVN/MBCDGX,A13_26125.jpg,4974326,https://dataverse.harvard.edu/api/access/datafile/4974326
doi:10.7910/DVN/2LTU5G,A13_26126.jpg,4974327,https://dataverse.harvard.edu/api/access/datafile/4974327
doi:10.7910/DVN/GWXVK7,A13_26127.jpg,4974328,https://dataverse.harvard.edu/api/access/datafile/4974328
doi:10.7910/DVN/TFSGJK,A13_26128.jpg,4974329,https://dataverse.harvard.edu/api/access/datafile/4974329
doi:10.7910/DVN/V9TWBH,A13_26132.jpg,4974330,https://dataverse.harvard.edu/api/access/datafile/4974330
doi:10.7910/DVN/KBWVWX,A13_26133.jpg,4974331,https://dataverse.harvard.edu/api/access/datafile/4974331
doi:10.7910/DVN/QHXGLJ,A13_26134.jpg,4974332,https://dataverse.harvard.edu/api/access/datafile/4974332
doi:10.7910/DVN/8MLUFR,A13_26135.jpg,4974333,https://dataverse.harvard.edu/api/access/datafile/4974333
doi:10.7910/DVN/FCBNQ0,A13_26136.jpg,4974334,https://dataverse.harvard.edu/api/access/datafile/4974334
doi:10.7910/DVN/GGCWLM,A13_26137.jpg,4974335,https://dataverse.harvard.edu/api/access/datafile/4974335
doi:10.7910/DVN/KREBXQ,A13_26138.jpg,4974336,https://dataverse.harvard.edu/api/access/datafile/4974336
doi:10.7910/DVN/RMN9V2,A13_26153.jpg,4974337,https://dataverse.harvard.edu/api/access/datafile/4974337
doi:10.7910/DVN/JG7UTL,A13_26154.jpg,4974338,https://dataverse.harvard.edu/api/access/datafile/4974338
doi:10.7910/DVN/18NVZ2,A13_26161.JPG,4974339,https://dataverse.harvard.edu/api/access/datafile/4974339
doi:10.7910/DVN/KFIZNA,A13_26162.JPG,4974340,https://dataverse.harvard.edu/api/access/datafile/4974340
doi:10.7910/DVN/NSIBPG,A13_26163.JPG,4974341,https://dataverse.harvard.edu/api/access/datafile/4974341
doi:10.7910/DVN/TOOQTW,A13_26164.JPG,4974342,https://dataverse.harvard.edu/api/access/datafile/4974342
doi:10.7910/DVN/Z4O7R5,A13_26165.JPG,4974344,https://dataverse.harvard.edu/api/access/datafile/4974344
doi:10.7910/DVN/GJWPGL,A13_26166.JPG,4974345,https://dataverse.harvard.edu/api/access/datafile/4974345
doi:10.7910/DVN/HHP5E1,A13_26167.JPG,4974346,https://dataverse.harvard.edu/api/access/datafile/4974346
doi:10.7910/DVN/1AKG7V,A13_26168.JPG,4974347,https://dataverse.harvard.edu/api/access/datafile/4974347
doi:10.7910/DVN/UPJACI,A13_26169.JPG,4974348,https://dataverse.harvard.edu/api/access/datafile/4974348
doi:10.7910/DVN/APV49J,A13_26170.JPG,4974349,https://dataverse.harvard.edu/api/access/datafile/4974349
doi:10.7910/DVN/60PYXE,A13_23930.jpg,6097260,https://dataverse.harvard.edu/api/access/datafile/6097260
doi:10.7910/DVN/YSL9OQ,A13_23931.jpg,6097262,https://dataverse.harvard.edu/api/access/datafile/6097262
doi:10.7910/DVN/UQX2IO,A13_23932.jpg,6097264,https://dataverse.harvard.edu/api/access/datafile/6097264
doi:10.7910/DVN/220UDE,A13_23933.jpg,6097266,https://dataverse.harvard.edu/api/access/datafile/6097266
doi:10.7910/DVN/DAWC3J,A13_23934.jpg,6097268,https://dataverse.harvard.edu/api/access/datafile/6097268
doi:10.7910/DVN/E7IEFI,A13_23935.jpg,6097270,https://dataverse.harvard.edu/api/access/datafile/6097270
doi:10.7910/DVN/2WN0NV,A13_23936.jpg,6097272,https://dataverse.harvard.edu/api/access/datafile/6097272
doi:10.7910/DVN/RP3C0K,A13_23937.jpg,6097274,https://dataverse.harvard.edu/api/access/datafile/6097274
doi:10.7910/DVN/CVCO3C,A13_23938.jpg,6097276,https://dataverse.harvard.edu/api/access/datafile/6097276
doi:10.7910/DVN/QLDBWD,A13_23939.jpg,6097278,https://dataverse.harvard.edu/api/access/datafile/6097278
doi:10.7910/DVN/XEI7TD,A13_23940.jpg,6097280,https://dataverse.harvard.edu/api/access/datafile/6097280
doi:10.7910/DVN/TPE5K1,A13_23941.jpg,6097282,https://dataverse.harvard.edu/api/access/datafile/6097282
doi:10.7910/DVN/NV0DSM,A13_23942.jpg,6097284,https://dataverse.harvard.edu/api/access/datafile/6097284
doi:10.7910/DVN/C6EKZR,A13_23943.jpg,6097286,https://dataverse.harvard.edu/api/access/datafile/6097286
doi:10.7910/DVN/5KH2PH,A13_23944.jpg,6097288,https://dataverse.harvard.edu/api/access/datafile/6097288
doi:10.7910/DVN/RXDIKE,A13_23945.jpg,6097290,https://dataverse.harvard.edu/api/access/datafile/6097290
doi:10.7910/DVN/GDIMRQ,A13_23946.jpg,6097292,https://dataverse.harvard.edu/api/access/datafile/6097292
doi:10.7910/DVN/VT2GZY,A13_23947.jpg,6097294,https://dataverse.harvard.edu/api/access/datafile/6097294
doi:10.7910/DVN/2ZDERK,A13_23948.jpg,6097296,https://dataverse.harvard.edu/api/access/datafile/6097296
doi:10.7910/DVN/JJCWDB,A13_23949.jpg,6097298,https://dataverse.harvard.edu/api/access/datafile/6097298
doi:10.7910/DVN/YRDNK1,A13_23950.jpg,6097300,https://dataverse.harvard.edu/api/access/datafile/6097300
doi:10.7910/DVN/FGNWY5,A13_23951.jpg,6097302,https://dataverse.harvard.edu/api/access/datafile/6097302
doi:10.7910/DVN/WXVQDY,A13_23952.jpg,6097304,https://dataverse.harvard.edu/api/access/datafile/6097304
doi:10.7910/DVN/1QUKMX,A13_23953.jpg,6097306,https://dataverse.harvard.edu/api/access/datafile/6097306
doi:10.7910/DVN/VMCDP0,A13_23954.jpg,6097308,https://dataverse.harvard.edu/api/access/datafile/6097308
doi:10.7910/DVN/0TNUGS,A13_23955.jpg,6097310,https://dataverse.harvard.edu/api/access/datafile/6097310
doi:10.7910/DVN/ICKCC3,A13_23956.jpg,6097312,https://dataverse.harvard.edu/api/access/datafile/6097312
doi:10.7910/DVN/AK9TX4,A13_23957.jpg,6097314,https://dataverse.harvard.edu/api/access/datafile/6097314
doi:10.7910/DVN/GWJP8E,A13_23958.jpg,6097316,https://dataverse.harvard.edu/api/access/datafile/6097316
doi:10.7910/DVN/YVYZMJ,A13_23959.jpg,6097318,https://dataverse.harvard.edu/api/access/datafile/6097318
doi:10.7910/DVN/UIJLWI,A13_23960.jpg,6097320,https://dataverse.harvard.edu/api/access/datafile/6097320
doi:10.7910/DVN/E9ICGH,A13_23961.jpg,6097322,https://dataverse.harvard.edu/api/access/datafile/6097322
doi:10.7910/DVN/KDNS3T,A13_23962.jpg,6097324,https://dataverse.harvard.edu/api/access/datafile/6097324
doi:10.7910/DVN/XPHTY0,A13_23963.jpg,6097326,https://dataverse.harvard.edu/api/access/datafile/6097326
doi:10.7910/DVN/8SBLWD,A13_23964.jpg,6097328,https://dataverse.harvard.edu/api/access/datafile/6097328
doi:10.7910/DVN/KZHH0P,A13_23965.jpg,6097330,https://dataverse.harvard.edu/api/access/datafile/6097330
doi:10.7910/DVN/CXUNKO,A13_23966.jpg,6097332,https://dataverse.harvard.edu/api/access/datafile/6097332
doi:10.7910/DVN/9DLU8A,A13_23967.jpg,6097334,https://dataverse.harvard.edu/api/access/datafile/6097334
doi:10.7910/DVN/YWEWPC,A13_23968.jpg,6097336,https://dataverse.harvard.edu/api/access/datafile/6097336
doi:10.7910/DVN/35ECJC,A13_23969.jpg,6097338,https://dataverse.harvard.edu/api/access/datafile/6097338
doi:10.7910/DVN/VGSDQ8,A13_23970.jpg,6097340,https://dataverse.harvard.edu/api/access/datafile/6097340
doi:10.7910/DVN/FKJGXX,A13_23971.jpg,6097342,https://dataverse.harvard.edu/api/access/datafile/6097342
doi:10.7910/DVN/HQGL8C,A13_23972.jpg,6097344,https://dataverse.harvard.edu/api/access/datafile/6097344
doi:10.7910/DVN/CWMNKJ,A13_23973.jpg,6097346,https://dataverse.harvard.edu/api/access/datafile/6097346
doi:10.7910/DVN/V4YABN,A13_23974.jpg,6097348,https://dataverse.harvard.edu/api/access/datafile/6097348
doi:10.7910/DVN/SBCWFT,A13_23975.jpg,6097350,https://dataverse.harvard.edu/api/access/datafile/6097350
doi:10.7910/DVN/PR2TSZ,A13_23976.jpg,6097352,https://dataverse.harvard.edu/api/access/datafile/6097352
doi:10.7910/DVN/NHUNLW,A13_23977.jpg,6097354,https://dataverse.harvard.edu/api/access/datafile/6097354
doi:10.7910/DVN/JIVCG1,A13_23978.jpg,6097356,https://dataverse.harvard.edu/api/access/datafile/6097356
doi:10.7910/DVN/MDBLNR,A13_23979.jpg,6097358,https://dataverse.harvard.edu/api/access/datafile/6097358
doi:10.7910/DVN/PHJZ3U,A13_23980.jpg,6097360,https://dataverse.harvard.edu/api/access/datafile/6097360
doi:10.7910/DVN/RKK8YB,A13_23981.jpg,6097362,https://dataverse.harvard.edu/api/access/datafile/6097362
doi:10.7910/DVN/CYI1O7,A13_23982.jpg,6097364,https://dataverse.harvard.edu/api/access/datafile/6097364
doi:10.7910/DVN/GJGWWJ,A13_23983.jpg,6097366,https://dataverse.harvard.edu/api/access/datafile/6097366
doi:10.7910/DVN/EZNVEM,A13_23984.jpg,6097368,https://dataverse.harvard.edu/api/access/datafile/6097368
doi:10.7910/DVN/HJVUGJ,A13_23985.jpg,6097370,https://dataverse.harvard.edu/api/access/datafile/6097370
doi:10.7910/DVN/0WQ14W,A13_23986.jpg,6097372,https://dataverse.harvard.edu/api/access/datafile/6097372
doi:10.7910/DVN/8YMCZD,A13_23987.jpg,6097374,https://dataverse.harvard.edu/api/access/datafile/6097374
doi:10.7910/DVN/COLQ4M,A13_23988.jpg,6097376,https://dataverse.harvard.edu/api/access/datafile/6097376
doi:10.7910/DVN/AF9VWQ,A13_23989.jpg,6097378,https://dataverse.harvard.edu/api/access/datafile/6097378
doi:10.7910/DVN/CGLOEH,A13_23990.jpg,6097380,https://dataverse.harvard.edu/api/access/datafile/6097380
doi:10.7910/DVN/STTWE3,A13_23991.jpg,6097382,https://dataverse.harvard.edu/api/access/datafile/6097382
doi:10.7910/DVN/WH9SCG,A13_23992.jpg,6097384,https://dataverse.harvard.edu/api/access/datafile/6097384
doi:10.7910/DVN/JBH0IW,A13_23993.jpg,6097386,https://dataverse.harvard.edu/api/access/datafile/6097386
doi:10.7910/DVN/ZEE4NP,A13_23994.jpg,6097388,https://dataverse.harvard.edu/api/access/datafile/6097388
doi:10.7910/DVN/I0GHPA,A13_23995.jpg,6097390,https://dataverse.harvard.edu/api/access/datafile/6097390
doi:10.7910/DVN/D8S1M7,A13_23996.jpg,6097392,https://dataverse.harvard.edu/api/access/datafile/6097392
doi:10.7910/DVN/RUGMYF,A13_23997.jpg,6097394,https://dataverse.harvard.edu/api/access/datafile/6097394
doi:10.7910/DVN/NG55VL,A13_23998.jpg,6097396,https://dataverse.harvard.edu/api/access/datafile/6097396
doi:10.7910/DVN/10FRM1,A13_23999.jpg,6097398,https://dataverse.harvard.edu/api/access/datafile/6097398
doi:10.7910/DVN/ZT5XZQ,A13_24000.jpg,6097400,https://dataverse.harvard.edu/api/access/datafile/6097400
doi:10.7910/DVN/M8CBVB,A13_24001.jpg,6097402,https://dataverse.harvard.edu/api/access/datafile/6097402
doi:10.7910/DVN/AOTMKI,A13_24002.jpg,6097404,https://dataverse.harvard.edu/api/access/datafile/6097404
doi:10.7910/DVN/ICGVCA,A13_24003.jpg,6097406,https://dataverse.harvard.edu/api/access/datafile/6097406
doi:10.7910/DVN/V27F8S,A13_24004.jpg,6097408,https://dataverse.harvard.edu/api/access/datafile/6097408
doi:10.7910/DVN/JXTXSR,A13_24005.jpg,6097410,https://dataverse.harvard.edu/api/access/datafile/6097410
doi:10.7910/DVN/8FJXXO,A13_24006.jpg,6097413,https://dataverse.harvard.edu/api/access/datafile/6097413
doi:10.7910/DVN/NRPTVJ,A13_24007.jpg,6097415,https://dataverse.harvard.edu/api/access/datafile/6097415
doi:10.7910/DVN/IGYJ89,A13_24008.jpg,6097417,https://dataverse.harvard.edu/api/access/datafile/6097417
doi:10.7910/DVN/XHPPIU,A13_24009.jpg,6097421,https://dataverse.harvard.edu/api/access/datafile/6097421
doi:10.7910/DVN/20WSTD,A13_24010.jpg,6097423,https://dataverse.harvard.edu/api/access/datafile/6097423
doi:10.7910/DVN/ERTZWQ,A13_24011.jpg,6097426,https://dataverse.harvard.edu/api/access/datafile/6097426
doi:10.7910/DVN/VROD4S,A13_24012.jpg,6097429,https://dataverse.harvard.edu/api/access/datafile/6097429
doi:10.7910/DVN/ZJES37,A13_24013.jpg,6097431,https://dataverse.harvard.edu/api/access/datafile/6097431
doi:10.7910/DVN/GCJAWG,A13_24014.jpg,6097434,https://dataverse.harvard.edu/api/access/datafile/6097434
doi:10.7910/DVN/SL7QLW,A13_24015.jpg,6097436,https://dataverse.harvard.edu/api/access/datafile/6097436
doi:10.7910/DVN/5LSOP0,A13_24016.jpg,6097439,https://dataverse.harvard.edu/api/access/datafile/6097439
doi:10.7910/DVN/NMNJLH,A13_24017.jpg,6097442,https://dataverse.harvard.edu/api/access/datafile/6097442
doi:10.7910/DVN/FRFBYH,A13_24018.jpg,6097445,https://dataverse.harvard.edu/api/access/datafile/6097445
doi:10.7910/DVN/LORRXW,A13_24019.jpg,6097448,https://dataverse.harvard.edu/api/access/datafile/6097448
doi:10.7910/DVN/OMR64C,A13_24020.jpg,6097452,https://dataverse.harvard.edu/api/access/datafile/6097452
doi:10.7910/DVN/OT0KMB,A13_24021.jpg,6097454,https://dataverse.harvard.edu/api/access/datafile/6097454
doi:10.7910/DVN/EK2EVH,A13_24022.jpg,6097457,https://dataverse.harvard.edu/api/access/datafile/6097457
doi:10.7910/DVN/95O0OK,A13_24023.jpg,6097460,https://dataverse.harvard.edu/api/access/datafile/6097460
doi:10.7910/DVN/AU81DQ,A13_24024.jpg,6097464,https://dataverse.harvard.edu/api/access/datafile/6097464
doi:10.7910/DVN/QPLWC5,A13_24025.jpg,6097467,https://dataverse.harvard.edu/api/access/datafile/6097467
doi:10.7910/DVN/EXN7V8,A13_24026.jpg,6097469,https://dataverse.harvard.edu/api/access/datafile/6097469
doi:10.7910/DVN/ZEXIJK,A13_24027.jpg,6097473,https://dataverse.harvard.edu/api/access/datafile/6097473
doi:10.7910/DVN/7QJJ2Z,A13_24028.jpg,6097475,https://dataverse.harvard.edu/api/access/datafile/6097475
doi:10.7910/DVN/VDHXVK,A13_24029.jpg,6097480,https://dataverse.harvard.edu/api/access/datafile/6097480
doi:10.7910/DVN/3XVOIL,A13_24030.jpg,6097482,https://dataverse.harvard.edu/api/access/datafile/6097482
doi:10.7910/DVN/CXLY3B,A13_24031.jpg,6097485,https://dataverse.harvard.edu/api/access/datafile/6097485
doi:10.7910/DVN/BZVKEL,A13_24032.jpg,6097489,https://dataverse.harvard.edu/api/access/datafile/6097489
doi:10.7910/DVN/CURPBQ,A13_24033.jpg,6097492,https://dataverse.harvard.edu/api/access/datafile/6097492
doi:10.7910/DVN/IFSAQM,A13_24034.jpg,6097495,https://dataverse.harvard.edu/api/access/datafile/6097495
doi:10.7910/DVN/HKKGJ3,A13_24035.jpg,6097498,https://dataverse.harvard.edu/api/access/datafile/6097498
doi:10.7910/DVN/0Y062D,A13_24036.jpg,6097502,https://dataverse.harvard.edu/api/access/datafile/6097502
doi:10.7910/DVN/CQBRUK,A13_24037.jpg,6097504,https://dataverse.harvard.edu/api/access/datafile/6097504
doi:10.7910/DVN/ZRZEDR,A13_24038.jpg,6097508,https://dataverse.harvard.edu/api/access/datafile/6097508
doi:10.7910/DVN/WQTMKK,A13_24039.jpg,6097511,https://dataverse.harvard.edu/api/access/datafile/6097511
doi:10.7910/DVN/QPQMVA,A13_24040.jpg,6097515,https://dataverse.harvard.edu/api/access/datafile/6097515
doi:10.7910/DVN/K4IU2L,A13_24041.jpg,6097518,https://dataverse.harvard.edu/api/access/datafile/6097518
doi:10.7910/DVN/ZGUCGJ,A13_24042.jpg,6097520,https://dataverse.harvard.edu/api/access/datafile/6097520
doi:10.7910/DVN/K6QKEE,A13_24043.jpg,6097523,https://dataverse.harvard.edu/api/access/datafile/6097523
doi:10.7910/DVN/LCK5S8,A13_24044.jpg,6097526,https://dataverse.harvard.edu/api/access/datafile/6097526
doi:10.7910/DVN/3RICYK,A13_24045.jpg,6097530,https://dataverse.harvard.edu/api/access/datafile/6097530
doi:10.7910/DVN/Z80ANB,A13_24046.jpg,6097532,https://dataverse.harvard.edu/api/access/datafile/6097532
doi:10.7910/DVN/GA4G2F,A13_24047.jpg,6097534,https://dataverse.harvard.edu/api/access/datafile/6097534
doi:10.7910/DVN/N1V4QE,A13_24048.jpg,6097537,https://dataverse.harvard.edu/api/access/datafile/6097537
doi:10.7910/DVN/CHAEYU,A13_24049.jpg,6097540,https://dataverse.harvard.edu/api/access/datafile/6097540
doi:10.7910/DVN/7UUAES,A13_24050.jpg,6097543,https://dataverse.harvard.edu/api/access/datafile/6097543
doi:10.7910/DVN/1JE7UA,A13_24051.jpg,6097546,https://dataverse.harvard.edu/api/access/datafile/6097546
doi:10.7910/DVN/GFBEZZ,A13_24052.jpg,6097549,https://dataverse.harvard.edu/api/access/datafile/6097549
doi:10.7910/DVN/SWNWTC,A13_24053.jpg,6097551,https://dataverse.harvard.edu/api/access/datafile/6097551
doi:10.7910/DVN/KLXL6C,A13_24054.jpg,6097553,https://dataverse.harvard.edu/api/access/datafile/6097553
doi:10.7910/DVN/8SSACC,A13_24055.jpg,6097556,https://dataverse.harvard.edu/api/access/datafile/6097556
doi:10.7910/DVN/OIB3DI,A13_24056.jpg,6097558,https://dataverse.harvard.edu/api/access/datafile/6097558
doi:10.7910/DVN/WQPXUA,A13_24057.jpg,6097561,https://dataverse.harvard.edu/api/access/datafile/6097561
doi:10.7910/DVN/BVZLCH,A13_24058.jpg,6097563,https://dataverse.harvard.edu/api/access/datafile/6097563
doi:10.7910/DVN/5VTFFR,A13_24059.jpg,6097566,https://dataverse.harvard.edu/api/access/datafile/6097566
doi:10.7910/DVN/59G98J,A13_24060.jpg,6097569,https://dataverse.harvard.edu/api/access/datafile/6097569
doi:10.7910/DVN/DG26BR,A13_24061.jpg,6097571,https://dataverse.harvard.edu/api/access/datafile/6097571
doi:10.7910/DVN/QKVAUQ,A13_24062.jpg,6097574,https://dataverse.harvard.edu/api/access/datafile/6097574
doi:10.7910/DVN/0ADSWJ,A13_24063.jpg,6097576,https://dataverse.harvard.edu/api/access/datafile/6097576
doi:10.7910/DVN/00IIWB,A13_24064.jpg,6097579,https://dataverse.harvard.edu/api/access/datafile/6097579
doi:10.7910/DVN/TN4JQ2,A13_24065.jpg,6097581,https://dataverse.harvard.edu/api/access/datafile/6097581
doi:10.7910/DVN/GY8Z5V,A13_24066.jpg,6097583,https://dataverse.harvard.edu/api/access/datafile/6097583
doi:10.7910/DVN/LZGCKY,A13_24067.jpg,6097586,https://dataverse.harvard.edu/api/access/datafile/6097586
doi:10.7910/DVN/RUKVO9,A13_24068.jpg,6097588,https://dataverse.harvard.edu/api/access/datafile/6097588
doi:10.7910/DVN/BNFOBI,A13_24069.jpg,6097592,https://dataverse.harvard.edu/api/access/datafile/6097592
doi:10.7910/DVN/CVUMEM,A13_24070.jpg,6097594,https://dataverse.harvard.edu/api/access/datafile/6097594
doi:10.7910/DVN/P7PYKP,A13_24071.jpg,6097598,https://dataverse.harvard.edu/api/access/datafile/6097598
doi:10.7910/DVN/9HNKDG,A13_24072.jpg,6097600,https://dataverse.harvard.edu/api/access/datafile/6097600
doi:10.7910/DVN/SM607X,A13_24073.jpg,6097602,https://dataverse.harvard.edu/api/access/datafile/6097602
doi:10.7910/DVN/IO2TVU,A13_24074.jpg,6097605,https://dataverse.harvard.edu/api/access/datafile/6097605
doi:10.7910/DVN/ISUITL,A13_24075.jpg,6097607,https://dataverse.harvard.edu/api/access/datafile/6097607
doi:10.7910/DVN/RDCMV8,A13_24076.jpg,6097609,https://dataverse.harvard.edu/api/access/datafile/6097609
doi:10.7910/DVN/KZRZBS,A13_24077.jpg,6097612,https://dataverse.harvard.edu/api/access/datafile/6097612
doi:10.7910/DVN/ACZOHP,A13_24078.jpg,6097614,https://dataverse.harvard.edu/api/access/datafile/6097614
doi:10.7910/DVN/TRTBSC,A13_24079.jpg,6097616,https://dataverse.harvard.edu/api/access/datafile/6097616
doi:10.7910/DVN/LZPRWS,A13_24080.jpg,6097618,https://dataverse.harvard.edu/api/access/datafile/6097618
doi:10.7910/DVN/1DPEPR,A13_24081.jpg,6097620,https://dataverse.harvard.edu/api/access/datafile/6097620
doi:10.7910/DVN/KD9P40,A13_24082.jpg,6097623,https://dataverse.harvard.edu/api/access/datafile/6097623
doi:10.7910/DVN/DMWGFE,A13_24083.jpg,6097625,https://dataverse.harvard.edu/api/access/datafile/6097625
doi:10.7910/DVN/CY8HLZ,A13_24084.jpg,6097627,https://dataverse.harvard.edu/api/access/datafile/6097627
doi:10.7910/DVN/TLZDH6,A13_24085.jpg,6097629,https://dataverse.harvard.edu/api/access/datafile/6097629
doi:10.7910/DVN/GLA5WG,A13_24086.jpg,6097631,https://dataverse.harvard.edu/api/access/datafile/6097631
doi:10.7910/DVN/AJGPLF,A13_24087.jpg,6097633,https://dataverse.harvard.edu/api/access/datafile/6097633
doi:10.7910/DVN/BOGSOD,A13_24088.jpg,6097635,https://dataverse.harvard.edu/api/access/datafile/6097635
doi:10.7910/DVN/ZEZXPP,A13_24089.jpg,6097637,https://dataverse.harvard.edu/api/access/datafile/6097637
doi:10.7910/DVN/DNRXY6,A13_24090.jpg,6097639,https://dataverse.harvard.edu/api/access/datafile/6097639
doi:10.7910/DVN/SVDWUY,A13_24093.jpg,6097641,https://dataverse.harvard.edu/api/access/datafile/6097641
doi:10.7910/DVN/IJEARI,A13_24094.jpg,6097643,https://dataverse.harvard.edu/api/access/datafile/6097643
doi:10.7910/DVN/JSURFO,A13_24095.jpg,6097645,https://dataverse.harvard.edu/api/access/datafile/6097645
doi:10.7910/DVN/6CAOEO,A13_24096.jpg,6097647,https://dataverse.harvard.edu/api/access/datafile/6097647
doi:10.7910/DVN/FT96SN,A13_24097.jpg,6097649,https://dataverse.harvard.edu/api/access/datafile/6097649
doi:10.7910/DVN/O296NS,A13_24098.jpg,6097651,https://dataverse.harvard.edu/api/access/datafile/6097651
doi:10.7910/DVN/APCGAJ,A13_24099.jpg,6097653,https://dataverse.harvard.edu/api/access/datafile/6097653
doi:10.7910/DVN/K86GXG,A13_24100.jpg,6097655,https://dataverse.harvard.edu/api/access/datafile/6097655
doi:10.7910/DVN/2OYHPA,A13_24101.jpg,6097657,https://dataverse.harvard.edu/api/access/datafile/6097657
doi:10.7910/DVN/XN6BNO,A13_24102.jpg,6097659,https://dataverse.harvard.edu/api/access/datafile/6097659
doi:10.7910/DVN/Y4P6QS,A13_24103.jpg,6097661,https://dataverse.harvard.edu/api/access/datafile/6097661
doi:10.7910/DVN/HRWN4K,A13_24104.jpg,6097663,https://dataverse.harvard.edu/api/access/datafile/6097663
doi:10.7910/DVN/ZQYUPZ,A13_24105.jpg,6097665,https://dataverse.harvard.edu/api/access/datafile/6097665
doi:10.7910/DVN/V4SQB4,A13_24106.jpg,6097667,https://dataverse.harvard.edu/api/access/datafile/6097667
doi:10.7910/DVN/GFJXUJ,A13_24109.jpg,6097669,https://dataverse.harvard.edu/api/access/datafile/6097669
doi:10.7910/DVN/IYW00S,A13_24110.jpg,6097671,https://dataverse.harvard.edu/api/access/datafile/6097671
doi:10.7910/DVN/VIRC8J,A13_24111.jpg,6097673,https://dataverse.harvard.edu/api/access/datafile/6097673
doi:10.7910/DVN/W6U5F9,A13_24112.jpg,6097675,https://dataverse.harvard.edu/api/access/datafile/6097675
doi:10.7910/DVN/AUJ9LM,A13_24113.jpg,6097677,https://dataverse.harvard.edu/api/access/datafile/6097677
doi:10.7910/DVN/ANST8Y,A13_24114.jpg,6097679,https://dataverse.harvard.edu/api/access/datafile/6097679
doi:10.7910/DVN/T6VOMW,A13_24117.jpg,6097681,https://dataverse.harvard.edu/api/access/datafile/6097681
doi:10.7910/DVN/H2PNW4,A13_24118.jpg,6097683,https://dataverse.harvard.edu/api/access/datafile/6097683
doi:10.7910/DVN/JURHHJ,A13_24119.jpg,6097685,https://dataverse.harvard.edu/api/access/datafile/6097685
doi:10.7910/DVN/OMMI4C,A13_24120.jpg,6097687,https://dataverse.harvard.edu/api/access/datafile/6097687
doi:10.7910/DVN/BNKGUC,A13_24121.jpg,6097690,https://dataverse.harvard.edu/api/access/datafile/6097690
doi:10.7910/DVN/6B9Z56,A13_24122.jpg,6097692,https://dataverse.harvard.edu/api/access/datafile/6097692
doi:10.7910/DVN/QNIEQP,A13_24123.jpg,6097694,https://dataverse.harvard.edu/api/access/datafile/6097694
doi:10.7910/DVN/I70UEA,A13_24124.jpg,6097697,https://dataverse.harvard.edu/api/access/datafile/6097697
doi:10.7910/DVN/9XS4AX,A13_24125.jpg,6097699,https://dataverse.harvard.edu/api/access/datafile/6097699
doi:10.7910/DVN/CZFQ58,A13_24126.jpg,6097702,https://dataverse.harvard.edu/api/access/datafile/6097702
doi:10.7910/DVN/BJRERX,A13_24127.jpg,6097704,https://dataverse.harvard.edu/api/access/datafile/6097704
doi:10.7910/DVN/UXXGPP,A13_24128.jpg,6097708,https://dataverse.harvard.edu/api/access/datafile/6097708
doi:10.7910/DVN/RQR51U,A13_24129.jpg,6097710,https://dataverse.harvard.edu/api/access/datafile/6097710
doi:10.7910/DVN/YMESR6,A13_24130.jpg,6097712,https://dataverse.harvard.edu/api/access/datafile/6097712
doi:10.7910/DVN/3J7LRI,A13_24131.jpg,6097716,https://dataverse.harvard.edu/api/access/datafile/6097716
doi:10.7910/DVN/QYE412,A13_24132.jpg,6097718,https://dataverse.harvard.edu/api/access/datafile/6097718
doi:10.7910/DVN/URHIBG,A13_24133.jpg,6097722,https://dataverse.harvard.edu/api/access/datafile/6097722
doi:10.7910/DVN/JLFZ1N,A13_24134.jpg,6097724,https://dataverse.harvard.edu/api/access/datafile/6097724
doi:10.7910/DVN/E2AUZW,A13_24135.jpg,6097728,https://dataverse.harvard.edu/api/access/datafile/6097728
doi:10.7910/DVN/RCIVUJ,A13_24136.jpg,6097730,https://dataverse.harvard.edu/api/access/datafile/6097730
doi:10.7910/DVN/A57HFY,A13_24137.jpg,6097732,https://dataverse.harvard.edu/api/access/datafile/6097732
doi:10.7910/DVN/YN3SPG,A13_24138.jpg,6097735,https://dataverse.harvard.edu/api/access/datafile/6097735
doi:10.7910/DVN/F1KD3Y,A13_24139.jpg,6097738,https://dataverse.harvard.edu/api/access/datafile/6097738
doi:10.7910/DVN/ZXN3NX,A13_24140.jpg,6097741,https://dataverse.harvard.edu/api/access/datafile/6097741
doi:10.7910/DVN/GCTQPV,A13_24141.jpg,6097743,https://dataverse.harvard.edu/api/access/datafile/6097743
doi:10.7910/DVN/ULRNDE,A13_24142.jpg,6097746,https://dataverse.harvard.edu/api/access/datafile/6097746
doi:10.7910/DVN/VDD5RV,A13_24143.jpg,6097749,https://dataverse.harvard.edu/api/access/datafile/6097749
doi:10.7910/DVN/K3IQDC,A13_24144.jpg,6097751,https://dataverse.harvard.edu/api/access/datafile/6097751
doi:10.7910/DVN/GAKAQO,A13_24145.jpg,6097754,https://dataverse.harvard.edu/api/access/datafile/6097754
doi:10.7910/DVN/RUAG1W,A13_24146.jpg,6097756,https://dataverse.harvard.edu/api/access/datafile/6097756
doi:10.7910/DVN/OTMH3K,A13_24147.jpg,6097758,https://dataverse.harvard.edu/api/access/datafile/6097758
doi:10.7910/DVN/X0AHAE,A13_24150.jpg,6097761,https://dataverse.harvard.edu/api/access/datafile/6097761
doi:10.7910/DVN/7LOYNB,A13_24151.jpg,6097763,https://dataverse.harvard.edu/api/access/datafile/6097763
doi:10.7910/DVN/NGVSG5,A13_24152.jpg,6097766,https://dataverse.harvard.edu/api/access/datafile/6097766
doi:10.7910/DVN/GNVOD7,A13_24153.jpg,6097768,https://dataverse.harvard.edu/api/access/datafile/6097768
doi:10.7910/DVN/0EMXWT,A13_24154.jpg,6097770,https://dataverse.harvard.edu/api/access/datafile/6097770
doi:10.7910/DVN/QSXUEH,A13_24155.jpg,6097773,https://dataverse.harvard.edu/api/access/datafile/6097773
doi:10.7910/DVN/KDHTSM,A13_24159.jpg,6097776,https://dataverse.harvard.edu/api/access/datafile/6097776
doi:10.7910/DVN/P373UV,A13_24160.jpg,6097779,https://dataverse.harvard.edu/api/access/datafile/6097779
doi:10.7910/DVN/BQRP8R,A13_24169.jpg,6097781,https://dataverse.harvard.edu/api/access/datafile/6097781
doi:10.7910/DVN/VL88UN,A13_24170.jpg,6097783,https://dataverse.harvard.edu/api/access/datafile/6097783
doi:10.7910/DVN/BJOYAB,A13_24173.jpg,6097787,https://dataverse.harvard.edu/api/access/datafile/6097787
doi:10.7910/DVN/JMRTEW,A13_24174.jpg,6097789,https://dataverse.harvard.edu/api/access/datafile/6097789
doi:10.7910/DVN/S8HGLG,A13_24175.jpg,6097792,https://dataverse.harvard.edu/api/access/datafile/6097792
doi:10.7910/DVN/HUS0PT,A13_24176.jpg,6097794,https://dataverse.harvard.edu/api/access/datafile/6097794
doi:10.7910/DVN/WMPLAT,A13_24177.jpg,6097796,https://dataverse.harvard.edu/api/access/datafile/6097796
doi:10.7910/DVN/UGNI6S,A13_24178.jpg,6097799,https://dataverse.harvard.edu/api/access/datafile/6097799
doi:10.7910/DVN/J6QTXU,A13_24179.jpg,6097801,https://dataverse.harvard.edu/api/access/datafile/6097801
doi:10.7910/DVN/ER9HQ3,A13_24180.jpg,6097804,https://dataverse.harvard.edu/api/access/datafile/6097804
doi:10.7910/DVN/LCZPJF,A13_24181.jpg,6097806,https://dataverse.harvard.edu/api/access/datafile/6097806
doi:10.7910/DVN/V12C5H,A13_24182.jpg,6097809,https://dataverse.harvard.edu/api/access/datafile/6097809
doi:10.7910/DVN/I7TFFN,A13_24183.jpg,6097811,https://dataverse.harvard.edu/api/access/datafile/6097811
doi:10.7910/DVN/8M6SP9,A13_24184.jpg,6097814,https://dataverse.harvard.edu/api/access/datafile/6097814
doi:10.7910/DVN/OXXUOI,A13_24185.jpg,6097816,https://dataverse.harvard.edu/api/access/datafile/6097816
doi:10.7910/DVN/77RTWQ,A13_24186.jpg,6097818,https://dataverse.harvard.edu/api/access/datafile/6097818
doi:10.7910/DVN/FPOSGD,A13_24187.jpg,6097820,https://dataverse.harvard.edu/api/access/datafile/6097820
doi:10.7910/DVN/EUODH2,A13_24188.jpg,6097823,https://dataverse.harvard.edu/api/access/datafile/6097823
doi:10.7910/DVN/2MTWPQ,A13_24189.jpg,6097825,https://dataverse.harvard.edu/api/access/datafile/6097825
doi:10.7910/DVN/TH41LG,A13_24190.jpg,6097827,https://dataverse.harvard.edu/api/access/datafile/6097827
doi:10.7910/DVN/D28LYE,A13_24191.jpg,6097829,https://dataverse.harvard.edu/api/access/datafile/6097829
doi:10.7910/DVN/1TMQ7N,A13_24213.jpg,6097832,https://dataverse.harvard.edu/api/access/datafile/6097832
doi:10.7910/DVN/RCIYMU,A13_24216.jpg,6097834,https://dataverse.harvard.edu/api/access/datafile/6097834
doi:10.7910/DVN/TFLLQO,A13_24217.jpg,6097836,https://dataverse.harvard.edu/api/access/datafile/6097836
doi:10.7910/DVN/CQCVDD,A13_24218.jpg,6097838,https://dataverse.harvard.edu/api/access/datafile/6097838
doi:10.7910/DVN/UYHIEL,A13_24219.jpg,6097840,https://dataverse.harvard.edu/api/access/datafile/6097840
doi:10.7910/DVN/VB4GZG,A13_24220.jpg,6097842,https://dataverse.harvard.edu/api/access/datafile/6097842
doi:10.7910/DVN/XQXT5R,A13_24222.jpg,6097845,https://dataverse.harvard.edu/api/access/datafile/6097845
doi:10.7910/DVN/AEB5DI,A13_24223.jpg,6097847,https://dataverse.harvard.edu/api/access/datafile/6097847
doi:10.7910/DVN/IYEPQX,A13_24224.jpg,6097849,https://dataverse.harvard.edu/api/access/datafile/6097849
doi:10.7910/DVN/DHQ258,A13_24225.jpg,6097851,https://dataverse.harvard.edu/api/access/datafile/6097851
doi:10.7910/DVN/TTJWMU,A13_24226.jpg,6097853,https://dataverse.harvard.edu/api/access/datafile/6097853
doi:10.7910/DVN/BC5PHJ,A13_24227.jpg,6097855,https://dataverse.harvard.edu/api/access/datafile/6097855
doi:10.7910/DVN/S8TVGI,A13_24228.jpg,6097857,https://dataverse.harvard.edu/api/access/datafile/6097857
doi:10.7910/DVN/UFVGO3,A13_24229.jpg,6097859,https://dataverse.harvard.edu/api/access/datafile/6097859
doi:10.7910/DVN/50KMSP,A13_24230.jpg,6097861,https://dataverse.harvard.edu/api/access/datafile/6097861
doi:10.7910/DVN/UB4V8B,A13_24231.jpg,6097863,https://dataverse.harvard.edu/api/access/datafile/6097863
doi:10.7910/DVN/VN8IU4,A13_24232.jpg,6097865,https://dataverse.harvard.edu/api/access/datafile/6097865
doi:10.7910/DVN/VO7AHY,A13_24233.jpg,6097867,https://dataverse.harvard.edu/api/access/datafile/6097867
doi:10.7910/DVN/OKEZ3K,A13_24234.jpg,6097869,https://dataverse.harvard.edu/api/access/datafile/6097869
doi:10.7910/DVN/0OBXRI,A13_24235.jpg,6097871,https://dataverse.harvard.edu/api/access/datafile/6097871
doi:10.7910/DVN/YRB5I1,A13_24236.jpg,6097873,https://dataverse.harvard.edu/api/access/datafile/6097873
doi:10.7910/DVN/DKZRZO,A13_24237.jpg,6097875,https://dataverse.harvard.edu/api/access/datafile/6097875
doi:10.7910/DVN/GSPQWR,A13_24238.jpg,6097877,https://dataverse.harvard.edu/api/access/datafile/6097877
doi:10.7910/DVN/V8PKAV,A13_24239.jpg,6097879,https://dataverse.harvard.edu/api/access/datafile/6097879
doi:10.7910/DVN/MSQXBZ,A13_24240.jpg,6097881,https://dataverse.harvard.edu/api/access/datafile/6097881
doi:10.7910/DVN/DXTMN8,A13_24241.jpg,6097883,https://dataverse.harvard.edu/api/access/datafile/6097883
doi:10.7910/DVN/KWU6SN,A13_24242.jpg,6097885,https://dataverse.harvard.edu/api/access/datafile/6097885
doi:10.7910/DVN/QWGGJX,A13_24243.jpg,6097887,https://dataverse.harvard.edu/api/access/datafile/6097887
doi:10.7910/DVN/SDCC9D,A13_24244.jpg,6097889,https://dataverse.harvard.edu/api/access/datafile/6097889
doi:10.7910/DVN/BQGAOV,A13_24245.jpg,6097891,https://dataverse.harvard.edu/api/access/datafile/6097891
doi:10.7910/DVN/MLGATV,A13_24246.jpg,6097893,https://dataverse.harvard.edu/api/access/datafile/6097893
doi:10.7910/DVN/BFD9KA,A13_24247.jpg,6097895,https://dataverse.harvard.edu/api/access/datafile/6097895
doi:10.7910/DVN/XA5P10,A13_24248.jpg,6097897,https://dataverse.harvard.edu/api/access/datafile/6097897
doi:10.7910/DVN/2P9GVP,A13_24249.jpg,6097899,https://dataverse.harvard.edu/api/access/datafile/6097899
doi:10.7910/DVN/YEAPTQ,A13_24250.jpg,6097901,https://dataverse.harvard.edu/api/access/datafile/6097901
doi:10.7910/DVN/X2C550,A13_24251.jpg,6097903,https://dataverse.harvard.edu/api/access/datafile/6097903
doi:10.7910/DVN/UTVVQL,A13_24252.jpg,6097916,https://dataverse.harvard.edu/api/access/datafile/6097916
doi:10.7910/DVN/FCJOIP,A13_24253.jpg,6097918,https://dataverse.harvard.edu/api/access/datafile/6097918
doi:10.7910/DVN/SFOLQM,A13_24254.jpg,6097920,https://dataverse.harvard.edu/api/access/datafile/6097920
doi:10.7910/DVN/IU18E2,A13_24255.jpg,6097922,https://dataverse.harvard.edu/api/access/datafile/6097922
doi:10.7910/DVN/WJEX3W,A13_24256.jpg,6097924,https://dataverse.harvard.edu/api/access/datafile/6097924
doi:10.7910/DVN/BRCYMT,A13_24257.jpg,6097926,https://dataverse.harvard.edu/api/access/datafile/6097926
doi:10.7910/DVN/BKPAQN,A13_24258.jpg,6097928,https://dataverse.harvard.edu/api/access/datafile/6097928
doi:10.7910/DVN/1Y9L4L,A13_24259.jpg,6097930,https://dataverse.harvard.edu/api/access/datafile/6097930
doi:10.7910/DVN/E1CBOW,A13_24260.jpg,6097932,https://dataverse.harvard.edu/api/access/datafile/6097932
doi:10.7910/DVN/R2BZ7Y,A13_24261.jpg,6097934,https://dataverse.harvard.edu/api/access/datafile/6097934
doi:10.7910/DVN/UXAUJK,A13_24262.jpg,6097936,https://dataverse.harvard.edu/api/access/datafile/6097936
doi:10.7910/DVN/7UW0CY,A13_24263.jpg,6097938,https://dataverse.harvard.edu/api/access/datafile/6097938
doi:10.7910/DVN/0PJRBP,A13_24264.jpg,6097940,https://dataverse.harvard.edu/api/access/datafile/6097940
doi:10.7910/DVN/YWMYNF,A13_24265.jpg,6097942,https://dataverse.harvard.edu/api/access/datafile/6097942
doi:10.7910/DVN/QFRSQX,A13_24266.jpg,6097944,https://dataverse.harvard.edu/api/access/datafile/6097944
doi:10.7910/DVN/3CAB0O,A13_24267.jpg,6097946,https://dataverse.harvard.edu/api/access/datafile/6097946
doi:10.7910/DVN/YIOGUF,A13_24268.jpg,6097948,https://dataverse.harvard.edu/api/access/datafile/6097948
doi:10.7910/DVN/BMEMCT,A13_24269.jpg,6097950,https://dataverse.harvard.edu/api/access/datafile/6097950
doi:10.7910/DVN/XWA2QN,A13_24270.jpg,6097952,https://dataverse.harvard.edu/api/access/datafile/6097952
doi:10.7910/DVN/WBAPHX,A13_24271.jpg,6097954,https://dataverse.harvard.edu/api/access/datafile/6097954
doi:10.7910/DVN/NFTA0R,A13_24272.jpg,6097956,https://dataverse.harvard.edu/api/access/datafile/6097956
doi:10.7910/DVN/A9UT4N,A13_24273.jpg,6097958,https://dataverse.harvard.edu/api/access/datafile/6097958
doi:10.7910/DVN/4KDQD0,A13_24274.jpg,6097960,https://dataverse.harvard.edu/api/access/datafile/6097960
doi:10.7910/DVN/IQYCFB,A13_24275.jpg,6097962,https://dataverse.harvard.edu/api/access/datafile/6097962
doi:10.7910/DVN/TVTSLY,A13_24276.jpg,6097964,https://dataverse.harvard.edu/api/access/datafile/6097964
doi:10.7910/DVN/SZ0SLA,A13_24277.jpg,6097966,https://dataverse.harvard.edu/api/access/datafile/6097966
doi:10.7910/DVN/QUP4HH,A13_24278.jpg,6097968,https://dataverse.harvard.edu/api/access/datafile/6097968
doi:10.7910/DVN/VNANHE,A13_24279.jpg,6097970,https://dataverse.harvard.edu/api/access/datafile/6097970
doi:10.7910/DVN/ONORA8,A13_24280.jpg,6097972,https://dataverse.harvard.edu/api/access/datafile/6097972
doi:10.7910/DVN/MZ88XJ,A13_24281.jpg,6097974,https://dataverse.harvard.edu/api/access/datafile/6097974
doi:10.7910/DVN/VQJT4A,A13_24282.jpg,6097976,https://dataverse.harvard.edu/api/access/datafile/6097976
doi:10.7910/DVN/SS0TBB,A13_24283.jpg,6097978,https://dataverse.harvard.edu/api/access/datafile/6097978
doi:10.7910/DVN/SC6N5B,A13_24284.jpg,6097980,https://dataverse.harvard.edu/api/access/datafile/6097980
doi:10.7910/DVN/JNTFOO,A13_24285.jpg,6097982,https://dataverse.harvard.edu/api/access/datafile/6097982
doi:10.7910/DVN/JS9UIL,A13_24286.jpg,6097984,https://dataverse.harvard.edu/api/access/datafile/6097984
doi:10.7910/DVN/YFEBFQ,A13_24287.jpg,6097986,https://dataverse.harvard.edu/api/access/datafile/6097986
doi:10.7910/DVN/YDTRU7,A13_24288.jpg,6097988,https://dataverse.harvard.edu/api/access/datafile/6097988
doi:10.7910/DVN/M3QZTW,A13_24289.jpg,6097990,https://dataverse.harvard.edu/api/access/datafile/6097990
doi:10.7910/DVN/S1I5PI,A13_24290.jpg,6097992,https://dataverse.harvard.edu/api/access/datafile/6097992
doi:10.7910/DVN/M6ZEHB,A13_24291.jpg,6097994,https://dataverse.harvard.edu/api/access/datafile/6097994
doi:10.7910/DVN/WEQPKS,A13_24292.jpg,6097996,https://dataverse.harvard.edu/api/access/datafile/6097996
doi:10.7910/DVN/HQQRVA,A13_24293.jpg,6097998,https://dataverse.harvard.edu/api/access/datafile/6097998
doi:10.7910/DVN/DPNYUU,A13_24294.jpg,6098000,https://dataverse.harvard.edu/api/access/datafile/6098000
doi:10.7910/DVN/VSKO25,A13_24295.jpg,6098002,https://dataverse.harvard.edu/api/access/datafile/6098002
doi:10.7910/DVN/ABLR04,A13_24296.jpg,6098004,https://dataverse.harvard.edu/api/access/datafile/6098004
doi:10.7910/DVN/0HQEC8,A13_24297.jpg,6098006,https://dataverse.harvard.edu/api/access/datafile/6098006
doi:10.7910/DVN/VHWOFY,A13_24298.jpg,6098008,https://dataverse.harvard.edu/api/access/datafile/6098008
doi:10.7910/DVN/QYICZX,A13_24299.jpg,6098010,https://dataverse.harvard.edu/api/access/datafile/6098010
doi:10.7910/DVN/NSFSMA,A13_24300.jpg,6098012,https://dataverse.harvard.edu/api/access/datafile/6098012
doi:10.7910/DVN/GNDQB3,A13_24301.jpg,6098014,https://dataverse.harvard.edu/api/access/datafile/6098014
doi:10.7910/DVN/USQ57M,A13_24302.jpg,6098016,https://dataverse.harvard.edu/api/access/datafile/6098016
doi:10.7910/DVN/RWGLHX,A13_24303.jpg,6098018,https://dataverse.harvard.edu/api/access/datafile/6098018
doi:10.7910/DVN/IQXFC6,A13_24304.jpg,6098020,https://dataverse.harvard.edu/api/access/datafile/6098020
doi:10.7910/DVN/Q5B7WE,A13_24305.jpg,6098022,https://dataverse.harvard.edu/api/access/datafile/6098022
doi:10.7910/DVN/UXC2T9,A13_24306.jpg,6098024,https://dataverse.harvard.edu/api/access/datafile/6098024
doi:10.7910/DVN/LW4IUF,A13_24307.jpg,6098026,https://dataverse.harvard.edu/api/access/datafile/6098026
doi:10.7910/DVN/H9CKPT,A13_24308.jpg,6098028,https://dataverse.harvard.edu/api/access/datafile/6098028
doi:10.7910/DVN/SHH6BO,A13_24309.jpg,6098030,https://dataverse.harvard.edu/api/access/datafile/6098030
doi:10.7910/DVN/LBGQWU,A13_24310.jpg,6098032,https://dataverse.harvard.edu/api/access/datafile/6098032
doi:10.7910/DVN/8EKB4W,A13_24311.jpg,6098034,https://dataverse.harvard.edu/api/access/datafile/6098034
doi:10.7910/DVN/OLECLS,A13_24312.jpg,6098036,https://dataverse.harvard.edu/api/access/datafile/6098036
doi:10.7910/DVN/XHKVJB,A13_24313.jpg,6098038,https://dataverse.harvard.edu/api/access/datafile/6098038
doi:10.7910/DVN/WDAGLA,A13_24314.jpg,6098040,https://dataverse.harvard.edu/api/access/datafile/6098040
doi:10.7910/DVN/TEAWXN,A13_24315.jpg,6098042,https://dataverse.harvard.edu/api/access/datafile/6098042
doi:10.7910/DVN/ZXCQWA,A13_24316.jpg,6098044,https://dataverse.harvard.edu/api/access/datafile/6098044
doi:10.7910/DVN/ZYXPBI,A13_24317.jpg,6098046,https://dataverse.harvard.edu/api/access/datafile/6098046
doi:10.7910/DVN/MZ22MH,A13_24318.jpg,6098048,https://dataverse.harvard.edu/api/access/datafile/6098048
doi:10.7910/DVN/7VJVQC,A13_24319.jpg,6098050,https://dataverse.harvard.edu/api/access/datafile/6098050
doi:10.7910/DVN/XPMENK,A13_24320.jpg,6098052,https://dataverse.harvard.edu/api/access/datafile/6098052
doi:10.7910/DVN/FM3H3F,A13_24321.jpg,6098054,https://dataverse.harvard.edu/api/access/datafile/6098054
doi:10.7910/DVN/NSODQX,A13_24322.jpg,6098056,https://dataverse.harvard.edu/api/access/datafile/6098056
doi:10.7910/DVN/I7WCP2,A13_24323.jpg,6098059,https://dataverse.harvard.edu/api/access/datafile/6098059
doi:10.7910/DVN/YEYYOO,A13_24324.jpg,6098061,https://dataverse.harvard.edu/api/access/datafile/6098061
doi:10.7910/DVN/MRNXYB,A13_24325.jpg,6098063,https://dataverse.harvard.edu/api/access/datafile/6098063
doi:10.7910/DVN/PKMTUJ,A13_24326.jpg,6098066,https://dataverse.harvard.edu/api/access/datafile/6098066
doi:10.7910/DVN/9GGDCD,A13_24327.jpg,6098069,https://dataverse.harvard.edu/api/access/datafile/6098069
doi:10.7910/DVN/H47KFS,A13_24328.jpg,6098071,https://dataverse.harvard.edu/api/access/datafile/6098071
doi:10.7910/DVN/O6PTTJ,A13_24329.jpg,6098073,https://dataverse.harvard.edu/api/access/datafile/6098073
doi:10.7910/DVN/AA8IKM,A13_24330.jpg,6098075,https://dataverse.harvard.edu/api/access/datafile/6098075
doi:10.7910/DVN/FE2YTJ,A13_24331.jpg,6098077,https://dataverse.harvard.edu/api/access/datafile/6098077
doi:10.7910/DVN/RZ3MFV,A13_24332.jpg,6098080,https://dataverse.harvard.edu/api/access/datafile/6098080
doi:10.7910/DVN/6L5DKU,A13_24333.jpg,6098082,https://dataverse.harvard.edu/api/access/datafile/6098082
doi:10.7910/DVN/MEX9HR,A13_24334.jpg,6098084,https://dataverse.harvard.edu/api/access/datafile/6098084
doi:10.7910/DVN/TLDPJM,A13_24335.jpg,6098087,https://dataverse.harvard.edu/api/access/datafile/6098087
doi:10.7910/DVN/XUX2L7,A13_24336.jpg,6098089,https://dataverse.harvard.edu/api/access/datafile/6098089
doi:10.7910/DVN/XWGTNS,A13_24337.jpg,6098092,https://dataverse.harvard.edu/api/access/datafile/6098092
doi:10.7910/DVN/D4LME4,A13_24338.jpg,6098094,https://dataverse.harvard.edu/api/access/datafile/6098094
doi:10.7910/DVN/RTTZXM,A13_24339.jpg,6098096,https://dataverse.harvard.edu/api/access/datafile/6098096
doi:10.7910/DVN/WHYQO2,A13_24340.jpg,6098099,https://dataverse.harvard.edu/api/access/datafile/6098099
doi:10.7910/DVN/WZRZEE,A13_24341.jpg,6098101,https://dataverse.harvard.edu/api/access/datafile/6098101
doi:10.7910/DVN/I8CB5X,A13_24342.jpg,6098104,https://dataverse.harvard.edu/api/access/datafile/6098104
doi:10.7910/DVN/WQWAZV,A13_24343.jpg,6098106,https://dataverse.harvard.edu/api/access/datafile/6098106
doi:10.7910/DVN/2WQW5I,A13_24344.jpg,6098108,https://dataverse.harvard.edu/api/access/datafile/6098108
doi:10.7910/DVN/QQ33A1,A13_24345.jpg,6098111,https://dataverse.harvard.edu/api/access/datafile/6098111
doi:10.7910/DVN/MAOJFD,A13_24346.jpg,6098113,https://dataverse.harvard.edu/api/access/datafile/6098113
doi:10.7910/DVN/6OGQVW,A13_24347.jpg,6098116,https://dataverse.harvard.edu/api/access/datafile/6098116
doi:10.7910/DVN/I3JPMD,A13_24348.jpg,6098118,https://dataverse.harvard.edu/api/access/datafile/6098118
doi:10.7910/DVN/AQXNTR,A13_24349.jpg,6098121,https://dataverse.harvard.edu/api/access/datafile/6098121
doi:10.7910/DVN/29LDIG,A13_24350.jpg,6098123,https://dataverse.harvard.edu/api/access/datafile/6098123
doi:10.7910/DVN/JK3WX3,A13_24351.jpg,6098125,https://dataverse.harvard.edu/api/access/datafile/6098125
doi:10.7910/DVN/TFWLTS,A13_24352.jpg,6098128,https://dataverse.harvard.edu/api/access/datafile/6098128
doi:10.7910/DVN/F9OZPH,A13_24353.jpg,6098130,https://dataverse.harvard.edu/api/access/datafile/6098130
doi:10.7910/DVN/ENF1RT,A13_24354.jpg,6098133,https://dataverse.harvard.edu/api/access/datafile/6098133
doi:10.7910/DVN/IMKARM,A13_24355.jpg,6098135,https://dataverse.harvard.edu/api/access/datafile/6098135
doi:10.7910/DVN/N0UPWR,A13_24356.jpg,6098137,https://dataverse.harvard.edu/api/access/datafile/6098137
doi:10.7910/DVN/55YXKP,A13_24357.jpg,6098140,https://dataverse.harvard.edu/api/access/datafile/6098140
doi:10.7910/DVN/VSG7P3,A13_24358.jpg,6098142,https://dataverse.harvard.edu/api/access/datafile/6098142
doi:10.7910/DVN/JD1CAN,A13_24359.jpg,6098144,https://dataverse.harvard.edu/api/access/datafile/6098144
doi:10.7910/DVN/5M8VDL,A13_24360.jpg,6098146,https://dataverse.harvard.edu/api/access/datafile/6098146
doi:10.7910/DVN/XNQ6SQ,A13_24361.jpg,6098148,https://dataverse.harvard.edu/api/access/datafile/6098148
doi:10.7910/DVN/YEK5ON,A13_24362.jpg,6098150,https://dataverse.harvard.edu/api/access/datafile/6098150
doi:10.7910/DVN/S1YH9C,A13_24363.jpg,6098152,https://dataverse.harvard.edu/api/access/datafile/6098152
doi:10.7910/DVN/WM3MVJ,A13_24364.jpg,6098154,https://dataverse.harvard.edu/api/access/datafile/6098154
doi:10.7910/DVN/JITLLK,A13_24365.jpg,6098156,https://dataverse.harvard.edu/api/access/datafile/6098156
doi:10.7910/DVN/VV7TPF,A13_24366.jpg,6098158,https://dataverse.harvard.edu/api/access/datafile/6098158
doi:10.7910/DVN/TMSELX,A13_24367.jpg,6098160,https://dataverse.harvard.edu/api/access/datafile/6098160
doi:10.7910/DVN/3YLV5G,A13_24368.jpg,6098162,https://dataverse.harvard.edu/api/access/datafile/6098162
doi:10.7910/DVN/0PGOLA,A13_24369.jpg,6098164,https://dataverse.harvard.edu/api/access/datafile/6098164
doi:10.7910/DVN/B5NZXI,A13_24370.jpg,6098166,https://dataverse.harvard.edu/api/access/datafile/6098166
doi:10.7910/DVN/AWEEYO,A13_24371.jpg,6098168,https://dataverse.harvard.edu/api/access/datafile/6098168
doi:10.7910/DVN/2HKIBQ,A13_24372.jpg,6098170,https://dataverse.harvard.edu/api/access/datafile/6098170
doi:10.7910/DVN/XQ2YKS,A13_24373.jpg,6098172,https://dataverse.harvard.edu/api/access/datafile/6098172
doi:10.7910/DVN/FIKSVP,A13_24374.jpg,6098174,https://dataverse.harvard.edu/api/access/datafile/6098174
doi:10.7910/DVN/PRU1VG,A13_24375.jpg,6098176,https://dataverse.harvard.edu/api/access/datafile/6098176
doi:10.7910/DVN/N88GIU,A13_24376.jpg,6098178,https://dataverse.harvard.edu/api/access/datafile/6098178
doi:10.7910/DVN/JWBF0P,A13_24377.jpg,6098180,https://dataverse.harvard.edu/api/access/datafile/6098180
doi:10.7910/DVN/OZZQMH,A13_24378.jpg,6098182,https://dataverse.harvard.edu/api/access/datafile/6098182
doi:10.7910/DVN/KDYGLR,A13_24379.jpg,6098184,https://dataverse.harvard.edu/api/access/datafile/6098184
doi:10.7910/DVN/QLYK69,A13_24380.jpg,6098186,https://dataverse.harvard.edu/api/access/datafile/6098186
doi:10.7910/DVN/GKRC76,A13_24381.jpg,6098188,https://dataverse.harvard.edu/api/access/datafile/6098188
doi:10.7910/DVN/FOXAQK,A13_24382.jpg,6098190,https://dataverse.harvard.edu/api/access/datafile/6098190
doi:10.7910/DVN/4I3GPR,A13_24383.jpg,6098192,https://dataverse.harvard.edu/api/access/datafile/6098192
doi:10.7910/DVN/HAEB0R,A13_24384.jpg,6098194,https://dataverse.harvard.edu/api/access/datafile/6098194
doi:10.7910/DVN/1NGJYT,A13_24385.jpg,6098196,https://dataverse.harvard.edu/api/access/datafile/6098196
doi:10.7910/DVN/MZYSPB,A13_24386.jpg,6098198,https://dataverse.harvard.edu/api/access/datafile/6098198
doi:10.7910/DVN/F8HCHL,A13_24387.jpg,6098200,https://dataverse.harvard.edu/api/access/datafile/6098200
doi:10.7910/DVN/AUUI6S,A13_24388.jpg,6098202,https://dataverse.harvard.edu/api/access/datafile/6098202
doi:10.7910/DVN/VXYV1P,A13_24389.jpg,6098204,https://dataverse.harvard.edu/api/access/datafile/6098204
doi:10.7910/DVN/YKC3T5,A13_24390.jpg,6098206,https://dataverse.harvard.edu/api/access/datafile/6098206
doi:10.7910/DVN/WOZK9W,A13_24391.jpg,6098208,https://dataverse.harvard.edu/api/access/datafile/6098208
doi:10.7910/DVN/J9GNST,A13_24392.jpg,6098210,https://dataverse.harvard.edu/api/access/datafile/6098210
doi:10.7910/DVN/KHUCFC,A13_24393.jpg,6098212,https://dataverse.harvard.edu/api/access/datafile/6098212
doi:10.7910/DVN/CDMFDL,A13_24394.jpg,6098214,https://dataverse.harvard.edu/api/access/datafile/6098214
doi:10.7910/DVN/HEI3B9,A13_24395.jpg,6098216,https://dataverse.harvard.edu/api/access/datafile/6098216
doi:10.7910/DVN/GH5O0W,A13_24396.jpg,6098218,https://dataverse.harvard.edu/api/access/datafile/6098218
doi:10.7910/DVN/I0HDIK,A13_24397.jpg,6098220,https://dataverse.harvard.edu/api/access/datafile/6098220
doi:10.7910/DVN/RZIKCT,A13_24398.jpg,6098222,https://dataverse.harvard.edu/api/access/datafile/6098222
doi:10.7910/DVN/FYL6VM,A13_24399.jpg,6098224,https://dataverse.harvard.edu/api/access/datafile/6098224
doi:10.7910/DVN/54ZEI9,A13_24400.jpg,6098226,https://dataverse.harvard.edu/api/access/datafile/6098226
doi:10.7910/DVN/VGK135,A13_24401.jpg,6098228,https://dataverse.harvard.edu/api/access/datafile/6098228
doi:10.7910/DVN/RSLBEX,A13_24402.jpg,6098230,https://dataverse.harvard.edu/api/access/datafile/6098230
doi:10.7910/DVN/JWCAVJ,A13_24403.jpg,6098232,https://dataverse.harvard.edu/api/access/datafile/6098232
doi:10.7910/DVN/J48IZM,A13_24404.jpg,6098234,https://dataverse.harvard.edu/api/access/datafile/6098234
doi:10.7910/DVN/SJ7PTB,A13_24405.jpg,6098236,https://dataverse.harvard.edu/api/access/datafile/6098236
doi:10.7910/DVN/2ZVPGL,A13_24406.jpg,6098238,https://dataverse.harvard.edu/api/access/datafile/6098238
doi:10.7910/DVN/MBMPTN,A13_24407.jpg,6098240,https://dataverse.harvard.edu/api/access/datafile/6098240
doi:10.7910/DVN/H219CN,A13_24408.jpg,6098242,https://dataverse.harvard.edu/api/access/datafile/6098242
doi:10.7910/DVN/4LWGCT,A13_24409.jpg,6098244,https://dataverse.harvard.edu/api/access/datafile/6098244
doi:10.7910/DVN/QWXSU9,A13_24410.jpg,6098246,https://dataverse.harvard.edu/api/access/datafile/6098246
doi:10.7910/DVN/XRBAXM,A13_24411.jpg,6098248,https://dataverse.harvard.edu/api/access/datafile/6098248
doi:10.7910/DVN/RB4PZ7,A13_24412.jpg,6098250,https://dataverse.harvard.edu/api/access/datafile/6098250
doi:10.7910/DVN/RHDVR0,A13_24413.jpg,6098252,https://dataverse.harvard.edu/api/access/datafile/6098252
doi:10.7910/DVN/XVVNZG,A13_24414.jpg,6098254,https://dataverse.harvard.edu/api/access/datafile/6098254
doi:10.7910/DVN/WLMPPB,A13_24415.jpg,6098256,https://dataverse.harvard.edu/api/access/datafile/6098256
doi:10.7910/DVN/SO2OWX,A13_24416.jpg,6098258,https://dataverse.harvard.edu/api/access/datafile/6098258
doi:10.7910/DVN/OAYFDG,A13_24417.jpg,6098260,https://dataverse.harvard.edu/api/access/datafile/6098260
doi:10.7910/DVN/XSGW41,A13_24418.jpg,6098262,https://dataverse.harvard.edu/api/access/datafile/6098262
doi:10.7910/DVN/KVRFLX,A13_24419.jpg,6098264,https://dataverse.harvard.edu/api/access/datafile/6098264
doi:10.7910/DVN/VTWUIP,A13_24420.jpg,6098266,https://dataverse.harvard.edu/api/access/datafile/6098266
doi:10.7910/DVN/U7DUY6,A13_24421.jpg,6098268,https://dataverse.harvard.edu/api/access/datafile/6098268
doi:10.7910/DVN/IDBAAS,A13_24422.jpg,6098270,https://dataverse.harvard.edu/api/access/datafile/6098270
doi:10.7910/DVN/HKVAI5,A13_24423.jpg,6098272,https://dataverse.harvard.edu/api/access/datafile/6098272
doi:10.7910/DVN/QHXS0L,A13_24424.jpg,6098274,https://dataverse.harvard.edu/api/access/datafile/6098274
doi:10.7910/DVN/MSBWLO,A13_24425.jpg,6098276,https://dataverse.harvard.edu/api/access/datafile/6098276
doi:10.7910/DVN/GDWCYJ,A13_24426.jpg,6098278,https://dataverse.harvard.edu/api/access/datafile/6098278
doi:10.7910/DVN/TYKU0M,A13_24427.jpg,6098280,https://dataverse.harvard.edu/api/access/datafile/6098280
doi:10.7910/DVN/4D4UF0,A13_24428.jpg,6098282,https://dataverse.harvard.edu/api/access/datafile/6098282
doi:10.7910/DVN/R2JLJB,A13_24429.jpg,6098284,https://dataverse.harvard.edu/api/access/datafile/6098284
doi:10.7910/DVN/IXQGHC,A13_24430.jpg,6098286,https://dataverse.harvard.edu/api/access/datafile/6098286
doi:10.7910/DVN/D6U5WR,A13_24431.jpg,6098288,https://dataverse.harvard.edu/api/access/datafile/6098288
doi:10.7910/DVN/YKEOBG,A13_24432.jpg,6098290,https://dataverse.harvard.edu/api/access/datafile/6098290
doi:10.7910/DVN/8PYDM5,A13_24433.jpg,6098292,https://dataverse.harvard.edu/api/access/datafile/6098292
doi:10.7910/DVN/DMVHHH,A13_24434.jpg,6098294,https://dataverse.harvard.edu/api/access/datafile/6098294
doi:10.7910/DVN/UPOEBZ,A13_24435.jpg,6098296,https://dataverse.harvard.edu/api/access/datafile/6098296
doi:10.7910/DVN/VJFW9G,A13_24436.jpg,6098298,https://dataverse.harvard.edu/api/access/datafile/6098298
doi:10.7910/DVN/F0AOOX,A13_24437.jpg,6098300,https://dataverse.harvard.edu/api/access/datafile/6098300
doi:10.7910/DVN/MMEFIC,A13_24438.jpg,6098302,https://dataverse.harvard.edu/api/access/datafile/6098302
doi:10.7910/DVN/EZUHMA,A13_24439.jpg,6098304,https://dataverse.harvard.edu/api/access/datafile/6098304
doi:10.7910/DVN/BIL5HA,A13_24440.jpg,6098306,https://dataverse.harvard.edu/api/access/datafile/6098306
doi:10.7910/DVN/ZCXOFK,A13_24441.jpg,6098308,https://dataverse.harvard.edu/api/access/datafile/6098308
doi:10.7910/DVN/PD8VIX,A13_24442.jpg,6098310,https://dataverse.harvard.edu/api/access/datafile/6098310
doi:10.7910/DVN/2JFQFF,A13_24443.jpg,6098312,https://dataverse.harvard.edu/api/access/datafile/6098312
doi:10.7910/DVN/VVQ4TY,A13_24444.jpg,6098314,https://dataverse.harvard.edu/api/access/datafile/6098314
doi:10.7910/DVN/T9ZSU2,A13_24445.jpg,6098316,https://dataverse.harvard.edu/api/access/datafile/6098316
doi:10.7910/DVN/MPHUGM,A13_24446.jpg,6098318,https://dataverse.harvard.edu/api/access/datafile/6098318
doi:10.7910/DVN/PKLEU0,A13_24447.jpg,6098320,https://dataverse.harvard.edu/api/access/datafile/6098320
doi:10.7910/DVN/WQFNG5,A13_24448.jpg,6098322,https://dataverse.harvard.edu/api/access/datafile/6098322
doi:10.7910/DVN/RHYDNA,A13_24449.jpg,6098324,https://dataverse.harvard.edu/api/access/datafile/6098324
doi:10.7910/DVN/QU6KJH,A13_24450.jpg,6098326,https://dataverse.harvard.edu/api/access/datafile/6098326
doi:10.7910/DVN/PSZOMK,A13_24451.jpg,6098328,https://dataverse.harvard.edu/api/access/datafile/6098328
doi:10.7910/DVN/305GWZ,A13_24452.jpg,6098330,https://dataverse.harvard.edu/api/access/datafile/6098330
doi:10.7910/DVN/HLMI7Q,A13_24453.jpg,6098332,https://dataverse.harvard.edu/api/access/datafile/6098332
doi:10.7910/DVN/KMKSNK,A13_24454.jpg,6098334,https://dataverse.harvard.edu/api/access/datafile/6098334
doi:10.7910/DVN/UEBO30,A13_24455.jpg,6098336,https://dataverse.harvard.edu/api/access/datafile/6098336
doi:10.7910/DVN/FL4MTJ,A13_24456.jpg,6098338,https://dataverse.harvard.edu/api/access/datafile/6098338
doi:10.7910/DVN/VZTCYL,A13_24457.jpg,6098340,https://dataverse.harvard.edu/api/access/datafile/6098340
doi:10.7910/DVN/VFW1AY,A13_24458.jpg,6098342,https://dataverse.harvard.edu/api/access/datafile/6098342
doi:10.7910/DVN/R4MOXF,A13_24459.jpg,6098344,https://dataverse.harvard.edu/api/access/datafile/6098344
doi:10.7910/DVN/YQTS3R,A13_24460.jpg,6098346,https://dataverse.harvard.edu/api/access/datafile/6098346
doi:10.7910/DVN/7DPXZD,A13_24461.jpg,6098348,https://dataverse.harvard.edu/api/access/datafile/6098348
doi:10.7910/DVN/RLPZEJ,A13_24462.jpg,6098350,https://dataverse.harvard.edu/api/access/datafile/6098350
doi:10.7910/DVN/VQPQEX,A13_24463.jpg,6098352,https://dataverse.harvard.edu/api/access/datafile/6098352
doi:10.7910/DVN/MSEBS7,A13_24464.jpg,6098354,https://dataverse.harvard.edu/api/access/datafile/6098354
doi:10.7910/DVN/RBVRNA,A13_24465.jpg,6098356,https://dataverse.harvard.edu/api/access/datafile/6098356
doi:10.7910/DVN/3UPQZV,A13_24466.jpg,6098358,https://dataverse.harvard.edu/api/access/datafile/6098358
doi:10.7910/DVN/TMKRPI,A13_24467.jpg,6098360,https://dataverse.harvard.edu/api/access/datafile/6098360
doi:10.7910/DVN/NKHC4B,A13_24468.jpg,6098362,https://dataverse.harvard.edu/api/access/datafile/6098362
doi:10.7910/DVN/KPK5F9,A13_24469.jpg,6098364,https://dataverse.harvard.edu/api/access/datafile/6098364
doi:10.7910/DVN/ZWVNP2,A13_24470.jpg,6098366,https://dataverse.harvard.edu/api/access/datafile/6098366
doi:10.7910/DVN/O7KQDR,A13_24471.jpg,6098368,https://dataverse.harvard.edu/api/access/datafile/6098368
doi:10.7910/DVN/JQDD8F,A13_24472.jpg,6098370,https://dataverse.harvard.edu/api/access/datafile/6098370
doi:10.7910/DVN/YU7UMD,A13_24473.jpg,6098372,https://dataverse.harvard.edu/api/access/datafile/6098372
doi:10.7910/DVN/GHKHPQ,A13_24474.jpg,6098374,https://dataverse.harvard.edu/api/access/datafile/6098374
doi:10.7910/DVN/VOQECC,A13_24475.jpg,6098376,https://dataverse.harvard.edu/api/access/datafile/6098376
doi:10.7910/DVN/EVQI4L,A13_24476.jpg,6098378,https://dataverse.harvard.edu/api/access/datafile/6098378
doi:10.7910/DVN/50DVVO,A13_24477.jpg,6098380,https://dataverse.harvard.edu/api/access/datafile/6098380
doi:10.7910/DVN/GJ11S5,A13_24478.jpg,6098382,https://dataverse.harvard.edu/api/access/datafile/6098382
doi:10.7910/DVN/TS9CLI,A13_24479.jpg,6098384,https://dataverse.harvard.edu/api/access/datafile/6098384
doi:10.7910/DVN/YEIDS8,A13_24480.jpg,6098386,https://dataverse.harvard.edu/api/access/datafile/6098386
doi:10.7910/DVN/VAVLX9,A13_24481.jpg,6098388,https://dataverse.harvard.edu/api/access/datafile/6098388
doi:10.7910/DVN/ZFSQBU,A13_24482.jpg,6098390,https://dataverse.harvard.edu/api/access/datafile/6098390
doi:10.7910/DVN/61IG7A,A13_24483.jpg,6098392,https://dataverse.harvard.edu/api/access/datafile/6098392
doi:10.7910/DVN/YLRVZ4,A13_24484.jpg,6098394,https://dataverse.harvard.edu/api/access/datafile/6098394
doi:10.7910/DVN/SFDGVG,A13_24485.jpg,6098396,https://dataverse.harvard.edu/api/access/datafile/6098396
doi:10.7910/DVN/EJWUT1,A13_24486.jpg,6098398,https://dataverse.harvard.edu/api/access/datafile/6098398
doi:10.7910/DVN/6ZG2GT,A13_24487.jpg,6098400,https://dataverse.harvard.edu/api/access/datafile/6098400
doi:10.7910/DVN/KXCHQF,A13_24488.jpg,6098402,https://dataverse.harvard.edu/api/access/datafile/6098402
doi:10.7910/DVN/1IO9A4,A13_24489.jpg,6098404,https://dataverse.harvard.edu/api/access/datafile/6098404
doi:10.7910/DVN/E89F24,A13_24490.jpg,6098406,https://dataverse.harvard.edu/api/access/datafile/6098406
doi:10.7910/DVN/HOHNRL,A13_24491.jpg,6098408,https://dataverse.harvard.edu/api/access/datafile/6098408
doi:10.7910/DVN/BZX4JQ,A13_24492.jpg,6098410,https://dataverse.harvard.edu/api/access/datafile/6098410
doi:10.7910/DVN/SUFHPM,A13_24493.jpg,6098412,https://dataverse.harvard.edu/api/access/datafile/6098412
doi:10.7910/DVN/DBKHR2,A13_24494.jpg,6098414,https://dataverse.harvard.edu/api/access/datafile/6098414
doi:10.7910/DVN/YWHTLZ,A13_24495.jpg,6098416,https://dataverse.harvard.edu/api/access/datafile/6098416
doi:10.7910/DVN/KUDPE7,A13_24496.jpg,6098418,https://dataverse.harvard.edu/api/access/datafile/6098418
doi:10.7910/DVN/DVVIXO,A13_24497.jpg,6098420,https://dataverse.harvard.edu/api/access/datafile/6098420
doi:10.7910/DVN/IQJHJX,A13_24498.jpg,6098422,https://dataverse.harvard.edu/api/access/datafile/6098422
doi:10.7910/DVN/F9YUKT,A13_24499.jpg,6098424,https://dataverse.harvard.edu/api/access/datafile/6098424
doi:10.7910/DVN/WZ4MBY,A13_24500.jpg,6098426,https://dataverse.harvard.edu/api/access/datafile/6098426
doi:10.7910/DVN/TWZDE3,A13_24501.jpg,6098428,https://dataverse.harvard.edu/api/access/datafile/6098428
doi:10.7910/DVN/UO2JLA,A13_24502.jpg,6098430,https://dataverse.harvard.edu/api/access/datafile/6098430
doi:10.7910/DVN/NLEH0D,A13_24503.jpg,6098432,https://dataverse.harvard.edu/api/access/datafile/6098432
doi:10.7910/DVN/CRFFAU,A13_24504.jpg,6098434,https://dataverse.harvard.edu/api/access/datafile/6098434
doi:10.7910/DVN/53XGGA,A13_24505.jpg,6098436,https://dataverse.harvard.edu/api/access/datafile/6098436
doi:10.7910/DVN/IC2GPP,A13_24506.jpg,6098438,https://dataverse.harvard.edu/api/access/datafile/6098438
doi:10.7910/DVN/YOXKFZ,A13_24507.jpg,6098440,https://dataverse.harvard.edu/api/access/datafile/6098440
doi:10.7910/DVN/3A0YRL,A13_24508.jpg,6098442,https://dataverse.harvard.edu/api/access/datafile/6098442
doi:10.7910/DVN/CJYWCD,A13_24509.jpg,6098444,https://dataverse.harvard.edu/api/access/datafile/6098444
doi:10.7910/DVN/F14GIK,A13_24510.jpg,6098446,https://dataverse.harvard.edu/api/access/datafile/6098446
doi:10.7910/DVN/Z0KYOH,A13_24511.jpg,6098448,https://dataverse.harvard.edu/api/access/datafile/6098448
doi:10.7910/DVN/MT5WN8,A13_24512.jpg,6098450,https://dataverse.harvard.edu/api/access/datafile/6098450
doi:10.7910/DVN/DXVMXK,A13_24513.jpg,6098452,https://dataverse.harvard.edu/api/access/datafile/6098452
doi:10.7910/DVN/NHPF1T,A13_24514.jpg,6098454,https://dataverse.harvard.edu/api/access/datafile/6098454
doi:10.7910/DVN/8OJIZZ,A13_24515.jpg,6098456,https://dataverse.harvard.edu/api/access/datafile/6098456
doi:10.7910/DVN/IF488H,A13_24516.jpg,6098458,https://dataverse.harvard.edu/api/access/datafile/6098458
doi:10.7910/DVN/AOCFKQ,A13_24517.jpg,6098460,https://dataverse.harvard.edu/api/access/datafile/6098460
doi:10.7910/DVN/MZJ2A2,A13_24518.jpg,6098462,https://dataverse.harvard.edu/api/access/datafile/6098462
doi:10.7910/DVN/J5UGLQ,A13_24519.jpg,6098464,https://dataverse.harvard.edu/api/access/datafile/6098464
doi:10.7910/DVN/7YM1VR,A13_24520.jpg,6098466,https://dataverse.harvard.edu/api/access/datafile/6098466
doi:10.7910/DVN/UZGUYG,A13_24521.jpg,6098468,https://dataverse.harvard.edu/api/access/datafile/6098468
doi:10.7910/DVN/7YAS6D,A13_24522.jpg,6098470,https://dataverse.harvard.edu/api/access/datafile/6098470
doi:10.7910/DVN/U175BC,A13_24523.jpg,6098472,https://dataverse.harvard.edu/api/access/datafile/6098472
doi:10.7910/DVN/GV48ZJ,A13_24524.jpg,6098474,https://dataverse.harvard.edu/api/access/datafile/6098474
doi:10.7910/DVN/PWSWZ8,A13_24525.jpg,6098476,https://dataverse.harvard.edu/api/access/datafile/6098476
doi:10.7910/DVN/RG0CHW,A13_24526.jpg,6098478,https://dataverse.harvard.edu/api/access/datafile/6098478
doi:10.7910/DVN/SADCUZ,A13_24527.jpg,6098480,https://dataverse.harvard.edu/api/access/datafile/6098480
doi:10.7910/DVN/IUIS3O,A13_24528.jpg,6098482,https://dataverse.harvard.edu/api/access/datafile/6098482
doi:10.7910/DVN/M2X44W,A13_24529.jpg,6098484,https://dataverse.harvard.edu/api/access/datafile/6098484
doi:10.7910/DVN/QCT7E4,A13_24530.jpg,6098486,https://dataverse.harvard.edu/api/access/datafile/6098486
doi:10.7910/DVN/RWWHUE,A13_24531.jpg,6098488,https://dataverse.harvard.edu/api/access/datafile/6098488
doi:10.7910/DVN/S5GOYC,A13_24532.jpg,6098490,https://dataverse.harvard.edu/api/access/datafile/6098490
doi:10.7910/DVN/L2JECZ,A13_24533.jpg,6098492,https://dataverse.harvard.edu/api/access/datafile/6098492
doi:10.7910/DVN/AFGQ9R,A13_24534.jpg,6098494,https://dataverse.harvard.edu/api/access/datafile/6098494
doi:10.7910/DVN/2JA3P5,A13_24535.jpg,6098496,https://dataverse.harvard.edu/api/access/datafile/6098496
doi:10.7910/DVN/EWIMZZ,A13_24536.jpg,6098498,https://dataverse.harvard.edu/api/access/datafile/6098498
doi:10.7910/DVN/2AKBOR,A13_24537.jpg,6098500,https://dataverse.harvard.edu/api/access/datafile/6098500
doi:10.7910/DVN/YSFTTB,A13_24538.jpg,6098502,https://dataverse.harvard.edu/api/access/datafile/6098502
doi:10.7910/DVN/WC4HRC,A13_24539.jpg,6098504,https://dataverse.harvard.edu/api/access/datafile/6098504
doi:10.7910/DVN/LRSNN2,A13_24540.jpg,6098506,https://dataverse.harvard.edu/api/access/datafile/6098506
doi:10.7910/DVN/HMNKCU,A13_24541.jpg,6098508,https://dataverse.harvard.edu/api/access/datafile/6098508
doi:10.7910/DVN/ISTRWY,A13_24542.jpg,6098510,https://dataverse.harvard.edu/api/access/datafile/6098510
doi:10.7910/DVN/KL4YH2,A13_24543.jpg,6098512,https://dataverse.harvard.edu/api/access/datafile/6098512
doi:10.7910/DVN/XWQVYL,A13_24544.jpg,6098514,https://dataverse.harvard.edu/api/access/datafile/6098514
doi:10.7910/DVN/AEZ9FY,A13_24545.jpg,6098516,https://dataverse.harvard.edu/api/access/datafile/6098516
doi:10.7910/DVN/UDQSRO,A13_24546.jpg,6098518,https://dataverse.harvard.edu/api/access/datafile/6098518
doi:10.7910/DVN/ID0IVQ,A13_24547.jpg,6098520,https://dataverse.harvard.edu/api/access/datafile/6098520
doi:10.7910/DVN/X2NREO,A13_24548.jpg,6098522,https://dataverse.harvard.edu/api/access/datafile/6098522
doi:10.7910/DVN/RD372F,A13_24549.jpg,6098524,https://dataverse.harvard.edu/api/access/datafile/6098524
doi:10.7910/DVN/TDJN5N,A13_24550.jpg,6098526,https://dataverse.harvard.edu/api/access/datafile/6098526
doi:10.7910/DVN/AXEX6V,A13_24551.jpg,6098528,https://dataverse.harvard.edu/api/access/datafile/6098528
doi:10.7910/DVN/N59NSU,A13_24552.jpg,6098530,https://dataverse.harvard.edu/api/access/datafile/6098530
doi:10.7910/DVN/X5RMEN,A13_24553.jpg,6098532,https://dataverse.harvard.edu/api/access/datafile/6098532
doi:10.7910/DVN/RPGQQO,A13_24554.jpg,6098534,https://dataverse.harvard.edu/api/access/datafile/6098534
doi:10.7910/DVN/LAM41I,A13_24555.jpg,6098536,https://dataverse.harvard.edu/api/access/datafile/6098536
doi:10.7910/DVN/TBCPGR,A13_24556.jpg,6098538,https://dataverse.harvard.edu/api/access/datafile/6098538
doi:10.7910/DVN/RQSTMW,A13_24557.jpg,6098540,https://dataverse.harvard.edu/api/access/datafile/6098540
doi:10.7910/DVN/CZLB3S,A13_24558.jpg,6098542,https://dataverse.harvard.edu/api/access/datafile/6098542
doi:10.7910/DVN/4S6VY9,A13_24559.jpg,6098544,https://dataverse.harvard.edu/api/access/datafile/6098544
doi:10.7910/DVN/VC8M6O,A13_24560.jpg,6098546,https://dataverse.harvard.edu/api/access/datafile/6098546
doi:10.7910/DVN/9ZQNEG,A13_24561.jpg,6098548,https://dataverse.harvard.edu/api/access/datafile/6098548
doi:10.7910/DVN/02AJ8C,A13_24562.jpg,6098550,https://dataverse.harvard.edu/api/access/datafile/6098550
doi:10.7910/DVN/USYAJY,A13_24563.jpg,6098552,https://dataverse.harvard.edu/api/access/datafile/6098552
doi:10.7910/DVN/TGOCB2,A13_24564.jpg,6098554,https://dataverse.harvard.edu/api/access/datafile/6098554
doi:10.7910/DVN/JTL26K,A13_24565.jpg,6098556,https://dataverse.harvard.edu/api/access/datafile/6098556
doi:10.7910/DVN/WGNNPX,A13_24566.jpg,6098558,https://dataverse.harvard.edu/api/access/datafile/6098558
doi:10.7910/DVN/YLHJ4W,A13_24567.jpg,6098560,https://dataverse.harvard.edu/api/access/datafile/6098560
doi:10.7910/DVN/2SRFZG,A13_24568.jpg,6098562,https://dataverse.harvard.edu/api/access/datafile/6098562
doi:10.7910/DVN/OLHPTM,A13_24569.jpg,6098564,https://dataverse.harvard.edu/api/access/datafile/6098564
doi:10.7910/DVN/ODPYJN,A13_24570.jpg,6098566,https://dataverse.harvard.edu/api/access/datafile/6098566
doi:10.7910/DVN/F8YL0M,A13_24571.jpg,6098568,https://dataverse.harvard.edu/api/access/datafile/6098568
doi:10.7910/DVN/AOZGPM,A13_24572.jpg,6098570,https://dataverse.harvard.edu/api/access/datafile/6098570
doi:10.7910/DVN/ZRA5EX,A13_24573.jpg,6098572,https://dataverse.harvard.edu/api/access/datafile/6098572
doi:10.7910/DVN/G5WSPJ,A13_24574.jpg,6098574,https://dataverse.harvard.edu/api/access/datafile/6098574
doi:10.7910/DVN/20SH8T,A13_24575.jpg,6098576,https://dataverse.harvard.edu/api/access/datafile/6098576
doi:10.7910/DVN/YJOSNI,A13_24576.jpg,6098578,https://dataverse.harvard.edu/api/access/datafile/6098578
doi:10.7910/DVN/PITSKH,A13_24577.jpg,6098580,https://dataverse.harvard.edu/api/access/datafile/6098580
doi:10.7910/DVN/KLP9BP,A13_24578.jpg,6098582,https://dataverse.harvard.edu/api/access/datafile/6098582
doi:10.7910/DVN/WDQLJY,A13_24579.jpg,6098584,https://dataverse.harvard.edu/api/access/datafile/6098584
doi:10.7910/DVN/QG3ZCL,A13_24580.jpg,6098586,https://dataverse.harvard.edu/api/access/datafile/6098586
doi:10.7910/DVN/ZDFMGE,A13_24581.jpg,6098588,https://dataverse.harvard.edu/api/access/datafile/6098588
doi:10.7910/DVN/8X3YQ0,A13_24582.jpg,6098590,https://dataverse.harvard.edu/api/access/datafile/6098590
doi:10.7910/DVN/QJLB7D,A13_24583.jpg,6098592,https://dataverse.harvard.edu/api/access/datafile/6098592
doi:10.7910/DVN/DVUSHT,A13_24584.jpg,6098594,https://dataverse.harvard.edu/api/access/datafile/6098594
doi:10.7910/DVN/EXNHVP,A13_24585.jpg,6098596,https://dataverse.harvard.edu/api/access/datafile/6098596
doi:10.7910/DVN/FXHZVI,A13_24586.jpg,6098598,https://dataverse.harvard.edu/api/access/datafile/6098598
doi:10.7910/DVN/2QVS6H,A13_24587.jpg,6098600,https://dataverse.harvard.edu/api/access/datafile/6098600
doi:10.7910/DVN/KZITSN,A13_24588.jpg,6098602,https://dataverse.harvard.edu/api/access/datafile/6098602
doi:10.7910/DVN/NYGYOO,A13_24589.jpg,6098604,https://dataverse.harvard.edu/api/access/datafile/6098604
doi:10.7910/DVN/SCWH1D,A13_24590.jpg,6098606,https://dataverse.harvard.edu/api/access/datafile/6098606
doi:10.7910/DVN/NIZMY4,A13_24591.jpg,6098608,https://dataverse.harvard.edu/api/access/datafile/6098608
doi:10.7910/DVN/UX5BZX,A13_24592.jpg,6098610,https://dataverse.harvard.edu/api/access/datafile/6098610
doi:10.7910/DVN/UUQS3B,A13_24593.jpg,6098612,https://dataverse.harvard.edu/api/access/datafile/6098612
doi:10.7910/DVN/HUTRDZ,A13_24594.jpg,6098614,https://dataverse.harvard.edu/api/access/datafile/6098614
doi:10.7910/DVN/WGSJWT,A13_24595.jpg,6098616,https://dataverse.harvard.edu/api/access/datafile/6098616
doi:10.7910/DVN/ZLCN0E,A13_24596.jpg,6098618,https://dataverse.harvard.edu/api/access/datafile/6098618
doi:10.7910/DVN/QOTJK5,A13_24597.jpg,6098620,https://dataverse.harvard.edu/api/access/datafile/6098620
doi:10.7910/DVN/JKTMM0,A13_24598.jpg,6098622,https://dataverse.harvard.edu/api/access/datafile/6098622
doi:10.7910/DVN/HTHM7C,A13_24599.jpg,6098624,https://dataverse.harvard.edu/api/access/datafile/6098624
doi:10.7910/DVN/XAOOQ8,A13_24600.jpg,6098626,https://dataverse.harvard.edu/api/access/datafile/6098626
doi:10.7910/DVN/ZDYR1R,A13_24601.jpg,6098628,https://dataverse.harvard.edu/api/access/datafile/6098628
doi:10.7910/DVN/XVLGTW,A13_24602.jpg,6098630,https://dataverse.harvard.edu/api/access/datafile/6098630
doi:10.7910/DVN/Y6GJSJ,A13_24603.jpg,6098632,https://dataverse.harvard.edu/api/access/datafile/6098632
doi:10.7910/DVN/HWD1YP,A13_24604.jpg,6098634,https://dataverse.harvard.edu/api/access/datafile/6098634
doi:10.7910/DVN/5IFSKM,A13_24605.jpg,6098636,https://dataverse.harvard.edu/api/access/datafile/6098636
doi:10.7910/DVN/QCEGH1,A13_24606.jpg,6098638,https://dataverse.harvard.edu/api/access/datafile/6098638
doi:10.7910/DVN/D3SX0W,A13_24607.jpg,6098640,https://dataverse.harvard.edu/api/access/datafile/6098640
doi:10.7910/DVN/MHLPFU,A13_24608.jpg,6098642,https://dataverse.harvard.edu/api/access/datafile/6098642
doi:10.7910/DVN/JAMFIT,A13_24609.jpg,6098644,https://dataverse.harvard.edu/api/access/datafile/6098644
doi:10.7910/DVN/HS95Q0,A13_24610.jpg,6098646,https://dataverse.harvard.edu/api/access/datafile/6098646
doi:10.7910/DVN/9O0RZM,A13_24611.jpg,6098648,https://dataverse.harvard.edu/api/access/datafile/6098648
doi:10.7910/DVN/XRCVAB,A13_24612.jpg,6098650,https://dataverse.harvard.edu/api/access/datafile/6098650
doi:10.7910/DVN/GCUCOO,A13_24613.jpg,6098652,https://dataverse.harvard.edu/api/access/datafile/6098652
doi:10.7910/DVN/9R0F96,A13_24614.jpg,6098654,https://dataverse.harvard.edu/api/access/datafile/6098654
doi:10.7910/DVN/Z3MKXB,A13_24615.jpg,6098656,https://dataverse.harvard.edu/api/access/datafile/6098656
doi:10.7910/DVN/9GZDIN,A13_24616.jpg,6098658,https://dataverse.harvard.edu/api/access/datafile/6098658
doi:10.7910/DVN/8GLBIA,A13_24617.jpg,6098660,https://dataverse.harvard.edu/api/access/datafile/6098660
doi:10.7910/DVN/ERLIHZ,A13_24618.jpg,6098662,https://dataverse.harvard.edu/api/access/datafile/6098662
doi:10.7910/DVN/CBYIWV,A13_24619.jpg,6098664,https://dataverse.harvard.edu/api/access/datafile/6098664
doi:10.7910/DVN/VYYCUX,A13_24620.jpg,6098666,https://dataverse.harvard.edu/api/access/datafile/6098666
doi:10.7910/DVN/POXIBF,A13_24621.jpg,6098668,https://dataverse.harvard.edu/api/access/datafile/6098668
doi:10.7910/DVN/EFW5FS,A13_24622.jpg,6098671,https://dataverse.harvard.edu/api/access/datafile/6098671
doi:10.7910/DVN/HPDQSP,A13_24623.jpg,6098673,https://dataverse.harvard.edu/api/access/datafile/6098673
doi:10.7910/DVN/GSGYXA,A13_24624.jpg,6098675,https://dataverse.harvard.edu/api/access/datafile/6098675
doi:10.7910/DVN/WVUTRX,A13_24625.jpg,6098678,https://dataverse.harvard.edu/api/access/datafile/6098678
doi:10.7910/DVN/XHOLRL,A13_24626.jpg,6098680,https://dataverse.harvard.edu/api/access/datafile/6098680
doi:10.7910/DVN/EOEHL1,A13_24627.jpg,6098682,https://dataverse.harvard.edu/api/access/datafile/6098682
doi:10.7910/DVN/A39CS6,A13_24628.jpg,6098684,https://dataverse.harvard.edu/api/access/datafile/6098684
doi:10.7910/DVN/DYKZGH,A13_24629.jpg,6098686,https://dataverse.harvard.edu/api/access/datafile/6098686
doi:10.7910/DVN/PMOI1H,A13_24630.jpg,6098688,https://dataverse.harvard.edu/api/access/datafile/6098688
doi:10.7910/DVN/B9GTF4,A13_24631.jpg,6098690,https://dataverse.harvard.edu/api/access/datafile/6098690
doi:10.7910/DVN/HNTQEW,A13_24632.jpg,6098692,https://dataverse.harvard.edu/api/access/datafile/6098692
doi:10.7910/DVN/TLUPLM,A13_24633.jpg,6098694,https://dataverse.harvard.edu/api/access/datafile/6098694
doi:10.7910/DVN/VF2IP8,A13_24634.jpg,6098696,https://dataverse.harvard.edu/api/access/datafile/6098696
doi:10.7910/DVN/V1ZWTB,A13_24635.jpg,6098698,https://dataverse.harvard.edu/api/access/datafile/6098698
doi:10.7910/DVN/6DTUZQ,A13_24636.jpg,6098700,https://dataverse.harvard.edu/api/access/datafile/6098700
doi:10.7910/DVN/WVM0RC,A13_24637.jpg,6098702,https://dataverse.harvard.edu/api/access/datafile/6098702
doi:10.7910/DVN/T78XOL,A13_24638.jpg,6098704,https://dataverse.harvard.edu/api/access/datafile/6098704
doi:10.7910/DVN/IDTD4M,A13_24639.jpg,6098706,https://dataverse.harvard.edu/api/access/datafile/6098706
doi:10.7910/DVN/WQM8MN,A13_24640.jpg,6098708,https://dataverse.harvard.edu/api/access/datafile/6098708
doi:10.7910/DVN/EJQXWF,A13_24641.jpg,6098710,https://dataverse.harvard.edu/api/access/datafile/6098710
doi:10.7910/DVN/I7VQLV,A13_24642.jpg,6098712,https://dataverse.harvard.edu/api/access/datafile/6098712
doi:10.7910/DVN/HQKUSP,A13_24643.jpg,6098714,https://dataverse.harvard.edu/api/access/datafile/6098714
doi:10.7910/DVN/HMY7Z0,A13_24644.jpg,6098716,https://dataverse.harvard.edu/api/access/datafile/6098716
doi:10.7910/DVN/ITYE1L,A13_24645.jpg,6098718,https://dataverse.harvard.edu/api/access/datafile/6098718
doi:10.7910/DVN/YQBW71,A13_24646.jpg,6098720,https://dataverse.harvard.edu/api/access/datafile/6098720
doi:10.7910/DVN/3DAZED,A13_24647.jpg,6098722,https://dataverse.harvard.edu/api/access/datafile/6098722
doi:10.7910/DVN/JU5ARV,A13_24648.jpg,6098724,https://dataverse.harvard.edu/api/access/datafile/6098724
doi:10.7910/DVN/PL4UD0,A13_24649.jpg,6098726,https://dataverse.harvard.edu/api/access/datafile/6098726
doi:10.7910/DVN/HCN6NP,A13_24650.jpg,6098728,https://dataverse.harvard.edu/api/access/datafile/6098728
doi:10.7910/DVN/ZKYM6K,A13_24651.jpg,6098730,https://dataverse.harvard.edu/api/access/datafile/6098730
doi:10.7910/DVN/6KGWLT,A13_24652.jpg,6098732,https://dataverse.harvard.edu/api/access/datafile/6098732
doi:10.7910/DVN/FZRFWA,A13_24653.jpg,6098734,https://dataverse.harvard.edu/api/access/datafile/6098734
doi:10.7910/DVN/ZYADNO,A13_24654.jpg,6098736,https://dataverse.harvard.edu/api/access/datafile/6098736
doi:10.7910/DVN/YV0IBJ,A13_24655.jpg,6098738,https://dataverse.harvard.edu/api/access/datafile/6098738
doi:10.7910/DVN/5FBNFX,A13_24656.jpg,6098740,https://dataverse.harvard.edu/api/access/datafile/6098740
doi:10.7910/DVN/OFHPHE,A13_24657.jpg,6098742,https://dataverse.harvard.edu/api/access/datafile/6098742
doi:10.7910/DVN/RSVU9A,A13_24659.jpg,6098744,https://dataverse.harvard.edu/api/access/datafile/6098744
doi:10.7910/DVN/HTZCX9,A13_24660.jpg,6098746,https://dataverse.harvard.edu/api/access/datafile/6098746
doi:10.7910/DVN/8EGBTQ,A13_24661.jpg,6098748,https://dataverse.harvard.edu/api/access/datafile/6098748
doi:10.7910/DVN/XRZZEM,A13_24662.jpg,6098750,https://dataverse.harvard.edu/api/access/datafile/6098750
doi:10.7910/DVN/YUL1PU,A13_24663.jpg,6098752,https://dataverse.harvard.edu/api/access/datafile/6098752
doi:10.7910/DVN/V6NLC9,A13_24664.jpg,6098754,https://dataverse.harvard.edu/api/access/datafile/6098754
doi:10.7910/DVN/6SL8ZE,A13_24668.jpg,6098761,https://dataverse.harvard.edu/api/access/datafile/6098761
doi:10.7910/DVN/UVKSO2,A13_24669.jpg,6098763,https://dataverse.harvard.edu/api/access/datafile/6098763
doi:10.7910/DVN/PXXRYX,A13_24670.jpg,6098765,https://dataverse.harvard.edu/api/access/datafile/6098765
doi:10.7910/DVN/SXW9OL,A13_24671.jpg,6098767,https://dataverse.harvard.edu/api/access/datafile/6098767
doi:10.7910/DVN/N8ZQ8D,A13_24672.jpg,6098769,https://dataverse.harvard.edu/api/access/datafile/6098769
doi:10.7910/DVN/SETBRA,A13_24673.jpg,6098771,https://dataverse.harvard.edu/api/access/datafile/6098771
doi:10.7910/DVN/GWUTOO,A13_24674.jpg,6098773,https://dataverse.harvard.edu/api/access/datafile/6098773
doi:10.7910/DVN/BQTEVX,A13_24675.jpg,6098775,https://dataverse.harvard.edu/api/access/datafile/6098775
doi:10.7910/DVN/YJSATI,A13_24676.jpg,6098777,https://dataverse.harvard.edu/api/access/datafile/6098777
doi:10.7910/DVN/KYITDI,A13_24677.jpg,6098779,https://dataverse.harvard.edu/api/access/datafile/6098779
doi:10.7910/DVN/2WT2ZL,A13_24678.jpg,6098781,https://dataverse.harvard.edu/api/access/datafile/6098781
doi:10.7910/DVN/XTNUOP,A13_24679.jpg,6098783,https://dataverse.harvard.edu/api/access/datafile/6098783
doi:10.7910/DVN/3DABS1,A13_24680.jpg,6098785,https://dataverse.harvard.edu/api/access/datafile/6098785
doi:10.7910/DVN/BLYVHH,A13_24681.jpg,6098787,https://dataverse.harvard.edu/api/access/datafile/6098787
doi:10.7910/DVN/EGZAWG,A13_24682.jpg,6098790,https://dataverse.harvard.edu/api/access/datafile/6098790
doi:10.7910/DVN/3CATAO,A13_24683.jpg,6098792,https://dataverse.harvard.edu/api/access/datafile/6098792
doi:10.7910/DVN/SQ4WDA,A13_24684.jpg,6098794,https://dataverse.harvard.edu/api/access/datafile/6098794
doi:10.7910/DVN/VPMWRZ,A13_24685.jpg,6098796,https://dataverse.harvard.edu/api/access/datafile/6098796
doi:10.7910/DVN/IDYEWP,A13_24686.jpg,6098798,https://dataverse.harvard.edu/api/access/datafile/6098798
doi:10.7910/DVN/OE0YGB,A13_24687.jpg,6099372,https://dataverse.harvard.edu/api/access/datafile/6099372
doi:10.7910/DVN/UVWKBL,A13_24688.jpg,6100524,https://dataverse.harvard.edu/api/access/datafile/6100524
doi:10.7910/DVN/DURJ5L,A13_24689.jpg,6100526,https://dataverse.harvard.edu/api/access/datafile/6100526
doi:10.7910/DVN/NNY9PR,A13_24690.jpg,6100528,https://dataverse.harvard.edu/api/access/datafile/6100528
doi:10.7910/DVN/JYUYLN,A13_24691.jpg,6100530,https://dataverse.harvard.edu/api/access/datafile/6100530
doi:10.7910/DVN/SEKTZA,A13_24692.jpg,6100532,https://dataverse.harvard.edu/api/access/datafile/6100532
doi:10.7910/DVN/VPNCX5,A13_24693.jpg,6100534,https://dataverse.harvard.edu/api/access/datafile/6100534
doi:10.7910/DVN/C7PUB5,A13_24694.jpg,6100536,https://dataverse.harvard.edu/api/access/datafile/6100536
doi:10.7910/DVN/XRDIMH,A13_24695.jpg,6100538,https://dataverse.harvard.edu/api/access/datafile/6100538
doi:10.7910/DVN/3FF2NP,A13_24696.jpg,6100540,https://dataverse.harvard.edu/api/access/datafile/6100540
doi:10.7910/DVN/DTYL6K,A13_24697.jpg,6100542,https://dataverse.harvard.edu/api/access/datafile/6100542
doi:10.7910/DVN/8EB9NF,A13_24698.jpg,6100544,https://dataverse.harvard.edu/api/access/datafile/6100544
doi:10.7910/DVN/TOZ0YQ,A13_24699.jpg,6100546,https://dataverse.harvard.edu/api/access/datafile/6100546
doi:10.7910/DVN/ZZJ4TV,A13_24700.jpg,6100548,https://dataverse.harvard.edu/api/access/datafile/6100548
doi:10.7910/DVN/OXITNM,A13_24701.jpg,6100550,https://dataverse.harvard.edu/api/access/datafile/6100550
doi:10.7910/DVN/NVNFRB,A13_24702.jpg,6100552,https://dataverse.harvard.edu/api/access/datafile/6100552
doi:10.7910/DVN/SBW1OT,A13_24703.jpg,6100554,https://dataverse.harvard.edu/api/access/datafile/6100554
doi:10.7910/DVN/KNDOUE,A13_24704.jpg,6100556,https://dataverse.harvard.edu/api/access/datafile/6100556
doi:10.7910/DVN/ADO9IW,A13_24705.jpg,6100558,https://dataverse.harvard.edu/api/access/datafile/6100558
doi:10.7910/DVN/W6Z352,A13_24706.jpg,6100560,https://dataverse.harvard.edu/api/access/datafile/6100560
doi:10.7910/DVN/QADMG5,A13_24707.jpg,6100562,https://dataverse.harvard.edu/api/access/datafile/6100562
doi:10.7910/DVN/07GJHF,A13_24708.jpg,6100564,https://dataverse.harvard.edu/api/access/datafile/6100564
doi:10.7910/DVN/1PSQ4H,A13_24709.jpg,6100566,https://dataverse.harvard.edu/api/access/datafile/6100566
doi:10.7910/DVN/MGKELM,A13_24710.jpg,6100568,https://dataverse.harvard.edu/api/access/datafile/6100568
doi:10.7910/DVN/C5JT4O,A13_24711.jpg,6100570,https://dataverse.harvard.edu/api/access/datafile/6100570
doi:10.7910/DVN/HSTSCE,A13_24712.jpg,6100572,https://dataverse.harvard.edu/api/access/datafile/6100572
doi:10.7910/DVN/OXQMYC,A13_24713.jpg,6100574,https://dataverse.harvard.edu/api/access/datafile/6100574
doi:10.7910/DVN/EIQOCI,A13_24714.jpg,6100576,https://dataverse.harvard.edu/api/access/datafile/6100576
doi:10.7910/DVN/AXTNJ2,A13_24715.jpg,6100578,https://dataverse.harvard.edu/api/access/datafile/6100578
doi:10.7910/DVN/WM8GOO,A13_24716.jpg,6100580,https://dataverse.harvard.edu/api/access/datafile/6100580
doi:10.7910/DVN/DQVIA7,A13_24717.jpg,6100582,https://dataverse.harvard.edu/api/access/datafile/6100582
doi:10.7910/DVN/5PN028,A13_24718.jpg,6100584,https://dataverse.harvard.edu/api/access/datafile/6100584
doi:10.7910/DVN/HOW6RX,A13_24719.jpg,6100586,https://dataverse.harvard.edu/api/access/datafile/6100586
doi:10.7910/DVN/6BDXY5,A13_24720.jpg,6100588,https://dataverse.harvard.edu/api/access/datafile/6100588
doi:10.7910/DVN/B0MJXG,A13_24721.jpg,6100590,https://dataverse.harvard.edu/api/access/datafile/6100590
doi:10.7910/DVN/ZNHQ5F,A13_24722.jpg,6100592,https://dataverse.harvard.edu/api/access/datafile/6100592
doi:10.7910/DVN/BYCHAC,A13_24723.jpg,6100594,https://dataverse.harvard.edu/api/access/datafile/6100594
doi:10.7910/DVN/HO5JAL,A13_24724.jpg,6100596,https://dataverse.harvard.edu/api/access/datafile/6100596
doi:10.7910/DVN/11VSXQ,A13_24725.jpg,6100598,https://dataverse.harvard.edu/api/access/datafile/6100598
doi:10.7910/DVN/W1HBU7,A13_24726.jpg,6100600,https://dataverse.harvard.edu/api/access/datafile/6100600
doi:10.7910/DVN/AJBY3V,A13_24727.jpg,6100602,https://dataverse.harvard.edu/api/access/datafile/6100602
doi:10.7910/DVN/XQ0GTI,A13_24728.jpg,6100604,https://dataverse.harvard.edu/api/access/datafile/6100604
doi:10.7910/DVN/ANI8YI,A13_24729.jpg,6100606,https://dataverse.harvard.edu/api/access/datafile/6100606
doi:10.7910/DVN/BDQLF1,A13_24730.jpg,6100608,https://dataverse.harvard.edu/api/access/datafile/6100608
doi:10.7910/DVN/KJTZVG,A13_24731.jpg,6100610,https://dataverse.harvard.edu/api/access/datafile/6100610
doi:10.7910/DVN/329A3S,A13_24732.jpg,6100612,https://dataverse.harvard.edu/api/access/datafile/6100612
doi:10.7910/DVN/UYB1PM,A13_24733.jpg,6100614,https://dataverse.harvard.edu/api/access/datafile/6100614
doi:10.7910/DVN/8BEXXD,A13_24734.jpg,6100616,https://dataverse.harvard.edu/api/access/datafile/6100616
doi:10.7910/DVN/5D5MRJ,A13_24735.jpg,6100618,https://dataverse.harvard.edu/api/access/datafile/6100618
doi:10.7910/DVN/SIXS3E,A13_24736.jpg,6100620,https://dataverse.harvard.edu/api/access/datafile/6100620
doi:10.7910/DVN/OMSRYR,A13_24737.jpg,6100622,https://dataverse.harvard.edu/api/access/datafile/6100622
doi:10.7910/DVN/SV0IHI,A13_24738.jpg,6100624,https://dataverse.harvard.edu/api/access/datafile/6100624
doi:10.7910/DVN/JZS0QA,A13_24739.jpg,6100626,https://dataverse.harvard.edu/api/access/datafile/6100626
doi:10.7910/DVN/IBTURQ,A13_24740.jpg,6100628,https://dataverse.harvard.edu/api/access/datafile/6100628
doi:10.7910/DVN/21AV5L,A13_24741.jpg,6100630,https://dataverse.harvard.edu/api/access/datafile/6100630
doi:10.7910/DVN/IUTQVX,A13_24742.jpg,6100632,https://dataverse.harvard.edu/api/access/datafile/6100632
doi:10.7910/DVN/RU5XXG,A13_24743.jpg,6100634,https://dataverse.harvard.edu/api/access/datafile/6100634
doi:10.7910/DVN/ZI3UMC,A13_24744.jpg,6100636,https://dataverse.harvard.edu/api/access/datafile/6100636
doi:10.7910/DVN/CSWJKU,A13_24745.jpg,6100638,https://dataverse.harvard.edu/api/access/datafile/6100638
doi:10.7910/DVN/NGH9QN,A13_24746.jpg,6100640,https://dataverse.harvard.edu/api/access/datafile/6100640
doi:10.7910/DVN/2MWBRQ,A13_24747.jpg,6100642,https://dataverse.harvard.edu/api/access/datafile/6100642
doi:10.7910/DVN/4UVBC4,A13_24748.jpg,6100644,https://dataverse.harvard.edu/api/access/datafile/6100644
doi:10.7910/DVN/6WU8QU,A13_24749.jpg,6100646,https://dataverse.harvard.edu/api/access/datafile/6100646
doi:10.7910/DVN/RQHPAY,A13_24750.jpg,6100648,https://dataverse.harvard.edu/api/access/datafile/6100648
doi:10.7910/DVN/BULCSO,A13_24751.jpg,6100650,https://dataverse.harvard.edu/api/access/datafile/6100650
doi:10.7910/DVN/ZHSGTJ,A13_24753.jpg,6100652,https://dataverse.harvard.edu/api/access/datafile/6100652
doi:10.7910/DVN/5UBVLP,A13_24754.jpg,6100654,https://dataverse.harvard.edu/api/access/datafile/6100654
doi:10.7910/DVN/ACN43T,A13_24755.jpg,6100656,https://dataverse.harvard.edu/api/access/datafile/6100656
doi:10.7910/DVN/8CM8RG,A13_24756.jpg,6100658,https://dataverse.harvard.edu/api/access/datafile/6100658
doi:10.7910/DVN/FW717I,A13_24757.jpg,6100660,https://dataverse.harvard.edu/api/access/datafile/6100660
doi:10.7910/DVN/FYYNXX,A13_24758.jpg,6100662,https://dataverse.harvard.edu/api/access/datafile/6100662
doi:10.7910/DVN/SHVAKE,A13_24759.jpg,6100664,https://dataverse.harvard.edu/api/access/datafile/6100664
doi:10.7910/DVN/0SOJ1O,A13_24760.jpg,6100666,https://dataverse.harvard.edu/api/access/datafile/6100666
doi:10.7910/DVN/R6FZQO,A13_24761.jpg,6100668,https://dataverse.harvard.edu/api/access/datafile/6100668
doi:10.7910/DVN/FMZ4MG,A13_24762.jpg,6100670,https://dataverse.harvard.edu/api/access/datafile/6100670
doi:10.7910/DVN/ZH6WGE,A13_24763.jpg,6100673,https://dataverse.harvard.edu/api/access/datafile/6100673
doi:10.7910/DVN/IJDLBC,A13_24764.jpg,6100675,https://dataverse.harvard.edu/api/access/datafile/6100675
doi:10.7910/DVN/1FXLQN,A13_24765.jpg,6100677,https://dataverse.harvard.edu/api/access/datafile/6100677
doi:10.7910/DVN/6MEEJA,A13_24766.jpg,6100679,https://dataverse.harvard.edu/api/access/datafile/6100679
doi:10.7910/DVN/QRL9OL,A13_24767.jpg,6100681,https://dataverse.harvard.edu/api/access/datafile/6100681
doi:10.7910/DVN/GD3JHV,A13_24768.jpg,6100683,https://dataverse.harvard.edu/api/access/datafile/6100683
doi:10.7910/DVN/DNFGXK,A13_24769.jpg,6100685,https://dataverse.harvard.edu/api/access/datafile/6100685
doi:10.7910/DVN/ZYGYNC,A13_24770.jpg,6100687,https://dataverse.harvard.edu/api/access/datafile/6100687
doi:10.7910/DVN/QWRZQM,A13_24771.jpg,6100689,https://dataverse.harvard.edu/api/access/datafile/6100689
doi:10.7910/DVN/N3ZEUS,A13_24772.jpg,6100691,https://dataverse.harvard.edu/api/access/datafile/6100691
doi:10.7910/DVN/RLJNWO,A13_24773.jpg,6100693,https://dataverse.harvard.edu/api/access/datafile/6100693
doi:10.7910/DVN/TBVYVC,A13_24774.jpg,6100695,https://dataverse.harvard.edu/api/access/datafile/6100695
doi:10.7910/DVN/FEQ925,A13_24775.jpg,6100697,https://dataverse.harvard.edu/api/access/datafile/6100697
doi:10.7910/DVN/F2EMQG,A13_24776.jpg,6100699,https://dataverse.harvard.edu/api/access/datafile/6100699
doi:10.7910/DVN/ETZHL2,A13_24777.jpg,6100701,https://dataverse.harvard.edu/api/access/datafile/6100701
doi:10.7910/DVN/VZWX9J,A13_24778.jpg,6100703,https://dataverse.harvard.edu/api/access/datafile/6100703
doi:10.7910/DVN/LBMMSZ,A13_24779.jpg,6100705,https://dataverse.harvard.edu/api/access/datafile/6100705
doi:10.7910/DVN/KB4LT7,A13_24780.jpg,6100707,https://dataverse.harvard.edu/api/access/datafile/6100707
doi:10.7910/DVN/SSTZKX,A13_24781.jpg,6100709,https://dataverse.harvard.edu/api/access/datafile/6100709
doi:10.7910/DVN/WY1OVK,A13_24782.jpg,6100711,https://dataverse.harvard.edu/api/access/datafile/6100711
doi:10.7910/DVN/MNHMKD,A13_24783.jpg,6100713,https://dataverse.harvard.edu/api/access/datafile/6100713
doi:10.7910/DVN/5HHNKO,A13_24784.jpg,6100715,https://dataverse.harvard.edu/api/access/datafile/6100715
doi:10.7910/DVN/LIV6FO,A13_24785.jpg,6100717,https://dataverse.harvard.edu/api/access/datafile/6100717
doi:10.7910/DVN/URCVQR,A13_24786.jpg,6100719,https://dataverse.harvard.edu/api/access/datafile/6100719
doi:10.7910/DVN/O9BECO,A13_24787.jpg,6100721,https://dataverse.harvard.edu/api/access/datafile/6100721
doi:10.7910/DVN/0EEXFE,A13_24788.jpg,6100723,https://dataverse.harvard.edu/api/access/datafile/6100723
doi:10.7910/DVN/D1COOE,A13_24789.jpg,6100725,https://dataverse.harvard.edu/api/access/datafile/6100725
doi:10.7910/DVN/MD96DG,A13_24790.jpg,6100727,https://dataverse.harvard.edu/api/access/datafile/6100727
doi:10.7910/DVN/VZGYOM,A13_24791.jpg,6100729,https://dataverse.harvard.edu/api/access/datafile/6100729
doi:10.7910/DVN/GZAFHA,A13_24792.jpg,6100731,https://dataverse.harvard.edu/api/access/datafile/6100731
doi:10.7910/DVN/70OS4K,A13_24793.jpg,6100733,https://dataverse.harvard.edu/api/access/datafile/6100733
doi:10.7910/DVN/5GREFH,A13_24794.jpg,6100735,https://dataverse.harvard.edu/api/access/datafile/6100735
doi:10.7910/DVN/PFO3KN,A13_24795.jpg,6100737,https://dataverse.harvard.edu/api/access/datafile/6100737
doi:10.7910/DVN/KW8RFY,A13_24796.jpg,6100739,https://dataverse.harvard.edu/api/access/datafile/6100739
doi:10.7910/DVN/OVZUTG,A13_24797.jpg,6100741,https://dataverse.harvard.edu/api/access/datafile/6100741
doi:10.7910/DVN/EUAKRJ,A13_24798.jpg,6100743,https://dataverse.harvard.edu/api/access/datafile/6100743
doi:10.7910/DVN/EE6ICU,A13_24799.jpg,6100745,https://dataverse.harvard.edu/api/access/datafile/6100745
doi:10.7910/DVN/GRL8MX,A13_24800.jpg,6100747,https://dataverse.harvard.edu/api/access/datafile/6100747
doi:10.7910/DVN/O76LMP,A13_24801.jpg,6100749,https://dataverse.harvard.edu/api/access/datafile/6100749
doi:10.7910/DVN/UGWN5V,A13_24802.jpg,6100751,https://dataverse.harvard.edu/api/access/datafile/6100751
doi:10.7910/DVN/OIEUV5,A13_24803.jpg,6100753,https://dataverse.harvard.edu/api/access/datafile/6100753
doi:10.7910/DVN/3LZANO,A13_24804.jpg,6100755,https://dataverse.harvard.edu/api/access/datafile/6100755
doi:10.7910/DVN/2GARRB,A13_24805.jpg,6100757,https://dataverse.harvard.edu/api/access/datafile/6100757
doi:10.7910/DVN/FFRIGW,A13_24806.jpg,6100759,https://dataverse.harvard.edu/api/access/datafile/6100759
doi:10.7910/DVN/VQ9P43,A13_24807.jpg,6100761,https://dataverse.harvard.edu/api/access/datafile/6100761
doi:10.7910/DVN/RCFFIW,A13_24808.jpg,6100763,https://dataverse.harvard.edu/api/access/datafile/6100763
doi:10.7910/DVN/ZRICMC,A13_24809.jpg,6100765,https://dataverse.harvard.edu/api/access/datafile/6100765
doi:10.7910/DVN/QXB28K,A13_24810.jpg,6100767,https://dataverse.harvard.edu/api/access/datafile/6100767
doi:10.7910/DVN/ZO7AEW,A13_24811.jpg,6100769,https://dataverse.harvard.edu/api/access/datafile/6100769
doi:10.7910/DVN/BZMWGB,A13_24812.jpg,6100771,https://dataverse.harvard.edu/api/access/datafile/6100771
doi:10.7910/DVN/LRVHXW,A13_24813.jpg,6100773,https://dataverse.harvard.edu/api/access/datafile/6100773
doi:10.7910/DVN/TJRO59,A13_24814.jpg,6100775,https://dataverse.harvard.edu/api/access/datafile/6100775
doi:10.7910/DVN/MKQA56,A13_24815.jpg,6100777,https://dataverse.harvard.edu/api/access/datafile/6100777
doi:10.7910/DVN/GFJX1R,A13_24816.jpg,6100779,https://dataverse.harvard.edu/api/access/datafile/6100779
doi:10.7910/DVN/E4UBPH,A13_24817.jpg,6100781,https://dataverse.harvard.edu/api/access/datafile/6100781
doi:10.7910/DVN/3AHVBH,A13_24818.jpg,6100783,https://dataverse.harvard.edu/api/access/datafile/6100783
doi:10.7910/DVN/KWWO0V,A13_24819.jpg,6100785,https://dataverse.harvard.edu/api/access/datafile/6100785
doi:10.7910/DVN/JIVIQR,A13_24820.jpg,6100787,https://dataverse.harvard.edu/api/access/datafile/6100787
doi:10.7910/DVN/DOYHNU,A13_24821.jpg,6100789,https://dataverse.harvard.edu/api/access/datafile/6100789
doi:10.7910/DVN/SDTCZD,A13_24822.jpg,6100791,https://dataverse.harvard.edu/api/access/datafile/6100791
doi:10.7910/DVN/9HYNAB,A13_24823.jpg,6100793,https://dataverse.harvard.edu/api/access/datafile/6100793
doi:10.7910/DVN/YQHSOQ,A13_24824.jpg,6100795,https://dataverse.harvard.edu/api/access/datafile/6100795
doi:10.7910/DVN/02COXC,A13_24825.jpg,6100797,https://dataverse.harvard.edu/api/access/datafile/6100797
doi:10.7910/DVN/UHG9HK,A13_24826.jpg,6100799,https://dataverse.harvard.edu/api/access/datafile/6100799
doi:10.7910/DVN/6TM1AB,A13_24827.jpg,6100801,https://dataverse.harvard.edu/api/access/datafile/6100801
doi:10.7910/DVN/Y865AC,A13_24828.jpg,6100803,https://dataverse.harvard.edu/api/access/datafile/6100803
doi:10.7910/DVN/4IVHUO,A13_24829.jpg,6100805,https://dataverse.harvard.edu/api/access/datafile/6100805
doi:10.7910/DVN/4YVPAR,A13_24830.jpg,6100807,https://dataverse.harvard.edu/api/access/datafile/6100807
doi:10.7910/DVN/QQWXPJ,A13_24831.jpg,6100809,https://dataverse.harvard.edu/api/access/datafile/6100809
doi:10.7910/DVN/F1VWMP,A13_24832.jpg,6100811,https://dataverse.harvard.edu/api/access/datafile/6100811
doi:10.7910/DVN/QRJUDY,A13_24833.jpg,6100813,https://dataverse.harvard.edu/api/access/datafile/6100813
doi:10.7910/DVN/FTWDQW,A13_24834.jpg,6100815,https://dataverse.harvard.edu/api/access/datafile/6100815
doi:10.7910/DVN/LLMTVR,A13_24835.jpg,6100817,https://dataverse.harvard.edu/api/access/datafile/6100817
doi:10.7910/DVN/IUUEJS,A13_24836.jpg,6100819,https://dataverse.harvard.edu/api/access/datafile/6100819
doi:10.7910/DVN/AA5EYA,A13_24837.jpg,6100821,https://dataverse.harvard.edu/api/access/datafile/6100821
doi:10.7910/DVN/8ZX9YB,A13_24838.jpg,6100823,https://dataverse.harvard.edu/api/access/datafile/6100823
doi:10.7910/DVN/QDMMBB,A13_24839.jpg,6100825,https://dataverse.harvard.edu/api/access/datafile/6100825
doi:10.7910/DVN/3JIBM4,A13_24840.jpg,6100827,https://dataverse.harvard.edu/api/access/datafile/6100827
doi:10.7910/DVN/P97EOX,A13_24841.jpg,6100829,https://dataverse.harvard.edu/api/access/datafile/6100829
doi:10.7910/DVN/OF8MDE,A13_24842.jpg,6100831,https://dataverse.harvard.edu/api/access/datafile/6100831
doi:10.7910/DVN/GV7DYR,A13_24843.jpg,6100833,https://dataverse.harvard.edu/api/access/datafile/6100833
doi:10.7910/DVN/3MPMXX,A13_24844.jpg,6100835,https://dataverse.harvard.edu/api/access/datafile/6100835
doi:10.7910/DVN/9IDE5R,A13_24845.jpg,6100837,https://dataverse.harvard.edu/api/access/datafile/6100837
doi:10.7910/DVN/HN5DGG,A13_24846.jpg,6100839,https://dataverse.harvard.edu/api/access/datafile/6100839
doi:10.7910/DVN/OPZLKS,A13_24847.jpg,6100841,https://dataverse.harvard.edu/api/access/datafile/6100841
doi:10.7910/DVN/4EKBGO,A13_24848.jpg,6100843,https://dataverse.harvard.edu/api/access/datafile/6100843
doi:10.7910/DVN/A9OBRV,A13_24849.jpg,6100845,https://dataverse.harvard.edu/api/access/datafile/6100845
doi:10.7910/DVN/3YXSLF,A13_24850.jpg,6100847,https://dataverse.harvard.edu/api/access/datafile/6100847
doi:10.7910/DVN/R8ONBS,A13_24851.jpg,6100849,https://dataverse.harvard.edu/api/access/datafile/6100849
doi:10.7910/DVN/1UEAXI,A13_24852.jpg,6100851,https://dataverse.harvard.edu/api/access/datafile/6100851
doi:10.7910/DVN/VXUXPS,A13_24853.jpg,6100853,https://dataverse.harvard.edu/api/access/datafile/6100853
doi:10.7910/DVN/KAXXIK,A13_24854.jpg,6100855,https://dataverse.harvard.edu/api/access/datafile/6100855
doi:10.7910/DVN/9FZPDZ,A13_24855.jpg,6100857,https://dataverse.harvard.edu/api/access/datafile/6100857
doi:10.7910/DVN/7DABAC,A13_24856.jpg,6100859,https://dataverse.harvard.edu/api/access/datafile/6100859
doi:10.7910/DVN/AD3WH7,A13_24857.jpg,6100861,https://dataverse.harvard.edu/api/access/datafile/6100861
doi:10.7910/DVN/VJEEGP,A13_24858.jpg,6100863,https://dataverse.harvard.edu/api/access/datafile/6100863
doi:10.7910/DVN/FAUYAW,A13_24859.jpg,6100865,https://dataverse.harvard.edu/api/access/datafile/6100865
doi:10.7910/DVN/MBTS0X,A13_24860.jpg,6100867,https://dataverse.harvard.edu/api/access/datafile/6100867
doi:10.7910/DVN/XZZYTO,A13_24861.jpg,6100869,https://dataverse.harvard.edu/api/access/datafile/6100869
doi:10.7910/DVN/JQJGAI,A13_24862.jpg,6100871,https://dataverse.harvard.edu/api/access/datafile/6100871
doi:10.7910/DVN/QDLVYX,A13_24863.jpg,6100873,https://dataverse.harvard.edu/api/access/datafile/6100873
doi:10.7910/DVN/FD9JCZ,A13_24864.jpg,6100875,https://dataverse.harvard.edu/api/access/datafile/6100875
doi:10.7910/DVN/IYOPOW,A13_24865.jpg,6100877,https://dataverse.harvard.edu/api/access/datafile/6100877
doi:10.7910/DVN/NEFHNU,A13_24866.jpg,6100879,https://dataverse.harvard.edu/api/access/datafile/6100879
doi:10.7910/DVN/VN4GQC,A13_24867.jpg,6100881,https://dataverse.harvard.edu/api/access/datafile/6100881
doi:10.7910/DVN/8FV96J,A13_24868.jpg,6100883,https://dataverse.harvard.edu/api/access/datafile/6100883
doi:10.7910/DVN/WLXJBS,A13_24869.jpg,6100885,https://dataverse.harvard.edu/api/access/datafile/6100885
doi:10.7910/DVN/QVPKXA,A13_24870.jpg,6100887,https://dataverse.harvard.edu/api/access/datafile/6100887
doi:10.7910/DVN/OMZQCM,A13_24871.jpg,6100889,https://dataverse.harvard.edu/api/access/datafile/6100889
doi:10.7910/DVN/W7N9UA,A13_24872.jpg,6100891,https://dataverse.harvard.edu/api/access/datafile/6100891
doi:10.7910/DVN/V41AFO,A13_24873.jpg,6100893,https://dataverse.harvard.edu/api/access/datafile/6100893
doi:10.7910/DVN/PR6HSS,A13_24874.jpg,6100895,https://dataverse.harvard.edu/api/access/datafile/6100895
doi:10.7910/DVN/RCY0IU,A13_24875.jpg,6100897,https://dataverse.harvard.edu/api/access/datafile/6100897
doi:10.7910/DVN/GCNKMU,A13_24876.jpg,6100899,https://dataverse.harvard.edu/api/access/datafile/6100899
doi:10.7910/DVN/K8MJXW,A13_24877.jpg,6100901,https://dataverse.harvard.edu/api/access/datafile/6100901
doi:10.7910/DVN/0OKHXQ,A13_24878.jpg,6100903,https://dataverse.harvard.edu/api/access/datafile/6100903
doi:10.7910/DVN/ZIMKRA,A13_24879.jpg,6100905,https://dataverse.harvard.edu/api/access/datafile/6100905
doi:10.7910/DVN/F8SQQJ,A13_24880.jpg,6100907,https://dataverse.harvard.edu/api/access/datafile/6100907
doi:10.7910/DVN/PLC8JT,A13_24881.jpg,6100909,https://dataverse.harvard.edu/api/access/datafile/6100909
doi:10.7910/DVN/MJDQVV,A13_24882.jpg,6100911,https://dataverse.harvard.edu/api/access/datafile/6100911
doi:10.7910/DVN/JBDLNG,A13_24883.jpg,6100913,https://dataverse.harvard.edu/api/access/datafile/6100913
doi:10.7910/DVN/SLFUOW,A13_24884.jpg,6100915,https://dataverse.harvard.edu/api/access/datafile/6100915
doi:10.7910/DVN/64EX4T,A13_24885.jpg,6100917,https://dataverse.harvard.edu/api/access/datafile/6100917
doi:10.7910/DVN/0VLHSE,A13_24886.jpg,6100919,https://dataverse.harvard.edu/api/access/datafile/6100919
doi:10.7910/DVN/JEITZP,A13_24887.jpg,6100921,https://dataverse.harvard.edu/api/access/datafile/6100921
doi:10.7910/DVN/G6X3PZ,A13_24888.jpg,6100923,https://dataverse.harvard.edu/api/access/datafile/6100923
doi:10.7910/DVN/DZJSPS,A13_24889.jpg,6100925,https://dataverse.harvard.edu/api/access/datafile/6100925
doi:10.7910/DVN/2EQ9MY,A13_24890.jpg,6100927,https://dataverse.harvard.edu/api/access/datafile/6100927
doi:10.7910/DVN/WWJIRM,A13_24891.jpg,6100929,https://dataverse.harvard.edu/api/access/datafile/6100929
doi:10.7910/DVN/KKELBT,A13_24892.jpg,6100931,https://dataverse.harvard.edu/api/access/datafile/6100931
doi:10.7910/DVN/UY0LBN,A13_24893.jpg,6100933,https://dataverse.harvard.edu/api/access/datafile/6100933
doi:10.7910/DVN/J7IZFH,A13_24894.jpg,6100935,https://dataverse.harvard.edu/api/access/datafile/6100935
doi:10.7910/DVN/6LSUN2,A13_24895.jpg,6100937,https://dataverse.harvard.edu/api/access/datafile/6100937
doi:10.7910/DVN/XJCIHN,A13_24896.jpg,6100939,https://dataverse.harvard.edu/api/access/datafile/6100939
doi:10.7910/DVN/MUXEF3,A13_24897.jpg,6100941,https://dataverse.harvard.edu/api/access/datafile/6100941
doi:10.7910/DVN/PSGXC8,A13_24898.jpg,6100943,https://dataverse.harvard.edu/api/access/datafile/6100943
doi:10.7910/DVN/46AVOP,A13_24899.jpg,6100945,https://dataverse.harvard.edu/api/access/datafile/6100945
doi:10.7910/DVN/P9EYFJ,A13_24900.jpg,6100947,https://dataverse.harvard.edu/api/access/datafile/6100947
doi:10.7910/DVN/V0L49U,A13_24901.jpg,6100949,https://dataverse.harvard.edu/api/access/datafile/6100949
doi:10.7910/DVN/LFFTTU,A13_24902.jpg,6100951,https://dataverse.harvard.edu/api/access/datafile/6100951
doi:10.7910/DVN/7LMUTT,A13_24903.jpg,6100953,https://dataverse.harvard.edu/api/access/datafile/6100953
doi:10.7910/DVN/NUCTT1,A13_24904.jpg,6100955,https://dataverse.harvard.edu/api/access/datafile/6100955
doi:10.7910/DVN/IZNWST,A13_24905.jpg,6100957,https://dataverse.harvard.edu/api/access/datafile/6100957
doi:10.7910/DVN/YJII2X,A13_24906.jpg,6100959,https://dataverse.harvard.edu/api/access/datafile/6100959
doi:10.7910/DVN/JW1BTM,A13_24907.jpg,6100961,https://dataverse.harvard.edu/api/access/datafile/6100961
doi:10.7910/DVN/SRDLRL,A13_24908.jpg,6100963,https://dataverse.harvard.edu/api/access/datafile/6100963
doi:10.7910/DVN/MICLOA,A13_24909.jpg,6100965,https://dataverse.harvard.edu/api/access/datafile/6100965
doi:10.7910/DVN/32Q9A0,A13_24910.jpg,6100967,https://dataverse.harvard.edu/api/access/datafile/6100967
doi:10.7910/DVN/A7J24P,A13_24911.jpg,6100969,https://dataverse.harvard.edu/api/access/datafile/6100969
doi:10.7910/DVN/74ZKQJ,A13_24912.jpg,6100971,https://dataverse.harvard.edu/api/access/datafile/6100971
doi:10.7910/DVN/4HQGB8,A13_24913.jpg,6100973,https://dataverse.harvard.edu/api/access/datafile/6100973
doi:10.7910/DVN/0ISDR4,A13_24914.jpg,6100975,https://dataverse.harvard.edu/api/access/datafile/6100975
doi:10.7910/DVN/XOZFHI,A13_24915.jpg,6100977,https://dataverse.harvard.edu/api/access/datafile/6100977
doi:10.7910/DVN/2CS9Y8,A13_24916.jpg,6100979,https://dataverse.harvard.edu/api/access/datafile/6100979
doi:10.7910/DVN/7I5KJF,A13_24917.jpg,6100981,https://dataverse.harvard.edu/api/access/datafile/6100981
doi:10.7910/DVN/C7DANN,A13_24918.jpg,6100983,https://dataverse.harvard.edu/api/access/datafile/6100983
doi:10.7910/DVN/4J0FXV,A13_24919.jpg,6100985,https://dataverse.harvard.edu/api/access/datafile/6100985
doi:10.7910/DVN/JHMU2B,A13_24920.jpg,6100987,https://dataverse.harvard.edu/api/access/datafile/6100987
doi:10.7910/DVN/6JPKZZ,A13_24921.jpg,6100989,https://dataverse.harvard.edu/api/access/datafile/6100989
doi:10.7910/DVN/ANTTOB,A13_24922.jpg,6100991,https://dataverse.harvard.edu/api/access/datafile/6100991
doi:10.7910/DVN/FDHTDM,A13_24923.jpg,6100993,https://dataverse.harvard.edu/api/access/datafile/6100993
doi:10.7910/DVN/P0GXF3,A13_24924.jpg,6100995,https://dataverse.harvard.edu/api/access/datafile/6100995
doi:10.7910/DVN/YTVPOX,A13_24925.jpg,6100997,https://dataverse.harvard.edu/api/access/datafile/6100997
doi:10.7910/DVN/QCIWNI,A13_24926.jpg,6100999,https://dataverse.harvard.edu/api/access/datafile/6100999
doi:10.7910/DVN/BWQHLB,A13_24927.jpg,6101001,https://dataverse.harvard.edu/api/access/datafile/6101001
doi:10.7910/DVN/7RQXTT,A13_24928.jpg,6101003,https://dataverse.harvard.edu/api/access/datafile/6101003
doi:10.7910/DVN/HHIFSV,A13_24929.jpg,6101005,https://dataverse.harvard.edu/api/access/datafile/6101005
doi:10.7910/DVN/JVQOGK,A13_24930.jpg,6101007,https://dataverse.harvard.edu/api/access/datafile/6101007
doi:10.7910/DVN/9CPERS,A13_24931.jpg,6101010,https://dataverse.harvard.edu/api/access/datafile/6101010
doi:10.7910/DVN/UL0XUR,A13_24932.jpg,6101012,https://dataverse.harvard.edu/api/access/datafile/6101012
doi:10.7910/DVN/7UOE89,A13_24933.jpg,6101014,https://dataverse.harvard.edu/api/access/datafile/6101014
doi:10.7910/DVN/3CWJAT,A13_24934.jpg,6101017,https://dataverse.harvard.edu/api/access/datafile/6101017
doi:10.7910/DVN/UJFYHM,A13_24935.jpg,6101019,https://dataverse.harvard.edu/api/access/datafile/6101019
doi:10.7910/DVN/KYFFL9,A13_24936.jpg,6101022,https://dataverse.harvard.edu/api/access/datafile/6101022
doi:10.7910/DVN/DSVPPQ,A13_24937.jpg,6101024,https://dataverse.harvard.edu/api/access/datafile/6101024
doi:10.7910/DVN/DKDBAN,A13_24938.jpg,6101028,https://dataverse.harvard.edu/api/access/datafile/6101028
doi:10.7910/DVN/CWKSLQ,A13_24939.jpg,6101030,https://dataverse.harvard.edu/api/access/datafile/6101030
doi:10.7910/DVN/T1IBG4,A13_24940.jpg,6101033,https://dataverse.harvard.edu/api/access/datafile/6101033
doi:10.7910/DVN/J2M56V,A13_24941.jpg,6101035,https://dataverse.harvard.edu/api/access/datafile/6101035
doi:10.7910/DVN/WWQKOX,A13_24942.jpg,6101038,https://dataverse.harvard.edu/api/access/datafile/6101038
doi:10.7910/DVN/D2GPB4,A13_24943.jpg,6101041,https://dataverse.harvard.edu/api/access/datafile/6101041
doi:10.7910/DVN/GMDOHG,A13_24944.jpg,6101043,https://dataverse.harvard.edu/api/access/datafile/6101043
doi:10.7910/DVN/CIEJGC,A13_24945.jpg,6101046,https://dataverse.harvard.edu/api/access/datafile/6101046
doi:10.7910/DVN/WQVZDR,A13_24946.jpg,6101049,https://dataverse.harvard.edu/api/access/datafile/6101049
doi:10.7910/DVN/SZIIZ0,A13_24947.jpg,6101051,https://dataverse.harvard.edu/api/access/datafile/6101051
doi:10.7910/DVN/E6EUK7,A13_24948.jpg,6101054,https://dataverse.harvard.edu/api/access/datafile/6101054
doi:10.7910/DVN/9PMURY,A13_24949.jpg,6101057,https://dataverse.harvard.edu/api/access/datafile/6101057
doi:10.7910/DVN/B11KVE,A13_24950.jpg,6101060,https://dataverse.harvard.edu/api/access/datafile/6101060
doi:10.7910/DVN/LAUIVF,A13_24951.jpg,6101063,https://dataverse.harvard.edu/api/access/datafile/6101063
doi:10.7910/DVN/BTOUDP,A13_24952.jpg,6101066,https://dataverse.harvard.edu/api/access/datafile/6101066
doi:10.7910/DVN/JZAILZ,A13_24953.jpg,6101069,https://dataverse.harvard.edu/api/access/datafile/6101069
doi:10.7910/DVN/NYHCHY,A13_24954.jpg,6101071,https://dataverse.harvard.edu/api/access/datafile/6101071
doi:10.7910/DVN/HXVAKQ,A13_24955.jpg,6101074,https://dataverse.harvard.edu/api/access/datafile/6101074
doi:10.7910/DVN/DA2IL5,A13_24956.jpg,6101076,https://dataverse.harvard.edu/api/access/datafile/6101076
doi:10.7910/DVN/BF3ILC,A13_24957.jpg,6101080,https://dataverse.harvard.edu/api/access/datafile/6101080
doi:10.7910/DVN/NLQREL,A13_24958.jpg,6101082,https://dataverse.harvard.edu/api/access/datafile/6101082
doi:10.7910/DVN/ZGHHFS,A13_24960.jpg,6101085,https://dataverse.harvard.edu/api/access/datafile/6101085
doi:10.7910/DVN/UD5N03,A13_24961.jpg,6101087,https://dataverse.harvard.edu/api/access/datafile/6101087
doi:10.7910/DVN/3BGH7A,A13_24962.jpg,6101090,https://dataverse.harvard.edu/api/access/datafile/6101090
doi:10.7910/DVN/T3DDXA,A13_24963.jpg,6101093,https://dataverse.harvard.edu/api/access/datafile/6101093
doi:10.7910/DVN/OMZWNJ,A13_24964.jpg,6101095,https://dataverse.harvard.edu/api/access/datafile/6101095
doi:10.7910/DVN/Y324TP,A13_24965.jpg,6101098,https://dataverse.harvard.edu/api/access/datafile/6101098
doi:10.7910/DVN/S3KXOP,A13_24966.jpg,6101100,https://dataverse.harvard.edu/api/access/datafile/6101100
doi:10.7910/DVN/KV2JCV,A13_24967.jpg,6101102,https://dataverse.harvard.edu/api/access/datafile/6101102
doi:10.7910/DVN/QHUNQX,A13_24968.jpg,6101105,https://dataverse.harvard.edu/api/access/datafile/6101105
doi:10.7910/DVN/VPIIS2,A13_24969.jpg,6101108,https://dataverse.harvard.edu/api/access/datafile/6101108
doi:10.7910/DVN/UDWWUH,A13_24970.jpg,6101111,https://dataverse.harvard.edu/api/access/datafile/6101111
doi:10.7910/DVN/82DGIC,A13_24971.jpg,6101113,https://dataverse.harvard.edu/api/access/datafile/6101113
doi:10.7910/DVN/SAOZXG,A13_24973.jpg,6101115,https://dataverse.harvard.edu/api/access/datafile/6101115
doi:10.7910/DVN/X9SBXI,A13_24974.jpg,6101118,https://dataverse.harvard.edu/api/access/datafile/6101118
doi:10.7910/DVN/MKBX1P,A13_24975.jpg,6101120,https://dataverse.harvard.edu/api/access/datafile/6101120
doi:10.7910/DVN/ZKNUD3,A13_24976.jpg,6101123,https://dataverse.harvard.edu/api/access/datafile/6101123
doi:10.7910/DVN/EIYTKW,A13_24977.jpg,6101125,https://dataverse.harvard.edu/api/access/datafile/6101125
doi:10.7910/DVN/KYE4SR,A13_24978.jpg,6101128,https://dataverse.harvard.edu/api/access/datafile/6101128
doi:10.7910/DVN/EPORIH,A13_24979.jpg,6101130,https://dataverse.harvard.edu/api/access/datafile/6101130
doi:10.7910/DVN/JOJQW7,A13_24980.jpg,6101133,https://dataverse.harvard.edu/api/access/datafile/6101133
doi:10.7910/DVN/XQQHWP,A13_24981.jpg,6101135,https://dataverse.harvard.edu/api/access/datafile/6101135
doi:10.7910/DVN/Q0KZ22,A13_24982.jpg,6101138,https://dataverse.harvard.edu/api/access/datafile/6101138
doi:10.7910/DVN/VN04OG,A13_24983.jpg,6101140,https://dataverse.harvard.edu/api/access/datafile/6101140
doi:10.7910/DVN/B2FCZY,A13_24984.jpg,6101142,https://dataverse.harvard.edu/api/access/datafile/6101142
doi:10.7910/DVN/RF3TUN,A13_24985.jpg,6101145,https://dataverse.harvard.edu/api/access/datafile/6101145
doi:10.7910/DVN/UPUV4X,A13_24986.jpg,6101147,https://dataverse.harvard.edu/api/access/datafile/6101147
doi:10.7910/DVN/IHLV6F,A13_24987.jpg,6101150,https://dataverse.harvard.edu/api/access/datafile/6101150
doi:10.7910/DVN/KQACEX,A13_24988.jpg,6101152,https://dataverse.harvard.edu/api/access/datafile/6101152
doi:10.7910/DVN/VFEYGE,A13_24989.jpg,6101155,https://dataverse.harvard.edu/api/access/datafile/6101155
doi:10.7910/DVN/YN1471,A13_24990.jpg,6101157,https://dataverse.harvard.edu/api/access/datafile/6101157
doi:10.7910/DVN/IIGO09,A13_24991.jpg,6101159,https://dataverse.harvard.edu/api/access/datafile/6101159
doi:10.7910/DVN/8CZQ9R,A13_24992.jpg,6101162,https://dataverse.harvard.edu/api/access/datafile/6101162
doi:10.7910/DVN/PRMGJY,A13_24993.jpg,6101164,https://dataverse.harvard.edu/api/access/datafile/6101164
doi:10.7910/DVN/NOGRS5,A13_24994.jpg,6101167,https://dataverse.harvard.edu/api/access/datafile/6101167
doi:10.7910/DVN/CXYVEL,A13_24995.jpg,6101169,https://dataverse.harvard.edu/api/access/datafile/6101169
doi:10.7910/DVN/NDSMDA,A13_24996.jpg,6101173,https://dataverse.harvard.edu/api/access/datafile/6101173
doi:10.7910/DVN/BSY6KD,A13_24997.jpg,6101175,https://dataverse.harvard.edu/api/access/datafile/6101175
doi:10.7910/DVN/CJDNIE,A13_24998.jpg,6101178,https://dataverse.harvard.edu/api/access/datafile/6101178
doi:10.7910/DVN/AOPAD2,A13_24999.jpg,6101180,https://dataverse.harvard.edu/api/access/datafile/6101180
doi:10.7910/DVN/XR0QDA,A13_25000.jpg,6101183,https://dataverse.harvard.edu/api/access/datafile/6101183
doi:10.7910/DVN/P0L9OT,A13_25001.jpg,6101187,https://dataverse.harvard.edu/api/access/datafile/6101187
doi:10.7910/DVN/WRO0LY,A13_25002.jpg,6101189,https://dataverse.harvard.edu/api/access/datafile/6101189
doi:10.7910/DVN/IDASBR,A13_25003.jpg,6101191,https://dataverse.harvard.edu/api/access/datafile/6101191
doi:10.7910/DVN/ZUYJ3G,A13_25004.jpg,6101194,https://dataverse.harvard.edu/api/access/datafile/6101194
doi:10.7910/DVN/UWNUQR,A13_25005.jpg,6101196,https://dataverse.harvard.edu/api/access/datafile/6101196
doi:10.7910/DVN/ENLCRT,A13_25006.jpg,6101199,https://dataverse.harvard.edu/api/access/datafile/6101199
doi:10.7910/DVN/YAUEMU,A13_25007.jpg,6101201,https://dataverse.harvard.edu/api/access/datafile/6101201
doi:10.7910/DVN/SGNRRQ,A13_25008.jpg,6101204,https://dataverse.harvard.edu/api/access/datafile/6101204
doi:10.7910/DVN/HWLFW5,A13_25009.jpg,6101207,https://dataverse.harvard.edu/api/access/datafile/6101207
doi:10.7910/DVN/RITQYR,A13_25010.jpg,6101210,https://dataverse.harvard.edu/api/access/datafile/6101210
doi:10.7910/DVN/I8HCIP,A13_25011.jpg,6101212,https://dataverse.harvard.edu/api/access/datafile/6101212
doi:10.7910/DVN/3LCBIP,A13_25012.jpg,6101215,https://dataverse.harvard.edu/api/access/datafile/6101215
doi:10.7910/DVN/USFGSK,A13_25013.jpg,6101218,https://dataverse.harvard.edu/api/access/datafile/6101218
doi:10.7910/DVN/UGUQV6,A13_25014.jpg,6101220,https://dataverse.harvard.edu/api/access/datafile/6101220
doi:10.7910/DVN/4XJAND,A13_25015.jpg,6101223,https://dataverse.harvard.edu/api/access/datafile/6101223
doi:10.7910/DVN/DBVB4L,A13_25016.jpg,6101225,https://dataverse.harvard.edu/api/access/datafile/6101225
doi:10.7910/DVN/XTLZYR,A13_25017.jpg,6101227,https://dataverse.harvard.edu/api/access/datafile/6101227
doi:10.7910/DVN/WNCKWB,A13_25018.jpg,6101230,https://dataverse.harvard.edu/api/access/datafile/6101230
doi:10.7910/DVN/GW7AKX,A13_25019.jpg,6101233,https://dataverse.harvard.edu/api/access/datafile/6101233
doi:10.7910/DVN/CLHNWY,A13_25020.jpg,6101235,https://dataverse.harvard.edu/api/access/datafile/6101235
doi:10.7910/DVN/Z1GAZJ,A13_25021.jpg,6101237,https://dataverse.harvard.edu/api/access/datafile/6101237
doi:10.7910/DVN/THBYVW,A13_25022.jpg,6101240,https://dataverse.harvard.edu/api/access/datafile/6101240
doi:10.7910/DVN/TJKJZH,A13_25023.jpg,6101243,https://dataverse.harvard.edu/api/access/datafile/6101243
doi:10.7910/DVN/1BLFS8,A13_25024.jpg,6101245,https://dataverse.harvard.edu/api/access/datafile/6101245
doi:10.7910/DVN/5Z8IYW,A13_25025.jpg,6101248,https://dataverse.harvard.edu/api/access/datafile/6101248
doi:10.7910/DVN/5QBG1C,A13_25026.jpg,6101250,https://dataverse.harvard.edu/api/access/datafile/6101250
doi:10.7910/DVN/WQC53Z,A13_25027.jpg,6101252,https://dataverse.harvard.edu/api/access/datafile/6101252
doi:10.7910/DVN/9GOCM6,A13_25028.jpg,6101254,https://dataverse.harvard.edu/api/access/datafile/6101254
doi:10.7910/DVN/882CFM,A13_25029.jpg,6101264,https://dataverse.harvard.edu/api/access/datafile/6101264
doi:10.7910/DVN/DM7HYS,A13_25030.jpg,6101266,https://dataverse.harvard.edu/api/access/datafile/6101266
doi:10.7910/DVN/KIVGAX,A13_25031.jpg,6101268,https://dataverse.harvard.edu/api/access/datafile/6101268
doi:10.7910/DVN/DGBAYS,A13_25032.jpg,6101270,https://dataverse.harvard.edu/api/access/datafile/6101270
doi:10.7910/DVN/TURCSX,A13_25033.jpg,6101272,https://dataverse.harvard.edu/api/access/datafile/6101272
doi:10.7910/DVN/WRE8EA,A13_25034.jpg,6101274,https://dataverse.harvard.edu/api/access/datafile/6101274
doi:10.7910/DVN/GNB0OB,A13_25035.jpg,6101276,https://dataverse.harvard.edu/api/access/datafile/6101276
doi:10.7910/DVN/P243LO,A13_25036.jpg,6101278,https://dataverse.harvard.edu/api/access/datafile/6101278
doi:10.7910/DVN/Y61CQE,A13_25037.jpg,6101280,https://dataverse.harvard.edu/api/access/datafile/6101280
doi:10.7910/DVN/VDBI6Z,A13_25038.jpg,6101282,https://dataverse.harvard.edu/api/access/datafile/6101282
doi:10.7910/DVN/RRIOQR,A13_25039.jpg,6101284,https://dataverse.harvard.edu/api/access/datafile/6101284
doi:10.7910/DVN/XVKHY6,A13_25040.jpg,6101286,https://dataverse.harvard.edu/api/access/datafile/6101286
doi:10.7910/DVN/Q9OUWJ,A13_25041.jpg,6101288,https://dataverse.harvard.edu/api/access/datafile/6101288
doi:10.7910/DVN/ATTSEY,A13_25042.jpg,6101290,https://dataverse.harvard.edu/api/access/datafile/6101290
doi:10.7910/DVN/YUVYM6,A13_25043.jpg,6101292,https://dataverse.harvard.edu/api/access/datafile/6101292
doi:10.7910/DVN/9LGVOY,A13_25045.jpg,6101294,https://dataverse.harvard.edu/api/access/datafile/6101294
doi:10.7910/DVN/W9VQZB,A13_25046.jpg,6101296,https://dataverse.harvard.edu/api/access/datafile/6101296
doi:10.7910/DVN/O9B6HH,A13_25047.jpg,6101298,https://dataverse.harvard.edu/api/access/datafile/6101298
doi:10.7910/DVN/MWVUH2,A13_25048.jpg,6101300,https://dataverse.harvard.edu/api/access/datafile/6101300
doi:10.7910/DVN/LMVV0Y,A13_25049.jpg,6101302,https://dataverse.harvard.edu/api/access/datafile/6101302
doi:10.7910/DVN/5VSN9J,A13_25050.jpg,6101305,https://dataverse.harvard.edu/api/access/datafile/6101305
doi:10.7910/DVN/XX4TPR,A13_25051.jpg,6101307,https://dataverse.harvard.edu/api/access/datafile/6101307
doi:10.7910/DVN/RBH11E,A13_25052.jpg,6101310,https://dataverse.harvard.edu/api/access/datafile/6101310
doi:10.7910/DVN/S59MZJ,A13_25053.jpg,6101312,https://dataverse.harvard.edu/api/access/datafile/6101312
doi:10.7910/DVN/6NTEXX,A13_25054.jpg,6101316,https://dataverse.harvard.edu/api/access/datafile/6101316
doi:10.7910/DVN/E58HXF,A13_25055.jpg,6101318,https://dataverse.harvard.edu/api/access/datafile/6101318
doi:10.7910/DVN/2GXLHP,A13_25056.jpg,6101320,https://dataverse.harvard.edu/api/access/datafile/6101320
doi:10.7910/DVN/KC1OKB,A13_25057.jpg,6101322,https://dataverse.harvard.edu/api/access/datafile/6101322
doi:10.7910/DVN/1KAMJE,A13_25058.jpg,6101325,https://dataverse.harvard.edu/api/access/datafile/6101325
doi:10.7910/DVN/FDSY8D,A13_25059.jpg,6101328,https://dataverse.harvard.edu/api/access/datafile/6101328
doi:10.7910/DVN/I1AWF3,A13_25060.jpg,6101330,https://dataverse.harvard.edu/api/access/datafile/6101330
doi:10.7910/DVN/V8DRRQ,A13_25061.jpg,6101333,https://dataverse.harvard.edu/api/access/datafile/6101333
doi:10.7910/DVN/RBFHWT,A13_25062.jpg,6101336,https://dataverse.harvard.edu/api/access/datafile/6101336
doi:10.7910/DVN/HMZAZQ,A13_25063.jpg,6101339,https://dataverse.harvard.edu/api/access/datafile/6101339
doi:10.7910/DVN/ML6DYM,A13_25064.jpg,6101342,https://dataverse.harvard.edu/api/access/datafile/6101342
doi:10.7910/DVN/4KCNBO,A13_25065.jpg,6101344,https://dataverse.harvard.edu/api/access/datafile/6101344
doi:10.7910/DVN/GMYWKO,A13_25066.jpg,6101347,https://dataverse.harvard.edu/api/access/datafile/6101347
doi:10.7910/DVN/Y1CLER,A13_25067.jpg,6101350,https://dataverse.harvard.edu/api/access/datafile/6101350
doi:10.7910/DVN/QTCEIX,A13_25068.jpg,6101354,https://dataverse.harvard.edu/api/access/datafile/6101354
doi:10.7910/DVN/ZKIKRT,A13_25069.jpg,6101357,https://dataverse.harvard.edu/api/access/datafile/6101357
doi:10.7910/DVN/YDR7JB,A13_25070.jpg,6101447,https://dataverse.harvard.edu/api/access/datafile/6101447
doi:10.7910/DVN/QZEEYL,A13_25071.jpg,6101450,https://dataverse.harvard.edu/api/access/datafile/6101450
doi:10.7910/DVN/G25ZDA,A13_25072.jpg,6101452,https://dataverse.harvard.edu/api/access/datafile/6101452
doi:10.7910/DVN/YTAEE0,A13_25073.jpg,6101456,https://dataverse.harvard.edu/api/access/datafile/6101456
doi:10.7910/DVN/BKXIOW,A13_25074.jpg,6101458,https://dataverse.harvard.edu/api/access/datafile/6101458
doi:10.7910/DVN/DBD2PP,A13_25075.jpg,6101461,https://dataverse.harvard.edu/api/access/datafile/6101461
doi:10.7910/DVN/UR8FLG,A13_25076.jpg,6101463,https://dataverse.harvard.edu/api/access/datafile/6101463
doi:10.7910/DVN/FW0AZG,A13_25077.jpg,6101466,https://dataverse.harvard.edu/api/access/datafile/6101466
doi:10.7910/DVN/UI5V6A,A13_25078.jpg,6101470,https://dataverse.harvard.edu/api/access/datafile/6101470
doi:10.7910/DVN/6PULV0,A13_25079.jpg,6101472,https://dataverse.harvard.edu/api/access/datafile/6101472
doi:10.7910/DVN/WTJKTK,A13_25080.jpg,6101477,https://dataverse.harvard.edu/api/access/datafile/6101477
doi:10.7910/DVN/3WHSXC,A13_25081.jpg,6101479,https://dataverse.harvard.edu/api/access/datafile/6101479
doi:10.7910/DVN/WESKAM,A13_25082.jpg,6101484,https://dataverse.harvard.edu/api/access/datafile/6101484
doi:10.7910/DVN/L5NDT5,A13_25083.jpg,6101486,https://dataverse.harvard.edu/api/access/datafile/6101486
doi:10.7910/DVN/KCQNPQ,A13_25084.jpg,6101489,https://dataverse.harvard.edu/api/access/datafile/6101489
doi:10.7910/DVN/ZNH86K,A13_25085.jpg,6101492,https://dataverse.harvard.edu/api/access/datafile/6101492
doi:10.7910/DVN/DNY7HF,A13_25086.jpg,6101494,https://dataverse.harvard.edu/api/access/datafile/6101494
doi:10.7910/DVN/6YFI8W,A13_25087.jpg,6101497,https://dataverse.harvard.edu/api/access/datafile/6101497
doi:10.7910/DVN/JEKGJR,A13_25088.jpg,6101499,https://dataverse.harvard.edu/api/access/datafile/6101499
doi:10.7910/DVN/O4IXFR,A13_25089.jpg,6101503,https://dataverse.harvard.edu/api/access/datafile/6101503
doi:10.7910/DVN/0M2REB,A13_25090.jpg,6101505,https://dataverse.harvard.edu/api/access/datafile/6101505
doi:10.7910/DVN/1B52HK,A13_25092.jpg,6101508,https://dataverse.harvard.edu/api/access/datafile/6101508
doi:10.7910/DVN/MJHRWR,A13_25093.jpg,6101511,https://dataverse.harvard.edu/api/access/datafile/6101511
doi:10.7910/DVN/NWAAU5,A13_25094.jpg,6101514,https://dataverse.harvard.edu/api/access/datafile/6101514
doi:10.7910/DVN/RXU6D8,A13_25095.jpg,6101517,https://dataverse.harvard.edu/api/access/datafile/6101517
doi:10.7910/DVN/HG5SZF,A13_25096.jpg,6101520,https://dataverse.harvard.edu/api/access/datafile/6101520
doi:10.7910/DVN/SCTJMZ,A13_25097.jpg,6101523,https://dataverse.harvard.edu/api/access/datafile/6101523
doi:10.7910/DVN/LPJQ36,A13_25098.jpg,6101526,https://dataverse.harvard.edu/api/access/datafile/6101526
doi:10.7910/DVN/VOM3RU,A13_25099.jpg,6101528,https://dataverse.harvard.edu/api/access/datafile/6101528
doi:10.7910/DVN/GNLYKZ,A13_25100.jpg,6101532,https://dataverse.harvard.edu/api/access/datafile/6101532
doi:10.7910/DVN/A0PUIH,A13_25101.jpg,6101534,https://dataverse.harvard.edu/api/access/datafile/6101534
doi:10.7910/DVN/KQKSN2,A13_25102.jpg,6101538,https://dataverse.harvard.edu/api/access/datafile/6101538
doi:10.7910/DVN/2DRAVD,A13_25103.jpg,6101540,https://dataverse.harvard.edu/api/access/datafile/6101540
doi:10.7910/DVN/FBKLSB,A13_25104.jpg,6101543,https://dataverse.harvard.edu/api/access/datafile/6101543
doi:10.7910/DVN/SNDKM4,A13_25105.jpg,6101546,https://dataverse.harvard.edu/api/access/datafile/6101546
doi:10.7910/DVN/L4Z4EF,A13_25106.jpg,6101549,https://dataverse.harvard.edu/api/access/datafile/6101549
doi:10.7910/DVN/DUZIRS,A13_25107.jpg,6101551,https://dataverse.harvard.edu/api/access/datafile/6101551
doi:10.7910/DVN/AGEYVC,A13_25108.jpg,6101555,https://dataverse.harvard.edu/api/access/datafile/6101555
doi:10.7910/DVN/5MW7XA,A13_25109.jpg,6101557,https://dataverse.harvard.edu/api/access/datafile/6101557
doi:10.7910/DVN/QCXMCT,A13_25110.jpg,6101561,https://dataverse.harvard.edu/api/access/datafile/6101561
doi:10.7910/DVN/NDPTYT,A13_25111.jpg,6101563,https://dataverse.harvard.edu/api/access/datafile/6101563
doi:10.7910/DVN/5C7PMW,A13_25112.jpg,6101565,https://dataverse.harvard.edu/api/access/datafile/6101565
doi:10.7910/DVN/KPAJPS,A13_25113.jpg,6101567,https://dataverse.harvard.edu/api/access/datafile/6101567
doi:10.7910/DVN/EKNGIB,A13_25114.jpg,6101569,https://dataverse.harvard.edu/api/access/datafile/6101569
doi:10.7910/DVN/VCKNLP,A13_25115.jpg,6101571,https://dataverse.harvard.edu/api/access/datafile/6101571
doi:10.7910/DVN/UDMJKB,A13_25116.jpg,6101573,https://dataverse.harvard.edu/api/access/datafile/6101573
doi:10.7910/DVN/AD6LY2,A13_25117.jpg,6101577,https://dataverse.harvard.edu/api/access/datafile/6101577
doi:10.7910/DVN/LFVQIA,A13_25118.jpg,6101579,https://dataverse.harvard.edu/api/access/datafile/6101579
doi:10.7910/DVN/O4KVML,A13_25119.jpg,6101581,https://dataverse.harvard.edu/api/access/datafile/6101581
doi:10.7910/DVN/3DWQHW,A13_25120.jpg,6101583,https://dataverse.harvard.edu/api/access/datafile/6101583
doi:10.7910/DVN/J96EXD,A13_25121.jpg,6101585,https://dataverse.harvard.edu/api/access/datafile/6101585
doi:10.7910/DVN/TEZ3Q8,A13_25122.jpg,6101587,https://dataverse.harvard.edu/api/access/datafile/6101587
doi:10.7910/DVN/X5QTOZ,A13_25123.jpg,6101589,https://dataverse.harvard.edu/api/access/datafile/6101589
doi:10.7910/DVN/UKW9W5,A13_25124.jpg,6101591,https://dataverse.harvard.edu/api/access/datafile/6101591
doi:10.7910/DVN/B2PXIX,A13_25125.jpg,6101593,https://dataverse.harvard.edu/api/access/datafile/6101593
doi:10.7910/DVN/FKALU2,A13_25126.jpg,6101595,https://dataverse.harvard.edu/api/access/datafile/6101595
doi:10.7910/DVN/JAZKRB,A13_25127.jpg,6101597,https://dataverse.harvard.edu/api/access/datafile/6101597
doi:10.7910/DVN/E9GFGX,A13_25128.jpg,6101599,https://dataverse.harvard.edu/api/access/datafile/6101599
doi:10.7910/DVN/K9TXXZ,A13_25129.jpg,6101601,https://dataverse.harvard.edu/api/access/datafile/6101601
doi:10.7910/DVN/5ZHE0X,A13_25130.jpg,6101603,https://dataverse.harvard.edu/api/access/datafile/6101603
doi:10.7910/DVN/5NWAYW,A13_25131.jpg,6101605,https://dataverse.harvard.edu/api/access/datafile/6101605
doi:10.7910/DVN/ECOUPC,A13_25132.jpg,6101607,https://dataverse.harvard.edu/api/access/datafile/6101607
doi:10.7910/DVN/WO0Y1Q,A13_25133.jpg,6101609,https://dataverse.harvard.edu/api/access/datafile/6101609
doi:10.7910/DVN/JHHOHO,A13_25134.jpg,6101611,https://dataverse.harvard.edu/api/access/datafile/6101611
doi:10.7910/DVN/CNOG8H,A13_25135.jpg,6101613,https://dataverse.harvard.edu/api/access/datafile/6101613
doi:10.7910/DVN/2WLVJG,A13_25136.jpg,6101615,https://dataverse.harvard.edu/api/access/datafile/6101615
doi:10.7910/DVN/7LBO30,A13_25137.jpg,6101617,https://dataverse.harvard.edu/api/access/datafile/6101617
doi:10.7910/DVN/BC3VKM,A13_25138.jpg,6101619,https://dataverse.harvard.edu/api/access/datafile/6101619
doi:10.7910/DVN/MDACNJ,A13_25139.jpg,6101621,https://dataverse.harvard.edu/api/access/datafile/6101621
doi:10.7910/DVN/NDAMRI,A13_25140.jpg,6101623,https://dataverse.harvard.edu/api/access/datafile/6101623
doi:10.7910/DVN/CBYB8R,A13_25141.jpg,6101625,https://dataverse.harvard.edu/api/access/datafile/6101625
doi:10.7910/DVN/MPQYNN,A13_25143.jpg,6101627,https://dataverse.harvard.edu/api/access/datafile/6101627
doi:10.7910/DVN/O0EXZA,A13_25144.jpg,6101629,https://dataverse.harvard.edu/api/access/datafile/6101629
doi:10.7910/DVN/9IYSJA,A13_25145.jpg,6101631,https://dataverse.harvard.edu/api/access/datafile/6101631
doi:10.7910/DVN/XMENPR,A13_25146.jpg,6101633,https://dataverse.harvard.edu/api/access/datafile/6101633
doi:10.7910/DVN/AJIPPZ,A13_25147.jpg,6101635,https://dataverse.harvard.edu/api/access/datafile/6101635
doi:10.7910/DVN/K5ZWUX,A13_25148.jpg,6101637,https://dataverse.harvard.edu/api/access/datafile/6101637
doi:10.7910/DVN/9W354Q,A13_25149.jpg,6101639,https://dataverse.harvard.edu/api/access/datafile/6101639
doi:10.7910/DVN/ARXSXL,A13_25150.jpg,6101641,https://dataverse.harvard.edu/api/access/datafile/6101641
doi:10.7910/DVN/TTEJBW,A13_25151.jpg,6101643,https://dataverse.harvard.edu/api/access/datafile/6101643
doi:10.7910/DVN/XRPF20,A13_25152.jpg,6101645,https://dataverse.harvard.edu/api/access/datafile/6101645
doi:10.7910/DVN/BKTXQN,A13_25153.jpg,6101647,https://dataverse.harvard.edu/api/access/datafile/6101647
doi:10.7910/DVN/YI8QRY,A13_25154.jpg,6101649,https://dataverse.harvard.edu/api/access/datafile/6101649
doi:10.7910/DVN/Q74LGG,A13_25155.jpg,6101651,https://dataverse.harvard.edu/api/access/datafile/6101651
doi:10.7910/DVN/7BQGAR,A13_25156.jpg,6101653,https://dataverse.harvard.edu/api/access/datafile/6101653
doi:10.7910/DVN/FTWAOU,A13_25157.jpg,6101655,https://dataverse.harvard.edu/api/access/datafile/6101655
doi:10.7910/DVN/RQGN9X,A13_25158.jpg,6101657,https://dataverse.harvard.edu/api/access/datafile/6101657
doi:10.7910/DVN/Y0DNEH,A13_25159.jpg,6101664,https://dataverse.harvard.edu/api/access/datafile/6101664
doi:10.7910/DVN/CF4CMV,A13_25160.jpg,6101666,https://dataverse.harvard.edu/api/access/datafile/6101666
doi:10.7910/DVN/3W9MCD,A13_25161.jpg,6101668,https://dataverse.harvard.edu/api/access/datafile/6101668
doi:10.7910/DVN/PYR0ZP,A13_25162.jpg,6101670,https://dataverse.harvard.edu/api/access/datafile/6101670
doi:10.7910/DVN/ROHJ57,A13_25163.jpg,6101672,https://dataverse.harvard.edu/api/access/datafile/6101672
doi:10.7910/DVN/13MLZT,A13_25164.jpg,6101674,https://dataverse.harvard.edu/api/access/datafile/6101674
doi:10.7910/DVN/YUM2HW,A13_25165.jpg,6101676,https://dataverse.harvard.edu/api/access/datafile/6101676
doi:10.7910/DVN/DRCBLG,A13_25166.jpg,6101678,https://dataverse.harvard.edu/api/access/datafile/6101678
doi:10.7910/DVN/Z7KVVA,A13_25167.jpg,6101680,https://dataverse.harvard.edu/api/access/datafile/6101680
doi:10.7910/DVN/5CLDJH,A13_25168.jpg,6101682,https://dataverse.harvard.edu/api/access/datafile/6101682
doi:10.7910/DVN/6UAMRW,A13_25169.jpg,6101684,https://dataverse.harvard.edu/api/access/datafile/6101684
doi:10.7910/DVN/PWWH0E,A13_25170.jpg,6101686,https://dataverse.harvard.edu/api/access/datafile/6101686
doi:10.7910/DVN/F9HXHM,A13_25171.jpg,6101688,https://dataverse.harvard.edu/api/access/datafile/6101688
doi:10.7910/DVN/RDEHAP,A13_25172.jpg,6101690,https://dataverse.harvard.edu/api/access/datafile/6101690
doi:10.7910/DVN/LRAN5U,A13_25173.jpg,6101692,https://dataverse.harvard.edu/api/access/datafile/6101692
doi:10.7910/DVN/XQSUK4,A13_25174.jpg,6101694,https://dataverse.harvard.edu/api/access/datafile/6101694
doi:10.7910/DVN/RVNLUS,A13_25175.jpg,6101697,https://dataverse.harvard.edu/api/access/datafile/6101697
doi:10.7910/DVN/ELVGMO,A13_25176.jpg,6101699,https://dataverse.harvard.edu/api/access/datafile/6101699
doi:10.7910/DVN/B6FHKA,A13_25177.jpg,6101702,https://dataverse.harvard.edu/api/access/datafile/6101702
doi:10.7910/DVN/HWQHMS,A13_25178.jpg,6101704,https://dataverse.harvard.edu/api/access/datafile/6101704
doi:10.7910/DVN/03KFET,A13_25179.jpg,6101706,https://dataverse.harvard.edu/api/access/datafile/6101706
doi:10.7910/DVN/H1MPQV,A13_25180.jpg,6101709,https://dataverse.harvard.edu/api/access/datafile/6101709
doi:10.7910/DVN/GPXOFF,A13_25181.jpg,6101711,https://dataverse.harvard.edu/api/access/datafile/6101711
doi:10.7910/DVN/FEJQZ9,A13_25182.jpg,6101714,https://dataverse.harvard.edu/api/access/datafile/6101714
doi:10.7910/DVN/50UD6P,A13_25183.jpg,6101716,https://dataverse.harvard.edu/api/access/datafile/6101716
doi:10.7910/DVN/CKGS9F,A13_25184.jpg,6101719,https://dataverse.harvard.edu/api/access/datafile/6101719
doi:10.7910/DVN/GXJIF8,A13_25185.jpg,6101721,https://dataverse.harvard.edu/api/access/datafile/6101721
doi:10.7910/DVN/ZOUKVL,A13_25186.jpg,6101724,https://dataverse.harvard.edu/api/access/datafile/6101724
doi:10.7910/DVN/JGV0NE,A13_25187.jpg,6101726,https://dataverse.harvard.edu/api/access/datafile/6101726
doi:10.7910/DVN/USTUYP,A13_25188.jpg,6101729,https://dataverse.harvard.edu/api/access/datafile/6101729
doi:10.7910/DVN/DPKZXD,A13_25189.jpg,6101731,https://dataverse.harvard.edu/api/access/datafile/6101731
doi:10.7910/DVN/CLNURR,A13_25190.jpg,6101733,https://dataverse.harvard.edu/api/access/datafile/6101733
doi:10.7910/DVN/J9DAU5,A13_25191.jpg,6101736,https://dataverse.harvard.edu/api/access/datafile/6101736
doi:10.7910/DVN/VO2VU7,A13_25192.jpg,6101738,https://dataverse.harvard.edu/api/access/datafile/6101738
doi:10.7910/DVN/XE3C1Y,A13_25193.jpg,6101741,https://dataverse.harvard.edu/api/access/datafile/6101741
doi:10.7910/DVN/9S2TQS,A13_25194.jpg,6101743,https://dataverse.harvard.edu/api/access/datafile/6101743
doi:10.7910/DVN/0QGFZL,A13_25195.jpg,6101746,https://dataverse.harvard.edu/api/access/datafile/6101746
doi:10.7910/DVN/B63OIA,A13_25196.jpg,6101748,https://dataverse.harvard.edu/api/access/datafile/6101748
doi:10.7910/DVN/YN79U4,A13_25197.jpg,6101751,https://dataverse.harvard.edu/api/access/datafile/6101751
doi:10.7910/DVN/TUWIIL,A13_25198.jpg,6101753,https://dataverse.harvard.edu/api/access/datafile/6101753
doi:10.7910/DVN/4BN8XY,A13_25199.jpg,6101756,https://dataverse.harvard.edu/api/access/datafile/6101756
doi:10.7910/DVN/EDKPDL,A13_25200.jpg,6101758,https://dataverse.harvard.edu/api/access/datafile/6101758
doi:10.7910/DVN/A1EL05,A13_25201.jpg,6101760,https://dataverse.harvard.edu/api/access/datafile/6101760
doi:10.7910/DVN/UUSXWS,A13_25202.jpg,6101763,https://dataverse.harvard.edu/api/access/datafile/6101763
doi:10.7910/DVN/FKJRW7,A13_25203.jpg,6101765,https://dataverse.harvard.edu/api/access/datafile/6101765
doi:10.7910/DVN/FEVOID,A13_25204.jpg,6101768,https://dataverse.harvard.edu/api/access/datafile/6101768
doi:10.7910/DVN/0YCTZM,A13_25205.jpg,6101770,https://dataverse.harvard.edu/api/access/datafile/6101770
doi:10.7910/DVN/IWNOWZ,A13_25206.jpg,6101773,https://dataverse.harvard.edu/api/access/datafile/6101773
doi:10.7910/DVN/TPXFD6,A13_25207.jpg,6101775,https://dataverse.harvard.edu/api/access/datafile/6101775
doi:10.7910/DVN/BFIGKO,A13_25208.jpg,6101777,https://dataverse.harvard.edu/api/access/datafile/6101777
doi:10.7910/DVN/XTJ9BM,A13_25209.jpg,6101779,https://dataverse.harvard.edu/api/access/datafile/6101779
doi:10.7910/DVN/NM7DYA,A13_25210.jpg,6101781,https://dataverse.harvard.edu/api/access/datafile/6101781
doi:10.7910/DVN/02CYYK,A13_25211.jpg,6101783,https://dataverse.harvard.edu/api/access/datafile/6101783
doi:10.7910/DVN/PG7LYW,A13_25212.jpg,6101785,https://dataverse.harvard.edu/api/access/datafile/6101785
doi:10.7910/DVN/8I3FSZ,A13_25213.jpg,6101787,https://dataverse.harvard.edu/api/access/datafile/6101787
doi:10.7910/DVN/FC2AG0,A13_25214.jpg,6101789,https://dataverse.harvard.edu/api/access/datafile/6101789
doi:10.7910/DVN/LCJWNK,A13_25215.jpg,6101791,https://dataverse.harvard.edu/api/access/datafile/6101791
doi:10.7910/DVN/KVLZ6O,A13_25216.jpg,6101793,https://dataverse.harvard.edu/api/access/datafile/6101793
doi:10.7910/DVN/LQORWW,A13_25217.jpg,6101795,https://dataverse.harvard.edu/api/access/datafile/6101795
doi:10.7910/DVN/KCHQI0,A13_25218.jpg,6101797,https://dataverse.harvard.edu/api/access/datafile/6101797
doi:10.7910/DVN/LHTK0A,A13_25219.jpg,6101799,https://dataverse.harvard.edu/api/access/datafile/6101799
doi:10.7910/DVN/ZOXKEM,A13_25220.jpg,6101801,https://dataverse.harvard.edu/api/access/datafile/6101801
doi:10.7910/DVN/GWO4LU,A13_25221.jpg,6101803,https://dataverse.harvard.edu/api/access/datafile/6101803
doi:10.7910/DVN/QTT4FH,A13_25222.jpg,6101805,https://dataverse.harvard.edu/api/access/datafile/6101805
doi:10.7910/DVN/CR4L4O,A13_25223.jpg,6101807,https://dataverse.harvard.edu/api/access/datafile/6101807
doi:10.7910/DVN/VE5EZD,A13_25224.jpg,6101809,https://dataverse.harvard.edu/api/access/datafile/6101809
doi:10.7910/DVN/5AX9LY,A13_25225.jpg,6101811,https://dataverse.harvard.edu/api/access/datafile/6101811
doi:10.7910/DVN/RXIQ07,A13_25226.jpg,6101813,https://dataverse.harvard.edu/api/access/datafile/6101813
doi:10.7910/DVN/9SMM09,A13_25227.jpg,6101815,https://dataverse.harvard.edu/api/access/datafile/6101815
doi:10.7910/DVN/SKHXQF,A13_25228.jpg,6101817,https://dataverse.harvard.edu/api/access/datafile/6101817
doi:10.7910/DVN/IYTCXK,A13_25229.jpg,6101819,https://dataverse.harvard.edu/api/access/datafile/6101819
doi:10.7910/DVN/4SETIY,A13_25230.jpg,6101821,https://dataverse.harvard.edu/api/access/datafile/6101821
doi:10.7910/DVN/7VMMRH,A13_25231.jpg,6101823,https://dataverse.harvard.edu/api/access/datafile/6101823
doi:10.7910/DVN/ZGL7YW,A13_25232.jpg,6101825,https://dataverse.harvard.edu/api/access/datafile/6101825
doi:10.7910/DVN/TQXBRU,A13_25233.jpg,6101827,https://dataverse.harvard.edu/api/access/datafile/6101827
doi:10.7910/DVN/VMT6J5,A13_25234.jpg,6101829,https://dataverse.harvard.edu/api/access/datafile/6101829
doi:10.7910/DVN/BQDPIX,A13_25235.jpg,6101831,https://dataverse.harvard.edu/api/access/datafile/6101831
doi:10.7910/DVN/71IYPA,A13_25236.jpg,6101833,https://dataverse.harvard.edu/api/access/datafile/6101833
doi:10.7910/DVN/OJCCJ8,A13_25237.jpg,6101835,https://dataverse.harvard.edu/api/access/datafile/6101835
doi:10.7910/DVN/FJRMCA,A13_25238.jpg,6101837,https://dataverse.harvard.edu/api/access/datafile/6101837
doi:10.7910/DVN/7HPXLF,A13_25239.jpg,6101839,https://dataverse.harvard.edu/api/access/datafile/6101839
doi:10.7910/DVN/OLFBUO,A13_25240.jpg,6101841,https://dataverse.harvard.edu/api/access/datafile/6101841
doi:10.7910/DVN/HUBJ8U,A13_25241.jpg,6101843,https://dataverse.harvard.edu/api/access/datafile/6101843
doi:10.7910/DVN/SGT61E,A13_25242.jpg,6101845,https://dataverse.harvard.edu/api/access/datafile/6101845
doi:10.7910/DVN/ZINRLB,A13_25243.jpg,6101847,https://dataverse.harvard.edu/api/access/datafile/6101847
doi:10.7910/DVN/GI094E,A13_25244.jpg,6101849,https://dataverse.harvard.edu/api/access/datafile/6101849
doi:10.7910/DVN/XLCXMF,A13_25245.jpg,6101851,https://dataverse.harvard.edu/api/access/datafile/6101851
doi:10.7910/DVN/3MHQNG,A13_25246.jpg,6101853,https://dataverse.harvard.edu/api/access/datafile/6101853
doi:10.7910/DVN/OLAS8R,A13_25247.jpg,6101855,https://dataverse.harvard.edu/api/access/datafile/6101855
doi:10.7910/DVN/QB0SK1,A13_25248.jpg,6101857,https://dataverse.harvard.edu/api/access/datafile/6101857
doi:10.7910/DVN/FYCY3Z,A13_25249.jpg,6101859,https://dataverse.harvard.edu/api/access/datafile/6101859
doi:10.7910/DVN/96IENN,A13_25250.jpg,6101861,https://dataverse.harvard.edu/api/access/datafile/6101861
doi:10.7910/DVN/G405B5,A13_25251.jpg,6101863,https://dataverse.harvard.edu/api/access/datafile/6101863
doi:10.7910/DVN/FHQO0O,A13_25252.jpg,6101865,https://dataverse.harvard.edu/api/access/datafile/6101865
doi:10.7910/DVN/SNRXLA,A13_25253.jpg,6101867,https://dataverse.harvard.edu/api/access/datafile/6101867
doi:10.7910/DVN/XRCMCO,A13_25254.jpg,6101869,https://dataverse.harvard.edu/api/access/datafile/6101869
doi:10.7910/DVN/NPQ3YP,A13_25255.jpg,6101871,https://dataverse.harvard.edu/api/access/datafile/6101871
doi:10.7910/DVN/1RWWGX,A13_25256.jpg,6101873,https://dataverse.harvard.edu/api/access/datafile/6101873
doi:10.7910/DVN/GHDICO,A13_25257.jpg,6101875,https://dataverse.harvard.edu/api/access/datafile/6101875
doi:10.7910/DVN/RQWOFR,A13_25258.jpg,6101877,https://dataverse.harvard.edu/api/access/datafile/6101877
doi:10.7910/DVN/RYTIHW,A13_25259.jpg,6101879,https://dataverse.harvard.edu/api/access/datafile/6101879
doi:10.7910/DVN/UW1LAH,A13_25260.jpg,6101881,https://dataverse.harvard.edu/api/access/datafile/6101881
doi:10.7910/DVN/V7BWEB,A13_25261.jpg,6101884,https://dataverse.harvard.edu/api/access/datafile/6101884
doi:10.7910/DVN/9GYU8W,A13_25262.jpg,6101886,https://dataverse.harvard.edu/api/access/datafile/6101886
doi:10.7910/DVN/OIYRDP,A13_25264.jpg,6101888,https://dataverse.harvard.edu/api/access/datafile/6101888
doi:10.7910/DVN/0YGBAR,A13_25265.jpg,6101890,https://dataverse.harvard.edu/api/access/datafile/6101890
doi:10.7910/DVN/Z88FTG,A13_25267.jpg,6101892,https://dataverse.harvard.edu/api/access/datafile/6101892
doi:10.7910/DVN/MSMMBQ,A13_25268.jpg,6101894,https://dataverse.harvard.edu/api/access/datafile/6101894
doi:10.7910/DVN/OWZVK0,A13_25269.jpg,6101896,https://dataverse.harvard.edu/api/access/datafile/6101896
doi:10.7910/DVN/M6AAI2,A13_25270.jpg,6101898,https://dataverse.harvard.edu/api/access/datafile/6101898
doi:10.7910/DVN/V8BLXO,A13_25271.jpg,6101900,https://dataverse.harvard.edu/api/access/datafile/6101900
doi:10.7910/DVN/RKA51O,A13_25272.jpg,6101902,https://dataverse.harvard.edu/api/access/datafile/6101902
doi:10.7910/DVN/VQ48MM,A13_25273.jpg,6101904,https://dataverse.harvard.edu/api/access/datafile/6101904
doi:10.7910/DVN/NYCFGC,A13_25274.jpg,6101906,https://dataverse.harvard.edu/api/access/datafile/6101906
doi:10.7910/DVN/DKFBHP,A13_25275.jpg,6101908,https://dataverse.harvard.edu/api/access/datafile/6101908
doi:10.7910/DVN/DKCC3V,A13_25276.jpg,6101910,https://dataverse.harvard.edu/api/access/datafile/6101910
doi:10.7910/DVN/NJKA13,A13_25277.jpg,6101912,https://dataverse.harvard.edu/api/access/datafile/6101912
doi:10.7910/DVN/X2TW8U,A13_25278.jpg,6101914,https://dataverse.harvard.edu/api/access/datafile/6101914
doi:10.7910/DVN/UIOEGP,A13_25279.jpg,6101916,https://dataverse.harvard.edu/api/access/datafile/6101916
doi:10.7910/DVN/8WQSLU,A13_25280.jpg,6101918,https://dataverse.harvard.edu/api/access/datafile/6101918
doi:10.7910/DVN/AFI0ZX,A13_25281.jpg,6101920,https://dataverse.harvard.edu/api/access/datafile/6101920
doi:10.7910/DVN/JB2V5P,A13_25283.jpg,6101922,https://dataverse.harvard.edu/api/access/datafile/6101922
doi:10.7910/DVN/D3TY8T,A13_25284.jpg,6101924,https://dataverse.harvard.edu/api/access/datafile/6101924
doi:10.7910/DVN/1NURN2,A13_25285.jpg,6101926,https://dataverse.harvard.edu/api/access/datafile/6101926
doi:10.7910/DVN/6LKJUS,A13_25286.jpg,6101928,https://dataverse.harvard.edu/api/access/datafile/6101928
doi:10.7910/DVN/ORJA8H,A13_25287.jpg,6101930,https://dataverse.harvard.edu/api/access/datafile/6101930
doi:10.7910/DVN/LV2BXE,A13_25288.jpg,6101932,https://dataverse.harvard.edu/api/access/datafile/6101932
doi:10.7910/DVN/8QTQA7,A13_25289.jpg,6101934,https://dataverse.harvard.edu/api/access/datafile/6101934
doi:10.7910/DVN/LH7RZO,A13_25290.jpg,6101936,https://dataverse.harvard.edu/api/access/datafile/6101936
doi:10.7910/DVN/SGQVZM,A13_25291.jpg,6101938,https://dataverse.harvard.edu/api/access/datafile/6101938
doi:10.7910/DVN/HVVQWB,A13_25292.jpg,6101940,https://dataverse.harvard.edu/api/access/datafile/6101940
doi:10.7910/DVN/AGIR2X,A13_25293.jpg,6101942,https://dataverse.harvard.edu/api/access/datafile/6101942
doi:10.7910/DVN/RCCDRV,A13_25294.jpg,6101944,https://dataverse.harvard.edu/api/access/datafile/6101944
doi:10.7910/DVN/KBWKFL,A13_25295.jpg,6101946,https://dataverse.harvard.edu/api/access/datafile/6101946
doi:10.7910/DVN/CO7LQH,A13_25296.jpg,6101948,https://dataverse.harvard.edu/api/access/datafile/6101948
doi:10.7910/DVN/CIC3QL,A13_25297.jpg,6101950,https://dataverse.harvard.edu/api/access/datafile/6101950
doi:10.7910/DVN/GEIXB8,A13_25298.jpg,6101952,https://dataverse.harvard.edu/api/access/datafile/6101952
doi:10.7910/DVN/6F6RQS,A13_25299.jpg,6101954,https://dataverse.harvard.edu/api/access/datafile/6101954
doi:10.7910/DVN/HEGHEO,A13_25300.jpg,6101956,https://dataverse.harvard.edu/api/access/datafile/6101956
doi:10.7910/DVN/DNFEOV,A13_25301.jpg,6101958,https://dataverse.harvard.edu/api/access/datafile/6101958
doi:10.7910/DVN/70W5W1,A13_25302.jpg,6101960,https://dataverse.harvard.edu/api/access/datafile/6101960
doi:10.7910/DVN/4WB6ZI,A13_25303.jpg,6101962,https://dataverse.harvard.edu/api/access/datafile/6101962
doi:10.7910/DVN/78VUTD,A13_25304.jpg,6101964,https://dataverse.harvard.edu/api/access/datafile/6101964
doi:10.7910/DVN/SAMRFS,A13_25305.jpg,6101966,https://dataverse.harvard.edu/api/access/datafile/6101966
doi:10.7910/DVN/VWYYDF,A13_25306.jpg,6101968,https://dataverse.harvard.edu/api/access/datafile/6101968
doi:10.7910/DVN/KI2EPR,A13_25307.jpg,6101970,https://dataverse.harvard.edu/api/access/datafile/6101970
doi:10.7910/DVN/TGHTRQ,A13_25308.jpg,6101972,https://dataverse.harvard.edu/api/access/datafile/6101972
doi:10.7910/DVN/XFZPYI,A13_25309.jpg,6101974,https://dataverse.harvard.edu/api/access/datafile/6101974
doi:10.7910/DVN/KGP6ZY,A13_25310.jpg,6101976,https://dataverse.harvard.edu/api/access/datafile/6101976
doi:10.7910/DVN/N3WJRE,A13_25311.jpg,6101978,https://dataverse.harvard.edu/api/access/datafile/6101978
doi:10.7910/DVN/RTXWNR,A13_25312.jpg,6101980,https://dataverse.harvard.edu/api/access/datafile/6101980
doi:10.7910/DVN/Q6WCJN,A13_25313.jpg,6101982,https://dataverse.harvard.edu/api/access/datafile/6101982
doi:10.7910/DVN/T1HVGB,A13_25314.jpg,6101984,https://dataverse.harvard.edu/api/access/datafile/6101984
doi:10.7910/DVN/FUI15O,A13_25315.jpg,6101986,https://dataverse.harvard.edu/api/access/datafile/6101986
doi:10.7910/DVN/IBCJSJ,A13_25316.jpg,6101988,https://dataverse.harvard.edu/api/access/datafile/6101988
doi:10.7910/DVN/FDQBYK,A13_25317.jpg,6101990,https://dataverse.harvard.edu/api/access/datafile/6101990
doi:10.7910/DVN/XXJSHK,A13_25318.jpg,6101992,https://dataverse.harvard.edu/api/access/datafile/6101992
doi:10.7910/DVN/N6LHUZ,A13_25319.jpg,6101994,https://dataverse.harvard.edu/api/access/datafile/6101994
doi:10.7910/DVN/CL4WBK,A13_25320.jpg,6101996,https://dataverse.harvard.edu/api/access/datafile/6101996
doi:10.7910/DVN/UPBI51,A13_25321.jpg,6101998,https://dataverse.harvard.edu/api/access/datafile/6101998
doi:10.7910/DVN/UG5697,A13_25322.jpg,6102000,https://dataverse.harvard.edu/api/access/datafile/6102000
doi:10.7910/DVN/TQCLEY,A13_25323.jpg,6102002,https://dataverse.harvard.edu/api/access/datafile/6102002
doi:10.7910/DVN/AWH2NZ,A13_25324.jpg,6102004,https://dataverse.harvard.edu/api/access/datafile/6102004
doi:10.7910/DVN/0GXVD3,A13_25325.jpg,6102006,https://dataverse.harvard.edu/api/access/datafile/6102006
doi:10.7910/DVN/61LT5H,A13_25326.jpg,6102008,https://dataverse.harvard.edu/api/access/datafile/6102008
doi:10.7910/DVN/KZYAIG,A13_25327.jpg,6102010,https://dataverse.harvard.edu/api/access/datafile/6102010
doi:10.7910/DVN/K1KBWH,A13_25328.jpg,6102012,https://dataverse.harvard.edu/api/access/datafile/6102012
doi:10.7910/DVN/VV1TTT,A13_25329.jpg,6102014,https://dataverse.harvard.edu/api/access/datafile/6102014
doi:10.7910/DVN/JPO2EQ,A13_25330.jpg,6102016,https://dataverse.harvard.edu/api/access/datafile/6102016
doi:10.7910/DVN/ML37ZC,A13_25331.jpg,6102018,https://dataverse.harvard.edu/api/access/datafile/6102018
doi:10.7910/DVN/WY1CGP,A13_25332.jpg,6102020,https://dataverse.harvard.edu/api/access/datafile/6102020
doi:10.7910/DVN/2V5EPZ,A13_25333.jpg,6102022,https://dataverse.harvard.edu/api/access/datafile/6102022
doi:10.7910/DVN/FQNJQ9,A13_25334.jpg,6102024,https://dataverse.harvard.edu/api/access/datafile/6102024
doi:10.7910/DVN/IGPMJD,A13_25335.jpg,6102026,https://dataverse.harvard.edu/api/access/datafile/6102026
doi:10.7910/DVN/QLNH9Q,A13_25336.jpg,6102028,https://dataverse.harvard.edu/api/access/datafile/6102028
doi:10.7910/DVN/YQUL02,A13_25337.jpg,6102030,https://dataverse.harvard.edu/api/access/datafile/6102030
doi:10.7910/DVN/ZC4J2P,A13_25338.jpg,6102032,https://dataverse.harvard.edu/api/access/datafile/6102032
doi:10.7910/DVN/1ZPOIB,A13_25339.jpg,6102034,https://dataverse.harvard.edu/api/access/datafile/6102034
doi:10.7910/DVN/JR6DQN,A13_25340.jpg,6102036,https://dataverse.harvard.edu/api/access/datafile/6102036
doi:10.7910/DVN/V3XXEG,A13_25341.jpg,6102038,https://dataverse.harvard.edu/api/access/datafile/6102038
doi:10.7910/DVN/AP09GX,A13_25342.jpg,6102040,https://dataverse.harvard.edu/api/access/datafile/6102040
doi:10.7910/DVN/8XGKJM,A13_25343.jpg,6102042,https://dataverse.harvard.edu/api/access/datafile/6102042
doi:10.7910/DVN/V4T8QR,A13_25344.jpg,6102044,https://dataverse.harvard.edu/api/access/datafile/6102044
doi:10.7910/DVN/HEVJ7U,A13_25345.jpg,6102046,https://dataverse.harvard.edu/api/access/datafile/6102046
doi:10.7910/DVN/3EPC5L,A13_25346.jpg,6102048,https://dataverse.harvard.edu/api/access/datafile/6102048
doi:10.7910/DVN/HMZUL3,A13_25347.jpg,6102050,https://dataverse.harvard.edu/api/access/datafile/6102050
doi:10.7910/DVN/8L5YMG,A13_25348.jpg,6102052,https://dataverse.harvard.edu/api/access/datafile/6102052
doi:10.7910/DVN/INDKAS,A13_25349.jpg,6102054,https://dataverse.harvard.edu/api/access/datafile/6102054
doi:10.7910/DVN/MN5GO8,A13_25350.jpg,6102056,https://dataverse.harvard.edu/api/access/datafile/6102056
doi:10.7910/DVN/RJZKPE,A13_25351.jpg,6102058,https://dataverse.harvard.edu/api/access/datafile/6102058
doi:10.7910/DVN/OZZ1RB,A13_25352.jpg,6102060,https://dataverse.harvard.edu/api/access/datafile/6102060
doi:10.7910/DVN/SBPMGV,A13_25353.jpg,6102062,https://dataverse.harvard.edu/api/access/datafile/6102062
doi:10.7910/DVN/ZUHHUS,A13_25354.jpg,6102064,https://dataverse.harvard.edu/api/access/datafile/6102064
doi:10.7910/DVN/IWDPAS,A13_25355.jpg,6102066,https://dataverse.harvard.edu/api/access/datafile/6102066
doi:10.7910/DVN/DGKIYX,A13_25356.jpg,6102068,https://dataverse.harvard.edu/api/access/datafile/6102068
doi:10.7910/DVN/IMB6CZ,A13_25357.jpg,6102070,https://dataverse.harvard.edu/api/access/datafile/6102070
doi:10.7910/DVN/AOJA90,A13_25358.jpg,6102072,https://dataverse.harvard.edu/api/access/datafile/6102072
doi:10.7910/DVN/FGZYQO,A13_25359.jpg,6102074,https://dataverse.harvard.edu/api/access/datafile/6102074
doi:10.7910/DVN/AIBDND,A13_25360.jpg,6102076,https://dataverse.harvard.edu/api/access/datafile/6102076
doi:10.7910/DVN/Y5ALAA,A13_25361.jpg,6102078,https://dataverse.harvard.edu/api/access/datafile/6102078
doi:10.7910/DVN/VTDKFE,A13_25363.jpg,6102080,https://dataverse.harvard.edu/api/access/datafile/6102080
doi:10.7910/DVN/OOLGJG,A13_25364.jpg,6102082,https://dataverse.harvard.edu/api/access/datafile/6102082
doi:10.7910/DVN/0LRIBN,A13_25365.jpg,6102084,https://dataverse.harvard.edu/api/access/datafile/6102084
doi:10.7910/DVN/CGQUL9,A13_25366.jpg,6102086,https://dataverse.harvard.edu/api/access/datafile/6102086
doi:10.7910/DVN/ZM9IVT,A13_25367.jpg,6102088,https://dataverse.harvard.edu/api/access/datafile/6102088
doi:10.7910/DVN/QHOWEB,A13_25368.jpg,6102090,https://dataverse.harvard.edu/api/access/datafile/6102090
doi:10.7910/DVN/KPIHM4,A13_25369.jpg,6102092,https://dataverse.harvard.edu/api/access/datafile/6102092
doi:10.7910/DVN/ZD4KJJ,A13_25370.jpg,6102094,https://dataverse.harvard.edu/api/access/datafile/6102094
doi:10.7910/DVN/QYASNQ,A13_25371.jpg,6102096,https://dataverse.harvard.edu/api/access/datafile/6102096
doi:10.7910/DVN/S3VEYM,A13_25372.jpg,6102098,https://dataverse.harvard.edu/api/access/datafile/6102098
doi:10.7910/DVN/CRL0P7,A13_25373.jpg,6102100,https://dataverse.harvard.edu/api/access/datafile/6102100
doi:10.7910/DVN/CFCPK7,A13_25374.jpg,6102102,https://dataverse.harvard.edu/api/access/datafile/6102102
doi:10.7910/DVN/JOZC7N,A13_25375.jpg,6102104,https://dataverse.harvard.edu/api/access/datafile/6102104
doi:10.7910/DVN/HBG8YD,A13_25376.jpg,6102106,https://dataverse.harvard.edu/api/access/datafile/6102106
doi:10.7910/DVN/YQT7US,A13_25377.jpg,6102108,https://dataverse.harvard.edu/api/access/datafile/6102108
doi:10.7910/DVN/GFIIST,A13_25378.jpg,6102110,https://dataverse.harvard.edu/api/access/datafile/6102110
doi:10.7910/DVN/EVC4T7,A13_25379.jpg,6102112,https://dataverse.harvard.edu/api/access/datafile/6102112
doi:10.7910/DVN/ECA9SK,A13_25380.jpg,6102114,https://dataverse.harvard.edu/api/access/datafile/6102114
doi:10.7910/DVN/EN7MTC,A13_25381.jpg,6102116,https://dataverse.harvard.edu/api/access/datafile/6102116
doi:10.7910/DVN/H0KBVS,A13_25382.jpg,6102118,https://dataverse.harvard.edu/api/access/datafile/6102118
doi:10.7910/DVN/2OJLE6,A13_25383.jpg,6102120,https://dataverse.harvard.edu/api/access/datafile/6102120
doi:10.7910/DVN/AXSHQU,A13_25384.jpg,6102122,https://dataverse.harvard.edu/api/access/datafile/6102122
doi:10.7910/DVN/HAKZBY,A13_25385.jpg,6102124,https://dataverse.harvard.edu/api/access/datafile/6102124
doi:10.7910/DVN/LAWSSL,A13_25386.jpg,6102126,https://dataverse.harvard.edu/api/access/datafile/6102126
doi:10.7910/DVN/MCIHTY,A13_25387.jpg,6102128,https://dataverse.harvard.edu/api/access/datafile/6102128
doi:10.7910/DVN/LIAERS,A13_25388.jpg,6102130,https://dataverse.harvard.edu/api/access/datafile/6102130
doi:10.7910/DVN/ELVF5P,A13_25389.jpg,6102132,https://dataverse.harvard.edu/api/access/datafile/6102132
doi:10.7910/DVN/Q2DD76,A13_25390.jpg,6102134,https://dataverse.harvard.edu/api/access/datafile/6102134
doi:10.7910/DVN/KAZZEG,A13_25391.jpg,6102136,https://dataverse.harvard.edu/api/access/datafile/6102136
doi:10.7910/DVN/CEKVFK,A13_25392.jpg,6102138,https://dataverse.harvard.edu/api/access/datafile/6102138
doi:10.7910/DVN/OTVRZD,A13_25393.jpg,6102140,https://dataverse.harvard.edu/api/access/datafile/6102140
doi:10.7910/DVN/DRWRN1,A13_25394.jpg,6102142,https://dataverse.harvard.edu/api/access/datafile/6102142
doi:10.7910/DVN/60V0UH,A13_25395.jpg,6102144,https://dataverse.harvard.edu/api/access/datafile/6102144
doi:10.7910/DVN/VR8QNW,A13_25396.jpg,6102146,https://dataverse.harvard.edu/api/access/datafile/6102146
doi:10.7910/DVN/Z4NZCP,A13_25397.jpg,6102148,https://dataverse.harvard.edu/api/access/datafile/6102148
doi:10.7910/DVN/XLIVK7,A13_25398.jpg,6102150,https://dataverse.harvard.edu/api/access/datafile/6102150
doi:10.7910/DVN/GGJ0DY,A13_25399.jpg,6102152,https://dataverse.harvard.edu/api/access/datafile/6102152
doi:10.7910/DVN/QCH4H6,A13_25400.jpg,6102154,https://dataverse.harvard.edu/api/access/datafile/6102154
doi:10.7910/DVN/QDBLMQ,A13_25401.jpg,6102156,https://dataverse.harvard.edu/api/access/datafile/6102156
doi:10.7910/DVN/IPYGNW,A13_25402.jpg,6102158,https://dataverse.harvard.edu/api/access/datafile/6102158
doi:10.7910/DVN/Q2UF3J,A13_25403.jpg,6102160,https://dataverse.harvard.edu/api/access/datafile/6102160
doi:10.7910/DVN/N4FOBL,A13_25404.jpg,6102162,https://dataverse.harvard.edu/api/access/datafile/6102162
doi:10.7910/DVN/Q8JSEM,A13_25405.jpg,6102164,https://dataverse.harvard.edu/api/access/datafile/6102164
doi:10.7910/DVN/BKOHF5,A13_25406.jpg,6102166,https://dataverse.harvard.edu/api/access/datafile/6102166
doi:10.7910/DVN/NV4Y6C,A13_25407.jpg,6102168,https://dataverse.harvard.edu/api/access/datafile/6102168
doi:10.7910/DVN/BXI3RA,A13_25408.jpg,6102170,https://dataverse.harvard.edu/api/access/datafile/6102170
doi:10.7910/DVN/ALT72Y,A13_25409.jpg,6102172,https://dataverse.harvard.edu/api/access/datafile/6102172
doi:10.7910/DVN/MVYWKO,A13_25410.jpg,6102174,https://dataverse.harvard.edu/api/access/datafile/6102174
doi:10.7910/DVN/Z2URMO,A13_25411.jpg,6102176,https://dataverse.harvard.edu/api/access/datafile/6102176
doi:10.7910/DVN/DCSJ2O,A13_25412.jpg,6102178,https://dataverse.harvard.edu/api/access/datafile/6102178
doi:10.7910/DVN/3GHBLK,A13_25413.jpg,6102180,https://dataverse.harvard.edu/api/access/datafile/6102180
doi:10.7910/DVN/BQYESD,A13_25414.jpg,6102182,https://dataverse.harvard.edu/api/access/datafile/6102182
doi:10.7910/DVN/JZAURL,A13_25415.jpg,6102184,https://dataverse.harvard.edu/api/access/datafile/6102184
doi:10.7910/DVN/1M4DQO,A13_25416.jpg,6102186,https://dataverse.harvard.edu/api/access/datafile/6102186
doi:10.7910/DVN/UFMPL7,A13_25417.jpg,6102188,https://dataverse.harvard.edu/api/access/datafile/6102188
doi:10.7910/DVN/ZTLRGP,A13_25418.jpg,6102190,https://dataverse.harvard.edu/api/access/datafile/6102190
doi:10.7910/DVN/BTYMZT,A13_25419.jpg,6102192,https://dataverse.harvard.edu/api/access/datafile/6102192
doi:10.7910/DVN/LSPOOZ,A13_25420.jpg,6102194,https://dataverse.harvard.edu/api/access/datafile/6102194
doi:10.7910/DVN/OS916V,A13_25421.jpg,6102196,https://dataverse.harvard.edu/api/access/datafile/6102196
doi:10.7910/DVN/V9SN2W,A13_25422.jpg,6102198,https://dataverse.harvard.edu/api/access/datafile/6102198
doi:10.7910/DVN/Z31NES,A13_25423.jpg,6102200,https://dataverse.harvard.edu/api/access/datafile/6102200
doi:10.7910/DVN/ROMPYQ,A13_25424.jpg,6102202,https://dataverse.harvard.edu/api/access/datafile/6102202
doi:10.7910/DVN/ZGUUWG,A13_25425.jpg,6102204,https://dataverse.harvard.edu/api/access/datafile/6102204
doi:10.7910/DVN/OUFYUH,A13_25426.jpg,6102206,https://dataverse.harvard.edu/api/access/datafile/6102206
doi:10.7910/DVN/SFPVQF,A13_25427.jpg,6102208,https://dataverse.harvard.edu/api/access/datafile/6102208
doi:10.7910/DVN/XPPA95,A13_25428.jpg,6102210,https://dataverse.harvard.edu/api/access/datafile/6102210
doi:10.7910/DVN/JWZFVL,A13_25429.jpg,6102212,https://dataverse.harvard.edu/api/access/datafile/6102212
doi:10.7910/DVN/8OKBX1,A13_25430.jpg,6102214,https://dataverse.harvard.edu/api/access/datafile/6102214
doi:10.7910/DVN/QGOD7M,A13_25431.jpg,6102216,https://dataverse.harvard.edu/api/access/datafile/6102216
doi:10.7910/DVN/UQWFT2,A13_25432.jpg,6102218,https://dataverse.harvard.edu/api/access/datafile/6102218
doi:10.7910/DVN/L0QP61,A13_25433.jpg,6102220,https://dataverse.harvard.edu/api/access/datafile/6102220
doi:10.7910/DVN/I35KLN,A13_25434.jpg,6102222,https://dataverse.harvard.edu/api/access/datafile/6102222
doi:10.7910/DVN/P41XMG,A13_25435.jpg,6102224,https://dataverse.harvard.edu/api/access/datafile/6102224
doi:10.7910/DVN/XNBZQX,A13_25436.jpg,6102226,https://dataverse.harvard.edu/api/access/datafile/6102226
doi:10.7910/DVN/GVWVLP,A13_25437.jpg,6102228,https://dataverse.harvard.edu/api/access/datafile/6102228
doi:10.7910/DVN/YZFDT4,A13_25438.jpg,6102230,https://dataverse.harvard.edu/api/access/datafile/6102230
doi:10.7910/DVN/ASUPXK,A13_25439.jpg,6102232,https://dataverse.harvard.edu/api/access/datafile/6102232
doi:10.7910/DVN/UCNUT1,A13_25440.jpg,6102234,https://dataverse.harvard.edu/api/access/datafile/6102234
doi:10.7910/DVN/CQEBV4,A13_25441.jpg,6102236,https://dataverse.harvard.edu/api/access/datafile/6102236
doi:10.7910/DVN/U9PRFR,A13_25442.jpg,6102238,https://dataverse.harvard.edu/api/access/datafile/6102238
doi:10.7910/DVN/UPYMX4,A13_25443.jpg,6102240,https://dataverse.harvard.edu/api/access/datafile/6102240
doi:10.7910/DVN/WFZCKQ,A13_25444.jpg,6102242,https://dataverse.harvard.edu/api/access/datafile/6102242
doi:10.7910/DVN/GQ6BLG,A13_25445.jpg,6102244,https://dataverse.harvard.edu/api/access/datafile/6102244
doi:10.7910/DVN/X87GXD,A13_25446.jpg,6102246,https://dataverse.harvard.edu/api/access/datafile/6102246
doi:10.7910/DVN/AAFP7E,A13_25447.jpg,6102248,https://dataverse.harvard.edu/api/access/datafile/6102248
doi:10.7910/DVN/LMQN5T,A13_25448.jpg,6102250,https://dataverse.harvard.edu/api/access/datafile/6102250
doi:10.7910/DVN/JLQMAY,A13_25449.jpg,6102252,https://dataverse.harvard.edu/api/access/datafile/6102252
doi:10.7910/DVN/7HLYD2,A13_25450.jpg,6102254,https://dataverse.harvard.edu/api/access/datafile/6102254
doi:10.7910/DVN/MJXOX0,A13_25451.jpg,6102256,https://dataverse.harvard.edu/api/access/datafile/6102256
doi:10.7910/DVN/MZVLRN,A13_25452.jpg,6102258,https://dataverse.harvard.edu/api/access/datafile/6102258
doi:10.7910/DVN/MTCNX0,A13_25453.jpg,6102260,https://dataverse.harvard.edu/api/access/datafile/6102260
doi:10.7910/DVN/01ZEMH,A13_25454.jpg,6102262,https://dataverse.harvard.edu/api/access/datafile/6102262
doi:10.7910/DVN/IOQOWD,A13_25455.jpg,6102264,https://dataverse.harvard.edu/api/access/datafile/6102264
doi:10.7910/DVN/XZOEXV,A13_25456.jpg,6102266,https://dataverse.harvard.edu/api/access/datafile/6102266
doi:10.7910/DVN/8TWRK2,A13_25457.jpg,6102268,https://dataverse.harvard.edu/api/access/datafile/6102268
doi:10.7910/DVN/5FHFGO,A13_25458.jpg,6102270,https://dataverse.harvard.edu/api/access/datafile/6102270
doi:10.7910/DVN/SOT7TF,A13_25459.jpg,6102272,https://dataverse.harvard.edu/api/access/datafile/6102272
doi:10.7910/DVN/NUXOXQ,A13_25460.jpg,6102274,https://dataverse.harvard.edu/api/access/datafile/6102274
doi:10.7910/DVN/3T66GF,A13_25461.jpg,6102276,https://dataverse.harvard.edu/api/access/datafile/6102276
doi:10.7910/DVN/ZF6HZH,A13_25462.jpg,6102278,https://dataverse.harvard.edu/api/access/datafile/6102278
doi:10.7910/DVN/FMPXQ6,A13_25463.jpg,6102280,https://dataverse.harvard.edu/api/access/datafile/6102280
doi:10.7910/DVN/FOH3D9,A13_25464.jpg,6102282,https://dataverse.harvard.edu/api/access/datafile/6102282
doi:10.7910/DVN/KYD3IW,A13_25465.jpg,6102284,https://dataverse.harvard.edu/api/access/datafile/6102284
doi:10.7910/DVN/BZ6HBI,A13_25466.jpg,6102286,https://dataverse.harvard.edu/api/access/datafile/6102286
doi:10.7910/DVN/D6FX2J,A13_25467.jpg,6102288,https://dataverse.harvard.edu/api/access/datafile/6102288
doi:10.7910/DVN/8FDPMK,A13_25468.jpg,6102290,https://dataverse.harvard.edu/api/access/datafile/6102290
doi:10.7910/DVN/20B3KB,A13_25469.jpg,6102292,https://dataverse.harvard.edu/api/access/datafile/6102292
doi:10.7910/DVN/NKQ7TV,A13_25470.jpg,6102294,https://dataverse.harvard.edu/api/access/datafile/6102294
doi:10.7910/DVN/9QZBLR,A13_25471.jpg,6102296,https://dataverse.harvard.edu/api/access/datafile/6102296
doi:10.7910/DVN/TRKFQC,A13_25472.jpg,6102298,https://dataverse.harvard.edu/api/access/datafile/6102298
doi:10.7910/DVN/9VSHEV,A13_25473.jpg,6102300,https://dataverse.harvard.edu/api/access/datafile/6102300
doi:10.7910/DVN/MJCFPO,A13_25474.jpg,6102302,https://dataverse.harvard.edu/api/access/datafile/6102302
doi:10.7910/DVN/4JET74,A13_25475.jpg,6102304,https://dataverse.harvard.edu/api/access/datafile/6102304
doi:10.7910/DVN/UHEQBU,A13_25476.jpg,6102306,https://dataverse.harvard.edu/api/access/datafile/6102306
doi:10.7910/DVN/DSZ5FU,A13_25477.jpg,6102308,https://dataverse.harvard.edu/api/access/datafile/6102308
doi:10.7910/DVN/TGVHQU,A13_25478.jpg,6102310,https://dataverse.harvard.edu/api/access/datafile/6102310
doi:10.7910/DVN/Y1GVT5,A13_25479.jpg,6102312,https://dataverse.harvard.edu/api/access/datafile/6102312
doi:10.7910/DVN/XBSNDS,A13_25480.jpg,6102314,https://dataverse.harvard.edu/api/access/datafile/6102314
doi:10.7910/DVN/7GQ6OM,A13_25481.jpg,6102316,https://dataverse.harvard.edu/api/access/datafile/6102316
doi:10.7910/DVN/W6KMIY,A13_25482.jpg,6102318,https://dataverse.harvard.edu/api/access/datafile/6102318
doi:10.7910/DVN/AWWMJH,A13_25483.jpg,6102320,https://dataverse.harvard.edu/api/access/datafile/6102320
doi:10.7910/DVN/GDO9VZ,A13_25484.jpg,6102322,https://dataverse.harvard.edu/api/access/datafile/6102322
doi:10.7910/DVN/TI5DWY,A13_25485.jpg,6102324,https://dataverse.harvard.edu/api/access/datafile/6102324
doi:10.7910/DVN/4L5FYB,A13_25486.jpg,6102326,https://dataverse.harvard.edu/api/access/datafile/6102326
doi:10.7910/DVN/7VUSXW,A13_25487.jpg,6102328,https://dataverse.harvard.edu/api/access/datafile/6102328
doi:10.7910/DVN/YJNBVX,A13_25488.jpg,6102330,https://dataverse.harvard.edu/api/access/datafile/6102330
doi:10.7910/DVN/AKYNTJ,A13_25489.jpg,6102332,https://dataverse.harvard.edu/api/access/datafile/6102332
doi:10.7910/DVN/QWQ67S,A13_25490.jpg,6102334,https://dataverse.harvard.edu/api/access/datafile/6102334
doi:10.7910/DVN/09BILU,A13_25491.jpg,6102336,https://dataverse.harvard.edu/api/access/datafile/6102336
doi:10.7910/DVN/MWTUF5,A13_25492.jpg,6102338,https://dataverse.harvard.edu/api/access/datafile/6102338
doi:10.7910/DVN/7OXFDY,A13_25493.jpg,6102340,https://dataverse.harvard.edu/api/access/datafile/6102340
doi:10.7910/DVN/SUKMRE,A13_25494.jpg,6102342,https://dataverse.harvard.edu/api/access/datafile/6102342
doi:10.7910/DVN/MBOETV,A13_25495.jpg,6102344,https://dataverse.harvard.edu/api/access/datafile/6102344
doi:10.7910/DVN/OMUKIG,A13_25496.jpg,6102346,https://dataverse.harvard.edu/api/access/datafile/6102346
doi:10.7910/DVN/USQMTX,A13_25497.jpg,6102348,https://dataverse.harvard.edu/api/access/datafile/6102348
doi:10.7910/DVN/D6DMIO,A13_25499.jpg,6102350,https://dataverse.harvard.edu/api/access/datafile/6102350
doi:10.7910/DVN/52N16M,A13_25500.jpg,6102352,https://dataverse.harvard.edu/api/access/datafile/6102352
doi:10.7910/DVN/UR9JQX,A13_25501.jpg,6102354,https://dataverse.harvard.edu/api/access/datafile/6102354
doi:10.7910/DVN/WOBNAI,A13_25502.jpg,6102356,https://dataverse.harvard.edu/api/access/datafile/6102356
doi:10.7910/DVN/8MZT9J,A13_25503.jpg,6102358,https://dataverse.harvard.edu/api/access/datafile/6102358
doi:10.7910/DVN/OZ4QEH,A13_25504.jpg,6102360,https://dataverse.harvard.edu/api/access/datafile/6102360
doi:10.7910/DVN/ULZVZU,A13_25505.jpg,6102362,https://dataverse.harvard.edu/api/access/datafile/6102362
doi:10.7910/DVN/22MEV9,A13_25506.jpg,6102364,https://dataverse.harvard.edu/api/access/datafile/6102364
doi:10.7910/DVN/1WZPVM,A13_25507.jpg,6102366,https://dataverse.harvard.edu/api/access/datafile/6102366
doi:10.7910/DVN/9ASLMF,A13_25509.jpg,6102368,https://dataverse.harvard.edu/api/access/datafile/6102368
doi:10.7910/DVN/DC9LZX,A13_25510.jpg,6102370,https://dataverse.harvard.edu/api/access/datafile/6102370
doi:10.7910/DVN/DN9FCY,A13_25511.jpg,6102372,https://dataverse.harvard.edu/api/access/datafile/6102372
doi:10.7910/DVN/FDKG3A,A13_25512.jpg,6102374,https://dataverse.harvard.edu/api/access/datafile/6102374
doi:10.7910/DVN/KHCPOB,A13_25513.jpg,6102376,https://dataverse.harvard.edu/api/access/datafile/6102376
doi:10.7910/DVN/MMHNN7,A13_25523.jpg,6102378,https://dataverse.harvard.edu/api/access/datafile/6102378
doi:10.7910/DVN/3HVDZF,A13_25524.jpg,6102380,https://dataverse.harvard.edu/api/access/datafile/6102380
doi:10.7910/DVN/5HJ1YN,A13_25525.jpg,6102382,https://dataverse.harvard.edu/api/access/datafile/6102382
doi:10.7910/DVN/9T1AET,A13_25526.jpg,6102384,https://dataverse.harvard.edu/api/access/datafile/6102384
doi:10.7910/DVN/Y8UMVP,A13_25527.jpg,6102386,https://dataverse.harvard.edu/api/access/datafile/6102386
doi:10.7910/DVN/XXWTDB,A13_25528.jpg,6102388,https://dataverse.harvard.edu/api/access/datafile/6102388
doi:10.7910/DVN/TBGQCO,A13_25529.jpg,6102390,https://dataverse.harvard.edu/api/access/datafile/6102390
doi:10.7910/DVN/MIAHIB,A13_25530.jpg,6102392,https://dataverse.harvard.edu/api/access/datafile/6102392
doi:10.7910/DVN/ZVFABF,A13_25531.jpg,6102394,https://dataverse.harvard.edu/api/access/datafile/6102394
doi:10.7910/DVN/XTLXDZ,A13_25532.jpg,6102396,https://dataverse.harvard.edu/api/access/datafile/6102396
doi:10.7910/DVN/YP63HE,A13_25533.jpg,6102399,https://dataverse.harvard.edu/api/access/datafile/6102399
doi:10.7910/DVN/5MVSFK,A13_25534.jpg,6102401,https://dataverse.harvard.edu/api/access/datafile/6102401
doi:10.7910/DVN/JT9D8L,A13_25535.jpg,6102403,https://dataverse.harvard.edu/api/access/datafile/6102403
doi:10.7910/DVN/WMXKKV,A13_25536.jpg,6102405,https://dataverse.harvard.edu/api/access/datafile/6102405
doi:10.7910/DVN/OHROLD,A13_25537.jpg,6102407,https://dataverse.harvard.edu/api/access/datafile/6102407
doi:10.7910/DVN/RSC5LI,A13_25538.jpg,6102409,https://dataverse.harvard.edu/api/access/datafile/6102409
doi:10.7910/DVN/3PTBJU,A13_25539.jpg,6102411,https://dataverse.harvard.edu/api/access/datafile/6102411
doi:10.7910/DVN/RJTPXA,A13_25540.jpg,6102413,https://dataverse.harvard.edu/api/access/datafile/6102413
doi:10.7910/DVN/OCAAZG,A13_25541.jpg,6102415,https://dataverse.harvard.edu/api/access/datafile/6102415
doi:10.7910/DVN/OTJ76S,A13_25542.jpg,6102417,https://dataverse.harvard.edu/api/access/datafile/6102417
doi:10.7910/DVN/KJPF01,A13_25543.jpg,6102419,https://dataverse.harvard.edu/api/access/datafile/6102419
doi:10.7910/DVN/LY8UZ6,A13_25544.jpg,6102421,https://dataverse.harvard.edu/api/access/datafile/6102421
doi:10.7910/DVN/CBJVTY,A13_25545.jpg,6102423,https://dataverse.harvard.edu/api/access/datafile/6102423
doi:10.7910/DVN/RQ9N7F,A13_25546.jpg,6102425,https://dataverse.harvard.edu/api/access/datafile/6102425
doi:10.7910/DVN/Z4LRQK,A13_25547.jpg,6102427,https://dataverse.harvard.edu/api/access/datafile/6102427
doi:10.7910/DVN/2E6RTJ,A13_25548.jpg,6102429,https://dataverse.harvard.edu/api/access/datafile/6102429
doi:10.7910/DVN/CYRWYI,A13_25549.jpg,6102431,https://dataverse.harvard.edu/api/access/datafile/6102431
doi:10.7910/DVN/Q0S1LB,A13_25550.jpg,6102433,https://dataverse.harvard.edu/api/access/datafile/6102433
doi:10.7910/DVN/AXB3OM,A13_25551.jpg,6102435,https://dataverse.harvard.edu/api/access/datafile/6102435
doi:10.7910/DVN/MMVSJ8,A13_25552.jpg,6102437,https://dataverse.harvard.edu/api/access/datafile/6102437
doi:10.7910/DVN/L33MET,A13_25553.jpg,6102439,https://dataverse.harvard.edu/api/access/datafile/6102439
doi:10.7910/DVN/TDMXFI,A13_25554.jpg,6102441,https://dataverse.harvard.edu/api/access/datafile/6102441
doi:10.7910/DVN/X7JRVR,A13_25555.jpg,6102443,https://dataverse.harvard.edu/api/access/datafile/6102443
doi:10.7910/DVN/H4QS58,A13_25556.jpg,6102445,https://dataverse.harvard.edu/api/access/datafile/6102445
doi:10.7910/DVN/0DREOU,A13_25557.jpg,6102447,https://dataverse.harvard.edu/api/access/datafile/6102447
doi:10.7910/DVN/ODNAIY,A13_25558.jpg,6102449,https://dataverse.harvard.edu/api/access/datafile/6102449
doi:10.7910/DVN/XQTK8J,A13_25559.jpg,6102451,https://dataverse.harvard.edu/api/access/datafile/6102451
doi:10.7910/DVN/U6SDXF,A13_25560.jpg,6102453,https://dataverse.harvard.edu/api/access/datafile/6102453
doi:10.7910/DVN/XVPFUL,A13_25561.jpg,6102455,https://dataverse.harvard.edu/api/access/datafile/6102455
doi:10.7910/DVN/VOMUUL,A13_25562.jpg,6102457,https://dataverse.harvard.edu/api/access/datafile/6102457
doi:10.7910/DVN/MI7TRP,A13_25562.jpg,6102459,https://dataverse.harvard.edu/api/access/datafile/6102459
doi:10.7910/DVN/NOWOK6,A13_25562.jpg,6102461,https://dataverse.harvard.edu/api/access/datafile/6102461
doi:10.7910/DVN/HNKQBQ,A13_25562.jpg,6102463,https://dataverse.harvard.edu/api/access/datafile/6102463
doi:10.7910/DVN/TWMGBG,A13_25562.jpg,6102465,https://dataverse.harvard.edu/api/access/datafile/6102465
doi:10.7910/DVN/055GOC,A13_25562.jpg,6102467,https://dataverse.harvard.edu/api/access/datafile/6102467
doi:10.7910/DVN/MX3MEZ,A13_25562.jpg,6102469,https://dataverse.harvard.edu/api/access/datafile/6102469
doi:10.7910/DVN/JM5RGO,A13_25562.jpg,6102471,https://dataverse.harvard.edu/api/access/datafile/6102471
doi:10.7910/DVN/YWPIMK,A13_25562.jpg,6102473,https://dataverse.harvard.edu/api/access/datafile/6102473
doi:10.7910/DVN/E6XXWC,A13_25563.jpg,6102475,https://dataverse.harvard.edu/api/access/datafile/6102475
doi:10.7910/DVN/XKQP50,A13_25564.jpg,6102477,https://dataverse.harvard.edu/api/access/datafile/6102477
doi:10.7910/DVN/SOXQNU,A13_25565.jpg,6102479,https://dataverse.harvard.edu/api/access/datafile/6102479
doi:10.7910/DVN/0JZFIH,A13_25566.jpg,6102481,https://dataverse.harvard.edu/api/access/datafile/6102481
doi:10.7910/DVN/XDOAFJ,A13_25567.jpg,6102483,https://dataverse.harvard.edu/api/access/datafile/6102483
doi:10.7910/DVN/ZQOMU2,A13_25568.jpg,6102485,https://dataverse.harvard.edu/api/access/datafile/6102485
doi:10.7910/DVN/M71LZG,A13_25569.jpg,6102487,https://dataverse.harvard.edu/api/access/datafile/6102487
doi:10.7910/DVN/T1DSOB,A13_25570.jpg,6102489,https://dataverse.harvard.edu/api/access/datafile/6102489
doi:10.7910/DVN/JO9RXZ,A13_25571.jpg,6102491,https://dataverse.harvard.edu/api/access/datafile/6102491
doi:10.7910/DVN/MXKADR,A13_25572.jpg,6102493,https://dataverse.harvard.edu/api/access/datafile/6102493
doi:10.7910/DVN/ERUUMS,A13_25573.jpg,6102495,https://dataverse.harvard.edu/api/access/datafile/6102495
doi:10.7910/DVN/D9ZIGO,A13_25574.jpg,6102497,https://dataverse.harvard.edu/api/access/datafile/6102497
doi:10.7910/DVN/YLLXTS,A13_25575.jpg,6102499,https://dataverse.harvard.edu/api/access/datafile/6102499
doi:10.7910/DVN/X3JGBL,A13_25576.jpg,6102501,https://dataverse.harvard.edu/api/access/datafile/6102501
doi:10.7910/DVN/7S9JYP,A13_25577.jpg,6102503,https://dataverse.harvard.edu/api/access/datafile/6102503
doi:10.7910/DVN/8SVBDI,A13_25586.jpg,6102505,https://dataverse.harvard.edu/api/access/datafile/6102505
doi:10.7910/DVN/YFOMJN,A13_25586.jpg,6102507,https://dataverse.harvard.edu/api/access/datafile/6102507
doi:10.7910/DVN/DLWQ5I,A13_25586.jpg,6102509,https://dataverse.harvard.edu/api/access/datafile/6102509
doi:10.7910/DVN/2F7MQR,A13_25586.jpg,6102511,https://dataverse.harvard.edu/api/access/datafile/6102511
doi:10.7910/DVN/SCUG9B,A13_25586.jpg,6102513,https://dataverse.harvard.edu/api/access/datafile/6102513
doi:10.7910/DVN/D6V28W,A13_25586.jpg,6102515,https://dataverse.harvard.edu/api/access/datafile/6102515
doi:10.7910/DVN/FBK4C7,A13_25586.jpg,6102517,https://dataverse.harvard.edu/api/access/datafile/6102517
doi:10.7910/DVN/XAHO1U,A13_25586.jpg,6102519,https://dataverse.harvard.edu/api/access/datafile/6102519
doi:10.7910/DVN/U2DQQA,A13_25586.jpg,6102521,https://dataverse.harvard.edu/api/access/datafile/6102521
doi:10.7910/DVN/8KJ79F,A13_25586.jpg,6102525,https://dataverse.harvard.edu/api/access/datafile/6102525
doi:10.7910/DVN/N1IG0P,A13_25586.jpg,6102527,https://dataverse.harvard.edu/api/access/datafile/6102527
doi:10.7910/DVN/NZF9GH,A13_25586.jpg,6102529,https://dataverse.harvard.edu/api/access/datafile/6102529
doi:10.7910/DVN/86CNNI,A13_25586.jpg,6102531,https://dataverse.harvard.edu/api/access/datafile/6102531
doi:10.7910/DVN/1SYSDH,A13_25586.jpg,6102533,https://dataverse.harvard.edu/api/access/datafile/6102533
doi:10.7910/DVN/J5NTPP,A13_25586.jpg,6102535,https://dataverse.harvard.edu/api/access/datafile/6102535
doi:10.7910/DVN/VA67PU,A13_25586.jpg,6102537,https://dataverse.harvard.edu/api/access/datafile/6102537
doi:10.7910/DVN/K8THBU,A13_25586.jpg,6102539,https://dataverse.harvard.edu/api/access/datafile/6102539
doi:10.7910/DVN/NMRVHX,A13_25586.jpg,6102541,https://dataverse.harvard.edu/api/access/datafile/6102541
doi:10.7910/DVN/J1ZKSZ,A13_25586.jpg,6102543,https://dataverse.harvard.edu/api/access/datafile/6102543
doi:10.7910/DVN/KTKOWZ,A13_25586.jpg,6102545,https://dataverse.harvard.edu/api/access/datafile/6102545
doi:10.7910/DVN/FDNGIU,A13_25586.jpg,6102547,https://dataverse.harvard.edu/api/access/datafile/6102547
doi:10.7910/DVN/S8K511,A13_25586.jpg,6102549,https://dataverse.harvard.edu/api/access/datafile/6102549
doi:10.7910/DVN/KUIZLZ,A13_25586.jpg,6102551,https://dataverse.harvard.edu/api/access/datafile/6102551
doi:10.7910/DVN/Q3SMRS,A13_25586.jpg,6102553,https://dataverse.harvard.edu/api/access/datafile/6102553
doi:10.7910/DVN/ISMGQF,A13_25610.jpg,6102555,https://dataverse.harvard.edu/api/access/datafile/6102555
doi:10.7910/DVN/9KFDF7,A13_25610.jpg,6102557,https://dataverse.harvard.edu/api/access/datafile/6102557
doi:10.7910/DVN/4WFPO3,A13_25610.jpg,6102559,https://dataverse.harvard.edu/api/access/datafile/6102559
doi:10.7910/DVN/DCF1TH,A13_25610.jpg,6102561,https://dataverse.harvard.edu/api/access/datafile/6102561
doi:10.7910/DVN/3K0OKU,A13_25610.jpg,6102563,https://dataverse.harvard.edu/api/access/datafile/6102563
doi:10.7910/DVN/BUAPEE,A13_25610.jpg,6102571,https://dataverse.harvard.edu/api/access/datafile/6102571
doi:10.7910/DVN/6S4CH0,A13_25610.jpg,6102576,https://dataverse.harvard.edu/api/access/datafile/6102576
doi:10.7910/DVN/FACHII,A13_25610.jpg,6102578,https://dataverse.harvard.edu/api/access/datafile/6102578
doi:10.7910/DVN/3RUHWK,A13_25610.jpg,6102580,https://dataverse.harvard.edu/api/access/datafile/6102580
doi:10.7910/DVN/6ILGS5,A13_25610.jpg,6102582,https://dataverse.harvard.edu/api/access/datafile/6102582
doi:10.7910/DVN/BVXZRZ,A13_25610.jpg,6102584,https://dataverse.harvard.edu/api/access/datafile/6102584
doi:10.7910/DVN/29LSIL,A13_25610.jpg,6102586,https://dataverse.harvard.edu/api/access/datafile/6102586
doi:10.7910/DVN/AGGBRZ,A13_25610.jpg,6102588,https://dataverse.harvard.edu/api/access/datafile/6102588
doi:10.7910/DVN/M20NO3,A13_25610.jpg,6102590,https://dataverse.harvard.edu/api/access/datafile/6102590
doi:10.7910/DVN/4ECWJ4,A13_25610.jpg,6102592,https://dataverse.harvard.edu/api/access/datafile/6102592
doi:10.7910/DVN/LD6FIQ,A13_25610.jpg,6102594,https://dataverse.harvard.edu/api/access/datafile/6102594
doi:10.7910/DVN/2OD9WG,A13_25610.jpg,6102596,https://dataverse.harvard.edu/api/access/datafile/6102596
doi:10.7910/DVN/L1ALO7,A13_25610.jpg,6102598,https://dataverse.harvard.edu/api/access/datafile/6102598
doi:10.7910/DVN/DKBK94,A13_25628.jpg,6102600,https://dataverse.harvard.edu/api/access/datafile/6102600
doi:10.7910/DVN/PJ8C5I,A13_25629.jpg,6102602,https://dataverse.harvard.edu/api/access/datafile/6102602
doi:10.7910/DVN/MMC0AU,A13_25630.jpg,6102604,https://dataverse.harvard.edu/api/access/datafile/6102604
doi:10.7910/DVN/J7SWLY,A13_25631.jpg,6102606,https://dataverse.harvard.edu/api/access/datafile/6102606
doi:10.7910/DVN/BJORES,A13_25632.jpg,6102608,https://dataverse.harvard.edu/api/access/datafile/6102608
doi:10.7910/DVN/HLUSUD,A13_25633.jpg,6102610,https://dataverse.harvard.edu/api/access/datafile/6102610
doi:10.7910/DVN/X8YBB8,A13_25634.jpg,6102612,https://dataverse.harvard.edu/api/access/datafile/6102612
doi:10.7910/DVN/KD8K2C,A13_25635.jpg,6102614,https://dataverse.harvard.edu/api/access/datafile/6102614
doi:10.7910/DVN/C6T1XX,A13_25636.jpg,6102616,https://dataverse.harvard.edu/api/access/datafile/6102616
doi:10.7910/DVN/W5LPZL,A13_25637.jpg,6102618,https://dataverse.harvard.edu/api/access/datafile/6102618
doi:10.7910/DVN/NNAMKN,A13_25638.jpg,6102620,https://dataverse.harvard.edu/api/access/datafile/6102620
doi:10.7910/DVN/BFTNBD,A13_25639.jpg,6102622,https://dataverse.harvard.edu/api/access/datafile/6102622
doi:10.7910/DVN/DJLPP0,A13_25640.jpg,6102624,https://dataverse.harvard.edu/api/access/datafile/6102624
doi:10.7910/DVN/HOCIYO,A13_25641.jpg,6102626,https://dataverse.harvard.edu/api/access/datafile/6102626
doi:10.7910/DVN/TDZVJP,A13_25642.jpg,6102628,https://dataverse.harvard.edu/api/access/datafile/6102628
doi:10.7910/DVN/V98D3F,A13_25643.jpg,6102630,https://dataverse.harvard.edu/api/access/datafile/6102630
doi:10.7910/DVN/H1V9IL,A13_25644.jpg,6102633,https://dataverse.harvard.edu/api/access/datafile/6102633
doi:10.7910/DVN/CBYNDW,A13_25645.jpg,6102635,https://dataverse.harvard.edu/api/access/datafile/6102635
doi:10.7910/DVN/QHPMVC,A13_25646.jpg,6102637,https://dataverse.harvard.edu/api/access/datafile/6102637
doi:10.7910/DVN/JGLNF1,A13_25647.jpg,6102639,https://dataverse.harvard.edu/api/access/datafile/6102639
doi:10.7910/DVN/MQBZOB,A13_25648.jpg,6102641,https://dataverse.harvard.edu/api/access/datafile/6102641
doi:10.7910/DVN/JCM9AG,A13_25649.jpg,6102644,https://dataverse.harvard.edu/api/access/datafile/6102644
doi:10.7910/DVN/LTPIS4,A13_25650.jpg,6102646,https://dataverse.harvard.edu/api/access/datafile/6102646
doi:10.7910/DVN/2DDIFG,A13_25651.jpg,6102648,https://dataverse.harvard.edu/api/access/datafile/6102648
doi:10.7910/DVN/MYPMBF,A13_25652.jpg,6102650,https://dataverse.harvard.edu/api/access/datafile/6102650
doi:10.7910/DVN/HXJNDA,A13_25653.jpg,6102653,https://dataverse.harvard.edu/api/access/datafile/6102653
doi:10.7910/DVN/K9OVZP,A13_25654.jpg,6102656,https://dataverse.harvard.edu/api/access/datafile/6102656
doi:10.7910/DVN/EEQIW1,A13_25655.jpg,6102658,https://dataverse.harvard.edu/api/access/datafile/6102658
doi:10.7910/DVN/S3PKVH,A13_25656.jpg,6102661,https://dataverse.harvard.edu/api/access/datafile/6102661
doi:10.7910/DVN/374FYD,A13_25657.jpg,6102663,https://dataverse.harvard.edu/api/access/datafile/6102663
doi:10.7910/DVN/RQ80UY,A13_25658.jpg,6102665,https://dataverse.harvard.edu/api/access/datafile/6102665
doi:10.7910/DVN/ITKPAV,A13_25659.jpg,6102668,https://dataverse.harvard.edu/api/access/datafile/6102668
doi:10.7910/DVN/5JCKRN,A13_25660.jpg,6102670,https://dataverse.harvard.edu/api/access/datafile/6102670
doi:10.7910/DVN/V5BQCS,A13_25661.jpg,6102672,https://dataverse.harvard.edu/api/access/datafile/6102672
doi:10.7910/DVN/VY07IP,A13_25662.jpg,6102674,https://dataverse.harvard.edu/api/access/datafile/6102674
doi:10.7910/DVN/PBTVIA,A13_25663.jpg,6102677,https://dataverse.harvard.edu/api/access/datafile/6102677
doi:10.7910/DVN/IVQUZN,A13_25664.jpg,6102679,https://dataverse.harvard.edu/api/access/datafile/6102679
doi:10.7910/DVN/ATA9L9,A13_25665.jpg,6102681,https://dataverse.harvard.edu/api/access/datafile/6102681
doi:10.7910/DVN/KJ2KIG,A13_25666.jpg,6102683,https://dataverse.harvard.edu/api/access/datafile/6102683
doi:10.7910/DVN/PXUFBX,A13_25667.jpg,6102685,https://dataverse.harvard.edu/api/access/datafile/6102685
doi:10.7910/DVN/BBM5EL,A13_25668.jpg,6102687,https://dataverse.harvard.edu/api/access/datafile/6102687
doi:10.7910/DVN/8WWG03,A13_25669.jpg,6102689,https://dataverse.harvard.edu/api/access/datafile/6102689
doi:10.7910/DVN/BZ6NCD,A13_25670.jpg,6102691,https://dataverse.harvard.edu/api/access/datafile/6102691
doi:10.7910/DVN/TGICZQ,A13_25671.jpg,6102693,https://dataverse.harvard.edu/api/access/datafile/6102693
doi:10.7910/DVN/HOCHRN,A13_25672.jpg,6102695,https://dataverse.harvard.edu/api/access/datafile/6102695
doi:10.7910/DVN/GWRNEU,A13_25673.jpg,6102697,https://dataverse.harvard.edu/api/access/datafile/6102697
doi:10.7910/DVN/PINRXN,A13_25674.jpg,6102699,https://dataverse.harvard.edu/api/access/datafile/6102699
doi:10.7910/DVN/U5JYEF,A13_25675.jpg,6102701,https://dataverse.harvard.edu/api/access/datafile/6102701
doi:10.7910/DVN/55OXI1,A13_25676.jpg,6102703,https://dataverse.harvard.edu/api/access/datafile/6102703
doi:10.7910/DVN/A2JLLN,A13_25677.jpg,6102705,https://dataverse.harvard.edu/api/access/datafile/6102705
doi:10.7910/DVN/ZMV74H,A13_25678.jpg,6102707,https://dataverse.harvard.edu/api/access/datafile/6102707
doi:10.7910/DVN/KARVFT,A13_25679.jpg,6102709,https://dataverse.harvard.edu/api/access/datafile/6102709
doi:10.7910/DVN/EYXUZH,A13_25680.jpg,6102711,https://dataverse.harvard.edu/api/access/datafile/6102711
doi:10.7910/DVN/BSQ7XT,A13_25681.jpg,6102713,https://dataverse.harvard.edu/api/access/datafile/6102713
doi:10.7910/DVN/IOOXJL,A13_25682.jpg,6102715,https://dataverse.harvard.edu/api/access/datafile/6102715
doi:10.7910/DVN/M8LQWW,A13_25683.jpg,6102717,https://dataverse.harvard.edu/api/access/datafile/6102717
doi:10.7910/DVN/H2WMW9,A13_25684.jpg,6102719,https://dataverse.harvard.edu/api/access/datafile/6102719
doi:10.7910/DVN/SELM2W,A13_25685.jpg,6102721,https://dataverse.harvard.edu/api/access/datafile/6102721
doi:10.7910/DVN/OWZ7DW,A13_25686.jpg,6102723,https://dataverse.harvard.edu/api/access/datafile/6102723
doi:10.7910/DVN/CEZVOJ,A13_25687.jpg,6102725,https://dataverse.harvard.edu/api/access/datafile/6102725
doi:10.7910/DVN/7FL1PC,A13_25688.jpg,6102727,https://dataverse.harvard.edu/api/access/datafile/6102727
doi:10.7910/DVN/D0G5FK,A13_25689.jpg,6102730,https://dataverse.harvard.edu/api/access/datafile/6102730
doi:10.7910/DVN/WYORAI,A13_25690.jpg,6102732,https://dataverse.harvard.edu/api/access/datafile/6102732
doi:10.7910/DVN/NSAH0F,A13_25691.jpg,6102734,https://dataverse.harvard.edu/api/access/datafile/6102734
doi:10.7910/DVN/WAD0TY,A13_25692.jpg,6102736,https://dataverse.harvard.edu/api/access/datafile/6102736
doi:10.7910/DVN/ZEOX4R,A13_25693.jpg,6102738,https://dataverse.harvard.edu/api/access/datafile/6102738
doi:10.7910/DVN/UKBEWM,A13_25694.jpg,6102740,https://dataverse.harvard.edu/api/access/datafile/6102740
doi:10.7910/DVN/BP5IQG,A13_25695.jpg,6102742,https://dataverse.harvard.edu/api/access/datafile/6102742
doi:10.7910/DVN/IQUB3W,A13_25696.jpg,6102744,https://dataverse.harvard.edu/api/access/datafile/6102744
doi:10.7910/DVN/EHZLRM,A13_25697.jpg,6102746,https://dataverse.harvard.edu/api/access/datafile/6102746
doi:10.7910/DVN/IERE1E,A13_25698.jpg,6102748,https://dataverse.harvard.edu/api/access/datafile/6102748
doi:10.7910/DVN/7H19HL,A13_25699.jpg,6102750,https://dataverse.harvard.edu/api/access/datafile/6102750
doi:10.7910/DVN/YT8HPG,A13_25700.jpg,6102752,https://dataverse.harvard.edu/api/access/datafile/6102752
doi:10.7910/DVN/H2OTFC,A13_25701.jpg,6102754,https://dataverse.harvard.edu/api/access/datafile/6102754
doi:10.7910/DVN/H236PE,A13_25702.jpg,6102756,https://dataverse.harvard.edu/api/access/datafile/6102756
doi:10.7910/DVN/TY8LMB,A13_25703.jpg,6102758,https://dataverse.harvard.edu/api/access/datafile/6102758
doi:10.7910/DVN/STPMF9,A13_25704.jpg,6102760,https://dataverse.harvard.edu/api/access/datafile/6102760
doi:10.7910/DVN/QBAVVA,A13_25705.jpg,6102762,https://dataverse.harvard.edu/api/access/datafile/6102762
doi:10.7910/DVN/32UW4K,A13_25706.jpg,6102764,https://dataverse.harvard.edu/api/access/datafile/6102764
doi:10.7910/DVN/AENKUO,A13_25707.jpg,6102766,https://dataverse.harvard.edu/api/access/datafile/6102766
doi:10.7910/DVN/IP5BOR,A13_25708.jpg,6102768,https://dataverse.harvard.edu/api/access/datafile/6102768
doi:10.7910/DVN/LTCQH0,A13_25709.jpg,6102770,https://dataverse.harvard.edu/api/access/datafile/6102770
doi:10.7910/DVN/2DTWK9,A13_25710.jpg,6102772,https://dataverse.harvard.edu/api/access/datafile/6102772
doi:10.7910/DVN/UG4WM2,A13_25711.jpg,6102774,https://dataverse.harvard.edu/api/access/datafile/6102774
doi:10.7910/DVN/7OUUZC,A13_25712.jpg,6102776,https://dataverse.harvard.edu/api/access/datafile/6102776
doi:10.7910/DVN/OZCXTQ,A13_25713.jpg,6102778,https://dataverse.harvard.edu/api/access/datafile/6102778
doi:10.7910/DVN/XKSJAJ,A13_25714.jpg,6102780,https://dataverse.harvard.edu/api/access/datafile/6102780
doi:10.7910/DVN/F3E2VJ,A13_25715.jpg,6102782,https://dataverse.harvard.edu/api/access/datafile/6102782
doi:10.7910/DVN/VQODRZ,A13_25716.jpg,6102784,https://dataverse.harvard.edu/api/access/datafile/6102784
doi:10.7910/DVN/LKEY6K,A13_25717.jpg,6102786,https://dataverse.harvard.edu/api/access/datafile/6102786
doi:10.7910/DVN/3GEF9E,A13_25718.jpg,6102788,https://dataverse.harvard.edu/api/access/datafile/6102788
doi:10.7910/DVN/LDMQMS,A13_25719.jpg,6102790,https://dataverse.harvard.edu/api/access/datafile/6102790
doi:10.7910/DVN/JUHN7K,A13_25720.jpg,6102792,https://dataverse.harvard.edu/api/access/datafile/6102792
doi:10.7910/DVN/BEGEJO,A13_25721.jpg,6102794,https://dataverse.harvard.edu/api/access/datafile/6102794
doi:10.7910/DVN/DOXDVR,A13_25722.jpg,6102796,https://dataverse.harvard.edu/api/access/datafile/6102796
doi:10.7910/DVN/IKAPYM,A13_25723.jpg,6102798,https://dataverse.harvard.edu/api/access/datafile/6102798
doi:10.7910/DVN/PIXAGY,A13_25724.jpg,6102800,https://dataverse.harvard.edu/api/access/datafile/6102800
doi:10.7910/DVN/3MC3AH,A13_25725.jpg,6102802,https://dataverse.harvard.edu/api/access/datafile/6102802
doi:10.7910/DVN/BQ8P7C,A13_25726.jpg,6102804,https://dataverse.harvard.edu/api/access/datafile/6102804
doi:10.7910/DVN/ME46HV,A13_25727.jpg,6102806,https://dataverse.harvard.edu/api/access/datafile/6102806
doi:10.7910/DVN/S4R1SE,A13_25728.jpg,6102808,https://dataverse.harvard.edu/api/access/datafile/6102808
doi:10.7910/DVN/JJMZWX,A13_25729.jpg,6102810,https://dataverse.harvard.edu/api/access/datafile/6102810
doi:10.7910/DVN/G5SDIG,A13_25730.jpg,6102812,https://dataverse.harvard.edu/api/access/datafile/6102812
doi:10.7910/DVN/PPPWGJ,A13_25731.jpg,6102814,https://dataverse.harvard.edu/api/access/datafile/6102814
doi:10.7910/DVN/EYEPDC,A13_25732.jpg,6102816,https://dataverse.harvard.edu/api/access/datafile/6102816
doi:10.7910/DVN/5NHN6H,A13_25733.jpg,6102818,https://dataverse.harvard.edu/api/access/datafile/6102818
doi:10.7910/DVN/BHAX3V,A13_25734.jpg,6102820,https://dataverse.harvard.edu/api/access/datafile/6102820
doi:10.7910/DVN/5PGSFR,A13_25735.jpg,6102822,https://dataverse.harvard.edu/api/access/datafile/6102822
doi:10.7910/DVN/VVOTER,A13_25736.jpg,6102824,https://dataverse.harvard.edu/api/access/datafile/6102824
doi:10.7910/DVN/MEMTKN,A13_25737.jpg,6102826,https://dataverse.harvard.edu/api/access/datafile/6102826
doi:10.7910/DVN/BWPNCC,A13_25738.jpg,6102828,https://dataverse.harvard.edu/api/access/datafile/6102828
doi:10.7910/DVN/VAMBT8,A13_25739.jpg,6102830,https://dataverse.harvard.edu/api/access/datafile/6102830
doi:10.7910/DVN/3VL9DT,A13_25740.jpg,6102832,https://dataverse.harvard.edu/api/access/datafile/6102832
doi:10.7910/DVN/DDEKCF,A13_25741.jpg,6102834,https://dataverse.harvard.edu/api/access/datafile/6102834
doi:10.7910/DVN/HSTYAI,A13_25742.jpg,6102836,https://dataverse.harvard.edu/api/access/datafile/6102836
doi:10.7910/DVN/UUVKUO,A13_25743.jpg,6102838,https://dataverse.harvard.edu/api/access/datafile/6102838
doi:10.7910/DVN/FUHYHZ,A13_25744.jpg,6102840,https://dataverse.harvard.edu/api/access/datafile/6102840
doi:10.7910/DVN/ODLDO5,A13_25745.jpg,6102842,https://dataverse.harvard.edu/api/access/datafile/6102842
doi:10.7910/DVN/7ELM4C,A13_25746.jpg,6102847,https://dataverse.harvard.edu/api/access/datafile/6102847
doi:10.7910/DVN/4IWVLZ,A13_25747.jpg,6102849,https://dataverse.harvard.edu/api/access/datafile/6102849
doi:10.7910/DVN/FTFVOK,A13_25748.jpg,6102851,https://dataverse.harvard.edu/api/access/datafile/6102851
doi:10.7910/DVN/P2MDER,A13_25749.jpg,6102853,https://dataverse.harvard.edu/api/access/datafile/6102853
doi:10.7910/DVN/QEMMDG,A13_25750.jpg,6102855,https://dataverse.harvard.edu/api/access/datafile/6102855
doi:10.7910/DVN/AGAZNG,A13_25751.jpg,6102857,https://dataverse.harvard.edu/api/access/datafile/6102857
doi:10.7910/DVN/TRIP0R,A13_25752.jpg,6102861,https://dataverse.harvard.edu/api/access/datafile/6102861
doi:10.7910/DVN/HIXZQY,A13_25753.jpg,6102863,https://dataverse.harvard.edu/api/access/datafile/6102863
doi:10.7910/DVN/JNQ8RU,A13_25754.jpg,6102865,https://dataverse.harvard.edu/api/access/datafile/6102865
doi:10.7910/DVN/GRXOEH,A13_25755.jpg,6102867,https://dataverse.harvard.edu/api/access/datafile/6102867
doi:10.7910/DVN/FVWTMT,A13_25756.jpg,6102869,https://dataverse.harvard.edu/api/access/datafile/6102869
doi:10.7910/DVN/HNQSGJ,A13_25757.jpg,6102871,https://dataverse.harvard.edu/api/access/datafile/6102871
doi:10.7910/DVN/KFGN5S,A13_25758.jpg,6102873,https://dataverse.harvard.edu/api/access/datafile/6102873
doi:10.7910/DVN/YWIHUX,A13_25759.jpg,6102875,https://dataverse.harvard.edu/api/access/datafile/6102875
doi:10.7910/DVN/WRA3BU,A13_25760.jpg,6102877,https://dataverse.harvard.edu/api/access/datafile/6102877
doi:10.7910/DVN/JOQBGH,A13_25761.jpg,6102879,https://dataverse.harvard.edu/api/access/datafile/6102879
doi:10.7910/DVN/TREFJZ,A13_25762.jpg,6102881,https://dataverse.harvard.edu/api/access/datafile/6102881
doi:10.7910/DVN/WLEYYQ,A13_25763.jpg,6102883,https://dataverse.harvard.edu/api/access/datafile/6102883
doi:10.7910/DVN/ORQQKB,A13_25764.jpg,6102885,https://dataverse.harvard.edu/api/access/datafile/6102885
doi:10.7910/DVN/YHNMKC,A13_25765.jpg,6102887,https://dataverse.harvard.edu/api/access/datafile/6102887
doi:10.7910/DVN/1ACPW8,A13_25766.jpg,6102889,https://dataverse.harvard.edu/api/access/datafile/6102889
doi:10.7910/DVN/M4STHZ,A13_25767.jpg,6102891,https://dataverse.harvard.edu/api/access/datafile/6102891
doi:10.7910/DVN/RMYNOK,A13_25768.jpg,6102894,https://dataverse.harvard.edu/api/access/datafile/6102894
doi:10.7910/DVN/QNRC9D,A13_25769.jpg,6102896,https://dataverse.harvard.edu/api/access/datafile/6102896
doi:10.7910/DVN/AB2MT7,A13_25770.jpg,6102898,https://dataverse.harvard.edu/api/access/datafile/6102898
doi:10.7910/DVN/MHOOUT,A13_25771.jpg,6102901,https://dataverse.harvard.edu/api/access/datafile/6102901
doi:10.7910/DVN/82NMDK,A13_25772.jpg,6102903,https://dataverse.harvard.edu/api/access/datafile/6102903
doi:10.7910/DVN/GXC5TD,A13_25773.jpg,6102906,https://dataverse.harvard.edu/api/access/datafile/6102906
doi:10.7910/DVN/FXGMHQ,A13_25774.jpg,6102908,https://dataverse.harvard.edu/api/access/datafile/6102908
doi:10.7910/DVN/QQR4DP,A13_25775.jpg,6102911,https://dataverse.harvard.edu/api/access/datafile/6102911
doi:10.7910/DVN/LPBXXQ,A13_25776.jpg,6102913,https://dataverse.harvard.edu/api/access/datafile/6102913
doi:10.7910/DVN/RTOG5Q,A13_25777.jpg,6102916,https://dataverse.harvard.edu/api/access/datafile/6102916
doi:10.7910/DVN/LNCBSF,A13_25778.jpg,6102918,https://dataverse.harvard.edu/api/access/datafile/6102918
doi:10.7910/DVN/OZJ6MG,A13_25779.jpg,6102921,https://dataverse.harvard.edu/api/access/datafile/6102921
doi:10.7910/DVN/TWR5HZ,A13_25780.jpg,6102923,https://dataverse.harvard.edu/api/access/datafile/6102923
doi:10.7910/DVN/FNOGW3,A13_25781.jpg,6102926,https://dataverse.harvard.edu/api/access/datafile/6102926
doi:10.7910/DVN/OOS0J4,A13_25782.jpg,6102928,https://dataverse.harvard.edu/api/access/datafile/6102928
doi:10.7910/DVN/FV9PBP,A13_25783.jpg,6102931,https://dataverse.harvard.edu/api/access/datafile/6102931
doi:10.7910/DVN/MLZZJL,A13_25784.jpg,6102933,https://dataverse.harvard.edu/api/access/datafile/6102933
doi:10.7910/DVN/1P0VKA,A13_25785.jpg,6102935,https://dataverse.harvard.edu/api/access/datafile/6102935
doi:10.7910/DVN/RF4S4T,A13_25786.jpg,6102938,https://dataverse.harvard.edu/api/access/datafile/6102938
doi:10.7910/DVN/HTUZC7,A13_25787.jpg,6102940,https://dataverse.harvard.edu/api/access/datafile/6102940
doi:10.7910/DVN/1QYWY5,A13_25788.jpg,6102943,https://dataverse.harvard.edu/api/access/datafile/6102943
doi:10.7910/DVN/JM5G6I,A13_25789.jpg,6102945,https://dataverse.harvard.edu/api/access/datafile/6102945
doi:10.7910/DVN/V4MKMB,A13_25790.jpg,6102948,https://dataverse.harvard.edu/api/access/datafile/6102948
doi:10.7910/DVN/EWSTYB,A13_25791.jpg,6102950,https://dataverse.harvard.edu/api/access/datafile/6102950
doi:10.7910/DVN/VN6W6Y,A13_25792.jpg,6102953,https://dataverse.harvard.edu/api/access/datafile/6102953
doi:10.7910/DVN/3QVZPR,A13_25793.jpg,6102955,https://dataverse.harvard.edu/api/access/datafile/6102955
doi:10.7910/DVN/BW3COJ,A13_25794.jpg,6102957,https://dataverse.harvard.edu/api/access/datafile/6102957
doi:10.7910/DVN/PRBHJM,A13_25795.jpg,6102959,https://dataverse.harvard.edu/api/access/datafile/6102959
doi:10.7910/DVN/W5TUQD,A13_25796.jpg,6102961,https://dataverse.harvard.edu/api/access/datafile/6102961
doi:10.7910/DVN/MCSR4P,A13_25797.jpg,6102963,https://dataverse.harvard.edu/api/access/datafile/6102963
doi:10.7910/DVN/TOK2OA,A13_25798.jpg,6102965,https://dataverse.harvard.edu/api/access/datafile/6102965
doi:10.7910/DVN/AOQEJY,A13_25799.jpg,6102967,https://dataverse.harvard.edu/api/access/datafile/6102967
doi:10.7910/DVN/GY0SAL,A13_25800.jpg,6102969,https://dataverse.harvard.edu/api/access/datafile/6102969
doi:10.7910/DVN/YUT9HA,A13_25801.jpg,6102971,https://dataverse.harvard.edu/api/access/datafile/6102971
doi:10.7910/DVN/EDPWN2,A13_25802.jpg,6102973,https://dataverse.harvard.edu/api/access/datafile/6102973
doi:10.7910/DVN/FTGAMY,A13_25803.jpg,6102975,https://dataverse.harvard.edu/api/access/datafile/6102975
doi:10.7910/DVN/LVRUHI,A13_25804.jpg,6102977,https://dataverse.harvard.edu/api/access/datafile/6102977
doi:10.7910/DVN/KIL0GB,A13_25805.jpg,6102979,https://dataverse.harvard.edu/api/access/datafile/6102979
doi:10.7910/DVN/J0WQCJ,A13_25806.jpg,6102981,https://dataverse.harvard.edu/api/access/datafile/6102981
doi:10.7910/DVN/1QZEOH,A13_25807.jpg,6102983,https://dataverse.harvard.edu/api/access/datafile/6102983
doi:10.7910/DVN/RISLT4,A13_25808.jpg,6102985,https://dataverse.harvard.edu/api/access/datafile/6102985
doi:10.7910/DVN/4F7WRF,A13_25809.jpg,6102987,https://dataverse.harvard.edu/api/access/datafile/6102987
doi:10.7910/DVN/B5UE7A,A13_25810.jpg,6102989,https://dataverse.harvard.edu/api/access/datafile/6102989
doi:10.7910/DVN/OTMINC,A13_25811.jpg,6102991,https://dataverse.harvard.edu/api/access/datafile/6102991
doi:10.7910/DVN/RCAJRK,A13_25812.jpg,6102993,https://dataverse.harvard.edu/api/access/datafile/6102993
doi:10.7910/DVN/DGD3RQ,A13_25813.jpg,6102995,https://dataverse.harvard.edu/api/access/datafile/6102995
doi:10.7910/DVN/HSYTNB,A13_25814.jpg,6102997,https://dataverse.harvard.edu/api/access/datafile/6102997
doi:10.7910/DVN/UA2LQC,A13_25815.jpg,6102999,https://dataverse.harvard.edu/api/access/datafile/6102999
doi:10.7910/DVN/RWNISE,A13_25816.jpg,6103001,https://dataverse.harvard.edu/api/access/datafile/6103001
doi:10.7910/DVN/I00XJ2,A13_25817.jpg,6103003,https://dataverse.harvard.edu/api/access/datafile/6103003
doi:10.7910/DVN/G8UP04,A13_25818.jpg,6103005,https://dataverse.harvard.edu/api/access/datafile/6103005
doi:10.7910/DVN/TF5IYY,A13_25819.jpg,6103007,https://dataverse.harvard.edu/api/access/datafile/6103007
doi:10.7910/DVN/4GJODY,A13_25820.jpg,6103009,https://dataverse.harvard.edu/api/access/datafile/6103009
doi:10.7910/DVN/3DIZOM,A13_25821.jpg,6103011,https://dataverse.harvard.edu/api/access/datafile/6103011
doi:10.7910/DVN/STNYGQ,A13_25822.jpg,6103013,https://dataverse.harvard.edu/api/access/datafile/6103013
doi:10.7910/DVN/YFUQSI,A13_25823.jpg,6103015,https://dataverse.harvard.edu/api/access/datafile/6103015
doi:10.7910/DVN/FPY6WL,A13_25824.jpg,6103017,https://dataverse.harvard.edu/api/access/datafile/6103017
doi:10.7910/DVN/OVW69N,A13_25825.jpg,6103019,https://dataverse.harvard.edu/api/access/datafile/6103019
doi:10.7910/DVN/IJCZ3C,A13_25826.jpg,6103021,https://dataverse.harvard.edu/api/access/datafile/6103021
doi:10.7910/DVN/WHJLYZ,A13_25827.jpg,6103023,https://dataverse.harvard.edu/api/access/datafile/6103023
doi:10.7910/DVN/CYJTR9,A13_25828.jpg,6103025,https://dataverse.harvard.edu/api/access/datafile/6103025
doi:10.7910/DVN/GPDG4O,A13_25829.jpg,6103027,https://dataverse.harvard.edu/api/access/datafile/6103027
doi:10.7910/DVN/6JSYUL,A13_25830.jpg,6103030,https://dataverse.harvard.edu/api/access/datafile/6103030
doi:10.7910/DVN/CMG2VK,A13_25831.jpg,6103032,https://dataverse.harvard.edu/api/access/datafile/6103032
doi:10.7910/DVN/KCCXMA,A13_25832.jpg,6103034,https://dataverse.harvard.edu/api/access/datafile/6103034
doi:10.7910/DVN/CRHITJ,A13_25833.jpg,6103036,https://dataverse.harvard.edu/api/access/datafile/6103036
doi:10.7910/DVN/JVJKLH,A13_25834.jpg,6103038,https://dataverse.harvard.edu/api/access/datafile/6103038
doi:10.7910/DVN/Y4ZWQV,A13_25835.jpg,6103040,https://dataverse.harvard.edu/api/access/datafile/6103040
doi:10.7910/DVN/X2YFMV,A13_25836.jpg,6103042,https://dataverse.harvard.edu/api/access/datafile/6103042
doi:10.7910/DVN/WOE7CC,A13_25838.jpg,6103044,https://dataverse.harvard.edu/api/access/datafile/6103044
doi:10.7910/DVN/I9DON7,A13_25839.jpg,6103046,https://dataverse.harvard.edu/api/access/datafile/6103046
doi:10.7910/DVN/PPJI8N,A13_25840.jpg,6103048,https://dataverse.harvard.edu/api/access/datafile/6103048
doi:10.7910/DVN/S8USHF,A13_25841.jpg,6103050,https://dataverse.harvard.edu/api/access/datafile/6103050
doi:10.7910/DVN/NQSUNP,A13_25842.jpg,6103052,https://dataverse.harvard.edu/api/access/datafile/6103052
doi:10.7910/DVN/ZJWRJF,A13_25843.jpg,6103054,https://dataverse.harvard.edu/api/access/datafile/6103054
doi:10.7910/DVN/CXK1P2,A13_25844.jpg,6103056,https://dataverse.harvard.edu/api/access/datafile/6103056
doi:10.7910/DVN/FFNCZO,A13_25845.jpg,6103058,https://dataverse.harvard.edu/api/access/datafile/6103058
doi:10.7910/DVN/YWKIIG,A13_25846.jpg,6103060,https://dataverse.harvard.edu/api/access/datafile/6103060
doi:10.7910/DVN/Q2FTQV,A13_25847.jpg,6103062,https://dataverse.harvard.edu/api/access/datafile/6103062
doi:10.7910/DVN/GSS8Q4,A13_25848.jpg,6103064,https://dataverse.harvard.edu/api/access/datafile/6103064
doi:10.7910/DVN/UHBXEN,A13_25849.jpg,6103066,https://dataverse.harvard.edu/api/access/datafile/6103066
doi:10.7910/DVN/5G3TZW,A13_25850.jpg,6103068,https://dataverse.harvard.edu/api/access/datafile/6103068
doi:10.7910/DVN/UTPKAS,A13_25851.jpg,6103070,https://dataverse.harvard.edu/api/access/datafile/6103070
doi:10.7910/DVN/THKHNE,A13_25852.jpg,6103072,https://dataverse.harvard.edu/api/access/datafile/6103072
doi:10.7910/DVN/UJINW1,A13_25853.jpg,6103074,https://dataverse.harvard.edu/api/access/datafile/6103074
doi:10.7910/DVN/KTOP27,A13_25854.jpg,6103076,https://dataverse.harvard.edu/api/access/datafile/6103076
doi:10.7910/DVN/BMXZZE,A13_25855.jpg,6103078,https://dataverse.harvard.edu/api/access/datafile/6103078
doi:10.7910/DVN/SZQVCN,A13_25856.jpg,6103080,https://dataverse.harvard.edu/api/access/datafile/6103080
doi:10.7910/DVN/MNS5CL,A13_25857.jpg,6103082,https://dataverse.harvard.edu/api/access/datafile/6103082
doi:10.7910/DVN/HX76WC,A13_25858.jpg,6103084,https://dataverse.harvard.edu/api/access/datafile/6103084
doi:10.7910/DVN/H8QFY8,A13_25859.jpg,6103086,https://dataverse.harvard.edu/api/access/datafile/6103086
doi:10.7910/DVN/0FOAP1,A13_25860.jpg,6103088,https://dataverse.harvard.edu/api/access/datafile/6103088
doi:10.7910/DVN/UYVDJJ,A13_25861.jpg,6103090,https://dataverse.harvard.edu/api/access/datafile/6103090
doi:10.7910/DVN/CHXONM,A13_25862.jpg,6103092,https://dataverse.harvard.edu/api/access/datafile/6103092
doi:10.7910/DVN/WAF23I,A13_25863.jpg,6103094,https://dataverse.harvard.edu/api/access/datafile/6103094
doi:10.7910/DVN/YGOWLX,A13_25864.jpg,6103096,https://dataverse.harvard.edu/api/access/datafile/6103096
doi:10.7910/DVN/KORBNZ,A13_25865.jpg,6103098,https://dataverse.harvard.edu/api/access/datafile/6103098
doi:10.7910/DVN/ZLUD0F,A13_25866.jpg,6103100,https://dataverse.harvard.edu/api/access/datafile/6103100
doi:10.7910/DVN/CK35FQ,A13_25867.jpg,6103102,https://dataverse.harvard.edu/api/access/datafile/6103102
doi:10.7910/DVN/FFMS5Q,A13_25868.jpg,6103104,https://dataverse.harvard.edu/api/access/datafile/6103104
doi:10.7910/DVN/NECZ9T,A13_25869.jpg,6103106,https://dataverse.harvard.edu/api/access/datafile/6103106
doi:10.7910/DVN/760AVU,A13_25870.jpg,6103108,https://dataverse.harvard.edu/api/access/datafile/6103108
doi:10.7910/DVN/Y059C7,A13_25871.jpg,6103110,https://dataverse.harvard.edu/api/access/datafile/6103110
doi:10.7910/DVN/ROQTV8,A13_25872.jpg,6103112,https://dataverse.harvard.edu/api/access/datafile/6103112
doi:10.7910/DVN/5NVBRO,A13_25873.jpg,6103114,https://dataverse.harvard.edu/api/access/datafile/6103114
doi:10.7910/DVN/WWML47,A13_25874.jpg,6103116,https://dataverse.harvard.edu/api/access/datafile/6103116
doi:10.7910/DVN/MAIVZ2,A13_25875.jpg,6103118,https://dataverse.harvard.edu/api/access/datafile/6103118
doi:10.7910/DVN/ML7Y3D,A13_25876.jpg,6103120,https://dataverse.harvard.edu/api/access/datafile/6103120
doi:10.7910/DVN/Y5QZSS,A13_25877.jpg,6103122,https://dataverse.harvard.edu/api/access/datafile/6103122
doi:10.7910/DVN/AQSZAD,A13_25878.jpg,6103124,https://dataverse.harvard.edu/api/access/datafile/6103124
doi:10.7910/DVN/IA5YB7,A13_25879.jpg,6103126,https://dataverse.harvard.edu/api/access/datafile/6103126
doi:10.7910/DVN/EMCWUV,A13_25880.jpg,6103128,https://dataverse.harvard.edu/api/access/datafile/6103128
doi:10.7910/DVN/AFW6FC,A13_25881.jpg,6103131,https://dataverse.harvard.edu/api/access/datafile/6103131
doi:10.7910/DVN/TYWCNJ,A13_25882.jpg,6103133,https://dataverse.harvard.edu/api/access/datafile/6103133
doi:10.7910/DVN/GHLGDF,A13_25883.jpg,6103135,https://dataverse.harvard.edu/api/access/datafile/6103135
doi:10.7910/DVN/ZAOVWX,A13_25884.jpg,6103137,https://dataverse.harvard.edu/api/access/datafile/6103137
doi:10.7910/DVN/CKSAKK,A13_25885.jpg,6103139,https://dataverse.harvard.edu/api/access/datafile/6103139
doi:10.7910/DVN/JJMKIH,A13_25886.jpg,6103143,https://dataverse.harvard.edu/api/access/datafile/6103143
doi:10.7910/DVN/MREIRK,A13_25887.jpg,6103145,https://dataverse.harvard.edu/api/access/datafile/6103145
doi:10.7910/DVN/WKM8BI,A13_25888.jpg,6103147,https://dataverse.harvard.edu/api/access/datafile/6103147
doi:10.7910/DVN/PWB17E,A13_25889.jpg,6103149,https://dataverse.harvard.edu/api/access/datafile/6103149
doi:10.7910/DVN/KQFTIF,A13_25890.jpg,6103151,https://dataverse.harvard.edu/api/access/datafile/6103151
doi:10.7910/DVN/QWYRYU,A13_25891.jpg,6103153,https://dataverse.harvard.edu/api/access/datafile/6103153
doi:10.7910/DVN/OZWSKN,A13_25892.jpg,6103155,https://dataverse.harvard.edu/api/access/datafile/6103155
doi:10.7910/DVN/67OHXX,A13_25893.jpg,6103157,https://dataverse.harvard.edu/api/access/datafile/6103157
doi:10.7910/DVN/QTXL1W,A13_25894.jpg,6103159,https://dataverse.harvard.edu/api/access/datafile/6103159
doi:10.7910/DVN/8FXFKF,A13_25895.jpg,6103161,https://dataverse.harvard.edu/api/access/datafile/6103161
doi:10.7910/DVN/8C2SDG,A13_25896.jpg,6103163,https://dataverse.harvard.edu/api/access/datafile/6103163
doi:10.7910/DVN/BFDYRU,A13_25897.jpg,6103165,https://dataverse.harvard.edu/api/access/datafile/6103165
doi:10.7910/DVN/XJOQLB,A13_25898.jpg,6103167,https://dataverse.harvard.edu/api/access/datafile/6103167
doi:10.7910/DVN/OVYNHJ,A13_25899.jpg,6103169,https://dataverse.harvard.edu/api/access/datafile/6103169
doi:10.7910/DVN/3L6PBH,A13_25900.jpg,6103171,https://dataverse.harvard.edu/api/access/datafile/6103171
doi:10.7910/DVN/DR7LVV,A13_25901.jpg,6103173,https://dataverse.harvard.edu/api/access/datafile/6103173
doi:10.7910/DVN/RCILMH,A13_25902.jpg,6103175,https://dataverse.harvard.edu/api/access/datafile/6103175
doi:10.7910/DVN/P9Z3U5,A13_25903.jpg,6103177,https://dataverse.harvard.edu/api/access/datafile/6103177
doi:10.7910/DVN/QNJ29Z,A13_25904.jpg,6103179,https://dataverse.harvard.edu/api/access/datafile/6103179
doi:10.7910/DVN/JVEJGD,A13_25905.jpg,6103181,https://dataverse.harvard.edu/api/access/datafile/6103181
doi:10.7910/DVN/4JJF9X,A13_25906.jpg,6103183,https://dataverse.harvard.edu/api/access/datafile/6103183
doi:10.7910/DVN/GKBWUA,A13_25907.jpg,6103185,https://dataverse.harvard.edu/api/access/datafile/6103185
doi:10.7910/DVN/ODNY5E,A13_25908.jpg,6103187,https://dataverse.harvard.edu/api/access/datafile/6103187
doi:10.7910/DVN/DJKMES,A13_25909.jpg,6103189,https://dataverse.harvard.edu/api/access/datafile/6103189
doi:10.7910/DVN/JSM8K4,A13_25910.jpg,6103191,https://dataverse.harvard.edu/api/access/datafile/6103191
doi:10.7910/DVN/WSYBV5,A13_25911.jpg,6103193,https://dataverse.harvard.edu/api/access/datafile/6103193
doi:10.7910/DVN/T5N5DG,A13_25912.jpg,6103195,https://dataverse.harvard.edu/api/access/datafile/6103195
doi:10.7910/DVN/KDDOS4,A13_25913.jpg,6103197,https://dataverse.harvard.edu/api/access/datafile/6103197
doi:10.7910/DVN/KDKNSJ,A13_25914.jpg,6103199,https://dataverse.harvard.edu/api/access/datafile/6103199
doi:10.7910/DVN/KKTF6A,A13_25915.jpg,6103201,https://dataverse.harvard.edu/api/access/datafile/6103201
doi:10.7910/DVN/SD3QII,A13_25916.jpg,6103203,https://dataverse.harvard.edu/api/access/datafile/6103203
doi:10.7910/DVN/QHC4NE,A13_25917.jpg,6103205,https://dataverse.harvard.edu/api/access/datafile/6103205
doi:10.7910/DVN/IYSEOE,A13_25918.jpg,6103207,https://dataverse.harvard.edu/api/access/datafile/6103207
doi:10.7910/DVN/GCFNWY,A13_25919.jpg,6103209,https://dataverse.harvard.edu/api/access/datafile/6103209
doi:10.7910/DVN/8RV9U9,A13_25920.jpg,6103211,https://dataverse.harvard.edu/api/access/datafile/6103211
doi:10.7910/DVN/UNF6JX,A13_25921.jpg,6103213,https://dataverse.harvard.edu/api/access/datafile/6103213
doi:10.7910/DVN/20THFH,A13_25922.jpg,6103215,https://dataverse.harvard.edu/api/access/datafile/6103215
doi:10.7910/DVN/TGZMIB,A13_25923.jpg,6103217,https://dataverse.harvard.edu/api/access/datafile/6103217
doi:10.7910/DVN/T7HQIW,A13_25924.jpg,6103219,https://dataverse.harvard.edu/api/access/datafile/6103219
doi:10.7910/DVN/WZ8JMO,A13_25925.jpg,6103221,https://dataverse.harvard.edu/api/access/datafile/6103221
doi:10.7910/DVN/JJ1NU3,A13_25926.jpg,6103223,https://dataverse.harvard.edu/api/access/datafile/6103223
doi:10.7910/DVN/SNCZVE,A13_25927.jpg,6103225,https://dataverse.harvard.edu/api/access/datafile/6103225
doi:10.7910/DVN/TLT5SQ,A13_25928.jpg,6103227,https://dataverse.harvard.edu/api/access/datafile/6103227
doi:10.7910/DVN/DHXVPG,A13_25929.jpg,6103229,https://dataverse.harvard.edu/api/access/datafile/6103229
doi:10.7910/DVN/Z0P3HA,A13_25930.jpg,6103231,https://dataverse.harvard.edu/api/access/datafile/6103231
doi:10.7910/DVN/KHDUBD,A13_25931.jpg,6103233,https://dataverse.harvard.edu/api/access/datafile/6103233
doi:10.7910/DVN/ZLFFGQ,A13_25932.jpg,6103235,https://dataverse.harvard.edu/api/access/datafile/6103235
doi:10.7910/DVN/SGE1YY,A13_25933.jpg,6103237,https://dataverse.harvard.edu/api/access/datafile/6103237
doi:10.7910/DVN/GCHMVB,A13_25934.jpg,6103239,https://dataverse.harvard.edu/api/access/datafile/6103239
doi:10.7910/DVN/EJLQOA,A13_25935.jpg,6103241,https://dataverse.harvard.edu/api/access/datafile/6103241
doi:10.7910/DVN/7CD3U5,A13_25936.jpg,6103243,https://dataverse.harvard.edu/api/access/datafile/6103243
doi:10.7910/DVN/OPK2SN,A13_25937.jpg,6103245,https://dataverse.harvard.edu/api/access/datafile/6103245
doi:10.7910/DVN/3YPAT2,A13_25938.jpg,6103247,https://dataverse.harvard.edu/api/access/datafile/6103247
doi:10.7910/DVN/DCYG4F,A13_25939.jpg,6103249,https://dataverse.harvard.edu/api/access/datafile/6103249
doi:10.7910/DVN/6MAYCN,A13_25940.jpg,6103251,https://dataverse.harvard.edu/api/access/datafile/6103251
doi:10.7910/DVN/OYWQNA,A13_25941.jpg,6103253,https://dataverse.harvard.edu/api/access/datafile/6103253
doi:10.7910/DVN/OBI300,A13_25942.jpg,6103255,https://dataverse.harvard.edu/api/access/datafile/6103255
doi:10.7910/DVN/E61QNB,A13_25943.jpg,6103257,https://dataverse.harvard.edu/api/access/datafile/6103257
doi:10.7910/DVN/KCMNTY,A13_25944.jpg,6103259,https://dataverse.harvard.edu/api/access/datafile/6103259
doi:10.7910/DVN/UHHOQ8,A13_25945.jpg,6103261,https://dataverse.harvard.edu/api/access/datafile/6103261
doi:10.7910/DVN/RAX8J9,A13_25946.jpg,6103263,https://dataverse.harvard.edu/api/access/datafile/6103263
doi:10.7910/DVN/EVPASO,A13_25947.jpg,6103265,https://dataverse.harvard.edu/api/access/datafile/6103265
doi:10.7910/DVN/PQLIE8,A13_25948.jpg,6103267,https://dataverse.harvard.edu/api/access/datafile/6103267
doi:10.7910/DVN/6ZUHMN,A13_25949.jpg,6103269,https://dataverse.harvard.edu/api/access/datafile/6103269
doi:10.7910/DVN/CCLGKQ,A13_25950.jpg,6103271,https://dataverse.harvard.edu/api/access/datafile/6103271
doi:10.7910/DVN/LZYV6Q,A13_25951.jpg,6103273,https://dataverse.harvard.edu/api/access/datafile/6103273
doi:10.7910/DVN/1EXEGM,A13_25952.jpg,6103275,https://dataverse.harvard.edu/api/access/datafile/6103275
doi:10.7910/DVN/XA8ECK,A13_25953.jpg,6103277,https://dataverse.harvard.edu/api/access/datafile/6103277
doi:10.7910/DVN/OL9GFR,A13_25954.jpg,6103279,https://dataverse.harvard.edu/api/access/datafile/6103279
doi:10.7910/DVN/QICWYA,A13_25955.jpg,6103281,https://dataverse.harvard.edu/api/access/datafile/6103281
doi:10.7910/DVN/OCAF2B,A13_25956.jpg,6103283,https://dataverse.harvard.edu/api/access/datafile/6103283
doi:10.7910/DVN/0KXVGD,A13_25957.jpg,6103285,https://dataverse.harvard.edu/api/access/datafile/6103285
doi:10.7910/DVN/PJSCTB,A13_25958.jpg,6103287,https://dataverse.harvard.edu/api/access/datafile/6103287
doi:10.7910/DVN/1UB4UT,A13_25959.jpg,6103289,https://dataverse.harvard.edu/api/access/datafile/6103289
doi:10.7910/DVN/K4M6XD,A13_25960.jpg,6103291,https://dataverse.harvard.edu/api/access/datafile/6103291
doi:10.7910/DVN/YMJGPY,A13_25961.jpg,6103293,https://dataverse.harvard.edu/api/access/datafile/6103293
doi:10.7910/DVN/NZ2KHD,A13_25962.jpg,6103295,https://dataverse.harvard.edu/api/access/datafile/6103295
doi:10.7910/DVN/YFUNXO,A13_25963.jpg,6103297,https://dataverse.harvard.edu/api/access/datafile/6103297
doi:10.7910/DVN/RTORLF,A13_25964.jpg,6103299,https://dataverse.harvard.edu/api/access/datafile/6103299
doi:10.7910/DVN/4TZ5QX,A13_25965.jpg,6103301,https://dataverse.harvard.edu/api/access/datafile/6103301
doi:10.7910/DVN/BAUEY3,A13_25966.jpg,6103303,https://dataverse.harvard.edu/api/access/datafile/6103303
doi:10.7910/DVN/XBJ5PM,A13_25967.jpg,6103305,https://dataverse.harvard.edu/api/access/datafile/6103305
doi:10.7910/DVN/QHC3ZC,A13_25968.jpg,6103307,https://dataverse.harvard.edu/api/access/datafile/6103307
doi:10.7910/DVN/R41BZK,A13_25969.jpg,6103309,https://dataverse.harvard.edu/api/access/datafile/6103309
doi:10.7910/DVN/PCGFWS,A13_25970.jpg,6103311,https://dataverse.harvard.edu/api/access/datafile/6103311
doi:10.7910/DVN/0OVL4Z,A13_25971.jpg,6103313,https://dataverse.harvard.edu/api/access/datafile/6103313
doi:10.7910/DVN/XFTNPM,A13_25972.jpg,6103315,https://dataverse.harvard.edu/api/access/datafile/6103315
doi:10.7910/DVN/VNTSLD,A13_25973.jpg,6103317,https://dataverse.harvard.edu/api/access/datafile/6103317
doi:10.7910/DVN/SAL8VZ,A13_25974.jpg,6103319,https://dataverse.harvard.edu/api/access/datafile/6103319
doi:10.7910/DVN/O2FB6X,A13_25975.jpg,6103321,https://dataverse.harvard.edu/api/access/datafile/6103321
doi:10.7910/DVN/9GDK7R,A13_25976.jpg,6103323,https://dataverse.harvard.edu/api/access/datafile/6103323
doi:10.7910/DVN/WAPUAG,A13_25977.jpg,6103325,https://dataverse.harvard.edu/api/access/datafile/6103325
doi:10.7910/DVN/AIROQ0,A13_25978.jpg,6103327,https://dataverse.harvard.edu/api/access/datafile/6103327
doi:10.7910/DVN/6MJQXB,A13_25979.jpg,6103329,https://dataverse.harvard.edu/api/access/datafile/6103329
doi:10.7910/DVN/LEGFAE,A13_25980.jpg,6103331,https://dataverse.harvard.edu/api/access/datafile/6103331
doi:10.7910/DVN/S16S8N,A13_26139.jpg,6103333,https://dataverse.harvard.edu/api/access/datafile/6103333
doi:10.7910/DVN/ONWJS9,A13_26140.jpg,6103335,https://dataverse.harvard.edu/api/access/datafile/6103335
doi:10.7910/DVN/8IJ0OQ,A13_26141.jpg,6103337,https://dataverse.harvard.edu/api/access/datafile/6103337
doi:10.7910/DVN/GSW3XD,A13_26142.jpg,6103339,https://dataverse.harvard.edu/api/access/datafile/6103339
doi:10.7910/DVN/JRKNVR,A13_26143.jpg,6103341,https://dataverse.harvard.edu/api/access/datafile/6103341
doi:10.7910/DVN/BV5JSY,A13_26144.jpg,6103343,https://dataverse.harvard.edu/api/access/datafile/6103343
doi:10.7910/DVN/4LJR5W,A13_26145.jpg,6103345,https://dataverse.harvard.edu/api/access/datafile/6103345
doi:10.7910/DVN/YQYOW2,A13_26146.jpg,6103347,https://dataverse.harvard.edu/api/access/datafile/6103347
doi:10.7910/DVN/DDIUWI,A13_26147.jpg,6103349,https://dataverse.harvard.edu/api/access/datafile/6103349
doi:10.7910/DVN/OWN0SP,A13_26148.jpg,6103351,https://dataverse.harvard.edu/api/access/datafile/6103351
doi:10.7910/DVN/NE7ZG8,A13_26149.jpg,6103353,https://dataverse.harvard.edu/api/access/datafile/6103353
doi:10.7910/DVN/MDDPI3,A13_26150.jpg,6103356,https://dataverse.harvard.edu/api/access/datafile/6103356
doi:10.7910/DVN/JWKNFF,A13_26151.jpg,6103358,https://dataverse.harvard.edu/api/access/datafile/6103358
doi:10.7910/DVN/STHAQZ,A13_26152.jpg,6103360,https://dataverse.harvard.edu/api/access/datafile/6103360
doi:10.7910/DVN/8FKBYC,A13_26155.jpg,6103362,https://dataverse.harvard.edu/api/access/datafile/6103362
doi:10.7910/DVN/FWOTQM,A13_26156.jpg,6103364,https://dataverse.harvard.edu/api/access/datafile/6103364
doi:10.7910/DVN/ZMD3ET,A13_26157.jpg,6103366,https://dataverse.harvard.edu/api/access/datafile/6103366
doi:10.7910/DVN/QIE9TE,A13_26158.jpg,6103368,https://dataverse.harvard.edu/api/access/datafile/6103368
doi:10.7910/DVN/6KBAJG,A13_26159.jpg,6103370,https://dataverse.harvard.edu/api/access/datafile/6103370
doi:10.7910/DVN/VTXU9F,A13_26160.jpg,6103372,https://dataverse.harvard.edu/api/access/datafile/6103372
doi:10.7910/DVN/EBT0RV,A13_26171.jpg,6103374,https://dataverse.harvard.edu/api/access/datafile/6103374
