doi,title,file_id,access_link
doi:10.7910/DVN/FUDC5Q,A15_27131.jpg,5007483,https://dataverse.harvard.edu/api/access/datafile/5007483
doi:10.7910/DVN/NITBPB,A15_27132.jpg,5007485,https://dataverse.harvard.edu/api/access/datafile/5007485
doi:10.7910/DVN/YD9IZT,A15_27133.jpg,5007487,https://dataverse.harvard.edu/api/access/datafile/5007487
doi:10.7910/DVN/3YAINM,A15_27134.jpg,5007489,https://dataverse.harvard.edu/api/access/datafile/5007489
doi:10.7910/DVN/9XJG2O,A15_27135.jpg,5007491,https://dataverse.harvard.edu/api/access/datafile/5007491
doi:10.7910/DVN/2FSCEI,A15_27136.jpg,5007493,https://dataverse.harvard.edu/api/access/datafile/5007493
doi:10.7910/DVN/HE9KDA,A15_27137.jpg,5007495,https://dataverse.harvard.edu/api/access/datafile/5007495
doi:10.7910/DVN/OOGFQV,A15_27138.jpg,5007497,https://dataverse.harvard.edu/api/access/datafile/5007497
doi:10.7910/DVN/GCCQVB,A15_27139.jpg,5007499,https://dataverse.harvard.edu/api/access/datafile/5007499
doi:10.7910/DVN/9IXCIE,A15_27140.jpg,5007501,https://dataverse.harvard.edu/api/access/datafile/5007501
doi:10.7910/DVN/S3LFG5,A15_27141.jpg,5007503,https://dataverse.harvard.edu/api/access/datafile/5007503
doi:10.7910/DVN/BAY0ZQ,A15_27142.jpg,5007505,https://dataverse.harvard.edu/api/access/datafile/5007505
doi:10.7910/DVN/CUKH16,A15_27143.jpg,5007507,https://dataverse.harvard.edu/api/access/datafile/5007507
doi:10.7910/DVN/CCZLIW,A15_27144.jpg,No File,https://dataverse.harvard.edu/api/access/datafile/No File
doi:10.7910/DVN/DHXSHK,A15_27145.jpg,5007510,https://dataverse.harvard.edu/api/access/datafile/5007510
doi:10.7910/DVN/530NMW,A15_27146.jpg,5007512,https://dataverse.harvard.edu/api/access/datafile/5007512
doi:10.7910/DVN/YFIRTN,A15_27147.jpg,5007514,https://dataverse.harvard.edu/api/access/datafile/5007514
doi:10.7910/DVN/CB3ZIW,A15_27148.jpg,5007516,https://dataverse.harvard.edu/api/access/datafile/5007516
doi:10.7910/DVN/6DRXO1,A15_27149.jpg,5007518,https://dataverse.harvard.edu/api/access/datafile/5007518
doi:10.7910/DVN/NKI47K,A15_27150.jpg,5007520,https://dataverse.harvard.edu/api/access/datafile/5007520
doi:10.7910/DVN/AUEJGC,A15_27151.jpg,5007522,https://dataverse.harvard.edu/api/access/datafile/5007522
doi:10.7910/DVN/2NT6B6,A15_27152.jpg,5007524,https://dataverse.harvard.edu/api/access/datafile/5007524
doi:10.7910/DVN/SNVXAR,A15_27153.jpg,5007526,https://dataverse.harvard.edu/api/access/datafile/5007526
doi:10.7910/DVN/OP6DGH,A15_27154.jpg,No File,https://dataverse.harvard.edu/api/access/datafile/No File
doi:10.7910/DVN/CIDPKN,A15_27155.jpg,5007531,https://dataverse.harvard.edu/api/access/datafile/5007531
doi:10.7910/DVN/U5SQAA,A15_27156.jpg,5007533,https://dataverse.harvard.edu/api/access/datafile/5007533
doi:10.7910/DVN/UM8UPG,A15_27157.jpg,5007535,https://dataverse.harvard.edu/api/access/datafile/5007535
doi:10.7910/DVN/DULFB5,A15_27158.jpg,5007537,https://dataverse.harvard.edu/api/access/datafile/5007537
doi:10.7910/DVN/2KWWBC,A15_27159.jpg,5007539,https://dataverse.harvard.edu/api/access/datafile/5007539
doi:10.7910/DVN/QYMQAJ,A15_27160.jpg,5007541,https://dataverse.harvard.edu/api/access/datafile/5007541
doi:10.7910/DVN/XFEFBU,A15_27161.jpg,5007543,https://dataverse.harvard.edu/api/access/datafile/5007543
doi:10.7910/DVN/JMBRZ0,A15_27162.jpg,5007545,https://dataverse.harvard.edu/api/access/datafile/5007545
doi:10.7910/DVN/ULMQIY,A15_27163.jpg,5007547,https://dataverse.harvard.edu/api/access/datafile/5007547
doi:10.7910/DVN/P8JM26,A15_27164.jpg,5007549,https://dataverse.harvard.edu/api/access/datafile/5007549
doi:10.7910/DVN/QYX5BV,A15_27165.jpg,5007551,https://dataverse.harvard.edu/api/access/datafile/5007551
doi:10.7910/DVN/6H0TUO,A15_27166.jpg,5007553,https://dataverse.harvard.edu/api/access/datafile/5007553
doi:10.7910/DVN/JYZPAW,A15_27167.jpg,5007555,https://dataverse.harvard.edu/api/access/datafile/5007555
doi:10.7910/DVN/FSDQTV,A15_27168.jpg,5007557,https://dataverse.harvard.edu/api/access/datafile/5007557
doi:10.7910/DVN/JEO65W,A15_27169.jpg,5007559,https://dataverse.harvard.edu/api/access/datafile/5007559
doi:10.7910/DVN/YKX1DE,A15_27170.jpg,5007561,https://dataverse.harvard.edu/api/access/datafile/5007561
doi:10.7910/DVN/Q35JQF,A15_27171.jpg,5007563,https://dataverse.harvard.edu/api/access/datafile/5007563
doi:10.7910/DVN/2P3ISH,A15_27172.jpg,5007565,https://dataverse.harvard.edu/api/access/datafile/5007565
doi:10.7910/DVN/AYAET3,A15_27173.jpg,5007567,https://dataverse.harvard.edu/api/access/datafile/5007567
doi:10.7910/DVN/NEEHIN,A15_27174.jpg,5007569,https://dataverse.harvard.edu/api/access/datafile/5007569
doi:10.7910/DVN/HRTOCV,A15_27175.jpg,5007571,https://dataverse.harvard.edu/api/access/datafile/5007571
doi:10.7910/DVN/IJ2WNN,A15_27176.jpg,5007573,https://dataverse.harvard.edu/api/access/datafile/5007573
doi:10.7910/DVN/LOBEGK,A15_27177.jpg,5007575,https://dataverse.harvard.edu/api/access/datafile/5007575
doi:10.7910/DVN/XG2IVM,A15_27178.jpg,5007577,https://dataverse.harvard.edu/api/access/datafile/5007577
doi:10.7910/DVN/PDDH1E,A15_27179.jpg,5007579,https://dataverse.harvard.edu/api/access/datafile/5007579
doi:10.7910/DVN/ZCTD19,A15_27180.jpg,5007581,https://dataverse.harvard.edu/api/access/datafile/5007581
doi:10.7910/DVN/R65TVN,A15_27181.jpg,5007583,https://dataverse.harvard.edu/api/access/datafile/5007583
doi:10.7910/DVN/WV79ZP,A15_27182.jpg,5007585,https://dataverse.harvard.edu/api/access/datafile/5007585
doi:10.7910/DVN/PIGM5A,A15_27183.jpg,5007587,https://dataverse.harvard.edu/api/access/datafile/5007587
doi:10.7910/DVN/ZKRA3G,A15_27184.jpg,5007589,https://dataverse.harvard.edu/api/access/datafile/5007589
doi:10.7910/DVN/ZPXTTC,A15_27185.jpg,5007591,https://dataverse.harvard.edu/api/access/datafile/5007591
doi:10.7910/DVN/HY18JI,A15_27186.jpg,5007593,https://dataverse.harvard.edu/api/access/datafile/5007593
doi:10.7910/DVN/RMI8OZ,A15_27187.jpg,5007595,https://dataverse.harvard.edu/api/access/datafile/5007595
doi:10.7910/DVN/NTVLBX,A15_27188.jpg,5007597,https://dataverse.harvard.edu/api/access/datafile/5007597
doi:10.7910/DVN/8GIN4P,A15_27189.jpg,5007599,https://dataverse.harvard.edu/api/access/datafile/5007599
doi:10.7910/DVN/VQDP0S,A15_27190.jpg,5007601,https://dataverse.harvard.edu/api/access/datafile/5007601
doi:10.7910/DVN/T4M7DJ,A15_27191.jpg,5007603,https://dataverse.harvard.edu/api/access/datafile/5007603
doi:10.7910/DVN/6VRC8L,A15_27192.jpg,5007605,https://dataverse.harvard.edu/api/access/datafile/5007605
doi:10.7910/DVN/IAFACI,A15_27193.jpg,5007607,https://dataverse.harvard.edu/api/access/datafile/5007607
doi:10.7910/DVN/T1GEOY,A15_27194.jpg,5007609,https://dataverse.harvard.edu/api/access/datafile/5007609
doi:10.7910/DVN/S7SNAF,A15_27195.jpg,5007611,https://dataverse.harvard.edu/api/access/datafile/5007611
doi:10.7910/DVN/CDLPH1,A15_27196.jpg,5007613,https://dataverse.harvard.edu/api/access/datafile/5007613
doi:10.7910/DVN/A0LJN6,A15_27197.jpg,5007616,https://dataverse.harvard.edu/api/access/datafile/5007616
doi:10.7910/DVN/RDREBK,A15_27198.jpg,5007618,https://dataverse.harvard.edu/api/access/datafile/5007618
doi:10.7910/DVN/DGR5KF,A15_27199.jpg,5007620,https://dataverse.harvard.edu/api/access/datafile/5007620
doi:10.7910/DVN/NYT5GZ,A15_27200.jpg,5007622,https://dataverse.harvard.edu/api/access/datafile/5007622
doi:10.7910/DVN/IUNKSN,A15_27201.jpg,5007624,https://dataverse.harvard.edu/api/access/datafile/5007624
doi:10.7910/DVN/XYPZWJ,A15_27202.jpg,5007626,https://dataverse.harvard.edu/api/access/datafile/5007626
doi:10.7910/DVN/RLWXEA,A15_27203.jpg,5007628,https://dataverse.harvard.edu/api/access/datafile/5007628
doi:10.7910/DVN/TLM2RH,A15_27204.jpg,5007630,https://dataverse.harvard.edu/api/access/datafile/5007630
doi:10.7910/DVN/3MXIT4,A15_27205.jpg,5007632,https://dataverse.harvard.edu/api/access/datafile/5007632
doi:10.7910/DVN/GIX2V5,A15_27206.jpg,5007634,https://dataverse.harvard.edu/api/access/datafile/5007634
doi:10.7910/DVN/7CAG4I,A15_27207.jpg,5007636,https://dataverse.harvard.edu/api/access/datafile/5007636
doi:10.7910/DVN/FHFXHQ,A15_27208.jpg,5007638,https://dataverse.harvard.edu/api/access/datafile/5007638
doi:10.7910/DVN/ANQY0L,A15_27209.jpg,5007640,https://dataverse.harvard.edu/api/access/datafile/5007640
doi:10.7910/DVN/6D28WS,A15_27210.jpg,5007642,https://dataverse.harvard.edu/api/access/datafile/5007642
doi:10.7910/DVN/EC2OV9,A15_27211.jpg,5007644,https://dataverse.harvard.edu/api/access/datafile/5007644
doi:10.7910/DVN/LIZSW5,A15_27212.jpg,5007646,https://dataverse.harvard.edu/api/access/datafile/5007646
doi:10.7910/DVN/K1JMOA,A15_27213.jpg,5007648,https://dataverse.harvard.edu/api/access/datafile/5007648
doi:10.7910/DVN/PCJXES,A15_27214.jpg,5007650,https://dataverse.harvard.edu/api/access/datafile/5007650
doi:10.7910/DVN/QGDHUO,A15_27215.jpg,5007652,https://dataverse.harvard.edu/api/access/datafile/5007652
doi:10.7910/DVN/RQ9L7V,A15_27216.jpg,5007654,https://dataverse.harvard.edu/api/access/datafile/5007654
doi:10.7910/DVN/NPNAGV,A15_27217.jpg,5007658,https://dataverse.harvard.edu/api/access/datafile/5007658
doi:10.7910/DVN/ODYSXM,A15_27218.jpg,5007660,https://dataverse.harvard.edu/api/access/datafile/5007660
doi:10.7910/DVN/SAC68U,A15_27219.jpg,5007662,https://dataverse.harvard.edu/api/access/datafile/5007662
doi:10.7910/DVN/BPIKFN,A15_27220.jpg,5007664,https://dataverse.harvard.edu/api/access/datafile/5007664
doi:10.7910/DVN/MXOEXE,A15_27221.jpg,5007666,https://dataverse.harvard.edu/api/access/datafile/5007666
doi:10.7910/DVN/V4OTX1,A15_27222.jpg,5007668,https://dataverse.harvard.edu/api/access/datafile/5007668
doi:10.7910/DVN/D0EUNR,A15_27223.jpg,5007670,https://dataverse.harvard.edu/api/access/datafile/5007670
doi:10.7910/DVN/R27S21,A15_27224.jpg,5007672,https://dataverse.harvard.edu/api/access/datafile/5007672
doi:10.7910/DVN/8BBASQ,A15_27225.jpg,5007674,https://dataverse.harvard.edu/api/access/datafile/5007674
doi:10.7910/DVN/HLDV01,A15_27226.jpg,5007676,https://dataverse.harvard.edu/api/access/datafile/5007676
doi:10.7910/DVN/QL4F4O,A15_27227.jpg,5007678,https://dataverse.harvard.edu/api/access/datafile/5007678
doi:10.7910/DVN/LAGTF7,A15_27228.jpg,5007680,https://dataverse.harvard.edu/api/access/datafile/5007680
doi:10.7910/DVN/M9OYGS,A15_27229.jpg,5007682,https://dataverse.harvard.edu/api/access/datafile/5007682
doi:10.7910/DVN/SQFQEP,A15_27230.jpg,5007684,https://dataverse.harvard.edu/api/access/datafile/5007684
doi:10.7910/DVN/7NSUHU,A15_27231.jpg,5007686,https://dataverse.harvard.edu/api/access/datafile/5007686
doi:10.7910/DVN/GRAO9O,A15_27232.jpg,5007688,https://dataverse.harvard.edu/api/access/datafile/5007688
doi:10.7910/DVN/GBEWWT,A15_27233.jpg,5007690,https://dataverse.harvard.edu/api/access/datafile/5007690
doi:10.7910/DVN/ECO9HL,A15_27234.jpg,5007692,https://dataverse.harvard.edu/api/access/datafile/5007692
doi:10.7910/DVN/JKEQBZ,A15_27235.jpg,5007694,https://dataverse.harvard.edu/api/access/datafile/5007694
doi:10.7910/DVN/GOGCRJ,A15_27236.jpg,5007696,https://dataverse.harvard.edu/api/access/datafile/5007696
doi:10.7910/DVN/EVQREV,A15_27237.jpg,5007698,https://dataverse.harvard.edu/api/access/datafile/5007698
doi:10.7910/DVN/G5NSXG,A15_27238.jpg,5007700,https://dataverse.harvard.edu/api/access/datafile/5007700
doi:10.7910/DVN/NOUVH8,A15_27239.jpg,5007702,https://dataverse.harvard.edu/api/access/datafile/5007702
doi:10.7910/DVN/9CR4EE,A15_27240.jpg,5007704,https://dataverse.harvard.edu/api/access/datafile/5007704
doi:10.7910/DVN/L3RN6G,A15_27241.jpg,5007706,https://dataverse.harvard.edu/api/access/datafile/5007706
doi:10.7910/DVN/CVSGIE,A15_27242.jpg,5007708,https://dataverse.harvard.edu/api/access/datafile/5007708
doi:10.7910/DVN/U0R2UY,A15_27243.jpg,5007710,https://dataverse.harvard.edu/api/access/datafile/5007710
doi:10.7910/DVN/DFGXRN,A15_27244.jpg,5007712,https://dataverse.harvard.edu/api/access/datafile/5007712
doi:10.7910/DVN/21HSHK,A15_27245.jpg,5007714,https://dataverse.harvard.edu/api/access/datafile/5007714
doi:10.7910/DVN/OLKMTN,A15_27246.jpg,5007716,https://dataverse.harvard.edu/api/access/datafile/5007716
doi:10.7910/DVN/TPDJ5M,A15_27247.jpg,5007718,https://dataverse.harvard.edu/api/access/datafile/5007718
doi:10.7910/DVN/GMUZRP,A15_27248.jpg,5007720,https://dataverse.harvard.edu/api/access/datafile/5007720
doi:10.7910/DVN/RBGUPL,A15_27249.jpg,5007722,https://dataverse.harvard.edu/api/access/datafile/5007722
doi:10.7910/DVN/XZACP6,A15_27250.jpg,5007724,https://dataverse.harvard.edu/api/access/datafile/5007724
doi:10.7910/DVN/N8J1PW,A15_27251.jpg,5007726,https://dataverse.harvard.edu/api/access/datafile/5007726
doi:10.7910/DVN/RGJH0Z,A15_27252.jpg,5007732,https://dataverse.harvard.edu/api/access/datafile/5007732
doi:10.7910/DVN/EBKD39,A15_27253.jpg,5007734,https://dataverse.harvard.edu/api/access/datafile/5007734
doi:10.7910/DVN/FWOZKL,A15_27254.jpg,5007736,https://dataverse.harvard.edu/api/access/datafile/5007736
doi:10.7910/DVN/FDW2JU,A15_27255.jpg,5007738,https://dataverse.harvard.edu/api/access/datafile/5007738
doi:10.7910/DVN/FCIYRA,A15_27256.jpg,5007740,https://dataverse.harvard.edu/api/access/datafile/5007740
doi:10.7910/DVN/BMDPWV,A15_27257.jpg,5007742,https://dataverse.harvard.edu/api/access/datafile/5007742
doi:10.7910/DVN/ELR4D0,A15_27258.jpg,5007744,https://dataverse.harvard.edu/api/access/datafile/5007744
doi:10.7910/DVN/GNSQOX,A15_27259.jpg,5007746,https://dataverse.harvard.edu/api/access/datafile/5007746
doi:10.7910/DVN/UARMZP,A15_27260.jpg,5007748,https://dataverse.harvard.edu/api/access/datafile/5007748
doi:10.7910/DVN/O2BJMW,A15_27261.jpg,5007750,https://dataverse.harvard.edu/api/access/datafile/5007750
doi:10.7910/DVN/IH1TOG,A15_27262.jpg,5007752,https://dataverse.harvard.edu/api/access/datafile/5007752
doi:10.7910/DVN/KI2OVB,A15_27263.jpg,5007754,https://dataverse.harvard.edu/api/access/datafile/5007754
doi:10.7910/DVN/W3FA88,A15_27264.jpg,5007756,https://dataverse.harvard.edu/api/access/datafile/5007756
doi:10.7910/DVN/24LGAH,A15_27265.jpg,5007758,https://dataverse.harvard.edu/api/access/datafile/5007758
doi:10.7910/DVN/MOEUBH,A15_27266.jpg,5007760,https://dataverse.harvard.edu/api/access/datafile/5007760
doi:10.7910/DVN/XUNA3N,A15_27267.jpg,5007762,https://dataverse.harvard.edu/api/access/datafile/5007762
doi:10.7910/DVN/PDZN9S,A15_27268.jpg,5007764,https://dataverse.harvard.edu/api/access/datafile/5007764
doi:10.7910/DVN/GNZEG7,A15_27269.jpg,5007766,https://dataverse.harvard.edu/api/access/datafile/5007766
doi:10.7910/DVN/HR1BVJ,A15_27270.jpg,5007768,https://dataverse.harvard.edu/api/access/datafile/5007768
doi:10.7910/DVN/LIVL4H,A15_27271.jpg,5007770,https://dataverse.harvard.edu/api/access/datafile/5007770
doi:10.7910/DVN/FA3PVL,A15_27272.jpg,5007772,https://dataverse.harvard.edu/api/access/datafile/5007772
doi:10.7910/DVN/CAVQIG,A15_27273.jpg,5007774,https://dataverse.harvard.edu/api/access/datafile/5007774
doi:10.7910/DVN/9ZMIVH,A15_27274.jpg,5007776,https://dataverse.harvard.edu/api/access/datafile/5007776
doi:10.7910/DVN/ZZ6LFT,A15_27275.jpg,5007778,https://dataverse.harvard.edu/api/access/datafile/5007778
doi:10.7910/DVN/KGXJIG,A15_27276.jpg,5007780,https://dataverse.harvard.edu/api/access/datafile/5007780
doi:10.7910/DVN/SCKUJV,A15_27277.jpg,5007782,https://dataverse.harvard.edu/api/access/datafile/5007782
doi:10.7910/DVN/XD5K6Y,A15_27278.jpg,5007784,https://dataverse.harvard.edu/api/access/datafile/5007784
doi:10.7910/DVN/EWVCIU,A15_27279.jpg,5007786,https://dataverse.harvard.edu/api/access/datafile/5007786
doi:10.7910/DVN/VWSB9L,A15_27280.jpg,5007788,https://dataverse.harvard.edu/api/access/datafile/5007788
doi:10.7910/DVN/KYMSWW,A15_27281.jpg,5007793,https://dataverse.harvard.edu/api/access/datafile/5007793
doi:10.7910/DVN/DRMXZL,A15_27282.jpg,5007795,https://dataverse.harvard.edu/api/access/datafile/5007795
doi:10.7910/DVN/JRUHUG,A15_27283.jpg,5007797,https://dataverse.harvard.edu/api/access/datafile/5007797
doi:10.7910/DVN/UIIQX9,A15_27284.jpg,5007799,https://dataverse.harvard.edu/api/access/datafile/5007799
doi:10.7910/DVN/SL3VSM,A15_27285.jpg,5007801,https://dataverse.harvard.edu/api/access/datafile/5007801
doi:10.7910/DVN/GJ5SSX,A15_27286.jpg,5007803,https://dataverse.harvard.edu/api/access/datafile/5007803
doi:10.7910/DVN/IC5A72,A15_27287.jpg,5007805,https://dataverse.harvard.edu/api/access/datafile/5007805
doi:10.7910/DVN/WG60LR,A15_27288.jpg,5007807,https://dataverse.harvard.edu/api/access/datafile/5007807
doi:10.7910/DVN/ANGJWS,A15_27289.jpg,5007809,https://dataverse.harvard.edu/api/access/datafile/5007809
doi:10.7910/DVN/WPP1FO,A15_27290.jpg,5007811,https://dataverse.harvard.edu/api/access/datafile/5007811
doi:10.7910/DVN/88PWCF,A15_27291.jpg,5007813,https://dataverse.harvard.edu/api/access/datafile/5007813
doi:10.7910/DVN/6XZDRN,A15_27292.jpg,5007815,https://dataverse.harvard.edu/api/access/datafile/5007815
doi:10.7910/DVN/MTD17P,A15_27293.jpg,5007817,https://dataverse.harvard.edu/api/access/datafile/5007817
doi:10.7910/DVN/RCOLKM,A15_27294.jpg,5007819,https://dataverse.harvard.edu/api/access/datafile/5007819
doi:10.7910/DVN/6Q4L4K,A15_27295.jpg,5007821,https://dataverse.harvard.edu/api/access/datafile/5007821
doi:10.7910/DVN/EBXIFF,A15_27296.jpg,5007823,https://dataverse.harvard.edu/api/access/datafile/5007823
doi:10.7910/DVN/XYQUBJ,A15_27297.jpg,5007825,https://dataverse.harvard.edu/api/access/datafile/5007825
doi:10.7910/DVN/OJNF9N,A15_27298.jpg,5007827,https://dataverse.harvard.edu/api/access/datafile/5007827
doi:10.7910/DVN/UT6MNU,A15_27299.jpg,5007829,https://dataverse.harvard.edu/api/access/datafile/5007829
doi:10.7910/DVN/ZGRYPI,A15_27300.jpg,5007831,https://dataverse.harvard.edu/api/access/datafile/5007831
doi:10.7910/DVN/6TVZ0K,A15_27301.jpg,5007833,https://dataverse.harvard.edu/api/access/datafile/5007833
doi:10.7910/DVN/ZRYKED,A15_27302.jpg,5007835,https://dataverse.harvard.edu/api/access/datafile/5007835
doi:10.7910/DVN/03LQKT,A15_27303.jpg,5007837,https://dataverse.harvard.edu/api/access/datafile/5007837
doi:10.7910/DVN/8SEWSD,A15_27304.jpg,5007839,https://dataverse.harvard.edu/api/access/datafile/5007839
doi:10.7910/DVN/V8YF0W,A15_27305.jpg,5007841,https://dataverse.harvard.edu/api/access/datafile/5007841
doi:10.7910/DVN/RLOARM,A15_27306.jpg,5007843,https://dataverse.harvard.edu/api/access/datafile/5007843
doi:10.7910/DVN/FFNMSR,A15_27307.jpg,5007845,https://dataverse.harvard.edu/api/access/datafile/5007845
doi:10.7910/DVN/K6CTDG,A15_27308.jpg,5007847,https://dataverse.harvard.edu/api/access/datafile/5007847
doi:10.7910/DVN/YYHU6O,A15_27309.jpg,5007854,https://dataverse.harvard.edu/api/access/datafile/5007854
doi:10.7910/DVN/H9AVGI,A15_27310.jpg,5007856,https://dataverse.harvard.edu/api/access/datafile/5007856
doi:10.7910/DVN/IXHBVW,A15_27311.jpg,5007858,https://dataverse.harvard.edu/api/access/datafile/5007858
doi:10.7910/DVN/BMQMEX,A15_27312.jpg,5007860,https://dataverse.harvard.edu/api/access/datafile/5007860
doi:10.7910/DVN/UA8PWS,A15_27313.jpg,5007862,https://dataverse.harvard.edu/api/access/datafile/5007862
doi:10.7910/DVN/QSSKEK,A15_27314.jpg,5007864,https://dataverse.harvard.edu/api/access/datafile/5007864
doi:10.7910/DVN/WJMWFQ,A15_27315.jpg,5007866,https://dataverse.harvard.edu/api/access/datafile/5007866
doi:10.7910/DVN/QHLNSH,A15_27316.jpg,5007868,https://dataverse.harvard.edu/api/access/datafile/5007868
doi:10.7910/DVN/SWDBCB,A15_27317.jpg,5007870,https://dataverse.harvard.edu/api/access/datafile/5007870
doi:10.7910/DVN/GDFE93,A15_27318.jpg,5007872,https://dataverse.harvard.edu/api/access/datafile/5007872
doi:10.7910/DVN/LR6VNP,A15_27319.jpg,5007874,https://dataverse.harvard.edu/api/access/datafile/5007874
doi:10.7910/DVN/NZ7LJU,A15_27320.jpg,5007876,https://dataverse.harvard.edu/api/access/datafile/5007876
doi:10.7910/DVN/MU7UCZ,A15_27321.jpg,5007878,https://dataverse.harvard.edu/api/access/datafile/5007878
doi:10.7910/DVN/A246SV,A15_27322.jpg,5007880,https://dataverse.harvard.edu/api/access/datafile/5007880
doi:10.7910/DVN/I1I6BR,A15_27323.jpg,5007882,https://dataverse.harvard.edu/api/access/datafile/5007882
doi:10.7910/DVN/YDEB4R,A15_27324.jpg,5007884,https://dataverse.harvard.edu/api/access/datafile/5007884
doi:10.7910/DVN/UDPURE,A15_27325.jpg,5007886,https://dataverse.harvard.edu/api/access/datafile/5007886
doi:10.7910/DVN/0A0T74,A15_27326.jpg,5007888,https://dataverse.harvard.edu/api/access/datafile/5007888
doi:10.7910/DVN/WCC53W,A15_27327.jpg,5007890,https://dataverse.harvard.edu/api/access/datafile/5007890
doi:10.7910/DVN/CVL2JT,A15_27328.jpg,5007892,https://dataverse.harvard.edu/api/access/datafile/5007892
doi:10.7910/DVN/CFXBY0,A15_27329.jpg,5007894,https://dataverse.harvard.edu/api/access/datafile/5007894
doi:10.7910/DVN/KH91ZM,A15_27330.jpg,5007896,https://dataverse.harvard.edu/api/access/datafile/5007896
doi:10.7910/DVN/LCQQB3,A15_27331.jpg,5007898,https://dataverse.harvard.edu/api/access/datafile/5007898
doi:10.7910/DVN/SBNXWR,A15_27332.jpg,5007900,https://dataverse.harvard.edu/api/access/datafile/5007900
doi:10.7910/DVN/XRHMOQ,A15_27333.jpg,5007902,https://dataverse.harvard.edu/api/access/datafile/5007902
doi:10.7910/DVN/GQRCFW,A15_27334.jpg,5007904,https://dataverse.harvard.edu/api/access/datafile/5007904
doi:10.7910/DVN/RDDJTC,A15_27335.jpg,5007906,https://dataverse.harvard.edu/api/access/datafile/5007906
doi:10.7910/DVN/YJSU2A,A15_27336.jpg,5007908,https://dataverse.harvard.edu/api/access/datafile/5007908
doi:10.7910/DVN/RXC3US,A15_27337.jpg,5007910,https://dataverse.harvard.edu/api/access/datafile/5007910
doi:10.7910/DVN/OAQS6W,A15_27338.jpg,5007912,https://dataverse.harvard.edu/api/access/datafile/5007912
doi:10.7910/DVN/MYMAJH,A15_27339.jpg,5007914,https://dataverse.harvard.edu/api/access/datafile/5007914
doi:10.7910/DVN/3EALOT,A15_27340.jpg,5007916,https://dataverse.harvard.edu/api/access/datafile/5007916
doi:10.7910/DVN/EGVUGO,A15_27341.jpg,5007918,https://dataverse.harvard.edu/api/access/datafile/5007918
doi:10.7910/DVN/CEI7C4,A15_27342.jpg,5007920,https://dataverse.harvard.edu/api/access/datafile/5007920
doi:10.7910/DVN/ZXJVNH,A15_27343.jpg,5007922,https://dataverse.harvard.edu/api/access/datafile/5007922
doi:10.7910/DVN/SREVGI,A15_27344.jpg,5007924,https://dataverse.harvard.edu/api/access/datafile/5007924
doi:10.7910/DVN/PLM4LW,A15_27345.jpg,5007926,https://dataverse.harvard.edu/api/access/datafile/5007926
doi:10.7910/DVN/NYFK98,A15_27346.jpg,5007928,https://dataverse.harvard.edu/api/access/datafile/5007928
doi:10.7910/DVN/UIOCQ4,A15_27347.jpg,5007930,https://dataverse.harvard.edu/api/access/datafile/5007930
doi:10.7910/DVN/78DLWF,A15_27348.jpg,5007932,https://dataverse.harvard.edu/api/access/datafile/5007932
doi:10.7910/DVN/KKEPKD,A15_27349.jpg,5007934,https://dataverse.harvard.edu/api/access/datafile/5007934
doi:10.7910/DVN/T0BMTM,A15_27350.jpg,5007936,https://dataverse.harvard.edu/api/access/datafile/5007936
doi:10.7910/DVN/FD7SPZ,A15_27351.jpg,5007938,https://dataverse.harvard.edu/api/access/datafile/5007938
doi:10.7910/DVN/E2M7ZU,A15_27352.jpg,5007940,https://dataverse.harvard.edu/api/access/datafile/5007940
doi:10.7910/DVN/KHY4JG,A15_27353.jpg,5007942,https://dataverse.harvard.edu/api/access/datafile/5007942
doi:10.7910/DVN/MWXCXL,A15_27354.jpg,5007944,https://dataverse.harvard.edu/api/access/datafile/5007944
doi:10.7910/DVN/FGHPRW,A15_27355.jpg,5007946,https://dataverse.harvard.edu/api/access/datafile/5007946
doi:10.7910/DVN/WHSMSW,A15_27356.jpg,5007948,https://dataverse.harvard.edu/api/access/datafile/5007948
doi:10.7910/DVN/JMMPYM,A15_27357.jpg,5007950,https://dataverse.harvard.edu/api/access/datafile/5007950
doi:10.7910/DVN/3CO0DM,A15_27358.jpg,5007952,https://dataverse.harvard.edu/api/access/datafile/5007952
doi:10.7910/DVN/SIHVZ9,A15_27359.jpg,5007954,https://dataverse.harvard.edu/api/access/datafile/5007954
doi:10.7910/DVN/CGE7WF,A15_27360.jpg,5007956,https://dataverse.harvard.edu/api/access/datafile/5007956
doi:10.7910/DVN/T5A7T5,A15_27361.jpg,5007958,https://dataverse.harvard.edu/api/access/datafile/5007958
doi:10.7910/DVN/AOL5EB,A15_27362.jpg,5007960,https://dataverse.harvard.edu/api/access/datafile/5007960
doi:10.7910/DVN/OLHUHB,A15_27363.jpg,5007962,https://dataverse.harvard.edu/api/access/datafile/5007962
doi:10.7910/DVN/5DWPFP,A15_27364.jpg,5007964,https://dataverse.harvard.edu/api/access/datafile/5007964
doi:10.7910/DVN/GLAHH4,A15_27365.jpg,5007966,https://dataverse.harvard.edu/api/access/datafile/5007966
doi:10.7910/DVN/MFCRXU,A15_27366.jpg,5007968,https://dataverse.harvard.edu/api/access/datafile/5007968
doi:10.7910/DVN/I6AIC7,A15_27367.jpg,5007970,https://dataverse.harvard.edu/api/access/datafile/5007970
doi:10.7910/DVN/0I14MA,A15_27368.jpg,5007972,https://dataverse.harvard.edu/api/access/datafile/5007972
doi:10.7910/DVN/W3G61P,A15_27369.jpg,5007974,https://dataverse.harvard.edu/api/access/datafile/5007974
doi:10.7910/DVN/V0SZPS,A15_27370.jpg,5007976,https://dataverse.harvard.edu/api/access/datafile/5007976
doi:10.7910/DVN/K54J2D,A15_27371.jpg,5007978,https://dataverse.harvard.edu/api/access/datafile/5007978
doi:10.7910/DVN/GGNSS8,A15_27372.jpg,5007980,https://dataverse.harvard.edu/api/access/datafile/5007980
doi:10.7910/DVN/U9GQFG,A15_27373.jpg,5007982,https://dataverse.harvard.edu/api/access/datafile/5007982
doi:10.7910/DVN/Z9RCR2,A15_27374.jpg,5007984,https://dataverse.harvard.edu/api/access/datafile/5007984
doi:10.7910/DVN/LAYRMN,A15_27375.jpg,5007986,https://dataverse.harvard.edu/api/access/datafile/5007986
doi:10.7910/DVN/A11Y1V,A15_27376.jpg,5007988,https://dataverse.harvard.edu/api/access/datafile/5007988
doi:10.7910/DVN/5EUHJV,A15_27377.jpg,5007990,https://dataverse.harvard.edu/api/access/datafile/5007990
doi:10.7910/DVN/S0ANMM,A15_27378.jpg,5007992,https://dataverse.harvard.edu/api/access/datafile/5007992
doi:10.7910/DVN/F5NYEM,A15_27379.jpg,5007994,https://dataverse.harvard.edu/api/access/datafile/5007994
doi:10.7910/DVN/EXYYEU,A15_27380.jpg,5007996,https://dataverse.harvard.edu/api/access/datafile/5007996
doi:10.7910/DVN/YI0NCT,A15_27381.jpg,5007998,https://dataverse.harvard.edu/api/access/datafile/5007998
doi:10.7910/DVN/KHQH65,A15_27382.jpg,5008000,https://dataverse.harvard.edu/api/access/datafile/5008000
doi:10.7910/DVN/5SR0OA,A15_27383.jpg,5008002,https://dataverse.harvard.edu/api/access/datafile/5008002
doi:10.7910/DVN/Z5BSGE,A15_27384.jpg,5008004,https://dataverse.harvard.edu/api/access/datafile/5008004
doi:10.7910/DVN/BMSBNM,A15_27385.jpg,5008006,https://dataverse.harvard.edu/api/access/datafile/5008006
doi:10.7910/DVN/OB8MTV,A15_27386.jpg,5008008,https://dataverse.harvard.edu/api/access/datafile/5008008
doi:10.7910/DVN/MNLTFH,A15_27387.jpg,5008010,https://dataverse.harvard.edu/api/access/datafile/5008010
doi:10.7910/DVN/CSEEWL,A15_27388.jpg,5008012,https://dataverse.harvard.edu/api/access/datafile/5008012
doi:10.7910/DVN/WLEQIU,A15_27389.jpg,5008014,https://dataverse.harvard.edu/api/access/datafile/5008014
doi:10.7910/DVN/GPJUXE,A15_27390.jpg,5008016,https://dataverse.harvard.edu/api/access/datafile/5008016
doi:10.7910/DVN/B5LYU2,A15_27391.jpg,5008018,https://dataverse.harvard.edu/api/access/datafile/5008018
doi:10.7910/DVN/MAM7NY,A15_27392.jpg,5008020,https://dataverse.harvard.edu/api/access/datafile/5008020
doi:10.7910/DVN/MPTRHO,A15_27393.jpg,5008022,https://dataverse.harvard.edu/api/access/datafile/5008022
doi:10.7910/DVN/OXBQTL,A15_27394.jpg,5008024,https://dataverse.harvard.edu/api/access/datafile/5008024
doi:10.7910/DVN/HIJTYK,A15_27395.jpg,5008026,https://dataverse.harvard.edu/api/access/datafile/5008026
doi:10.7910/DVN/AXWP0J,A15_27396.jpg,5008028,https://dataverse.harvard.edu/api/access/datafile/5008028
doi:10.7910/DVN/BWWONW,A15_27397.jpg,5008030,https://dataverse.harvard.edu/api/access/datafile/5008030
doi:10.7910/DVN/FNUZQ6,A15_27398.jpg,5008032,https://dataverse.harvard.edu/api/access/datafile/5008032
doi:10.7910/DVN/CBRKCA,A15_27399.jpg,5008034,https://dataverse.harvard.edu/api/access/datafile/5008034
doi:10.7910/DVN/AU2FVJ,A15_27400.jpg,5008036,https://dataverse.harvard.edu/api/access/datafile/5008036
doi:10.7910/DVN/TSAN5E,A15_27401.jpg,5008038,https://dataverse.harvard.edu/api/access/datafile/5008038
doi:10.7910/DVN/LNL1AH,A15_27402.jpg,5008040,https://dataverse.harvard.edu/api/access/datafile/5008040
doi:10.7910/DVN/TXVWKO,A15_27403.jpg,5008042,https://dataverse.harvard.edu/api/access/datafile/5008042
doi:10.7910/DVN/4FUMST,A15_27404.jpg,5008044,https://dataverse.harvard.edu/api/access/datafile/5008044
doi:10.7910/DVN/QMYGXL,A15_27405.jpg,5008046,https://dataverse.harvard.edu/api/access/datafile/5008046
doi:10.7910/DVN/IUNJYQ,A15_27406.jpg,5008048,https://dataverse.harvard.edu/api/access/datafile/5008048
doi:10.7910/DVN/8PHIJF,A15_27407.jpg,5008050,https://dataverse.harvard.edu/api/access/datafile/5008050
doi:10.7910/DVN/TUXYLN,A15_27408.jpg,5008052,https://dataverse.harvard.edu/api/access/datafile/5008052
doi:10.7910/DVN/D4IFZE,A15_27409.jpg,5008054,https://dataverse.harvard.edu/api/access/datafile/5008054
doi:10.7910/DVN/L9SMKN,A15_27410.jpg,5008056,https://dataverse.harvard.edu/api/access/datafile/5008056
doi:10.7910/DVN/TOYZRY,A15_27411.jpg,5008058,https://dataverse.harvard.edu/api/access/datafile/5008058
doi:10.7910/DVN/NCLPRZ,A15_27412.jpg,5008060,https://dataverse.harvard.edu/api/access/datafile/5008060
doi:10.7910/DVN/A8XV1O,A15_27413.jpg,5008062,https://dataverse.harvard.edu/api/access/datafile/5008062
doi:10.7910/DVN/WLONH3,A15_27414.jpg,5008064,https://dataverse.harvard.edu/api/access/datafile/5008064
doi:10.7910/DVN/EJIZM0,A15_27415.jpg,5008066,https://dataverse.harvard.edu/api/access/datafile/5008066
doi:10.7910/DVN/JAO2ML,A15_27416.jpg,5008068,https://dataverse.harvard.edu/api/access/datafile/5008068
doi:10.7910/DVN/MZNY27,A15_27417.jpg,5008070,https://dataverse.harvard.edu/api/access/datafile/5008070
doi:10.7910/DVN/QEODZK,A15_27418.jpg,5008072,https://dataverse.harvard.edu/api/access/datafile/5008072
doi:10.7910/DVN/MMDLZB,A15_27419.jpg,5008074,https://dataverse.harvard.edu/api/access/datafile/5008074
doi:10.7910/DVN/NE7JGH,A15_27420.jpg,5008076,https://dataverse.harvard.edu/api/access/datafile/5008076
doi:10.7910/DVN/EWTBEY,A15_27421.jpg,5008078,https://dataverse.harvard.edu/api/access/datafile/5008078
doi:10.7910/DVN/MKZMKO,A15_27422.jpg,5008080,https://dataverse.harvard.edu/api/access/datafile/5008080
doi:10.7910/DVN/ZJVH4H,A15_27423.jpg,5008082,https://dataverse.harvard.edu/api/access/datafile/5008082
doi:10.7910/DVN/K8XSGU,A15_27424.jpg,5008084,https://dataverse.harvard.edu/api/access/datafile/5008084
doi:10.7910/DVN/ZRORSO,A15_27425.jpg,5008086,https://dataverse.harvard.edu/api/access/datafile/5008086
doi:10.7910/DVN/3W58HQ,A15_27426.jpg,5008088,https://dataverse.harvard.edu/api/access/datafile/5008088
doi:10.7910/DVN/EYNQ9Q,A15_27427.jpg,5008090,https://dataverse.harvard.edu/api/access/datafile/5008090
doi:10.7910/DVN/4IECUB,A15_27428.jpg,5008092,https://dataverse.harvard.edu/api/access/datafile/5008092
doi:10.7910/DVN/NTPSXN,A15_27429.jpg,5008094,https://dataverse.harvard.edu/api/access/datafile/5008094
doi:10.7910/DVN/EQ6NZS,A15_27430.jpg,5008096,https://dataverse.harvard.edu/api/access/datafile/5008096
doi:10.7910/DVN/SDTPJW,A15_27431.jpg,5008098,https://dataverse.harvard.edu/api/access/datafile/5008098
doi:10.7910/DVN/W8G6BL,A15_27432.jpg,5008100,https://dataverse.harvard.edu/api/access/datafile/5008100
doi:10.7910/DVN/I93VKH,A15_27433.jpg,5008102,https://dataverse.harvard.edu/api/access/datafile/5008102
doi:10.7910/DVN/AAHZ19,A15_27434.jpg,5008104,https://dataverse.harvard.edu/api/access/datafile/5008104
doi:10.7910/DVN/A8PAJ6,A15_27435.jpg,5008106,https://dataverse.harvard.edu/api/access/datafile/5008106
doi:10.7910/DVN/ZR0PFX,A15_27436.jpg,5008108,https://dataverse.harvard.edu/api/access/datafile/5008108
doi:10.7910/DVN/DBONMS,A15_27437.jpg,5008110,https://dataverse.harvard.edu/api/access/datafile/5008110
doi:10.7910/DVN/PAL1TG,A15_27438.jpg,5008112,https://dataverse.harvard.edu/api/access/datafile/5008112
doi:10.7910/DVN/IK1FDH,A15_27439.jpg,5008114,https://dataverse.harvard.edu/api/access/datafile/5008114
doi:10.7910/DVN/YPDTJI,A15_27440.jpg,5008116,https://dataverse.harvard.edu/api/access/datafile/5008116
doi:10.7910/DVN/LVPMLN,A15_27441.jpg,5008118,https://dataverse.harvard.edu/api/access/datafile/5008118
doi:10.7910/DVN/KWSCHK,A15_27442.jpg,5008120,https://dataverse.harvard.edu/api/access/datafile/5008120
doi:10.7910/DVN/X1NUYI,A15_27443.jpg,5008122,https://dataverse.harvard.edu/api/access/datafile/5008122
doi:10.7910/DVN/PMZV4Q,A15_27444.jpg,5008124,https://dataverse.harvard.edu/api/access/datafile/5008124
doi:10.7910/DVN/GOGCVZ,A15_27445.jpg,5008126,https://dataverse.harvard.edu/api/access/datafile/5008126
doi:10.7910/DVN/TVDCKY,A15_27446.jpg,5008128,https://dataverse.harvard.edu/api/access/datafile/5008128
doi:10.7910/DVN/ATAUBM,A15_27447.jpg,5008130,https://dataverse.harvard.edu/api/access/datafile/5008130
doi:10.7910/DVN/DA7BXO,A15_27448.jpg,5008132,https://dataverse.harvard.edu/api/access/datafile/5008132
doi:10.7910/DVN/7MMRNN,A15_27449.jpg,5008134,https://dataverse.harvard.edu/api/access/datafile/5008134
doi:10.7910/DVN/N3JFQW,A15_27450.jpg,5008136,https://dataverse.harvard.edu/api/access/datafile/5008136
doi:10.7910/DVN/5WXMTC,A15_27451.jpg,5008138,https://dataverse.harvard.edu/api/access/datafile/5008138
doi:10.7910/DVN/MANNOV,A15_27452.jpg,5008140,https://dataverse.harvard.edu/api/access/datafile/5008140
doi:10.7910/DVN/MTLS1B,A15_27453.jpg,5008142,https://dataverse.harvard.edu/api/access/datafile/5008142
doi:10.7910/DVN/U9VOKQ,A15_27454.jpg,5008144,https://dataverse.harvard.edu/api/access/datafile/5008144
doi:10.7910/DVN/KQRMRP,A15_27455.jpg,5008146,https://dataverse.harvard.edu/api/access/datafile/5008146
doi:10.7910/DVN/KZYBKU,A15_27456.jpg,5008148,https://dataverse.harvard.edu/api/access/datafile/5008148
doi:10.7910/DVN/KCE5CX,A15_27457.jpg,5008150,https://dataverse.harvard.edu/api/access/datafile/5008150
doi:10.7910/DVN/SAJZVE,A15_27458.jpg,5008152,https://dataverse.harvard.edu/api/access/datafile/5008152
doi:10.7910/DVN/8LSWAP,A15_27459.jpg,5008154,https://dataverse.harvard.edu/api/access/datafile/5008154
doi:10.7910/DVN/YGU36R,A15_27460.jpg,5008156,https://dataverse.harvard.edu/api/access/datafile/5008156
doi:10.7910/DVN/DBQVJM,A15_27461.jpg,5008158,https://dataverse.harvard.edu/api/access/datafile/5008158
doi:10.7910/DVN/GL13Z5,A15_27462.jpg,5008160,https://dataverse.harvard.edu/api/access/datafile/5008160
doi:10.7910/DVN/KMBNH9,A15_27463.jpg,5008162,https://dataverse.harvard.edu/api/access/datafile/5008162
doi:10.7910/DVN/RABBQS,A15_27464.jpg,5008164,https://dataverse.harvard.edu/api/access/datafile/5008164
doi:10.7910/DVN/WDAOPV,A15_27465.jpg,5008166,https://dataverse.harvard.edu/api/access/datafile/5008166
doi:10.7910/DVN/1YZKCH,A15_27466.jpg,5008168,https://dataverse.harvard.edu/api/access/datafile/5008168
doi:10.7910/DVN/XVM3MR,A15_27467.jpg,5008170,https://dataverse.harvard.edu/api/access/datafile/5008170
doi:10.7910/DVN/L7NZYR,A15_27468.jpg,5008172,https://dataverse.harvard.edu/api/access/datafile/5008172
doi:10.7910/DVN/EQQ5MT,A15_27469.jpg,5008174,https://dataverse.harvard.edu/api/access/datafile/5008174
doi:10.7910/DVN/S2T9W1,A15_27470.jpg,5008176,https://dataverse.harvard.edu/api/access/datafile/5008176
doi:10.7910/DVN/5FTNNH,A15_27471.jpg,5008178,https://dataverse.harvard.edu/api/access/datafile/5008178
doi:10.7910/DVN/JIWEGA,A15_27472.jpg,5008180,https://dataverse.harvard.edu/api/access/datafile/5008180
doi:10.7910/DVN/SBMDFG,A15_27473.jpg,5008182,https://dataverse.harvard.edu/api/access/datafile/5008182
doi:10.7910/DVN/W3URF5,A15_27474.jpg,5008184,https://dataverse.harvard.edu/api/access/datafile/5008184
doi:10.7910/DVN/REAXLU,A15_27475.jpg,5008186,https://dataverse.harvard.edu/api/access/datafile/5008186
doi:10.7910/DVN/MNP3UV,A15_27476.jpg,5008188,https://dataverse.harvard.edu/api/access/datafile/5008188
doi:10.7910/DVN/AJ72O6,A15_27477.jpg,5008190,https://dataverse.harvard.edu/api/access/datafile/5008190
doi:10.7910/DVN/Q0DBJ1,A15_27478.jpg,5008192,https://dataverse.harvard.edu/api/access/datafile/5008192
doi:10.7910/DVN/PXI3S6,A15_27479.jpg,5008194,https://dataverse.harvard.edu/api/access/datafile/5008194
doi:10.7910/DVN/LFY8PU,A15_27480.jpg,5008196,https://dataverse.harvard.edu/api/access/datafile/5008196
doi:10.7910/DVN/2COT5C,A15_27481.jpg,5008198,https://dataverse.harvard.edu/api/access/datafile/5008198
doi:10.7910/DVN/Q83JWK,A15_27482.jpg,5008200,https://dataverse.harvard.edu/api/access/datafile/5008200
doi:10.7910/DVN/XFYLGT,A15_27483.jpg,5008202,https://dataverse.harvard.edu/api/access/datafile/5008202
doi:10.7910/DVN/L56DA2,A15_27484.jpg,5008204,https://dataverse.harvard.edu/api/access/datafile/5008204
doi:10.7910/DVN/93MSUZ,A15_27485.jpg,5008206,https://dataverse.harvard.edu/api/access/datafile/5008206
doi:10.7910/DVN/6TZGAL,A15_27486.jpg,5008208,https://dataverse.harvard.edu/api/access/datafile/5008208
doi:10.7910/DVN/TSFRRV,A15_27487.jpg,5008210,https://dataverse.harvard.edu/api/access/datafile/5008210
doi:10.7910/DVN/23TLOE,A15_27488.jpg,5008212,https://dataverse.harvard.edu/api/access/datafile/5008212
doi:10.7910/DVN/EMY09L,A15_27489.jpg,5008214,https://dataverse.harvard.edu/api/access/datafile/5008214
doi:10.7910/DVN/DPYEUM,A15_27490.jpg,5008216,https://dataverse.harvard.edu/api/access/datafile/5008216
doi:10.7910/DVN/NZL9ZA,A15_27491.jpg,5008218,https://dataverse.harvard.edu/api/access/datafile/5008218
doi:10.7910/DVN/T1VR4F,A15_27492.jpg,5008220,https://dataverse.harvard.edu/api/access/datafile/5008220
doi:10.7910/DVN/2PETQU,A15_27493.jpg,5008222,https://dataverse.harvard.edu/api/access/datafile/5008222
doi:10.7910/DVN/XDGXGW,A15_27494.jpg,5008224,https://dataverse.harvard.edu/api/access/datafile/5008224
doi:10.7910/DVN/WB0VB0,A15_27495.jpg,5008226,https://dataverse.harvard.edu/api/access/datafile/5008226
doi:10.7910/DVN/3QAFMO,A15_27496.jpg,5008228,https://dataverse.harvard.edu/api/access/datafile/5008228
doi:10.7910/DVN/SWLWVO,A15_27497.jpg,5008230,https://dataverse.harvard.edu/api/access/datafile/5008230
doi:10.7910/DVN/NGIC1Z,A15_27498.jpg,5008232,https://dataverse.harvard.edu/api/access/datafile/5008232
doi:10.7910/DVN/N7MLOL,A15_27499.jpg,5008234,https://dataverse.harvard.edu/api/access/datafile/5008234
doi:10.7910/DVN/921RSG,A15_27500.jpg,5008236,https://dataverse.harvard.edu/api/access/datafile/5008236
doi:10.7910/DVN/GWSJXV,A15_27501.jpg,5008238,https://dataverse.harvard.edu/api/access/datafile/5008238
doi:10.7910/DVN/AZBZAO,A15_27502.jpg,5008240,https://dataverse.harvard.edu/api/access/datafile/5008240
doi:10.7910/DVN/SQXSYT,A15_27503.jpg,5008242,https://dataverse.harvard.edu/api/access/datafile/5008242
doi:10.7910/DVN/INEMLN,A15_27504.jpg,5008244,https://dataverse.harvard.edu/api/access/datafile/5008244
doi:10.7910/DVN/7VTP50,A15_27505.jpg,5008246,https://dataverse.harvard.edu/api/access/datafile/5008246
doi:10.7910/DVN/WRPTCG,A15_27506.jpg,5008248,https://dataverse.harvard.edu/api/access/datafile/5008248
doi:10.7910/DVN/OMOQLD,A15_27507.jpg,5008250,https://dataverse.harvard.edu/api/access/datafile/5008250
doi:10.7910/DVN/SG9VGX,A15_27508.jpg,5008252,https://dataverse.harvard.edu/api/access/datafile/5008252
doi:10.7910/DVN/VKXUQE,A15_27509.jpg,5008254,https://dataverse.harvard.edu/api/access/datafile/5008254
doi:10.7910/DVN/R5EJRL,A15_27510.jpg,5008256,https://dataverse.harvard.edu/api/access/datafile/5008256
doi:10.7910/DVN/NK6JUD,A15_27511.jpg,5008258,https://dataverse.harvard.edu/api/access/datafile/5008258
doi:10.7910/DVN/B5MKSJ,A15_27512.jpg,5008260,https://dataverse.harvard.edu/api/access/datafile/5008260
doi:10.7910/DVN/WIFDWQ,A15_27513.jpg,5008262,https://dataverse.harvard.edu/api/access/datafile/5008262
doi:10.7910/DVN/UE4BKO,A15_27514.jpg,5008264,https://dataverse.harvard.edu/api/access/datafile/5008264
doi:10.7910/DVN/XHXDNS,A15_27515.jpg,5008266,https://dataverse.harvard.edu/api/access/datafile/5008266
doi:10.7910/DVN/KE7DQM,A15_27516.jpg,5008268,https://dataverse.harvard.edu/api/access/datafile/5008268
doi:10.7910/DVN/YEAPOE,A15_27517.jpg,5008270,https://dataverse.harvard.edu/api/access/datafile/5008270
doi:10.7910/DVN/GEFNFY,A15_27518.jpg,5008272,https://dataverse.harvard.edu/api/access/datafile/5008272
doi:10.7910/DVN/LQQ2T9,A15_27519.jpg,5008274,https://dataverse.harvard.edu/api/access/datafile/5008274
doi:10.7910/DVN/K1LHH0,A15_27520.jpg,5008276,https://dataverse.harvard.edu/api/access/datafile/5008276
doi:10.7910/DVN/448MIH,A15_27521.jpg,5008278,https://dataverse.harvard.edu/api/access/datafile/5008278
doi:10.7910/DVN/J41T5A,A15_27522.jpg,5008280,https://dataverse.harvard.edu/api/access/datafile/5008280
doi:10.7910/DVN/HCZYMK,A15_27523.jpg,5008282,https://dataverse.harvard.edu/api/access/datafile/5008282
doi:10.7910/DVN/9KDUYN,A15_27524.jpg,5008284,https://dataverse.harvard.edu/api/access/datafile/5008284
doi:10.7910/DVN/TQR8FW,A15_27525.jpg,5008286,https://dataverse.harvard.edu/api/access/datafile/5008286
doi:10.7910/DVN/PB7JFI,A15_27526.jpg,5008288,https://dataverse.harvard.edu/api/access/datafile/5008288
doi:10.7910/DVN/APTK9Z,A15_27527.jpg,5008290,https://dataverse.harvard.edu/api/access/datafile/5008290
doi:10.7910/DVN/DCU56W,A15_27528.jpg,5008292,https://dataverse.harvard.edu/api/access/datafile/5008292
doi:10.7910/DVN/MFXIYQ,A15_27529.jpg,5008294,https://dataverse.harvard.edu/api/access/datafile/5008294
doi:10.7910/DVN/HANG0I,A15_27530.jpg,5008296,https://dataverse.harvard.edu/api/access/datafile/5008296
doi:10.7910/DVN/1PBXGG,A15_27531.jpg,5008298,https://dataverse.harvard.edu/api/access/datafile/5008298
doi:10.7910/DVN/OEQLXP,A15_27532.jpg,5008300,https://dataverse.harvard.edu/api/access/datafile/5008300
doi:10.7910/DVN/IGDXSZ,A15_27533.jpg,5008302,https://dataverse.harvard.edu/api/access/datafile/5008302
doi:10.7910/DVN/FYN2FK,A15_27534.jpg,5008304,https://dataverse.harvard.edu/api/access/datafile/5008304
doi:10.7910/DVN/VZPUHP,A15_27535.jpg,5008306,https://dataverse.harvard.edu/api/access/datafile/5008306
doi:10.7910/DVN/PZZ868,A15_27536.jpg,5008308,https://dataverse.harvard.edu/api/access/datafile/5008308
doi:10.7910/DVN/9PECDL,A15_27537.jpg,5008310,https://dataverse.harvard.edu/api/access/datafile/5008310
doi:10.7910/DVN/AVUDKO,A15_27538.jpg,5008312,https://dataverse.harvard.edu/api/access/datafile/5008312
doi:10.7910/DVN/0JEHQE,A15_27539.jpg,5008314,https://dataverse.harvard.edu/api/access/datafile/5008314
doi:10.7910/DVN/BHVMGN,A15_27540.jpg,5008316,https://dataverse.harvard.edu/api/access/datafile/5008316
doi:10.7910/DVN/2QZQ7C,A15_27541.jpg,5008318,https://dataverse.harvard.edu/api/access/datafile/5008318
doi:10.7910/DVN/ZQA7PI,A15_27542.jpg,5008320,https://dataverse.harvard.edu/api/access/datafile/5008320
doi:10.7910/DVN/MWSLCO,A15_27543.jpg,5008322,https://dataverse.harvard.edu/api/access/datafile/5008322
doi:10.7910/DVN/1NYUEO,A15_27544.jpg,5008324,https://dataverse.harvard.edu/api/access/datafile/5008324
doi:10.7910/DVN/TFNHZ1,A15_27545.jpg,5008326,https://dataverse.harvard.edu/api/access/datafile/5008326
doi:10.7910/DVN/UJ51ME,A15_27546.jpg,5008328,https://dataverse.harvard.edu/api/access/datafile/5008328
doi:10.7910/DVN/NJA3VI,A15_27547.jpg,5008330,https://dataverse.harvard.edu/api/access/datafile/5008330
doi:10.7910/DVN/HJKY1D,A15_27548.jpg,5008332,https://dataverse.harvard.edu/api/access/datafile/5008332
doi:10.7910/DVN/QN0DVL,A15_27549.jpg,5008334,https://dataverse.harvard.edu/api/access/datafile/5008334
doi:10.7910/DVN/WI7M2M,A15_27550.jpg,5008336,https://dataverse.harvard.edu/api/access/datafile/5008336
doi:10.7910/DVN/RFL9N8,A15_27551.jpg,5008338,https://dataverse.harvard.edu/api/access/datafile/5008338
doi:10.7910/DVN/GLYRGZ,A15_27552.jpg,5008340,https://dataverse.harvard.edu/api/access/datafile/5008340
doi:10.7910/DVN/OGE1UP,A15_27553.jpg,5008342,https://dataverse.harvard.edu/api/access/datafile/5008342
doi:10.7910/DVN/YGXKK1,A15_27554.jpg,5008344,https://dataverse.harvard.edu/api/access/datafile/5008344
doi:10.7910/DVN/NS3YXO,A15_27555.jpg,5008346,https://dataverse.harvard.edu/api/access/datafile/5008346
doi:10.7910/DVN/DZL1WP,A15_27556.jpg,5008348,https://dataverse.harvard.edu/api/access/datafile/5008348
doi:10.7910/DVN/XYZWDX,A15_27557.jpg,5008350,https://dataverse.harvard.edu/api/access/datafile/5008350
doi:10.7910/DVN/YOEKOW,A15_27558.jpg,5008352,https://dataverse.harvard.edu/api/access/datafile/5008352
doi:10.7910/DVN/TRVHH3,A15_27559.jpg,5008354,https://dataverse.harvard.edu/api/access/datafile/5008354
doi:10.7910/DVN/FW7QXJ,A15_27560.jpg,5008356,https://dataverse.harvard.edu/api/access/datafile/5008356
doi:10.7910/DVN/OIQO89,A15_27561.jpg,5008358,https://dataverse.harvard.edu/api/access/datafile/5008358
doi:10.7910/DVN/LWB8QS,A15_27562.jpg,5008360,https://dataverse.harvard.edu/api/access/datafile/5008360
doi:10.7910/DVN/YMBJKE,A15_27563.jpg,5008362,https://dataverse.harvard.edu/api/access/datafile/5008362
doi:10.7910/DVN/NLKDFU,A15_27564.jpg,5008364,https://dataverse.harvard.edu/api/access/datafile/5008364
doi:10.7910/DVN/SLQ9HH,A15_27565.jpg,5008366,https://dataverse.harvard.edu/api/access/datafile/5008366
doi:10.7910/DVN/VMQ0RS,A15_27566.jpg,5008368,https://dataverse.harvard.edu/api/access/datafile/5008368
doi:10.7910/DVN/ETNGA9,A15_27567.jpg,5008370,https://dataverse.harvard.edu/api/access/datafile/5008370
doi:10.7910/DVN/JQQNPE,A15_27568.jpg,5008372,https://dataverse.harvard.edu/api/access/datafile/5008372
doi:10.7910/DVN/NF1TO7,A15_27569.jpg,5008374,https://dataverse.harvard.edu/api/access/datafile/5008374
doi:10.7910/DVN/YTRFCA,A15_27570.jpg,5008376,https://dataverse.harvard.edu/api/access/datafile/5008376
doi:10.7910/DVN/KYH6WY,A15_27571.jpg,5008378,https://dataverse.harvard.edu/api/access/datafile/5008378
doi:10.7910/DVN/L3TEOT,A15_27572.jpg,5008380,https://dataverse.harvard.edu/api/access/datafile/5008380
doi:10.7910/DVN/QLNLA8,A15_27573.jpg,5008382,https://dataverse.harvard.edu/api/access/datafile/5008382
doi:10.7910/DVN/IAY08R,A15_27574.jpg,5008384,https://dataverse.harvard.edu/api/access/datafile/5008384
doi:10.7910/DVN/GYNJRX,A15_27575.jpg,5008386,https://dataverse.harvard.edu/api/access/datafile/5008386
doi:10.7910/DVN/RDVOD6,A15_27576.jpg,5008388,https://dataverse.harvard.edu/api/access/datafile/5008388
doi:10.7910/DVN/JTO4PX,A15_27577.jpg,5008390,https://dataverse.harvard.edu/api/access/datafile/5008390
doi:10.7910/DVN/8RYYEX,A15_27578.jpg,5008392,https://dataverse.harvard.edu/api/access/datafile/5008392
doi:10.7910/DVN/OQ6EUM,A15_27579.jpg,5008394,https://dataverse.harvard.edu/api/access/datafile/5008394
doi:10.7910/DVN/J26REW,A15_27580.jpg,5008396,https://dataverse.harvard.edu/api/access/datafile/5008396
doi:10.7910/DVN/VBH4TQ,A15_27581.jpg,5008398,https://dataverse.harvard.edu/api/access/datafile/5008398
doi:10.7910/DVN/WZTZKE,A15_27582.jpg,5008400,https://dataverse.harvard.edu/api/access/datafile/5008400
doi:10.7910/DVN/XDEZNR,A15_27583.jpg,5008402,https://dataverse.harvard.edu/api/access/datafile/5008402
doi:10.7910/DVN/WFKQDJ,A15_27584.jpg,5008404,https://dataverse.harvard.edu/api/access/datafile/5008404
doi:10.7910/DVN/3QRDRT,A15_27585.jpg,5008406,https://dataverse.harvard.edu/api/access/datafile/5008406
doi:10.7910/DVN/4SLKCO,A15_27586.jpg,5008408,https://dataverse.harvard.edu/api/access/datafile/5008408
doi:10.7910/DVN/RH4IJR,A15_27587.jpg,5008410,https://dataverse.harvard.edu/api/access/datafile/5008410
doi:10.7910/DVN/RYA2JT,A15_27588.jpg,5008412,https://dataverse.harvard.edu/api/access/datafile/5008412
doi:10.7910/DVN/7DDJKG,A15_27589.jpg,5008414,https://dataverse.harvard.edu/api/access/datafile/5008414
doi:10.7910/DVN/2ZX0JA,A15_27590.jpg,5008416,https://dataverse.harvard.edu/api/access/datafile/5008416
doi:10.7910/DVN/H7KMDK,A15_27591.jpg,5008418,https://dataverse.harvard.edu/api/access/datafile/5008418
doi:10.7910/DVN/ZL8QRK,A15_27592.jpg,5008420,https://dataverse.harvard.edu/api/access/datafile/5008420
doi:10.7910/DVN/YDNCKU,A15_27593.jpg,5008422,https://dataverse.harvard.edu/api/access/datafile/5008422
doi:10.7910/DVN/YZC8DK,A15_27594.jpg,5008424,https://dataverse.harvard.edu/api/access/datafile/5008424
doi:10.7910/DVN/6VX4HA,A15_27595.jpg,5008426,https://dataverse.harvard.edu/api/access/datafile/5008426
doi:10.7910/DVN/RVNDZE,A15_27596.jpg,5008428,https://dataverse.harvard.edu/api/access/datafile/5008428
doi:10.7910/DVN/6BRRLA,A15_27597.jpg,5008430,https://dataverse.harvard.edu/api/access/datafile/5008430
doi:10.7910/DVN/45RU48,A15_27598.jpg,5008432,https://dataverse.harvard.edu/api/access/datafile/5008432
doi:10.7910/DVN/4EK9TY,A15_27599.jpg,5008434,https://dataverse.harvard.edu/api/access/datafile/5008434
doi:10.7910/DVN/2FIPSA,A15_27600.jpg,5008436,https://dataverse.harvard.edu/api/access/datafile/5008436
doi:10.7910/DVN/OFV2RC,A15_27601.jpg,5008438,https://dataverse.harvard.edu/api/access/datafile/5008438
doi:10.7910/DVN/LQRCBJ,A15_27602.jpg,5008440,https://dataverse.harvard.edu/api/access/datafile/5008440
doi:10.7910/DVN/FOA2SV,A15_27603.jpg,5008442,https://dataverse.harvard.edu/api/access/datafile/5008442
doi:10.7910/DVN/QGPVIE,A15_27604.jpg,5008444,https://dataverse.harvard.edu/api/access/datafile/5008444
doi:10.7910/DVN/UJRC6Z,A15_27605.jpg,5008446,https://dataverse.harvard.edu/api/access/datafile/5008446
doi:10.7910/DVN/4PAV7G,A15_27606.jpg,5008448,https://dataverse.harvard.edu/api/access/datafile/5008448
doi:10.7910/DVN/NHZHCG,A15_27607.jpg,5008450,https://dataverse.harvard.edu/api/access/datafile/5008450
doi:10.7910/DVN/A4CHYH,A15_27608.jpg,5008452,https://dataverse.harvard.edu/api/access/datafile/5008452
doi:10.7910/DVN/9KH1UV,A15_27609.jpg,5008454,https://dataverse.harvard.edu/api/access/datafile/5008454
doi:10.7910/DVN/RU5O2X,A15_27610.jpg,5008456,https://dataverse.harvard.edu/api/access/datafile/5008456
doi:10.7910/DVN/XRA7KG,A15_27611.jpg,5008458,https://dataverse.harvard.edu/api/access/datafile/5008458
doi:10.7910/DVN/FZBDHY,A15_27612.jpg,5008460,https://dataverse.harvard.edu/api/access/datafile/5008460
doi:10.7910/DVN/POI2JE,A15_27613.jpg,5008462,https://dataverse.harvard.edu/api/access/datafile/5008462
doi:10.7910/DVN/IPDVKD,A15_27614.jpg,5008464,https://dataverse.harvard.edu/api/access/datafile/5008464
doi:10.7910/DVN/XHKYCJ,A15_27615.jpg,5008466,https://dataverse.harvard.edu/api/access/datafile/5008466
doi:10.7910/DVN/IATZUJ,A15_27617.jpg,5008468,https://dataverse.harvard.edu/api/access/datafile/5008468
doi:10.7910/DVN/B1JYCM,A15_27618.jpg,5008470,https://dataverse.harvard.edu/api/access/datafile/5008470
doi:10.7910/DVN/4OAHJW,A15_27619.jpg,5008472,https://dataverse.harvard.edu/api/access/datafile/5008472
doi:10.7910/DVN/UAENIA,A15_27620.jpg,5008474,https://dataverse.harvard.edu/api/access/datafile/5008474
doi:10.7910/DVN/GKVGVB,A15_27621.jpg,5008476,https://dataverse.harvard.edu/api/access/datafile/5008476
doi:10.7910/DVN/SHCWO2,A15_27622.jpg,5008478,https://dataverse.harvard.edu/api/access/datafile/5008478
doi:10.7910/DVN/0GDDNO,A15_27623.jpg,5008480,https://dataverse.harvard.edu/api/access/datafile/5008480
doi:10.7910/DVN/EXM8J6,A15_27624.jpg,5008482,https://dataverse.harvard.edu/api/access/datafile/5008482
doi:10.7910/DVN/8EAHP0,A15_27625.jpg,5008484,https://dataverse.harvard.edu/api/access/datafile/5008484
doi:10.7910/DVN/YWEXIT,A15_27626.jpg,5008486,https://dataverse.harvard.edu/api/access/datafile/5008486
doi:10.7910/DVN/ANC0AN,A15_27627.jpg,5008488,https://dataverse.harvard.edu/api/access/datafile/5008488
doi:10.7910/DVN/G3KCHL,A15_27628.jpg,5008490,https://dataverse.harvard.edu/api/access/datafile/5008490
doi:10.7910/DVN/PR6VAH,A15_27629.jpg,5008492,https://dataverse.harvard.edu/api/access/datafile/5008492
doi:10.7910/DVN/I49NMT,A15_27630.jpg,5008494,https://dataverse.harvard.edu/api/access/datafile/5008494
doi:10.7910/DVN/MO3ND2,A15_27631.jpg,5008496,https://dataverse.harvard.edu/api/access/datafile/5008496
doi:10.7910/DVN/THEGBX,A15_27632.jpg,5008498,https://dataverse.harvard.edu/api/access/datafile/5008498
doi:10.7910/DVN/G7JSJX,A15_27633.jpg,5008500,https://dataverse.harvard.edu/api/access/datafile/5008500
doi:10.7910/DVN/REMIRC,A15_27634.jpg,5008502,https://dataverse.harvard.edu/api/access/datafile/5008502
doi:10.7910/DVN/GFYCRG,A15_27635.jpg,5008504,https://dataverse.harvard.edu/api/access/datafile/5008504
doi:10.7910/DVN/N2RSHU,A15_27636.jpg,5008506,https://dataverse.harvard.edu/api/access/datafile/5008506
doi:10.7910/DVN/BGE5SD,A15_27637.jpg,5008508,https://dataverse.harvard.edu/api/access/datafile/5008508
doi:10.7910/DVN/8SREPI,A15_27638.jpg,5008510,https://dataverse.harvard.edu/api/access/datafile/5008510
doi:10.7910/DVN/OLKFUG,A15_27639.jpg,5008512,https://dataverse.harvard.edu/api/access/datafile/5008512
doi:10.7910/DVN/39GJNF,A15_27640.jpg,5008514,https://dataverse.harvard.edu/api/access/datafile/5008514
doi:10.7910/DVN/HBQM6O,A15_27641.jpg,5008516,https://dataverse.harvard.edu/api/access/datafile/5008516
doi:10.7910/DVN/BLZZ2G,A15_27642.jpg,5008518,https://dataverse.harvard.edu/api/access/datafile/5008518
doi:10.7910/DVN/GYBCSM,A15_27643.jpg,5008520,https://dataverse.harvard.edu/api/access/datafile/5008520
doi:10.7910/DVN/OMYARJ,A15_27644.jpg,5008522,https://dataverse.harvard.edu/api/access/datafile/5008522
doi:10.7910/DVN/KMPAOZ,A15_27645.jpg,5008524,https://dataverse.harvard.edu/api/access/datafile/5008524
doi:10.7910/DVN/NNS8MH,A15_27646.jpg,5008526,https://dataverse.harvard.edu/api/access/datafile/5008526
doi:10.7910/DVN/H6WQHV,A15_27647.jpg,5008528,https://dataverse.harvard.edu/api/access/datafile/5008528
doi:10.7910/DVN/RFSNA9,A15_27648.jpg,5008530,https://dataverse.harvard.edu/api/access/datafile/5008530
doi:10.7910/DVN/WMAE9C,A15_27649.jpg,5008532,https://dataverse.harvard.edu/api/access/datafile/5008532
doi:10.7910/DVN/YDQZZI,A15_27650.jpg,5008534,https://dataverse.harvard.edu/api/access/datafile/5008534
doi:10.7910/DVN/15VIZJ,A15_27651.jpg,5008536,https://dataverse.harvard.edu/api/access/datafile/5008536
doi:10.7910/DVN/28FLCY,A15_27652.jpg,5008538,https://dataverse.harvard.edu/api/access/datafile/5008538
doi:10.7910/DVN/WC5TO2,A15_27653.jpg,5008540,https://dataverse.harvard.edu/api/access/datafile/5008540
doi:10.7910/DVN/SOFEJ0,A15_27654.jpg,5008542,https://dataverse.harvard.edu/api/access/datafile/5008542
doi:10.7910/DVN/QH0HOF,A15_27655.jpg,5008544,https://dataverse.harvard.edu/api/access/datafile/5008544
doi:10.7910/DVN/ROQJJX,A15_27657.jpg,5008546,https://dataverse.harvard.edu/api/access/datafile/5008546
doi:10.7910/DVN/Y6NBVE,A15_27658.jpg,5008548,https://dataverse.harvard.edu/api/access/datafile/5008548
doi:10.7910/DVN/BEC3EU,A15_27659.jpg,5008550,https://dataverse.harvard.edu/api/access/datafile/5008550
doi:10.7910/DVN/IT6A0U,A15_27660.jpg,5008552,https://dataverse.harvard.edu/api/access/datafile/5008552
doi:10.7910/DVN/BU3UHU,A15_27661.jpg,5008554,https://dataverse.harvard.edu/api/access/datafile/5008554
doi:10.7910/DVN/3M1EV0,A15_27662.jpg,5008556,https://dataverse.harvard.edu/api/access/datafile/5008556
doi:10.7910/DVN/ZZ9VPK,A15_27663.jpg,5008558,https://dataverse.harvard.edu/api/access/datafile/5008558
doi:10.7910/DVN/YLZCHP,A15_27664.jpg,5008560,https://dataverse.harvard.edu/api/access/datafile/5008560
doi:10.7910/DVN/82APWZ,A15_27666.jpg,5008562,https://dataverse.harvard.edu/api/access/datafile/5008562
doi:10.7910/DVN/DH1EAS,A15_27667.jpg,5008564,https://dataverse.harvard.edu/api/access/datafile/5008564
doi:10.7910/DVN/SCYTIK,A15_27668.jpg,5008566,https://dataverse.harvard.edu/api/access/datafile/5008566
doi:10.7910/DVN/FCCL2Z,A15_27669.jpg,5008568,https://dataverse.harvard.edu/api/access/datafile/5008568
doi:10.7910/DVN/ZYSGOI,A15_27670.jpg,5008570,https://dataverse.harvard.edu/api/access/datafile/5008570
doi:10.7910/DVN/VX40GQ,A15_27671.jpg,5008572,https://dataverse.harvard.edu/api/access/datafile/5008572
doi:10.7910/DVN/FLOOQE,A15_27672.jpg,5008574,https://dataverse.harvard.edu/api/access/datafile/5008574
doi:10.7910/DVN/HL276Y,A15_27673.jpg,5008576,https://dataverse.harvard.edu/api/access/datafile/5008576
doi:10.7910/DVN/HXDCXJ,A15_27674.jpg,5008578,https://dataverse.harvard.edu/api/access/datafile/5008578
doi:10.7910/DVN/D9W9HA,A15_27675.jpg,5008580,https://dataverse.harvard.edu/api/access/datafile/5008580
doi:10.7910/DVN/GTQUT3,A15_27676.jpg,5008582,https://dataverse.harvard.edu/api/access/datafile/5008582
doi:10.7910/DVN/EJK35H,A15_27677.jpg,5008584,https://dataverse.harvard.edu/api/access/datafile/5008584
doi:10.7910/DVN/OEL1A5,A15_27678.jpg,5008586,https://dataverse.harvard.edu/api/access/datafile/5008586
doi:10.7910/DVN/CXWSEF,A15_27679.jpg,5008588,https://dataverse.harvard.edu/api/access/datafile/5008588
doi:10.7910/DVN/DNSTSZ,A15_27680.jpg,5008590,https://dataverse.harvard.edu/api/access/datafile/5008590
doi:10.7910/DVN/NKML9K,A15_27681.jpg,5008592,https://dataverse.harvard.edu/api/access/datafile/5008592
doi:10.7910/DVN/QNVEFQ,A15_27682.jpg,5008594,https://dataverse.harvard.edu/api/access/datafile/5008594
doi:10.7910/DVN/0RMRPF,A15_27683.jpg,5008596,https://dataverse.harvard.edu/api/access/datafile/5008596
doi:10.7910/DVN/RNYB04,A15_27684.jpg,5008598,https://dataverse.harvard.edu/api/access/datafile/5008598
doi:10.7910/DVN/OCSVZU,A15_27685.jpg,5008600,https://dataverse.harvard.edu/api/access/datafile/5008600
doi:10.7910/DVN/JFDAGC,A15_27686.jpg,5008602,https://dataverse.harvard.edu/api/access/datafile/5008602
doi:10.7910/DVN/57UADT,A15_27687.jpg,5008604,https://dataverse.harvard.edu/api/access/datafile/5008604
doi:10.7910/DVN/23T70Y,A15_27688.jpg,5008606,https://dataverse.harvard.edu/api/access/datafile/5008606
doi:10.7910/DVN/WWYRNY,A15_27689.jpg,5008608,https://dataverse.harvard.edu/api/access/datafile/5008608
doi:10.7910/DVN/HDRU24,A15_27690.jpg,5008610,https://dataverse.harvard.edu/api/access/datafile/5008610
doi:10.7910/DVN/1LGCIX,A15_27691.jpg,5008612,https://dataverse.harvard.edu/api/access/datafile/5008612
doi:10.7910/DVN/C94G0G,A15_27692.jpg,5008614,https://dataverse.harvard.edu/api/access/datafile/5008614
doi:10.7910/DVN/14FXTE,A15_27693.jpg,5008616,https://dataverse.harvard.edu/api/access/datafile/5008616
doi:10.7910/DVN/GY50EQ,A15_27694.jpg,5008618,https://dataverse.harvard.edu/api/access/datafile/5008618
doi:10.7910/DVN/9IBEYQ,A15_27695.jpg,5008620,https://dataverse.harvard.edu/api/access/datafile/5008620
doi:10.7910/DVN/VWBXHP,A15_27696.jpg,5008622,https://dataverse.harvard.edu/api/access/datafile/5008622
doi:10.7910/DVN/YZWIC0,A15_27697.jpg,5008624,https://dataverse.harvard.edu/api/access/datafile/5008624
doi:10.7910/DVN/PABP65,A15_27698.jpg,5008626,https://dataverse.harvard.edu/api/access/datafile/5008626
doi:10.7910/DVN/FKRKD8,A15_27699.jpg,5008628,https://dataverse.harvard.edu/api/access/datafile/5008628
doi:10.7910/DVN/GLJYHZ,A15_27700.jpg,5008630,https://dataverse.harvard.edu/api/access/datafile/5008630
doi:10.7910/DVN/4ZH42N,A15_27701.jpg,5008632,https://dataverse.harvard.edu/api/access/datafile/5008632
doi:10.7910/DVN/RUOEJ6,A15_27702.jpg,5008634,https://dataverse.harvard.edu/api/access/datafile/5008634
doi:10.7910/DVN/HP2HKT,A15_27703.jpg,5008636,https://dataverse.harvard.edu/api/access/datafile/5008636
doi:10.7910/DVN/ZDUWW7,A15_27704.jpg,5008638,https://dataverse.harvard.edu/api/access/datafile/5008638
doi:10.7910/DVN/Y4GTFW,A15_27705.jpg,5008640,https://dataverse.harvard.edu/api/access/datafile/5008640
doi:10.7910/DVN/EWLYS9,A15_27706.jpg,5008642,https://dataverse.harvard.edu/api/access/datafile/5008642
doi:10.7910/DVN/ENKP8N,A15_27707.jpg,5008644,https://dataverse.harvard.edu/api/access/datafile/5008644
doi:10.7910/DVN/CIC2YO,A15_27708.jpg,5008646,https://dataverse.harvard.edu/api/access/datafile/5008646
doi:10.7910/DVN/JKIZ8Q,A15_27709.jpg,5008648,https://dataverse.harvard.edu/api/access/datafile/5008648
doi:10.7910/DVN/ADKFXA,A15_27710.jpg,5008650,https://dataverse.harvard.edu/api/access/datafile/5008650
doi:10.7910/DVN/X5TGKN,A15_27711.jpg,5008652,https://dataverse.harvard.edu/api/access/datafile/5008652
doi:10.7910/DVN/H6PV5R,A15_27713.jpg,5008654,https://dataverse.harvard.edu/api/access/datafile/5008654
doi:10.7910/DVN/ZMPIXY,A15_27714.jpg,5008656,https://dataverse.harvard.edu/api/access/datafile/5008656
doi:10.7910/DVN/2AOSHU,A15_27715.jpg,5008658,https://dataverse.harvard.edu/api/access/datafile/5008658
doi:10.7910/DVN/Q7XUQG,A15_27716.jpg,5008660,https://dataverse.harvard.edu/api/access/datafile/5008660
doi:10.7910/DVN/RNZQOF,A15_27717.jpg,5008662,https://dataverse.harvard.edu/api/access/datafile/5008662
doi:10.7910/DVN/K1MBMC,A15_27718.jpg,5008664,https://dataverse.harvard.edu/api/access/datafile/5008664
doi:10.7910/DVN/AC4ELE,A15_27719.jpg,5008666,https://dataverse.harvard.edu/api/access/datafile/5008666
doi:10.7910/DVN/7BBMEL,A15_27720.jpg,5008668,https://dataverse.harvard.edu/api/access/datafile/5008668
doi:10.7910/DVN/CGWISJ,A15_27721.jpg,5008670,https://dataverse.harvard.edu/api/access/datafile/5008670
doi:10.7910/DVN/DI7SAC,A15_27722.jpg,5008672,https://dataverse.harvard.edu/api/access/datafile/5008672
doi:10.7910/DVN/SKTAVC,A15_27723.jpg,5008674,https://dataverse.harvard.edu/api/access/datafile/5008674
doi:10.7910/DVN/PQYDXL,A15_27724.jpg,5008676,https://dataverse.harvard.edu/api/access/datafile/5008676
doi:10.7910/DVN/T7YNNO,A15_27725.jpg,5008678,https://dataverse.harvard.edu/api/access/datafile/5008678
doi:10.7910/DVN/OZHOUV,A15_27726.jpg,5008680,https://dataverse.harvard.edu/api/access/datafile/5008680
doi:10.7910/DVN/NHCLTM,A15_27727.jpg,5008682,https://dataverse.harvard.edu/api/access/datafile/5008682
doi:10.7910/DVN/1VGOYU,A15_27728.jpg,5008684,https://dataverse.harvard.edu/api/access/datafile/5008684
doi:10.7910/DVN/GBLRZI,A15_27729.jpg,5008686,https://dataverse.harvard.edu/api/access/datafile/5008686
doi:10.7910/DVN/IMQ2PP,A15_27730.jpg,5008688,https://dataverse.harvard.edu/api/access/datafile/5008688
doi:10.7910/DVN/0ME5GT,A15_27731.jpg,5008690,https://dataverse.harvard.edu/api/access/datafile/5008690
doi:10.7910/DVN/HQXYTE,A15_27732.jpg,5008692,https://dataverse.harvard.edu/api/access/datafile/5008692
doi:10.7910/DVN/ALZCCI,A15_27733.jpg,5008694,https://dataverse.harvard.edu/api/access/datafile/5008694
doi:10.7910/DVN/XH0AWS,A15_27734.jpg,5008696,https://dataverse.harvard.edu/api/access/datafile/5008696
doi:10.7910/DVN/VZFOBN,A15_27735.jpg,5008698,https://dataverse.harvard.edu/api/access/datafile/5008698
doi:10.7910/DVN/8X3DKA,A15_27736.jpg,5008700,https://dataverse.harvard.edu/api/access/datafile/5008700
doi:10.7910/DVN/QDL7EK,A15_27737.jpg,5008702,https://dataverse.harvard.edu/api/access/datafile/5008702
doi:10.7910/DVN/CG8SLV,A15_27738.jpg,5008704,https://dataverse.harvard.edu/api/access/datafile/5008704
doi:10.7910/DVN/IPATGO,A15_27739.jpg,5008706,https://dataverse.harvard.edu/api/access/datafile/5008706
doi:10.7910/DVN/KLWFNA,A15_27740.jpg,5008708,https://dataverse.harvard.edu/api/access/datafile/5008708
doi:10.7910/DVN/PQA0SJ,A15_27741.jpg,5008710,https://dataverse.harvard.edu/api/access/datafile/5008710
doi:10.7910/DVN/AX6NED,A15_27742.jpg,5008712,https://dataverse.harvard.edu/api/access/datafile/5008712
doi:10.7910/DVN/8TTTMQ,A15_27743.jpg,5008714,https://dataverse.harvard.edu/api/access/datafile/5008714
doi:10.7910/DVN/WR4FCL,A15_27744.jpg,5008716,https://dataverse.harvard.edu/api/access/datafile/5008716
doi:10.7910/DVN/9AVN6W,A15_27745.jpg,5008718,https://dataverse.harvard.edu/api/access/datafile/5008718
doi:10.7910/DVN/KFAUCL,A15_27746.jpg,5008720,https://dataverse.harvard.edu/api/access/datafile/5008720
doi:10.7910/DVN/FL1ZXH,A15_27747.jpg,5008722,https://dataverse.harvard.edu/api/access/datafile/5008722
doi:10.7910/DVN/OVPPUF,A15_27748.jpg,5008724,https://dataverse.harvard.edu/api/access/datafile/5008724
doi:10.7910/DVN/ZK0O8A,A15_27749.jpg,5008726,https://dataverse.harvard.edu/api/access/datafile/5008726
doi:10.7910/DVN/9U2JES,A15_27750.jpg,5008728,https://dataverse.harvard.edu/api/access/datafile/5008728
doi:10.7910/DVN/XU5G2D,A15_27751.jpg,5008730,https://dataverse.harvard.edu/api/access/datafile/5008730
doi:10.7910/DVN/SOVJA7,A15_27752.jpg,5008732,https://dataverse.harvard.edu/api/access/datafile/5008732
doi:10.7910/DVN/QBU2GQ,A15_27753.jpg,5008734,https://dataverse.harvard.edu/api/access/datafile/5008734
doi:10.7910/DVN/UQKGCT,A15_27754.jpg,5008736,https://dataverse.harvard.edu/api/access/datafile/5008736
doi:10.7910/DVN/PE01XG,A15_27755.jpg,5008738,https://dataverse.harvard.edu/api/access/datafile/5008738
doi:10.7910/DVN/9IKED7,A15_27756.jpg,5008740,https://dataverse.harvard.edu/api/access/datafile/5008740
doi:10.7910/DVN/LDMSEF,A15_27757.jpg,5008742,https://dataverse.harvard.edu/api/access/datafile/5008742
doi:10.7910/DVN/2LVZCO,A15_27758.jpg,5008744,https://dataverse.harvard.edu/api/access/datafile/5008744
doi:10.7910/DVN/JY06D6,A15_27759.jpg,5008746,https://dataverse.harvard.edu/api/access/datafile/5008746
doi:10.7910/DVN/N7PAAY,A15_27760.jpg,5008748,https://dataverse.harvard.edu/api/access/datafile/5008748
doi:10.7910/DVN/KLEIB6,A15_27761.jpg,5008750,https://dataverse.harvard.edu/api/access/datafile/5008750
doi:10.7910/DVN/QKZK9F,A15_27762.jpg,5008753,https://dataverse.harvard.edu/api/access/datafile/5008753
doi:10.7910/DVN/QOK89P,A15_27763.jpg,5008755,https://dataverse.harvard.edu/api/access/datafile/5008755
doi:10.7910/DVN/VQFNN4,A15_27764.jpg,5008757,https://dataverse.harvard.edu/api/access/datafile/5008757
doi:10.7910/DVN/TBCPOQ,A15_27765.jpg,5008759,https://dataverse.harvard.edu/api/access/datafile/5008759
doi:10.7910/DVN/NVEJLZ,A15_27766.jpg,5008761,https://dataverse.harvard.edu/api/access/datafile/5008761
doi:10.7910/DVN/RN3AU3,A15_27767.jpg,5008763,https://dataverse.harvard.edu/api/access/datafile/5008763
doi:10.7910/DVN/JYHD6T,A15_27768.jpg,5008765,https://dataverse.harvard.edu/api/access/datafile/5008765
doi:10.7910/DVN/SRZXIH,A15_27769.jpg,5008768,https://dataverse.harvard.edu/api/access/datafile/5008768
doi:10.7910/DVN/09EOSR,A15_27770.jpg,5008770,https://dataverse.harvard.edu/api/access/datafile/5008770
doi:10.7910/DVN/UK6UVY,A15_27771.jpg,5008772,https://dataverse.harvard.edu/api/access/datafile/5008772
doi:10.7910/DVN/JUXH32,A15_27772.jpg,5008774,https://dataverse.harvard.edu/api/access/datafile/5008774
doi:10.7910/DVN/ZQJA7K,A15_27773.jpg,5008776,https://dataverse.harvard.edu/api/access/datafile/5008776
doi:10.7910/DVN/IWYRHO,A15_27774.jpg,5008779,https://dataverse.harvard.edu/api/access/datafile/5008779
doi:10.7910/DVN/NWCWER,A15_27775.jpg,5008781,https://dataverse.harvard.edu/api/access/datafile/5008781
doi:10.7910/DVN/ZPVYM9,A15_27776.jpg,5008783,https://dataverse.harvard.edu/api/access/datafile/5008783
doi:10.7910/DVN/ARRBQB,A15_27777.jpg,5008785,https://dataverse.harvard.edu/api/access/datafile/5008785
doi:10.7910/DVN/G6KDZK,A15_27778.jpg,5008788,https://dataverse.harvard.edu/api/access/datafile/5008788
doi:10.7910/DVN/AKKXQF,A15_27779.jpg,5008790,https://dataverse.harvard.edu/api/access/datafile/5008790
doi:10.7910/DVN/EPPGAC,A15_27780.jpg,5008792,https://dataverse.harvard.edu/api/access/datafile/5008792
doi:10.7910/DVN/5SVNKE,A15_27781.jpg,5008794,https://dataverse.harvard.edu/api/access/datafile/5008794
doi:10.7910/DVN/TCS0ZT,A15_27782.jpg,5008796,https://dataverse.harvard.edu/api/access/datafile/5008796
doi:10.7910/DVN/MLVXQE,A15_27783.jpg,5008798,https://dataverse.harvard.edu/api/access/datafile/5008798
doi:10.7910/DVN/Q1LAQS,A15_27784.jpg,5008800,https://dataverse.harvard.edu/api/access/datafile/5008800
doi:10.7910/DVN/J9YG9U,A15_27785.jpg,5008802,https://dataverse.harvard.edu/api/access/datafile/5008802
doi:10.7910/DVN/JUV2D3,A15_27786.jpg,5008804,https://dataverse.harvard.edu/api/access/datafile/5008804
doi:10.7910/DVN/RBGOCZ,A15_27787.jpg,5008806,https://dataverse.harvard.edu/api/access/datafile/5008806
doi:10.7910/DVN/JC6N36,A15_27788.jpg,5008808,https://dataverse.harvard.edu/api/access/datafile/5008808
doi:10.7910/DVN/Z969I3,A15_27789.jpg,5008810,https://dataverse.harvard.edu/api/access/datafile/5008810
doi:10.7910/DVN/M6HUVG,A15_27790.jpg,5008812,https://dataverse.harvard.edu/api/access/datafile/5008812
doi:10.7910/DVN/UQLXRQ,A15_27791.jpg,5008814,https://dataverse.harvard.edu/api/access/datafile/5008814
doi:10.7910/DVN/MNS97Z,A15_27792.jpg,5008816,https://dataverse.harvard.edu/api/access/datafile/5008816
doi:10.7910/DVN/E7IYML,A15_27793.jpg,5008818,https://dataverse.harvard.edu/api/access/datafile/5008818
doi:10.7910/DVN/8LU6IV,A15_27794.jpg,5008820,https://dataverse.harvard.edu/api/access/datafile/5008820
doi:10.7910/DVN/UESCTK,A15_27795.jpg,5008822,https://dataverse.harvard.edu/api/access/datafile/5008822
doi:10.7910/DVN/MWVYYX,A15_27796.jpg,5008824,https://dataverse.harvard.edu/api/access/datafile/5008824
doi:10.7910/DVN/NOU2PG,A15_27797.jpg,5008826,https://dataverse.harvard.edu/api/access/datafile/5008826
doi:10.7910/DVN/JJUYSG,A15_27798.jpg,5008828,https://dataverse.harvard.edu/api/access/datafile/5008828
doi:10.7910/DVN/AR2UNN,A15_27799.jpg,5008830,https://dataverse.harvard.edu/api/access/datafile/5008830
doi:10.7910/DVN/GUY0AX,A15_27800.jpg,5008832,https://dataverse.harvard.edu/api/access/datafile/5008832
doi:10.7910/DVN/PRGDF6,A15_27801.jpg,5008834,https://dataverse.harvard.edu/api/access/datafile/5008834
doi:10.7910/DVN/GECN6E,A15_27802.jpg,5008836,https://dataverse.harvard.edu/api/access/datafile/5008836
doi:10.7910/DVN/JNYU99,A15_27803.jpg,5008838,https://dataverse.harvard.edu/api/access/datafile/5008838
doi:10.7910/DVN/KHAB21,A15_27804.jpg,5008840,https://dataverse.harvard.edu/api/access/datafile/5008840
doi:10.7910/DVN/0SGZIW,A15_27805.jpg,5008842,https://dataverse.harvard.edu/api/access/datafile/5008842
doi:10.7910/DVN/JYPNGM,A15_27806.jpg,5008844,https://dataverse.harvard.edu/api/access/datafile/5008844
doi:10.7910/DVN/D4D0LY,A15_27807.jpg,5008846,https://dataverse.harvard.edu/api/access/datafile/5008846
doi:10.7910/DVN/F9CBUJ,A15_27808.jpg,5008848,https://dataverse.harvard.edu/api/access/datafile/5008848
doi:10.7910/DVN/T1PBLM,A15_27809.jpg,5008850,https://dataverse.harvard.edu/api/access/datafile/5008850
doi:10.7910/DVN/EKUA50,A15_27810.jpg,5008852,https://dataverse.harvard.edu/api/access/datafile/5008852
doi:10.7910/DVN/ONVALS,A15_27811.jpg,5008854,https://dataverse.harvard.edu/api/access/datafile/5008854
doi:10.7910/DVN/YP4UYN,A15_27812.jpg,5008856,https://dataverse.harvard.edu/api/access/datafile/5008856
doi:10.7910/DVN/NDOFAM,A15_27813.jpg,5008858,https://dataverse.harvard.edu/api/access/datafile/5008858
doi:10.7910/DVN/PRMSE9,A15_27814.jpg,5008860,https://dataverse.harvard.edu/api/access/datafile/5008860
doi:10.7910/DVN/VBNTQ4,A15_27815.jpg,5008862,https://dataverse.harvard.edu/api/access/datafile/5008862
doi:10.7910/DVN/3QWHMS,A15_27816.jpg,5008864,https://dataverse.harvard.edu/api/access/datafile/5008864
doi:10.7910/DVN/NJ5DZD,A15_27817.jpg,5008866,https://dataverse.harvard.edu/api/access/datafile/5008866
doi:10.7910/DVN/DCVQEO,A15_27818.jpg,5008868,https://dataverse.harvard.edu/api/access/datafile/5008868
doi:10.7910/DVN/YPFBZ7,A15_27819.jpg,5008870,https://dataverse.harvard.edu/api/access/datafile/5008870
doi:10.7910/DVN/XJ9LQB,A15_27820.jpg,5008872,https://dataverse.harvard.edu/api/access/datafile/5008872
doi:10.7910/DVN/JSZHAC,A15_27821.jpg,5008877,https://dataverse.harvard.edu/api/access/datafile/5008877
doi:10.7910/DVN/W5MFZR,A15_27822.jpg,5008879,https://dataverse.harvard.edu/api/access/datafile/5008879
doi:10.7910/DVN/XT9FVX,A15_27823.jpg,5008881,https://dataverse.harvard.edu/api/access/datafile/5008881
doi:10.7910/DVN/KRNDEW,A15_27824.jpg,5008883,https://dataverse.harvard.edu/api/access/datafile/5008883
doi:10.7910/DVN/BKT3YB,A15_27825.jpg,5008885,https://dataverse.harvard.edu/api/access/datafile/5008885
doi:10.7910/DVN/YNLFG6,A15_27826.jpg,5008887,https://dataverse.harvard.edu/api/access/datafile/5008887
doi:10.7910/DVN/6RBFS0,A15_27827.jpg,5008889,https://dataverse.harvard.edu/api/access/datafile/5008889
doi:10.7910/DVN/LX60WE,A15_27828.jpg,5008891,https://dataverse.harvard.edu/api/access/datafile/5008891
doi:10.7910/DVN/VPUNFI,A15_27829.jpg,5008893,https://dataverse.harvard.edu/api/access/datafile/5008893
doi:10.7910/DVN/PXJP95,A15_27830.jpg,5008895,https://dataverse.harvard.edu/api/access/datafile/5008895
doi:10.7910/DVN/0WOV5C,A15_27831.jpg,5008897,https://dataverse.harvard.edu/api/access/datafile/5008897
doi:10.7910/DVN/2XUOHY,A15_27832.jpg,5008899,https://dataverse.harvard.edu/api/access/datafile/5008899
doi:10.7910/DVN/TYSCCP,A15_27833.jpg,5008901,https://dataverse.harvard.edu/api/access/datafile/5008901
doi:10.7910/DVN/VQ9QE1,A15_27834.jpg,5008903,https://dataverse.harvard.edu/api/access/datafile/5008903
doi:10.7910/DVN/Y4Z3DD,A15_27835.jpg,5008905,https://dataverse.harvard.edu/api/access/datafile/5008905
doi:10.7910/DVN/PMRKXH,A15_27836.jpg,5008907,https://dataverse.harvard.edu/api/access/datafile/5008907
doi:10.7910/DVN/NBQNVT,A15_27837.jpg,5008909,https://dataverse.harvard.edu/api/access/datafile/5008909
doi:10.7910/DVN/AY0RML,A15_27838.jpg,5008911,https://dataverse.harvard.edu/api/access/datafile/5008911
doi:10.7910/DVN/3QTTY3,A15_27839.jpg,5008913,https://dataverse.harvard.edu/api/access/datafile/5008913
doi:10.7910/DVN/BFHHNR,A15_27840.jpg,5008915,https://dataverse.harvard.edu/api/access/datafile/5008915
doi:10.7910/DVN/5SDRD5,A15_27841.jpg,5008917,https://dataverse.harvard.edu/api/access/datafile/5008917
doi:10.7910/DVN/O8O8X9,A15_27842.jpg,5008919,https://dataverse.harvard.edu/api/access/datafile/5008919
doi:10.7910/DVN/4PTMLN,A15_27843.jpg,5008921,https://dataverse.harvard.edu/api/access/datafile/5008921
doi:10.7910/DVN/4UEFNL,A15_27844.jpg,5008923,https://dataverse.harvard.edu/api/access/datafile/5008923
doi:10.7910/DVN/NOJNO8,A15_27845.jpg,5009051,https://dataverse.harvard.edu/api/access/datafile/5009051
doi:10.7910/DVN/LGHE65,A15_27846.jpg,5009053,https://dataverse.harvard.edu/api/access/datafile/5009053
doi:10.7910/DVN/4BH0PD,A15_27847.jpg,5009055,https://dataverse.harvard.edu/api/access/datafile/5009055
doi:10.7910/DVN/6XJ909,A15_27848.jpg,5009057,https://dataverse.harvard.edu/api/access/datafile/5009057
doi:10.7910/DVN/QZ3O1P,A15_27849.jpg,5009059,https://dataverse.harvard.edu/api/access/datafile/5009059
doi:10.7910/DVN/PI2NZT,A15_27850.jpg,5009061,https://dataverse.harvard.edu/api/access/datafile/5009061
doi:10.7910/DVN/N4WHWZ,A15_27851.jpg,5009063,https://dataverse.harvard.edu/api/access/datafile/5009063
doi:10.7910/DVN/1VQJNP,A15_27852.jpg,5009065,https://dataverse.harvard.edu/api/access/datafile/5009065
doi:10.7910/DVN/OSO8KM,A15_27853.jpg,5009067,https://dataverse.harvard.edu/api/access/datafile/5009067
doi:10.7910/DVN/EDSUF8,A15_27854.jpg,5009069,https://dataverse.harvard.edu/api/access/datafile/5009069
doi:10.7910/DVN/LO07FC,A15_27855.jpg,5009071,https://dataverse.harvard.edu/api/access/datafile/5009071
doi:10.7910/DVN/G8FT7N,A15_27856.jpg,5009073,https://dataverse.harvard.edu/api/access/datafile/5009073
doi:10.7910/DVN/GQWWQK,A15_27857.jpg,5009075,https://dataverse.harvard.edu/api/access/datafile/5009075
doi:10.7910/DVN/IJNODQ,A15_27858.jpg,5009077,https://dataverse.harvard.edu/api/access/datafile/5009077
doi:10.7910/DVN/KRKX30,A15_27859.jpg,5009079,https://dataverse.harvard.edu/api/access/datafile/5009079
doi:10.7910/DVN/RAO4GS,A15_27860.jpg,5009081,https://dataverse.harvard.edu/api/access/datafile/5009081
doi:10.7910/DVN/JYH963,A15_27861.jpg,5009083,https://dataverse.harvard.edu/api/access/datafile/5009083
doi:10.7910/DVN/33XH92,A15_27862.jpg,5009085,https://dataverse.harvard.edu/api/access/datafile/5009085
doi:10.7910/DVN/F7BN4H,A15_27863.jpg,5009087,https://dataverse.harvard.edu/api/access/datafile/5009087
doi:10.7910/DVN/XMGPCY,A15_27864.jpg,5009089,https://dataverse.harvard.edu/api/access/datafile/5009089
doi:10.7910/DVN/W5NM9R,A15_27865.jpg,5009091,https://dataverse.harvard.edu/api/access/datafile/5009091
doi:10.7910/DVN/VBTZSF,A15_27866.jpg,5009093,https://dataverse.harvard.edu/api/access/datafile/5009093
doi:10.7910/DVN/JA3LV8,A15_27867.jpg,5009095,https://dataverse.harvard.edu/api/access/datafile/5009095
doi:10.7910/DVN/NOVXBU,A15_27868.jpg,5009097,https://dataverse.harvard.edu/api/access/datafile/5009097
doi:10.7910/DVN/KA7YZK,A15_27869.jpg,5009099,https://dataverse.harvard.edu/api/access/datafile/5009099
doi:10.7910/DVN/1ZHTRC,A15_27870.jpg,5009101,https://dataverse.harvard.edu/api/access/datafile/5009101
doi:10.7910/DVN/Z8HONH,A15_27871.jpg,5009103,https://dataverse.harvard.edu/api/access/datafile/5009103
doi:10.7910/DVN/ODEYNV,A15_27872.jpg,5009105,https://dataverse.harvard.edu/api/access/datafile/5009105
doi:10.7910/DVN/O3P1JF,A15_27873.jpg,5009107,https://dataverse.harvard.edu/api/access/datafile/5009107
doi:10.7910/DVN/1BEKHT,A15_27874.jpg,5009109,https://dataverse.harvard.edu/api/access/datafile/5009109
doi:10.7910/DVN/DLR88K,A15_27875.jpg,5009111,https://dataverse.harvard.edu/api/access/datafile/5009111
doi:10.7910/DVN/AZUWFG,A15_27876.jpg,5009113,https://dataverse.harvard.edu/api/access/datafile/5009113
doi:10.7910/DVN/EI40J9,A15_27877.jpg,5009115,https://dataverse.harvard.edu/api/access/datafile/5009115
doi:10.7910/DVN/MACMYT,A15_27878.jpg,5009117,https://dataverse.harvard.edu/api/access/datafile/5009117
doi:10.7910/DVN/5ZQX0E,A15_27879.jpg,5009119,https://dataverse.harvard.edu/api/access/datafile/5009119
doi:10.7910/DVN/ILSVJX,A15_27880.jpg,5009121,https://dataverse.harvard.edu/api/access/datafile/5009121
doi:10.7910/DVN/AGKBCY,A15_27881.jpg,5009123,https://dataverse.harvard.edu/api/access/datafile/5009123
doi:10.7910/DVN/WK9STR,A15_27882.jpg,5009125,https://dataverse.harvard.edu/api/access/datafile/5009125
doi:10.7910/DVN/S94SVU,A15_27883.jpg,5009127,https://dataverse.harvard.edu/api/access/datafile/5009127
doi:10.7910/DVN/F4S7U9,A15_27884.jpg,5009129,https://dataverse.harvard.edu/api/access/datafile/5009129
doi:10.7910/DVN/KHV7BF,A15_27885.jpg,5009131,https://dataverse.harvard.edu/api/access/datafile/5009131
doi:10.7910/DVN/2KCPTS,A15_27886.jpg,5009133,https://dataverse.harvard.edu/api/access/datafile/5009133
doi:10.7910/DVN/RJ0CGF,A15_27887.jpg,5009135,https://dataverse.harvard.edu/api/access/datafile/5009135
doi:10.7910/DVN/OJY4W0,A15_27888.jpg,5009137,https://dataverse.harvard.edu/api/access/datafile/5009137
doi:10.7910/DVN/5JTUUB,A15_27889.jpg,5009139,https://dataverse.harvard.edu/api/access/datafile/5009139
doi:10.7910/DVN/NMIVLI,A15_27890.jpg,5009141,https://dataverse.harvard.edu/api/access/datafile/5009141
doi:10.7910/DVN/IY1AMB,A15_27891.jpg,5009143,https://dataverse.harvard.edu/api/access/datafile/5009143
doi:10.7910/DVN/SPS2I7,A15_27892.jpg,5009145,https://dataverse.harvard.edu/api/access/datafile/5009145
doi:10.7910/DVN/BJKW9M,A15_27893.jpg,5009147,https://dataverse.harvard.edu/api/access/datafile/5009147
doi:10.7910/DVN/SLQHRD,A15_27894.jpg,5009149,https://dataverse.harvard.edu/api/access/datafile/5009149
doi:10.7910/DVN/UML5LI,A15_27895.jpg,5009151,https://dataverse.harvard.edu/api/access/datafile/5009151
doi:10.7910/DVN/V0JR1C,A15_27896.jpg,5009153,https://dataverse.harvard.edu/api/access/datafile/5009153
doi:10.7910/DVN/2SJNXU,A15_27897.jpg,5009155,https://dataverse.harvard.edu/api/access/datafile/5009155
doi:10.7910/DVN/HFJARX,A15_27898.jpg,5009157,https://dataverse.harvard.edu/api/access/datafile/5009157
doi:10.7910/DVN/DJMZNP,A15_27899.jpg,5009159,https://dataverse.harvard.edu/api/access/datafile/5009159
doi:10.7910/DVN/TRZLND,A15_27900.jpg,5009161,https://dataverse.harvard.edu/api/access/datafile/5009161
doi:10.7910/DVN/XJCMVA,A15_27901.jpg,5009163,https://dataverse.harvard.edu/api/access/datafile/5009163
doi:10.7910/DVN/MOBHNN,A15_27902.jpg,5009165,https://dataverse.harvard.edu/api/access/datafile/5009165
doi:10.7910/DVN/VRN7BE,A15_27903.jpg,5009167,https://dataverse.harvard.edu/api/access/datafile/5009167
doi:10.7910/DVN/ZFCNLG,A15_27903.jpg,5009169,https://dataverse.harvard.edu/api/access/datafile/5009169
doi:10.7910/DVN/CTXY6B,A15_27905.jpg,5009171,https://dataverse.harvard.edu/api/access/datafile/5009171
doi:10.7910/DVN/SK66M9,A15_27906.jpg,5009174,https://dataverse.harvard.edu/api/access/datafile/5009174
doi:10.7910/DVN/JSZZ6Y,A15_27907.jpg,5009176,https://dataverse.harvard.edu/api/access/datafile/5009176
doi:10.7910/DVN/XSXXRL,A15_27908.jpg,5009178,https://dataverse.harvard.edu/api/access/datafile/5009178
doi:10.7910/DVN/XBA8LS,A15_27909.jpg,5009180,https://dataverse.harvard.edu/api/access/datafile/5009180
doi:10.7910/DVN/UZQUOA,A15_27910.jpg,5009182,https://dataverse.harvard.edu/api/access/datafile/5009182
doi:10.7910/DVN/PQCCSN,A15_27911.jpg,5009184,https://dataverse.harvard.edu/api/access/datafile/5009184
doi:10.7910/DVN/3TWUO0,A15_27912.jpg,5009186,https://dataverse.harvard.edu/api/access/datafile/5009186
doi:10.7910/DVN/HKSGDC,A15_27913.jpg,5009189,https://dataverse.harvard.edu/api/access/datafile/5009189
doi:10.7910/DVN/HEWVIW,A15_27914.jpg,5009191,https://dataverse.harvard.edu/api/access/datafile/5009191
doi:10.7910/DVN/LUB9SS,A15_27915.jpg,5009193,https://dataverse.harvard.edu/api/access/datafile/5009193
doi:10.7910/DVN/ISRZXM,A15_27916.jpg,5009195,https://dataverse.harvard.edu/api/access/datafile/5009195
doi:10.7910/DVN/CIO9P6,A15_27917.jpg,5009197,https://dataverse.harvard.edu/api/access/datafile/5009197
doi:10.7910/DVN/QI6ANO,A15_27918.jpg,5009199,https://dataverse.harvard.edu/api/access/datafile/5009199
doi:10.7910/DVN/A6YRLW,A15_27919.jpg,5009201,https://dataverse.harvard.edu/api/access/datafile/5009201
doi:10.7910/DVN/MQ7SW9,A15_27920.jpg,5009203,https://dataverse.harvard.edu/api/access/datafile/5009203
doi:10.7910/DVN/RI9UDT,A15_27921.jpg,5009206,https://dataverse.harvard.edu/api/access/datafile/5009206
doi:10.7910/DVN/OTSJVB,A15_27922.jpg,5009208,https://dataverse.harvard.edu/api/access/datafile/5009208
doi:10.7910/DVN/CQPN85,A15_27923.jpg,5009210,https://dataverse.harvard.edu/api/access/datafile/5009210
doi:10.7910/DVN/TCNI47,A15_27924.jpg,5009212,https://dataverse.harvard.edu/api/access/datafile/5009212
doi:10.7910/DVN/3O0VEP,A15_27925.jpg,5009214,https://dataverse.harvard.edu/api/access/datafile/5009214
doi:10.7910/DVN/SKFCEF,A15_27926.jpg,5009216,https://dataverse.harvard.edu/api/access/datafile/5009216
doi:10.7910/DVN/WXMOAB,A15_27927.jpg,5009218,https://dataverse.harvard.edu/api/access/datafile/5009218
doi:10.7910/DVN/JCWNEA,A15_27928.jpg,5009220,https://dataverse.harvard.edu/api/access/datafile/5009220
doi:10.7910/DVN/0PCMMO,A15_27929.jpg,5009222,https://dataverse.harvard.edu/api/access/datafile/5009222
doi:10.7910/DVN/8MPMEN,A15_27930.jpg,5009225,https://dataverse.harvard.edu/api/access/datafile/5009225
doi:10.7910/DVN/63VVM2,A15_27931.jpg,5009227,https://dataverse.harvard.edu/api/access/datafile/5009227
doi:10.7910/DVN/A1LJ5C,A15_27932.jpg,5009229,https://dataverse.harvard.edu/api/access/datafile/5009229
doi:10.7910/DVN/TRQL4C,A15_27933.jpg,5009231,https://dataverse.harvard.edu/api/access/datafile/5009231
doi:10.7910/DVN/QFUQ7F,A15_27934.jpg,5009233,https://dataverse.harvard.edu/api/access/datafile/5009233
doi:10.7910/DVN/3DCUWD,A15_27935.jpg,5009235,https://dataverse.harvard.edu/api/access/datafile/5009235
doi:10.7910/DVN/YISI6W,A15_27936.jpg,5009237,https://dataverse.harvard.edu/api/access/datafile/5009237
doi:10.7910/DVN/A6P6YI,A15_27937.jpg,5009239,https://dataverse.harvard.edu/api/access/datafile/5009239
doi:10.7910/DVN/DOJX5Z,A15_27938.jpg,5009242,https://dataverse.harvard.edu/api/access/datafile/5009242
doi:10.7910/DVN/9NOMRE,A15_27939.jpg,5009244,https://dataverse.harvard.edu/api/access/datafile/5009244
doi:10.7910/DVN/C6H4CV,A15_27940.jpg,5009246,https://dataverse.harvard.edu/api/access/datafile/5009246
doi:10.7910/DVN/Y7VX3K,A15_27941.jpg,5009248,https://dataverse.harvard.edu/api/access/datafile/5009248
doi:10.7910/DVN/97J0LF,A15_27942.jpg,5009250,https://dataverse.harvard.edu/api/access/datafile/5009250
doi:10.7910/DVN/RMUBBK,A15_27943.jpg,5009252,https://dataverse.harvard.edu/api/access/datafile/5009252
doi:10.7910/DVN/ZSASBE,A15_27944.jpg,5009254,https://dataverse.harvard.edu/api/access/datafile/5009254
doi:10.7910/DVN/ELBTBJ,A15_27945.jpg,5009256,https://dataverse.harvard.edu/api/access/datafile/5009256
doi:10.7910/DVN/FNAKIT,A15_27946.jpg,5009258,https://dataverse.harvard.edu/api/access/datafile/5009258
doi:10.7910/DVN/MKKJBL,A15_27947.jpg,5009261,https://dataverse.harvard.edu/api/access/datafile/5009261
doi:10.7910/DVN/UYO5KW,A15_27948.jpg,5009263,https://dataverse.harvard.edu/api/access/datafile/5009263
doi:10.7910/DVN/QGATYR,A15_27949.jpg,5009265,https://dataverse.harvard.edu/api/access/datafile/5009265
doi:10.7910/DVN/CSOVOD,A15_27950.jpg,5009267,https://dataverse.harvard.edu/api/access/datafile/5009267
doi:10.7910/DVN/4OBUKF,A15_27951.jpg,5009269,https://dataverse.harvard.edu/api/access/datafile/5009269
doi:10.7910/DVN/VENEIV,A15_27952.jpg,5009271,https://dataverse.harvard.edu/api/access/datafile/5009271
doi:10.7910/DVN/ZVJRXN,A15_27953.jpg,5009273,https://dataverse.harvard.edu/api/access/datafile/5009273
doi:10.7910/DVN/APY4SY,A15_27954.jpg,5009275,https://dataverse.harvard.edu/api/access/datafile/5009275
doi:10.7910/DVN/WZPLJB,A15_27955.jpg,5009278,https://dataverse.harvard.edu/api/access/datafile/5009278
doi:10.7910/DVN/J7VDNW,A15_27956.jpg,5009280,https://dataverse.harvard.edu/api/access/datafile/5009280
doi:10.7910/DVN/TAG9EA,A15_27957.jpg,5009282,https://dataverse.harvard.edu/api/access/datafile/5009282
doi:10.7910/DVN/WJFSB2,A15_27958.jpg,5009284,https://dataverse.harvard.edu/api/access/datafile/5009284
doi:10.7910/DVN/KROHWE,A15_27959.jpg,5009286,https://dataverse.harvard.edu/api/access/datafile/5009286
doi:10.7910/DVN/YPZATD,A15_27960.jpg,5009288,https://dataverse.harvard.edu/api/access/datafile/5009288
doi:10.7910/DVN/TBQX3N,A15_27961.jpg,5009290,https://dataverse.harvard.edu/api/access/datafile/5009290
doi:10.7910/DVN/ZVYSOT,A15_27962.jpg,5009292,https://dataverse.harvard.edu/api/access/datafile/5009292
doi:10.7910/DVN/EGCYBR,A15_27963.jpg,5009294,https://dataverse.harvard.edu/api/access/datafile/5009294
doi:10.7910/DVN/ZMZFHE,A15_27964.jpg,5009297,https://dataverse.harvard.edu/api/access/datafile/5009297
doi:10.7910/DVN/KZTXTZ,A15_27965.jpg,5009299,https://dataverse.harvard.edu/api/access/datafile/5009299
doi:10.7910/DVN/THLGTW,A15_27966.jpg,5009301,https://dataverse.harvard.edu/api/access/datafile/5009301
doi:10.7910/DVN/LF1VRQ,A15_27967.jpg,5009303,https://dataverse.harvard.edu/api/access/datafile/5009303
doi:10.7910/DVN/BTF7MA,A15_27968.jpg,5009305,https://dataverse.harvard.edu/api/access/datafile/5009305
doi:10.7910/DVN/FOQEZ9,A15_27969.jpg,5009307,https://dataverse.harvard.edu/api/access/datafile/5009307
doi:10.7910/DVN/FLD6UO,A15_27970.jpg,5009309,https://dataverse.harvard.edu/api/access/datafile/5009309
doi:10.7910/DVN/8MQVEK,A15_27971.jpg,5009311,https://dataverse.harvard.edu/api/access/datafile/5009311
doi:10.7910/DVN/8ISVSX,A15_27972.jpg,5009314,https://dataverse.harvard.edu/api/access/datafile/5009314
doi:10.7910/DVN/VROHSO,A15_27973.jpg,5009316,https://dataverse.harvard.edu/api/access/datafile/5009316
doi:10.7910/DVN/Z5APOO,A15_27974.jpg,5009318,https://dataverse.harvard.edu/api/access/datafile/5009318
doi:10.7910/DVN/L7GWG3,A15_27975.jpg,5009320,https://dataverse.harvard.edu/api/access/datafile/5009320
doi:10.7910/DVN/POQE2S,A15_27976.jpg,5009322,https://dataverse.harvard.edu/api/access/datafile/5009322
doi:10.7910/DVN/3HXOHW,A15_27977.jpg,5009325,https://dataverse.harvard.edu/api/access/datafile/5009325
doi:10.7910/DVN/H12JOZ,A15_27978.jpg,5009327,https://dataverse.harvard.edu/api/access/datafile/5009327
doi:10.7910/DVN/Q7NNQ9,A15_27979.jpg,5009329,https://dataverse.harvard.edu/api/access/datafile/5009329
doi:10.7910/DVN/HGCB3L,A15_27980.jpg,5009331,https://dataverse.harvard.edu/api/access/datafile/5009331
doi:10.7910/DVN/G9HG20,A15_27981.jpg,5009333,https://dataverse.harvard.edu/api/access/datafile/5009333
doi:10.7910/DVN/YLXOLK,A15_27982.jpg,5009335,https://dataverse.harvard.edu/api/access/datafile/5009335
doi:10.7910/DVN/QMY5ND,A15_27983.jpg,5009338,https://dataverse.harvard.edu/api/access/datafile/5009338
doi:10.7910/DVN/PMZS4I,A15_27984.jpg,5009340,https://dataverse.harvard.edu/api/access/datafile/5009340
doi:10.7910/DVN/ZUJLDY,A15_27985.jpg,5009342,https://dataverse.harvard.edu/api/access/datafile/5009342
doi:10.7910/DVN/HGEWQG,A15_27986.jpg,5009344,https://dataverse.harvard.edu/api/access/datafile/5009344
doi:10.7910/DVN/Q111QX,A15_27987.jpg,5009346,https://dataverse.harvard.edu/api/access/datafile/5009346
doi:10.7910/DVN/AZN7VV,A15_27988.jpg,5009348,https://dataverse.harvard.edu/api/access/datafile/5009348
doi:10.7910/DVN/JP7Y1N,A15_27989.jpg,5009350,https://dataverse.harvard.edu/api/access/datafile/5009350
doi:10.7910/DVN/CGBHVR,A15_27990.jpg,5009352,https://dataverse.harvard.edu/api/access/datafile/5009352
doi:10.7910/DVN/SHMQJT,A15_27991.jpg,5009354,https://dataverse.harvard.edu/api/access/datafile/5009354
doi:10.7910/DVN/LAS8BP,A15_27992.jpg,5009357,https://dataverse.harvard.edu/api/access/datafile/5009357
doi:10.7910/DVN/YJO92W,A15_27993.jpg,5009359,https://dataverse.harvard.edu/api/access/datafile/5009359
doi:10.7910/DVN/U66XNP,A15_27994.jpg,5009361,https://dataverse.harvard.edu/api/access/datafile/5009361
doi:10.7910/DVN/ERN0S4,A15_27995.jpg,5009363,https://dataverse.harvard.edu/api/access/datafile/5009363
doi:10.7910/DVN/6HV45N,A15_27996.jpg,5009365,https://dataverse.harvard.edu/api/access/datafile/5009365
doi:10.7910/DVN/WEI1PD,A15_27997.jpg,5009367,https://dataverse.harvard.edu/api/access/datafile/5009367
doi:10.7910/DVN/MDONQG,A15_27998.jpg,5009369,https://dataverse.harvard.edu/api/access/datafile/5009369
doi:10.7910/DVN/JBSKN3,A15_27999.jpg,5009371,https://dataverse.harvard.edu/api/access/datafile/5009371
doi:10.7910/DVN/WGU1VD,A15_28000.jpg,5009374,https://dataverse.harvard.edu/api/access/datafile/5009374
doi:10.7910/DVN/P2RD4T,A15_28001.jpg,5009376,https://dataverse.harvard.edu/api/access/datafile/5009376
doi:10.7910/DVN/3LVK8O,A15_28002.jpg,5009378,https://dataverse.harvard.edu/api/access/datafile/5009378
doi:10.7910/DVN/JIC1SH,A15_28003.jpg,5009380,https://dataverse.harvard.edu/api/access/datafile/5009380
doi:10.7910/DVN/WFFIQ6,A15_28004.jpg,5009382,https://dataverse.harvard.edu/api/access/datafile/5009382
doi:10.7910/DVN/E9F22K,A15_28005.jpg,5009384,https://dataverse.harvard.edu/api/access/datafile/5009384
doi:10.7910/DVN/JXX7VB,A15_28006.jpg,5009386,https://dataverse.harvard.edu/api/access/datafile/5009386
doi:10.7910/DVN/AL6WRC,A15_28007.jpg,5009388,https://dataverse.harvard.edu/api/access/datafile/5009388
doi:10.7910/DVN/9LWIDH,A15_28008.jpg,5009390,https://dataverse.harvard.edu/api/access/datafile/5009390
doi:10.7910/DVN/AL6E0S,A15_28009.jpg,5009393,https://dataverse.harvard.edu/api/access/datafile/5009393
doi:10.7910/DVN/QYWQ7A,A15_28010.jpg,5009395,https://dataverse.harvard.edu/api/access/datafile/5009395
doi:10.7910/DVN/LNEQF1,A15_28011.jpg,5009397,https://dataverse.harvard.edu/api/access/datafile/5009397
doi:10.7910/DVN/PVPZIW,A15_28012.jpg,5009399,https://dataverse.harvard.edu/api/access/datafile/5009399
doi:10.7910/DVN/DGCDBX,A15_28013.jpg,5009401,https://dataverse.harvard.edu/api/access/datafile/5009401
doi:10.7910/DVN/TXV8N6,A15_28014.jpg,5009403,https://dataverse.harvard.edu/api/access/datafile/5009403
doi:10.7910/DVN/EAT7D9,A15_28015.jpg,5009405,https://dataverse.harvard.edu/api/access/datafile/5009405
doi:10.7910/DVN/VAXVDF,A15_28016.jpg,5009407,https://dataverse.harvard.edu/api/access/datafile/5009407
doi:10.7910/DVN/UYOTHI,A15_28017.jpg,5009410,https://dataverse.harvard.edu/api/access/datafile/5009410
doi:10.7910/DVN/N7CGQP,A15_28018.jpg,5009412,https://dataverse.harvard.edu/api/access/datafile/5009412
doi:10.7910/DVN/68JM3T,A15_28019.jpg,5009414,https://dataverse.harvard.edu/api/access/datafile/5009414
doi:10.7910/DVN/ZJHZZT,A15_28020.jpg,5009416,https://dataverse.harvard.edu/api/access/datafile/5009416
doi:10.7910/DVN/OXEY97,A15_28021.jpg,5009418,https://dataverse.harvard.edu/api/access/datafile/5009418
doi:10.7910/DVN/5NNRPN,A15_28022.jpg,5009420,https://dataverse.harvard.edu/api/access/datafile/5009420
doi:10.7910/DVN/VSLTZP,A15_28023.jpg,5009422,https://dataverse.harvard.edu/api/access/datafile/5009422
doi:10.7910/DVN/DIZ6JC,A15_28024.jpg,5009424,https://dataverse.harvard.edu/api/access/datafile/5009424
doi:10.7910/DVN/LOMXOZ,A15_28025.jpg,5009426,https://dataverse.harvard.edu/api/access/datafile/5009426
doi:10.7910/DVN/5UPBMF,A15_28026.jpg,5009428,https://dataverse.harvard.edu/api/access/datafile/5009428
doi:10.7910/DVN/PBPU9Y,A15_28027.jpg,5009430,https://dataverse.harvard.edu/api/access/datafile/5009430
doi:10.7910/DVN/GM853A,A15_28028.jpg,5009432,https://dataverse.harvard.edu/api/access/datafile/5009432
doi:10.7910/DVN/PPPDAF,A15_28029.jpg,5009434,https://dataverse.harvard.edu/api/access/datafile/5009434
doi:10.7910/DVN/1QUOWB,A15_28030.jpg,5009436,https://dataverse.harvard.edu/api/access/datafile/5009436
doi:10.7910/DVN/K9FD0F,A15_28031.jpg,5009438,https://dataverse.harvard.edu/api/access/datafile/5009438
doi:10.7910/DVN/XBCWVQ,A15_28032.jpg,5009440,https://dataverse.harvard.edu/api/access/datafile/5009440
doi:10.7910/DVN/PNJEZQ,A15_28033.jpg,5009442,https://dataverse.harvard.edu/api/access/datafile/5009442
doi:10.7910/DVN/HJUW7B,A15_28034.jpg,5009444,https://dataverse.harvard.edu/api/access/datafile/5009444
doi:10.7910/DVN/HL0SOM,A15_28035.jpg,5009446,https://dataverse.harvard.edu/api/access/datafile/5009446
doi:10.7910/DVN/H2S7V2,A15_28036.jpg,5009448,https://dataverse.harvard.edu/api/access/datafile/5009448
doi:10.7910/DVN/G3KUVL,A15_28037.jpg,5009450,https://dataverse.harvard.edu/api/access/datafile/5009450
doi:10.7910/DVN/NPD2OC,A15_28038.jpg,5009452,https://dataverse.harvard.edu/api/access/datafile/5009452
doi:10.7910/DVN/RIACV0,A15_28039.jpg,5009454,https://dataverse.harvard.edu/api/access/datafile/5009454
doi:10.7910/DVN/GVKVSV,A15_28040.jpg,5009456,https://dataverse.harvard.edu/api/access/datafile/5009456
doi:10.7910/DVN/SIOOOT,A15_28041.jpg,5009458,https://dataverse.harvard.edu/api/access/datafile/5009458
doi:10.7910/DVN/YFAYFW,A15_28042.jpg,5009460,https://dataverse.harvard.edu/api/access/datafile/5009460
doi:10.7910/DVN/UJWSWU,A15_28043.jpg,5009462,https://dataverse.harvard.edu/api/access/datafile/5009462
doi:10.7910/DVN/3O5QAK,A15_28044.jpg,5009464,https://dataverse.harvard.edu/api/access/datafile/5009464
doi:10.7910/DVN/EA2HZ4,A15_28045.jpg,5009466,https://dataverse.harvard.edu/api/access/datafile/5009466
doi:10.7910/DVN/DXKXGT,A15_28046.jpg,5009468,https://dataverse.harvard.edu/api/access/datafile/5009468
doi:10.7910/DVN/MZSUAO,A15_28047.jpg,5009470,https://dataverse.harvard.edu/api/access/datafile/5009470
doi:10.7910/DVN/S7H4R3,A15_28048.jpg,5009472,https://dataverse.harvard.edu/api/access/datafile/5009472
doi:10.7910/DVN/KYYUA5,A15_28049.jpg,5009474,https://dataverse.harvard.edu/api/access/datafile/5009474
doi:10.7910/DVN/QXWEBY,A15_28050.jpg,5009476,https://dataverse.harvard.edu/api/access/datafile/5009476
doi:10.7910/DVN/A2BZOF,A15_28051.jpg,5009478,https://dataverse.harvard.edu/api/access/datafile/5009478
doi:10.7910/DVN/WR4RJR,A15_28052.jpg,5009480,https://dataverse.harvard.edu/api/access/datafile/5009480
doi:10.7910/DVN/824MOP,A15_28053.jpg,5009482,https://dataverse.harvard.edu/api/access/datafile/5009482
doi:10.7910/DVN/DO7RDI,A15_28054.jpg,5009484,https://dataverse.harvard.edu/api/access/datafile/5009484
doi:10.7910/DVN/OTDGYT,A15_28055.jpg,5009486,https://dataverse.harvard.edu/api/access/datafile/5009486
doi:10.7910/DVN/MSHXVP,A15_28056.jpg,5009488,https://dataverse.harvard.edu/api/access/datafile/5009488
doi:10.7910/DVN/IMX1Z2,A15_28057.jpg,5009490,https://dataverse.harvard.edu/api/access/datafile/5009490
doi:10.7910/DVN/EBLU0B,A15_28058.jpg,5009492,https://dataverse.harvard.edu/api/access/datafile/5009492
doi:10.7910/DVN/MZCIKP,A15_28059.jpg,5009494,https://dataverse.harvard.edu/api/access/datafile/5009494
doi:10.7910/DVN/KEBTU6,A15_28060.jpg,5009496,https://dataverse.harvard.edu/api/access/datafile/5009496
doi:10.7910/DVN/IJ8QC6,A15_28061.jpg,5009498,https://dataverse.harvard.edu/api/access/datafile/5009498
doi:10.7910/DVN/IETTQO,A15_28062.jpg,5009500,https://dataverse.harvard.edu/api/access/datafile/5009500
doi:10.7910/DVN/1H4JNF,A15_28063.jpg,5009502,https://dataverse.harvard.edu/api/access/datafile/5009502
doi:10.7910/DVN/X9IT5O,A15_28064.jpg,5009504,https://dataverse.harvard.edu/api/access/datafile/5009504
doi:10.7910/DVN/7AWP4G,A15_28065.jpg,5009506,https://dataverse.harvard.edu/api/access/datafile/5009506
doi:10.7910/DVN/DU1J63,A15_28066.jpg,5009508,https://dataverse.harvard.edu/api/access/datafile/5009508
doi:10.7910/DVN/BXB8RY,A15_28067.jpg,5009510,https://dataverse.harvard.edu/api/access/datafile/5009510
doi:10.7910/DVN/1RXXN4,A15_28068.jpg,5009512,https://dataverse.harvard.edu/api/access/datafile/5009512
doi:10.7910/DVN/WS9U7N,A15_28069.jpg,5009514,https://dataverse.harvard.edu/api/access/datafile/5009514
doi:10.7910/DVN/YJCYQJ,A15_28070.jpg,5009516,https://dataverse.harvard.edu/api/access/datafile/5009516
doi:10.7910/DVN/4SDFXN,A15_28071.jpg,5009518,https://dataverse.harvard.edu/api/access/datafile/5009518
doi:10.7910/DVN/04N8VI,A15_28072.jpg,5009520,https://dataverse.harvard.edu/api/access/datafile/5009520
doi:10.7910/DVN/9QXBKQ,A15_28073.jpg,5009522,https://dataverse.harvard.edu/api/access/datafile/5009522
doi:10.7910/DVN/KRL5PX,A15_28074.jpg,5009524,https://dataverse.harvard.edu/api/access/datafile/5009524
doi:10.7910/DVN/FGJ97I,A15_28075.jpg,5009526,https://dataverse.harvard.edu/api/access/datafile/5009526
doi:10.7910/DVN/V7X6XC,A15_28077.jpg,5009528,https://dataverse.harvard.edu/api/access/datafile/5009528
doi:10.7910/DVN/H8MS9B,A15_28078.jpg,5009530,https://dataverse.harvard.edu/api/access/datafile/5009530
doi:10.7910/DVN/OVJGKT,A15_28079.jpg,5009532,https://dataverse.harvard.edu/api/access/datafile/5009532
doi:10.7910/DVN/ZIKKLE,A15_28080.jpg,5009534,https://dataverse.harvard.edu/api/access/datafile/5009534
doi:10.7910/DVN/VTCYDF,A15_28081.jpg,5009536,https://dataverse.harvard.edu/api/access/datafile/5009536
doi:10.7910/DVN/CKGF1B,A15_28082.jpg,5009538,https://dataverse.harvard.edu/api/access/datafile/5009538
doi:10.7910/DVN/UJ6NJW,A15_28083.jpg,5009540,https://dataverse.harvard.edu/api/access/datafile/5009540
doi:10.7910/DVN/0HDOFV,A15_28084.jpg,5009542,https://dataverse.harvard.edu/api/access/datafile/5009542
doi:10.7910/DVN/CYDY5B,A15_28085.jpg,5009544,https://dataverse.harvard.edu/api/access/datafile/5009544
doi:10.7910/DVN/WUGARJ,A15_28086.jpg,5009546,https://dataverse.harvard.edu/api/access/datafile/5009546
doi:10.7910/DVN/G1TRTJ,A15_28087.jpg,5009548,https://dataverse.harvard.edu/api/access/datafile/5009548
doi:10.7910/DVN/TALJOJ,A15_28088.jpg,5009550,https://dataverse.harvard.edu/api/access/datafile/5009550
doi:10.7910/DVN/MNW3UX,A15_28089.jpg,5009552,https://dataverse.harvard.edu/api/access/datafile/5009552
doi:10.7910/DVN/FK3CAH,A15_28090.jpg,5009554,https://dataverse.harvard.edu/api/access/datafile/5009554
doi:10.7910/DVN/HYEYGZ,A15_28091.jpg,5009556,https://dataverse.harvard.edu/api/access/datafile/5009556
doi:10.7910/DVN/UEVVV6,A15_28092.jpg,5009558,https://dataverse.harvard.edu/api/access/datafile/5009558
doi:10.7910/DVN/JVTPTJ,A15_28093.jpg,5009560,https://dataverse.harvard.edu/api/access/datafile/5009560
doi:10.7910/DVN/0MF1ML,A15_28094.jpg,5009562,https://dataverse.harvard.edu/api/access/datafile/5009562
doi:10.7910/DVN/6PTX35,A15_28095.jpg,5009564,https://dataverse.harvard.edu/api/access/datafile/5009564
doi:10.7910/DVN/GOF4EH,A15_28096.jpg,5009566,https://dataverse.harvard.edu/api/access/datafile/5009566
doi:10.7910/DVN/Z4G0Y3,A15_28097.jpg,5009568,https://dataverse.harvard.edu/api/access/datafile/5009568
doi:10.7910/DVN/HZP3XE,A15_28098.jpg,5009570,https://dataverse.harvard.edu/api/access/datafile/5009570
doi:10.7910/DVN/VZML6K,A15_28099.jpg,5009572,https://dataverse.harvard.edu/api/access/datafile/5009572
doi:10.7910/DVN/KMQ7QM,A15_28100.jpg,5009574,https://dataverse.harvard.edu/api/access/datafile/5009574
doi:10.7910/DVN/X6RECF,A15_28101.jpg,5009576,https://dataverse.harvard.edu/api/access/datafile/5009576
doi:10.7910/DVN/6OBMCC,A15_28102.jpg,5009578,https://dataverse.harvard.edu/api/access/datafile/5009578
doi:10.7910/DVN/AIROXN,A15_28103.jpg,5009580,https://dataverse.harvard.edu/api/access/datafile/5009580
doi:10.7910/DVN/0XCY9R,A15_28104.jpg,5009582,https://dataverse.harvard.edu/api/access/datafile/5009582
doi:10.7910/DVN/TUVFVR,A15_28105.jpg,5009584,https://dataverse.harvard.edu/api/access/datafile/5009584
doi:10.7910/DVN/U3OQN6,A15_28106.jpg,5009586,https://dataverse.harvard.edu/api/access/datafile/5009586
doi:10.7910/DVN/IN5TAQ,A15_28107.jpg,5009588,https://dataverse.harvard.edu/api/access/datafile/5009588
doi:10.7910/DVN/3SDKSQ,A15_28108.jpg,5009590,https://dataverse.harvard.edu/api/access/datafile/5009590
doi:10.7910/DVN/MHLLOD,A15_28109.jpg,5009592,https://dataverse.harvard.edu/api/access/datafile/5009592
doi:10.7910/DVN/L3MM0F,A15_28110.jpg,5009594,https://dataverse.harvard.edu/api/access/datafile/5009594
doi:10.7910/DVN/PITGPI,A15_28111.jpg,5009596,https://dataverse.harvard.edu/api/access/datafile/5009596
doi:10.7910/DVN/SHWCA9,A15_28112.jpg,5009598,https://dataverse.harvard.edu/api/access/datafile/5009598
doi:10.7910/DVN/B9PBVR,A15_28113.jpg,5009600,https://dataverse.harvard.edu/api/access/datafile/5009600
doi:10.7910/DVN/KWDILL,A15_28114.jpg,5009602,https://dataverse.harvard.edu/api/access/datafile/5009602
doi:10.7910/DVN/PRWUXD,A15_28115.jpg,5009604,https://dataverse.harvard.edu/api/access/datafile/5009604
doi:10.7910/DVN/CDAI4Q,A15_28116.jpg,5009606,https://dataverse.harvard.edu/api/access/datafile/5009606
doi:10.7910/DVN/E26WWS,A15_28117.jpg,5009608,https://dataverse.harvard.edu/api/access/datafile/5009608
doi:10.7910/DVN/X514QO,A15_28118.jpg,5009610,https://dataverse.harvard.edu/api/access/datafile/5009610
doi:10.7910/DVN/BWXIOR,A15_28119.jpg,5009612,https://dataverse.harvard.edu/api/access/datafile/5009612
doi:10.7910/DVN/FJSVGT,A15_28120.jpg,5009614,https://dataverse.harvard.edu/api/access/datafile/5009614
doi:10.7910/DVN/PHQGYM,A15_28121.jpg,5009616,https://dataverse.harvard.edu/api/access/datafile/5009616
doi:10.7910/DVN/IGVH5T,A15_28122.jpg,5009618,https://dataverse.harvard.edu/api/access/datafile/5009618
doi:10.7910/DVN/WMGN5E,A15_28123.jpg,5009620,https://dataverse.harvard.edu/api/access/datafile/5009620
doi:10.7910/DVN/ITP8CG,A15_28124.jpg,5009622,https://dataverse.harvard.edu/api/access/datafile/5009622
doi:10.7910/DVN/M2PHC2,A15_28125.jpg,5009624,https://dataverse.harvard.edu/api/access/datafile/5009624
doi:10.7910/DVN/FFXJOM,A15_28126.jpg,5009626,https://dataverse.harvard.edu/api/access/datafile/5009626
doi:10.7910/DVN/1GS4ZE,A15_28127.jpg,5009628,https://dataverse.harvard.edu/api/access/datafile/5009628
doi:10.7910/DVN/T8ZFZD,A15_28128.jpg,5009630,https://dataverse.harvard.edu/api/access/datafile/5009630
doi:10.7910/DVN/JRCHUP,A15_28129.jpg,5009632,https://dataverse.harvard.edu/api/access/datafile/5009632
doi:10.7910/DVN/GJMDRO,A15_28130.jpg,5009634,https://dataverse.harvard.edu/api/access/datafile/5009634
doi:10.7910/DVN/8J5ACJ,A15_28131.jpg,5009636,https://dataverse.harvard.edu/api/access/datafile/5009636
doi:10.7910/DVN/6ERXEW,A15_28132.jpg,5009638,https://dataverse.harvard.edu/api/access/datafile/5009638
doi:10.7910/DVN/PLHLGL,A15_28133.jpg,5009640,https://dataverse.harvard.edu/api/access/datafile/5009640
doi:10.7910/DVN/WVTIRD,A15_28134.jpg,No File,https://dataverse.harvard.edu/api/access/datafile/No File
doi:10.7910/DVN/U5UIH4,A15_28135.jpg,5009643,https://dataverse.harvard.edu/api/access/datafile/5009643
doi:10.7910/DVN/FC34TK,A15_28136.jpg,5009645,https://dataverse.harvard.edu/api/access/datafile/5009645
doi:10.7910/DVN/VYA1KN,A15_28137.jpg,5009647,https://dataverse.harvard.edu/api/access/datafile/5009647
doi:10.7910/DVN/JDJNIU,A15_28138.jpg,5009649,https://dataverse.harvard.edu/api/access/datafile/5009649
doi:10.7910/DVN/Y3KFMG,A15_28139.jpg,5009651,https://dataverse.harvard.edu/api/access/datafile/5009651
doi:10.7910/DVN/2YH9TK,A15_28140.jpg,5009653,https://dataverse.harvard.edu/api/access/datafile/5009653
doi:10.7910/DVN/4AZ7CQ,A15_28141.jpg,5009655,https://dataverse.harvard.edu/api/access/datafile/5009655
doi:10.7910/DVN/U2TCFG,A15_28142.jpg,5009657,https://dataverse.harvard.edu/api/access/datafile/5009657
doi:10.7910/DVN/1IIOTS,A15_28143.jpg,5009659,https://dataverse.harvard.edu/api/access/datafile/5009659
doi:10.7910/DVN/C94XNC,A15_28144.jpg,5009661,https://dataverse.harvard.edu/api/access/datafile/5009661
doi:10.7910/DVN/RCHYBS,A15_28145.jpg,5009663,https://dataverse.harvard.edu/api/access/datafile/5009663
doi:10.7910/DVN/UJJQNN,A15_28146.jpg,5009665,https://dataverse.harvard.edu/api/access/datafile/5009665
doi:10.7910/DVN/4WIV4N,A15_28147.jpg,5009667,https://dataverse.harvard.edu/api/access/datafile/5009667
doi:10.7910/DVN/JETE6F,A15_28148.jpg,5009669,https://dataverse.harvard.edu/api/access/datafile/5009669
doi:10.7910/DVN/DDER4L,A15_28149.jpg,5009671,https://dataverse.harvard.edu/api/access/datafile/5009671
doi:10.7910/DVN/FXMDD2,A15_28150.jpg,5009673,https://dataverse.harvard.edu/api/access/datafile/5009673
doi:10.7910/DVN/JYWMM4,A15_28151.jpg,5009675,https://dataverse.harvard.edu/api/access/datafile/5009675
doi:10.7910/DVN/Q53B7V,A15_28153.jpg,5009677,https://dataverse.harvard.edu/api/access/datafile/5009677
doi:10.7910/DVN/IVVCTB,A15_28154.jpg,5009679,https://dataverse.harvard.edu/api/access/datafile/5009679
doi:10.7910/DVN/ET4QET,A15_28155.jpg,5009681,https://dataverse.harvard.edu/api/access/datafile/5009681
doi:10.7910/DVN/YXP1HA,A15_28156.jpg,5009683,https://dataverse.harvard.edu/api/access/datafile/5009683
doi:10.7910/DVN/I6ZM3I,A15_28157.jpg,5009685,https://dataverse.harvard.edu/api/access/datafile/5009685
doi:10.7910/DVN/YNOXF8,A15_28158.jpg,5009687,https://dataverse.harvard.edu/api/access/datafile/5009687
doi:10.7910/DVN/QG9U9X,A15_28159.jpg,5009689,https://dataverse.harvard.edu/api/access/datafile/5009689
doi:10.7910/DVN/RKWI4E,A15_28160.jpg,5009691,https://dataverse.harvard.edu/api/access/datafile/5009691
doi:10.7910/DVN/BA1XXQ,A15_28161.jpg,5009693,https://dataverse.harvard.edu/api/access/datafile/5009693
doi:10.7910/DVN/8EPREE,A15_28162.jpg,5009695,https://dataverse.harvard.edu/api/access/datafile/5009695
doi:10.7910/DVN/JMOVZG,A15_28163.jpg,5009697,https://dataverse.harvard.edu/api/access/datafile/5009697
doi:10.7910/DVN/7XCMUW,A15_28164.jpg,5009699,https://dataverse.harvard.edu/api/access/datafile/5009699
doi:10.7910/DVN/3S4GRQ,A15_28165.jpg,5009701,https://dataverse.harvard.edu/api/access/datafile/5009701
doi:10.7910/DVN/GTGMGG,A15_28166.jpg,5009703,https://dataverse.harvard.edu/api/access/datafile/5009703
doi:10.7910/DVN/E04WE9,A15_28167.jpg,5009705,https://dataverse.harvard.edu/api/access/datafile/5009705
doi:10.7910/DVN/WRCDZB,A15_28168.jpg,5009707,https://dataverse.harvard.edu/api/access/datafile/5009707
doi:10.7910/DVN/XJL9LM,A15_28169.jpg,5009709,https://dataverse.harvard.edu/api/access/datafile/5009709
doi:10.7910/DVN/TYVCAB,A15_28170.jpg,5009711,https://dataverse.harvard.edu/api/access/datafile/5009711
doi:10.7910/DVN/XCN2TH,A15_28171.jpg,5009713,https://dataverse.harvard.edu/api/access/datafile/5009713
doi:10.7910/DVN/WM5YA3,A15_28172.jpg,5009715,https://dataverse.harvard.edu/api/access/datafile/5009715
doi:10.7910/DVN/ZH454L,A15_28173.jpg,5009717,https://dataverse.harvard.edu/api/access/datafile/5009717
doi:10.7910/DVN/M5ZUWE,A15_28174.jpg,5009719,https://dataverse.harvard.edu/api/access/datafile/5009719
doi:10.7910/DVN/XDLOYA,A15_28175.jpg,5009721,https://dataverse.harvard.edu/api/access/datafile/5009721
doi:10.7910/DVN/DHGOI2,A15_28176.jpg,5009723,https://dataverse.harvard.edu/api/access/datafile/5009723
doi:10.7910/DVN/VNXSKV,A15_28177.jpg,5009725,https://dataverse.harvard.edu/api/access/datafile/5009725
doi:10.7910/DVN/DXIMQF,A15_28178.jpg,5009727,https://dataverse.harvard.edu/api/access/datafile/5009727
doi:10.7910/DVN/SUNS7K,A15_28179.jpg,5009729,https://dataverse.harvard.edu/api/access/datafile/5009729
doi:10.7910/DVN/QJII4O,A15_28180.jpg,5009731,https://dataverse.harvard.edu/api/access/datafile/5009731
doi:10.7910/DVN/3FW5HA,A15_28181.jpg,5009733,https://dataverse.harvard.edu/api/access/datafile/5009733
doi:10.7910/DVN/GU3T2C,A15_28182.jpg,5009735,https://dataverse.harvard.edu/api/access/datafile/5009735
doi:10.7910/DVN/QGMXYO,A15_28183.jpg,5009737,https://dataverse.harvard.edu/api/access/datafile/5009737
doi:10.7910/DVN/YF8CAY,A15_28184.jpg,5009739,https://dataverse.harvard.edu/api/access/datafile/5009739
doi:10.7910/DVN/C0GO0U,A15_28185.jpg,5009741,https://dataverse.harvard.edu/api/access/datafile/5009741
doi:10.7910/DVN/TKIZIF,A15_28186.jpg,5009743,https://dataverse.harvard.edu/api/access/datafile/5009743
doi:10.7910/DVN/GEG8FF,A15_28187.jpg,5009745,https://dataverse.harvard.edu/api/access/datafile/5009745
doi:10.7910/DVN/IB4R5V,A15_28188.jpg,5009747,https://dataverse.harvard.edu/api/access/datafile/5009747
doi:10.7910/DVN/OQYZKC,A15_28189.jpg,5009749,https://dataverse.harvard.edu/api/access/datafile/5009749
doi:10.7910/DVN/EHQENI,A15_28190.jpg,5009751,https://dataverse.harvard.edu/api/access/datafile/5009751
doi:10.7910/DVN/0I2YOH,A15_28191.jpg,5009753,https://dataverse.harvard.edu/api/access/datafile/5009753
doi:10.7910/DVN/I1RUER,A15_28192.jpg,5009755,https://dataverse.harvard.edu/api/access/datafile/5009755
doi:10.7910/DVN/AKZ0CH,A15_28193.jpg,5009757,https://dataverse.harvard.edu/api/access/datafile/5009757
doi:10.7910/DVN/IOPOM6,A15_28194.jpg,5009759,https://dataverse.harvard.edu/api/access/datafile/5009759
doi:10.7910/DVN/47QJXU,A15_28195.jpg,5009761,https://dataverse.harvard.edu/api/access/datafile/5009761
doi:10.7910/DVN/9EYRAE,A15_28196.jpg,5009763,https://dataverse.harvard.edu/api/access/datafile/5009763
doi:10.7910/DVN/HLUITH,A15_28197.jpg,5009765,https://dataverse.harvard.edu/api/access/datafile/5009765
doi:10.7910/DVN/E9DMOU,A15_28198.jpg,5009767,https://dataverse.harvard.edu/api/access/datafile/5009767
doi:10.7910/DVN/WPLUVC,A15_28199.jpg,5009769,https://dataverse.harvard.edu/api/access/datafile/5009769
doi:10.7910/DVN/ZQGV17,A15_28200.jpg,5009771,https://dataverse.harvard.edu/api/access/datafile/5009771
doi:10.7910/DVN/IBM2WG,A15_28201.jpg,5009773,https://dataverse.harvard.edu/api/access/datafile/5009773
doi:10.7910/DVN/DCWMSX,A15_28202.jpg,5009775,https://dataverse.harvard.edu/api/access/datafile/5009775
doi:10.7910/DVN/JQQZFG,A15_28203.jpg,5009777,https://dataverse.harvard.edu/api/access/datafile/5009777
doi:10.7910/DVN/SDS4GZ,A15_28204.jpg,5009779,https://dataverse.harvard.edu/api/access/datafile/5009779
doi:10.7910/DVN/7M90KO,A15_28205.jpg,5009781,https://dataverse.harvard.edu/api/access/datafile/5009781
doi:10.7910/DVN/D1APNH,A15_28206.jpg,5009783,https://dataverse.harvard.edu/api/access/datafile/5009783
doi:10.7910/DVN/IXBPGO,A15_28207.jpg,5009785,https://dataverse.harvard.edu/api/access/datafile/5009785
doi:10.7910/DVN/45XWDK,A15_28208.jpg,5009787,https://dataverse.harvard.edu/api/access/datafile/5009787
doi:10.7910/DVN/QEU8IW,A15_28209.jpg,5009789,https://dataverse.harvard.edu/api/access/datafile/5009789
doi:10.7910/DVN/N6RAGP,A15_28210.jpg,5009791,https://dataverse.harvard.edu/api/access/datafile/5009791
doi:10.7910/DVN/DORDBZ,A15_28211.jpg,5009793,https://dataverse.harvard.edu/api/access/datafile/5009793
doi:10.7910/DVN/HITZT5,A15_28212.jpg,5009795,https://dataverse.harvard.edu/api/access/datafile/5009795
doi:10.7910/DVN/JZJPFU,A15_28213.jpg,5009797,https://dataverse.harvard.edu/api/access/datafile/5009797
doi:10.7910/DVN/SXEYHD,A15_28214.jpg,5009799,https://dataverse.harvard.edu/api/access/datafile/5009799
doi:10.7910/DVN/LLBVQ4,A15_28215.jpg,5009801,https://dataverse.harvard.edu/api/access/datafile/5009801
doi:10.7910/DVN/FBMPII,A15_28216.jpg,5009803,https://dataverse.harvard.edu/api/access/datafile/5009803
doi:10.7910/DVN/MAOGCM,A15_28217.jpg,5009805,https://dataverse.harvard.edu/api/access/datafile/5009805
doi:10.7910/DVN/AZDM5L,A15_28218.jpg,5009807,https://dataverse.harvard.edu/api/access/datafile/5009807
doi:10.7910/DVN/UYQ8ZY,A15_28219.jpg,5009809,https://dataverse.harvard.edu/api/access/datafile/5009809
doi:10.7910/DVN/GKI1ON,A15_28220.jpg,5009811,https://dataverse.harvard.edu/api/access/datafile/5009811
doi:10.7910/DVN/H8RUJZ,A15_28221.jpg,5009813,https://dataverse.harvard.edu/api/access/datafile/5009813
doi:10.7910/DVN/HJAYLD,A15_28222.jpg,5009815,https://dataverse.harvard.edu/api/access/datafile/5009815
doi:10.7910/DVN/UBOLJH,A15_28223.jpg,5009817,https://dataverse.harvard.edu/api/access/datafile/5009817
doi:10.7910/DVN/KMURYQ,A15_28224.jpg,5009819,https://dataverse.harvard.edu/api/access/datafile/5009819
doi:10.7910/DVN/JCQN8X,A15_28225.jpg,5009821,https://dataverse.harvard.edu/api/access/datafile/5009821
doi:10.7910/DVN/BHI0GD,A15_28226.jpg,5009823,https://dataverse.harvard.edu/api/access/datafile/5009823
doi:10.7910/DVN/HECY7H,A15_28227.jpg,5009825,https://dataverse.harvard.edu/api/access/datafile/5009825
doi:10.7910/DVN/OV0GA8,A15_28228.jpg,5009827,https://dataverse.harvard.edu/api/access/datafile/5009827
doi:10.7910/DVN/PWJDTE,A15_28229.jpg,5009829,https://dataverse.harvard.edu/api/access/datafile/5009829
doi:10.7910/DVN/BKBNG2,A15_28230.jpg,5009831,https://dataverse.harvard.edu/api/access/datafile/5009831
doi:10.7910/DVN/JJEF7I,A15_28231.jpg,5009833,https://dataverse.harvard.edu/api/access/datafile/5009833
doi:10.7910/DVN/9KDUA9,A15_28232.jpg,5009835,https://dataverse.harvard.edu/api/access/datafile/5009835
doi:10.7910/DVN/EJPEAM,A15_28233.jpg,5009837,https://dataverse.harvard.edu/api/access/datafile/5009837
doi:10.7910/DVN/ANUSHS,A15_28234.jpg,5009839,https://dataverse.harvard.edu/api/access/datafile/5009839
doi:10.7910/DVN/MP7CTT,A15_28235.jpg,5009841,https://dataverse.harvard.edu/api/access/datafile/5009841
doi:10.7910/DVN/ODHQFE,A15_28236.jpg,5009843,https://dataverse.harvard.edu/api/access/datafile/5009843
doi:10.7910/DVN/J6WW67,A15_28237.jpg,5009845,https://dataverse.harvard.edu/api/access/datafile/5009845
doi:10.7910/DVN/MBUCYK,A15_28238.jpg,5009847,https://dataverse.harvard.edu/api/access/datafile/5009847
doi:10.7910/DVN/LMILY5,A15_28239.jpg,5009849,https://dataverse.harvard.edu/api/access/datafile/5009849
doi:10.7910/DVN/B1SWYE,A15_28240.jpg,5009851,https://dataverse.harvard.edu/api/access/datafile/5009851
doi:10.7910/DVN/GDY8G1,A15_28241.jpg,5009853,https://dataverse.harvard.edu/api/access/datafile/5009853
doi:10.7910/DVN/3WHVEZ,A15_28242.jpg,5009855,https://dataverse.harvard.edu/api/access/datafile/5009855
doi:10.7910/DVN/Q0M4GV,A15_28243.jpg,5009857,https://dataverse.harvard.edu/api/access/datafile/5009857
doi:10.7910/DVN/VTLN1E,A15_28244.jpg,5009859,https://dataverse.harvard.edu/api/access/datafile/5009859
doi:10.7910/DVN/9VQMAP,A15_28245.jpg,5009861,https://dataverse.harvard.edu/api/access/datafile/5009861
doi:10.7910/DVN/UQTGDX,A15_28246.jpg,5009863,https://dataverse.harvard.edu/api/access/datafile/5009863
doi:10.7910/DVN/EMLDWO,A15_28247.jpg,5009865,https://dataverse.harvard.edu/api/access/datafile/5009865
doi:10.7910/DVN/GORWTT,A15_28248.jpg,5009867,https://dataverse.harvard.edu/api/access/datafile/5009867
doi:10.7910/DVN/RTO1KW,A15_28249.jpg,5009869,https://dataverse.harvard.edu/api/access/datafile/5009869
doi:10.7910/DVN/3MH26Z,A15_28250.jpg,5009871,https://dataverse.harvard.edu/api/access/datafile/5009871
doi:10.7910/DVN/FVBLCI,A15_28251.jpg,5009873,https://dataverse.harvard.edu/api/access/datafile/5009873
doi:10.7910/DVN/BOGAUB,A15_28252.jpg,5009875,https://dataverse.harvard.edu/api/access/datafile/5009875
doi:10.7910/DVN/UWIJWH,A15_28253.jpg,5009877,https://dataverse.harvard.edu/api/access/datafile/5009877
doi:10.7910/DVN/BAKQXL,A15_28254.jpg,5009879,https://dataverse.harvard.edu/api/access/datafile/5009879
doi:10.7910/DVN/N6UOCU,A15_28255.jpg,5009881,https://dataverse.harvard.edu/api/access/datafile/5009881
doi:10.7910/DVN/IVEDHW,A15_28256.jpg,5009883,https://dataverse.harvard.edu/api/access/datafile/5009883
doi:10.7910/DVN/FFZFQO,A15_28257.jpg,5009885,https://dataverse.harvard.edu/api/access/datafile/5009885
doi:10.7910/DVN/2IWK7V,A15_28258.jpg,5009887,https://dataverse.harvard.edu/api/access/datafile/5009887
doi:10.7910/DVN/ZRRQRV,A15_28259.jpg,5009889,https://dataverse.harvard.edu/api/access/datafile/5009889
doi:10.7910/DVN/BFOQ0S,A15_28260.jpg,5009891,https://dataverse.harvard.edu/api/access/datafile/5009891
doi:10.7910/DVN/W2ONTZ,A15_28261.jpg,5009893,https://dataverse.harvard.edu/api/access/datafile/5009893
doi:10.7910/DVN/QKH8QE,A15_28262.jpg,No File,https://dataverse.harvard.edu/api/access/datafile/No File
doi:10.7910/DVN/TS3G3P,A15_28263.jpg,5009896,https://dataverse.harvard.edu/api/access/datafile/5009896
doi:10.7910/DVN/0T2GWM,A15_28264.jpg,5009898,https://dataverse.harvard.edu/api/access/datafile/5009898
doi:10.7910/DVN/9WCK2Q,A15_28265.jpg,5009900,https://dataverse.harvard.edu/api/access/datafile/5009900
doi:10.7910/DVN/DICED5,A15_28266.jpg,5009902,https://dataverse.harvard.edu/api/access/datafile/5009902
doi:10.7910/DVN/SYHABO,A15_28267.jpg,5009904,https://dataverse.harvard.edu/api/access/datafile/5009904
doi:10.7910/DVN/TNOTLW,A15_28268.jpg,5009906,https://dataverse.harvard.edu/api/access/datafile/5009906
doi:10.7910/DVN/SEQDRZ,A15_28269.jpg,5009908,https://dataverse.harvard.edu/api/access/datafile/5009908
doi:10.7910/DVN/XM9LG5,A15_28270.jpg,5009910,https://dataverse.harvard.edu/api/access/datafile/5009910
doi:10.7910/DVN/CME8IH,A15_28271.jpg,5009912,https://dataverse.harvard.edu/api/access/datafile/5009912
doi:10.7910/DVN/JKWLP6,A15_28272.jpg,5009914,https://dataverse.harvard.edu/api/access/datafile/5009914
doi:10.7910/DVN/WGFLSM,A15_28273.jpg,5009916,https://dataverse.harvard.edu/api/access/datafile/5009916
doi:10.7910/DVN/3YRORA,A15_28274.jpg,5009918,https://dataverse.harvard.edu/api/access/datafile/5009918
doi:10.7910/DVN/S5EZIH,A15_28275.jpg,5009920,https://dataverse.harvard.edu/api/access/datafile/5009920
doi:10.7910/DVN/NBFGCR,A15_28276.jpg,5009922,https://dataverse.harvard.edu/api/access/datafile/5009922
doi:10.7910/DVN/GTXN2N,A15_28277.jpg,5009924,https://dataverse.harvard.edu/api/access/datafile/5009924
doi:10.7910/DVN/I7UI51,A15_28278.jpg,5009926,https://dataverse.harvard.edu/api/access/datafile/5009926
doi:10.7910/DVN/PTJBY0,A15_28279.jpg,5009928,https://dataverse.harvard.edu/api/access/datafile/5009928
doi:10.7910/DVN/NQVQEC,A15_28280.jpg,5009930,https://dataverse.harvard.edu/api/access/datafile/5009930
doi:10.7910/DVN/IRHG2I,A15_28281.jpg,5009932,https://dataverse.harvard.edu/api/access/datafile/5009932
doi:10.7910/DVN/QYG0EQ,A15_28282.jpg,5009934,https://dataverse.harvard.edu/api/access/datafile/5009934
doi:10.7910/DVN/05O4AH,A15_28283.jpg,5009936,https://dataverse.harvard.edu/api/access/datafile/5009936
doi:10.7910/DVN/HAHQR3,A15_28284.jpg,5009938,https://dataverse.harvard.edu/api/access/datafile/5009938
doi:10.7910/DVN/ZJEBLB,A15_28285.jpg,5009940,https://dataverse.harvard.edu/api/access/datafile/5009940
doi:10.7910/DVN/OZBHO7,A15_28286.jpg,5009942,https://dataverse.harvard.edu/api/access/datafile/5009942
doi:10.7910/DVN/DWAOJQ,A15_28287.jpg,5009944,https://dataverse.harvard.edu/api/access/datafile/5009944
doi:10.7910/DVN/7CJBCN,A15_28288.jpg,5009946,https://dataverse.harvard.edu/api/access/datafile/5009946
doi:10.7910/DVN/9CS9TE,A15_28289.jpg,5009948,https://dataverse.harvard.edu/api/access/datafile/5009948
doi:10.7910/DVN/W3J2RF,A15_28290.jpg,5009950,https://dataverse.harvard.edu/api/access/datafile/5009950
doi:10.7910/DVN/0E8KKT,A15_28291.jpg,5009952,https://dataverse.harvard.edu/api/access/datafile/5009952
doi:10.7910/DVN/WX6XHY,A15_28293.jpg,5009954,https://dataverse.harvard.edu/api/access/datafile/5009954
doi:10.7910/DVN/TXVAAF,A15_28294.jpg,5009956,https://dataverse.harvard.edu/api/access/datafile/5009956
doi:10.7910/DVN/8XEKOE,A15_28295.jpg,5009958,https://dataverse.harvard.edu/api/access/datafile/5009958
doi:10.7910/DVN/WYARP7,A15_28296.jpg,5009960,https://dataverse.harvard.edu/api/access/datafile/5009960
doi:10.7910/DVN/ZN0VKS,A15_28297.jpg,5009962,https://dataverse.harvard.edu/api/access/datafile/5009962
doi:10.7910/DVN/TX6VXA,A15_28298.jpg,5009964,https://dataverse.harvard.edu/api/access/datafile/5009964
doi:10.7910/DVN/B2GI7E,A15_28299.jpg,5009966,https://dataverse.harvard.edu/api/access/datafile/5009966
doi:10.7910/DVN/UCUT6O,A15_28300.jpg,5009968,https://dataverse.harvard.edu/api/access/datafile/5009968
doi:10.7910/DVN/KASTHA,A15_28301.jpg,5009970,https://dataverse.harvard.edu/api/access/datafile/5009970
doi:10.7910/DVN/DG5NO6,A15_28302.jpg,5009972,https://dataverse.harvard.edu/api/access/datafile/5009972
doi:10.7910/DVN/6EIBBH,A15_28303.jpg,5009974,https://dataverse.harvard.edu/api/access/datafile/5009974
doi:10.7910/DVN/JUHBCS,A15_28304.jpg,5009976,https://dataverse.harvard.edu/api/access/datafile/5009976
doi:10.7910/DVN/AU9V9H,A15_28305.jpg,5009978,https://dataverse.harvard.edu/api/access/datafile/5009978
doi:10.7910/DVN/CJSP7Y,A15_28306.jpg,5009980,https://dataverse.harvard.edu/api/access/datafile/5009980
doi:10.7910/DVN/EOKUVO,A15_28307.jpg,5009982,https://dataverse.harvard.edu/api/access/datafile/5009982
doi:10.7910/DVN/G2ILBZ,A15_28308.jpg,5009984,https://dataverse.harvard.edu/api/access/datafile/5009984
doi:10.7910/DVN/CYMZIF,A15_28309.jpg,5009986,https://dataverse.harvard.edu/api/access/datafile/5009986
doi:10.7910/DVN/YNHCHW,A15_28310.jpg,5009988,https://dataverse.harvard.edu/api/access/datafile/5009988
doi:10.7910/DVN/DELUSF,A15_28311.jpg,5009990,https://dataverse.harvard.edu/api/access/datafile/5009990
doi:10.7910/DVN/DUIW75,A15_28312.jpg,5009992,https://dataverse.harvard.edu/api/access/datafile/5009992
doi:10.7910/DVN/Z6EN4J,A15_28313.jpg,5009994,https://dataverse.harvard.edu/api/access/datafile/5009994
doi:10.7910/DVN/YY0WHU,A15_28314.jpg,5009996,https://dataverse.harvard.edu/api/access/datafile/5009996
doi:10.7910/DVN/O9RXMC,A15_28315.jpg,5009998,https://dataverse.harvard.edu/api/access/datafile/5009998
doi:10.7910/DVN/G2HJ5A,A15_28316.jpg,5010000,https://dataverse.harvard.edu/api/access/datafile/5010000
doi:10.7910/DVN/UVSMPS,A15_28317.jpg,5010002,https://dataverse.harvard.edu/api/access/datafile/5010002
doi:10.7910/DVN/J3UYCO,A15_28318.jpg,5010004,https://dataverse.harvard.edu/api/access/datafile/5010004
doi:10.7910/DVN/NNLA7U,A15_28319.jpg,5010006,https://dataverse.harvard.edu/api/access/datafile/5010006
doi:10.7910/DVN/HIHHJC,A15_28320.jpg,5010008,https://dataverse.harvard.edu/api/access/datafile/5010008
doi:10.7910/DVN/JDS7X0,A15_28321.jpg,5010010,https://dataverse.harvard.edu/api/access/datafile/5010010
doi:10.7910/DVN/IVNVO4,A15_28322.jpg,5010012,https://dataverse.harvard.edu/api/access/datafile/5010012
doi:10.7910/DVN/G8KPHN,A15_28323.jpg,5010014,https://dataverse.harvard.edu/api/access/datafile/5010014
doi:10.7910/DVN/5D1EVO,A15_28324.jpg,5010016,https://dataverse.harvard.edu/api/access/datafile/5010016
doi:10.7910/DVN/QBQUQU,A15_28325.jpg,5010018,https://dataverse.harvard.edu/api/access/datafile/5010018
doi:10.7910/DVN/FQC89W,A15_28326.jpg,5010020,https://dataverse.harvard.edu/api/access/datafile/5010020
doi:10.7910/DVN/JDOJWM,A15_28327.jpg,5010022,https://dataverse.harvard.edu/api/access/datafile/5010022
doi:10.7910/DVN/FRSWD2,A15_28328.jpg,5010024,https://dataverse.harvard.edu/api/access/datafile/5010024
doi:10.7910/DVN/YJ8S3H,A15_28329.jpg,5010026,https://dataverse.harvard.edu/api/access/datafile/5010026
doi:10.7910/DVN/TZDMVR,A15_28330.jpg,5010028,https://dataverse.harvard.edu/api/access/datafile/5010028
doi:10.7910/DVN/LLEONG,A15_28331.jpg,5010030,https://dataverse.harvard.edu/api/access/datafile/5010030
doi:10.7910/DVN/9HNIXJ,A15_28332.jpg,5010032,https://dataverse.harvard.edu/api/access/datafile/5010032
doi:10.7910/DVN/1G2XNT,A15_28333.jpg,5010034,https://dataverse.harvard.edu/api/access/datafile/5010034
doi:10.7910/DVN/RFDDYX,A15_28334.jpg,5010036,https://dataverse.harvard.edu/api/access/datafile/5010036
doi:10.7910/DVN/NR6THO,A15_28335.jpg,5010038,https://dataverse.harvard.edu/api/access/datafile/5010038
doi:10.7910/DVN/AZ5PGU,A15_28336.jpg,5010040,https://dataverse.harvard.edu/api/access/datafile/5010040
doi:10.7910/DVN/YIATHW,A15_28337.jpg,5010042,https://dataverse.harvard.edu/api/access/datafile/5010042
doi:10.7910/DVN/SYHMVM,A15_28338.jpg,5010044,https://dataverse.harvard.edu/api/access/datafile/5010044
doi:10.7910/DVN/JKXSZK,A15_28339.jpg,5010046,https://dataverse.harvard.edu/api/access/datafile/5010046
doi:10.7910/DVN/EKKKXP,A15_28340.jpg,5010048,https://dataverse.harvard.edu/api/access/datafile/5010048
doi:10.7910/DVN/K1PW0U,A15_28341.jpg,5010050,https://dataverse.harvard.edu/api/access/datafile/5010050
doi:10.7910/DVN/S9YIMU,A15_28342.jpg,5010052,https://dataverse.harvard.edu/api/access/datafile/5010052
doi:10.7910/DVN/KXKU7B,A15_28343.jpg,5010054,https://dataverse.harvard.edu/api/access/datafile/5010054
doi:10.7910/DVN/IVGYUE,A15_28344.jpg,5010056,https://dataverse.harvard.edu/api/access/datafile/5010056
doi:10.7910/DVN/DND56T,A15_28345.jpg,5010058,https://dataverse.harvard.edu/api/access/datafile/5010058
doi:10.7910/DVN/B2IHTE,A15_28346.jpg,5010060,https://dataverse.harvard.edu/api/access/datafile/5010060
doi:10.7910/DVN/YRLRYJ,A15_28347.jpg,5010062,https://dataverse.harvard.edu/api/access/datafile/5010062
doi:10.7910/DVN/BIMMMU,A15_28348.jpg,5010064,https://dataverse.harvard.edu/api/access/datafile/5010064
doi:10.7910/DVN/UMPTVN,A15_28349.jpg,5010066,https://dataverse.harvard.edu/api/access/datafile/5010066
doi:10.7910/DVN/6GS3BI,A15_28350.jpg,5010068,https://dataverse.harvard.edu/api/access/datafile/5010068
doi:10.7910/DVN/ZJDBXL,A15_28351.jpg,5010070,https://dataverse.harvard.edu/api/access/datafile/5010070
doi:10.7910/DVN/8ZXUG0,A15_28352.jpg,5010072,https://dataverse.harvard.edu/api/access/datafile/5010072
doi:10.7910/DVN/EXI59G,A15_28353.jpg,5010074,https://dataverse.harvard.edu/api/access/datafile/5010074
doi:10.7910/DVN/UN9T5A,A15_28354.jpg,5010076,https://dataverse.harvard.edu/api/access/datafile/5010076
doi:10.7910/DVN/SMHA3H,A15_28355.jpg,5010078,https://dataverse.harvard.edu/api/access/datafile/5010078
doi:10.7910/DVN/HIKVAF,A15_28356.jpg,5010080,https://dataverse.harvard.edu/api/access/datafile/5010080
doi:10.7910/DVN/HOZWXF,A15_28357.jpg,5010082,https://dataverse.harvard.edu/api/access/datafile/5010082
doi:10.7910/DVN/LLAOGJ,A15_28358.jpg,5010084,https://dataverse.harvard.edu/api/access/datafile/5010084
doi:10.7910/DVN/DWOXIL,A15_28359.jpg,5010086,https://dataverse.harvard.edu/api/access/datafile/5010086
doi:10.7910/DVN/KHVWQG,A15_28360.jpg,5010088,https://dataverse.harvard.edu/api/access/datafile/5010088
doi:10.7910/DVN/CGNKL2,A15_28361.jpg,5010090,https://dataverse.harvard.edu/api/access/datafile/5010090
doi:10.7910/DVN/8YGJ4W,A15_28362.jpg,5010092,https://dataverse.harvard.edu/api/access/datafile/5010092
doi:10.7910/DVN/6O2QAF,A15_28363.jpg,5010094,https://dataverse.harvard.edu/api/access/datafile/5010094
doi:10.7910/DVN/XIXNEN,A15_28364.jpg,5010096,https://dataverse.harvard.edu/api/access/datafile/5010096
doi:10.7910/DVN/LUKSJL,A15_28365.jpg,5010098,https://dataverse.harvard.edu/api/access/datafile/5010098
doi:10.7910/DVN/GMYSF3,A15_28366.jpg,5010100,https://dataverse.harvard.edu/api/access/datafile/5010100
doi:10.7910/DVN/XA4W26,A15_28367.jpg,5010102,https://dataverse.harvard.edu/api/access/datafile/5010102
doi:10.7910/DVN/XU3RDO,A15_28368.jpg,5010104,https://dataverse.harvard.edu/api/access/datafile/5010104
doi:10.7910/DVN/X4SDM7,A15_28369.jpg,5010106,https://dataverse.harvard.edu/api/access/datafile/5010106
doi:10.7910/DVN/VVHMMO,A15_28370.jpg,5010109,https://dataverse.harvard.edu/api/access/datafile/5010109
doi:10.7910/DVN/QXQSFB,A15_28371.jpg,5010111,https://dataverse.harvard.edu/api/access/datafile/5010111
doi:10.7910/DVN/37OM6Z,A15_28372.jpg,5010113,https://dataverse.harvard.edu/api/access/datafile/5010113
doi:10.7910/DVN/F0HPBM,A15_28373.jpg,5010115,https://dataverse.harvard.edu/api/access/datafile/5010115
doi:10.7910/DVN/EXCLOW,A15_28374.jpg,5010117,https://dataverse.harvard.edu/api/access/datafile/5010117
doi:10.7910/DVN/INF3L7,A15_28375.jpg,5010119,https://dataverse.harvard.edu/api/access/datafile/5010119
doi:10.7910/DVN/MFIIY1,A15_28376.jpg,5010121,https://dataverse.harvard.edu/api/access/datafile/5010121
doi:10.7910/DVN/XSYCJG,A15_28377.jpg,5010123,https://dataverse.harvard.edu/api/access/datafile/5010123
doi:10.7910/DVN/MJAELX,A15_28378.jpg,5010126,https://dataverse.harvard.edu/api/access/datafile/5010126
doi:10.7910/DVN/LLA8WU,A15_28379.jpg,5010128,https://dataverse.harvard.edu/api/access/datafile/5010128
doi:10.7910/DVN/PB28BV,A15_28380.jpg,5010130,https://dataverse.harvard.edu/api/access/datafile/5010130
doi:10.7910/DVN/3MIAUL,A15_28381.jpg,5010132,https://dataverse.harvard.edu/api/access/datafile/5010132
doi:10.7910/DVN/LKOS1R,A15_28382.jpg,5010134,https://dataverse.harvard.edu/api/access/datafile/5010134
doi:10.7910/DVN/RZZPPA,A15_28383.jpg,5010136,https://dataverse.harvard.edu/api/access/datafile/5010136
doi:10.7910/DVN/MI6IBO,A15_28384.jpg,5010138,https://dataverse.harvard.edu/api/access/datafile/5010138
doi:10.7910/DVN/QFKSRO,A15_28385.jpg,5010141,https://dataverse.harvard.edu/api/access/datafile/5010141
doi:10.7910/DVN/OMJ2LI,A15_28386.jpg,5010143,https://dataverse.harvard.edu/api/access/datafile/5010143
doi:10.7910/DVN/ILTPJB,A15_28387.jpg,5010145,https://dataverse.harvard.edu/api/access/datafile/5010145
doi:10.7910/DVN/Z8Y59L,A15_28388.jpg,5010147,https://dataverse.harvard.edu/api/access/datafile/5010147
doi:10.7910/DVN/1PM20N,A15_28389.jpg,5010149,https://dataverse.harvard.edu/api/access/datafile/5010149
doi:10.7910/DVN/HLKEFD,A15_28390.jpg,5010151,https://dataverse.harvard.edu/api/access/datafile/5010151
doi:10.7910/DVN/RDGGGP,A15_28391.jpg,5010153,https://dataverse.harvard.edu/api/access/datafile/5010153
doi:10.7910/DVN/XXMEUT,A15_28392.jpg,5010155,https://dataverse.harvard.edu/api/access/datafile/5010155
doi:10.7910/DVN/WXXHIH,A15_28393.jpg,5010158,https://dataverse.harvard.edu/api/access/datafile/5010158
doi:10.7910/DVN/DJDIIW,A15_28394.jpg,5010160,https://dataverse.harvard.edu/api/access/datafile/5010160
doi:10.7910/DVN/R4Y8LI,A15_28395.jpg,5010162,https://dataverse.harvard.edu/api/access/datafile/5010162
doi:10.7910/DVN/GCH47E,A15_28396.jpg,5010164,https://dataverse.harvard.edu/api/access/datafile/5010164
doi:10.7910/DVN/RWLHLK,A15_28397.jpg,5010166,https://dataverse.harvard.edu/api/access/datafile/5010166
doi:10.7910/DVN/67X4XU,A15_28398.jpg,5010168,https://dataverse.harvard.edu/api/access/datafile/5010168
doi:10.7910/DVN/HFHQCM,A15_28399.jpg,5010170,https://dataverse.harvard.edu/api/access/datafile/5010170
doi:10.7910/DVN/IO62UK,A15_28400.jpg,5010172,https://dataverse.harvard.edu/api/access/datafile/5010172
doi:10.7910/DVN/QNZSPQ,A15_28401.jpg,5010175,https://dataverse.harvard.edu/api/access/datafile/5010175
doi:10.7910/DVN/IDUUN1,A15_28402.jpg,5010177,https://dataverse.harvard.edu/api/access/datafile/5010177
doi:10.7910/DVN/U5DLWH,A15_28403.jpg,5010179,https://dataverse.harvard.edu/api/access/datafile/5010179
doi:10.7910/DVN/EOWSXB,A15_28404.jpg,5010181,https://dataverse.harvard.edu/api/access/datafile/5010181
doi:10.7910/DVN/WV5RIN,A15_28405.jpg,5010183,https://dataverse.harvard.edu/api/access/datafile/5010183
doi:10.7910/DVN/LTTLWW,A15_28406.jpg,5010185,https://dataverse.harvard.edu/api/access/datafile/5010185
doi:10.7910/DVN/NE4Q0Z,A15_28407.jpg,5010187,https://dataverse.harvard.edu/api/access/datafile/5010187
doi:10.7910/DVN/GJ4PEC,A15_28408.jpg,5010190,https://dataverse.harvard.edu/api/access/datafile/5010190
doi:10.7910/DVN/W9QGVJ,A15_28409.jpg,5010192,https://dataverse.harvard.edu/api/access/datafile/5010192
doi:10.7910/DVN/M5FWXO,A15_28410.jpg,5010194,https://dataverse.harvard.edu/api/access/datafile/5010194
doi:10.7910/DVN/CCHK21,A15_28411.jpg,5010196,https://dataverse.harvard.edu/api/access/datafile/5010196
doi:10.7910/DVN/BOBKQI,A15_28412.jpg,5010198,https://dataverse.harvard.edu/api/access/datafile/5010198
doi:10.7910/DVN/FYFWTJ,A15_28413.jpg,5010200,https://dataverse.harvard.edu/api/access/datafile/5010200
doi:10.7910/DVN/MXKMRO,A15_28414.jpg,5010202,https://dataverse.harvard.edu/api/access/datafile/5010202
doi:10.7910/DVN/YI1ZCF,A15_28415.jpg,5010204,https://dataverse.harvard.edu/api/access/datafile/5010204
doi:10.7910/DVN/V0JF4V,A15_28416.jpg,5010207,https://dataverse.harvard.edu/api/access/datafile/5010207
doi:10.7910/DVN/CLKZ70,A15_28417.jpg,5010209,https://dataverse.harvard.edu/api/access/datafile/5010209
doi:10.7910/DVN/9ET6VB,A15_28418.jpg,5010211,https://dataverse.harvard.edu/api/access/datafile/5010211
doi:10.7910/DVN/ZLKMWA,A15_28419.jpg,5010213,https://dataverse.harvard.edu/api/access/datafile/5010213
doi:10.7910/DVN/AU7Q15,A15_28420.jpg,5010215,https://dataverse.harvard.edu/api/access/datafile/5010215
doi:10.7910/DVN/COWFOG,A15_28421.jpg,5010217,https://dataverse.harvard.edu/api/access/datafile/5010217
doi:10.7910/DVN/PCUFHV,A15_28422.jpg,5010219,https://dataverse.harvard.edu/api/access/datafile/5010219
doi:10.7910/DVN/XYLNUX,A15_28423.jpg,5010221,https://dataverse.harvard.edu/api/access/datafile/5010221
doi:10.7910/DVN/H4QTHQ,A15_28424.jpg,5010224,https://dataverse.harvard.edu/api/access/datafile/5010224
doi:10.7910/DVN/CPFPZJ,A15_28425.jpg,5010226,https://dataverse.harvard.edu/api/access/datafile/5010226
doi:10.7910/DVN/6JCLTI,A15_28426.jpg,5010228,https://dataverse.harvard.edu/api/access/datafile/5010228
doi:10.7910/DVN/PFNRBQ,A15_28427.jpg,5010230,https://dataverse.harvard.edu/api/access/datafile/5010230
doi:10.7910/DVN/5QBZWH,A15_28428.jpg,5010232,https://dataverse.harvard.edu/api/access/datafile/5010232
doi:10.7910/DVN/MTC767,A15_28429.jpg,5010234,https://dataverse.harvard.edu/api/access/datafile/5010234
doi:10.7910/DVN/GOIMJQ,A15_28430.jpg,5010236,https://dataverse.harvard.edu/api/access/datafile/5010236
doi:10.7910/DVN/EZQSC8,A15_28431.jpg,5010239,https://dataverse.harvard.edu/api/access/datafile/5010239
doi:10.7910/DVN/IPH0OD,A15_28432.jpg,5010241,https://dataverse.harvard.edu/api/access/datafile/5010241
doi:10.7910/DVN/CTM0XR,A15_28433.jpg,5010243,https://dataverse.harvard.edu/api/access/datafile/5010243
doi:10.7910/DVN/49NSZU,A15_28434.jpg,5010245,https://dataverse.harvard.edu/api/access/datafile/5010245
doi:10.7910/DVN/RJG8OJ,A15_28435.jpg,5010247,https://dataverse.harvard.edu/api/access/datafile/5010247
doi:10.7910/DVN/DI9Q1M,A15_28436.jpg,5010249,https://dataverse.harvard.edu/api/access/datafile/5010249
doi:10.7910/DVN/3C4O73,A15_28437.jpg,5010251,https://dataverse.harvard.edu/api/access/datafile/5010251
doi:10.7910/DVN/8UIIOC,A15_28438.jpg,5010253,https://dataverse.harvard.edu/api/access/datafile/5010253
doi:10.7910/DVN/2VUA2Z,A15_28439.jpg,5010256,https://dataverse.harvard.edu/api/access/datafile/5010256
doi:10.7910/DVN/5PJ0DQ,A15_28440.jpg,5010258,https://dataverse.harvard.edu/api/access/datafile/5010258
doi:10.7910/DVN/EC4DJE,A15_28441.jpg,5010260,https://dataverse.harvard.edu/api/access/datafile/5010260
doi:10.7910/DVN/LRJ9RL,A15_28442.jpg,5010262,https://dataverse.harvard.edu/api/access/datafile/5010262
doi:10.7910/DVN/H68STJ,A15_28443.jpg,5010264,https://dataverse.harvard.edu/api/access/datafile/5010264
doi:10.7910/DVN/L7TXEL,A15_28444.jpg,5010266,https://dataverse.harvard.edu/api/access/datafile/5010266
doi:10.7910/DVN/8U6N2G,A15_28445.jpg,5010268,https://dataverse.harvard.edu/api/access/datafile/5010268
doi:10.7910/DVN/TQTDBE,A15_28446.jpg,5010270,https://dataverse.harvard.edu/api/access/datafile/5010270
doi:10.7910/DVN/WH4R0S,A15_28447.jpg,5010273,https://dataverse.harvard.edu/api/access/datafile/5010273
doi:10.7910/DVN/TNECCU,A15_28448.jpg,5010275,https://dataverse.harvard.edu/api/access/datafile/5010275
doi:10.7910/DVN/HLAGPT,A15_28449.jpg,5010277,https://dataverse.harvard.edu/api/access/datafile/5010277
doi:10.7910/DVN/2LJBV4,A15_28450.jpg,5010279,https://dataverse.harvard.edu/api/access/datafile/5010279
doi:10.7910/DVN/CDZOVR,A15_28451.jpg,5010281,https://dataverse.harvard.edu/api/access/datafile/5010281
doi:10.7910/DVN/0A9IHS,A15_28452.jpg,5010283,https://dataverse.harvard.edu/api/access/datafile/5010283
doi:10.7910/DVN/LQ3V7O,A15_28453.jpg,5010285,https://dataverse.harvard.edu/api/access/datafile/5010285
doi:10.7910/DVN/0IM1Q6,A15_28454.jpg,5010287,https://dataverse.harvard.edu/api/access/datafile/5010287
doi:10.7910/DVN/GMFNVN,A15_28455.jpg,5010290,https://dataverse.harvard.edu/api/access/datafile/5010290
doi:10.7910/DVN/T7IBVN,A15_28456.jpg,5010292,https://dataverse.harvard.edu/api/access/datafile/5010292
doi:10.7910/DVN/8MEWII,A15_28457.jpg,5010294,https://dataverse.harvard.edu/api/access/datafile/5010294
doi:10.7910/DVN/8TEHVK,A15_28458.jpg,5010296,https://dataverse.harvard.edu/api/access/datafile/5010296
doi:10.7910/DVN/6EUZZ9,A15_28459.jpg,5010298,https://dataverse.harvard.edu/api/access/datafile/5010298
doi:10.7910/DVN/TWNO0B,A15_28460.jpg,5010300,https://dataverse.harvard.edu/api/access/datafile/5010300
doi:10.7910/DVN/OXCRJI,A15_28461.jpg,5010302,https://dataverse.harvard.edu/api/access/datafile/5010302
doi:10.7910/DVN/PMIII3,A15_28462.jpg,5010305,https://dataverse.harvard.edu/api/access/datafile/5010305
doi:10.7910/DVN/O7JU3E,A15_28463.jpg,5010307,https://dataverse.harvard.edu/api/access/datafile/5010307
doi:10.7910/DVN/ECTYWD,A15_28464.jpg,5010309,https://dataverse.harvard.edu/api/access/datafile/5010309
doi:10.7910/DVN/THFPZY,A15_28465.jpg,5010311,https://dataverse.harvard.edu/api/access/datafile/5010311
doi:10.7910/DVN/SYKQPG,A15_28466.jpg,5010313,https://dataverse.harvard.edu/api/access/datafile/5010313
doi:10.7910/DVN/SAYQ2T,A15_28467.jpg,5010315,https://dataverse.harvard.edu/api/access/datafile/5010315
doi:10.7910/DVN/IF3BEM,A15_28468.jpg,5010317,https://dataverse.harvard.edu/api/access/datafile/5010317
doi:10.7910/DVN/JKW6NW,A15_28469.jpg,5010319,https://dataverse.harvard.edu/api/access/datafile/5010319
doi:10.7910/DVN/QK1WPS,A15_28470.jpg,5010322,https://dataverse.harvard.edu/api/access/datafile/5010322
doi:10.7910/DVN/NQ8PYG,A15_28471.jpg,5010324,https://dataverse.harvard.edu/api/access/datafile/5010324
doi:10.7910/DVN/QXMBND,A15_28472.jpg,5010326,https://dataverse.harvard.edu/api/access/datafile/5010326
doi:10.7910/DVN/RQICJO,A15_28475.jpg,5010328,https://dataverse.harvard.edu/api/access/datafile/5010328
doi:10.7910/DVN/LFITDT,A15_28476.jpg,5010330,https://dataverse.harvard.edu/api/access/datafile/5010330
doi:10.7910/DVN/YRYHWU,A15_28477.jpg,5010332,https://dataverse.harvard.edu/api/access/datafile/5010332
doi:10.7910/DVN/HXQIE7,A15_28478.jpg,5010334,https://dataverse.harvard.edu/api/access/datafile/5010334
doi:10.7910/DVN/T8R1Q4,A15_28479.jpg,5010337,https://dataverse.harvard.edu/api/access/datafile/5010337
doi:10.7910/DVN/XVUDLR,A15_28480.jpg,5010339,https://dataverse.harvard.edu/api/access/datafile/5010339
doi:10.7910/DVN/NLPVF6,A15_28481.jpg,5010341,https://dataverse.harvard.edu/api/access/datafile/5010341
doi:10.7910/DVN/UGSSRD,A15_28482.jpg,5010343,https://dataverse.harvard.edu/api/access/datafile/5010343
doi:10.7910/DVN/ZCARBL,A15_28483.jpg,5010345,https://dataverse.harvard.edu/api/access/datafile/5010345
doi:10.7910/DVN/A7IJNC,A15_28484.jpg,5010347,https://dataverse.harvard.edu/api/access/datafile/5010347
doi:10.7910/DVN/WH6XUM,A15_28485.jpg,5010349,https://dataverse.harvard.edu/api/access/datafile/5010349
doi:10.7910/DVN/B8CRDF,A15_28486.jpg,5010351,https://dataverse.harvard.edu/api/access/datafile/5010351
doi:10.7910/DVN/FVRKDC,A15_28487.jpg,5010353,https://dataverse.harvard.edu/api/access/datafile/5010353
doi:10.7910/DVN/G1HRG6,A15_28488.jpg,5010355,https://dataverse.harvard.edu/api/access/datafile/5010355
doi:10.7910/DVN/6TOEA7,A15_28489.jpg,5010357,https://dataverse.harvard.edu/api/access/datafile/5010357
doi:10.7910/DVN/JTKQJL,A15_28490.jpg,5010359,https://dataverse.harvard.edu/api/access/datafile/5010359
doi:10.7910/DVN/KICXHE,A15_28491.jpg,5010361,https://dataverse.harvard.edu/api/access/datafile/5010361
doi:10.7910/DVN/YRCFVM,A15_28492.jpg,5010363,https://dataverse.harvard.edu/api/access/datafile/5010363
doi:10.7910/DVN/FLMXZL,A15_28493.jpg,5010365,https://dataverse.harvard.edu/api/access/datafile/5010365
doi:10.7910/DVN/T0WRHT,A15_28494.jpg,5010367,https://dataverse.harvard.edu/api/access/datafile/5010367
doi:10.7910/DVN/WKKMJ8,A15_28495.jpg,5010369,https://dataverse.harvard.edu/api/access/datafile/5010369
doi:10.7910/DVN/5O7ZZR,A15_28496.jpg,5010371,https://dataverse.harvard.edu/api/access/datafile/5010371
doi:10.7910/DVN/DXH26B,A15_28497.jpg,5010373,https://dataverse.harvard.edu/api/access/datafile/5010373
doi:10.7910/DVN/9O5BNA,A15_28498.jpg,5010375,https://dataverse.harvard.edu/api/access/datafile/5010375
doi:10.7910/DVN/WG3Q55,A15_28499.jpg,5010377,https://dataverse.harvard.edu/api/access/datafile/5010377
doi:10.7910/DVN/OZU1EN,A15_28500.jpg,5010379,https://dataverse.harvard.edu/api/access/datafile/5010379
doi:10.7910/DVN/WMANBO,A15_28501.jpg,5010381,https://dataverse.harvard.edu/api/access/datafile/5010381
doi:10.7910/DVN/1JFHVE,A15_28502.jpg,5010383,https://dataverse.harvard.edu/api/access/datafile/5010383
doi:10.7910/DVN/MCLTI2,A15_28503.jpg,5010385,https://dataverse.harvard.edu/api/access/datafile/5010385
doi:10.7910/DVN/SSEPD6,A15_28504.jpg,5010387,https://dataverse.harvard.edu/api/access/datafile/5010387
doi:10.7910/DVN/QLIAXA,A15_28505.jpg,5010389,https://dataverse.harvard.edu/api/access/datafile/5010389
doi:10.7910/DVN/6JW7JR,A15_28506.jpg,5010391,https://dataverse.harvard.edu/api/access/datafile/5010391
doi:10.7910/DVN/ILMP3B,A15_28507.jpg,5010393,https://dataverse.harvard.edu/api/access/datafile/5010393
doi:10.7910/DVN/M5EVYO,A15_28508.jpg,5010395,https://dataverse.harvard.edu/api/access/datafile/5010395
doi:10.7910/DVN/52N3TM,A15_28509.jpg,5010397,https://dataverse.harvard.edu/api/access/datafile/5010397
doi:10.7910/DVN/I5ZS4X,A15_28510.jpg,5010399,https://dataverse.harvard.edu/api/access/datafile/5010399
doi:10.7910/DVN/OJHAHM,A15_28511.jpg,5010401,https://dataverse.harvard.edu/api/access/datafile/5010401
doi:10.7910/DVN/A1OBD8,A15_28512.jpg,5010403,https://dataverse.harvard.edu/api/access/datafile/5010403
doi:10.7910/DVN/AXZI6Y,A15_28513.jpg,5010405,https://dataverse.harvard.edu/api/access/datafile/5010405
doi:10.7910/DVN/R26L08,A15_28514.jpg,5010407,https://dataverse.harvard.edu/api/access/datafile/5010407
doi:10.7910/DVN/I7VAXR,A15_28515.jpg,5010409,https://dataverse.harvard.edu/api/access/datafile/5010409
doi:10.7910/DVN/6UFEE8,A15_28516.jpg,5010411,https://dataverse.harvard.edu/api/access/datafile/5010411
doi:10.7910/DVN/L4G4JP,A15_28517.jpg,5010413,https://dataverse.harvard.edu/api/access/datafile/5010413
doi:10.7910/DVN/FVF8CO,A15_28518.jpg,5010415,https://dataverse.harvard.edu/api/access/datafile/5010415
doi:10.7910/DVN/19MQFF,A15_28519.jpg,5010417,https://dataverse.harvard.edu/api/access/datafile/5010417
doi:10.7910/DVN/0UJV6M,A15_28520.jpg,5010419,https://dataverse.harvard.edu/api/access/datafile/5010419
doi:10.7910/DVN/HLKQYA,A15_28521.jpg,5010421,https://dataverse.harvard.edu/api/access/datafile/5010421
doi:10.7910/DVN/NPN0D3,A15_28522.jpg,5010423,https://dataverse.harvard.edu/api/access/datafile/5010423
doi:10.7910/DVN/LDP5PN,A15_28523.jpg,5010425,https://dataverse.harvard.edu/api/access/datafile/5010425
doi:10.7910/DVN/RKZCNK,A15_28524.jpg,5010427,https://dataverse.harvard.edu/api/access/datafile/5010427
doi:10.7910/DVN/DTIUJB,A15_28525.jpg,5010429,https://dataverse.harvard.edu/api/access/datafile/5010429
doi:10.7910/DVN/RZM9HX,A15_28526.jpg,5010431,https://dataverse.harvard.edu/api/access/datafile/5010431
doi:10.7910/DVN/JYOGLV,A15_28527.jpg,5010433,https://dataverse.harvard.edu/api/access/datafile/5010433
doi:10.7910/DVN/L0H2LI,A15_28528.jpg,5010435,https://dataverse.harvard.edu/api/access/datafile/5010435
doi:10.7910/DVN/T396NE,A15_28529.jpg,5010437,https://dataverse.harvard.edu/api/access/datafile/5010437
doi:10.7910/DVN/R2BNVM,A15_28530.jpg,5010439,https://dataverse.harvard.edu/api/access/datafile/5010439
doi:10.7910/DVN/BEYZJV,A15_28531.jpg,5010441,https://dataverse.harvard.edu/api/access/datafile/5010441
doi:10.7910/DVN/LYF8DE,A15_28532.jpg,5010443,https://dataverse.harvard.edu/api/access/datafile/5010443
doi:10.7910/DVN/TSNPSD,A15_28533.jpg,5010445,https://dataverse.harvard.edu/api/access/datafile/5010445
doi:10.7910/DVN/HMLWN4,A15_28534.jpg,5010447,https://dataverse.harvard.edu/api/access/datafile/5010447
doi:10.7910/DVN/OSUA5X,A15_28535.jpg,5010449,https://dataverse.harvard.edu/api/access/datafile/5010449
doi:10.7910/DVN/EIL3YT,A15_28536.jpg,5010451,https://dataverse.harvard.edu/api/access/datafile/5010451
doi:10.7910/DVN/JD0WJA,A15_28537.jpg,5010453,https://dataverse.harvard.edu/api/access/datafile/5010453
doi:10.7910/DVN/ZYV6SH,A15_28538.jpg,5010455,https://dataverse.harvard.edu/api/access/datafile/5010455
doi:10.7910/DVN/4VNKRH,A15_28539.jpg,5010457,https://dataverse.harvard.edu/api/access/datafile/5010457
doi:10.7910/DVN/LODVEK,A15_28540.jpg,5010459,https://dataverse.harvard.edu/api/access/datafile/5010459
doi:10.7910/DVN/CZFWRH,A15_28541.jpg,5010461,https://dataverse.harvard.edu/api/access/datafile/5010461
doi:10.7910/DVN/4IVW1O,A15_28542.jpg,5010463,https://dataverse.harvard.edu/api/access/datafile/5010463
doi:10.7910/DVN/ZWPOIV,A15_28543.jpg,5010465,https://dataverse.harvard.edu/api/access/datafile/5010465
doi:10.7910/DVN/HWCE00,A15_28544.jpg,5010467,https://dataverse.harvard.edu/api/access/datafile/5010467
doi:10.7910/DVN/KW1HIR,A15_28545.jpg,5010469,https://dataverse.harvard.edu/api/access/datafile/5010469
doi:10.7910/DVN/PNEUS7,A15_28546.jpg,5010471,https://dataverse.harvard.edu/api/access/datafile/5010471
doi:10.7910/DVN/3LCHDA,A15_28547.jpg,5010473,https://dataverse.harvard.edu/api/access/datafile/5010473
doi:10.7910/DVN/QIFGWP,A15_28548.jpg,5010475,https://dataverse.harvard.edu/api/access/datafile/5010475
doi:10.7910/DVN/1OSB8A,A15_28549.jpg,5010477,https://dataverse.harvard.edu/api/access/datafile/5010477
doi:10.7910/DVN/PALCPH,A15_28550.jpg,5010479,https://dataverse.harvard.edu/api/access/datafile/5010479
doi:10.7910/DVN/47XGET,A15_28551.jpg,5010481,https://dataverse.harvard.edu/api/access/datafile/5010481
doi:10.7910/DVN/RCB8BN,A15_28552.jpg,5010483,https://dataverse.harvard.edu/api/access/datafile/5010483
doi:10.7910/DVN/M9B4L0,A15_28553.jpg,5010485,https://dataverse.harvard.edu/api/access/datafile/5010485
doi:10.7910/DVN/HUGYMF,A15_28554.jpg,5010487,https://dataverse.harvard.edu/api/access/datafile/5010487
doi:10.7910/DVN/ZZZRNX,A15_28555.jpg,5010489,https://dataverse.harvard.edu/api/access/datafile/5010489
doi:10.7910/DVN/XIFWNF,A15_28556.jpg,5010491,https://dataverse.harvard.edu/api/access/datafile/5010491
doi:10.7910/DVN/1JOOGH,A15_28557.jpg,5010493,https://dataverse.harvard.edu/api/access/datafile/5010493
doi:10.7910/DVN/KXUGLY,A15_28558.jpg,5010495,https://dataverse.harvard.edu/api/access/datafile/5010495
doi:10.7910/DVN/4UETPM,A15_28559.jpg,5010497,https://dataverse.harvard.edu/api/access/datafile/5010497
doi:10.7910/DVN/MJ4G0D,A15_28560.jpg,5010499,https://dataverse.harvard.edu/api/access/datafile/5010499
doi:10.7910/DVN/2LNLD4,A15_28562.jpg,5010501,https://dataverse.harvard.edu/api/access/datafile/5010501
doi:10.7910/DVN/0OA7LH,A15_28563.jpg,5010503,https://dataverse.harvard.edu/api/access/datafile/5010503
doi:10.7910/DVN/0XBLEY,A15_28564.jpg,5010505,https://dataverse.harvard.edu/api/access/datafile/5010505
doi:10.7910/DVN/WLWCHE,A15_28565.jpg,5010507,https://dataverse.harvard.edu/api/access/datafile/5010507
doi:10.7910/DVN/PTJMKI,A15_28566.jpg,5010509,https://dataverse.harvard.edu/api/access/datafile/5010509
doi:10.7910/DVN/SHGZWV,A15_28567.jpg,5010511,https://dataverse.harvard.edu/api/access/datafile/5010511
doi:10.7910/DVN/9USNFT,A15_28568.jpg,5010513,https://dataverse.harvard.edu/api/access/datafile/5010513
doi:10.7910/DVN/QQUZMJ,A15_28569.jpg,5010515,https://dataverse.harvard.edu/api/access/datafile/5010515
doi:10.7910/DVN/PKN6E4,A15_28570.jpg,5010517,https://dataverse.harvard.edu/api/access/datafile/5010517
doi:10.7910/DVN/C8LX7U,A15_28571.jpg,5010519,https://dataverse.harvard.edu/api/access/datafile/5010519
doi:10.7910/DVN/XKJKLT,A15_28572.jpg,5010521,https://dataverse.harvard.edu/api/access/datafile/5010521
doi:10.7910/DVN/8BK0Y9,A15_28573.jpg,5010524,https://dataverse.harvard.edu/api/access/datafile/5010524
doi:10.7910/DVN/RIUKZL,A15_28574.jpg,5010526,https://dataverse.harvard.edu/api/access/datafile/5010526
doi:10.7910/DVN/SUG6JD,A15_28575.jpg,5010528,https://dataverse.harvard.edu/api/access/datafile/5010528
doi:10.7910/DVN/WWIZP4,A15_28576.jpg,5010530,https://dataverse.harvard.edu/api/access/datafile/5010530
doi:10.7910/DVN/NLQNCF,A15_28577.jpg,5010532,https://dataverse.harvard.edu/api/access/datafile/5010532
doi:10.7910/DVN/C3MJPV,A15_28578.jpg,5010534,https://dataverse.harvard.edu/api/access/datafile/5010534
doi:10.7910/DVN/SGAI6S,A15_28579.jpg,5010536,https://dataverse.harvard.edu/api/access/datafile/5010536
doi:10.7910/DVN/WXQ6BX,A15_28580.jpg,5010538,https://dataverse.harvard.edu/api/access/datafile/5010538
doi:10.7910/DVN/UWXKUD,A15_28581.jpg,5010540,https://dataverse.harvard.edu/api/access/datafile/5010540
doi:10.7910/DVN/4M6DTU,A15_28582.jpg,5010543,https://dataverse.harvard.edu/api/access/datafile/5010543
doi:10.7910/DVN/ZRTVNC,A15_28583.jpg,5010545,https://dataverse.harvard.edu/api/access/datafile/5010545
doi:10.7910/DVN/XS3KMB,A15_28584.jpg,5010547,https://dataverse.harvard.edu/api/access/datafile/5010547
doi:10.7910/DVN/RRIIF4,A15_28585.jpg,5010549,https://dataverse.harvard.edu/api/access/datafile/5010549
doi:10.7910/DVN/MUK9C7,A15_28586.jpg,5010551,https://dataverse.harvard.edu/api/access/datafile/5010551
doi:10.7910/DVN/W9B6RR,A15_28587.jpg,5010553,https://dataverse.harvard.edu/api/access/datafile/5010553
doi:10.7910/DVN/Q9VJKB,A15_28588.jpg,5010555,https://dataverse.harvard.edu/api/access/datafile/5010555
doi:10.7910/DVN/XUJA4V,A15_28589.jpg,5010557,https://dataverse.harvard.edu/api/access/datafile/5010557
doi:10.7910/DVN/M6FZY3,A15_28590.jpg,5010560,https://dataverse.harvard.edu/api/access/datafile/5010560
doi:10.7910/DVN/80UB8A,A15_28591.jpg,5010562,https://dataverse.harvard.edu/api/access/datafile/5010562
doi:10.7910/DVN/J9PUXC,A15_28592.jpg,5010564,https://dataverse.harvard.edu/api/access/datafile/5010564
doi:10.7910/DVN/6162SJ,A15_28593.jpg,5010566,https://dataverse.harvard.edu/api/access/datafile/5010566
doi:10.7910/DVN/5ROKZ7,A15_28594.jpg,5010568,https://dataverse.harvard.edu/api/access/datafile/5010568
doi:10.7910/DVN/RJWZZR,A15_28595.jpg,5010570,https://dataverse.harvard.edu/api/access/datafile/5010570
doi:10.7910/DVN/005SCF,A15_28596.jpg,5010572,https://dataverse.harvard.edu/api/access/datafile/5010572
doi:10.7910/DVN/JBRZQR,A15_28597.jpg,5010574,https://dataverse.harvard.edu/api/access/datafile/5010574
doi:10.7910/DVN/RGXHON,A15_28598.jpg,5010576,https://dataverse.harvard.edu/api/access/datafile/5010576
doi:10.7910/DVN/YQYQJE,A15_28599.jpg,5010578,https://dataverse.harvard.edu/api/access/datafile/5010578
doi:10.7910/DVN/XMDGG2,A15_28600.jpg,5010580,https://dataverse.harvard.edu/api/access/datafile/5010580
doi:10.7910/DVN/CRASW6,A15_28601.jpg,5010582,https://dataverse.harvard.edu/api/access/datafile/5010582
doi:10.7910/DVN/8CWAH2,A15_28602.jpg,5010584,https://dataverse.harvard.edu/api/access/datafile/5010584
doi:10.7910/DVN/046FLV,A15_28603.jpg,5010586,https://dataverse.harvard.edu/api/access/datafile/5010586
doi:10.7910/DVN/CIGSNO,A15_28604.jpg,5010588,https://dataverse.harvard.edu/api/access/datafile/5010588
doi:10.7910/DVN/DQXNRQ,A15_28605.jpg,5010590,https://dataverse.harvard.edu/api/access/datafile/5010590
doi:10.7910/DVN/0NTDG1,A15_28606.jpg,5010593,https://dataverse.harvard.edu/api/access/datafile/5010593
doi:10.7910/DVN/D3HPDU,A15_28607.jpg,5010595,https://dataverse.harvard.edu/api/access/datafile/5010595
doi:10.7910/DVN/WGFVYM,A15_28608.jpg,5010597,https://dataverse.harvard.edu/api/access/datafile/5010597
doi:10.7910/DVN/DUDGO3,A15_28609.jpg,5010599,https://dataverse.harvard.edu/api/access/datafile/5010599
doi:10.7910/DVN/C9SOZ3,A15_28610.jpg,5010601,https://dataverse.harvard.edu/api/access/datafile/5010601
doi:10.7910/DVN/IKTIDY,A15_28611.jpg,5010603,https://dataverse.harvard.edu/api/access/datafile/5010603
doi:10.7910/DVN/PSIZRW,A15_28612.jpg,5010605,https://dataverse.harvard.edu/api/access/datafile/5010605
doi:10.7910/DVN/OBS3B0,A15_28613.jpg,5010608,https://dataverse.harvard.edu/api/access/datafile/5010608
doi:10.7910/DVN/6QIPPP,A15_28614.jpg,5010610,https://dataverse.harvard.edu/api/access/datafile/5010610
doi:10.7910/DVN/2NDKR9,A15_28615.jpg,5010612,https://dataverse.harvard.edu/api/access/datafile/5010612
doi:10.7910/DVN/QOYAV4,A15_28616.jpg,5010614,https://dataverse.harvard.edu/api/access/datafile/5010614
doi:10.7910/DVN/J7F6HQ,A15_28617.jpg,5010616,https://dataverse.harvard.edu/api/access/datafile/5010616
doi:10.7910/DVN/NOXHJM,A15_28618.jpg,5010618,https://dataverse.harvard.edu/api/access/datafile/5010618
doi:10.7910/DVN/I9RIVG,A15_28619.jpg,5010620,https://dataverse.harvard.edu/api/access/datafile/5010620
doi:10.7910/DVN/SC8LFZ,A15_28620.jpg,5010623,https://dataverse.harvard.edu/api/access/datafile/5010623
doi:10.7910/DVN/PDWJME,A15_28621.jpg,5010625,https://dataverse.harvard.edu/api/access/datafile/5010625
doi:10.7910/DVN/YVPH06,A15_28622.jpg,5010627,https://dataverse.harvard.edu/api/access/datafile/5010627
doi:10.7910/DVN/4CUJWP,A15_28623.jpg,5010629,https://dataverse.harvard.edu/api/access/datafile/5010629
doi:10.7910/DVN/TMNI5M,A15_28624.jpg,5010631,https://dataverse.harvard.edu/api/access/datafile/5010631
doi:10.7910/DVN/AHRFFV,A15_28625.jpg,5010633,https://dataverse.harvard.edu/api/access/datafile/5010633
doi:10.7910/DVN/SN8BTZ,A15_28626.jpg,5010635,https://dataverse.harvard.edu/api/access/datafile/5010635
doi:10.7910/DVN/MD6V5F,A15_28627.jpg,5010638,https://dataverse.harvard.edu/api/access/datafile/5010638
doi:10.7910/DVN/SJXAKI,A15_28628.jpg,5010640,https://dataverse.harvard.edu/api/access/datafile/5010640
doi:10.7910/DVN/EQE4EC,A15_28630.jpg,5010642,https://dataverse.harvard.edu/api/access/datafile/5010642
doi:10.7910/DVN/MYXJLV,A15_28630.jpg,5010644,https://dataverse.harvard.edu/api/access/datafile/5010644
doi:10.7910/DVN/4V9NY5,A15_28631.jpg,5010646,https://dataverse.harvard.edu/api/access/datafile/5010646
doi:10.7910/DVN/UPU7EE,A15_28632.jpg,5010648,https://dataverse.harvard.edu/api/access/datafile/5010648
doi:10.7910/DVN/WCIR3O,A15_28633.jpg,5010650,https://dataverse.harvard.edu/api/access/datafile/5010650
doi:10.7910/DVN/7TSSYD,A15_28634.jpg,5010652,https://dataverse.harvard.edu/api/access/datafile/5010652
doi:10.7910/DVN/8MQP3H,A15_28635.jpg,5010655,https://dataverse.harvard.edu/api/access/datafile/5010655
doi:10.7910/DVN/FHKWLC,A15_28636.jpg,5010657,https://dataverse.harvard.edu/api/access/datafile/5010657
doi:10.7910/DVN/EHUGYB,A15_28637.jpg,5010659,https://dataverse.harvard.edu/api/access/datafile/5010659
doi:10.7910/DVN/89LMHN,A15_28638.jpg,5010661,https://dataverse.harvard.edu/api/access/datafile/5010661
doi:10.7910/DVN/KU8R65,A15_28639.jpg,5010663,https://dataverse.harvard.edu/api/access/datafile/5010663
doi:10.7910/DVN/WF8RJ0,A15_28640.jpg,5010665,https://dataverse.harvard.edu/api/access/datafile/5010665
doi:10.7910/DVN/IQN6ZG,A15_28641.jpg,5010667,https://dataverse.harvard.edu/api/access/datafile/5010667
doi:10.7910/DVN/IFNMS3,A15_28642.jpg,5010669,https://dataverse.harvard.edu/api/access/datafile/5010669
doi:10.7910/DVN/NX4JHA,A15_28643.jpg,5010672,https://dataverse.harvard.edu/api/access/datafile/5010672
doi:10.7910/DVN/E3JOS8,A15_28644.jpg,5010674,https://dataverse.harvard.edu/api/access/datafile/5010674
doi:10.7910/DVN/OTINOS,A15_28645.jpg,5010676,https://dataverse.harvard.edu/api/access/datafile/5010676
doi:10.7910/DVN/CQ9LBA,A15_28646.jpg,5010678,https://dataverse.harvard.edu/api/access/datafile/5010678
doi:10.7910/DVN/24AR5H,A15_28647.jpg,5010680,https://dataverse.harvard.edu/api/access/datafile/5010680
doi:10.7910/DVN/AMQOKF,A15_28648.jpg,5010682,https://dataverse.harvard.edu/api/access/datafile/5010682
doi:10.7910/DVN/BLNWLL,A15_28649.jpg,5010684,https://dataverse.harvard.edu/api/access/datafile/5010684
doi:10.7910/DVN/LOCJN5,A15_28650.jpg,5010686,https://dataverse.harvard.edu/api/access/datafile/5010686
doi:10.7910/DVN/OJBMI6,A15_28651.jpg,5010689,https://dataverse.harvard.edu/api/access/datafile/5010689
doi:10.7910/DVN/IGJI38,A15_28652.jpg,5010691,https://dataverse.harvard.edu/api/access/datafile/5010691
doi:10.7910/DVN/C6HGQ0,A15_28653.jpg,5010693,https://dataverse.harvard.edu/api/access/datafile/5010693
doi:10.7910/DVN/TR1YWL,A15_28654.jpg,5010695,https://dataverse.harvard.edu/api/access/datafile/5010695
doi:10.7910/DVN/74ITGX,A15_28655.jpg,5010697,https://dataverse.harvard.edu/api/access/datafile/5010697
doi:10.7910/DVN/NWS4BH,A15_28656.jpg,5010699,https://dataverse.harvard.edu/api/access/datafile/5010699
doi:10.7910/DVN/2UXCFL,A15_28657.jpg,5010701,https://dataverse.harvard.edu/api/access/datafile/5010701
doi:10.7910/DVN/WDEXFV,A15_28658.jpg,5010704,https://dataverse.harvard.edu/api/access/datafile/5010704
doi:10.7910/DVN/NEVQNE,A15_28659.jpg,5010706,https://dataverse.harvard.edu/api/access/datafile/5010706
doi:10.7910/DVN/9GPMO7,A15_28660.jpg,5010708,https://dataverse.harvard.edu/api/access/datafile/5010708
doi:10.7910/DVN/VWQC6P,A15_28661.jpg,5010710,https://dataverse.harvard.edu/api/access/datafile/5010710
doi:10.7910/DVN/0D9Q49,A15_28662.jpg,5010712,https://dataverse.harvard.edu/api/access/datafile/5010712
doi:10.7910/DVN/QCYO3X,A15_28663.jpg,5010714,https://dataverse.harvard.edu/api/access/datafile/5010714
doi:10.7910/DVN/XKDYRH,A15_28664.jpg,5010717,https://dataverse.harvard.edu/api/access/datafile/5010717
doi:10.7910/DVN/K21HIR,A15_28665.jpg,5010719,https://dataverse.harvard.edu/api/access/datafile/5010719
doi:10.7910/DVN/YVYDVV,A15_28666.jpg,5010721,https://dataverse.harvard.edu/api/access/datafile/5010721
doi:10.7910/DVN/HQITVJ,A15_28667.jpg,5010723,https://dataverse.harvard.edu/api/access/datafile/5010723
doi:10.7910/DVN/AY0AW0,A15_28668.jpg,5010725,https://dataverse.harvard.edu/api/access/datafile/5010725
doi:10.7910/DVN/67DJ7U,A15_28669.jpg,5010727,https://dataverse.harvard.edu/api/access/datafile/5010727
doi:10.7910/DVN/C39YN9,A15_28670.jpg,5010729,https://dataverse.harvard.edu/api/access/datafile/5010729
doi:10.7910/DVN/M6YG4K,A15_28671.jpg,5010731,https://dataverse.harvard.edu/api/access/datafile/5010731
doi:10.7910/DVN/SUTREB,A15_28672.jpg,5010734,https://dataverse.harvard.edu/api/access/datafile/5010734
doi:10.7910/DVN/SKCTGU,A15_28673.jpg,5010736,https://dataverse.harvard.edu/api/access/datafile/5010736
doi:10.7910/DVN/PHBR7O,A15_28674.jpg,5010738,https://dataverse.harvard.edu/api/access/datafile/5010738
doi:10.7910/DVN/PQD6WB,A15_28675.jpg,5010740,https://dataverse.harvard.edu/api/access/datafile/5010740
doi:10.7910/DVN/0HWWJJ,A15_28676.jpg,5010742,https://dataverse.harvard.edu/api/access/datafile/5010742
doi:10.7910/DVN/Y8X4XY,A15_28677.jpg,5010744,https://dataverse.harvard.edu/api/access/datafile/5010744
doi:10.7910/DVN/YFBYFM,A15_28678.jpg,5010746,https://dataverse.harvard.edu/api/access/datafile/5010746
doi:10.7910/DVN/KZVP6N,A15_28679.jpg,5010748,https://dataverse.harvard.edu/api/access/datafile/5010748
doi:10.7910/DVN/RVOSP1,A15_28680.jpg,5010750,https://dataverse.harvard.edu/api/access/datafile/5010750
doi:10.7910/DVN/SVPK94,A15_28681.jpg,5010753,https://dataverse.harvard.edu/api/access/datafile/5010753
doi:10.7910/DVN/CYF5J2,A15_28682.jpg,5010755,https://dataverse.harvard.edu/api/access/datafile/5010755
doi:10.7910/DVN/CTIICW,A15_28683.jpg,5010757,https://dataverse.harvard.edu/api/access/datafile/5010757
doi:10.7910/DVN/IYGKO6,A15_28684.jpg,5010759,https://dataverse.harvard.edu/api/access/datafile/5010759
doi:10.7910/DVN/74F778,A15_28685.jpg,5010761,https://dataverse.harvard.edu/api/access/datafile/5010761
doi:10.7910/DVN/XRTKTR,A15_28686.jpg,5010763,https://dataverse.harvard.edu/api/access/datafile/5010763
doi:10.7910/DVN/NBZYIR,A15_28687.jpg,5010765,https://dataverse.harvard.edu/api/access/datafile/5010765
doi:10.7910/DVN/UFIEEG,A15_28688.jpg,5010767,https://dataverse.harvard.edu/api/access/datafile/5010767
doi:10.7910/DVN/LFZDLY,A15_28689.jpg,5010769,https://dataverse.harvard.edu/api/access/datafile/5010769
doi:10.7910/DVN/GBKG7E,A15_28690.jpg,5010771,https://dataverse.harvard.edu/api/access/datafile/5010771
doi:10.7910/DVN/0R6VAM,A15_28691.jpg,5010773,https://dataverse.harvard.edu/api/access/datafile/5010773
doi:10.7910/DVN/66ZDZB,A15_28692.jpg,5010775,https://dataverse.harvard.edu/api/access/datafile/5010775
doi:10.7910/DVN/Q5QE0Y,A15_28693.jpg,5010777,https://dataverse.harvard.edu/api/access/datafile/5010777
doi:10.7910/DVN/75JT0G,A15_28694.jpg,5010779,https://dataverse.harvard.edu/api/access/datafile/5010779
doi:10.7910/DVN/B4ZTDI,A15_28695.jpg,5010781,https://dataverse.harvard.edu/api/access/datafile/5010781
doi:10.7910/DVN/EDZTKC,A15_28696.jpg,5010783,https://dataverse.harvard.edu/api/access/datafile/5010783
doi:10.7910/DVN/STKVRQ,A15_28697.jpg,5010785,https://dataverse.harvard.edu/api/access/datafile/5010785
doi:10.7910/DVN/CQR0XU,A15_28698.jpg,5010787,https://dataverse.harvard.edu/api/access/datafile/5010787
doi:10.7910/DVN/MNE2JD,A15_28699.jpg,5010789,https://dataverse.harvard.edu/api/access/datafile/5010789
doi:10.7910/DVN/Y5D3TH,A15_28700.jpg,5010791,https://dataverse.harvard.edu/api/access/datafile/5010791
doi:10.7910/DVN/CCRVMW,A15_28701.jpg,5010793,https://dataverse.harvard.edu/api/access/datafile/5010793
doi:10.7910/DVN/FIWGQY,A15_28702.jpg,5010795,https://dataverse.harvard.edu/api/access/datafile/5010795
doi:10.7910/DVN/UZGR22,A15_28703.jpg,5010797,https://dataverse.harvard.edu/api/access/datafile/5010797
doi:10.7910/DVN/GD7INB,A15_28704.jpg,5010799,https://dataverse.harvard.edu/api/access/datafile/5010799
doi:10.7910/DVN/WFOHOE,A15_28705.jpg,5010801,https://dataverse.harvard.edu/api/access/datafile/5010801
doi:10.7910/DVN/S5YVRV,A15_28706.jpg,5010803,https://dataverse.harvard.edu/api/access/datafile/5010803
doi:10.7910/DVN/JSZRCM,A15_28707.jpg,5010805,https://dataverse.harvard.edu/api/access/datafile/5010805
doi:10.7910/DVN/K9OOHZ,A15_28708.jpg,5010807,https://dataverse.harvard.edu/api/access/datafile/5010807
doi:10.7910/DVN/G76LZV,A15_28709.jpg,5010809,https://dataverse.harvard.edu/api/access/datafile/5010809
doi:10.7910/DVN/8LJHAV,A15_28710.jpg,5010811,https://dataverse.harvard.edu/api/access/datafile/5010811
doi:10.7910/DVN/ELFM5G,A15_28711.jpg,5010813,https://dataverse.harvard.edu/api/access/datafile/5010813
doi:10.7910/DVN/WNEGI6,A15_28712.jpg,5010815,https://dataverse.harvard.edu/api/access/datafile/5010815
doi:10.7910/DVN/F7P7ER,A15_28713.jpg,5010817,https://dataverse.harvard.edu/api/access/datafile/5010817
doi:10.7910/DVN/Q2CDNC,A15_28714.jpg,5010819,https://dataverse.harvard.edu/api/access/datafile/5010819
doi:10.7910/DVN/5NCWQU,A15_28715.jpg,5010821,https://dataverse.harvard.edu/api/access/datafile/5010821
doi:10.7910/DVN/U045YV,A15_28716.jpg,5010823,https://dataverse.harvard.edu/api/access/datafile/5010823
doi:10.7910/DVN/NEDWXR,A15_28717.jpg,5010825,https://dataverse.harvard.edu/api/access/datafile/5010825
doi:10.7910/DVN/5A3YZI,A15_28718.jpg,5010827,https://dataverse.harvard.edu/api/access/datafile/5010827
doi:10.7910/DVN/8DYD1U,A15_28719.jpg,5010829,https://dataverse.harvard.edu/api/access/datafile/5010829
doi:10.7910/DVN/KBFKIV,A15_28720.jpg,5010831,https://dataverse.harvard.edu/api/access/datafile/5010831
doi:10.7910/DVN/09SHHA,A15_28721.jpg,5010833,https://dataverse.harvard.edu/api/access/datafile/5010833
doi:10.7910/DVN/JOYZBZ,A15_28722.jpg,5010835,https://dataverse.harvard.edu/api/access/datafile/5010835
doi:10.7910/DVN/OV51Q3,A15_28723.jpg,5010837,https://dataverse.harvard.edu/api/access/datafile/5010837
doi:10.7910/DVN/WFO8K6,A15_28724.jpg,5010839,https://dataverse.harvard.edu/api/access/datafile/5010839
doi:10.7910/DVN/UDUOBU,A15_28725.jpg,5010841,https://dataverse.harvard.edu/api/access/datafile/5010841
doi:10.7910/DVN/OLMGP7,A15_28726.jpg,5010843,https://dataverse.harvard.edu/api/access/datafile/5010843
doi:10.7910/DVN/VSE2S9,A15_28727.jpg,5010845,https://dataverse.harvard.edu/api/access/datafile/5010845
doi:10.7910/DVN/RRPIF7,A15_28728.jpg,5010847,https://dataverse.harvard.edu/api/access/datafile/5010847
doi:10.7910/DVN/0QXWFU,A15_28729.jpg,5010849,https://dataverse.harvard.edu/api/access/datafile/5010849
doi:10.7910/DVN/NBO3FH,A15_28730.jpg,5010851,https://dataverse.harvard.edu/api/access/datafile/5010851
doi:10.7910/DVN/UYRSNL,A15_28731.jpg,5010853,https://dataverse.harvard.edu/api/access/datafile/5010853
doi:10.7910/DVN/JFOEBE,A15_28732.jpg,5010855,https://dataverse.harvard.edu/api/access/datafile/5010855
doi:10.7910/DVN/CJYQGL,A15_28733.jpg,5010857,https://dataverse.harvard.edu/api/access/datafile/5010857
doi:10.7910/DVN/V6OSTJ,A15_28734.jpg,5010859,https://dataverse.harvard.edu/api/access/datafile/5010859
doi:10.7910/DVN/UHYPJU,A15_28735.jpg,5010861,https://dataverse.harvard.edu/api/access/datafile/5010861
doi:10.7910/DVN/STFZCT,A15_28736.jpg,5010863,https://dataverse.harvard.edu/api/access/datafile/5010863
doi:10.7910/DVN/B3DCH1,A15_28737.jpg,5010865,https://dataverse.harvard.edu/api/access/datafile/5010865
doi:10.7910/DVN/A7LYH5,A15_28738.jpg,5010867,https://dataverse.harvard.edu/api/access/datafile/5010867
doi:10.7910/DVN/4AEF6P,A15_28739.jpg,5010869,https://dataverse.harvard.edu/api/access/datafile/5010869
doi:10.7910/DVN/UJXXIH,A15_28740.jpg,5010871,https://dataverse.harvard.edu/api/access/datafile/5010871
doi:10.7910/DVN/QQOCMU,A15_28741.jpg,5010873,https://dataverse.harvard.edu/api/access/datafile/5010873
doi:10.7910/DVN/CUVQ7L,A15_28742.jpg,5010875,https://dataverse.harvard.edu/api/access/datafile/5010875
doi:10.7910/DVN/PA4CZM,A15_28743.jpg,5010877,https://dataverse.harvard.edu/api/access/datafile/5010877
doi:10.7910/DVN/TBI8OK,A15_28744.jpg,5010879,https://dataverse.harvard.edu/api/access/datafile/5010879
doi:10.7910/DVN/VLUCFT,A15_28745.jpg,5010881,https://dataverse.harvard.edu/api/access/datafile/5010881
doi:10.7910/DVN/SWQ3SM,A15_28746.jpg,5010883,https://dataverse.harvard.edu/api/access/datafile/5010883
doi:10.7910/DVN/DPQWXW,A15_28747.jpg,5010885,https://dataverse.harvard.edu/api/access/datafile/5010885
doi:10.7910/DVN/8L9TTF,A15_28748.jpg,5010887,https://dataverse.harvard.edu/api/access/datafile/5010887
doi:10.7910/DVN/WA1LVY,A15_28749.jpg,5010889,https://dataverse.harvard.edu/api/access/datafile/5010889
doi:10.7910/DVN/LJZQSG,A15_28750.jpg,5010891,https://dataverse.harvard.edu/api/access/datafile/5010891
doi:10.7910/DVN/FMEFJT,A15_28751.jpg,5010893,https://dataverse.harvard.edu/api/access/datafile/5010893
doi:10.7910/DVN/MXFRCG,A15_28752.jpg,5010895,https://dataverse.harvard.edu/api/access/datafile/5010895
doi:10.7910/DVN/GL9KHZ,A15_28753.jpg,5010897,https://dataverse.harvard.edu/api/access/datafile/5010897
doi:10.7910/DVN/RFYJWZ,A15_28754.jpg,5010899,https://dataverse.harvard.edu/api/access/datafile/5010899
doi:10.7910/DVN/ZN4FBP,A15_28755.jpg,5010901,https://dataverse.harvard.edu/api/access/datafile/5010901
doi:10.7910/DVN/SHAJVQ,A15_28756.jpg,5010903,https://dataverse.harvard.edu/api/access/datafile/5010903
doi:10.7910/DVN/XHWEJ6,A15_28757.jpg,5010905,https://dataverse.harvard.edu/api/access/datafile/5010905
doi:10.7910/DVN/NJYOD1,A15_28758.jpg,5010907,https://dataverse.harvard.edu/api/access/datafile/5010907
doi:10.7910/DVN/4L8WQF,A15_28759.jpg,5010909,https://dataverse.harvard.edu/api/access/datafile/5010909
doi:10.7910/DVN/GPXWLX,A15_28760.jpg,5010911,https://dataverse.harvard.edu/api/access/datafile/5010911
doi:10.7910/DVN/R7H02A,A15_28761.jpg,5010913,https://dataverse.harvard.edu/api/access/datafile/5010913
doi:10.7910/DVN/EEF0MH,A15_28762.jpg,5010915,https://dataverse.harvard.edu/api/access/datafile/5010915
doi:10.7910/DVN/DURFNX,A15_28763.jpg,5010917,https://dataverse.harvard.edu/api/access/datafile/5010917
doi:10.7910/DVN/VDTFC8,A15_28764.jpg,5010919,https://dataverse.harvard.edu/api/access/datafile/5010919
doi:10.7910/DVN/TMETIR,A15_28765.jpg,5010921,https://dataverse.harvard.edu/api/access/datafile/5010921
doi:10.7910/DVN/RNKMPR,A15_28766.jpg,5010923,https://dataverse.harvard.edu/api/access/datafile/5010923
doi:10.7910/DVN/1WR5KQ,A15_28767.jpg,5010925,https://dataverse.harvard.edu/api/access/datafile/5010925
doi:10.7910/DVN/MOWTMD,A15_28768.jpg,5010927,https://dataverse.harvard.edu/api/access/datafile/5010927
doi:10.7910/DVN/PDISFN,A15_28769.jpg,5010929,https://dataverse.harvard.edu/api/access/datafile/5010929
doi:10.7910/DVN/8THUZH,A15_28770.jpg,5010931,https://dataverse.harvard.edu/api/access/datafile/5010931
doi:10.7910/DVN/Q9DF5E,A15_28771.jpg,5010933,https://dataverse.harvard.edu/api/access/datafile/5010933
doi:10.7910/DVN/5WZLC7,A15_28772.jpg,5010935,https://dataverse.harvard.edu/api/access/datafile/5010935
doi:10.7910/DVN/VZ4WNH,A15_28773.jpg,5010937,https://dataverse.harvard.edu/api/access/datafile/5010937
doi:10.7910/DVN/QIKYK6,A15_28774.jpg,5010939,https://dataverse.harvard.edu/api/access/datafile/5010939
doi:10.7910/DVN/6BLDI4,A15_28775.jpg,5010941,https://dataverse.harvard.edu/api/access/datafile/5010941
doi:10.7910/DVN/9J7RL3,A15_28776.jpg,5010943,https://dataverse.harvard.edu/api/access/datafile/5010943
doi:10.7910/DVN/UKLUOZ,A15_28777.jpg,5010945,https://dataverse.harvard.edu/api/access/datafile/5010945
doi:10.7910/DVN/LEAERJ,A15_28778.jpg,5010947,https://dataverse.harvard.edu/api/access/datafile/5010947
doi:10.7910/DVN/TCYGXV,A15_28779.jpg,5010949,https://dataverse.harvard.edu/api/access/datafile/5010949
doi:10.7910/DVN/RR8OX2,A15_28780.jpg,5010951,https://dataverse.harvard.edu/api/access/datafile/5010951
doi:10.7910/DVN/VSFWKB,A15_28781.jpg,5010953,https://dataverse.harvard.edu/api/access/datafile/5010953
doi:10.7910/DVN/KEKMZE,A15_28782.jpg,5010955,https://dataverse.harvard.edu/api/access/datafile/5010955
doi:10.7910/DVN/CNYUP9,A15_28783.jpg,5010957,https://dataverse.harvard.edu/api/access/datafile/5010957
doi:10.7910/DVN/IBU45N,A15_28784.jpg,5010959,https://dataverse.harvard.edu/api/access/datafile/5010959
doi:10.7910/DVN/BCMHKT,A15_28785.jpg,5010961,https://dataverse.harvard.edu/api/access/datafile/5010961
doi:10.7910/DVN/PKJNT3,A15_28786.jpg,5010963,https://dataverse.harvard.edu/api/access/datafile/5010963
doi:10.7910/DVN/LLQYLC,A15_28787.jpg,5010965,https://dataverse.harvard.edu/api/access/datafile/5010965
doi:10.7910/DVN/9F2PAO,A15_28788.jpg,5010967,https://dataverse.harvard.edu/api/access/datafile/5010967
doi:10.7910/DVN/5LSDIS,A15_28789.jpg,5010969,https://dataverse.harvard.edu/api/access/datafile/5010969
doi:10.7910/DVN/MM3G7C,A15_28790.jpg,5010971,https://dataverse.harvard.edu/api/access/datafile/5010971
doi:10.7910/DVN/GEQCAU,A15_28791.jpg,5010973,https://dataverse.harvard.edu/api/access/datafile/5010973
doi:10.7910/DVN/4NL0AH,A15_28792.jpg,5010975,https://dataverse.harvard.edu/api/access/datafile/5010975
doi:10.7910/DVN/U3DOQ5,A15_28793.jpg,5010977,https://dataverse.harvard.edu/api/access/datafile/5010977
doi:10.7910/DVN/VTG5CO,A15_28794.jpg,5010979,https://dataverse.harvard.edu/api/access/datafile/5010979
doi:10.7910/DVN/OILKKC,A15_28795.jpg,5010981,https://dataverse.harvard.edu/api/access/datafile/5010981
doi:10.7910/DVN/ILUWVN,A15_28796.jpg,5010983,https://dataverse.harvard.edu/api/access/datafile/5010983
doi:10.7910/DVN/FVJ6KQ,A15_28797.jpg,5010985,https://dataverse.harvard.edu/api/access/datafile/5010985
doi:10.7910/DVN/M6WQQR,A15_28798.jpg,5010987,https://dataverse.harvard.edu/api/access/datafile/5010987
doi:10.7910/DVN/CBNOXG,A15_28799.jpg,5010989,https://dataverse.harvard.edu/api/access/datafile/5010989
doi:10.7910/DVN/CPKNVL,A15_28800.jpg,5010991,https://dataverse.harvard.edu/api/access/datafile/5010991
doi:10.7910/DVN/TW6YBJ,A15_28801.jpg,5010993,https://dataverse.harvard.edu/api/access/datafile/5010993
doi:10.7910/DVN/WLTXX5,A15_28802.jpg,5010995,https://dataverse.harvard.edu/api/access/datafile/5010995
doi:10.7910/DVN/VIQZFR,A15_28803.jpg,5010997,https://dataverse.harvard.edu/api/access/datafile/5010997
doi:10.7910/DVN/R7EO9L,A15_28804.jpg,5010999,https://dataverse.harvard.edu/api/access/datafile/5010999
doi:10.7910/DVN/58XJ4Y,A15_28805.jpg,5011001,https://dataverse.harvard.edu/api/access/datafile/5011001
doi:10.7910/DVN/FZ6BAP,A15_28806.jpg,5011003,https://dataverse.harvard.edu/api/access/datafile/5011003
doi:10.7910/DVN/OZWDGW,A15_28807.jpg,5011005,https://dataverse.harvard.edu/api/access/datafile/5011005
doi:10.7910/DVN/YOY1IR,A15_28808.jpg,5011007,https://dataverse.harvard.edu/api/access/datafile/5011007
doi:10.7910/DVN/YTYUWY,A15_28809.jpg,5011009,https://dataverse.harvard.edu/api/access/datafile/5011009
doi:10.7910/DVN/UM94C0,A15_28810.jpg,5011011,https://dataverse.harvard.edu/api/access/datafile/5011011
doi:10.7910/DVN/OGIYJP,A15_28811.jpg,5011013,https://dataverse.harvard.edu/api/access/datafile/5011013
doi:10.7910/DVN/ARMQOZ,A15_28812.jpg,5011015,https://dataverse.harvard.edu/api/access/datafile/5011015
doi:10.7910/DVN/FHJNZV,A15_28813.jpg,5011017,https://dataverse.harvard.edu/api/access/datafile/5011017
doi:10.7910/DVN/3JP75L,A15_28814.jpg,5011019,https://dataverse.harvard.edu/api/access/datafile/5011019
doi:10.7910/DVN/OG3EEA,A15_28815.jpg,5011021,https://dataverse.harvard.edu/api/access/datafile/5011021
doi:10.7910/DVN/I6L9RQ,A15_28816.jpg,5011023,https://dataverse.harvard.edu/api/access/datafile/5011023
doi:10.7910/DVN/L3IJS4,A15_28817.jpg,5011025,https://dataverse.harvard.edu/api/access/datafile/5011025
doi:10.7910/DVN/WWC6HN,A15_28818.jpg,5011027,https://dataverse.harvard.edu/api/access/datafile/5011027
doi:10.7910/DVN/QJE0CQ,A15_28819.jpg,5011029,https://dataverse.harvard.edu/api/access/datafile/5011029
doi:10.7910/DVN/CHHGBA,A15_28820.jpg,5011031,https://dataverse.harvard.edu/api/access/datafile/5011031
doi:10.7910/DVN/ID0FJI,A15_28821.jpg,5011033,https://dataverse.harvard.edu/api/access/datafile/5011033
doi:10.7910/DVN/67EMUS,A15_28822.jpg,5011035,https://dataverse.harvard.edu/api/access/datafile/5011035
doi:10.7910/DVN/ZF8JVT,A15_28823.jpg,5011037,https://dataverse.harvard.edu/api/access/datafile/5011037
doi:10.7910/DVN/QTYJL4,A15_28824.jpg,5011039,https://dataverse.harvard.edu/api/access/datafile/5011039
doi:10.7910/DVN/2GQN4I,A15_28825.jpg,5011041,https://dataverse.harvard.edu/api/access/datafile/5011041
doi:10.7910/DVN/FZFEIZ,A15_28826.jpg,5011043,https://dataverse.harvard.edu/api/access/datafile/5011043
doi:10.7910/DVN/YL0DHX,A15_28827.jpg,5011045,https://dataverse.harvard.edu/api/access/datafile/5011045
doi:10.7910/DVN/1XBR7R,A15_28828.jpg,5011047,https://dataverse.harvard.edu/api/access/datafile/5011047
doi:10.7910/DVN/93CDLL,A15_28829.jpg,5011049,https://dataverse.harvard.edu/api/access/datafile/5011049
doi:10.7910/DVN/8GUFCX,A15_28830.jpg,5011051,https://dataverse.harvard.edu/api/access/datafile/5011051
doi:10.7910/DVN/QKCMR0,A15_28831.jpg,5011053,https://dataverse.harvard.edu/api/access/datafile/5011053
doi:10.7910/DVN/Q69MLB,A15_28832.jpg,5011055,https://dataverse.harvard.edu/api/access/datafile/5011055
doi:10.7910/DVN/W3I1DJ,A15_28833.jpg,5011057,https://dataverse.harvard.edu/api/access/datafile/5011057
doi:10.7910/DVN/YWK8H1,A15_28834.jpg,5011059,https://dataverse.harvard.edu/api/access/datafile/5011059
doi:10.7910/DVN/TBVQ1J,A15_28835.jpg,5011061,https://dataverse.harvard.edu/api/access/datafile/5011061
doi:10.7910/DVN/FDZEMD,A15_28836.jpg,5011063,https://dataverse.harvard.edu/api/access/datafile/5011063
doi:10.7910/DVN/GGGHSQ,A15_28837.jpg,5011065,https://dataverse.harvard.edu/api/access/datafile/5011065
doi:10.7910/DVN/L5SDNF,A15_28838.jpg,5011067,https://dataverse.harvard.edu/api/access/datafile/5011067
doi:10.7910/DVN/LNGYNW,A15_28839.jpg,5011069,https://dataverse.harvard.edu/api/access/datafile/5011069
doi:10.7910/DVN/HENIRI,A15_28840.jpg,5011071,https://dataverse.harvard.edu/api/access/datafile/5011071
doi:10.7910/DVN/X7WYDY,A15_28841.jpg,5011073,https://dataverse.harvard.edu/api/access/datafile/5011073
doi:10.7910/DVN/PCJOZK,A15_28842.jpg,5011075,https://dataverse.harvard.edu/api/access/datafile/5011075
doi:10.7910/DVN/4GKCNG,A15_28843.jpg,5011077,https://dataverse.harvard.edu/api/access/datafile/5011077
doi:10.7910/DVN/IB8EEO,A15_28844.jpg,5011079,https://dataverse.harvard.edu/api/access/datafile/5011079
doi:10.7910/DVN/79PL6H,A15_28845.jpg,5011081,https://dataverse.harvard.edu/api/access/datafile/5011081
doi:10.7910/DVN/JCLOZF,A15_28846.jpg,5011083,https://dataverse.harvard.edu/api/access/datafile/5011083
doi:10.7910/DVN/B1OBMQ,A15_28847.jpg,5011085,https://dataverse.harvard.edu/api/access/datafile/5011085
doi:10.7910/DVN/DGOAHO,A15_28848.jpg,5011087,https://dataverse.harvard.edu/api/access/datafile/5011087
doi:10.7910/DVN/QO79VG,A15_28849.jpg,5011089,https://dataverse.harvard.edu/api/access/datafile/5011089
doi:10.7910/DVN/FTFX6T,A15_28850.jpg,5011091,https://dataverse.harvard.edu/api/access/datafile/5011091
doi:10.7910/DVN/BECALT,A15_28851.jpg,5011093,https://dataverse.harvard.edu/api/access/datafile/5011093
doi:10.7910/DVN/22W1YP,A15_28852.jpg,5011095,https://dataverse.harvard.edu/api/access/datafile/5011095
doi:10.7910/DVN/DXYAD0,A15_28853.jpg,5011097,https://dataverse.harvard.edu/api/access/datafile/5011097
doi:10.7910/DVN/81LQTV,A15_28854.jpg,5011099,https://dataverse.harvard.edu/api/access/datafile/5011099
doi:10.7910/DVN/JKLSFL,A15_28855.jpg,5011101,https://dataverse.harvard.edu/api/access/datafile/5011101
doi:10.7910/DVN/YFWFVE,A15_28856.jpg,5011103,https://dataverse.harvard.edu/api/access/datafile/5011103
doi:10.7910/DVN/X5HWTM,A15_28857.jpg,5011105,https://dataverse.harvard.edu/api/access/datafile/5011105
doi:10.7910/DVN/FGZGJJ,A15_28858.jpg,5011107,https://dataverse.harvard.edu/api/access/datafile/5011107
doi:10.7910/DVN/E2CCTD,A15_28859.jpg,5011109,https://dataverse.harvard.edu/api/access/datafile/5011109
doi:10.7910/DVN/BWOLPM,A15_28860.jpg,5011111,https://dataverse.harvard.edu/api/access/datafile/5011111
doi:10.7910/DVN/2SZVAK,A15_28861.jpg,5011113,https://dataverse.harvard.edu/api/access/datafile/5011113
doi:10.7910/DVN/9KE2BG,A15_28862.jpg,5011115,https://dataverse.harvard.edu/api/access/datafile/5011115
doi:10.7910/DVN/FDOMTE,A15_28863.jpg,5011117,https://dataverse.harvard.edu/api/access/datafile/5011117
doi:10.7910/DVN/ZVJTFC,A15_28864.jpg,5011119,https://dataverse.harvard.edu/api/access/datafile/5011119
doi:10.7910/DVN/XTGE0X,A15_28865.jpg,5011121,https://dataverse.harvard.edu/api/access/datafile/5011121
doi:10.7910/DVN/SRT8TF,A15_28866.jpg,5011123,https://dataverse.harvard.edu/api/access/datafile/5011123
doi:10.7910/DVN/MNF1WN,A15_28867.jpg,5011125,https://dataverse.harvard.edu/api/access/datafile/5011125
doi:10.7910/DVN/J2WCSM,A15_28868.jpg,5011127,https://dataverse.harvard.edu/api/access/datafile/5011127
doi:10.7910/DVN/IM3EG5,A15_28869.jpg,5011129,https://dataverse.harvard.edu/api/access/datafile/5011129
doi:10.7910/DVN/4MI8LZ,A15_28870.jpg,5011131,https://dataverse.harvard.edu/api/access/datafile/5011131
doi:10.7910/DVN/GEYCOM,A15_28871.jpg,5011133,https://dataverse.harvard.edu/api/access/datafile/5011133
doi:10.7910/DVN/XOTBCV,A15_28872.jpg,5011135,https://dataverse.harvard.edu/api/access/datafile/5011135
doi:10.7910/DVN/JTTBNC,A15_28873.jpg,5011137,https://dataverse.harvard.edu/api/access/datafile/5011137
doi:10.7910/DVN/PRODYI,A15_28874.jpg,5011139,https://dataverse.harvard.edu/api/access/datafile/5011139
doi:10.7910/DVN/J0YBJC,A15_28875.jpg,5011141,https://dataverse.harvard.edu/api/access/datafile/5011141
doi:10.7910/DVN/AMJJKP,A15_28876.jpg,5011143,https://dataverse.harvard.edu/api/access/datafile/5011143
doi:10.7910/DVN/JRPJK5,A15_28877.jpg,5011145,https://dataverse.harvard.edu/api/access/datafile/5011145
doi:10.7910/DVN/TNAVKI,A15_28878.jpg,5011147,https://dataverse.harvard.edu/api/access/datafile/5011147
doi:10.7910/DVN/HTHS9H,A15_28879.jpg,5011149,https://dataverse.harvard.edu/api/access/datafile/5011149
doi:10.7910/DVN/DH63KS,A15_28880.jpg,5011151,https://dataverse.harvard.edu/api/access/datafile/5011151
doi:10.7910/DVN/9YNGCI,A15_28881.jpg,5011153,https://dataverse.harvard.edu/api/access/datafile/5011153
doi:10.7910/DVN/H9SHRC,A15_28882.jpg,5011155,https://dataverse.harvard.edu/api/access/datafile/5011155
doi:10.7910/DVN/SEEZID,A15_28883.jpg,5011157,https://dataverse.harvard.edu/api/access/datafile/5011157
doi:10.7910/DVN/BWFNP5,A15_28884.jpg,5011159,https://dataverse.harvard.edu/api/access/datafile/5011159
doi:10.7910/DVN/YYDUEX,A15_28885.jpg,5011161,https://dataverse.harvard.edu/api/access/datafile/5011161
doi:10.7910/DVN/TVWS09,A15_28886.jpg,5011163,https://dataverse.harvard.edu/api/access/datafile/5011163
doi:10.7910/DVN/FSXSIK,A15_28887.jpg,5011165,https://dataverse.harvard.edu/api/access/datafile/5011165
doi:10.7910/DVN/E1JBOJ,A15_28888.jpg,5011167,https://dataverse.harvard.edu/api/access/datafile/5011167
doi:10.7910/DVN/LOEULL,A15_28889.jpg,5011169,https://dataverse.harvard.edu/api/access/datafile/5011169
doi:10.7910/DVN/79MGTQ,A15_28890.jpg,5011171,https://dataverse.harvard.edu/api/access/datafile/5011171
doi:10.7910/DVN/P7R2DL,A15_28891.jpg,5011173,https://dataverse.harvard.edu/api/access/datafile/5011173
doi:10.7910/DVN/DA7EKP,A15_28892.jpg,5011175,https://dataverse.harvard.edu/api/access/datafile/5011175
doi:10.7910/DVN/JXLNQL,A15_28893.jpg,5011177,https://dataverse.harvard.edu/api/access/datafile/5011177
doi:10.7910/DVN/FNMLBB,A15_28894.jpg,5011179,https://dataverse.harvard.edu/api/access/datafile/5011179
doi:10.7910/DVN/BXLIYO,A15_28895.jpg,5011181,https://dataverse.harvard.edu/api/access/datafile/5011181
doi:10.7910/DVN/ZAMPON,A15_28896.jpg,5011183,https://dataverse.harvard.edu/api/access/datafile/5011183
doi:10.7910/DVN/87MJME,A15_28897.jpg,5011185,https://dataverse.harvard.edu/api/access/datafile/5011185
doi:10.7910/DVN/9OC6BD,A15_28898.jpg,5011187,https://dataverse.harvard.edu/api/access/datafile/5011187
doi:10.7910/DVN/WID6JS,A15_28899.jpg,5011189,https://dataverse.harvard.edu/api/access/datafile/5011189
doi:10.7910/DVN/9SQGPI,A15_28900.jpg,5011191,https://dataverse.harvard.edu/api/access/datafile/5011191
doi:10.7910/DVN/UWCHVJ,A15_28901.jpg,5011193,https://dataverse.harvard.edu/api/access/datafile/5011193
doi:10.7910/DVN/RQZOZZ,A15_28902.jpg,5011195,https://dataverse.harvard.edu/api/access/datafile/5011195
doi:10.7910/DVN/ONNJBJ,A15_28903.jpg,5011197,https://dataverse.harvard.edu/api/access/datafile/5011197
doi:10.7910/DVN/RYNZHT,A15_28904.jpg,5011199,https://dataverse.harvard.edu/api/access/datafile/5011199
doi:10.7910/DVN/MBYE6C,A15_28905.jpg,5011201,https://dataverse.harvard.edu/api/access/datafile/5011201
doi:10.7910/DVN/5DUTBZ,A15_28906.jpg,5011203,https://dataverse.harvard.edu/api/access/datafile/5011203
doi:10.7910/DVN/YR3L5Z,A15_28907.jpg,5011205,https://dataverse.harvard.edu/api/access/datafile/5011205
doi:10.7910/DVN/SHLBUG,A15_28908.jpg,5011207,https://dataverse.harvard.edu/api/access/datafile/5011207
doi:10.7910/DVN/HVEB2C,A15_28909.jpg,5011209,https://dataverse.harvard.edu/api/access/datafile/5011209
doi:10.7910/DVN/GHDVCL,A15_28910.jpg,5011211,https://dataverse.harvard.edu/api/access/datafile/5011211
doi:10.7910/DVN/L2IK1M,A15_28911.jpg,5011213,https://dataverse.harvard.edu/api/access/datafile/5011213
doi:10.7910/DVN/30ZYYH,A15_28912.jpg,5011215,https://dataverse.harvard.edu/api/access/datafile/5011215
doi:10.7910/DVN/R2S5IC,A15_28913.jpg,5011217,https://dataverse.harvard.edu/api/access/datafile/5011217
doi:10.7910/DVN/G5DASL,A15_28914.jpg,5011219,https://dataverse.harvard.edu/api/access/datafile/5011219
doi:10.7910/DVN/INSDO3,A15_28915.jpg,5011221,https://dataverse.harvard.edu/api/access/datafile/5011221
doi:10.7910/DVN/EDTSRA,A15_28916.jpg,5011223,https://dataverse.harvard.edu/api/access/datafile/5011223
doi:10.7910/DVN/FQOWHG,A15_28916.jpg,5011225,https://dataverse.harvard.edu/api/access/datafile/5011225
doi:10.7910/DVN/UJZI5W,A15_28918.jpg,5011227,https://dataverse.harvard.edu/api/access/datafile/5011227
doi:10.7910/DVN/RPBE2M,A15_28919.jpg,5011229,https://dataverse.harvard.edu/api/access/datafile/5011229
doi:10.7910/DVN/0NZ7ZT,A15_28920.jpg,5011231,https://dataverse.harvard.edu/api/access/datafile/5011231
doi:10.7910/DVN/S6PWOE,A15_28921.jpg,5011233,https://dataverse.harvard.edu/api/access/datafile/5011233
doi:10.7910/DVN/EF3F0O,A15_28922.jpg,5011235,https://dataverse.harvard.edu/api/access/datafile/5011235
doi:10.7910/DVN/NO2FCK,A15_28923.jpg,5011237,https://dataverse.harvard.edu/api/access/datafile/5011237
doi:10.7910/DVN/KMETTF,A15_28924.jpg,5011239,https://dataverse.harvard.edu/api/access/datafile/5011239
doi:10.7910/DVN/VLQSQ5,A15_28925.jpg,5011241,https://dataverse.harvard.edu/api/access/datafile/5011241
doi:10.7910/DVN/SLB3TW,A15_28926.jpg,5011243,https://dataverse.harvard.edu/api/access/datafile/5011243
doi:10.7910/DVN/L5NVMV,A15_28927.jpg,5011245,https://dataverse.harvard.edu/api/access/datafile/5011245
doi:10.7910/DVN/G3MNDF,A15_28928.jpg,5011247,https://dataverse.harvard.edu/api/access/datafile/5011247
doi:10.7910/DVN/HBFTTI,A15_28929.jpg,5011249,https://dataverse.harvard.edu/api/access/datafile/5011249
doi:10.7910/DVN/WWEALZ,A15_28930.jpg,5011251,https://dataverse.harvard.edu/api/access/datafile/5011251
doi:10.7910/DVN/RTQOYH,A15_28931.jpg,5011253,https://dataverse.harvard.edu/api/access/datafile/5011253
doi:10.7910/DVN/Z58N58,A15_28932.jpg,5011255,https://dataverse.harvard.edu/api/access/datafile/5011255
doi:10.7910/DVN/IDU8XE,A15_28933.jpg,5011257,https://dataverse.harvard.edu/api/access/datafile/5011257
doi:10.7910/DVN/GJSX4T,A15_28934.jpg,5011259,https://dataverse.harvard.edu/api/access/datafile/5011259
doi:10.7910/DVN/OBIMFS,A15_28935.jpg,5011261,https://dataverse.harvard.edu/api/access/datafile/5011261
doi:10.7910/DVN/6DHHKT,A15_28936.jpg,5011263,https://dataverse.harvard.edu/api/access/datafile/5011263
doi:10.7910/DVN/JHAGJL,A15_28937.jpg,5011265,https://dataverse.harvard.edu/api/access/datafile/5011265
doi:10.7910/DVN/UNY9HA,A15_28938.jpg,5011267,https://dataverse.harvard.edu/api/access/datafile/5011267
doi:10.7910/DVN/D95ESC,A15_28939.jpg,5011269,https://dataverse.harvard.edu/api/access/datafile/5011269
doi:10.7910/DVN/NNKPGL,A15_28940.jpg,5011271,https://dataverse.harvard.edu/api/access/datafile/5011271
doi:10.7910/DVN/RQ0XHA,A15_28941.jpg,5011273,https://dataverse.harvard.edu/api/access/datafile/5011273
doi:10.7910/DVN/OFLBEV,A15_28942.jpg,5011275,https://dataverse.harvard.edu/api/access/datafile/5011275
doi:10.7910/DVN/AZNEEK,A15_28943.jpg,5011277,https://dataverse.harvard.edu/api/access/datafile/5011277
doi:10.7910/DVN/YYBGCN,A15_28944.jpg,5011279,https://dataverse.harvard.edu/api/access/datafile/5011279
doi:10.7910/DVN/P4X0XV,A15_28945.jpg,5011281,https://dataverse.harvard.edu/api/access/datafile/5011281
doi:10.7910/DVN/VRV4SU,A15_28946.jpg,5011283,https://dataverse.harvard.edu/api/access/datafile/5011283
doi:10.7910/DVN/TM5G9D,A15_28947.jpg,5011285,https://dataverse.harvard.edu/api/access/datafile/5011285
doi:10.7910/DVN/8SWI3O,A15_28948.jpg,5011287,https://dataverse.harvard.edu/api/access/datafile/5011287
doi:10.7910/DVN/47IEXB,A15_28949.jpg,5011289,https://dataverse.harvard.edu/api/access/datafile/5011289
doi:10.7910/DVN/2Q6DVV,A15_28950.jpg,5011291,https://dataverse.harvard.edu/api/access/datafile/5011291
doi:10.7910/DVN/KUIUF2,A15_28951.jpg,5011293,https://dataverse.harvard.edu/api/access/datafile/5011293
doi:10.7910/DVN/2MP20H,A15_28952.jpg,5011295,https://dataverse.harvard.edu/api/access/datafile/5011295
doi:10.7910/DVN/VIYUAQ,A15_28953.jpg,5011297,https://dataverse.harvard.edu/api/access/datafile/5011297
doi:10.7910/DVN/RSNH8W,A15_28954.jpg,5011299,https://dataverse.harvard.edu/api/access/datafile/5011299
doi:10.7910/DVN/BAFN6B,A15_28955.jpg,5011301,https://dataverse.harvard.edu/api/access/datafile/5011301
doi:10.7910/DVN/C4BZZS,A15_28956.jpg,5011303,https://dataverse.harvard.edu/api/access/datafile/5011303
doi:10.7910/DVN/YH9ACT,A15_28957.jpg,5011305,https://dataverse.harvard.edu/api/access/datafile/5011305
doi:10.7910/DVN/WZOYHS,A15_28958.jpg,5011307,https://dataverse.harvard.edu/api/access/datafile/5011307
doi:10.7910/DVN/FATJ32,A15_28959.jpg,5011309,https://dataverse.harvard.edu/api/access/datafile/5011309
doi:10.7910/DVN/XPQCXS,A15_28960.jpg,5011311,https://dataverse.harvard.edu/api/access/datafile/5011311
doi:10.7910/DVN/TASUTN,A15_28961.jpg,5011313,https://dataverse.harvard.edu/api/access/datafile/5011313
doi:10.7910/DVN/CPKFAH,A15_28962.jpg,5011315,https://dataverse.harvard.edu/api/access/datafile/5011315
doi:10.7910/DVN/FQXCHU,A15_28963.jpg,5011317,https://dataverse.harvard.edu/api/access/datafile/5011317
doi:10.7910/DVN/NR38LN,A15_28964.jpg,5011319,https://dataverse.harvard.edu/api/access/datafile/5011319
doi:10.7910/DVN/GYBIWK,A15_28965.jpg,5011321,https://dataverse.harvard.edu/api/access/datafile/5011321
doi:10.7910/DVN/NBZLZF,A15_28966.jpg,5011323,https://dataverse.harvard.edu/api/access/datafile/5011323
doi:10.7910/DVN/683W9T,A15_28967.jpg,5011325,https://dataverse.harvard.edu/api/access/datafile/5011325
doi:10.7910/DVN/5Q8RAX,A15_28968.jpg,5011327,https://dataverse.harvard.edu/api/access/datafile/5011327
doi:10.7910/DVN/DLTOTI,A15_28969.jpg,5011329,https://dataverse.harvard.edu/api/access/datafile/5011329
doi:10.7910/DVN/GWFRDR,A15_28970.jpg,5011331,https://dataverse.harvard.edu/api/access/datafile/5011331
doi:10.7910/DVN/1FGTSK,A15_28971.jpg,5011333,https://dataverse.harvard.edu/api/access/datafile/5011333
doi:10.7910/DVN/MKGPV7,A15_28972.jpg,5011335,https://dataverse.harvard.edu/api/access/datafile/5011335
doi:10.7910/DVN/0ICXZJ,A15_28973.jpg,5011337,https://dataverse.harvard.edu/api/access/datafile/5011337
doi:10.7910/DVN/DGCRIH,A15_28974.jpg,5011339,https://dataverse.harvard.edu/api/access/datafile/5011339
doi:10.7910/DVN/0SOZCI,A15_28975.jpg,5011341,https://dataverse.harvard.edu/api/access/datafile/5011341
doi:10.7910/DVN/PNGVDF,A15_28976.jpg,5011343,https://dataverse.harvard.edu/api/access/datafile/5011343
doi:10.7910/DVN/219XU5,A15_28977.jpg,5011345,https://dataverse.harvard.edu/api/access/datafile/5011345
doi:10.7910/DVN/OTKBPQ,A15_28978.jpg,5011347,https://dataverse.harvard.edu/api/access/datafile/5011347
doi:10.7910/DVN/VBJFPI,A15_28979.jpg,5011349,https://dataverse.harvard.edu/api/access/datafile/5011349
doi:10.7910/DVN/J5FUVR,A15_28980.jpg,5011351,https://dataverse.harvard.edu/api/access/datafile/5011351
doi:10.7910/DVN/9RPLNU,A15_28981.jpg,5011353,https://dataverse.harvard.edu/api/access/datafile/5011353
doi:10.7910/DVN/48Z2YP,A15_28982.jpg,5011355,https://dataverse.harvard.edu/api/access/datafile/5011355
doi:10.7910/DVN/KPYA14,A15_28983.jpg,5011357,https://dataverse.harvard.edu/api/access/datafile/5011357
doi:10.7910/DVN/UNNRSS,A15_28984.jpg,5011359,https://dataverse.harvard.edu/api/access/datafile/5011359
doi:10.7910/DVN/LY79FY,A15_28985.jpg,5011361,https://dataverse.harvard.edu/api/access/datafile/5011361
doi:10.7910/DVN/AW3RE4,A15_28986.jpg,5011363,https://dataverse.harvard.edu/api/access/datafile/5011363
doi:10.7910/DVN/FXO4KP,A15_28987.jpg,5011365,https://dataverse.harvard.edu/api/access/datafile/5011365
doi:10.7910/DVN/LPVAYN,A15_28988.jpg,5011367,https://dataverse.harvard.edu/api/access/datafile/5011367
doi:10.7910/DVN/QTGEZT,A15_28989.jpg,5011369,https://dataverse.harvard.edu/api/access/datafile/5011369
doi:10.7910/DVN/VXR6KJ,A15_28990.jpg,5011371,https://dataverse.harvard.edu/api/access/datafile/5011371
doi:10.7910/DVN/IRISON,A15_28991.jpg,5011373,https://dataverse.harvard.edu/api/access/datafile/5011373
doi:10.7910/DVN/TP3KRS,A15_28992.jpg,5011375,https://dataverse.harvard.edu/api/access/datafile/5011375
doi:10.7910/DVN/2FB1ZD,A15_28993.jpg,5011377,https://dataverse.harvard.edu/api/access/datafile/5011377
doi:10.7910/DVN/MRLFOO,A15_28994.jpg,5011379,https://dataverse.harvard.edu/api/access/datafile/5011379
doi:10.7910/DVN/GAGSZO,A15_28995.jpg,5011381,https://dataverse.harvard.edu/api/access/datafile/5011381
doi:10.7910/DVN/N1RESI,A15_28996.jpg,5011383,https://dataverse.harvard.edu/api/access/datafile/5011383
doi:10.7910/DVN/Y21NQ9,A15_28997.jpg,5011385,https://dataverse.harvard.edu/api/access/datafile/5011385
doi:10.7910/DVN/2FGS9P,A15_28998.jpg,5011387,https://dataverse.harvard.edu/api/access/datafile/5011387
doi:10.7910/DVN/5G90IL,A15_28999.jpg,5011389,https://dataverse.harvard.edu/api/access/datafile/5011389
doi:10.7910/DVN/7WEDRH,A15_29000.jpg,5011391,https://dataverse.harvard.edu/api/access/datafile/5011391
doi:10.7910/DVN/KFPCNJ,A15_29001.jpg,5011393,https://dataverse.harvard.edu/api/access/datafile/5011393
doi:10.7910/DVN/LEWIAQ,A15_29002.jpg,5011395,https://dataverse.harvard.edu/api/access/datafile/5011395
doi:10.7910/DVN/J56WLA,A15_29003.jpg,5011397,https://dataverse.harvard.edu/api/access/datafile/5011397
doi:10.7910/DVN/TGVOEO,A15_29004.jpg,5011399,https://dataverse.harvard.edu/api/access/datafile/5011399
doi:10.7910/DVN/GLTS5G,A15_29005.jpg,5011401,https://dataverse.harvard.edu/api/access/datafile/5011401
doi:10.7910/DVN/F5QXCZ,A15_29006.jpg,5011403,https://dataverse.harvard.edu/api/access/datafile/5011403
doi:10.7910/DVN/GK0GND,A15_29007.jpg,5011405,https://dataverse.harvard.edu/api/access/datafile/5011405
doi:10.7910/DVN/ERYOVV,A15_29008.jpg,5011407,https://dataverse.harvard.edu/api/access/datafile/5011407
doi:10.7910/DVN/J5THDP,A15_29009.jpg,5011409,https://dataverse.harvard.edu/api/access/datafile/5011409
doi:10.7910/DVN/ZSV0GJ,A15_29010.jpg,5011411,https://dataverse.harvard.edu/api/access/datafile/5011411
doi:10.7910/DVN/NJMEWD,A15_29011.jpg,5011413,https://dataverse.harvard.edu/api/access/datafile/5011413
doi:10.7910/DVN/DZV1FY,A15_29012.jpg,5011415,https://dataverse.harvard.edu/api/access/datafile/5011415
doi:10.7910/DVN/D9LZPL,A15_29013.jpg,5011417,https://dataverse.harvard.edu/api/access/datafile/5011417
doi:10.7910/DVN/YO8PHR,A15_29014.jpg,5011419,https://dataverse.harvard.edu/api/access/datafile/5011419
doi:10.7910/DVN/EZ0ZBP,A15_29015.jpg,5011421,https://dataverse.harvard.edu/api/access/datafile/5011421
doi:10.7910/DVN/IQSCTC,A15_29016.jpg,5011423,https://dataverse.harvard.edu/api/access/datafile/5011423
doi:10.7910/DVN/GT1POD,A15_29017.jpg,5011425,https://dataverse.harvard.edu/api/access/datafile/5011425
doi:10.7910/DVN/J881HK,A15_29018.jpg,5011427,https://dataverse.harvard.edu/api/access/datafile/5011427
doi:10.7910/DVN/JLCARG,A15_29019.jpg,5011429,https://dataverse.harvard.edu/api/access/datafile/5011429
doi:10.7910/DVN/9P8BNK,A15_29020.jpg,5011431,https://dataverse.harvard.edu/api/access/datafile/5011431
doi:10.7910/DVN/ADTZDA,A15_29021.jpg,5011433,https://dataverse.harvard.edu/api/access/datafile/5011433
doi:10.7910/DVN/BKWYEE,A15_29022.jpg,5011435,https://dataverse.harvard.edu/api/access/datafile/5011435
doi:10.7910/DVN/Y6BLSK,A15_29023.jpg,5011437,https://dataverse.harvard.edu/api/access/datafile/5011437
doi:10.7910/DVN/DY8YAE,A15_29024.jpg,5011439,https://dataverse.harvard.edu/api/access/datafile/5011439
doi:10.7910/DVN/XSGOA7,A15_29025.jpg,5011441,https://dataverse.harvard.edu/api/access/datafile/5011441
doi:10.7910/DVN/JNOVHY,A15_29026.jpg,5011443,https://dataverse.harvard.edu/api/access/datafile/5011443
doi:10.7910/DVN/ITXC3S,A15_29027.jpg,5011445,https://dataverse.harvard.edu/api/access/datafile/5011445
doi:10.7910/DVN/H5KRSJ,A15_29028.jpg,5011447,https://dataverse.harvard.edu/api/access/datafile/5011447
doi:10.7910/DVN/NUYWZF,A15_29029.jpg,5011449,https://dataverse.harvard.edu/api/access/datafile/5011449
doi:10.7910/DVN/VALLXE,A15_29030.jpg,5011451,https://dataverse.harvard.edu/api/access/datafile/5011451
doi:10.7910/DVN/4JI0IM,A15_29031.jpg,5011453,https://dataverse.harvard.edu/api/access/datafile/5011453
doi:10.7910/DVN/CDZAZD,A15_29032.jpg,5011455,https://dataverse.harvard.edu/api/access/datafile/5011455
doi:10.7910/DVN/8KZMNH,A15_29033.jpg,5011457,https://dataverse.harvard.edu/api/access/datafile/5011457
doi:10.7910/DVN/FNZBZE,A15_29034.jpg,5011460,https://dataverse.harvard.edu/api/access/datafile/5011460
doi:10.7910/DVN/RRLKZF,A15_29035.jpg,5011462,https://dataverse.harvard.edu/api/access/datafile/5011462
doi:10.7910/DVN/BNHY4U,A15_29036.jpg,5011464,https://dataverse.harvard.edu/api/access/datafile/5011464
doi:10.7910/DVN/TUSCNH,A15_29037.jpg,5011466,https://dataverse.harvard.edu/api/access/datafile/5011466
doi:10.7910/DVN/VQ4BWH,A15_29038.jpg,5011468,https://dataverse.harvard.edu/api/access/datafile/5011468
doi:10.7910/DVN/AGAQSY,A15_29039.jpg,5011470,https://dataverse.harvard.edu/api/access/datafile/5011470
doi:10.7910/DVN/5D74FP,A15_29040.jpg,5011472,https://dataverse.harvard.edu/api/access/datafile/5011472
doi:10.7910/DVN/CWVTHQ,A15_29041.jpg,5011474,https://dataverse.harvard.edu/api/access/datafile/5011474
doi:10.7910/DVN/AEQZD3,A15_29042.jpg,5011476,https://dataverse.harvard.edu/api/access/datafile/5011476
doi:10.7910/DVN/UXQ6OO,A15_29043.jpg,5011478,https://dataverse.harvard.edu/api/access/datafile/5011478
doi:10.7910/DVN/KOFY7I,A15_29044.jpg,5011480,https://dataverse.harvard.edu/api/access/datafile/5011480
doi:10.7910/DVN/9PRBTT,A15_29045.jpg,5011482,https://dataverse.harvard.edu/api/access/datafile/5011482
doi:10.7910/DVN/EYH2CH,A15_29046.jpg,5011484,https://dataverse.harvard.edu/api/access/datafile/5011484
doi:10.7910/DVN/IG65WZ,A15_29047.jpg,5011486,https://dataverse.harvard.edu/api/access/datafile/5011486
doi:10.7910/DVN/VONGCP,A15_29048.jpg,5011488,https://dataverse.harvard.edu/api/access/datafile/5011488
doi:10.7910/DVN/DRHS2V,A15_29049.jpg,5011490,https://dataverse.harvard.edu/api/access/datafile/5011490
doi:10.7910/DVN/ENVSKO,A15_29050.jpg,5011492,https://dataverse.harvard.edu/api/access/datafile/5011492
doi:10.7910/DVN/XORA1W,A15_29051.jpg,5011494,https://dataverse.harvard.edu/api/access/datafile/5011494
doi:10.7910/DVN/MQWZE6,A15_29052.jpg,5011496,https://dataverse.harvard.edu/api/access/datafile/5011496
doi:10.7910/DVN/YFQJSR,A15_29053.jpg,5011498,https://dataverse.harvard.edu/api/access/datafile/5011498
doi:10.7910/DVN/OAITYF,A15_29054.jpg,5011500,https://dataverse.harvard.edu/api/access/datafile/5011500
doi:10.7910/DVN/A87NLT,A15_29055.jpg,5011502,https://dataverse.harvard.edu/api/access/datafile/5011502
doi:10.7910/DVN/NNISVK,A15_29056.jpg,5011504,https://dataverse.harvard.edu/api/access/datafile/5011504
doi:10.7910/DVN/FJCFPY,A15_29057.jpg,5011506,https://dataverse.harvard.edu/api/access/datafile/5011506
doi:10.7910/DVN/Q1XZWX,A15_29058.jpg,5011508,https://dataverse.harvard.edu/api/access/datafile/5011508
doi:10.7910/DVN/PAODGZ,A15_29059.jpg,5011510,https://dataverse.harvard.edu/api/access/datafile/5011510
doi:10.7910/DVN/XLPIBN,A15_29060.jpg,5011512,https://dataverse.harvard.edu/api/access/datafile/5011512
doi:10.7910/DVN/TWL8VD,A15_29061.jpg,5011514,https://dataverse.harvard.edu/api/access/datafile/5011514
doi:10.7910/DVN/RCLURQ,A15_29062.jpg,5011516,https://dataverse.harvard.edu/api/access/datafile/5011516
doi:10.7910/DVN/SU9J2K,A15_29063.jpg,5011518,https://dataverse.harvard.edu/api/access/datafile/5011518
doi:10.7910/DVN/J35LIW,A15_29064.jpg,5011520,https://dataverse.harvard.edu/api/access/datafile/5011520
doi:10.7910/DVN/H3MK5H,A15_29065.jpg,5011522,https://dataverse.harvard.edu/api/access/datafile/5011522
doi:10.7910/DVN/6JIEKU,A15_29066.jpg,5011524,https://dataverse.harvard.edu/api/access/datafile/5011524
doi:10.7910/DVN/0IMJ04,A15_29067.jpg,5011526,https://dataverse.harvard.edu/api/access/datafile/5011526
doi:10.7910/DVN/SYEDRK,A15_29068.jpg,5011528,https://dataverse.harvard.edu/api/access/datafile/5011528
doi:10.7910/DVN/XWCB15,A15_29069.jpg,5011530,https://dataverse.harvard.edu/api/access/datafile/5011530
doi:10.7910/DVN/AQPFPS,A15_29070.jpg,5011532,https://dataverse.harvard.edu/api/access/datafile/5011532
doi:10.7910/DVN/2XIMPO,A15_29071.jpg,5011534,https://dataverse.harvard.edu/api/access/datafile/5011534
doi:10.7910/DVN/KAILWU,A15_29072.jpg,5011536,https://dataverse.harvard.edu/api/access/datafile/5011536
doi:10.7910/DVN/3VXLWT,A15_29073.jpg,5011538,https://dataverse.harvard.edu/api/access/datafile/5011538
doi:10.7910/DVN/VFHTSV,A15_29074.jpg,5011540,https://dataverse.harvard.edu/api/access/datafile/5011540
doi:10.7910/DVN/FXYTNO,A15_29075.jpg,5011542,https://dataverse.harvard.edu/api/access/datafile/5011542
doi:10.7910/DVN/J0WGOK,A15_29076.jpg,5011544,https://dataverse.harvard.edu/api/access/datafile/5011544
doi:10.7910/DVN/FCFRES,A15_29077.jpg,5011546,https://dataverse.harvard.edu/api/access/datafile/5011546
doi:10.7910/DVN/YIEPIU,A15_29078.jpg,5011548,https://dataverse.harvard.edu/api/access/datafile/5011548
doi:10.7910/DVN/SXSAZ4,A15_29079.jpg,5011550,https://dataverse.harvard.edu/api/access/datafile/5011550
doi:10.7910/DVN/FGMT04,A15_29080.jpg,5011552,https://dataverse.harvard.edu/api/access/datafile/5011552
doi:10.7910/DVN/CK8J1U,A15_29081.jpg,5011554,https://dataverse.harvard.edu/api/access/datafile/5011554
doi:10.7910/DVN/0VFDSN,A15_29082.jpg,5011556,https://dataverse.harvard.edu/api/access/datafile/5011556
doi:10.7910/DVN/NEBIGJ,A15_29083.jpg,5011558,https://dataverse.harvard.edu/api/access/datafile/5011558
doi:10.7910/DVN/JLXFME,A15_29084.jpg,5011560,https://dataverse.harvard.edu/api/access/datafile/5011560
doi:10.7910/DVN/PV46UO,A15_29085.jpg,5011562,https://dataverse.harvard.edu/api/access/datafile/5011562
doi:10.7910/DVN/M4MLCZ,A15_29086.jpg,5011564,https://dataverse.harvard.edu/api/access/datafile/5011564
doi:10.7910/DVN/D9FWS7,A15_29087.jpg,5011566,https://dataverse.harvard.edu/api/access/datafile/5011566
doi:10.7910/DVN/MN3A1R,A15_29088.jpg,5011568,https://dataverse.harvard.edu/api/access/datafile/5011568
doi:10.7910/DVN/9TLOHJ,A15_29089.jpg,5011570,https://dataverse.harvard.edu/api/access/datafile/5011570
doi:10.7910/DVN/4PNFZA,A15_29090.jpg,5011572,https://dataverse.harvard.edu/api/access/datafile/5011572
doi:10.7910/DVN/CBBW7F,A15_29091.jpg,5011574,https://dataverse.harvard.edu/api/access/datafile/5011574
doi:10.7910/DVN/RK8TXS,A15_29092.jpg,5011576,https://dataverse.harvard.edu/api/access/datafile/5011576
doi:10.7910/DVN/MJQ78H,A15_29093.jpg,5011578,https://dataverse.harvard.edu/api/access/datafile/5011578
doi:10.7910/DVN/GW9OR6,A15_29094.jpg,5011580,https://dataverse.harvard.edu/api/access/datafile/5011580
doi:10.7910/DVN/FB8FQN,A15_29095.jpg,5011582,https://dataverse.harvard.edu/api/access/datafile/5011582
doi:10.7910/DVN/SLWOXZ,A15_29096.jpg,5011584,https://dataverse.harvard.edu/api/access/datafile/5011584
doi:10.7910/DVN/KJTM87,A15_29097.jpg,5011586,https://dataverse.harvard.edu/api/access/datafile/5011586
doi:10.7910/DVN/UPEMWU,A15_29098.jpg,5011588,https://dataverse.harvard.edu/api/access/datafile/5011588
doi:10.7910/DVN/DWFUDV,A15_29099.jpg,5011590,https://dataverse.harvard.edu/api/access/datafile/5011590
doi:10.7910/DVN/NO2CQI,A15_29100.jpg,5011592,https://dataverse.harvard.edu/api/access/datafile/5011592
doi:10.7910/DVN/4D8DDB,A15_29101.jpg,5011594,https://dataverse.harvard.edu/api/access/datafile/5011594
doi:10.7910/DVN/IKCZFV,A15_29102.jpg,5011596,https://dataverse.harvard.edu/api/access/datafile/5011596
doi:10.7910/DVN/QNIODM,A15_29103.jpg,5011598,https://dataverse.harvard.edu/api/access/datafile/5011598
doi:10.7910/DVN/D3FFIX,A15_29104.jpg,5011600,https://dataverse.harvard.edu/api/access/datafile/5011600
doi:10.7910/DVN/XIQ6NE,A15_29105.jpg,5011602,https://dataverse.harvard.edu/api/access/datafile/5011602
doi:10.7910/DVN/QM5XFE,A15_29106.jpg,5011604,https://dataverse.harvard.edu/api/access/datafile/5011604
doi:10.7910/DVN/WAGAZE,A15_29107.jpg,5011606,https://dataverse.harvard.edu/api/access/datafile/5011606
doi:10.7910/DVN/NRKSJK,A15_29108.jpg,5011608,https://dataverse.harvard.edu/api/access/datafile/5011608
doi:10.7910/DVN/8H0DQ1,A15_29109.jpg,5011610,https://dataverse.harvard.edu/api/access/datafile/5011610
doi:10.7910/DVN/ZOYENX,A15_29110.jpg,5011612,https://dataverse.harvard.edu/api/access/datafile/5011612
doi:10.7910/DVN/WPZIYU,A15_29111.jpg,5011614,https://dataverse.harvard.edu/api/access/datafile/5011614
doi:10.7910/DVN/4FAJGE,A15_29112.jpg,5011616,https://dataverse.harvard.edu/api/access/datafile/5011616
doi:10.7910/DVN/TDQX8F,A15_29113.jpg,5011618,https://dataverse.harvard.edu/api/access/datafile/5011618
doi:10.7910/DVN/TIROOU,A15_29114.jpg,5011620,https://dataverse.harvard.edu/api/access/datafile/5011620
doi:10.7910/DVN/Y9RBWQ,A15_29115.jpg,5011622,https://dataverse.harvard.edu/api/access/datafile/5011622
doi:10.7910/DVN/I8ZNOX,A15_29116.jpg,5011624,https://dataverse.harvard.edu/api/access/datafile/5011624
doi:10.7910/DVN/APQBEE,A15_29117.jpg,5011626,https://dataverse.harvard.edu/api/access/datafile/5011626
doi:10.7910/DVN/9PMUNG,A15_29118.jpg,5011628,https://dataverse.harvard.edu/api/access/datafile/5011628
doi:10.7910/DVN/BZEFAZ,A15_29119.jpg,5011630,https://dataverse.harvard.edu/api/access/datafile/5011630
doi:10.7910/DVN/HYPL6Q,A15_29210.jpg,5011632,https://dataverse.harvard.edu/api/access/datafile/5011632
doi:10.7910/DVN/QOPXAQ,A15_29210.jpg,5011634,https://dataverse.harvard.edu/api/access/datafile/5011634
doi:10.7910/DVN/OQ8U6I,A15_29121.jpg,5011636,https://dataverse.harvard.edu/api/access/datafile/5011636
doi:10.7910/DVN/RLZFQG,A15_29122.jpg,5011638,https://dataverse.harvard.edu/api/access/datafile/5011638
doi:10.7910/DVN/KNPBKR,A15_29123.jpg,5011640,https://dataverse.harvard.edu/api/access/datafile/5011640
doi:10.7910/DVN/2QBNL2,A15_29124.jpg,5011642,https://dataverse.harvard.edu/api/access/datafile/5011642
doi:10.7910/DVN/RU7TSS,A15_29125.jpg,5011644,https://dataverse.harvard.edu/api/access/datafile/5011644
doi:10.7910/DVN/FSSAMY,A15_29126.jpg,5011646,https://dataverse.harvard.edu/api/access/datafile/5011646
doi:10.7910/DVN/OR4GVG,A15_29127.jpg,5011648,https://dataverse.harvard.edu/api/access/datafile/5011648
doi:10.7910/DVN/BXHGJC,A15_29128.jpg,5011650,https://dataverse.harvard.edu/api/access/datafile/5011650
doi:10.7910/DVN/RTTKUY,A15_29129.jpg,5011652,https://dataverse.harvard.edu/api/access/datafile/5011652
doi:10.7910/DVN/2HPWJI,A15_29130.jpg,5011654,https://dataverse.harvard.edu/api/access/datafile/5011654
doi:10.7910/DVN/XUVIHX,A15_29131.jpg,5011656,https://dataverse.harvard.edu/api/access/datafile/5011656
doi:10.7910/DVN/N4AWK4,A15_29132.jpg,5011658,https://dataverse.harvard.edu/api/access/datafile/5011658
doi:10.7910/DVN/RJN60H,A15_29133.jpg,5011660,https://dataverse.harvard.edu/api/access/datafile/5011660
doi:10.7910/DVN/L8NAZ9,A15_29134.jpg,5011662,https://dataverse.harvard.edu/api/access/datafile/5011662
doi:10.7910/DVN/TKSFI6,A15_29135.jpg,5011664,https://dataverse.harvard.edu/api/access/datafile/5011664
doi:10.7910/DVN/R5E9HW,A15_29136.jpg,5011666,https://dataverse.harvard.edu/api/access/datafile/5011666
doi:10.7910/DVN/GWBFJL,A15_29137.jpg,5011668,https://dataverse.harvard.edu/api/access/datafile/5011668
doi:10.7910/DVN/XVFJXV,A15_29138.jpg,5011670,https://dataverse.harvard.edu/api/access/datafile/5011670
doi:10.7910/DVN/AKGDL9,A15_29139.jpg,5011672,https://dataverse.harvard.edu/api/access/datafile/5011672
doi:10.7910/DVN/LIMVL9,A15_29140.jpg,5011674,https://dataverse.harvard.edu/api/access/datafile/5011674
doi:10.7910/DVN/5FCG8O,A15_29141.jpg,5011676,https://dataverse.harvard.edu/api/access/datafile/5011676
doi:10.7910/DVN/LDPU81,A15_29142.jpg,5011678,https://dataverse.harvard.edu/api/access/datafile/5011678
doi:10.7910/DVN/UUCBRC,A15_29143.jpg,5011680,https://dataverse.harvard.edu/api/access/datafile/5011680
doi:10.7910/DVN/LXBOGI,A15_29144.jpg,5011682,https://dataverse.harvard.edu/api/access/datafile/5011682
doi:10.7910/DVN/OYKVBC,A15_29145.jpg,5011684,https://dataverse.harvard.edu/api/access/datafile/5011684
doi:10.7910/DVN/RJJKCT,A15_29146.jpg,5011686,https://dataverse.harvard.edu/api/access/datafile/5011686
doi:10.7910/DVN/ZHCTR4,A15_29147.jpg,5011688,https://dataverse.harvard.edu/api/access/datafile/5011688
doi:10.7910/DVN/AJ7XJK,A15_29148.jpg,5011690,https://dataverse.harvard.edu/api/access/datafile/5011690
doi:10.7910/DVN/GIEQZ0,A15_29149.jpg,5011692,https://dataverse.harvard.edu/api/access/datafile/5011692
doi:10.7910/DVN/LOWVGN,A15_29150.jpg,No File,https://dataverse.harvard.edu/api/access/datafile/No File
doi:10.7910/DVN/ECKMLW,A15_29151.jpg,5011695,https://dataverse.harvard.edu/api/access/datafile/5011695
doi:10.7910/DVN/38OWRM,A15_29152.jpg,5011697,https://dataverse.harvard.edu/api/access/datafile/5011697
doi:10.7910/DVN/M9S5VE,A15_29153.jpg,5011699,https://dataverse.harvard.edu/api/access/datafile/5011699
doi:10.7910/DVN/U3PSL7,A15_29154.jpg,5011701,https://dataverse.harvard.edu/api/access/datafile/5011701
doi:10.7910/DVN/7AQBHQ,A15_29155.jpg,5011703,https://dataverse.harvard.edu/api/access/datafile/5011703
doi:10.7910/DVN/XX9FKA,A15_29156.jpg,5011705,https://dataverse.harvard.edu/api/access/datafile/5011705
doi:10.7910/DVN/8WJR6C,A15_29157.jpg,5011707,https://dataverse.harvard.edu/api/access/datafile/5011707
doi:10.7910/DVN/2IGYYN,A15_29158.jpg,5011709,https://dataverse.harvard.edu/api/access/datafile/5011709
doi:10.7910/DVN/3SAMBH,A15_29159.jpg,5011711,https://dataverse.harvard.edu/api/access/datafile/5011711
doi:10.7910/DVN/J5PTI8,A15_29160.jpg,5011713,https://dataverse.harvard.edu/api/access/datafile/5011713
doi:10.7910/DVN/GRSJCO,A15_29161.jpg,5011715,https://dataverse.harvard.edu/api/access/datafile/5011715
doi:10.7910/DVN/J0YSWU,A15_29162.jpg,5011717,https://dataverse.harvard.edu/api/access/datafile/5011717
doi:10.7910/DVN/W0QDYJ,A15_29163.jpg,5011719,https://dataverse.harvard.edu/api/access/datafile/5011719
doi:10.7910/DVN/ITQJWL,A15_29164.jpg,5011721,https://dataverse.harvard.edu/api/access/datafile/5011721
doi:10.7910/DVN/IZUELW,A15_29165.jpg,5011723,https://dataverse.harvard.edu/api/access/datafile/5011723
doi:10.7910/DVN/BY6YDX,A15_29166.jpg,5011725,https://dataverse.harvard.edu/api/access/datafile/5011725
doi:10.7910/DVN/1MPKZN,A15_29167.jpg,5011727,https://dataverse.harvard.edu/api/access/datafile/5011727
doi:10.7910/DVN/T3WA45,A15_29168.jpg,5011729,https://dataverse.harvard.edu/api/access/datafile/5011729
doi:10.7910/DVN/KDNXJM,A15_29169.jpg,5011731,https://dataverse.harvard.edu/api/access/datafile/5011731
doi:10.7910/DVN/VRILDO,A15_29170.jpg,5011733,https://dataverse.harvard.edu/api/access/datafile/5011733
doi:10.7910/DVN/FHIK7Y,A15_29171.jpg,5011735,https://dataverse.harvard.edu/api/access/datafile/5011735
doi:10.7910/DVN/3JOCIP,A15_29172.jpg,5011737,https://dataverse.harvard.edu/api/access/datafile/5011737
doi:10.7910/DVN/HBEUT2,A15_29173.jpg,5011739,https://dataverse.harvard.edu/api/access/datafile/5011739
doi:10.7910/DVN/IZAVJB,A15_29174.jpg,5011741,https://dataverse.harvard.edu/api/access/datafile/5011741
doi:10.7910/DVN/SJZCR8,A15_29175.jpg,5011743,https://dataverse.harvard.edu/api/access/datafile/5011743
doi:10.7910/DVN/HXMVS8,A15_29176.jpg,5011745,https://dataverse.harvard.edu/api/access/datafile/5011745
doi:10.7910/DVN/76JBIQ,A15_29177.jpg,5011747,https://dataverse.harvard.edu/api/access/datafile/5011747
doi:10.7910/DVN/AMNO5B,A15_29178.jpg,5011749,https://dataverse.harvard.edu/api/access/datafile/5011749
doi:10.7910/DVN/SFXRKI,A15_29179.jpg,5011751,https://dataverse.harvard.edu/api/access/datafile/5011751
doi:10.7910/DVN/2VTEWD,A15_29180.jpg,5011753,https://dataverse.harvard.edu/api/access/datafile/5011753
doi:10.7910/DVN/4EG7LN,A15_29181.jpg,5011755,https://dataverse.harvard.edu/api/access/datafile/5011755
doi:10.7910/DVN/YWVZKB,A15_29182.jpg,5011757,https://dataverse.harvard.edu/api/access/datafile/5011757
doi:10.7910/DVN/PFUJ8E,A15_29183.jpg,5011759,https://dataverse.harvard.edu/api/access/datafile/5011759
doi:10.7910/DVN/SGH1QL,A15_29184.jpg,5011761,https://dataverse.harvard.edu/api/access/datafile/5011761
doi:10.7910/DVN/VLSBQ5,A15_29185.jpg,5011763,https://dataverse.harvard.edu/api/access/datafile/5011763
doi:10.7910/DVN/OONIKR,A15_29186.jpg,5011765,https://dataverse.harvard.edu/api/access/datafile/5011765
doi:10.7910/DVN/CJTQXA,A15_29187.jpg,5011767,https://dataverse.harvard.edu/api/access/datafile/5011767
doi:10.7910/DVN/AIXOMH,A15_29188.jpg,5011769,https://dataverse.harvard.edu/api/access/datafile/5011769
doi:10.7910/DVN/DPXZAJ,A15_29189.jpg,5011771,https://dataverse.harvard.edu/api/access/datafile/5011771
doi:10.7910/DVN/C60VPB,A15_29190.jpg,No File,https://dataverse.harvard.edu/api/access/datafile/No File
doi:10.7910/DVN/JULOKJ,A15_29191.jpg,5011774,https://dataverse.harvard.edu/api/access/datafile/5011774
doi:10.7910/DVN/RXX8DS,A15_29192.jpg,5011776,https://dataverse.harvard.edu/api/access/datafile/5011776
doi:10.7910/DVN/JCU5AF,A15_29193.jpg,5011778,https://dataverse.harvard.edu/api/access/datafile/5011778
doi:10.7910/DVN/CVSAPC,A15_29194.jpg,5011780,https://dataverse.harvard.edu/api/access/datafile/5011780
doi:10.7910/DVN/JAHSAW,A15_29195.jpg,5011782,https://dataverse.harvard.edu/api/access/datafile/5011782
doi:10.7910/DVN/Z5IPWF,A15_29196.jpg,5011784,https://dataverse.harvard.edu/api/access/datafile/5011784
doi:10.7910/DVN/6ZDYIV,A15_29197.jpg,5011786,https://dataverse.harvard.edu/api/access/datafile/5011786
doi:10.7910/DVN/NI29Q2,A15_29198.jpg,5011788,https://dataverse.harvard.edu/api/access/datafile/5011788
doi:10.7910/DVN/P49DO9,A15_29199.jpg,5011790,https://dataverse.harvard.edu/api/access/datafile/5011790
doi:10.7910/DVN/Z8CMDB,A15_29200.jpg,5011792,https://dataverse.harvard.edu/api/access/datafile/5011792
doi:10.7910/DVN/DQZREC,A15_29201.jpg,5011794,https://dataverse.harvard.edu/api/access/datafile/5011794
doi:10.7910/DVN/WISKEJ,A15_29202.jpg,5011796,https://dataverse.harvard.edu/api/access/datafile/5011796
doi:10.7910/DVN/CO19UM,A15_29203.jpg,5011798,https://dataverse.harvard.edu/api/access/datafile/5011798
doi:10.7910/DVN/GNOZBW,A15_29204.jpg,5011800,https://dataverse.harvard.edu/api/access/datafile/5011800
doi:10.7910/DVN/HHWCOZ,A15_29205.jpg,5011802,https://dataverse.harvard.edu/api/access/datafile/5011802
doi:10.7910/DVN/RF6FIW,A15_29206.jpg,5011804,https://dataverse.harvard.edu/api/access/datafile/5011804
doi:10.7910/DVN/LAIR4F,A15_29207.jpg,5011806,https://dataverse.harvard.edu/api/access/datafile/5011806
doi:10.7910/DVN/UCADPI,A15_29208.jpg,5011808,https://dataverse.harvard.edu/api/access/datafile/5011808
doi:10.7910/DVN/0ZSDH9,A15_29209.jpg,5011810,https://dataverse.harvard.edu/api/access/datafile/5011810
doi:10.7910/DVN/GMHGI1,A15_29211.jpg,5011812,https://dataverse.harvard.edu/api/access/datafile/5011812
doi:10.7910/DVN/YFV3NU,A15_29212.jpg,5011814,https://dataverse.harvard.edu/api/access/datafile/5011814
doi:10.7910/DVN/65PQXP,A15_29213.jpg,5011816,https://dataverse.harvard.edu/api/access/datafile/5011816
doi:10.7910/DVN/GIRDXB,A15_29214.jpg,5011818,https://dataverse.harvard.edu/api/access/datafile/5011818
doi:10.7910/DVN/KXF5N9,A15_29215.jpg,5011820,https://dataverse.harvard.edu/api/access/datafile/5011820
doi:10.7910/DVN/WSNHMM,A15_29216.jpg,5011822,https://dataverse.harvard.edu/api/access/datafile/5011822
doi:10.7910/DVN/XQKGB7,A15_29217.jpg,5011824,https://dataverse.harvard.edu/api/access/datafile/5011824
doi:10.7910/DVN/YUYNRU,A15_29218.jpg,5011826,https://dataverse.harvard.edu/api/access/datafile/5011826
doi:10.7910/DVN/26AHLR,A15_29219.jpg,5011828,https://dataverse.harvard.edu/api/access/datafile/5011828
doi:10.7910/DVN/N1XSXD,A15_29220.jpg,5011830,https://dataverse.harvard.edu/api/access/datafile/5011830
doi:10.7910/DVN/PGQEVZ,A15_29221.jpg,5011832,https://dataverse.harvard.edu/api/access/datafile/5011832
doi:10.7910/DVN/TFJXKY,A15_29222.jpg,5011834,https://dataverse.harvard.edu/api/access/datafile/5011834
doi:10.7910/DVN/ZJL7T4,A15_29223.jpg,5011836,https://dataverse.harvard.edu/api/access/datafile/5011836
doi:10.7910/DVN/UKQZRY,A15_29224.jpg,5011838,https://dataverse.harvard.edu/api/access/datafile/5011838
doi:10.7910/DVN/O49UVV,A15_29225.jpg,5011840,https://dataverse.harvard.edu/api/access/datafile/5011840
doi:10.7910/DVN/LIMOAD,A15_29226.jpg,5011842,https://dataverse.harvard.edu/api/access/datafile/5011842
doi:10.7910/DVN/7TVT94,A15_29227.jpg,5011844,https://dataverse.harvard.edu/api/access/datafile/5011844
doi:10.7910/DVN/HNF4FJ,A15_29228.jpg,5011846,https://dataverse.harvard.edu/api/access/datafile/5011846
doi:10.7910/DVN/DTI66Y,A15_29229.jpg,5011848,https://dataverse.harvard.edu/api/access/datafile/5011848
doi:10.7910/DVN/WR6J8O,A15_29230.jpg,5011850,https://dataverse.harvard.edu/api/access/datafile/5011850
doi:10.7910/DVN/XHCUOM,A15_29231.jpg,5011852,https://dataverse.harvard.edu/api/access/datafile/5011852
doi:10.7910/DVN/VWR4ZJ,A15_29232.jpg,5011854,https://dataverse.harvard.edu/api/access/datafile/5011854
doi:10.7910/DVN/CHXZR2,A15_29233.jpg,5011856,https://dataverse.harvard.edu/api/access/datafile/5011856
doi:10.7910/DVN/SLQ1VB,A15_29234.jpg,5011858,https://dataverse.harvard.edu/api/access/datafile/5011858
doi:10.7910/DVN/NZYQYZ,A15_29235.jpg,5011860,https://dataverse.harvard.edu/api/access/datafile/5011860
doi:10.7910/DVN/BKO68J,A15_29236.jpg,5011862,https://dataverse.harvard.edu/api/access/datafile/5011862
doi:10.7910/DVN/8PPN19,A15_29237.jpg,5011864,https://dataverse.harvard.edu/api/access/datafile/5011864
doi:10.7910/DVN/CDWLK7,A15_29238.jpg,5011866,https://dataverse.harvard.edu/api/access/datafile/5011866
doi:10.7910/DVN/YAJSYZ,A15_29239.jpg,5011868,https://dataverse.harvard.edu/api/access/datafile/5011868
doi:10.7910/DVN/V55DX9,A15_29240.jpg,5011870,https://dataverse.harvard.edu/api/access/datafile/5011870
doi:10.7910/DVN/STCZ38,A15_29241.jpg,5011872,https://dataverse.harvard.edu/api/access/datafile/5011872
doi:10.7910/DVN/J0RQPN,A15_29242.jpg,5011874,https://dataverse.harvard.edu/api/access/datafile/5011874
doi:10.7910/DVN/9KNNKM,A15_29243.jpg,5011876,https://dataverse.harvard.edu/api/access/datafile/5011876
doi:10.7910/DVN/W9ZJJT,A15_29244.jpg,5011878,https://dataverse.harvard.edu/api/access/datafile/5011878
doi:10.7910/DVN/BYSSS1,A15_29245.jpg,5011880,https://dataverse.harvard.edu/api/access/datafile/5011880
doi:10.7910/DVN/UZJBIK,A15_29246.jpg,5011882,https://dataverse.harvard.edu/api/access/datafile/5011882
doi:10.7910/DVN/OGXYPR,A15_29247.jpg,5011884,https://dataverse.harvard.edu/api/access/datafile/5011884
doi:10.7910/DVN/KLL16X,A15_29248.jpg,5011886,https://dataverse.harvard.edu/api/access/datafile/5011886
doi:10.7910/DVN/2NIAJN,A15_29249.jpg,5011888,https://dataverse.harvard.edu/api/access/datafile/5011888
doi:10.7910/DVN/SR11FD,A15_29251.jpg,5011890,https://dataverse.harvard.edu/api/access/datafile/5011890
doi:10.7910/DVN/EJOCMB,A15_29252.jpg,5011892,https://dataverse.harvard.edu/api/access/datafile/5011892
doi:10.7910/DVN/WWURPD,A15_29253.jpg,5011894,https://dataverse.harvard.edu/api/access/datafile/5011894
doi:10.7910/DVN/G3ILMB,A15_29254.jpg,5011896,https://dataverse.harvard.edu/api/access/datafile/5011896
doi:10.7910/DVN/DCANYS,A15_29255.jpg,5011898,https://dataverse.harvard.edu/api/access/datafile/5011898
doi:10.7910/DVN/TMUPXA,A15_29256.jpg,5011900,https://dataverse.harvard.edu/api/access/datafile/5011900
doi:10.7910/DVN/AIBQ37,A15_29257.jpg,5011902,https://dataverse.harvard.edu/api/access/datafile/5011902
doi:10.7910/DVN/KHPMP4,A15_29258.jpg,5011904,https://dataverse.harvard.edu/api/access/datafile/5011904
doi:10.7910/DVN/J80WM9,A15_29259.jpg,5011907,https://dataverse.harvard.edu/api/access/datafile/5011907
doi:10.7910/DVN/UBUJC0,A15_29260.jpg,5011909,https://dataverse.harvard.edu/api/access/datafile/5011909
doi:10.7910/DVN/BM8A5A,A15_29261.jpg,5011911,https://dataverse.harvard.edu/api/access/datafile/5011911
doi:10.7910/DVN/NCMF7D,A15_29262.jpg,5011913,https://dataverse.harvard.edu/api/access/datafile/5011913
doi:10.7910/DVN/E33WBB,A15_29263.jpg,5011915,https://dataverse.harvard.edu/api/access/datafile/5011915
doi:10.7910/DVN/SEIYQT,A15_29264.jpg,5011917,https://dataverse.harvard.edu/api/access/datafile/5011917
doi:10.7910/DVN/62BC9Y,A15_29265.jpg,5011919,https://dataverse.harvard.edu/api/access/datafile/5011919
doi:10.7910/DVN/HXGWRC,A15_29266.jpg,5011921,https://dataverse.harvard.edu/api/access/datafile/5011921
doi:10.7910/DVN/0F09DF,A15_29267.jpg,5011924,https://dataverse.harvard.edu/api/access/datafile/5011924
doi:10.7910/DVN/DML156,A15_29268.jpg,5011926,https://dataverse.harvard.edu/api/access/datafile/5011926
doi:10.7910/DVN/CO7A7R,A15_29269.jpg,5011928,https://dataverse.harvard.edu/api/access/datafile/5011928
doi:10.7910/DVN/TSLMYI,A15_29270.jpg,5011930,https://dataverse.harvard.edu/api/access/datafile/5011930
doi:10.7910/DVN/LSJTZW,A15_29271.jpg,5011932,https://dataverse.harvard.edu/api/access/datafile/5011932
doi:10.7910/DVN/W0FZBC,A15_29272.jpg,5011934,https://dataverse.harvard.edu/api/access/datafile/5011934
doi:10.7910/DVN/LC1ZCZ,A15_29273.jpg,5011936,https://dataverse.harvard.edu/api/access/datafile/5011936
doi:10.7910/DVN/2DW2UN,A15_29274.jpg,5011938,https://dataverse.harvard.edu/api/access/datafile/5011938
doi:10.7910/DVN/TUGFIG,A15_29275.jpg,5011940,https://dataverse.harvard.edu/api/access/datafile/5011940
doi:10.7910/DVN/9YHPCI,A15_29276.jpg,5011943,https://dataverse.harvard.edu/api/access/datafile/5011943
doi:10.7910/DVN/MW5ROA,A15_29277.jpg,5011945,https://dataverse.harvard.edu/api/access/datafile/5011945
doi:10.7910/DVN/ZBGUUX,A15_29278.jpg,5011947,https://dataverse.harvard.edu/api/access/datafile/5011947
doi:10.7910/DVN/WKGHGY,A15_29279.jpg,5011949,https://dataverse.harvard.edu/api/access/datafile/5011949
doi:10.7910/DVN/8X7E0C,A15_29280.jpg,5011951,https://dataverse.harvard.edu/api/access/datafile/5011951
doi:10.7910/DVN/SNHZVG,A15_29281.jpg,5011953,https://dataverse.harvard.edu/api/access/datafile/5011953
doi:10.7910/DVN/90JXPK,A15_29282.jpg,5011955,https://dataverse.harvard.edu/api/access/datafile/5011955
doi:10.7910/DVN/HPSZVD,A15_29283.jpg,5011957,https://dataverse.harvard.edu/api/access/datafile/5011957
doi:10.7910/DVN/WEDYLR,A15_29284.jpg,5011959,https://dataverse.harvard.edu/api/access/datafile/5011959
doi:10.7910/DVN/CZJVAQ,A15_29285.jpg,5011961,https://dataverse.harvard.edu/api/access/datafile/5011961
doi:10.7910/DVN/BLSTLQ,A15_29286.jpg,5011964,https://dataverse.harvard.edu/api/access/datafile/5011964
doi:10.7910/DVN/4J4SLL,A15_29287.jpg,5011966,https://dataverse.harvard.edu/api/access/datafile/5011966
doi:10.7910/DVN/TAIPLP,A15_29288.jpg,5011968,https://dataverse.harvard.edu/api/access/datafile/5011968
doi:10.7910/DVN/WT1MXB,A15_29289.jpg,5011970,https://dataverse.harvard.edu/api/access/datafile/5011970
doi:10.7910/DVN/ZXZRYC,A15_29290.jpg,5011972,https://dataverse.harvard.edu/api/access/datafile/5011972
doi:10.7910/DVN/OOTTT3,A15_29291.jpg,5011974,https://dataverse.harvard.edu/api/access/datafile/5011974
doi:10.7910/DVN/WEYQVP,A15_29292.jpg,5011976,https://dataverse.harvard.edu/api/access/datafile/5011976
doi:10.7910/DVN/LCVNZD,A15_29293.jpg,5011978,https://dataverse.harvard.edu/api/access/datafile/5011978
doi:10.7910/DVN/TUR7AE,A15_29294.jpg,5011980,https://dataverse.harvard.edu/api/access/datafile/5011980
doi:10.7910/DVN/IOELZK,A15_29295.jpg,5011983,https://dataverse.harvard.edu/api/access/datafile/5011983
doi:10.7910/DVN/8KRH6X,A15_29296.jpg,5011985,https://dataverse.harvard.edu/api/access/datafile/5011985
doi:10.7910/DVN/IOXRNP,A15_29297.jpg,5011987,https://dataverse.harvard.edu/api/access/datafile/5011987
doi:10.7910/DVN/A4CMTS,A15_29298.jpg,5011989,https://dataverse.harvard.edu/api/access/datafile/5011989
doi:10.7910/DVN/WFRCWS,A15_29299.jpg,5011991,https://dataverse.harvard.edu/api/access/datafile/5011991
doi:10.7910/DVN/WE7IVM,A15_29300.jpg,5011993,https://dataverse.harvard.edu/api/access/datafile/5011993
doi:10.7910/DVN/AGIQJN,A15_29301.jpg,5011995,https://dataverse.harvard.edu/api/access/datafile/5011995
doi:10.7910/DVN/MHVCWA,A15_29302.jpg,5011997,https://dataverse.harvard.edu/api/access/datafile/5011997
doi:10.7910/DVN/1CIFWZ,A15_29303.jpg,5012000,https://dataverse.harvard.edu/api/access/datafile/5012000
doi:10.7910/DVN/PDYHZE,A15_29304.jpg,5012002,https://dataverse.harvard.edu/api/access/datafile/5012002
doi:10.7910/DVN/1YOA2R,A15_29305.jpg,5012004,https://dataverse.harvard.edu/api/access/datafile/5012004
doi:10.7910/DVN/RRD065,A15_29306.jpg,5012006,https://dataverse.harvard.edu/api/access/datafile/5012006
doi:10.7910/DVN/XJHOVR,A15_29307.jpg,5012008,https://dataverse.harvard.edu/api/access/datafile/5012008
doi:10.7910/DVN/LQZ1AO,A15_29308.jpg,5012010,https://dataverse.harvard.edu/api/access/datafile/5012010
doi:10.7910/DVN/SJ0UYU,A15_29309.jpg,5012012,https://dataverse.harvard.edu/api/access/datafile/5012012
doi:10.7910/DVN/ZVMFIX,A15_29310.jpg,5012014,https://dataverse.harvard.edu/api/access/datafile/5012014
doi:10.7910/DVN/CSCSS9,A15_29311.jpg,5012017,https://dataverse.harvard.edu/api/access/datafile/5012017
doi:10.7910/DVN/XMJO3T,A15_29312.jpg,5012019,https://dataverse.harvard.edu/api/access/datafile/5012019
doi:10.7910/DVN/5AI42F,A15_29313.jpg,5012021,https://dataverse.harvard.edu/api/access/datafile/5012021
doi:10.7910/DVN/XIITVH,A15_29314.jpg,5012023,https://dataverse.harvard.edu/api/access/datafile/5012023
doi:10.7910/DVN/QRLFXY,A15_29315.jpg,5012025,https://dataverse.harvard.edu/api/access/datafile/5012025
doi:10.7910/DVN/IUQ5GG,A15_29316.jpg,5012027,https://dataverse.harvard.edu/api/access/datafile/5012027
doi:10.7910/DVN/Z6TPDN,A15_29317.jpg,5012029,https://dataverse.harvard.edu/api/access/datafile/5012029
doi:10.7910/DVN/YIIPH8,A15_29318.jpg,5012031,https://dataverse.harvard.edu/api/access/datafile/5012031
doi:10.7910/DVN/GRKKMH,A15_29319.jpg,5012033,https://dataverse.harvard.edu/api/access/datafile/5012033
doi:10.7910/DVN/DGZO18,A15_29320.jpg,5012036,https://dataverse.harvard.edu/api/access/datafile/5012036
doi:10.7910/DVN/YDMU2R,A15_29321.jpg,5012038,https://dataverse.harvard.edu/api/access/datafile/5012038
doi:10.7910/DVN/0BOJMX,A15_29322.jpg,5012040,https://dataverse.harvard.edu/api/access/datafile/5012040
doi:10.7910/DVN/QYJVEI,A15_29322.jpg,5012042,https://dataverse.harvard.edu/api/access/datafile/5012042
doi:10.7910/DVN/KFCH5C,A15_29324.jpg,5012044,https://dataverse.harvard.edu/api/access/datafile/5012044
doi:10.7910/DVN/AEHS7O,A15_29325.jpg,5012046,https://dataverse.harvard.edu/api/access/datafile/5012046
doi:10.7910/DVN/UIDT0V,A15_29326.jpg,5012048,https://dataverse.harvard.edu/api/access/datafile/5012048
doi:10.7910/DVN/IL1QV9,A15_29327.jpg,5012050,https://dataverse.harvard.edu/api/access/datafile/5012050
doi:10.7910/DVN/X9WK3O,A15_29328.jpg,5012053,https://dataverse.harvard.edu/api/access/datafile/5012053
doi:10.7910/DVN/CGJRB1,A15_29329.jpg,5012055,https://dataverse.harvard.edu/api/access/datafile/5012055
doi:10.7910/DVN/IN76ZT,A15_29330.jpg,5012057,https://dataverse.harvard.edu/api/access/datafile/5012057
doi:10.7910/DVN/INOHAY,A15_29331.jpg,5012059,https://dataverse.harvard.edu/api/access/datafile/5012059
doi:10.7910/DVN/MAGXUT,A15_29332.jpg,5012061,https://dataverse.harvard.edu/api/access/datafile/5012061
doi:10.7910/DVN/PCKZAI,A15_29333.jpg,5012063,https://dataverse.harvard.edu/api/access/datafile/5012063
doi:10.7910/DVN/6YLBYS,A15_29334.jpg,5012065,https://dataverse.harvard.edu/api/access/datafile/5012065
doi:10.7910/DVN/NS6DME,A15_29335.jpg,5012067,https://dataverse.harvard.edu/api/access/datafile/5012067
doi:10.7910/DVN/RBGQ5U,A15_29336.jpg,5012070,https://dataverse.harvard.edu/api/access/datafile/5012070
doi:10.7910/DVN/3LMWPI,A15_29337.jpg,5012072,https://dataverse.harvard.edu/api/access/datafile/5012072
doi:10.7910/DVN/ZCXDF4,A15_29338.jpg,5012074,https://dataverse.harvard.edu/api/access/datafile/5012074
doi:10.7910/DVN/GZD264,A15_29339.jpg,5012076,https://dataverse.harvard.edu/api/access/datafile/5012076
doi:10.7910/DVN/5LVH7G,A15_29340.jpg,5012078,https://dataverse.harvard.edu/api/access/datafile/5012078
doi:10.7910/DVN/OHNEEV,A15_29341.jpg,5012081,https://dataverse.harvard.edu/api/access/datafile/5012081
doi:10.7910/DVN/SZGHKV,A15_29342.jpg,5012083,https://dataverse.harvard.edu/api/access/datafile/5012083
doi:10.7910/DVN/QLGQKB,A15_29343.jpg,5012085,https://dataverse.harvard.edu/api/access/datafile/5012085
doi:10.7910/DVN/WEX0NW,A15_29344.jpg,5012087,https://dataverse.harvard.edu/api/access/datafile/5012087
doi:10.7910/DVN/QKL2FU,A15_29345.jpg,5012090,https://dataverse.harvard.edu/api/access/datafile/5012090
doi:10.7910/DVN/LBYVGB,A15_29346.jpg,5012092,https://dataverse.harvard.edu/api/access/datafile/5012092
doi:10.7910/DVN/GLD6ZR,A15_29347.jpg,5012094,https://dataverse.harvard.edu/api/access/datafile/5012094
doi:10.7910/DVN/U48GHY,A15_29348.jpg,5012096,https://dataverse.harvard.edu/api/access/datafile/5012096
doi:10.7910/DVN/8E1ZFJ,A15_29349.jpg,5012098,https://dataverse.harvard.edu/api/access/datafile/5012098
doi:10.7910/DVN/C5IDDA,A15_29350.jpg,5012100,https://dataverse.harvard.edu/api/access/datafile/5012100
doi:10.7910/DVN/PHMLRG,A15_29351.jpg,5012102,https://dataverse.harvard.edu/api/access/datafile/5012102
doi:10.7910/DVN/OVHR6W,A15_29352.jpg,5012104,https://dataverse.harvard.edu/api/access/datafile/5012104
doi:10.7910/DVN/IJJNJL,A15_29353.jpg,5012106,https://dataverse.harvard.edu/api/access/datafile/5012106
doi:10.7910/DVN/1LJK2A,A15_29354.jpg,5012108,https://dataverse.harvard.edu/api/access/datafile/5012108
doi:10.7910/DVN/YFWZXV,A15_29355.jpg,5012110,https://dataverse.harvard.edu/api/access/datafile/5012110
doi:10.7910/DVN/NJPTVP,A15_29356.jpg,5012112,https://dataverse.harvard.edu/api/access/datafile/5012112
doi:10.7910/DVN/OPPJRN,A15_29357.jpg,5012114,https://dataverse.harvard.edu/api/access/datafile/5012114
doi:10.7910/DVN/2KQ96N,A15_29358.jpg,5012116,https://dataverse.harvard.edu/api/access/datafile/5012116
doi:10.7910/DVN/SXMUCT,A15_29359.jpg,5012118,https://dataverse.harvard.edu/api/access/datafile/5012118
doi:10.7910/DVN/YOERDH,A15_29360.jpg,5012120,https://dataverse.harvard.edu/api/access/datafile/5012120
doi:10.7910/DVN/0V3XY0,A15_29361.jpg,5012122,https://dataverse.harvard.edu/api/access/datafile/5012122
doi:10.7910/DVN/PSHK5C,A15_29362.jpg,5012124,https://dataverse.harvard.edu/api/access/datafile/5012124
doi:10.7910/DVN/SYKU7T,A15_29363.jpg,5012126,https://dataverse.harvard.edu/api/access/datafile/5012126
doi:10.7910/DVN/AKID6E,A15_29364.jpg,5012128,https://dataverse.harvard.edu/api/access/datafile/5012128
doi:10.7910/DVN/JAUG9G,A15_29365.jpg,5012130,https://dataverse.harvard.edu/api/access/datafile/5012130
doi:10.7910/DVN/ZZXUV9,A15_29366.jpg,5012132,https://dataverse.harvard.edu/api/access/datafile/5012132
doi:10.7910/DVN/LMSDOC,A15_29367.jpg,5012134,https://dataverse.harvard.edu/api/access/datafile/5012134
doi:10.7910/DVN/XMWIAA,A15_29368.jpg,5012136,https://dataverse.harvard.edu/api/access/datafile/5012136
doi:10.7910/DVN/PKQIXN,A15_29369.jpg,5012138,https://dataverse.harvard.edu/api/access/datafile/5012138
doi:10.7910/DVN/CDKJ9G,A15_29370.jpg,5012140,https://dataverse.harvard.edu/api/access/datafile/5012140
doi:10.7910/DVN/ZYGSPE,A15_29371.jpg,5012142,https://dataverse.harvard.edu/api/access/datafile/5012142
doi:10.7910/DVN/YPCBLP,A15_29372.jpg,5012144,https://dataverse.harvard.edu/api/access/datafile/5012144
doi:10.7910/DVN/QUMC4R,A15_29373.jpg,5012146,https://dataverse.harvard.edu/api/access/datafile/5012146
doi:10.7910/DVN/AVLQLP,A15_29374.jpg,5012148,https://dataverse.harvard.edu/api/access/datafile/5012148
doi:10.7910/DVN/VEUUHV,A15_29375.jpg,5012150,https://dataverse.harvard.edu/api/access/datafile/5012150
doi:10.7910/DVN/WUEMT6,A15_29376.jpg,5012152,https://dataverse.harvard.edu/api/access/datafile/5012152
doi:10.7910/DVN/9YY6CQ,A15_29377.jpg,5012154,https://dataverse.harvard.edu/api/access/datafile/5012154
doi:10.7910/DVN/0R48WL,A15_29378.jpg,5012156,https://dataverse.harvard.edu/api/access/datafile/5012156
doi:10.7910/DVN/XLN1SA,A15_29379.jpg,5012158,https://dataverse.harvard.edu/api/access/datafile/5012158
doi:10.7910/DVN/Y7CGU2,A15_29380.jpg,5012160,https://dataverse.harvard.edu/api/access/datafile/5012160
doi:10.7910/DVN/7TXXWX,A15_29381.jpg,5012162,https://dataverse.harvard.edu/api/access/datafile/5012162
doi:10.7910/DVN/OA2U0R,A15_29382.jpg,5012164,https://dataverse.harvard.edu/api/access/datafile/5012164
doi:10.7910/DVN/I3YKQS,A15_29383.jpg,5012166,https://dataverse.harvard.edu/api/access/datafile/5012166
doi:10.7910/DVN/HYKDGX,A15_29384.jpg,5012168,https://dataverse.harvard.edu/api/access/datafile/5012168
doi:10.7910/DVN/U6MFXR,A15_29385.jpg,5012170,https://dataverse.harvard.edu/api/access/datafile/5012170
doi:10.7910/DVN/ERAVBH,A15_29386.jpg,5012172,https://dataverse.harvard.edu/api/access/datafile/5012172
doi:10.7910/DVN/05GHZI,A15_29387.jpg,5012174,https://dataverse.harvard.edu/api/access/datafile/5012174
doi:10.7910/DVN/QPENYQ,A15_29388.jpg,5012176,https://dataverse.harvard.edu/api/access/datafile/5012176
doi:10.7910/DVN/5JD786,A15_29389.jpg,5012178,https://dataverse.harvard.edu/api/access/datafile/5012178
doi:10.7910/DVN/NDK6AQ,A15_29390.jpg,5012180,https://dataverse.harvard.edu/api/access/datafile/5012180
doi:10.7910/DVN/ZIN2LT,A15_29391.jpg,5012182,https://dataverse.harvard.edu/api/access/datafile/5012182
doi:10.7910/DVN/JMYN1A,A15_29392.jpg,5012184,https://dataverse.harvard.edu/api/access/datafile/5012184
doi:10.7910/DVN/LIFLSC,A15_29393.jpg,5012186,https://dataverse.harvard.edu/api/access/datafile/5012186
doi:10.7910/DVN/QI3O64,A15_29394.jpg,5012188,https://dataverse.harvard.edu/api/access/datafile/5012188
doi:10.7910/DVN/GZ1PUE,A15_29395.jpg,5012190,https://dataverse.harvard.edu/api/access/datafile/5012190
doi:10.7910/DVN/O79ANN,A15_29396.jpg,5012192,https://dataverse.harvard.edu/api/access/datafile/5012192
doi:10.7910/DVN/GXUMKY,A15_29397.jpg,5012194,https://dataverse.harvard.edu/api/access/datafile/5012194
doi:10.7910/DVN/XC45OJ,A15_29398.jpg,5012196,https://dataverse.harvard.edu/api/access/datafile/5012196
doi:10.7910/DVN/D1JBUN,A15_29399.jpg,5012198,https://dataverse.harvard.edu/api/access/datafile/5012198
doi:10.7910/DVN/EKIITQ,A15_29400.jpg,5012200,https://dataverse.harvard.edu/api/access/datafile/5012200
doi:10.7910/DVN/4P7S0N,A15_29401.jpg,5012202,https://dataverse.harvard.edu/api/access/datafile/5012202
doi:10.7910/DVN/A7KGJ8,A15_29402.jpg,5012204,https://dataverse.harvard.edu/api/access/datafile/5012204
doi:10.7910/DVN/IHWYIQ,A15_29403.jpg,5012206,https://dataverse.harvard.edu/api/access/datafile/5012206
doi:10.7910/DVN/YX9UBG,A15_29404.jpg,5012208,https://dataverse.harvard.edu/api/access/datafile/5012208
doi:10.7910/DVN/9QKG7X,A15_29405.jpg,5012210,https://dataverse.harvard.edu/api/access/datafile/5012210
doi:10.7910/DVN/HX25VK,A15_29406.jpg,5012212,https://dataverse.harvard.edu/api/access/datafile/5012212
doi:10.7910/DVN/IWEPTG,A15_29407.jpg,5012214,https://dataverse.harvard.edu/api/access/datafile/5012214
doi:10.7910/DVN/9QROMS,A15_29408.jpg,5012216,https://dataverse.harvard.edu/api/access/datafile/5012216
doi:10.7910/DVN/BT4LNT,A15_29409.jpg,5012218,https://dataverse.harvard.edu/api/access/datafile/5012218
doi:10.7910/DVN/JA0DA8,A15_29410.jpg,5012220,https://dataverse.harvard.edu/api/access/datafile/5012220
doi:10.7910/DVN/0HGIVK,A15_29411.jpg,5012222,https://dataverse.harvard.edu/api/access/datafile/5012222
doi:10.7910/DVN/PXRQPX,A15_29412.jpg,5012224,https://dataverse.harvard.edu/api/access/datafile/5012224
doi:10.7910/DVN/IH42V6,A15_29413.jpg,5012226,https://dataverse.harvard.edu/api/access/datafile/5012226
doi:10.7910/DVN/RTKWOF,A15_29414.jpg,5012228,https://dataverse.harvard.edu/api/access/datafile/5012228
doi:10.7910/DVN/7VKYQB,A15_29415.jpg,5012230,https://dataverse.harvard.edu/api/access/datafile/5012230
doi:10.7910/DVN/SAZYCO,A15_29416.jpg,5012232,https://dataverse.harvard.edu/api/access/datafile/5012232
doi:10.7910/DVN/WVQ787,A15_29417.jpg,5012234,https://dataverse.harvard.edu/api/access/datafile/5012234
doi:10.7910/DVN/NBKPG4,A15_29418.jpg,5012236,https://dataverse.harvard.edu/api/access/datafile/5012236
doi:10.7910/DVN/SEMZ7Y,A15_29419.jpg,5012238,https://dataverse.harvard.edu/api/access/datafile/5012238
doi:10.7910/DVN/HND7TF,A15_29420.jpg,5012240,https://dataverse.harvard.edu/api/access/datafile/5012240
doi:10.7910/DVN/F2PMJL,A15_29421.jpg,5012242,https://dataverse.harvard.edu/api/access/datafile/5012242
doi:10.7910/DVN/TC2X0L,A15_29422.jpg,5012244,https://dataverse.harvard.edu/api/access/datafile/5012244
doi:10.7910/DVN/J473ML,A15_29423.jpg,5012246,https://dataverse.harvard.edu/api/access/datafile/5012246
doi:10.7910/DVN/PKYQW9,A15_29424.jpg,5012248,https://dataverse.harvard.edu/api/access/datafile/5012248
doi:10.7910/DVN/LFRQSR,A15_29425.jpg,5012250,https://dataverse.harvard.edu/api/access/datafile/5012250
doi:10.7910/DVN/EKJ3OR,A15_29426.jpg,5012252,https://dataverse.harvard.edu/api/access/datafile/5012252
doi:10.7910/DVN/4R2ZRM,A15_29427.jpg,5012254,https://dataverse.harvard.edu/api/access/datafile/5012254
doi:10.7910/DVN/DPBJDM,A15_29428.jpg,5012256,https://dataverse.harvard.edu/api/access/datafile/5012256
doi:10.7910/DVN/RJH8LE,A15_29429.jpg,5012258,https://dataverse.harvard.edu/api/access/datafile/5012258
doi:10.7910/DVN/96E3GG,A15_29430.jpg,5012260,https://dataverse.harvard.edu/api/access/datafile/5012260
doi:10.7910/DVN/GXBLAU,A15_29431.jpg,5012262,https://dataverse.harvard.edu/api/access/datafile/5012262
doi:10.7910/DVN/7N3DUE,A15_29432.jpg,5012264,https://dataverse.harvard.edu/api/access/datafile/5012264
doi:10.7910/DVN/KCUHQJ,A15_29433.jpg,5012266,https://dataverse.harvard.edu/api/access/datafile/5012266
doi:10.7910/DVN/MJEQH0,A15_29434.jpg,5012268,https://dataverse.harvard.edu/api/access/datafile/5012268
doi:10.7910/DVN/WZFOLN,A15_29435.jpg,5012270,https://dataverse.harvard.edu/api/access/datafile/5012270
doi:10.7910/DVN/R4KCDJ,A15_29436.jpg,5012272,https://dataverse.harvard.edu/api/access/datafile/5012272
doi:10.7910/DVN/2P6ZYA,A15_29437.jpg,5012274,https://dataverse.harvard.edu/api/access/datafile/5012274
doi:10.7910/DVN/PPLDB9,A15_29438.jpg,5012276,https://dataverse.harvard.edu/api/access/datafile/5012276
doi:10.7910/DVN/WHTO26,A15_29439.jpg,5012278,https://dataverse.harvard.edu/api/access/datafile/5012278
doi:10.7910/DVN/ALF6FS,A15_29440.jpg,5012280,https://dataverse.harvard.edu/api/access/datafile/5012280
doi:10.7910/DVN/TESHOM,A15_29441.jpg,5012282,https://dataverse.harvard.edu/api/access/datafile/5012282
doi:10.7910/DVN/OREMKN,A15_29442.jpg,5012284,https://dataverse.harvard.edu/api/access/datafile/5012284
doi:10.7910/DVN/2RJ8J1,A15_29443.jpg,5012286,https://dataverse.harvard.edu/api/access/datafile/5012286
doi:10.7910/DVN/FMJ29J,A15_29444.jpg,5012288,https://dataverse.harvard.edu/api/access/datafile/5012288
doi:10.7910/DVN/IULNSQ,A15_29445.jpg,5012290,https://dataverse.harvard.edu/api/access/datafile/5012290
doi:10.7910/DVN/BD6SRE,A15_29446.jpg,5012292,https://dataverse.harvard.edu/api/access/datafile/5012292
doi:10.7910/DVN/EYDGOY,A15_29447.jpg,5012294,https://dataverse.harvard.edu/api/access/datafile/5012294
doi:10.7910/DVN/4KXCXW,A15_29448.jpg,5012296,https://dataverse.harvard.edu/api/access/datafile/5012296
doi:10.7910/DVN/KGAX4L,A15_29449.jpg,5012298,https://dataverse.harvard.edu/api/access/datafile/5012298
doi:10.7910/DVN/OWRKC6,A15_29450.jpg,5012300,https://dataverse.harvard.edu/api/access/datafile/5012300
doi:10.7910/DVN/NVSEHM,A15_29451.jpg,5012302,https://dataverse.harvard.edu/api/access/datafile/5012302
doi:10.7910/DVN/MCNZ2O,A15_29452.jpg,5012304,https://dataverse.harvard.edu/api/access/datafile/5012304
doi:10.7910/DVN/XBBH6X,A15_29453.jpg,5012306,https://dataverse.harvard.edu/api/access/datafile/5012306
doi:10.7910/DVN/SXVPVH,A15_29454.jpg,5012308,https://dataverse.harvard.edu/api/access/datafile/5012308
doi:10.7910/DVN/KC7UPA,A15_29455.jpg,5012310,https://dataverse.harvard.edu/api/access/datafile/5012310
doi:10.7910/DVN/8ZUD3G,A15_29456.jpg,5012312,https://dataverse.harvard.edu/api/access/datafile/5012312
doi:10.7910/DVN/OKWAQP,A15_29457.jpg,5012314,https://dataverse.harvard.edu/api/access/datafile/5012314
doi:10.7910/DVN/CVYZGJ,A15_29458.jpg,5012316,https://dataverse.harvard.edu/api/access/datafile/5012316
doi:10.7910/DVN/TYWMQQ,A15_29459.jpg,5012318,https://dataverse.harvard.edu/api/access/datafile/5012318
doi:10.7910/DVN/5BZBBJ,A15_29460.jpg,5012320,https://dataverse.harvard.edu/api/access/datafile/5012320
doi:10.7910/DVN/2ZSHTM,A15_29461.jpg,5012322,https://dataverse.harvard.edu/api/access/datafile/5012322
doi:10.7910/DVN/NHBI2Q,A15_29462.jpg,5012324,https://dataverse.harvard.edu/api/access/datafile/5012324
doi:10.7910/DVN/0VOVKO,A15_29463.jpg,5012326,https://dataverse.harvard.edu/api/access/datafile/5012326
doi:10.7910/DVN/SIUISC,A15_29464.jpg,5012328,https://dataverse.harvard.edu/api/access/datafile/5012328
doi:10.7910/DVN/HELSYM,A15_29465.jpg,5012330,https://dataverse.harvard.edu/api/access/datafile/5012330
doi:10.7910/DVN/CXLVVD,A15_29466.jpg,5012332,https://dataverse.harvard.edu/api/access/datafile/5012332
doi:10.7910/DVN/TQRUJA,A15_29467.jpg,5012334,https://dataverse.harvard.edu/api/access/datafile/5012334
doi:10.7910/DVN/6SVSL7,A15_29468.jpg,5012336,https://dataverse.harvard.edu/api/access/datafile/5012336
doi:10.7910/DVN/LETAR7,A15_29469.jpg,5012338,https://dataverse.harvard.edu/api/access/datafile/5012338
doi:10.7910/DVN/VYML7Q,A15_29470.jpg,5012340,https://dataverse.harvard.edu/api/access/datafile/5012340
doi:10.7910/DVN/I3IX7G,A15_29471.jpg,5012342,https://dataverse.harvard.edu/api/access/datafile/5012342
doi:10.7910/DVN/TWIEZV,A15_29472.jpg,5012344,https://dataverse.harvard.edu/api/access/datafile/5012344
doi:10.7910/DVN/SIL0EK,A15_29473.jpg,5012346,https://dataverse.harvard.edu/api/access/datafile/5012346
doi:10.7910/DVN/WHURY4,A15_29474.jpg,5012348,https://dataverse.harvard.edu/api/access/datafile/5012348
doi:10.7910/DVN/KMFAHA,A15_29475.jpg,5012350,https://dataverse.harvard.edu/api/access/datafile/5012350
doi:10.7910/DVN/QYDG0V,A15_29476.jpg,5012352,https://dataverse.harvard.edu/api/access/datafile/5012352
doi:10.7910/DVN/SFJ5GT,A15_29477.jpg,5012354,https://dataverse.harvard.edu/api/access/datafile/5012354
doi:10.7910/DVN/W1YFLX,A15_29478.jpg,5012356,https://dataverse.harvard.edu/api/access/datafile/5012356
doi:10.7910/DVN/KHEEEW,A15_29479.jpg,5012358,https://dataverse.harvard.edu/api/access/datafile/5012358
doi:10.7910/DVN/5TQCZF,A15_29480.jpg,5012360,https://dataverse.harvard.edu/api/access/datafile/5012360
doi:10.7910/DVN/C8B4MV,A15_29481.jpg,5012362,https://dataverse.harvard.edu/api/access/datafile/5012362
doi:10.7910/DVN/BEHGNZ,A15_29482.jpg,5012364,https://dataverse.harvard.edu/api/access/datafile/5012364
doi:10.7910/DVN/B3QHOE,A15_29483.jpg,5012366,https://dataverse.harvard.edu/api/access/datafile/5012366
doi:10.7910/DVN/QACOJX,A15_29484.jpg,5012368,https://dataverse.harvard.edu/api/access/datafile/5012368
doi:10.7910/DVN/6UFXAU,A15_29485.jpg,5012370,https://dataverse.harvard.edu/api/access/datafile/5012370
doi:10.7910/DVN/CZM2H7,A15_29486.jpg,5012372,https://dataverse.harvard.edu/api/access/datafile/5012372
doi:10.7910/DVN/BBMWHV,A15_29487.jpg,5012374,https://dataverse.harvard.edu/api/access/datafile/5012374
doi:10.7910/DVN/QJWYUH,A15_29488.jpg,5012376,https://dataverse.harvard.edu/api/access/datafile/5012376
doi:10.7910/DVN/A2NZFM,A15_29489.jpg,5012378,https://dataverse.harvard.edu/api/access/datafile/5012378
doi:10.7910/DVN/7WCTX4,A15_29490.jpg,5012380,https://dataverse.harvard.edu/api/access/datafile/5012380
doi:10.7910/DVN/TJ14ZH,A15_29491.jpg,5012382,https://dataverse.harvard.edu/api/access/datafile/5012382
doi:10.7910/DVN/GW9CEZ,A15_29492.jpg,5012384,https://dataverse.harvard.edu/api/access/datafile/5012384
doi:10.7910/DVN/W8BBYD,A15_29493.jpg,5012386,https://dataverse.harvard.edu/api/access/datafile/5012386
doi:10.7910/DVN/4SVH05,A15_29494.jpg,5012388,https://dataverse.harvard.edu/api/access/datafile/5012388
doi:10.7910/DVN/42ZEHG,A15_29495.jpg,5012390,https://dataverse.harvard.edu/api/access/datafile/5012390
doi:10.7910/DVN/3TUOAV,A15_29496.jpg,5012392,https://dataverse.harvard.edu/api/access/datafile/5012392
doi:10.7910/DVN/RKM6JF,A15_29497.jpg,5012394,https://dataverse.harvard.edu/api/access/datafile/5012394
doi:10.7910/DVN/LL5DAL,A15_29498.jpg,5012396,https://dataverse.harvard.edu/api/access/datafile/5012396
doi:10.7910/DVN/UYLDFO,A15_29499.jpg,5012398,https://dataverse.harvard.edu/api/access/datafile/5012398
doi:10.7910/DVN/VF087P,A15_29500.jpg,5012400,https://dataverse.harvard.edu/api/access/datafile/5012400
doi:10.7910/DVN/5FTMRR,A15_29501.jpg,5012402,https://dataverse.harvard.edu/api/access/datafile/5012402
doi:10.7910/DVN/G9KJ9U,A15_29502.jpg,5012404,https://dataverse.harvard.edu/api/access/datafile/5012404
doi:10.7910/DVN/GR0UC5,A15_29503.jpg,5012406,https://dataverse.harvard.edu/api/access/datafile/5012406
doi:10.7910/DVN/QSDYYA,A15_29504.jpg,5012408,https://dataverse.harvard.edu/api/access/datafile/5012408
doi:10.7910/DVN/HTKCWA,A15_29505.jpg,5012410,https://dataverse.harvard.edu/api/access/datafile/5012410
doi:10.7910/DVN/R1ROWP,A15_29506.jpg,5012412,https://dataverse.harvard.edu/api/access/datafile/5012412
doi:10.7910/DVN/WWCJJP,A15_29507.jpg,5012414,https://dataverse.harvard.edu/api/access/datafile/5012414
doi:10.7910/DVN/Z7OJKX,A15_29508.jpg,5012416,https://dataverse.harvard.edu/api/access/datafile/5012416
doi:10.7910/DVN/PCGMQN,A15_29509.jpg,5012418,https://dataverse.harvard.edu/api/access/datafile/5012418
doi:10.7910/DVN/QUOTPP,A15_29510.jpg,5012420,https://dataverse.harvard.edu/api/access/datafile/5012420
doi:10.7910/DVN/E0S32Y,A15_29511.jpg,5012422,https://dataverse.harvard.edu/api/access/datafile/5012422
doi:10.7910/DVN/9T4JYX,A15_29512.jpg,5012424,https://dataverse.harvard.edu/api/access/datafile/5012424
doi:10.7910/DVN/2ZUVFB,A15_29513.jpg,5012426,https://dataverse.harvard.edu/api/access/datafile/5012426
doi:10.7910/DVN/GZAOIU,A15_29514.jpg,5012428,https://dataverse.harvard.edu/api/access/datafile/5012428
doi:10.7910/DVN/PFWSPV,A15_29515.jpg,5012430,https://dataverse.harvard.edu/api/access/datafile/5012430
doi:10.7910/DVN/PUTMS1,A15_29516.jpg,5012432,https://dataverse.harvard.edu/api/access/datafile/5012432
doi:10.7910/DVN/CZZ63U,A15_29517.jpg,5012434,https://dataverse.harvard.edu/api/access/datafile/5012434
doi:10.7910/DVN/NP9W0O,A15_29518.jpg,5012436,https://dataverse.harvard.edu/api/access/datafile/5012436
doi:10.7910/DVN/QOOVRX,A15_29519.jpg,5012438,https://dataverse.harvard.edu/api/access/datafile/5012438
doi:10.7910/DVN/YARN7V,A15_29520.jpg,5012440,https://dataverse.harvard.edu/api/access/datafile/5012440
doi:10.7910/DVN/T1V6TG,A15_29521.jpg,5012442,https://dataverse.harvard.edu/api/access/datafile/5012442
doi:10.7910/DVN/UYWLSF,A15_29522.jpg,5012444,https://dataverse.harvard.edu/api/access/datafile/5012444
doi:10.7910/DVN/RFURZT,A15_29523.jpg,5012446,https://dataverse.harvard.edu/api/access/datafile/5012446
doi:10.7910/DVN/40DSUH,A15_29524.jpg,5012448,https://dataverse.harvard.edu/api/access/datafile/5012448
doi:10.7910/DVN/5YOWAI,A15_29525.jpg,5012450,https://dataverse.harvard.edu/api/access/datafile/5012450
doi:10.7910/DVN/V18B8O,A15_29526.jpg,5012452,https://dataverse.harvard.edu/api/access/datafile/5012452
doi:10.7910/DVN/F9HHDR,A15_29527.jpg,5012454,https://dataverse.harvard.edu/api/access/datafile/5012454
doi:10.7910/DVN/1HA45W,A15_29528.jpg,5012456,https://dataverse.harvard.edu/api/access/datafile/5012456
doi:10.7910/DVN/T9GQ5X,A15_29529.jpg,5012458,https://dataverse.harvard.edu/api/access/datafile/5012458
doi:10.7910/DVN/W3UC7I,A15_29530.jpg,5012460,https://dataverse.harvard.edu/api/access/datafile/5012460
doi:10.7910/DVN/ZUBMSC,A15_29531.jpg,5012462,https://dataverse.harvard.edu/api/access/datafile/5012462
doi:10.7910/DVN/JLC9DT,A15_29532.jpg,5012464,https://dataverse.harvard.edu/api/access/datafile/5012464
doi:10.7910/DVN/O9QOFN,A15_29533.jpg,5012466,https://dataverse.harvard.edu/api/access/datafile/5012466
doi:10.7910/DVN/FTMZSO,A15_29534.jpg,5012468,https://dataverse.harvard.edu/api/access/datafile/5012468
doi:10.7910/DVN/U6Q3UL,A15_29535.jpg,5012470,https://dataverse.harvard.edu/api/access/datafile/5012470
doi:10.7910/DVN/YMZ1OV,A15_29536.jpg,5012472,https://dataverse.harvard.edu/api/access/datafile/5012472
doi:10.7910/DVN/JLGE31,A15_29537.jpg,5012474,https://dataverse.harvard.edu/api/access/datafile/5012474
doi:10.7910/DVN/ZX9GQE,A15_29538.jpg,5012476,https://dataverse.harvard.edu/api/access/datafile/5012476
doi:10.7910/DVN/QLISGK,A15_29539.jpg,5012478,https://dataverse.harvard.edu/api/access/datafile/5012478
doi:10.7910/DVN/CMBKG0,A15_29540.jpg,5012480,https://dataverse.harvard.edu/api/access/datafile/5012480
doi:10.7910/DVN/ULVGHU,A15_29541.jpg,5012482,https://dataverse.harvard.edu/api/access/datafile/5012482
doi:10.7910/DVN/D9Z7UM,A15_29542.jpg,5012484,https://dataverse.harvard.edu/api/access/datafile/5012484
doi:10.7910/DVN/0UDMUE,A15_29543.jpg,5012486,https://dataverse.harvard.edu/api/access/datafile/5012486
doi:10.7910/DVN/MKO9ML,A15_29544.jpg,5012488,https://dataverse.harvard.edu/api/access/datafile/5012488
doi:10.7910/DVN/VJECVX,A15_29545.jpg,5012490,https://dataverse.harvard.edu/api/access/datafile/5012490
doi:10.7910/DVN/6GNBGO,A15_29546.jpg,5012492,https://dataverse.harvard.edu/api/access/datafile/5012492
doi:10.7910/DVN/08VZDQ,A15_29547.jpg,5012494,https://dataverse.harvard.edu/api/access/datafile/5012494
doi:10.7910/DVN/72L67A,A15_29548.jpg,5012496,https://dataverse.harvard.edu/api/access/datafile/5012496
doi:10.7910/DVN/CPS8T3,A15_29549.jpg,5012498,https://dataverse.harvard.edu/api/access/datafile/5012498
doi:10.7910/DVN/DYFT7H,A15_29550.jpg,5012500,https://dataverse.harvard.edu/api/access/datafile/5012500
doi:10.7910/DVN/529S5D,A15_29551.jpg,5012502,https://dataverse.harvard.edu/api/access/datafile/5012502
doi:10.7910/DVN/VG14F1,A15_29552.jpg,5012504,https://dataverse.harvard.edu/api/access/datafile/5012504
doi:10.7910/DVN/X3TMIF,A15_29553.jpg,5012506,https://dataverse.harvard.edu/api/access/datafile/5012506
doi:10.7910/DVN/RBESPG,A15_29554.jpg,5012508,https://dataverse.harvard.edu/api/access/datafile/5012508
doi:10.7910/DVN/P6NTQY,A15_29555.jpg,5012510,https://dataverse.harvard.edu/api/access/datafile/5012510
doi:10.7910/DVN/NMXSKF,A15_29556.jpg,5012512,https://dataverse.harvard.edu/api/access/datafile/5012512
doi:10.7910/DVN/RAWIMA,A15_29557.jpg,5012514,https://dataverse.harvard.edu/api/access/datafile/5012514
doi:10.7910/DVN/QWYOS5,A15_29558.jpg,5012516,https://dataverse.harvard.edu/api/access/datafile/5012516
doi:10.7910/DVN/ZCM6O1,A15_29559.jpg,5012518,https://dataverse.harvard.edu/api/access/datafile/5012518
doi:10.7910/DVN/HYKINR,A15_29560.jpg,5012520,https://dataverse.harvard.edu/api/access/datafile/5012520
doi:10.7910/DVN/2S7VJN,A15_29561.jpg,5012522,https://dataverse.harvard.edu/api/access/datafile/5012522
doi:10.7910/DVN/QJC56C,A15_29562.jpg,5012524,https://dataverse.harvard.edu/api/access/datafile/5012524
doi:10.7910/DVN/4T2YT7,A15_29563.jpg,5012526,https://dataverse.harvard.edu/api/access/datafile/5012526
doi:10.7910/DVN/X30UQH,A15_29564.jpg,5012528,https://dataverse.harvard.edu/api/access/datafile/5012528
doi:10.7910/DVN/GXVMTQ,A15_29565.jpg,5012530,https://dataverse.harvard.edu/api/access/datafile/5012530
doi:10.7910/DVN/F7LD8T,A15_29566.jpg,5012532,https://dataverse.harvard.edu/api/access/datafile/5012532
doi:10.7910/DVN/EAILIB,A15_29567.jpg,5012534,https://dataverse.harvard.edu/api/access/datafile/5012534
doi:10.7910/DVN/ZA7ZWV,A15_29568.jpg,5012538,https://dataverse.harvard.edu/api/access/datafile/5012538
doi:10.7910/DVN/IS5I09,A15_29569.jpg,5012540,https://dataverse.harvard.edu/api/access/datafile/5012540
doi:10.7910/DVN/NCG0VC,A15_29570.jpg,5012542,https://dataverse.harvard.edu/api/access/datafile/5012542
doi:10.7910/DVN/FKSH6M,A15_29571.jpg,5012544,https://dataverse.harvard.edu/api/access/datafile/5012544
doi:10.7910/DVN/LKM8WL,A15_29572.jpg,5012546,https://dataverse.harvard.edu/api/access/datafile/5012546
doi:10.7910/DVN/XKXXEJ,A15_29573.jpg,5012548,https://dataverse.harvard.edu/api/access/datafile/5012548
doi:10.7910/DVN/4YNSRD,A15_29574.jpg,5012550,https://dataverse.harvard.edu/api/access/datafile/5012550
doi:10.7910/DVN/5C9PGM,A15_29575.jpg,5012552,https://dataverse.harvard.edu/api/access/datafile/5012552
doi:10.7910/DVN/2ZKGUI,A15_29576.jpg,5012554,https://dataverse.harvard.edu/api/access/datafile/5012554
doi:10.7910/DVN/77JZNK,A15_29577.jpg,5012556,https://dataverse.harvard.edu/api/access/datafile/5012556
doi:10.7910/DVN/OGJMPS,A15_29578.jpg,5012558,https://dataverse.harvard.edu/api/access/datafile/5012558
doi:10.7910/DVN/JIDOEJ,A15_29579.jpg,5012560,https://dataverse.harvard.edu/api/access/datafile/5012560
doi:10.7910/DVN/MSLOJ3,A15_29580.jpg,5012562,https://dataverse.harvard.edu/api/access/datafile/5012562
doi:10.7910/DVN/OIY8ZU,A15_29581.jpg,5012564,https://dataverse.harvard.edu/api/access/datafile/5012564
doi:10.7910/DVN/L4CCIL,A15_29582.jpg,5012566,https://dataverse.harvard.edu/api/access/datafile/5012566
doi:10.7910/DVN/GYUXJF,A15_29583.jpg,5012568,https://dataverse.harvard.edu/api/access/datafile/5012568
doi:10.7910/DVN/B7OVJS,A15_29584.jpg,5012570,https://dataverse.harvard.edu/api/access/datafile/5012570
doi:10.7910/DVN/UMLXNF,A15_29585.jpg,5012572,https://dataverse.harvard.edu/api/access/datafile/5012572
doi:10.7910/DVN/RFATKD,A15_29586.jpg,5012574,https://dataverse.harvard.edu/api/access/datafile/5012574
doi:10.7910/DVN/FARAMH,A15_29587.jpg,5012576,https://dataverse.harvard.edu/api/access/datafile/5012576
doi:10.7910/DVN/VF2BUL,A15_29588.jpg,5012578,https://dataverse.harvard.edu/api/access/datafile/5012578
doi:10.7910/DVN/XIUMWA,A15_29589.jpg,5012580,https://dataverse.harvard.edu/api/access/datafile/5012580
doi:10.7910/DVN/OAT7BC,A15_29590.jpg,5012582,https://dataverse.harvard.edu/api/access/datafile/5012582
doi:10.7910/DVN/ADWKBF,A15_29591.jpg,5012584,https://dataverse.harvard.edu/api/access/datafile/5012584
doi:10.7910/DVN/BREOLE,A15_29592.jpg,5012586,https://dataverse.harvard.edu/api/access/datafile/5012586
doi:10.7910/DVN/J7XS4R,A15_29593.jpg,5012588,https://dataverse.harvard.edu/api/access/datafile/5012588
doi:10.7910/DVN/8TLJHD,A15_29594.jpg,5012590,https://dataverse.harvard.edu/api/access/datafile/5012590
doi:10.7910/DVN/MA96HS,A15_29595.jpg,5012592,https://dataverse.harvard.edu/api/access/datafile/5012592
doi:10.7910/DVN/STSWQV,A15_29596.jpg,5012594,https://dataverse.harvard.edu/api/access/datafile/5012594
doi:10.7910/DVN/ELVVDS,A15_29597.jpg,5012596,https://dataverse.harvard.edu/api/access/datafile/5012596
doi:10.7910/DVN/OX61KJ,A15_29598.jpg,5012598,https://dataverse.harvard.edu/api/access/datafile/5012598
doi:10.7910/DVN/LAJRGW,A15_29599.jpg,5012600,https://dataverse.harvard.edu/api/access/datafile/5012600
doi:10.7910/DVN/WJ5S0O,A15_29600.jpg,5012602,https://dataverse.harvard.edu/api/access/datafile/5012602
doi:10.7910/DVN/YGOJX7,A15_29601.jpg,5012604,https://dataverse.harvard.edu/api/access/datafile/5012604
doi:10.7910/DVN/D2NKHW,A15_29602.jpg,5012606,https://dataverse.harvard.edu/api/access/datafile/5012606
doi:10.7910/DVN/EO5Y1Q,A15_29603.jpg,5012608,https://dataverse.harvard.edu/api/access/datafile/5012608
doi:10.7910/DVN/DWURNF,A15_29604.jpg,5012610,https://dataverse.harvard.edu/api/access/datafile/5012610
doi:10.7910/DVN/UDO6ZU,A15_29605.jpg,5012612,https://dataverse.harvard.edu/api/access/datafile/5012612
doi:10.7910/DVN/3XYDPI,A15_29606.jpg,5012614,https://dataverse.harvard.edu/api/access/datafile/5012614
doi:10.7910/DVN/EPPSL3,A15_29607.jpg,5012616,https://dataverse.harvard.edu/api/access/datafile/5012616
doi:10.7910/DVN/IRPFHA,A15_29608.jpg,5012618,https://dataverse.harvard.edu/api/access/datafile/5012618
doi:10.7910/DVN/DKTL7E,A15_29609.jpg,5012620,https://dataverse.harvard.edu/api/access/datafile/5012620
doi:10.7910/DVN/VREJ6T,A15_29610.jpg,5012622,https://dataverse.harvard.edu/api/access/datafile/5012622
doi:10.7910/DVN/VTVOEU,A15_29611.jpg,5012624,https://dataverse.harvard.edu/api/access/datafile/5012624
doi:10.7910/DVN/AUM2UK,A15_29612.jpg,5012626,https://dataverse.harvard.edu/api/access/datafile/5012626
doi:10.7910/DVN/HQYKUV,A15_29613.jpg,5012628,https://dataverse.harvard.edu/api/access/datafile/5012628
doi:10.7910/DVN/D0X4UQ,A15_29614.jpg,5012630,https://dataverse.harvard.edu/api/access/datafile/5012630
doi:10.7910/DVN/QRCZVX,A15_29615.jpg,5012632,https://dataverse.harvard.edu/api/access/datafile/5012632
doi:10.7910/DVN/B6P15F,A15_29616.jpg,5012634,https://dataverse.harvard.edu/api/access/datafile/5012634
doi:10.7910/DVN/ZE5BTR,A15_29617.jpg,5012636,https://dataverse.harvard.edu/api/access/datafile/5012636
doi:10.7910/DVN/QYHI3X,A15_29618.jpg,5012638,https://dataverse.harvard.edu/api/access/datafile/5012638
doi:10.7910/DVN/8TUDLO,A15_29619.jpg,5012642,https://dataverse.harvard.edu/api/access/datafile/5012642
doi:10.7910/DVN/H5FGRP,A15_29620.jpg,5012644,https://dataverse.harvard.edu/api/access/datafile/5012644
doi:10.7910/DVN/CVZ6UM,A15_29621.jpg,5012646,https://dataverse.harvard.edu/api/access/datafile/5012646
doi:10.7910/DVN/ISW6EI,A15_29622.jpg,5012649,https://dataverse.harvard.edu/api/access/datafile/5012649
doi:10.7910/DVN/LYUOG9,A15_29623.jpg,5012651,https://dataverse.harvard.edu/api/access/datafile/5012651
doi:10.7910/DVN/U7J0HA,A15_29624.jpg,5012653,https://dataverse.harvard.edu/api/access/datafile/5012653
doi:10.7910/DVN/GEBCB9,A15_29625.jpg,5012655,https://dataverse.harvard.edu/api/access/datafile/5012655
doi:10.7910/DVN/ZSJLCW,A15_29626.jpg,5012657,https://dataverse.harvard.edu/api/access/datafile/5012657
doi:10.7910/DVN/0SVHLR,A15_29627.jpg,5012659,https://dataverse.harvard.edu/api/access/datafile/5012659
doi:10.7910/DVN/T6G0LG,A15_29628.jpg,5012661,https://dataverse.harvard.edu/api/access/datafile/5012661
doi:10.7910/DVN/GTGGX4,A15_29629.jpg,5012663,https://dataverse.harvard.edu/api/access/datafile/5012663
doi:10.7910/DVN/4QGSI5,A15_29630.jpg,5012665,https://dataverse.harvard.edu/api/access/datafile/5012665
doi:10.7910/DVN/LGYS2V,A15_29631.jpg,5012667,https://dataverse.harvard.edu/api/access/datafile/5012667
doi:10.7910/DVN/C4TUTM,A15_29632.jpg,5012669,https://dataverse.harvard.edu/api/access/datafile/5012669
doi:10.7910/DVN/0GBC2T,A15_29633.jpg,5012671,https://dataverse.harvard.edu/api/access/datafile/5012671
doi:10.7910/DVN/B0NAWP,A15_29634.jpg,5012673,https://dataverse.harvard.edu/api/access/datafile/5012673
doi:10.7910/DVN/VAA21R,A15_29635.jpg,5012675,https://dataverse.harvard.edu/api/access/datafile/5012675
doi:10.7910/DVN/FLTZUP,A15_29636.jpg,5012677,https://dataverse.harvard.edu/api/access/datafile/5012677
doi:10.7910/DVN/FJGFTL,A15_29637.jpg,5012679,https://dataverse.harvard.edu/api/access/datafile/5012679
doi:10.7910/DVN/8T4P4O,A15_29638.jpg,5012681,https://dataverse.harvard.edu/api/access/datafile/5012681
doi:10.7910/DVN/GPPU6U,A15_29639.jpg,5012683,https://dataverse.harvard.edu/api/access/datafile/5012683
doi:10.7910/DVN/GOUQLA,A15_29640.jpg,5012685,https://dataverse.harvard.edu/api/access/datafile/5012685
doi:10.7910/DVN/FWO7S1,A15_29641.jpg,5012687,https://dataverse.harvard.edu/api/access/datafile/5012687
doi:10.7910/DVN/KKWQ0K,A15_29642.jpg,5012689,https://dataverse.harvard.edu/api/access/datafile/5012689
doi:10.7910/DVN/ZW0ZNS,A15_29643.jpg,5012691,https://dataverse.harvard.edu/api/access/datafile/5012691
doi:10.7910/DVN/MCYQSN,A15_29644.jpg,5012693,https://dataverse.harvard.edu/api/access/datafile/5012693
doi:10.7910/DVN/SSTHFR,A15_29645.jpg,5012695,https://dataverse.harvard.edu/api/access/datafile/5012695
doi:10.7910/DVN/PV2LYO,A15_29646.jpg,5012697,https://dataverse.harvard.edu/api/access/datafile/5012697
doi:10.7910/DVN/OVTH8U,A15_29647.jpg,5012699,https://dataverse.harvard.edu/api/access/datafile/5012699
doi:10.7910/DVN/L2ELHY,A15_29648.jpg,5012701,https://dataverse.harvard.edu/api/access/datafile/5012701
doi:10.7910/DVN/DNIPPE,A15_29649.jpg,5012703,https://dataverse.harvard.edu/api/access/datafile/5012703
doi:10.7910/DVN/KQP1VM,A15_29650.jpg,5012705,https://dataverse.harvard.edu/api/access/datafile/5012705
doi:10.7910/DVN/GSKLP9,A15_29651.jpg,5012708,https://dataverse.harvard.edu/api/access/datafile/5012708
doi:10.7910/DVN/BLXK6K,A15_29652.jpg,5012710,https://dataverse.harvard.edu/api/access/datafile/5012710
doi:10.7910/DVN/MLPZD5,A15_29653.jpg,5012712,https://dataverse.harvard.edu/api/access/datafile/5012712
doi:10.7910/DVN/ZVT9HK,A15_29654.jpg,5012714,https://dataverse.harvard.edu/api/access/datafile/5012714
doi:10.7910/DVN/EPXUXW,A15_29655.jpg,5012716,https://dataverse.harvard.edu/api/access/datafile/5012716
doi:10.7910/DVN/YOKMJT,A15_29656.jpg,5012718,https://dataverse.harvard.edu/api/access/datafile/5012718
doi:10.7910/DVN/P0LZUH,A15_29657.jpg,5012720,https://dataverse.harvard.edu/api/access/datafile/5012720
doi:10.7910/DVN/RNTZNQ,A15_29658.jpg,5012722,https://dataverse.harvard.edu/api/access/datafile/5012722
doi:10.7910/DVN/ZTQ1PI,A15_29659.jpg,5012724,https://dataverse.harvard.edu/api/access/datafile/5012724
doi:10.7910/DVN/WPHK2B,A15_29660.jpg,5012726,https://dataverse.harvard.edu/api/access/datafile/5012726
doi:10.7910/DVN/UCD2GE,A15_29661.jpg,5012728,https://dataverse.harvard.edu/api/access/datafile/5012728
doi:10.7910/DVN/PIBKPA,A15_29662.jpg,5012730,https://dataverse.harvard.edu/api/access/datafile/5012730
doi:10.7910/DVN/26O9HH,A15_29663.jpg,5012732,https://dataverse.harvard.edu/api/access/datafile/5012732
doi:10.7910/DVN/XEKU43,A15_29664.jpg,5012734,https://dataverse.harvard.edu/api/access/datafile/5012734
doi:10.7910/DVN/H6VSGT,A15_29665.jpg,5012736,https://dataverse.harvard.edu/api/access/datafile/5012736
doi:10.7910/DVN/XA2TZJ,A15_29666.jpg,5012738,https://dataverse.harvard.edu/api/access/datafile/5012738
doi:10.7910/DVN/7NRXLN,A15_29667.jpg,5012740,https://dataverse.harvard.edu/api/access/datafile/5012740
doi:10.7910/DVN/LNOWW8,A15_29668.jpg,5012742,https://dataverse.harvard.edu/api/access/datafile/5012742
doi:10.7910/DVN/E2DW6H,A15_29669.jpg,5012744,https://dataverse.harvard.edu/api/access/datafile/5012744
doi:10.7910/DVN/MQDNEG,A15_29670.jpg,5012746,https://dataverse.harvard.edu/api/access/datafile/5012746
doi:10.7910/DVN/WCWYGR,A15_29671.jpg,5012748,https://dataverse.harvard.edu/api/access/datafile/5012748
doi:10.7910/DVN/7W0EBH,A15_29672.jpg,5012750,https://dataverse.harvard.edu/api/access/datafile/5012750
doi:10.7910/DVN/8OCCF4,A15_29673.jpg,5012752,https://dataverse.harvard.edu/api/access/datafile/5012752
doi:10.7910/DVN/RK6B2Y,A15_29674.jpg,5012754,https://dataverse.harvard.edu/api/access/datafile/5012754
doi:10.7910/DVN/NK4GWN,A15_29675.jpg,5012756,https://dataverse.harvard.edu/api/access/datafile/5012756
doi:10.7910/DVN/Z4JA7X,A15_29676.jpg,5012758,https://dataverse.harvard.edu/api/access/datafile/5012758
doi:10.7910/DVN/ACH1F7,A15_29677.jpg,5012760,https://dataverse.harvard.edu/api/access/datafile/5012760
doi:10.7910/DVN/OTU5HO,A15_29678.jpg,5012762,https://dataverse.harvard.edu/api/access/datafile/5012762
doi:10.7910/DVN/CPWS9A,A15_29679.jpg,5012764,https://dataverse.harvard.edu/api/access/datafile/5012764
doi:10.7910/DVN/3MSTCK,A15_29680.jpg,5012766,https://dataverse.harvard.edu/api/access/datafile/5012766
doi:10.7910/DVN/PMBQAT,A15_29681.jpg,5012768,https://dataverse.harvard.edu/api/access/datafile/5012768
doi:10.7910/DVN/FSQHGX,A15_29682.jpg,5012770,https://dataverse.harvard.edu/api/access/datafile/5012770
doi:10.7910/DVN/B1ZYA7,A15_29683.jpg,5012772,https://dataverse.harvard.edu/api/access/datafile/5012772
doi:10.7910/DVN/LDUCMF,A15_29684.jpg,5012774,https://dataverse.harvard.edu/api/access/datafile/5012774
doi:10.7910/DVN/UOKLV3,A15_29685.jpg,5012776,https://dataverse.harvard.edu/api/access/datafile/5012776
doi:10.7910/DVN/5SYH8T,A15_29686.jpg,5012778,https://dataverse.harvard.edu/api/access/datafile/5012778
doi:10.7910/DVN/WEXSTH,A15_29687.jpg,5012780,https://dataverse.harvard.edu/api/access/datafile/5012780
doi:10.7910/DVN/K2BNNS,A15_29688.jpg,5012782,https://dataverse.harvard.edu/api/access/datafile/5012782
doi:10.7910/DVN/KZQZWE,A15_29689.jpg,5012784,https://dataverse.harvard.edu/api/access/datafile/5012784
doi:10.7910/DVN/MR8AQ6,A15_29690.jpg,5012786,https://dataverse.harvard.edu/api/access/datafile/5012786
doi:10.7910/DVN/QMLCIQ,A15_29691.jpg,5012788,https://dataverse.harvard.edu/api/access/datafile/5012788
doi:10.7910/DVN/NHASQP,A15_29692.jpg,5012790,https://dataverse.harvard.edu/api/access/datafile/5012790
doi:10.7910/DVN/WROHGD,A15_29693.jpg,5012792,https://dataverse.harvard.edu/api/access/datafile/5012792
doi:10.7910/DVN/L5OAFO,A15_29694.jpg,5012794,https://dataverse.harvard.edu/api/access/datafile/5012794
doi:10.7910/DVN/WI3VOH,A15_29695.jpg,5012796,https://dataverse.harvard.edu/api/access/datafile/5012796
doi:10.7910/DVN/IH4LGG,A15_29696.jpg,5012798,https://dataverse.harvard.edu/api/access/datafile/5012798
doi:10.7910/DVN/BUZCHC,A15_29697.jpg,5012800,https://dataverse.harvard.edu/api/access/datafile/5012800
doi:10.7910/DVN/2LCHX0,A15_29698.jpg,5012802,https://dataverse.harvard.edu/api/access/datafile/5012802
doi:10.7910/DVN/7AFTNA,A15_29699.jpg,5012804,https://dataverse.harvard.edu/api/access/datafile/5012804
doi:10.7910/DVN/0D6QD3,A15_29700.jpg,5012806,https://dataverse.harvard.edu/api/access/datafile/5012806
doi:10.7910/DVN/9D6VUL,A15_29701.jpg,5012808,https://dataverse.harvard.edu/api/access/datafile/5012808
doi:10.7910/DVN/99PKO7,A15_29702.jpg,5012810,https://dataverse.harvard.edu/api/access/datafile/5012810
doi:10.7910/DVN/OCTRNS,A15_29703.jpg,5012812,https://dataverse.harvard.edu/api/access/datafile/5012812
doi:10.7910/DVN/KOSTGZ,A15_29704.jpg,5012814,https://dataverse.harvard.edu/api/access/datafile/5012814
doi:10.7910/DVN/6N0UST,A15_29705.jpg,5012816,https://dataverse.harvard.edu/api/access/datafile/5012816
doi:10.7910/DVN/HUNWDG,A15_29706.jpg,5012818,https://dataverse.harvard.edu/api/access/datafile/5012818
doi:10.7910/DVN/UN1QAG,A15_29707.jpg,5012820,https://dataverse.harvard.edu/api/access/datafile/5012820
doi:10.7910/DVN/CKJFTG,A15_29708.jpg,5012822,https://dataverse.harvard.edu/api/access/datafile/5012822
doi:10.7910/DVN/EZMZH8,A15_29709.jpg,5012824,https://dataverse.harvard.edu/api/access/datafile/5012824
doi:10.7910/DVN/7R3GVU,A15_29710.jpg,5012826,https://dataverse.harvard.edu/api/access/datafile/5012826
doi:10.7910/DVN/OTQ20B,A15_29711.jpg,5012828,https://dataverse.harvard.edu/api/access/datafile/5012828
doi:10.7910/DVN/E3FTFE,A15_29712.jpg,5012830,https://dataverse.harvard.edu/api/access/datafile/5012830
doi:10.7910/DVN/XKFGDK,A15_29713.jpg,5012832,https://dataverse.harvard.edu/api/access/datafile/5012832
doi:10.7910/DVN/XT5DL1,A15_29714.jpg,5012834,https://dataverse.harvard.edu/api/access/datafile/5012834
doi:10.7910/DVN/MW5W5I,A15_29715.jpg,5012836,https://dataverse.harvard.edu/api/access/datafile/5012836
doi:10.7910/DVN/TYMXQU,A15_29716.jpg,5012838,https://dataverse.harvard.edu/api/access/datafile/5012838
doi:10.7910/DVN/ZQX8EC,A15_29717.jpg,5012840,https://dataverse.harvard.edu/api/access/datafile/5012840
doi:10.7910/DVN/R1JBBR,A15_29718.jpg,5012842,https://dataverse.harvard.edu/api/access/datafile/5012842
doi:10.7910/DVN/LC1WOG,A15_29719.jpg,5012844,https://dataverse.harvard.edu/api/access/datafile/5012844
doi:10.7910/DVN/VGY42H,A15_29720.jpg,5012846,https://dataverse.harvard.edu/api/access/datafile/5012846
doi:10.7910/DVN/ZO5IMY,A15_29721.jpg,5012848,https://dataverse.harvard.edu/api/access/datafile/5012848
doi:10.7910/DVN/PVSMBY,A15_29723.jpg,5012850,https://dataverse.harvard.edu/api/access/datafile/5012850
doi:10.7910/DVN/YDMGWA,A15_29724.jpg,5012852,https://dataverse.harvard.edu/api/access/datafile/5012852
doi:10.7910/DVN/4WV9SH,A15_29725.jpg,5012854,https://dataverse.harvard.edu/api/access/datafile/5012854
doi:10.7910/DVN/J8IVSS,A15_29726.jpg,5012856,https://dataverse.harvard.edu/api/access/datafile/5012856
doi:10.7910/DVN/NTZQPM,A15_29727.jpg,5012858,https://dataverse.harvard.edu/api/access/datafile/5012858
doi:10.7910/DVN/4XNAZP,A15_29728.jpg,5012860,https://dataverse.harvard.edu/api/access/datafile/5012860
doi:10.7910/DVN/D2BOTK,A15_29729.jpg,5012862,https://dataverse.harvard.edu/api/access/datafile/5012862
doi:10.7910/DVN/PYXLL4,A15_29730.jpg,5012864,https://dataverse.harvard.edu/api/access/datafile/5012864
doi:10.7910/DVN/LRUJKP,A15_29731.jpg,5012866,https://dataverse.harvard.edu/api/access/datafile/5012866
doi:10.7910/DVN/S6LZJJ,A15_29732.jpg,5012868,https://dataverse.harvard.edu/api/access/datafile/5012868
doi:10.7910/DVN/6DYH4S,A15_29733.jpg,5012870,https://dataverse.harvard.edu/api/access/datafile/5012870
doi:10.7910/DVN/ZQKBQZ,A15_29734.jpg,5012872,https://dataverse.harvard.edu/api/access/datafile/5012872
doi:10.7910/DVN/5IT9UO,A15_29735.jpg,5012874,https://dataverse.harvard.edu/api/access/datafile/5012874
doi:10.7910/DVN/0KVNPF,A15_29736.jpg,5012876,https://dataverse.harvard.edu/api/access/datafile/5012876
doi:10.7910/DVN/GD3ZVF,A15_29737.jpg,5012878,https://dataverse.harvard.edu/api/access/datafile/5012878
doi:10.7910/DVN/IQYUAJ,A15_29738.jpg,5012880,https://dataverse.harvard.edu/api/access/datafile/5012880
doi:10.7910/DVN/G53FDT,A15_29739.jpg,5012882,https://dataverse.harvard.edu/api/access/datafile/5012882
doi:10.7910/DVN/XG14BF,A15_29740.jpg,5012884,https://dataverse.harvard.edu/api/access/datafile/5012884
doi:10.7910/DVN/NVMAWR,A15_29741.jpg,5012886,https://dataverse.harvard.edu/api/access/datafile/5012886
doi:10.7910/DVN/BHJGHP,A15_29742.jpg,5012888,https://dataverse.harvard.edu/api/access/datafile/5012888
doi:10.7910/DVN/RDP1OJ,A15_29743.jpg,5012890,https://dataverse.harvard.edu/api/access/datafile/5012890
doi:10.7910/DVN/PH6RVR,A15_29744.jpg,5012892,https://dataverse.harvard.edu/api/access/datafile/5012892
doi:10.7910/DVN/DQCM33,A15_29745.jpg,5012894,https://dataverse.harvard.edu/api/access/datafile/5012894
doi:10.7910/DVN/VKZBHO,A15_29746.jpg,5012896,https://dataverse.harvard.edu/api/access/datafile/5012896
doi:10.7910/DVN/YJ4EMQ,A15_29747.jpg,5012898,https://dataverse.harvard.edu/api/access/datafile/5012898
doi:10.7910/DVN/VKCUEA,A15_29748.jpg,5012900,https://dataverse.harvard.edu/api/access/datafile/5012900
doi:10.7910/DVN/7QOZ0Y,A15_29749.jpg,5012902,https://dataverse.harvard.edu/api/access/datafile/5012902
doi:10.7910/DVN/IEEAV7,A15_29750.jpg,5012904,https://dataverse.harvard.edu/api/access/datafile/5012904
doi:10.7910/DVN/CLGSUK,A15_29751.jpg,5012906,https://dataverse.harvard.edu/api/access/datafile/5012906
doi:10.7910/DVN/C8LPPC,A15_29752.jpg,5012908,https://dataverse.harvard.edu/api/access/datafile/5012908
doi:10.7910/DVN/TFYUJ5,A15_29753.jpg,5012910,https://dataverse.harvard.edu/api/access/datafile/5012910
doi:10.7910/DVN/YFEKIT,A15_29754.jpg,5012912,https://dataverse.harvard.edu/api/access/datafile/5012912
doi:10.7910/DVN/NP9D9I,A15_29755.jpg,5012914,https://dataverse.harvard.edu/api/access/datafile/5012914
doi:10.7910/DVN/QEZFC5,A15_29756.jpg,5012916,https://dataverse.harvard.edu/api/access/datafile/5012916
doi:10.7910/DVN/B9A7IE,A15_29757.jpg,5012918,https://dataverse.harvard.edu/api/access/datafile/5012918
doi:10.7910/DVN/UAQWPP,A15_29758.jpg,5012920,https://dataverse.harvard.edu/api/access/datafile/5012920
doi:10.7910/DVN/GRGESB,A15_29759.jpg,5012922,https://dataverse.harvard.edu/api/access/datafile/5012922
doi:10.7910/DVN/OJIYCX,A15_29760.jpg,5012924,https://dataverse.harvard.edu/api/access/datafile/5012924
doi:10.7910/DVN/GOGWNB,A15_29761.jpg,5012926,https://dataverse.harvard.edu/api/access/datafile/5012926
doi:10.7910/DVN/76IIHS,A15_29762.jpg,5012928,https://dataverse.harvard.edu/api/access/datafile/5012928
doi:10.7910/DVN/HHCMKR,A15_29763.jpg,5012930,https://dataverse.harvard.edu/api/access/datafile/5012930
doi:10.7910/DVN/KI4FNW,A15_29764.jpg,5012932,https://dataverse.harvard.edu/api/access/datafile/5012932
doi:10.7910/DVN/BKTNIR,A15_29765.jpg,5012934,https://dataverse.harvard.edu/api/access/datafile/5012934
doi:10.7910/DVN/HKZOHU,A15_29766.jpg,5012936,https://dataverse.harvard.edu/api/access/datafile/5012936
doi:10.7910/DVN/9F4MYN,A15_29767.jpg,5012938,https://dataverse.harvard.edu/api/access/datafile/5012938
doi:10.7910/DVN/VFVWNJ,A15_29768.jpg,5012940,https://dataverse.harvard.edu/api/access/datafile/5012940
doi:10.7910/DVN/6KEUNY,A15_29769.jpg,5012942,https://dataverse.harvard.edu/api/access/datafile/5012942
doi:10.7910/DVN/WVOJ3E,A15_29770.jpg,5012944,https://dataverse.harvard.edu/api/access/datafile/5012944
doi:10.7910/DVN/NKLEQ0,A15_29771.jpg,5012946,https://dataverse.harvard.edu/api/access/datafile/5012946
doi:10.7910/DVN/ATEMO7,A15_29772.jpg,5012948,https://dataverse.harvard.edu/api/access/datafile/5012948
doi:10.7910/DVN/1PZJER,A15_29773.jpg,5012950,https://dataverse.harvard.edu/api/access/datafile/5012950
doi:10.7910/DVN/YTP3X1,A15_29774.jpg,5012952,https://dataverse.harvard.edu/api/access/datafile/5012952
doi:10.7910/DVN/EHOWEM,A15_29775.jpg,5012954,https://dataverse.harvard.edu/api/access/datafile/5012954
doi:10.7910/DVN/MYKSJ9,A15_29776.jpg,5012956,https://dataverse.harvard.edu/api/access/datafile/5012956
doi:10.7910/DVN/IELAWD,A15_29777.jpg,5012958,https://dataverse.harvard.edu/api/access/datafile/5012958
doi:10.7910/DVN/8URJVC,A15_29778.jpg,5012960,https://dataverse.harvard.edu/api/access/datafile/5012960
doi:10.7910/DVN/9KSPZZ,A15_29779.jpg,5012962,https://dataverse.harvard.edu/api/access/datafile/5012962
doi:10.7910/DVN/OUBTFQ,A15_29780.jpg,5012964,https://dataverse.harvard.edu/api/access/datafile/5012964
doi:10.7910/DVN/2PB2MO,A15_29781.jpg,5012966,https://dataverse.harvard.edu/api/access/datafile/5012966
doi:10.7910/DVN/LGTIPB,A15_29782.jpg,5012968,https://dataverse.harvard.edu/api/access/datafile/5012968
doi:10.7910/DVN/86GRIO,A15_29783.jpg,5012970,https://dataverse.harvard.edu/api/access/datafile/5012970
doi:10.7910/DVN/62RMII,A15_29784.jpg,5012972,https://dataverse.harvard.edu/api/access/datafile/5012972
doi:10.7910/DVN/US5MH9,A15_29785.jpg,5012974,https://dataverse.harvard.edu/api/access/datafile/5012974
doi:10.7910/DVN/WA1NCP,A15_29786.jpg,5012976,https://dataverse.harvard.edu/api/access/datafile/5012976
doi:10.7910/DVN/BDIEBC,A15_29787.jpg,5012978,https://dataverse.harvard.edu/api/access/datafile/5012978
doi:10.7910/DVN/GCWW1M,A15_29788.jpg,5012980,https://dataverse.harvard.edu/api/access/datafile/5012980
doi:10.7910/DVN/6N268N,A15_29789.jpg,5012982,https://dataverse.harvard.edu/api/access/datafile/5012982
doi:10.7910/DVN/OQS6MA,A15_29790.jpg,5012984,https://dataverse.harvard.edu/api/access/datafile/5012984
doi:10.7910/DVN/ASLSWC,A15_29791.jpg,5012986,https://dataverse.harvard.edu/api/access/datafile/5012986
doi:10.7910/DVN/KJ4QA2,A15_29792.jpg,5012988,https://dataverse.harvard.edu/api/access/datafile/5012988
doi:10.7910/DVN/G4S3OW,A15_29793.jpg,5012990,https://dataverse.harvard.edu/api/access/datafile/5012990
doi:10.7910/DVN/UI76GK,A15_29794.jpg,5012992,https://dataverse.harvard.edu/api/access/datafile/5012992
doi:10.7910/DVN/BOMOL5,A15_29795.jpg,5012994,https://dataverse.harvard.edu/api/access/datafile/5012994
doi:10.7910/DVN/MGTWKA,A15_29796.jpg,5012996,https://dataverse.harvard.edu/api/access/datafile/5012996
doi:10.7910/DVN/BM9U6W,A15_29797.jpg,5012998,https://dataverse.harvard.edu/api/access/datafile/5012998
doi:10.7910/DVN/VBZBIY,A15_29798.jpg,5013000,https://dataverse.harvard.edu/api/access/datafile/5013000
doi:10.7910/DVN/03EDYE,A15_29799.jpg,5013002,https://dataverse.harvard.edu/api/access/datafile/5013002
doi:10.7910/DVN/GE1PWR,A15_29800.jpg,5013004,https://dataverse.harvard.edu/api/access/datafile/5013004
doi:10.7910/DVN/8IGTCY,A15_29801.jpg,5013006,https://dataverse.harvard.edu/api/access/datafile/5013006
doi:10.7910/DVN/RSQHWG,A15_29802.jpg,5013008,https://dataverse.harvard.edu/api/access/datafile/5013008
doi:10.7910/DVN/HGKE3Q,A15_29803.jpg,5013010,https://dataverse.harvard.edu/api/access/datafile/5013010
doi:10.7910/DVN/3S7ZBA,A15_29804.jpg,5013012,https://dataverse.harvard.edu/api/access/datafile/5013012
doi:10.7910/DVN/LJUDOP,A15_29805.jpg,5013014,https://dataverse.harvard.edu/api/access/datafile/5013014
doi:10.7910/DVN/O9JPGQ,A15_29806.jpg,5013016,https://dataverse.harvard.edu/api/access/datafile/5013016
doi:10.7910/DVN/2PZXIA,A15_29807.jpg,5013018,https://dataverse.harvard.edu/api/access/datafile/5013018
doi:10.7910/DVN/EQPDI9,A15_29808.jpg,5013020,https://dataverse.harvard.edu/api/access/datafile/5013020
doi:10.7910/DVN/ODCGXC,A15_29809.jpg,5013022,https://dataverse.harvard.edu/api/access/datafile/5013022
doi:10.7910/DVN/TLMPRS,A15_29810.jpg,5013024,https://dataverse.harvard.edu/api/access/datafile/5013024
doi:10.7910/DVN/ATJU3I,A15_29811.jpg,5013026,https://dataverse.harvard.edu/api/access/datafile/5013026
doi:10.7910/DVN/IMBYOL,A15_29812.jpg,5013028,https://dataverse.harvard.edu/api/access/datafile/5013028
doi:10.7910/DVN/N1LU4H,A15_29813.jpg,5013030,https://dataverse.harvard.edu/api/access/datafile/5013030
doi:10.7910/DVN/X4PXVQ,A15_29814.jpg,5013032,https://dataverse.harvard.edu/api/access/datafile/5013032
doi:10.7910/DVN/YLPDJR,A15_29815.jpg,5013034,https://dataverse.harvard.edu/api/access/datafile/5013034
doi:10.7910/DVN/BICMCS,A15_29816.jpg,5013036,https://dataverse.harvard.edu/api/access/datafile/5013036
doi:10.7910/DVN/QAXFMC,A15_29817.jpg,5013038,https://dataverse.harvard.edu/api/access/datafile/5013038
doi:10.7910/DVN/K9T2AR,A15_29818.jpg,5013040,https://dataverse.harvard.edu/api/access/datafile/5013040
doi:10.7910/DVN/5VH0OU,A15_29819.jpg,5013042,https://dataverse.harvard.edu/api/access/datafile/5013042
doi:10.7910/DVN/A72MKX,A15_29820.jpg,5013044,https://dataverse.harvard.edu/api/access/datafile/5013044
doi:10.7910/DVN/TRZ0OX,A15_29820.jpg,5013046,https://dataverse.harvard.edu/api/access/datafile/5013046
doi:10.7910/DVN/KERGYI,A15_29821.jpg,5013048,https://dataverse.harvard.edu/api/access/datafile/5013048
doi:10.7910/DVN/TH9QZM,A15_29823.jpg,5013050,https://dataverse.harvard.edu/api/access/datafile/5013050
doi:10.7910/DVN/MFVFK7,A15_29824.jpg,5013052,https://dataverse.harvard.edu/api/access/datafile/5013052
doi:10.7910/DVN/VDSHX5,A15_29825.jpg,5013054,https://dataverse.harvard.edu/api/access/datafile/5013054
doi:10.7910/DVN/MCBM0V,A15_29826.jpg,5013056,https://dataverse.harvard.edu/api/access/datafile/5013056
doi:10.7910/DVN/UZM7NJ,A15_29827.jpg,5013058,https://dataverse.harvard.edu/api/access/datafile/5013058
doi:10.7910/DVN/DYNQCU,A15_29828.jpg,5013060,https://dataverse.harvard.edu/api/access/datafile/5013060
doi:10.7910/DVN/EZAJYG,A15_29829.jpg,5013062,https://dataverse.harvard.edu/api/access/datafile/5013062
doi:10.7910/DVN/SKXK1H,A15_29830.jpg,5013064,https://dataverse.harvard.edu/api/access/datafile/5013064
doi:10.7910/DVN/53K3QY,A15_29831.jpg,5013066,https://dataverse.harvard.edu/api/access/datafile/5013066
doi:10.7910/DVN/V3UH5T,A15_29832.jpg,5013068,https://dataverse.harvard.edu/api/access/datafile/5013068
doi:10.7910/DVN/C9E9CK,A15_29833.jpg,5013070,https://dataverse.harvard.edu/api/access/datafile/5013070
doi:10.7910/DVN/WGKD17,A15_29834.jpg,5013072,https://dataverse.harvard.edu/api/access/datafile/5013072
doi:10.7910/DVN/TI5YDL,A15_29835.jpg,5013074,https://dataverse.harvard.edu/api/access/datafile/5013074
doi:10.7910/DVN/DJCT3F,A15_29837.jpg,5013076,https://dataverse.harvard.edu/api/access/datafile/5013076
doi:10.7910/DVN/P3D68B,A15_29838.jpg,5013078,https://dataverse.harvard.edu/api/access/datafile/5013078
doi:10.7910/DVN/AOKNQL,A15_29839.jpg,5013080,https://dataverse.harvard.edu/api/access/datafile/5013080
doi:10.7910/DVN/JGJ4XY,A15_29840.jpg,5013082,https://dataverse.harvard.edu/api/access/datafile/5013082
doi:10.7910/DVN/4SMM8L,A15_29841.jpg,5013084,https://dataverse.harvard.edu/api/access/datafile/5013084
doi:10.7910/DVN/I4HEPV,A15_29842.jpg,5013086,https://dataverse.harvard.edu/api/access/datafile/5013086
doi:10.7910/DVN/N8RAZJ,A15_29843.jpg,5013088,https://dataverse.harvard.edu/api/access/datafile/5013088
doi:10.7910/DVN/KJBBL3,A15_29844.jpg,5013090,https://dataverse.harvard.edu/api/access/datafile/5013090
doi:10.7910/DVN/QO5UTH,A15_29845.jpg,5013092,https://dataverse.harvard.edu/api/access/datafile/5013092
doi:10.7910/DVN/P7A6NC,A15_29846.jpg,5013094,https://dataverse.harvard.edu/api/access/datafile/5013094
doi:10.7910/DVN/EGTECB,A15_29847.jpg,5013096,https://dataverse.harvard.edu/api/access/datafile/5013096
doi:10.7910/DVN/U9CH9G,A15_29848.jpg,5013098,https://dataverse.harvard.edu/api/access/datafile/5013098
doi:10.7910/DVN/JRQ7WV,A15_29849.jpg,5013100,https://dataverse.harvard.edu/api/access/datafile/5013100
doi:10.7910/DVN/0MGGZN,A15_29850.jpg,5013102,https://dataverse.harvard.edu/api/access/datafile/5013102
doi:10.7910/DVN/MMQKDN,A15_29851.jpg,5013104,https://dataverse.harvard.edu/api/access/datafile/5013104
doi:10.7910/DVN/HWJ9NG,A15_29852.jpg,5013106,https://dataverse.harvard.edu/api/access/datafile/5013106
doi:10.7910/DVN/H6YETI,A15_29853.jpg,5013108,https://dataverse.harvard.edu/api/access/datafile/5013108
doi:10.7910/DVN/BAKGNF,A15_29854.jpg,5013110,https://dataverse.harvard.edu/api/access/datafile/5013110
doi:10.7910/DVN/PNTCRW,A15_29855.jpg,5013112,https://dataverse.harvard.edu/api/access/datafile/5013112
doi:10.7910/DVN/DJSY8B,A15_29856.jpg,5013114,https://dataverse.harvard.edu/api/access/datafile/5013114
doi:10.7910/DVN/49K0NB,A15_29857.jpg,5013116,https://dataverse.harvard.edu/api/access/datafile/5013116
doi:10.7910/DVN/RR0VQR,A15_29858.jpg,5013118,https://dataverse.harvard.edu/api/access/datafile/5013118
doi:10.7910/DVN/MAWLVR,A15_29859.jpg,5013120,https://dataverse.harvard.edu/api/access/datafile/5013120
doi:10.7910/DVN/YKKCLR,A15_29860.jpg,5013122,https://dataverse.harvard.edu/api/access/datafile/5013122
doi:10.7910/DVN/1PUSDQ,A15_29861.jpg,5013124,https://dataverse.harvard.edu/api/access/datafile/5013124
doi:10.7910/DVN/ATFS0D,A15_29862.jpg,5013126,https://dataverse.harvard.edu/api/access/datafile/5013126
doi:10.7910/DVN/BPFGZE,A15_29863.jpg,5013128,https://dataverse.harvard.edu/api/access/datafile/5013128
doi:10.7910/DVN/HIABEH,A15_29864.jpg,5013130,https://dataverse.harvard.edu/api/access/datafile/5013130
doi:10.7910/DVN/YHUGQV,A15_29865.jpg,5013132,https://dataverse.harvard.edu/api/access/datafile/5013132
doi:10.7910/DVN/VXQ74Z,A15_29866.jpg,5013134,https://dataverse.harvard.edu/api/access/datafile/5013134
doi:10.7910/DVN/LXFUYT,A15_29867.jpg,5013136,https://dataverse.harvard.edu/api/access/datafile/5013136
doi:10.7910/DVN/AXXDNZ,A15_29868.jpg,5013138,https://dataverse.harvard.edu/api/access/datafile/5013138
doi:10.7910/DVN/ZKS4CC,A15_29869.jpg,5013140,https://dataverse.harvard.edu/api/access/datafile/5013140
doi:10.7910/DVN/FWRLCW,A15_29870.jpg,5013142,https://dataverse.harvard.edu/api/access/datafile/5013142
doi:10.7910/DVN/0VH0DN,A15_29871.jpg,5013144,https://dataverse.harvard.edu/api/access/datafile/5013144
doi:10.7910/DVN/VSBT4O,A15_29872.jpg,5013146,https://dataverse.harvard.edu/api/access/datafile/5013146
doi:10.7910/DVN/QLIYAX,A15_29873.jpg,5013148,https://dataverse.harvard.edu/api/access/datafile/5013148
doi:10.7910/DVN/D8OUBB,A15_29874.jpg,5013150,https://dataverse.harvard.edu/api/access/datafile/5013150
doi:10.7910/DVN/HFWDYU,A15_29875.jpg,5013152,https://dataverse.harvard.edu/api/access/datafile/5013152
doi:10.7910/DVN/NZLBXN,A15_29876.jpg,5013154,https://dataverse.harvard.edu/api/access/datafile/5013154
doi:10.7910/DVN/XRWO9T,A15_29877.jpg,5013156,https://dataverse.harvard.edu/api/access/datafile/5013156
doi:10.7910/DVN/CMJUDR,A15_29878.jpg,5013158,https://dataverse.harvard.edu/api/access/datafile/5013158
doi:10.7910/DVN/FO8XZG,A15_29879.jpg,5013160,https://dataverse.harvard.edu/api/access/datafile/5013160
doi:10.7910/DVN/YYOWQ0,A15_29880.jpg,5013162,https://dataverse.harvard.edu/api/access/datafile/5013162
doi:10.7910/DVN/NUBXDJ,A15_29881.jpg,5013164,https://dataverse.harvard.edu/api/access/datafile/5013164
doi:10.7910/DVN/FGGQ9B,A15_29882.jpg,5013166,https://dataverse.harvard.edu/api/access/datafile/5013166
doi:10.7910/DVN/82ZR91,A15_29883.jpg,5013168,https://dataverse.harvard.edu/api/access/datafile/5013168
doi:10.7910/DVN/XQD05K,A15_29884.jpg,5013170,https://dataverse.harvard.edu/api/access/datafile/5013170
doi:10.7910/DVN/FJDHYL,A15_29885.jpg,5013172,https://dataverse.harvard.edu/api/access/datafile/5013172
doi:10.7910/DVN/UMNG2A,A15_29886.jpg,5013174,https://dataverse.harvard.edu/api/access/datafile/5013174
doi:10.7910/DVN/34MUAF,A15_29887.jpg,5013176,https://dataverse.harvard.edu/api/access/datafile/5013176
doi:10.7910/DVN/JGTJ7I,A15_29888.jpg,5013178,https://dataverse.harvard.edu/api/access/datafile/5013178
doi:10.7910/DVN/P0QS4K,A15_29889.jpg,5013180,https://dataverse.harvard.edu/api/access/datafile/5013180
doi:10.7910/DVN/PS1MJP,A15_29890.jpg,5013182,https://dataverse.harvard.edu/api/access/datafile/5013182
doi:10.7910/DVN/YZCKXB,A15_29891.jpg,5013184,https://dataverse.harvard.edu/api/access/datafile/5013184
doi:10.7910/DVN/WZIZWU,A15_29892.jpg,5013186,https://dataverse.harvard.edu/api/access/datafile/5013186
doi:10.7910/DVN/VGC1QW,A15_29893.jpg,5013188,https://dataverse.harvard.edu/api/access/datafile/5013188
doi:10.7910/DVN/YVJRPK,A15_29894.jpg,5013190,https://dataverse.harvard.edu/api/access/datafile/5013190
doi:10.7910/DVN/Q5XELV,A15_29895.jpg,5013192,https://dataverse.harvard.edu/api/access/datafile/5013192
doi:10.7910/DVN/OBGGA3,A15_29896.jpg,5013194,https://dataverse.harvard.edu/api/access/datafile/5013194
doi:10.7910/DVN/3TFITJ,A15_29897.jpg,5013196,https://dataverse.harvard.edu/api/access/datafile/5013196
doi:10.7910/DVN/NMXMQQ,A15_29898.jpg,5013198,https://dataverse.harvard.edu/api/access/datafile/5013198
doi:10.7910/DVN/EVRRNE,A15_29899.jpg,5013200,https://dataverse.harvard.edu/api/access/datafile/5013200
doi:10.7910/DVN/HHZJND,A15_29900.jpg,5013202,https://dataverse.harvard.edu/api/access/datafile/5013202
doi:10.7910/DVN/79LHMV,A15_29901.jpg,5013204,https://dataverse.harvard.edu/api/access/datafile/5013204
doi:10.7910/DVN/HWNOXA,A15_29902.jpg,5013206,https://dataverse.harvard.edu/api/access/datafile/5013206
doi:10.7910/DVN/A70JA7,A15_29903.jpg,5013208,https://dataverse.harvard.edu/api/access/datafile/5013208
doi:10.7910/DVN/WMQD3E,A15_29904.jpg,5013210,https://dataverse.harvard.edu/api/access/datafile/5013210
doi:10.7910/DVN/HA91QN,A15_29905.jpg,5013212,https://dataverse.harvard.edu/api/access/datafile/5013212
doi:10.7910/DVN/689IIV,A15_29906.jpg,5013214,https://dataverse.harvard.edu/api/access/datafile/5013214
doi:10.7910/DVN/WUVQ2E,A15_29907.jpg,5013216,https://dataverse.harvard.edu/api/access/datafile/5013216
doi:10.7910/DVN/MBV7A5,A15_29909.jpg,5013218,https://dataverse.harvard.edu/api/access/datafile/5013218
doi:10.7910/DVN/LLGUKW,A15_29910.jpg,5013220,https://dataverse.harvard.edu/api/access/datafile/5013220
doi:10.7910/DVN/EQSMRN,A15_29911.jpg,5013222,https://dataverse.harvard.edu/api/access/datafile/5013222
doi:10.7910/DVN/MQLZIN,A15_29912.jpg,5013224,https://dataverse.harvard.edu/api/access/datafile/5013224
doi:10.7910/DVN/EP1VMI,A15_29913.jpg,5013226,https://dataverse.harvard.edu/api/access/datafile/5013226
doi:10.7910/DVN/RFW2WL,A15_29914.jpg,5013228,https://dataverse.harvard.edu/api/access/datafile/5013228
doi:10.7910/DVN/AGGTI6,A15_29915.jpg,5013230,https://dataverse.harvard.edu/api/access/datafile/5013230
doi:10.7910/DVN/OZUKKV,A15_29916.jpg,5013232,https://dataverse.harvard.edu/api/access/datafile/5013232
doi:10.7910/DVN/GPLHWS,A15_29917.jpg,5013234,https://dataverse.harvard.edu/api/access/datafile/5013234
doi:10.7910/DVN/VB1CRH,A15_29918.jpg,5013236,https://dataverse.harvard.edu/api/access/datafile/5013236
doi:10.7910/DVN/MMD1NF,A15_29919.jpg,5013238,https://dataverse.harvard.edu/api/access/datafile/5013238
doi:10.7910/DVN/ZCXLV1,A15_29920.jpg,5013240,https://dataverse.harvard.edu/api/access/datafile/5013240
doi:10.7910/DVN/FBQCFJ,A15_29921.jpg,5013242,https://dataverse.harvard.edu/api/access/datafile/5013242
doi:10.7910/DVN/DLWSPR,A15_29922.jpg,5013244,https://dataverse.harvard.edu/api/access/datafile/5013244
doi:10.7910/DVN/5SYAWT,A15_29923.jpg,5013246,https://dataverse.harvard.edu/api/access/datafile/5013246
doi:10.7910/DVN/ZN3FUK,A15_29924.jpg,5013248,https://dataverse.harvard.edu/api/access/datafile/5013248
doi:10.7910/DVN/LY98T8,A15_29925.jpg,5013250,https://dataverse.harvard.edu/api/access/datafile/5013250
doi:10.7910/DVN/UCMNPW,A15_29926.jpg,5013252,https://dataverse.harvard.edu/api/access/datafile/5013252
doi:10.7910/DVN/YMDXGP,A15_29927.jpg,5013254,https://dataverse.harvard.edu/api/access/datafile/5013254
doi:10.7910/DVN/9MFBVU,A15_29928.jpg,5013256,https://dataverse.harvard.edu/api/access/datafile/5013256
doi:10.7910/DVN/IITNM7,A15_29929.jpg,5013258,https://dataverse.harvard.edu/api/access/datafile/5013258
doi:10.7910/DVN/QWPBXE,A15_29930.jpg,5013260,https://dataverse.harvard.edu/api/access/datafile/5013260
doi:10.7910/DVN/AIFDDU,A15_29931.jpg,5013262,https://dataverse.harvard.edu/api/access/datafile/5013262
doi:10.7910/DVN/D4VAYX,A15_29932.jpg,5013264,https://dataverse.harvard.edu/api/access/datafile/5013264
doi:10.7910/DVN/5CMFRF,A15_29933.jpg,5013266,https://dataverse.harvard.edu/api/access/datafile/5013266
doi:10.7910/DVN/SSG0FI,A15_29934.jpg,5013268,https://dataverse.harvard.edu/api/access/datafile/5013268
doi:10.7910/DVN/GBBVCT,A15_29935.jpg,5013270,https://dataverse.harvard.edu/api/access/datafile/5013270
doi:10.7910/DVN/IWIDO9,A15_29936.jpg,5013272,https://dataverse.harvard.edu/api/access/datafile/5013272
doi:10.7910/DVN/MZ3OET,A15_29937.jpg,5013274,https://dataverse.harvard.edu/api/access/datafile/5013274
doi:10.7910/DVN/3I37XE,A15_29938.jpg,5013276,https://dataverse.harvard.edu/api/access/datafile/5013276
doi:10.7910/DVN/RLWLTN,A15_29939.jpg,5013278,https://dataverse.harvard.edu/api/access/datafile/5013278
doi:10.7910/DVN/HWYJAB,A15_29940.jpg,5013280,https://dataverse.harvard.edu/api/access/datafile/5013280
doi:10.7910/DVN/TINSPT,A15_29941.jpg,5013282,https://dataverse.harvard.edu/api/access/datafile/5013282
doi:10.7910/DVN/JD6WJL,A15_29942.jpg,5013284,https://dataverse.harvard.edu/api/access/datafile/5013284
doi:10.7910/DVN/EVEI3S,A15_29943.jpg,5013286,https://dataverse.harvard.edu/api/access/datafile/5013286
doi:10.7910/DVN/SXJEX9,A15_29944.jpg,5013288,https://dataverse.harvard.edu/api/access/datafile/5013288
doi:10.7910/DVN/PQKKOM,A15_29945.jpg,5013290,https://dataverse.harvard.edu/api/access/datafile/5013290
doi:10.7910/DVN/S0GMTA,A15_29946.jpg,5013292,https://dataverse.harvard.edu/api/access/datafile/5013292
doi:10.7910/DVN/IJWBDS,A15_29947.jpg,5013294,https://dataverse.harvard.edu/api/access/datafile/5013294
doi:10.7910/DVN/BNOANX,A15_29948.jpg,5013296,https://dataverse.harvard.edu/api/access/datafile/5013296
doi:10.7910/DVN/GGELRR,A15_29949.jpg,5013298,https://dataverse.harvard.edu/api/access/datafile/5013298
doi:10.7910/DVN/T8LVYA,A15_29950.jpg,5013300,https://dataverse.harvard.edu/api/access/datafile/5013300
doi:10.7910/DVN/YLSBNS,A15_29951.jpg,5013302,https://dataverse.harvard.edu/api/access/datafile/5013302
doi:10.7910/DVN/1BJUTT,A15_29952.jpg,5013304,https://dataverse.harvard.edu/api/access/datafile/5013304
doi:10.7910/DVN/CPYI6V,A15_29953.jpg,5013306,https://dataverse.harvard.edu/api/access/datafile/5013306
doi:10.7910/DVN/Y3PFA8,A15_29954.jpg,5013308,https://dataverse.harvard.edu/api/access/datafile/5013308
doi:10.7910/DVN/AWZWEX,A15_29955.jpg,5013310,https://dataverse.harvard.edu/api/access/datafile/5013310
doi:10.7910/DVN/Y4LL7B,A15_29956.jpg,5013312,https://dataverse.harvard.edu/api/access/datafile/5013312
doi:10.7910/DVN/WISEID,A15_29957.jpg,5013314,https://dataverse.harvard.edu/api/access/datafile/5013314
doi:10.7910/DVN/M2JBUG,A15_29958.jpg,5013316,https://dataverse.harvard.edu/api/access/datafile/5013316
doi:10.7910/DVN/HTJCRF,A15_29959.jpg,5013318,https://dataverse.harvard.edu/api/access/datafile/5013318
doi:10.7910/DVN/PWE5ZU,A15_29960.jpg,5013320,https://dataverse.harvard.edu/api/access/datafile/5013320
doi:10.7910/DVN/V51Z0E,A15_29961.jpg,5013322,https://dataverse.harvard.edu/api/access/datafile/5013322
doi:10.7910/DVN/CQLJWM,A15_29962.jpg,5013324,https://dataverse.harvard.edu/api/access/datafile/5013324
doi:10.7910/DVN/7FHX3B,A15_29963.jpg,No File,https://dataverse.harvard.edu/api/access/datafile/No File
doi:10.7910/DVN/OMBKDJ,A15_29964.jpg,5013327,https://dataverse.harvard.edu/api/access/datafile/5013327
doi:10.7910/DVN/8ZOUM3,A15_29965.jpg,5013329,https://dataverse.harvard.edu/api/access/datafile/5013329
doi:10.7910/DVN/L8FKEK,A15_29966.jpg,5013331,https://dataverse.harvard.edu/api/access/datafile/5013331
doi:10.7910/DVN/IVVGTX,A15_29967.jpg,5013333,https://dataverse.harvard.edu/api/access/datafile/5013333
doi:10.7910/DVN/QOGH5P,A15_29968.jpg,5013335,https://dataverse.harvard.edu/api/access/datafile/5013335
doi:10.7910/DVN/44NTD5,A15_29969.jpg,5013337,https://dataverse.harvard.edu/api/access/datafile/5013337
doi:10.7910/DVN/VRYN4H,A15_29970.jpg,5013339,https://dataverse.harvard.edu/api/access/datafile/5013339
doi:10.7910/DVN/NXTJWY,A15_29971.jpg,5013341,https://dataverse.harvard.edu/api/access/datafile/5013341
doi:10.7910/DVN/5XHQJU,A15_29972.jpg,5013343,https://dataverse.harvard.edu/api/access/datafile/5013343
doi:10.7910/DVN/PPHZBO,A15_29973.jpg,5013345,https://dataverse.harvard.edu/api/access/datafile/5013345
doi:10.7910/DVN/U7TZNL,A15_29974.jpg,5013347,https://dataverse.harvard.edu/api/access/datafile/5013347
doi:10.7910/DVN/C2INF1,A15_29975.jpg,5013349,https://dataverse.harvard.edu/api/access/datafile/5013349
doi:10.7910/DVN/2JNZWS,A15_29976.jpg,5013351,https://dataverse.harvard.edu/api/access/datafile/5013351
doi:10.7910/DVN/FCTWGH,A15_29977.jpg,5013353,https://dataverse.harvard.edu/api/access/datafile/5013353
doi:10.7910/DVN/8FZJEL,A15_29978.jpg,5013355,https://dataverse.harvard.edu/api/access/datafile/5013355
doi:10.7910/DVN/F2T5IA,A15_29979.jpg,5013357,https://dataverse.harvard.edu/api/access/datafile/5013357
doi:10.7910/DVN/GYIERG,A15_29980.jpg,5013359,https://dataverse.harvard.edu/api/access/datafile/5013359
doi:10.7910/DVN/1ROXWA,A15_29981.jpg,5013361,https://dataverse.harvard.edu/api/access/datafile/5013361
doi:10.7910/DVN/JKCIYA,A15_29982.jpg,5013363,https://dataverse.harvard.edu/api/access/datafile/5013363
doi:10.7910/DVN/L0LZSM,A15_29983.jpg,5013365,https://dataverse.harvard.edu/api/access/datafile/5013365
doi:10.7910/DVN/GAQK5Y,A15_29984.jpg,5013367,https://dataverse.harvard.edu/api/access/datafile/5013367
doi:10.7910/DVN/XL94PZ,A15_29985.jpg,5013369,https://dataverse.harvard.edu/api/access/datafile/5013369
doi:10.7910/DVN/QMKDT0,A15_29986.jpg,5013371,https://dataverse.harvard.edu/api/access/datafile/5013371
doi:10.7910/DVN/EUXD3S,A15_29987.jpg,5013373,https://dataverse.harvard.edu/api/access/datafile/5013373
doi:10.7910/DVN/PI696P,A15_29988.jpg,5013375,https://dataverse.harvard.edu/api/access/datafile/5013375
doi:10.7910/DVN/WEE6EO,A15_29989.jpg,5013377,https://dataverse.harvard.edu/api/access/datafile/5013377
doi:10.7910/DVN/AKNZA6,A15_29990.jpg,5013379,https://dataverse.harvard.edu/api/access/datafile/5013379
doi:10.7910/DVN/GNQFSQ,A15_29991.jpg,5013381,https://dataverse.harvard.edu/api/access/datafile/5013381
doi:10.7910/DVN/HBGEWK,A15_29992.jpg,5013383,https://dataverse.harvard.edu/api/access/datafile/5013383
doi:10.7910/DVN/HZYMYH,A15_29993.jpg,5013385,https://dataverse.harvard.edu/api/access/datafile/5013385
doi:10.7910/DVN/IQOBJG,A15_29994.jpg,5013387,https://dataverse.harvard.edu/api/access/datafile/5013387
doi:10.7910/DVN/PA8ZQG,A15_29995.jpg,5013389,https://dataverse.harvard.edu/api/access/datafile/5013389
doi:10.7910/DVN/1FX8NH,A15_29996.jpg,5013391,https://dataverse.harvard.edu/api/access/datafile/5013391
doi:10.7910/DVN/NEPN92,A15_29997.jpg,5013393,https://dataverse.harvard.edu/api/access/datafile/5013393
doi:10.7910/DVN/K4MAL8,A15_29998.jpg,5013395,https://dataverse.harvard.edu/api/access/datafile/5013395
doi:10.7910/DVN/YE5TAE,A15_29999.jpg,5013397,https://dataverse.harvard.edu/api/access/datafile/5013397
doi:10.7910/DVN/NXMM2I,A15_30000.jpg,5013399,https://dataverse.harvard.edu/api/access/datafile/5013399
doi:10.7910/DVN/GIYN7I,A15_30001.jpg,5013401,https://dataverse.harvard.edu/api/access/datafile/5013401
doi:10.7910/DVN/Q1UBYE,A15_30002.jpg,5013403,https://dataverse.harvard.edu/api/access/datafile/5013403
doi:10.7910/DVN/Q9JRY0,A15_30003.jpg,5013405,https://dataverse.harvard.edu/api/access/datafile/5013405
doi:10.7910/DVN/D3Y3HW,A15_30004.jpg,5013407,https://dataverse.harvard.edu/api/access/datafile/5013407
doi:10.7910/DVN/JG31EO,A15_30005.jpg,5013409,https://dataverse.harvard.edu/api/access/datafile/5013409
doi:10.7910/DVN/OGQKAT,A15_30006.jpg,5013411,https://dataverse.harvard.edu/api/access/datafile/5013411
doi:10.7910/DVN/OQ3NYU,A15_30007.jpg,5013413,https://dataverse.harvard.edu/api/access/datafile/5013413
doi:10.7910/DVN/P4UUBW,A15_30008.jpg,5013415,https://dataverse.harvard.edu/api/access/datafile/5013415
doi:10.7910/DVN/XN8RNO,A15_30009.jpg,5013417,https://dataverse.harvard.edu/api/access/datafile/5013417
doi:10.7910/DVN/SSZAKS,A15_30010.jpg,5013419,https://dataverse.harvard.edu/api/access/datafile/5013419
doi:10.7910/DVN/IWWZCM,A15_30011.jpg,5013421,https://dataverse.harvard.edu/api/access/datafile/5013421
doi:10.7910/DVN/PYPIFH,A15_30012.jpg,5013423,https://dataverse.harvard.edu/api/access/datafile/5013423
doi:10.7910/DVN/WHKE2Y,A15_30013.jpg,5013425,https://dataverse.harvard.edu/api/access/datafile/5013425
doi:10.7910/DVN/K8YJAZ,A15_30014.jpg,5013427,https://dataverse.harvard.edu/api/access/datafile/5013427
doi:10.7910/DVN/RJCRLT,A15_30015.jpg,5013429,https://dataverse.harvard.edu/api/access/datafile/5013429
doi:10.7910/DVN/WX6NTR,A15_30016.jpg,5013431,https://dataverse.harvard.edu/api/access/datafile/5013431
doi:10.7910/DVN/XIVUMU,A15_30017.jpg,5013433,https://dataverse.harvard.edu/api/access/datafile/5013433
doi:10.7910/DVN/XFFTDA,A15_30018.jpg,5013435,https://dataverse.harvard.edu/api/access/datafile/5013435
doi:10.7910/DVN/ANQ2NW,A15_30019.jpg,5013437,https://dataverse.harvard.edu/api/access/datafile/5013437
doi:10.7910/DVN/I10BYK,A15_30020.jpg,5013439,https://dataverse.harvard.edu/api/access/datafile/5013439
doi:10.7910/DVN/J3HD3Y,A15_30021.jpg,5013441,https://dataverse.harvard.edu/api/access/datafile/5013441
doi:10.7910/DVN/RDIQTS,A15_30022.jpg,5013443,https://dataverse.harvard.edu/api/access/datafile/5013443
doi:10.7910/DVN/FPNI7D,A15_30023.jpg,5013445,https://dataverse.harvard.edu/api/access/datafile/5013445
doi:10.7910/DVN/KUZEMQ,A15_30024.jpg,5013447,https://dataverse.harvard.edu/api/access/datafile/5013447
doi:10.7910/DVN/CFWAG3,A15_30025.jpg,5013449,https://dataverse.harvard.edu/api/access/datafile/5013449
doi:10.7910/DVN/GAC6OV,A15_30026.jpg,5013451,https://dataverse.harvard.edu/api/access/datafile/5013451
doi:10.7910/DVN/R06QKW,A15_30027.jpg,5013453,https://dataverse.harvard.edu/api/access/datafile/5013453
doi:10.7910/DVN/0SE2G8,A15_30028.jpg,5013455,https://dataverse.harvard.edu/api/access/datafile/5013455
doi:10.7910/DVN/D6NBQE,A15_30029.jpg,5013457,https://dataverse.harvard.edu/api/access/datafile/5013457
doi:10.7910/DVN/8Y2PPG,A15_30030.jpg,5013459,https://dataverse.harvard.edu/api/access/datafile/5013459
doi:10.7910/DVN/OFPVLD,A15_30031.jpg,5013461,https://dataverse.harvard.edu/api/access/datafile/5013461
doi:10.7910/DVN/ESQKJB,A15_30032.jpg,5013463,https://dataverse.harvard.edu/api/access/datafile/5013463
doi:10.7910/DVN/RT1HGZ,A15_30033.jpg,5013465,https://dataverse.harvard.edu/api/access/datafile/5013465
doi:10.7910/DVN/PLNF2E,A15_30034.jpg,5013467,https://dataverse.harvard.edu/api/access/datafile/5013467
doi:10.7910/DVN/AGZ9T9,A15_30035.jpg,5013469,https://dataverse.harvard.edu/api/access/datafile/5013469
doi:10.7910/DVN/KBWRYZ,A15_30036.jpg,5013471,https://dataverse.harvard.edu/api/access/datafile/5013471
doi:10.7910/DVN/NPTMHF,A15_30037.jpg,5013473,https://dataverse.harvard.edu/api/access/datafile/5013473
doi:10.7910/DVN/LDTY6N,A15_30038.jpg,5013475,https://dataverse.harvard.edu/api/access/datafile/5013475
doi:10.7910/DVN/5IFAPG,A15_30039.jpg,5013477,https://dataverse.harvard.edu/api/access/datafile/5013477
doi:10.7910/DVN/IFTND1,A15_30040.jpg,5013479,https://dataverse.harvard.edu/api/access/datafile/5013479
doi:10.7910/DVN/Y046JU,A15_30041.jpg,5013481,https://dataverse.harvard.edu/api/access/datafile/5013481
doi:10.7910/DVN/0C9E7M,A15_30042.jpg,5013483,https://dataverse.harvard.edu/api/access/datafile/5013483
doi:10.7910/DVN/NX8VPQ,A15_30043.jpg,5013485,https://dataverse.harvard.edu/api/access/datafile/5013485
doi:10.7910/DVN/KULLJK,A15_30044.jpg,5013487,https://dataverse.harvard.edu/api/access/datafile/5013487
doi:10.7910/DVN/9L0N95,A15_30045.jpg,5013489,https://dataverse.harvard.edu/api/access/datafile/5013489
doi:10.7910/DVN/L8E4DO,A15_30046.jpg,5013491,https://dataverse.harvard.edu/api/access/datafile/5013491
doi:10.7910/DVN/PFGPVK,A15_30047.jpg,5013493,https://dataverse.harvard.edu/api/access/datafile/5013493
doi:10.7910/DVN/BQZAHH,A15_30048.jpg,5013495,https://dataverse.harvard.edu/api/access/datafile/5013495
doi:10.7910/DVN/AGUFRQ,A15_30049.jpg,5013497,https://dataverse.harvard.edu/api/access/datafile/5013497
doi:10.7910/DVN/OYQRQU,A15_30050.jpg,5013499,https://dataverse.harvard.edu/api/access/datafile/5013499
doi:10.7910/DVN/O6EIMB,A15_30051.jpg,5013501,https://dataverse.harvard.edu/api/access/datafile/5013501
doi:10.7910/DVN/8JRM0Z,A15_30052.jpg,5013503,https://dataverse.harvard.edu/api/access/datafile/5013503
doi:10.7910/DVN/VTCWMJ,A15_30053.jpg,5013505,https://dataverse.harvard.edu/api/access/datafile/5013505
doi:10.7910/DVN/QNJJHL,A15_30054.jpg,5013507,https://dataverse.harvard.edu/api/access/datafile/5013507
doi:10.7910/DVN/IT2RZL,A15_30055.jpg,5013509,https://dataverse.harvard.edu/api/access/datafile/5013509
doi:10.7910/DVN/BAHBOY,A15_30056.jpg,5013511,https://dataverse.harvard.edu/api/access/datafile/5013511
doi:10.7910/DVN/KJXQSY,A15_30057.jpg,5013513,https://dataverse.harvard.edu/api/access/datafile/5013513
doi:10.7910/DVN/A72I7O,A15_30058.jpg,5013515,https://dataverse.harvard.edu/api/access/datafile/5013515
doi:10.7910/DVN/IGTKT6,A15_30059.jpg,5013517,https://dataverse.harvard.edu/api/access/datafile/5013517
doi:10.7910/DVN/NVKAR0,A15_30060.jpg,5013519,https://dataverse.harvard.edu/api/access/datafile/5013519
doi:10.7910/DVN/4IFH36,A15_30061.jpg,5013521,https://dataverse.harvard.edu/api/access/datafile/5013521
doi:10.7910/DVN/G0U4B5,A15_30062.jpg,5013523,https://dataverse.harvard.edu/api/access/datafile/5013523
doi:10.7910/DVN/BMU7NG,A15_30063.jpg,5013525,https://dataverse.harvard.edu/api/access/datafile/5013525
doi:10.7910/DVN/PU4RDS,A15_30064.jpg,5013527,https://dataverse.harvard.edu/api/access/datafile/5013527
doi:10.7910/DVN/BEQVWW,A15_30065.jpg,5013529,https://dataverse.harvard.edu/api/access/datafile/5013529
doi:10.7910/DVN/5PBBZD,A15_30066.jpg,5013531,https://dataverse.harvard.edu/api/access/datafile/5013531
doi:10.7910/DVN/8Q6H5B,A15_30067.jpg,5013533,https://dataverse.harvard.edu/api/access/datafile/5013533
doi:10.7910/DVN/E6LTJB,A15_30068.jpg,5013535,https://dataverse.harvard.edu/api/access/datafile/5013535
doi:10.7910/DVN/NU6USF,A15_30069.jpg,5013537,https://dataverse.harvard.edu/api/access/datafile/5013537
doi:10.7910/DVN/XOMZ1A,A15_30070.jpg,5013539,https://dataverse.harvard.edu/api/access/datafile/5013539
doi:10.7910/DVN/ICEC1B,A15_30071.jpg,5013541,https://dataverse.harvard.edu/api/access/datafile/5013541
doi:10.7910/DVN/6VE1QF,A15_30072.jpg,5013543,https://dataverse.harvard.edu/api/access/datafile/5013543
doi:10.7910/DVN/ZKJUCD,A15_30073.jpg,5013545,https://dataverse.harvard.edu/api/access/datafile/5013545
doi:10.7910/DVN/M1MVES,A15_30074.jpg,5013547,https://dataverse.harvard.edu/api/access/datafile/5013547
doi:10.7910/DVN/JM2K5G,A15_30075.jpg,5013549,https://dataverse.harvard.edu/api/access/datafile/5013549
doi:10.7910/DVN/PSFAWV,A15_30076.jpg,5013551,https://dataverse.harvard.edu/api/access/datafile/5013551
doi:10.7910/DVN/RVCTTY,A15_30077.jpg,5013553,https://dataverse.harvard.edu/api/access/datafile/5013553
doi:10.7910/DVN/OWQSJ4,A15_30078.jpg,5013555,https://dataverse.harvard.edu/api/access/datafile/5013555
doi:10.7910/DVN/FNSA1N,A15_30079.jpg,5013557,https://dataverse.harvard.edu/api/access/datafile/5013557
doi:10.7910/DVN/AATR47,A15_30080.jpg,5013559,https://dataverse.harvard.edu/api/access/datafile/5013559
doi:10.7910/DVN/EX5IZL,A15_30081.jpg,5013561,https://dataverse.harvard.edu/api/access/datafile/5013561
doi:10.7910/DVN/MPNMZK,A15_30082.jpg,5013563,https://dataverse.harvard.edu/api/access/datafile/5013563
doi:10.7910/DVN/2XPMB8,A15_30083.jpg,5013565,https://dataverse.harvard.edu/api/access/datafile/5013565
doi:10.7910/DVN/F3CVJ1,A15_30084.jpg,5013567,https://dataverse.harvard.edu/api/access/datafile/5013567
doi:10.7910/DVN/0W6UCP,A15_30085.jpg,5013569,https://dataverse.harvard.edu/api/access/datafile/5013569
doi:10.7910/DVN/OTZKM5,A15_30086.jpg,5013571,https://dataverse.harvard.edu/api/access/datafile/5013571
doi:10.7910/DVN/YH7FKE,A15_30087.jpg,5013573,https://dataverse.harvard.edu/api/access/datafile/5013573
doi:10.7910/DVN/XQTDMT,A15_30088.jpg,5013575,https://dataverse.harvard.edu/api/access/datafile/5013575
doi:10.7910/DVN/QRFQ08,A15_30089.jpg,5013577,https://dataverse.harvard.edu/api/access/datafile/5013577
doi:10.7910/DVN/UFIQHO,A15_30090.jpg,5013579,https://dataverse.harvard.edu/api/access/datafile/5013579
doi:10.7910/DVN/MEQD5D,A15_30091.jpg,5013581,https://dataverse.harvard.edu/api/access/datafile/5013581
doi:10.7910/DVN/OBEGIK,A15_30092.jpg,5013583,https://dataverse.harvard.edu/api/access/datafile/5013583
doi:10.7910/DVN/LD6ROV,A15_30093.jpg,5013585,https://dataverse.harvard.edu/api/access/datafile/5013585
doi:10.7910/DVN/5HMNTO,A15_30094.jpg,5013587,https://dataverse.harvard.edu/api/access/datafile/5013587
doi:10.7910/DVN/TBKQQR,A15_30095.jpg,5013589,https://dataverse.harvard.edu/api/access/datafile/5013589
doi:10.7910/DVN/0MHXPS,A15_30096.jpg,5013591,https://dataverse.harvard.edu/api/access/datafile/5013591
doi:10.7910/DVN/62KD1A,A15_30097.jpg,5013593,https://dataverse.harvard.edu/api/access/datafile/5013593
doi:10.7910/DVN/MEQRWL,A15_30098.jpg,5013595,https://dataverse.harvard.edu/api/access/datafile/5013595
doi:10.7910/DVN/LAGZ5O,A15_30099.jpg,5013597,https://dataverse.harvard.edu/api/access/datafile/5013597
doi:10.7910/DVN/MECATX,A15_30100.jpg,5013599,https://dataverse.harvard.edu/api/access/datafile/5013599
doi:10.7910/DVN/TPQKWQ,A15_30101.jpg,5013601,https://dataverse.harvard.edu/api/access/datafile/5013601
doi:10.7910/DVN/MK94ZQ,A15_30102.jpg,5013603,https://dataverse.harvard.edu/api/access/datafile/5013603
doi:10.7910/DVN/4AYPND,A15_30103.jpg,5013605,https://dataverse.harvard.edu/api/access/datafile/5013605
doi:10.7910/DVN/1GOJMN,A15_30104.jpg,5013607,https://dataverse.harvard.edu/api/access/datafile/5013607
doi:10.7910/DVN/DAUE0T,A15_30105.jpg,5013609,https://dataverse.harvard.edu/api/access/datafile/5013609
doi:10.7910/DVN/WLEN7T,A15_30106.jpg,5013611,https://dataverse.harvard.edu/api/access/datafile/5013611
doi:10.7910/DVN/SXNNOT,A15_30107.jpg,5013613,https://dataverse.harvard.edu/api/access/datafile/5013613
doi:10.7910/DVN/O8YQJV,A15_30108.jpg,5013615,https://dataverse.harvard.edu/api/access/datafile/5013615
doi:10.7910/DVN/FGQE0S,A15_30109.jpg,5013617,https://dataverse.harvard.edu/api/access/datafile/5013617
doi:10.7910/DVN/CXRF2M,A15_30110.jpg,5013619,https://dataverse.harvard.edu/api/access/datafile/5013619
doi:10.7910/DVN/AHLEM2,A15_30111.jpg,5013621,https://dataverse.harvard.edu/api/access/datafile/5013621
doi:10.7910/DVN/GFZZOM,A15_30112.jpg,5013623,https://dataverse.harvard.edu/api/access/datafile/5013623
doi:10.7910/DVN/OYA6AV,A15_30113.jpg,5013625,https://dataverse.harvard.edu/api/access/datafile/5013625
doi:10.7910/DVN/FFL5MV,A15_30114.jpg,5013627,https://dataverse.harvard.edu/api/access/datafile/5013627
doi:10.7910/DVN/RKRX5P,A15_30115.jpg,5013629,https://dataverse.harvard.edu/api/access/datafile/5013629
doi:10.7910/DVN/SJB5KS,A15_30116.jpg,5013631,https://dataverse.harvard.edu/api/access/datafile/5013631
doi:10.7910/DVN/S6KN8Z,A15_30117.jpg,5013633,https://dataverse.harvard.edu/api/access/datafile/5013633
doi:10.7910/DVN/KYNAKW,A15_30118.jpg,5013635,https://dataverse.harvard.edu/api/access/datafile/5013635
doi:10.7910/DVN/ENCABZ,A15_30119.jpg,5013637,https://dataverse.harvard.edu/api/access/datafile/5013637
doi:10.7910/DVN/AN3JOB,A15_30120.jpg,5013639,https://dataverse.harvard.edu/api/access/datafile/5013639
doi:10.7910/DVN/4OMPNV,A15_30121.jpg,5013641,https://dataverse.harvard.edu/api/access/datafile/5013641
doi:10.7910/DVN/PT0TBR,A15_30122.jpg,5013643,https://dataverse.harvard.edu/api/access/datafile/5013643
doi:10.7910/DVN/FR5WLZ,A15_30123.jpg,5013645,https://dataverse.harvard.edu/api/access/datafile/5013645
doi:10.7910/DVN/LJVMHL,A15_30124.jpg,5013647,https://dataverse.harvard.edu/api/access/datafile/5013647
doi:10.7910/DVN/ZBERLV,A15_30125.jpg,5013649,https://dataverse.harvard.edu/api/access/datafile/5013649
doi:10.7910/DVN/HITIB8,A15_30126.jpg,5013651,https://dataverse.harvard.edu/api/access/datafile/5013651
doi:10.7910/DVN/K7WSXC,A15_30127.jpg,5013653,https://dataverse.harvard.edu/api/access/datafile/5013653
doi:10.7910/DVN/NV7WFY,A15_30128.jpg,5013655,https://dataverse.harvard.edu/api/access/datafile/5013655
doi:10.7910/DVN/VCVIRA,A15_30129.jpg,5013657,https://dataverse.harvard.edu/api/access/datafile/5013657
doi:10.7910/DVN/D5QYZD,A15_30130.jpg,5013659,https://dataverse.harvard.edu/api/access/datafile/5013659
doi:10.7910/DVN/BJCL8U,A15_30131.jpg,5013661,https://dataverse.harvard.edu/api/access/datafile/5013661
doi:10.7910/DVN/XNMT1G,A15_30132.jpg,5013663,https://dataverse.harvard.edu/api/access/datafile/5013663
doi:10.7910/DVN/E063D4,A15_30133.jpg,5013665,https://dataverse.harvard.edu/api/access/datafile/5013665
doi:10.7910/DVN/CBYZAR,A15_30134.jpg,5013667,https://dataverse.harvard.edu/api/access/datafile/5013667
doi:10.7910/DVN/WDNBYQ,A15_30135.jpg,5013669,https://dataverse.harvard.edu/api/access/datafile/5013669
doi:10.7910/DVN/ENQ6GH,A15_30136.jpg,5013671,https://dataverse.harvard.edu/api/access/datafile/5013671
doi:10.7910/DVN/TMOBBE,A15_30137.jpg,5013673,https://dataverse.harvard.edu/api/access/datafile/5013673
doi:10.7910/DVN/P5BVZF,A15_30138.jpg,5013675,https://dataverse.harvard.edu/api/access/datafile/5013675
doi:10.7910/DVN/DGS2II,A15_30139.jpg,5013677,https://dataverse.harvard.edu/api/access/datafile/5013677
doi:10.7910/DVN/KKLEHH,A15_30140.jpg,5013679,https://dataverse.harvard.edu/api/access/datafile/5013679
doi:10.7910/DVN/5WOC6L,A15_30141.jpg,5013681,https://dataverse.harvard.edu/api/access/datafile/5013681
doi:10.7910/DVN/79MQFJ,A15_30142.jpg,5013683,https://dataverse.harvard.edu/api/access/datafile/5013683
doi:10.7910/DVN/NX8HPY,A15_30143.jpg,5013685,https://dataverse.harvard.edu/api/access/datafile/5013685
doi:10.7910/DVN/3FUFOP,A15_30144.jpg,5013687,https://dataverse.harvard.edu/api/access/datafile/5013687
doi:10.7910/DVN/8DWSOQ,A15_30145.jpg,5013689,https://dataverse.harvard.edu/api/access/datafile/5013689
doi:10.7910/DVN/ADDAAR,A15_30146.jpg,5013691,https://dataverse.harvard.edu/api/access/datafile/5013691
doi:10.7910/DVN/M0LBPD,A15_30147.jpg,5013693,https://dataverse.harvard.edu/api/access/datafile/5013693
doi:10.7910/DVN/CZNOSU,A15_30148.jpg,5013695,https://dataverse.harvard.edu/api/access/datafile/5013695
doi:10.7910/DVN/SVOROR,A15_30149.jpg,5013697,https://dataverse.harvard.edu/api/access/datafile/5013697
doi:10.7910/DVN/DNH08F,A15_30150.jpg,5013699,https://dataverse.harvard.edu/api/access/datafile/5013699
doi:10.7910/DVN/QFISSQ,A15_30151.jpg,5013701,https://dataverse.harvard.edu/api/access/datafile/5013701
doi:10.7910/DVN/DOCR1O,A15_30152.jpg,5013703,https://dataverse.harvard.edu/api/access/datafile/5013703
doi:10.7910/DVN/T3M8ZY,A15_30153.jpg,5013705,https://dataverse.harvard.edu/api/access/datafile/5013705
doi:10.7910/DVN/Z7UMN1,A15_30154.jpg,5013707,https://dataverse.harvard.edu/api/access/datafile/5013707
doi:10.7910/DVN/AF5KSW,A15_30155.jpg,5013709,https://dataverse.harvard.edu/api/access/datafile/5013709
doi:10.7910/DVN/HUJE21,A15_30156.jpg,5013711,https://dataverse.harvard.edu/api/access/datafile/5013711
doi:10.7910/DVN/QFNNRW,A15_30157.jpg,5013713,https://dataverse.harvard.edu/api/access/datafile/5013713
doi:10.7910/DVN/WBDGZ0,A15_30158.jpg,5013715,https://dataverse.harvard.edu/api/access/datafile/5013715
doi:10.7910/DVN/4DOMAY,A15_30159.jpg,5013717,https://dataverse.harvard.edu/api/access/datafile/5013717
doi:10.7910/DVN/276AAY,A15_30160.jpg,5013719,https://dataverse.harvard.edu/api/access/datafile/5013719
doi:10.7910/DVN/SYN2VD,A15_30161.jpg,5013721,https://dataverse.harvard.edu/api/access/datafile/5013721
doi:10.7910/DVN/RUNFVV,A15_30162.jpg,5013723,https://dataverse.harvard.edu/api/access/datafile/5013723
doi:10.7910/DVN/X3UEC0,A15_30163.jpg,5013725,https://dataverse.harvard.edu/api/access/datafile/5013725
doi:10.7910/DVN/QFPZAJ,A15_30164.jpg,5013727,https://dataverse.harvard.edu/api/access/datafile/5013727
doi:10.7910/DVN/8PRTUG,A15_30165.jpg,5013729,https://dataverse.harvard.edu/api/access/datafile/5013729
doi:10.7910/DVN/ZSOVX6,A15_30166.jpg,5013731,https://dataverse.harvard.edu/api/access/datafile/5013731
doi:10.7910/DVN/3CIUAK,A15_30167.jpg,5013733,https://dataverse.harvard.edu/api/access/datafile/5013733
doi:10.7910/DVN/SZK5HC,A15_30168.jpg,5013735,https://dataverse.harvard.edu/api/access/datafile/5013735
doi:10.7910/DVN/YWDJS5,A15_30169.jpg,5013737,https://dataverse.harvard.edu/api/access/datafile/5013737
doi:10.7910/DVN/LJX3RC,A15_30170.jpg,5013739,https://dataverse.harvard.edu/api/access/datafile/5013739
doi:10.7910/DVN/TS049T,A15_30171.jpg,5013741,https://dataverse.harvard.edu/api/access/datafile/5013741
doi:10.7910/DVN/L77ODL,A15_30172.jpg,5013743,https://dataverse.harvard.edu/api/access/datafile/5013743
doi:10.7910/DVN/9BGKF9,A15_30173.jpg,5013745,https://dataverse.harvard.edu/api/access/datafile/5013745
doi:10.7910/DVN/Z59CAA,A15_30174.jpg,5013747,https://dataverse.harvard.edu/api/access/datafile/5013747
doi:10.7910/DVN/S6Q5YV,A15_30175.jpg,5013749,https://dataverse.harvard.edu/api/access/datafile/5013749
doi:10.7910/DVN/BGEAMV,A15_30176.jpg,5013751,https://dataverse.harvard.edu/api/access/datafile/5013751
doi:10.7910/DVN/CSZDYR,A15_30177.jpg,5013753,https://dataverse.harvard.edu/api/access/datafile/5013753
doi:10.7910/DVN/LRE4JR,A15_30178.jpg,5013755,https://dataverse.harvard.edu/api/access/datafile/5013755
doi:10.7910/DVN/CG0FGC,A15_30179.jpg,5013757,https://dataverse.harvard.edu/api/access/datafile/5013757
doi:10.7910/DVN/0HFJYI,A15_30180.jpg,5013759,https://dataverse.harvard.edu/api/access/datafile/5013759
doi:10.7910/DVN/BHUVI5,A15_30181.jpg,5013761,https://dataverse.harvard.edu/api/access/datafile/5013761
doi:10.7910/DVN/KJN7EC,A15_30182.jpg,5013763,https://dataverse.harvard.edu/api/access/datafile/5013763
doi:10.7910/DVN/XLN9FA,A15_30183.jpg,5013765,https://dataverse.harvard.edu/api/access/datafile/5013765
doi:10.7910/DVN/CCLPR7,A15_30184.jpg,5013767,https://dataverse.harvard.edu/api/access/datafile/5013767
doi:10.7910/DVN/NUULCS,A15_30185.jpg,5013769,https://dataverse.harvard.edu/api/access/datafile/5013769
doi:10.7910/DVN/6T6JDL,A15_30186.jpg,5013771,https://dataverse.harvard.edu/api/access/datafile/5013771
doi:10.7910/DVN/FNWKYH,A15_30187.jpg,5013773,https://dataverse.harvard.edu/api/access/datafile/5013773
doi:10.7910/DVN/CDANHS,A15_30188.jpg,5013775,https://dataverse.harvard.edu/api/access/datafile/5013775
doi:10.7910/DVN/DVN6Y0,A15_30189.jpg,5013777,https://dataverse.harvard.edu/api/access/datafile/5013777
doi:10.7910/DVN/QKQPOQ,A15_30190.jpg,5013779,https://dataverse.harvard.edu/api/access/datafile/5013779
doi:10.7910/DVN/TTDC1U,A15_30191.jpg,5013781,https://dataverse.harvard.edu/api/access/datafile/5013781
doi:10.7910/DVN/NU0EJL,A15_30192.jpg,5013783,https://dataverse.harvard.edu/api/access/datafile/5013783
doi:10.7910/DVN/ZAMGJT,A15_30193.jpg,5013785,https://dataverse.harvard.edu/api/access/datafile/5013785
doi:10.7910/DVN/4ILVZZ,A15_30194.jpg,5013787,https://dataverse.harvard.edu/api/access/datafile/5013787
doi:10.7910/DVN/QHE3AQ,A15_30195.jpg,5013789,https://dataverse.harvard.edu/api/access/datafile/5013789
doi:10.7910/DVN/20NHXS,A15_30196.jpg,5013791,https://dataverse.harvard.edu/api/access/datafile/5013791
doi:10.7910/DVN/8LNPD4,A15_30197.jpg,5013793,https://dataverse.harvard.edu/api/access/datafile/5013793
doi:10.7910/DVN/UAHKVT,A15_30198.jpg,5013795,https://dataverse.harvard.edu/api/access/datafile/5013795
doi:10.7910/DVN/EIZTSY,A15_30199.jpg,5013797,https://dataverse.harvard.edu/api/access/datafile/5013797
doi:10.7910/DVN/DREOY8,A15_30200.jpg,5013799,https://dataverse.harvard.edu/api/access/datafile/5013799
doi:10.7910/DVN/0SURUJ,A15_30201.jpg,5013801,https://dataverse.harvard.edu/api/access/datafile/5013801
doi:10.7910/DVN/VDFVWY,A15_30202.jpg,5013803,https://dataverse.harvard.edu/api/access/datafile/5013803
doi:10.7910/DVN/0BZCCP,A15_30202.jpg,5013805,https://dataverse.harvard.edu/api/access/datafile/5013805
doi:10.7910/DVN/XGCS8W,A15_30203.jpg,5013807,https://dataverse.harvard.edu/api/access/datafile/5013807
doi:10.7910/DVN/GMAM2D,A15_30204.jpg,5013809,https://dataverse.harvard.edu/api/access/datafile/5013809
doi:10.7910/DVN/MPELK2,A15_30205.jpg,5013811,https://dataverse.harvard.edu/api/access/datafile/5013811
doi:10.7910/DVN/5JDSOC,A15_30206.jpg,5013813,https://dataverse.harvard.edu/api/access/datafile/5013813
doi:10.7910/DVN/MBHJXL,A15_30207.jpg,5013815,https://dataverse.harvard.edu/api/access/datafile/5013815
doi:10.7910/DVN/KNBRHB,A15_30208.jpg,5013817,https://dataverse.harvard.edu/api/access/datafile/5013817
doi:10.7910/DVN/TN0K3K,A15_30209.jpg,5013819,https://dataverse.harvard.edu/api/access/datafile/5013819
doi:10.7910/DVN/FRLLS5,A15_30211.jpg,5013821,https://dataverse.harvard.edu/api/access/datafile/5013821
doi:10.7910/DVN/WMBHZG,A15_30212.jpg,5013823,https://dataverse.harvard.edu/api/access/datafile/5013823
doi:10.7910/DVN/4T9P33,A15_30213.jpg,5013825,https://dataverse.harvard.edu/api/access/datafile/5013825
doi:10.7910/DVN/KDOUHF,A15_30214.jpg,5013827,https://dataverse.harvard.edu/api/access/datafile/5013827
doi:10.7910/DVN/XTQRJQ,A15_30215.jpg,5013829,https://dataverse.harvard.edu/api/access/datafile/5013829
doi:10.7910/DVN/UX6TYI,A15_30216.jpg,5013831,https://dataverse.harvard.edu/api/access/datafile/5013831
doi:10.7910/DVN/RGST7Z,A15_30217.jpg,5013833,https://dataverse.harvard.edu/api/access/datafile/5013833
doi:10.7910/DVN/ZUY6TM,A15_30218.jpg,5013835,https://dataverse.harvard.edu/api/access/datafile/5013835
doi:10.7910/DVN/62UL2K,A15_30219.jpg,5013837,https://dataverse.harvard.edu/api/access/datafile/5013837
doi:10.7910/DVN/M0I5RF,A15_30220.jpg,5013839,https://dataverse.harvard.edu/api/access/datafile/5013839
doi:10.7910/DVN/ENHKSQ,A15_30221.jpg,5013841,https://dataverse.harvard.edu/api/access/datafile/5013841
doi:10.7910/DVN/TBSXND,A15_30222.jpg,5013843,https://dataverse.harvard.edu/api/access/datafile/5013843
doi:10.7910/DVN/HWHSHN,A15_30223.jpg,5013845,https://dataverse.harvard.edu/api/access/datafile/5013845
doi:10.7910/DVN/KTRIQW,A15_30224.jpg,5013847,https://dataverse.harvard.edu/api/access/datafile/5013847
doi:10.7910/DVN/NVXC2Y,A15_30225.jpg,5013849,https://dataverse.harvard.edu/api/access/datafile/5013849
doi:10.7910/DVN/MBDTO9,A15_30226.jpg,5013851,https://dataverse.harvard.edu/api/access/datafile/5013851
doi:10.7910/DVN/W82XHI,A15_30227.jpg,5013853,https://dataverse.harvard.edu/api/access/datafile/5013853
doi:10.7910/DVN/YHFGYO,A15_30228.jpg,5013855,https://dataverse.harvard.edu/api/access/datafile/5013855
doi:10.7910/DVN/L0KFIV,A15_30229.jpg,5013857,https://dataverse.harvard.edu/api/access/datafile/5013857
doi:10.7910/DVN/SQ95BI,A15_30230.jpg,5013859,https://dataverse.harvard.edu/api/access/datafile/5013859
doi:10.7910/DVN/ZYJ2DY,A15_30231.jpg,5013861,https://dataverse.harvard.edu/api/access/datafile/5013861
doi:10.7910/DVN/20AYKV,A15_30232.jpg,5013863,https://dataverse.harvard.edu/api/access/datafile/5013863
doi:10.7910/DVN/GR0L7M,A15_30233.jpg,5013865,https://dataverse.harvard.edu/api/access/datafile/5013865
doi:10.7910/DVN/UT6ETS,A15_30234.jpg,5013867,https://dataverse.harvard.edu/api/access/datafile/5013867
doi:10.7910/DVN/EWIXDN,A15_30235.jpg,5013869,https://dataverse.harvard.edu/api/access/datafile/5013869
doi:10.7910/DVN/RQYBA6,A15_30236.jpg,5013871,https://dataverse.harvard.edu/api/access/datafile/5013871
doi:10.7910/DVN/VWP183,A15_30237.jpg,5013873,https://dataverse.harvard.edu/api/access/datafile/5013873
doi:10.7910/DVN/J1FZLS,A15_30238.jpg,5013875,https://dataverse.harvard.edu/api/access/datafile/5013875
doi:10.7910/DVN/GUY86A,A15_30239.jpg,5013877,https://dataverse.harvard.edu/api/access/datafile/5013877
doi:10.7910/DVN/KE4XJH,A15_30240.jpg,5013879,https://dataverse.harvard.edu/api/access/datafile/5013879
doi:10.7910/DVN/E0U3DT,A15_30241.jpg,5013881,https://dataverse.harvard.edu/api/access/datafile/5013881
doi:10.7910/DVN/HZNGYL,A15_30242.jpg,5013883,https://dataverse.harvard.edu/api/access/datafile/5013883
doi:10.7910/DVN/VOUSCO,A15_30243.jpg,5013885,https://dataverse.harvard.edu/api/access/datafile/5013885
doi:10.7910/DVN/UXBKW0,A15_30244.jpg,5013887,https://dataverse.harvard.edu/api/access/datafile/5013887
doi:10.7910/DVN/MEY6MI,A15_30245.jpg,5013889,https://dataverse.harvard.edu/api/access/datafile/5013889
doi:10.7910/DVN/GNDHIR,A15_30246.jpg,5013891,https://dataverse.harvard.edu/api/access/datafile/5013891
doi:10.7910/DVN/GEARZZ,A15_30247.jpg,5013893,https://dataverse.harvard.edu/api/access/datafile/5013893
doi:10.7910/DVN/GGEXNZ,A15_30248.jpg,5013895,https://dataverse.harvard.edu/api/access/datafile/5013895
doi:10.7910/DVN/A1DCCI,A15_30249.jpg,5013897,https://dataverse.harvard.edu/api/access/datafile/5013897
doi:10.7910/DVN/UGFEVO,A15_30250.jpg,5013899,https://dataverse.harvard.edu/api/access/datafile/5013899
doi:10.7910/DVN/VXQHCL,A15_30250.jpg,5013901,https://dataverse.harvard.edu/api/access/datafile/5013901
doi:10.7910/DVN/EJW5UI,A15_30250.jpg,5013903,https://dataverse.harvard.edu/api/access/datafile/5013903
doi:10.7910/DVN/XKDZC8,A15_30250.jpg,5013905,https://dataverse.harvard.edu/api/access/datafile/5013905
doi:10.7910/DVN/NMJVJ0,A15_30250.jpg,5013907,https://dataverse.harvard.edu/api/access/datafile/5013907
doi:10.7910/DVN/FJF6BC,A15_30250.jpg,5013909,https://dataverse.harvard.edu/api/access/datafile/5013909
doi:10.7910/DVN/GADGVN,A15_30251.jpg,5013911,https://dataverse.harvard.edu/api/access/datafile/5013911
doi:10.7910/DVN/2XADIX,A15_30252.jpg,5013913,https://dataverse.harvard.edu/api/access/datafile/5013913
doi:10.7910/DVN/YNCD4N,A15_30253.jpg,5013915,https://dataverse.harvard.edu/api/access/datafile/5013915
doi:10.7910/DVN/EMTOTY,A15_30254.jpg,5013917,https://dataverse.harvard.edu/api/access/datafile/5013917
doi:10.7910/DVN/KVCF0H,A15_30255.jpg,5013919,https://dataverse.harvard.edu/api/access/datafile/5013919
doi:10.7910/DVN/UYU9WG,A15_30256.jpg,5013921,https://dataverse.harvard.edu/api/access/datafile/5013921
doi:10.7910/DVN/UMMLJV,A15_30257.jpg,5013923,https://dataverse.harvard.edu/api/access/datafile/5013923
doi:10.7910/DVN/XNZCQ0,A15_30258.jpg,5013925,https://dataverse.harvard.edu/api/access/datafile/5013925
doi:10.7910/DVN/8TPBHN,A15_30259.jpg,5013927,https://dataverse.harvard.edu/api/access/datafile/5013927
doi:10.7910/DVN/NHGWF1,A15_30260.jpg,5013929,https://dataverse.harvard.edu/api/access/datafile/5013929
doi:10.7910/DVN/MXNAPN,A15_30261.jpg,5013931,https://dataverse.harvard.edu/api/access/datafile/5013931
doi:10.7910/DVN/2JJHDF,A15_30262.jpg,5013933,https://dataverse.harvard.edu/api/access/datafile/5013933
doi:10.7910/DVN/QXJD3K,A15_30263.jpg,5013935,https://dataverse.harvard.edu/api/access/datafile/5013935
doi:10.7910/DVN/QYXZHU,A15_30264.jpg,5013937,https://dataverse.harvard.edu/api/access/datafile/5013937
doi:10.7910/DVN/ISTSQJ,A15_30265.jpg,5013939,https://dataverse.harvard.edu/api/access/datafile/5013939
doi:10.7910/DVN/YSECBL,A15_30266.jpg,5013941,https://dataverse.harvard.edu/api/access/datafile/5013941
doi:10.7910/DVN/MN88SP,A15_30267.jpg,5013943,https://dataverse.harvard.edu/api/access/datafile/5013943
doi:10.7910/DVN/D354BZ,A15_30268.jpg,5013945,https://dataverse.harvard.edu/api/access/datafile/5013945
doi:10.7910/DVN/JLNT32,A15_30269.jpg,5013947,https://dataverse.harvard.edu/api/access/datafile/5013947
doi:10.7910/DVN/OGISGI,A15_30270.jpg,5013949,https://dataverse.harvard.edu/api/access/datafile/5013949
doi:10.7910/DVN/FD9EWI,A15_30271.jpg,5013951,https://dataverse.harvard.edu/api/access/datafile/5013951
doi:10.7910/DVN/X9JVNH,A15_30272.jpg,5013953,https://dataverse.harvard.edu/api/access/datafile/5013953
doi:10.7910/DVN/TA2VS6,A15_30273.jpg,5013955,https://dataverse.harvard.edu/api/access/datafile/5013955
doi:10.7910/DVN/GPEQH6,A15_30274.jpg,5013957,https://dataverse.harvard.edu/api/access/datafile/5013957
doi:10.7910/DVN/DK5XC3,A15_30275.jpg,5014089,https://dataverse.harvard.edu/api/access/datafile/5014089
doi:10.7910/DVN/4PL2QN,A15_30276.jpg,5014091,https://dataverse.harvard.edu/api/access/datafile/5014091
doi:10.7910/DVN/CRNTQR,A15_30277.jpg,5014093,https://dataverse.harvard.edu/api/access/datafile/5014093
doi:10.7910/DVN/9HKKER,A15_30278.jpg,5014095,https://dataverse.harvard.edu/api/access/datafile/5014095
doi:10.7910/DVN/7BVTV0,A15_30279.jpg,5014097,https://dataverse.harvard.edu/api/access/datafile/5014097
doi:10.7910/DVN/CYKXYZ,A15_30280.jpg,5014099,https://dataverse.harvard.edu/api/access/datafile/5014099
doi:10.7910/DVN/77SLMP,A15_30281.jpg,5014101,https://dataverse.harvard.edu/api/access/datafile/5014101
doi:10.7910/DVN/GM1BSW,A15_30282.jpg,5014103,https://dataverse.harvard.edu/api/access/datafile/5014103
doi:10.7910/DVN/IF1R6L,A15_30283.jpg,5014105,https://dataverse.harvard.edu/api/access/datafile/5014105
doi:10.7910/DVN/HJLFGL,A15_30284.jpg,5014107,https://dataverse.harvard.edu/api/access/datafile/5014107
doi:10.7910/DVN/XIPNPU,A15_30285.jpg,5014109,https://dataverse.harvard.edu/api/access/datafile/5014109
doi:10.7910/DVN/KP5WHX,A15_30291.jpg,5014111,https://dataverse.harvard.edu/api/access/datafile/5014111
