filename,filename_old,OCHRE Permanent Link,dataset_title,dataset_description,file_description
02.014 Pottery Registry 002 (L).pdf,02.014 Pottery Registry 002 (L).jpg,https://pi.lib.uchicago.edu/1001/org/ochre/87db1562-d7f5-ad07-de81-4f6a851c3858,Pottery Registry: Dataset 1,Pottery registries from excavation: 1985-2016,"OCHRE link: <a href=""https://pi.lib.uchicago.edu/1001/org/ochre/87db1562-d7f5-ad07-de81-4f6a851c3858"">https://pi.lib.uchicago.edu/1001/org/ochre/87db1562-d7f5-ad07-de81-4f6a851c3858</a>"
02.045 Pottery Registry 033 (F).pdf,02.045 Pottery Registry 033 (F).jpg,https://pi.lib.uchicago.edu/1001/org/ochre/0be69941-d922-46b7-5020-4c86eb4e35cd,Pottery Registry: Dataset 1,Pottery registries from excavation: 1985-2016,"OCHRE link: <a href=""https://pi.lib.uchicago.edu/1001/org/ochre/0be69941-d922-46b7-5020-4c86eb4e35cd"">https://pi.lib.uchicago.edu/1001/org/ochre/0be69941-d922-46b7-5020-4c86eb4e35cd</a>"
02.055 Pottery Registry 007 (L).pdf,02.055 Pottery Registry 007 (L).jpg,https://pi.lib.uchicago.edu/1001/org/ochre/a7914c55-5a98-5686-e061-ff731845ef0a,Pottery Registry: Dataset 1,Pottery registries from excavation: 1985-2016,"OCHRE link: <a href=""https://pi.lib.uchicago.edu/1001/org/ochre/a7914c55-5a98-5686-e061-ff731845ef0a"">https://pi.lib.uchicago.edu/1001/org/ochre/a7914c55-5a98-5686-e061-ff731845ef0a</a>"
02.055 Pottery Registry 008 (L).pdf,02.055 Pottery Registry 008 (L).jpg,https://pi.lib.uchicago.edu/1001/org/ochre/b80bee59-e583-8fd2-4093-b8e3b7b45762,Pottery Registry: Dataset 1,Pottery registries from excavation: 1985-2016,"OCHRE link: <a href=""https://pi.lib.uchicago.edu/1001/org/ochre/b80bee59-e583-8fd2-4093-b8e3b7b45762"">https://pi.lib.uchicago.edu/1001/org/ochre/b80bee59-e583-8fd2-4093-b8e3b7b45762</a>"
02.055 Pottery Registry 164 (LF).pdf,02.055 Pottery Registry 164 (LF).jpg,https://pi.lib.uchicago.edu/1001/org/ochre/baa96992-794f-99b3-ac61-7afcf82659b9,Pottery Registry: Dataset 1,Pottery registries from excavation: 1985-2016,"OCHRE link: <a href=""https://pi.lib.uchicago.edu/1001/org/ochre/baa96992-794f-99b3-ac61-7afcf82659b9"">https://pi.lib.uchicago.edu/1001/org/ochre/baa96992-794f-99b3-ac61-7afcf82659b9</a>"
02.055 Pottery Registry 168 (L).pdf,02.055 Pottery Registry 168 (L).jpg,https://pi.lib.uchicago.edu/1001/org/ochre/b63f5a87-4adc-f95e-3b37-7405abe01fd4,Pottery Registry: Dataset 1,Pottery registries from excavation: 1985-2016,"OCHRE link: <a href=""https://pi.lib.uchicago.edu/1001/org/ochre/b63f5a87-4adc-f95e-3b37-7405abe01fd4"">https://pi.lib.uchicago.edu/1001/org/ochre/b63f5a87-4adc-f95e-3b37-7405abe01fd4</a>"
02.055 Pottery Registry 176 (L).pdf,02.055 Pottery Registry 176 (L).jpg,https://pi.lib.uchicago.edu/1001/org/ochre/cd007087-2df1-1ec0-0c8b-36687d744a94,Pottery Registry: Dataset 1,Pottery registries from excavation: 1985-2016,"OCHRE link: <a href=""https://pi.lib.uchicago.edu/1001/org/ochre/cd007087-2df1-1ec0-0c8b-36687d744a94"">https://pi.lib.uchicago.edu/1001/org/ochre/cd007087-2df1-1ec0-0c8b-36687d744a94</a>"
02.055 Pottery Registry 311 (F).pdf,02.055 Pottery Registry 311 (F).jpg,https://pi.lib.uchicago.edu/1001/org/ochre/f23b444b-844c-342f-535f-6b833228de3c,Pottery Registry: Dataset 1,Pottery registries from excavation: 1985-2016,"OCHRE link: <a href=""https://pi.lib.uchicago.edu/1001/org/ochre/f23b444b-844c-342f-535f-6b833228de3c"">https://pi.lib.uchicago.edu/1001/org/ochre/f23b444b-844c-342f-535f-6b833228de3c</a>"
02.056 Pottery Registry 001 (L).pdf,02.056 Pottery Registry 001 (L).jpg,https://pi.lib.uchicago.edu/1001/org/ochre/39899740-4321-7289-7da5-b1a89ab7e969,Pottery Registry: Dataset 1,Pottery registries from excavation: 1985-2016,"OCHRE link: <a href=""https://pi.lib.uchicago.edu/1001/org/ochre/39899740-4321-7289-7da5-b1a89ab7e969"">https://pi.lib.uchicago.edu/1001/org/ochre/39899740-4321-7289-7da5-b1a89ab7e969</a>"
02.056 Pottery Registry 004 (L).pdf,02.056 Pottery Registry 004 (L).jpg,https://pi.lib.uchicago.edu/1001/org/ochre/1c76137e-50ff-2fcd-dbeb-fdee4cab33b1,Pottery Registry: Dataset 1,Pottery registries from excavation: 1985-2016,"OCHRE link: <a href=""https://pi.lib.uchicago.edu/1001/org/ochre/1c76137e-50ff-2fcd-dbeb-fdee4cab33b1"">https://pi.lib.uchicago.edu/1001/org/ochre/1c76137e-50ff-2fcd-dbeb-fdee4cab33b1</a>"
02.056 Pottery Registry 007 (L).pdf,02.056 Pottery Registry 007 (L).jpg,https://pi.lib.uchicago.edu/1001/org/ochre/cef840e3-851b-86d2-b30c-656d514a4227,Pottery Registry: Dataset 1,Pottery registries from excavation: 1985-2016,"OCHRE link: <a href=""https://pi.lib.uchicago.edu/1001/org/ochre/cef840e3-851b-86d2-b30c-656d514a4227"">https://pi.lib.uchicago.edu/1001/org/ochre/cef840e3-851b-86d2-b30c-656d514a4227</a>"
02.056 Pottery Registry 008 (L).pdf,02.056 Pottery Registry 008 (L).jpg,https://pi.lib.uchicago.edu/1001/org/ochre/58158c96-300d-5472-bd8b-7c17dcdafcb7,Pottery Registry: Dataset 1,Pottery registries from excavation: 1985-2016,"OCHRE link: <a href=""https://pi.lib.uchicago.edu/1001/org/ochre/58158c96-300d-5472-bd8b-7c17dcdafcb7"">https://pi.lib.uchicago.edu/1001/org/ochre/58158c96-300d-5472-bd8b-7c17dcdafcb7</a>"
02.056 Pottery Registry 009 (L).pdf,02.056 Pottery Registry 009 (L).jpg,https://pi.lib.uchicago.edu/1001/org/ochre/e4969af4-18a6-98e6-808e-556d5247385b,Pottery Registry: Dataset 1,Pottery registries from excavation: 1985-2016,"OCHRE link: <a href=""https://pi.lib.uchicago.edu/1001/org/ochre/e4969af4-18a6-98e6-808e-556d5247385b"">https://pi.lib.uchicago.edu/1001/org/ochre/e4969af4-18a6-98e6-808e-556d5247385b</a>"
02.056 Pottery Registry 010 (L).pdf,02.056 Pottery Registry 010 (L).jpg,https://pi.lib.uchicago.edu/1001/org/ochre/66bd33a9-44c3-3d18-5579-287a82269ab4,Pottery Registry: Dataset 1,Pottery registries from excavation: 1985-2016,"OCHRE link: <a href=""https://pi.lib.uchicago.edu/1001/org/ochre/66bd33a9-44c3-3d18-5579-287a82269ab4"">https://pi.lib.uchicago.edu/1001/org/ochre/66bd33a9-44c3-3d18-5579-287a82269ab4</a>"
02.056 Pottery Registry 013 (L).pdf,02.056 Pottery Registry 013 (L).jpg,https://pi.lib.uchicago.edu/1001/org/ochre/fe1fb450-74b6-0b88-c5c4-487a757c238f,Pottery Registry: Dataset 1,Pottery registries from excavation: 1985-2016,"OCHRE link: <a href=""https://pi.lib.uchicago.edu/1001/org/ochre/fe1fb450-74b6-0b88-c5c4-487a757c238f"">https://pi.lib.uchicago.edu/1001/org/ochre/fe1fb450-74b6-0b88-c5c4-487a757c238f</a>"
02.056 Pottery Registry 014 (L).pdf,02.056 Pottery Registry 014 (L).jpg,https://pi.lib.uchicago.edu/1001/org/ochre/e0179b5e-10c2-86b5-4e93-183fc8c0bb3e,Pottery Registry: Dataset 1,Pottery registries from excavation: 1985-2016,"OCHRE link: <a href=""https://pi.lib.uchicago.edu/1001/org/ochre/e0179b5e-10c2-86b5-4e93-183fc8c0bb3e"">https://pi.lib.uchicago.edu/1001/org/ochre/e0179b5e-10c2-86b5-4e93-183fc8c0bb3e</a>"
02.056 Pottery Registry 016 (L).pdf,02.056 Pottery Registry 016 (L).jpg,https://pi.lib.uchicago.edu/1001/org/ochre/a0e77dae-fe88-b48d-bdde-e57dd806d994,Pottery Registry: Dataset 1,Pottery registries from excavation: 1985-2016,"OCHRE link: <a href=""https://pi.lib.uchicago.edu/1001/org/ochre/a0e77dae-fe88-b48d-bdde-e57dd806d994"">https://pi.lib.uchicago.edu/1001/org/ochre/a0e77dae-fe88-b48d-bdde-e57dd806d994</a>"
02.056 Pottery Registry 017 (L).pdf,02.056 Pottery Registry 017 (L).jpg,https://pi.lib.uchicago.edu/1001/org/ochre/106ff8da-4d17-7660-a3de-82990f894482,Pottery Registry: Dataset 1,Pottery registries from excavation: 1985-2016,"OCHRE link: <a href=""https://pi.lib.uchicago.edu/1001/org/ochre/106ff8da-4d17-7660-a3de-82990f894482"">https://pi.lib.uchicago.edu/1001/org/ochre/106ff8da-4d17-7660-a3de-82990f894482</a>"
02.056 Pottery Registry 018 (L).pdf,02.056 Pottery Registry 018 (L).jpg,https://pi.lib.uchicago.edu/1001/org/ochre/acea2170-1ef7-1766-b536-1e9a4b395869,Pottery Registry: Dataset 1,Pottery registries from excavation: 1985-2016,"OCHRE link: <a href=""https://pi.lib.uchicago.edu/1001/org/ochre/acea2170-1ef7-1766-b536-1e9a4b395869"">https://pi.lib.uchicago.edu/1001/org/ochre/acea2170-1ef7-1766-b536-1e9a4b395869</a>"
02.056 Pottery Registry 019 (L).pdf,02.056 Pottery Registry 019 (L).jpg,https://pi.lib.uchicago.edu/1001/org/ochre/8a177c73-1f2c-57cb-60d6-cb03d256c6ab,Pottery Registry: Dataset 1,Pottery registries from excavation: 1985-2016,"OCHRE link: <a href=""https://pi.lib.uchicago.edu/1001/org/ochre/8a177c73-1f2c-57cb-60d6-cb03d256c6ab"">https://pi.lib.uchicago.edu/1001/org/ochre/8a177c73-1f2c-57cb-60d6-cb03d256c6ab</a>"
02.056 Pottery Registry 020 (L).pdf,02.056 Pottery Registry 020 (L).jpg,https://pi.lib.uchicago.edu/1001/org/ochre/002f597a-8cf4-1de3-8618-446376a3758f,Pottery Registry: Dataset 1,Pottery registries from excavation: 1985-2016,"OCHRE link: <a href=""https://pi.lib.uchicago.edu/1001/org/ochre/002f597a-8cf4-1de3-8618-446376a3758f"">https://pi.lib.uchicago.edu/1001/org/ochre/002f597a-8cf4-1de3-8618-446376a3758f</a>"
02.056 Pottery Registry 028 (L).pdf,02.056 Pottery Registry 028 (L).jpg,https://pi.lib.uchicago.edu/1001/org/ochre/e9d217d7-7ba7-e339-82aa-9a191f8f7384,Pottery Registry: Dataset 1,Pottery registries from excavation: 1985-2016,"OCHRE link: <a href=""https://pi.lib.uchicago.edu/1001/org/ochre/e9d217d7-7ba7-e339-82aa-9a191f8f7384"">https://pi.lib.uchicago.edu/1001/org/ochre/e9d217d7-7ba7-e339-82aa-9a191f8f7384</a>"
02.056 Pottery Registry 196 (F).pdf,02.056 Pottery Registry 196 (F).jpg,https://pi.lib.uchicago.edu/1001/org/ochre/f58233c1-851e-660d-543d-40f86aa830e3,Pottery Registry: Dataset 1,Pottery registries from excavation: 1985-2016,"OCHRE link: <a href=""https://pi.lib.uchicago.edu/1001/org/ochre/f58233c1-851e-660d-543d-40f86aa830e3"">https://pi.lib.uchicago.edu/1001/org/ochre/f58233c1-851e-660d-543d-40f86aa830e3</a>"
02.056 Pottery Registry 239 (LF).pdf,02.056 Pottery Registry 239 (LF).jpg,https://pi.lib.uchicago.edu/1001/org/ochre/3bca836c-468c-c415-30bb-bc43dbb5ee83,Pottery Registry: Dataset 1,Pottery registries from excavation: 1985-2016,"OCHRE link: <a href=""https://pi.lib.uchicago.edu/1001/org/ochre/3bca836c-468c-c415-30bb-bc43dbb5ee83"">https://pi.lib.uchicago.edu/1001/org/ochre/3bca836c-468c-c415-30bb-bc43dbb5ee83</a>"
02.062 Pottery Registry 002 (L).pdf,02.062 Pottery Registry 002 (L).jpg,https://pi.lib.uchicago.edu/1001/org/ochre/6f044e1e-e6f9-be09-af32-d669caad3216,Pottery Registry: Dataset 1,Pottery registries from excavation: 1985-2016,"OCHRE link: <a href=""https://pi.lib.uchicago.edu/1001/org/ochre/6f044e1e-e6f9-be09-af32-d669caad3216"">https://pi.lib.uchicago.edu/1001/org/ochre/6f044e1e-e6f9-be09-af32-d669caad3216</a>"
02.063 Pottery Registry 003+ (L).pdf,02.063 Pottery Registry 003+ (L).jpg,https://pi.lib.uchicago.edu/1001/org/ochre/85b59c8a-83f9-dc24-f714-ad7e78eaf620,Pottery Registry: Dataset 1,Pottery registries from excavation: 1985-2016,"OCHRE link: <a href=""https://pi.lib.uchicago.edu/1001/org/ochre/85b59c8a-83f9-dc24-f714-ad7e78eaf620"">https://pi.lib.uchicago.edu/1001/org/ochre/85b59c8a-83f9-dc24-f714-ad7e78eaf620</a>"
02.063 Pottery Registry 006 (L).pdf,02.063 Pottery Registry 006 (L).jpg,https://pi.lib.uchicago.edu/1001/org/ochre/9c817235-f05c-4a30-6a75-c62e9ea8772c,Pottery Registry: Dataset 1,Pottery registries from excavation: 1985-2016,"OCHRE link: <a href=""https://pi.lib.uchicago.edu/1001/org/ochre/9c817235-f05c-4a30-6a75-c62e9ea8772c"">https://pi.lib.uchicago.edu/1001/org/ochre/9c817235-f05c-4a30-6a75-c62e9ea8772c</a>"
02.063 Pottery Registry 007 (L).pdf,02.063 Pottery Registry 007 (L).jpg,https://pi.lib.uchicago.edu/1001/org/ochre/f5a5a793-3859-6aeb-4b8e-c659f71801e2,Pottery Registry: Dataset 1,Pottery registries from excavation: 1985-2016,"OCHRE link: <a href=""https://pi.lib.uchicago.edu/1001/org/ochre/f5a5a793-3859-6aeb-4b8e-c659f71801e2"">https://pi.lib.uchicago.edu/1001/org/ochre/f5a5a793-3859-6aeb-4b8e-c659f71801e2</a>"
02.063 Pottery Registry 014 (LF).pdf,02.063 Pottery Registry 014 (LF).jpg,https://pi.lib.uchicago.edu/1001/org/ochre/9958e779-2bf7-3f6b-00da-70e9bd091e3d,Pottery Registry: Dataset 1,Pottery registries from excavation: 1985-2016,"OCHRE link: <a href=""https://pi.lib.uchicago.edu/1001/org/ochre/9958e779-2bf7-3f6b-00da-70e9bd091e3d"">https://pi.lib.uchicago.edu/1001/org/ochre/9958e779-2bf7-3f6b-00da-70e9bd091e3d</a>"
02.063 Pottery Registry 022 (L).pdf,02.063 Pottery Registry 022 (L).jpg,https://pi.lib.uchicago.edu/1001/org/ochre/ac25f983-c7e4-97dc-0493-3bbf7f7b3f82,Pottery Registry: Dataset 1,Pottery registries from excavation: 1985-2016,"OCHRE link: <a href=""https://pi.lib.uchicago.edu/1001/org/ochre/ac25f983-c7e4-97dc-0493-3bbf7f7b3f82"">https://pi.lib.uchicago.edu/1001/org/ochre/ac25f983-c7e4-97dc-0493-3bbf7f7b3f82</a>"
02.063 Pottery Registry 067 (F).pdf,02.063 Pottery Registry 067 (F).jpg,https://pi.lib.uchicago.edu/1001/org/ochre/adbfeb1f-247d-6ded-ca30-f8be3b9cc008,Pottery Registry: Dataset 1,Pottery registries from excavation: 1985-2016,"OCHRE link: <a href=""https://pi.lib.uchicago.edu/1001/org/ochre/adbfeb1f-247d-6ded-ca30-f8be3b9cc008"">https://pi.lib.uchicago.edu/1001/org/ochre/adbfeb1f-247d-6ded-ca30-f8be3b9cc008</a>"
02.065 Pottery Registry 004 (L).pdf,02.065 Pottery Registry 004 (L).jpg,https://pi.lib.uchicago.edu/1001/org/ochre/50977e3d-6efd-5447-1a1a-e667d7bdb5ea,Pottery Registry: Dataset 1,Pottery registries from excavation: 1985-2016,"OCHRE link: <a href=""https://pi.lib.uchicago.edu/1001/org/ochre/50977e3d-6efd-5447-1a1a-e667d7bdb5ea"">https://pi.lib.uchicago.edu/1001/org/ochre/50977e3d-6efd-5447-1a1a-e667d7bdb5ea</a>"
02.065 Pottery Registry 005 (L).pdf,02.065 Pottery Registry 005 (L).jpg,https://pi.lib.uchicago.edu/1001/org/ochre/975f8a5a-3a06-6da2-3ee1-594a982434e7,Pottery Registry: Dataset 1,Pottery registries from excavation: 1985-2016,"OCHRE link: <a href=""https://pi.lib.uchicago.edu/1001/org/ochre/975f8a5a-3a06-6da2-3ee1-594a982434e7"">https://pi.lib.uchicago.edu/1001/org/ochre/975f8a5a-3a06-6da2-3ee1-594a982434e7</a>"
02.065 Pottery Registry 006 (L).pdf,02.065 Pottery Registry 006 (L).jpg,https://pi.lib.uchicago.edu/1001/org/ochre/ca2a79a9-8abf-2374-a760-f1ca940ee38e,Pottery Registry: Dataset 1,Pottery registries from excavation: 1985-2016,"OCHRE link: <a href=""https://pi.lib.uchicago.edu/1001/org/ochre/ca2a79a9-8abf-2374-a760-f1ca940ee38e"">https://pi.lib.uchicago.edu/1001/org/ochre/ca2a79a9-8abf-2374-a760-f1ca940ee38e</a>"
02.065 Pottery Registry 007 (L).pdf,02.065 Pottery Registry 007 (L).jpg,https://pi.lib.uchicago.edu/1001/org/ochre/53a0d9ab-1a84-aca7-663c-3d25ec1be8cb,Pottery Registry: Dataset 1,Pottery registries from excavation: 1985-2016,"OCHRE link: <a href=""https://pi.lib.uchicago.edu/1001/org/ochre/53a0d9ab-1a84-aca7-663c-3d25ec1be8cb"">https://pi.lib.uchicago.edu/1001/org/ochre/53a0d9ab-1a84-aca7-663c-3d25ec1be8cb</a>"
02.066 Pottery Registry 002 (L).pdf,02.066 Pottery Registry 002 (L).jpg,https://pi.lib.uchicago.edu/1001/org/ochre/bf67fa02-7a2d-1f68-37e5-c7b706b9d9d1,Pottery Registry: Dataset 1,Pottery registries from excavation: 1985-2016,"OCHRE link: <a href=""https://pi.lib.uchicago.edu/1001/org/ochre/bf67fa02-7a2d-1f68-37e5-c7b706b9d9d1"">https://pi.lib.uchicago.edu/1001/org/ochre/bf67fa02-7a2d-1f68-37e5-c7b706b9d9d1</a>"
02.066 Pottery Registry 005 (L).pdf,02.066 Pottery Registry 005 (L).jpg,https://pi.lib.uchicago.edu/1001/org/ochre/5df90cb2-dca6-fa44-fb0f-d166b40e7f78,Pottery Registry: Dataset 1,Pottery registries from excavation: 1985-2016,"OCHRE link: <a href=""https://pi.lib.uchicago.edu/1001/org/ochre/5df90cb2-dca6-fa44-fb0f-d166b40e7f78"">https://pi.lib.uchicago.edu/1001/org/ochre/5df90cb2-dca6-fa44-fb0f-d166b40e7f78</a>"
02.066 Pottery Registry 007 (L).pdf,02.066 Pottery Registry 007 (L).jpg,https://pi.lib.uchicago.edu/1001/org/ochre/000e84e3-3621-35dd-322f-1d79c27c9efd,Pottery Registry: Dataset 1,Pottery registries from excavation: 1985-2016,"OCHRE link: <a href=""https://pi.lib.uchicago.edu/1001/org/ochre/000e84e3-3621-35dd-322f-1d79c27c9efd"">https://pi.lib.uchicago.edu/1001/org/ochre/000e84e3-3621-35dd-322f-1d79c27c9efd</a>"
02.066 Pottery Registry 141 (L).pdf,02.066 Pottery Registry 141 (L).jpg,https://pi.lib.uchicago.edu/1001/org/ochre/876fdf60-f60a-d5d7-ead0-c4ce848867c8,Pottery Registry: Dataset 1,Pottery registries from excavation: 1985-2016,"OCHRE link: <a href=""https://pi.lib.uchicago.edu/1001/org/ochre/876fdf60-f60a-d5d7-ead0-c4ce848867c8"">https://pi.lib.uchicago.edu/1001/org/ochre/876fdf60-f60a-d5d7-ead0-c4ce848867c8</a>"
02.066 Pottery Registry 168 (L).pdf,02.066 Pottery Registry 168 (L).jpg,https://pi.lib.uchicago.edu/1001/org/ochre/0ee48172-b605-925e-fd43-5ccca9d197d4,Pottery Registry: Dataset 1,Pottery registries from excavation: 1985-2016,"OCHRE link: <a href=""https://pi.lib.uchicago.edu/1001/org/ochre/0ee48172-b605-925e-fd43-5ccca9d197d4"">https://pi.lib.uchicago.edu/1001/org/ochre/0ee48172-b605-925e-fd43-5ccca9d197d4</a>"
02.066 Pottery Registry 178 (LF).pdf,02.066 Pottery Registry 178 (LF).jpg,https://pi.lib.uchicago.edu/1001/org/ochre/5c986739-e0d8-77df-2052-1bb63ed0d931,Pottery Registry: Dataset 1,Pottery registries from excavation: 1985-2016,"OCHRE link: <a href=""https://pi.lib.uchicago.edu/1001/org/ochre/5c986739-e0d8-77df-2052-1bb63ed0d931"">https://pi.lib.uchicago.edu/1001/org/ochre/5c986739-e0d8-77df-2052-1bb63ed0d931</a>"
02.067 Pottery Registry 003 (L).pdf,02.067 Pottery Registry 003 (L).jpg,https://pi.lib.uchicago.edu/1001/org/ochre/6798342a-1ffa-a76c-e14f-d27d49b1758c,Pottery Registry: Dataset 1,Pottery registries from excavation: 1985-2016,"OCHRE link: <a href=""https://pi.lib.uchicago.edu/1001/org/ochre/6798342a-1ffa-a76c-e14f-d27d49b1758c"">https://pi.lib.uchicago.edu/1001/org/ochre/6798342a-1ffa-a76c-e14f-d27d49b1758c</a>"
02.067 Pottery Registry 004 (L).pdf,02.067 Pottery Registry 004 (L).jpg,https://pi.lib.uchicago.edu/1001/org/ochre/64c9ce2a-3254-f471-6638-d34fe0933da8,Pottery Registry: Dataset 1,Pottery registries from excavation: 1985-2016,"OCHRE link: <a href=""https://pi.lib.uchicago.edu/1001/org/ochre/64c9ce2a-3254-f471-6638-d34fe0933da8"">https://pi.lib.uchicago.edu/1001/org/ochre/64c9ce2a-3254-f471-6638-d34fe0933da8</a>"
02.067 Pottery Registry 006 (L).pdf,02.067 Pottery Registry 006 (L).jpg,https://pi.lib.uchicago.edu/1001/org/ochre/3581dd8c-d39b-512a-9581-41e4fb601085,Pottery Registry: Dataset 1,Pottery registries from excavation: 1985-2016,"OCHRE link: <a href=""https://pi.lib.uchicago.edu/1001/org/ochre/3581dd8c-d39b-512a-9581-41e4fb601085"">https://pi.lib.uchicago.edu/1001/org/ochre/3581dd8c-d39b-512a-9581-41e4fb601085</a>"
02.067 Pottery Registry 007 (L).pdf,02.067 Pottery Registry 007 (L).jpg,https://pi.lib.uchicago.edu/1001/org/ochre/7a1f4541-5c98-fe09-5a99-499c3c46911a,Pottery Registry: Dataset 1,Pottery registries from excavation: 1985-2016,"OCHRE link: <a href=""https://pi.lib.uchicago.edu/1001/org/ochre/7a1f4541-5c98-fe09-5a99-499c3c46911a"">https://pi.lib.uchicago.edu/1001/org/ochre/7a1f4541-5c98-fe09-5a99-499c3c46911a</a>"
02.067 Pottery Registry 016 (LF).pdf,02.067 Pottery Registry 016 (LF).jpg,https://pi.lib.uchicago.edu/1001/org/ochre/08a18484-3aa9-675c-5d14-93f9482081ac,Pottery Registry: Dataset 1,Pottery registries from excavation: 1985-2016,"OCHRE link: <a href=""https://pi.lib.uchicago.edu/1001/org/ochre/08a18484-3aa9-675c-5d14-93f9482081ac"">https://pi.lib.uchicago.edu/1001/org/ochre/08a18484-3aa9-675c-5d14-93f9482081ac</a>"
02.067 Pottery Registry 017 (L).pdf,02.067 Pottery Registry 017 (L).jpg,https://pi.lib.uchicago.edu/1001/org/ochre/b6d130fe-bb93-4704-cdc1-daea16b44364,Pottery Registry: Dataset 1,Pottery registries from excavation: 1985-2016,"OCHRE link: <a href=""https://pi.lib.uchicago.edu/1001/org/ochre/b6d130fe-bb93-4704-cdc1-daea16b44364"">https://pi.lib.uchicago.edu/1001/org/ochre/b6d130fe-bb93-4704-cdc1-daea16b44364</a>"
02.067 Pottery Registry 018 (LF).pdf,02.067 Pottery Registry 018 (LF).jpg,https://pi.lib.uchicago.edu/1001/org/ochre/e8734d2e-f75c-f44c-bb2d-5d1eda0d995e,Pottery Registry: Dataset 1,Pottery registries from excavation: 1985-2016,"OCHRE link: <a href=""https://pi.lib.uchicago.edu/1001/org/ochre/e8734d2e-f75c-f44c-bb2d-5d1eda0d995e"">https://pi.lib.uchicago.edu/1001/org/ochre/e8734d2e-f75c-f44c-bb2d-5d1eda0d995e</a>"
02.067 Pottery Registry 019 (L).pdf,02.067 Pottery Registry 019 (L).jpg,https://pi.lib.uchicago.edu/1001/org/ochre/55a75b9b-1c14-67db-fc37-67f59d35b7c6,Pottery Registry: Dataset 1,Pottery registries from excavation: 1985-2016,"OCHRE link: <a href=""https://pi.lib.uchicago.edu/1001/org/ochre/55a75b9b-1c14-67db-fc37-67f59d35b7c6"">https://pi.lib.uchicago.edu/1001/org/ochre/55a75b9b-1c14-67db-fc37-67f59d35b7c6</a>"
02.067 Pottery Registry 021 (L).pdf,02.067 Pottery Registry 021 (L).jpg,https://pi.lib.uchicago.edu/1001/org/ochre/28a7a6a1-8800-d269-296b-7aa9f2f1cd09,Pottery Registry: Dataset 1,Pottery registries from excavation: 1985-2016,"OCHRE link: <a href=""https://pi.lib.uchicago.edu/1001/org/ochre/28a7a6a1-8800-d269-296b-7aa9f2f1cd09"">https://pi.lib.uchicago.edu/1001/org/ochre/28a7a6a1-8800-d269-296b-7aa9f2f1cd09</a>"
02.067 Pottery Registry 022 (L).pdf,02.067 Pottery Registry 022 (L).jpg,https://pi.lib.uchicago.edu/1001/org/ochre/b75e358a-54d5-a6ee-b849-547aacdae2a2,Pottery Registry: Dataset 1,Pottery registries from excavation: 1985-2016,"OCHRE link: <a href=""https://pi.lib.uchicago.edu/1001/org/ochre/b75e358a-54d5-a6ee-b849-547aacdae2a2"">https://pi.lib.uchicago.edu/1001/org/ochre/b75e358a-54d5-a6ee-b849-547aacdae2a2</a>"
02.067 Pottery Registry 048 (F).pdf,02.067 Pottery Registry 048 (F).jpg,https://pi.lib.uchicago.edu/1001/org/ochre/67f6b5b1-fbc7-1d36-6ff8-6bd906f97cdb,Pottery Registry: Dataset 1,Pottery registries from excavation: 1985-2016,"OCHRE link: <a href=""https://pi.lib.uchicago.edu/1001/org/ochre/67f6b5b1-fbc7-1d36-6ff8-6bd906f97cdb"">https://pi.lib.uchicago.edu/1001/org/ochre/67f6b5b1-fbc7-1d36-6ff8-6bd906f97cdb</a>"
02.067 Pottery Registry 097 (F).pdf,02.067 Pottery Registry 097 (F).jpg,https://pi.lib.uchicago.edu/1001/org/ochre/51b29be8-ba11-ccde-32e7-b450b1d07ab2,Pottery Registry: Dataset 1,Pottery registries from excavation: 1985-2016,"OCHRE link: <a href=""https://pi.lib.uchicago.edu/1001/org/ochre/51b29be8-ba11-ccde-32e7-b450b1d07ab2"">https://pi.lib.uchicago.edu/1001/org/ochre/51b29be8-ba11-ccde-32e7-b450b1d07ab2</a>"
02.067 Pottery Registry 156 (LF).pdf,02.067 Pottery Registry 156 (LF).jpg,https://pi.lib.uchicago.edu/1001/org/ochre/da0e8030-6d72-4d97-d6eb-52b9312bbf4e,Pottery Registry: Dataset 1,Pottery registries from excavation: 1985-2016,"OCHRE link: <a href=""https://pi.lib.uchicago.edu/1001/org/ochre/da0e8030-6d72-4d97-d6eb-52b9312bbf4e"">https://pi.lib.uchicago.edu/1001/org/ochre/da0e8030-6d72-4d97-d6eb-52b9312bbf4e</a>"
02.072 Pottery Registry 001 (L).pdf,02.072 Pottery Registry 001 (L).jpg,https://pi.lib.uchicago.edu/1001/org/ochre/1a1d4a5c-ac0f-4a5a-e9ef-cf7ca0f48fcf,Pottery Registry: Dataset 1,Pottery registries from excavation: 1985-2016,"OCHRE link: <a href=""https://pi.lib.uchicago.edu/1001/org/ochre/1a1d4a5c-ac0f-4a5a-e9ef-cf7ca0f48fcf"">https://pi.lib.uchicago.edu/1001/org/ochre/1a1d4a5c-ac0f-4a5a-e9ef-cf7ca0f48fcf</a>"
02.072 Pottery Registry 002 (L).pdf,02.072 Pottery Registry 002 (L).jpg,https://pi.lib.uchicago.edu/1001/org/ochre/039db7f2-71df-df00-5ad9-af06bd2a25a9,Pottery Registry: Dataset 1,Pottery registries from excavation: 1985-2016,"OCHRE link: <a href=""https://pi.lib.uchicago.edu/1001/org/ochre/039db7f2-71df-df00-5ad9-af06bd2a25a9"">https://pi.lib.uchicago.edu/1001/org/ochre/039db7f2-71df-df00-5ad9-af06bd2a25a9</a>"
02.072 Pottery Registry 003 (L).pdf,02.072 Pottery Registry 003 (L).jpg,https://pi.lib.uchicago.edu/1001/org/ochre/c309b986-2d47-140f-1802-55070e272981,Pottery Registry: Dataset 1,Pottery registries from excavation: 1985-2016,"OCHRE link: <a href=""https://pi.lib.uchicago.edu/1001/org/ochre/c309b986-2d47-140f-1802-55070e272981"">https://pi.lib.uchicago.edu/1001/org/ochre/c309b986-2d47-140f-1802-55070e272981</a>"
02.072 Pottery Registry 004 (L).pdf,02.072 Pottery Registry 004 (L).jpg,https://pi.lib.uchicago.edu/1001/org/ochre/e360c02f-6f7f-69c4-caa2-7c4c9d1cc32b,Pottery Registry: Dataset 1,Pottery registries from excavation: 1985-2016,"OCHRE link: <a href=""https://pi.lib.uchicago.edu/1001/org/ochre/e360c02f-6f7f-69c4-caa2-7c4c9d1cc32b"">https://pi.lib.uchicago.edu/1001/org/ochre/e360c02f-6f7f-69c4-caa2-7c4c9d1cc32b</a>"
02.072 Pottery Registry 006 (L).pdf,02.072 Pottery Registry 006 (L).jpg,https://pi.lib.uchicago.edu/1001/org/ochre/ad4587c4-b078-e352-f0c8-bf884a15449c,Pottery Registry: Dataset 1,Pottery registries from excavation: 1985-2016,"OCHRE link: <a href=""https://pi.lib.uchicago.edu/1001/org/ochre/ad4587c4-b078-e352-f0c8-bf884a15449c"">https://pi.lib.uchicago.edu/1001/org/ochre/ad4587c4-b078-e352-f0c8-bf884a15449c</a>"
02.072 Pottery Registry 008 (L).pdf,02.072 Pottery Registry 008 (L).jpg,https://pi.lib.uchicago.edu/1001/org/ochre/79e4d530-5a40-5bbb-da0f-e0102f443bce,Pottery Registry: Dataset 1,Pottery registries from excavation: 1985-2016,"OCHRE link: <a href=""https://pi.lib.uchicago.edu/1001/org/ochre/79e4d530-5a40-5bbb-da0f-e0102f443bce"">https://pi.lib.uchicago.edu/1001/org/ochre/79e4d530-5a40-5bbb-da0f-e0102f443bce</a>"
02.072 Pottery Registry 010 (L).pdf,02.072 Pottery Registry 010 (L).jpg,https://pi.lib.uchicago.edu/1001/org/ochre/f6d732e6-d31b-b8be-cb3e-fd04f961108a,Pottery Registry: Dataset 1,Pottery registries from excavation: 1985-2016,"OCHRE link: <a href=""https://pi.lib.uchicago.edu/1001/org/ochre/f6d732e6-d31b-b8be-cb3e-fd04f961108a"">https://pi.lib.uchicago.edu/1001/org/ochre/f6d732e6-d31b-b8be-cb3e-fd04f961108a</a>"
02.072 Pottery Registry 011 (L).pdf,02.072 Pottery Registry 011 (L).jpg,https://pi.lib.uchicago.edu/1001/org/ochre/da5fd90b-42d4-e1e2-35f4-17f8111a2dbf,Pottery Registry: Dataset 1,Pottery registries from excavation: 1985-2016,"OCHRE link: <a href=""https://pi.lib.uchicago.edu/1001/org/ochre/da5fd90b-42d4-e1e2-35f4-17f8111a2dbf"">https://pi.lib.uchicago.edu/1001/org/ochre/da5fd90b-42d4-e1e2-35f4-17f8111a2dbf</a>"
02.072 Pottery Registry 012 (L).pdf,02.072 Pottery Registry 012 (L).jpg,https://pi.lib.uchicago.edu/1001/org/ochre/ee1e11c4-f5d7-2ff2-756a-9c4b10b89c05,Pottery Registry: Dataset 1,Pottery registries from excavation: 1985-2016,"OCHRE link: <a href=""https://pi.lib.uchicago.edu/1001/org/ochre/ee1e11c4-f5d7-2ff2-756a-9c4b10b89c05"">https://pi.lib.uchicago.edu/1001/org/ochre/ee1e11c4-f5d7-2ff2-756a-9c4b10b89c05</a>"
02.072 Pottery Registry 014 (L).pdf,02.072 Pottery Registry 014 (L).jpg,https://pi.lib.uchicago.edu/1001/org/ochre/0c9a0473-604f-ba93-0533-ddb0f6437332,Pottery Registry: Dataset 1,Pottery registries from excavation: 1985-2016,"OCHRE link: <a href=""https://pi.lib.uchicago.edu/1001/org/ochre/0c9a0473-604f-ba93-0533-ddb0f6437332"">https://pi.lib.uchicago.edu/1001/org/ochre/0c9a0473-604f-ba93-0533-ddb0f6437332</a>"
02.072 Pottery Registry 017 (L).pdf,02.072 Pottery Registry 017 (L).jpg,https://pi.lib.uchicago.edu/1001/org/ochre/1a228609-fdf7-e44a-bfa2-1a2aee9b7d38,Pottery Registry: Dataset 1,Pottery registries from excavation: 1985-2016,"OCHRE link: <a href=""https://pi.lib.uchicago.edu/1001/org/ochre/1a228609-fdf7-e44a-bfa2-1a2aee9b7d38"">https://pi.lib.uchicago.edu/1001/org/ochre/1a228609-fdf7-e44a-bfa2-1a2aee9b7d38</a>"
02.072 Pottery Registry 018 (L).pdf,02.072 Pottery Registry 018 (L).jpg,https://pi.lib.uchicago.edu/1001/org/ochre/23fd3491-4a9a-3154-0e43-03de7a8fc45b,Pottery Registry: Dataset 1,Pottery registries from excavation: 1985-2016,"OCHRE link: <a href=""https://pi.lib.uchicago.edu/1001/org/ochre/23fd3491-4a9a-3154-0e43-03de7a8fc45b"">https://pi.lib.uchicago.edu/1001/org/ochre/23fd3491-4a9a-3154-0e43-03de7a8fc45b</a>"
02.072 Pottery Registry 020 (L).pdf,02.072 Pottery Registry 020 (L).jpg,https://pi.lib.uchicago.edu/1001/org/ochre/8c3bd4df-4142-a841-e76d-26598c34d0ee,Pottery Registry: Dataset 1,Pottery registries from excavation: 1985-2016,"OCHRE link: <a href=""https://pi.lib.uchicago.edu/1001/org/ochre/8c3bd4df-4142-a841-e76d-26598c34d0ee"">https://pi.lib.uchicago.edu/1001/org/ochre/8c3bd4df-4142-a841-e76d-26598c34d0ee</a>"
02.072 Pottery Registry 024 (L).pdf,02.072 Pottery Registry 024 (L).jpg,https://pi.lib.uchicago.edu/1001/org/ochre/4858e06a-a64b-8727-87d2-827f83f008e4,Pottery Registry: Dataset 1,Pottery registries from excavation: 1985-2016,"OCHRE link: <a href=""https://pi.lib.uchicago.edu/1001/org/ochre/4858e06a-a64b-8727-87d2-827f83f008e4"">https://pi.lib.uchicago.edu/1001/org/ochre/4858e06a-a64b-8727-87d2-827f83f008e4</a>"
02.072 Pottery Registry 026 (L).pdf,02.072 Pottery Registry 026 (L).jpg,https://pi.lib.uchicago.edu/1001/org/ochre/459f8761-19e6-0fe1-0700-f6d64dc3f530,Pottery Registry: Dataset 1,Pottery registries from excavation: 1985-2016,"OCHRE link: <a href=""https://pi.lib.uchicago.edu/1001/org/ochre/459f8761-19e6-0fe1-0700-f6d64dc3f530"">https://pi.lib.uchicago.edu/1001/org/ochre/459f8761-19e6-0fe1-0700-f6d64dc3f530</a>"
02.072 Pottery Registry 027 (L).pdf,02.072 Pottery Registry 027 (L).jpg,https://pi.lib.uchicago.edu/1001/org/ochre/340f7b8c-b926-9765-b6c0-e3f14beba452,Pottery Registry: Dataset 1,Pottery registries from excavation: 1985-2016,"OCHRE link: <a href=""https://pi.lib.uchicago.edu/1001/org/ochre/340f7b8c-b926-9765-b6c0-e3f14beba452"">https://pi.lib.uchicago.edu/1001/org/ochre/340f7b8c-b926-9765-b6c0-e3f14beba452</a>"
02.072 Pottery Registry 031 (L).pdf,02.072 Pottery Registry 031 (L).jpg,https://pi.lib.uchicago.edu/1001/org/ochre/34746b8f-57e7-b440-7c91-827c815e7744,Pottery Registry: Dataset 1,Pottery registries from excavation: 1985-2016,"OCHRE link: <a href=""https://pi.lib.uchicago.edu/1001/org/ochre/34746b8f-57e7-b440-7c91-827c815e7744"">https://pi.lib.uchicago.edu/1001/org/ochre/34746b8f-57e7-b440-7c91-827c815e7744</a>"
02.072 Pottery Registry 034 (L).pdf,02.072 Pottery Registry 034 (L).jpg,https://pi.lib.uchicago.edu/1001/org/ochre/f274b9d1-6cba-9284-64ce-9a36193745bf,Pottery Registry: Dataset 1,Pottery registries from excavation: 1985-2016,"OCHRE link: <a href=""https://pi.lib.uchicago.edu/1001/org/ochre/f274b9d1-6cba-9284-64ce-9a36193745bf"">https://pi.lib.uchicago.edu/1001/org/ochre/f274b9d1-6cba-9284-64ce-9a36193745bf</a>"
02.072 Pottery Registry 036 (L).pdf,02.072 Pottery Registry 036 (L).jpg,https://pi.lib.uchicago.edu/1001/org/ochre/db5343f4-3136-8131-5fba-ac808ddf7a9f,Pottery Registry: Dataset 1,Pottery registries from excavation: 1985-2016,"OCHRE link: <a href=""https://pi.lib.uchicago.edu/1001/org/ochre/db5343f4-3136-8131-5fba-ac808ddf7a9f"">https://pi.lib.uchicago.edu/1001/org/ochre/db5343f4-3136-8131-5fba-ac808ddf7a9f</a>"
02.073 Pottery Registry 002 (L).pdf,02.073 Pottery Registry 002 (L).jpg,https://pi.lib.uchicago.edu/1001/org/ochre/dafe65f0-db9f-f3c3-babd-6a0860e5235a,Pottery Registry: Dataset 1,Pottery registries from excavation: 1985-2016,"OCHRE link: <a href=""https://pi.lib.uchicago.edu/1001/org/ochre/dafe65f0-db9f-f3c3-babd-6a0860e5235a"">https://pi.lib.uchicago.edu/1001/org/ochre/dafe65f0-db9f-f3c3-babd-6a0860e5235a</a>"
02.073 Pottery Registry 002a (L).pdf,02.073 Pottery Registry 002a (L).jpg,https://pi.lib.uchicago.edu/1001/org/ochre/2f375cc1-59fc-ee0c-d75e-a2399f4d1963,Pottery Registry: Dataset 1,Pottery registries from excavation: 1985-2016,"OCHRE link: <a href=""https://pi.lib.uchicago.edu/1001/org/ochre/2f375cc1-59fc-ee0c-d75e-a2399f4d1963"">https://pi.lib.uchicago.edu/1001/org/ochre/2f375cc1-59fc-ee0c-d75e-a2399f4d1963</a>"
02.073 Pottery Registry 003 (L).pdf,02.073 Pottery Registry 003 (L).jpg,https://pi.lib.uchicago.edu/1001/org/ochre/ed8537fe-f974-138a-59fb-f2bdfeff64d5,Pottery Registry: Dataset 1,Pottery registries from excavation: 1985-2016,"OCHRE link: <a href=""https://pi.lib.uchicago.edu/1001/org/ochre/ed8537fe-f974-138a-59fb-f2bdfeff64d5"">https://pi.lib.uchicago.edu/1001/org/ochre/ed8537fe-f974-138a-59fb-f2bdfeff64d5</a>"
02.073 Pottery Registry 005 (L).pdf,02.073 Pottery Registry 005 (L).jpg,https://pi.lib.uchicago.edu/1001/org/ochre/5ee43948-1047-8e87-4473-58aee1888e80,Pottery Registry: Dataset 1,Pottery registries from excavation: 1985-2016,"OCHRE link: <a href=""https://pi.lib.uchicago.edu/1001/org/ochre/5ee43948-1047-8e87-4473-58aee1888e80"">https://pi.lib.uchicago.edu/1001/org/ochre/5ee43948-1047-8e87-4473-58aee1888e80</a>"
02.073 Pottery Registry 007 (L).pdf,02.073 Pottery Registry 007 (L).jpg,https://pi.lib.uchicago.edu/1001/org/ochre/0c1d7907-78df-4e77-92ed-3309d6c60d3a,Pottery Registry: Dataset 1,Pottery registries from excavation: 1985-2016,"OCHRE link: <a href=""https://pi.lib.uchicago.edu/1001/org/ochre/0c1d7907-78df-4e77-92ed-3309d6c60d3a"">https://pi.lib.uchicago.edu/1001/org/ochre/0c1d7907-78df-4e77-92ed-3309d6c60d3a</a>"
02.073 Pottery Registry 008 (L).pdf,02.073 Pottery Registry 008 (L).jpg,https://pi.lib.uchicago.edu/1001/org/ochre/e2fa6c39-bd4f-405e-ee7e-00be0593608c,Pottery Registry: Dataset 1,Pottery registries from excavation: 1985-2016,"OCHRE link: <a href=""https://pi.lib.uchicago.edu/1001/org/ochre/e2fa6c39-bd4f-405e-ee7e-00be0593608c"">https://pi.lib.uchicago.edu/1001/org/ochre/e2fa6c39-bd4f-405e-ee7e-00be0593608c</a>"
02.073 Pottery Registry 009 (L).pdf,02.073 Pottery Registry 009 (L).jpg,https://pi.lib.uchicago.edu/1001/org/ochre/44bc37b1-85db-8835-6755-e2c8298fb2a2,Pottery Registry: Dataset 1,Pottery registries from excavation: 1985-2016,"OCHRE link: <a href=""https://pi.lib.uchicago.edu/1001/org/ochre/44bc37b1-85db-8835-6755-e2c8298fb2a2"">https://pi.lib.uchicago.edu/1001/org/ochre/44bc37b1-85db-8835-6755-e2c8298fb2a2</a>"
02.073 Pottery Registry 011 (L).pdf,02.073 Pottery Registry 011 (L).jpg,https://pi.lib.uchicago.edu/1001/org/ochre/ab52bee9-e960-16b2-7657-6d650e7e3b4f,Pottery Registry: Dataset 1,Pottery registries from excavation: 1985-2016,"OCHRE link: <a href=""https://pi.lib.uchicago.edu/1001/org/ochre/ab52bee9-e960-16b2-7657-6d650e7e3b4f"">https://pi.lib.uchicago.edu/1001/org/ochre/ab52bee9-e960-16b2-7657-6d650e7e3b4f</a>"
02.073 Pottery Registry 013 (L).pdf,02.073 Pottery Registry 013 (L).jpg,https://pi.lib.uchicago.edu/1001/org/ochre/772c5511-c7a8-9221-b5bf-dcb5993602a7,Pottery Registry: Dataset 1,Pottery registries from excavation: 1985-2016,"OCHRE link: <a href=""https://pi.lib.uchicago.edu/1001/org/ochre/772c5511-c7a8-9221-b5bf-dcb5993602a7"">https://pi.lib.uchicago.edu/1001/org/ochre/772c5511-c7a8-9221-b5bf-dcb5993602a7</a>"
02.073 Pottery Registry 014 (L).pdf,02.073 Pottery Registry 014 (L).jpg,https://pi.lib.uchicago.edu/1001/org/ochre/5518e7e9-9bf5-f575-2914-a647d0957535,Pottery Registry: Dataset 1,Pottery registries from excavation: 1985-2016,"OCHRE link: <a href=""https://pi.lib.uchicago.edu/1001/org/ochre/5518e7e9-9bf5-f575-2914-a647d0957535"">https://pi.lib.uchicago.edu/1001/org/ochre/5518e7e9-9bf5-f575-2914-a647d0957535</a>"
02.073 Pottery Registry 019 (L).pdf,02.073 Pottery Registry 019 (L).jpg,https://pi.lib.uchicago.edu/1001/org/ochre/182923f6-2faa-5822-876b-897ec41849de,Pottery Registry: Dataset 1,Pottery registries from excavation: 1985-2016,"OCHRE link: <a href=""https://pi.lib.uchicago.edu/1001/org/ochre/182923f6-2faa-5822-876b-897ec41849de"">https://pi.lib.uchicago.edu/1001/org/ochre/182923f6-2faa-5822-876b-897ec41849de</a>"
02.073 Pottery Registry 020 (L).pdf,02.073 Pottery Registry 020 (L).jpg,https://pi.lib.uchicago.edu/1001/org/ochre/ec80f974-6718-4e12-b144-162bacd72cbb,Pottery Registry: Dataset 1,Pottery registries from excavation: 1985-2016,"OCHRE link: <a href=""https://pi.lib.uchicago.edu/1001/org/ochre/ec80f974-6718-4e12-b144-162bacd72cbb"">https://pi.lib.uchicago.edu/1001/org/ochre/ec80f974-6718-4e12-b144-162bacd72cbb</a>"
02.073 Pottery Registry 021 (L).pdf,02.073 Pottery Registry 021 (L).jpg,https://pi.lib.uchicago.edu/1001/org/ochre/6db3c9f5-0d78-4ccc-3b7c-e9fbce016a1d,Pottery Registry: Dataset 1,Pottery registries from excavation: 1985-2016,"OCHRE link: <a href=""https://pi.lib.uchicago.edu/1001/org/ochre/6db3c9f5-0d78-4ccc-3b7c-e9fbce016a1d"">https://pi.lib.uchicago.edu/1001/org/ochre/6db3c9f5-0d78-4ccc-3b7c-e9fbce016a1d</a>"
02.073 Pottery Registry 024 (L).pdf,02.073 Pottery Registry 024 (L).jpg,https://pi.lib.uchicago.edu/1001/org/ochre/e482bd6d-c9f0-8eea-d02a-cd7e5652dc60,Pottery Registry: Dataset 1,Pottery registries from excavation: 1985-2016,"OCHRE link: <a href=""https://pi.lib.uchicago.edu/1001/org/ochre/e482bd6d-c9f0-8eea-d02a-cd7e5652dc60"">https://pi.lib.uchicago.edu/1001/org/ochre/e482bd6d-c9f0-8eea-d02a-cd7e5652dc60</a>"
02.073 Pottery Registry 026 (L).pdf,02.073 Pottery Registry 026 (L).jpg,https://pi.lib.uchicago.edu/1001/org/ochre/8073140e-de45-ffca-be6f-74b7061aa302,Pottery Registry: Dataset 1,Pottery registries from excavation: 1985-2016,"OCHRE link: <a href=""https://pi.lib.uchicago.edu/1001/org/ochre/8073140e-de45-ffca-be6f-74b7061aa302"">https://pi.lib.uchicago.edu/1001/org/ochre/8073140e-de45-ffca-be6f-74b7061aa302</a>"
02.073 Pottery Registry 028 (L).pdf,02.073 Pottery Registry 028 (L).jpg,https://pi.lib.uchicago.edu/1001/org/ochre/37a7a837-f7ef-fe48-b51c-ad9b375a0f48,Pottery Registry: Dataset 1,Pottery registries from excavation: 1985-2016,"OCHRE link: <a href=""https://pi.lib.uchicago.edu/1001/org/ochre/37a7a837-f7ef-fe48-b51c-ad9b375a0f48"">https://pi.lib.uchicago.edu/1001/org/ochre/37a7a837-f7ef-fe48-b51c-ad9b375a0f48</a>"
02.073 Pottery Registry 029 (L).pdf,02.073 Pottery Registry 029 (L).jpg,https://pi.lib.uchicago.edu/1001/org/ochre/2b96bf22-756c-2e50-b789-fd8bde75813b,Pottery Registry: Dataset 1,Pottery registries from excavation: 1985-2016,"OCHRE link: <a href=""https://pi.lib.uchicago.edu/1001/org/ochre/2b96bf22-756c-2e50-b789-fd8bde75813b"">https://pi.lib.uchicago.edu/1001/org/ochre/2b96bf22-756c-2e50-b789-fd8bde75813b</a>"
02.073 Pottery Registry 033 (L).pdf,02.073 Pottery Registry 033 (L).jpg,https://pi.lib.uchicago.edu/1001/org/ochre/3e2dbed6-fd4f-0d3a-3491-feb588d0bfd8,Pottery Registry: Dataset 1,Pottery registries from excavation: 1985-2016,"OCHRE link: <a href=""https://pi.lib.uchicago.edu/1001/org/ochre/3e2dbed6-fd4f-0d3a-3491-feb588d0bfd8"">https://pi.lib.uchicago.edu/1001/org/ochre/3e2dbed6-fd4f-0d3a-3491-feb588d0bfd8</a>"
02.073 Pottery Registry 034 (L).pdf,02.073 Pottery Registry 034 (L).jpg,https://pi.lib.uchicago.edu/1001/org/ochre/81689cd4-bd76-03d6-8ecf-3464c7108810,Pottery Registry: Dataset 1,Pottery registries from excavation: 1985-2016,"OCHRE link: <a href=""https://pi.lib.uchicago.edu/1001/org/ochre/81689cd4-bd76-03d6-8ecf-3464c7108810"">https://pi.lib.uchicago.edu/1001/org/ochre/81689cd4-bd76-03d6-8ecf-3464c7108810</a>"
02.073 Pottery Registry 036 (L).pdf,02.073 Pottery Registry 036 (L).jpg,https://pi.lib.uchicago.edu/1001/org/ochre/ed1236ad-d5de-4269-9bb3-d4e0e757a89c,Pottery Registry: Dataset 1,Pottery registries from excavation: 1985-2016,"OCHRE link: <a href=""https://pi.lib.uchicago.edu/1001/org/ochre/ed1236ad-d5de-4269-9bb3-d4e0e757a89c"">https://pi.lib.uchicago.edu/1001/org/ochre/ed1236ad-d5de-4269-9bb3-d4e0e757a89c</a>"
02.074 Pottery Registry 002 (F).pdf,02.074 Pottery Registry 002 (F).jpg,https://pi.lib.uchicago.edu/1001/org/ochre/bee5820d-3cdd-6364-7d89-93ab99cb4966,Pottery Registry: Dataset 1,Pottery registries from excavation: 1985-2016,"OCHRE link: <a href=""https://pi.lib.uchicago.edu/1001/org/ochre/bee5820d-3cdd-6364-7d89-93ab99cb4966"">https://pi.lib.uchicago.edu/1001/org/ochre/bee5820d-3cdd-6364-7d89-93ab99cb4966</a>"
02.074 Pottery Registry 003 (L).pdf,02.074 Pottery Registry 003 (L).jpg,https://pi.lib.uchicago.edu/1001/org/ochre/2bfd51cc-e342-8f62-a0a4-530627b753ed,Pottery Registry: Dataset 1,Pottery registries from excavation: 1985-2016,"OCHRE link: <a href=""https://pi.lib.uchicago.edu/1001/org/ochre/2bfd51cc-e342-8f62-a0a4-530627b753ed"">https://pi.lib.uchicago.edu/1001/org/ochre/2bfd51cc-e342-8f62-a0a4-530627b753ed</a>"
02.074 Pottery Registry 019 (L).pdf,02.074 Pottery Registry 019 (L).jpg,https://pi.lib.uchicago.edu/1001/org/ochre/33dfcaf6-9ed1-05c3-55fa-1133dd75773d,Pottery Registry: Dataset 1,Pottery registries from excavation: 1985-2016,"OCHRE link: <a href=""https://pi.lib.uchicago.edu/1001/org/ochre/33dfcaf6-9ed1-05c3-55fa-1133dd75773d"">https://pi.lib.uchicago.edu/1001/org/ochre/33dfcaf6-9ed1-05c3-55fa-1133dd75773d</a>"
02.074 Pottery Registry 072 (L).pdf,02.074 Pottery Registry 072 (L).jpg,https://pi.lib.uchicago.edu/1001/org/ochre/2b2832e6-a2ac-1613-b5fb-00062e0394e5,Pottery Registry: Dataset 1,Pottery registries from excavation: 1985-2016,"OCHRE link: <a href=""https://pi.lib.uchicago.edu/1001/org/ochre/2b2832e6-a2ac-1613-b5fb-00062e0394e5"">https://pi.lib.uchicago.edu/1001/org/ochre/2b2832e6-a2ac-1613-b5fb-00062e0394e5</a>"
02.075 Pottery Registry 020 (L).pdf,02.075 Pottery Registry 020 (L).jpg,https://pi.lib.uchicago.edu/1001/org/ochre/7fac46f8-4266-06a0-bdfa-5d6492e46235,Pottery Registry: Dataset 1,Pottery registries from excavation: 1985-2016,"OCHRE link: <a href=""https://pi.lib.uchicago.edu/1001/org/ochre/7fac46f8-4266-06a0-bdfa-5d6492e46235"">https://pi.lib.uchicago.edu/1001/org/ochre/7fac46f8-4266-06a0-bdfa-5d6492e46235</a>"
02.075 Pottery Registry 033 (F).pdf,02.075 Pottery Registry 033 (F).jpg,https://pi.lib.uchicago.edu/1001/org/ochre/208b6723-9326-98eb-b4db-bbafe6ff8031,Pottery Registry: Dataset 1,Pottery registries from excavation: 1985-2016,"OCHRE link: <a href=""https://pi.lib.uchicago.edu/1001/org/ochre/208b6723-9326-98eb-b4db-bbafe6ff8031"">https://pi.lib.uchicago.edu/1001/org/ochre/208b6723-9326-98eb-b4db-bbafe6ff8031</a>"
02.075 Pottery Registry 041 (F).pdf,02.075 Pottery Registry 041 (F).jpg,https://pi.lib.uchicago.edu/1001/org/ochre/6d55c5dc-e563-5608-5f2c-5af9638de4bd,Pottery Registry: Dataset 1,Pottery registries from excavation: 1985-2016,"OCHRE link: <a href=""https://pi.lib.uchicago.edu/1001/org/ochre/6d55c5dc-e563-5608-5f2c-5af9638de4bd"">https://pi.lib.uchicago.edu/1001/org/ochre/6d55c5dc-e563-5608-5f2c-5af9638de4bd</a>"
02.075 Pottery Registry 046 (F).pdf,02.075 Pottery Registry 046 (F).jpg,https://pi.lib.uchicago.edu/1001/org/ochre/55284cf9-84dd-2fc2-a7dc-1b90bc02b3d4,Pottery Registry: Dataset 1,Pottery registries from excavation: 1985-2016,"OCHRE link: <a href=""https://pi.lib.uchicago.edu/1001/org/ochre/55284cf9-84dd-2fc2-a7dc-1b90bc02b3d4"">https://pi.lib.uchicago.edu/1001/org/ochre/55284cf9-84dd-2fc2-a7dc-1b90bc02b3d4</a>"
02.075 Pottery Registry 063 (L).pdf,02.075 Pottery Registry 063 (L).jpg,https://pi.lib.uchicago.edu/1001/org/ochre/83e09b87-566e-693b-5930-3fa47bacc872,Pottery Registry: Dataset 1,Pottery registries from excavation: 1985-2016,"OCHRE link: <a href=""https://pi.lib.uchicago.edu/1001/org/ochre/83e09b87-566e-693b-5930-3fa47bacc872"">https://pi.lib.uchicago.edu/1001/org/ochre/83e09b87-566e-693b-5930-3fa47bacc872</a>"
02.075 Pottery Registry 090 (L).pdf,02.075 Pottery Registry 090 (L).jpg,https://pi.lib.uchicago.edu/1001/org/ochre/52316730-099e-46be-8e44-da8921b94237,Pottery Registry: Dataset 1,Pottery registries from excavation: 1985-2016,"OCHRE link: <a href=""https://pi.lib.uchicago.edu/1001/org/ochre/52316730-099e-46be-8e44-da8921b94237"">https://pi.lib.uchicago.edu/1001/org/ochre/52316730-099e-46be-8e44-da8921b94237</a>"
02.075 Pottery Registry 092 (F).pdf,02.075 Pottery Registry 092 (F).jpg,https://pi.lib.uchicago.edu/1001/org/ochre/007ac59a-1113-ee86-ea74-28b3b3deeb39,Pottery Registry: Dataset 1,Pottery registries from excavation: 1985-2016,"OCHRE link: <a href=""https://pi.lib.uchicago.edu/1001/org/ochre/007ac59a-1113-ee86-ea74-28b3b3deeb39"">https://pi.lib.uchicago.edu/1001/org/ochre/007ac59a-1113-ee86-ea74-28b3b3deeb39</a>"
02.075 Pottery Registry 115 (L).pdf,02.075 Pottery Registry 115 (L).jpg,https://pi.lib.uchicago.edu/1001/org/ochre/4df0be94-e4d5-8d79-3b84-619bbf7ec812,Pottery Registry: Dataset 1,Pottery registries from excavation: 1985-2016,"OCHRE link: <a href=""https://pi.lib.uchicago.edu/1001/org/ochre/4df0be94-e4d5-8d79-3b84-619bbf7ec812"">https://pi.lib.uchicago.edu/1001/org/ochre/4df0be94-e4d5-8d79-3b84-619bbf7ec812</a>"
02.075 Pottery Registry 130 (L).pdf,02.075 Pottery Registry 130 (L).jpg,https://pi.lib.uchicago.edu/1001/org/ochre/45c7f15b-1cad-6a7b-c13f-8984dbed4999,Pottery Registry: Dataset 1,Pottery registries from excavation: 1985-2016,"OCHRE link: <a href=""https://pi.lib.uchicago.edu/1001/org/ochre/45c7f15b-1cad-6a7b-c13f-8984dbed4999"">https://pi.lib.uchicago.edu/1001/org/ochre/45c7f15b-1cad-6a7b-c13f-8984dbed4999</a>"
02.075 Pottery Registry 139 (L).pdf,02.075 Pottery Registry 139 (L).jpg,https://pi.lib.uchicago.edu/1001/org/ochre/becf8e70-80a7-4020-63b6-c787fc8739be,Pottery Registry: Dataset 1,Pottery registries from excavation: 1985-2016,"OCHRE link: <a href=""https://pi.lib.uchicago.edu/1001/org/ochre/becf8e70-80a7-4020-63b6-c787fc8739be"">https://pi.lib.uchicago.edu/1001/org/ochre/becf8e70-80a7-4020-63b6-c787fc8739be</a>"
02.075 Pottery Registry 160 (L).pdf,02.075 Pottery Registry 160 (L).jpg,https://pi.lib.uchicago.edu/1001/org/ochre/a74c9ed8-a844-f203-a152-dd975d07444d,Pottery Registry: Dataset 1,Pottery registries from excavation: 1985-2016,"OCHRE link: <a href=""https://pi.lib.uchicago.edu/1001/org/ochre/a74c9ed8-a844-f203-a152-dd975d07444d"">https://pi.lib.uchicago.edu/1001/org/ochre/a74c9ed8-a844-f203-a152-dd975d07444d</a>"
02.075 Pottery Registry 161 (L).pdf,02.075 Pottery Registry 161 (L).jpg,https://pi.lib.uchicago.edu/1001/org/ochre/6fcd0a83-9f5e-82d9-c382-02af7fb4aad8,Pottery Registry: Dataset 1,Pottery registries from excavation: 1985-2016,"OCHRE link: <a href=""https://pi.lib.uchicago.edu/1001/org/ochre/6fcd0a83-9f5e-82d9-c382-02af7fb4aad8"">https://pi.lib.uchicago.edu/1001/org/ochre/6fcd0a83-9f5e-82d9-c382-02af7fb4aad8</a>"
02.075 Pottery Registry 176 (L).pdf,02.075 Pottery Registry 176 (L).jpg,https://pi.lib.uchicago.edu/1001/org/ochre/f5b21b41-8ef6-561c-6227-6b78168abc50,Pottery Registry: Dataset 1,Pottery registries from excavation: 1985-2016,"OCHRE link: <a href=""https://pi.lib.uchicago.edu/1001/org/ochre/f5b21b41-8ef6-561c-6227-6b78168abc50"">https://pi.lib.uchicago.edu/1001/org/ochre/f5b21b41-8ef6-561c-6227-6b78168abc50</a>"
02.075 Pottery Registry 177 (L).pdf,02.075 Pottery Registry 177 (L).jpg,https://pi.lib.uchicago.edu/1001/org/ochre/2cd63576-0089-1681-3a42-ced70f4a1601,Pottery Registry: Dataset 1,Pottery registries from excavation: 1985-2016,"OCHRE link: <a href=""https://pi.lib.uchicago.edu/1001/org/ochre/2cd63576-0089-1681-3a42-ced70f4a1601"">https://pi.lib.uchicago.edu/1001/org/ochre/2cd63576-0089-1681-3a42-ced70f4a1601</a>"
02.076 Pottery Registry 007 (L).pdf,02.076 Pottery Registry 007 (L).jpg,https://pi.lib.uchicago.edu/1001/org/ochre/fa4f6882-d747-1a7b-4246-9a954c38156e,Pottery Registry: Dataset 1,Pottery registries from excavation: 1985-2016,"OCHRE link: <a href=""https://pi.lib.uchicago.edu/1001/org/ochre/fa4f6882-d747-1a7b-4246-9a954c38156e"">https://pi.lib.uchicago.edu/1001/org/ochre/fa4f6882-d747-1a7b-4246-9a954c38156e</a>"
02.076 Pottery Registry 117 (LF).pdf,02.076 Pottery Registry 117 (LF).jpg,https://pi.lib.uchicago.edu/1001/org/ochre/5be361ef-118f-e97a-496b-4e4da78f3cb3,Pottery Registry: Dataset 1,Pottery registries from excavation: 1985-2016,"OCHRE link: <a href=""https://pi.lib.uchicago.edu/1001/org/ochre/5be361ef-118f-e97a-496b-4e4da78f3cb3"">https://pi.lib.uchicago.edu/1001/org/ochre/5be361ef-118f-e97a-496b-4e4da78f3cb3</a>"
02.076 Pottery Registry 131 (L).pdf,02.076 Pottery Registry 131 (L).jpg,https://pi.lib.uchicago.edu/1001/org/ochre/332ab8be-eaf6-9a89-bb94-7426bdf23eca,Pottery Registry: Dataset 1,Pottery registries from excavation: 1985-2016,"OCHRE link: <a href=""https://pi.lib.uchicago.edu/1001/org/ochre/332ab8be-eaf6-9a89-bb94-7426bdf23eca"">https://pi.lib.uchicago.edu/1001/org/ochre/332ab8be-eaf6-9a89-bb94-7426bdf23eca</a>"
02.076 Pottery Registry 134 (L).pdf,02.076 Pottery Registry 134 (L).jpg,https://pi.lib.uchicago.edu/1001/org/ochre/469390fd-71f8-975e-88b8-82ed2a68474c,Pottery Registry: Dataset 1,Pottery registries from excavation: 1985-2016,"OCHRE link: <a href=""https://pi.lib.uchicago.edu/1001/org/ochre/469390fd-71f8-975e-88b8-82ed2a68474c"">https://pi.lib.uchicago.edu/1001/org/ochre/469390fd-71f8-975e-88b8-82ed2a68474c</a>"
02.076 Pottery Registry 135 (L).pdf,02.076 Pottery Registry 135 (L).jpg,https://pi.lib.uchicago.edu/1001/org/ochre/59268656-4f0f-e63a-5f91-1fce53235027,Pottery Registry: Dataset 1,Pottery registries from excavation: 1985-2016,"OCHRE link: <a href=""https://pi.lib.uchicago.edu/1001/org/ochre/59268656-4f0f-e63a-5f91-1fce53235027"">https://pi.lib.uchicago.edu/1001/org/ochre/59268656-4f0f-e63a-5f91-1fce53235027</a>"
02.076 Pottery Registry 140 (L).pdf,02.076 Pottery Registry 140 (L).jpg,https://pi.lib.uchicago.edu/1001/org/ochre/14994b6d-ca9d-e6d5-8077-e48edfa82c57,Pottery Registry: Dataset 1,Pottery registries from excavation: 1985-2016,"OCHRE link: <a href=""https://pi.lib.uchicago.edu/1001/org/ochre/14994b6d-ca9d-e6d5-8077-e48edfa82c57"">https://pi.lib.uchicago.edu/1001/org/ochre/14994b6d-ca9d-e6d5-8077-e48edfa82c57</a>"
02.076 Pottery Registry 141 (L).pdf,02.076 Pottery Registry 141 (L).jpg,https://pi.lib.uchicago.edu/1001/org/ochre/fd08cc7f-4e1d-2270-75e0-f0fca84ee360,Pottery Registry: Dataset 1,Pottery registries from excavation: 1985-2016,"OCHRE link: <a href=""https://pi.lib.uchicago.edu/1001/org/ochre/fd08cc7f-4e1d-2270-75e0-f0fca84ee360"">https://pi.lib.uchicago.edu/1001/org/ochre/fd08cc7f-4e1d-2270-75e0-f0fca84ee360</a>"
02.076 Pottery Registry 143 (L).pdf,02.076 Pottery Registry 143 (L).jpg,https://pi.lib.uchicago.edu/1001/org/ochre/e500b02e-d2af-6026-9d9d-3353993c6639,Pottery Registry: Dataset 1,Pottery registries from excavation: 1985-2016,"OCHRE link: <a href=""https://pi.lib.uchicago.edu/1001/org/ochre/e500b02e-d2af-6026-9d9d-3353993c6639"">https://pi.lib.uchicago.edu/1001/org/ochre/e500b02e-d2af-6026-9d9d-3353993c6639</a>"
02.076 Pottery Registry 149 (L).pdf,02.076 Pottery Registry 149 (L).jpg,https://pi.lib.uchicago.edu/1001/org/ochre/cec01de2-6427-8a9e-548e-02aa68269bc5,Pottery Registry: Dataset 1,Pottery registries from excavation: 1985-2016,"OCHRE link: <a href=""https://pi.lib.uchicago.edu/1001/org/ochre/cec01de2-6427-8a9e-548e-02aa68269bc5"">https://pi.lib.uchicago.edu/1001/org/ochre/cec01de2-6427-8a9e-548e-02aa68269bc5</a>"
02.076 Pottery Registry 150 (L).pdf,02.076 Pottery Registry 150 (L).jpg,https://pi.lib.uchicago.edu/1001/org/ochre/710e90cf-45fd-c603-b0e1-4d3ff1c80cc8,Pottery Registry: Dataset 1,Pottery registries from excavation: 1985-2016,"OCHRE link: <a href=""https://pi.lib.uchicago.edu/1001/org/ochre/710e90cf-45fd-c603-b0e1-4d3ff1c80cc8"">https://pi.lib.uchicago.edu/1001/org/ochre/710e90cf-45fd-c603-b0e1-4d3ff1c80cc8</a>"
02.076 Pottery Registry 156 (LF).pdf,02.076 Pottery Registry 156 (LF).jpg,https://pi.lib.uchicago.edu/1001/org/ochre/3c83885b-6d12-c07a-56e8-12621a84e0be,Pottery Registry: Dataset 1,Pottery registries from excavation: 1985-2016,"OCHRE link: <a href=""https://pi.lib.uchicago.edu/1001/org/ochre/3c83885b-6d12-c07a-56e8-12621a84e0be"">https://pi.lib.uchicago.edu/1001/org/ochre/3c83885b-6d12-c07a-56e8-12621a84e0be</a>"
02.076 Pottery Registry 163 (LF).pdf,02.076 Pottery Registry 163 (LF).jpg,https://pi.lib.uchicago.edu/1001/org/ochre/b9f0c3c5-18ca-297a-f95f-5c2eda8c39a8,Pottery Registry: Dataset 1,Pottery registries from excavation: 1985-2016,"OCHRE link: <a href=""https://pi.lib.uchicago.edu/1001/org/ochre/b9f0c3c5-18ca-297a-f95f-5c2eda8c39a8"">https://pi.lib.uchicago.edu/1001/org/ochre/b9f0c3c5-18ca-297a-f95f-5c2eda8c39a8</a>"
02.076 Pottery Registry 166 (L).pdf,02.076 Pottery Registry 166 (L).jpg,https://pi.lib.uchicago.edu/1001/org/ochre/4fe7cfc4-1fcf-2750-ef38-226fe4b49256,Pottery Registry: Dataset 1,Pottery registries from excavation: 1985-2016,"OCHRE link: <a href=""https://pi.lib.uchicago.edu/1001/org/ochre/4fe7cfc4-1fcf-2750-ef38-226fe4b49256"">https://pi.lib.uchicago.edu/1001/org/ochre/4fe7cfc4-1fcf-2750-ef38-226fe4b49256</a>"
02.076 Pottery Registry 168 (LF).pdf,02.076 Pottery Registry 168 (LF).jpg,https://pi.lib.uchicago.edu/1001/org/ochre/c75a3d65-1c67-f1d9-05f7-0323f74c18d9,Pottery Registry: Dataset 1,Pottery registries from excavation: 1985-2016,"OCHRE link: <a href=""https://pi.lib.uchicago.edu/1001/org/ochre/c75a3d65-1c67-f1d9-05f7-0323f74c18d9"">https://pi.lib.uchicago.edu/1001/org/ochre/c75a3d65-1c67-f1d9-05f7-0323f74c18d9</a>"
02.076 Pottery Registry 171 (LF).pdf,02.076 Pottery Registry 171 (LF).jpg,https://pi.lib.uchicago.edu/1001/org/ochre/11277aaa-5e0d-57ca-4baf-781d655a97af,Pottery Registry: Dataset 1,Pottery registries from excavation: 1985-2016,"OCHRE link: <a href=""https://pi.lib.uchicago.edu/1001/org/ochre/11277aaa-5e0d-57ca-4baf-781d655a97af"">https://pi.lib.uchicago.edu/1001/org/ochre/11277aaa-5e0d-57ca-4baf-781d655a97af</a>"
02.076 Pottery Registry 192 (F).pdf,02.076 Pottery Registry 192 (F).jpg,https://pi.lib.uchicago.edu/1001/org/ochre/9b93feb3-ca1d-18f4-1e86-b0183e4f3740,Pottery Registry: Dataset 1,Pottery registries from excavation: 1985-2016,"OCHRE link: <a href=""https://pi.lib.uchicago.edu/1001/org/ochre/9b93feb3-ca1d-18f4-1e86-b0183e4f3740"">https://pi.lib.uchicago.edu/1001/org/ochre/9b93feb3-ca1d-18f4-1e86-b0183e4f3740</a>"
02.076 Pottery Registry 193 (L).pdf,02.076 Pottery Registry 193 (L).jpg,https://pi.lib.uchicago.edu/1001/org/ochre/c5afa8c7-ef18-c0eb-cbec-ef26ef8f0411,Pottery Registry: Dataset 1,Pottery registries from excavation: 1985-2016,"OCHRE link: <a href=""https://pi.lib.uchicago.edu/1001/org/ochre/c5afa8c7-ef18-c0eb-cbec-ef26ef8f0411"">https://pi.lib.uchicago.edu/1001/org/ochre/c5afa8c7-ef18-c0eb-cbec-ef26ef8f0411</a>"
02.076 Pottery Registry 197 (L).pdf,02.076 Pottery Registry 197 (L).jpg,https://pi.lib.uchicago.edu/1001/org/ochre/c7d283df-44ce-bae6-deb5-ceac032fd221,Pottery Registry: Dataset 1,Pottery registries from excavation: 1985-2016,"OCHRE link: <a href=""https://pi.lib.uchicago.edu/1001/org/ochre/c7d283df-44ce-bae6-deb5-ceac032fd221"">https://pi.lib.uchicago.edu/1001/org/ochre/c7d283df-44ce-bae6-deb5-ceac032fd221</a>"
02.077 Pottery Registry 006 (L).pdf,02.077 Pottery Registry 006 (L).jpg,https://pi.lib.uchicago.edu/1001/org/ochre/4ff616cc-223f-1ac0-e5e2-fe0ab2056bfa,Pottery Registry: Dataset 1,Pottery registries from excavation: 1985-2016,"OCHRE link: <a href=""https://pi.lib.uchicago.edu/1001/org/ochre/4ff616cc-223f-1ac0-e5e2-fe0ab2056bfa"">https://pi.lib.uchicago.edu/1001/org/ochre/4ff616cc-223f-1ac0-e5e2-fe0ab2056bfa</a>"
02.083 Pottery Registry 001 (L).pdf,02.083 Pottery Registry 001 (L).jpg,https://pi.lib.uchicago.edu/1001/org/ochre/f9b89882-3e4c-7dac-c204-31dc8ee0f67e,Pottery Registry: Dataset 1,Pottery registries from excavation: 1985-2016,"OCHRE link: <a href=""https://pi.lib.uchicago.edu/1001/org/ochre/f9b89882-3e4c-7dac-c204-31dc8ee0f67e"">https://pi.lib.uchicago.edu/1001/org/ochre/f9b89882-3e4c-7dac-c204-31dc8ee0f67e</a>"
02.083 Pottery Registry 002 (L).pdf,02.083 Pottery Registry 002 (L).jpg,https://pi.lib.uchicago.edu/1001/org/ochre/f092ebbc-05f4-ff2c-abce-37174997cc15,Pottery Registry: Dataset 1,Pottery registries from excavation: 1985-2016,"OCHRE link: <a href=""https://pi.lib.uchicago.edu/1001/org/ochre/f092ebbc-05f4-ff2c-abce-37174997cc15"">https://pi.lib.uchicago.edu/1001/org/ochre/f092ebbc-05f4-ff2c-abce-37174997cc15</a>"
02.083 Pottery Registry 003 (L).pdf,02.083 Pottery Registry 003 (L).jpg,https://pi.lib.uchicago.edu/1001/org/ochre/b1297613-b222-019c-ff25-4291aa11918c,Pottery Registry: Dataset 1,Pottery registries from excavation: 1985-2016,"OCHRE link: <a href=""https://pi.lib.uchicago.edu/1001/org/ochre/b1297613-b222-019c-ff25-4291aa11918c"">https://pi.lib.uchicago.edu/1001/org/ochre/b1297613-b222-019c-ff25-4291aa11918c</a>"
02.083 Pottery Registry 004 (L).pdf,02.083 Pottery Registry 004 (L).jpg,https://pi.lib.uchicago.edu/1001/org/ochre/4f7faa53-0b91-b33c-bc3f-ba0ac0f21d1b,Pottery Registry: Dataset 1,Pottery registries from excavation: 1985-2016,"OCHRE link: <a href=""https://pi.lib.uchicago.edu/1001/org/ochre/4f7faa53-0b91-b33c-bc3f-ba0ac0f21d1b"">https://pi.lib.uchicago.edu/1001/org/ochre/4f7faa53-0b91-b33c-bc3f-ba0ac0f21d1b</a>"
02.083 Pottery Registry 005 (L).pdf,02.083 Pottery Registry 005 (L).jpg,https://pi.lib.uchicago.edu/1001/org/ochre/5f302575-a35c-b395-65a1-a79b85bb24a5,Pottery Registry: Dataset 1,Pottery registries from excavation: 1985-2016,"OCHRE link: <a href=""https://pi.lib.uchicago.edu/1001/org/ochre/5f302575-a35c-b395-65a1-a79b85bb24a5"">https://pi.lib.uchicago.edu/1001/org/ochre/5f302575-a35c-b395-65a1-a79b85bb24a5</a>"
02.083 Pottery Registry 006 (L).pdf,02.083 Pottery Registry 006 (L).jpg,https://pi.lib.uchicago.edu/1001/org/ochre/addd9279-f73e-542c-ac54-3cd97ad35ea1,Pottery Registry: Dataset 1,Pottery registries from excavation: 1985-2016,"OCHRE link: <a href=""https://pi.lib.uchicago.edu/1001/org/ochre/addd9279-f73e-542c-ac54-3cd97ad35ea1"">https://pi.lib.uchicago.edu/1001/org/ochre/addd9279-f73e-542c-ac54-3cd97ad35ea1</a>"
02.083 Pottery Registry 008 (L).pdf,02.083 Pottery Registry 008 (L).jpg,https://pi.lib.uchicago.edu/1001/org/ochre/72db1382-48cd-e162-288d-28d69c43dd6e,Pottery Registry: Dataset 1,Pottery registries from excavation: 1985-2016,"OCHRE link: <a href=""https://pi.lib.uchicago.edu/1001/org/ochre/72db1382-48cd-e162-288d-28d69c43dd6e"">https://pi.lib.uchicago.edu/1001/org/ochre/72db1382-48cd-e162-288d-28d69c43dd6e</a>"
02.083 Pottery Registry 011 (L).pdf,02.083 Pottery Registry 011 (L).jpg,https://pi.lib.uchicago.edu/1001/org/ochre/83591a24-7ac0-38dd-7228-ac0d2a5b06d9,Pottery Registry: Dataset 1,Pottery registries from excavation: 1985-2016,"OCHRE link: <a href=""https://pi.lib.uchicago.edu/1001/org/ochre/83591a24-7ac0-38dd-7228-ac0d2a5b06d9"">https://pi.lib.uchicago.edu/1001/org/ochre/83591a24-7ac0-38dd-7228-ac0d2a5b06d9</a>"
02.083 Pottery Registry 016 (L).pdf,02.083 Pottery Registry 016 (L).jpg,https://pi.lib.uchicago.edu/1001/org/ochre/e39f9a72-0e93-ec5b-1cf9-36299906572b,Pottery Registry: Dataset 1,Pottery registries from excavation: 1985-2016,"OCHRE link: <a href=""https://pi.lib.uchicago.edu/1001/org/ochre/e39f9a72-0e93-ec5b-1cf9-36299906572b"">https://pi.lib.uchicago.edu/1001/org/ochre/e39f9a72-0e93-ec5b-1cf9-36299906572b</a>"
02.083 Pottery Registry 021 (F).pdf,02.083 Pottery Registry 021 (F).jpg,https://pi.lib.uchicago.edu/1001/org/ochre/860fb30f-448e-4269-3047-651e0a080b6b,Pottery Registry: Dataset 1,Pottery registries from excavation: 1985-2016,"OCHRE link: <a href=""https://pi.lib.uchicago.edu/1001/org/ochre/860fb30f-448e-4269-3047-651e0a080b6b"">https://pi.lib.uchicago.edu/1001/org/ochre/860fb30f-448e-4269-3047-651e0a080b6b</a>"
02.083 Pottery Registry 033 (LF).pdf,02.083 Pottery Registry 033 (LF).jpg,https://pi.lib.uchicago.edu/1001/org/ochre/9a9048eb-6d6b-1440-1a8b-ef3e7b28bef2,Pottery Registry: Dataset 1,Pottery registries from excavation: 1985-2016,"OCHRE link: <a href=""https://pi.lib.uchicago.edu/1001/org/ochre/9a9048eb-6d6b-1440-1a8b-ef3e7b28bef2"">https://pi.lib.uchicago.edu/1001/org/ochre/9a9048eb-6d6b-1440-1a8b-ef3e7b28bef2</a>"
02.083 Pottery Registry 035 (L).pdf,02.083 Pottery Registry 035 (L).jpg,https://pi.lib.uchicago.edu/1001/org/ochre/3b864ac9-1a8e-9c3d-5ea9-d3ee389227b3,Pottery Registry: Dataset 1,Pottery registries from excavation: 1985-2016,"OCHRE link: <a href=""https://pi.lib.uchicago.edu/1001/org/ochre/3b864ac9-1a8e-9c3d-5ea9-d3ee389227b3"">https://pi.lib.uchicago.edu/1001/org/ochre/3b864ac9-1a8e-9c3d-5ea9-d3ee389227b3</a>"
02.083 Pottery Registry 038 (L).pdf,02.083 Pottery Registry 038 (L).jpg,https://pi.lib.uchicago.edu/1001/org/ochre/b55156bb-4da2-b075-ea03-bbcfd9855bb4,Pottery Registry: Dataset 1,Pottery registries from excavation: 1985-2016,"OCHRE link: <a href=""https://pi.lib.uchicago.edu/1001/org/ochre/b55156bb-4da2-b075-ea03-bbcfd9855bb4"">https://pi.lib.uchicago.edu/1001/org/ochre/b55156bb-4da2-b075-ea03-bbcfd9855bb4</a>"
02.083 Pottery Registry 040 (L).pdf,02.083 Pottery Registry 040 (L).jpg,https://pi.lib.uchicago.edu/1001/org/ochre/cd4313d6-e790-867e-14a7-2f7a0c4d5b04,Pottery Registry: Dataset 1,Pottery registries from excavation: 1985-2016,"OCHRE link: <a href=""https://pi.lib.uchicago.edu/1001/org/ochre/cd4313d6-e790-867e-14a7-2f7a0c4d5b04"">https://pi.lib.uchicago.edu/1001/org/ochre/cd4313d6-e790-867e-14a7-2f7a0c4d5b04</a>"
02.083 Pottery Registry 041 (L).pdf,02.083 Pottery Registry 041 (L).jpg,https://pi.lib.uchicago.edu/1001/org/ochre/046a2638-a972-8bf4-63e4-ea65a4b0c2fe,Pottery Registry: Dataset 1,Pottery registries from excavation: 1985-2016,"OCHRE link: <a href=""https://pi.lib.uchicago.edu/1001/org/ochre/046a2638-a972-8bf4-63e4-ea65a4b0c2fe"">https://pi.lib.uchicago.edu/1001/org/ochre/046a2638-a972-8bf4-63e4-ea65a4b0c2fe</a>"
02.083 Pottery Registry 044 (L).pdf,02.083 Pottery Registry 044 (L).jpg,https://pi.lib.uchicago.edu/1001/org/ochre/7fabc8a9-1934-f60d-29ff-be79e1686bc5,Pottery Registry: Dataset 1,Pottery registries from excavation: 1985-2016,"OCHRE link: <a href=""https://pi.lib.uchicago.edu/1001/org/ochre/7fabc8a9-1934-f60d-29ff-be79e1686bc5"">https://pi.lib.uchicago.edu/1001/org/ochre/7fabc8a9-1934-f60d-29ff-be79e1686bc5</a>"
02.083 Pottery Registry 050 (L).pdf,02.083 Pottery Registry 050 (L).jpg,https://pi.lib.uchicago.edu/1001/org/ochre/7c3e6caa-e541-b2f0-a887-41dfbedc3436,Pottery Registry: Dataset 1,Pottery registries from excavation: 1985-2016,"OCHRE link: <a href=""https://pi.lib.uchicago.edu/1001/org/ochre/7c3e6caa-e541-b2f0-a887-41dfbedc3436"">https://pi.lib.uchicago.edu/1001/org/ochre/7c3e6caa-e541-b2f0-a887-41dfbedc3436</a>"
02.083 Pottery Registry 051 (L).pdf,02.083 Pottery Registry 051 (L).jpg,https://pi.lib.uchicago.edu/1001/org/ochre/fc482434-ead6-c1f8-a509-c8bdf477b820,Pottery Registry: Dataset 1,Pottery registries from excavation: 1985-2016,"OCHRE link: <a href=""https://pi.lib.uchicago.edu/1001/org/ochre/fc482434-ead6-c1f8-a509-c8bdf477b820"">https://pi.lib.uchicago.edu/1001/org/ochre/fc482434-ead6-c1f8-a509-c8bdf477b820</a>"
02.083 Pottery Registry 052 (L).pdf,02.083 Pottery Registry 052 (L).jpg,https://pi.lib.uchicago.edu/1001/org/ochre/1a4be8ad-b960-a9f5-aa39-02481bf27a30,Pottery Registry: Dataset 1,Pottery registries from excavation: 1985-2016,"OCHRE link: <a href=""https://pi.lib.uchicago.edu/1001/org/ochre/1a4be8ad-b960-a9f5-aa39-02481bf27a30"">https://pi.lib.uchicago.edu/1001/org/ochre/1a4be8ad-b960-a9f5-aa39-02481bf27a30</a>"
02.083 Pottery Registry 053 (L).pdf,02.083 Pottery Registry 053 (L).jpg,https://pi.lib.uchicago.edu/1001/org/ochre/b6e93cc0-2d37-feef-c2f2-3d9a247ceb9e,Pottery Registry: Dataset 1,Pottery registries from excavation: 1985-2016,"OCHRE link: <a href=""https://pi.lib.uchicago.edu/1001/org/ochre/b6e93cc0-2d37-feef-c2f2-3d9a247ceb9e"">https://pi.lib.uchicago.edu/1001/org/ochre/b6e93cc0-2d37-feef-c2f2-3d9a247ceb9e</a>"
02.083 Pottery Registry 064 (L).pdf,02.083 Pottery Registry 064 (L).jpg,https://pi.lib.uchicago.edu/1001/org/ochre/13490bed-a5d1-9fdb-5323-6d14893ebdef,Pottery Registry: Dataset 1,Pottery registries from excavation: 1985-2016,"OCHRE link: <a href=""https://pi.lib.uchicago.edu/1001/org/ochre/13490bed-a5d1-9fdb-5323-6d14893ebdef"">https://pi.lib.uchicago.edu/1001/org/ochre/13490bed-a5d1-9fdb-5323-6d14893ebdef</a>"
02.084 Pottery Registry 004 (L).pdf,02.084 Pottery Registry 004 (L).jpg,https://pi.lib.uchicago.edu/1001/org/ochre/89f580a8-2fee-a944-f0ee-be973ac26da6,Pottery Registry: Dataset 1,Pottery registries from excavation: 1985-2016,"OCHRE link: <a href=""https://pi.lib.uchicago.edu/1001/org/ochre/89f580a8-2fee-a944-f0ee-be973ac26da6"">https://pi.lib.uchicago.edu/1001/org/ochre/89f580a8-2fee-a944-f0ee-be973ac26da6</a>"
02.084 Pottery Registry 009 (L).pdf,02.084 Pottery Registry 009 (L).jpg,https://pi.lib.uchicago.edu/1001/org/ochre/c54a11d6-82ec-70e7-2500-46c8f5bb036e,Pottery Registry: Dataset 1,Pottery registries from excavation: 1985-2016,"OCHRE link: <a href=""https://pi.lib.uchicago.edu/1001/org/ochre/c54a11d6-82ec-70e7-2500-46c8f5bb036e"">https://pi.lib.uchicago.edu/1001/org/ochre/c54a11d6-82ec-70e7-2500-46c8f5bb036e</a>"
02.084 Pottery Registry 019 (L).pdf,02.084 Pottery Registry 019 (L).jpg,https://pi.lib.uchicago.edu/1001/org/ochre/10a058dd-7661-6f81-03ad-21bab825b7ab,Pottery Registry: Dataset 1,Pottery registries from excavation: 1985-2016,"OCHRE link: <a href=""https://pi.lib.uchicago.edu/1001/org/ochre/10a058dd-7661-6f81-03ad-21bab825b7ab"">https://pi.lib.uchicago.edu/1001/org/ochre/10a058dd-7661-6f81-03ad-21bab825b7ab</a>"
02.084 Pottery Registry 023 (F).pdf,02.084 Pottery Registry 023 (F).jpg,https://pi.lib.uchicago.edu/1001/org/ochre/c6cf340f-c74b-92e5-5a67-d159e6da7e1b,Pottery Registry: Dataset 1,Pottery registries from excavation: 1985-2016,"OCHRE link: <a href=""https://pi.lib.uchicago.edu/1001/org/ochre/c6cf340f-c74b-92e5-5a67-d159e6da7e1b"">https://pi.lib.uchicago.edu/1001/org/ochre/c6cf340f-c74b-92e5-5a67-d159e6da7e1b</a>"
02.084 Pottery Registry 030 (L).pdf,02.084 Pottery Registry 030 (L).jpg,https://pi.lib.uchicago.edu/1001/org/ochre/b76e3011-b309-ef50-fa9e-e1742ce91958,Pottery Registry: Dataset 1,Pottery registries from excavation: 1985-2016,"OCHRE link: <a href=""https://pi.lib.uchicago.edu/1001/org/ochre/b76e3011-b309-ef50-fa9e-e1742ce91958"">https://pi.lib.uchicago.edu/1001/org/ochre/b76e3011-b309-ef50-fa9e-e1742ce91958</a>"
02.084 Pottery Registry 037 (L).pdf,02.084 Pottery Registry 037 (L).jpg,https://pi.lib.uchicago.edu/1001/org/ochre/c03c74ab-1eac-0a34-0366-4924ee299647,Pottery Registry: Dataset 1,Pottery registries from excavation: 1985-2016,"OCHRE link: <a href=""https://pi.lib.uchicago.edu/1001/org/ochre/c03c74ab-1eac-0a34-0366-4924ee299647"">https://pi.lib.uchicago.edu/1001/org/ochre/c03c74ab-1eac-0a34-0366-4924ee299647</a>"
02.084 Pottery Registry 038 (L).pdf,02.084 Pottery Registry 038 (L).jpg,https://pi.lib.uchicago.edu/1001/org/ochre/5dca14bb-6b6d-01e2-fa50-11852af76a69,Pottery Registry: Dataset 1,Pottery registries from excavation: 1985-2016,"OCHRE link: <a href=""https://pi.lib.uchicago.edu/1001/org/ochre/5dca14bb-6b6d-01e2-fa50-11852af76a69"">https://pi.lib.uchicago.edu/1001/org/ochre/5dca14bb-6b6d-01e2-fa50-11852af76a69</a>"
02.084 Pottery Registry 040 (L).pdf,02.084 Pottery Registry 040 (L).jpg,https://pi.lib.uchicago.edu/1001/org/ochre/4c871639-9a0f-13be-9a10-85e70bcb33d0,Pottery Registry: Dataset 1,Pottery registries from excavation: 1985-2016,"OCHRE link: <a href=""https://pi.lib.uchicago.edu/1001/org/ochre/4c871639-9a0f-13be-9a10-85e70bcb33d0"">https://pi.lib.uchicago.edu/1001/org/ochre/4c871639-9a0f-13be-9a10-85e70bcb33d0</a>"
02.084 Pottery Registry 094 (L).pdf,02.084 Pottery Registry 094 (L).jpg,https://pi.lib.uchicago.edu/1001/org/ochre/ef73b8e8-4e02-822b-de7c-8f8182ca7758,Pottery Registry: Dataset 1,Pottery registries from excavation: 1985-2016,"OCHRE link: <a href=""https://pi.lib.uchicago.edu/1001/org/ochre/ef73b8e8-4e02-822b-de7c-8f8182ca7758"">https://pi.lib.uchicago.edu/1001/org/ochre/ef73b8e8-4e02-822b-de7c-8f8182ca7758</a>"
02.084 Pottery Registry 102 (L).pdf,02.084 Pottery Registry 102 (L).jpg,https://pi.lib.uchicago.edu/1001/org/ochre/a73bee59-3bbe-d361-bce3-93e9ac715c3e,Pottery Registry: Dataset 1,Pottery registries from excavation: 1985-2016,"OCHRE link: <a href=""https://pi.lib.uchicago.edu/1001/org/ochre/a73bee59-3bbe-d361-bce3-93e9ac715c3e"">https://pi.lib.uchicago.edu/1001/org/ochre/a73bee59-3bbe-d361-bce3-93e9ac715c3e</a>"
02.084 Pottery Registry 103 (L).pdf,02.084 Pottery Registry 103 (L).jpg,https://pi.lib.uchicago.edu/1001/org/ochre/a8d69e3e-e055-5829-236b-3b71b51eedc2,Pottery Registry: Dataset 1,Pottery registries from excavation: 1985-2016,"OCHRE link: <a href=""https://pi.lib.uchicago.edu/1001/org/ochre/a8d69e3e-e055-5829-236b-3b71b51eedc2"">https://pi.lib.uchicago.edu/1001/org/ochre/a8d69e3e-e055-5829-236b-3b71b51eedc2</a>"
02.084 Pottery Registry 104 (L).pdf,02.084 Pottery Registry 104 (L).jpg,https://pi.lib.uchicago.edu/1001/org/ochre/65bf786d-bd64-aa96-e6b4-20df04881cd6,Pottery Registry: Dataset 1,Pottery registries from excavation: 1985-2016,"OCHRE link: <a href=""https://pi.lib.uchicago.edu/1001/org/ochre/65bf786d-bd64-aa96-e6b4-20df04881cd6"">https://pi.lib.uchicago.edu/1001/org/ochre/65bf786d-bd64-aa96-e6b4-20df04881cd6</a>"
02.084 Pottery Registry 105 (L).pdf,02.084 Pottery Registry 105 (L).jpg,https://pi.lib.uchicago.edu/1001/org/ochre/5d1a1063-cd36-72af-c7b6-83541f325c54,Pottery Registry: Dataset 1,Pottery registries from excavation: 1985-2016,"OCHRE link: <a href=""https://pi.lib.uchicago.edu/1001/org/ochre/5d1a1063-cd36-72af-c7b6-83541f325c54"">https://pi.lib.uchicago.edu/1001/org/ochre/5d1a1063-cd36-72af-c7b6-83541f325c54</a>"
02.084 Pottery Registry 106 (L).pdf,02.084 Pottery Registry 106 (L).jpg,https://pi.lib.uchicago.edu/1001/org/ochre/dccaafdc-8a2c-503f-ef92-a9cbd3903251,Pottery Registry: Dataset 1,Pottery registries from excavation: 1985-2016,"OCHRE link: <a href=""https://pi.lib.uchicago.edu/1001/org/ochre/dccaafdc-8a2c-503f-ef92-a9cbd3903251"">https://pi.lib.uchicago.edu/1001/org/ochre/dccaafdc-8a2c-503f-ef92-a9cbd3903251</a>"
02.084 Pottery Registry 107 (L).pdf,02.084 Pottery Registry 107 (L).jpg,https://pi.lib.uchicago.edu/1001/org/ochre/aaf98959-3fa5-da39-896c-a8bb89fc6e23,Pottery Registry: Dataset 1,Pottery registries from excavation: 1985-2016,"OCHRE link: <a href=""https://pi.lib.uchicago.edu/1001/org/ochre/aaf98959-3fa5-da39-896c-a8bb89fc6e23"">https://pi.lib.uchicago.edu/1001/org/ochre/aaf98959-3fa5-da39-896c-a8bb89fc6e23</a>"
02.084 Pottery Registry 109 (L).pdf,02.084 Pottery Registry 109 (L).jpg,https://pi.lib.uchicago.edu/1001/org/ochre/b0a31ab0-d3e5-6e55-51d0-9cc082a3859f,Pottery Registry: Dataset 1,Pottery registries from excavation: 1985-2016,"OCHRE link: <a href=""https://pi.lib.uchicago.edu/1001/org/ochre/b0a31ab0-d3e5-6e55-51d0-9cc082a3859f"">https://pi.lib.uchicago.edu/1001/org/ochre/b0a31ab0-d3e5-6e55-51d0-9cc082a3859f</a>"
02.084 Pottery Registry Miscellaneous.pdf,02.084 Pottery Registry Miscellaneous.jpg,https://pi.lib.uchicago.edu/1001/org/ochre/63be28dd-5e6b-36e8-63ec-47fd3cb158e7,Pottery Registry: Dataset 1,Pottery registries from excavation: 1985-2016,"OCHRE link: <a href=""https://pi.lib.uchicago.edu/1001/org/ochre/63be28dd-5e6b-36e8-63ec-47fd3cb158e7"">https://pi.lib.uchicago.edu/1001/org/ochre/63be28dd-5e6b-36e8-63ec-47fd3cb158e7</a>"
02.085 Pottery Registry 043 (L).pdf,02.085 Pottery Registry 043 (L).jpg,https://pi.lib.uchicago.edu/1001/org/ochre/18fc299a-1447-108b-ca9d-b790b55b2c5f,Pottery Registry: Dataset 1,Pottery registries from excavation: 1985-2016,"OCHRE link: <a href=""https://pi.lib.uchicago.edu/1001/org/ochre/18fc299a-1447-108b-ca9d-b790b55b2c5f"">https://pi.lib.uchicago.edu/1001/org/ochre/18fc299a-1447-108b-ca9d-b790b55b2c5f</a>"
02.085 Pottery Registry 062 (L).pdf,02.085 Pottery Registry 062 (L).jpg,https://pi.lib.uchicago.edu/1001/org/ochre/1c6c9636-263d-700f-84d8-ff815557facb,Pottery Registry: Dataset 1,Pottery registries from excavation: 1985-2016,"OCHRE link: <a href=""https://pi.lib.uchicago.edu/1001/org/ochre/1c6c9636-263d-700f-84d8-ff815557facb"">https://pi.lib.uchicago.edu/1001/org/ochre/1c6c9636-263d-700f-84d8-ff815557facb</a>"
02.085 Pottery Registry 065 (L).pdf,02.085 Pottery Registry 065 (L).jpg,https://pi.lib.uchicago.edu/1001/org/ochre/a0883be3-ee6a-1680-a561-7ee4fd7961ac,Pottery Registry: Dataset 1,Pottery registries from excavation: 1985-2016,"OCHRE link: <a href=""https://pi.lib.uchicago.edu/1001/org/ochre/a0883be3-ee6a-1680-a561-7ee4fd7961ac"">https://pi.lib.uchicago.edu/1001/org/ochre/a0883be3-ee6a-1680-a561-7ee4fd7961ac</a>"
02.085 Pottery Registry 073 (L).pdf,02.085 Pottery Registry 073 (L).jpg,https://pi.lib.uchicago.edu/1001/org/ochre/17ba06fa-c6f4-d830-b2ec-a278196026f7,Pottery Registry: Dataset 1,Pottery registries from excavation: 1985-2016,"OCHRE link: <a href=""https://pi.lib.uchicago.edu/1001/org/ochre/17ba06fa-c6f4-d830-b2ec-a278196026f7"">https://pi.lib.uchicago.edu/1001/org/ochre/17ba06fa-c6f4-d830-b2ec-a278196026f7</a>"
02.085 Pottery Registry 076 (L).pdf,02.085 Pottery Registry 076 (L).jpg,https://pi.lib.uchicago.edu/1001/org/ochre/2e93747f-6992-2a6b-8ebd-11761989e4ec,Pottery Registry: Dataset 1,Pottery registries from excavation: 1985-2016,"OCHRE link: <a href=""https://pi.lib.uchicago.edu/1001/org/ochre/2e93747f-6992-2a6b-8ebd-11761989e4ec"">https://pi.lib.uchicago.edu/1001/org/ochre/2e93747f-6992-2a6b-8ebd-11761989e4ec</a>"
02.085 Pottery Registry 080 (L).pdf,02.085 Pottery Registry 080 (L).jpg,https://pi.lib.uchicago.edu/1001/org/ochre/211642c3-1c53-d374-bceb-c72f15013ef0,Pottery Registry: Dataset 1,Pottery registries from excavation: 1985-2016,"OCHRE link: <a href=""https://pi.lib.uchicago.edu/1001/org/ochre/211642c3-1c53-d374-bceb-c72f15013ef0"">https://pi.lib.uchicago.edu/1001/org/ochre/211642c3-1c53-d374-bceb-c72f15013ef0</a>"
02.085 Pottery Registry 082 (F).pdf,02.085 Pottery Registry 082 (F).jpg,https://pi.lib.uchicago.edu/1001/org/ochre/515fad5c-f3e4-dad5-cbb8-ba3dfdfc8f6e,Pottery Registry: Dataset 1,Pottery registries from excavation: 1985-2016,"OCHRE link: <a href=""https://pi.lib.uchicago.edu/1001/org/ochre/515fad5c-f3e4-dad5-cbb8-ba3dfdfc8f6e"">https://pi.lib.uchicago.edu/1001/org/ochre/515fad5c-f3e4-dad5-cbb8-ba3dfdfc8f6e</a>"
02.085 Pottery Registry 084 (L).pdf,02.085 Pottery Registry 084 (L).jpg,https://pi.lib.uchicago.edu/1001/org/ochre/f90d8d82-e212-d16b-2b7d-c94149449cf8,Pottery Registry: Dataset 1,Pottery registries from excavation: 1985-2016,"OCHRE link: <a href=""https://pi.lib.uchicago.edu/1001/org/ochre/f90d8d82-e212-d16b-2b7d-c94149449cf8"">https://pi.lib.uchicago.edu/1001/org/ochre/f90d8d82-e212-d16b-2b7d-c94149449cf8</a>"
02.085 Pottery Registry 086 (F).pdf,02.085 Pottery Registry 086 (F).jpg,https://pi.lib.uchicago.edu/1001/org/ochre/b2374f79-d294-cd6f-aadf-b1c9dc444879,Pottery Registry: Dataset 1,Pottery registries from excavation: 1985-2016,"OCHRE link: <a href=""https://pi.lib.uchicago.edu/1001/org/ochre/b2374f79-d294-cd6f-aadf-b1c9dc444879"">https://pi.lib.uchicago.edu/1001/org/ochre/b2374f79-d294-cd6f-aadf-b1c9dc444879</a>"
02.085 Pottery Registry 088 (L).pdf,02.085 Pottery Registry 088 (L).jpg,https://pi.lib.uchicago.edu/1001/org/ochre/7a434747-f371-1536-c212-dfeb63443ba0,Pottery Registry: Dataset 1,Pottery registries from excavation: 1985-2016,"OCHRE link: <a href=""https://pi.lib.uchicago.edu/1001/org/ochre/7a434747-f371-1536-c212-dfeb63443ba0"">https://pi.lib.uchicago.edu/1001/org/ochre/7a434747-f371-1536-c212-dfeb63443ba0</a>"
02.085 Pottery Registry 091 (F).pdf,02.085 Pottery Registry 091 (F).jpg,https://pi.lib.uchicago.edu/1001/org/ochre/3b1ff59c-2317-8cab-ccd6-93be4de2a589,Pottery Registry: Dataset 1,Pottery registries from excavation: 1985-2016,"OCHRE link: <a href=""https://pi.lib.uchicago.edu/1001/org/ochre/3b1ff59c-2317-8cab-ccd6-93be4de2a589"">https://pi.lib.uchicago.edu/1001/org/ochre/3b1ff59c-2317-8cab-ccd6-93be4de2a589</a>"
02.085 Pottery Registry 092 (F).pdf,02.085 Pottery Registry 092 (F).jpg,https://pi.lib.uchicago.edu/1001/org/ochre/678f2908-d752-23a7-775b-5b098c28c588,Pottery Registry: Dataset 1,Pottery registries from excavation: 1985-2016,"OCHRE link: <a href=""https://pi.lib.uchicago.edu/1001/org/ochre/678f2908-d752-23a7-775b-5b098c28c588"">https://pi.lib.uchicago.edu/1001/org/ochre/678f2908-d752-23a7-775b-5b098c28c588</a>"
02.085 Pottery Registry 097 (F).pdf,02.085 Pottery Registry 097 (F).jpg,https://pi.lib.uchicago.edu/1001/org/ochre/931087a3-4233-9509-70e8-8464e76137de,Pottery Registry: Dataset 1,Pottery registries from excavation: 1985-2016,"OCHRE link: <a href=""https://pi.lib.uchicago.edu/1001/org/ochre/931087a3-4233-9509-70e8-8464e76137de"">https://pi.lib.uchicago.edu/1001/org/ochre/931087a3-4233-9509-70e8-8464e76137de</a>"
02.085 Pottery Registry 103 (LF).pdf,02.085 Pottery Registry 103 (LF).jpg,https://pi.lib.uchicago.edu/1001/org/ochre/4d682587-d02f-4b18-eb18-4304b7095233,Pottery Registry: Dataset 1,Pottery registries from excavation: 1985-2016,"OCHRE link: <a href=""https://pi.lib.uchicago.edu/1001/org/ochre/4d682587-d02f-4b18-eb18-4304b7095233"">https://pi.lib.uchicago.edu/1001/org/ochre/4d682587-d02f-4b18-eb18-4304b7095233</a>"
02.085 Pottery Registry 115 (L).pdf,02.085 Pottery Registry 115 (L).jpg,https://pi.lib.uchicago.edu/1001/org/ochre/45b2ee57-5872-7242-6819-718089cbd5a1,Pottery Registry: Dataset 1,Pottery registries from excavation: 1985-2016,"OCHRE link: <a href=""https://pi.lib.uchicago.edu/1001/org/ochre/45b2ee57-5872-7242-6819-718089cbd5a1"">https://pi.lib.uchicago.edu/1001/org/ochre/45b2ee57-5872-7242-6819-718089cbd5a1</a>"
02.086 Pottery Registry 021 (L).pdf,02.086 Pottery Registry 021 (L).jpg,https://pi.lib.uchicago.edu/1001/org/ochre/c4432975-533d-30db-12f4-90f3d52d4e28,Pottery Registry: Dataset 1,Pottery registries from excavation: 1985-2016,"OCHRE link: <a href=""https://pi.lib.uchicago.edu/1001/org/ochre/c4432975-533d-30db-12f4-90f3d52d4e28"">https://pi.lib.uchicago.edu/1001/org/ochre/c4432975-533d-30db-12f4-90f3d52d4e28</a>"
02.086 Pottery Registry 022 (L).pdf,02.086 Pottery Registry 022 (L).jpg,https://pi.lib.uchicago.edu/1001/org/ochre/19b1a01b-0dcb-8e0f-6db6-84aea2825ebe,Pottery Registry: Dataset 1,Pottery registries from excavation: 1985-2016,"OCHRE link: <a href=""https://pi.lib.uchicago.edu/1001/org/ochre/19b1a01b-0dcb-8e0f-6db6-84aea2825ebe"">https://pi.lib.uchicago.edu/1001/org/ochre/19b1a01b-0dcb-8e0f-6db6-84aea2825ebe</a>"
02.086 Pottery Registry 097 (F).pdf,02.086 Pottery Registry 097 (F).jpg,https://pi.lib.uchicago.edu/1001/org/ochre/b3d1091c-c269-ea03-f79d-5000bf7f704c,Pottery Registry: Dataset 1,Pottery registries from excavation: 1985-2016,"OCHRE link: <a href=""https://pi.lib.uchicago.edu/1001/org/ochre/b3d1091c-c269-ea03-f79d-5000bf7f704c"">https://pi.lib.uchicago.edu/1001/org/ochre/b3d1091c-c269-ea03-f79d-5000bf7f704c</a>"
02.086 Pottery Registry 101 (L).pdf,02.086 Pottery Registry 101 (L).jpg,https://pi.lib.uchicago.edu/1001/org/ochre/64c300f2-8565-a550-327e-79f9b7289784,Pottery Registry: Dataset 1,Pottery registries from excavation: 1985-2016,"OCHRE link: <a href=""https://pi.lib.uchicago.edu/1001/org/ochre/64c300f2-8565-a550-327e-79f9b7289784"">https://pi.lib.uchicago.edu/1001/org/ochre/64c300f2-8565-a550-327e-79f9b7289784</a>"
02.086 Pottery Registry 102 (L).pdf,02.086 Pottery Registry 102 (L).jpg,https://pi.lib.uchicago.edu/1001/org/ochre/56036ae0-1f33-9f5f-faf0-872b0346304f,Pottery Registry: Dataset 1,Pottery registries from excavation: 1985-2016,"OCHRE link: <a href=""https://pi.lib.uchicago.edu/1001/org/ochre/56036ae0-1f33-9f5f-faf0-872b0346304f"">https://pi.lib.uchicago.edu/1001/org/ochre/56036ae0-1f33-9f5f-faf0-872b0346304f</a>"
02.086 Pottery Registry 110 (L).pdf,02.086 Pottery Registry 110 (L).jpg,https://pi.lib.uchicago.edu/1001/org/ochre/4f43aa73-d691-44b2-14ed-b13d68e6319e,Pottery Registry: Dataset 1,Pottery registries from excavation: 1985-2016,"OCHRE link: <a href=""https://pi.lib.uchicago.edu/1001/org/ochre/4f43aa73-d691-44b2-14ed-b13d68e6319e"">https://pi.lib.uchicago.edu/1001/org/ochre/4f43aa73-d691-44b2-14ed-b13d68e6319e</a>"
02.086 Pottery Registry 130 (L).pdf,02.086 Pottery Registry 130 (L).jpg,https://pi.lib.uchicago.edu/1001/org/ochre/7cafb704-6f5c-4dab-5c2c-427ca27411a1,Pottery Registry: Dataset 1,Pottery registries from excavation: 1985-2016,"OCHRE link: <a href=""https://pi.lib.uchicago.edu/1001/org/ochre/7cafb704-6f5c-4dab-5c2c-427ca27411a1"">https://pi.lib.uchicago.edu/1001/org/ochre/7cafb704-6f5c-4dab-5c2c-427ca27411a1</a>"
02.093 Pottery Registry 011 (L).pdf,02.093 Pottery Registry 011 (L).jpg,https://pi.lib.uchicago.edu/1001/org/ochre/06eaae2c-769a-d059-6078-a0c71fd3d3fe,Pottery Registry: Dataset 1,Pottery registries from excavation: 1985-2016,"OCHRE link: <a href=""https://pi.lib.uchicago.edu/1001/org/ochre/06eaae2c-769a-d059-6078-a0c71fd3d3fe"">https://pi.lib.uchicago.edu/1001/org/ochre/06eaae2c-769a-d059-6078-a0c71fd3d3fe</a>"
02.093 Pottery Registry 013 (L).pdf,02.093 Pottery Registry 013 (L).jpg,https://pi.lib.uchicago.edu/1001/org/ochre/fa1486eb-ca7a-8d3e-9467-7f852a22d8d3,Pottery Registry: Dataset 1,Pottery registries from excavation: 1985-2016,"OCHRE link: <a href=""https://pi.lib.uchicago.edu/1001/org/ochre/fa1486eb-ca7a-8d3e-9467-7f852a22d8d3"">https://pi.lib.uchicago.edu/1001/org/ochre/fa1486eb-ca7a-8d3e-9467-7f852a22d8d3</a>"
02.093 Pottery Registry 027 (L).pdf,02.093 Pottery Registry 027 (L).jpg,https://pi.lib.uchicago.edu/1001/org/ochre/c45ec555-73e5-d4b4-e3d6-58ad8f4d8e13,Pottery Registry: Dataset 1,Pottery registries from excavation: 1985-2016,"OCHRE link: <a href=""https://pi.lib.uchicago.edu/1001/org/ochre/c45ec555-73e5-d4b4-e3d6-58ad8f4d8e13"">https://pi.lib.uchicago.edu/1001/org/ochre/c45ec555-73e5-d4b4-e3d6-58ad8f4d8e13</a>"
02.093 Pottery Registry 038 (L).pdf,02.093 Pottery Registry 038 (L).jpg,https://pi.lib.uchicago.edu/1001/org/ochre/909afda2-b69a-49eb-bb49-e95fc5e073fe,Pottery Registry: Dataset 1,Pottery registries from excavation: 1985-2016,"OCHRE link: <a href=""https://pi.lib.uchicago.edu/1001/org/ochre/909afda2-b69a-49eb-bb49-e95fc5e073fe"">https://pi.lib.uchicago.edu/1001/org/ochre/909afda2-b69a-49eb-bb49-e95fc5e073fe</a>"
02.095 Pottery Registry 003 (L).pdf,02.095 Pottery Registry 003 (L).jpg,https://pi.lib.uchicago.edu/1001/org/ochre/0b479288-a37b-0118-8e89-9eae1070822d,Pottery Registry: Dataset 1,Pottery registries from excavation: 1985-2016,"OCHRE link: <a href=""https://pi.lib.uchicago.edu/1001/org/ochre/0b479288-a37b-0118-8e89-9eae1070822d"">https://pi.lib.uchicago.edu/1001/org/ochre/0b479288-a37b-0118-8e89-9eae1070822d</a>"
02.101 Pottery Registry 008 (L).pdf,02.101 Pottery Registry 008 (L).jpg,https://pi.lib.uchicago.edu/1001/org/ochre/3c75b210-a551-db6f-73e1-65fd1b3bfa84,Pottery Registry: Dataset 1,Pottery registries from excavation: 1985-2016,"OCHRE link: <a href=""https://pi.lib.uchicago.edu/1001/org/ochre/3c75b210-a551-db6f-73e1-65fd1b3bfa84"">https://pi.lib.uchicago.edu/1001/org/ochre/3c75b210-a551-db6f-73e1-65fd1b3bfa84</a>"
02.101 Pottery Registry 011 (L).pdf,02.101 Pottery Registry 011 (L).jpg,https://pi.lib.uchicago.edu/1001/org/ochre/ea40e055-faa0-26d1-5fb9-7e7133e4fcf7,Pottery Registry: Dataset 1,Pottery registries from excavation: 1985-2016,"OCHRE link: <a href=""https://pi.lib.uchicago.edu/1001/org/ochre/ea40e055-faa0-26d1-5fb9-7e7133e4fcf7"">https://pi.lib.uchicago.edu/1001/org/ochre/ea40e055-faa0-26d1-5fb9-7e7133e4fcf7</a>"
02.101 Pottery Registry 014 (L).pdf,02.101 Pottery Registry 014 (L).jpg,https://pi.lib.uchicago.edu/1001/org/ochre/11878188-1f7d-ee5e-1fa2-a13c9c8d45c0,Pottery Registry: Dataset 1,Pottery registries from excavation: 1985-2016,"OCHRE link: <a href=""https://pi.lib.uchicago.edu/1001/org/ochre/11878188-1f7d-ee5e-1fa2-a13c9c8d45c0"">https://pi.lib.uchicago.edu/1001/org/ochre/11878188-1f7d-ee5e-1fa2-a13c9c8d45c0</a>"
02.101 Pottery Registry 016 (L).pdf,02.101 Pottery Registry 016 (L).jpg,https://pi.lib.uchicago.edu/1001/org/ochre/87620e4d-1412-7eb2-fe4c-43a1c9c3e002,Pottery Registry: Dataset 1,Pottery registries from excavation: 1985-2016,"OCHRE link: <a href=""https://pi.lib.uchicago.edu/1001/org/ochre/87620e4d-1412-7eb2-fe4c-43a1c9c3e002"">https://pi.lib.uchicago.edu/1001/org/ochre/87620e4d-1412-7eb2-fe4c-43a1c9c3e002</a>"
02.101 Pottery Registry 022 (L).pdf,02.101 Pottery Registry 022 (L).jpg,https://pi.lib.uchicago.edu/1001/org/ochre/028514c0-0c41-34ae-7d9a-adecab5bc8f8,Pottery Registry: Dataset 1,Pottery registries from excavation: 1985-2016,"OCHRE link: <a href=""https://pi.lib.uchicago.edu/1001/org/ochre/028514c0-0c41-34ae-7d9a-adecab5bc8f8"">https://pi.lib.uchicago.edu/1001/org/ochre/028514c0-0c41-34ae-7d9a-adecab5bc8f8</a>"
02.101 Pottery Registry 052 (L).pdf,02.101 Pottery Registry 052 (L).jpg,https://pi.lib.uchicago.edu/1001/org/ochre/f2217e28-6b38-ba06-ec4d-a8a9767fef5a,Pottery Registry: Dataset 1,Pottery registries from excavation: 1985-2016,"OCHRE link: <a href=""https://pi.lib.uchicago.edu/1001/org/ochre/f2217e28-6b38-ba06-ec4d-a8a9767fef5a"">https://pi.lib.uchicago.edu/1001/org/ochre/f2217e28-6b38-ba06-ec4d-a8a9767fef5a</a>"
02.101 Pottery Registry 062 (L).pdf,02.101 Pottery Registry 062 (L).jpg,https://pi.lib.uchicago.edu/1001/org/ochre/fd0cf1cb-40f6-e65b-d9c9-9b0b5e1f4110,Pottery Registry: Dataset 1,Pottery registries from excavation: 1985-2016,"OCHRE link: <a href=""https://pi.lib.uchicago.edu/1001/org/ochre/fd0cf1cb-40f6-e65b-d9c9-9b0b5e1f4110"">https://pi.lib.uchicago.edu/1001/org/ochre/fd0cf1cb-40f6-e65b-d9c9-9b0b5e1f4110</a>"
02.101 Pottery Registry 066 (L).pdf,02.101 Pottery Registry 066 (L).jpg,https://pi.lib.uchicago.edu/1001/org/ochre/2499eff3-bc65-559d-6ee5-ebf502906cac,Pottery Registry: Dataset 1,Pottery registries from excavation: 1985-2016,"OCHRE link: <a href=""https://pi.lib.uchicago.edu/1001/org/ochre/2499eff3-bc65-559d-6ee5-ebf502906cac"">https://pi.lib.uchicago.edu/1001/org/ochre/2499eff3-bc65-559d-6ee5-ebf502906cac</a>"
02.101 Pottery Registry 070 (L).pdf,02.101 Pottery Registry 070 (L).jpg,https://pi.lib.uchicago.edu/1001/org/ochre/6b796f1e-46b5-a6bb-e48c-e08dc9469f08,Pottery Registry: Dataset 1,Pottery registries from excavation: 1985-2016,"OCHRE link: <a href=""https://pi.lib.uchicago.edu/1001/org/ochre/6b796f1e-46b5-a6bb-e48c-e08dc9469f08"">https://pi.lib.uchicago.edu/1001/org/ochre/6b796f1e-46b5-a6bb-e48c-e08dc9469f08</a>"
02.101 Pottery Registry 071 (L).pdf,02.101 Pottery Registry 071 (L).jpg,https://pi.lib.uchicago.edu/1001/org/ochre/19760d23-2677-ed3a-24d7-acbd29594fcb,Pottery Registry: Dataset 1,Pottery registries from excavation: 1985-2016,"OCHRE link: <a href=""https://pi.lib.uchicago.edu/1001/org/ochre/19760d23-2677-ed3a-24d7-acbd29594fcb"">https://pi.lib.uchicago.edu/1001/org/ochre/19760d23-2677-ed3a-24d7-acbd29594fcb</a>"
02.101 Pottery Registry 072 (L).pdf,02.101 Pottery Registry 072 (L).jpg,https://pi.lib.uchicago.edu/1001/org/ochre/8a2f55a4-3810-6453-28b6-c388a77b4823,Pottery Registry: Dataset 1,Pottery registries from excavation: 1985-2016,"OCHRE link: <a href=""https://pi.lib.uchicago.edu/1001/org/ochre/8a2f55a4-3810-6453-28b6-c388a77b4823"">https://pi.lib.uchicago.edu/1001/org/ochre/8a2f55a4-3810-6453-28b6-c388a77b4823</a>"
02.101 Pottery Registry 074 (L).pdf,02.101 Pottery Registry 074 (L).jpg,https://pi.lib.uchicago.edu/1001/org/ochre/038ae998-22f5-7db4-f7ec-6399cc95097b,Pottery Registry: Dataset 1,Pottery registries from excavation: 1985-2016,"OCHRE link: <a href=""https://pi.lib.uchicago.edu/1001/org/ochre/038ae998-22f5-7db4-f7ec-6399cc95097b"">https://pi.lib.uchicago.edu/1001/org/ochre/038ae998-22f5-7db4-f7ec-6399cc95097b</a>"
02.101 Pottery Registry 093 (L).pdf,02.101 Pottery Registry 093 (L).jpg,https://pi.lib.uchicago.edu/1001/org/ochre/f72ada00-20c5-8282-d638-0672ebe8833c,Pottery Registry: Dataset 1,Pottery registries from excavation: 1985-2016,"OCHRE link: <a href=""https://pi.lib.uchicago.edu/1001/org/ochre/f72ada00-20c5-8282-d638-0672ebe8833c"">https://pi.lib.uchicago.edu/1001/org/ochre/f72ada00-20c5-8282-d638-0672ebe8833c</a>"
02.101 Pottery Registry 128 (L).pdf,02.101 Pottery Registry 128 (L).jpg,https://pi.lib.uchicago.edu/1001/org/ochre/806ba58a-8cc0-5045-aa28-c1dcb02320c0,Pottery Registry: Dataset 1,Pottery registries from excavation: 1985-2016,"OCHRE link: <a href=""https://pi.lib.uchicago.edu/1001/org/ochre/806ba58a-8cc0-5045-aa28-c1dcb02320c0"">https://pi.lib.uchicago.edu/1001/org/ochre/806ba58a-8cc0-5045-aa28-c1dcb02320c0</a>"
02.101 Pottery Registry 137 (L).pdf,02.101 Pottery Registry 137 (L).jpg,https://pi.lib.uchicago.edu/1001/org/ochre/c8610a33-e57d-663c-188f-44e65cda1859,Pottery Registry: Dataset 1,Pottery registries from excavation: 1985-2016,"OCHRE link: <a href=""https://pi.lib.uchicago.edu/1001/org/ochre/c8610a33-e57d-663c-188f-44e65cda1859"">https://pi.lib.uchicago.edu/1001/org/ochre/c8610a33-e57d-663c-188f-44e65cda1859</a>"
02.101 Pottery Registry 209 (L).pdf,02.101 Pottery Registry 209 (L).jpg,https://pi.lib.uchicago.edu/1001/org/ochre/585ad8ff-4392-6a8d-11e0-743cf5bae440,Pottery Registry: Dataset 1,Pottery registries from excavation: 1985-2016,"OCHRE link: <a href=""https://pi.lib.uchicago.edu/1001/org/ochre/585ad8ff-4392-6a8d-11e0-743cf5bae440"">https://pi.lib.uchicago.edu/1001/org/ochre/585ad8ff-4392-6a8d-11e0-743cf5bae440</a>"
02.101 Pottery Registry 210 (F).pdf,02.101 Pottery Registry 210 (F).jpg,https://pi.lib.uchicago.edu/1001/org/ochre/ca79407a-62b6-e486-cc80-6566737c272e,Pottery Registry: Dataset 1,Pottery registries from excavation: 1985-2016,"OCHRE link: <a href=""https://pi.lib.uchicago.edu/1001/org/ochre/ca79407a-62b6-e486-cc80-6566737c272e"">https://pi.lib.uchicago.edu/1001/org/ochre/ca79407a-62b6-e486-cc80-6566737c272e</a>"
02.101 Pottery Registry 210 (L).pdf,02.101 Pottery Registry 210 (L).jpg,https://pi.lib.uchicago.edu/1001/org/ochre/fb1ca21a-39f7-5441-51dc-b238c57b46aa,Pottery Registry: Dataset 1,Pottery registries from excavation: 1985-2016,"OCHRE link: <a href=""https://pi.lib.uchicago.edu/1001/org/ochre/fb1ca21a-39f7-5441-51dc-b238c57b46aa"">https://pi.lib.uchicago.edu/1001/org/ochre/fb1ca21a-39f7-5441-51dc-b238c57b46aa</a>"
02.101 Pottery Registry 211 (LF).pdf,02.101 Pottery Registry 211 (LF).jpg,https://pi.lib.uchicago.edu/1001/org/ochre/387d7f69-bac1-9d00-3db9-06d9e0ae8793,Pottery Registry: Dataset 1,Pottery registries from excavation: 1985-2016,"OCHRE link: <a href=""https://pi.lib.uchicago.edu/1001/org/ochre/387d7f69-bac1-9d00-3db9-06d9e0ae8793"">https://pi.lib.uchicago.edu/1001/org/ochre/387d7f69-bac1-9d00-3db9-06d9e0ae8793</a>"
02.101 Pottery Registry 212 (L).pdf,02.101 Pottery Registry 212 (L).jpg,https://pi.lib.uchicago.edu/1001/org/ochre/1828690e-da65-6b45-e6ef-1a6b3dbce938,Pottery Registry: Dataset 1,Pottery registries from excavation: 1985-2016,"OCHRE link: <a href=""https://pi.lib.uchicago.edu/1001/org/ochre/1828690e-da65-6b45-e6ef-1a6b3dbce938"">https://pi.lib.uchicago.edu/1001/org/ochre/1828690e-da65-6b45-e6ef-1a6b3dbce938</a>"
02.101 Pottery Registry Miscellaneous.pdf,02.101 Pottery Registry Miscellaneous.jpg,https://pi.lib.uchicago.edu/1001/org/ochre/0a163bd8-df42-1228-051b-ddeee5b2bbc3,Pottery Registry: Dataset 1,Pottery registries from excavation: 1985-2016,"OCHRE link: <a href=""https://pi.lib.uchicago.edu/1001/org/ochre/0a163bd8-df42-1228-051b-ddeee5b2bbc3"">https://pi.lib.uchicago.edu/1001/org/ochre/0a163bd8-df42-1228-051b-ddeee5b2bbc3</a>"
02.Dump Pottery Registry 001 (L).pdf,02.Dump Pottery Registry 001 (L).jpg,https://pi.lib.uchicago.edu/1001/org/ochre/c47021b2-44d1-21ec-9a44-a7b202ebd128,Pottery Registry: Dataset 1,Pottery registries from excavation: 1985-2016,"OCHRE link: <a href=""https://pi.lib.uchicago.edu/1001/org/ochre/c47021b2-44d1-21ec-9a44-a7b202ebd128"">https://pi.lib.uchicago.edu/1001/org/ochre/c47021b2-44d1-21ec-9a44-a7b202ebd128</a>"
02.Dump Pottery Registry.pdf,02.Dump Pottery Registry.jpg,https://pi.lib.uchicago.edu/1001/org/ochre/4bf66dba-140d-e61e-1f06-9399df1c9369,Pottery Registry: Dataset 1,Pottery registries from excavation: 1985-2016,"OCHRE link: <a href=""https://pi.lib.uchicago.edu/1001/org/ochre/4bf66dba-140d-e61e-1f06-9399df1c9369"">https://pi.lib.uchicago.edu/1001/org/ochre/4bf66dba-140d-e61e-1f06-9399df1c9369</a>"
09.39 Pottery Registry 004 (F).pdf,09.39 Pottery Registry 004 (F).jpg,https://pi.lib.uchicago.edu/1001/org/ochre/ce9bed8a-b05b-feab-d197-5261c5b574d7,Pottery Registry: Dataset 1,Pottery registries from excavation: 1985-2016,"OCHRE link: <a href=""https://pi.lib.uchicago.edu/1001/org/ochre/ce9bed8a-b05b-feab-d197-5261c5b574d7"">https://pi.lib.uchicago.edu/1001/org/ochre/ce9bed8a-b05b-feab-d197-5261c5b574d7</a>"
09.39 Pottery Registry 005 (L).pdf,09.39 Pottery Registry 005 (L).jpg,https://pi.lib.uchicago.edu/1001/org/ochre/be89e2fe-047d-ae8e-efed-28c1789c9efa,Pottery Registry: Dataset 1,Pottery registries from excavation: 1985-2016,"OCHRE link: <a href=""https://pi.lib.uchicago.edu/1001/org/ochre/be89e2fe-047d-ae8e-efed-28c1789c9efa"">https://pi.lib.uchicago.edu/1001/org/ochre/be89e2fe-047d-ae8e-efed-28c1789c9efa</a>"
09.39 Pottery Registry 007 (LF).pdf,09.39 Pottery Registry 007 (LF).jpg,https://pi.lib.uchicago.edu/1001/org/ochre/c9cba556-bb3d-ecc2-fc3d-7c4ee0df80c2,Pottery Registry: Dataset 1,Pottery registries from excavation: 1985-2016,"OCHRE link: <a href=""https://pi.lib.uchicago.edu/1001/org/ochre/c9cba556-bb3d-ecc2-fc3d-7c4ee0df80c2"">https://pi.lib.uchicago.edu/1001/org/ochre/c9cba556-bb3d-ecc2-fc3d-7c4ee0df80c2</a>"
09.39 Pottery Registry 008 (L).pdf,09.39 Pottery Registry 008 (L).jpg,https://pi.lib.uchicago.edu/1001/org/ochre/7ff6eb0a-fae9-97c8-992a-120a99c88d5c,Pottery Registry: Dataset 1,Pottery registries from excavation: 1985-2016,"OCHRE link: <a href=""https://pi.lib.uchicago.edu/1001/org/ochre/7ff6eb0a-fae9-97c8-992a-120a99c88d5c"">https://pi.lib.uchicago.edu/1001/org/ochre/7ff6eb0a-fae9-97c8-992a-120a99c88d5c</a>"
09.40 Pottery Registry 001 (L).pdf,09.40 Pottery Registry 001 (L).jpg,https://pi.lib.uchicago.edu/1001/org/ochre/c3adced4-f9f5-c716-9b79-dd434adbe990,Pottery Registry: Dataset 1,Pottery registries from excavation: 1985-2016,"OCHRE link: <a href=""https://pi.lib.uchicago.edu/1001/org/ochre/c3adced4-f9f5-c716-9b79-dd434adbe990"">https://pi.lib.uchicago.edu/1001/org/ochre/c3adced4-f9f5-c716-9b79-dd434adbe990</a>"
2001 Pottery Registry.pdf,2001 Pottery Registry.jpg,https://pi.lib.uchicago.edu/1001/org/ochre/f8f1c73a-35a5-ec8e-7432-49775d0c3fda,Pottery Registry: Dataset 1,Pottery registries from excavation: 1985-2016,"OCHRE link: <a href=""https://pi.lib.uchicago.edu/1001/org/ochre/f8f1c73a-35a5-ec8e-7432-49775d0c3fda"">https://pi.lib.uchicago.edu/1001/org/ochre/f8f1c73a-35a5-ec8e-7432-49775d0c3fda</a>"
37.26 Pottery Registry 009 (L).pdf,37.26 Pottery Registry 009 (L).jpg,https://pi.lib.uchicago.edu/1001/org/ochre/4a658160-83d2-036b-cb99-019f61bf276d,Pottery Registry: Dataset 1,Pottery registries from excavation: 1985-2016,"OCHRE link: <a href=""https://pi.lib.uchicago.edu/1001/org/ochre/4a658160-83d2-036b-cb99-019f61bf276d"">https://pi.lib.uchicago.edu/1001/org/ochre/4a658160-83d2-036b-cb99-019f61bf276d</a>"
37.26 Pottery Registry 012 (F).pdf,37.26 Pottery Registry 012 (F).jpg,https://pi.lib.uchicago.edu/1001/org/ochre/6b4a962b-df1c-fa08-df0c-96d358b721e6,Pottery Registry: Dataset 1,Pottery registries from excavation: 1985-2016,"OCHRE link: <a href=""https://pi.lib.uchicago.edu/1001/org/ochre/6b4a962b-df1c-fa08-df0c-96d358b721e6"">https://pi.lib.uchicago.edu/1001/org/ochre/6b4a962b-df1c-fa08-df0c-96d358b721e6</a>"
37.26 Pottery Registry 014 (L).pdf,37.26 Pottery Registry 014 (L).jpg,https://pi.lib.uchicago.edu/1001/org/ochre/b803236b-94f6-32ba-1282-1df80b866bc8,Pottery Registry: Dataset 1,Pottery registries from excavation: 1985-2016,"OCHRE link: <a href=""https://pi.lib.uchicago.edu/1001/org/ochre/b803236b-94f6-32ba-1282-1df80b866bc8"">https://pi.lib.uchicago.edu/1001/org/ochre/b803236b-94f6-32ba-1282-1df80b866bc8</a>"
37.26 Pottery Registry 017 (L).pdf,37.26 Pottery Registry 017 (L).jpg,https://pi.lib.uchicago.edu/1001/org/ochre/3852d048-2117-c0ff-75e3-76fb17fbb277,Pottery Registry: Dataset 1,Pottery registries from excavation: 1985-2016,"OCHRE link: <a href=""https://pi.lib.uchicago.edu/1001/org/ochre/3852d048-2117-c0ff-75e3-76fb17fbb277"">https://pi.lib.uchicago.edu/1001/org/ochre/3852d048-2117-c0ff-75e3-76fb17fbb277</a>"
37.26 Pottery Registry 023 (L).pdf,37.26 Pottery Registry 023 (L).jpg,https://pi.lib.uchicago.edu/1001/org/ochre/acc4054b-8c4c-3f11-070b-ee918d913215,Pottery Registry: Dataset 1,Pottery registries from excavation: 1985-2016,"OCHRE link: <a href=""https://pi.lib.uchicago.edu/1001/org/ochre/acc4054b-8c4c-3f11-070b-ee918d913215"">https://pi.lib.uchicago.edu/1001/org/ochre/acc4054b-8c4c-3f11-070b-ee918d913215</a>"
37.36 Pottery Registry 007 (L).pdf,37.36 Pottery Registry 007 (L).jpg,https://pi.lib.uchicago.edu/1001/org/ochre/5d8d83ff-b48e-342f-5bef-9901deafb8bd,Pottery Registry: Dataset 1,Pottery registries from excavation: 1985-2016,"OCHRE link: <a href=""https://pi.lib.uchicago.edu/1001/org/ochre/5d8d83ff-b48e-342f-5bef-9901deafb8bd"">https://pi.lib.uchicago.edu/1001/org/ochre/5d8d83ff-b48e-342f-5bef-9901deafb8bd</a>"
37.36 Pottery Registry 009 (L).pdf,37.36 Pottery Registry 009 (L).jpg,https://pi.lib.uchicago.edu/1001/org/ochre/78365e7b-515a-caf1-80af-b2c6a84be3c4,Pottery Registry: Dataset 1,Pottery registries from excavation: 1985-2016,"OCHRE link: <a href=""https://pi.lib.uchicago.edu/1001/org/ochre/78365e7b-515a-caf1-80af-b2c6a84be3c4"">https://pi.lib.uchicago.edu/1001/org/ochre/78365e7b-515a-caf1-80af-b2c6a84be3c4</a>"
37.36 Pottery Registry 014 (L).pdf,37.36 Pottery Registry 014 (L).jpg,https://pi.lib.uchicago.edu/1001/org/ochre/2e599db5-8b2a-7882-0fdd-a78dc0181951,Pottery Registry: Dataset 1,Pottery registries from excavation: 1985-2016,"OCHRE link: <a href=""https://pi.lib.uchicago.edu/1001/org/ochre/2e599db5-8b2a-7882-0fdd-a78dc0181951"">https://pi.lib.uchicago.edu/1001/org/ochre/2e599db5-8b2a-7882-0fdd-a78dc0181951</a>"
37.36 Pottery Registry 015 (L).pdf,37.36 Pottery Registry 015 (L).jpg,https://pi.lib.uchicago.edu/1001/org/ochre/d744c49a-c1dd-1b26-1b96-85807faf341a,Pottery Registry: Dataset 1,Pottery registries from excavation: 1985-2016,"OCHRE link: <a href=""https://pi.lib.uchicago.edu/1001/org/ochre/d744c49a-c1dd-1b26-1b96-85807faf341a"">https://pi.lib.uchicago.edu/1001/org/ochre/d744c49a-c1dd-1b26-1b96-85807faf341a</a>"
37.36 Pottery Registry 016 (L).pdf,37.36 Pottery Registry 016 (L).jpg,https://pi.lib.uchicago.edu/1001/org/ochre/a65e5221-2e24-a4ab-d760-d6803559f724,Pottery Registry: Dataset 1,Pottery registries from excavation: 1985-2016,"OCHRE link: <a href=""https://pi.lib.uchicago.edu/1001/org/ochre/a65e5221-2e24-a4ab-d760-d6803559f724"">https://pi.lib.uchicago.edu/1001/org/ochre/a65e5221-2e24-a4ab-d760-d6803559f724</a>"
37.36 Pottery Registry 018 (L).pdf,37.36 Pottery Registry 018 (L).jpg,https://pi.lib.uchicago.edu/1001/org/ochre/a3e2ccc1-38ce-64da-e4b2-15dc47b8a8dd,Pottery Registry: Dataset 1,Pottery registries from excavation: 1985-2016,"OCHRE link: <a href=""https://pi.lib.uchicago.edu/1001/org/ochre/a3e2ccc1-38ce-64da-e4b2-15dc47b8a8dd"">https://pi.lib.uchicago.edu/1001/org/ochre/a3e2ccc1-38ce-64da-e4b2-15dc47b8a8dd</a>"
37.36 Pottery Registry 019 (L).pdf,37.36 Pottery Registry 019 (L).jpg,https://pi.lib.uchicago.edu/1001/org/ochre/efb6a462-68a0-c1a8-89ac-14ceabcdde2e,Pottery Registry: Dataset 1,Pottery registries from excavation: 1985-2016,"OCHRE link: <a href=""https://pi.lib.uchicago.edu/1001/org/ochre/efb6a462-68a0-c1a8-89ac-14ceabcdde2e"">https://pi.lib.uchicago.edu/1001/org/ochre/efb6a462-68a0-c1a8-89ac-14ceabcdde2e</a>"
37.37 Pottery Registry 002 (L).pdf,37.37 Pottery Registry 002 (L).jpg,https://pi.lib.uchicago.edu/1001/org/ochre/13c49244-cd51-7cfe-70d4-6c1ed4d310aa,Pottery Registry: Dataset 1,Pottery registries from excavation: 1985-2016,"OCHRE link: <a href=""https://pi.lib.uchicago.edu/1001/org/ochre/13c49244-cd51-7cfe-70d4-6c1ed4d310aa"">https://pi.lib.uchicago.edu/1001/org/ochre/13c49244-cd51-7cfe-70d4-6c1ed4d310aa</a>"
37.37 Pottery Registry 003 (L).pdf,37.37 Pottery Registry 003 (L).jpg,https://pi.lib.uchicago.edu/1001/org/ochre/e13645b5-2376-fe76-c107-cc7708a9f4dd,Pottery Registry: Dataset 1,Pottery registries from excavation: 1985-2016,"OCHRE link: <a href=""https://pi.lib.uchicago.edu/1001/org/ochre/e13645b5-2376-fe76-c107-cc7708a9f4dd"">https://pi.lib.uchicago.edu/1001/org/ochre/e13645b5-2376-fe76-c107-cc7708a9f4dd</a>"
37.37 Pottery Registry 004 (L).pdf,37.37 Pottery Registry 004 (L).jpg,https://pi.lib.uchicago.edu/1001/org/ochre/12aa4140-b007-19c4-213b-7c8514250e86,Pottery Registry: Dataset 1,Pottery registries from excavation: 1985-2016,"OCHRE link: <a href=""https://pi.lib.uchicago.edu/1001/org/ochre/12aa4140-b007-19c4-213b-7c8514250e86"">https://pi.lib.uchicago.edu/1001/org/ochre/12aa4140-b007-19c4-213b-7c8514250e86</a>"
37.37 Pottery Registry 005 (L).pdf,37.37 Pottery Registry 005 (L).jpg,https://pi.lib.uchicago.edu/1001/org/ochre/a1c00d14-a4e0-cd92-f77e-8236dfb329cb,Pottery Registry: Dataset 1,Pottery registries from excavation: 1985-2016,"OCHRE link: <a href=""https://pi.lib.uchicago.edu/1001/org/ochre/a1c00d14-a4e0-cd92-f77e-8236dfb329cb"">https://pi.lib.uchicago.edu/1001/org/ochre/a1c00d14-a4e0-cd92-f77e-8236dfb329cb</a>"
37.37 Pottery Registry 006 (L).pdf,37.37 Pottery Registry 006 (L).jpg,https://pi.lib.uchicago.edu/1001/org/ochre/a8ea0e7f-0a74-30b1-9abd-65a4f32bbf21,Pottery Registry: Dataset 1,Pottery registries from excavation: 1985-2016,"OCHRE link: <a href=""https://pi.lib.uchicago.edu/1001/org/ochre/a8ea0e7f-0a74-30b1-9abd-65a4f32bbf21"">https://pi.lib.uchicago.edu/1001/org/ochre/a8ea0e7f-0a74-30b1-9abd-65a4f32bbf21</a>"
37.37 Pottery Registry 007 (L).pdf,37.37 Pottery Registry 007 (L).jpg,https://pi.lib.uchicago.edu/1001/org/ochre/c508d322-6977-7f07-31a3-b93aa31d7caa,Pottery Registry: Dataset 1,Pottery registries from excavation: 1985-2016,"OCHRE link: <a href=""https://pi.lib.uchicago.edu/1001/org/ochre/c508d322-6977-7f07-31a3-b93aa31d7caa"">https://pi.lib.uchicago.edu/1001/org/ochre/c508d322-6977-7f07-31a3-b93aa31d7caa</a>"
37.37 Pottery Registry 008 (L).pdf,37.37 Pottery Registry 008 (L).jpg,https://pi.lib.uchicago.edu/1001/org/ochre/24beab71-f01b-3659-eb63-6765fee63856,Pottery Registry: Dataset 1,Pottery registries from excavation: 1985-2016,"OCHRE link: <a href=""https://pi.lib.uchicago.edu/1001/org/ochre/24beab71-f01b-3659-eb63-6765fee63856"">https://pi.lib.uchicago.edu/1001/org/ochre/24beab71-f01b-3659-eb63-6765fee63856</a>"
37.46 Pottery Registry 012 (L).pdf,37.46 Pottery Registry 012 (L).jpg,https://pi.lib.uchicago.edu/1001/org/ochre/5188e591-a1af-551d-b123-4651ad6ba7dc,Pottery Registry: Dataset 1,Pottery registries from excavation: 1985-2016,"OCHRE link: <a href=""https://pi.lib.uchicago.edu/1001/org/ochre/5188e591-a1af-551d-b123-4651ad6ba7dc"">https://pi.lib.uchicago.edu/1001/org/ochre/5188e591-a1af-551d-b123-4651ad6ba7dc</a>"
37.46 Pottery Registry 013 (L).pdf,37.46 Pottery Registry 013 (L).jpg,https://pi.lib.uchicago.edu/1001/org/ochre/81fba6c7-6a76-e995-b71e-41ab53d29a47,Pottery Registry: Dataset 1,Pottery registries from excavation: 1985-2016,"OCHRE link: <a href=""https://pi.lib.uchicago.edu/1001/org/ochre/81fba6c7-6a76-e995-b71e-41ab53d29a47"">https://pi.lib.uchicago.edu/1001/org/ochre/81fba6c7-6a76-e995-b71e-41ab53d29a47</a>"
37.46 Pottery Registry 025 (L).pdf,37.46 Pottery Registry 025 (L).jpg,https://pi.lib.uchicago.edu/1001/org/ochre/0bad5b14-8ce0-a1b6-8960-be122585061e,Pottery Registry: Dataset 1,Pottery registries from excavation: 1985-2016,"OCHRE link: <a href=""https://pi.lib.uchicago.edu/1001/org/ochre/0bad5b14-8ce0-a1b6-8960-be122585061e"">https://pi.lib.uchicago.edu/1001/org/ochre/0bad5b14-8ce0-a1b6-8960-be122585061e</a>"
37.46 Pottery Registry 028 (L).pdf,37.46 Pottery Registry 028 (L).jpg,https://pi.lib.uchicago.edu/1001/org/ochre/2741b780-98d7-c37d-6773-da75780e1b84,Pottery Registry: Dataset 1,Pottery registries from excavation: 1985-2016,"OCHRE link: <a href=""https://pi.lib.uchicago.edu/1001/org/ochre/2741b780-98d7-c37d-6773-da75780e1b84"">https://pi.lib.uchicago.edu/1001/org/ochre/2741b780-98d7-c37d-6773-da75780e1b84</a>"
37.46 Pottery Registry 030 (L).pdf,37.46 Pottery Registry 030 (L).jpg,https://pi.lib.uchicago.edu/1001/org/ochre/0cceca9e-df80-01df-f6b7-237a3b611187,Pottery Registry: Dataset 1,Pottery registries from excavation: 1985-2016,"OCHRE link: <a href=""https://pi.lib.uchicago.edu/1001/org/ochre/0cceca9e-df80-01df-f6b7-237a3b611187"">https://pi.lib.uchicago.edu/1001/org/ochre/0cceca9e-df80-01df-f6b7-237a3b611187</a>"
37.46 Pottery Registry 033 (L).pdf,37.46 Pottery Registry 033 (L).jpg,https://pi.lib.uchicago.edu/1001/org/ochre/10b86768-a70c-e19e-ef3b-43809c86fbda,Pottery Registry: Dataset 1,Pottery registries from excavation: 1985-2016,"OCHRE link: <a href=""https://pi.lib.uchicago.edu/1001/org/ochre/10b86768-a70c-e19e-ef3b-43809c86fbda"">https://pi.lib.uchicago.edu/1001/org/ochre/10b86768-a70c-e19e-ef3b-43809c86fbda</a>"
37.46 Pottery Registry 035 (L).pdf,37.46 Pottery Registry 035 (L).jpg,https://pi.lib.uchicago.edu/1001/org/ochre/96bda4dd-b453-b123-d0d5-7f993adbc3b0,Pottery Registry: Dataset 1,Pottery registries from excavation: 1985-2016,"OCHRE link: <a href=""https://pi.lib.uchicago.edu/1001/org/ochre/96bda4dd-b453-b123-d0d5-7f993adbc3b0"">https://pi.lib.uchicago.edu/1001/org/ochre/96bda4dd-b453-b123-d0d5-7f993adbc3b0</a>"
37.46 Pottery Registry 040 (L).pdf,37.46 Pottery Registry 040 (L).jpg,https://pi.lib.uchicago.edu/1001/org/ochre/57111038-ef98-1b71-dd0f-07f1aabc1266,Pottery Registry: Dataset 1,Pottery registries from excavation: 1985-2016,"OCHRE link: <a href=""https://pi.lib.uchicago.edu/1001/org/ochre/57111038-ef98-1b71-dd0f-07f1aabc1266"">https://pi.lib.uchicago.edu/1001/org/ochre/57111038-ef98-1b71-dd0f-07f1aabc1266</a>"
37.46 Pottery Registry 042 (L).pdf,37.46 Pottery Registry 042 (L).jpg,https://pi.lib.uchicago.edu/1001/org/ochre/aca4e02a-65b2-11cb-1291-af8b3eee198b,Pottery Registry: Dataset 1,Pottery registries from excavation: 1985-2016,"OCHRE link: <a href=""https://pi.lib.uchicago.edu/1001/org/ochre/aca4e02a-65b2-11cb-1291-af8b3eee198b"">https://pi.lib.uchicago.edu/1001/org/ochre/aca4e02a-65b2-11cb-1291-af8b3eee198b</a>"
37.47 Pottery Registry 001 (L).pdf,37.47 Pottery Registry 001 (L).jpg,https://pi.lib.uchicago.edu/1001/org/ochre/3f65d6d2-221a-2b72-b0ca-7f75f366a6cb,Pottery Registry: Dataset 1,Pottery registries from excavation: 1985-2016,"OCHRE link: <a href=""https://pi.lib.uchicago.edu/1001/org/ochre/3f65d6d2-221a-2b72-b0ca-7f75f366a6cb"">https://pi.lib.uchicago.edu/1001/org/ochre/3f65d6d2-221a-2b72-b0ca-7f75f366a6cb</a>"
37.47 Pottery Registry 002 (L).pdf,37.47 Pottery Registry 002 (L).jpg,https://pi.lib.uchicago.edu/1001/org/ochre/bec3e899-0be9-5026-5a56-4f53927d9203,Pottery Registry: Dataset 1,Pottery registries from excavation: 1985-2016,"OCHRE link: <a href=""https://pi.lib.uchicago.edu/1001/org/ochre/bec3e899-0be9-5026-5a56-4f53927d9203"">https://pi.lib.uchicago.edu/1001/org/ochre/bec3e899-0be9-5026-5a56-4f53927d9203</a>"
37.47 Pottery Registry 004 (L).pdf,37.47 Pottery Registry 004 (L).jpg,https://pi.lib.uchicago.edu/1001/org/ochre/93633aa5-24e4-f9ea-1586-e35bc1c83a94,Pottery Registry: Dataset 1,Pottery registries from excavation: 1985-2016,"OCHRE link: <a href=""https://pi.lib.uchicago.edu/1001/org/ochre/93633aa5-24e4-f9ea-1586-e35bc1c83a94"">https://pi.lib.uchicago.edu/1001/org/ochre/93633aa5-24e4-f9ea-1586-e35bc1c83a94</a>"
37.47 Pottery Registry 005 (L).pdf,37.47 Pottery Registry 005 (L).jpg,https://pi.lib.uchicago.edu/1001/org/ochre/7c18680c-7450-a150-aab4-574186fc9a51,Pottery Registry: Dataset 1,Pottery registries from excavation: 1985-2016,"OCHRE link: <a href=""https://pi.lib.uchicago.edu/1001/org/ochre/7c18680c-7450-a150-aab4-574186fc9a51"">https://pi.lib.uchicago.edu/1001/org/ochre/7c18680c-7450-a150-aab4-574186fc9a51</a>"
37.47 Pottery Registry 006 (L).pdf,37.47 Pottery Registry 006 (L).jpg,https://pi.lib.uchicago.edu/1001/org/ochre/3a975423-e73d-2508-b7f1-6ac34997d405,Pottery Registry: Dataset 1,Pottery registries from excavation: 1985-2016,"OCHRE link: <a href=""https://pi.lib.uchicago.edu/1001/org/ochre/3a975423-e73d-2508-b7f1-6ac34997d405"">https://pi.lib.uchicago.edu/1001/org/ochre/3a975423-e73d-2508-b7f1-6ac34997d405</a>"
37.47 Pottery Registry 007 (L).pdf,37.47 Pottery Registry 007 (L).jpg,https://pi.lib.uchicago.edu/1001/org/ochre/804bae05-2b8c-c1e2-b2ce-64d3e2927889,Pottery Registry: Dataset 1,Pottery registries from excavation: 1985-2016,"OCHRE link: <a href=""https://pi.lib.uchicago.edu/1001/org/ochre/804bae05-2b8c-c1e2-b2ce-64d3e2927889"">https://pi.lib.uchicago.edu/1001/org/ochre/804bae05-2b8c-c1e2-b2ce-64d3e2927889</a>"
37.47 Pottery Registry 009 (L).pdf,37.47 Pottery Registry 009 (L).jpg,https://pi.lib.uchicago.edu/1001/org/ochre/f9c595a6-3743-eb94-b8db-7714db596b05,Pottery Registry: Dataset 1,Pottery registries from excavation: 1985-2016,"OCHRE link: <a href=""https://pi.lib.uchicago.edu/1001/org/ochre/f9c595a6-3743-eb94-b8db-7714db596b05"">https://pi.lib.uchicago.edu/1001/org/ochre/f9c595a6-3743-eb94-b8db-7714db596b05</a>"
37.47 Pottery Registry 016 (L).pdf,37.47 Pottery Registry 016 (L).jpg,https://pi.lib.uchicago.edu/1001/org/ochre/99e8c5f8-c56e-9552-d793-00b4a18b5116,Pottery Registry: Dataset 1,Pottery registries from excavation: 1985-2016,"OCHRE link: <a href=""https://pi.lib.uchicago.edu/1001/org/ochre/99e8c5f8-c56e-9552-d793-00b4a18b5116"">https://pi.lib.uchicago.edu/1001/org/ochre/99e8c5f8-c56e-9552-d793-00b4a18b5116</a>"
37.47 Pottery Registry 055 (L).pdf,37.47 Pottery Registry 055 (L).jpg,https://pi.lib.uchicago.edu/1001/org/ochre/cb0e0398-6e74-432c-3379-3112c560910b,Pottery Registry: Dataset 1,Pottery registries from excavation: 1985-2016,"OCHRE link: <a href=""https://pi.lib.uchicago.edu/1001/org/ochre/cb0e0398-6e74-432c-3379-3112c560910b"">https://pi.lib.uchicago.edu/1001/org/ochre/cb0e0398-6e74-432c-3379-3112c560910b</a>"
37.57 Pottery Registry 003 (L).pdf,37.57 Pottery Registry 003 (L).jpg,https://pi.lib.uchicago.edu/1001/org/ochre/d489300b-94a6-39ad-4990-afddc44df114,Pottery Registry: Dataset 1,Pottery registries from excavation: 1985-2016,"OCHRE link: <a href=""https://pi.lib.uchicago.edu/1001/org/ochre/d489300b-94a6-39ad-4990-afddc44df114"">https://pi.lib.uchicago.edu/1001/org/ochre/d489300b-94a6-39ad-4990-afddc44df114</a>"
38.00 Pottery Registry Miscellaneous.pdf,38.00 Pottery Registry Miscellaneous.jpg,https://pi.lib.uchicago.edu/1001/org/ochre/257d5966-1ee8-f094-21ea-3e2388bf7963,Pottery Registry: Dataset 1,Pottery registries from excavation: 1985-2016,"OCHRE link: <a href=""https://pi.lib.uchicago.edu/1001/org/ochre/257d5966-1ee8-f094-21ea-3e2388bf7963"">https://pi.lib.uchicago.edu/1001/org/ochre/257d5966-1ee8-f094-21ea-3e2388bf7963</a>"
38.54 Pottery Registry 001 (L).pdf,38.54 Pottery Registry 001 (L).jpg,https://pi.lib.uchicago.edu/1001/org/ochre/9db3f66e-c879-ec88-b1e8-d6d00156fd21,Pottery Registry: Dataset 1,Pottery registries from excavation: 1985-2016,"OCHRE link: <a href=""https://pi.lib.uchicago.edu/1001/org/ochre/9db3f66e-c879-ec88-b1e8-d6d00156fd21"">https://pi.lib.uchicago.edu/1001/org/ochre/9db3f66e-c879-ec88-b1e8-d6d00156fd21</a>"
38.54 Pottery Registry 002 (L).pdf,38.54 Pottery Registry 002 (L).jpg,https://pi.lib.uchicago.edu/1001/org/ochre/4ea53162-9fb7-e914-fcd7-fce6105a78cd,Pottery Registry: Dataset 1,Pottery registries from excavation: 1985-2016,"OCHRE link: <a href=""https://pi.lib.uchicago.edu/1001/org/ochre/4ea53162-9fb7-e914-fcd7-fce6105a78cd"">https://pi.lib.uchicago.edu/1001/org/ochre/4ea53162-9fb7-e914-fcd7-fce6105a78cd</a>"
38.54 Pottery Registry 005 (F).pdf,38.54 Pottery Registry 005 (F).jpg,https://pi.lib.uchicago.edu/1001/org/ochre/dcc6f6bd-67cb-477d-612c-5466cb73cc05,Pottery Registry: Dataset 1,Pottery registries from excavation: 1985-2016,"OCHRE link: <a href=""https://pi.lib.uchicago.edu/1001/org/ochre/dcc6f6bd-67cb-477d-612c-5466cb73cc05"">https://pi.lib.uchicago.edu/1001/org/ochre/dcc6f6bd-67cb-477d-612c-5466cb73cc05</a>"
38.54 Pottery Registry 007 (L).pdf,38.54 Pottery Registry 007 (L).jpg,https://pi.lib.uchicago.edu/1001/org/ochre/ec1e9803-ab39-4751-3107-eb7d9665ea5f,Pottery Registry: Dataset 1,Pottery registries from excavation: 1985-2016,"OCHRE link: <a href=""https://pi.lib.uchicago.edu/1001/org/ochre/ec1e9803-ab39-4751-3107-eb7d9665ea5f"">https://pi.lib.uchicago.edu/1001/org/ochre/ec1e9803-ab39-4751-3107-eb7d9665ea5f</a>"
38.54 Pottery Registry 009 (F).pdf,38.54 Pottery Registry 009 (F).jpg,https://pi.lib.uchicago.edu/1001/org/ochre/ae49131e-b8a7-ca27-a639-9db3c993dd4e,Pottery Registry: Dataset 1,Pottery registries from excavation: 1985-2016,"OCHRE link: <a href=""https://pi.lib.uchicago.edu/1001/org/ochre/ae49131e-b8a7-ca27-a639-9db3c993dd4e"">https://pi.lib.uchicago.edu/1001/org/ochre/ae49131e-b8a7-ca27-a639-9db3c993dd4e</a>"
38.54 Pottery Registry 010 (L).pdf,38.54 Pottery Registry 010 (L).jpg,https://pi.lib.uchicago.edu/1001/org/ochre/9885e0ba-2e27-9079-e8b3-b51fe9c9b138,Pottery Registry: Dataset 1,Pottery registries from excavation: 1985-2016,"OCHRE link: <a href=""https://pi.lib.uchicago.edu/1001/org/ochre/9885e0ba-2e27-9079-e8b3-b51fe9c9b138"">https://pi.lib.uchicago.edu/1001/org/ochre/9885e0ba-2e27-9079-e8b3-b51fe9c9b138</a>"
38.54 Pottery Registry 019 (L).pdf,38.54 Pottery Registry 019 (L).jpg,https://pi.lib.uchicago.edu/1001/org/ochre/630bdbcf-ab50-e134-7c9a-1362a5bc9833,Pottery Registry: Dataset 1,Pottery registries from excavation: 1985-2016,"OCHRE link: <a href=""https://pi.lib.uchicago.edu/1001/org/ochre/630bdbcf-ab50-e134-7c9a-1362a5bc9833"">https://pi.lib.uchicago.edu/1001/org/ochre/630bdbcf-ab50-e134-7c9a-1362a5bc9833</a>"
38.54 Pottery Registry 021 (L).pdf,38.54 Pottery Registry 021 (L).jpg,https://pi.lib.uchicago.edu/1001/org/ochre/8a044560-8f94-fa58-bd5f-da664477d73c,Pottery Registry: Dataset 1,Pottery registries from excavation: 1985-2016,"OCHRE link: <a href=""https://pi.lib.uchicago.edu/1001/org/ochre/8a044560-8f94-fa58-bd5f-da664477d73c"">https://pi.lib.uchicago.edu/1001/org/ochre/8a044560-8f94-fa58-bd5f-da664477d73c</a>"
38.54 Pottery Registry 028 (L).pdf,38.54 Pottery Registry 028 (L).jpg,https://pi.lib.uchicago.edu/1001/org/ochre/d22da0eb-b949-7e57-b6d6-6f7ea7dc06ea,Pottery Registry: Dataset 1,Pottery registries from excavation: 1985-2016,"OCHRE link: <a href=""https://pi.lib.uchicago.edu/1001/org/ochre/d22da0eb-b949-7e57-b6d6-6f7ea7dc06ea"">https://pi.lib.uchicago.edu/1001/org/ochre/d22da0eb-b949-7e57-b6d6-6f7ea7dc06ea</a>"
38.54 Pottery Registry 039 (L).pdf,38.54 Pottery Registry 039 (L).jpg,https://pi.lib.uchicago.edu/1001/org/ochre/2495dca7-62de-106b-18c0-ae03f300dcd9,Pottery Registry: Dataset 1,Pottery registries from excavation: 1985-2016,"OCHRE link: <a href=""https://pi.lib.uchicago.edu/1001/org/ochre/2495dca7-62de-106b-18c0-ae03f300dcd9"">https://pi.lib.uchicago.edu/1001/org/ochre/2495dca7-62de-106b-18c0-ae03f300dcd9</a>"
38.54 Pottery Registry 048 (L).pdf,38.54 Pottery Registry 048 (L).jpg,https://pi.lib.uchicago.edu/1001/org/ochre/d9f50ab3-d8c7-5d83-f0ae-745b25b6a392,Pottery Registry: Dataset 1,Pottery registries from excavation: 1985-2016,"OCHRE link: <a href=""https://pi.lib.uchicago.edu/1001/org/ochre/d9f50ab3-d8c7-5d83-f0ae-745b25b6a392"">https://pi.lib.uchicago.edu/1001/org/ochre/d9f50ab3-d8c7-5d83-f0ae-745b25b6a392</a>"
38.54 Pottery Registry 051 (F).pdf,38.54 Pottery Registry 051 (F).jpg,https://pi.lib.uchicago.edu/1001/org/ochre/a5d6b3df-7fd3-db86-5779-b930ffdf14b5,Pottery Registry: Dataset 1,Pottery registries from excavation: 1985-2016,"OCHRE link: <a href=""https://pi.lib.uchicago.edu/1001/org/ochre/a5d6b3df-7fd3-db86-5779-b930ffdf14b5"">https://pi.lib.uchicago.edu/1001/org/ochre/a5d6b3df-7fd3-db86-5779-b930ffdf14b5</a>"
38.54 Pottery Registry 051 (L).pdf,38.54 Pottery Registry 051 (L).jpg,https://pi.lib.uchicago.edu/1001/org/ochre/17cd531c-6a9a-fc2e-68de-76d1796d139a,Pottery Registry: Dataset 1,Pottery registries from excavation: 1985-2016,"OCHRE link: <a href=""https://pi.lib.uchicago.edu/1001/org/ochre/17cd531c-6a9a-fc2e-68de-76d1796d139a"">https://pi.lib.uchicago.edu/1001/org/ochre/17cd531c-6a9a-fc2e-68de-76d1796d139a</a>"
38.54 Pottery Registry 052 (L).pdf,38.54 Pottery Registry 052 (L).jpg,https://pi.lib.uchicago.edu/1001/org/ochre/f3204f4a-5640-f4a7-096a-58df7b2f10ca,Pottery Registry: Dataset 1,Pottery registries from excavation: 1985-2016,"OCHRE link: <a href=""https://pi.lib.uchicago.edu/1001/org/ochre/f3204f4a-5640-f4a7-096a-58df7b2f10ca"">https://pi.lib.uchicago.edu/1001/org/ochre/f3204f4a-5640-f4a7-096a-58df7b2f10ca</a>"
38.54 Pottery Registry 053 (F).pdf,38.54 Pottery Registry 053 (F).jpg,https://pi.lib.uchicago.edu/1001/org/ochre/25460ae3-541b-e46d-e987-e1842be509ca,Pottery Registry: Dataset 1,Pottery registries from excavation: 1985-2016,"OCHRE link: <a href=""https://pi.lib.uchicago.edu/1001/org/ochre/25460ae3-541b-e46d-e987-e1842be509ca"">https://pi.lib.uchicago.edu/1001/org/ochre/25460ae3-541b-e46d-e987-e1842be509ca</a>"
38.54 Pottery Registry 055 (L).pdf,38.54 Pottery Registry 055 (L).jpg,https://pi.lib.uchicago.edu/1001/org/ochre/55bf4b83-4678-2408-3949-01fb6561f3ba,Pottery Registry: Dataset 1,Pottery registries from excavation: 1985-2016,"OCHRE link: <a href=""https://pi.lib.uchicago.edu/1001/org/ochre/55bf4b83-4678-2408-3949-01fb6561f3ba"">https://pi.lib.uchicago.edu/1001/org/ochre/55bf4b83-4678-2408-3949-01fb6561f3ba</a>"
38.54 Pottery Registry 056 (F).pdf,38.54 Pottery Registry 056 (F).jpg,https://pi.lib.uchicago.edu/1001/org/ochre/ad5ee050-75f9-be94-3246-73685162426d,Pottery Registry: Dataset 1,Pottery registries from excavation: 1985-2016,"OCHRE link: <a href=""https://pi.lib.uchicago.edu/1001/org/ochre/ad5ee050-75f9-be94-3246-73685162426d"">https://pi.lib.uchicago.edu/1001/org/ochre/ad5ee050-75f9-be94-3246-73685162426d</a>"
38.54 Pottery Registry 058 (F).pdf,38.54 Pottery Registry 058 (F).jpg,https://pi.lib.uchicago.edu/1001/org/ochre/94158b20-5e73-98b2-9ef8-68102995415c,Pottery Registry: Dataset 1,Pottery registries from excavation: 1985-2016,"OCHRE link: <a href=""https://pi.lib.uchicago.edu/1001/org/ochre/94158b20-5e73-98b2-9ef8-68102995415c"">https://pi.lib.uchicago.edu/1001/org/ochre/94158b20-5e73-98b2-9ef8-68102995415c</a>"
38.54 Pottery Registry 058 (L).pdf,38.54 Pottery Registry 058 (L).jpg,https://pi.lib.uchicago.edu/1001/org/ochre/82ce47d1-9600-3c37-b05b-16a330f2c4d4,Pottery Registry: Dataset 1,Pottery registries from excavation: 1985-2016,"OCHRE link: <a href=""https://pi.lib.uchicago.edu/1001/org/ochre/82ce47d1-9600-3c37-b05b-16a330f2c4d4"">https://pi.lib.uchicago.edu/1001/org/ochre/82ce47d1-9600-3c37-b05b-16a330f2c4d4</a>"
38.54 Pottery Registry 060 (F).pdf,38.54 Pottery Registry 060 (F).jpg,https://pi.lib.uchicago.edu/1001/org/ochre/aa63493d-2e22-057c-e53e-09fd0cdc2cd0,Pottery Registry: Dataset 1,Pottery registries from excavation: 1985-2016,"OCHRE link: <a href=""https://pi.lib.uchicago.edu/1001/org/ochre/aa63493d-2e22-057c-e53e-09fd0cdc2cd0"">https://pi.lib.uchicago.edu/1001/org/ochre/aa63493d-2e22-057c-e53e-09fd0cdc2cd0</a>"
38.54 Pottery Registry 061 (F).pdf,38.54 Pottery Registry 061 (F).jpg,https://pi.lib.uchicago.edu/1001/org/ochre/7035bb91-bc62-425c-d141-a7cc7a54a2ed,Pottery Registry: Dataset 1,Pottery registries from excavation: 1985-2016,"OCHRE link: <a href=""https://pi.lib.uchicago.edu/1001/org/ochre/7035bb91-bc62-425c-d141-a7cc7a54a2ed"">https://pi.lib.uchicago.edu/1001/org/ochre/7035bb91-bc62-425c-d141-a7cc7a54a2ed</a>"
38.54 Pottery Registry 061 (L).pdf,38.54 Pottery Registry 061 (L).jpg,https://pi.lib.uchicago.edu/1001/org/ochre/4309e6cc-eb9d-7d63-cf6e-4dda3a1952dc,Pottery Registry: Dataset 1,Pottery registries from excavation: 1985-2016,"OCHRE link: <a href=""https://pi.lib.uchicago.edu/1001/org/ochre/4309e6cc-eb9d-7d63-cf6e-4dda3a1952dc"">https://pi.lib.uchicago.edu/1001/org/ochre/4309e6cc-eb9d-7d63-cf6e-4dda3a1952dc</a>"
38.54 Pottery Registry 064 (F).pdf,38.54 Pottery Registry 064 (F).jpg,https://pi.lib.uchicago.edu/1001/org/ochre/cd43d59b-5c32-b993-0b7d-7046766c28d7,Pottery Registry: Dataset 1,Pottery registries from excavation: 1985-2016,"OCHRE link: <a href=""https://pi.lib.uchicago.edu/1001/org/ochre/cd43d59b-5c32-b993-0b7d-7046766c28d7"">https://pi.lib.uchicago.edu/1001/org/ochre/cd43d59b-5c32-b993-0b7d-7046766c28d7</a>"
38.54 Pottery Registry 064 (L).pdf,38.54 Pottery Registry 064 (L).jpg,https://pi.lib.uchicago.edu/1001/org/ochre/38020e1c-3324-eec0-d932-119ec41be524,Pottery Registry: Dataset 1,Pottery registries from excavation: 1985-2016,"OCHRE link: <a href=""https://pi.lib.uchicago.edu/1001/org/ochre/38020e1c-3324-eec0-d932-119ec41be524"">https://pi.lib.uchicago.edu/1001/org/ochre/38020e1c-3324-eec0-d932-119ec41be524</a>"
38.54 Pottery Registry 066 (L).pdf,38.54 Pottery Registry 066 (L).jpg,https://pi.lib.uchicago.edu/1001/org/ochre/4d120f60-2931-1825-f5bf-c8700c4ede4e,Pottery Registry: Dataset 1,Pottery registries from excavation: 1985-2016,"OCHRE link: <a href=""https://pi.lib.uchicago.edu/1001/org/ochre/4d120f60-2931-1825-f5bf-c8700c4ede4e"">https://pi.lib.uchicago.edu/1001/org/ochre/4d120f60-2931-1825-f5bf-c8700c4ede4e</a>"
38.54 Pottery Registry 068 (L).pdf,38.54 Pottery Registry 068 (L).jpg,https://pi.lib.uchicago.edu/1001/org/ochre/dbb0b0b3-3221-d0f6-5fee-2092865dd52f,Pottery Registry: Dataset 1,Pottery registries from excavation: 1985-2016,"OCHRE link: <a href=""https://pi.lib.uchicago.edu/1001/org/ochre/dbb0b0b3-3221-d0f6-5fee-2092865dd52f"">https://pi.lib.uchicago.edu/1001/org/ochre/dbb0b0b3-3221-d0f6-5fee-2092865dd52f</a>"
38.54 Pottery Registry 069 (L).pdf,38.54 Pottery Registry 069 (L).jpg,https://pi.lib.uchicago.edu/1001/org/ochre/2b345438-a19a-20d1-bbbb-a522fdcec04b,Pottery Registry: Dataset 1,Pottery registries from excavation: 1985-2016,"OCHRE link: <a href=""https://pi.lib.uchicago.edu/1001/org/ochre/2b345438-a19a-20d1-bbbb-a522fdcec04b"">https://pi.lib.uchicago.edu/1001/org/ochre/2b345438-a19a-20d1-bbbb-a522fdcec04b</a>"
38.54 Pottery Registry 070 (L).pdf,38.54 Pottery Registry 070 (L).jpg,https://pi.lib.uchicago.edu/1001/org/ochre/6310da7e-eb46-e493-229a-ac8d0f372fa0,Pottery Registry: Dataset 1,Pottery registries from excavation: 1985-2016,"OCHRE link: <a href=""https://pi.lib.uchicago.edu/1001/org/ochre/6310da7e-eb46-e493-229a-ac8d0f372fa0"">https://pi.lib.uchicago.edu/1001/org/ochre/6310da7e-eb46-e493-229a-ac8d0f372fa0</a>"
38.54 Pottery Registry 072 (L).pdf,38.54 Pottery Registry 072 (L).jpg,https://pi.lib.uchicago.edu/1001/org/ochre/30d402d8-8267-558e-52ac-16f858dccb12,Pottery Registry: Dataset 1,Pottery registries from excavation: 1985-2016,"OCHRE link: <a href=""https://pi.lib.uchicago.edu/1001/org/ochre/30d402d8-8267-558e-52ac-16f858dccb12"">https://pi.lib.uchicago.edu/1001/org/ochre/30d402d8-8267-558e-52ac-16f858dccb12</a>"
38.54 Pottery Registry 073 (L).pdf,38.54 Pottery Registry 073 (L).jpg,https://pi.lib.uchicago.edu/1001/org/ochre/6f7e8466-247c-29fe-0acc-88f4424e737b,Pottery Registry: Dataset 1,Pottery registries from excavation: 1985-2016,"OCHRE link: <a href=""https://pi.lib.uchicago.edu/1001/org/ochre/6f7e8466-247c-29fe-0acc-88f4424e737b"">https://pi.lib.uchicago.edu/1001/org/ochre/6f7e8466-247c-29fe-0acc-88f4424e737b</a>"
38.54 Pottery Registry 075 (F).pdf,38.54 Pottery Registry 075 (F).jpg,https://pi.lib.uchicago.edu/1001/org/ochre/75cc205f-10b8-dd59-7c50-7180a7804e2f,Pottery Registry: Dataset 1,Pottery registries from excavation: 1985-2016,"OCHRE link: <a href=""https://pi.lib.uchicago.edu/1001/org/ochre/75cc205f-10b8-dd59-7c50-7180a7804e2f"">https://pi.lib.uchicago.edu/1001/org/ochre/75cc205f-10b8-dd59-7c50-7180a7804e2f</a>"
38.54 Pottery Registry 076 (F).pdf,38.54 Pottery Registry 076 (F).jpg,https://pi.lib.uchicago.edu/1001/org/ochre/8ca2fd14-49e7-80b6-09ae-9318627296b4,Pottery Registry: Dataset 1,Pottery registries from excavation: 1985-2016,"OCHRE link: <a href=""https://pi.lib.uchicago.edu/1001/org/ochre/8ca2fd14-49e7-80b6-09ae-9318627296b4"">https://pi.lib.uchicago.edu/1001/org/ochre/8ca2fd14-49e7-80b6-09ae-9318627296b4</a>"
38.54 Pottery Registry 077 (F).pdf,38.54 Pottery Registry 077 (F).jpg,https://pi.lib.uchicago.edu/1001/org/ochre/b8e2b7a7-85d6-f5a0-d7d9-638a343463c5,Pottery Registry: Dataset 1,Pottery registries from excavation: 1985-2016,"OCHRE link: <a href=""https://pi.lib.uchicago.edu/1001/org/ochre/b8e2b7a7-85d6-f5a0-d7d9-638a343463c5"">https://pi.lib.uchicago.edu/1001/org/ochre/b8e2b7a7-85d6-f5a0-d7d9-638a343463c5</a>"
38.54 Pottery Registry 081 (F).pdf,38.54 Pottery Registry 081 (F).jpg,https://pi.lib.uchicago.edu/1001/org/ochre/300776d2-64d4-4b09-92c4-6c67846a6c4b,Pottery Registry: Dataset 1,Pottery registries from excavation: 1985-2016,"OCHRE link: <a href=""https://pi.lib.uchicago.edu/1001/org/ochre/300776d2-64d4-4b09-92c4-6c67846a6c4b"">https://pi.lib.uchicago.edu/1001/org/ochre/300776d2-64d4-4b09-92c4-6c67846a6c4b</a>"
38.54 Pottery Registry 083 (L).pdf,38.54 Pottery Registry 083 (L).jpg,https://pi.lib.uchicago.edu/1001/org/ochre/230848df-73b5-8c8b-d2e2-aaaf4ebdb49f,Pottery Registry: Dataset 1,Pottery registries from excavation: 1985-2016,"OCHRE link: <a href=""https://pi.lib.uchicago.edu/1001/org/ochre/230848df-73b5-8c8b-d2e2-aaaf4ebdb49f"">https://pi.lib.uchicago.edu/1001/org/ochre/230848df-73b5-8c8b-d2e2-aaaf4ebdb49f</a>"
38.54 Pottery Registry 086 (F).pdf,38.54 Pottery Registry 086 (F).jpg,https://pi.lib.uchicago.edu/1001/org/ochre/8eb67701-a23e-9632-7cd2-c2a1ed5a2431,Pottery Registry: Dataset 1,Pottery registries from excavation: 1985-2016,"OCHRE link: <a href=""https://pi.lib.uchicago.edu/1001/org/ochre/8eb67701-a23e-9632-7cd2-c2a1ed5a2431"">https://pi.lib.uchicago.edu/1001/org/ochre/8eb67701-a23e-9632-7cd2-c2a1ed5a2431</a>"
38.54 Pottery Registry 087 (F).pdf,38.54 Pottery Registry 087 (F).jpg,https://pi.lib.uchicago.edu/1001/org/ochre/b9a62c96-84f0-8c23-f11f-54864825bfc6,Pottery Registry: Dataset 1,Pottery registries from excavation: 1985-2016,"OCHRE link: <a href=""https://pi.lib.uchicago.edu/1001/org/ochre/b9a62c96-84f0-8c23-f11f-54864825bfc6"">https://pi.lib.uchicago.edu/1001/org/ochre/b9a62c96-84f0-8c23-f11f-54864825bfc6</a>"
38.54 Pottery Registry 100 (L).pdf,38.54 Pottery Registry 100 (L).jpg,https://pi.lib.uchicago.edu/1001/org/ochre/952e1453-1632-551f-2589-318f302fb244,Pottery Registry: Dataset 1,Pottery registries from excavation: 1985-2016,"OCHRE link: <a href=""https://pi.lib.uchicago.edu/1001/org/ochre/952e1453-1632-551f-2589-318f302fb244"">https://pi.lib.uchicago.edu/1001/org/ochre/952e1453-1632-551f-2589-318f302fb244</a>"
38.54 Pottery Registry 113 (LF).pdf,38.54 Pottery Registry 113 (LF).jpg,https://pi.lib.uchicago.edu/1001/org/ochre/34da7628-1cbc-1a74-0133-aa01a12fa227,Pottery Registry: Dataset 1,Pottery registries from excavation: 1985-2016,"OCHRE link: <a href=""https://pi.lib.uchicago.edu/1001/org/ochre/34da7628-1cbc-1a74-0133-aa01a12fa227"">https://pi.lib.uchicago.edu/1001/org/ochre/34da7628-1cbc-1a74-0133-aa01a12fa227</a>"
38.54 Pottery Registry Cleaning.pdf,38.54 Pottery Registry Cleaning.jpg,https://pi.lib.uchicago.edu/1001/org/ochre/86eca9b0-e97d-adcd-da81-090a39db8dfc,Pottery Registry: Dataset 1,Pottery registries from excavation: 1985-2016,"OCHRE link: <a href=""https://pi.lib.uchicago.edu/1001/org/ochre/86eca9b0-e97d-adcd-da81-090a39db8dfc"">https://pi.lib.uchicago.edu/1001/org/ochre/86eca9b0-e97d-adcd-da81-090a39db8dfc</a>"
38.63 Pottery Registry 003 (F).pdf,38.63 Pottery Registry 003 (F).jpg,https://pi.lib.uchicago.edu/1001/org/ochre/d79a73e7-817c-108d-2f76-495eb5ac231d,Pottery Registry: Dataset 1,Pottery registries from excavation: 1985-2016,"OCHRE link: <a href=""https://pi.lib.uchicago.edu/1001/org/ochre/d79a73e7-817c-108d-2f76-495eb5ac231d"">https://pi.lib.uchicago.edu/1001/org/ochre/d79a73e7-817c-108d-2f76-495eb5ac231d</a>"
38.63 Pottery Registry 004 (L).pdf,38.63 Pottery Registry 004 (L).jpg,https://pi.lib.uchicago.edu/1001/org/ochre/7c63b290-6bee-66ab-043c-64557c95df8b,Pottery Registry: Dataset 1,Pottery registries from excavation: 1985-2016,"OCHRE link: <a href=""https://pi.lib.uchicago.edu/1001/org/ochre/7c63b290-6bee-66ab-043c-64557c95df8b"">https://pi.lib.uchicago.edu/1001/org/ochre/7c63b290-6bee-66ab-043c-64557c95df8b</a>"
38.63 Pottery Registry 006 (L).pdf,38.63 Pottery Registry 006 (L).jpg,https://pi.lib.uchicago.edu/1001/org/ochre/c3933fdd-d3a4-e107-3f30-b8d281a607aa,Pottery Registry: Dataset 1,Pottery registries from excavation: 1985-2016,"OCHRE link: <a href=""https://pi.lib.uchicago.edu/1001/org/ochre/c3933fdd-d3a4-e107-3f30-b8d281a607aa"">https://pi.lib.uchicago.edu/1001/org/ochre/c3933fdd-d3a4-e107-3f30-b8d281a607aa</a>"
38.63 Pottery Registry 011 (F).pdf,38.63 Pottery Registry 011 (F).jpg,https://pi.lib.uchicago.edu/1001/org/ochre/4e08f722-5d85-4607-9b45-c12d76d8f52f,Pottery Registry: Dataset 1,Pottery registries from excavation: 1985-2016,"OCHRE link: <a href=""https://pi.lib.uchicago.edu/1001/org/ochre/4e08f722-5d85-4607-9b45-c12d76d8f52f"">https://pi.lib.uchicago.edu/1001/org/ochre/4e08f722-5d85-4607-9b45-c12d76d8f52f</a>"
38.63 Pottery Registry 019 (L).pdf,38.63 Pottery Registry 019 (L).jpg,https://pi.lib.uchicago.edu/1001/org/ochre/9bebd670-5be1-9d5c-bea7-50c83cac1066,Pottery Registry: Dataset 1,Pottery registries from excavation: 1985-2016,"OCHRE link: <a href=""https://pi.lib.uchicago.edu/1001/org/ochre/9bebd670-5be1-9d5c-bea7-50c83cac1066"">https://pi.lib.uchicago.edu/1001/org/ochre/9bebd670-5be1-9d5c-bea7-50c83cac1066</a>"
38.63 Pottery Registry 021 (F).pdf,38.63 Pottery Registry 021 (F).jpg,https://pi.lib.uchicago.edu/1001/org/ochre/7da0166d-6181-a56f-f8a5-331977975288,Pottery Registry: Dataset 1,Pottery registries from excavation: 1985-2016,"OCHRE link: <a href=""https://pi.lib.uchicago.edu/1001/org/ochre/7da0166d-6181-a56f-f8a5-331977975288"">https://pi.lib.uchicago.edu/1001/org/ochre/7da0166d-6181-a56f-f8a5-331977975288</a>"
38.63 Pottery Registry 021 (L).pdf,38.63 Pottery Registry 021 (L).jpg,https://pi.lib.uchicago.edu/1001/org/ochre/98be7666-d2da-b186-a579-643f9f6b15ad,Pottery Registry: Dataset 1,Pottery registries from excavation: 1985-2016,"OCHRE link: <a href=""https://pi.lib.uchicago.edu/1001/org/ochre/98be7666-d2da-b186-a579-643f9f6b15ad"">https://pi.lib.uchicago.edu/1001/org/ochre/98be7666-d2da-b186-a579-643f9f6b15ad</a>"
38.63 Pottery Registry 022 (L).pdf,38.63 Pottery Registry 022 (L).jpg,https://pi.lib.uchicago.edu/1001/org/ochre/8004f9b7-a561-4971-3180-e576db32738a,Pottery Registry: Dataset 1,Pottery registries from excavation: 1985-2016,"OCHRE link: <a href=""https://pi.lib.uchicago.edu/1001/org/ochre/8004f9b7-a561-4971-3180-e576db32738a"">https://pi.lib.uchicago.edu/1001/org/ochre/8004f9b7-a561-4971-3180-e576db32738a</a>"
38.63 Pottery Registry 024 (L).pdf,38.63 Pottery Registry 024 (L).jpg,https://pi.lib.uchicago.edu/1001/org/ochre/062b0246-d990-ff8f-965a-bb0814a3385e,Pottery Registry: Dataset 1,Pottery registries from excavation: 1985-2016,"OCHRE link: <a href=""https://pi.lib.uchicago.edu/1001/org/ochre/062b0246-d990-ff8f-965a-bb0814a3385e"">https://pi.lib.uchicago.edu/1001/org/ochre/062b0246-d990-ff8f-965a-bb0814a3385e</a>"
38.63 Pottery Registry 026 (F).pdf,38.63 Pottery Registry 026 (F).jpg,https://pi.lib.uchicago.edu/1001/org/ochre/73d4a066-6a99-4059-02ad-7f057132d362,Pottery Registry: Dataset 1,Pottery registries from excavation: 1985-2016,"OCHRE link: <a href=""https://pi.lib.uchicago.edu/1001/org/ochre/73d4a066-6a99-4059-02ad-7f057132d362"">https://pi.lib.uchicago.edu/1001/org/ochre/73d4a066-6a99-4059-02ad-7f057132d362</a>"
38.63 Pottery Registry 027 (L).pdf,38.63 Pottery Registry 027 (L).jpg,https://pi.lib.uchicago.edu/1001/org/ochre/e6a748f8-16d9-81ef-ca4e-2c80ec64bb26,Pottery Registry: Dataset 1,Pottery registries from excavation: 1985-2016,"OCHRE link: <a href=""https://pi.lib.uchicago.edu/1001/org/ochre/e6a748f8-16d9-81ef-ca4e-2c80ec64bb26"">https://pi.lib.uchicago.edu/1001/org/ochre/e6a748f8-16d9-81ef-ca4e-2c80ec64bb26</a>"
38.63 Pottery Registry 032 (L).pdf,38.63 Pottery Registry 032 (L).jpg,https://pi.lib.uchicago.edu/1001/org/ochre/523c5021-496f-7395-403c-6784451c5d2d,Pottery Registry: Dataset 1,Pottery registries from excavation: 1985-2016,"OCHRE link: <a href=""https://pi.lib.uchicago.edu/1001/org/ochre/523c5021-496f-7395-403c-6784451c5d2d"">https://pi.lib.uchicago.edu/1001/org/ochre/523c5021-496f-7395-403c-6784451c5d2d</a>"
38.63 Pottery Registry 036 (L).pdf,38.63 Pottery Registry 036 (L).jpg,https://pi.lib.uchicago.edu/1001/org/ochre/157323b8-898f-c499-b12f-d065c22cfc75,Pottery Registry: Dataset 1,Pottery registries from excavation: 1985-2016,"OCHRE link: <a href=""https://pi.lib.uchicago.edu/1001/org/ochre/157323b8-898f-c499-b12f-d065c22cfc75"">https://pi.lib.uchicago.edu/1001/org/ochre/157323b8-898f-c499-b12f-d065c22cfc75</a>"
38.63 Pottery Registry 037 (L).pdf,38.63 Pottery Registry 037 (L).jpg,https://pi.lib.uchicago.edu/1001/org/ochre/3924c59f-751f-5418-1945-1d9a8a08ca98,Pottery Registry: Dataset 1,Pottery registries from excavation: 1985-2016,"OCHRE link: <a href=""https://pi.lib.uchicago.edu/1001/org/ochre/3924c59f-751f-5418-1945-1d9a8a08ca98"">https://pi.lib.uchicago.edu/1001/org/ochre/3924c59f-751f-5418-1945-1d9a8a08ca98</a>"
38.63 Pottery Registry 041 (F).pdf,38.63 Pottery Registry 041 (F).jpg,https://pi.lib.uchicago.edu/1001/org/ochre/eee75c6c-3e7c-a546-7fb6-11b066ce1dbc,Pottery Registry: Dataset 1,Pottery registries from excavation: 1985-2016,"OCHRE link: <a href=""https://pi.lib.uchicago.edu/1001/org/ochre/eee75c6c-3e7c-a546-7fb6-11b066ce1dbc"">https://pi.lib.uchicago.edu/1001/org/ochre/eee75c6c-3e7c-a546-7fb6-11b066ce1dbc</a>"
38.63 Pottery Registry 045 (F).pdf,38.63 Pottery Registry 045 (F).jpg,https://pi.lib.uchicago.edu/1001/org/ochre/edfe52b9-fb59-2d94-cdd9-389039555bb4,Pottery Registry: Dataset 1,Pottery registries from excavation: 1985-2016,"OCHRE link: <a href=""https://pi.lib.uchicago.edu/1001/org/ochre/edfe52b9-fb59-2d94-cdd9-389039555bb4"">https://pi.lib.uchicago.edu/1001/org/ochre/edfe52b9-fb59-2d94-cdd9-389039555bb4</a>"
38.63 Pottery Registry 048 (F).pdf,38.63 Pottery Registry 048 (F).jpg,https://pi.lib.uchicago.edu/1001/org/ochre/2ba5e373-656f-7f69-aef5-4aa0376077de,Pottery Registry: Dataset 1,Pottery registries from excavation: 1985-2016,"OCHRE link: <a href=""https://pi.lib.uchicago.edu/1001/org/ochre/2ba5e373-656f-7f69-aef5-4aa0376077de"">https://pi.lib.uchicago.edu/1001/org/ochre/2ba5e373-656f-7f69-aef5-4aa0376077de</a>"
38.63 Pottery Registry 500 (L).pdf,38.63 Pottery Registry 500 (L).jpg,https://pi.lib.uchicago.edu/1001/org/ochre/927b02d7-1d72-75de-abde-9553a157ed34,Pottery Registry: Dataset 1,Pottery registries from excavation: 1985-2016,"OCHRE link: <a href=""https://pi.lib.uchicago.edu/1001/org/ochre/927b02d7-1d72-75de-abde-9553a157ed34"">https://pi.lib.uchicago.edu/1001/org/ochre/927b02d7-1d72-75de-abde-9553a157ed34</a>"
38.63 Pottery Registry 501 (F).pdf,38.63 Pottery Registry 501 (F).jpg,https://pi.lib.uchicago.edu/1001/org/ochre/78a28aa8-8241-435a-30fd-981dc0f6114a,Pottery Registry: Dataset 1,Pottery registries from excavation: 1985-2016,"OCHRE link: <a href=""https://pi.lib.uchicago.edu/1001/org/ochre/78a28aa8-8241-435a-30fd-981dc0f6114a"">https://pi.lib.uchicago.edu/1001/org/ochre/78a28aa8-8241-435a-30fd-981dc0f6114a</a>"
38.63 Pottery Registry 502 (L).pdf,38.63 Pottery Registry 502 (L).jpg,https://pi.lib.uchicago.edu/1001/org/ochre/b8392dac-13b1-edc0-978c-91b2b2644bce,Pottery Registry: Dataset 1,Pottery registries from excavation: 1985-2016,"OCHRE link: <a href=""https://pi.lib.uchicago.edu/1001/org/ochre/b8392dac-13b1-edc0-978c-91b2b2644bce"">https://pi.lib.uchicago.edu/1001/org/ochre/b8392dac-13b1-edc0-978c-91b2b2644bce</a>"
38.63 Pottery Registry 503 (L).pdf,38.63 Pottery Registry 503 (L).jpg,https://pi.lib.uchicago.edu/1001/org/ochre/e7180f10-6ce7-19eb-375b-88fc2a17cb1a,Pottery Registry: Dataset 1,Pottery registries from excavation: 1985-2016,"OCHRE link: <a href=""https://pi.lib.uchicago.edu/1001/org/ochre/e7180f10-6ce7-19eb-375b-88fc2a17cb1a"">https://pi.lib.uchicago.edu/1001/org/ochre/e7180f10-6ce7-19eb-375b-88fc2a17cb1a</a>"
38.63 Pottery Registry 504 (LF).pdf,38.63 Pottery Registry 504 (LF).jpg,https://pi.lib.uchicago.edu/1001/org/ochre/04188b77-0448-e587-916f-5ef51b7bad8a,Pottery Registry: Dataset 1,Pottery registries from excavation: 1985-2016,"OCHRE link: <a href=""https://pi.lib.uchicago.edu/1001/org/ochre/04188b77-0448-e587-916f-5ef51b7bad8a"">https://pi.lib.uchicago.edu/1001/org/ochre/04188b77-0448-e587-916f-5ef51b7bad8a</a>"
38.63 Pottery Registry 507 (L).pdf,38.63 Pottery Registry 507 (L).jpg,https://pi.lib.uchicago.edu/1001/org/ochre/bb906f59-66ed-b3df-2da9-0df03e3ce94b,Pottery Registry: Dataset 1,Pottery registries from excavation: 1985-2016,"OCHRE link: <a href=""https://pi.lib.uchicago.edu/1001/org/ochre/bb906f59-66ed-b3df-2da9-0df03e3ce94b"">https://pi.lib.uchicago.edu/1001/org/ochre/bb906f59-66ed-b3df-2da9-0df03e3ce94b</a>"
38.63 Pottery Registry 510 (LF).pdf,38.63 Pottery Registry 510 (LF).jpg,https://pi.lib.uchicago.edu/1001/org/ochre/4bd1546b-e311-ff29-d92c-b4bc877da396,Pottery Registry: Dataset 1,Pottery registries from excavation: 1985-2016,"OCHRE link: <a href=""https://pi.lib.uchicago.edu/1001/org/ochre/4bd1546b-e311-ff29-d92c-b4bc877da396"">https://pi.lib.uchicago.edu/1001/org/ochre/4bd1546b-e311-ff29-d92c-b4bc877da396</a>"
38.63 Pottery Registry 512 (LF).pdf,38.63 Pottery Registry 512 (LF).jpg,https://pi.lib.uchicago.edu/1001/org/ochre/337388c8-773a-a1d4-01d1-92bc030f4516,Pottery Registry: Dataset 1,Pottery registries from excavation: 1985-2016,"OCHRE link: <a href=""https://pi.lib.uchicago.edu/1001/org/ochre/337388c8-773a-a1d4-01d1-92bc030f4516"">https://pi.lib.uchicago.edu/1001/org/ochre/337388c8-773a-a1d4-01d1-92bc030f4516</a>"
38.63 Pottery Registry 513 (L).pdf,38.63 Pottery Registry 513 (L).jpg,https://pi.lib.uchicago.edu/1001/org/ochre/5f34072e-19e8-0ae1-746d-617cbc4bdca0,Pottery Registry: Dataset 1,Pottery registries from excavation: 1985-2016,"OCHRE link: <a href=""https://pi.lib.uchicago.edu/1001/org/ochre/5f34072e-19e8-0ae1-746d-617cbc4bdca0"">https://pi.lib.uchicago.edu/1001/org/ochre/5f34072e-19e8-0ae1-746d-617cbc4bdca0</a>"
38.63 Pottery Registry 514 (L).pdf,38.63 Pottery Registry 514 (L).jpg,https://pi.lib.uchicago.edu/1001/org/ochre/eab5ffd2-25d2-1439-eef3-504033237532,Pottery Registry: Dataset 1,Pottery registries from excavation: 1985-2016,"OCHRE link: <a href=""https://pi.lib.uchicago.edu/1001/org/ochre/eab5ffd2-25d2-1439-eef3-504033237532"">https://pi.lib.uchicago.edu/1001/org/ochre/eab5ffd2-25d2-1439-eef3-504033237532</a>"
38.63 Pottery Registry 515 (L).pdf,38.63 Pottery Registry 515 (L).jpg,https://pi.lib.uchicago.edu/1001/org/ochre/58b14e41-6590-79cd-cdff-6fa0da65da0f,Pottery Registry: Dataset 1,Pottery registries from excavation: 1985-2016,"OCHRE link: <a href=""https://pi.lib.uchicago.edu/1001/org/ochre/58b14e41-6590-79cd-cdff-6fa0da65da0f"">https://pi.lib.uchicago.edu/1001/org/ochre/58b14e41-6590-79cd-cdff-6fa0da65da0f</a>"
38.63 Pottery Registry 516 (L).pdf,38.63 Pottery Registry 516 (L).jpg,https://pi.lib.uchicago.edu/1001/org/ochre/b1c101cd-fa45-bea3-c4dc-893ca690c54a,Pottery Registry: Dataset 1,Pottery registries from excavation: 1985-2016,"OCHRE link: <a href=""https://pi.lib.uchicago.edu/1001/org/ochre/b1c101cd-fa45-bea3-c4dc-893ca690c54a"">https://pi.lib.uchicago.edu/1001/org/ochre/b1c101cd-fa45-bea3-c4dc-893ca690c54a</a>"
38.63 Pottery Registry 519 (L).pdf,38.63 Pottery Registry 519 (L).jpg,https://pi.lib.uchicago.edu/1001/org/ochre/f71a9bc7-cae8-2dda-01cf-da3b649521a7,Pottery Registry: Dataset 1,Pottery registries from excavation: 1985-2016,"OCHRE link: <a href=""https://pi.lib.uchicago.edu/1001/org/ochre/f71a9bc7-cae8-2dda-01cf-da3b649521a7"">https://pi.lib.uchicago.edu/1001/org/ochre/f71a9bc7-cae8-2dda-01cf-da3b649521a7</a>"
38.63 Pottery Registry 529 (L).pdf,38.63 Pottery Registry 529 (L).jpg,https://pi.lib.uchicago.edu/1001/org/ochre/4f602650-dc53-9d08-c792-7578a46e2a50,Pottery Registry: Dataset 1,Pottery registries from excavation: 1985-2016,"OCHRE link: <a href=""https://pi.lib.uchicago.edu/1001/org/ochre/4f602650-dc53-9d08-c792-7578a46e2a50"">https://pi.lib.uchicago.edu/1001/org/ochre/4f602650-dc53-9d08-c792-7578a46e2a50</a>"
38.63 Pottery Registry 530 (L).pdf,38.63 Pottery Registry 530 (L).jpg,https://pi.lib.uchicago.edu/1001/org/ochre/db6c1ad6-9062-75fc-98e4-00657ba29c6c,Pottery Registry: Dataset 1,Pottery registries from excavation: 1985-2016,"OCHRE link: <a href=""https://pi.lib.uchicago.edu/1001/org/ochre/db6c1ad6-9062-75fc-98e4-00657ba29c6c"">https://pi.lib.uchicago.edu/1001/org/ochre/db6c1ad6-9062-75fc-98e4-00657ba29c6c</a>"
38.63 Pottery Registry 536 (LF).pdf,38.63 Pottery Registry 536 (LF).jpg,https://pi.lib.uchicago.edu/1001/org/ochre/900e9aa5-3711-1f40-2127-9f2bef7675e7,Pottery Registry: Dataset 1,Pottery registries from excavation: 1985-2016,"OCHRE link: <a href=""https://pi.lib.uchicago.edu/1001/org/ochre/900e9aa5-3711-1f40-2127-9f2bef7675e7"">https://pi.lib.uchicago.edu/1001/org/ochre/900e9aa5-3711-1f40-2127-9f2bef7675e7</a>"
38.63 Pottery Registry 537 (L).pdf,38.63 Pottery Registry 537 (L).jpg,https://pi.lib.uchicago.edu/1001/org/ochre/76877864-180c-b1c0-fa46-9f4264218ca1,Pottery Registry: Dataset 1,Pottery registries from excavation: 1985-2016,"OCHRE link: <a href=""https://pi.lib.uchicago.edu/1001/org/ochre/76877864-180c-b1c0-fa46-9f4264218ca1"">https://pi.lib.uchicago.edu/1001/org/ochre/76877864-180c-b1c0-fa46-9f4264218ca1</a>"
38.63 Pottery Registry 539 (L).pdf,38.63 Pottery Registry 539 (L).jpg,https://pi.lib.uchicago.edu/1001/org/ochre/7a9b811d-ae29-738e-99cb-17b105066fc5,Pottery Registry: Dataset 1,Pottery registries from excavation: 1985-2016,"OCHRE link: <a href=""https://pi.lib.uchicago.edu/1001/org/ochre/7a9b811d-ae29-738e-99cb-17b105066fc5"">https://pi.lib.uchicago.edu/1001/org/ochre/7a9b811d-ae29-738e-99cb-17b105066fc5</a>"
38.63 Pottery Registry 702 (L).pdf,38.63 Pottery Registry 702 (L).jpg,https://pi.lib.uchicago.edu/1001/org/ochre/d92cebc0-6a5e-62f5-62ba-1045c8e81a08,Pottery Registry: Dataset 1,Pottery registries from excavation: 1985-2016,"OCHRE link: <a href=""https://pi.lib.uchicago.edu/1001/org/ochre/d92cebc0-6a5e-62f5-62ba-1045c8e81a08"">https://pi.lib.uchicago.edu/1001/org/ochre/d92cebc0-6a5e-62f5-62ba-1045c8e81a08</a>"
38.63 Pottery Registry 704 (LF).pdf,38.63 Pottery Registry 704 (LF).jpg,https://pi.lib.uchicago.edu/1001/org/ochre/bfd3d349-16d9-2ce3-61d0-8a8a9f66e0e3,Pottery Registry: Dataset 1,Pottery registries from excavation: 1985-2016,"OCHRE link: <a href=""https://pi.lib.uchicago.edu/1001/org/ochre/bfd3d349-16d9-2ce3-61d0-8a8a9f66e0e3"">https://pi.lib.uchicago.edu/1001/org/ochre/bfd3d349-16d9-2ce3-61d0-8a8a9f66e0e3</a>"
38.63 Pottery Registry 705 (F).pdf,38.63 Pottery Registry 705 (F).jpg,https://pi.lib.uchicago.edu/1001/org/ochre/8202f4fc-1947-21d2-c262-ff82c702fa60,Pottery Registry: Dataset 1,Pottery registries from excavation: 1985-2016,"OCHRE link: <a href=""https://pi.lib.uchicago.edu/1001/org/ochre/8202f4fc-1947-21d2-c262-ff82c702fa60"">https://pi.lib.uchicago.edu/1001/org/ochre/8202f4fc-1947-21d2-c262-ff82c702fa60</a>"
38.63 Pottery Registry 727 (L).pdf,38.63 Pottery Registry 727 (L).jpg,https://pi.lib.uchicago.edu/1001/org/ochre/49fc7b04-c8f8-5cde-f5dc-3c510aaee744,Pottery Registry: Dataset 1,Pottery registries from excavation: 1985-2016,"OCHRE link: <a href=""https://pi.lib.uchicago.edu/1001/org/ochre/49fc7b04-c8f8-5cde-f5dc-3c510aaee744"">https://pi.lib.uchicago.edu/1001/org/ochre/49fc7b04-c8f8-5cde-f5dc-3c510aaee744</a>"
38.63 Pottery Registry 788 (L).pdf,38.63 Pottery Registry 788 (L).jpg,https://pi.lib.uchicago.edu/1001/org/ochre/47466dab-7518-7587-41a6-a6a2d86a3fca,Pottery Registry: Dataset 1,Pottery registries from excavation: 1985-2016,"OCHRE link: <a href=""https://pi.lib.uchicago.edu/1001/org/ochre/47466dab-7518-7587-41a6-a6a2d86a3fca"">https://pi.lib.uchicago.edu/1001/org/ochre/47466dab-7518-7587-41a6-a6a2d86a3fca</a>"
38.63 Pottery Registry 791 (LF).pdf,38.63 Pottery Registry 791 (LF).jpg,https://pi.lib.uchicago.edu/1001/org/ochre/ff9de4ba-e9fa-d735-8b74-09cc1373c076,Pottery Registry: Dataset 1,Pottery registries from excavation: 1985-2016,"OCHRE link: <a href=""https://pi.lib.uchicago.edu/1001/org/ochre/ff9de4ba-e9fa-d735-8b74-09cc1373c076"">https://pi.lib.uchicago.edu/1001/org/ochre/ff9de4ba-e9fa-d735-8b74-09cc1373c076</a>"
38.63 Pottery Registry 803 (L).pdf,38.63 Pottery Registry 803 (L).jpg,https://pi.lib.uchicago.edu/1001/org/ochre/7bc07a64-5944-4b60-a793-d1e7a353ac5b,Pottery Registry: Dataset 1,Pottery registries from excavation: 1985-2016,"OCHRE link: <a href=""https://pi.lib.uchicago.edu/1001/org/ochre/7bc07a64-5944-4b60-a793-d1e7a353ac5b"">https://pi.lib.uchicago.edu/1001/org/ochre/7bc07a64-5944-4b60-a793-d1e7a353ac5b</a>"
38.63 Pottery Registry 807 (L).pdf,38.63 Pottery Registry 807 (L).jpg,https://pi.lib.uchicago.edu/1001/org/ochre/4933b1e3-1249-d94e-baf1-e964eed30b43,Pottery Registry: Dataset 1,Pottery registries from excavation: 1985-2016,"OCHRE link: <a href=""https://pi.lib.uchicago.edu/1001/org/ochre/4933b1e3-1249-d94e-baf1-e964eed30b43"">https://pi.lib.uchicago.edu/1001/org/ochre/4933b1e3-1249-d94e-baf1-e964eed30b43</a>"
38.63 Pottery Registry Miscellaneous.pdf,38.63 Pottery Registry Miscellaneous.jpg,https://pi.lib.uchicago.edu/1001/org/ochre/0f797416-8ea8-e4c2-bf29-0ee5c9e0f8f6,Pottery Registry: Dataset 1,Pottery registries from excavation: 1985-2016,"OCHRE link: <a href=""https://pi.lib.uchicago.edu/1001/org/ochre/0f797416-8ea8-e4c2-bf29-0ee5c9e0f8f6"">https://pi.lib.uchicago.edu/1001/org/ochre/0f797416-8ea8-e4c2-bf29-0ee5c9e0f8f6</a>"
38.64 Pottery Registry 001 (L).pdf,38.64 Pottery Registry 001 (L).jpg,https://pi.lib.uchicago.edu/1001/org/ochre/2523d566-38bc-e4c4-2148-54afd468f969,Pottery Registry: Dataset 1,Pottery registries from excavation: 1985-2016,"OCHRE link: <a href=""https://pi.lib.uchicago.edu/1001/org/ochre/2523d566-38bc-e4c4-2148-54afd468f969"">https://pi.lib.uchicago.edu/1001/org/ochre/2523d566-38bc-e4c4-2148-54afd468f969</a>"
38.64 Pottery Registry 002 (F).pdf,38.64 Pottery Registry 002 (F).jpg,https://pi.lib.uchicago.edu/1001/org/ochre/7b55e3c3-127f-3c8a-061c-a0d245d9e505,Pottery Registry: Dataset 1,Pottery registries from excavation: 1985-2016,"OCHRE link: <a href=""https://pi.lib.uchicago.edu/1001/org/ochre/7b55e3c3-127f-3c8a-061c-a0d245d9e505"">https://pi.lib.uchicago.edu/1001/org/ochre/7b55e3c3-127f-3c8a-061c-a0d245d9e505</a>"
38.64 Pottery Registry 002 (Step).pdf,38.64 Pottery Registry 002 (Step).jpg,https://pi.lib.uchicago.edu/1001/org/ochre/71d70303-99de-4431-ff56-df1cfa2fecbc,Pottery Registry: Dataset 1,Pottery registries from excavation: 1985-2016,"OCHRE link: <a href=""https://pi.lib.uchicago.edu/1001/org/ochre/71d70303-99de-4431-ff56-df1cfa2fecbc"">https://pi.lib.uchicago.edu/1001/org/ochre/71d70303-99de-4431-ff56-df1cfa2fecbc</a>"
38.64 Pottery Registry 003 (L).pdf,38.64 Pottery Registry 003 (L).jpg,https://pi.lib.uchicago.edu/1001/org/ochre/74fbd53e-c067-32fb-d750-b0afe9f49bd2,Pottery Registry: Dataset 1,Pottery registries from excavation: 1985-2016,"OCHRE link: <a href=""https://pi.lib.uchicago.edu/1001/org/ochre/74fbd53e-c067-32fb-d750-b0afe9f49bd2"">https://pi.lib.uchicago.edu/1001/org/ochre/74fbd53e-c067-32fb-d750-b0afe9f49bd2</a>"
38.64 Pottery Registry 005 (L).pdf,38.64 Pottery Registry 005 (L).jpg,https://pi.lib.uchicago.edu/1001/org/ochre/ad187530-4e96-8de8-2901-69592009b44a,Pottery Registry: Dataset 1,Pottery registries from excavation: 1985-2016,"OCHRE link: <a href=""https://pi.lib.uchicago.edu/1001/org/ochre/ad187530-4e96-8de8-2901-69592009b44a"">https://pi.lib.uchicago.edu/1001/org/ochre/ad187530-4e96-8de8-2901-69592009b44a</a>"
38.64 Pottery Registry 006 (L).pdf,38.64 Pottery Registry 006 (L).jpg,https://pi.lib.uchicago.edu/1001/org/ochre/94aa2439-f797-fac4-c43f-e2eb3f2d9a8b,Pottery Registry: Dataset 1,Pottery registries from excavation: 1985-2016,"OCHRE link: <a href=""https://pi.lib.uchicago.edu/1001/org/ochre/94aa2439-f797-fac4-c43f-e2eb3f2d9a8b"">https://pi.lib.uchicago.edu/1001/org/ochre/94aa2439-f797-fac4-c43f-e2eb3f2d9a8b</a>"
38.64 Pottery Registry 006 (Step).pdf,38.64 Pottery Registry 006 (Step).jpg,https://pi.lib.uchicago.edu/1001/org/ochre/e39cee2f-d071-9b97-808e-ac40a6fa69f4,Pottery Registry: Dataset 1,Pottery registries from excavation: 1985-2016,"OCHRE link: <a href=""https://pi.lib.uchicago.edu/1001/org/ochre/e39cee2f-d071-9b97-808e-ac40a6fa69f4"">https://pi.lib.uchicago.edu/1001/org/ochre/e39cee2f-d071-9b97-808e-ac40a6fa69f4</a>"
38.64 Pottery Registry 007 (L).pdf,38.64 Pottery Registry 007 (L).jpg,https://pi.lib.uchicago.edu/1001/org/ochre/81c78dec-f34b-ab8b-3b67-bd4413d78348,Pottery Registry: Dataset 1,Pottery registries from excavation: 1985-2016,"OCHRE link: <a href=""https://pi.lib.uchicago.edu/1001/org/ochre/81c78dec-f34b-ab8b-3b67-bd4413d78348"">https://pi.lib.uchicago.edu/1001/org/ochre/81c78dec-f34b-ab8b-3b67-bd4413d78348</a>"
38.64 Pottery Registry 008 (L).pdf,38.64 Pottery Registry 008 (L).jpg,https://pi.lib.uchicago.edu/1001/org/ochre/ad09787e-9b96-205f-d7cd-b6a4d524e9d9,Pottery Registry: Dataset 1,Pottery registries from excavation: 1985-2016,"OCHRE link: <a href=""https://pi.lib.uchicago.edu/1001/org/ochre/ad09787e-9b96-205f-d7cd-b6a4d524e9d9"">https://pi.lib.uchicago.edu/1001/org/ochre/ad09787e-9b96-205f-d7cd-b6a4d524e9d9</a>"
38.64 Pottery Registry 010 (L).pdf,38.64 Pottery Registry 010 (L).jpg,https://pi.lib.uchicago.edu/1001/org/ochre/09a9cb5f-819d-adc3-7cb3-da05f8695ec3,Pottery Registry: Dataset 1,Pottery registries from excavation: 1985-2016,"OCHRE link: <a href=""https://pi.lib.uchicago.edu/1001/org/ochre/09a9cb5f-819d-adc3-7cb3-da05f8695ec3"">https://pi.lib.uchicago.edu/1001/org/ochre/09a9cb5f-819d-adc3-7cb3-da05f8695ec3</a>"
38.64 Pottery Registry 012 (L).pdf,38.64 Pottery Registry 012 (L).jpg,https://pi.lib.uchicago.edu/1001/org/ochre/80dab822-f2cd-a48e-d682-bd47aa77fa12,Pottery Registry: Dataset 1,Pottery registries from excavation: 1985-2016,"OCHRE link: <a href=""https://pi.lib.uchicago.edu/1001/org/ochre/80dab822-f2cd-a48e-d682-bd47aa77fa12"">https://pi.lib.uchicago.edu/1001/org/ochre/80dab822-f2cd-a48e-d682-bd47aa77fa12</a>"
38.64 Pottery Registry 013 (F).pdf,38.64 Pottery Registry 013 (F).jpg,https://pi.lib.uchicago.edu/1001/org/ochre/96ffd6ce-31c5-b5bf-66bd-58a704e4a293,Pottery Registry: Dataset 1,Pottery registries from excavation: 1985-2016,"OCHRE link: <a href=""https://pi.lib.uchicago.edu/1001/org/ochre/96ffd6ce-31c5-b5bf-66bd-58a704e4a293"">https://pi.lib.uchicago.edu/1001/org/ochre/96ffd6ce-31c5-b5bf-66bd-58a704e4a293</a>"
38.64 Pottery Registry 015-135 (L).pdf,38.64 Pottery Registry 015-135 (L).jpg,https://pi.lib.uchicago.edu/1001/org/ochre/6785cb87-dea6-47af-b0ca-46140b6146f3,Pottery Registry: Dataset 1,Pottery registries from excavation: 1985-2016,"OCHRE link: <a href=""https://pi.lib.uchicago.edu/1001/org/ochre/6785cb87-dea6-47af-b0ca-46140b6146f3"">https://pi.lib.uchicago.edu/1001/org/ochre/6785cb87-dea6-47af-b0ca-46140b6146f3</a>"
38.64 Pottery Registry 017 (L).pdf,38.64 Pottery Registry 017 (L).jpg,https://pi.lib.uchicago.edu/1001/org/ochre/eaef91cc-8e9c-0f0b-d53d-c09aa613c69f,Pottery Registry: Dataset 1,Pottery registries from excavation: 1985-2016,"OCHRE link: <a href=""https://pi.lib.uchicago.edu/1001/org/ochre/eaef91cc-8e9c-0f0b-d53d-c09aa613c69f"">https://pi.lib.uchicago.edu/1001/org/ochre/eaef91cc-8e9c-0f0b-d53d-c09aa613c69f</a>"
38.64 Pottery Registry 018 (F).pdf,38.64 Pottery Registry 018 (F).jpg,https://pi.lib.uchicago.edu/1001/org/ochre/eeb3c957-55cb-1a8d-54c1-633c8f400298,Pottery Registry: Dataset 1,Pottery registries from excavation: 1985-2016,"OCHRE link: <a href=""https://pi.lib.uchicago.edu/1001/org/ochre/eeb3c957-55cb-1a8d-54c1-633c8f400298"">https://pi.lib.uchicago.edu/1001/org/ochre/eeb3c957-55cb-1a8d-54c1-633c8f400298</a>"
38.64 Pottery Registry 018 (L).pdf,38.64 Pottery Registry 018 (L).jpg,https://pi.lib.uchicago.edu/1001/org/ochre/e9d36a4c-b75e-b0bc-3ee7-17d38b5e946d,Pottery Registry: Dataset 1,Pottery registries from excavation: 1985-2016,"OCHRE link: <a href=""https://pi.lib.uchicago.edu/1001/org/ochre/e9d36a4c-b75e-b0bc-3ee7-17d38b5e946d"">https://pi.lib.uchicago.edu/1001/org/ochre/e9d36a4c-b75e-b0bc-3ee7-17d38b5e946d</a>"
38.64 Pottery Registry 019 (L).pdf,38.64 Pottery Registry 019 (L).jpg,https://pi.lib.uchicago.edu/1001/org/ochre/cef33c3b-fbc0-5e01-a86e-c1a8add3696f,Pottery Registry: Dataset 1,Pottery registries from excavation: 1985-2016,"OCHRE link: <a href=""https://pi.lib.uchicago.edu/1001/org/ochre/cef33c3b-fbc0-5e01-a86e-c1a8add3696f"">https://pi.lib.uchicago.edu/1001/org/ochre/cef33c3b-fbc0-5e01-a86e-c1a8add3696f</a>"
38.64 Pottery Registry 020 (L).pdf,38.64 Pottery Registry 020 (L).jpg,https://pi.lib.uchicago.edu/1001/org/ochre/ebb355f2-4321-2975-00b4-5367a77ceffe,Pottery Registry: Dataset 1,Pottery registries from excavation: 1985-2016,"OCHRE link: <a href=""https://pi.lib.uchicago.edu/1001/org/ochre/ebb355f2-4321-2975-00b4-5367a77ceffe"">https://pi.lib.uchicago.edu/1001/org/ochre/ebb355f2-4321-2975-00b4-5367a77ceffe</a>"
38.64 Pottery Registry 021 (L).pdf,38.64 Pottery Registry 021 (L).jpg,https://pi.lib.uchicago.edu/1001/org/ochre/dd7ee818-eded-fd35-d720-0e2ebe1089b0,Pottery Registry: Dataset 1,Pottery registries from excavation: 1985-2016,"OCHRE link: <a href=""https://pi.lib.uchicago.edu/1001/org/ochre/dd7ee818-eded-fd35-d720-0e2ebe1089b0"">https://pi.lib.uchicago.edu/1001/org/ochre/dd7ee818-eded-fd35-d720-0e2ebe1089b0</a>"
38.64 Pottery Registry 022 (L).pdf,38.64 Pottery Registry 022 (L).jpg,https://pi.lib.uchicago.edu/1001/org/ochre/848ef608-488f-df6b-eb0c-89cf18659512,Pottery Registry: Dataset 1,Pottery registries from excavation: 1985-2016,"OCHRE link: <a href=""https://pi.lib.uchicago.edu/1001/org/ochre/848ef608-488f-df6b-eb0c-89cf18659512"">https://pi.lib.uchicago.edu/1001/org/ochre/848ef608-488f-df6b-eb0c-89cf18659512</a>"
38.64 Pottery Registry 024 (L).pdf,38.64 Pottery Registry 024 (L).jpg,https://pi.lib.uchicago.edu/1001/org/ochre/7ad4fba2-4b14-aaf4-c2e8-925e8702e905,Pottery Registry: Dataset 1,Pottery registries from excavation: 1985-2016,"OCHRE link: <a href=""https://pi.lib.uchicago.edu/1001/org/ochre/7ad4fba2-4b14-aaf4-c2e8-925e8702e905"">https://pi.lib.uchicago.edu/1001/org/ochre/7ad4fba2-4b14-aaf4-c2e8-925e8702e905</a>"
38.64 Pottery Registry 025 (F).pdf,38.64 Pottery Registry 025 (F).jpg,https://pi.lib.uchicago.edu/1001/org/ochre/d06a0ec5-3f85-7fc8-fdb2-ac860536ca7e,Pottery Registry: Dataset 1,Pottery registries from excavation: 1985-2016,"OCHRE link: <a href=""https://pi.lib.uchicago.edu/1001/org/ochre/d06a0ec5-3f85-7fc8-fdb2-ac860536ca7e"">https://pi.lib.uchicago.edu/1001/org/ochre/d06a0ec5-3f85-7fc8-fdb2-ac860536ca7e</a>"
38.64 Pottery Registry 026 (L).pdf,38.64 Pottery Registry 026 (L).jpg,https://pi.lib.uchicago.edu/1001/org/ochre/10ed562c-193d-76e0-6f8c-3257e5a50625,Pottery Registry: Dataset 1,Pottery registries from excavation: 1985-2016,"OCHRE link: <a href=""https://pi.lib.uchicago.edu/1001/org/ochre/10ed562c-193d-76e0-6f8c-3257e5a50625"">https://pi.lib.uchicago.edu/1001/org/ochre/10ed562c-193d-76e0-6f8c-3257e5a50625</a>"
38.64 Pottery Registry 029 (L).pdf,38.64 Pottery Registry 029 (L).jpg,https://pi.lib.uchicago.edu/1001/org/ochre/458bc7ea-34bf-625a-039d-a109368e1dcf,Pottery Registry: Dataset 1,Pottery registries from excavation: 1985-2016,"OCHRE link: <a href=""https://pi.lib.uchicago.edu/1001/org/ochre/458bc7ea-34bf-625a-039d-a109368e1dcf"">https://pi.lib.uchicago.edu/1001/org/ochre/458bc7ea-34bf-625a-039d-a109368e1dcf</a>"
38.64 Pottery Registry 030 (L).pdf,38.64 Pottery Registry 030 (L).jpg,https://pi.lib.uchicago.edu/1001/org/ochre/26a69332-e7ad-b094-c0e2-8b872fffcef6,Pottery Registry: Dataset 1,Pottery registries from excavation: 1985-2016,"OCHRE link: <a href=""https://pi.lib.uchicago.edu/1001/org/ochre/26a69332-e7ad-b094-c0e2-8b872fffcef6"">https://pi.lib.uchicago.edu/1001/org/ochre/26a69332-e7ad-b094-c0e2-8b872fffcef6</a>"
38.64 Pottery Registry 032 (L).pdf,38.64 Pottery Registry 032 (L).jpg,https://pi.lib.uchicago.edu/1001/org/ochre/9f32a8c6-bab7-0ecd-ad66-1e9fcefc4777,Pottery Registry: Dataset 1,Pottery registries from excavation: 1985-2016,"OCHRE link: <a href=""https://pi.lib.uchicago.edu/1001/org/ochre/9f32a8c6-bab7-0ecd-ad66-1e9fcefc4777"">https://pi.lib.uchicago.edu/1001/org/ochre/9f32a8c6-bab7-0ecd-ad66-1e9fcefc4777</a>"
38.64 Pottery Registry 035 (L).pdf,38.64 Pottery Registry 035 (L).jpg,https://pi.lib.uchicago.edu/1001/org/ochre/46d976fe-0f9c-bc32-48b6-9cbd070508fe,Pottery Registry: Dataset 1,Pottery registries from excavation: 1985-2016,"OCHRE link: <a href=""https://pi.lib.uchicago.edu/1001/org/ochre/46d976fe-0f9c-bc32-48b6-9cbd070508fe"">https://pi.lib.uchicago.edu/1001/org/ochre/46d976fe-0f9c-bc32-48b6-9cbd070508fe</a>"
38.64 Pottery Registry 035 (LF).pdf,38.64 Pottery Registry 035 (LF).jpg,https://pi.lib.uchicago.edu/1001/org/ochre/b52aeab1-a922-2d03-b596-752cb73a75c6,Pottery Registry: Dataset 1,Pottery registries from excavation: 1985-2016,"OCHRE link: <a href=""https://pi.lib.uchicago.edu/1001/org/ochre/b52aeab1-a922-2d03-b596-752cb73a75c6"">https://pi.lib.uchicago.edu/1001/org/ochre/b52aeab1-a922-2d03-b596-752cb73a75c6</a>"
38.64 Pottery Registry 036 (L).pdf,38.64 Pottery Registry 036 (L).jpg,https://pi.lib.uchicago.edu/1001/org/ochre/68722063-e3da-1575-058e-1014c8371ae9,Pottery Registry: Dataset 1,Pottery registries from excavation: 1985-2016,"OCHRE link: <a href=""https://pi.lib.uchicago.edu/1001/org/ochre/68722063-e3da-1575-058e-1014c8371ae9"">https://pi.lib.uchicago.edu/1001/org/ochre/68722063-e3da-1575-058e-1014c8371ae9</a>"
38.64 Pottery Registry 038 (F).pdf,38.64 Pottery Registry 038 (F).jpg,https://pi.lib.uchicago.edu/1001/org/ochre/0d1fa920-196f-e585-4a2a-fd3d0a765c4e,Pottery Registry: Dataset 1,Pottery registries from excavation: 1985-2016,"OCHRE link: <a href=""https://pi.lib.uchicago.edu/1001/org/ochre/0d1fa920-196f-e585-4a2a-fd3d0a765c4e"">https://pi.lib.uchicago.edu/1001/org/ochre/0d1fa920-196f-e585-4a2a-fd3d0a765c4e</a>"
38.64 Pottery Registry 039 (F).pdf,38.64 Pottery Registry 039 (F).jpg,https://pi.lib.uchicago.edu/1001/org/ochre/e70bc048-8c55-da96-9dc7-24c9646ec1f4,Pottery Registry: Dataset 1,Pottery registries from excavation: 1985-2016,"OCHRE link: <a href=""https://pi.lib.uchicago.edu/1001/org/ochre/e70bc048-8c55-da96-9dc7-24c9646ec1f4"">https://pi.lib.uchicago.edu/1001/org/ochre/e70bc048-8c55-da96-9dc7-24c9646ec1f4</a>"
38.64 Pottery Registry 043 (L).pdf,38.64 Pottery Registry 043 (L).jpg,https://pi.lib.uchicago.edu/1001/org/ochre/a251d303-3575-6eaa-42f6-26e6496a2c76,Pottery Registry: Dataset 1,Pottery registries from excavation: 1985-2016,"OCHRE link: <a href=""https://pi.lib.uchicago.edu/1001/org/ochre/a251d303-3575-6eaa-42f6-26e6496a2c76"">https://pi.lib.uchicago.edu/1001/org/ochre/a251d303-3575-6eaa-42f6-26e6496a2c76</a>"
38.64 Pottery Registry 044 (L).pdf,38.64 Pottery Registry 044 (L).jpg,https://pi.lib.uchicago.edu/1001/org/ochre/001c6146-f05a-6449-a2ae-0b11a84a1a33,Pottery Registry: Dataset 1,Pottery registries from excavation: 1985-2016,"OCHRE link: <a href=""https://pi.lib.uchicago.edu/1001/org/ochre/001c6146-f05a-6449-a2ae-0b11a84a1a33"">https://pi.lib.uchicago.edu/1001/org/ochre/001c6146-f05a-6449-a2ae-0b11a84a1a33</a>"
38.64 Pottery Registry 045 (L).pdf,38.64 Pottery Registry 045 (L).jpg,https://pi.lib.uchicago.edu/1001/org/ochre/fec8d750-40c4-11b0-5064-1cbad80d44a1,Pottery Registry: Dataset 1,Pottery registries from excavation: 1985-2016,"OCHRE link: <a href=""https://pi.lib.uchicago.edu/1001/org/ochre/fec8d750-40c4-11b0-5064-1cbad80d44a1"">https://pi.lib.uchicago.edu/1001/org/ochre/fec8d750-40c4-11b0-5064-1cbad80d44a1</a>"
38.64 Pottery Registry 049 (F).pdf,38.64 Pottery Registry 049 (F).jpg,https://pi.lib.uchicago.edu/1001/org/ochre/ddb93077-a782-6f8b-922b-5b42168cd410,Pottery Registry: Dataset 1,Pottery registries from excavation: 1985-2016,"OCHRE link: <a href=""https://pi.lib.uchicago.edu/1001/org/ochre/ddb93077-a782-6f8b-922b-5b42168cd410"">https://pi.lib.uchicago.edu/1001/org/ochre/ddb93077-a782-6f8b-922b-5b42168cd410</a>"
38.64 Pottery Registry 051 (L).pdf,38.64 Pottery Registry 051 (L).jpg,https://pi.lib.uchicago.edu/1001/org/ochre/586fb122-30bb-c3b3-4ccf-f4a466e1e62d,Pottery Registry: Dataset 1,Pottery registries from excavation: 1985-2016,"OCHRE link: <a href=""https://pi.lib.uchicago.edu/1001/org/ochre/586fb122-30bb-c3b3-4ccf-f4a466e1e62d"">https://pi.lib.uchicago.edu/1001/org/ochre/586fb122-30bb-c3b3-4ccf-f4a466e1e62d</a>"
38.64 Pottery Registry 052 (L).pdf,38.64 Pottery Registry 052 (L).jpg,https://pi.lib.uchicago.edu/1001/org/ochre/e82d3832-5b3e-6bc4-5ff8-c7b72021eede,Pottery Registry: Dataset 1,Pottery registries from excavation: 1985-2016,"OCHRE link: <a href=""https://pi.lib.uchicago.edu/1001/org/ochre/e82d3832-5b3e-6bc4-5ff8-c7b72021eede"">https://pi.lib.uchicago.edu/1001/org/ochre/e82d3832-5b3e-6bc4-5ff8-c7b72021eede</a>"
38.64 Pottery Registry 054 (F).pdf,38.64 Pottery Registry 054 (F).jpg,https://pi.lib.uchicago.edu/1001/org/ochre/11eec18a-bd40-33ba-a7e5-4bbc6fb917c8,Pottery Registry: Dataset 1,Pottery registries from excavation: 1985-2016,"OCHRE link: <a href=""https://pi.lib.uchicago.edu/1001/org/ochre/11eec18a-bd40-33ba-a7e5-4bbc6fb917c8"">https://pi.lib.uchicago.edu/1001/org/ochre/11eec18a-bd40-33ba-a7e5-4bbc6fb917c8</a>"
38.64 Pottery Registry 054 (L).pdf,38.64 Pottery Registry 054 (L).jpg,https://pi.lib.uchicago.edu/1001/org/ochre/7dc6d41a-6fa7-4a4d-3368-88576b1c374c,Pottery Registry: Dataset 1,Pottery registries from excavation: 1985-2016,"OCHRE link: <a href=""https://pi.lib.uchicago.edu/1001/org/ochre/7dc6d41a-6fa7-4a4d-3368-88576b1c374c"">https://pi.lib.uchicago.edu/1001/org/ochre/7dc6d41a-6fa7-4a4d-3368-88576b1c374c</a>"
38.64 Pottery Registry 055 (L).pdf,38.64 Pottery Registry 055 (L).jpg,https://pi.lib.uchicago.edu/1001/org/ochre/102feaa5-a543-880a-37fb-7302b9248dd5,Pottery Registry: Dataset 1,Pottery registries from excavation: 1985-2016,"OCHRE link: <a href=""https://pi.lib.uchicago.edu/1001/org/ochre/102feaa5-a543-880a-37fb-7302b9248dd5"">https://pi.lib.uchicago.edu/1001/org/ochre/102feaa5-a543-880a-37fb-7302b9248dd5</a>"
38.64 Pottery Registry 056 (L).pdf,38.64 Pottery Registry 056 (L).jpg,https://pi.lib.uchicago.edu/1001/org/ochre/416c0f20-8f98-90e5-d676-132fb420b730,Pottery Registry: Dataset 1,Pottery registries from excavation: 1985-2016,"OCHRE link: <a href=""https://pi.lib.uchicago.edu/1001/org/ochre/416c0f20-8f98-90e5-d676-132fb420b730"">https://pi.lib.uchicago.edu/1001/org/ochre/416c0f20-8f98-90e5-d676-132fb420b730</a>"
38.64 Pottery Registry 060 (L).pdf,38.64 Pottery Registry 060 (L).jpg,https://pi.lib.uchicago.edu/1001/org/ochre/aa23dc54-752d-3d1c-561a-b833ff97ae4d,Pottery Registry: Dataset 1,Pottery registries from excavation: 1985-2016,"OCHRE link: <a href=""https://pi.lib.uchicago.edu/1001/org/ochre/aa23dc54-752d-3d1c-561a-b833ff97ae4d"">https://pi.lib.uchicago.edu/1001/org/ochre/aa23dc54-752d-3d1c-561a-b833ff97ae4d</a>"
38.64 Pottery Registry 061 (L).pdf,38.64 Pottery Registry 061 (L).jpg,https://pi.lib.uchicago.edu/1001/org/ochre/8f877164-f47a-cf79-6e55-5b38b91bfc62,Pottery Registry: Dataset 1,Pottery registries from excavation: 1985-2016,"OCHRE link: <a href=""https://pi.lib.uchicago.edu/1001/org/ochre/8f877164-f47a-cf79-6e55-5b38b91bfc62"">https://pi.lib.uchicago.edu/1001/org/ochre/8f877164-f47a-cf79-6e55-5b38b91bfc62</a>"
38.64 Pottery Registry 063 (L).pdf,38.64 Pottery Registry 063 (L).jpg,https://pi.lib.uchicago.edu/1001/org/ochre/3532727f-6d3a-f25d-5188-58dcd93df6a6,Pottery Registry: Dataset 1,Pottery registries from excavation: 1985-2016,"OCHRE link: <a href=""https://pi.lib.uchicago.edu/1001/org/ochre/3532727f-6d3a-f25d-5188-58dcd93df6a6"">https://pi.lib.uchicago.edu/1001/org/ochre/3532727f-6d3a-f25d-5188-58dcd93df6a6</a>"
38.64 Pottery Registry 067 (L).pdf,38.64 Pottery Registry 067 (L).jpg,https://pi.lib.uchicago.edu/1001/org/ochre/db084270-bdc7-2054-48bf-bfe2cc8f2c6a,Pottery Registry: Dataset 1,Pottery registries from excavation: 1985-2016,"OCHRE link: <a href=""https://pi.lib.uchicago.edu/1001/org/ochre/db084270-bdc7-2054-48bf-bfe2cc8f2c6a"">https://pi.lib.uchicago.edu/1001/org/ochre/db084270-bdc7-2054-48bf-bfe2cc8f2c6a</a>"
38.64 Pottery Registry 069 (L).pdf,38.64 Pottery Registry 069 (L).jpg,https://pi.lib.uchicago.edu/1001/org/ochre/399fa962-e2d4-b90d-b211-2a64ae65a8e8,Pottery Registry: Dataset 1,Pottery registries from excavation: 1985-2016,"OCHRE link: <a href=""https://pi.lib.uchicago.edu/1001/org/ochre/399fa962-e2d4-b90d-b211-2a64ae65a8e8"">https://pi.lib.uchicago.edu/1001/org/ochre/399fa962-e2d4-b90d-b211-2a64ae65a8e8</a>"
38.64 Pottery Registry 081 (F).pdf,38.64 Pottery Registry 081 (F).jpg,https://pi.lib.uchicago.edu/1001/org/ochre/aa05c99f-b8e1-d409-6963-a3d9657f3383,Pottery Registry: Dataset 1,Pottery registries from excavation: 1985-2016,"OCHRE link: <a href=""https://pi.lib.uchicago.edu/1001/org/ochre/aa05c99f-b8e1-d409-6963-a3d9657f3383"">https://pi.lib.uchicago.edu/1001/org/ochre/aa05c99f-b8e1-d409-6963-a3d9657f3383</a>"
38.64 Pottery Registry 086 (L).pdf,38.64 Pottery Registry 086 (L).jpg,https://pi.lib.uchicago.edu/1001/org/ochre/312e1f62-7a5f-489d-8170-6e5529ac7515,Pottery Registry: Dataset 1,Pottery registries from excavation: 1985-2016,"OCHRE link: <a href=""https://pi.lib.uchicago.edu/1001/org/ochre/312e1f62-7a5f-489d-8170-6e5529ac7515"">https://pi.lib.uchicago.edu/1001/org/ochre/312e1f62-7a5f-489d-8170-6e5529ac7515</a>"
38.64 Pottery Registry 089 (L).pdf,38.64 Pottery Registry 089 (L).jpg,https://pi.lib.uchicago.edu/1001/org/ochre/67d1aa1b-4a1b-de20-4e24-8819a3ec17fe,Pottery Registry: Dataset 1,Pottery registries from excavation: 1985-2016,"OCHRE link: <a href=""https://pi.lib.uchicago.edu/1001/org/ochre/67d1aa1b-4a1b-de20-4e24-8819a3ec17fe"">https://pi.lib.uchicago.edu/1001/org/ochre/67d1aa1b-4a1b-de20-4e24-8819a3ec17fe</a>"
38.64 Pottery Registry 091 (L).pdf,38.64 Pottery Registry 091 (L).jpg,https://pi.lib.uchicago.edu/1001/org/ochre/1aaeabc0-8556-ce4a-be4c-2fdc5822a99a,Pottery Registry: Dataset 1,Pottery registries from excavation: 1985-2016,"OCHRE link: <a href=""https://pi.lib.uchicago.edu/1001/org/ochre/1aaeabc0-8556-ce4a-be4c-2fdc5822a99a"">https://pi.lib.uchicago.edu/1001/org/ochre/1aaeabc0-8556-ce4a-be4c-2fdc5822a99a</a>"
38.64 Pottery Registry 092 (L).pdf,38.64 Pottery Registry 092 (L).jpg,https://pi.lib.uchicago.edu/1001/org/ochre/098fe90a-0388-9c44-174f-60d0f73a1e5b,Pottery Registry: Dataset 1,Pottery registries from excavation: 1985-2016,"OCHRE link: <a href=""https://pi.lib.uchicago.edu/1001/org/ochre/098fe90a-0388-9c44-174f-60d0f73a1e5b"">https://pi.lib.uchicago.edu/1001/org/ochre/098fe90a-0388-9c44-174f-60d0f73a1e5b</a>"
38.64 Pottery Registry 093 (L).pdf,38.64 Pottery Registry 093 (L).jpg,https://pi.lib.uchicago.edu/1001/org/ochre/b8251ae4-4a10-ca57-44da-229df104d050,Pottery Registry: Dataset 1,Pottery registries from excavation: 1985-2016,"OCHRE link: <a href=""https://pi.lib.uchicago.edu/1001/org/ochre/b8251ae4-4a10-ca57-44da-229df104d050"">https://pi.lib.uchicago.edu/1001/org/ochre/b8251ae4-4a10-ca57-44da-229df104d050</a>"
38.64 Pottery Registry 096 (L).pdf,38.64 Pottery Registry 096 (L).jpg,https://pi.lib.uchicago.edu/1001/org/ochre/dd1b428e-e0ea-085d-b14d-7937a3936beb,Pottery Registry: Dataset 1,Pottery registries from excavation: 1985-2016,"OCHRE link: <a href=""https://pi.lib.uchicago.edu/1001/org/ochre/dd1b428e-e0ea-085d-b14d-7937a3936beb"">https://pi.lib.uchicago.edu/1001/org/ochre/dd1b428e-e0ea-085d-b14d-7937a3936beb</a>"
38.64 Pottery Registry 098 (L).pdf,38.64 Pottery Registry 098 (L).jpg,https://pi.lib.uchicago.edu/1001/org/ochre/dd98c03c-f42c-0679-3c91-f025d6f05c94,Pottery Registry: Dataset 1,Pottery registries from excavation: 1985-2016,"OCHRE link: <a href=""https://pi.lib.uchicago.edu/1001/org/ochre/dd98c03c-f42c-0679-3c91-f025d6f05c94"">https://pi.lib.uchicago.edu/1001/org/ochre/dd98c03c-f42c-0679-3c91-f025d6f05c94</a>"
38.64 Pottery Registry 099 (L).pdf,38.64 Pottery Registry 099 (L).jpg,https://pi.lib.uchicago.edu/1001/org/ochre/3d0caed4-45f8-e631-16d1-5becb491165f,Pottery Registry: Dataset 1,Pottery registries from excavation: 1985-2016,"OCHRE link: <a href=""https://pi.lib.uchicago.edu/1001/org/ochre/3d0caed4-45f8-e631-16d1-5becb491165f"">https://pi.lib.uchicago.edu/1001/org/ochre/3d0caed4-45f8-e631-16d1-5becb491165f</a>"
38.64 Pottery Registry 101 (L).pdf,38.64 Pottery Registry 101 (L).jpg,https://pi.lib.uchicago.edu/1001/org/ochre/aded579a-c346-42b6-fc3a-d87a598dfa91,Pottery Registry: Dataset 1,Pottery registries from excavation: 1985-2016,"OCHRE link: <a href=""https://pi.lib.uchicago.edu/1001/org/ochre/aded579a-c346-42b6-fc3a-d87a598dfa91"">https://pi.lib.uchicago.edu/1001/org/ochre/aded579a-c346-42b6-fc3a-d87a598dfa91</a>"
38.64 Pottery Registry 102 (L).pdf,38.64 Pottery Registry 102 (L).jpg,https://pi.lib.uchicago.edu/1001/org/ochre/4484f9c5-3948-0992-fade-d399e87fa76f,Pottery Registry: Dataset 1,Pottery registries from excavation: 1985-2016,"OCHRE link: <a href=""https://pi.lib.uchicago.edu/1001/org/ochre/4484f9c5-3948-0992-fade-d399e87fa76f"">https://pi.lib.uchicago.edu/1001/org/ochre/4484f9c5-3948-0992-fade-d399e87fa76f</a>"
38.64 Pottery Registry 103 (L).pdf,38.64 Pottery Registry 103 (L).jpg,https://pi.lib.uchicago.edu/1001/org/ochre/ecf59137-f129-0f57-8e68-132f51594790,Pottery Registry: Dataset 1,Pottery registries from excavation: 1985-2016,"OCHRE link: <a href=""https://pi.lib.uchicago.edu/1001/org/ochre/ecf59137-f129-0f57-8e68-132f51594790"">https://pi.lib.uchicago.edu/1001/org/ochre/ecf59137-f129-0f57-8e68-132f51594790</a>"
38.64 Pottery Registry 105 (F).pdf,38.64 Pottery Registry 105 (F).jpg,https://pi.lib.uchicago.edu/1001/org/ochre/a18a6f41-bb14-36a3-df0e-3a02b3e45481,Pottery Registry: Dataset 1,Pottery registries from excavation: 1985-2016,"OCHRE link: <a href=""https://pi.lib.uchicago.edu/1001/org/ochre/a18a6f41-bb14-36a3-df0e-3a02b3e45481"">https://pi.lib.uchicago.edu/1001/org/ochre/a18a6f41-bb14-36a3-df0e-3a02b3e45481</a>"
38.64 Pottery Registry 105 (L).pdf,38.64 Pottery Registry 105 (L).jpg,https://pi.lib.uchicago.edu/1001/org/ochre/b1156bec-71e1-282c-abca-a97f3df4c791,Pottery Registry: Dataset 1,Pottery registries from excavation: 1985-2016,"OCHRE link: <a href=""https://pi.lib.uchicago.edu/1001/org/ochre/b1156bec-71e1-282c-abca-a97f3df4c791"">https://pi.lib.uchicago.edu/1001/org/ochre/b1156bec-71e1-282c-abca-a97f3df4c791</a>"
38.64 Pottery Registry 112 (F).pdf,38.64 Pottery Registry 112 (F).jpg,https://pi.lib.uchicago.edu/1001/org/ochre/c05b5c79-478f-0c52-7cb2-02de4451b3c9,Pottery Registry: Dataset 1,Pottery registries from excavation: 1985-2016,"OCHRE link: <a href=""https://pi.lib.uchicago.edu/1001/org/ochre/c05b5c79-478f-0c52-7cb2-02de4451b3c9"">https://pi.lib.uchicago.edu/1001/org/ochre/c05b5c79-478f-0c52-7cb2-02de4451b3c9</a>"
38.64 Pottery Registry 112 (L).pdf,38.64 Pottery Registry 112 (L).jpg,https://pi.lib.uchicago.edu/1001/org/ochre/f4c7beef-71f7-6b15-9a72-8ddfee4687c8,Pottery Registry: Dataset 1,Pottery registries from excavation: 1985-2016,"OCHRE link: <a href=""https://pi.lib.uchicago.edu/1001/org/ochre/f4c7beef-71f7-6b15-9a72-8ddfee4687c8"">https://pi.lib.uchicago.edu/1001/org/ochre/f4c7beef-71f7-6b15-9a72-8ddfee4687c8</a>"
38.64 Pottery Registry 113 (L).pdf,38.64 Pottery Registry 113 (L).jpg,https://pi.lib.uchicago.edu/1001/org/ochre/8e938537-12fd-e441-5c33-b65e05f0d108,Pottery Registry: Dataset 1,Pottery registries from excavation: 1985-2016,"OCHRE link: <a href=""https://pi.lib.uchicago.edu/1001/org/ochre/8e938537-12fd-e441-5c33-b65e05f0d108"">https://pi.lib.uchicago.edu/1001/org/ochre/8e938537-12fd-e441-5c33-b65e05f0d108</a>"
38.64 Pottery Registry 114 (L).pdf,38.64 Pottery Registry 114 (L).jpg,https://pi.lib.uchicago.edu/1001/org/ochre/b8909e49-6ca7-ea5b-3302-e95a58cc1fff,Pottery Registry: Dataset 1,Pottery registries from excavation: 1985-2016,"OCHRE link: <a href=""https://pi.lib.uchicago.edu/1001/org/ochre/b8909e49-6ca7-ea5b-3302-e95a58cc1fff"">https://pi.lib.uchicago.edu/1001/org/ochre/b8909e49-6ca7-ea5b-3302-e95a58cc1fff</a>"
38.64 Pottery Registry 114 (LF).pdf,38.64 Pottery Registry 114 (LF).jpg,https://pi.lib.uchicago.edu/1001/org/ochre/4fe789be-09a2-e366-3b0e-a4fbc6487865,Pottery Registry: Dataset 1,Pottery registries from excavation: 1985-2016,"OCHRE link: <a href=""https://pi.lib.uchicago.edu/1001/org/ochre/4fe789be-09a2-e366-3b0e-a4fbc6487865"">https://pi.lib.uchicago.edu/1001/org/ochre/4fe789be-09a2-e366-3b0e-a4fbc6487865</a>"
38.64 Pottery Registry 116 (L).pdf,38.64 Pottery Registry 116 (L).jpg,https://pi.lib.uchicago.edu/1001/org/ochre/1cd253d7-e946-efab-73d8-a9d568cacc48,Pottery Registry: Dataset 1,Pottery registries from excavation: 1985-2016,"OCHRE link: <a href=""https://pi.lib.uchicago.edu/1001/org/ochre/1cd253d7-e946-efab-73d8-a9d568cacc48"">https://pi.lib.uchicago.edu/1001/org/ochre/1cd253d7-e946-efab-73d8-a9d568cacc48</a>"
38.64 Pottery Registry 117 (L).pdf,38.64 Pottery Registry 117 (L).jpg,https://pi.lib.uchicago.edu/1001/org/ochre/1d80913f-0c22-b7fd-a6b4-62d1a5f7b7c1,Pottery Registry: Dataset 1,Pottery registries from excavation: 1985-2016,"OCHRE link: <a href=""https://pi.lib.uchicago.edu/1001/org/ochre/1d80913f-0c22-b7fd-a6b4-62d1a5f7b7c1"">https://pi.lib.uchicago.edu/1001/org/ochre/1d80913f-0c22-b7fd-a6b4-62d1a5f7b7c1</a>"
38.64 Pottery Registry 118 (L).pdf,38.64 Pottery Registry 118 (L).jpg,https://pi.lib.uchicago.edu/1001/org/ochre/7f1e21bc-e103-856c-2726-49c87a54e796,Pottery Registry: Dataset 1,Pottery registries from excavation: 1985-2016,"OCHRE link: <a href=""https://pi.lib.uchicago.edu/1001/org/ochre/7f1e21bc-e103-856c-2726-49c87a54e796"">https://pi.lib.uchicago.edu/1001/org/ochre/7f1e21bc-e103-856c-2726-49c87a54e796</a>"
38.64 Pottery Registry 119 (L).pdf,38.64 Pottery Registry 119 (L).jpg,https://pi.lib.uchicago.edu/1001/org/ochre/820b90a5-6491-ac62-bc05-831511bb7909,Pottery Registry: Dataset 1,Pottery registries from excavation: 1985-2016,"OCHRE link: <a href=""https://pi.lib.uchicago.edu/1001/org/ochre/820b90a5-6491-ac62-bc05-831511bb7909"">https://pi.lib.uchicago.edu/1001/org/ochre/820b90a5-6491-ac62-bc05-831511bb7909</a>"
38.64 Pottery Registry 122 (L).pdf,38.64 Pottery Registry 122 (L).jpg,https://pi.lib.uchicago.edu/1001/org/ochre/e88a804a-6bd9-01ec-3124-c9c9d5077b74,Pottery Registry: Dataset 1,Pottery registries from excavation: 1985-2016,"OCHRE link: <a href=""https://pi.lib.uchicago.edu/1001/org/ochre/e88a804a-6bd9-01ec-3124-c9c9d5077b74"">https://pi.lib.uchicago.edu/1001/org/ochre/e88a804a-6bd9-01ec-3124-c9c9d5077b74</a>"
38.64 Pottery Registry 123 (F).pdf,38.64 Pottery Registry 123 (F).jpg,https://pi.lib.uchicago.edu/1001/org/ochre/2aef9195-de6f-9cdf-e349-397cffca225a,Pottery Registry: Dataset 1,Pottery registries from excavation: 1985-2016,"OCHRE link: <a href=""https://pi.lib.uchicago.edu/1001/org/ochre/2aef9195-de6f-9cdf-e349-397cffca225a"">https://pi.lib.uchicago.edu/1001/org/ochre/2aef9195-de6f-9cdf-e349-397cffca225a</a>"
38.64 Pottery Registry 125 (F).pdf,38.64 Pottery Registry 125 (F).jpg,https://pi.lib.uchicago.edu/1001/org/ochre/19aafc5b-06e6-e153-6285-93d18c27987e,Pottery Registry: Dataset 1,Pottery registries from excavation: 1985-2016,"OCHRE link: <a href=""https://pi.lib.uchicago.edu/1001/org/ochre/19aafc5b-06e6-e153-6285-93d18c27987e"">https://pi.lib.uchicago.edu/1001/org/ochre/19aafc5b-06e6-e153-6285-93d18c27987e</a>"
38.64 Pottery Registry 125 (L).pdf,38.64 Pottery Registry 125 (L).jpg,https://pi.lib.uchicago.edu/1001/org/ochre/6e36fa94-353a-b4e3-091b-069d7ffc8f00,Pottery Registry: Dataset 1,Pottery registries from excavation: 1985-2016,"OCHRE link: <a href=""https://pi.lib.uchicago.edu/1001/org/ochre/6e36fa94-353a-b4e3-091b-069d7ffc8f00"">https://pi.lib.uchicago.edu/1001/org/ochre/6e36fa94-353a-b4e3-091b-069d7ffc8f00</a>"
38.64 Pottery Registry 126 (L).pdf,38.64 Pottery Registry 126 (L).jpg,https://pi.lib.uchicago.edu/1001/org/ochre/a8e3f928-52d5-3df9-a13b-a8be9af2f8d9,Pottery Registry: Dataset 1,Pottery registries from excavation: 1985-2016,"OCHRE link: <a href=""https://pi.lib.uchicago.edu/1001/org/ochre/a8e3f928-52d5-3df9-a13b-a8be9af2f8d9"">https://pi.lib.uchicago.edu/1001/org/ochre/a8e3f928-52d5-3df9-a13b-a8be9af2f8d9</a>"
38.64 Pottery Registry 127 (F).pdf,38.64 Pottery Registry 127 (F).jpg,https://pi.lib.uchicago.edu/1001/org/ochre/e188b40d-6639-3fb3-83d0-b96bb8f5c2e4,Pottery Registry: Dataset 1,Pottery registries from excavation: 1985-2016,"OCHRE link: <a href=""https://pi.lib.uchicago.edu/1001/org/ochre/e188b40d-6639-3fb3-83d0-b96bb8f5c2e4"">https://pi.lib.uchicago.edu/1001/org/ochre/e188b40d-6639-3fb3-83d0-b96bb8f5c2e4</a>"
38.64 Pottery Registry 128 (L).pdf,38.64 Pottery Registry 128 (L).jpg,https://pi.lib.uchicago.edu/1001/org/ochre/ce2e1dc5-931d-94e6-02f1-c8acea982289,Pottery Registry: Dataset 1,Pottery registries from excavation: 1985-2016,"OCHRE link: <a href=""https://pi.lib.uchicago.edu/1001/org/ochre/ce2e1dc5-931d-94e6-02f1-c8acea982289"">https://pi.lib.uchicago.edu/1001/org/ochre/ce2e1dc5-931d-94e6-02f1-c8acea982289</a>"
38.64 Pottery Registry 129 (L).pdf,38.64 Pottery Registry 129 (L).jpg,https://pi.lib.uchicago.edu/1001/org/ochre/d72d8396-129f-b8e4-d71c-f78359b9ae5c,Pottery Registry: Dataset 1,Pottery registries from excavation: 1985-2016,"OCHRE link: <a href=""https://pi.lib.uchicago.edu/1001/org/ochre/d72d8396-129f-b8e4-d71c-f78359b9ae5c"">https://pi.lib.uchicago.edu/1001/org/ochre/d72d8396-129f-b8e4-d71c-f78359b9ae5c</a>"
38.64 Pottery Registry 131 (L).pdf,38.64 Pottery Registry 131 (L).jpg,https://pi.lib.uchicago.edu/1001/org/ochre/96775a00-8925-51ea-fbd8-60550cbb99bf,Pottery Registry: Dataset 1,Pottery registries from excavation: 1985-2016,"OCHRE link: <a href=""https://pi.lib.uchicago.edu/1001/org/ochre/96775a00-8925-51ea-fbd8-60550cbb99bf"">https://pi.lib.uchicago.edu/1001/org/ochre/96775a00-8925-51ea-fbd8-60550cbb99bf</a>"
38.64 Pottery Registry 132 (F).pdf,38.64 Pottery Registry 132 (F).jpg,https://pi.lib.uchicago.edu/1001/org/ochre/9697d1f0-aeb6-40fd-4dc1-a6d34c555411,Pottery Registry: Dataset 1,Pottery registries from excavation: 1985-2016,"OCHRE link: <a href=""https://pi.lib.uchicago.edu/1001/org/ochre/9697d1f0-aeb6-40fd-4dc1-a6d34c555411"">https://pi.lib.uchicago.edu/1001/org/ochre/9697d1f0-aeb6-40fd-4dc1-a6d34c555411</a>"
38.64 Pottery Registry 132 (L).pdf,38.64 Pottery Registry 132 (L).jpg,https://pi.lib.uchicago.edu/1001/org/ochre/b0ef8808-68a4-42d7-2b38-3404f4267b7c,Pottery Registry: Dataset 1,Pottery registries from excavation: 1985-2016,"OCHRE link: <a href=""https://pi.lib.uchicago.edu/1001/org/ochre/b0ef8808-68a4-42d7-2b38-3404f4267b7c"">https://pi.lib.uchicago.edu/1001/org/ochre/b0ef8808-68a4-42d7-2b38-3404f4267b7c</a>"
38.64 Pottery Registry 136 (F).pdf,38.64 Pottery Registry 136 (F).jpg,https://pi.lib.uchicago.edu/1001/org/ochre/92ea883b-8c20-338b-cc04-928ffa875d03,Pottery Registry: Dataset 1,Pottery registries from excavation: 1985-2016,"OCHRE link: <a href=""https://pi.lib.uchicago.edu/1001/org/ochre/92ea883b-8c20-338b-cc04-928ffa875d03"">https://pi.lib.uchicago.edu/1001/org/ochre/92ea883b-8c20-338b-cc04-928ffa875d03</a>"
38.64 Pottery Registry 136 (L).pdf,38.64 Pottery Registry 136 (L).jpg,https://pi.lib.uchicago.edu/1001/org/ochre/620a7852-7739-5df3-a6cf-fb5f92999604,Pottery Registry: Dataset 1,Pottery registries from excavation: 1985-2016,"OCHRE link: <a href=""https://pi.lib.uchicago.edu/1001/org/ochre/620a7852-7739-5df3-a6cf-fb5f92999604"">https://pi.lib.uchicago.edu/1001/org/ochre/620a7852-7739-5df3-a6cf-fb5f92999604</a>"
38.64 Pottery Registry 137 (L).pdf,38.64 Pottery Registry 137 (L).jpg,https://pi.lib.uchicago.edu/1001/org/ochre/5a13d4f5-24ff-105c-d0de-c3b09d767602,Pottery Registry: Dataset 1,Pottery registries from excavation: 1985-2016,"OCHRE link: <a href=""https://pi.lib.uchicago.edu/1001/org/ochre/5a13d4f5-24ff-105c-d0de-c3b09d767602"">https://pi.lib.uchicago.edu/1001/org/ochre/5a13d4f5-24ff-105c-d0de-c3b09d767602</a>"
38.64 Pottery Registry 139 (L).pdf,38.64 Pottery Registry 139 (L).jpg,https://pi.lib.uchicago.edu/1001/org/ochre/7ec0983c-072b-78d3-3539-00dd227a1726,Pottery Registry: Dataset 1,Pottery registries from excavation: 1985-2016,"OCHRE link: <a href=""https://pi.lib.uchicago.edu/1001/org/ochre/7ec0983c-072b-78d3-3539-00dd227a1726"">https://pi.lib.uchicago.edu/1001/org/ochre/7ec0983c-072b-78d3-3539-00dd227a1726</a>"
38.64 Pottery Registry 143 (F).pdf,38.64 Pottery Registry 143 (F).jpg,https://pi.lib.uchicago.edu/1001/org/ochre/fd042cf9-6156-3848-6573-cba548eed264,Pottery Registry: Dataset 1,Pottery registries from excavation: 1985-2016,"OCHRE link: <a href=""https://pi.lib.uchicago.edu/1001/org/ochre/fd042cf9-6156-3848-6573-cba548eed264"">https://pi.lib.uchicago.edu/1001/org/ochre/fd042cf9-6156-3848-6573-cba548eed264</a>"
38.64 Pottery Registry 146 (L).pdf,38.64 Pottery Registry 146 (L).jpg,https://pi.lib.uchicago.edu/1001/org/ochre/ae317c9c-902e-d534-5f43-bd0a2f70ca62,Pottery Registry: Dataset 1,Pottery registries from excavation: 1985-2016,"OCHRE link: <a href=""https://pi.lib.uchicago.edu/1001/org/ochre/ae317c9c-902e-d534-5f43-bd0a2f70ca62"">https://pi.lib.uchicago.edu/1001/org/ochre/ae317c9c-902e-d534-5f43-bd0a2f70ca62</a>"
38.64 Pottery Registry 147 (F).pdf,38.64 Pottery Registry 147 (F).jpg,https://pi.lib.uchicago.edu/1001/org/ochre/324fb3d1-c72e-2e5c-2dea-5f16abf904af,Pottery Registry: Dataset 1,Pottery registries from excavation: 1985-2016,"OCHRE link: <a href=""https://pi.lib.uchicago.edu/1001/org/ochre/324fb3d1-c72e-2e5c-2dea-5f16abf904af"">https://pi.lib.uchicago.edu/1001/org/ochre/324fb3d1-c72e-2e5c-2dea-5f16abf904af</a>"
38.64 Pottery Registry 147 (L).pdf,38.64 Pottery Registry 147 (L).jpg,https://pi.lib.uchicago.edu/1001/org/ochre/b5abd39e-2474-f428-0cad-cb16a46be49c,Pottery Registry: Dataset 1,Pottery registries from excavation: 1985-2016,"OCHRE link: <a href=""https://pi.lib.uchicago.edu/1001/org/ochre/b5abd39e-2474-f428-0cad-cb16a46be49c"">https://pi.lib.uchicago.edu/1001/org/ochre/b5abd39e-2474-f428-0cad-cb16a46be49c</a>"
38.64 Pottery Registry 149 (L).pdf,38.64 Pottery Registry 149 (L).jpg,https://pi.lib.uchicago.edu/1001/org/ochre/fefc617d-b9eb-a3bd-1939-c88ecce16557,Pottery Registry: Dataset 1,Pottery registries from excavation: 1985-2016,"OCHRE link: <a href=""https://pi.lib.uchicago.edu/1001/org/ochre/fefc617d-b9eb-a3bd-1939-c88ecce16557"">https://pi.lib.uchicago.edu/1001/org/ochre/fefc617d-b9eb-a3bd-1939-c88ecce16557</a>"
38.64 Pottery Registry 150 (F).pdf,38.64 Pottery Registry 150 (F).jpg,https://pi.lib.uchicago.edu/1001/org/ochre/9f7bb3f6-7873-5a23-fc46-0342dd3c9212,Pottery Registry: Dataset 1,Pottery registries from excavation: 1985-2016,"OCHRE link: <a href=""https://pi.lib.uchicago.edu/1001/org/ochre/9f7bb3f6-7873-5a23-fc46-0342dd3c9212"">https://pi.lib.uchicago.edu/1001/org/ochre/9f7bb3f6-7873-5a23-fc46-0342dd3c9212</a>"
38.64 Pottery Registry 151 (F).pdf,38.64 Pottery Registry 151 (F).jpg,https://pi.lib.uchicago.edu/1001/org/ochre/9114e5e1-56db-82b0-274b-905f06f180b8,Pottery Registry: Dataset 1,Pottery registries from excavation: 1985-2016,"OCHRE link: <a href=""https://pi.lib.uchicago.edu/1001/org/ochre/9114e5e1-56db-82b0-274b-905f06f180b8"">https://pi.lib.uchicago.edu/1001/org/ochre/9114e5e1-56db-82b0-274b-905f06f180b8</a>"
38.64 Pottery Registry 152 (F).pdf,38.64 Pottery Registry 152 (F).jpg,https://pi.lib.uchicago.edu/1001/org/ochre/53f1dd4b-d842-f406-ab5f-78896df385a4,Pottery Registry: Dataset 1,Pottery registries from excavation: 1985-2016,"OCHRE link: <a href=""https://pi.lib.uchicago.edu/1001/org/ochre/53f1dd4b-d842-f406-ab5f-78896df385a4"">https://pi.lib.uchicago.edu/1001/org/ochre/53f1dd4b-d842-f406-ab5f-78896df385a4</a>"
38.64 Pottery Registry 153 (F).pdf,38.64 Pottery Registry 153 (F).jpg,https://pi.lib.uchicago.edu/1001/org/ochre/79b5c814-2b9d-f829-eda6-ef2d26e8523d,Pottery Registry: Dataset 1,Pottery registries from excavation: 1985-2016,"OCHRE link: <a href=""https://pi.lib.uchicago.edu/1001/org/ochre/79b5c814-2b9d-f829-eda6-ef2d26e8523d"">https://pi.lib.uchicago.edu/1001/org/ochre/79b5c814-2b9d-f829-eda6-ef2d26e8523d</a>"
38.64 Pottery Registry 156 (F).pdf,38.64 Pottery Registry 156 (F).jpg,https://pi.lib.uchicago.edu/1001/org/ochre/fb37a697-90c2-4abb-2906-90db1a52a57a,Pottery Registry: Dataset 1,Pottery registries from excavation: 1985-2016,"OCHRE link: <a href=""https://pi.lib.uchicago.edu/1001/org/ochre/fb37a697-90c2-4abb-2906-90db1a52a57a"">https://pi.lib.uchicago.edu/1001/org/ochre/fb37a697-90c2-4abb-2906-90db1a52a57a</a>"
38.64 Pottery Registry 158 (F).pdf,38.64 Pottery Registry 158 (F).jpg,https://pi.lib.uchicago.edu/1001/org/ochre/03f97499-d42f-c6c5-6145-63a522f1b7de,Pottery Registry: Dataset 1,Pottery registries from excavation: 1985-2016,"OCHRE link: <a href=""https://pi.lib.uchicago.edu/1001/org/ochre/03f97499-d42f-c6c5-6145-63a522f1b7de"">https://pi.lib.uchicago.edu/1001/org/ochre/03f97499-d42f-c6c5-6145-63a522f1b7de</a>"
38.64 Pottery Registry 159 (F).pdf,38.64 Pottery Registry 159 (F).jpg,https://pi.lib.uchicago.edu/1001/org/ochre/d36e8e5d-45ca-547e-a594-ba2a431f5d6f,Pottery Registry: Dataset 1,Pottery registries from excavation: 1985-2016,"OCHRE link: <a href=""https://pi.lib.uchicago.edu/1001/org/ochre/d36e8e5d-45ca-547e-a594-ba2a431f5d6f"">https://pi.lib.uchicago.edu/1001/org/ochre/d36e8e5d-45ca-547e-a594-ba2a431f5d6f</a>"
38.64 Pottery Registry 162 (F).pdf,38.64 Pottery Registry 162 (F).jpg,https://pi.lib.uchicago.edu/1001/org/ochre/ff6b01c1-d7ba-366d-8aeb-bec64dfd6a37,Pottery Registry: Dataset 1,Pottery registries from excavation: 1985-2016,"OCHRE link: <a href=""https://pi.lib.uchicago.edu/1001/org/ochre/ff6b01c1-d7ba-366d-8aeb-bec64dfd6a37"">https://pi.lib.uchicago.edu/1001/org/ochre/ff6b01c1-d7ba-366d-8aeb-bec64dfd6a37</a>"
38.64 Pottery Registry 163 (F).pdf,38.64 Pottery Registry 163 (F).jpg,https://pi.lib.uchicago.edu/1001/org/ochre/069b318c-dc19-9cce-1799-a4325fae0421,Pottery Registry: Dataset 1,Pottery registries from excavation: 1985-2016,"OCHRE link: <a href=""https://pi.lib.uchicago.edu/1001/org/ochre/069b318c-dc19-9cce-1799-a4325fae0421"">https://pi.lib.uchicago.edu/1001/org/ochre/069b318c-dc19-9cce-1799-a4325fae0421</a>"
38.64 Pottery Registry 164 (F).pdf,38.64 Pottery Registry 164 (F).jpg,https://pi.lib.uchicago.edu/1001/org/ochre/63253c4e-3937-3c41-76f8-abe0044dfb8e,Pottery Registry: Dataset 1,Pottery registries from excavation: 1985-2016,"OCHRE link: <a href=""https://pi.lib.uchicago.edu/1001/org/ochre/63253c4e-3937-3c41-76f8-abe0044dfb8e"">https://pi.lib.uchicago.edu/1001/org/ochre/63253c4e-3937-3c41-76f8-abe0044dfb8e</a>"
38.64 Pottery Registry 165 (F).pdf,38.64 Pottery Registry 165 (F).jpg,https://pi.lib.uchicago.edu/1001/org/ochre/1761dfeb-3db6-e7a4-07cb-76ae256e2ba4,Pottery Registry: Dataset 1,Pottery registries from excavation: 1985-2016,"OCHRE link: <a href=""https://pi.lib.uchicago.edu/1001/org/ochre/1761dfeb-3db6-e7a4-07cb-76ae256e2ba4"">https://pi.lib.uchicago.edu/1001/org/ochre/1761dfeb-3db6-e7a4-07cb-76ae256e2ba4</a>"
38.64 Pottery Registry 166 (F).pdf,38.64 Pottery Registry 166 (F).jpg,https://pi.lib.uchicago.edu/1001/org/ochre/b110003b-0027-e18d-a033-1ed5a0ecce70,Pottery Registry: Dataset 1,Pottery registries from excavation: 1985-2016,"OCHRE link: <a href=""https://pi.lib.uchicago.edu/1001/org/ochre/b110003b-0027-e18d-a033-1ed5a0ecce70"">https://pi.lib.uchicago.edu/1001/org/ochre/b110003b-0027-e18d-a033-1ed5a0ecce70</a>"
38.64 Pottery Registry 167 (L).pdf,38.64 Pottery Registry 167 (L).jpg,https://pi.lib.uchicago.edu/1001/org/ochre/69394796-31fe-9e4b-cc92-ee1b2203668d,Pottery Registry: Dataset 1,Pottery registries from excavation: 1985-2016,"OCHRE link: <a href=""https://pi.lib.uchicago.edu/1001/org/ochre/69394796-31fe-9e4b-cc92-ee1b2203668d"">https://pi.lib.uchicago.edu/1001/org/ochre/69394796-31fe-9e4b-cc92-ee1b2203668d</a>"
38.64 Pottery Registry 168 (F).pdf,38.64 Pottery Registry 168 (F).jpg,https://pi.lib.uchicago.edu/1001/org/ochre/ae0d71eb-a639-a268-22e6-93a5c83de06b,Pottery Registry: Dataset 1,Pottery registries from excavation: 1985-2016,"OCHRE link: <a href=""https://pi.lib.uchicago.edu/1001/org/ochre/ae0d71eb-a639-a268-22e6-93a5c83de06b"">https://pi.lib.uchicago.edu/1001/org/ochre/ae0d71eb-a639-a268-22e6-93a5c83de06b</a>"
38.64 Pottery Registry 170 (F).pdf,38.64 Pottery Registry 170 (F).jpg,https://pi.lib.uchicago.edu/1001/org/ochre/6b22eba0-5f39-8491-b2bb-81665e76727f,Pottery Registry: Dataset 1,Pottery registries from excavation: 1985-2016,"OCHRE link: <a href=""https://pi.lib.uchicago.edu/1001/org/ochre/6b22eba0-5f39-8491-b2bb-81665e76727f"">https://pi.lib.uchicago.edu/1001/org/ochre/6b22eba0-5f39-8491-b2bb-81665e76727f</a>"
38.64 Pottery Registry 171 (F).pdf,38.64 Pottery Registry 171 (F).jpg,https://pi.lib.uchicago.edu/1001/org/ochre/b375f94e-fa6d-9d68-e8c8-86eac103c29e,Pottery Registry: Dataset 1,Pottery registries from excavation: 1985-2016,"OCHRE link: <a href=""https://pi.lib.uchicago.edu/1001/org/ochre/b375f94e-fa6d-9d68-e8c8-86eac103c29e"">https://pi.lib.uchicago.edu/1001/org/ochre/b375f94e-fa6d-9d68-e8c8-86eac103c29e</a>"
38.64 Pottery Registry 174 (F).pdf,38.64 Pottery Registry 174 (F).jpg,https://pi.lib.uchicago.edu/1001/org/ochre/1d1f8874-9ada-76de-3a7e-61631b7fd8fe,Pottery Registry: Dataset 1,Pottery registries from excavation: 1985-2016,"OCHRE link: <a href=""https://pi.lib.uchicago.edu/1001/org/ochre/1d1f8874-9ada-76de-3a7e-61631b7fd8fe"">https://pi.lib.uchicago.edu/1001/org/ochre/1d1f8874-9ada-76de-3a7e-61631b7fd8fe</a>"
38.64 Pottery Registry 177 (F).pdf,38.64 Pottery Registry 177 (F).jpg,https://pi.lib.uchicago.edu/1001/org/ochre/8d94b7f1-f764-8b79-c087-8a9c9d573455,Pottery Registry: Dataset 1,Pottery registries from excavation: 1985-2016,"OCHRE link: <a href=""https://pi.lib.uchicago.edu/1001/org/ochre/8d94b7f1-f764-8b79-c087-8a9c9d573455"">https://pi.lib.uchicago.edu/1001/org/ochre/8d94b7f1-f764-8b79-c087-8a9c9d573455</a>"
38.64 Pottery Registry 182 (LF).pdf,38.64 Pottery Registry 182 (LF).jpg,https://pi.lib.uchicago.edu/1001/org/ochre/e45e8b1d-c155-915c-f4a4-27498dbd63fc,Pottery Registry: Dataset 1,Pottery registries from excavation: 1985-2016,"OCHRE link: <a href=""https://pi.lib.uchicago.edu/1001/org/ochre/e45e8b1d-c155-915c-f4a4-27498dbd63fc"">https://pi.lib.uchicago.edu/1001/org/ochre/e45e8b1d-c155-915c-f4a4-27498dbd63fc</a>"
38.64 Pottery Registry 188 (L).pdf,38.64 Pottery Registry 188 (L).jpg,https://pi.lib.uchicago.edu/1001/org/ochre/3dedf793-5039-ab7b-e0fb-cc7f1b1f1d00,Pottery Registry: Dataset 1,Pottery registries from excavation: 1985-2016,"OCHRE link: <a href=""https://pi.lib.uchicago.edu/1001/org/ochre/3dedf793-5039-ab7b-e0fb-cc7f1b1f1d00"">https://pi.lib.uchicago.edu/1001/org/ochre/3dedf793-5039-ab7b-e0fb-cc7f1b1f1d00</a>"
38.64 Pottery Registry 196 (F).pdf,38.64 Pottery Registry 196 (F).jpg,https://pi.lib.uchicago.edu/1001/org/ochre/f2344ac5-a10f-67bf-b83d-583bdbaa5688,Pottery Registry: Dataset 1,Pottery registries from excavation: 1985-2016,"OCHRE link: <a href=""https://pi.lib.uchicago.edu/1001/org/ochre/f2344ac5-a10f-67bf-b83d-583bdbaa5688"">https://pi.lib.uchicago.edu/1001/org/ochre/f2344ac5-a10f-67bf-b83d-583bdbaa5688</a>"
38.64 Pottery Registry 197 (F).pdf,38.64 Pottery Registry 197 (F).jpg,https://pi.lib.uchicago.edu/1001/org/ochre/ba741e27-c88d-224e-7f34-d48e1875c8e7,Pottery Registry: Dataset 1,Pottery registries from excavation: 1985-2016,"OCHRE link: <a href=""https://pi.lib.uchicago.edu/1001/org/ochre/ba741e27-c88d-224e-7f34-d48e1875c8e7"">https://pi.lib.uchicago.edu/1001/org/ochre/ba741e27-c88d-224e-7f34-d48e1875c8e7</a>"
38.64 Pottery Registry 202 (F).pdf,38.64 Pottery Registry 202 (F).jpg,https://pi.lib.uchicago.edu/1001/org/ochre/136ed433-dd4c-1f99-5fdd-c008e1b5d323,Pottery Registry: Dataset 1,Pottery registries from excavation: 1985-2016,"OCHRE link: <a href=""https://pi.lib.uchicago.edu/1001/org/ochre/136ed433-dd4c-1f99-5fdd-c008e1b5d323"">https://pi.lib.uchicago.edu/1001/org/ochre/136ed433-dd4c-1f99-5fdd-c008e1b5d323</a>"
38.64 Pottery Registry 210 (L).pdf,38.64 Pottery Registry 210 (L).jpg,https://pi.lib.uchicago.edu/1001/org/ochre/13153256-dc36-c9f7-2de0-d3f5372832d2,Pottery Registry: Dataset 1,Pottery registries from excavation: 1985-2016,"OCHRE link: <a href=""https://pi.lib.uchicago.edu/1001/org/ochre/13153256-dc36-c9f7-2de0-d3f5372832d2"">https://pi.lib.uchicago.edu/1001/org/ochre/13153256-dc36-c9f7-2de0-d3f5372832d2</a>"
38.64 Pottery Registry 214 (L).pdf,38.64 Pottery Registry 214 (L).jpg,https://pi.lib.uchicago.edu/1001/org/ochre/72c2d95c-cf29-8b86-6d5a-8f348d06bf37,Pottery Registry: Dataset 1,Pottery registries from excavation: 1985-2016,"OCHRE link: <a href=""https://pi.lib.uchicago.edu/1001/org/ochre/72c2d95c-cf29-8b86-6d5a-8f348d06bf37"">https://pi.lib.uchicago.edu/1001/org/ochre/72c2d95c-cf29-8b86-6d5a-8f348d06bf37</a>"
38.64 Pottery Registry 228 (L).pdf,38.64 Pottery Registry 228 (L).jpg,https://pi.lib.uchicago.edu/1001/org/ochre/37cd63fd-2240-499d-2aab-97d9e16f6e15,Pottery Registry: Dataset 1,Pottery registries from excavation: 1985-2016,"OCHRE link: <a href=""https://pi.lib.uchicago.edu/1001/org/ochre/37cd63fd-2240-499d-2aab-97d9e16f6e15"">https://pi.lib.uchicago.edu/1001/org/ochre/37cd63fd-2240-499d-2aab-97d9e16f6e15</a>"
38.64 Pottery Registry 502 (L).pdf,38.64 Pottery Registry 502 (L).jpg,https://pi.lib.uchicago.edu/1001/org/ochre/dbad6cff-c290-c8bd-ca62-111e67fe3462,Pottery Registry: Dataset 1,Pottery registries from excavation: 1985-2016,"OCHRE link: <a href=""https://pi.lib.uchicago.edu/1001/org/ochre/dbad6cff-c290-c8bd-ca62-111e67fe3462"">https://pi.lib.uchicago.edu/1001/org/ochre/dbad6cff-c290-c8bd-ca62-111e67fe3462</a>"
38.64 Pottery Registry 527 (L).pdf,38.64 Pottery Registry 527 (L).jpg,https://pi.lib.uchicago.edu/1001/org/ochre/aa390b7c-3ebf-4af3-631a-5b951de96bee,Pottery Registry: Dataset 1,Pottery registries from excavation: 1985-2016,"OCHRE link: <a href=""https://pi.lib.uchicago.edu/1001/org/ochre/aa390b7c-3ebf-4af3-631a-5b951de96bee"">https://pi.lib.uchicago.edu/1001/org/ochre/aa390b7c-3ebf-4af3-631a-5b951de96bee</a>"
38.64 Pottery Registry 528 (L).pdf,38.64 Pottery Registry 528 (L).jpg,https://pi.lib.uchicago.edu/1001/org/ochre/1a992d6b-9a73-85cd-b6e4-1d83e9e12600,Pottery Registry: Dataset 1,Pottery registries from excavation: 1985-2016,"OCHRE link: <a href=""https://pi.lib.uchicago.edu/1001/org/ochre/1a992d6b-9a73-85cd-b6e4-1d83e9e12600"">https://pi.lib.uchicago.edu/1001/org/ochre/1a992d6b-9a73-85cd-b6e4-1d83e9e12600</a>"
38.64 Pottery Registry 533 (F).pdf,38.64 Pottery Registry 533 (F).jpg,https://pi.lib.uchicago.edu/1001/org/ochre/6b01eb87-4922-fb1f-253a-4f030a718729,Pottery Registry: Dataset 1,Pottery registries from excavation: 1985-2016,"OCHRE link: <a href=""https://pi.lib.uchicago.edu/1001/org/ochre/6b01eb87-4922-fb1f-253a-4f030a718729"">https://pi.lib.uchicago.edu/1001/org/ochre/6b01eb87-4922-fb1f-253a-4f030a718729</a>"
38.64 Pottery Registry 535 (L).pdf,38.64 Pottery Registry 535 (L).jpg,https://pi.lib.uchicago.edu/1001/org/ochre/80a1e0ed-a6a7-a851-b1ea-aad8e04e3efd,Pottery Registry: Dataset 1,Pottery registries from excavation: 1985-2016,"OCHRE link: <a href=""https://pi.lib.uchicago.edu/1001/org/ochre/80a1e0ed-a6a7-a851-b1ea-aad8e04e3efd"">https://pi.lib.uchicago.edu/1001/org/ochre/80a1e0ed-a6a7-a851-b1ea-aad8e04e3efd</a>"
38.64 Pottery Registry 537 (L).pdf,38.64 Pottery Registry 537 (L).jpg,https://pi.lib.uchicago.edu/1001/org/ochre/ca78b1b8-65d6-7f7f-9c86-b049aa8d1b92,Pottery Registry: Dataset 1,Pottery registries from excavation: 1985-2016,"OCHRE link: <a href=""https://pi.lib.uchicago.edu/1001/org/ochre/ca78b1b8-65d6-7f7f-9c86-b049aa8d1b92"">https://pi.lib.uchicago.edu/1001/org/ochre/ca78b1b8-65d6-7f7f-9c86-b049aa8d1b92</a>"
38.64 Pottery Registry 542 (L).pdf,38.64 Pottery Registry 542 (L).jpg,https://pi.lib.uchicago.edu/1001/org/ochre/4bc9296b-6cb5-ed85-e752-86817db3ffab,Pottery Registry: Dataset 1,Pottery registries from excavation: 1985-2016,"OCHRE link: <a href=""https://pi.lib.uchicago.edu/1001/org/ochre/4bc9296b-6cb5-ed85-e752-86817db3ffab"">https://pi.lib.uchicago.edu/1001/org/ochre/4bc9296b-6cb5-ed85-e752-86817db3ffab</a>"
38.64 Pottery Registry 547 (L).pdf,38.64 Pottery Registry 547 (L).jpg,https://pi.lib.uchicago.edu/1001/org/ochre/cdacc944-3952-1db5-e976-7a4bbe757639,Pottery Registry: Dataset 1,Pottery registries from excavation: 1985-2016,"OCHRE link: <a href=""https://pi.lib.uchicago.edu/1001/org/ochre/cdacc944-3952-1db5-e976-7a4bbe757639"">https://pi.lib.uchicago.edu/1001/org/ochre/cdacc944-3952-1db5-e976-7a4bbe757639</a>"
38.64 Pottery Registry 555 (L).pdf,38.64 Pottery Registry 555 (L).jpg,https://pi.lib.uchicago.edu/1001/org/ochre/fc845122-688a-094f-375d-e5c9a2352ede,Pottery Registry: Dataset 1,Pottery registries from excavation: 1985-2016,"OCHRE link: <a href=""https://pi.lib.uchicago.edu/1001/org/ochre/fc845122-688a-094f-375d-e5c9a2352ede"">https://pi.lib.uchicago.edu/1001/org/ochre/fc845122-688a-094f-375d-e5c9a2352ede</a>"
38.64 Pottery Registry 556 (L).pdf,38.64 Pottery Registry 556 (L).jpg,https://pi.lib.uchicago.edu/1001/org/ochre/f9a896b3-e1ff-2cf5-b423-81252bb4a390,Pottery Registry: Dataset 1,Pottery registries from excavation: 1985-2016,"OCHRE link: <a href=""https://pi.lib.uchicago.edu/1001/org/ochre/f9a896b3-e1ff-2cf5-b423-81252bb4a390"">https://pi.lib.uchicago.edu/1001/org/ochre/f9a896b3-e1ff-2cf5-b423-81252bb4a390</a>"
38.64 Pottery Registry 558 (L).pdf,38.64 Pottery Registry 558 (L).jpg,https://pi.lib.uchicago.edu/1001/org/ochre/1c409063-7fb3-5551-14e6-2b5cea7f3228,Pottery Registry: Dataset 1,Pottery registries from excavation: 1985-2016,"OCHRE link: <a href=""https://pi.lib.uchicago.edu/1001/org/ochre/1c409063-7fb3-5551-14e6-2b5cea7f3228"">https://pi.lib.uchicago.edu/1001/org/ochre/1c409063-7fb3-5551-14e6-2b5cea7f3228</a>"
38.64 Pottery Registry 560 (L).pdf,38.64 Pottery Registry 560 (L).jpg,https://pi.lib.uchicago.edu/1001/org/ochre/8e331ce5-387f-785c-fc2c-d7f9b904247c,Pottery Registry: Dataset 1,Pottery registries from excavation: 1985-2016,"OCHRE link: <a href=""https://pi.lib.uchicago.edu/1001/org/ochre/8e331ce5-387f-785c-fc2c-d7f9b904247c"">https://pi.lib.uchicago.edu/1001/org/ochre/8e331ce5-387f-785c-fc2c-d7f9b904247c</a>"
38.64 Pottery Registry 561 (L).pdf,38.64 Pottery Registry 561 (L).jpg,https://pi.lib.uchicago.edu/1001/org/ochre/eae6a2cd-2825-fe49-89b2-55bbac5f889e,Pottery Registry: Dataset 1,Pottery registries from excavation: 1985-2016,"OCHRE link: <a href=""https://pi.lib.uchicago.edu/1001/org/ochre/eae6a2cd-2825-fe49-89b2-55bbac5f889e"">https://pi.lib.uchicago.edu/1001/org/ochre/eae6a2cd-2825-fe49-89b2-55bbac5f889e</a>"
38.64 Pottery Registry 566 (L).pdf,38.64 Pottery Registry 566 (L).jpg,https://pi.lib.uchicago.edu/1001/org/ochre/fe924a11-774c-5aba-caa0-bd65a4787706,Pottery Registry: Dataset 1,Pottery registries from excavation: 1985-2016,"OCHRE link: <a href=""https://pi.lib.uchicago.edu/1001/org/ochre/fe924a11-774c-5aba-caa0-bd65a4787706"">https://pi.lib.uchicago.edu/1001/org/ochre/fe924a11-774c-5aba-caa0-bd65a4787706</a>"
38.64 Pottery Registry 567 (L).pdf,38.64 Pottery Registry 567 (L).jpg,https://pi.lib.uchicago.edu/1001/org/ochre/17854052-b95c-126a-dc0c-1880c9acc423,Pottery Registry: Dataset 1,Pottery registries from excavation: 1985-2016,"OCHRE link: <a href=""https://pi.lib.uchicago.edu/1001/org/ochre/17854052-b95c-126a-dc0c-1880c9acc423"">https://pi.lib.uchicago.edu/1001/org/ochre/17854052-b95c-126a-dc0c-1880c9acc423</a>"
38.64 Pottery Registry 568 (L).pdf,38.64 Pottery Registry 568 (L).jpg,https://pi.lib.uchicago.edu/1001/org/ochre/8e36f32b-94ec-c85f-cfd2-9e2a90763dbb,Pottery Registry: Dataset 1,Pottery registries from excavation: 1985-2016,"OCHRE link: <a href=""https://pi.lib.uchicago.edu/1001/org/ochre/8e36f32b-94ec-c85f-cfd2-9e2a90763dbb"">https://pi.lib.uchicago.edu/1001/org/ochre/8e36f32b-94ec-c85f-cfd2-9e2a90763dbb</a>"
38.64 Pottery Registry 609 (F).pdf,38.64 Pottery Registry 609 (F).jpg,https://pi.lib.uchicago.edu/1001/org/ochre/c5119435-c405-8e95-9420-dc916f33ad23,Pottery Registry: Dataset 1,Pottery registries from excavation: 1985-2016,"OCHRE link: <a href=""https://pi.lib.uchicago.edu/1001/org/ochre/c5119435-c405-8e95-9420-dc916f33ad23"">https://pi.lib.uchicago.edu/1001/org/ochre/c5119435-c405-8e95-9420-dc916f33ad23</a>"
38.64 Pottery Registry 743 (L).pdf,38.64 Pottery Registry 743 (L).jpg,https://pi.lib.uchicago.edu/1001/org/ochre/4f10e56d-393c-fdde-541d-6f3a89fc8af6,Pottery Registry: Dataset 1,Pottery registries from excavation: 1985-2016,"OCHRE link: <a href=""https://pi.lib.uchicago.edu/1001/org/ochre/4f10e56d-393c-fdde-541d-6f3a89fc8af6"">https://pi.lib.uchicago.edu/1001/org/ochre/4f10e56d-393c-fdde-541d-6f3a89fc8af6</a>"
38.64 Pottery Registry 764 (L).pdf,38.64 Pottery Registry 764 (L).jpg,https://pi.lib.uchicago.edu/1001/org/ochre/d9278ab6-3a34-9388-43e0-25f3a08e3fa4,Pottery Registry: Dataset 1,Pottery registries from excavation: 1985-2016,"OCHRE link: <a href=""https://pi.lib.uchicago.edu/1001/org/ochre/d9278ab6-3a34-9388-43e0-25f3a08e3fa4"">https://pi.lib.uchicago.edu/1001/org/ochre/d9278ab6-3a34-9388-43e0-25f3a08e3fa4</a>"
38.64 Pottery Registry 776 (LF).pdf,38.64 Pottery Registry 776 (LF).jpg,https://pi.lib.uchicago.edu/1001/org/ochre/70e37442-c900-b151-8669-b1a7164a165b,Pottery Registry: Dataset 1,Pottery registries from excavation: 1985-2016,"OCHRE link: <a href=""https://pi.lib.uchicago.edu/1001/org/ochre/70e37442-c900-b151-8669-b1a7164a165b"">https://pi.lib.uchicago.edu/1001/org/ochre/70e37442-c900-b151-8669-b1a7164a165b</a>"
38.64 Pottery Registry 785 (L).pdf,38.64 Pottery Registry 785 (L).jpg,https://pi.lib.uchicago.edu/1001/org/ochre/83b63f02-2588-ae2b-937a-305993495aea,Pottery Registry: Dataset 1,Pottery registries from excavation: 1985-2016,"OCHRE link: <a href=""https://pi.lib.uchicago.edu/1001/org/ochre/83b63f02-2588-ae2b-937a-305993495aea"">https://pi.lib.uchicago.edu/1001/org/ochre/83b63f02-2588-ae2b-937a-305993495aea</a>"
38.64 Pottery Registry 801 (LF).pdf,38.64 Pottery Registry 801 (LF).jpg,https://pi.lib.uchicago.edu/1001/org/ochre/108b1af9-6775-fc3e-1a82-61f62b48231d,Pottery Registry: Dataset 1,Pottery registries from excavation: 1985-2016,"OCHRE link: <a href=""https://pi.lib.uchicago.edu/1001/org/ochre/108b1af9-6775-fc3e-1a82-61f62b48231d"">https://pi.lib.uchicago.edu/1001/org/ochre/108b1af9-6775-fc3e-1a82-61f62b48231d</a>"
38.64 Pottery Registry 808 (L).pdf,38.64 Pottery Registry 808 (L).jpg,https://pi.lib.uchicago.edu/1001/org/ochre/befa1fe6-ea84-e0b7-983d-26f97a4c1882,Pottery Registry: Dataset 1,Pottery registries from excavation: 1985-2016,"OCHRE link: <a href=""https://pi.lib.uchicago.edu/1001/org/ochre/befa1fe6-ea84-e0b7-983d-26f97a4c1882"">https://pi.lib.uchicago.edu/1001/org/ochre/befa1fe6-ea84-e0b7-983d-26f97a4c1882</a>"
38.64 Pottery Registry 812 (L).pdf,38.64 Pottery Registry 812 (L).jpg,https://pi.lib.uchicago.edu/1001/org/ochre/73227a8b-3b6b-483a-76fd-d607913d8414,Pottery Registry: Dataset 1,Pottery registries from excavation: 1985-2016,"OCHRE link: <a href=""https://pi.lib.uchicago.edu/1001/org/ochre/73227a8b-3b6b-483a-76fd-d607913d8414"">https://pi.lib.uchicago.edu/1001/org/ochre/73227a8b-3b6b-483a-76fd-d607913d8414</a>"
38.64 Pottery Registry 818 (F).pdf,38.64 Pottery Registry 818 (F).jpg,https://pi.lib.uchicago.edu/1001/org/ochre/e185b412-59e4-244a-700e-45beca8469f8,Pottery Registry: Dataset 1,Pottery registries from excavation: 1985-2016,"OCHRE link: <a href=""https://pi.lib.uchicago.edu/1001/org/ochre/e185b412-59e4-244a-700e-45beca8469f8"">https://pi.lib.uchicago.edu/1001/org/ochre/e185b412-59e4-244a-700e-45beca8469f8</a>"
38.64 Pottery Registry 819 (L).pdf,38.64 Pottery Registry 819 (L).jpg,https://pi.lib.uchicago.edu/1001/org/ochre/03b3c61d-d2d5-3b98-7ab7-2afadad7b224,Pottery Registry: Dataset 1,Pottery registries from excavation: 1985-2016,"OCHRE link: <a href=""https://pi.lib.uchicago.edu/1001/org/ochre/03b3c61d-d2d5-3b98-7ab7-2afadad7b224"">https://pi.lib.uchicago.edu/1001/org/ochre/03b3c61d-d2d5-3b98-7ab7-2afadad7b224</a>"
38.64 Pottery Registry 820 (L).pdf,38.64 Pottery Registry 820 (L).jpg,https://pi.lib.uchicago.edu/1001/org/ochre/09bbb4fe-ad4b-0a3a-b259-83b7ac30a274,Pottery Registry: Dataset 1,Pottery registries from excavation: 1985-2016,"OCHRE link: <a href=""https://pi.lib.uchicago.edu/1001/org/ochre/09bbb4fe-ad4b-0a3a-b259-83b7ac30a274"">https://pi.lib.uchicago.edu/1001/org/ochre/09bbb4fe-ad4b-0a3a-b259-83b7ac30a274</a>"
38.64 Pottery Registry 824 (L).pdf,38.64 Pottery Registry 824 (L).jpg,https://pi.lib.uchicago.edu/1001/org/ochre/4162ceeb-33a1-bdb5-8ed2-77202e10c67f,Pottery Registry: Dataset 1,Pottery registries from excavation: 1985-2016,"OCHRE link: <a href=""https://pi.lib.uchicago.edu/1001/org/ochre/4162ceeb-33a1-bdb5-8ed2-77202e10c67f"">https://pi.lib.uchicago.edu/1001/org/ochre/4162ceeb-33a1-bdb5-8ed2-77202e10c67f</a>"
38.64 Pottery Registry 830 (LF).pdf,38.64 Pottery Registry 830 (LF).jpg,https://pi.lib.uchicago.edu/1001/org/ochre/66c84c48-2694-0331-ceca-43d916f2fb1f,Pottery Registry: Dataset 1,Pottery registries from excavation: 1985-2016,"OCHRE link: <a href=""https://pi.lib.uchicago.edu/1001/org/ochre/66c84c48-2694-0331-ceca-43d916f2fb1f"">https://pi.lib.uchicago.edu/1001/org/ochre/66c84c48-2694-0331-ceca-43d916f2fb1f</a>"
38.64 Pottery Registry 862 (L).pdf,38.64 Pottery Registry 862 (L).jpg,https://pi.lib.uchicago.edu/1001/org/ochre/b289c592-d213-a0ac-e368-684e1ec3e21e,Pottery Registry: Dataset 1,Pottery registries from excavation: 1985-2016,"OCHRE link: <a href=""https://pi.lib.uchicago.edu/1001/org/ochre/b289c592-d213-a0ac-e368-684e1ec3e21e"">https://pi.lib.uchicago.edu/1001/org/ochre/b289c592-d213-a0ac-e368-684e1ec3e21e</a>"
38.64 Pottery Registry 865 (L).pdf,38.64 Pottery Registry 865 (L).jpg,https://pi.lib.uchicago.edu/1001/org/ochre/e536c29f-0205-21eb-5729-d800d8747f6f,Pottery Registry: Dataset 1,Pottery registries from excavation: 1985-2016,"OCHRE link: <a href=""https://pi.lib.uchicago.edu/1001/org/ochre/e536c29f-0205-21eb-5729-d800d8747f6f"">https://pi.lib.uchicago.edu/1001/org/ochre/e536c29f-0205-21eb-5729-d800d8747f6f</a>"
38.64 Pottery Registry 883 (L).pdf,38.64 Pottery Registry 883 (L).jpg,https://pi.lib.uchicago.edu/1001/org/ochre/697e1667-979a-4b42-8f9c-a77fb6b92589,Pottery Registry: Dataset 1,Pottery registries from excavation: 1985-2016,"OCHRE link: <a href=""https://pi.lib.uchicago.edu/1001/org/ochre/697e1667-979a-4b42-8f9c-a77fb6b92589"">https://pi.lib.uchicago.edu/1001/org/ochre/697e1667-979a-4b42-8f9c-a77fb6b92589</a>"
38.64 Pottery Registry 888 (L).pdf,38.64 Pottery Registry 888 (L).jpg,https://pi.lib.uchicago.edu/1001/org/ochre/64d806d0-cf77-9f56-2da9-4d74afcb176c,Pottery Registry: Dataset 1,Pottery registries from excavation: 1985-2016,"OCHRE link: <a href=""https://pi.lib.uchicago.edu/1001/org/ochre/64d806d0-cf77-9f56-2da9-4d74afcb176c"">https://pi.lib.uchicago.edu/1001/org/ochre/64d806d0-cf77-9f56-2da9-4d74afcb176c</a>"
38.64 Pottery Registry 896 (L).pdf,38.64 Pottery Registry 896 (L).jpg,https://pi.lib.uchicago.edu/1001/org/ochre/bbeeb352-3641-65fd-fa1f-2206c77356ca,Pottery Registry: Dataset 1,Pottery registries from excavation: 1985-2016,"OCHRE link: <a href=""https://pi.lib.uchicago.edu/1001/org/ochre/bbeeb352-3641-65fd-fa1f-2206c77356ca"">https://pi.lib.uchicago.edu/1001/org/ochre/bbeeb352-3641-65fd-fa1f-2206c77356ca</a>"
38.64 Pottery Registry 900 (L).pdf,38.64 Pottery Registry 900 (L).jpg,https://pi.lib.uchicago.edu/1001/org/ochre/8b8ffac8-6302-da2d-893b-e4a232234c39,Pottery Registry: Dataset 1,Pottery registries from excavation: 1985-2016,"OCHRE link: <a href=""https://pi.lib.uchicago.edu/1001/org/ochre/8b8ffac8-6302-da2d-893b-e4a232234c39"">https://pi.lib.uchicago.edu/1001/org/ochre/8b8ffac8-6302-da2d-893b-e4a232234c39</a>"
38.64 Pottery Registry Miscellaneous.pdf,38.64 Pottery Registry Miscellaneous.jpg,https://pi.lib.uchicago.edu/1001/org/ochre/89d56ce4-8fe2-b39f-6b3b-e515908f5ce6,Pottery Registry: Dataset 1,Pottery registries from excavation: 1985-2016,"OCHRE link: <a href=""https://pi.lib.uchicago.edu/1001/org/ochre/89d56ce4-8fe2-b39f-6b3b-e515908f5ce6"">https://pi.lib.uchicago.edu/1001/org/ochre/89d56ce4-8fe2-b39f-6b3b-e515908f5ce6</a>"
38.65 Pottery Registry 001 (L).pdf,38.65 Pottery Registry 001 (L).jpg,https://pi.lib.uchicago.edu/1001/org/ochre/bc7fad44-7bc8-8887-ad42-7995db68c7b9,Pottery Registry: Dataset 1,Pottery registries from excavation: 1985-2016,"OCHRE link: <a href=""https://pi.lib.uchicago.edu/1001/org/ochre/bc7fad44-7bc8-8887-ad42-7995db68c7b9"">https://pi.lib.uchicago.edu/1001/org/ochre/bc7fad44-7bc8-8887-ad42-7995db68c7b9</a>"
38.65 Pottery Registry 008 (F).pdf,38.65 Pottery Registry 008 (F).jpg,https://pi.lib.uchicago.edu/1001/org/ochre/ef4bc653-6382-2e43-6620-56254e991402,Pottery Registry: Dataset 1,Pottery registries from excavation: 1985-2016,"OCHRE link: <a href=""https://pi.lib.uchicago.edu/1001/org/ochre/ef4bc653-6382-2e43-6620-56254e991402"">https://pi.lib.uchicago.edu/1001/org/ochre/ef4bc653-6382-2e43-6620-56254e991402</a>"
38.65 Pottery Registry 010 (F).pdf,38.65 Pottery Registry 010 (F).jpg,https://pi.lib.uchicago.edu/1001/org/ochre/434a2eeb-09c6-60a0-3335-5a14e4c8e195,Pottery Registry: Dataset 1,Pottery registries from excavation: 1985-2016,"OCHRE link: <a href=""https://pi.lib.uchicago.edu/1001/org/ochre/434a2eeb-09c6-60a0-3335-5a14e4c8e195"">https://pi.lib.uchicago.edu/1001/org/ochre/434a2eeb-09c6-60a0-3335-5a14e4c8e195</a>"
38.65 Pottery Registry 013 (L).pdf,38.65 Pottery Registry 013 (L).jpg,https://pi.lib.uchicago.edu/1001/org/ochre/b2078b1c-bc36-a642-e683-6a633074e857,Pottery Registry: Dataset 1,Pottery registries from excavation: 1985-2016,"OCHRE link: <a href=""https://pi.lib.uchicago.edu/1001/org/ochre/b2078b1c-bc36-a642-e683-6a633074e857"">https://pi.lib.uchicago.edu/1001/org/ochre/b2078b1c-bc36-a642-e683-6a633074e857</a>"
38.65 Pottery Registry 014 (L).pdf,38.65 Pottery Registry 014 (L).jpg,https://pi.lib.uchicago.edu/1001/org/ochre/48eac75b-af59-971e-7e5f-9649ccf84d99,Pottery Registry: Dataset 1,Pottery registries from excavation: 1985-2016,"OCHRE link: <a href=""https://pi.lib.uchicago.edu/1001/org/ochre/48eac75b-af59-971e-7e5f-9649ccf84d99"">https://pi.lib.uchicago.edu/1001/org/ochre/48eac75b-af59-971e-7e5f-9649ccf84d99</a>"
38.65 Pottery Registry 015 (L).pdf,38.65 Pottery Registry 015 (L).jpg,https://pi.lib.uchicago.edu/1001/org/ochre/cc97ec6e-99a1-aa45-fa46-23ff8a5ea672,Pottery Registry: Dataset 1,Pottery registries from excavation: 1985-2016,"OCHRE link: <a href=""https://pi.lib.uchicago.edu/1001/org/ochre/cc97ec6e-99a1-aa45-fa46-23ff8a5ea672"">https://pi.lib.uchicago.edu/1001/org/ochre/cc97ec6e-99a1-aa45-fa46-23ff8a5ea672</a>"
38.73 Pottery Registry 001 (F).pdf,38.73 Pottery Registry 001 (F).jpg,https://pi.lib.uchicago.edu/1001/org/ochre/cbdcd978-f3e9-beba-2068-79b48172ad81,Pottery Registry: Dataset 1,Pottery registries from excavation: 1985-2016,"OCHRE link: <a href=""https://pi.lib.uchicago.edu/1001/org/ochre/cbdcd978-f3e9-beba-2068-79b48172ad81"">https://pi.lib.uchicago.edu/1001/org/ochre/cbdcd978-f3e9-beba-2068-79b48172ad81</a>"
38.73 Pottery Registry 001 (L).pdf,38.73 Pottery Registry 001 (L).jpg,https://pi.lib.uchicago.edu/1001/org/ochre/9be88761-e59b-da04-0a68-3bd33c29aeed,Pottery Registry: Dataset 1,Pottery registries from excavation: 1985-2016,"OCHRE link: <a href=""https://pi.lib.uchicago.edu/1001/org/ochre/9be88761-e59b-da04-0a68-3bd33c29aeed"">https://pi.lib.uchicago.edu/1001/org/ochre/9be88761-e59b-da04-0a68-3bd33c29aeed</a>"
38.73 Pottery Registry 003 (F).pdf,38.73 Pottery Registry 003 (F).jpg,https://pi.lib.uchicago.edu/1001/org/ochre/8fd800eb-de5b-d8d4-df95-bb51501a76b2,Pottery Registry: Dataset 1,Pottery registries from excavation: 1985-2016,"OCHRE link: <a href=""https://pi.lib.uchicago.edu/1001/org/ochre/8fd800eb-de5b-d8d4-df95-bb51501a76b2"">https://pi.lib.uchicago.edu/1001/org/ochre/8fd800eb-de5b-d8d4-df95-bb51501a76b2</a>"
38.73 Pottery Registry 003 (L).pdf,38.73 Pottery Registry 003 (L).jpg,https://pi.lib.uchicago.edu/1001/org/ochre/6fc2b2a4-c94c-82d0-0cc6-0e111fbfa9cb,Pottery Registry: Dataset 1,Pottery registries from excavation: 1985-2016,"OCHRE link: <a href=""https://pi.lib.uchicago.edu/1001/org/ochre/6fc2b2a4-c94c-82d0-0cc6-0e111fbfa9cb"">https://pi.lib.uchicago.edu/1001/org/ochre/6fc2b2a4-c94c-82d0-0cc6-0e111fbfa9cb</a>"
38.73 Pottery Registry 004 (L).pdf,38.73 Pottery Registry 004 (L).jpg,https://pi.lib.uchicago.edu/1001/org/ochre/dde4a179-3861-2c72-adac-3fef97fc3e1a,Pottery Registry: Dataset 1,Pottery registries from excavation: 1985-2016,"OCHRE link: <a href=""https://pi.lib.uchicago.edu/1001/org/ochre/dde4a179-3861-2c72-adac-3fef97fc3e1a"">https://pi.lib.uchicago.edu/1001/org/ochre/dde4a179-3861-2c72-adac-3fef97fc3e1a</a>"
38.73 Pottery Registry 005 (L).pdf,38.73 Pottery Registry 005 (L).jpg,https://pi.lib.uchicago.edu/1001/org/ochre/c9f368fd-370c-2072-a21f-ddeee168976c,Pottery Registry: Dataset 1,Pottery registries from excavation: 1985-2016,"OCHRE link: <a href=""https://pi.lib.uchicago.edu/1001/org/ochre/c9f368fd-370c-2072-a21f-ddeee168976c"">https://pi.lib.uchicago.edu/1001/org/ochre/c9f368fd-370c-2072-a21f-ddeee168976c</a>"
38.73 Pottery Registry 006 (L).pdf,38.73 Pottery Registry 006 (L).jpg,https://pi.lib.uchicago.edu/1001/org/ochre/f9369f5c-5caa-fb1b-227b-27f9ed67e8cd,Pottery Registry: Dataset 1,Pottery registries from excavation: 1985-2016,"OCHRE link: <a href=""https://pi.lib.uchicago.edu/1001/org/ochre/f9369f5c-5caa-fb1b-227b-27f9ed67e8cd"">https://pi.lib.uchicago.edu/1001/org/ochre/f9369f5c-5caa-fb1b-227b-27f9ed67e8cd</a>"
38.73 Pottery Registry 009 (L).pdf,38.73 Pottery Registry 009 (L).jpg,https://pi.lib.uchicago.edu/1001/org/ochre/300f7144-7414-0934-9205-bb1b70cf36c2,Pottery Registry: Dataset 1,Pottery registries from excavation: 1985-2016,"OCHRE link: <a href=""https://pi.lib.uchicago.edu/1001/org/ochre/300f7144-7414-0934-9205-bb1b70cf36c2"">https://pi.lib.uchicago.edu/1001/org/ochre/300f7144-7414-0934-9205-bb1b70cf36c2</a>"
38.73 Pottery Registry 010 (L).pdf,38.73 Pottery Registry 010 (L).jpg,https://pi.lib.uchicago.edu/1001/org/ochre/6321ad00-f771-a0b8-00ce-2ff69b7e2641,Pottery Registry: Dataset 1,Pottery registries from excavation: 1985-2016,"OCHRE link: <a href=""https://pi.lib.uchicago.edu/1001/org/ochre/6321ad00-f771-a0b8-00ce-2ff69b7e2641"">https://pi.lib.uchicago.edu/1001/org/ochre/6321ad00-f771-a0b8-00ce-2ff69b7e2641</a>"
38.73 Pottery Registry 011 (L).pdf,38.73 Pottery Registry 011 (L).jpg,https://pi.lib.uchicago.edu/1001/org/ochre/afc853c2-853c-2144-783e-5197ff624052,Pottery Registry: Dataset 1,Pottery registries from excavation: 1985-2016,"OCHRE link: <a href=""https://pi.lib.uchicago.edu/1001/org/ochre/afc853c2-853c-2144-783e-5197ff624052"">https://pi.lib.uchicago.edu/1001/org/ochre/afc853c2-853c-2144-783e-5197ff624052</a>"
38.73 Pottery Registry 012 (L).pdf,38.73 Pottery Registry 012 (L).jpg,https://pi.lib.uchicago.edu/1001/org/ochre/1c8bf911-d242-e4fe-49a2-d4a8a11d02f0,Pottery Registry: Dataset 1,Pottery registries from excavation: 1985-2016,"OCHRE link: <a href=""https://pi.lib.uchicago.edu/1001/org/ochre/1c8bf911-d242-e4fe-49a2-d4a8a11d02f0"">https://pi.lib.uchicago.edu/1001/org/ochre/1c8bf911-d242-e4fe-49a2-d4a8a11d02f0</a>"
38.73 Pottery Registry 014 (L).pdf,38.73 Pottery Registry 014 (L).jpg,https://pi.lib.uchicago.edu/1001/org/ochre/46604490-10d7-685b-a672-96012de7a415,Pottery Registry: Dataset 1,Pottery registries from excavation: 1985-2016,"OCHRE link: <a href=""https://pi.lib.uchicago.edu/1001/org/ochre/46604490-10d7-685b-a672-96012de7a415"">https://pi.lib.uchicago.edu/1001/org/ochre/46604490-10d7-685b-a672-96012de7a415</a>"
38.73 Pottery Registry 019 (L).pdf,38.73 Pottery Registry 019 (L).jpg,https://pi.lib.uchicago.edu/1001/org/ochre/0e021c8f-7252-07c1-96ce-a9d78dc9019c,Pottery Registry: Dataset 1,Pottery registries from excavation: 1985-2016,"OCHRE link: <a href=""https://pi.lib.uchicago.edu/1001/org/ochre/0e021c8f-7252-07c1-96ce-a9d78dc9019c"">https://pi.lib.uchicago.edu/1001/org/ochre/0e021c8f-7252-07c1-96ce-a9d78dc9019c</a>"
38.73 Pottery Registry 023 (L).pdf,38.73 Pottery Registry 023 (L).jpg,https://pi.lib.uchicago.edu/1001/org/ochre/a32cf247-d0b3-2b6e-0d0d-28beacb78356,Pottery Registry: Dataset 1,Pottery registries from excavation: 1985-2016,"OCHRE link: <a href=""https://pi.lib.uchicago.edu/1001/org/ochre/a32cf247-d0b3-2b6e-0d0d-28beacb78356"">https://pi.lib.uchicago.edu/1001/org/ochre/a32cf247-d0b3-2b6e-0d0d-28beacb78356</a>"
38.73 Pottery Registry 025 (L).pdf,38.73 Pottery Registry 025 (L).jpg,https://pi.lib.uchicago.edu/1001/org/ochre/1944bc34-1722-79b8-0ad3-c30a882933a3,Pottery Registry: Dataset 1,Pottery registries from excavation: 1985-2016,"OCHRE link: <a href=""https://pi.lib.uchicago.edu/1001/org/ochre/1944bc34-1722-79b8-0ad3-c30a882933a3"">https://pi.lib.uchicago.edu/1001/org/ochre/1944bc34-1722-79b8-0ad3-c30a882933a3</a>"
38.73 Pottery Registry 029 (L).pdf,38.73 Pottery Registry 029 (L).jpg,https://pi.lib.uchicago.edu/1001/org/ochre/92775a34-ef74-b61b-ff61-919dbbbbe0c4,Pottery Registry: Dataset 1,Pottery registries from excavation: 1985-2016,"OCHRE link: <a href=""https://pi.lib.uchicago.edu/1001/org/ochre/92775a34-ef74-b61b-ff61-919dbbbbe0c4"">https://pi.lib.uchicago.edu/1001/org/ochre/92775a34-ef74-b61b-ff61-919dbbbbe0c4</a>"
38.73 Pottery Registry 030 (L).pdf,38.73 Pottery Registry 030 (L).jpg,https://pi.lib.uchicago.edu/1001/org/ochre/5853d010-9397-3cb4-9a3e-5952b7fd6c37,Pottery Registry: Dataset 1,Pottery registries from excavation: 1985-2016,"OCHRE link: <a href=""https://pi.lib.uchicago.edu/1001/org/ochre/5853d010-9397-3cb4-9a3e-5952b7fd6c37"">https://pi.lib.uchicago.edu/1001/org/ochre/5853d010-9397-3cb4-9a3e-5952b7fd6c37</a>"
38.73 Pottery Registry 031 (L).pdf,38.73 Pottery Registry 031 (L).jpg,https://pi.lib.uchicago.edu/1001/org/ochre/b38828ea-34df-55b3-67be-bd4e59e5d8f0,Pottery Registry: Dataset 1,Pottery registries from excavation: 1985-2016,"OCHRE link: <a href=""https://pi.lib.uchicago.edu/1001/org/ochre/b38828ea-34df-55b3-67be-bd4e59e5d8f0"">https://pi.lib.uchicago.edu/1001/org/ochre/b38828ea-34df-55b3-67be-bd4e59e5d8f0</a>"
38.73 Pottery Registry 033 (L).pdf,38.73 Pottery Registry 033 (L).jpg,https://pi.lib.uchicago.edu/1001/org/ochre/16724024-0d31-2d39-9374-e7044833801c,Pottery Registry: Dataset 1,Pottery registries from excavation: 1985-2016,"OCHRE link: <a href=""https://pi.lib.uchicago.edu/1001/org/ochre/16724024-0d31-2d39-9374-e7044833801c"">https://pi.lib.uchicago.edu/1001/org/ochre/16724024-0d31-2d39-9374-e7044833801c</a>"
38.73 Pottery Registry 035 (L).pdf,38.73 Pottery Registry 035 (L).jpg,https://pi.lib.uchicago.edu/1001/org/ochre/a477e64a-9faa-e6b4-a6f0-928915a74e64,Pottery Registry: Dataset 1,Pottery registries from excavation: 1985-2016,"OCHRE link: <a href=""https://pi.lib.uchicago.edu/1001/org/ochre/a477e64a-9faa-e6b4-a6f0-928915a74e64"">https://pi.lib.uchicago.edu/1001/org/ochre/a477e64a-9faa-e6b4-a6f0-928915a74e64</a>"
38.73 Pottery Registry 036 (F).pdf,38.73 Pottery Registry 036 (F).jpg,https://pi.lib.uchicago.edu/1001/org/ochre/d0be0c71-5f49-7237-4187-77c8b74dc42d,Pottery Registry: Dataset 1,Pottery registries from excavation: 1985-2016,"OCHRE link: <a href=""https://pi.lib.uchicago.edu/1001/org/ochre/d0be0c71-5f49-7237-4187-77c8b74dc42d"">https://pi.lib.uchicago.edu/1001/org/ochre/d0be0c71-5f49-7237-4187-77c8b74dc42d</a>"
38.73 Pottery Registry 037 (L).pdf,38.73 Pottery Registry 037 (L).jpg,https://pi.lib.uchicago.edu/1001/org/ochre/36917f1b-fa1d-9ce9-90e2-12f1dbc7c71f,Pottery Registry: Dataset 1,Pottery registries from excavation: 1985-2016,"OCHRE link: <a href=""https://pi.lib.uchicago.edu/1001/org/ochre/36917f1b-fa1d-9ce9-90e2-12f1dbc7c71f"">https://pi.lib.uchicago.edu/1001/org/ochre/36917f1b-fa1d-9ce9-90e2-12f1dbc7c71f</a>"
38.73 Pottery Registry 043 (L).pdf,38.73 Pottery Registry 043 (L).jpg,https://pi.lib.uchicago.edu/1001/org/ochre/d28a5343-b081-8614-6949-46eed37ce103,Pottery Registry: Dataset 1,Pottery registries from excavation: 1985-2016,"OCHRE link: <a href=""https://pi.lib.uchicago.edu/1001/org/ochre/d28a5343-b081-8614-6949-46eed37ce103"">https://pi.lib.uchicago.edu/1001/org/ochre/d28a5343-b081-8614-6949-46eed37ce103</a>"
38.73 Pottery Registry 053 (L).pdf,38.73 Pottery Registry 053 (L).jpg,https://pi.lib.uchicago.edu/1001/org/ochre/ae2da9eb-c36f-a44b-fa09-44889174734f,Pottery Registry: Dataset 1,Pottery registries from excavation: 1985-2016,"OCHRE link: <a href=""https://pi.lib.uchicago.edu/1001/org/ochre/ae2da9eb-c36f-a44b-fa09-44889174734f"">https://pi.lib.uchicago.edu/1001/org/ochre/ae2da9eb-c36f-a44b-fa09-44889174734f</a>"
38.73 Pottery Registry 056 (L).pdf,38.73 Pottery Registry 056 (L).jpg,https://pi.lib.uchicago.edu/1001/org/ochre/066e1b42-c0a6-f10a-d5fe-0879b609c91f,Pottery Registry: Dataset 1,Pottery registries from excavation: 1985-2016,"OCHRE link: <a href=""https://pi.lib.uchicago.edu/1001/org/ochre/066e1b42-c0a6-f10a-d5fe-0879b609c91f"">https://pi.lib.uchicago.edu/1001/org/ochre/066e1b42-c0a6-f10a-d5fe-0879b609c91f</a>"
38.73 Pottery Registry 057 (L).pdf,38.73 Pottery Registry 057 (L).jpg,https://pi.lib.uchicago.edu/1001/org/ochre/2185d8ef-cfc6-1f93-341a-f0b2f0a7ff80,Pottery Registry: Dataset 1,Pottery registries from excavation: 1985-2016,"OCHRE link: <a href=""https://pi.lib.uchicago.edu/1001/org/ochre/2185d8ef-cfc6-1f93-341a-f0b2f0a7ff80"">https://pi.lib.uchicago.edu/1001/org/ochre/2185d8ef-cfc6-1f93-341a-f0b2f0a7ff80</a>"
38.73 Pottery Registry 058 (L).pdf,38.73 Pottery Registry 058 (L).jpg,https://pi.lib.uchicago.edu/1001/org/ochre/1f031689-fc09-c2bb-ce7c-981821c977b3,Pottery Registry: Dataset 1,Pottery registries from excavation: 1985-2016,"OCHRE link: <a href=""https://pi.lib.uchicago.edu/1001/org/ochre/1f031689-fc09-c2bb-ce7c-981821c977b3"">https://pi.lib.uchicago.edu/1001/org/ochre/1f031689-fc09-c2bb-ce7c-981821c977b3</a>"
38.73 Pottery Registry 060 (L).pdf,38.73 Pottery Registry 060 (L).jpg,https://pi.lib.uchicago.edu/1001/org/ochre/506376f8-e693-db4c-b3c1-16d62fd63be4,Pottery Registry: Dataset 1,Pottery registries from excavation: 1985-2016,"OCHRE link: <a href=""https://pi.lib.uchicago.edu/1001/org/ochre/506376f8-e693-db4c-b3c1-16d62fd63be4"">https://pi.lib.uchicago.edu/1001/org/ochre/506376f8-e693-db4c-b3c1-16d62fd63be4</a>"
38.73 Pottery Registry 061 (L).pdf,38.73 Pottery Registry 061 (L).jpg,https://pi.lib.uchicago.edu/1001/org/ochre/dfc9441d-6f47-9a06-72fa-f672919d72de,Pottery Registry: Dataset 1,Pottery registries from excavation: 1985-2016,"OCHRE link: <a href=""https://pi.lib.uchicago.edu/1001/org/ochre/dfc9441d-6f47-9a06-72fa-f672919d72de"">https://pi.lib.uchicago.edu/1001/org/ochre/dfc9441d-6f47-9a06-72fa-f672919d72de</a>"
38.73 Pottery Registry 065 (L).pdf,38.73 Pottery Registry 065 (L).jpg,https://pi.lib.uchicago.edu/1001/org/ochre/a62796c1-4d16-66e4-efe3-c3d5acbb068c,Pottery Registry: Dataset 1,Pottery registries from excavation: 1985-2016,"OCHRE link: <a href=""https://pi.lib.uchicago.edu/1001/org/ochre/a62796c1-4d16-66e4-efe3-c3d5acbb068c"">https://pi.lib.uchicago.edu/1001/org/ochre/a62796c1-4d16-66e4-efe3-c3d5acbb068c</a>"
38.73 Pottery Registry 069 (L).pdf,38.73 Pottery Registry 069 (L).jpg,https://pi.lib.uchicago.edu/1001/org/ochre/45a9906b-013c-d6f5-4122-b8664f7cbaf4,Pottery Registry: Dataset 1,Pottery registries from excavation: 1985-2016,"OCHRE link: <a href=""https://pi.lib.uchicago.edu/1001/org/ochre/45a9906b-013c-d6f5-4122-b8664f7cbaf4"">https://pi.lib.uchicago.edu/1001/org/ochre/45a9906b-013c-d6f5-4122-b8664f7cbaf4</a>"
38.73 Pottery Registry 104 (L).pdf,38.73 Pottery Registry 104 (L).jpg,https://pi.lib.uchicago.edu/1001/org/ochre/41a0c72d-a1f9-1e34-054f-d3ecc5827f62,Pottery Registry: Dataset 1,Pottery registries from excavation: 1985-2016,"OCHRE link: <a href=""https://pi.lib.uchicago.edu/1001/org/ochre/41a0c72d-a1f9-1e34-054f-d3ecc5827f62"">https://pi.lib.uchicago.edu/1001/org/ochre/41a0c72d-a1f9-1e34-054f-d3ecc5827f62</a>"
38.73 Pottery Registry 113 (L).pdf,38.73 Pottery Registry 113 (L).jpg,https://pi.lib.uchicago.edu/1001/org/ochre/9f533937-69d1-3911-706b-85d817494329,Pottery Registry: Dataset 1,Pottery registries from excavation: 1985-2016,"OCHRE link: <a href=""https://pi.lib.uchicago.edu/1001/org/ochre/9f533937-69d1-3911-706b-85d817494329"">https://pi.lib.uchicago.edu/1001/org/ochre/9f533937-69d1-3911-706b-85d817494329</a>"
38.73 Pottery Registry 362 (L).pdf,38.73 Pottery Registry 362 (L).jpg,https://pi.lib.uchicago.edu/1001/org/ochre/50505cde-6c87-c630-e872-3ee0c1a39540,Pottery Registry: Dataset 1,Pottery registries from excavation: 1985-2016,"OCHRE link: <a href=""https://pi.lib.uchicago.edu/1001/org/ochre/50505cde-6c87-c630-e872-3ee0c1a39540"">https://pi.lib.uchicago.edu/1001/org/ochre/50505cde-6c87-c630-e872-3ee0c1a39540</a>"
38.73 Pottery Registry 374 (L).pdf,38.73 Pottery Registry 374 (L).jpg,https://pi.lib.uchicago.edu/1001/org/ochre/1e0f85d8-0fa5-9907-ca0a-349889850261,Pottery Registry: Dataset 1,Pottery registries from excavation: 1985-2016,"OCHRE link: <a href=""https://pi.lib.uchicago.edu/1001/org/ochre/1e0f85d8-0fa5-9907-ca0a-349889850261"">https://pi.lib.uchicago.edu/1001/org/ochre/1e0f85d8-0fa5-9907-ca0a-349889850261</a>"
38.73 Pottery Registry 383 (LF).pdf,38.73 Pottery Registry 383 (LF).jpg,https://pi.lib.uchicago.edu/1001/org/ochre/f93fd6ef-1301-61ca-66c2-fc931f219455,Pottery Registry: Dataset 1,Pottery registries from excavation: 1985-2016,"OCHRE link: <a href=""https://pi.lib.uchicago.edu/1001/org/ochre/f93fd6ef-1301-61ca-66c2-fc931f219455"">https://pi.lib.uchicago.edu/1001/org/ochre/f93fd6ef-1301-61ca-66c2-fc931f219455</a>"
38.73 Pottery Registry 408 (L).pdf,38.73 Pottery Registry 408 (L).jpg,https://pi.lib.uchicago.edu/1001/org/ochre/97ba61ee-ced9-fdbe-7acd-26a426904887,Pottery Registry: Dataset 1,Pottery registries from excavation: 1985-2016,"OCHRE link: <a href=""https://pi.lib.uchicago.edu/1001/org/ochre/97ba61ee-ced9-fdbe-7acd-26a426904887"">https://pi.lib.uchicago.edu/1001/org/ochre/97ba61ee-ced9-fdbe-7acd-26a426904887</a>"
38.73 Pottery Registry 424 (L).pdf,38.73 Pottery Registry 424 (L).jpg,https://pi.lib.uchicago.edu/1001/org/ochre/ba83385c-0321-19b6-98cc-d5ac5896f5b9,Pottery Registry: Dataset 1,Pottery registries from excavation: 1985-2016,"OCHRE link: <a href=""https://pi.lib.uchicago.edu/1001/org/ochre/ba83385c-0321-19b6-98cc-d5ac5896f5b9"">https://pi.lib.uchicago.edu/1001/org/ochre/ba83385c-0321-19b6-98cc-d5ac5896f5b9</a>"
38.73 Pottery Registry 425 (L).pdf,38.73 Pottery Registry 425 (L).jpg,https://pi.lib.uchicago.edu/1001/org/ochre/00c96bb2-f49c-be75-049e-bf4b61e88061,Pottery Registry: Dataset 1,Pottery registries from excavation: 1985-2016,"OCHRE link: <a href=""https://pi.lib.uchicago.edu/1001/org/ochre/00c96bb2-f49c-be75-049e-bf4b61e88061"">https://pi.lib.uchicago.edu/1001/org/ochre/00c96bb2-f49c-be75-049e-bf4b61e88061</a>"
38.73 Pottery Registry 434 (F).pdf,38.73 Pottery Registry 434 (F).jpg,https://pi.lib.uchicago.edu/1001/org/ochre/73c37edc-134f-e3c0-6886-46861f389d63,Pottery Registry: Dataset 1,Pottery registries from excavation: 1985-2016,"OCHRE link: <a href=""https://pi.lib.uchicago.edu/1001/org/ochre/73c37edc-134f-e3c0-6886-46861f389d63"">https://pi.lib.uchicago.edu/1001/org/ochre/73c37edc-134f-e3c0-6886-46861f389d63</a>"
38.73 Pottery Registry Miscellaneous.pdf,38.73 Pottery Registry Miscellaneous.jpg,https://pi.lib.uchicago.edu/1001/org/ochre/347b9413-c9c0-b857-f328-62554573cfa1,Pottery Registry: Dataset 1,Pottery registries from excavation: 1985-2016,"OCHRE link: <a href=""https://pi.lib.uchicago.edu/1001/org/ochre/347b9413-c9c0-b857-f328-62554573cfa1"">https://pi.lib.uchicago.edu/1001/org/ochre/347b9413-c9c0-b857-f328-62554573cfa1</a>"
38.74 Pottery Registry 001 (L).pdf,38.74 Pottery Registry 001 (L).jpg,https://pi.lib.uchicago.edu/1001/org/ochre/ed35c44b-3134-4492-ad44-29d6618c5b9b,Pottery Registry: Dataset 1,Pottery registries from excavation: 1985-2016,"OCHRE link: <a href=""https://pi.lib.uchicago.edu/1001/org/ochre/ed35c44b-3134-4492-ad44-29d6618c5b9b"">https://pi.lib.uchicago.edu/1001/org/ochre/ed35c44b-3134-4492-ad44-29d6618c5b9b</a>"
38.74 Pottery Registry 003 (L).pdf,38.74 Pottery Registry 003 (L).jpg,https://pi.lib.uchicago.edu/1001/org/ochre/adc3a9c6-9554-2f41-1138-dba2ca96bd07,Pottery Registry: Dataset 1,Pottery registries from excavation: 1985-2016,"OCHRE link: <a href=""https://pi.lib.uchicago.edu/1001/org/ochre/adc3a9c6-9554-2f41-1138-dba2ca96bd07"">https://pi.lib.uchicago.edu/1001/org/ochre/adc3a9c6-9554-2f41-1138-dba2ca96bd07</a>"
38.74 Pottery Registry 004 (L).pdf,38.74 Pottery Registry 004 (L).jpg,https://pi.lib.uchicago.edu/1001/org/ochre/6553e3fc-99a6-2df8-aa74-b00b5f620465,Pottery Registry: Dataset 1,Pottery registries from excavation: 1985-2016,"OCHRE link: <a href=""https://pi.lib.uchicago.edu/1001/org/ochre/6553e3fc-99a6-2df8-aa74-b00b5f620465"">https://pi.lib.uchicago.edu/1001/org/ochre/6553e3fc-99a6-2df8-aa74-b00b5f620465</a>"
38.74 Pottery Registry 005 (L).pdf,38.74 Pottery Registry 005 (L).jpg,https://pi.lib.uchicago.edu/1001/org/ochre/7c43308c-b04f-139b-657e-adc38fefa35d,Pottery Registry: Dataset 1,Pottery registries from excavation: 1985-2016,"OCHRE link: <a href=""https://pi.lib.uchicago.edu/1001/org/ochre/7c43308c-b04f-139b-657e-adc38fefa35d"">https://pi.lib.uchicago.edu/1001/org/ochre/7c43308c-b04f-139b-657e-adc38fefa35d</a>"
38.74 Pottery Registry 009 (L).pdf,38.74 Pottery Registry 009 (L).jpg,https://pi.lib.uchicago.edu/1001/org/ochre/41ae072c-aee2-07ae-e572-79ac56cf06c1,Pottery Registry: Dataset 1,Pottery registries from excavation: 1985-2016,"OCHRE link: <a href=""https://pi.lib.uchicago.edu/1001/org/ochre/41ae072c-aee2-07ae-e572-79ac56cf06c1"">https://pi.lib.uchicago.edu/1001/org/ochre/41ae072c-aee2-07ae-e572-79ac56cf06c1</a>"
38.74 Pottery Registry 010 (L).pdf,38.74 Pottery Registry 010 (L).jpg,https://pi.lib.uchicago.edu/1001/org/ochre/6c15c14b-2274-56de-7b85-267002ef3a70,Pottery Registry: Dataset 1,Pottery registries from excavation: 1985-2016,"OCHRE link: <a href=""https://pi.lib.uchicago.edu/1001/org/ochre/6c15c14b-2274-56de-7b85-267002ef3a70"">https://pi.lib.uchicago.edu/1001/org/ochre/6c15c14b-2274-56de-7b85-267002ef3a70</a>"
38.74 Pottery Registry 014 (L).pdf,38.74 Pottery Registry 014 (L).jpg,https://pi.lib.uchicago.edu/1001/org/ochre/af0439e9-bc1a-1549-6e19-149a038c5694,Pottery Registry: Dataset 1,Pottery registries from excavation: 1985-2016,"OCHRE link: <a href=""https://pi.lib.uchicago.edu/1001/org/ochre/af0439e9-bc1a-1549-6e19-149a038c5694"">https://pi.lib.uchicago.edu/1001/org/ochre/af0439e9-bc1a-1549-6e19-149a038c5694</a>"
38.74 Pottery Registry 015 (L).pdf,38.74 Pottery Registry 015 (L).jpg,https://pi.lib.uchicago.edu/1001/org/ochre/20822e29-3383-594e-5dba-776359f72454,Pottery Registry: Dataset 1,Pottery registries from excavation: 1985-2016,"OCHRE link: <a href=""https://pi.lib.uchicago.edu/1001/org/ochre/20822e29-3383-594e-5dba-776359f72454"">https://pi.lib.uchicago.edu/1001/org/ochre/20822e29-3383-594e-5dba-776359f72454</a>"
38.74 Pottery Registry 018 (F).pdf,38.74 Pottery Registry 018 (F).jpg,https://pi.lib.uchicago.edu/1001/org/ochre/5bc59ce4-2c06-99b1-a39b-5e12e0c8fe63,Pottery Registry: Dataset 1,Pottery registries from excavation: 1985-2016,"OCHRE link: <a href=""https://pi.lib.uchicago.edu/1001/org/ochre/5bc59ce4-2c06-99b1-a39b-5e12e0c8fe63"">https://pi.lib.uchicago.edu/1001/org/ochre/5bc59ce4-2c06-99b1-a39b-5e12e0c8fe63</a>"
38.74 Pottery Registry 024 (L).pdf,38.74 Pottery Registry 024 (L).jpg,https://pi.lib.uchicago.edu/1001/org/ochre/f600ead0-b194-ab53-7725-312ca6910470,Pottery Registry: Dataset 1,Pottery registries from excavation: 1985-2016,"OCHRE link: <a href=""https://pi.lib.uchicago.edu/1001/org/ochre/f600ead0-b194-ab53-7725-312ca6910470"">https://pi.lib.uchicago.edu/1001/org/ochre/f600ead0-b194-ab53-7725-312ca6910470</a>"
38.74 Pottery Registry 026 (L).pdf,38.74 Pottery Registry 026 (L).jpg,https://pi.lib.uchicago.edu/1001/org/ochre/71a9d6c7-c888-1c52-f3cc-570b85443701,Pottery Registry: Dataset 1,Pottery registries from excavation: 1985-2016,"OCHRE link: <a href=""https://pi.lib.uchicago.edu/1001/org/ochre/71a9d6c7-c888-1c52-f3cc-570b85443701"">https://pi.lib.uchicago.edu/1001/org/ochre/71a9d6c7-c888-1c52-f3cc-570b85443701</a>"
38.74 Pottery Registry 028 (L).pdf,38.74 Pottery Registry 028 (L).jpg,https://pi.lib.uchicago.edu/1001/org/ochre/50c183c4-8bdb-54b0-e9b7-c923498026eb,Pottery Registry: Dataset 1,Pottery registries from excavation: 1985-2016,"OCHRE link: <a href=""https://pi.lib.uchicago.edu/1001/org/ochre/50c183c4-8bdb-54b0-e9b7-c923498026eb"">https://pi.lib.uchicago.edu/1001/org/ochre/50c183c4-8bdb-54b0-e9b7-c923498026eb</a>"
38.74 Pottery Registry 029 (L).pdf,38.74 Pottery Registry 029 (L).jpg,https://pi.lib.uchicago.edu/1001/org/ochre/85a7ba07-f4b1-90d1-f3b0-1375b741747c,Pottery Registry: Dataset 1,Pottery registries from excavation: 1985-2016,"OCHRE link: <a href=""https://pi.lib.uchicago.edu/1001/org/ochre/85a7ba07-f4b1-90d1-f3b0-1375b741747c"">https://pi.lib.uchicago.edu/1001/org/ochre/85a7ba07-f4b1-90d1-f3b0-1375b741747c</a>"
38.74 Pottery Registry 036 (L).pdf,38.74 Pottery Registry 036 (L).jpg,https://pi.lib.uchicago.edu/1001/org/ochre/6d09c9e1-66ee-6572-a84b-3437bdaa00bc,Pottery Registry: Dataset 1,Pottery registries from excavation: 1985-2016,"OCHRE link: <a href=""https://pi.lib.uchicago.edu/1001/org/ochre/6d09c9e1-66ee-6572-a84b-3437bdaa00bc"">https://pi.lib.uchicago.edu/1001/org/ochre/6d09c9e1-66ee-6572-a84b-3437bdaa00bc</a>"
38.74 Pottery Registry 040 (L).pdf,38.74 Pottery Registry 040 (L).jpg,https://pi.lib.uchicago.edu/1001/org/ochre/4c7a08a5-b967-f503-2942-387a3d7c3a41,Pottery Registry: Dataset 1,Pottery registries from excavation: 1985-2016,"OCHRE link: <a href=""https://pi.lib.uchicago.edu/1001/org/ochre/4c7a08a5-b967-f503-2942-387a3d7c3a41"">https://pi.lib.uchicago.edu/1001/org/ochre/4c7a08a5-b967-f503-2942-387a3d7c3a41</a>"
38.74 Pottery Registry 041 (L).pdf,38.74 Pottery Registry 041 (L).jpg,https://pi.lib.uchicago.edu/1001/org/ochre/d0a5a2d8-d78f-07e0-9ecf-c8cbb3ba4c30,Pottery Registry: Dataset 1,Pottery registries from excavation: 1985-2016,"OCHRE link: <a href=""https://pi.lib.uchicago.edu/1001/org/ochre/d0a5a2d8-d78f-07e0-9ecf-c8cbb3ba4c30"">https://pi.lib.uchicago.edu/1001/org/ochre/d0a5a2d8-d78f-07e0-9ecf-c8cbb3ba4c30</a>"
38.74 Pottery Registry 042 (L).pdf,38.74 Pottery Registry 042 (L).jpg,https://pi.lib.uchicago.edu/1001/org/ochre/0a2ee31e-7d25-4c47-fb86-c52a05b0288f,Pottery Registry: Dataset 1,Pottery registries from excavation: 1985-2016,"OCHRE link: <a href=""https://pi.lib.uchicago.edu/1001/org/ochre/0a2ee31e-7d25-4c47-fb86-c52a05b0288f"">https://pi.lib.uchicago.edu/1001/org/ochre/0a2ee31e-7d25-4c47-fb86-c52a05b0288f</a>"
38.74 Pottery Registry 044 (L).pdf,38.74 Pottery Registry 044 (L).jpg,https://pi.lib.uchicago.edu/1001/org/ochre/2329f182-6f44-8fdb-72c4-9a3577067b7e,Pottery Registry: Dataset 1,Pottery registries from excavation: 1985-2016,"OCHRE link: <a href=""https://pi.lib.uchicago.edu/1001/org/ochre/2329f182-6f44-8fdb-72c4-9a3577067b7e"">https://pi.lib.uchicago.edu/1001/org/ochre/2329f182-6f44-8fdb-72c4-9a3577067b7e</a>"
38.74 Pottery Registry 045 (L).pdf,38.74 Pottery Registry 045 (L).jpg,https://pi.lib.uchicago.edu/1001/org/ochre/ab256995-d4a9-4a9d-ac03-bdae9c901beb,Pottery Registry: Dataset 1,Pottery registries from excavation: 1985-2016,"OCHRE link: <a href=""https://pi.lib.uchicago.edu/1001/org/ochre/ab256995-d4a9-4a9d-ac03-bdae9c901beb"">https://pi.lib.uchicago.edu/1001/org/ochre/ab256995-d4a9-4a9d-ac03-bdae9c901beb</a>"
38.74 Pottery Registry 052 (L).pdf,38.74 Pottery Registry 052 (L).jpg,https://pi.lib.uchicago.edu/1001/org/ochre/d3611658-37d0-a344-879a-1909415343f5,Pottery Registry: Dataset 1,Pottery registries from excavation: 1985-2016,"OCHRE link: <a href=""https://pi.lib.uchicago.edu/1001/org/ochre/d3611658-37d0-a344-879a-1909415343f5"">https://pi.lib.uchicago.edu/1001/org/ochre/d3611658-37d0-a344-879a-1909415343f5</a>"
38.74 Pottery Registry 053 (L).pdf,38.74 Pottery Registry 053 (L).jpg,https://pi.lib.uchicago.edu/1001/org/ochre/f0ab2063-060e-8542-7797-716fdc9813b2,Pottery Registry: Dataset 1,Pottery registries from excavation: 1985-2016,"OCHRE link: <a href=""https://pi.lib.uchicago.edu/1001/org/ochre/f0ab2063-060e-8542-7797-716fdc9813b2"">https://pi.lib.uchicago.edu/1001/org/ochre/f0ab2063-060e-8542-7797-716fdc9813b2</a>"
38.74 Pottery Registry 054 (L).pdf,38.74 Pottery Registry 054 (L).jpg,https://pi.lib.uchicago.edu/1001/org/ochre/099aed6e-4ca7-9307-3de1-ed07a5a2cdfe,Pottery Registry: Dataset 1,Pottery registries from excavation: 1985-2016,"OCHRE link: <a href=""https://pi.lib.uchicago.edu/1001/org/ochre/099aed6e-4ca7-9307-3de1-ed07a5a2cdfe"">https://pi.lib.uchicago.edu/1001/org/ochre/099aed6e-4ca7-9307-3de1-ed07a5a2cdfe</a>"
38.74 Pottery Registry 058 (L).pdf,38.74 Pottery Registry 058 (L).jpg,https://pi.lib.uchicago.edu/1001/org/ochre/02e2c598-725b-7e03-ec8c-8b7c03e7ac3f,Pottery Registry: Dataset 1,Pottery registries from excavation: 1985-2016,"OCHRE link: <a href=""https://pi.lib.uchicago.edu/1001/org/ochre/02e2c598-725b-7e03-ec8c-8b7c03e7ac3f"">https://pi.lib.uchicago.edu/1001/org/ochre/02e2c598-725b-7e03-ec8c-8b7c03e7ac3f</a>"
38.74 Pottery Registry 059 (L).pdf,38.74 Pottery Registry 059 (L).jpg,https://pi.lib.uchicago.edu/1001/org/ochre/bcce61f8-7b3b-1006-de5a-430d5d2b0279,Pottery Registry: Dataset 1,Pottery registries from excavation: 1985-2016,"OCHRE link: <a href=""https://pi.lib.uchicago.edu/1001/org/ochre/bcce61f8-7b3b-1006-de5a-430d5d2b0279"">https://pi.lib.uchicago.edu/1001/org/ochre/bcce61f8-7b3b-1006-de5a-430d5d2b0279</a>"
38.74 Pottery Registry 065 (L).pdf,38.74 Pottery Registry 065 (L).jpg,https://pi.lib.uchicago.edu/1001/org/ochre/e9f6dbc3-c6f7-4510-f43d-f111f602095a,Pottery Registry: Dataset 1,Pottery registries from excavation: 1985-2016,"OCHRE link: <a href=""https://pi.lib.uchicago.edu/1001/org/ochre/e9f6dbc3-c6f7-4510-f43d-f111f602095a"">https://pi.lib.uchicago.edu/1001/org/ochre/e9f6dbc3-c6f7-4510-f43d-f111f602095a</a>"
38.74 Pottery Registry 070 (F).pdf,38.74 Pottery Registry 070 (F).jpg,https://pi.lib.uchicago.edu/1001/org/ochre/4eb52d63-6b1d-3292-ae58-deb3dc899966,Pottery Registry: Dataset 1,Pottery registries from excavation: 1985-2016,"OCHRE link: <a href=""https://pi.lib.uchicago.edu/1001/org/ochre/4eb52d63-6b1d-3292-ae58-deb3dc899966"">https://pi.lib.uchicago.edu/1001/org/ochre/4eb52d63-6b1d-3292-ae58-deb3dc899966</a>"
38.74 Pottery Registry 070 (L).pdf,38.74 Pottery Registry 070 (L).jpg,https://pi.lib.uchicago.edu/1001/org/ochre/61582ab5-9c7a-7c7d-c8d1-97dca660941b,Pottery Registry: Dataset 1,Pottery registries from excavation: 1985-2016,"OCHRE link: <a href=""https://pi.lib.uchicago.edu/1001/org/ochre/61582ab5-9c7a-7c7d-c8d1-97dca660941b"">https://pi.lib.uchicago.edu/1001/org/ochre/61582ab5-9c7a-7c7d-c8d1-97dca660941b</a>"
38.74 Pottery Registry 071 (LF).pdf,38.74 Pottery Registry 071 (LF).jpg,https://pi.lib.uchicago.edu/1001/org/ochre/e557a7c0-e0e5-9fc4-b8ed-bbec9573c521,Pottery Registry: Dataset 1,Pottery registries from excavation: 1985-2016,"OCHRE link: <a href=""https://pi.lib.uchicago.edu/1001/org/ochre/e557a7c0-e0e5-9fc4-b8ed-bbec9573c521"">https://pi.lib.uchicago.edu/1001/org/ochre/e557a7c0-e0e5-9fc4-b8ed-bbec9573c521</a>"
38.74 Pottery Registry 084 (L).pdf,38.74 Pottery Registry 084 (L).jpg,https://pi.lib.uchicago.edu/1001/org/ochre/fdbe78c2-2137-0966-7fdd-7edd56eef762,Pottery Registry: Dataset 1,Pottery registries from excavation: 1985-2016,"OCHRE link: <a href=""https://pi.lib.uchicago.edu/1001/org/ochre/fdbe78c2-2137-0966-7fdd-7edd56eef762"">https://pi.lib.uchicago.edu/1001/org/ochre/fdbe78c2-2137-0966-7fdd-7edd56eef762</a>"
38.74 Pottery Registry 087 (L).pdf,38.74 Pottery Registry 087 (L).jpg,https://pi.lib.uchicago.edu/1001/org/ochre/c4268752-1b26-9743-5fd6-1cb94ee82b20,Pottery Registry: Dataset 1,Pottery registries from excavation: 1985-2016,"OCHRE link: <a href=""https://pi.lib.uchicago.edu/1001/org/ochre/c4268752-1b26-9743-5fd6-1cb94ee82b20"">https://pi.lib.uchicago.edu/1001/org/ochre/c4268752-1b26-9743-5fd6-1cb94ee82b20</a>"
38.74 Pottery Registry 100 (L).pdf,38.74 Pottery Registry 100 (L).jpg,https://pi.lib.uchicago.edu/1001/org/ochre/768677ae-b9ce-474f-8832-4b629520cdb1,Pottery Registry: Dataset 1,Pottery registries from excavation: 1985-2016,"OCHRE link: <a href=""https://pi.lib.uchicago.edu/1001/org/ochre/768677ae-b9ce-474f-8832-4b629520cdb1"">https://pi.lib.uchicago.edu/1001/org/ochre/768677ae-b9ce-474f-8832-4b629520cdb1</a>"
38.74 Pottery Registry 106 (L).pdf,38.74 Pottery Registry 106 (L).jpg,https://pi.lib.uchicago.edu/1001/org/ochre/75e1d181-637c-f9fb-71bd-cfcf3f7aa8b9,Pottery Registry: Dataset 1,Pottery registries from excavation: 1985-2016,"OCHRE link: <a href=""https://pi.lib.uchicago.edu/1001/org/ochre/75e1d181-637c-f9fb-71bd-cfcf3f7aa8b9"">https://pi.lib.uchicago.edu/1001/org/ochre/75e1d181-637c-f9fb-71bd-cfcf3f7aa8b9</a>"
38.74 Pottery Registry 107 (L).pdf,38.74 Pottery Registry 107 (L).jpg,https://pi.lib.uchicago.edu/1001/org/ochre/b1d1ec58-162f-3375-9d8b-11ea70a3cba5,Pottery Registry: Dataset 1,Pottery registries from excavation: 1985-2016,"OCHRE link: <a href=""https://pi.lib.uchicago.edu/1001/org/ochre/b1d1ec58-162f-3375-9d8b-11ea70a3cba5"">https://pi.lib.uchicago.edu/1001/org/ochre/b1d1ec58-162f-3375-9d8b-11ea70a3cba5</a>"
38.74 Pottery Registry 109 (L).pdf,38.74 Pottery Registry 109 (L).jpg,https://pi.lib.uchicago.edu/1001/org/ochre/684041c1-847e-238d-0ab6-fc30d5414b3f,Pottery Registry: Dataset 1,Pottery registries from excavation: 1985-2016,"OCHRE link: <a href=""https://pi.lib.uchicago.edu/1001/org/ochre/684041c1-847e-238d-0ab6-fc30d5414b3f"">https://pi.lib.uchicago.edu/1001/org/ochre/684041c1-847e-238d-0ab6-fc30d5414b3f</a>"
38.74 Pottery Registry 110 (L).pdf,38.74 Pottery Registry 110 (L).jpg,https://pi.lib.uchicago.edu/1001/org/ochre/161c310b-560d-f338-615f-c5afb560a6ff,Pottery Registry: Dataset 1,Pottery registries from excavation: 1985-2016,"OCHRE link: <a href=""https://pi.lib.uchicago.edu/1001/org/ochre/161c310b-560d-f338-615f-c5afb560a6ff"">https://pi.lib.uchicago.edu/1001/org/ochre/161c310b-560d-f338-615f-c5afb560a6ff</a>"
38.74 Pottery Registry 113 (L).pdf,38.74 Pottery Registry 113 (L).jpg,https://pi.lib.uchicago.edu/1001/org/ochre/a77ce886-4fc0-8704-7d6a-9e82f187b127,Pottery Registry: Dataset 1,Pottery registries from excavation: 1985-2016,"OCHRE link: <a href=""https://pi.lib.uchicago.edu/1001/org/ochre/a77ce886-4fc0-8704-7d6a-9e82f187b127"">https://pi.lib.uchicago.edu/1001/org/ochre/a77ce886-4fc0-8704-7d6a-9e82f187b127</a>"
38.74 Pottery Registry 118-112 (LF).pdf,38.74 Pottery Registry 118-112 (LF).jpg,https://pi.lib.uchicago.edu/1001/org/ochre/40f72dec-8e6a-8179-76fb-1e7bfd962541,Pottery Registry: Dataset 1,Pottery registries from excavation: 1985-2016,"OCHRE link: <a href=""https://pi.lib.uchicago.edu/1001/org/ochre/40f72dec-8e6a-8179-76fb-1e7bfd962541"">https://pi.lib.uchicago.edu/1001/org/ochre/40f72dec-8e6a-8179-76fb-1e7bfd962541</a>"
38.74 Pottery Registry 119 (F).pdf,38.74 Pottery Registry 119 (F).jpg,https://pi.lib.uchicago.edu/1001/org/ochre/f39b4c04-d93a-7fdd-a5b4-ecef040189e0,Pottery Registry: Dataset 1,Pottery registries from excavation: 1985-2016,"OCHRE link: <a href=""https://pi.lib.uchicago.edu/1001/org/ochre/f39b4c04-d93a-7fdd-a5b4-ecef040189e0"">https://pi.lib.uchicago.edu/1001/org/ochre/f39b4c04-d93a-7fdd-a5b4-ecef040189e0</a>"
38.74 Pottery Registry 119-113 (LF).pdf,38.74 Pottery Registry 119-113 (LF).jpg,https://pi.lib.uchicago.edu/1001/org/ochre/fdb34563-fb17-b6b6-ed79-859f63cd0ef8,Pottery Registry: Dataset 1,Pottery registries from excavation: 1985-2016,"OCHRE link: <a href=""https://pi.lib.uchicago.edu/1001/org/ochre/fdb34563-fb17-b6b6-ed79-859f63cd0ef8"">https://pi.lib.uchicago.edu/1001/org/ochre/fdb34563-fb17-b6b6-ed79-859f63cd0ef8</a>"
38.74 Pottery Registry 120 (L).pdf,38.74 Pottery Registry 120 (L).jpg,https://pi.lib.uchicago.edu/1001/org/ochre/45ec3ae7-4e67-11c2-3212-e70f76244b4e,Pottery Registry: Dataset 1,Pottery registries from excavation: 1985-2016,"OCHRE link: <a href=""https://pi.lib.uchicago.edu/1001/org/ochre/45ec3ae7-4e67-11c2-3212-e70f76244b4e"">https://pi.lib.uchicago.edu/1001/org/ochre/45ec3ae7-4e67-11c2-3212-e70f76244b4e</a>"
38.74 Pottery Registry 121 (L).pdf,38.74 Pottery Registry 121 (L).jpg,https://pi.lib.uchicago.edu/1001/org/ochre/a505fb67-1ec4-b1c2-12d2-db0350b9d2a1,Pottery Registry: Dataset 1,Pottery registries from excavation: 1985-2016,"OCHRE link: <a href=""https://pi.lib.uchicago.edu/1001/org/ochre/a505fb67-1ec4-b1c2-12d2-db0350b9d2a1"">https://pi.lib.uchicago.edu/1001/org/ochre/a505fb67-1ec4-b1c2-12d2-db0350b9d2a1</a>"
38.74 Pottery Registry 122 (L).pdf,38.74 Pottery Registry 122 (L).jpg,https://pi.lib.uchicago.edu/1001/org/ochre/6aa83e20-fa44-45ff-9a42-131e23a4b088,Pottery Registry: Dataset 1,Pottery registries from excavation: 1985-2016,"OCHRE link: <a href=""https://pi.lib.uchicago.edu/1001/org/ochre/6aa83e20-fa44-45ff-9a42-131e23a4b088"">https://pi.lib.uchicago.edu/1001/org/ochre/6aa83e20-fa44-45ff-9a42-131e23a4b088</a>"
38.74 Pottery Registry 123 (L).pdf,38.74 Pottery Registry 123 (L).jpg,https://pi.lib.uchicago.edu/1001/org/ochre/32a3b74f-a5ba-c662-1c38-2906f46e7587,Pottery Registry: Dataset 1,Pottery registries from excavation: 1985-2016,"OCHRE link: <a href=""https://pi.lib.uchicago.edu/1001/org/ochre/32a3b74f-a5ba-c662-1c38-2906f46e7587"">https://pi.lib.uchicago.edu/1001/org/ochre/32a3b74f-a5ba-c662-1c38-2906f46e7587</a>"
38.74 Pottery Registry 124 (L).pdf,38.74 Pottery Registry 124 (L).jpg,https://pi.lib.uchicago.edu/1001/org/ochre/6b8f6441-4807-c4cb-06f2-517da01a115b,Pottery Registry: Dataset 1,Pottery registries from excavation: 1985-2016,"OCHRE link: <a href=""https://pi.lib.uchicago.edu/1001/org/ochre/6b8f6441-4807-c4cb-06f2-517da01a115b"">https://pi.lib.uchicago.edu/1001/org/ochre/6b8f6441-4807-c4cb-06f2-517da01a115b</a>"
38.74 Pottery Registry 129 (L).pdf,38.74 Pottery Registry 129 (L).jpg,https://pi.lib.uchicago.edu/1001/org/ochre/90c63913-8275-2a43-b691-f25d16d7050f,Pottery Registry: Dataset 1,Pottery registries from excavation: 1985-2016,"OCHRE link: <a href=""https://pi.lib.uchicago.edu/1001/org/ochre/90c63913-8275-2a43-b691-f25d16d7050f"">https://pi.lib.uchicago.edu/1001/org/ochre/90c63913-8275-2a43-b691-f25d16d7050f</a>"
38.74 Pottery Registry 140-130 (LF).pdf,38.74 Pottery Registry 140-130 (LF).jpg,https://pi.lib.uchicago.edu/1001/org/ochre/59589c3a-2013-9bd0-a9f6-aa1504c24639,Pottery Registry: Dataset 1,Pottery registries from excavation: 1985-2016,"OCHRE link: <a href=""https://pi.lib.uchicago.edu/1001/org/ochre/59589c3a-2013-9bd0-a9f6-aa1504c24639"">https://pi.lib.uchicago.edu/1001/org/ochre/59589c3a-2013-9bd0-a9f6-aa1504c24639</a>"
38.74 Pottery Registry 142 (L).pdf,38.74 Pottery Registry 142 (L).jpg,https://pi.lib.uchicago.edu/1001/org/ochre/25ae6afa-741e-f2d0-380f-514b104ebce4,Pottery Registry: Dataset 1,Pottery registries from excavation: 1985-2016,"OCHRE link: <a href=""https://pi.lib.uchicago.edu/1001/org/ochre/25ae6afa-741e-f2d0-380f-514b104ebce4"">https://pi.lib.uchicago.edu/1001/org/ochre/25ae6afa-741e-f2d0-380f-514b104ebce4</a>"
38.74 Pottery Registry 142 (LF).pdf,38.74 Pottery Registry 142 (LF).jpg,https://pi.lib.uchicago.edu/1001/org/ochre/89bffd0c-7e37-4cf4-a401-eddcb55710e8,Pottery Registry: Dataset 1,Pottery registries from excavation: 1985-2016,"OCHRE link: <a href=""https://pi.lib.uchicago.edu/1001/org/ochre/89bffd0c-7e37-4cf4-a401-eddcb55710e8"">https://pi.lib.uchicago.edu/1001/org/ochre/89bffd0c-7e37-4cf4-a401-eddcb55710e8</a>"
38.74 Pottery Registry 143 (L).pdf,38.74 Pottery Registry 143 (L).jpg,https://pi.lib.uchicago.edu/1001/org/ochre/d827c010-549b-4403-ba88-5c78e9435356,Pottery Registry: Dataset 1,Pottery registries from excavation: 1985-2016,"OCHRE link: <a href=""https://pi.lib.uchicago.edu/1001/org/ochre/d827c010-549b-4403-ba88-5c78e9435356"">https://pi.lib.uchicago.edu/1001/org/ochre/d827c010-549b-4403-ba88-5c78e9435356</a>"
38.74 Pottery Registry 147 (L).pdf,38.74 Pottery Registry 147 (L).jpg,https://pi.lib.uchicago.edu/1001/org/ochre/92755ed9-d5b4-4a2b-b089-24a5058aa5f2,Pottery Registry: Dataset 1,Pottery registries from excavation: 1985-2016,"OCHRE link: <a href=""https://pi.lib.uchicago.edu/1001/org/ochre/92755ed9-d5b4-4a2b-b089-24a5058aa5f2"">https://pi.lib.uchicago.edu/1001/org/ochre/92755ed9-d5b4-4a2b-b089-24a5058aa5f2</a>"
38.74 Pottery Registry 149 (L).pdf,38.74 Pottery Registry 149 (L).jpg,https://pi.lib.uchicago.edu/1001/org/ochre/3dc2018f-99e9-494f-a6d7-ea6b40e47e2f,Pottery Registry: Dataset 1,Pottery registries from excavation: 1985-2016,"OCHRE link: <a href=""https://pi.lib.uchicago.edu/1001/org/ochre/3dc2018f-99e9-494f-a6d7-ea6b40e47e2f"">https://pi.lib.uchicago.edu/1001/org/ochre/3dc2018f-99e9-494f-a6d7-ea6b40e47e2f</a>"
38.74 Pottery Registry 150 (L).pdf,38.74 Pottery Registry 150 (L).jpg,https://pi.lib.uchicago.edu/1001/org/ochre/19dad659-80d2-4ee2-a6aa-29b73dd14af5,Pottery Registry: Dataset 1,Pottery registries from excavation: 1985-2016,"OCHRE link: <a href=""https://pi.lib.uchicago.edu/1001/org/ochre/19dad659-80d2-4ee2-a6aa-29b73dd14af5"">https://pi.lib.uchicago.edu/1001/org/ochre/19dad659-80d2-4ee2-a6aa-29b73dd14af5</a>"
38.74 Pottery Registry 152 (L).pdf,38.74 Pottery Registry 152 (L).jpg,https://pi.lib.uchicago.edu/1001/org/ochre/d7ba0fc2-1f6e-43c6-8460-7f8d0a0decc9,Pottery Registry: Dataset 1,Pottery registries from excavation: 1985-2016,"OCHRE link: <a href=""https://pi.lib.uchicago.edu/1001/org/ochre/d7ba0fc2-1f6e-43c6-8460-7f8d0a0decc9"">https://pi.lib.uchicago.edu/1001/org/ochre/d7ba0fc2-1f6e-43c6-8460-7f8d0a0decc9</a>"
38.74 Pottery Registry 154 (F).pdf,38.74 Pottery Registry 154 (F).jpg,https://pi.lib.uchicago.edu/1001/org/ochre/6185ac5d-ab74-4f07-b6b6-ea5a04a9bb27,Pottery Registry: Dataset 1,Pottery registries from excavation: 1985-2016,"OCHRE link: <a href=""https://pi.lib.uchicago.edu/1001/org/ochre/6185ac5d-ab74-4f07-b6b6-ea5a04a9bb27"">https://pi.lib.uchicago.edu/1001/org/ochre/6185ac5d-ab74-4f07-b6b6-ea5a04a9bb27</a>"
38.74 Pottery Registry 160 (L).pdf,38.74 Pottery Registry 160 (L).jpg,https://pi.lib.uchicago.edu/1001/org/ochre/847de050-4e57-4e75-a92e-f27a53d25e6b,Pottery Registry: Dataset 1,Pottery registries from excavation: 1985-2016,"OCHRE link: <a href=""https://pi.lib.uchicago.edu/1001/org/ochre/847de050-4e57-4e75-a92e-f27a53d25e6b"">https://pi.lib.uchicago.edu/1001/org/ochre/847de050-4e57-4e75-a92e-f27a53d25e6b</a>"
38.74 Pottery Registry 205 (L).pdf,38.74 Pottery Registry 205 (L).jpg,https://pi.lib.uchicago.edu/1001/org/ochre/22ee279c-7470-4591-84d2-8ca02a6598bf,Pottery Registry: Dataset 1,Pottery registries from excavation: 1985-2016,"OCHRE link: <a href=""https://pi.lib.uchicago.edu/1001/org/ochre/22ee279c-7470-4591-84d2-8ca02a6598bf"">https://pi.lib.uchicago.edu/1001/org/ochre/22ee279c-7470-4591-84d2-8ca02a6598bf</a>"
38.74 Pottery Registry 213 (L).pdf,38.74 Pottery Registry 213 (L).jpg,https://pi.lib.uchicago.edu/1001/org/ochre/3987c57f-c576-4f21-af15-1067abd4fa63,Pottery Registry: Dataset 1,Pottery registries from excavation: 1985-2016,"OCHRE link: <a href=""https://pi.lib.uchicago.edu/1001/org/ochre/3987c57f-c576-4f21-af15-1067abd4fa63"">https://pi.lib.uchicago.edu/1001/org/ochre/3987c57f-c576-4f21-af15-1067abd4fa63</a>"
38.74 Pottery Registry 226-225 (LF).pdf,38.74 Pottery Registry 226-225 (LF).jpg,https://pi.lib.uchicago.edu/1001/org/ochre/be4c43f5-5735-49ff-8a4c-a92c42554d8a,Pottery Registry: Dataset 1,Pottery registries from excavation: 1985-2016,"OCHRE link: <a href=""https://pi.lib.uchicago.edu/1001/org/ochre/be4c43f5-5735-49ff-8a4c-a92c42554d8a"">https://pi.lib.uchicago.edu/1001/org/ochre/be4c43f5-5735-49ff-8a4c-a92c42554d8a</a>"
38.74 Pottery Registry 227-218 (LF).pdf,38.74 Pottery Registry 227-218 (LF).jpg,https://pi.lib.uchicago.edu/1001/org/ochre/e43089b8-f8dc-419c-aa1d-1eaecabaf108,Pottery Registry: Dataset 1,Pottery registries from excavation: 1985-2016,"OCHRE link: <a href=""https://pi.lib.uchicago.edu/1001/org/ochre/e43089b8-f8dc-419c-aa1d-1eaecabaf108"">https://pi.lib.uchicago.edu/1001/org/ochre/e43089b8-f8dc-419c-aa1d-1eaecabaf108</a>"
38.74 Pottery Registry 229 (L).pdf,38.74 Pottery Registry 229 (L).jpg,https://pi.lib.uchicago.edu/1001/org/ochre/ae224de6-a0cd-4830-83ae-2d995b10007c,Pottery Registry: Dataset 1,Pottery registries from excavation: 1985-2016,"OCHRE link: <a href=""https://pi.lib.uchicago.edu/1001/org/ochre/ae224de6-a0cd-4830-83ae-2d995b10007c"">https://pi.lib.uchicago.edu/1001/org/ochre/ae224de6-a0cd-4830-83ae-2d995b10007c</a>"
38.74 Pottery Registry 238 (L).pdf,38.74 Pottery Registry 238 (L).jpg,https://pi.lib.uchicago.edu/1001/org/ochre/ebd5186e-ebc2-46b5-a5e1-7aeac6a1137b,Pottery Registry: Dataset 1,Pottery registries from excavation: 1985-2016,"OCHRE link: <a href=""https://pi.lib.uchicago.edu/1001/org/ochre/ebd5186e-ebc2-46b5-a5e1-7aeac6a1137b"">https://pi.lib.uchicago.edu/1001/org/ochre/ebd5186e-ebc2-46b5-a5e1-7aeac6a1137b</a>"
38.74 Pottery Registry 248 (L).pdf,38.74 Pottery Registry 248 (L).jpg,https://pi.lib.uchicago.edu/1001/org/ochre/5a895fdc-2bb7-48eb-b7f7-9058621ae1a5,Pottery Registry: Dataset 1,Pottery registries from excavation: 1985-2016,"OCHRE link: <a href=""https://pi.lib.uchicago.edu/1001/org/ochre/5a895fdc-2bb7-48eb-b7f7-9058621ae1a5"">https://pi.lib.uchicago.edu/1001/org/ochre/5a895fdc-2bb7-48eb-b7f7-9058621ae1a5</a>"
38.74 Pottery Registry 249-244 (LF).pdf,38.74 Pottery Registry 249-244 (LF).jpg,https://pi.lib.uchicago.edu/1001/org/ochre/f0077d98-6f0a-47d2-a0c4-2dd4fed588ab,Pottery Registry: Dataset 1,Pottery registries from excavation: 1985-2016,"OCHRE link: <a href=""https://pi.lib.uchicago.edu/1001/org/ochre/f0077d98-6f0a-47d2-a0c4-2dd4fed588ab"">https://pi.lib.uchicago.edu/1001/org/ochre/f0077d98-6f0a-47d2-a0c4-2dd4fed588ab</a>"
38.74 Pottery Registry 301 (L).pdf,38.74 Pottery Registry 301 (L).jpg,https://pi.lib.uchicago.edu/1001/org/ochre/ff722775-d856-481d-8a88-e7e5d03e3d5e,Pottery Registry: Dataset 1,Pottery registries from excavation: 1985-2016,"OCHRE link: <a href=""https://pi.lib.uchicago.edu/1001/org/ochre/ff722775-d856-481d-8a88-e7e5d03e3d5e"">https://pi.lib.uchicago.edu/1001/org/ochre/ff722775-d856-481d-8a88-e7e5d03e3d5e</a>"
38.74 Pottery Registry 307 (L).pdf,38.74 Pottery Registry 307 (L).jpg,https://pi.lib.uchicago.edu/1001/org/ochre/27386af8-f52f-424f-99f5-263eb63dad4e,Pottery Registry: Dataset 1,Pottery registries from excavation: 1985-2016,"OCHRE link: <a href=""https://pi.lib.uchicago.edu/1001/org/ochre/27386af8-f52f-424f-99f5-263eb63dad4e"">https://pi.lib.uchicago.edu/1001/org/ochre/27386af8-f52f-424f-99f5-263eb63dad4e</a>"
38.74 Pottery Registry 326 (LF).pdf,38.74 Pottery Registry 326 (LF).jpg,https://pi.lib.uchicago.edu/1001/org/ochre/e4dd29b0-80c7-44ad-b1c3-0913819cdd29,Pottery Registry: Dataset 1,Pottery registries from excavation: 1985-2016,"OCHRE link: <a href=""https://pi.lib.uchicago.edu/1001/org/ochre/e4dd29b0-80c7-44ad-b1c3-0913819cdd29"">https://pi.lib.uchicago.edu/1001/org/ochre/e4dd29b0-80c7-44ad-b1c3-0913819cdd29</a>"
38.74 Pottery Registry 342 (F).pdf,38.74 Pottery Registry 342 (F).jpg,https://pi.lib.uchicago.edu/1001/org/ochre/e1849aeb-57e2-4887-be2f-b37340434260,Pottery Registry: Dataset 1,Pottery registries from excavation: 1985-2016,"OCHRE link: <a href=""https://pi.lib.uchicago.edu/1001/org/ochre/e1849aeb-57e2-4887-be2f-b37340434260"">https://pi.lib.uchicago.edu/1001/org/ochre/e1849aeb-57e2-4887-be2f-b37340434260</a>"
38.74 Pottery Registry 344 (LF).pdf,38.74 Pottery Registry 344 (LF).jpg,https://pi.lib.uchicago.edu/1001/org/ochre/4c58640a-c53c-49e6-b6dd-dff585019d91,Pottery Registry: Dataset 1,Pottery registries from excavation: 1985-2016,"OCHRE link: <a href=""https://pi.lib.uchicago.edu/1001/org/ochre/4c58640a-c53c-49e6-b6dd-dff585019d91"">https://pi.lib.uchicago.edu/1001/org/ochre/4c58640a-c53c-49e6-b6dd-dff585019d91</a>"
38.74 Pottery Registry 347 (L).pdf,38.74 Pottery Registry 347 (L).jpg,https://pi.lib.uchicago.edu/1001/org/ochre/65adf741-e168-4aa1-bb60-da11f37d1b9a,Pottery Registry: Dataset 1,Pottery registries from excavation: 1985-2016,"OCHRE link: <a href=""https://pi.lib.uchicago.edu/1001/org/ochre/65adf741-e168-4aa1-bb60-da11f37d1b9a"">https://pi.lib.uchicago.edu/1001/org/ochre/65adf741-e168-4aa1-bb60-da11f37d1b9a</a>"
38.74 Pottery Registry 350 (L).pdf,38.74 Pottery Registry 350 (L).jpg,https://pi.lib.uchicago.edu/1001/org/ochre/ada1a9b0-b2a0-4092-8d36-db4015dfd7ef,Pottery Registry: Dataset 1,Pottery registries from excavation: 1985-2016,"OCHRE link: <a href=""https://pi.lib.uchicago.edu/1001/org/ochre/ada1a9b0-b2a0-4092-8d36-db4015dfd7ef"">https://pi.lib.uchicago.edu/1001/org/ochre/ada1a9b0-b2a0-4092-8d36-db4015dfd7ef</a>"
38.74 Pottery Registry 351 (L).pdf,38.74 Pottery Registry 351 (L).jpg,https://pi.lib.uchicago.edu/1001/org/ochre/e5d0fbf7-49ed-4861-9211-db10918821fb,Pottery Registry: Dataset 1,Pottery registries from excavation: 1985-2016,"OCHRE link: <a href=""https://pi.lib.uchicago.edu/1001/org/ochre/e5d0fbf7-49ed-4861-9211-db10918821fb"">https://pi.lib.uchicago.edu/1001/org/ochre/e5d0fbf7-49ed-4861-9211-db10918821fb</a>"
38.74 Pottery Registry 355 (L).pdf,38.74 Pottery Registry 355 (L).jpg,https://pi.lib.uchicago.edu/1001/org/ochre/411365a4-8cd0-4303-b369-91a3ab1fd1ea,Pottery Registry: Dataset 1,Pottery registries from excavation: 1985-2016,"OCHRE link: <a href=""https://pi.lib.uchicago.edu/1001/org/ochre/411365a4-8cd0-4303-b369-91a3ab1fd1ea"">https://pi.lib.uchicago.edu/1001/org/ochre/411365a4-8cd0-4303-b369-91a3ab1fd1ea</a>"
38.74 Pottery Registry 360 (L).pdf,38.74 Pottery Registry 360 (L).jpg,https://pi.lib.uchicago.edu/1001/org/ochre/0ea75861-ef78-42bd-971b-e0c784e2c3df,Pottery Registry: Dataset 1,Pottery registries from excavation: 1985-2016,"OCHRE link: <a href=""https://pi.lib.uchicago.edu/1001/org/ochre/0ea75861-ef78-42bd-971b-e0c784e2c3df"">https://pi.lib.uchicago.edu/1001/org/ochre/0ea75861-ef78-42bd-971b-e0c784e2c3df</a>"
38.74 Pottery Registry 369 (LF).pdf,38.74 Pottery Registry 369 (LF).jpg,https://pi.lib.uchicago.edu/1001/org/ochre/a4e09c69-3bea-429a-b7ea-a788b46aaa3a,Pottery Registry: Dataset 1,Pottery registries from excavation: 1985-2016,"OCHRE link: <a href=""https://pi.lib.uchicago.edu/1001/org/ochre/a4e09c69-3bea-429a-b7ea-a788b46aaa3a"">https://pi.lib.uchicago.edu/1001/org/ochre/a4e09c69-3bea-429a-b7ea-a788b46aaa3a</a>"
38.74 Pottery Registry 372 (LF).pdf,38.74 Pottery Registry 372 (LF).jpg,https://pi.lib.uchicago.edu/1001/org/ochre/450ff667-ef9a-4987-ba92-2b06cbb3178e,Pottery Registry: Dataset 1,Pottery registries from excavation: 1985-2016,"OCHRE link: <a href=""https://pi.lib.uchicago.edu/1001/org/ochre/450ff667-ef9a-4987-ba92-2b06cbb3178e"">https://pi.lib.uchicago.edu/1001/org/ochre/450ff667-ef9a-4987-ba92-2b06cbb3178e</a>"
38.74 Pottery Registry 373 (LF).pdf,38.74 Pottery Registry 373 (LF).jpg,https://pi.lib.uchicago.edu/1001/org/ochre/a12d4058-8e00-4a4c-bf91-098525ac57c7,Pottery Registry: Dataset 1,Pottery registries from excavation: 1985-2016,"OCHRE link: <a href=""https://pi.lib.uchicago.edu/1001/org/ochre/a12d4058-8e00-4a4c-bf91-098525ac57c7"">https://pi.lib.uchicago.edu/1001/org/ochre/a12d4058-8e00-4a4c-bf91-098525ac57c7</a>"
38.74 Pottery Registry 406 (F).pdf,38.74 Pottery Registry 406 (F).jpg,https://pi.lib.uchicago.edu/1001/org/ochre/7b41b89b-66dc-4113-aaef-d8f798e67baf,Pottery Registry: Dataset 1,Pottery registries from excavation: 1985-2016,"OCHRE link: <a href=""https://pi.lib.uchicago.edu/1001/org/ochre/7b41b89b-66dc-4113-aaef-d8f798e67baf"">https://pi.lib.uchicago.edu/1001/org/ochre/7b41b89b-66dc-4113-aaef-d8f798e67baf</a>"
38.74 Pottery Registry 416 (L).pdf,38.74 Pottery Registry 416 (L).jpg,https://pi.lib.uchicago.edu/1001/org/ochre/5070049c-c1c7-4cda-b211-86e26a6a25dc,Pottery Registry: Dataset 1,Pottery registries from excavation: 1985-2016,"OCHRE link: <a href=""https://pi.lib.uchicago.edu/1001/org/ochre/5070049c-c1c7-4cda-b211-86e26a6a25dc"">https://pi.lib.uchicago.edu/1001/org/ochre/5070049c-c1c7-4cda-b211-86e26a6a25dc</a>"
38.74 Pottery Registry 429 (LF).pdf,38.74 Pottery Registry 429 (LF).jpg,https://pi.lib.uchicago.edu/1001/org/ochre/0a5faf88-be1a-4fc3-bac8-bb57ea24772e,Pottery Registry: Dataset 1,Pottery registries from excavation: 1985-2016,"OCHRE link: <a href=""https://pi.lib.uchicago.edu/1001/org/ochre/0a5faf88-be1a-4fc3-bac8-bb57ea24772e"">https://pi.lib.uchicago.edu/1001/org/ochre/0a5faf88-be1a-4fc3-bac8-bb57ea24772e</a>"
38.74 Pottery Registry 434 (LF).pdf,38.74 Pottery Registry 434 (LF).jpg,https://pi.lib.uchicago.edu/1001/org/ochre/184a4aa8-7919-4886-8366-bcd6cb7de7a0,Pottery Registry: Dataset 1,Pottery registries from excavation: 1985-2016,"OCHRE link: <a href=""https://pi.lib.uchicago.edu/1001/org/ochre/184a4aa8-7919-4886-8366-bcd6cb7de7a0"">https://pi.lib.uchicago.edu/1001/org/ochre/184a4aa8-7919-4886-8366-bcd6cb7de7a0</a>"
38.74 Pottery Registry 451 (L).pdf,38.74 Pottery Registry 451 (L).jpg,https://pi.lib.uchicago.edu/1001/org/ochre/08a56dd0-5792-441a-b44b-3c9dfa756f12,Pottery Registry: Dataset 1,Pottery registries from excavation: 1985-2016,"OCHRE link: <a href=""https://pi.lib.uchicago.edu/1001/org/ochre/08a56dd0-5792-441a-b44b-3c9dfa756f12"">https://pi.lib.uchicago.edu/1001/org/ochre/08a56dd0-5792-441a-b44b-3c9dfa756f12</a>"
38.74 Pottery Registry 474 (L).pdf,38.74 Pottery Registry 474 (L).jpg,https://pi.lib.uchicago.edu/1001/org/ochre/1db8f9c9-585c-4a8e-a03e-7b0f1d2599ce,Pottery Registry: Dataset 1,Pottery registries from excavation: 1985-2016,"OCHRE link: <a href=""https://pi.lib.uchicago.edu/1001/org/ochre/1db8f9c9-585c-4a8e-a03e-7b0f1d2599ce"">https://pi.lib.uchicago.edu/1001/org/ochre/1db8f9c9-585c-4a8e-a03e-7b0f1d2599ce</a>"
38.74 Pottery Registry 482 (L).pdf,38.74 Pottery Registry 482 (L).jpg,https://pi.lib.uchicago.edu/1001/org/ochre/e600c9b8-d7d3-4a67-bd12-22fc4a1e8b83,Pottery Registry: Dataset 1,Pottery registries from excavation: 1985-2016,"OCHRE link: <a href=""https://pi.lib.uchicago.edu/1001/org/ochre/e600c9b8-d7d3-4a67-bd12-22fc4a1e8b83"">https://pi.lib.uchicago.edu/1001/org/ochre/e600c9b8-d7d3-4a67-bd12-22fc4a1e8b83</a>"
38.74 Pottery Registry 487 (LF).pdf,38.74 Pottery Registry 487 (LF).jpg,https://pi.lib.uchicago.edu/1001/org/ochre/f83fdfb9-3994-426f-88ac-e5aec3a62705,Pottery Registry: Dataset 1,Pottery registries from excavation: 1985-2016,"OCHRE link: <a href=""https://pi.lib.uchicago.edu/1001/org/ochre/f83fdfb9-3994-426f-88ac-e5aec3a62705"">https://pi.lib.uchicago.edu/1001/org/ochre/f83fdfb9-3994-426f-88ac-e5aec3a62705</a>"
38.74 Pottery Registry 488 (F).pdf,38.74 Pottery Registry 488 (F).jpg,https://pi.lib.uchicago.edu/1001/org/ochre/04033c69-213c-4b95-9a56-7a5fa441f13f,Pottery Registry: Dataset 1,Pottery registries from excavation: 1985-2016,"OCHRE link: <a href=""https://pi.lib.uchicago.edu/1001/org/ochre/04033c69-213c-4b95-9a56-7a5fa441f13f"">https://pi.lib.uchicago.edu/1001/org/ochre/04033c69-213c-4b95-9a56-7a5fa441f13f</a>"
38.74 Pottery Registry 493 (L).pdf,38.74 Pottery Registry 493 (L).jpg,https://pi.lib.uchicago.edu/1001/org/ochre/00ffe33a-a46a-4bb3-b508-4667ade86edf,Pottery Registry: Dataset 1,Pottery registries from excavation: 1985-2016,"OCHRE link: <a href=""https://pi.lib.uchicago.edu/1001/org/ochre/00ffe33a-a46a-4bb3-b508-4667ade86edf"">https://pi.lib.uchicago.edu/1001/org/ochre/00ffe33a-a46a-4bb3-b508-4667ade86edf</a>"
38.74 Pottery Registry 542 (L).pdf,38.74 Pottery Registry 542 (L).jpg,https://pi.lib.uchicago.edu/1001/org/ochre/501da855-f253-4c8b-8bda-4f9589305c89,Pottery Registry: Dataset 1,Pottery registries from excavation: 1985-2016,"OCHRE link: <a href=""https://pi.lib.uchicago.edu/1001/org/ochre/501da855-f253-4c8b-8bda-4f9589305c89"">https://pi.lib.uchicago.edu/1001/org/ochre/501da855-f253-4c8b-8bda-4f9589305c89</a>"
38.74 Pottery Registry 546 (L).pdf,38.74 Pottery Registry 546 (L).jpg,https://pi.lib.uchicago.edu/1001/org/ochre/847b121e-a481-443a-8cf1-c76e4a4063a6,Pottery Registry: Dataset 1,Pottery registries from excavation: 1985-2016,"OCHRE link: <a href=""https://pi.lib.uchicago.edu/1001/org/ochre/847b121e-a481-443a-8cf1-c76e4a4063a6"">https://pi.lib.uchicago.edu/1001/org/ochre/847b121e-a481-443a-8cf1-c76e4a4063a6</a>"
38.74 Pottery Registry 547 (L).pdf,38.74 Pottery Registry 547 (L).jpg,https://pi.lib.uchicago.edu/1001/org/ochre/678c02d8-5d99-403d-9307-21150f87ed31,Pottery Registry: Dataset 1,Pottery registries from excavation: 1985-2016,"OCHRE link: <a href=""https://pi.lib.uchicago.edu/1001/org/ochre/678c02d8-5d99-403d-9307-21150f87ed31"">https://pi.lib.uchicago.edu/1001/org/ochre/678c02d8-5d99-403d-9307-21150f87ed31</a>"
38.74 Pottery Registry 549 (L).pdf,38.74 Pottery Registry 549 (L).jpg,https://pi.lib.uchicago.edu/1001/org/ochre/c664989c-cd01-458b-aa64-b0e23b8f4b16,Pottery Registry: Dataset 1,Pottery registries from excavation: 1985-2016,"OCHRE link: <a href=""https://pi.lib.uchicago.edu/1001/org/ochre/c664989c-cd01-458b-aa64-b0e23b8f4b16"">https://pi.lib.uchicago.edu/1001/org/ochre/c664989c-cd01-458b-aa64-b0e23b8f4b16</a>"
38.74 Pottery Registry 570 (L).pdf,38.74 Pottery Registry 570 (L).jpg,https://pi.lib.uchicago.edu/1001/org/ochre/08de3aff-75ea-4797-82b7-ec9f1ed697ef,Pottery Registry: Dataset 1,Pottery registries from excavation: 1985-2016,"OCHRE link: <a href=""https://pi.lib.uchicago.edu/1001/org/ochre/08de3aff-75ea-4797-82b7-ec9f1ed697ef"">https://pi.lib.uchicago.edu/1001/org/ochre/08de3aff-75ea-4797-82b7-ec9f1ed697ef</a>"
38.74 Pottery Registry 624 (L).pdf,38.74 Pottery Registry 624 (L).jpg,https://pi.lib.uchicago.edu/1001/org/ochre/6e58356d-64b9-40eb-b41a-20959dfb66e1,Pottery Registry: Dataset 1,Pottery registries from excavation: 1985-2016,"OCHRE link: <a href=""https://pi.lib.uchicago.edu/1001/org/ochre/6e58356d-64b9-40eb-b41a-20959dfb66e1"">https://pi.lib.uchicago.edu/1001/org/ochre/6e58356d-64b9-40eb-b41a-20959dfb66e1</a>"
38.74 Pottery Registry 669 (L).pdf,38.74 Pottery Registry 669 (L).jpg,https://pi.lib.uchicago.edu/1001/org/ochre/972215b1-1836-46be-88a8-f9cb0da62e67,Pottery Registry: Dataset 1,Pottery registries from excavation: 1985-2016,"OCHRE link: <a href=""https://pi.lib.uchicago.edu/1001/org/ochre/972215b1-1836-46be-88a8-f9cb0da62e67"">https://pi.lib.uchicago.edu/1001/org/ochre/972215b1-1836-46be-88a8-f9cb0da62e67</a>"
38.74 Pottery Registry 673 (L).pdf,38.74 Pottery Registry 673 (L).jpg,https://pi.lib.uchicago.edu/1001/org/ochre/115ecaf1-807a-49a4-9e52-b31ec757f6aa,Pottery Registry: Dataset 1,Pottery registries from excavation: 1985-2016,"OCHRE link: <a href=""https://pi.lib.uchicago.edu/1001/org/ochre/115ecaf1-807a-49a4-9e52-b31ec757f6aa"">https://pi.lib.uchicago.edu/1001/org/ochre/115ecaf1-807a-49a4-9e52-b31ec757f6aa</a>"
38.74 Pottery Registry 677 (L).pdf,38.74 Pottery Registry 677 (L).jpg,https://pi.lib.uchicago.edu/1001/org/ochre/52f85627-775f-40ea-9561-1a960c278831,Pottery Registry: Dataset 1,Pottery registries from excavation: 1985-2016,"OCHRE link: <a href=""https://pi.lib.uchicago.edu/1001/org/ochre/52f85627-775f-40ea-9561-1a960c278831"">https://pi.lib.uchicago.edu/1001/org/ochre/52f85627-775f-40ea-9561-1a960c278831</a>"
38.74 Pottery Registry 690 (L).pdf,38.74 Pottery Registry 690 (L).jpg,https://pi.lib.uchicago.edu/1001/org/ochre/b46916e0-f806-4c71-a999-cd4f8e29a827,Pottery Registry: Dataset 1,Pottery registries from excavation: 1985-2016,"OCHRE link: <a href=""https://pi.lib.uchicago.edu/1001/org/ochre/b46916e0-f806-4c71-a999-cd4f8e29a827"">https://pi.lib.uchicago.edu/1001/org/ochre/b46916e0-f806-4c71-a999-cd4f8e29a827</a>"
38.74 Pottery Registry 694 (L).pdf,38.74 Pottery Registry 694 (L).jpg,https://pi.lib.uchicago.edu/1001/org/ochre/67788704-c814-41d5-aebe-a491e22080a7,Pottery Registry: Dataset 1,Pottery registries from excavation: 1985-2016,"OCHRE link: <a href=""https://pi.lib.uchicago.edu/1001/org/ochre/67788704-c814-41d5-aebe-a491e22080a7"">https://pi.lib.uchicago.edu/1001/org/ochre/67788704-c814-41d5-aebe-a491e22080a7</a>"
38.74 Pottery Registry 712 (L).pdf,38.74 Pottery Registry 712 (L).jpg,https://pi.lib.uchicago.edu/1001/org/ochre/7410b817-3ba8-4a29-8f12-3e123870c47b,Pottery Registry: Dataset 1,Pottery registries from excavation: 1985-2016,"OCHRE link: <a href=""https://pi.lib.uchicago.edu/1001/org/ochre/7410b817-3ba8-4a29-8f12-3e123870c47b"">https://pi.lib.uchicago.edu/1001/org/ochre/7410b817-3ba8-4a29-8f12-3e123870c47b</a>"
38.74 Pottery Registry 731 (L).pdf,38.74 Pottery Registry 731 (L).jpg,https://pi.lib.uchicago.edu/1001/org/ochre/7a8c6098-bc31-4d00-b849-d93773fb361d,Pottery Registry: Dataset 1,Pottery registries from excavation: 1985-2016,"OCHRE link: <a href=""https://pi.lib.uchicago.edu/1001/org/ochre/7a8c6098-bc31-4d00-b849-d93773fb361d"">https://pi.lib.uchicago.edu/1001/org/ochre/7a8c6098-bc31-4d00-b849-d93773fb361d</a>"
38.74 Pottery Registry 732 (L).pdf,38.74 Pottery Registry 732 (L).jpg,https://pi.lib.uchicago.edu/1001/org/ochre/4e92a8eb-715b-4d54-a391-482d70701ea7,Pottery Registry: Dataset 1,Pottery registries from excavation: 1985-2016,"OCHRE link: <a href=""https://pi.lib.uchicago.edu/1001/org/ochre/4e92a8eb-715b-4d54-a391-482d70701ea7"">https://pi.lib.uchicago.edu/1001/org/ochre/4e92a8eb-715b-4d54-a391-482d70701ea7</a>"
38.74 Pottery Registry 733 (L).pdf,38.74 Pottery Registry 733 (L).jpg,https://pi.lib.uchicago.edu/1001/org/ochre/7987c28d-a813-4da5-af45-1ec1a37cd7fd,Pottery Registry: Dataset 1,Pottery registries from excavation: 1985-2016,"OCHRE link: <a href=""https://pi.lib.uchicago.edu/1001/org/ochre/7987c28d-a813-4da5-af45-1ec1a37cd7fd"">https://pi.lib.uchicago.edu/1001/org/ochre/7987c28d-a813-4da5-af45-1ec1a37cd7fd</a>"
38.74 Pottery Registry 735 (L).pdf,38.74 Pottery Registry 735 (L).jpg,https://pi.lib.uchicago.edu/1001/org/ochre/e6565252-5ed8-4cc0-b5fd-e6bae1b5781e,Pottery Registry: Dataset 1,Pottery registries from excavation: 1985-2016,"OCHRE link: <a href=""https://pi.lib.uchicago.edu/1001/org/ochre/e6565252-5ed8-4cc0-b5fd-e6bae1b5781e"">https://pi.lib.uchicago.edu/1001/org/ochre/e6565252-5ed8-4cc0-b5fd-e6bae1b5781e</a>"
38.74 Pottery Registry 738 (L).pdf,38.74 Pottery Registry 738 (L).jpg,https://pi.lib.uchicago.edu/1001/org/ochre/b7766868-ca44-467d-9137-8d9b591d26f1,Pottery Registry: Dataset 1,Pottery registries from excavation: 1985-2016,"OCHRE link: <a href=""https://pi.lib.uchicago.edu/1001/org/ochre/b7766868-ca44-467d-9137-8d9b591d26f1"">https://pi.lib.uchicago.edu/1001/org/ochre/b7766868-ca44-467d-9137-8d9b591d26f1</a>"
38.74 Pottery Registry 742 (L).pdf,38.74 Pottery Registry 742 (L).jpg,https://pi.lib.uchicago.edu/1001/org/ochre/449f6a46-7359-4cca-9a41-5b6bf4b58e5c,Pottery Registry: Dataset 1,Pottery registries from excavation: 1985-2016,"OCHRE link: <a href=""https://pi.lib.uchicago.edu/1001/org/ochre/449f6a46-7359-4cca-9a41-5b6bf4b58e5c"">https://pi.lib.uchicago.edu/1001/org/ochre/449f6a46-7359-4cca-9a41-5b6bf4b58e5c</a>"
38.74 Pottery Registry 743 (L).pdf,38.74 Pottery Registry 743 (L).jpg,https://pi.lib.uchicago.edu/1001/org/ochre/20ffe17d-13ba-4d98-a5ee-87705ba53da2,Pottery Registry: Dataset 1,Pottery registries from excavation: 1985-2016,"OCHRE link: <a href=""https://pi.lib.uchicago.edu/1001/org/ochre/20ffe17d-13ba-4d98-a5ee-87705ba53da2"">https://pi.lib.uchicago.edu/1001/org/ochre/20ffe17d-13ba-4d98-a5ee-87705ba53da2</a>"
38.74 Pottery Registry 745 (F).pdf,38.74 Pottery Registry 745 (F).jpg,https://pi.lib.uchicago.edu/1001/org/ochre/e73d44f0-2e82-46a9-abb0-2d1ef73d0a9b,Pottery Registry: Dataset 1,Pottery registries from excavation: 1985-2016,"OCHRE link: <a href=""https://pi.lib.uchicago.edu/1001/org/ochre/e73d44f0-2e82-46a9-abb0-2d1ef73d0a9b"">https://pi.lib.uchicago.edu/1001/org/ochre/e73d44f0-2e82-46a9-abb0-2d1ef73d0a9b</a>"
38.74 Pottery Registry 756 (L).pdf,38.74 Pottery Registry 756 (L).jpg,https://pi.lib.uchicago.edu/1001/org/ochre/0302e834-194a-4bb8-b2ea-e1af2c2e624d,Pottery Registry: Dataset 1,Pottery registries from excavation: 1985-2016,"OCHRE link: <a href=""https://pi.lib.uchicago.edu/1001/org/ochre/0302e834-194a-4bb8-b2ea-e1af2c2e624d"">https://pi.lib.uchicago.edu/1001/org/ochre/0302e834-194a-4bb8-b2ea-e1af2c2e624d</a>"
38.74 Pottery Registry 768 (LF).pdf,38.74 Pottery Registry 768 (LF).jpg,https://pi.lib.uchicago.edu/1001/org/ochre/603dff28-02ff-4cc0-945b-5642c8845350,Pottery Registry: Dataset 1,Pottery registries from excavation: 1985-2016,"OCHRE link: <a href=""https://pi.lib.uchicago.edu/1001/org/ochre/603dff28-02ff-4cc0-945b-5642c8845350"">https://pi.lib.uchicago.edu/1001/org/ochre/603dff28-02ff-4cc0-945b-5642c8845350</a>"
38.74 Pottery Registry 800 (L).pdf,38.74 Pottery Registry 800 (L).jpg,https://pi.lib.uchicago.edu/1001/org/ochre/0b98d876-7576-46a3-98ea-080b396b9f0b,Pottery Registry: Dataset 1,Pottery registries from excavation: 1985-2016,"OCHRE link: <a href=""https://pi.lib.uchicago.edu/1001/org/ochre/0b98d876-7576-46a3-98ea-080b396b9f0b"">https://pi.lib.uchicago.edu/1001/org/ochre/0b98d876-7576-46a3-98ea-080b396b9f0b</a>"
38.74 Pottery Registry 801 (F).pdf,38.74 Pottery Registry 801 (F).jpg,https://pi.lib.uchicago.edu/1001/org/ochre/495a4351-6e75-4b4a-a4cb-24dd830ec209,Pottery Registry: Dataset 1,Pottery registries from excavation: 1985-2016,"OCHRE link: <a href=""https://pi.lib.uchicago.edu/1001/org/ochre/495a4351-6e75-4b4a-a4cb-24dd830ec209"">https://pi.lib.uchicago.edu/1001/org/ochre/495a4351-6e75-4b4a-a4cb-24dd830ec209</a>"
38.74 Pottery Registry 804 (F).pdf,38.74 Pottery Registry 804 (F).jpg,https://pi.lib.uchicago.edu/1001/org/ochre/8953c9cb-ad31-447b-aa95-56816f95769f,Pottery Registry: Dataset 1,Pottery registries from excavation: 1985-2016,"OCHRE link: <a href=""https://pi.lib.uchicago.edu/1001/org/ochre/8953c9cb-ad31-447b-aa95-56816f95769f"">https://pi.lib.uchicago.edu/1001/org/ochre/8953c9cb-ad31-447b-aa95-56816f95769f</a>"
38.74 Pottery Registry 806 (L).pdf,38.74 Pottery Registry 806 (L).jpg,https://pi.lib.uchicago.edu/1001/org/ochre/8d7e392d-185a-4575-9ee1-302d485c418c,Pottery Registry: Dataset 1,Pottery registries from excavation: 1985-2016,"OCHRE link: <a href=""https://pi.lib.uchicago.edu/1001/org/ochre/8d7e392d-185a-4575-9ee1-302d485c418c"">https://pi.lib.uchicago.edu/1001/org/ochre/8d7e392d-185a-4575-9ee1-302d485c418c</a>"
38.74 Pottery Registry 812 (L).pdf,38.74 Pottery Registry 812 (L).jpg,https://pi.lib.uchicago.edu/1001/org/ochre/d581d077-f2d6-4515-b6b7-282c71633c84,Pottery Registry: Dataset 1,Pottery registries from excavation: 1985-2016,"OCHRE link: <a href=""https://pi.lib.uchicago.edu/1001/org/ochre/d581d077-f2d6-4515-b6b7-282c71633c84"">https://pi.lib.uchicago.edu/1001/org/ochre/d581d077-f2d6-4515-b6b7-282c71633c84</a>"
38.74 Pottery Registry 818 (F).pdf,38.74 Pottery Registry 818 (F).jpg,https://pi.lib.uchicago.edu/1001/org/ochre/5f0858b6-f00f-4783-99fa-ed6b9cb85c03,Pottery Registry: Dataset 1,Pottery registries from excavation: 1985-2016,"OCHRE link: <a href=""https://pi.lib.uchicago.edu/1001/org/ochre/5f0858b6-f00f-4783-99fa-ed6b9cb85c03"">https://pi.lib.uchicago.edu/1001/org/ochre/5f0858b6-f00f-4783-99fa-ed6b9cb85c03</a>"
38.74 Pottery Registry 819 (F).pdf,38.74 Pottery Registry 819 (F).jpg,https://pi.lib.uchicago.edu/1001/org/ochre/6adaa6d9-4a03-47a0-9df8-410ee533e194,Pottery Registry: Dataset 1,Pottery registries from excavation: 1985-2016,"OCHRE link: <a href=""https://pi.lib.uchicago.edu/1001/org/ochre/6adaa6d9-4a03-47a0-9df8-410ee533e194"">https://pi.lib.uchicago.edu/1001/org/ochre/6adaa6d9-4a03-47a0-9df8-410ee533e194</a>"
38.74 Pottery Registry 824 (L).pdf,38.74 Pottery Registry 824 (L).jpg,https://pi.lib.uchicago.edu/1001/org/ochre/df45208f-7bb7-4016-883b-5e55aba70b8b,Pottery Registry: Dataset 1,Pottery registries from excavation: 1985-2016,"OCHRE link: <a href=""https://pi.lib.uchicago.edu/1001/org/ochre/df45208f-7bb7-4016-883b-5e55aba70b8b"">https://pi.lib.uchicago.edu/1001/org/ochre/df45208f-7bb7-4016-883b-5e55aba70b8b</a>"
38.74 Pottery Registry 828 (L).pdf,38.74 Pottery Registry 828 (L).jpg,https://pi.lib.uchicago.edu/1001/org/ochre/0d93d6d2-b479-4717-b2b9-720131e25fe8,Pottery Registry: Dataset 1,Pottery registries from excavation: 1985-2016,"OCHRE link: <a href=""https://pi.lib.uchicago.edu/1001/org/ochre/0d93d6d2-b479-4717-b2b9-720131e25fe8"">https://pi.lib.uchicago.edu/1001/org/ochre/0d93d6d2-b479-4717-b2b9-720131e25fe8</a>"
38.74 Pottery Registry 830 (L).pdf,38.74 Pottery Registry 830 (L).jpg,https://pi.lib.uchicago.edu/1001/org/ochre/8d8cb195-4b7c-4234-a504-67bb9e2c39dc,Pottery Registry: Dataset 1,Pottery registries from excavation: 1985-2016,"OCHRE link: <a href=""https://pi.lib.uchicago.edu/1001/org/ochre/8d8cb195-4b7c-4234-a504-67bb9e2c39dc"">https://pi.lib.uchicago.edu/1001/org/ochre/8d8cb195-4b7c-4234-a504-67bb9e2c39dc</a>"
38.74 Pottery Registry 855 (F).pdf,38.74 Pottery Registry 855 (F).jpg,https://pi.lib.uchicago.edu/1001/org/ochre/e5d06613-69a0-4bdc-8aad-61a6c956a35e,Pottery Registry: Dataset 1,Pottery registries from excavation: 1985-2016,"OCHRE link: <a href=""https://pi.lib.uchicago.edu/1001/org/ochre/e5d06613-69a0-4bdc-8aad-61a6c956a35e"">https://pi.lib.uchicago.edu/1001/org/ochre/e5d06613-69a0-4bdc-8aad-61a6c956a35e</a>"
38.75 Pottery Registry 004 (L).pdf,38.75 Pottery Registry 004 (L).jpg,https://pi.lib.uchicago.edu/1001/org/ochre/b7e440a8-6846-ba7f-e5c9-d99dcccfa4bd,Pottery Registry: Dataset 1,Pottery registries from excavation: 1985-2016,"OCHRE link: <a href=""https://pi.lib.uchicago.edu/1001/org/ochre/b7e440a8-6846-ba7f-e5c9-d99dcccfa4bd"">https://pi.lib.uchicago.edu/1001/org/ochre/b7e440a8-6846-ba7f-e5c9-d99dcccfa4bd</a>"
38.75 Pottery Registry 017 (L).pdf,38.75 Pottery Registry 017 (L).jpg,https://pi.lib.uchicago.edu/1001/org/ochre/708993c9-7a8b-5305-84c8-a47672fcfa2d,Pottery Registry: Dataset 1,Pottery registries from excavation: 1985-2016,"OCHRE link: <a href=""https://pi.lib.uchicago.edu/1001/org/ochre/708993c9-7a8b-5305-84c8-a47672fcfa2d"">https://pi.lib.uchicago.edu/1001/org/ochre/708993c9-7a8b-5305-84c8-a47672fcfa2d</a>"
38.75 Pottery Registry 029 (L).pdf,38.75 Pottery Registry 029 (L).jpg,https://pi.lib.uchicago.edu/1001/org/ochre/2bad916f-50dc-285f-3bdf-5c0e55c30c83,Pottery Registry: Dataset 1,Pottery registries from excavation: 1985-2016,"OCHRE link: <a href=""https://pi.lib.uchicago.edu/1001/org/ochre/2bad916f-50dc-285f-3bdf-5c0e55c30c83"">https://pi.lib.uchicago.edu/1001/org/ochre/2bad916f-50dc-285f-3bdf-5c0e55c30c83</a>"
38.75 Pottery Registry 030 (L).pdf,38.75 Pottery Registry 030 (L).jpg,https://pi.lib.uchicago.edu/1001/org/ochre/5501f54a-b92e-938e-d45e-99a4450425a3,Pottery Registry: Dataset 1,Pottery registries from excavation: 1985-2016,"OCHRE link: <a href=""https://pi.lib.uchicago.edu/1001/org/ochre/5501f54a-b92e-938e-d45e-99a4450425a3"">https://pi.lib.uchicago.edu/1001/org/ochre/5501f54a-b92e-938e-d45e-99a4450425a3</a>"
38.75 Pottery Registry 032 (F).pdf,38.75 Pottery Registry 032 (F).jpg,https://pi.lib.uchicago.edu/1001/org/ochre/4d6a4be4-8bdb-51af-de0b-8b05cc123e26,Pottery Registry: Dataset 1,Pottery registries from excavation: 1985-2016,"OCHRE link: <a href=""https://pi.lib.uchicago.edu/1001/org/ochre/4d6a4be4-8bdb-51af-de0b-8b05cc123e26"">https://pi.lib.uchicago.edu/1001/org/ochre/4d6a4be4-8bdb-51af-de0b-8b05cc123e26</a>"
38.75 Pottery Registry 042 (L).pdf,38.75 Pottery Registry 042 (L).jpg,https://pi.lib.uchicago.edu/1001/org/ochre/c1016313-7595-fd02-805c-5f2ebd3ad8fd,Pottery Registry: Dataset 1,Pottery registries from excavation: 1985-2016,"OCHRE link: <a href=""https://pi.lib.uchicago.edu/1001/org/ochre/c1016313-7595-fd02-805c-5f2ebd3ad8fd"">https://pi.lib.uchicago.edu/1001/org/ochre/c1016313-7595-fd02-805c-5f2ebd3ad8fd</a>"
38.75 Pottery Registry 054 (L).pdf,38.75 Pottery Registry 054 (L).jpg,https://pi.lib.uchicago.edu/1001/org/ochre/89a50d1f-2f2e-c252-7df5-4fc3059bdb92,Pottery Registry: Dataset 1,Pottery registries from excavation: 1985-2016,"OCHRE link: <a href=""https://pi.lib.uchicago.edu/1001/org/ochre/89a50d1f-2f2e-c252-7df5-4fc3059bdb92"">https://pi.lib.uchicago.edu/1001/org/ochre/89a50d1f-2f2e-c252-7df5-4fc3059bdb92</a>"
38.75 Pottery Registry 057 (L).pdf,38.75 Pottery Registry 057 (L).jpg,https://pi.lib.uchicago.edu/1001/org/ochre/7d8a8d0c-31de-9f75-edae-8e10f2b5a5f9,Pottery Registry: Dataset 1,Pottery registries from excavation: 1985-2016,"OCHRE link: <a href=""https://pi.lib.uchicago.edu/1001/org/ochre/7d8a8d0c-31de-9f75-edae-8e10f2b5a5f9"">https://pi.lib.uchicago.edu/1001/org/ochre/7d8a8d0c-31de-9f75-edae-8e10f2b5a5f9</a>"
38.75 Pottery Registry Miscellaneous.pdf,38.75 Pottery Registry Miscellaneous.jpg,https://pi.lib.uchicago.edu/1001/org/ochre/99d4f2a8-3497-43a6-e54c-0df92b9d212c,Pottery Registry: Dataset 1,Pottery registries from excavation: 1985-2016,"OCHRE link: <a href=""https://pi.lib.uchicago.edu/1001/org/ochre/99d4f2a8-3497-43a6-e54c-0df92b9d212c"">https://pi.lib.uchicago.edu/1001/org/ochre/99d4f2a8-3497-43a6-e54c-0df92b9d212c</a>"
38.83 Pottery Registry 354 (L).pdf,38.83 Pottery Registry 354 (L).jpg,https://pi.lib.uchicago.edu/1001/org/ochre/0f0c13ab-5849-254c-6102-4433a46b9e9a,Pottery Registry: Dataset 1,Pottery registries from excavation: 1985-2016,"OCHRE link: <a href=""https://pi.lib.uchicago.edu/1001/org/ochre/0f0c13ab-5849-254c-6102-4433a46b9e9a"">https://pi.lib.uchicago.edu/1001/org/ochre/0f0c13ab-5849-254c-6102-4433a46b9e9a</a>"
38.83 Pottery Registry 361 (L).pdf,38.83 Pottery Registry 361 (L).jpg,https://pi.lib.uchicago.edu/1001/org/ochre/17873776-c59d-e187-5bc7-aa2057e7ced9,Pottery Registry: Dataset 1,Pottery registries from excavation: 1985-2016,"OCHRE link: <a href=""https://pi.lib.uchicago.edu/1001/org/ochre/17873776-c59d-e187-5bc7-aa2057e7ced9"">https://pi.lib.uchicago.edu/1001/org/ochre/17873776-c59d-e187-5bc7-aa2057e7ced9</a>"
38.83 Pottery Registry 363 (L).pdf,38.83 Pottery Registry 363 (L).jpg,https://pi.lib.uchicago.edu/1001/org/ochre/e6f613e0-e385-324f-c391-26a9090eb3e5,Pottery Registry: Dataset 1,Pottery registries from excavation: 1985-2016,"OCHRE link: <a href=""https://pi.lib.uchicago.edu/1001/org/ochre/e6f613e0-e385-324f-c391-26a9090eb3e5"">https://pi.lib.uchicago.edu/1001/org/ochre/e6f613e0-e385-324f-c391-26a9090eb3e5</a>"
38.83 Pottery Registry 375 (L).pdf,38.83 Pottery Registry 375 (L).jpg,https://pi.lib.uchicago.edu/1001/org/ochre/b3dd3ab4-8997-c99d-0e43-930fe332fba0,Pottery Registry: Dataset 1,Pottery registries from excavation: 1985-2016,"OCHRE link: <a href=""https://pi.lib.uchicago.edu/1001/org/ochre/b3dd3ab4-8997-c99d-0e43-930fe332fba0"">https://pi.lib.uchicago.edu/1001/org/ochre/b3dd3ab4-8997-c99d-0e43-930fe332fba0</a>"
38.83 Pottery Registry 432 (L).pdf,38.83 Pottery Registry 432 (L).jpg,https://pi.lib.uchicago.edu/1001/org/ochre/86c4d872-1309-465c-ddcf-fb494b598f95,Pottery Registry: Dataset 1,Pottery registries from excavation: 1985-2016,"OCHRE link: <a href=""https://pi.lib.uchicago.edu/1001/org/ochre/86c4d872-1309-465c-ddcf-fb494b598f95"">https://pi.lib.uchicago.edu/1001/org/ochre/86c4d872-1309-465c-ddcf-fb494b598f95</a>"
38.84 Pottery Registry 265 (F).pdf,38.84 Pottery Registry 265 (F).jpg,https://pi.lib.uchicago.edu/1001/org/ochre/d86d0fb5-07b1-9a4c-169f-444d0a0721b6,Pottery Registry: Dataset 1,Pottery registries from excavation: 1985-2016,"OCHRE link: <a href=""https://pi.lib.uchicago.edu/1001/org/ochre/d86d0fb5-07b1-9a4c-169f-444d0a0721b6"">https://pi.lib.uchicago.edu/1001/org/ochre/d86d0fb5-07b1-9a4c-169f-444d0a0721b6</a>"
38.84 Pottery Registry 299 (L).pdf,38.84 Pottery Registry 299 (L).jpg,https://pi.lib.uchicago.edu/1001/org/ochre/aa9284ef-16e5-d037-f03d-29de9df09924,Pottery Registry: Dataset 1,Pottery registries from excavation: 1985-2016,"OCHRE link: <a href=""https://pi.lib.uchicago.edu/1001/org/ochre/aa9284ef-16e5-d037-f03d-29de9df09924"">https://pi.lib.uchicago.edu/1001/org/ochre/aa9284ef-16e5-d037-f03d-29de9df09924</a>"
38.84 Pottery Registry 371 (L).pdf,38.84 Pottery Registry 371 (L).jpg,https://pi.lib.uchicago.edu/1001/org/ochre/e31efbd1-8bfb-65bc-c46e-46b057cbe082,Pottery Registry: Dataset 1,Pottery registries from excavation: 1985-2016,"OCHRE link: <a href=""https://pi.lib.uchicago.edu/1001/org/ochre/e31efbd1-8bfb-65bc-c46e-46b057cbe082"">https://pi.lib.uchicago.edu/1001/org/ochre/e31efbd1-8bfb-65bc-c46e-46b057cbe082</a>"
38.84 Pottery Registry 380 (L).pdf,38.84 Pottery Registry 380 (L).jpg,https://pi.lib.uchicago.edu/1001/org/ochre/026ebe7a-c098-05b3-4413-31adc50d65de,Pottery Registry: Dataset 1,Pottery registries from excavation: 1985-2016,"OCHRE link: <a href=""https://pi.lib.uchicago.edu/1001/org/ochre/026ebe7a-c098-05b3-4413-31adc50d65de"">https://pi.lib.uchicago.edu/1001/org/ochre/026ebe7a-c098-05b3-4413-31adc50d65de</a>"
38.84 Pottery Registry 412 (L).pdf,38.84 Pottery Registry 412 (L).jpg,https://pi.lib.uchicago.edu/1001/org/ochre/35f113dd-0fd5-cc50-2393-f92decec698e,Pottery Registry: Dataset 1,Pottery registries from excavation: 1985-2016,"OCHRE link: <a href=""https://pi.lib.uchicago.edu/1001/org/ochre/35f113dd-0fd5-cc50-2393-f92decec698e"">https://pi.lib.uchicago.edu/1001/org/ochre/35f113dd-0fd5-cc50-2393-f92decec698e</a>"
38.84 Pottery Registry 417 (L).pdf,38.84 Pottery Registry 417 (L).jpg,https://pi.lib.uchicago.edu/1001/org/ochre/d1ffc54a-1c9c-5d94-e0a6-54d262d0aacb,Pottery Registry: Dataset 1,Pottery registries from excavation: 1985-2016,"OCHRE link: <a href=""https://pi.lib.uchicago.edu/1001/org/ochre/d1ffc54a-1c9c-5d94-e0a6-54d262d0aacb"">https://pi.lib.uchicago.edu/1001/org/ochre/d1ffc54a-1c9c-5d94-e0a6-54d262d0aacb</a>"
38.84 Pottery Registry 444 (L).pdf,38.84 Pottery Registry 444 (L).jpg,https://pi.lib.uchicago.edu/1001/org/ochre/fd05b0cb-3c98-f003-aff3-a6770cca52a8,Pottery Registry: Dataset 1,Pottery registries from excavation: 1985-2016,"OCHRE link: <a href=""https://pi.lib.uchicago.edu/1001/org/ochre/fd05b0cb-3c98-f003-aff3-a6770cca52a8"">https://pi.lib.uchicago.edu/1001/org/ochre/fd05b0cb-3c98-f003-aff3-a6770cca52a8</a>"
38.84 Pottery Registry 446 (L).pdf,38.84 Pottery Registry 446 (L).jpg,https://pi.lib.uchicago.edu/1001/org/ochre/2a6650dc-9059-1ad3-e712-4cf4ec16f648,Pottery Registry: Dataset 1,Pottery registries from excavation: 1985-2016,"OCHRE link: <a href=""https://pi.lib.uchicago.edu/1001/org/ochre/2a6650dc-9059-1ad3-e712-4cf4ec16f648"">https://pi.lib.uchicago.edu/1001/org/ochre/2a6650dc-9059-1ad3-e712-4cf4ec16f648</a>"
38.84 Pottery Registry 465 (LF).pdf,38.84 Pottery Registry 465 (LF).jpg,https://pi.lib.uchicago.edu/1001/org/ochre/d61dec51-3856-30f3-95ee-b985edd7ece3,Pottery Registry: Dataset 1,Pottery registries from excavation: 1985-2016,"OCHRE link: <a href=""https://pi.lib.uchicago.edu/1001/org/ochre/d61dec51-3856-30f3-95ee-b985edd7ece3"">https://pi.lib.uchicago.edu/1001/org/ochre/d61dec51-3856-30f3-95ee-b985edd7ece3</a>"
38.84 Pottery Registry 478 (LF).pdf,38.84 Pottery Registry 478 (LF).jpg,https://pi.lib.uchicago.edu/1001/org/ochre/2901e731-5ac0-2a1c-798a-e6aa6bbbe872,Pottery Registry: Dataset 1,Pottery registries from excavation: 1985-2016,"OCHRE link: <a href=""https://pi.lib.uchicago.edu/1001/org/ochre/2901e731-5ac0-2a1c-798a-e6aa6bbbe872"">https://pi.lib.uchicago.edu/1001/org/ochre/2901e731-5ac0-2a1c-798a-e6aa6bbbe872</a>"
38.84 Pottery Registry 480 (LF).pdf,38.84 Pottery Registry 480 (LF).jpg,https://pi.lib.uchicago.edu/1001/org/ochre/87a7a07e-f6c0-1dea-1eb3-2d9b5d3850ef,Pottery Registry: Dataset 1,Pottery registries from excavation: 1985-2016,"OCHRE link: <a href=""https://pi.lib.uchicago.edu/1001/org/ochre/87a7a07e-f6c0-1dea-1eb3-2d9b5d3850ef"">https://pi.lib.uchicago.edu/1001/org/ochre/87a7a07e-f6c0-1dea-1eb3-2d9b5d3850ef</a>"
38.84 Pottery Registry 482 (L).pdf,38.84 Pottery Registry 482 (L).jpg,https://pi.lib.uchicago.edu/1001/org/ochre/a3a46038-ecfd-969e-4bb5-01f5484c6004,Pottery Registry: Dataset 1,Pottery registries from excavation: 1985-2016,"OCHRE link: <a href=""https://pi.lib.uchicago.edu/1001/org/ochre/a3a46038-ecfd-969e-4bb5-01f5484c6004"">https://pi.lib.uchicago.edu/1001/org/ochre/a3a46038-ecfd-969e-4bb5-01f5484c6004</a>"
38.84 Pottery Registry 496 (L).pdf,38.84 Pottery Registry 496 (L).jpg,https://pi.lib.uchicago.edu/1001/org/ochre/d3007898-9fd1-566e-ecfc-0e0aec4f2fe0,Pottery Registry: Dataset 1,Pottery registries from excavation: 1985-2016,"OCHRE link: <a href=""https://pi.lib.uchicago.edu/1001/org/ochre/d3007898-9fd1-566e-ecfc-0e0aec4f2fe0"">https://pi.lib.uchicago.edu/1001/org/ochre/d3007898-9fd1-566e-ecfc-0e0aec4f2fe0</a>"
38.84 Pottery Registry 514 (L).pdf,38.84 Pottery Registry 514 (L).jpg,https://pi.lib.uchicago.edu/1001/org/ochre/55788de5-179c-8dd9-7d35-b041d2b1289e,Pottery Registry: Dataset 1,Pottery registries from excavation: 1985-2016,"OCHRE link: <a href=""https://pi.lib.uchicago.edu/1001/org/ochre/55788de5-179c-8dd9-7d35-b041d2b1289e"">https://pi.lib.uchicago.edu/1001/org/ochre/55788de5-179c-8dd9-7d35-b041d2b1289e</a>"
38.84 Pottery Registry 516 (F).pdf,38.84 Pottery Registry 516 (F).jpg,https://pi.lib.uchicago.edu/1001/org/ochre/e2e68e76-5bad-3e39-9f16-95bb88234c50,Pottery Registry: Dataset 1,Pottery registries from excavation: 1985-2016,"OCHRE link: <a href=""https://pi.lib.uchicago.edu/1001/org/ochre/e2e68e76-5bad-3e39-9f16-95bb88234c50"">https://pi.lib.uchicago.edu/1001/org/ochre/e2e68e76-5bad-3e39-9f16-95bb88234c50</a>"
38.84 Pottery Registry 527 (L).pdf,38.84 Pottery Registry 527 (L).jpg,https://pi.lib.uchicago.edu/1001/org/ochre/78d49553-83c9-77d9-e78c-8c9a939b91bb,Pottery Registry: Dataset 1,Pottery registries from excavation: 1985-2016,"OCHRE link: <a href=""https://pi.lib.uchicago.edu/1001/org/ochre/78d49553-83c9-77d9-e78c-8c9a939b91bb"">https://pi.lib.uchicago.edu/1001/org/ochre/78d49553-83c9-77d9-e78c-8c9a939b91bb</a>"
38.84 Pottery Registry 531 (LF).pdf,38.84 Pottery Registry 531 (LF).jpg,https://pi.lib.uchicago.edu/1001/org/ochre/225ea587-60f6-3fb4-8efe-29e39778dcd1,Pottery Registry: Dataset 1,Pottery registries from excavation: 1985-2016,"OCHRE link: <a href=""https://pi.lib.uchicago.edu/1001/org/ochre/225ea587-60f6-3fb4-8efe-29e39778dcd1"">https://pi.lib.uchicago.edu/1001/org/ochre/225ea587-60f6-3fb4-8efe-29e39778dcd1</a>"
38.84 Pottery Registry 537 (L).pdf,38.84 Pottery Registry 537 (L).jpg,https://pi.lib.uchicago.edu/1001/org/ochre/6181cb27-cc11-6140-6bde-efe5125d8070,Pottery Registry: Dataset 1,Pottery registries from excavation: 1985-2016,"OCHRE link: <a href=""https://pi.lib.uchicago.edu/1001/org/ochre/6181cb27-cc11-6140-6bde-efe5125d8070"">https://pi.lib.uchicago.edu/1001/org/ochre/6181cb27-cc11-6140-6bde-efe5125d8070</a>"
38.84 Pottery Registry 547 (L).pdf,38.84 Pottery Registry 547 (L).jpg,https://pi.lib.uchicago.edu/1001/org/ochre/22983f01-0493-ffe9-24fc-44c530e5afbe,Pottery Registry: Dataset 1,Pottery registries from excavation: 1985-2016,"OCHRE link: <a href=""https://pi.lib.uchicago.edu/1001/org/ochre/22983f01-0493-ffe9-24fc-44c530e5afbe"">https://pi.lib.uchicago.edu/1001/org/ochre/22983f01-0493-ffe9-24fc-44c530e5afbe</a>"
38.84 Pottery Registry 548 (L).pdf,38.84 Pottery Registry 548 (L).jpg,https://pi.lib.uchicago.edu/1001/org/ochre/df2f0501-5dbf-a3f7-3569-d3521bf34eb5,Pottery Registry: Dataset 1,Pottery registries from excavation: 1985-2016,"OCHRE link: <a href=""https://pi.lib.uchicago.edu/1001/org/ochre/df2f0501-5dbf-a3f7-3569-d3521bf34eb5"">https://pi.lib.uchicago.edu/1001/org/ochre/df2f0501-5dbf-a3f7-3569-d3521bf34eb5</a>"
38.84 Pottery Registry 552 (L).pdf,38.84 Pottery Registry 552 (L).jpg,https://pi.lib.uchicago.edu/1001/org/ochre/21bdce7d-9b76-8579-1134-eb37bbae70e1,Pottery Registry: Dataset 1,Pottery registries from excavation: 1985-2016,"OCHRE link: <a href=""https://pi.lib.uchicago.edu/1001/org/ochre/21bdce7d-9b76-8579-1134-eb37bbae70e1"">https://pi.lib.uchicago.edu/1001/org/ochre/21bdce7d-9b76-8579-1134-eb37bbae70e1</a>"
38.84 Pottery Registry 554 (F).pdf,38.84 Pottery Registry 554 (F).jpg,https://pi.lib.uchicago.edu/1001/org/ochre/904ada60-b143-a54e-2f4f-e20b6b25411e,Pottery Registry: Dataset 1,Pottery registries from excavation: 1985-2016,"OCHRE link: <a href=""https://pi.lib.uchicago.edu/1001/org/ochre/904ada60-b143-a54e-2f4f-e20b6b25411e"">https://pi.lib.uchicago.edu/1001/org/ochre/904ada60-b143-a54e-2f4f-e20b6b25411e</a>"
38.84 Pottery Registry 556 (L).pdf,38.84 Pottery Registry 556 (L).jpg,https://pi.lib.uchicago.edu/1001/org/ochre/47c1b024-c0ff-8b92-d995-71da741e3fde,Pottery Registry: Dataset 1,Pottery registries from excavation: 1985-2016,"OCHRE link: <a href=""https://pi.lib.uchicago.edu/1001/org/ochre/47c1b024-c0ff-8b92-d995-71da741e3fde"">https://pi.lib.uchicago.edu/1001/org/ochre/47c1b024-c0ff-8b92-d995-71da741e3fde</a>"
38.84 Pottery Registry 560 (L).pdf,38.84 Pottery Registry 560 (L).jpg,https://pi.lib.uchicago.edu/1001/org/ochre/3a40fcb3-e245-26a7-2fb5-054e0e5e72c3,Pottery Registry: Dataset 1,Pottery registries from excavation: 1985-2016,"OCHRE link: <a href=""https://pi.lib.uchicago.edu/1001/org/ochre/3a40fcb3-e245-26a7-2fb5-054e0e5e72c3"">https://pi.lib.uchicago.edu/1001/org/ochre/3a40fcb3-e245-26a7-2fb5-054e0e5e72c3</a>"
38.84 Pottery Registry 562 (L).pdf,38.84 Pottery Registry 562 (L).jpg,https://pi.lib.uchicago.edu/1001/org/ochre/b8dd4583-f432-a166-cd43-9d39f2fbc5a2,Pottery Registry: Dataset 1,Pottery registries from excavation: 1985-2016,"OCHRE link: <a href=""https://pi.lib.uchicago.edu/1001/org/ochre/b8dd4583-f432-a166-cd43-9d39f2fbc5a2"">https://pi.lib.uchicago.edu/1001/org/ochre/b8dd4583-f432-a166-cd43-9d39f2fbc5a2</a>"
38.84 Pottery Registry 580 (L).pdf,38.84 Pottery Registry 580 (L).jpg,https://pi.lib.uchicago.edu/1001/org/ochre/1bf2dcb7-d73c-d171-d2d1-a7394ee0db68,Pottery Registry: Dataset 1,Pottery registries from excavation: 1985-2016,"OCHRE link: <a href=""https://pi.lib.uchicago.edu/1001/org/ochre/1bf2dcb7-d73c-d171-d2d1-a7394ee0db68"">https://pi.lib.uchicago.edu/1001/org/ochre/1bf2dcb7-d73c-d171-d2d1-a7394ee0db68</a>"
38.84 Pottery Registry 595 (L).pdf,38.84 Pottery Registry 595 (L).jpg,https://pi.lib.uchicago.edu/1001/org/ochre/07f097ed-5b42-2ec4-91cb-f4093368f9c0,Pottery Registry: Dataset 1,Pottery registries from excavation: 1985-2016,"OCHRE link: <a href=""https://pi.lib.uchicago.edu/1001/org/ochre/07f097ed-5b42-2ec4-91cb-f4093368f9c0"">https://pi.lib.uchicago.edu/1001/org/ochre/07f097ed-5b42-2ec4-91cb-f4093368f9c0</a>"
38.84 Pottery Registry 597 (F).pdf,38.84 Pottery Registry 597 (F).jpg,https://pi.lib.uchicago.edu/1001/org/ochre/962518ca-ff05-2b63-1dce-42702177d90f,Pottery Registry: Dataset 1,Pottery registries from excavation: 1985-2016,"OCHRE link: <a href=""https://pi.lib.uchicago.edu/1001/org/ochre/962518ca-ff05-2b63-1dce-42702177d90f"">https://pi.lib.uchicago.edu/1001/org/ochre/962518ca-ff05-2b63-1dce-42702177d90f</a>"
38.84 Pottery Registry 604 (L).pdf,38.84 Pottery Registry 604 (L).jpg,https://pi.lib.uchicago.edu/1001/org/ochre/ac5595ce-afe1-689b-eb54-64a0394a58f2,Pottery Registry: Dataset 1,Pottery registries from excavation: 1985-2016,"OCHRE link: <a href=""https://pi.lib.uchicago.edu/1001/org/ochre/ac5595ce-afe1-689b-eb54-64a0394a58f2"">https://pi.lib.uchicago.edu/1001/org/ochre/ac5595ce-afe1-689b-eb54-64a0394a58f2</a>"
38.84 Pottery Registry 622 (L).pdf,38.84 Pottery Registry 622 (L).jpg,https://pi.lib.uchicago.edu/1001/org/ochre/405c1377-aa4e-5422-4c00-bc1fc2a3e87a,Pottery Registry: Dataset 1,Pottery registries from excavation: 1985-2016,"OCHRE link: <a href=""https://pi.lib.uchicago.edu/1001/org/ochre/405c1377-aa4e-5422-4c00-bc1fc2a3e87a"">https://pi.lib.uchicago.edu/1001/org/ochre/405c1377-aa4e-5422-4c00-bc1fc2a3e87a</a>"
38.84 Pottery Registry 639 (L).pdf,38.84 Pottery Registry 639 (L).jpg,https://pi.lib.uchicago.edu/1001/org/ochre/d51f5abe-f3bb-f84f-95ba-2497e320ac58,Pottery Registry: Dataset 1,Pottery registries from excavation: 1985-2016,"OCHRE link: <a href=""https://pi.lib.uchicago.edu/1001/org/ochre/d51f5abe-f3bb-f84f-95ba-2497e320ac58"">https://pi.lib.uchicago.edu/1001/org/ochre/d51f5abe-f3bb-f84f-95ba-2497e320ac58</a>"
38.84 Pottery Registry 840 (L).pdf,38.84 Pottery Registry 840 (L).jpg,https://pi.lib.uchicago.edu/1001/org/ochre/47a79ce1-7135-9642-b1c3-0fa5bfbcc217,Pottery Registry: Dataset 1,Pottery registries from excavation: 1985-2016,"OCHRE link: <a href=""https://pi.lib.uchicago.edu/1001/org/ochre/47a79ce1-7135-9642-b1c3-0fa5bfbcc217"">https://pi.lib.uchicago.edu/1001/org/ochre/47a79ce1-7135-9642-b1c3-0fa5bfbcc217</a>"
38.84 Pottery Registry 842 (L).pdf,38.84 Pottery Registry 842 (L).jpg,https://pi.lib.uchicago.edu/1001/org/ochre/d68c93ff-6125-ee3d-28ee-779a799eaef6,Pottery Registry: Dataset 1,Pottery registries from excavation: 1985-2016,"OCHRE link: <a href=""https://pi.lib.uchicago.edu/1001/org/ochre/d68c93ff-6125-ee3d-28ee-779a799eaef6"">https://pi.lib.uchicago.edu/1001/org/ochre/d68c93ff-6125-ee3d-28ee-779a799eaef6</a>"
38.85 Pottery Registry 004 (L).pdf,38.85 Pottery Registry 004 (L).jpg,https://pi.lib.uchicago.edu/1001/org/ochre/9849323b-2921-0e04-9246-f8295f9fd080,Pottery Registry: Dataset 1,Pottery registries from excavation: 1985-2016,"OCHRE link: <a href=""https://pi.lib.uchicago.edu/1001/org/ochre/9849323b-2921-0e04-9246-f8295f9fd080"">https://pi.lib.uchicago.edu/1001/org/ochre/9849323b-2921-0e04-9246-f8295f9fd080</a>"
38.85 Pottery Registry 005 (L).pdf,38.85 Pottery Registry 005 (L).jpg,https://pi.lib.uchicago.edu/1001/org/ochre/c0a50d4b-f6eb-36eb-6c38-e56c70b99637,Pottery Registry: Dataset 1,Pottery registries from excavation: 1985-2016,"OCHRE link: <a href=""https://pi.lib.uchicago.edu/1001/org/ochre/c0a50d4b-f6eb-36eb-6c38-e56c70b99637"">https://pi.lib.uchicago.edu/1001/org/ochre/c0a50d4b-f6eb-36eb-6c38-e56c70b99637</a>"
38.85 Pottery Registry 008 (L).pdf,38.85 Pottery Registry 008 (L).jpg,https://pi.lib.uchicago.edu/1001/org/ochre/b7349f68-d547-d809-c8c9-c045420122eb,Pottery Registry: Dataset 1,Pottery registries from excavation: 1985-2016,"OCHRE link: <a href=""https://pi.lib.uchicago.edu/1001/org/ochre/b7349f68-d547-d809-c8c9-c045420122eb"">https://pi.lib.uchicago.edu/1001/org/ochre/b7349f68-d547-d809-c8c9-c045420122eb</a>"
38.85 Pottery Registry 027 (L).pdf,38.85 Pottery Registry 027 (L).jpg,https://pi.lib.uchicago.edu/1001/org/ochre/e70fde50-3574-cb14-294f-d52614a921b0,Pottery Registry: Dataset 1,Pottery registries from excavation: 1985-2016,"OCHRE link: <a href=""https://pi.lib.uchicago.edu/1001/org/ochre/e70fde50-3574-cb14-294f-d52614a921b0"">https://pi.lib.uchicago.edu/1001/org/ochre/e70fde50-3574-cb14-294f-d52614a921b0</a>"
38.85 Pottery Registry 126 (L).pdf,38.85 Pottery Registry 126 (L).jpg,https://pi.lib.uchicago.edu/1001/org/ochre/8fba4f1d-5591-327b-1c7b-1f4246db38a3,Pottery Registry: Dataset 1,Pottery registries from excavation: 1985-2016,"OCHRE link: <a href=""https://pi.lib.uchicago.edu/1001/org/ochre/8fba4f1d-5591-327b-1c7b-1f4246db38a3"">https://pi.lib.uchicago.edu/1001/org/ochre/8fba4f1d-5591-327b-1c7b-1f4246db38a3</a>"
38.85 Pottery Registry 522 (L).pdf,38.85 Pottery Registry 522 (L).jpg,https://pi.lib.uchicago.edu/1001/org/ochre/2701fbd9-f529-29f0-21a7-d08c3dfe0cae,Pottery Registry: Dataset 1,Pottery registries from excavation: 1985-2016,"OCHRE link: <a href=""https://pi.lib.uchicago.edu/1001/org/ochre/2701fbd9-f529-29f0-21a7-d08c3dfe0cae"">https://pi.lib.uchicago.edu/1001/org/ochre/2701fbd9-f529-29f0-21a7-d08c3dfe0cae</a>"
38.94 Pottery Registry 207 (L).pdf,38.94 Pottery Registry 207 (L).jpg,https://pi.lib.uchicago.edu/1001/org/ochre/89f608b8-3332-d535-fb21-e1d2366c490f,Pottery Registry: Dataset 1,Pottery registries from excavation: 1985-2016,"OCHRE link: <a href=""https://pi.lib.uchicago.edu/1001/org/ochre/89f608b8-3332-d535-fb21-e1d2366c490f"">https://pi.lib.uchicago.edu/1001/org/ochre/89f608b8-3332-d535-fb21-e1d2366c490f</a>"
38.94 Pottery Registry 298 (L).pdf,38.94 Pottery Registry 298 (L).jpg,https://pi.lib.uchicago.edu/1001/org/ochre/6b7a4716-c837-3353-403c-05b417b73d8f,Pottery Registry: Dataset 1,Pottery registries from excavation: 1985-2016,"OCHRE link: <a href=""https://pi.lib.uchicago.edu/1001/org/ochre/6b7a4716-c837-3353-403c-05b417b73d8f"">https://pi.lib.uchicago.edu/1001/org/ochre/6b7a4716-c837-3353-403c-05b417b73d8f</a>"
41.00 Pottery Registry Miscellaneous.pdf,41.00 Pottery Registry Miscellaneous.jpg,https://pi.lib.uchicago.edu/1001/org/ochre/ac753fba-b2fa-ecd8-d352-f7e4d2df6300,Pottery Registry: Dataset 1,Pottery registries from excavation: 1985-2016,"OCHRE link: <a href=""https://pi.lib.uchicago.edu/1001/org/ochre/ac753fba-b2fa-ecd8-d352-f7e4d2df6300"">https://pi.lib.uchicago.edu/1001/org/ochre/ac753fba-b2fa-ecd8-d352-f7e4d2df6300</a>"
41.07 Pottery Registry 001 (L).pdf,41.07 Pottery Registry 001 (L).jpg,https://pi.lib.uchicago.edu/1001/org/ochre/cb017478-79e5-2410-799d-e800e0dff4a3,Pottery Registry: Dataset 1,Pottery registries from excavation: 1985-2016,"OCHRE link: <a href=""https://pi.lib.uchicago.edu/1001/org/ochre/cb017478-79e5-2410-799d-e800e0dff4a3"">https://pi.lib.uchicago.edu/1001/org/ochre/cb017478-79e5-2410-799d-e800e0dff4a3</a>"
41.07 Pottery Registry 002 (L).pdf,41.07 Pottery Registry 002 (L).jpg,https://pi.lib.uchicago.edu/1001/org/ochre/ca7cc2e0-08b9-a79f-6001-04c164469159,Pottery Registry: Dataset 1,Pottery registries from excavation: 1985-2016,"OCHRE link: <a href=""https://pi.lib.uchicago.edu/1001/org/ochre/ca7cc2e0-08b9-a79f-6001-04c164469159"">https://pi.lib.uchicago.edu/1001/org/ochre/ca7cc2e0-08b9-a79f-6001-04c164469159</a>"
41.07 Pottery Registry 003 (L).pdf,41.07 Pottery Registry 003 (L).jpg,https://pi.lib.uchicago.edu/1001/org/ochre/5f495306-7396-d19a-75b2-c4a84026213f,Pottery Registry: Dataset 1,Pottery registries from excavation: 1985-2016,"OCHRE link: <a href=""https://pi.lib.uchicago.edu/1001/org/ochre/5f495306-7396-d19a-75b2-c4a84026213f"">https://pi.lib.uchicago.edu/1001/org/ochre/5f495306-7396-d19a-75b2-c4a84026213f</a>"
41.07 Pottery Registry 005 (L).pdf,41.07 Pottery Registry 005 (L).jpg,https://pi.lib.uchicago.edu/1001/org/ochre/8b441065-166a-e466-bfad-8f57d2288a5c,Pottery Registry: Dataset 1,Pottery registries from excavation: 1985-2016,"OCHRE link: <a href=""https://pi.lib.uchicago.edu/1001/org/ochre/8b441065-166a-e466-bfad-8f57d2288a5c"">https://pi.lib.uchicago.edu/1001/org/ochre/8b441065-166a-e466-bfad-8f57d2288a5c</a>"
41.07 Pottery Registry 006 (L).pdf,41.07 Pottery Registry 006 (L).jpg,https://pi.lib.uchicago.edu/1001/org/ochre/ffef7a20-6c60-448f-eda5-96701222bab6,Pottery Registry: Dataset 1,Pottery registries from excavation: 1985-2016,"OCHRE link: <a href=""https://pi.lib.uchicago.edu/1001/org/ochre/ffef7a20-6c60-448f-eda5-96701222bab6"">https://pi.lib.uchicago.edu/1001/org/ochre/ffef7a20-6c60-448f-eda5-96701222bab6</a>"
41.07 Pottery Registry 007 (L).pdf,41.07 Pottery Registry 007 (L).jpg,https://pi.lib.uchicago.edu/1001/org/ochre/353c7491-0795-d42a-bb72-4e7eb791a99a,Pottery Registry: Dataset 1,Pottery registries from excavation: 1985-2016,"OCHRE link: <a href=""https://pi.lib.uchicago.edu/1001/org/ochre/353c7491-0795-d42a-bb72-4e7eb791a99a"">https://pi.lib.uchicago.edu/1001/org/ochre/353c7491-0795-d42a-bb72-4e7eb791a99a</a>"
41.07 Pottery Registry 008 (L).pdf,41.07 Pottery Registry 008 (L).jpg,https://pi.lib.uchicago.edu/1001/org/ochre/4e274faa-9bad-308a-f295-1afdc7783002,Pottery Registry: Dataset 1,Pottery registries from excavation: 1985-2016,"OCHRE link: <a href=""https://pi.lib.uchicago.edu/1001/org/ochre/4e274faa-9bad-308a-f295-1afdc7783002"">https://pi.lib.uchicago.edu/1001/org/ochre/4e274faa-9bad-308a-f295-1afdc7783002</a>"
41.07 Pottery Registry 009 (L).pdf,41.07 Pottery Registry 009 (L).jpg,https://pi.lib.uchicago.edu/1001/org/ochre/e4691f47-2a0c-97fe-3b23-04f236362bf9,Pottery Registry: Dataset 1,Pottery registries from excavation: 1985-2016,"OCHRE link: <a href=""https://pi.lib.uchicago.edu/1001/org/ochre/e4691f47-2a0c-97fe-3b23-04f236362bf9"">https://pi.lib.uchicago.edu/1001/org/ochre/e4691f47-2a0c-97fe-3b23-04f236362bf9</a>"
41.07 Pottery Registry 010 (L).pdf,41.07 Pottery Registry 010 (L).jpg,https://pi.lib.uchicago.edu/1001/org/ochre/f3db40ae-a880-7d65-6c22-e55bce1356fe,Pottery Registry: Dataset 1,Pottery registries from excavation: 1985-2016,"OCHRE link: <a href=""https://pi.lib.uchicago.edu/1001/org/ochre/f3db40ae-a880-7d65-6c22-e55bce1356fe"">https://pi.lib.uchicago.edu/1001/org/ochre/f3db40ae-a880-7d65-6c22-e55bce1356fe</a>"
41.07 Pottery Registry 011 (L).pdf,41.07 Pottery Registry 011 (L).jpg,https://pi.lib.uchicago.edu/1001/org/ochre/b04da9cf-91e8-ca03-c37c-1158060fdad1,Pottery Registry: Dataset 1,Pottery registries from excavation: 1985-2016,"OCHRE link: <a href=""https://pi.lib.uchicago.edu/1001/org/ochre/b04da9cf-91e8-ca03-c37c-1158060fdad1"">https://pi.lib.uchicago.edu/1001/org/ochre/b04da9cf-91e8-ca03-c37c-1158060fdad1</a>"
41.07 Pottery Registry 012 (L).pdf,41.07 Pottery Registry 012 (L).jpg,https://pi.lib.uchicago.edu/1001/org/ochre/7bc00d73-7aff-b9ab-2f00-a771420e31c1,Pottery Registry: Dataset 1,Pottery registries from excavation: 1985-2016,"OCHRE link: <a href=""https://pi.lib.uchicago.edu/1001/org/ochre/7bc00d73-7aff-b9ab-2f00-a771420e31c1"">https://pi.lib.uchicago.edu/1001/org/ochre/7bc00d73-7aff-b9ab-2f00-a771420e31c1</a>"
41.07 Pottery Registry 013 (L).pdf,41.07 Pottery Registry 013 (L).jpg,https://pi.lib.uchicago.edu/1001/org/ochre/91466215-6c8c-6c15-551b-fd86b839d639,Pottery Registry: Dataset 1,Pottery registries from excavation: 1985-2016,"OCHRE link: <a href=""https://pi.lib.uchicago.edu/1001/org/ochre/91466215-6c8c-6c15-551b-fd86b839d639"">https://pi.lib.uchicago.edu/1001/org/ochre/91466215-6c8c-6c15-551b-fd86b839d639</a>"
41.07 Pottery Registry 014 (L).pdf,41.07 Pottery Registry 014 (L).jpg,https://pi.lib.uchicago.edu/1001/org/ochre/d7a4cb2d-8313-304e-77c0-c01c314f1698,Pottery Registry: Dataset 1,Pottery registries from excavation: 1985-2016,"OCHRE link: <a href=""https://pi.lib.uchicago.edu/1001/org/ochre/d7a4cb2d-8313-304e-77c0-c01c314f1698"">https://pi.lib.uchicago.edu/1001/org/ochre/d7a4cb2d-8313-304e-77c0-c01c314f1698</a>"
41.07 Pottery Registry 015 (L).pdf,41.07 Pottery Registry 015 (L).jpg,https://pi.lib.uchicago.edu/1001/org/ochre/d5496843-70da-abb7-e396-5a2ac713013f,Pottery Registry: Dataset 1,Pottery registries from excavation: 1985-2016,"OCHRE link: <a href=""https://pi.lib.uchicago.edu/1001/org/ochre/d5496843-70da-abb7-e396-5a2ac713013f"">https://pi.lib.uchicago.edu/1001/org/ochre/d5496843-70da-abb7-e396-5a2ac713013f</a>"
41.07 Pottery Registry 016 (L).pdf,41.07 Pottery Registry 016 (L).jpg,https://pi.lib.uchicago.edu/1001/org/ochre/43e53a84-6231-6d5e-a724-6273659fe39b,Pottery Registry: Dataset 1,Pottery registries from excavation: 1985-2016,"OCHRE link: <a href=""https://pi.lib.uchicago.edu/1001/org/ochre/43e53a84-6231-6d5e-a724-6273659fe39b"">https://pi.lib.uchicago.edu/1001/org/ochre/43e53a84-6231-6d5e-a724-6273659fe39b</a>"
41.07 Pottery Registry 017 (L).pdf,41.07 Pottery Registry 017 (L).jpg,https://pi.lib.uchicago.edu/1001/org/ochre/de08e02a-38d3-322f-75f0-d75bb0497d1a,Pottery Registry: Dataset 1,Pottery registries from excavation: 1985-2016,"OCHRE link: <a href=""https://pi.lib.uchicago.edu/1001/org/ochre/de08e02a-38d3-322f-75f0-d75bb0497d1a"">https://pi.lib.uchicago.edu/1001/org/ochre/de08e02a-38d3-322f-75f0-d75bb0497d1a</a>"
41.07 Pottery Registry 018 (L).pdf,41.07 Pottery Registry 018 (L).jpg,https://pi.lib.uchicago.edu/1001/org/ochre/388565dc-6c81-c419-a34f-f79bd52a6763,Pottery Registry: Dataset 1,Pottery registries from excavation: 1985-2016,"OCHRE link: <a href=""https://pi.lib.uchicago.edu/1001/org/ochre/388565dc-6c81-c419-a34f-f79bd52a6763"">https://pi.lib.uchicago.edu/1001/org/ochre/388565dc-6c81-c419-a34f-f79bd52a6763</a>"
41.07 Pottery Registry 019 (L).pdf,41.07 Pottery Registry 019 (L).jpg,https://pi.lib.uchicago.edu/1001/org/ochre/b2b4adf2-3ec3-8264-fcff-eb0c0d108b6e,Pottery Registry: Dataset 1,Pottery registries from excavation: 1985-2016,"OCHRE link: <a href=""https://pi.lib.uchicago.edu/1001/org/ochre/b2b4adf2-3ec3-8264-fcff-eb0c0d108b6e"">https://pi.lib.uchicago.edu/1001/org/ochre/b2b4adf2-3ec3-8264-fcff-eb0c0d108b6e</a>"
41.07 Pottery Registry 020 (L).pdf,41.07 Pottery Registry 020 (L).jpg,https://pi.lib.uchicago.edu/1001/org/ochre/4b69e3e2-27f8-dceb-7c7e-288bb8250059,Pottery Registry: Dataset 1,Pottery registries from excavation: 1985-2016,"OCHRE link: <a href=""https://pi.lib.uchicago.edu/1001/org/ochre/4b69e3e2-27f8-dceb-7c7e-288bb8250059"">https://pi.lib.uchicago.edu/1001/org/ochre/4b69e3e2-27f8-dceb-7c7e-288bb8250059</a>"
41.07 Pottery Registry 021 (L).pdf,41.07 Pottery Registry 021 (L).jpg,https://pi.lib.uchicago.edu/1001/org/ochre/b0a488dc-5248-8e7a-c3cf-173b730284ab,Pottery Registry: Dataset 1,Pottery registries from excavation: 1985-2016,"OCHRE link: <a href=""https://pi.lib.uchicago.edu/1001/org/ochre/b0a488dc-5248-8e7a-c3cf-173b730284ab"">https://pi.lib.uchicago.edu/1001/org/ochre/b0a488dc-5248-8e7a-c3cf-173b730284ab</a>"
41.07 Pottery Registry 022 (L).pdf,41.07 Pottery Registry 022 (L).jpg,https://pi.lib.uchicago.edu/1001/org/ochre/da9e5ca8-9c2e-15d3-ce1b-015af269762f,Pottery Registry: Dataset 1,Pottery registries from excavation: 1985-2016,"OCHRE link: <a href=""https://pi.lib.uchicago.edu/1001/org/ochre/da9e5ca8-9c2e-15d3-ce1b-015af269762f"">https://pi.lib.uchicago.edu/1001/org/ochre/da9e5ca8-9c2e-15d3-ce1b-015af269762f</a>"
41.07 Pottery Registry 023 (L).pdf,41.07 Pottery Registry 023 (L).jpg,https://pi.lib.uchicago.edu/1001/org/ochre/90f0dc40-9023-a0e9-6f61-38cefc626525,Pottery Registry: Dataset 1,Pottery registries from excavation: 1985-2016,"OCHRE link: <a href=""https://pi.lib.uchicago.edu/1001/org/ochre/90f0dc40-9023-a0e9-6f61-38cefc626525"">https://pi.lib.uchicago.edu/1001/org/ochre/90f0dc40-9023-a0e9-6f61-38cefc626525</a>"
41.08 Pottery Registry 001 (L).pdf,41.08 Pottery Registry 001 (L).jpg,https://pi.lib.uchicago.edu/1001/org/ochre/13a2884f-7283-66a5-5a12-75f837b3ef7c,Pottery Registry: Dataset 1,Pottery registries from excavation: 1985-2016,"OCHRE link: <a href=""https://pi.lib.uchicago.edu/1001/org/ochre/13a2884f-7283-66a5-5a12-75f837b3ef7c"">https://pi.lib.uchicago.edu/1001/org/ochre/13a2884f-7283-66a5-5a12-75f837b3ef7c</a>"
41.08 Pottery Registry 002 (L).pdf,41.08 Pottery Registry 002 (L).jpg,https://pi.lib.uchicago.edu/1001/org/ochre/ab1e5a17-0147-a672-15cf-26c49f65a765,Pottery Registry: Dataset 1,Pottery registries from excavation: 1985-2016,"OCHRE link: <a href=""https://pi.lib.uchicago.edu/1001/org/ochre/ab1e5a17-0147-a672-15cf-26c49f65a765"">https://pi.lib.uchicago.edu/1001/org/ochre/ab1e5a17-0147-a672-15cf-26c49f65a765</a>"
41.08 Pottery Registry 019 (L).pdf,41.08 Pottery Registry 019 (L).jpg,https://pi.lib.uchicago.edu/1001/org/ochre/6c8e07e4-e16c-820a-6cd2-b3b97247d483,Pottery Registry: Dataset 1,Pottery registries from excavation: 1985-2016,"OCHRE link: <a href=""https://pi.lib.uchicago.edu/1001/org/ochre/6c8e07e4-e16c-820a-6cd2-b3b97247d483"">https://pi.lib.uchicago.edu/1001/org/ochre/6c8e07e4-e16c-820a-6cd2-b3b97247d483</a>"
41.09 Pottery Registry 001 (L).pdf,41.09 Pottery Registry 001 (L).jpg,https://pi.lib.uchicago.edu/1001/org/ochre/ec97fa33-bbc8-387d-54c8-e316082877aa,Pottery Registry: Dataset 1,Pottery registries from excavation: 1985-2016,"OCHRE link: <a href=""https://pi.lib.uchicago.edu/1001/org/ochre/ec97fa33-bbc8-387d-54c8-e316082877aa"">https://pi.lib.uchicago.edu/1001/org/ochre/ec97fa33-bbc8-387d-54c8-e316082877aa</a>"
41.09 Pottery Registry 002 (L).pdf,41.09 Pottery Registry 002 (L).jpg,https://pi.lib.uchicago.edu/1001/org/ochre/3ca42984-2737-e37b-44aa-0f784cfbf999,Pottery Registry: Dataset 1,Pottery registries from excavation: 1985-2016,"OCHRE link: <a href=""https://pi.lib.uchicago.edu/1001/org/ochre/3ca42984-2737-e37b-44aa-0f784cfbf999"">https://pi.lib.uchicago.edu/1001/org/ochre/3ca42984-2737-e37b-44aa-0f784cfbf999</a>"
41.09 Pottery Registry 008 (F).pdf,41.09 Pottery Registry 008 (F).jpg,https://pi.lib.uchicago.edu/1001/org/ochre/589ec851-6761-a266-13be-9448854f2ccc,Pottery Registry: Dataset 1,Pottery registries from excavation: 1985-2016,"OCHRE link: <a href=""https://pi.lib.uchicago.edu/1001/org/ochre/589ec851-6761-a266-13be-9448854f2ccc"">https://pi.lib.uchicago.edu/1001/org/ochre/589ec851-6761-a266-13be-9448854f2ccc</a>"
41.09 Pottery Registry 008 (L).pdf,41.09 Pottery Registry 008 (L).jpg,https://pi.lib.uchicago.edu/1001/org/ochre/32d4447b-a6dc-c7cf-d062-dbd3c1646350,Pottery Registry: Dataset 1,Pottery registries from excavation: 1985-2016,"OCHRE link: <a href=""https://pi.lib.uchicago.edu/1001/org/ochre/32d4447b-a6dc-c7cf-d062-dbd3c1646350"">https://pi.lib.uchicago.edu/1001/org/ochre/32d4447b-a6dc-c7cf-d062-dbd3c1646350</a>"
41.09 Pottery Registry 015 (L).pdf,41.09 Pottery Registry 015 (L).jpg,https://pi.lib.uchicago.edu/1001/org/ochre/547041cf-516a-e4d9-b795-88edfd3220b0,Pottery Registry: Dataset 1,Pottery registries from excavation: 1985-2016,"OCHRE link: <a href=""https://pi.lib.uchicago.edu/1001/org/ochre/547041cf-516a-e4d9-b795-88edfd3220b0"">https://pi.lib.uchicago.edu/1001/org/ochre/547041cf-516a-e4d9-b795-88edfd3220b0</a>"
41.09 Pottery Registry Miscellaneous.pdf,41.09 Pottery Registry Miscellaneous.jpg,https://pi.lib.uchicago.edu/1001/org/ochre/296e1510-51a7-c9ac-f8e0-b28808443f63,Pottery Registry: Dataset 1,Pottery registries from excavation: 1985-2016,"OCHRE link: <a href=""https://pi.lib.uchicago.edu/1001/org/ochre/296e1510-51a7-c9ac-f8e0-b28808443f63"">https://pi.lib.uchicago.edu/1001/org/ochre/296e1510-51a7-c9ac-f8e0-b28808443f63</a>"
50.37 Pottery Registry 004 (L).pdf,50.37 Pottery Registry 004 (L).jpg,https://pi.lib.uchicago.edu/1001/org/ochre/446106c2-10a0-dba7-df77-8d06b110f587,Pottery Registry: Dataset 1,Pottery registries from excavation: 1985-2016,"OCHRE link: <a href=""https://pi.lib.uchicago.edu/1001/org/ochre/446106c2-10a0-dba7-df77-8d06b110f587"">https://pi.lib.uchicago.edu/1001/org/ochre/446106c2-10a0-dba7-df77-8d06b110f587</a>"
50.37 Pottery Registry 011 (L).pdf,50.37 Pottery Registry 011 (L).jpg,https://pi.lib.uchicago.edu/1001/org/ochre/8fc56951-876f-f18b-7af1-af0f9e3cefa4,Pottery Registry: Dataset 1,Pottery registries from excavation: 1985-2016,"OCHRE link: <a href=""https://pi.lib.uchicago.edu/1001/org/ochre/8fc56951-876f-f18b-7af1-af0f9e3cefa4"">https://pi.lib.uchicago.edu/1001/org/ochre/8fc56951-876f-f18b-7af1-af0f9e3cefa4</a>"
50.38 Pottery Registry 011 (L).pdf,50.38 Pottery Registry 011 (L).jpg,https://pi.lib.uchicago.edu/1001/org/ochre/e4f4c682-5c61-930d-deec-472e742c8c98,Pottery Registry: Dataset 1,Pottery registries from excavation: 1985-2016,"OCHRE link: <a href=""https://pi.lib.uchicago.edu/1001/org/ochre/e4f4c682-5c61-930d-deec-472e742c8c98"">https://pi.lib.uchicago.edu/1001/org/ochre/e4f4c682-5c61-930d-deec-472e742c8c98</a>"
50.46 Pottery Registry 020 (L).pdf,50.46 Pottery Registry 020 (L).jpg,https://pi.lib.uchicago.edu/1001/org/ochre/ffa3e86a-2f43-ec46-e7f5-616e1247ceba,Pottery Registry: Dataset 1,Pottery registries from excavation: 1985-2016,"OCHRE link: <a href=""https://pi.lib.uchicago.edu/1001/org/ochre/ffa3e86a-2f43-ec46-e7f5-616e1247ceba"">https://pi.lib.uchicago.edu/1001/org/ochre/ffa3e86a-2f43-ec46-e7f5-616e1247ceba</a>"
50.46 Pottery Registry 025 (L).pdf,50.46 Pottery Registry 025 (L).jpg,https://pi.lib.uchicago.edu/1001/org/ochre/c8623461-f896-c69d-7b2d-661ac8c430dd,Pottery Registry: Dataset 1,Pottery registries from excavation: 1985-2016,"OCHRE link: <a href=""https://pi.lib.uchicago.edu/1001/org/ochre/c8623461-f896-c69d-7b2d-661ac8c430dd"">https://pi.lib.uchicago.edu/1001/org/ochre/c8623461-f896-c69d-7b2d-661ac8c430dd</a>"
50.46 Pottery Registry 036 (L).pdf,50.46 Pottery Registry 036 (L).jpg,https://pi.lib.uchicago.edu/1001/org/ochre/717d19d4-6156-8afc-20a5-ce4973bc6106,Pottery Registry: Dataset 1,Pottery registries from excavation: 1985-2016,"OCHRE link: <a href=""https://pi.lib.uchicago.edu/1001/org/ochre/717d19d4-6156-8afc-20a5-ce4973bc6106"">https://pi.lib.uchicago.edu/1001/org/ochre/717d19d4-6156-8afc-20a5-ce4973bc6106</a>"
50.46 Pottery Registry 038 (L).pdf,50.46 Pottery Registry 038 (L).jpg,https://pi.lib.uchicago.edu/1001/org/ochre/8345390c-4447-1e28-7f33-6640f73422e7,Pottery Registry: Dataset 1,Pottery registries from excavation: 1985-2016,"OCHRE link: <a href=""https://pi.lib.uchicago.edu/1001/org/ochre/8345390c-4447-1e28-7f33-6640f73422e7"">https://pi.lib.uchicago.edu/1001/org/ochre/8345390c-4447-1e28-7f33-6640f73422e7</a>"
50.46 Pottery Registry 056 (L).pdf,50.46 Pottery Registry 056 (L).jpg,https://pi.lib.uchicago.edu/1001/org/ochre/fa6e43d5-4978-b37f-859c-b5be4f8772d0,Pottery Registry: Dataset 1,Pottery registries from excavation: 1985-2016,"OCHRE link: <a href=""https://pi.lib.uchicago.edu/1001/org/ochre/fa6e43d5-4978-b37f-859c-b5be4f8772d0"">https://pi.lib.uchicago.edu/1001/org/ochre/fa6e43d5-4978-b37f-859c-b5be4f8772d0</a>"
50.46 Pottery Registry 100 (L).pdf,50.46 Pottery Registry 100 (L).jpg,https://pi.lib.uchicago.edu/1001/org/ochre/3ce89afb-22b9-0425-a291-78470825012e,Pottery Registry: Dataset 1,Pottery registries from excavation: 1985-2016,"OCHRE link: <a href=""https://pi.lib.uchicago.edu/1001/org/ochre/3ce89afb-22b9-0425-a291-78470825012e"">https://pi.lib.uchicago.edu/1001/org/ochre/3ce89afb-22b9-0425-a291-78470825012e</a>"
50.47 Pottery Registry 003 (L).pdf,50.47 Pottery Registry 003 (L).jpg,https://pi.lib.uchicago.edu/1001/org/ochre/b3cb153d-f901-dbb5-9e79-09ce43f2675e,Pottery Registry: Dataset 1,Pottery registries from excavation: 1985-2016,"OCHRE link: <a href=""https://pi.lib.uchicago.edu/1001/org/ochre/b3cb153d-f901-dbb5-9e79-09ce43f2675e"">https://pi.lib.uchicago.edu/1001/org/ochre/b3cb153d-f901-dbb5-9e79-09ce43f2675e</a>"
50.47 Pottery Registry 005 (L).pdf,50.47 Pottery Registry 005 (L).jpg,https://pi.lib.uchicago.edu/1001/org/ochre/52d35acd-52c1-056f-8d1e-91b816d21fd1,Pottery Registry: Dataset 1,Pottery registries from excavation: 1985-2016,"OCHRE link: <a href=""https://pi.lib.uchicago.edu/1001/org/ochre/52d35acd-52c1-056f-8d1e-91b816d21fd1"">https://pi.lib.uchicago.edu/1001/org/ochre/52d35acd-52c1-056f-8d1e-91b816d21fd1</a>"
50.47 Pottery Registry 012 (L).pdf,50.47 Pottery Registry 012 (L).jpg,https://pi.lib.uchicago.edu/1001/org/ochre/76bc336b-c6bb-a358-f26f-1e77eaa53063,Pottery Registry: Dataset 1,Pottery registries from excavation: 1985-2016,"OCHRE link: <a href=""https://pi.lib.uchicago.edu/1001/org/ochre/76bc336b-c6bb-a358-f26f-1e77eaa53063"">https://pi.lib.uchicago.edu/1001/org/ochre/76bc336b-c6bb-a358-f26f-1e77eaa53063</a>"
50.47 Pottery Registry 013 (L).pdf,50.47 Pottery Registry 013 (L).jpg,https://pi.lib.uchicago.edu/1001/org/ochre/5141109b-a07d-27b1-5da6-3f022b83a694,Pottery Registry: Dataset 1,Pottery registries from excavation: 1985-2016,"OCHRE link: <a href=""https://pi.lib.uchicago.edu/1001/org/ochre/5141109b-a07d-27b1-5da6-3f022b83a694"">https://pi.lib.uchicago.edu/1001/org/ochre/5141109b-a07d-27b1-5da6-3f022b83a694</a>"
50.47 Pottery Registry 016 (L).pdf,50.47 Pottery Registry 016 (L).jpg,https://pi.lib.uchicago.edu/1001/org/ochre/6e3b3841-dc8b-600d-6768-26ffb756535e,Pottery Registry: Dataset 1,Pottery registries from excavation: 1985-2016,"OCHRE link: <a href=""https://pi.lib.uchicago.edu/1001/org/ochre/6e3b3841-dc8b-600d-6768-26ffb756535e"">https://pi.lib.uchicago.edu/1001/org/ochre/6e3b3841-dc8b-600d-6768-26ffb756535e</a>"
50.47 Pottery Registry 019 (L).pdf,50.47 Pottery Registry 019 (L).jpg,https://pi.lib.uchicago.edu/1001/org/ochre/64e11e87-02eb-903b-6b98-f80419ef5ebe,Pottery Registry: Dataset 1,Pottery registries from excavation: 1985-2016,"OCHRE link: <a href=""https://pi.lib.uchicago.edu/1001/org/ochre/64e11e87-02eb-903b-6b98-f80419ef5ebe"">https://pi.lib.uchicago.edu/1001/org/ochre/64e11e87-02eb-903b-6b98-f80419ef5ebe</a>"
50.47 Pottery Registry 036 (L).pdf,50.47 Pottery Registry 036 (L).jpg,https://pi.lib.uchicago.edu/1001/org/ochre/d6bb1046-405e-f3b9-b3c4-68dd3cb960b1,Pottery Registry: Dataset 1,Pottery registries from excavation: 1985-2016,"OCHRE link: <a href=""https://pi.lib.uchicago.edu/1001/org/ochre/d6bb1046-405e-f3b9-b3c4-68dd3cb960b1"">https://pi.lib.uchicago.edu/1001/org/ochre/d6bb1046-405e-f3b9-b3c4-68dd3cb960b1</a>"
50.47 Pottery Registry 061 (L).pdf,50.47 Pottery Registry 061 (L).jpg,https://pi.lib.uchicago.edu/1001/org/ochre/7c2199a9-ae30-6bbb-fa55-d6651821b1a1,Pottery Registry: Dataset 1,Pottery registries from excavation: 1985-2016,"OCHRE link: <a href=""https://pi.lib.uchicago.edu/1001/org/ochre/7c2199a9-ae30-6bbb-fa55-d6651821b1a1"">https://pi.lib.uchicago.edu/1001/org/ochre/7c2199a9-ae30-6bbb-fa55-d6651821b1a1</a>"
50.47 Pottery Registry 065 (L).pdf,50.47 Pottery Registry 065 (L).jpg,https://pi.lib.uchicago.edu/1001/org/ochre/bc2cb8a0-849f-21be-1f3b-4c76b1d36e54,Pottery Registry: Dataset 1,Pottery registries from excavation: 1985-2016,"OCHRE link: <a href=""https://pi.lib.uchicago.edu/1001/org/ochre/bc2cb8a0-849f-21be-1f3b-4c76b1d36e54"">https://pi.lib.uchicago.edu/1001/org/ochre/bc2cb8a0-849f-21be-1f3b-4c76b1d36e54</a>"
50.47 Pottery Registry 073 (L).pdf,50.47 Pottery Registry 073 (L).jpg,https://pi.lib.uchicago.edu/1001/org/ochre/1770e1a8-77f4-c9bb-23eb-c821bc4cf349,Pottery Registry: Dataset 1,Pottery registries from excavation: 1985-2016,"OCHRE link: <a href=""https://pi.lib.uchicago.edu/1001/org/ochre/1770e1a8-77f4-c9bb-23eb-c821bc4cf349"">https://pi.lib.uchicago.edu/1001/org/ochre/1770e1a8-77f4-c9bb-23eb-c821bc4cf349</a>"
50.47 Pottery Registry 164 (L).pdf,50.47 Pottery Registry 164 (L).jpg,https://pi.lib.uchicago.edu/1001/org/ochre/e838c84b-3e78-35d1-e97a-0accffdc5101,Pottery Registry: Dataset 1,Pottery registries from excavation: 1985-2016,"OCHRE link: <a href=""https://pi.lib.uchicago.edu/1001/org/ochre/e838c84b-3e78-35d1-e97a-0accffdc5101"">https://pi.lib.uchicago.edu/1001/org/ochre/e838c84b-3e78-35d1-e97a-0accffdc5101</a>"
50.47 Pottery Registry 167 (L).pdf,50.47 Pottery Registry 167 (L).jpg,https://pi.lib.uchicago.edu/1001/org/ochre/b848f600-3169-2d8a-492e-b202b71f9986,Pottery Registry: Dataset 1,Pottery registries from excavation: 1985-2016,"OCHRE link: <a href=""https://pi.lib.uchicago.edu/1001/org/ochre/b848f600-3169-2d8a-492e-b202b71f9986"">https://pi.lib.uchicago.edu/1001/org/ochre/b848f600-3169-2d8a-492e-b202b71f9986</a>"
50.47 Pottery Registry 169 (L).pdf,50.47 Pottery Registry 169 (L).jpg,https://pi.lib.uchicago.edu/1001/org/ochre/9280b149-c84b-fe88-f4b2-1471b4df6ba5,Pottery Registry: Dataset 1,Pottery registries from excavation: 1985-2016,"OCHRE link: <a href=""https://pi.lib.uchicago.edu/1001/org/ochre/9280b149-c84b-fe88-f4b2-1471b4df6ba5"">https://pi.lib.uchicago.edu/1001/org/ochre/9280b149-c84b-fe88-f4b2-1471b4df6ba5</a>"
50.47 Pottery Registry 175 (L).pdf,50.47 Pottery Registry 175 (L).jpg,https://pi.lib.uchicago.edu/1001/org/ochre/4971af5b-bf60-ac57-b244-f96c2c0236b5,Pottery Registry: Dataset 1,Pottery registries from excavation: 1985-2016,"OCHRE link: <a href=""https://pi.lib.uchicago.edu/1001/org/ochre/4971af5b-bf60-ac57-b244-f96c2c0236b5"">https://pi.lib.uchicago.edu/1001/org/ochre/4971af5b-bf60-ac57-b244-f96c2c0236b5</a>"
50.47 Pottery Registry 181 (L).pdf,50.47 Pottery Registry 181 (L).jpg,https://pi.lib.uchicago.edu/1001/org/ochre/540e6a47-d3ad-22e6-b98a-b3220f3fa5b7,Pottery Registry: Dataset 1,Pottery registries from excavation: 1985-2016,"OCHRE link: <a href=""https://pi.lib.uchicago.edu/1001/org/ochre/540e6a47-d3ad-22e6-b98a-b3220f3fa5b7"">https://pi.lib.uchicago.edu/1001/org/ochre/540e6a47-d3ad-22e6-b98a-b3220f3fa5b7</a>"
50.47 Pottery Registry 188 (L).pdf,50.47 Pottery Registry 188 (L).jpg,https://pi.lib.uchicago.edu/1001/org/ochre/38da335d-3634-8ca1-ee84-7edd99f0d718,Pottery Registry: Dataset 1,Pottery registries from excavation: 1985-2016,"OCHRE link: <a href=""https://pi.lib.uchicago.edu/1001/org/ochre/38da335d-3634-8ca1-ee84-7edd99f0d718"">https://pi.lib.uchicago.edu/1001/org/ochre/38da335d-3634-8ca1-ee84-7edd99f0d718</a>"
50.47 Pottery Registry 192 (L).pdf,50.47 Pottery Registry 192 (L).jpg,https://pi.lib.uchicago.edu/1001/org/ochre/6a0db05f-33d3-6771-001d-8e788b0a6756,Pottery Registry: Dataset 1,Pottery registries from excavation: 1985-2016,"OCHRE link: <a href=""https://pi.lib.uchicago.edu/1001/org/ochre/6a0db05f-33d3-6771-001d-8e788b0a6756"">https://pi.lib.uchicago.edu/1001/org/ochre/6a0db05f-33d3-6771-001d-8e788b0a6756</a>"
50.47 Pottery Registry 194 (L).pdf,50.47 Pottery Registry 194 (L).jpg,https://pi.lib.uchicago.edu/1001/org/ochre/dbed4f86-6fa3-d582-1161-0c5d84d99ab6,Pottery Registry: Dataset 1,Pottery registries from excavation: 1985-2016,"OCHRE link: <a href=""https://pi.lib.uchicago.edu/1001/org/ochre/dbed4f86-6fa3-d582-1161-0c5d84d99ab6"">https://pi.lib.uchicago.edu/1001/org/ochre/dbed4f86-6fa3-d582-1161-0c5d84d99ab6</a>"
50.47 Pottery Registry 213 (L).pdf,50.47 Pottery Registry 213 (L).jpg,https://pi.lib.uchicago.edu/1001/org/ochre/228d7817-40fe-3ab4-39bf-3e2c1cc5b53c,Pottery Registry: Dataset 1,Pottery registries from excavation: 1985-2016,"OCHRE link: <a href=""https://pi.lib.uchicago.edu/1001/org/ochre/228d7817-40fe-3ab4-39bf-3e2c1cc5b53c"">https://pi.lib.uchicago.edu/1001/org/ochre/228d7817-40fe-3ab4-39bf-3e2c1cc5b53c</a>"
50.47 Pottery Registry 228 (LF).pdf,50.47 Pottery Registry 228 (LF).jpg,https://pi.lib.uchicago.edu/1001/org/ochre/51554d22-41d0-b003-d268-086bafe22b06,Pottery Registry: Dataset 1,Pottery registries from excavation: 1985-2016,"OCHRE link: <a href=""https://pi.lib.uchicago.edu/1001/org/ochre/51554d22-41d0-b003-d268-086bafe22b06"">https://pi.lib.uchicago.edu/1001/org/ochre/51554d22-41d0-b003-d268-086bafe22b06</a>"
50.47 Pottery Registry 281 (L).pdf,50.47 Pottery Registry 281 (L).jpg,https://pi.lib.uchicago.edu/1001/org/ochre/a6ad407f-9b8a-d675-9335-17d8abd26302,Pottery Registry: Dataset 1,Pottery registries from excavation: 1985-2016,"OCHRE link: <a href=""https://pi.lib.uchicago.edu/1001/org/ochre/a6ad407f-9b8a-d675-9335-17d8abd26302"">https://pi.lib.uchicago.edu/1001/org/ochre/a6ad407f-9b8a-d675-9335-17d8abd26302</a>"
50.47 Pottery Registry 285 (L).pdf,50.47 Pottery Registry 285 (L).jpg,https://pi.lib.uchicago.edu/1001/org/ochre/b23e6ca1-ab6b-a883-9cea-07903302d11f,Pottery Registry: Dataset 1,Pottery registries from excavation: 1985-2016,"OCHRE link: <a href=""https://pi.lib.uchicago.edu/1001/org/ochre/b23e6ca1-ab6b-a883-9cea-07903302d11f"">https://pi.lib.uchicago.edu/1001/org/ochre/b23e6ca1-ab6b-a883-9cea-07903302d11f</a>"
50.47 Pottery Registry 302 (L).pdf,50.47 Pottery Registry 302 (L).jpg,https://pi.lib.uchicago.edu/1001/org/ochre/cc3fdae9-f158-5231-5456-2c429923fc28,Pottery Registry: Dataset 1,Pottery registries from excavation: 1985-2016,"OCHRE link: <a href=""https://pi.lib.uchicago.edu/1001/org/ochre/cc3fdae9-f158-5231-5456-2c429923fc28"">https://pi.lib.uchicago.edu/1001/org/ochre/cc3fdae9-f158-5231-5456-2c429923fc28</a>"
50.47 Pottery Registry 303 (L).pdf,50.47 Pottery Registry 303 (L).jpg,https://pi.lib.uchicago.edu/1001/org/ochre/25a6d0ac-aae0-4f18-609b-88ce85137ae6,Pottery Registry: Dataset 1,Pottery registries from excavation: 1985-2016,"OCHRE link: <a href=""https://pi.lib.uchicago.edu/1001/org/ochre/25a6d0ac-aae0-4f18-609b-88ce85137ae6"">https://pi.lib.uchicago.edu/1001/org/ochre/25a6d0ac-aae0-4f18-609b-88ce85137ae6</a>"
50.47 Pottery Registry 310 (L).pdf,50.47 Pottery Registry 310 (L).jpg,https://pi.lib.uchicago.edu/1001/org/ochre/12db1730-9bc0-08bc-f32e-a24277c0c290,Pottery Registry: Dataset 1,Pottery registries from excavation: 1985-2016,"OCHRE link: <a href=""https://pi.lib.uchicago.edu/1001/org/ochre/12db1730-9bc0-08bc-f32e-a24277c0c290"">https://pi.lib.uchicago.edu/1001/org/ochre/12db1730-9bc0-08bc-f32e-a24277c0c290</a>"
50.47 Pottery Registry 311 (L).pdf,50.47 Pottery Registry 311 (L).jpg,https://pi.lib.uchicago.edu/1001/org/ochre/e6236617-0ef0-969c-c699-d39677970ff9,Pottery Registry: Dataset 1,Pottery registries from excavation: 1985-2016,"OCHRE link: <a href=""https://pi.lib.uchicago.edu/1001/org/ochre/e6236617-0ef0-969c-c699-d39677970ff9"">https://pi.lib.uchicago.edu/1001/org/ochre/e6236617-0ef0-969c-c699-d39677970ff9</a>"
50.47 Pottery Registry 313 (L).pdf,50.47 Pottery Registry 313 (L).jpg,https://pi.lib.uchicago.edu/1001/org/ochre/6a335edc-11cb-c8bd-325b-6fe66ba041cd,Pottery Registry: Dataset 1,Pottery registries from excavation: 1985-2016,"OCHRE link: <a href=""https://pi.lib.uchicago.edu/1001/org/ochre/6a335edc-11cb-c8bd-325b-6fe66ba041cd"">https://pi.lib.uchicago.edu/1001/org/ochre/6a335edc-11cb-c8bd-325b-6fe66ba041cd</a>"
50.47 Pottery Registry 314 (L).pdf,50.47 Pottery Registry 314 (L).jpg,https://pi.lib.uchicago.edu/1001/org/ochre/8c8b85c7-6c5c-590f-686a-0da1eb0d1e00,Pottery Registry: Dataset 1,Pottery registries from excavation: 1985-2016,"OCHRE link: <a href=""https://pi.lib.uchicago.edu/1001/org/ochre/8c8b85c7-6c5c-590f-686a-0da1eb0d1e00"">https://pi.lib.uchicago.edu/1001/org/ochre/8c8b85c7-6c5c-590f-686a-0da1eb0d1e00</a>"
50.47 Pottery Registry 315 (L).pdf,50.47 Pottery Registry 315 (L).jpg,https://pi.lib.uchicago.edu/1001/org/ochre/2a220679-9c2b-68bd-a55a-8570f1311c01,Pottery Registry: Dataset 1,Pottery registries from excavation: 1985-2016,"OCHRE link: <a href=""https://pi.lib.uchicago.edu/1001/org/ochre/2a220679-9c2b-68bd-a55a-8570f1311c01"">https://pi.lib.uchicago.edu/1001/org/ochre/2a220679-9c2b-68bd-a55a-8570f1311c01</a>"
50.47 Pottery Registry 316 (L).pdf,50.47 Pottery Registry 316 (L).jpg,https://pi.lib.uchicago.edu/1001/org/ochre/f019a194-9611-3f3a-f248-c3730c7b9aed,Pottery Registry: Dataset 1,Pottery registries from excavation: 1985-2016,"OCHRE link: <a href=""https://pi.lib.uchicago.edu/1001/org/ochre/f019a194-9611-3f3a-f248-c3730c7b9aed"">https://pi.lib.uchicago.edu/1001/org/ochre/f019a194-9611-3f3a-f248-c3730c7b9aed</a>"
50.47 Pottery Registry 317 (L).pdf,50.47 Pottery Registry 317 (L).jpg,https://pi.lib.uchicago.edu/1001/org/ochre/2982b564-0a99-df39-074b-5b199c9b15f9,Pottery Registry: Dataset 1,Pottery registries from excavation: 1985-2016,"OCHRE link: <a href=""https://pi.lib.uchicago.edu/1001/org/ochre/2982b564-0a99-df39-074b-5b199c9b15f9"">https://pi.lib.uchicago.edu/1001/org/ochre/2982b564-0a99-df39-074b-5b199c9b15f9</a>"
50.47 Pottery Registry 319 (L).pdf,50.47 Pottery Registry 319 (L).jpg,https://pi.lib.uchicago.edu/1001/org/ochre/6714ef1c-6ee1-0876-f4fc-2a9caa341f8a,Pottery Registry: Dataset 1,Pottery registries from excavation: 1985-2016,"OCHRE link: <a href=""https://pi.lib.uchicago.edu/1001/org/ochre/6714ef1c-6ee1-0876-f4fc-2a9caa341f8a"">https://pi.lib.uchicago.edu/1001/org/ochre/6714ef1c-6ee1-0876-f4fc-2a9caa341f8a</a>"
50.48 Pottery Registry 001 (L).pdf,50.48 Pottery Registry 001 (L).jpg,https://pi.lib.uchicago.edu/1001/org/ochre/4fc58491-7e43-d086-c516-23a50f0f530f,Pottery Registry: Dataset 1,Pottery registries from excavation: 1985-2016,"OCHRE link: <a href=""https://pi.lib.uchicago.edu/1001/org/ochre/4fc58491-7e43-d086-c516-23a50f0f530f"">https://pi.lib.uchicago.edu/1001/org/ochre/4fc58491-7e43-d086-c516-23a50f0f530f</a>"
50.48 Pottery Registry 002 (L).pdf,50.48 Pottery Registry 002 (L).jpg,https://pi.lib.uchicago.edu/1001/org/ochre/83061c6b-2943-f0a0-d88c-e0d2acee6241,Pottery Registry: Dataset 1,Pottery registries from excavation: 1985-2016,"OCHRE link: <a href=""https://pi.lib.uchicago.edu/1001/org/ochre/83061c6b-2943-f0a0-d88c-e0d2acee6241"">https://pi.lib.uchicago.edu/1001/org/ochre/83061c6b-2943-f0a0-d88c-e0d2acee6241</a>"
50.48 Pottery Registry 003 (L).pdf,50.48 Pottery Registry 003 (L).jpg,https://pi.lib.uchicago.edu/1001/org/ochre/aa53d3ad-1640-aec9-0226-01715d084a71,Pottery Registry: Dataset 1,Pottery registries from excavation: 1985-2016,"OCHRE link: <a href=""https://pi.lib.uchicago.edu/1001/org/ochre/aa53d3ad-1640-aec9-0226-01715d084a71"">https://pi.lib.uchicago.edu/1001/org/ochre/aa53d3ad-1640-aec9-0226-01715d084a71</a>"
50.48 Pottery Registry 009 (L).pdf,50.48 Pottery Registry 009 (L).jpg,https://pi.lib.uchicago.edu/1001/org/ochre/57b316a6-f24e-f4c1-6e12-6d77ca58afb0,Pottery Registry: Dataset 1,Pottery registries from excavation: 1985-2016,"OCHRE link: <a href=""https://pi.lib.uchicago.edu/1001/org/ochre/57b316a6-f24e-f4c1-6e12-6d77ca58afb0"">https://pi.lib.uchicago.edu/1001/org/ochre/57b316a6-f24e-f4c1-6e12-6d77ca58afb0</a>"
50.48 Pottery Registry 011 (L).pdf,50.48 Pottery Registry 011 (L).jpg,https://pi.lib.uchicago.edu/1001/org/ochre/da61b2d3-fe0b-05ac-7279-dc64e579b76d,Pottery Registry: Dataset 1,Pottery registries from excavation: 1985-2016,"OCHRE link: <a href=""https://pi.lib.uchicago.edu/1001/org/ochre/da61b2d3-fe0b-05ac-7279-dc64e579b76d"">https://pi.lib.uchicago.edu/1001/org/ochre/da61b2d3-fe0b-05ac-7279-dc64e579b76d</a>"
50.48 Pottery Registry 012 (L).pdf,50.48 Pottery Registry 012 (L).jpg,https://pi.lib.uchicago.edu/1001/org/ochre/8cf56123-9afe-4d38-9fa1-d72e6ffb2136,Pottery Registry: Dataset 1,Pottery registries from excavation: 1985-2016,"OCHRE link: <a href=""https://pi.lib.uchicago.edu/1001/org/ochre/8cf56123-9afe-4d38-9fa1-d72e6ffb2136"">https://pi.lib.uchicago.edu/1001/org/ochre/8cf56123-9afe-4d38-9fa1-d72e6ffb2136</a>"
50.48 Pottery Registry 014 (L).pdf,50.48 Pottery Registry 014 (L).jpg,https://pi.lib.uchicago.edu/1001/org/ochre/183ea1f9-fa20-d65f-7703-c528f35d6e78,Pottery Registry: Dataset 1,Pottery registries from excavation: 1985-2016,"OCHRE link: <a href=""https://pi.lib.uchicago.edu/1001/org/ochre/183ea1f9-fa20-d65f-7703-c528f35d6e78"">https://pi.lib.uchicago.edu/1001/org/ochre/183ea1f9-fa20-d65f-7703-c528f35d6e78</a>"
50.48 Pottery Registry 015 (L).pdf,50.48 Pottery Registry 015 (L).jpg,https://pi.lib.uchicago.edu/1001/org/ochre/dee7f67a-5c65-d4f5-5369-c7d665f5a4de,Pottery Registry: Dataset 1,Pottery registries from excavation: 1985-2016,"OCHRE link: <a href=""https://pi.lib.uchicago.edu/1001/org/ochre/dee7f67a-5c65-d4f5-5369-c7d665f5a4de"">https://pi.lib.uchicago.edu/1001/org/ochre/dee7f67a-5c65-d4f5-5369-c7d665f5a4de</a>"
50.48 Pottery Registry 016 (L).pdf,50.48 Pottery Registry 016 (L).jpg,https://pi.lib.uchicago.edu/1001/org/ochre/e6b42424-6fde-c540-0571-2b05e1b972f5,Pottery Registry: Dataset 1,Pottery registries from excavation: 1985-2016,"OCHRE link: <a href=""https://pi.lib.uchicago.edu/1001/org/ochre/e6b42424-6fde-c540-0571-2b05e1b972f5"">https://pi.lib.uchicago.edu/1001/org/ochre/e6b42424-6fde-c540-0571-2b05e1b972f5</a>"
50.48 Pottery Registry 020 (L).pdf,50.48 Pottery Registry 020 (L).jpg,https://pi.lib.uchicago.edu/1001/org/ochre/f9b9b73d-d750-50cb-7e00-febbbf76eed2,Pottery Registry: Dataset 1,Pottery registries from excavation: 1985-2016,"OCHRE link: <a href=""https://pi.lib.uchicago.edu/1001/org/ochre/f9b9b73d-d750-50cb-7e00-febbbf76eed2"">https://pi.lib.uchicago.edu/1001/org/ochre/f9b9b73d-d750-50cb-7e00-febbbf76eed2</a>"
50.48 Pottery Registry 022 (L).pdf,50.48 Pottery Registry 022 (L).jpg,https://pi.lib.uchicago.edu/1001/org/ochre/07576854-090e-b8ce-b344-4ba84b5ee308,Pottery Registry: Dataset 1,Pottery registries from excavation: 1985-2016,"OCHRE link: <a href=""https://pi.lib.uchicago.edu/1001/org/ochre/07576854-090e-b8ce-b344-4ba84b5ee308"">https://pi.lib.uchicago.edu/1001/org/ochre/07576854-090e-b8ce-b344-4ba84b5ee308</a>"
50.48 Pottery Registry 025 (L).pdf,50.48 Pottery Registry 025 (L).jpg,https://pi.lib.uchicago.edu/1001/org/ochre/880a5418-7c26-899a-2a79-8576e064295c,Pottery Registry: Dataset 1,Pottery registries from excavation: 1985-2016,"OCHRE link: <a href=""https://pi.lib.uchicago.edu/1001/org/ochre/880a5418-7c26-899a-2a79-8576e064295c"">https://pi.lib.uchicago.edu/1001/org/ochre/880a5418-7c26-899a-2a79-8576e064295c</a>"
50.48 Pottery Registry 027 (L).pdf,50.48 Pottery Registry 027 (L).jpg,https://pi.lib.uchicago.edu/1001/org/ochre/562acb50-efc0-6659-0238-ed2f9d50419f,Pottery Registry: Dataset 1,Pottery registries from excavation: 1985-2016,"OCHRE link: <a href=""https://pi.lib.uchicago.edu/1001/org/ochre/562acb50-efc0-6659-0238-ed2f9d50419f"">https://pi.lib.uchicago.edu/1001/org/ochre/562acb50-efc0-6659-0238-ed2f9d50419f</a>"
50.48 Pottery Registry 051 (L).pdf,50.48 Pottery Registry 051 (L).jpg,https://pi.lib.uchicago.edu/1001/org/ochre/ed02a617-26ad-4439-c3c3-5359a92e34fd,Pottery Registry: Dataset 1,Pottery registries from excavation: 1985-2016,"OCHRE link: <a href=""https://pi.lib.uchicago.edu/1001/org/ochre/ed02a617-26ad-4439-c3c3-5359a92e34fd"">https://pi.lib.uchicago.edu/1001/org/ochre/ed02a617-26ad-4439-c3c3-5359a92e34fd</a>"
50.48 Pottery Registry 054 (L).pdf,50.48 Pottery Registry 054 (L).jpg,https://pi.lib.uchicago.edu/1001/org/ochre/eafe3e64-bf28-6d24-ff45-1db9990a9831,Pottery Registry: Dataset 1,Pottery registries from excavation: 1985-2016,"OCHRE link: <a href=""https://pi.lib.uchicago.edu/1001/org/ochre/eafe3e64-bf28-6d24-ff45-1db9990a9831"">https://pi.lib.uchicago.edu/1001/org/ochre/eafe3e64-bf28-6d24-ff45-1db9990a9831</a>"
50.48 Pottery Registry 057 (L).pdf,50.48 Pottery Registry 057 (L).jpg,https://pi.lib.uchicago.edu/1001/org/ochre/eff6329d-b0b0-5905-dc85-1c4fda5354d9,Pottery Registry: Dataset 1,Pottery registries from excavation: 1985-2016,"OCHRE link: <a href=""https://pi.lib.uchicago.edu/1001/org/ochre/eff6329d-b0b0-5905-dc85-1c4fda5354d9"">https://pi.lib.uchicago.edu/1001/org/ochre/eff6329d-b0b0-5905-dc85-1c4fda5354d9</a>"
50.48 Pottery Registry 059 (L).pdf,50.48 Pottery Registry 059 (L).jpg,https://pi.lib.uchicago.edu/1001/org/ochre/2e11da7a-8292-31bf-d81e-b703f4a55048,Pottery Registry: Dataset 1,Pottery registries from excavation: 1985-2016,"OCHRE link: <a href=""https://pi.lib.uchicago.edu/1001/org/ochre/2e11da7a-8292-31bf-d81e-b703f4a55048"">https://pi.lib.uchicago.edu/1001/org/ochre/2e11da7a-8292-31bf-d81e-b703f4a55048</a>"
50.48 Pottery Registry 060 (L).pdf,50.48 Pottery Registry 060 (L).jpg,https://pi.lib.uchicago.edu/1001/org/ochre/b74abfc6-74a8-2f42-e1d8-a2bcc4673d77,Pottery Registry: Dataset 1,Pottery registries from excavation: 1985-2016,"OCHRE link: <a href=""https://pi.lib.uchicago.edu/1001/org/ochre/b74abfc6-74a8-2f42-e1d8-a2bcc4673d77"">https://pi.lib.uchicago.edu/1001/org/ochre/b74abfc6-74a8-2f42-e1d8-a2bcc4673d77</a>"
50.48 Pottery Registry 061 (L).pdf,50.48 Pottery Registry 061 (L).jpg,https://pi.lib.uchicago.edu/1001/org/ochre/d5c42b41-b764-aea9-7b19-321bb7f67b61,Pottery Registry: Dataset 1,Pottery registries from excavation: 1985-2016,"OCHRE link: <a href=""https://pi.lib.uchicago.edu/1001/org/ochre/d5c42b41-b764-aea9-7b19-321bb7f67b61"">https://pi.lib.uchicago.edu/1001/org/ochre/d5c42b41-b764-aea9-7b19-321bb7f67b61</a>"
50.48 Pottery Registry 062 (L).pdf,50.48 Pottery Registry 062 (L).jpg,https://pi.lib.uchicago.edu/1001/org/ochre/06818219-5163-a0bf-c2af-69d1025910f6,Pottery Registry: Dataset 1,Pottery registries from excavation: 1985-2016,"OCHRE link: <a href=""https://pi.lib.uchicago.edu/1001/org/ochre/06818219-5163-a0bf-c2af-69d1025910f6"">https://pi.lib.uchicago.edu/1001/org/ochre/06818219-5163-a0bf-c2af-69d1025910f6</a>"
50.48 Pottery Registry 064 (L).pdf,50.48 Pottery Registry 064 (L).jpg,https://pi.lib.uchicago.edu/1001/org/ochre/15626fde-72b2-7b7a-9acf-de0483414d50,Pottery Registry: Dataset 1,Pottery registries from excavation: 1985-2016,"OCHRE link: <a href=""https://pi.lib.uchicago.edu/1001/org/ochre/15626fde-72b2-7b7a-9acf-de0483414d50"">https://pi.lib.uchicago.edu/1001/org/ochre/15626fde-72b2-7b7a-9acf-de0483414d50</a>"
50.48 Pottery Registry 067 (L).pdf,50.48 Pottery Registry 067 (L).jpg,https://pi.lib.uchicago.edu/1001/org/ochre/28cb3bd1-e873-7b4d-b72e-8f561b6301cb,Pottery Registry: Dataset 1,Pottery registries from excavation: 1985-2016,"OCHRE link: <a href=""https://pi.lib.uchicago.edu/1001/org/ochre/28cb3bd1-e873-7b4d-b72e-8f561b6301cb"">https://pi.lib.uchicago.edu/1001/org/ochre/28cb3bd1-e873-7b4d-b72e-8f561b6301cb</a>"
50.48 Pottery Registry 072 (L).pdf,50.48 Pottery Registry 072 (L).jpg,https://pi.lib.uchicago.edu/1001/org/ochre/dacb628f-7193-f71b-936f-aecbb77e66d2,Pottery Registry: Dataset 1,Pottery registries from excavation: 1985-2016,"OCHRE link: <a href=""https://pi.lib.uchicago.edu/1001/org/ochre/dacb628f-7193-f71b-936f-aecbb77e66d2"">https://pi.lib.uchicago.edu/1001/org/ochre/dacb628f-7193-f71b-936f-aecbb77e66d2</a>"
50.48 Pottery Registry 102 (L).pdf,50.48 Pottery Registry 102 (L).jpg,https://pi.lib.uchicago.edu/1001/org/ochre/093e6a6c-cc29-edcd-2db9-97fa2a3a588f,Pottery Registry: Dataset 1,Pottery registries from excavation: 1985-2016,"OCHRE link: <a href=""https://pi.lib.uchicago.edu/1001/org/ochre/093e6a6c-cc29-edcd-2db9-97fa2a3a588f"">https://pi.lib.uchicago.edu/1001/org/ochre/093e6a6c-cc29-edcd-2db9-97fa2a3a588f</a>"
50.48 Pottery Registry 111 (L).pdf,50.48 Pottery Registry 111 (L).jpg,https://pi.lib.uchicago.edu/1001/org/ochre/23c6df7e-9696-6abf-76cc-54bab672e296,Pottery Registry: Dataset 1,Pottery registries from excavation: 1985-2016,"OCHRE link: <a href=""https://pi.lib.uchicago.edu/1001/org/ochre/23c6df7e-9696-6abf-76cc-54bab672e296"">https://pi.lib.uchicago.edu/1001/org/ochre/23c6df7e-9696-6abf-76cc-54bab672e296</a>"
50.48 Pottery Registry 114 (L).pdf,50.48 Pottery Registry 114 (L).jpg,https://pi.lib.uchicago.edu/1001/org/ochre/79856c1b-ddf3-0238-624a-57fb00f01121,Pottery Registry: Dataset 1,Pottery registries from excavation: 1985-2016,"OCHRE link: <a href=""https://pi.lib.uchicago.edu/1001/org/ochre/79856c1b-ddf3-0238-624a-57fb00f01121"">https://pi.lib.uchicago.edu/1001/org/ochre/79856c1b-ddf3-0238-624a-57fb00f01121</a>"
50.48 Pottery Registry 127 (L).pdf,50.48 Pottery Registry 127 (L).jpg,https://pi.lib.uchicago.edu/1001/org/ochre/7c74107e-848d-3bde-2ff9-50a4d3836b13,Pottery Registry: Dataset 1,Pottery registries from excavation: 1985-2016,"OCHRE link: <a href=""https://pi.lib.uchicago.edu/1001/org/ochre/7c74107e-848d-3bde-2ff9-50a4d3836b13"">https://pi.lib.uchicago.edu/1001/org/ochre/7c74107e-848d-3bde-2ff9-50a4d3836b13</a>"
50.48 Pottery Registry 135 (L).pdf,50.48 Pottery Registry 135 (L).jpg,https://pi.lib.uchicago.edu/1001/org/ochre/6c1f12b9-c631-52d1-c44c-03723e28e720,Pottery Registry: Dataset 1,Pottery registries from excavation: 1985-2016,"OCHRE link: <a href=""https://pi.lib.uchicago.edu/1001/org/ochre/6c1f12b9-c631-52d1-c44c-03723e28e720"">https://pi.lib.uchicago.edu/1001/org/ochre/6c1f12b9-c631-52d1-c44c-03723e28e720</a>"
50.48 Pottery Registry 143 (L).pdf,50.48 Pottery Registry 143 (L).jpg,https://pi.lib.uchicago.edu/1001/org/ochre/e2e8851e-bfbd-5522-5e4f-e4f70cbe7392,Pottery Registry: Dataset 1,Pottery registries from excavation: 1985-2016,"OCHRE link: <a href=""https://pi.lib.uchicago.edu/1001/org/ochre/e2e8851e-bfbd-5522-5e4f-e4f70cbe7392"">https://pi.lib.uchicago.edu/1001/org/ochre/e2e8851e-bfbd-5522-5e4f-e4f70cbe7392</a>"
50.48 Pottery Registry 151 (L).pdf,50.48 Pottery Registry 151 (L).jpg,https://pi.lib.uchicago.edu/1001/org/ochre/e9fab42c-b04a-1a69-430a-6a5a7d735843,Pottery Registry: Dataset 1,Pottery registries from excavation: 1985-2016,"OCHRE link: <a href=""https://pi.lib.uchicago.edu/1001/org/ochre/e9fab42c-b04a-1a69-430a-6a5a7d735843"">https://pi.lib.uchicago.edu/1001/org/ochre/e9fab42c-b04a-1a69-430a-6a5a7d735843</a>"
50.48 Pottery Registry 172 (L).pdf,50.48 Pottery Registry 172 (L).jpg,https://pi.lib.uchicago.edu/1001/org/ochre/73dced74-9c1d-6413-8dd5-8e1da8265a06,Pottery Registry: Dataset 1,Pottery registries from excavation: 1985-2016,"OCHRE link: <a href=""https://pi.lib.uchicago.edu/1001/org/ochre/73dced74-9c1d-6413-8dd5-8e1da8265a06"">https://pi.lib.uchicago.edu/1001/org/ochre/73dced74-9c1d-6413-8dd5-8e1da8265a06</a>"
50.48 Pottery Registry 192 (L).pdf,50.48 Pottery Registry 192 (L).jpg,https://pi.lib.uchicago.edu/1001/org/ochre/b0faa9db-ec2c-41fb-c4f6-b42560526ad3,Pottery Registry: Dataset 1,Pottery registries from excavation: 1985-2016,"OCHRE link: <a href=""https://pi.lib.uchicago.edu/1001/org/ochre/b0faa9db-ec2c-41fb-c4f6-b42560526ad3"">https://pi.lib.uchicago.edu/1001/org/ochre/b0faa9db-ec2c-41fb-c4f6-b42560526ad3</a>"
50.48 Pottery Registry 199 (L).pdf,50.48 Pottery Registry 199 (L).jpg,https://pi.lib.uchicago.edu/1001/org/ochre/9742c286-e026-4b1e-5660-ddcc2a0da80e,Pottery Registry: Dataset 1,Pottery registries from excavation: 1985-2016,"OCHRE link: <a href=""https://pi.lib.uchicago.edu/1001/org/ochre/9742c286-e026-4b1e-5660-ddcc2a0da80e"">https://pi.lib.uchicago.edu/1001/org/ochre/9742c286-e026-4b1e-5660-ddcc2a0da80e</a>"
50.48 Pottery Registry 207 (L).pdf,50.48 Pottery Registry 207 (L).jpg,https://pi.lib.uchicago.edu/1001/org/ochre/db1a31f5-6788-84a2-9285-c8ced1fe4c8c,Pottery Registry: Dataset 1,Pottery registries from excavation: 1985-2016,"OCHRE link: <a href=""https://pi.lib.uchicago.edu/1001/org/ochre/db1a31f5-6788-84a2-9285-c8ced1fe4c8c"">https://pi.lib.uchicago.edu/1001/org/ochre/db1a31f5-6788-84a2-9285-c8ced1fe4c8c</a>"
50.48 Pottery Registry 209 (L).pdf,50.48 Pottery Registry 209 (L).jpg,https://pi.lib.uchicago.edu/1001/org/ochre/813d4f92-619f-09c0-6da8-57adaa43f9e5,Pottery Registry: Dataset 1,Pottery registries from excavation: 1985-2016,"OCHRE link: <a href=""https://pi.lib.uchicago.edu/1001/org/ochre/813d4f92-619f-09c0-6da8-57adaa43f9e5"">https://pi.lib.uchicago.edu/1001/org/ochre/813d4f92-619f-09c0-6da8-57adaa43f9e5</a>"
50.48 Pottery Registry 220 (L).pdf,50.48 Pottery Registry 220 (L).jpg,https://pi.lib.uchicago.edu/1001/org/ochre/62fd5114-cff7-00d3-60cb-be79321a7e74,Pottery Registry: Dataset 1,Pottery registries from excavation: 1985-2016,"OCHRE link: <a href=""https://pi.lib.uchicago.edu/1001/org/ochre/62fd5114-cff7-00d3-60cb-be79321a7e74"">https://pi.lib.uchicago.edu/1001/org/ochre/62fd5114-cff7-00d3-60cb-be79321a7e74</a>"
50.48 Pottery Registry 221 (LF).pdf,50.48 Pottery Registry 221 (LF).jpg,https://pi.lib.uchicago.edu/1001/org/ochre/c1648210-4aed-c0b0-cbe5-9338614fe04e,Pottery Registry: Dataset 1,Pottery registries from excavation: 1985-2016,"OCHRE link: <a href=""https://pi.lib.uchicago.edu/1001/org/ochre/c1648210-4aed-c0b0-cbe5-9338614fe04e"">https://pi.lib.uchicago.edu/1001/org/ochre/c1648210-4aed-c0b0-cbe5-9338614fe04e</a>"
50.48 Pottery Registry 223 (L).pdf,50.48 Pottery Registry 223 (L).jpg,https://pi.lib.uchicago.edu/1001/org/ochre/ef3324ce-fe9d-9784-b8fb-00d9df9468f1,Pottery Registry: Dataset 1,Pottery registries from excavation: 1985-2016,"OCHRE link: <a href=""https://pi.lib.uchicago.edu/1001/org/ochre/ef3324ce-fe9d-9784-b8fb-00d9df9468f1"">https://pi.lib.uchicago.edu/1001/org/ochre/ef3324ce-fe9d-9784-b8fb-00d9df9468f1</a>"
50.48 Pottery Registry 229 (L).pdf,50.48 Pottery Registry 229 (L).jpg,https://pi.lib.uchicago.edu/1001/org/ochre/3f3890cf-b09a-1986-d30c-ed58e097af8a,Pottery Registry: Dataset 1,Pottery registries from excavation: 1985-2016,"OCHRE link: <a href=""https://pi.lib.uchicago.edu/1001/org/ochre/3f3890cf-b09a-1986-d30c-ed58e097af8a"">https://pi.lib.uchicago.edu/1001/org/ochre/3f3890cf-b09a-1986-d30c-ed58e097af8a</a>"
50.48 Pottery Registry 233 (L).pdf,50.48 Pottery Registry 233 (L).jpg,https://pi.lib.uchicago.edu/1001/org/ochre/d3557f3b-f0e0-dfb0-1cc4-fa487f4d379e,Pottery Registry: Dataset 1,Pottery registries from excavation: 1985-2016,"OCHRE link: <a href=""https://pi.lib.uchicago.edu/1001/org/ochre/d3557f3b-f0e0-dfb0-1cc4-fa487f4d379e"">https://pi.lib.uchicago.edu/1001/org/ochre/d3557f3b-f0e0-dfb0-1cc4-fa487f4d379e</a>"
50.48 Pottery Registry 234 (L).pdf,50.48 Pottery Registry 234 (L).jpg,https://pi.lib.uchicago.edu/1001/org/ochre/f98ea61e-eaf1-2794-a119-5d9813b8d55b,Pottery Registry: Dataset 1,Pottery registries from excavation: 1985-2016,"OCHRE link: <a href=""https://pi.lib.uchicago.edu/1001/org/ochre/f98ea61e-eaf1-2794-a119-5d9813b8d55b"">https://pi.lib.uchicago.edu/1001/org/ochre/f98ea61e-eaf1-2794-a119-5d9813b8d55b</a>"
50.48 Pottery Registry 236 (L).pdf,50.48 Pottery Registry 236 (L).jpg,https://pi.lib.uchicago.edu/1001/org/ochre/69a30a6e-f5db-514f-e121-d3561ac8ade8,Pottery Registry: Dataset 1,Pottery registries from excavation: 1985-2016,"OCHRE link: <a href=""https://pi.lib.uchicago.edu/1001/org/ochre/69a30a6e-f5db-514f-e121-d3561ac8ade8"">https://pi.lib.uchicago.edu/1001/org/ochre/69a30a6e-f5db-514f-e121-d3561ac8ade8</a>"
50.48 Pottery Registry 237 (L).pdf,50.48 Pottery Registry 237 (L).jpg,https://pi.lib.uchicago.edu/1001/org/ochre/ba7e0e7e-41d7-8e03-a829-663ab2b29f20,Pottery Registry: Dataset 1,Pottery registries from excavation: 1985-2016,"OCHRE link: <a href=""https://pi.lib.uchicago.edu/1001/org/ochre/ba7e0e7e-41d7-8e03-a829-663ab2b29f20"">https://pi.lib.uchicago.edu/1001/org/ochre/ba7e0e7e-41d7-8e03-a829-663ab2b29f20</a>"
50.48 Pottery Registry 245 (L).pdf,50.48 Pottery Registry 245 (L).jpg,https://pi.lib.uchicago.edu/1001/org/ochre/4747d502-0e18-f0ec-1e06-54832c0a9cc1,Pottery Registry: Dataset 1,Pottery registries from excavation: 1985-2016,"OCHRE link: <a href=""https://pi.lib.uchicago.edu/1001/org/ochre/4747d502-0e18-f0ec-1e06-54832c0a9cc1"">https://pi.lib.uchicago.edu/1001/org/ochre/4747d502-0e18-f0ec-1e06-54832c0a9cc1</a>"
50.48 Pottery Registry 247 (L).pdf,50.48 Pottery Registry 247 (L).jpg,https://pi.lib.uchicago.edu/1001/org/ochre/4f1658dd-5005-418b-1f00-7b0e26209d79,Pottery Registry: Dataset 1,Pottery registries from excavation: 1985-2016,"OCHRE link: <a href=""https://pi.lib.uchicago.edu/1001/org/ochre/4f1658dd-5005-418b-1f00-7b0e26209d79"">https://pi.lib.uchicago.edu/1001/org/ochre/4f1658dd-5005-418b-1f00-7b0e26209d79</a>"
50.48 Pottery Registry 258 (L).pdf,50.48 Pottery Registry 258 (L).jpg,https://pi.lib.uchicago.edu/1001/org/ochre/285a32ff-f8e2-5d4f-59bb-739a5056c096,Pottery Registry: Dataset 1,Pottery registries from excavation: 1985-2016,"OCHRE link: <a href=""https://pi.lib.uchicago.edu/1001/org/ochre/285a32ff-f8e2-5d4f-59bb-739a5056c096"">https://pi.lib.uchicago.edu/1001/org/ochre/285a32ff-f8e2-5d4f-59bb-739a5056c096</a>"
50.48 Pottery Registry 262 (L).pdf,50.48 Pottery Registry 262 (L).jpg,https://pi.lib.uchicago.edu/1001/org/ochre/0aea3e90-31e2-8976-6b22-2afa1c3b597e,Pottery Registry: Dataset 1,Pottery registries from excavation: 1985-2016,"OCHRE link: <a href=""https://pi.lib.uchicago.edu/1001/org/ochre/0aea3e90-31e2-8976-6b22-2afa1c3b597e"">https://pi.lib.uchicago.edu/1001/org/ochre/0aea3e90-31e2-8976-6b22-2afa1c3b597e</a>"
50.48 Pottery Registry 265 (L).pdf,50.48 Pottery Registry 265 (L).jpg,https://pi.lib.uchicago.edu/1001/org/ochre/434e7f52-e9bc-efe8-f6eb-aee9d048b94b,Pottery Registry: Dataset 1,Pottery registries from excavation: 1985-2016,"OCHRE link: <a href=""https://pi.lib.uchicago.edu/1001/org/ochre/434e7f52-e9bc-efe8-f6eb-aee9d048b94b"">https://pi.lib.uchicago.edu/1001/org/ochre/434e7f52-e9bc-efe8-f6eb-aee9d048b94b</a>"
50.48 Pottery Registry 266 (L).pdf,50.48 Pottery Registry 266 (L).jpg,https://pi.lib.uchicago.edu/1001/org/ochre/0b7ccc32-3757-a630-51fa-329fda1056a4,Pottery Registry: Dataset 1,Pottery registries from excavation: 1985-2016,"OCHRE link: <a href=""https://pi.lib.uchicago.edu/1001/org/ochre/0b7ccc32-3757-a630-51fa-329fda1056a4"">https://pi.lib.uchicago.edu/1001/org/ochre/0b7ccc32-3757-a630-51fa-329fda1056a4</a>"
50.48 Pottery Registry 274 (L).pdf,50.48 Pottery Registry 274 (L).jpg,https://pi.lib.uchicago.edu/1001/org/ochre/597c2265-9024-e576-3d35-5e4b495bc3d0,Pottery Registry: Dataset 1,Pottery registries from excavation: 1985-2016,"OCHRE link: <a href=""https://pi.lib.uchicago.edu/1001/org/ochre/597c2265-9024-e576-3d35-5e4b495bc3d0"">https://pi.lib.uchicago.edu/1001/org/ochre/597c2265-9024-e576-3d35-5e4b495bc3d0</a>"
50.48 Pottery Registry 275 (L).pdf,50.48 Pottery Registry 275 (L).jpg,https://pi.lib.uchicago.edu/1001/org/ochre/677edaf1-3d2c-e3b0-c8a0-439fa5927ff7,Pottery Registry: Dataset 1,Pottery registries from excavation: 1985-2016,"OCHRE link: <a href=""https://pi.lib.uchicago.edu/1001/org/ochre/677edaf1-3d2c-e3b0-c8a0-439fa5927ff7"">https://pi.lib.uchicago.edu/1001/org/ochre/677edaf1-3d2c-e3b0-c8a0-439fa5927ff7</a>"
50.48 Pottery Registry 294 (L).pdf,50.48 Pottery Registry 294 (L).jpg,https://pi.lib.uchicago.edu/1001/org/ochre/a3304465-9bd1-b11d-b2f3-4c0900ff4588,Pottery Registry: Dataset 1,Pottery registries from excavation: 1985-2016,"OCHRE link: <a href=""https://pi.lib.uchicago.edu/1001/org/ochre/a3304465-9bd1-b11d-b2f3-4c0900ff4588"">https://pi.lib.uchicago.edu/1001/org/ochre/a3304465-9bd1-b11d-b2f3-4c0900ff4588</a>"
50.48 Pottery Registry 304 (L).pdf,50.48 Pottery Registry 304 (L).jpg,https://pi.lib.uchicago.edu/1001/org/ochre/44e3e733-88a6-302a-127e-817c05fe9a3a,Pottery Registry: Dataset 1,Pottery registries from excavation: 1985-2016,"OCHRE link: <a href=""https://pi.lib.uchicago.edu/1001/org/ochre/44e3e733-88a6-302a-127e-817c05fe9a3a"">https://pi.lib.uchicago.edu/1001/org/ochre/44e3e733-88a6-302a-127e-817c05fe9a3a</a>"
50.48 Pottery Registry 314 (L).pdf,50.48 Pottery Registry 314 (L).jpg,https://pi.lib.uchicago.edu/1001/org/ochre/5d1be9f7-3be2-9aeb-1326-094265c44c04,Pottery Registry: Dataset 1,Pottery registries from excavation: 1985-2016,"OCHRE link: <a href=""https://pi.lib.uchicago.edu/1001/org/ochre/5d1be9f7-3be2-9aeb-1326-094265c44c04"">https://pi.lib.uchicago.edu/1001/org/ochre/5d1be9f7-3be2-9aeb-1326-094265c44c04</a>"
50.48 Pottery Registry 315 (L).pdf,50.48 Pottery Registry 315 (L).jpg,https://pi.lib.uchicago.edu/1001/org/ochre/dd03865d-5b65-be40-daf5-43eb2f789883,Pottery Registry: Dataset 1,Pottery registries from excavation: 1985-2016,"OCHRE link: <a href=""https://pi.lib.uchicago.edu/1001/org/ochre/dd03865d-5b65-be40-daf5-43eb2f789883"">https://pi.lib.uchicago.edu/1001/org/ochre/dd03865d-5b65-be40-daf5-43eb2f789883</a>"
50.48 Pottery Registry 318 (L).pdf,50.48 Pottery Registry 318 (L).jpg,https://pi.lib.uchicago.edu/1001/org/ochre/94b39114-c2d6-8d6f-3138-02b49449b972,Pottery Registry: Dataset 1,Pottery registries from excavation: 1985-2016,"OCHRE link: <a href=""https://pi.lib.uchicago.edu/1001/org/ochre/94b39114-c2d6-8d6f-3138-02b49449b972"">https://pi.lib.uchicago.edu/1001/org/ochre/94b39114-c2d6-8d6f-3138-02b49449b972</a>"
50.48 Pottery Registry 323 (L).pdf,50.48 Pottery Registry 323 (L).jpg,https://pi.lib.uchicago.edu/1001/org/ochre/a207c217-6c7f-258c-796f-1f44b2466d8c,Pottery Registry: Dataset 1,Pottery registries from excavation: 1985-2016,"OCHRE link: <a href=""https://pi.lib.uchicago.edu/1001/org/ochre/a207c217-6c7f-258c-796f-1f44b2466d8c"">https://pi.lib.uchicago.edu/1001/org/ochre/a207c217-6c7f-258c-796f-1f44b2466d8c</a>"
50.48 Pottery Registry 324 (L).pdf,50.48 Pottery Registry 324 (L).jpg,https://pi.lib.uchicago.edu/1001/org/ochre/baa8b715-bdb7-b856-94ea-ed03225cd394,Pottery Registry: Dataset 1,Pottery registries from excavation: 1985-2016,"OCHRE link: <a href=""https://pi.lib.uchicago.edu/1001/org/ochre/baa8b715-bdb7-b856-94ea-ed03225cd394"">https://pi.lib.uchicago.edu/1001/org/ochre/baa8b715-bdb7-b856-94ea-ed03225cd394</a>"
50.48 Pottery Registry 325 (L).pdf,50.48 Pottery Registry 325 (L).jpg,https://pi.lib.uchicago.edu/1001/org/ochre/cb2366a3-aed1-f101-6ed8-a75535cfcea8,Pottery Registry: Dataset 1,Pottery registries from excavation: 1985-2016,"OCHRE link: <a href=""https://pi.lib.uchicago.edu/1001/org/ochre/cb2366a3-aed1-f101-6ed8-a75535cfcea8"">https://pi.lib.uchicago.edu/1001/org/ochre/cb2366a3-aed1-f101-6ed8-a75535cfcea8</a>"
50.48 Pottery Registry 326 (L).pdf,50.48 Pottery Registry 326 (L).jpg,https://pi.lib.uchicago.edu/1001/org/ochre/33658682-b046-7104-b904-15d4bc3edd0e,Pottery Registry: Dataset 1,Pottery registries from excavation: 1985-2016,"OCHRE link: <a href=""https://pi.lib.uchicago.edu/1001/org/ochre/33658682-b046-7104-b904-15d4bc3edd0e"">https://pi.lib.uchicago.edu/1001/org/ochre/33658682-b046-7104-b904-15d4bc3edd0e</a>"
50.48 Pottery Registry 335 (L).pdf,50.48 Pottery Registry 335 (L).jpg,https://pi.lib.uchicago.edu/1001/org/ochre/6246bbf5-3675-6c33-d92f-b0793f8945d9,Pottery Registry: Dataset 1,Pottery registries from excavation: 1985-2016,"OCHRE link: <a href=""https://pi.lib.uchicago.edu/1001/org/ochre/6246bbf5-3675-6c33-d92f-b0793f8945d9"">https://pi.lib.uchicago.edu/1001/org/ochre/6246bbf5-3675-6c33-d92f-b0793f8945d9</a>"
50.48 Pottery Registry 347 (L).pdf,50.48 Pottery Registry 347 (L).jpg,https://pi.lib.uchicago.edu/1001/org/ochre/e854bf57-ce4a-d01a-5a2f-d26c9bf1d571,Pottery Registry: Dataset 1,Pottery registries from excavation: 1985-2016,"OCHRE link: <a href=""https://pi.lib.uchicago.edu/1001/org/ochre/e854bf57-ce4a-d01a-5a2f-d26c9bf1d571"">https://pi.lib.uchicago.edu/1001/org/ochre/e854bf57-ce4a-d01a-5a2f-d26c9bf1d571</a>"
50.48 Pottery Registry 361 (L).pdf,50.48 Pottery Registry 361 (L).jpg,https://pi.lib.uchicago.edu/1001/org/ochre/38412729-230e-98df-fe51-42517bdb967f,Pottery Registry: Dataset 1,Pottery registries from excavation: 1985-2016,"OCHRE link: <a href=""https://pi.lib.uchicago.edu/1001/org/ochre/38412729-230e-98df-fe51-42517bdb967f"">https://pi.lib.uchicago.edu/1001/org/ochre/38412729-230e-98df-fe51-42517bdb967f</a>"
50.48 Pottery Registry 383 (L).pdf,50.48 Pottery Registry 383 (L).jpg,https://pi.lib.uchicago.edu/1001/org/ochre/983897c8-0ec1-dc43-44d8-1a0d2724727a,Pottery Registry: Dataset 1,Pottery registries from excavation: 1985-2016,"OCHRE link: <a href=""https://pi.lib.uchicago.edu/1001/org/ochre/983897c8-0ec1-dc43-44d8-1a0d2724727a"">https://pi.lib.uchicago.edu/1001/org/ochre/983897c8-0ec1-dc43-44d8-1a0d2724727a</a>"
50.48 Pottery Registry 384 (L).pdf,50.48 Pottery Registry 384 (L).jpg,https://pi.lib.uchicago.edu/1001/org/ochre/f4c86bbd-ae74-eb93-f86a-8ce218c71564,Pottery Registry: Dataset 1,Pottery registries from excavation: 1985-2016,"OCHRE link: <a href=""https://pi.lib.uchicago.edu/1001/org/ochre/f4c86bbd-ae74-eb93-f86a-8ce218c71564"">https://pi.lib.uchicago.edu/1001/org/ochre/f4c86bbd-ae74-eb93-f86a-8ce218c71564</a>"
50.48 Pottery Registry 388 (L).pdf,50.48 Pottery Registry 388 (L).jpg,https://pi.lib.uchicago.edu/1001/org/ochre/462da8b0-a61b-e379-c406-65ddf1df7298,Pottery Registry: Dataset 1,Pottery registries from excavation: 1985-2016,"OCHRE link: <a href=""https://pi.lib.uchicago.edu/1001/org/ochre/462da8b0-a61b-e379-c406-65ddf1df7298"">https://pi.lib.uchicago.edu/1001/org/ochre/462da8b0-a61b-e379-c406-65ddf1df7298</a>"
50.48 Pottery Registry 389 (L).pdf,50.48 Pottery Registry 389 (L).jpg,https://pi.lib.uchicago.edu/1001/org/ochre/880585b6-b828-7590-f297-ac36510086a4,Pottery Registry: Dataset 1,Pottery registries from excavation: 1985-2016,"OCHRE link: <a href=""https://pi.lib.uchicago.edu/1001/org/ochre/880585b6-b828-7590-f297-ac36510086a4"">https://pi.lib.uchicago.edu/1001/org/ochre/880585b6-b828-7590-f297-ac36510086a4</a>"
50.48 Pottery Registry 392 (L).pdf,50.48 Pottery Registry 392 (L).jpg,https://pi.lib.uchicago.edu/1001/org/ochre/f816d015-9406-b979-159a-d5d57860e170,Pottery Registry: Dataset 1,Pottery registries from excavation: 1985-2016,"OCHRE link: <a href=""https://pi.lib.uchicago.edu/1001/org/ochre/f816d015-9406-b979-159a-d5d57860e170"">https://pi.lib.uchicago.edu/1001/org/ochre/f816d015-9406-b979-159a-d5d57860e170</a>"
50.48 Pottery Registry 393 (L).pdf,50.48 Pottery Registry 393 (L).jpg,https://pi.lib.uchicago.edu/1001/org/ochre/e6041388-5b80-6ea7-82f7-3e8105eeb1a2,Pottery Registry: Dataset 1,Pottery registries from excavation: 1985-2016,"OCHRE link: <a href=""https://pi.lib.uchicago.edu/1001/org/ochre/e6041388-5b80-6ea7-82f7-3e8105eeb1a2"">https://pi.lib.uchicago.edu/1001/org/ochre/e6041388-5b80-6ea7-82f7-3e8105eeb1a2</a>"
50.48 Pottery Registry 398 (L).pdf,50.48 Pottery Registry 398 (L).jpg,https://pi.lib.uchicago.edu/1001/org/ochre/bd16db29-2158-9f88-cea2-738e40639f84,Pottery Registry: Dataset 1,Pottery registries from excavation: 1985-2016,"OCHRE link: <a href=""https://pi.lib.uchicago.edu/1001/org/ochre/bd16db29-2158-9f88-cea2-738e40639f84"">https://pi.lib.uchicago.edu/1001/org/ochre/bd16db29-2158-9f88-cea2-738e40639f84</a>"
50.48 Pottery Registry 402 (L).pdf,50.48 Pottery Registry 402 (L).jpg,https://pi.lib.uchicago.edu/1001/org/ochre/f412b3be-9aae-edab-a4a6-a0237e5b58fb,Pottery Registry: Dataset 1,Pottery registries from excavation: 1985-2016,"OCHRE link: <a href=""https://pi.lib.uchicago.edu/1001/org/ochre/f412b3be-9aae-edab-a4a6-a0237e5b58fb"">https://pi.lib.uchicago.edu/1001/org/ochre/f412b3be-9aae-edab-a4a6-a0237e5b58fb</a>"
50.48 Pottery Registry 405 (L).pdf,50.48 Pottery Registry 405 (L).jpg,https://pi.lib.uchicago.edu/1001/org/ochre/a7ddfd20-6510-7fd4-0922-0c804d353859,Pottery Registry: Dataset 1,Pottery registries from excavation: 1985-2016,"OCHRE link: <a href=""https://pi.lib.uchicago.edu/1001/org/ochre/a7ddfd20-6510-7fd4-0922-0c804d353859"">https://pi.lib.uchicago.edu/1001/org/ochre/a7ddfd20-6510-7fd4-0922-0c804d353859</a>"
50.48 Pottery Registry 414 (L).pdf,50.48 Pottery Registry 414 (L).jpg,https://pi.lib.uchicago.edu/1001/org/ochre/ba7b921b-9c9e-a76b-2ee1-4dea4cfcf165,Pottery Registry: Dataset 1,Pottery registries from excavation: 1985-2016,"OCHRE link: <a href=""https://pi.lib.uchicago.edu/1001/org/ochre/ba7b921b-9c9e-a76b-2ee1-4dea4cfcf165"">https://pi.lib.uchicago.edu/1001/org/ochre/ba7b921b-9c9e-a76b-2ee1-4dea4cfcf165</a>"
50.48 Pottery Registry 415 (L).pdf,50.48 Pottery Registry 415 (L).jpg,https://pi.lib.uchicago.edu/1001/org/ochre/9c356702-c70b-d32d-f311-803f570cc944,Pottery Registry: Dataset 1,Pottery registries from excavation: 1985-2016,"OCHRE link: <a href=""https://pi.lib.uchicago.edu/1001/org/ochre/9c356702-c70b-d32d-f311-803f570cc944"">https://pi.lib.uchicago.edu/1001/org/ochre/9c356702-c70b-d32d-f311-803f570cc944</a>"
50.48 Pottery Registry 418 (L).pdf,50.48 Pottery Registry 418 (L).jpg,https://pi.lib.uchicago.edu/1001/org/ochre/09837ec8-0fec-d50e-857f-df5d90e10836,Pottery Registry: Dataset 1,Pottery registries from excavation: 1985-2016,"OCHRE link: <a href=""https://pi.lib.uchicago.edu/1001/org/ochre/09837ec8-0fec-d50e-857f-df5d90e10836"">https://pi.lib.uchicago.edu/1001/org/ochre/09837ec8-0fec-d50e-857f-df5d90e10836</a>"
50.48 Pottery Registry 428 (L).pdf,50.48 Pottery Registry 428 (L).jpg,https://pi.lib.uchicago.edu/1001/org/ochre/e6037092-40c8-d2dd-86da-8bbd71aced6a,Pottery Registry: Dataset 1,Pottery registries from excavation: 1985-2016,"OCHRE link: <a href=""https://pi.lib.uchicago.edu/1001/org/ochre/e6037092-40c8-d2dd-86da-8bbd71aced6a"">https://pi.lib.uchicago.edu/1001/org/ochre/e6037092-40c8-d2dd-86da-8bbd71aced6a</a>"
50.48 Pottery Registry 430 (L).pdf,50.48 Pottery Registry 430 (L).jpg,https://pi.lib.uchicago.edu/1001/org/ochre/135b3be8-5862-0297-995b-e785c5eca420,Pottery Registry: Dataset 1,Pottery registries from excavation: 1985-2016,"OCHRE link: <a href=""https://pi.lib.uchicago.edu/1001/org/ochre/135b3be8-5862-0297-995b-e785c5eca420"">https://pi.lib.uchicago.edu/1001/org/ochre/135b3be8-5862-0297-995b-e785c5eca420</a>"
50.48 Pottery Registry 431 (L).pdf,50.48 Pottery Registry 431 (L).jpg,https://pi.lib.uchicago.edu/1001/org/ochre/09d9aa5f-5565-d583-a943-e0b58c458047,Pottery Registry: Dataset 1,Pottery registries from excavation: 1985-2016,"OCHRE link: <a href=""https://pi.lib.uchicago.edu/1001/org/ochre/09d9aa5f-5565-d583-a943-e0b58c458047"">https://pi.lib.uchicago.edu/1001/org/ochre/09d9aa5f-5565-d583-a943-e0b58c458047</a>"
50.48 Pottery Registry 439 (L).pdf,50.48 Pottery Registry 439 (L).jpg,https://pi.lib.uchicago.edu/1001/org/ochre/5737ef74-1b33-912f-9993-c0c47124191f,Pottery Registry: Dataset 1,Pottery registries from excavation: 1985-2016,"OCHRE link: <a href=""https://pi.lib.uchicago.edu/1001/org/ochre/5737ef74-1b33-912f-9993-c0c47124191f"">https://pi.lib.uchicago.edu/1001/org/ochre/5737ef74-1b33-912f-9993-c0c47124191f</a>"
50.48 Pottery Registry 444 (L).pdf,50.48 Pottery Registry 444 (L).jpg,https://pi.lib.uchicago.edu/1001/org/ochre/e88b98cc-a267-6df8-b7fc-33369a9d9389,Pottery Registry: Dataset 1,Pottery registries from excavation: 1985-2016,"OCHRE link: <a href=""https://pi.lib.uchicago.edu/1001/org/ochre/e88b98cc-a267-6df8-b7fc-33369a9d9389"">https://pi.lib.uchicago.edu/1001/org/ochre/e88b98cc-a267-6df8-b7fc-33369a9d9389</a>"
50.48 Pottery Registry 446 (L).pdf,50.48 Pottery Registry 446 (L).jpg,https://pi.lib.uchicago.edu/1001/org/ochre/0c8a09aa-9e6c-d8cb-acfc-2aa386cf512e,Pottery Registry: Dataset 1,Pottery registries from excavation: 1985-2016,"OCHRE link: <a href=""https://pi.lib.uchicago.edu/1001/org/ochre/0c8a09aa-9e6c-d8cb-acfc-2aa386cf512e"">https://pi.lib.uchicago.edu/1001/org/ochre/0c8a09aa-9e6c-d8cb-acfc-2aa386cf512e</a>"
50.48 Pottery Registry 448 (L).pdf,50.48 Pottery Registry 448 (L).jpg,https://pi.lib.uchicago.edu/1001/org/ochre/6d9f9163-e335-e556-acd8-35b55f665afc,Pottery Registry: Dataset 1,Pottery registries from excavation: 1985-2016,"OCHRE link: <a href=""https://pi.lib.uchicago.edu/1001/org/ochre/6d9f9163-e335-e556-acd8-35b55f665afc"">https://pi.lib.uchicago.edu/1001/org/ochre/6d9f9163-e335-e556-acd8-35b55f665afc</a>"
50.48 Pottery Registry 451 (L).pdf,50.48 Pottery Registry 451 (L).jpg,https://pi.lib.uchicago.edu/1001/org/ochre/655877c4-9f0f-c9b2-d55e-2f0d05ad12c9,Pottery Registry: Dataset 1,Pottery registries from excavation: 1985-2016,"OCHRE link: <a href=""https://pi.lib.uchicago.edu/1001/org/ochre/655877c4-9f0f-c9b2-d55e-2f0d05ad12c9"">https://pi.lib.uchicago.edu/1001/org/ochre/655877c4-9f0f-c9b2-d55e-2f0d05ad12c9</a>"
50.48 Pottery Registry 452 (L).pdf,50.48 Pottery Registry 452 (L).jpg,https://pi.lib.uchicago.edu/1001/org/ochre/5103d6aa-44f9-c144-7a07-fc4dcd5bfbe9,Pottery Registry: Dataset 1,Pottery registries from excavation: 1985-2016,"OCHRE link: <a href=""https://pi.lib.uchicago.edu/1001/org/ochre/5103d6aa-44f9-c144-7a07-fc4dcd5bfbe9"">https://pi.lib.uchicago.edu/1001/org/ochre/5103d6aa-44f9-c144-7a07-fc4dcd5bfbe9</a>"
50.48 Pottery Registry 453 (L).pdf,50.48 Pottery Registry 453 (L).jpg,https://pi.lib.uchicago.edu/1001/org/ochre/a8135e36-4f76-6445-0f4e-f21b33f8d178,Pottery Registry: Dataset 1,Pottery registries from excavation: 1985-2016,"OCHRE link: <a href=""https://pi.lib.uchicago.edu/1001/org/ochre/a8135e36-4f76-6445-0f4e-f21b33f8d178"">https://pi.lib.uchicago.edu/1001/org/ochre/a8135e36-4f76-6445-0f4e-f21b33f8d178</a>"
50.48 Pottery Registry 454 (L).pdf,50.48 Pottery Registry 454 (L).jpg,https://pi.lib.uchicago.edu/1001/org/ochre/a980e4ff-fd05-89a6-26b5-db2651cd0a7f,Pottery Registry: Dataset 1,Pottery registries from excavation: 1985-2016,"OCHRE link: <a href=""https://pi.lib.uchicago.edu/1001/org/ochre/a980e4ff-fd05-89a6-26b5-db2651cd0a7f"">https://pi.lib.uchicago.edu/1001/org/ochre/a980e4ff-fd05-89a6-26b5-db2651cd0a7f</a>"
50.48 Pottery Registry 461 (L).pdf,50.48 Pottery Registry 461 (L).jpg,https://pi.lib.uchicago.edu/1001/org/ochre/d3b1ac83-273e-6c47-3cbf-7c90fc9e1ab4,Pottery Registry: Dataset 1,Pottery registries from excavation: 1985-2016,"OCHRE link: <a href=""https://pi.lib.uchicago.edu/1001/org/ochre/d3b1ac83-273e-6c47-3cbf-7c90fc9e1ab4"">https://pi.lib.uchicago.edu/1001/org/ochre/d3b1ac83-273e-6c47-3cbf-7c90fc9e1ab4</a>"
50.48 Pottery Registry 462 (L).pdf,50.48 Pottery Registry 462 (L).jpg,https://pi.lib.uchicago.edu/1001/org/ochre/5b9415b0-cf06-9206-87da-f1544d803023,Pottery Registry: Dataset 1,Pottery registries from excavation: 1985-2016,"OCHRE link: <a href=""https://pi.lib.uchicago.edu/1001/org/ochre/5b9415b0-cf06-9206-87da-f1544d803023"">https://pi.lib.uchicago.edu/1001/org/ochre/5b9415b0-cf06-9206-87da-f1544d803023</a>"
50.48 Pottery Registry 464 (L).pdf,50.48 Pottery Registry 464 (L).jpg,https://pi.lib.uchicago.edu/1001/org/ochre/66794ab4-b115-48fa-e126-c999005af7b2,Pottery Registry: Dataset 1,Pottery registries from excavation: 1985-2016,"OCHRE link: <a href=""https://pi.lib.uchicago.edu/1001/org/ochre/66794ab4-b115-48fa-e126-c999005af7b2"">https://pi.lib.uchicago.edu/1001/org/ochre/66794ab4-b115-48fa-e126-c999005af7b2</a>"
50.48 Pottery Registry 467 (L).pdf,50.48 Pottery Registry 467 (L).jpg,https://pi.lib.uchicago.edu/1001/org/ochre/b964e766-056c-7a7f-0d5d-03d796688c1a,Pottery Registry: Dataset 1,Pottery registries from excavation: 1985-2016,"OCHRE link: <a href=""https://pi.lib.uchicago.edu/1001/org/ochre/b964e766-056c-7a7f-0d5d-03d796688c1a"">https://pi.lib.uchicago.edu/1001/org/ochre/b964e766-056c-7a7f-0d5d-03d796688c1a</a>"
50.48 Pottery Registry 468 (L).pdf,50.48 Pottery Registry 468 (L).jpg,https://pi.lib.uchicago.edu/1001/org/ochre/428f4b02-52b1-5f41-8952-9222b0c11bf9,Pottery Registry: Dataset 1,Pottery registries from excavation: 1985-2016,"OCHRE link: <a href=""https://pi.lib.uchicago.edu/1001/org/ochre/428f4b02-52b1-5f41-8952-9222b0c11bf9"">https://pi.lib.uchicago.edu/1001/org/ochre/428f4b02-52b1-5f41-8952-9222b0c11bf9</a>"
50.48 Pottery Registry 473 (L).pdf,50.48 Pottery Registry 473 (L).jpg,https://pi.lib.uchicago.edu/1001/org/ochre/e375fc39-2abb-6228-b164-c31c1f86dcc8,Pottery Registry: Dataset 1,Pottery registries from excavation: 1985-2016,"OCHRE link: <a href=""https://pi.lib.uchicago.edu/1001/org/ochre/e375fc39-2abb-6228-b164-c31c1f86dcc8"">https://pi.lib.uchicago.edu/1001/org/ochre/e375fc39-2abb-6228-b164-c31c1f86dcc8</a>"
50.48 Pottery Registry 475 (L).pdf,50.48 Pottery Registry 475 (L).jpg,https://pi.lib.uchicago.edu/1001/org/ochre/fe4b5c81-b08c-4756-fbd4-979a8ac8ec08,Pottery Registry: Dataset 1,Pottery registries from excavation: 1985-2016,"OCHRE link: <a href=""https://pi.lib.uchicago.edu/1001/org/ochre/fe4b5c81-b08c-4756-fbd4-979a8ac8ec08"">https://pi.lib.uchicago.edu/1001/org/ochre/fe4b5c81-b08c-4756-fbd4-979a8ac8ec08</a>"
50.48 Pottery Registry 477 (L).pdf,50.48 Pottery Registry 477 (L).jpg,https://pi.lib.uchicago.edu/1001/org/ochre/c0bd6fab-5ab7-2be0-21bc-16604cb979a1,Pottery Registry: Dataset 1,Pottery registries from excavation: 1985-2016,"OCHRE link: <a href=""https://pi.lib.uchicago.edu/1001/org/ochre/c0bd6fab-5ab7-2be0-21bc-16604cb979a1"">https://pi.lib.uchicago.edu/1001/org/ochre/c0bd6fab-5ab7-2be0-21bc-16604cb979a1</a>"
50.48 Pottery Registry 486 (L).pdf,50.48 Pottery Registry 486 (L).jpg,https://pi.lib.uchicago.edu/1001/org/ochre/fe5cc57a-596e-9aa1-3bf4-4f469bb384da,Pottery Registry: Dataset 1,Pottery registries from excavation: 1985-2016,"OCHRE link: <a href=""https://pi.lib.uchicago.edu/1001/org/ochre/fe5cc57a-596e-9aa1-3bf4-4f469bb384da"">https://pi.lib.uchicago.edu/1001/org/ochre/fe5cc57a-596e-9aa1-3bf4-4f469bb384da</a>"
50.48 Pottery Registry 487 (L).pdf,50.48 Pottery Registry 487 (L).jpg,https://pi.lib.uchicago.edu/1001/org/ochre/7cad7230-ba75-1029-58ec-65a0b513611d,Pottery Registry: Dataset 1,Pottery registries from excavation: 1985-2016,"OCHRE link: <a href=""https://pi.lib.uchicago.edu/1001/org/ochre/7cad7230-ba75-1029-58ec-65a0b513611d"">https://pi.lib.uchicago.edu/1001/org/ochre/7cad7230-ba75-1029-58ec-65a0b513611d</a>"
50.48 Pottery Registry 488 (L).pdf,50.48 Pottery Registry 488 (L).jpg,https://pi.lib.uchicago.edu/1001/org/ochre/76ae80aa-8659-dd7c-f150-b43b0f973d1b,Pottery Registry: Dataset 1,Pottery registries from excavation: 1985-2016,"OCHRE link: <a href=""https://pi.lib.uchicago.edu/1001/org/ochre/76ae80aa-8659-dd7c-f150-b43b0f973d1b"">https://pi.lib.uchicago.edu/1001/org/ochre/76ae80aa-8659-dd7c-f150-b43b0f973d1b</a>"
50.48 Pottery Registry 490 (L).pdf,50.48 Pottery Registry 490 (L).jpg,https://pi.lib.uchicago.edu/1001/org/ochre/025a8355-99e0-4805-6ac6-bafa758161ae,Pottery Registry: Dataset 1,Pottery registries from excavation: 1985-2016,"OCHRE link: <a href=""https://pi.lib.uchicago.edu/1001/org/ochre/025a8355-99e0-4805-6ac6-bafa758161ae"">https://pi.lib.uchicago.edu/1001/org/ochre/025a8355-99e0-4805-6ac6-bafa758161ae</a>"
50.48 Pottery Registry 491 (L).pdf,50.48 Pottery Registry 491 (L).jpg,https://pi.lib.uchicago.edu/1001/org/ochre/8d894340-b3b8-0260-bca2-ba3b2f0e5177,Pottery Registry: Dataset 1,Pottery registries from excavation: 1985-2016,"OCHRE link: <a href=""https://pi.lib.uchicago.edu/1001/org/ochre/8d894340-b3b8-0260-bca2-ba3b2f0e5177"">https://pi.lib.uchicago.edu/1001/org/ochre/8d894340-b3b8-0260-bca2-ba3b2f0e5177</a>"
50.48 Pottery Registry 492 (L).pdf,50.48 Pottery Registry 492 (L).jpg,https://pi.lib.uchicago.edu/1001/org/ochre/077bd222-53ae-12fd-75f0-9f786438e66a,Pottery Registry: Dataset 1,Pottery registries from excavation: 1985-2016,"OCHRE link: <a href=""https://pi.lib.uchicago.edu/1001/org/ochre/077bd222-53ae-12fd-75f0-9f786438e66a"">https://pi.lib.uchicago.edu/1001/org/ochre/077bd222-53ae-12fd-75f0-9f786438e66a</a>"
50.48 Pottery Registry 493 (L).pdf,50.48 Pottery Registry 493 (L).jpg,https://pi.lib.uchicago.edu/1001/org/ochre/6f831c9b-4ac1-d2bb-a446-5eb4e5e1ed3f,Pottery Registry: Dataset 1,Pottery registries from excavation: 1985-2016,"OCHRE link: <a href=""https://pi.lib.uchicago.edu/1001/org/ochre/6f831c9b-4ac1-d2bb-a446-5eb4e5e1ed3f"">https://pi.lib.uchicago.edu/1001/org/ochre/6f831c9b-4ac1-d2bb-a446-5eb4e5e1ed3f</a>"
50.48 Pottery Registry 494 (L).pdf,50.48 Pottery Registry 494 (L).jpg,https://pi.lib.uchicago.edu/1001/org/ochre/3f7d1d23-03b1-3996-e411-9f4d199be182,Pottery Registry: Dataset 1,Pottery registries from excavation: 1985-2016,"OCHRE link: <a href=""https://pi.lib.uchicago.edu/1001/org/ochre/3f7d1d23-03b1-3996-e411-9f4d199be182"">https://pi.lib.uchicago.edu/1001/org/ochre/3f7d1d23-03b1-3996-e411-9f4d199be182</a>"
50.48 Pottery Registry 496 (L).pdf,50.48 Pottery Registry 496 (L).jpg,https://pi.lib.uchicago.edu/1001/org/ochre/77853399-c107-29a7-08c5-c4af2e7be7e3,Pottery Registry: Dataset 1,Pottery registries from excavation: 1985-2016,"OCHRE link: <a href=""https://pi.lib.uchicago.edu/1001/org/ochre/77853399-c107-29a7-08c5-c4af2e7be7e3"">https://pi.lib.uchicago.edu/1001/org/ochre/77853399-c107-29a7-08c5-c4af2e7be7e3</a>"
50.48 Pottery Registry 501 (L).pdf,50.48 Pottery Registry 501 (L).jpg,https://pi.lib.uchicago.edu/1001/org/ochre/d285f25d-073d-45e1-50eb-a35b8b6c3757,Pottery Registry: Dataset 1,Pottery registries from excavation: 1985-2016,"OCHRE link: <a href=""https://pi.lib.uchicago.edu/1001/org/ochre/d285f25d-073d-45e1-50eb-a35b8b6c3757"">https://pi.lib.uchicago.edu/1001/org/ochre/d285f25d-073d-45e1-50eb-a35b8b6c3757</a>"
50.48 Pottery Registry 502 (L).pdf,50.48 Pottery Registry 502 (L).jpg,https://pi.lib.uchicago.edu/1001/org/ochre/57e813a8-eff7-b827-a649-28fd8d908657,Pottery Registry: Dataset 1,Pottery registries from excavation: 1985-2016,"OCHRE link: <a href=""https://pi.lib.uchicago.edu/1001/org/ochre/57e813a8-eff7-b827-a649-28fd8d908657"">https://pi.lib.uchicago.edu/1001/org/ochre/57e813a8-eff7-b827-a649-28fd8d908657</a>"
50.48 Pottery Registry 503 (L).pdf,50.48 Pottery Registry 503 (L).jpg,https://pi.lib.uchicago.edu/1001/org/ochre/ea3e0dda-cd97-3fba-925d-c037a0567736,Pottery Registry: Dataset 1,Pottery registries from excavation: 1985-2016,"OCHRE link: <a href=""https://pi.lib.uchicago.edu/1001/org/ochre/ea3e0dda-cd97-3fba-925d-c037a0567736"">https://pi.lib.uchicago.edu/1001/org/ochre/ea3e0dda-cd97-3fba-925d-c037a0567736</a>"
50.48 Pottery Registry 504 (L).pdf,50.48 Pottery Registry 504 (L).jpg,https://pi.lib.uchicago.edu/1001/org/ochre/1d285f07-47f9-21bf-b9bd-dafc56f3d3d4,Pottery Registry: Dataset 1,Pottery registries from excavation: 1985-2016,"OCHRE link: <a href=""https://pi.lib.uchicago.edu/1001/org/ochre/1d285f07-47f9-21bf-b9bd-dafc56f3d3d4"">https://pi.lib.uchicago.edu/1001/org/ochre/1d285f07-47f9-21bf-b9bd-dafc56f3d3d4</a>"
50.48 Pottery Registry 509 (L).pdf,50.48 Pottery Registry 509 (L).jpg,https://pi.lib.uchicago.edu/1001/org/ochre/7217cb35-69d8-97b9-fc79-0415539fa88c,Pottery Registry: Dataset 1,Pottery registries from excavation: 1985-2016,"OCHRE link: <a href=""https://pi.lib.uchicago.edu/1001/org/ochre/7217cb35-69d8-97b9-fc79-0415539fa88c"">https://pi.lib.uchicago.edu/1001/org/ochre/7217cb35-69d8-97b9-fc79-0415539fa88c</a>"
50.48 Pottery Registry 512 (L).pdf,50.48 Pottery Registry 512 (L).jpg,https://pi.lib.uchicago.edu/1001/org/ochre/e462b322-2d8a-d93c-bd95-86f3435314bf,Pottery Registry: Dataset 1,Pottery registries from excavation: 1985-2016,"OCHRE link: <a href=""https://pi.lib.uchicago.edu/1001/org/ochre/e462b322-2d8a-d93c-bd95-86f3435314bf"">https://pi.lib.uchicago.edu/1001/org/ochre/e462b322-2d8a-d93c-bd95-86f3435314bf</a>"
50.48 Pottery Registry 525 (L).pdf,50.48 Pottery Registry 525 (L).jpg,https://pi.lib.uchicago.edu/1001/org/ochre/3a24c85e-91ac-52d3-24e1-a1a560cc62e8,Pottery Registry: Dataset 1,Pottery registries from excavation: 1985-2016,"OCHRE link: <a href=""https://pi.lib.uchicago.edu/1001/org/ochre/3a24c85e-91ac-52d3-24e1-a1a560cc62e8"">https://pi.lib.uchicago.edu/1001/org/ochre/3a24c85e-91ac-52d3-24e1-a1a560cc62e8</a>"
50.48 Pottery Registry 687 (L).pdf,50.48 Pottery Registry 687 (L).jpg,https://pi.lib.uchicago.edu/1001/org/ochre/90716216-efc7-e128-e263-85e1ad23980a,Pottery Registry: Dataset 1,Pottery registries from excavation: 1985-2016,"OCHRE link: <a href=""https://pi.lib.uchicago.edu/1001/org/ochre/90716216-efc7-e128-e263-85e1ad23980a"">https://pi.lib.uchicago.edu/1001/org/ochre/90716216-efc7-e128-e263-85e1ad23980a</a>"
50.48 Pottery Registry Miscellaneous.pdf,50.48 Pottery Registry Miscellaneous.jpg,https://pi.lib.uchicago.edu/1001/org/ochre/6f098085-c5a2-2b6e-80c8-aaf9382643d1,Pottery Registry: Dataset 1,Pottery registries from excavation: 1985-2016,"OCHRE link: <a href=""https://pi.lib.uchicago.edu/1001/org/ochre/6f098085-c5a2-2b6e-80c8-aaf9382643d1"">https://pi.lib.uchicago.edu/1001/org/ochre/6f098085-c5a2-2b6e-80c8-aaf9382643d1</a>"
50.49 Pottery Registry 001 (L).pdf,50.49 Pottery Registry 001 (L).jpg,https://pi.lib.uchicago.edu/1001/org/ochre/c7233d8d-12d9-a706-9a88-f17c2ab4fac6,Pottery Registry: Dataset 1,Pottery registries from excavation: 1985-2016,"OCHRE link: <a href=""https://pi.lib.uchicago.edu/1001/org/ochre/c7233d8d-12d9-a706-9a88-f17c2ab4fac6"">https://pi.lib.uchicago.edu/1001/org/ochre/c7233d8d-12d9-a706-9a88-f17c2ab4fac6</a>"
50.49 Pottery Registry 003 (L).pdf,50.49 Pottery Registry 003 (L).jpg,https://pi.lib.uchicago.edu/1001/org/ochre/8d13f498-b44b-d50a-b509-0e898ded6ef9,Pottery Registry: Dataset 1,Pottery registries from excavation: 1985-2016,"OCHRE link: <a href=""https://pi.lib.uchicago.edu/1001/org/ochre/8d13f498-b44b-d50a-b509-0e898ded6ef9"">https://pi.lib.uchicago.edu/1001/org/ochre/8d13f498-b44b-d50a-b509-0e898ded6ef9</a>"
50.49 Pottery Registry 004 (L).pdf,50.49 Pottery Registry 004 (L).jpg,https://pi.lib.uchicago.edu/1001/org/ochre/106f338b-a156-f445-74b5-aaaa7558c818,Pottery Registry: Dataset 1,Pottery registries from excavation: 1985-2016,"OCHRE link: <a href=""https://pi.lib.uchicago.edu/1001/org/ochre/106f338b-a156-f445-74b5-aaaa7558c818"">https://pi.lib.uchicago.edu/1001/org/ochre/106f338b-a156-f445-74b5-aaaa7558c818</a>"
50.49 Pottery Registry 006 (L).pdf,50.49 Pottery Registry 006 (L).jpg,https://pi.lib.uchicago.edu/1001/org/ochre/d2428507-d146-06e6-07ca-9ebca66effca,Pottery Registry: Dataset 1,Pottery registries from excavation: 1985-2016,"OCHRE link: <a href=""https://pi.lib.uchicago.edu/1001/org/ochre/d2428507-d146-06e6-07ca-9ebca66effca"">https://pi.lib.uchicago.edu/1001/org/ochre/d2428507-d146-06e6-07ca-9ebca66effca</a>"
50.49 Pottery Registry 007 (L).pdf,50.49 Pottery Registry 007 (L).jpg,https://pi.lib.uchicago.edu/1001/org/ochre/33ff2ed5-9bd8-c2dd-531e-52b2455274b6,Pottery Registry: Dataset 1,Pottery registries from excavation: 1985-2016,"OCHRE link: <a href=""https://pi.lib.uchicago.edu/1001/org/ochre/33ff2ed5-9bd8-c2dd-531e-52b2455274b6"">https://pi.lib.uchicago.edu/1001/org/ochre/33ff2ed5-9bd8-c2dd-531e-52b2455274b6</a>"
50.49 Pottery Registry 011 (L).pdf,50.49 Pottery Registry 011 (L).jpg,https://pi.lib.uchicago.edu/1001/org/ochre/372ffa8e-109f-d4f1-5ccc-d931e42a4495,Pottery Registry: Dataset 1,Pottery registries from excavation: 1985-2016,"OCHRE link: <a href=""https://pi.lib.uchicago.edu/1001/org/ochre/372ffa8e-109f-d4f1-5ccc-d931e42a4495"">https://pi.lib.uchicago.edu/1001/org/ochre/372ffa8e-109f-d4f1-5ccc-d931e42a4495</a>"
50.49 Pottery Registry 017 (L).pdf,50.49 Pottery Registry 017 (L).jpg,https://pi.lib.uchicago.edu/1001/org/ochre/cbe1c75a-54d4-3dbb-0e01-45028cdb7a4c,Pottery Registry: Dataset 1,Pottery registries from excavation: 1985-2016,"OCHRE link: <a href=""https://pi.lib.uchicago.edu/1001/org/ochre/cbe1c75a-54d4-3dbb-0e01-45028cdb7a4c"">https://pi.lib.uchicago.edu/1001/org/ochre/cbe1c75a-54d4-3dbb-0e01-45028cdb7a4c</a>"
50.49 Pottery Registry 029 (L).pdf,50.49 Pottery Registry 029 (L).jpg,https://pi.lib.uchicago.edu/1001/org/ochre/28195f9d-3410-bf3d-66ba-9cfe7c4582f6,Pottery Registry: Dataset 1,Pottery registries from excavation: 1985-2016,"OCHRE link: <a href=""https://pi.lib.uchicago.edu/1001/org/ochre/28195f9d-3410-bf3d-66ba-9cfe7c4582f6"">https://pi.lib.uchicago.edu/1001/org/ochre/28195f9d-3410-bf3d-66ba-9cfe7c4582f6</a>"
50.49 Pottery Registry 100 (L).pdf,50.49 Pottery Registry 100 (L).jpg,https://pi.lib.uchicago.edu/1001/org/ochre/16eced9f-8bd2-8592-0ee1-354c944d4577,Pottery Registry: Dataset 1,Pottery registries from excavation: 1985-2016,"OCHRE link: <a href=""https://pi.lib.uchicago.edu/1001/org/ochre/16eced9f-8bd2-8592-0ee1-354c944d4577"">https://pi.lib.uchicago.edu/1001/org/ochre/16eced9f-8bd2-8592-0ee1-354c944d4577</a>"
50.49 Pottery Registry 102 (L).pdf,50.49 Pottery Registry 102 (L).jpg,https://pi.lib.uchicago.edu/1001/org/ochre/a7380b0e-7ab2-85e7-4761-24fc7dbd305b,Pottery Registry: Dataset 1,Pottery registries from excavation: 1985-2016,"OCHRE link: <a href=""https://pi.lib.uchicago.edu/1001/org/ochre/a7380b0e-7ab2-85e7-4761-24fc7dbd305b"">https://pi.lib.uchicago.edu/1001/org/ochre/a7380b0e-7ab2-85e7-4761-24fc7dbd305b</a>"
50.49 Pottery Registry 106 (L).pdf,50.49 Pottery Registry 106 (L).jpg,https://pi.lib.uchicago.edu/1001/org/ochre/16067be4-6371-107b-d540-2e524015c269,Pottery Registry: Dataset 1,Pottery registries from excavation: 1985-2016,"OCHRE link: <a href=""https://pi.lib.uchicago.edu/1001/org/ochre/16067be4-6371-107b-d540-2e524015c269"">https://pi.lib.uchicago.edu/1001/org/ochre/16067be4-6371-107b-d540-2e524015c269</a>"
50.49 Pottery Registry 111 (L).pdf,50.49 Pottery Registry 111 (L).jpg,https://pi.lib.uchicago.edu/1001/org/ochre/fb9080e7-b990-3c12-4695-d6c6b409068d,Pottery Registry: Dataset 1,Pottery registries from excavation: 1985-2016,"OCHRE link: <a href=""https://pi.lib.uchicago.edu/1001/org/ochre/fb9080e7-b990-3c12-4695-d6c6b409068d"">https://pi.lib.uchicago.edu/1001/org/ochre/fb9080e7-b990-3c12-4695-d6c6b409068d</a>"
50.49 Pottery Registry 112 (L).pdf,50.49 Pottery Registry 112 (L).jpg,https://pi.lib.uchicago.edu/1001/org/ochre/72a7f98a-d92a-cf1d-d3aa-1cc34c78811a,Pottery Registry: Dataset 1,Pottery registries from excavation: 1985-2016,"OCHRE link: <a href=""https://pi.lib.uchicago.edu/1001/org/ochre/72a7f98a-d92a-cf1d-d3aa-1cc34c78811a"">https://pi.lib.uchicago.edu/1001/org/ochre/72a7f98a-d92a-cf1d-d3aa-1cc34c78811a</a>"
50.49 Pottery Registry 119 (L).pdf,50.49 Pottery Registry 119 (L).jpg,https://pi.lib.uchicago.edu/1001/org/ochre/9e78f8f4-f332-be37-f91f-cf29979e8768,Pottery Registry: Dataset 1,Pottery registries from excavation: 1985-2016,"OCHRE link: <a href=""https://pi.lib.uchicago.edu/1001/org/ochre/9e78f8f4-f332-be37-f91f-cf29979e8768"">https://pi.lib.uchicago.edu/1001/org/ochre/9e78f8f4-f332-be37-f91f-cf29979e8768</a>"
50.49 Pottery Registry 121 (L).pdf,50.49 Pottery Registry 121 (L).jpg,https://pi.lib.uchicago.edu/1001/org/ochre/6a0dc510-3c3d-4693-e014-6edd49a9e330,Pottery Registry: Dataset 1,Pottery registries from excavation: 1985-2016,"OCHRE link: <a href=""https://pi.lib.uchicago.edu/1001/org/ochre/6a0dc510-3c3d-4693-e014-6edd49a9e330"">https://pi.lib.uchicago.edu/1001/org/ochre/6a0dc510-3c3d-4693-e014-6edd49a9e330</a>"
50.49 Pottery Registry 123 (L).pdf,50.49 Pottery Registry 123 (L).jpg,https://pi.lib.uchicago.edu/1001/org/ochre/40f93f14-a728-e467-eac6-5ff6f147e31e,Pottery Registry: Dataset 1,Pottery registries from excavation: 1985-2016,"OCHRE link: <a href=""https://pi.lib.uchicago.edu/1001/org/ochre/40f93f14-a728-e467-eac6-5ff6f147e31e"">https://pi.lib.uchicago.edu/1001/org/ochre/40f93f14-a728-e467-eac6-5ff6f147e31e</a>"
50.49 Pottery Registry 124 (F).pdf,50.49 Pottery Registry 124 (F).jpg,https://pi.lib.uchicago.edu/1001/org/ochre/b42eee2b-387a-162a-c09e-6889429bb2e3,Pottery Registry: Dataset 1,Pottery registries from excavation: 1985-2016,"OCHRE link: <a href=""https://pi.lib.uchicago.edu/1001/org/ochre/b42eee2b-387a-162a-c09e-6889429bb2e3"">https://pi.lib.uchicago.edu/1001/org/ochre/b42eee2b-387a-162a-c09e-6889429bb2e3</a>"
50.49 Pottery Registry 125 (F).pdf,50.49 Pottery Registry 125 (F).jpg,https://pi.lib.uchicago.edu/1001/org/ochre/6fb15bf2-fbaf-09cb-21d7-c9c7055f6fc5,Pottery Registry: Dataset 1,Pottery registries from excavation: 1985-2016,"OCHRE link: <a href=""https://pi.lib.uchicago.edu/1001/org/ochre/6fb15bf2-fbaf-09cb-21d7-c9c7055f6fc5"">https://pi.lib.uchicago.edu/1001/org/ochre/6fb15bf2-fbaf-09cb-21d7-c9c7055f6fc5</a>"
50.49 Pottery Registry 131 (L).pdf,50.49 Pottery Registry 131 (L).jpg,https://pi.lib.uchicago.edu/1001/org/ochre/854eae8f-3ce2-57d0-8dc7-9df9d51abd90,Pottery Registry: Dataset 1,Pottery registries from excavation: 1985-2016,"OCHRE link: <a href=""https://pi.lib.uchicago.edu/1001/org/ochre/854eae8f-3ce2-57d0-8dc7-9df9d51abd90"">https://pi.lib.uchicago.edu/1001/org/ochre/854eae8f-3ce2-57d0-8dc7-9df9d51abd90</a>"
50.49 Pottery Registry 134 (L).pdf,50.49 Pottery Registry 134 (L).jpg,https://pi.lib.uchicago.edu/1001/org/ochre/89d8a189-fbf5-5fec-0ca4-fc7de38768be,Pottery Registry: Dataset 1,Pottery registries from excavation: 1985-2016,"OCHRE link: <a href=""https://pi.lib.uchicago.edu/1001/org/ochre/89d8a189-fbf5-5fec-0ca4-fc7de38768be"">https://pi.lib.uchicago.edu/1001/org/ochre/89d8a189-fbf5-5fec-0ca4-fc7de38768be</a>"
50.49 Pottery Registry 137 (L).pdf,50.49 Pottery Registry 137 (L).jpg,https://pi.lib.uchicago.edu/1001/org/ochre/65aec01e-bc8e-e0b5-1184-876dd779e140,Pottery Registry: Dataset 1,Pottery registries from excavation: 1985-2016,"OCHRE link: <a href=""https://pi.lib.uchicago.edu/1001/org/ochre/65aec01e-bc8e-e0b5-1184-876dd779e140"">https://pi.lib.uchicago.edu/1001/org/ochre/65aec01e-bc8e-e0b5-1184-876dd779e140</a>"
50.49 Pottery Registry 190 (F).pdf,50.49 Pottery Registry 190 (F).jpg,https://pi.lib.uchicago.edu/1001/org/ochre/4d7df948-8445-6070-0495-fc33d5d275dc,Pottery Registry: Dataset 1,Pottery registries from excavation: 1985-2016,"OCHRE link: <a href=""https://pi.lib.uchicago.edu/1001/org/ochre/4d7df948-8445-6070-0495-fc33d5d275dc"">https://pi.lib.uchicago.edu/1001/org/ochre/4d7df948-8445-6070-0495-fc33d5d275dc</a>"
50.49 Pottery Registry 195 (F).pdf,50.49 Pottery Registry 195 (F).jpg,https://pi.lib.uchicago.edu/1001/org/ochre/4b25d18e-9e64-d9be-eedf-b2cd49d5a58c,Pottery Registry: Dataset 1,Pottery registries from excavation: 1985-2016,"OCHRE link: <a href=""https://pi.lib.uchicago.edu/1001/org/ochre/4b25d18e-9e64-d9be-eedf-b2cd49d5a58c"">https://pi.lib.uchicago.edu/1001/org/ochre/4b25d18e-9e64-d9be-eedf-b2cd49d5a58c</a>"
50.49 Pottery Registry 195 (L).pdf,50.49 Pottery Registry 195 (L).jpg,https://pi.lib.uchicago.edu/1001/org/ochre/0514da92-ab5c-7502-21bb-6ea34ed2c1ab,Pottery Registry: Dataset 1,Pottery registries from excavation: 1985-2016,"OCHRE link: <a href=""https://pi.lib.uchicago.edu/1001/org/ochre/0514da92-ab5c-7502-21bb-6ea34ed2c1ab"">https://pi.lib.uchicago.edu/1001/org/ochre/0514da92-ab5c-7502-21bb-6ea34ed2c1ab</a>"
50.49 Pottery Registry 224 (L).pdf,50.49 Pottery Registry 224 (L).jpg,https://pi.lib.uchicago.edu/1001/org/ochre/3b18385e-f188-0b60-fb61-94dd26846236,Pottery Registry: Dataset 1,Pottery registries from excavation: 1985-2016,"OCHRE link: <a href=""https://pi.lib.uchicago.edu/1001/org/ochre/3b18385e-f188-0b60-fb61-94dd26846236"">https://pi.lib.uchicago.edu/1001/org/ochre/3b18385e-f188-0b60-fb61-94dd26846236</a>"
50.49 Pottery Registry 225 (L).pdf,50.49 Pottery Registry 225 (L).jpg,https://pi.lib.uchicago.edu/1001/org/ochre/47dc0575-4be0-fef4-7da2-7019a30267b9,Pottery Registry: Dataset 1,Pottery registries from excavation: 1985-2016,"OCHRE link: <a href=""https://pi.lib.uchicago.edu/1001/org/ochre/47dc0575-4be0-fef4-7da2-7019a30267b9"">https://pi.lib.uchicago.edu/1001/org/ochre/47dc0575-4be0-fef4-7da2-7019a30267b9</a>"
50.49 Pottery Registry 227 (L).pdf,50.49 Pottery Registry 227 (L).jpg,https://pi.lib.uchicago.edu/1001/org/ochre/351289d2-05b8-e157-8212-24a9c86a0389,Pottery Registry: Dataset 1,Pottery registries from excavation: 1985-2016,"OCHRE link: <a href=""https://pi.lib.uchicago.edu/1001/org/ochre/351289d2-05b8-e157-8212-24a9c86a0389"">https://pi.lib.uchicago.edu/1001/org/ochre/351289d2-05b8-e157-8212-24a9c86a0389</a>"
50.49 Pottery Registry 229 (L).pdf,50.49 Pottery Registry 229 (L).jpg,https://pi.lib.uchicago.edu/1001/org/ochre/bd5b1078-5be6-7e8c-9fcc-ae2852603979,Pottery Registry: Dataset 1,Pottery registries from excavation: 1985-2016,"OCHRE link: <a href=""https://pi.lib.uchicago.edu/1001/org/ochre/bd5b1078-5be6-7e8c-9fcc-ae2852603979"">https://pi.lib.uchicago.edu/1001/org/ochre/bd5b1078-5be6-7e8c-9fcc-ae2852603979</a>"
50.49 Pottery Registry 231 (L).pdf,50.49 Pottery Registry 231 (L).jpg,https://pi.lib.uchicago.edu/1001/org/ochre/8508f8ad-be58-2ef4-b7a0-927973375f99,Pottery Registry: Dataset 1,Pottery registries from excavation: 1985-2016,"OCHRE link: <a href=""https://pi.lib.uchicago.edu/1001/org/ochre/8508f8ad-be58-2ef4-b7a0-927973375f99"">https://pi.lib.uchicago.edu/1001/org/ochre/8508f8ad-be58-2ef4-b7a0-927973375f99</a>"
50.49 Pottery Registry 232 (L).pdf,50.49 Pottery Registry 232 (L).jpg,https://pi.lib.uchicago.edu/1001/org/ochre/af87acd0-5a4e-4ef6-59b5-3659c81cc829,Pottery Registry: Dataset 1,Pottery registries from excavation: 1985-2016,"OCHRE link: <a href=""https://pi.lib.uchicago.edu/1001/org/ochre/af87acd0-5a4e-4ef6-59b5-3659c81cc829"">https://pi.lib.uchicago.edu/1001/org/ochre/af87acd0-5a4e-4ef6-59b5-3659c81cc829</a>"
50.49 Pottery Registry 235 (L).pdf,50.49 Pottery Registry 235 (L).jpg,https://pi.lib.uchicago.edu/1001/org/ochre/d44d0af7-648c-bff3-a263-c579ae8a3cbc,Pottery Registry: Dataset 1,Pottery registries from excavation: 1985-2016,"OCHRE link: <a href=""https://pi.lib.uchicago.edu/1001/org/ochre/d44d0af7-648c-bff3-a263-c579ae8a3cbc"">https://pi.lib.uchicago.edu/1001/org/ochre/d44d0af7-648c-bff3-a263-c579ae8a3cbc</a>"
50.49 Pottery Registry 236 (L).pdf,50.49 Pottery Registry 236 (L).jpg,https://pi.lib.uchicago.edu/1001/org/ochre/297f3369-dd24-82d6-2ad8-7dfcc22f0255,Pottery Registry: Dataset 1,Pottery registries from excavation: 1985-2016,"OCHRE link: <a href=""https://pi.lib.uchicago.edu/1001/org/ochre/297f3369-dd24-82d6-2ad8-7dfcc22f0255"">https://pi.lib.uchicago.edu/1001/org/ochre/297f3369-dd24-82d6-2ad8-7dfcc22f0255</a>"
50.49 Pottery Registry 238 (L).pdf,50.49 Pottery Registry 238 (L).jpg,https://pi.lib.uchicago.edu/1001/org/ochre/a1fbf538-fca3-e76a-b4d4-6b3a3591decb,Pottery Registry: Dataset 1,Pottery registries from excavation: 1985-2016,"OCHRE link: <a href=""https://pi.lib.uchicago.edu/1001/org/ochre/a1fbf538-fca3-e76a-b4d4-6b3a3591decb"">https://pi.lib.uchicago.edu/1001/org/ochre/a1fbf538-fca3-e76a-b4d4-6b3a3591decb</a>"
50.49 Pottery Registry 240 (L).pdf,50.49 Pottery Registry 240 (L).jpg,https://pi.lib.uchicago.edu/1001/org/ochre/b90fed84-c385-27f0-b348-17bfd45e4ab9,Pottery Registry: Dataset 1,Pottery registries from excavation: 1985-2016,"OCHRE link: <a href=""https://pi.lib.uchicago.edu/1001/org/ochre/b90fed84-c385-27f0-b348-17bfd45e4ab9"">https://pi.lib.uchicago.edu/1001/org/ochre/b90fed84-c385-27f0-b348-17bfd45e4ab9</a>"
50.49 Pottery Registry 243 (F).pdf,50.49 Pottery Registry 243 (F).jpg,https://pi.lib.uchicago.edu/1001/org/ochre/e13c4331-2ffc-b39f-bab9-21f2a27f1f55,Pottery Registry: Dataset 1,Pottery registries from excavation: 1985-2016,"OCHRE link: <a href=""https://pi.lib.uchicago.edu/1001/org/ochre/e13c4331-2ffc-b39f-bab9-21f2a27f1f55"">https://pi.lib.uchicago.edu/1001/org/ochre/e13c4331-2ffc-b39f-bab9-21f2a27f1f55</a>"
50.49 Pottery Registry 250 (L).pdf,50.49 Pottery Registry 250 (L).jpg,https://pi.lib.uchicago.edu/1001/org/ochre/08b58d44-c584-8bbb-e2e2-73af51572879,Pottery Registry: Dataset 1,Pottery registries from excavation: 1985-2016,"OCHRE link: <a href=""https://pi.lib.uchicago.edu/1001/org/ochre/08b58d44-c584-8bbb-e2e2-73af51572879"">https://pi.lib.uchicago.edu/1001/org/ochre/08b58d44-c584-8bbb-e2e2-73af51572879</a>"
50.49 Pottery Registry 257 (L).pdf,50.49 Pottery Registry 257 (L).jpg,https://pi.lib.uchicago.edu/1001/org/ochre/aabe128b-7d3b-b3c4-5357-c67c4a2e5939,Pottery Registry: Dataset 1,Pottery registries from excavation: 1985-2016,"OCHRE link: <a href=""https://pi.lib.uchicago.edu/1001/org/ochre/aabe128b-7d3b-b3c4-5357-c67c4a2e5939"">https://pi.lib.uchicago.edu/1001/org/ochre/aabe128b-7d3b-b3c4-5357-c67c4a2e5939</a>"
50.49 Pottery Registry 262 (L).pdf,50.49 Pottery Registry 262 (L).jpg,https://pi.lib.uchicago.edu/1001/org/ochre/6068750f-eca0-abd9-a8df-79f2aca7a15f,Pottery Registry: Dataset 1,Pottery registries from excavation: 1985-2016,"OCHRE link: <a href=""https://pi.lib.uchicago.edu/1001/org/ochre/6068750f-eca0-abd9-a8df-79f2aca7a15f"">https://pi.lib.uchicago.edu/1001/org/ochre/6068750f-eca0-abd9-a8df-79f2aca7a15f</a>"
50.49 Pottery Registry 264 (L).pdf,50.49 Pottery Registry 264 (L).jpg,https://pi.lib.uchicago.edu/1001/org/ochre/98a3216b-866d-6d20-a54b-f30ffe1d4d69,Pottery Registry: Dataset 1,Pottery registries from excavation: 1985-2016,"OCHRE link: <a href=""https://pi.lib.uchicago.edu/1001/org/ochre/98a3216b-866d-6d20-a54b-f30ffe1d4d69"">https://pi.lib.uchicago.edu/1001/org/ochre/98a3216b-866d-6d20-a54b-f30ffe1d4d69</a>"
50.49 Pottery Registry 266 (L).pdf,50.49 Pottery Registry 266 (L).jpg,https://pi.lib.uchicago.edu/1001/org/ochre/e5a6209a-ef71-4436-73c4-4c4c5e31dbc7,Pottery Registry: Dataset 1,Pottery registries from excavation: 1985-2016,"OCHRE link: <a href=""https://pi.lib.uchicago.edu/1001/org/ochre/e5a6209a-ef71-4436-73c4-4c4c5e31dbc7"">https://pi.lib.uchicago.edu/1001/org/ochre/e5a6209a-ef71-4436-73c4-4c4c5e31dbc7</a>"
50.49 Pottery Registry 267 (L).pdf,50.49 Pottery Registry 267 (L).jpg,https://pi.lib.uchicago.edu/1001/org/ochre/d29b4d20-5299-d342-76d8-cf4ddf47cbbf,Pottery Registry: Dataset 1,Pottery registries from excavation: 1985-2016,"OCHRE link: <a href=""https://pi.lib.uchicago.edu/1001/org/ochre/d29b4d20-5299-d342-76d8-cf4ddf47cbbf"">https://pi.lib.uchicago.edu/1001/org/ochre/d29b4d20-5299-d342-76d8-cf4ddf47cbbf</a>"
50.49 Pottery Registry 271 (L).pdf,50.49 Pottery Registry 271 (L).jpg,https://pi.lib.uchicago.edu/1001/org/ochre/d5172398-766a-bd4a-a612-beba145a3a8d,Pottery Registry: Dataset 1,Pottery registries from excavation: 1985-2016,"OCHRE link: <a href=""https://pi.lib.uchicago.edu/1001/org/ochre/d5172398-766a-bd4a-a612-beba145a3a8d"">https://pi.lib.uchicago.edu/1001/org/ochre/d5172398-766a-bd4a-a612-beba145a3a8d</a>"
50.49 Pottery Registry 272 (L).pdf,50.49 Pottery Registry 272 (L).jpg,https://pi.lib.uchicago.edu/1001/org/ochre/52f46009-bbcb-6327-8e07-060c12cd3630,Pottery Registry: Dataset 1,Pottery registries from excavation: 1985-2016,"OCHRE link: <a href=""https://pi.lib.uchicago.edu/1001/org/ochre/52f46009-bbcb-6327-8e07-060c12cd3630"">https://pi.lib.uchicago.edu/1001/org/ochre/52f46009-bbcb-6327-8e07-060c12cd3630</a>"
50.49 Pottery Registry 275 (L).pdf,50.49 Pottery Registry 275 (L).jpg,https://pi.lib.uchicago.edu/1001/org/ochre/cba9f35a-6e0c-7dae-9b35-bdd09e00ba20,Pottery Registry: Dataset 1,Pottery registries from excavation: 1985-2016,"OCHRE link: <a href=""https://pi.lib.uchicago.edu/1001/org/ochre/cba9f35a-6e0c-7dae-9b35-bdd09e00ba20"">https://pi.lib.uchicago.edu/1001/org/ochre/cba9f35a-6e0c-7dae-9b35-bdd09e00ba20</a>"
50.49 Pottery Registry 280 (L).pdf,50.49 Pottery Registry 280 (L).jpg,https://pi.lib.uchicago.edu/1001/org/ochre/5f012aa0-e4ea-5e89-c681-38e8e5222ab4,Pottery Registry: Dataset 1,Pottery registries from excavation: 1985-2016,"OCHRE link: <a href=""https://pi.lib.uchicago.edu/1001/org/ochre/5f012aa0-e4ea-5e89-c681-38e8e5222ab4"">https://pi.lib.uchicago.edu/1001/org/ochre/5f012aa0-e4ea-5e89-c681-38e8e5222ab4</a>"
50.49 Pottery Registry 281 (L).pdf,50.49 Pottery Registry 281 (L).jpg,https://pi.lib.uchicago.edu/1001/org/ochre/e67c2b3c-4513-762e-65e3-50eb268fef2f,Pottery Registry: Dataset 1,Pottery registries from excavation: 1985-2016,"OCHRE link: <a href=""https://pi.lib.uchicago.edu/1001/org/ochre/e67c2b3c-4513-762e-65e3-50eb268fef2f"">https://pi.lib.uchicago.edu/1001/org/ochre/e67c2b3c-4513-762e-65e3-50eb268fef2f</a>"
50.49 Pottery Registry 286 (L).pdf,50.49 Pottery Registry 286 (L).jpg,https://pi.lib.uchicago.edu/1001/org/ochre/94800473-c747-da5e-3390-b201ccf79f63,Pottery Registry: Dataset 1,Pottery registries from excavation: 1985-2016,"OCHRE link: <a href=""https://pi.lib.uchicago.edu/1001/org/ochre/94800473-c747-da5e-3390-b201ccf79f63"">https://pi.lib.uchicago.edu/1001/org/ochre/94800473-c747-da5e-3390-b201ccf79f63</a>"
50.49 Pottery Registry 288 (L).pdf,50.49 Pottery Registry 288 (L).jpg,https://pi.lib.uchicago.edu/1001/org/ochre/11bd2dd1-2d37-6053-01bb-655d405fbe94,Pottery Registry: Dataset 1,Pottery registries from excavation: 1985-2016,"OCHRE link: <a href=""https://pi.lib.uchicago.edu/1001/org/ochre/11bd2dd1-2d37-6053-01bb-655d405fbe94"">https://pi.lib.uchicago.edu/1001/org/ochre/11bd2dd1-2d37-6053-01bb-655d405fbe94</a>"
50.49 Pottery Registry 293 (L).pdf,50.49 Pottery Registry 293 (L).jpg,https://pi.lib.uchicago.edu/1001/org/ochre/ec742028-cca4-30bc-949c-cc4fb18d8831,Pottery Registry: Dataset 1,Pottery registries from excavation: 1985-2016,"OCHRE link: <a href=""https://pi.lib.uchicago.edu/1001/org/ochre/ec742028-cca4-30bc-949c-cc4fb18d8831"">https://pi.lib.uchicago.edu/1001/org/ochre/ec742028-cca4-30bc-949c-cc4fb18d8831</a>"
50.49 Pottery Registry 299 (LF).pdf,50.49 Pottery Registry 299 (LF).jpg,https://pi.lib.uchicago.edu/1001/org/ochre/a2310826-d705-71e3-7d17-efd5c53139af,Pottery Registry: Dataset 1,Pottery registries from excavation: 1985-2016,"OCHRE link: <a href=""https://pi.lib.uchicago.edu/1001/org/ochre/a2310826-d705-71e3-7d17-efd5c53139af"">https://pi.lib.uchicago.edu/1001/org/ochre/a2310826-d705-71e3-7d17-efd5c53139af</a>"
50.49 Pottery Registry 304 (L).pdf,50.49 Pottery Registry 304 (L).jpg,https://pi.lib.uchicago.edu/1001/org/ochre/970399fc-3f16-fa06-5315-a7507fea1214,Pottery Registry: Dataset 1,Pottery registries from excavation: 1985-2016,"OCHRE link: <a href=""https://pi.lib.uchicago.edu/1001/org/ochre/970399fc-3f16-fa06-5315-a7507fea1214"">https://pi.lib.uchicago.edu/1001/org/ochre/970399fc-3f16-fa06-5315-a7507fea1214</a>"
50.49 Pottery Registry 306 (L).pdf,50.49 Pottery Registry 306 (L).jpg,https://pi.lib.uchicago.edu/1001/org/ochre/0f487f47-2caa-fbb4-4927-dbeb39286cb7,Pottery Registry: Dataset 1,Pottery registries from excavation: 1985-2016,"OCHRE link: <a href=""https://pi.lib.uchicago.edu/1001/org/ochre/0f487f47-2caa-fbb4-4927-dbeb39286cb7"">https://pi.lib.uchicago.edu/1001/org/ochre/0f487f47-2caa-fbb4-4927-dbeb39286cb7</a>"
50.49 Pottery Registry 307 (L).pdf,50.49 Pottery Registry 307 (L).jpg,https://pi.lib.uchicago.edu/1001/org/ochre/d26f4b79-fae8-ce4f-978e-5949ca403f5e,Pottery Registry: Dataset 1,Pottery registries from excavation: 1985-2016,"OCHRE link: <a href=""https://pi.lib.uchicago.edu/1001/org/ochre/d26f4b79-fae8-ce4f-978e-5949ca403f5e"">https://pi.lib.uchicago.edu/1001/org/ochre/d26f4b79-fae8-ce4f-978e-5949ca403f5e</a>"
50.49 Pottery Registry 308 (L).pdf,50.49 Pottery Registry 308 (L).jpg,https://pi.lib.uchicago.edu/1001/org/ochre/208eef40-57e4-a5b8-1a6b-afd46ae25cf7,Pottery Registry: Dataset 1,Pottery registries from excavation: 1985-2016,"OCHRE link: <a href=""https://pi.lib.uchicago.edu/1001/org/ochre/208eef40-57e4-a5b8-1a6b-afd46ae25cf7"">https://pi.lib.uchicago.edu/1001/org/ochre/208eef40-57e4-a5b8-1a6b-afd46ae25cf7</a>"
50.49 Pottery Registry 312 (L).pdf,50.49 Pottery Registry 312 (L).jpg,https://pi.lib.uchicago.edu/1001/org/ochre/988496cd-13f0-e9f8-2e90-daa1c124298a,Pottery Registry: Dataset 1,Pottery registries from excavation: 1985-2016,"OCHRE link: <a href=""https://pi.lib.uchicago.edu/1001/org/ochre/988496cd-13f0-e9f8-2e90-daa1c124298a"">https://pi.lib.uchicago.edu/1001/org/ochre/988496cd-13f0-e9f8-2e90-daa1c124298a</a>"
50.49 Pottery Registry 318 (L).pdf,50.49 Pottery Registry 318 (L).jpg,https://pi.lib.uchicago.edu/1001/org/ochre/73020281-9683-f35e-2fbc-cc97052e64b6,Pottery Registry: Dataset 1,Pottery registries from excavation: 1985-2016,"OCHRE link: <a href=""https://pi.lib.uchicago.edu/1001/org/ochre/73020281-9683-f35e-2fbc-cc97052e64b6"">https://pi.lib.uchicago.edu/1001/org/ochre/73020281-9683-f35e-2fbc-cc97052e64b6</a>"
50.49 Pottery Registry 320 (L).pdf,50.49 Pottery Registry 320 (L).jpg,https://pi.lib.uchicago.edu/1001/org/ochre/d99d3b90-7cc2-faaf-3cca-40d455ee2fa2,Pottery Registry: Dataset 1,Pottery registries from excavation: 1985-2016,"OCHRE link: <a href=""https://pi.lib.uchicago.edu/1001/org/ochre/d99d3b90-7cc2-faaf-3cca-40d455ee2fa2"">https://pi.lib.uchicago.edu/1001/org/ochre/d99d3b90-7cc2-faaf-3cca-40d455ee2fa2</a>"
50.49 Pottery Registry 321 (L).pdf,50.49 Pottery Registry 321 (L).jpg,https://pi.lib.uchicago.edu/1001/org/ochre/d0d120f6-7d05-bbe2-0945-f73e5ddef2ac,Pottery Registry: Dataset 1,Pottery registries from excavation: 1985-2016,"OCHRE link: <a href=""https://pi.lib.uchicago.edu/1001/org/ochre/d0d120f6-7d05-bbe2-0945-f73e5ddef2ac"">https://pi.lib.uchicago.edu/1001/org/ochre/d0d120f6-7d05-bbe2-0945-f73e5ddef2ac</a>"
50.49 Pottery Registry 322 (L).pdf,50.49 Pottery Registry 322 (L).jpg,https://pi.lib.uchicago.edu/1001/org/ochre/5b772f1e-18aa-0041-5aba-82caa0b0c193,Pottery Registry: Dataset 1,Pottery registries from excavation: 1985-2016,"OCHRE link: <a href=""https://pi.lib.uchicago.edu/1001/org/ochre/5b772f1e-18aa-0041-5aba-82caa0b0c193"">https://pi.lib.uchicago.edu/1001/org/ochre/5b772f1e-18aa-0041-5aba-82caa0b0c193</a>"
50.49 Pottery Registry 323 (L).pdf,50.49 Pottery Registry 323 (L).jpg,https://pi.lib.uchicago.edu/1001/org/ochre/a47402db-2f06-bc8a-9089-437204ccbd5e,Pottery Registry: Dataset 1,Pottery registries from excavation: 1985-2016,"OCHRE link: <a href=""https://pi.lib.uchicago.edu/1001/org/ochre/a47402db-2f06-bc8a-9089-437204ccbd5e"">https://pi.lib.uchicago.edu/1001/org/ochre/a47402db-2f06-bc8a-9089-437204ccbd5e</a>"
50.49 Pottery Registry 353 (L).pdf,50.49 Pottery Registry 353 (L).jpg,https://pi.lib.uchicago.edu/1001/org/ochre/53259897-32ae-143a-6096-f7afa060afbc,Pottery Registry: Dataset 1,Pottery registries from excavation: 1985-2016,"OCHRE link: <a href=""https://pi.lib.uchicago.edu/1001/org/ochre/53259897-32ae-143a-6096-f7afa060afbc"">https://pi.lib.uchicago.edu/1001/org/ochre/53259897-32ae-143a-6096-f7afa060afbc</a>"
50.49 Pottery Registry 364 (L).pdf,50.49 Pottery Registry 364 (L).jpg,https://pi.lib.uchicago.edu/1001/org/ochre/ee6809bf-5272-bc4e-ecaf-9760fbacde8d,Pottery Registry: Dataset 1,Pottery registries from excavation: 1985-2016,"OCHRE link: <a href=""https://pi.lib.uchicago.edu/1001/org/ochre/ee6809bf-5272-bc4e-ecaf-9760fbacde8d"">https://pi.lib.uchicago.edu/1001/org/ochre/ee6809bf-5272-bc4e-ecaf-9760fbacde8d</a>"
50.49 Pottery Registry 373 (L).pdf,50.49 Pottery Registry 373 (L).jpg,https://pi.lib.uchicago.edu/1001/org/ochre/2571d90a-5de4-d094-034b-c8fba86bde2f,Pottery Registry: Dataset 1,Pottery registries from excavation: 1985-2016,"OCHRE link: <a href=""https://pi.lib.uchicago.edu/1001/org/ochre/2571d90a-5de4-d094-034b-c8fba86bde2f"">https://pi.lib.uchicago.edu/1001/org/ochre/2571d90a-5de4-d094-034b-c8fba86bde2f</a>"
50.49 Pottery Registry 374 (L).pdf,50.49 Pottery Registry 374 (L).jpg,https://pi.lib.uchicago.edu/1001/org/ochre/5557dc43-25c9-3bc5-d18b-832108509103,Pottery Registry: Dataset 1,Pottery registries from excavation: 1985-2016,"OCHRE link: <a href=""https://pi.lib.uchicago.edu/1001/org/ochre/5557dc43-25c9-3bc5-d18b-832108509103"">https://pi.lib.uchicago.edu/1001/org/ochre/5557dc43-25c9-3bc5-d18b-832108509103</a>"
50.49 Pottery Registry 384 (L).pdf,50.49 Pottery Registry 384 (L).jpg,https://pi.lib.uchicago.edu/1001/org/ochre/0fdf9ea1-4687-4c9e-880a-fef1f0a7cb87,Pottery Registry: Dataset 1,Pottery registries from excavation: 1985-2016,"OCHRE link: <a href=""https://pi.lib.uchicago.edu/1001/org/ochre/0fdf9ea1-4687-4c9e-880a-fef1f0a7cb87"">https://pi.lib.uchicago.edu/1001/org/ochre/0fdf9ea1-4687-4c9e-880a-fef1f0a7cb87</a>"
50.49 Pottery Registry 388 (L).pdf,50.49 Pottery Registry 388 (L).jpg,https://pi.lib.uchicago.edu/1001/org/ochre/612222df-9e36-1c7a-215c-b03e82f4b9f7,Pottery Registry: Dataset 1,Pottery registries from excavation: 1985-2016,"OCHRE link: <a href=""https://pi.lib.uchicago.edu/1001/org/ochre/612222df-9e36-1c7a-215c-b03e82f4b9f7"">https://pi.lib.uchicago.edu/1001/org/ochre/612222df-9e36-1c7a-215c-b03e82f4b9f7</a>"
50.49 Pottery Registry 389 (L).pdf,50.49 Pottery Registry 389 (L).jpg,https://pi.lib.uchicago.edu/1001/org/ochre/4ed8dd06-d1f7-2f61-b583-e96e45fa6900,Pottery Registry: Dataset 1,Pottery registries from excavation: 1985-2016,"OCHRE link: <a href=""https://pi.lib.uchicago.edu/1001/org/ochre/4ed8dd06-d1f7-2f61-b583-e96e45fa6900"">https://pi.lib.uchicago.edu/1001/org/ochre/4ed8dd06-d1f7-2f61-b583-e96e45fa6900</a>"
50.49 Pottery Registry 392 (L).pdf,50.49 Pottery Registry 392 (L).jpg,https://pi.lib.uchicago.edu/1001/org/ochre/6e12da84-984d-68f1-a14e-3cdd686f92a5,Pottery Registry: Dataset 1,Pottery registries from excavation: 1985-2016,"OCHRE link: <a href=""https://pi.lib.uchicago.edu/1001/org/ochre/6e12da84-984d-68f1-a14e-3cdd686f92a5"">https://pi.lib.uchicago.edu/1001/org/ochre/6e12da84-984d-68f1-a14e-3cdd686f92a5</a>"
50.49 Pottery Registry 411 (L).pdf,50.49 Pottery Registry 411 (L).jpg,https://pi.lib.uchicago.edu/1001/org/ochre/025c6a11-8dd3-dd75-98a0-9507a7991224,Pottery Registry: Dataset 1,Pottery registries from excavation: 1985-2016,"OCHRE link: <a href=""https://pi.lib.uchicago.edu/1001/org/ochre/025c6a11-8dd3-dd75-98a0-9507a7991224"">https://pi.lib.uchicago.edu/1001/org/ochre/025c6a11-8dd3-dd75-98a0-9507a7991224</a>"
50.49 Pottery Registry 418 (L).pdf,50.49 Pottery Registry 418 (L).jpg,https://pi.lib.uchicago.edu/1001/org/ochre/daac9c5d-99a0-8b8c-27c7-15c49f828ed6,Pottery Registry: Dataset 1,Pottery registries from excavation: 1985-2016,"OCHRE link: <a href=""https://pi.lib.uchicago.edu/1001/org/ochre/daac9c5d-99a0-8b8c-27c7-15c49f828ed6"">https://pi.lib.uchicago.edu/1001/org/ochre/daac9c5d-99a0-8b8c-27c7-15c49f828ed6</a>"
50.49 Pottery Registry 423 (L).pdf,50.49 Pottery Registry 423 (L).jpg,https://pi.lib.uchicago.edu/1001/org/ochre/461dabbf-7cac-3f13-ba39-121bf58a27db,Pottery Registry: Dataset 1,Pottery registries from excavation: 1985-2016,"OCHRE link: <a href=""https://pi.lib.uchicago.edu/1001/org/ochre/461dabbf-7cac-3f13-ba39-121bf58a27db"">https://pi.lib.uchicago.edu/1001/org/ochre/461dabbf-7cac-3f13-ba39-121bf58a27db</a>"
50.49 Pottery Registry 425 (L).pdf,50.49 Pottery Registry 425 (L).jpg,https://pi.lib.uchicago.edu/1001/org/ochre/69453919-357d-1bbd-6dd1-6c917c7c5a97,Pottery Registry: Dataset 1,Pottery registries from excavation: 1985-2016,"OCHRE link: <a href=""https://pi.lib.uchicago.edu/1001/org/ochre/69453919-357d-1bbd-6dd1-6c917c7c5a97"">https://pi.lib.uchicago.edu/1001/org/ochre/69453919-357d-1bbd-6dd1-6c917c7c5a97</a>"
50.49 Pottery Registry 432 (L).pdf,50.49 Pottery Registry 432 (L).jpg,https://pi.lib.uchicago.edu/1001/org/ochre/462af1aa-1b81-2582-b5e3-4d97a9fb00eb,Pottery Registry: Dataset 1,Pottery registries from excavation: 1985-2016,"OCHRE link: <a href=""https://pi.lib.uchicago.edu/1001/org/ochre/462af1aa-1b81-2582-b5e3-4d97a9fb00eb"">https://pi.lib.uchicago.edu/1001/org/ochre/462af1aa-1b81-2582-b5e3-4d97a9fb00eb</a>"
50.49 Pottery Registry 435 (F).pdf,50.49 Pottery Registry 435 (F).jpg,https://pi.lib.uchicago.edu/1001/org/ochre/505d0403-43e7-940b-5de8-d7480e4ebbb2,Pottery Registry: Dataset 1,Pottery registries from excavation: 1985-2016,"OCHRE link: <a href=""https://pi.lib.uchicago.edu/1001/org/ochre/505d0403-43e7-940b-5de8-d7480e4ebbb2"">https://pi.lib.uchicago.edu/1001/org/ochre/505d0403-43e7-940b-5de8-d7480e4ebbb2</a>"
50.49 Pottery Registry 440 (L).pdf,50.49 Pottery Registry 440 (L).jpg,https://pi.lib.uchicago.edu/1001/org/ochre/0f96fac9-cc0d-fbdc-d750-1335e534099c,Pottery Registry: Dataset 1,Pottery registries from excavation: 1985-2016,"OCHRE link: <a href=""https://pi.lib.uchicago.edu/1001/org/ochre/0f96fac9-cc0d-fbdc-d750-1335e534099c"">https://pi.lib.uchicago.edu/1001/org/ochre/0f96fac9-cc0d-fbdc-d750-1335e534099c</a>"
50.49 Pottery Registry 449 (L).pdf,50.49 Pottery Registry 449 (L).jpg,https://pi.lib.uchicago.edu/1001/org/ochre/76cee5a4-ad88-b4ca-6c96-754e1d083147,Pottery Registry: Dataset 1,Pottery registries from excavation: 1985-2016,"OCHRE link: <a href=""https://pi.lib.uchicago.edu/1001/org/ochre/76cee5a4-ad88-b4ca-6c96-754e1d083147"">https://pi.lib.uchicago.edu/1001/org/ochre/76cee5a4-ad88-b4ca-6c96-754e1d083147</a>"
50.49 Pottery Registry 451 (L).pdf,50.49 Pottery Registry 451 (L).jpg,https://pi.lib.uchicago.edu/1001/org/ochre/451f1ac3-7bb0-7458-66a3-b6ab81d02913,Pottery Registry: Dataset 1,Pottery registries from excavation: 1985-2016,"OCHRE link: <a href=""https://pi.lib.uchicago.edu/1001/org/ochre/451f1ac3-7bb0-7458-66a3-b6ab81d02913"">https://pi.lib.uchicago.edu/1001/org/ochre/451f1ac3-7bb0-7458-66a3-b6ab81d02913</a>"
50.49 Pottery Registry 453 (L).pdf,50.49 Pottery Registry 453 (L).jpg,https://pi.lib.uchicago.edu/1001/org/ochre/48396c1d-4e22-8e5b-8e7e-7aa58b6b8756,Pottery Registry: Dataset 1,Pottery registries from excavation: 1985-2016,"OCHRE link: <a href=""https://pi.lib.uchicago.edu/1001/org/ochre/48396c1d-4e22-8e5b-8e7e-7aa58b6b8756"">https://pi.lib.uchicago.edu/1001/org/ochre/48396c1d-4e22-8e5b-8e7e-7aa58b6b8756</a>"
50.49 Pottery Registry 456 (L).pdf,50.49 Pottery Registry 456 (L).jpg,https://pi.lib.uchicago.edu/1001/org/ochre/464faa2f-069c-a99e-e1ef-2ec412094408,Pottery Registry: Dataset 1,Pottery registries from excavation: 1985-2016,"OCHRE link: <a href=""https://pi.lib.uchicago.edu/1001/org/ochre/464faa2f-069c-a99e-e1ef-2ec412094408"">https://pi.lib.uchicago.edu/1001/org/ochre/464faa2f-069c-a99e-e1ef-2ec412094408</a>"
50.49 Pottery Registry 473 (L).pdf,50.49 Pottery Registry 473 (L).jpg,https://pi.lib.uchicago.edu/1001/org/ochre/032b3830-88e5-c4be-14ea-2afed6c9301a,Pottery Registry: Dataset 1,Pottery registries from excavation: 1985-2016,"OCHRE link: <a href=""https://pi.lib.uchicago.edu/1001/org/ochre/032b3830-88e5-c4be-14ea-2afed6c9301a"">https://pi.lib.uchicago.edu/1001/org/ochre/032b3830-88e5-c4be-14ea-2afed6c9301a</a>"
50.49 Pottery Registry 475 (L).pdf,50.49 Pottery Registry 475 (L).jpg,https://pi.lib.uchicago.edu/1001/org/ochre/2ce643df-c61c-60a4-0a62-88f5aff95d22,Pottery Registry: Dataset 1,Pottery registries from excavation: 1985-2016,"OCHRE link: <a href=""https://pi.lib.uchicago.edu/1001/org/ochre/2ce643df-c61c-60a4-0a62-88f5aff95d22"">https://pi.lib.uchicago.edu/1001/org/ochre/2ce643df-c61c-60a4-0a62-88f5aff95d22</a>"
50.49 Pottery Registry 477 (L).pdf,50.49 Pottery Registry 477 (L).jpg,https://pi.lib.uchicago.edu/1001/org/ochre/6fa7c358-5128-4ce9-60f7-1922ef4ec0ad,Pottery Registry: Dataset 1,Pottery registries from excavation: 1985-2016,"OCHRE link: <a href=""https://pi.lib.uchicago.edu/1001/org/ochre/6fa7c358-5128-4ce9-60f7-1922ef4ec0ad"">https://pi.lib.uchicago.edu/1001/org/ochre/6fa7c358-5128-4ce9-60f7-1922ef4ec0ad</a>"
50.49 Pottery Registry 478 (L).pdf,50.49 Pottery Registry 478 (L).jpg,https://pi.lib.uchicago.edu/1001/org/ochre/c13d64d2-16f4-9d54-b1e7-6e7b5a74a3f3,Pottery Registry: Dataset 1,Pottery registries from excavation: 1985-2016,"OCHRE link: <a href=""https://pi.lib.uchicago.edu/1001/org/ochre/c13d64d2-16f4-9d54-b1e7-6e7b5a74a3f3"">https://pi.lib.uchicago.edu/1001/org/ochre/c13d64d2-16f4-9d54-b1e7-6e7b5a74a3f3</a>"
50.49 Pottery Registry 482 (L).pdf,50.49 Pottery Registry 482 (L).jpg,https://pi.lib.uchicago.edu/1001/org/ochre/991ed6df-a0a2-e86b-7e96-be00ff7deb40,Pottery Registry: Dataset 1,Pottery registries from excavation: 1985-2016,"OCHRE link: <a href=""https://pi.lib.uchicago.edu/1001/org/ochre/991ed6df-a0a2-e86b-7e96-be00ff7deb40"">https://pi.lib.uchicago.edu/1001/org/ochre/991ed6df-a0a2-e86b-7e96-be00ff7deb40</a>"
50.49 Pottery Registry 486 (L).pdf,50.49 Pottery Registry 486 (L).jpg,https://pi.lib.uchicago.edu/1001/org/ochre/ba8bc4ac-f63e-e08b-13fa-88df9829a0a4,Pottery Registry: Dataset 1,Pottery registries from excavation: 1985-2016,"OCHRE link: <a href=""https://pi.lib.uchicago.edu/1001/org/ochre/ba8bc4ac-f63e-e08b-13fa-88df9829a0a4"">https://pi.lib.uchicago.edu/1001/org/ochre/ba8bc4ac-f63e-e08b-13fa-88df9829a0a4</a>"
50.49 Pottery Registry 491 (L).pdf,50.49 Pottery Registry 491 (L).jpg,https://pi.lib.uchicago.edu/1001/org/ochre/a21049c8-4ede-dc55-d95a-3e9c053249d2,Pottery Registry: Dataset 1,Pottery registries from excavation: 1985-2016,"OCHRE link: <a href=""https://pi.lib.uchicago.edu/1001/org/ochre/a21049c8-4ede-dc55-d95a-3e9c053249d2"">https://pi.lib.uchicago.edu/1001/org/ochre/a21049c8-4ede-dc55-d95a-3e9c053249d2</a>"
50.49 Pottery Registry 495 (L).pdf,50.49 Pottery Registry 495 (L).jpg,https://pi.lib.uchicago.edu/1001/org/ochre/fe963d06-3d0c-7aac-b6c6-0b7e7e7a3cd8,Pottery Registry: Dataset 1,Pottery registries from excavation: 1985-2016,"OCHRE link: <a href=""https://pi.lib.uchicago.edu/1001/org/ochre/fe963d06-3d0c-7aac-b6c6-0b7e7e7a3cd8"">https://pi.lib.uchicago.edu/1001/org/ochre/fe963d06-3d0c-7aac-b6c6-0b7e7e7a3cd8</a>"
50.49 Pottery Registry 497 (L).pdf,50.49 Pottery Registry 497 (L).jpg,https://pi.lib.uchicago.edu/1001/org/ochre/95fce852-59ea-0410-9dfa-62561852bde1,Pottery Registry: Dataset 1,Pottery registries from excavation: 1985-2016,"OCHRE link: <a href=""https://pi.lib.uchicago.edu/1001/org/ochre/95fce852-59ea-0410-9dfa-62561852bde1"">https://pi.lib.uchicago.edu/1001/org/ochre/95fce852-59ea-0410-9dfa-62561852bde1</a>"
50.49 Pottery Registry 498 (L).pdf,50.49 Pottery Registry 498 (L).jpg,https://pi.lib.uchicago.edu/1001/org/ochre/0d93faa8-4e49-5b6d-a1ae-ae3665eeb051,Pottery Registry: Dataset 1,Pottery registries from excavation: 1985-2016,"OCHRE link: <a href=""https://pi.lib.uchicago.edu/1001/org/ochre/0d93faa8-4e49-5b6d-a1ae-ae3665eeb051"">https://pi.lib.uchicago.edu/1001/org/ochre/0d93faa8-4e49-5b6d-a1ae-ae3665eeb051</a>"
50.49 Pottery Registry 508 (L).pdf,50.49 Pottery Registry 508 (L).jpg,https://pi.lib.uchicago.edu/1001/org/ochre/0bb7ca61-9180-636b-c437-411eda167258,Pottery Registry: Dataset 1,Pottery registries from excavation: 1985-2016,"OCHRE link: <a href=""https://pi.lib.uchicago.edu/1001/org/ochre/0bb7ca61-9180-636b-c437-411eda167258"">https://pi.lib.uchicago.edu/1001/org/ochre/0bb7ca61-9180-636b-c437-411eda167258</a>"
50.49 Pottery Registry 509 (L).pdf,50.49 Pottery Registry 509 (L).jpg,https://pi.lib.uchicago.edu/1001/org/ochre/8f815187-8877-a21f-e7ca-9845f33e38d5,Pottery Registry: Dataset 1,Pottery registries from excavation: 1985-2016,"OCHRE link: <a href=""https://pi.lib.uchicago.edu/1001/org/ochre/8f815187-8877-a21f-e7ca-9845f33e38d5"">https://pi.lib.uchicago.edu/1001/org/ochre/8f815187-8877-a21f-e7ca-9845f33e38d5</a>"
50.49 Pottery Registry Miscellaneous.pdf,50.49 Pottery Registry Miscellaneous.jpg,https://pi.lib.uchicago.edu/1001/org/ochre/b847d1ca-18dd-c20f-f6c2-305c64bf36ec,Pottery Registry: Dataset 1,Pottery registries from excavation: 1985-2016,"OCHRE link: <a href=""https://pi.lib.uchicago.edu/1001/org/ochre/b847d1ca-18dd-c20f-f6c2-305c64bf36ec"">https://pi.lib.uchicago.edu/1001/org/ochre/b847d1ca-18dd-c20f-f6c2-305c64bf36ec</a>"
50.56 Pottery Registry 004 (L).pdf,50.56 Pottery Registry 004 (L).jpg,https://pi.lib.uchicago.edu/1001/org/ochre/e77f8ea8-2f7f-4056-633f-a6e17c408a0d,Pottery Registry: Dataset 1,Pottery registries from excavation: 1985-2016,"OCHRE link: <a href=""https://pi.lib.uchicago.edu/1001/org/ochre/e77f8ea8-2f7f-4056-633f-a6e17c408a0d"">https://pi.lib.uchicago.edu/1001/org/ochre/e77f8ea8-2f7f-4056-633f-a6e17c408a0d</a>"
50.56 Pottery Registry 005 (L St.).pdf,50.56 Pottery Registry 005 (L St.).jpg,https://pi.lib.uchicago.edu/1001/org/ochre/e12db57c-f7db-3965-d35f-497e4bf9f9e3,Pottery Registry: Dataset 1,Pottery registries from excavation: 1985-2016,"OCHRE link: <a href=""https://pi.lib.uchicago.edu/1001/org/ochre/e12db57c-f7db-3965-d35f-497e4bf9f9e3"">https://pi.lib.uchicago.edu/1001/org/ochre/e12db57c-f7db-3965-d35f-497e4bf9f9e3</a>"
50.56 Pottery Registry 005 (L).pdf,50.56 Pottery Registry 005 (L).jpg,https://pi.lib.uchicago.edu/1001/org/ochre/23678c1c-2484-8c6e-1e10-afcdca2b1e46,Pottery Registry: Dataset 2,Pottery registries from excavation: 1985-2016,"OCHRE link: <a href=""https://pi.lib.uchicago.edu/1001/org/ochre/23678c1c-2484-8c6e-1e10-afcdca2b1e46"">https://pi.lib.uchicago.edu/1001/org/ochre/23678c1c-2484-8c6e-1e10-afcdca2b1e46</a>"
50.56 Pottery Registry 159 (L).pdf,50.56 Pottery Registry 159 (L).jpg,https://pi.lib.uchicago.edu/1001/org/ochre/c5224449-154a-e0c5-45b2-bc16833d0b9a,Pottery Registry: Dataset 2,Pottery registries from excavation: 1985-2016,"OCHRE link: <a href=""https://pi.lib.uchicago.edu/1001/org/ochre/c5224449-154a-e0c5-45b2-bc16833d0b9a"">https://pi.lib.uchicago.edu/1001/org/ochre/c5224449-154a-e0c5-45b2-bc16833d0b9a</a>"
50.56 Pottery Registry 190 (L).pdf,50.56 Pottery Registry 190 (L).jpg,https://pi.lib.uchicago.edu/1001/org/ochre/f3553234-35bf-6301-e690-abf19064ac6e,Pottery Registry: Dataset 2,Pottery registries from excavation: 1985-2016,"OCHRE link: <a href=""https://pi.lib.uchicago.edu/1001/org/ochre/f3553234-35bf-6301-e690-abf19064ac6e"">https://pi.lib.uchicago.edu/1001/org/ochre/f3553234-35bf-6301-e690-abf19064ac6e</a>"
50.56 Pottery Registry 197 (L).pdf,50.56 Pottery Registry 197 (L).jpg,https://pi.lib.uchicago.edu/1001/org/ochre/46150793-b714-f13f-18e5-28618c24841b,Pottery Registry: Dataset 2,Pottery registries from excavation: 1985-2016,"OCHRE link: <a href=""https://pi.lib.uchicago.edu/1001/org/ochre/46150793-b714-f13f-18e5-28618c24841b"">https://pi.lib.uchicago.edu/1001/org/ochre/46150793-b714-f13f-18e5-28618c24841b</a>"
50.56 Pottery Registry 203 (L).pdf,50.56 Pottery Registry 203 (L).jpg,https://pi.lib.uchicago.edu/1001/org/ochre/ca571198-984f-7ec3-76a1-77eadd2b80ba,Pottery Registry: Dataset 2,Pottery registries from excavation: 1985-2016,"OCHRE link: <a href=""https://pi.lib.uchicago.edu/1001/org/ochre/ca571198-984f-7ec3-76a1-77eadd2b80ba"">https://pi.lib.uchicago.edu/1001/org/ochre/ca571198-984f-7ec3-76a1-77eadd2b80ba</a>"
50.56 Pottery Registry 205 (L).pdf,50.56 Pottery Registry 205 (L).jpg,https://pi.lib.uchicago.edu/1001/org/ochre/b6636657-35b2-3f23-8c6a-12bfdb63741e,Pottery Registry: Dataset 2,Pottery registries from excavation: 1985-2016,"OCHRE link: <a href=""https://pi.lib.uchicago.edu/1001/org/ochre/b6636657-35b2-3f23-8c6a-12bfdb63741e"">https://pi.lib.uchicago.edu/1001/org/ochre/b6636657-35b2-3f23-8c6a-12bfdb63741e</a>"
50.56 Pottery Registry Miscellaneous.pdf,50.56 Pottery Registry Miscellaneous.jpg,https://pi.lib.uchicago.edu/1001/org/ochre/2c115be5-0430-d4bf-4996-a19ba9c1ba5d,Pottery Registry: Dataset 2,Pottery registries from excavation: 1985-2016,"OCHRE link: <a href=""https://pi.lib.uchicago.edu/1001/org/ochre/2c115be5-0430-d4bf-4996-a19ba9c1ba5d"">https://pi.lib.uchicago.edu/1001/org/ochre/2c115be5-0430-d4bf-4996-a19ba9c1ba5d</a>"
50.57 Pottery Registry 001 (L St.).pdf,50.57 Pottery Registry 001 (L St.).jpg,https://pi.lib.uchicago.edu/1001/org/ochre/915ffc48-5eb5-2284-2960-abe9e1096220,Pottery Registry: Dataset 2,Pottery registries from excavation: 1985-2016,"OCHRE link: <a href=""https://pi.lib.uchicago.edu/1001/org/ochre/915ffc48-5eb5-2284-2960-abe9e1096220"">https://pi.lib.uchicago.edu/1001/org/ochre/915ffc48-5eb5-2284-2960-abe9e1096220</a>"
50.57 Pottery Registry 001 (L).pdf,50.57 Pottery Registry 001 (L).jpg,https://pi.lib.uchicago.edu/1001/org/ochre/0f1cd396-76bd-836c-e9ee-c69e869550a6,Pottery Registry: Dataset 2,Pottery registries from excavation: 1985-2016,"OCHRE link: <a href=""https://pi.lib.uchicago.edu/1001/org/ochre/0f1cd396-76bd-836c-e9ee-c69e869550a6"">https://pi.lib.uchicago.edu/1001/org/ochre/0f1cd396-76bd-836c-e9ee-c69e869550a6</a>"
50.57 Pottery Registry 002 (L St.).pdf,50.57 Pottery Registry 002 (L St.).jpg,https://pi.lib.uchicago.edu/1001/org/ochre/43f933c7-ab55-815c-eec4-30e140838d80,Pottery Registry: Dataset 2,Pottery registries from excavation: 1985-2016,"OCHRE link: <a href=""https://pi.lib.uchicago.edu/1001/org/ochre/43f933c7-ab55-815c-eec4-30e140838d80"">https://pi.lib.uchicago.edu/1001/org/ochre/43f933c7-ab55-815c-eec4-30e140838d80</a>"
50.57 Pottery Registry 002 (L).pdf,50.57 Pottery Registry 002 (L).jpg,https://pi.lib.uchicago.edu/1001/org/ochre/40fe2311-9c59-9b62-997a-b9550709824a,Pottery Registry: Dataset 2,Pottery registries from excavation: 1985-2016,"OCHRE link: <a href=""https://pi.lib.uchicago.edu/1001/org/ochre/40fe2311-9c59-9b62-997a-b9550709824a"">https://pi.lib.uchicago.edu/1001/org/ochre/40fe2311-9c59-9b62-997a-b9550709824a</a>"
50.57 Pottery Registry 003 (L).pdf,50.57 Pottery Registry 003 (L).jpg,https://pi.lib.uchicago.edu/1001/org/ochre/9935026e-bdb9-93f3-45fd-fdcf69466aa7,Pottery Registry: Dataset 2,Pottery registries from excavation: 1985-2016,"OCHRE link: <a href=""https://pi.lib.uchicago.edu/1001/org/ochre/9935026e-bdb9-93f3-45fd-fdcf69466aa7"">https://pi.lib.uchicago.edu/1001/org/ochre/9935026e-bdb9-93f3-45fd-fdcf69466aa7</a>"
50.57 Pottery Registry 004 (L St.).pdf,50.57 Pottery Registry 004 (L St.).jpg,https://pi.lib.uchicago.edu/1001/org/ochre/1cb298b3-5d5c-db6b-7a8c-b827195116e8,Pottery Registry: Dataset 2,Pottery registries from excavation: 1985-2016,"OCHRE link: <a href=""https://pi.lib.uchicago.edu/1001/org/ochre/1cb298b3-5d5c-db6b-7a8c-b827195116e8"">https://pi.lib.uchicago.edu/1001/org/ochre/1cb298b3-5d5c-db6b-7a8c-b827195116e8</a>"
50.57 Pottery Registry 004 (L).pdf,50.57 Pottery Registry 004 (L).jpg,https://pi.lib.uchicago.edu/1001/org/ochre/2f848ebc-031e-c6aa-955f-ba8a7d61374d,Pottery Registry: Dataset 2,Pottery registries from excavation: 1985-2016,"OCHRE link: <a href=""https://pi.lib.uchicago.edu/1001/org/ochre/2f848ebc-031e-c6aa-955f-ba8a7d61374d"">https://pi.lib.uchicago.edu/1001/org/ochre/2f848ebc-031e-c6aa-955f-ba8a7d61374d</a>"
50.57 Pottery Registry 006 (L).pdf,50.57 Pottery Registry 006 (L).jpg,https://pi.lib.uchicago.edu/1001/org/ochre/8f035193-5f17-9fea-47f7-4d5c2c0613c5,Pottery Registry: Dataset 2,Pottery registries from excavation: 1985-2016,"OCHRE link: <a href=""https://pi.lib.uchicago.edu/1001/org/ochre/8f035193-5f17-9fea-47f7-4d5c2c0613c5"">https://pi.lib.uchicago.edu/1001/org/ochre/8f035193-5f17-9fea-47f7-4d5c2c0613c5</a>"
50.57 Pottery Registry 007 (L).pdf,50.57 Pottery Registry 007 (L).jpg,https://pi.lib.uchicago.edu/1001/org/ochre/226fe083-0ad5-82f8-3f1e-6a8a2a19ff31,Pottery Registry: Dataset 2,Pottery registries from excavation: 1985-2016,"OCHRE link: <a href=""https://pi.lib.uchicago.edu/1001/org/ochre/226fe083-0ad5-82f8-3f1e-6a8a2a19ff31"">https://pi.lib.uchicago.edu/1001/org/ochre/226fe083-0ad5-82f8-3f1e-6a8a2a19ff31</a>"
50.57 Pottery Registry 011 (L).pdf,50.57 Pottery Registry 011 (L).jpg,https://pi.lib.uchicago.edu/1001/org/ochre/a92a0823-c2fd-641a-718a-ab1791ab144d,Pottery Registry: Dataset 2,Pottery registries from excavation: 1985-2016,"OCHRE link: <a href=""https://pi.lib.uchicago.edu/1001/org/ochre/a92a0823-c2fd-641a-718a-ab1791ab144d"">https://pi.lib.uchicago.edu/1001/org/ochre/a92a0823-c2fd-641a-718a-ab1791ab144d</a>"
50.57 Pottery Registry 013 (F).pdf,50.57 Pottery Registry 013 (F).jpg,https://pi.lib.uchicago.edu/1001/org/ochre/fd5b3438-6a98-65ad-9e82-972f8253390a,Pottery Registry: Dataset 2,Pottery registries from excavation: 1985-2016,"OCHRE link: <a href=""https://pi.lib.uchicago.edu/1001/org/ochre/fd5b3438-6a98-65ad-9e82-972f8253390a"">https://pi.lib.uchicago.edu/1001/org/ochre/fd5b3438-6a98-65ad-9e82-972f8253390a</a>"
50.57 Pottery Registry 014 (L).pdf,50.57 Pottery Registry 014 (L).jpg,https://pi.lib.uchicago.edu/1001/org/ochre/58ded91d-d5e0-28d3-f793-6c5998f52e9e,Pottery Registry: Dataset 2,Pottery registries from excavation: 1985-2016,"OCHRE link: <a href=""https://pi.lib.uchicago.edu/1001/org/ochre/58ded91d-d5e0-28d3-f793-6c5998f52e9e"">https://pi.lib.uchicago.edu/1001/org/ochre/58ded91d-d5e0-28d3-f793-6c5998f52e9e</a>"
50.57 Pottery Registry 016 (L).pdf,50.57 Pottery Registry 016 (L).jpg,https://pi.lib.uchicago.edu/1001/org/ochre/8596bd59-d3b0-5629-00fa-9c6e2147af2e,Pottery Registry: Dataset 2,Pottery registries from excavation: 1985-2016,"OCHRE link: <a href=""https://pi.lib.uchicago.edu/1001/org/ochre/8596bd59-d3b0-5629-00fa-9c6e2147af2e"">https://pi.lib.uchicago.edu/1001/org/ochre/8596bd59-d3b0-5629-00fa-9c6e2147af2e</a>"
50.57 Pottery Registry 017 (L).pdf,50.57 Pottery Registry 017 (L).jpg,https://pi.lib.uchicago.edu/1001/org/ochre/79fc7e12-ad05-5142-a444-078ff30aa220,Pottery Registry: Dataset 2,Pottery registries from excavation: 1985-2016,"OCHRE link: <a href=""https://pi.lib.uchicago.edu/1001/org/ochre/79fc7e12-ad05-5142-a444-078ff30aa220"">https://pi.lib.uchicago.edu/1001/org/ochre/79fc7e12-ad05-5142-a444-078ff30aa220</a>"
50.57 Pottery Registry 022 (L).pdf,50.57 Pottery Registry 022 (L).jpg,https://pi.lib.uchicago.edu/1001/org/ochre/2cd0a018-3627-defa-8877-90db98db1bff,Pottery Registry: Dataset 2,Pottery registries from excavation: 1985-2016,"OCHRE link: <a href=""https://pi.lib.uchicago.edu/1001/org/ochre/2cd0a018-3627-defa-8877-90db98db1bff"">https://pi.lib.uchicago.edu/1001/org/ochre/2cd0a018-3627-defa-8877-90db98db1bff</a>"
50.57 Pottery Registry 025 (F).pdf,50.57 Pottery Registry 025 (F).jpg,https://pi.lib.uchicago.edu/1001/org/ochre/2fab084c-ce9f-7afa-efc0-4eceb9eedd0f,Pottery Registry: Dataset 2,Pottery registries from excavation: 1985-2016,"OCHRE link: <a href=""https://pi.lib.uchicago.edu/1001/org/ochre/2fab084c-ce9f-7afa-efc0-4eceb9eedd0f"">https://pi.lib.uchicago.edu/1001/org/ochre/2fab084c-ce9f-7afa-efc0-4eceb9eedd0f</a>"
50.57 Pottery Registry 028 (F).pdf,50.57 Pottery Registry 028 (F).jpg,https://pi.lib.uchicago.edu/1001/org/ochre/13910ed9-8b37-0c29-07d8-43fde5a6f9ba,Pottery Registry: Dataset 2,Pottery registries from excavation: 1985-2016,"OCHRE link: <a href=""https://pi.lib.uchicago.edu/1001/org/ochre/13910ed9-8b37-0c29-07d8-43fde5a6f9ba"">https://pi.lib.uchicago.edu/1001/org/ochre/13910ed9-8b37-0c29-07d8-43fde5a6f9ba</a>"
50.57 Pottery Registry 029 (F).pdf,50.57 Pottery Registry 029 (F).jpg,https://pi.lib.uchicago.edu/1001/org/ochre/c3da64e6-5b17-8176-140a-062fc6df1fd0,Pottery Registry: Dataset 2,Pottery registries from excavation: 1985-2016,"OCHRE link: <a href=""https://pi.lib.uchicago.edu/1001/org/ochre/c3da64e6-5b17-8176-140a-062fc6df1fd0"">https://pi.lib.uchicago.edu/1001/org/ochre/c3da64e6-5b17-8176-140a-062fc6df1fd0</a>"
50.57 Pottery Registry 030 (L).pdf,50.57 Pottery Registry 030 (L).jpg,https://pi.lib.uchicago.edu/1001/org/ochre/3f45b9be-15f8-62d9-3ad6-2dac627e0954,Pottery Registry: Dataset 2,Pottery registries from excavation: 1985-2016,"OCHRE link: <a href=""https://pi.lib.uchicago.edu/1001/org/ochre/3f45b9be-15f8-62d9-3ad6-2dac627e0954"">https://pi.lib.uchicago.edu/1001/org/ochre/3f45b9be-15f8-62d9-3ad6-2dac627e0954</a>"
50.57 Pottery Registry 031 (L).pdf,50.57 Pottery Registry 031 (L).jpg,https://pi.lib.uchicago.edu/1001/org/ochre/3f018ab4-18d8-3d1c-4f6e-03926905deb3,Pottery Registry: Dataset 2,Pottery registries from excavation: 1985-2016,"OCHRE link: <a href=""https://pi.lib.uchicago.edu/1001/org/ochre/3f018ab4-18d8-3d1c-4f6e-03926905deb3"">https://pi.lib.uchicago.edu/1001/org/ochre/3f018ab4-18d8-3d1c-4f6e-03926905deb3</a>"
50.57 Pottery Registry 033 (L).pdf,50.57 Pottery Registry 033 (L).jpg,https://pi.lib.uchicago.edu/1001/org/ochre/d89139d3-7649-f6ff-823c-c031f4cae743,Pottery Registry: Dataset 2,Pottery registries from excavation: 1985-2016,"OCHRE link: <a href=""https://pi.lib.uchicago.edu/1001/org/ochre/d89139d3-7649-f6ff-823c-c031f4cae743"">https://pi.lib.uchicago.edu/1001/org/ochre/d89139d3-7649-f6ff-823c-c031f4cae743</a>"
50.57 Pottery Registry 034 (L).pdf,50.57 Pottery Registry 034 (L).jpg,https://pi.lib.uchicago.edu/1001/org/ochre/dad8e187-39ab-12c9-7775-faa900be1732,Pottery Registry: Dataset 2,Pottery registries from excavation: 1985-2016,"OCHRE link: <a href=""https://pi.lib.uchicago.edu/1001/org/ochre/dad8e187-39ab-12c9-7775-faa900be1732"">https://pi.lib.uchicago.edu/1001/org/ochre/dad8e187-39ab-12c9-7775-faa900be1732</a>"
50.57 Pottery Registry 035 (L).pdf,50.57 Pottery Registry 035 (L).jpg,https://pi.lib.uchicago.edu/1001/org/ochre/e5e5b8ee-01e8-4d9e-e355-7d7931dd5e47,Pottery Registry: Dataset 2,Pottery registries from excavation: 1985-2016,"OCHRE link: <a href=""https://pi.lib.uchicago.edu/1001/org/ochre/e5e5b8ee-01e8-4d9e-e355-7d7931dd5e47"">https://pi.lib.uchicago.edu/1001/org/ochre/e5e5b8ee-01e8-4d9e-e355-7d7931dd5e47</a>"
50.57 Pottery Registry 036 (L).pdf,50.57 Pottery Registry 036 (L).jpg,https://pi.lib.uchicago.edu/1001/org/ochre/9fb6289a-070f-e3df-e22b-ee51727a19b2,Pottery Registry: Dataset 2,Pottery registries from excavation: 1985-2016,"OCHRE link: <a href=""https://pi.lib.uchicago.edu/1001/org/ochre/9fb6289a-070f-e3df-e22b-ee51727a19b2"">https://pi.lib.uchicago.edu/1001/org/ochre/9fb6289a-070f-e3df-e22b-ee51727a19b2</a>"
50.57 Pottery Registry 037 (L).pdf,50.57 Pottery Registry 037 (L).jpg,https://pi.lib.uchicago.edu/1001/org/ochre/d7a05523-3524-bc2b-319b-8f18958f9fa3,Pottery Registry: Dataset 2,Pottery registries from excavation: 1985-2016,"OCHRE link: <a href=""https://pi.lib.uchicago.edu/1001/org/ochre/d7a05523-3524-bc2b-319b-8f18958f9fa3"">https://pi.lib.uchicago.edu/1001/org/ochre/d7a05523-3524-bc2b-319b-8f18958f9fa3</a>"
50.57 Pottery Registry 038 (L).pdf,50.57 Pottery Registry 038 (L).jpg,https://pi.lib.uchicago.edu/1001/org/ochre/425d5a69-c484-2d54-9992-cc62063f73e0,Pottery Registry: Dataset 2,Pottery registries from excavation: 1985-2016,"OCHRE link: <a href=""https://pi.lib.uchicago.edu/1001/org/ochre/425d5a69-c484-2d54-9992-cc62063f73e0"">https://pi.lib.uchicago.edu/1001/org/ochre/425d5a69-c484-2d54-9992-cc62063f73e0</a>"
50.57 Pottery Registry 039 (L).pdf,50.57 Pottery Registry 039 (L).jpg,https://pi.lib.uchicago.edu/1001/org/ochre/8da9d369-9591-2783-302a-3e0418344cb9,Pottery Registry: Dataset 2,Pottery registries from excavation: 1985-2016,"OCHRE link: <a href=""https://pi.lib.uchicago.edu/1001/org/ochre/8da9d369-9591-2783-302a-3e0418344cb9"">https://pi.lib.uchicago.edu/1001/org/ochre/8da9d369-9591-2783-302a-3e0418344cb9</a>"
50.57 Pottery Registry 040 (L).pdf,50.57 Pottery Registry 040 (L).jpg,https://pi.lib.uchicago.edu/1001/org/ochre/2ee8ecd3-0930-719c-a5de-ad3b75ba3bbc,Pottery Registry: Dataset 2,Pottery registries from excavation: 1985-2016,"OCHRE link: <a href=""https://pi.lib.uchicago.edu/1001/org/ochre/2ee8ecd3-0930-719c-a5de-ad3b75ba3bbc"">https://pi.lib.uchicago.edu/1001/org/ochre/2ee8ecd3-0930-719c-a5de-ad3b75ba3bbc</a>"
50.57 Pottery Registry 041 (L).pdf,50.57 Pottery Registry 041 (L).jpg,https://pi.lib.uchicago.edu/1001/org/ochre/f9e6f5e2-9a81-9998-63cc-b7a0ff02c977,Pottery Registry: Dataset 2,Pottery registries from excavation: 1985-2016,"OCHRE link: <a href=""https://pi.lib.uchicago.edu/1001/org/ochre/f9e6f5e2-9a81-9998-63cc-b7a0ff02c977"">https://pi.lib.uchicago.edu/1001/org/ochre/f9e6f5e2-9a81-9998-63cc-b7a0ff02c977</a>"
50.57 Pottery Registry 042 (L).pdf,50.57 Pottery Registry 042 (L).jpg,https://pi.lib.uchicago.edu/1001/org/ochre/fe93193e-4e41-061d-5945-fa0ba850a683,Pottery Registry: Dataset 2,Pottery registries from excavation: 1985-2016,"OCHRE link: <a href=""https://pi.lib.uchicago.edu/1001/org/ochre/fe93193e-4e41-061d-5945-fa0ba850a683"">https://pi.lib.uchicago.edu/1001/org/ochre/fe93193e-4e41-061d-5945-fa0ba850a683</a>"
50.57 Pottery Registry 043 (L).pdf,50.57 Pottery Registry 043 (L).jpg,https://pi.lib.uchicago.edu/1001/org/ochre/2e50971c-ca4c-d73a-ab13-47eb783bc764,Pottery Registry: Dataset 2,Pottery registries from excavation: 1985-2016,"OCHRE link: <a href=""https://pi.lib.uchicago.edu/1001/org/ochre/2e50971c-ca4c-d73a-ab13-47eb783bc764"">https://pi.lib.uchicago.edu/1001/org/ochre/2e50971c-ca4c-d73a-ab13-47eb783bc764</a>"
50.57 Pottery Registry 044 (L).pdf,50.57 Pottery Registry 044 (L).jpg,https://pi.lib.uchicago.edu/1001/org/ochre/c67f2268-a5ac-0fa2-cf54-318222dc8b77,Pottery Registry: Dataset 2,Pottery registries from excavation: 1985-2016,"OCHRE link: <a href=""https://pi.lib.uchicago.edu/1001/org/ochre/c67f2268-a5ac-0fa2-cf54-318222dc8b77"">https://pi.lib.uchicago.edu/1001/org/ochre/c67f2268-a5ac-0fa2-cf54-318222dc8b77</a>"
50.57 Pottery Registry 045 (L).pdf,50.57 Pottery Registry 045 (L).jpg,https://pi.lib.uchicago.edu/1001/org/ochre/39fc843e-0e35-2553-7bb5-ec2f27a0d620,Pottery Registry: Dataset 2,Pottery registries from excavation: 1985-2016,"OCHRE link: <a href=""https://pi.lib.uchicago.edu/1001/org/ochre/39fc843e-0e35-2553-7bb5-ec2f27a0d620"">https://pi.lib.uchicago.edu/1001/org/ochre/39fc843e-0e35-2553-7bb5-ec2f27a0d620</a>"
50.57 Pottery Registry 047 (L).pdf,50.57 Pottery Registry 047 (L).jpg,https://pi.lib.uchicago.edu/1001/org/ochre/72c5e836-58dd-411c-7f01-82b1cd79560f,Pottery Registry: Dataset 2,Pottery registries from excavation: 1985-2016,"OCHRE link: <a href=""https://pi.lib.uchicago.edu/1001/org/ochre/72c5e836-58dd-411c-7f01-82b1cd79560f"">https://pi.lib.uchicago.edu/1001/org/ochre/72c5e836-58dd-411c-7f01-82b1cd79560f</a>"
50.57 Pottery Registry 048 (L).pdf,50.57 Pottery Registry 048 (L).jpg,https://pi.lib.uchicago.edu/1001/org/ochre/286b8307-4ebd-dd1b-f0ba-77af7f1d5df8,Pottery Registry: Dataset 2,Pottery registries from excavation: 1985-2016,"OCHRE link: <a href=""https://pi.lib.uchicago.edu/1001/org/ochre/286b8307-4ebd-dd1b-f0ba-77af7f1d5df8"">https://pi.lib.uchicago.edu/1001/org/ochre/286b8307-4ebd-dd1b-f0ba-77af7f1d5df8</a>"
50.57 Pottery Registry 049 (L).pdf,50.57 Pottery Registry 049 (L).jpg,https://pi.lib.uchicago.edu/1001/org/ochre/2a090df2-2068-6736-b3f1-dd33319a3495,Pottery Registry: Dataset 2,Pottery registries from excavation: 1985-2016,"OCHRE link: <a href=""https://pi.lib.uchicago.edu/1001/org/ochre/2a090df2-2068-6736-b3f1-dd33319a3495"">https://pi.lib.uchicago.edu/1001/org/ochre/2a090df2-2068-6736-b3f1-dd33319a3495</a>"
50.57 Pottery Registry 050 (F).pdf,50.57 Pottery Registry 050 (F).jpg,https://pi.lib.uchicago.edu/1001/org/ochre/2858303e-466b-6913-0c99-acd3ae823964,Pottery Registry: Dataset 2,Pottery registries from excavation: 1985-2016,"OCHRE link: <a href=""https://pi.lib.uchicago.edu/1001/org/ochre/2858303e-466b-6913-0c99-acd3ae823964"">https://pi.lib.uchicago.edu/1001/org/ochre/2858303e-466b-6913-0c99-acd3ae823964</a>"
50.57 Pottery Registry 050 (L).pdf,50.57 Pottery Registry 050 (L).jpg,https://pi.lib.uchicago.edu/1001/org/ochre/b329b6d0-fa4f-1315-45da-d00678e6481b,Pottery Registry: Dataset 2,Pottery registries from excavation: 1985-2016,"OCHRE link: <a href=""https://pi.lib.uchicago.edu/1001/org/ochre/b329b6d0-fa4f-1315-45da-d00678e6481b"">https://pi.lib.uchicago.edu/1001/org/ochre/b329b6d0-fa4f-1315-45da-d00678e6481b</a>"
50.57 Pottery Registry 051 (L).pdf,50.57 Pottery Registry 051 (L).jpg,https://pi.lib.uchicago.edu/1001/org/ochre/56133a5f-71bf-ad06-f729-383952618680,Pottery Registry: Dataset 2,Pottery registries from excavation: 1985-2016,"OCHRE link: <a href=""https://pi.lib.uchicago.edu/1001/org/ochre/56133a5f-71bf-ad06-f729-383952618680"">https://pi.lib.uchicago.edu/1001/org/ochre/56133a5f-71bf-ad06-f729-383952618680</a>"
50.57 Pottery Registry 053 (L).pdf,50.57 Pottery Registry 053 (L).jpg,https://pi.lib.uchicago.edu/1001/org/ochre/ad28a01a-e09a-9d5a-fa85-de8992552cbf,Pottery Registry: Dataset 2,Pottery registries from excavation: 1985-2016,"OCHRE link: <a href=""https://pi.lib.uchicago.edu/1001/org/ochre/ad28a01a-e09a-9d5a-fa85-de8992552cbf"">https://pi.lib.uchicago.edu/1001/org/ochre/ad28a01a-e09a-9d5a-fa85-de8992552cbf</a>"
50.57 Pottery Registry 054 (L).pdf,50.57 Pottery Registry 054 (L).jpg,https://pi.lib.uchicago.edu/1001/org/ochre/dbd22f6c-485a-15f0-3690-bf68c5f03289,Pottery Registry: Dataset 2,Pottery registries from excavation: 1985-2016,"OCHRE link: <a href=""https://pi.lib.uchicago.edu/1001/org/ochre/dbd22f6c-485a-15f0-3690-bf68c5f03289"">https://pi.lib.uchicago.edu/1001/org/ochre/dbd22f6c-485a-15f0-3690-bf68c5f03289</a>"
50.57 Pottery Registry 056 (F).pdf,50.57 Pottery Registry 056 (F).jpg,https://pi.lib.uchicago.edu/1001/org/ochre/9eb190b6-aade-6832-ec23-c7d600edcdf9,Pottery Registry: Dataset 2,Pottery registries from excavation: 1985-2016,"OCHRE link: <a href=""https://pi.lib.uchicago.edu/1001/org/ochre/9eb190b6-aade-6832-ec23-c7d600edcdf9"">https://pi.lib.uchicago.edu/1001/org/ochre/9eb190b6-aade-6832-ec23-c7d600edcdf9</a>"
50.57 Pottery Registry 056 (L).pdf,50.57 Pottery Registry 056 (L).jpg,https://pi.lib.uchicago.edu/1001/org/ochre/b6c5a757-d12a-75be-fc12-ae50f91d9202,Pottery Registry: Dataset 2,Pottery registries from excavation: 1985-2016,"OCHRE link: <a href=""https://pi.lib.uchicago.edu/1001/org/ochre/b6c5a757-d12a-75be-fc12-ae50f91d9202"">https://pi.lib.uchicago.edu/1001/org/ochre/b6c5a757-d12a-75be-fc12-ae50f91d9202</a>"
50.57 Pottery Registry 057 (L).pdf,50.57 Pottery Registry 057 (L).jpg,https://pi.lib.uchicago.edu/1001/org/ochre/daecd377-45c2-2822-1b97-ad54fed414d5,Pottery Registry: Dataset 2,Pottery registries from excavation: 1985-2016,"OCHRE link: <a href=""https://pi.lib.uchicago.edu/1001/org/ochre/daecd377-45c2-2822-1b97-ad54fed414d5"">https://pi.lib.uchicago.edu/1001/org/ochre/daecd377-45c2-2822-1b97-ad54fed414d5</a>"
50.57 Pottery Registry 058 (L).pdf,50.57 Pottery Registry 058 (L).jpg,https://pi.lib.uchicago.edu/1001/org/ochre/cabb1db9-341a-1100-db06-85ad8be5458f,Pottery Registry: Dataset 2,Pottery registries from excavation: 1985-2016,"OCHRE link: <a href=""https://pi.lib.uchicago.edu/1001/org/ochre/cabb1db9-341a-1100-db06-85ad8be5458f"">https://pi.lib.uchicago.edu/1001/org/ochre/cabb1db9-341a-1100-db06-85ad8be5458f</a>"
50.57 Pottery Registry 059 (L).pdf,50.57 Pottery Registry 059 (L).jpg,https://pi.lib.uchicago.edu/1001/org/ochre/d2c8c8e0-bc68-0cb0-ee30-e00c5eae8d7b,Pottery Registry: Dataset 2,Pottery registries from excavation: 1985-2016,"OCHRE link: <a href=""https://pi.lib.uchicago.edu/1001/org/ochre/d2c8c8e0-bc68-0cb0-ee30-e00c5eae8d7b"">https://pi.lib.uchicago.edu/1001/org/ochre/d2c8c8e0-bc68-0cb0-ee30-e00c5eae8d7b</a>"
50.57 Pottery Registry 060 (L).pdf,50.57 Pottery Registry 060 (L).jpg,https://pi.lib.uchicago.edu/1001/org/ochre/4a2d5f7e-8405-f292-991b-e6999cbb6350,Pottery Registry: Dataset 2,Pottery registries from excavation: 1985-2016,"OCHRE link: <a href=""https://pi.lib.uchicago.edu/1001/org/ochre/4a2d5f7e-8405-f292-991b-e6999cbb6350"">https://pi.lib.uchicago.edu/1001/org/ochre/4a2d5f7e-8405-f292-991b-e6999cbb6350</a>"
50.57 Pottery Registry 061 (L).pdf,50.57 Pottery Registry 061 (L).jpg,https://pi.lib.uchicago.edu/1001/org/ochre/d4cf6751-8f24-30f3-4b34-275a4e83ddce,Pottery Registry: Dataset 2,Pottery registries from excavation: 1985-2016,"OCHRE link: <a href=""https://pi.lib.uchicago.edu/1001/org/ochre/d4cf6751-8f24-30f3-4b34-275a4e83ddce"">https://pi.lib.uchicago.edu/1001/org/ochre/d4cf6751-8f24-30f3-4b34-275a4e83ddce</a>"
50.57 Pottery Registry 062 (L).pdf,50.57 Pottery Registry 062 (L).jpg,https://pi.lib.uchicago.edu/1001/org/ochre/18a223df-cf78-81bf-3c33-829fa65926aa,Pottery Registry: Dataset 2,Pottery registries from excavation: 1985-2016,"OCHRE link: <a href=""https://pi.lib.uchicago.edu/1001/org/ochre/18a223df-cf78-81bf-3c33-829fa65926aa"">https://pi.lib.uchicago.edu/1001/org/ochre/18a223df-cf78-81bf-3c33-829fa65926aa</a>"
"50.57 Pottery Registry 062, 074, 050 (L).pdf","50.57 Pottery Registry 062, 074, 050 (L).jpg",https://pi.lib.uchicago.edu/1001/org/ochre/bb16faf3-f98e-1302-34cd-2d76c08d8f55,Pottery Registry: Dataset 2,Pottery registries from excavation: 1985-2016,"OCHRE link: <a href=""https://pi.lib.uchicago.edu/1001/org/ochre/bb16faf3-f98e-1302-34cd-2d76c08d8f55"">https://pi.lib.uchicago.edu/1001/org/ochre/bb16faf3-f98e-1302-34cd-2d76c08d8f55</a>"
50.57 Pottery Registry 063 (L).pdf,50.57 Pottery Registry 063 (L).jpg,https://pi.lib.uchicago.edu/1001/org/ochre/37465f45-e1d9-703b-8f3a-44033d601ac6,Pottery Registry: Dataset 2,Pottery registries from excavation: 1985-2016,"OCHRE link: <a href=""https://pi.lib.uchicago.edu/1001/org/ochre/37465f45-e1d9-703b-8f3a-44033d601ac6"">https://pi.lib.uchicago.edu/1001/org/ochre/37465f45-e1d9-703b-8f3a-44033d601ac6</a>"
50.57 Pottery Registry 065 (L).pdf,50.57 Pottery Registry 065 (L).jpg,https://pi.lib.uchicago.edu/1001/org/ochre/785afd5f-6817-7879-fc51-1b814f040c81,Pottery Registry: Dataset 2,Pottery registries from excavation: 1985-2016,"OCHRE link: <a href=""https://pi.lib.uchicago.edu/1001/org/ochre/785afd5f-6817-7879-fc51-1b814f040c81"">https://pi.lib.uchicago.edu/1001/org/ochre/785afd5f-6817-7879-fc51-1b814f040c81</a>"
50.57 Pottery Registry 067 (L).pdf,50.57 Pottery Registry 067 (L).jpg,https://pi.lib.uchicago.edu/1001/org/ochre/85813208-6ed8-16f5-be05-e6896493092b,Pottery Registry: Dataset 2,Pottery registries from excavation: 1985-2016,"OCHRE link: <a href=""https://pi.lib.uchicago.edu/1001/org/ochre/85813208-6ed8-16f5-be05-e6896493092b"">https://pi.lib.uchicago.edu/1001/org/ochre/85813208-6ed8-16f5-be05-e6896493092b</a>"
50.57 Pottery Registry 068 (L).pdf,50.57 Pottery Registry 068 (L).jpg,https://pi.lib.uchicago.edu/1001/org/ochre/118d43d8-b32e-926d-b404-f1a90a217a28,Pottery Registry: Dataset 2,Pottery registries from excavation: 1985-2016,"OCHRE link: <a href=""https://pi.lib.uchicago.edu/1001/org/ochre/118d43d8-b32e-926d-b404-f1a90a217a28"">https://pi.lib.uchicago.edu/1001/org/ochre/118d43d8-b32e-926d-b404-f1a90a217a28</a>"
50.57 Pottery Registry 069 (L).pdf,50.57 Pottery Registry 069 (L).jpg,https://pi.lib.uchicago.edu/1001/org/ochre/ab1f4f48-1000-d31a-c80b-f07b29a8f219,Pottery Registry: Dataset 2,Pottery registries from excavation: 1985-2016,"OCHRE link: <a href=""https://pi.lib.uchicago.edu/1001/org/ochre/ab1f4f48-1000-d31a-c80b-f07b29a8f219"">https://pi.lib.uchicago.edu/1001/org/ochre/ab1f4f48-1000-d31a-c80b-f07b29a8f219</a>"
50.57 Pottery Registry 070 (L).pdf,50.57 Pottery Registry 070 (L).jpg,https://pi.lib.uchicago.edu/1001/org/ochre/d286ecd3-6c27-f9f3-49a1-dbcd2a66561b,Pottery Registry: Dataset 2,Pottery registries from excavation: 1985-2016,"OCHRE link: <a href=""https://pi.lib.uchicago.edu/1001/org/ochre/d286ecd3-6c27-f9f3-49a1-dbcd2a66561b"">https://pi.lib.uchicago.edu/1001/org/ochre/d286ecd3-6c27-f9f3-49a1-dbcd2a66561b</a>"
50.57 Pottery Registry 071 (L).pdf,50.57 Pottery Registry 071 (L).jpg,https://pi.lib.uchicago.edu/1001/org/ochre/fd926a69-04e1-9432-41dd-01c871d8c2c5,Pottery Registry: Dataset 2,Pottery registries from excavation: 1985-2016,"OCHRE link: <a href=""https://pi.lib.uchicago.edu/1001/org/ochre/fd926a69-04e1-9432-41dd-01c871d8c2c5"">https://pi.lib.uchicago.edu/1001/org/ochre/fd926a69-04e1-9432-41dd-01c871d8c2c5</a>"
50.57 Pottery Registry 072 (L).pdf,50.57 Pottery Registry 072 (L).jpg,https://pi.lib.uchicago.edu/1001/org/ochre/d31e27db-a912-474f-9511-2c10d729eaea,Pottery Registry: Dataset 2,Pottery registries from excavation: 1985-2016,"OCHRE link: <a href=""https://pi.lib.uchicago.edu/1001/org/ochre/d31e27db-a912-474f-9511-2c10d729eaea"">https://pi.lib.uchicago.edu/1001/org/ochre/d31e27db-a912-474f-9511-2c10d729eaea</a>"
50.57 Pottery Registry 074 (L).pdf,50.57 Pottery Registry 074 (L).jpg,https://pi.lib.uchicago.edu/1001/org/ochre/cad07a82-0103-2e51-da1c-d92015251f4d,Pottery Registry: Dataset 2,Pottery registries from excavation: 1985-2016,"OCHRE link: <a href=""https://pi.lib.uchicago.edu/1001/org/ochre/cad07a82-0103-2e51-da1c-d92015251f4d"">https://pi.lib.uchicago.edu/1001/org/ochre/cad07a82-0103-2e51-da1c-d92015251f4d</a>"
50.57 Pottery Registry 079 (L).pdf,50.57 Pottery Registry 079 (L).jpg,https://pi.lib.uchicago.edu/1001/org/ochre/fc5badcf-bc0a-11c3-eccf-91ab6737d5aa,Pottery Registry: Dataset 2,Pottery registries from excavation: 1985-2016,"OCHRE link: <a href=""https://pi.lib.uchicago.edu/1001/org/ochre/fc5badcf-bc0a-11c3-eccf-91ab6737d5aa"">https://pi.lib.uchicago.edu/1001/org/ochre/fc5badcf-bc0a-11c3-eccf-91ab6737d5aa</a>"
50.57 Pottery Registry 081 (L).pdf,50.57 Pottery Registry 081 (L).jpg,https://pi.lib.uchicago.edu/1001/org/ochre/80eb2a92-b9bd-d141-d3b5-fb00c03a1b71,Pottery Registry: Dataset 2,Pottery registries from excavation: 1985-2016,"OCHRE link: <a href=""https://pi.lib.uchicago.edu/1001/org/ochre/80eb2a92-b9bd-d141-d3b5-fb00c03a1b71"">https://pi.lib.uchicago.edu/1001/org/ochre/80eb2a92-b9bd-d141-d3b5-fb00c03a1b71</a>"
50.57 Pottery Registry 082 (L).pdf,50.57 Pottery Registry 082 (L).jpg,https://pi.lib.uchicago.edu/1001/org/ochre/b24ac42a-050a-33bc-03e1-9058cc8cb9af,Pottery Registry: Dataset 2,Pottery registries from excavation: 1985-2016,"OCHRE link: <a href=""https://pi.lib.uchicago.edu/1001/org/ochre/b24ac42a-050a-33bc-03e1-9058cc8cb9af"">https://pi.lib.uchicago.edu/1001/org/ochre/b24ac42a-050a-33bc-03e1-9058cc8cb9af</a>"
50.57 Pottery Registry 086 (L).pdf,50.57 Pottery Registry 086 (L).jpg,https://pi.lib.uchicago.edu/1001/org/ochre/a2095c39-2b71-7a34-0123-5bca1159ae1e,Pottery Registry: Dataset 2,Pottery registries from excavation: 1985-2016,"OCHRE link: <a href=""https://pi.lib.uchicago.edu/1001/org/ochre/a2095c39-2b71-7a34-0123-5bca1159ae1e"">https://pi.lib.uchicago.edu/1001/org/ochre/a2095c39-2b71-7a34-0123-5bca1159ae1e</a>"
50.57 Pottery Registry 087 (F).pdf,50.57 Pottery Registry 087 (F).jpg,https://pi.lib.uchicago.edu/1001/org/ochre/614e9a6c-572e-2671-b72d-832c9cc79420,Pottery Registry: Dataset 2,Pottery registries from excavation: 1985-2016,"OCHRE link: <a href=""https://pi.lib.uchicago.edu/1001/org/ochre/614e9a6c-572e-2671-b72d-832c9cc79420"">https://pi.lib.uchicago.edu/1001/org/ochre/614e9a6c-572e-2671-b72d-832c9cc79420</a>"
50.57 Pottery Registry 091 (F).pdf,50.57 Pottery Registry 091 (F).jpg,https://pi.lib.uchicago.edu/1001/org/ochre/f48e4c36-853b-b970-c8c4-385f19675229,Pottery Registry: Dataset 2,Pottery registries from excavation: 1985-2016,"OCHRE link: <a href=""https://pi.lib.uchicago.edu/1001/org/ochre/f48e4c36-853b-b970-c8c4-385f19675229"">https://pi.lib.uchicago.edu/1001/org/ochre/f48e4c36-853b-b970-c8c4-385f19675229</a>"
50.57 Pottery Registry 093 (L).pdf,50.57 Pottery Registry 093 (L).jpg,https://pi.lib.uchicago.edu/1001/org/ochre/8cf16308-a10b-15d6-4a47-98cff9fe2fbb,Pottery Registry: Dataset 2,Pottery registries from excavation: 1985-2016,"OCHRE link: <a href=""https://pi.lib.uchicago.edu/1001/org/ochre/8cf16308-a10b-15d6-4a47-98cff9fe2fbb"">https://pi.lib.uchicago.edu/1001/org/ochre/8cf16308-a10b-15d6-4a47-98cff9fe2fbb</a>"
50.57 Pottery Registry 095 (L).pdf,50.57 Pottery Registry 095 (L).jpg,https://pi.lib.uchicago.edu/1001/org/ochre/a02998d7-f9a0-7395-4dc6-36a6d8d6aaeb,Pottery Registry: Dataset 2,Pottery registries from excavation: 1985-2016,"OCHRE link: <a href=""https://pi.lib.uchicago.edu/1001/org/ochre/a02998d7-f9a0-7395-4dc6-36a6d8d6aaeb"">https://pi.lib.uchicago.edu/1001/org/ochre/a02998d7-f9a0-7395-4dc6-36a6d8d6aaeb</a>"
50.57 Pottery Registry 096 (L).pdf,50.57 Pottery Registry 096 (L).jpg,https://pi.lib.uchicago.edu/1001/org/ochre/a9647843-41b0-1c52-4099-28a656e61e3f,Pottery Registry: Dataset 2,Pottery registries from excavation: 1985-2016,"OCHRE link: <a href=""https://pi.lib.uchicago.edu/1001/org/ochre/a9647843-41b0-1c52-4099-28a656e61e3f"">https://pi.lib.uchicago.edu/1001/org/ochre/a9647843-41b0-1c52-4099-28a656e61e3f</a>"
50.57 Pottery Registry 104 (L).pdf,50.57 Pottery Registry 104 (L).jpg,https://pi.lib.uchicago.edu/1001/org/ochre/e3b51e06-d78f-431a-9774-18df56981498,Pottery Registry: Dataset 2,Pottery registries from excavation: 1985-2016,"OCHRE link: <a href=""https://pi.lib.uchicago.edu/1001/org/ochre/e3b51e06-d78f-431a-9774-18df56981498"">https://pi.lib.uchicago.edu/1001/org/ochre/e3b51e06-d78f-431a-9774-18df56981498</a>"
50.57 Pottery Registry 105 (L).pdf,50.57 Pottery Registry 105 (L).jpg,https://pi.lib.uchicago.edu/1001/org/ochre/ac742100-4300-4bc7-0786-2daca7f446b4,Pottery Registry: Dataset 2,Pottery registries from excavation: 1985-2016,"OCHRE link: <a href=""https://pi.lib.uchicago.edu/1001/org/ochre/ac742100-4300-4bc7-0786-2daca7f446b4"">https://pi.lib.uchicago.edu/1001/org/ochre/ac742100-4300-4bc7-0786-2daca7f446b4</a>"
50.57 Pottery Registry 110 (F).pdf,50.57 Pottery Registry 110 (F).jpg,https://pi.lib.uchicago.edu/1001/org/ochre/170f4fa5-9740-e6d7-2f49-55424293efe1,Pottery Registry: Dataset 2,Pottery registries from excavation: 1985-2016,"OCHRE link: <a href=""https://pi.lib.uchicago.edu/1001/org/ochre/170f4fa5-9740-e6d7-2f49-55424293efe1"">https://pi.lib.uchicago.edu/1001/org/ochre/170f4fa5-9740-e6d7-2f49-55424293efe1</a>"
50.57 Pottery Registry 111 (F).pdf,50.57 Pottery Registry 111 (F).jpg,https://pi.lib.uchicago.edu/1001/org/ochre/78a5175b-a61f-bd52-46ed-0660cbee0328,Pottery Registry: Dataset 2,Pottery registries from excavation: 1985-2016,"OCHRE link: <a href=""https://pi.lib.uchicago.edu/1001/org/ochre/78a5175b-a61f-bd52-46ed-0660cbee0328"">https://pi.lib.uchicago.edu/1001/org/ochre/78a5175b-a61f-bd52-46ed-0660cbee0328</a>"
50.57 Pottery Registry 113 (L).pdf,50.57 Pottery Registry 113 (L).jpg,https://pi.lib.uchicago.edu/1001/org/ochre/2a5433c0-b502-4a37-3144-9afaec855b06,Pottery Registry: Dataset 2,Pottery registries from excavation: 1985-2016,"OCHRE link: <a href=""https://pi.lib.uchicago.edu/1001/org/ochre/2a5433c0-b502-4a37-3144-9afaec855b06"">https://pi.lib.uchicago.edu/1001/org/ochre/2a5433c0-b502-4a37-3144-9afaec855b06</a>"
50.57 Pottery Registry 116 (F).pdf,50.57 Pottery Registry 116 (F).jpg,https://pi.lib.uchicago.edu/1001/org/ochre/52bcc767-a711-6012-313e-690468264879,Pottery Registry: Dataset 2,Pottery registries from excavation: 1985-2016,"OCHRE link: <a href=""https://pi.lib.uchicago.edu/1001/org/ochre/52bcc767-a711-6012-313e-690468264879"">https://pi.lib.uchicago.edu/1001/org/ochre/52bcc767-a711-6012-313e-690468264879</a>"
50.57 Pottery Registry 117 (L).pdf,50.57 Pottery Registry 117 (L).jpg,https://pi.lib.uchicago.edu/1001/org/ochre/0180a3fd-7706-9325-40ab-ec1fcfbe7ed1,Pottery Registry: Dataset 2,Pottery registries from excavation: 1985-2016,"OCHRE link: <a href=""https://pi.lib.uchicago.edu/1001/org/ochre/0180a3fd-7706-9325-40ab-ec1fcfbe7ed1"">https://pi.lib.uchicago.edu/1001/org/ochre/0180a3fd-7706-9325-40ab-ec1fcfbe7ed1</a>"
50.57 Pottery Registry 124 (L).pdf,50.57 Pottery Registry 124 (L).jpg,https://pi.lib.uchicago.edu/1001/org/ochre/a1691d0a-06d8-fda7-2129-c419f6459175,Pottery Registry: Dataset 2,Pottery registries from excavation: 1985-2016,"OCHRE link: <a href=""https://pi.lib.uchicago.edu/1001/org/ochre/a1691d0a-06d8-fda7-2129-c419f6459175"">https://pi.lib.uchicago.edu/1001/org/ochre/a1691d0a-06d8-fda7-2129-c419f6459175</a>"
50.57 Pottery Registry 125 (F).pdf,50.57 Pottery Registry 125 (F).jpg,https://pi.lib.uchicago.edu/1001/org/ochre/17f8df3e-a430-dc3f-1a19-390645756171,Pottery Registry: Dataset 2,Pottery registries from excavation: 1985-2016,"OCHRE link: <a href=""https://pi.lib.uchicago.edu/1001/org/ochre/17f8df3e-a430-dc3f-1a19-390645756171"">https://pi.lib.uchicago.edu/1001/org/ochre/17f8df3e-a430-dc3f-1a19-390645756171</a>"
50.57 Pottery Registry 131 (L).pdf,50.57 Pottery Registry 131 (L).jpg,https://pi.lib.uchicago.edu/1001/org/ochre/65cbc7fc-a763-bd19-90b1-4cda9361cb45,Pottery Registry: Dataset 2,Pottery registries from excavation: 1985-2016,"OCHRE link: <a href=""https://pi.lib.uchicago.edu/1001/org/ochre/65cbc7fc-a763-bd19-90b1-4cda9361cb45"">https://pi.lib.uchicago.edu/1001/org/ochre/65cbc7fc-a763-bd19-90b1-4cda9361cb45</a>"
50.57 Pottery Registry 134 (L).pdf,50.57 Pottery Registry 134 (L).jpg,https://pi.lib.uchicago.edu/1001/org/ochre/53e00139-8ff1-ee5f-f43e-5dfc9268235a,Pottery Registry: Dataset 2,Pottery registries from excavation: 1985-2016,"OCHRE link: <a href=""https://pi.lib.uchicago.edu/1001/org/ochre/53e00139-8ff1-ee5f-f43e-5dfc9268235a"">https://pi.lib.uchicago.edu/1001/org/ochre/53e00139-8ff1-ee5f-f43e-5dfc9268235a</a>"
50.57 Pottery Registry 157 (L).pdf,50.57 Pottery Registry 157 (L).jpg,https://pi.lib.uchicago.edu/1001/org/ochre/6602f2f4-cd84-e9f9-d9c7-23b5b78b45d5,Pottery Registry: Dataset 2,Pottery registries from excavation: 1985-2016,"OCHRE link: <a href=""https://pi.lib.uchicago.edu/1001/org/ochre/6602f2f4-cd84-e9f9-d9c7-23b5b78b45d5"">https://pi.lib.uchicago.edu/1001/org/ochre/6602f2f4-cd84-e9f9-d9c7-23b5b78b45d5</a>"
50.57 Pottery Registry 159 (L).pdf,50.57 Pottery Registry 159 (L).jpg,https://pi.lib.uchicago.edu/1001/org/ochre/9d8881ad-8010-0081-2633-7dc11b0a2cc2,Pottery Registry: Dataset 2,Pottery registries from excavation: 1985-2016,"OCHRE link: <a href=""https://pi.lib.uchicago.edu/1001/org/ochre/9d8881ad-8010-0081-2633-7dc11b0a2cc2"">https://pi.lib.uchicago.edu/1001/org/ochre/9d8881ad-8010-0081-2633-7dc11b0a2cc2</a>"
50.57 Pottery Registry 173 (L).pdf,50.57 Pottery Registry 173 (L).jpg,https://pi.lib.uchicago.edu/1001/org/ochre/8ccd77c1-b918-4242-246b-e3d017182d48,Pottery Registry: Dataset 2,Pottery registries from excavation: 1985-2016,"OCHRE link: <a href=""https://pi.lib.uchicago.edu/1001/org/ochre/8ccd77c1-b918-4242-246b-e3d017182d48"">https://pi.lib.uchicago.edu/1001/org/ochre/8ccd77c1-b918-4242-246b-e3d017182d48</a>"
50.57 Pottery Registry 186 (L).pdf,50.57 Pottery Registry 186 (L).jpg,https://pi.lib.uchicago.edu/1001/org/ochre/662d8b1b-c892-52ec-1881-12d0d8d07461,Pottery Registry: Dataset 2,Pottery registries from excavation: 1985-2016,"OCHRE link: <a href=""https://pi.lib.uchicago.edu/1001/org/ochre/662d8b1b-c892-52ec-1881-12d0d8d07461"">https://pi.lib.uchicago.edu/1001/org/ochre/662d8b1b-c892-52ec-1881-12d0d8d07461</a>"
50.57 Pottery Registry 190 (L).pdf,50.57 Pottery Registry 190 (L).jpg,https://pi.lib.uchicago.edu/1001/org/ochre/5f649f83-e8cd-1519-eed6-00ea1a2d46e9,Pottery Registry: Dataset 2,Pottery registries from excavation: 1985-2016,"OCHRE link: <a href=""https://pi.lib.uchicago.edu/1001/org/ochre/5f649f83-e8cd-1519-eed6-00ea1a2d46e9"">https://pi.lib.uchicago.edu/1001/org/ochre/5f649f83-e8cd-1519-eed6-00ea1a2d46e9</a>"
50.57 Pottery Registry 194 (L).pdf,50.57 Pottery Registry 194 (L).jpg,https://pi.lib.uchicago.edu/1001/org/ochre/f32d1ffd-1db8-cef2-e923-bd275ae04787,Pottery Registry: Dataset 2,Pottery registries from excavation: 1985-2016,"OCHRE link: <a href=""https://pi.lib.uchicago.edu/1001/org/ochre/f32d1ffd-1db8-cef2-e923-bd275ae04787"">https://pi.lib.uchicago.edu/1001/org/ochre/f32d1ffd-1db8-cef2-e923-bd275ae04787</a>"
50.57 Pottery Registry 195 (L).pdf,50.57 Pottery Registry 195 (L).jpg,https://pi.lib.uchicago.edu/1001/org/ochre/c04d9c05-4cc8-fe6b-4ad1-47cdb9bfcae2,Pottery Registry: Dataset 2,Pottery registries from excavation: 1985-2016,"OCHRE link: <a href=""https://pi.lib.uchicago.edu/1001/org/ochre/c04d9c05-4cc8-fe6b-4ad1-47cdb9bfcae2"">https://pi.lib.uchicago.edu/1001/org/ochre/c04d9c05-4cc8-fe6b-4ad1-47cdb9bfcae2</a>"
50.57 Pottery Registry 203 (L).pdf,50.57 Pottery Registry 203 (L).jpg,https://pi.lib.uchicago.edu/1001/org/ochre/56bb786b-14e4-cfc2-86bc-fe499c793520,Pottery Registry: Dataset 2,Pottery registries from excavation: 1985-2016,"OCHRE link: <a href=""https://pi.lib.uchicago.edu/1001/org/ochre/56bb786b-14e4-cfc2-86bc-fe499c793520"">https://pi.lib.uchicago.edu/1001/org/ochre/56bb786b-14e4-cfc2-86bc-fe499c793520</a>"
50.57 Pottery Registry 206 (L).pdf,50.57 Pottery Registry 206 (L).jpg,https://pi.lib.uchicago.edu/1001/org/ochre/d487c344-3f6b-f6cd-18f5-94647bae6f34,Pottery Registry: Dataset 2,Pottery registries from excavation: 1985-2016,"OCHRE link: <a href=""https://pi.lib.uchicago.edu/1001/org/ochre/d487c344-3f6b-f6cd-18f5-94647bae6f34"">https://pi.lib.uchicago.edu/1001/org/ochre/d487c344-3f6b-f6cd-18f5-94647bae6f34</a>"
50.57 Pottery Registry 212 (L).pdf,50.57 Pottery Registry 212 (L).jpg,https://pi.lib.uchicago.edu/1001/org/ochre/412acb83-a8b1-bf2f-c10d-50863c067449,Pottery Registry: Dataset 2,Pottery registries from excavation: 1985-2016,"OCHRE link: <a href=""https://pi.lib.uchicago.edu/1001/org/ochre/412acb83-a8b1-bf2f-c10d-50863c067449"">https://pi.lib.uchicago.edu/1001/org/ochre/412acb83-a8b1-bf2f-c10d-50863c067449</a>"
50.57 Pottery Registry 218 (L).pdf,50.57 Pottery Registry 218 (L).jpg,https://pi.lib.uchicago.edu/1001/org/ochre/85c39078-31f3-a4e1-2045-11e84122772a,Pottery Registry: Dataset 2,Pottery registries from excavation: 1985-2016,"OCHRE link: <a href=""https://pi.lib.uchicago.edu/1001/org/ochre/85c39078-31f3-a4e1-2045-11e84122772a"">https://pi.lib.uchicago.edu/1001/org/ochre/85c39078-31f3-a4e1-2045-11e84122772a</a>"
50.57 Pottery Registry 239 (L).pdf,50.57 Pottery Registry 239 (L).jpg,https://pi.lib.uchicago.edu/1001/org/ochre/1781d697-2116-d0f5-263e-4be77b047cee,Pottery Registry: Dataset 2,Pottery registries from excavation: 1985-2016,"OCHRE link: <a href=""https://pi.lib.uchicago.edu/1001/org/ochre/1781d697-2116-d0f5-263e-4be77b047cee"">https://pi.lib.uchicago.edu/1001/org/ochre/1781d697-2116-d0f5-263e-4be77b047cee</a>"
50.57 Pottery Registry 240 (L).pdf,50.57 Pottery Registry 240 (L).jpg,https://pi.lib.uchicago.edu/1001/org/ochre/c46b7f30-feef-311e-4633-b77f71af018d,Pottery Registry: Dataset 2,Pottery registries from excavation: 1985-2016,"OCHRE link: <a href=""https://pi.lib.uchicago.edu/1001/org/ochre/c46b7f30-feef-311e-4633-b77f71af018d"">https://pi.lib.uchicago.edu/1001/org/ochre/c46b7f30-feef-311e-4633-b77f71af018d</a>"
50.57 Pottery Registry 245 (L).pdf,50.57 Pottery Registry 245 (L).jpg,https://pi.lib.uchicago.edu/1001/org/ochre/d718f29f-6b09-f29b-a0ab-f593146deeb6,Pottery Registry: Dataset 2,Pottery registries from excavation: 1985-2016,"OCHRE link: <a href=""https://pi.lib.uchicago.edu/1001/org/ochre/d718f29f-6b09-f29b-a0ab-f593146deeb6"">https://pi.lib.uchicago.edu/1001/org/ochre/d718f29f-6b09-f29b-a0ab-f593146deeb6</a>"
50.57 Pottery Registry 248 (L).pdf,50.57 Pottery Registry 248 (L).jpg,https://pi.lib.uchicago.edu/1001/org/ochre/2d7c5726-32d4-0721-442d-0d5e9e5293dc,Pottery Registry: Dataset 2,Pottery registries from excavation: 1985-2016,"OCHRE link: <a href=""https://pi.lib.uchicago.edu/1001/org/ochre/2d7c5726-32d4-0721-442d-0d5e9e5293dc"">https://pi.lib.uchicago.edu/1001/org/ochre/2d7c5726-32d4-0721-442d-0d5e9e5293dc</a>"
50.57 Pottery Registry 249 (L).pdf,50.57 Pottery Registry 249 (L).jpg,https://pi.lib.uchicago.edu/1001/org/ochre/3e712d7d-88dd-9d66-18a9-13c39fe25d3e,Pottery Registry: Dataset 2,Pottery registries from excavation: 1985-2016,"OCHRE link: <a href=""https://pi.lib.uchicago.edu/1001/org/ochre/3e712d7d-88dd-9d66-18a9-13c39fe25d3e"">https://pi.lib.uchicago.edu/1001/org/ochre/3e712d7d-88dd-9d66-18a9-13c39fe25d3e</a>"
50.57 Pottery Registry 251 (L).pdf,50.57 Pottery Registry 251 (L).jpg,https://pi.lib.uchicago.edu/1001/org/ochre/747eae91-44af-1ff8-cabe-21b2fd65d799,Pottery Registry: Dataset 2,Pottery registries from excavation: 1985-2016,"OCHRE link: <a href=""https://pi.lib.uchicago.edu/1001/org/ochre/747eae91-44af-1ff8-cabe-21b2fd65d799"">https://pi.lib.uchicago.edu/1001/org/ochre/747eae91-44af-1ff8-cabe-21b2fd65d799</a>"
50.57 Pottery Registry 256 (L).pdf,50.57 Pottery Registry 256 (L).jpg,https://pi.lib.uchicago.edu/1001/org/ochre/275d18bd-57a0-8bf3-b3c1-a375a73ecd38,Pottery Registry: Dataset 2,Pottery registries from excavation: 1985-2016,"OCHRE link: <a href=""https://pi.lib.uchicago.edu/1001/org/ochre/275d18bd-57a0-8bf3-b3c1-a375a73ecd38"">https://pi.lib.uchicago.edu/1001/org/ochre/275d18bd-57a0-8bf3-b3c1-a375a73ecd38</a>"
50.57 Pottery Registry 259 (L).pdf,50.57 Pottery Registry 259 (L).jpg,https://pi.lib.uchicago.edu/1001/org/ochre/55a512b0-e3b1-1706-c1a0-d44c118de32d,Pottery Registry: Dataset 2,Pottery registries from excavation: 1985-2016,"OCHRE link: <a href=""https://pi.lib.uchicago.edu/1001/org/ochre/55a512b0-e3b1-1706-c1a0-d44c118de32d"">https://pi.lib.uchicago.edu/1001/org/ochre/55a512b0-e3b1-1706-c1a0-d44c118de32d</a>"
50.57 Pottery Registry 268 (L).pdf,50.57 Pottery Registry 268 (L).jpg,https://pi.lib.uchicago.edu/1001/org/ochre/137eb3df-42d7-f77e-4a36-94295488223e,Pottery Registry: Dataset 2,Pottery registries from excavation: 1985-2016,"OCHRE link: <a href=""https://pi.lib.uchicago.edu/1001/org/ochre/137eb3df-42d7-f77e-4a36-94295488223e"">https://pi.lib.uchicago.edu/1001/org/ochre/137eb3df-42d7-f77e-4a36-94295488223e</a>"
50.57 Pottery Registry 274 (L).pdf,50.57 Pottery Registry 274 (L).jpg,https://pi.lib.uchicago.edu/1001/org/ochre/22756111-dbfe-a31a-f238-5c0143545af1,Pottery Registry: Dataset 2,Pottery registries from excavation: 1985-2016,"OCHRE link: <a href=""https://pi.lib.uchicago.edu/1001/org/ochre/22756111-dbfe-a31a-f238-5c0143545af1"">https://pi.lib.uchicago.edu/1001/org/ochre/22756111-dbfe-a31a-f238-5c0143545af1</a>"
50.57 Pottery Registry 275 (L).pdf,50.57 Pottery Registry 275 (L).jpg,https://pi.lib.uchicago.edu/1001/org/ochre/068e9069-6814-3e66-6c71-a17e65eae3e5,Pottery Registry: Dataset 2,Pottery registries from excavation: 1985-2016,"OCHRE link: <a href=""https://pi.lib.uchicago.edu/1001/org/ochre/068e9069-6814-3e66-6c71-a17e65eae3e5"">https://pi.lib.uchicago.edu/1001/org/ochre/068e9069-6814-3e66-6c71-a17e65eae3e5</a>"
50.57 Pottery Registry Miscellaneous.pdf,50.57 Pottery Registry Miscellaneous.jpg,https://pi.lib.uchicago.edu/1001/org/ochre/27f988b3-6ab6-9373-1b80-2ebe6a944355,Pottery Registry: Dataset 2,Pottery registries from excavation: 1985-2016,"OCHRE link: <a href=""https://pi.lib.uchicago.edu/1001/org/ochre/27f988b3-6ab6-9373-1b80-2ebe6a944355"">https://pi.lib.uchicago.edu/1001/org/ochre/27f988b3-6ab6-9373-1b80-2ebe6a944355</a>"
50.58 Pottery Registry 078 (L).pdf,50.58 Pottery Registry 078 (L).jpg,https://pi.lib.uchicago.edu/1001/org/ochre/adf1ae74-a885-fb8d-17cd-31f0afc79bba,Pottery Registry: Dataset 2,Pottery registries from excavation: 1985-2016,"OCHRE link: <a href=""https://pi.lib.uchicago.edu/1001/org/ochre/adf1ae74-a885-fb8d-17cd-31f0afc79bba"">https://pi.lib.uchicago.edu/1001/org/ochre/adf1ae74-a885-fb8d-17cd-31f0afc79bba</a>"
50.58 Pottery Registry 252 (L).pdf,50.58 Pottery Registry 252 (L).jpg,https://pi.lib.uchicago.edu/1001/org/ochre/599cdf64-0eb5-27eb-6680-095673aee3bf,Pottery Registry: Dataset 2,Pottery registries from excavation: 1985-2016,"OCHRE link: <a href=""https://pi.lib.uchicago.edu/1001/org/ochre/599cdf64-0eb5-27eb-6680-095673aee3bf"">https://pi.lib.uchicago.edu/1001/org/ochre/599cdf64-0eb5-27eb-6680-095673aee3bf</a>"
50.58 Pottery Registry 260 (L).pdf,50.58 Pottery Registry 260 (L).jpg,https://pi.lib.uchicago.edu/1001/org/ochre/5054c293-9da9-fb02-59c7-ecc7990f5fdf,Pottery Registry: Dataset 2,Pottery registries from excavation: 1985-2016,"OCHRE link: <a href=""https://pi.lib.uchicago.edu/1001/org/ochre/5054c293-9da9-fb02-59c7-ecc7990f5fdf"">https://pi.lib.uchicago.edu/1001/org/ochre/5054c293-9da9-fb02-59c7-ecc7990f5fdf</a>"
50.58 Pottery Registry 262 (L).pdf,50.58 Pottery Registry 262 (L).jpg,https://pi.lib.uchicago.edu/1001/org/ochre/d92958bc-e022-fca9-913c-e3565076dc62,Pottery Registry: Dataset 2,Pottery registries from excavation: 1985-2016,"OCHRE link: <a href=""https://pi.lib.uchicago.edu/1001/org/ochre/d92958bc-e022-fca9-913c-e3565076dc62"">https://pi.lib.uchicago.edu/1001/org/ochre/d92958bc-e022-fca9-913c-e3565076dc62</a>"
50.58 Pottery Registry 264 (L).pdf,50.58 Pottery Registry 264 (L).jpg,https://pi.lib.uchicago.edu/1001/org/ochre/7c1e68f1-bdee-3616-45ac-9a9b4f837e1c,Pottery Registry: Dataset 2,Pottery registries from excavation: 1985-2016,"OCHRE link: <a href=""https://pi.lib.uchicago.edu/1001/org/ochre/7c1e68f1-bdee-3616-45ac-9a9b4f837e1c"">https://pi.lib.uchicago.edu/1001/org/ochre/7c1e68f1-bdee-3616-45ac-9a9b4f837e1c</a>"
50.58 Pottery Registry 272 (L).pdf,50.58 Pottery Registry 272 (L).jpg,https://pi.lib.uchicago.edu/1001/org/ochre/d34b983d-df81-79cc-6a2a-e475d4d88247,Pottery Registry: Dataset 2,Pottery registries from excavation: 1985-2016,"OCHRE link: <a href=""https://pi.lib.uchicago.edu/1001/org/ochre/d34b983d-df81-79cc-6a2a-e475d4d88247"">https://pi.lib.uchicago.edu/1001/org/ochre/d34b983d-df81-79cc-6a2a-e475d4d88247</a>"
50.58 Pottery Registry 274 (L).pdf,50.58 Pottery Registry 274 (L).jpg,https://pi.lib.uchicago.edu/1001/org/ochre/f244c5d4-6325-fd25-89ac-d90883cc2ceb,Pottery Registry: Dataset 2,Pottery registries from excavation: 1985-2016,"OCHRE link: <a href=""https://pi.lib.uchicago.edu/1001/org/ochre/f244c5d4-6325-fd25-89ac-d90883cc2ceb"">https://pi.lib.uchicago.edu/1001/org/ochre/f244c5d4-6325-fd25-89ac-d90883cc2ceb</a>"
50.58 Pottery Registry 296 (F).pdf,50.58 Pottery Registry 296 (F).jpg,https://pi.lib.uchicago.edu/1001/org/ochre/3639b395-5134-c79f-fc6b-c5b774e6e65f,Pottery Registry: Dataset 2,Pottery registries from excavation: 1985-2016,"OCHRE link: <a href=""https://pi.lib.uchicago.edu/1001/org/ochre/3639b395-5134-c79f-fc6b-c5b774e6e65f"">https://pi.lib.uchicago.edu/1001/org/ochre/3639b395-5134-c79f-fc6b-c5b774e6e65f</a>"
50.58 Pottery Registry 297 (L).pdf,50.58 Pottery Registry 297 (L).jpg,https://pi.lib.uchicago.edu/1001/org/ochre/079a716f-92b8-b0f8-c3e3-96f3f384f7aa,Pottery Registry: Dataset 2,Pottery registries from excavation: 1985-2016,"OCHRE link: <a href=""https://pi.lib.uchicago.edu/1001/org/ochre/079a716f-92b8-b0f8-c3e3-96f3f384f7aa"">https://pi.lib.uchicago.edu/1001/org/ochre/079a716f-92b8-b0f8-c3e3-96f3f384f7aa</a>"
50.58 Pottery Registry 298 (L).pdf,50.58 Pottery Registry 298 (L).jpg,https://pi.lib.uchicago.edu/1001/org/ochre/cf275c21-b830-cf5a-b5a3-a6ffe473f174,Pottery Registry: Dataset 2,Pottery registries from excavation: 1985-2016,"OCHRE link: <a href=""https://pi.lib.uchicago.edu/1001/org/ochre/cf275c21-b830-cf5a-b5a3-a6ffe473f174"">https://pi.lib.uchicago.edu/1001/org/ochre/cf275c21-b830-cf5a-b5a3-a6ffe473f174</a>"
50.58 Pottery Registry 302 (L).pdf,50.58 Pottery Registry 302 (L).jpg,https://pi.lib.uchicago.edu/1001/org/ochre/68fc9cba-f098-fab8-062a-97855cccbe4f,Pottery Registry: Dataset 2,Pottery registries from excavation: 1985-2016,"OCHRE link: <a href=""https://pi.lib.uchicago.edu/1001/org/ochre/68fc9cba-f098-fab8-062a-97855cccbe4f"">https://pi.lib.uchicago.edu/1001/org/ochre/68fc9cba-f098-fab8-062a-97855cccbe4f</a>"
50.58 Pottery Registry 318 (L).pdf,50.58 Pottery Registry 318 (L).jpg,https://pi.lib.uchicago.edu/1001/org/ochre/a3705a0f-2a4e-7f9b-e14c-729844d55f86,Pottery Registry: Dataset 2,Pottery registries from excavation: 1985-2016,"OCHRE link: <a href=""https://pi.lib.uchicago.edu/1001/org/ochre/a3705a0f-2a4e-7f9b-e14c-729844d55f86"">https://pi.lib.uchicago.edu/1001/org/ochre/a3705a0f-2a4e-7f9b-e14c-729844d55f86</a>"
50.58 Pottery Registry 329 (F).pdf,50.58 Pottery Registry 329 (F).jpg,https://pi.lib.uchicago.edu/1001/org/ochre/26d172db-a94d-3f4c-9e5f-c8bceda5192f,Pottery Registry: Dataset 2,Pottery registries from excavation: 1985-2016,"OCHRE link: <a href=""https://pi.lib.uchicago.edu/1001/org/ochre/26d172db-a94d-3f4c-9e5f-c8bceda5192f"">https://pi.lib.uchicago.edu/1001/org/ochre/26d172db-a94d-3f4c-9e5f-c8bceda5192f</a>"
50.58 Pottery Registry 330 (L).pdf,50.58 Pottery Registry 330 (L).jpg,https://pi.lib.uchicago.edu/1001/org/ochre/552ea5ce-9ec8-32a0-0c96-303c350b2ad8,Pottery Registry: Dataset 2,Pottery registries from excavation: 1985-2016,"OCHRE link: <a href=""https://pi.lib.uchicago.edu/1001/org/ochre/552ea5ce-9ec8-32a0-0c96-303c350b2ad8"">https://pi.lib.uchicago.edu/1001/org/ochre/552ea5ce-9ec8-32a0-0c96-303c350b2ad8</a>"
50.58 Pottery Registry 332 (L).pdf,50.58 Pottery Registry 332 (L).jpg,https://pi.lib.uchicago.edu/1001/org/ochre/59b19ff6-13ab-d453-3f48-006f8fe2334f,Pottery Registry: Dataset 2,Pottery registries from excavation: 1985-2016,"OCHRE link: <a href=""https://pi.lib.uchicago.edu/1001/org/ochre/59b19ff6-13ab-d453-3f48-006f8fe2334f"">https://pi.lib.uchicago.edu/1001/org/ochre/59b19ff6-13ab-d453-3f48-006f8fe2334f</a>"
50.58 Pottery Registry 337 (L).pdf,50.58 Pottery Registry 337 (L).jpg,https://pi.lib.uchicago.edu/1001/org/ochre/d471b820-1a22-9c85-8077-32533d1f4e5a,Pottery Registry: Dataset 2,Pottery registries from excavation: 1985-2016,"OCHRE link: <a href=""https://pi.lib.uchicago.edu/1001/org/ochre/d471b820-1a22-9c85-8077-32533d1f4e5a"">https://pi.lib.uchicago.edu/1001/org/ochre/d471b820-1a22-9c85-8077-32533d1f4e5a</a>"
50.58 Pottery Registry 338 (L).pdf,50.58 Pottery Registry 338 (L).jpg,https://pi.lib.uchicago.edu/1001/org/ochre/4dadc1c5-fc9b-5e82-6f2f-1de437c2dbc5,Pottery Registry: Dataset 2,Pottery registries from excavation: 1985-2016,"OCHRE link: <a href=""https://pi.lib.uchicago.edu/1001/org/ochre/4dadc1c5-fc9b-5e82-6f2f-1de437c2dbc5"">https://pi.lib.uchicago.edu/1001/org/ochre/4dadc1c5-fc9b-5e82-6f2f-1de437c2dbc5</a>"
50.58 Pottery Registry 341 (L).pdf,50.58 Pottery Registry 341 (L).jpg,https://pi.lib.uchicago.edu/1001/org/ochre/01eb2116-5fc1-06ec-085e-848ac8364906,Pottery Registry: Dataset 2,Pottery registries from excavation: 1985-2016,"OCHRE link: <a href=""https://pi.lib.uchicago.edu/1001/org/ochre/01eb2116-5fc1-06ec-085e-848ac8364906"">https://pi.lib.uchicago.edu/1001/org/ochre/01eb2116-5fc1-06ec-085e-848ac8364906</a>"
50.58 Pottery Registry 347 (L).pdf,50.58 Pottery Registry 347 (L).jpg,https://pi.lib.uchicago.edu/1001/org/ochre/f88b383d-c037-3c68-2270-c3f18a70bbb1,Pottery Registry: Dataset 2,Pottery registries from excavation: 1985-2016,"OCHRE link: <a href=""https://pi.lib.uchicago.edu/1001/org/ochre/f88b383d-c037-3c68-2270-c3f18a70bbb1"">https://pi.lib.uchicago.edu/1001/org/ochre/f88b383d-c037-3c68-2270-c3f18a70bbb1</a>"
50.58 Pottery Registry 348 (L).pdf,50.58 Pottery Registry 348 (L).jpg,https://pi.lib.uchicago.edu/1001/org/ochre/2abe3b5c-61b8-74f5-f98a-dfa7f56141ae,Pottery Registry: Dataset 2,Pottery registries from excavation: 1985-2016,"OCHRE link: <a href=""https://pi.lib.uchicago.edu/1001/org/ochre/2abe3b5c-61b8-74f5-f98a-dfa7f56141ae"">https://pi.lib.uchicago.edu/1001/org/ochre/2abe3b5c-61b8-74f5-f98a-dfa7f56141ae</a>"
50.58 Pottery Registry 351 (L).pdf,50.58 Pottery Registry 351 (L).jpg,https://pi.lib.uchicago.edu/1001/org/ochre/42961d8c-24cd-202c-d084-92beb57d0fb3,Pottery Registry: Dataset 2,Pottery registries from excavation: 1985-2016,"OCHRE link: <a href=""https://pi.lib.uchicago.edu/1001/org/ochre/42961d8c-24cd-202c-d084-92beb57d0fb3"">https://pi.lib.uchicago.edu/1001/org/ochre/42961d8c-24cd-202c-d084-92beb57d0fb3</a>"
50.58 Pottery Registry 356 (L).pdf,50.58 Pottery Registry 356 (L).jpg,https://pi.lib.uchicago.edu/1001/org/ochre/0ebe43c7-4eec-375a-5d55-4a8f8001bf99,Pottery Registry: Dataset 2,Pottery registries from excavation: 1985-2016,"OCHRE link: <a href=""https://pi.lib.uchicago.edu/1001/org/ochre/0ebe43c7-4eec-375a-5d55-4a8f8001bf99"">https://pi.lib.uchicago.edu/1001/org/ochre/0ebe43c7-4eec-375a-5d55-4a8f8001bf99</a>"
50.58 Pottery Registry 365 (L).pdf,50.58 Pottery Registry 365 (L).jpg,https://pi.lib.uchicago.edu/1001/org/ochre/dcc6f737-c721-3c3c-6dd4-5b5d74aaa3ae,Pottery Registry: Dataset 2,Pottery registries from excavation: 1985-2016,"OCHRE link: <a href=""https://pi.lib.uchicago.edu/1001/org/ochre/dcc6f737-c721-3c3c-6dd4-5b5d74aaa3ae"">https://pi.lib.uchicago.edu/1001/org/ochre/dcc6f737-c721-3c3c-6dd4-5b5d74aaa3ae</a>"
50.58 Pottery Registry 368 (L).pdf,50.58 Pottery Registry 368 (L).jpg,https://pi.lib.uchicago.edu/1001/org/ochre/4155811f-f499-4273-222d-3bd4e085baa8,Pottery Registry: Dataset 2,Pottery registries from excavation: 1985-2016,"OCHRE link: <a href=""https://pi.lib.uchicago.edu/1001/org/ochre/4155811f-f499-4273-222d-3bd4e085baa8"">https://pi.lib.uchicago.edu/1001/org/ochre/4155811f-f499-4273-222d-3bd4e085baa8</a>"
50.58 Pottery Registry 377 (L).pdf,50.58 Pottery Registry 377 (L).jpg,https://pi.lib.uchicago.edu/1001/org/ochre/bd42ab7c-1064-caef-c632-34b330c63bc9,Pottery Registry: Dataset 2,Pottery registries from excavation: 1985-2016,"OCHRE link: <a href=""https://pi.lib.uchicago.edu/1001/org/ochre/bd42ab7c-1064-caef-c632-34b330c63bc9"">https://pi.lib.uchicago.edu/1001/org/ochre/bd42ab7c-1064-caef-c632-34b330c63bc9</a>"
50.58 Pottery Registry 395 (L).pdf,50.58 Pottery Registry 395 (L).jpg,https://pi.lib.uchicago.edu/1001/org/ochre/53657333-ae61-57f5-77db-272d51edf536,Pottery Registry: Dataset 2,Pottery registries from excavation: 1985-2016,"OCHRE link: <a href=""https://pi.lib.uchicago.edu/1001/org/ochre/53657333-ae61-57f5-77db-272d51edf536"">https://pi.lib.uchicago.edu/1001/org/ochre/53657333-ae61-57f5-77db-272d51edf536</a>"
50.58 Pottery Registry 396 (L).pdf,50.58 Pottery Registry 396 (L).jpg,https://pi.lib.uchicago.edu/1001/org/ochre/3a20af63-b4b2-cd25-39d3-5724339ef530,Pottery Registry: Dataset 2,Pottery registries from excavation: 1985-2016,"OCHRE link: <a href=""https://pi.lib.uchicago.edu/1001/org/ochre/3a20af63-b4b2-cd25-39d3-5724339ef530"">https://pi.lib.uchicago.edu/1001/org/ochre/3a20af63-b4b2-cd25-39d3-5724339ef530</a>"
50.58 Pottery Registry 405 (L).pdf,50.58 Pottery Registry 405 (L).jpg,https://pi.lib.uchicago.edu/1001/org/ochre/fdd4ec91-a14f-b7d8-8a2d-47f989e4425b,Pottery Registry: Dataset 2,Pottery registries from excavation: 1985-2016,"OCHRE link: <a href=""https://pi.lib.uchicago.edu/1001/org/ochre/fdd4ec91-a14f-b7d8-8a2d-47f989e4425b"">https://pi.lib.uchicago.edu/1001/org/ochre/fdd4ec91-a14f-b7d8-8a2d-47f989e4425b</a>"
50.58 Pottery Registry 409 (L).pdf,50.58 Pottery Registry 409 (L).jpg,https://pi.lib.uchicago.edu/1001/org/ochre/37e79043-995e-611c-07ab-20a7208c89bf,Pottery Registry: Dataset 2,Pottery registries from excavation: 1985-2016,"OCHRE link: <a href=""https://pi.lib.uchicago.edu/1001/org/ochre/37e79043-995e-611c-07ab-20a7208c89bf"">https://pi.lib.uchicago.edu/1001/org/ochre/37e79043-995e-611c-07ab-20a7208c89bf</a>"
50.58 Pottery Registry 412 (L).pdf,50.58 Pottery Registry 412 (L).jpg,https://pi.lib.uchicago.edu/1001/org/ochre/4d361a2b-9233-0a5b-5e97-99f9d44c40da,Pottery Registry: Dataset 2,Pottery registries from excavation: 1985-2016,"OCHRE link: <a href=""https://pi.lib.uchicago.edu/1001/org/ochre/4d361a2b-9233-0a5b-5e97-99f9d44c40da"">https://pi.lib.uchicago.edu/1001/org/ochre/4d361a2b-9233-0a5b-5e97-99f9d44c40da</a>"
50.58 Pottery Registry 418 (L).pdf,50.58 Pottery Registry 418 (L).jpg,https://pi.lib.uchicago.edu/1001/org/ochre/e567fc82-ae64-030b-8ed3-be869964d2bc,Pottery Registry: Dataset 2,Pottery registries from excavation: 1985-2016,"OCHRE link: <a href=""https://pi.lib.uchicago.edu/1001/org/ochre/e567fc82-ae64-030b-8ed3-be869964d2bc"">https://pi.lib.uchicago.edu/1001/org/ochre/e567fc82-ae64-030b-8ed3-be869964d2bc</a>"
50.58 Pottery Registry 419 (L).pdf,50.58 Pottery Registry 419 (L).jpg,https://pi.lib.uchicago.edu/1001/org/ochre/e5d09247-0dae-b091-9305-51bf1f3995d4,Pottery Registry: Dataset 2,Pottery registries from excavation: 1985-2016,"OCHRE link: <a href=""https://pi.lib.uchicago.edu/1001/org/ochre/e5d09247-0dae-b091-9305-51bf1f3995d4"">https://pi.lib.uchicago.edu/1001/org/ochre/e5d09247-0dae-b091-9305-51bf1f3995d4</a>"
50.58 Pottery Registry 421 (L).pdf,50.58 Pottery Registry 421 (L).jpg,https://pi.lib.uchicago.edu/1001/org/ochre/1c02db6c-9db2-4c18-82ea-04cf25acddf3,Pottery Registry: Dataset 2,Pottery registries from excavation: 1985-2016,"OCHRE link: <a href=""https://pi.lib.uchicago.edu/1001/org/ochre/1c02db6c-9db2-4c18-82ea-04cf25acddf3"">https://pi.lib.uchicago.edu/1001/org/ochre/1c02db6c-9db2-4c18-82ea-04cf25acddf3</a>"
50.58 Pottery Registry 422 (L).pdf,50.58 Pottery Registry 422 (L).jpg,https://pi.lib.uchicago.edu/1001/org/ochre/fc75db62-5a37-b5f9-db93-08c33fd28cc3,Pottery Registry: Dataset 2,Pottery registries from excavation: 1985-2016,"OCHRE link: <a href=""https://pi.lib.uchicago.edu/1001/org/ochre/fc75db62-5a37-b5f9-db93-08c33fd28cc3"">https://pi.lib.uchicago.edu/1001/org/ochre/fc75db62-5a37-b5f9-db93-08c33fd28cc3</a>"
50.58 Pottery Registry 424 (L).pdf,50.58 Pottery Registry 424 (L).jpg,https://pi.lib.uchicago.edu/1001/org/ochre/a294dc4f-dcd9-5f11-7d00-74b1d40660fe,Pottery Registry: Dataset 2,Pottery registries from excavation: 1985-2016,"OCHRE link: <a href=""https://pi.lib.uchicago.edu/1001/org/ochre/a294dc4f-dcd9-5f11-7d00-74b1d40660fe"">https://pi.lib.uchicago.edu/1001/org/ochre/a294dc4f-dcd9-5f11-7d00-74b1d40660fe</a>"
50.58 Pottery Registry 430 (L).pdf,50.58 Pottery Registry 430 (L).jpg,https://pi.lib.uchicago.edu/1001/org/ochre/d2fbe36e-8d65-0eb3-23fc-652a9b948848,Pottery Registry: Dataset 2,Pottery registries from excavation: 1985-2016,"OCHRE link: <a href=""https://pi.lib.uchicago.edu/1001/org/ochre/d2fbe36e-8d65-0eb3-23fc-652a9b948848"">https://pi.lib.uchicago.edu/1001/org/ochre/d2fbe36e-8d65-0eb3-23fc-652a9b948848</a>"
50.58 Pottery Registry 440 (L).pdf,50.58 Pottery Registry 440 (L).jpg,https://pi.lib.uchicago.edu/1001/org/ochre/710489cf-0077-28ca-4e07-6491b5061966,Pottery Registry: Dataset 2,Pottery registries from excavation: 1985-2016,"OCHRE link: <a href=""https://pi.lib.uchicago.edu/1001/org/ochre/710489cf-0077-28ca-4e07-6491b5061966"">https://pi.lib.uchicago.edu/1001/org/ochre/710489cf-0077-28ca-4e07-6491b5061966</a>"
50.58 Pottery Registry 445 (L).pdf,50.58 Pottery Registry 445 (L).jpg,https://pi.lib.uchicago.edu/1001/org/ochre/f7539bdd-2168-e70b-e9fe-6f659d2fafb9,Pottery Registry: Dataset 2,Pottery registries from excavation: 1985-2016,"OCHRE link: <a href=""https://pi.lib.uchicago.edu/1001/org/ochre/f7539bdd-2168-e70b-e9fe-6f659d2fafb9"">https://pi.lib.uchicago.edu/1001/org/ochre/f7539bdd-2168-e70b-e9fe-6f659d2fafb9</a>"
50.58 Pottery Registry 448 (L).pdf,50.58 Pottery Registry 448 (L).jpg,https://pi.lib.uchicago.edu/1001/org/ochre/c7657f8b-d107-e4c7-7070-0dae4c506981,Pottery Registry: Dataset 2,Pottery registries from excavation: 1985-2016,"OCHRE link: <a href=""https://pi.lib.uchicago.edu/1001/org/ochre/c7657f8b-d107-e4c7-7070-0dae4c506981"">https://pi.lib.uchicago.edu/1001/org/ochre/c7657f8b-d107-e4c7-7070-0dae4c506981</a>"
50.58 Pottery Registry 453 (L).pdf,50.58 Pottery Registry 453 (L).jpg,https://pi.lib.uchicago.edu/1001/org/ochre/32596a9e-43df-c80b-6bd2-a854188e2fea,Pottery Registry: Dataset 2,Pottery registries from excavation: 1985-2016,"OCHRE link: <a href=""https://pi.lib.uchicago.edu/1001/org/ochre/32596a9e-43df-c80b-6bd2-a854188e2fea"">https://pi.lib.uchicago.edu/1001/org/ochre/32596a9e-43df-c80b-6bd2-a854188e2fea</a>"
50.58 Pottery Registry 458 (L).pdf,50.58 Pottery Registry 458 (L).jpg,https://pi.lib.uchicago.edu/1001/org/ochre/cc7923dc-5d1b-3e2d-3676-b3c33aec87ca,Pottery Registry: Dataset 2,Pottery registries from excavation: 1985-2016,"OCHRE link: <a href=""https://pi.lib.uchicago.edu/1001/org/ochre/cc7923dc-5d1b-3e2d-3676-b3c33aec87ca"">https://pi.lib.uchicago.edu/1001/org/ochre/cc7923dc-5d1b-3e2d-3676-b3c33aec87ca</a>"
50.58 Pottery Registry 459 (L).pdf,50.58 Pottery Registry 459 (L).jpg,https://pi.lib.uchicago.edu/1001/org/ochre/6df8b94d-df3e-3cf0-6074-c9df55a412e8,Pottery Registry: Dataset 2,Pottery registries from excavation: 1985-2016,"OCHRE link: <a href=""https://pi.lib.uchicago.edu/1001/org/ochre/6df8b94d-df3e-3cf0-6074-c9df55a412e8"">https://pi.lib.uchicago.edu/1001/org/ochre/6df8b94d-df3e-3cf0-6074-c9df55a412e8</a>"
50.58 Pottery Registry 462 (L).pdf,50.58 Pottery Registry 462 (L).jpg,https://pi.lib.uchicago.edu/1001/org/ochre/a2f329c6-abf8-7c3b-4222-0e5c5160c137,Pottery Registry: Dataset 2,Pottery registries from excavation: 1985-2016,"OCHRE link: <a href=""https://pi.lib.uchicago.edu/1001/org/ochre/a2f329c6-abf8-7c3b-4222-0e5c5160c137"">https://pi.lib.uchicago.edu/1001/org/ochre/a2f329c6-abf8-7c3b-4222-0e5c5160c137</a>"
50.58 Pottery Registry 465 (L).pdf,50.58 Pottery Registry 465 (L).jpg,https://pi.lib.uchicago.edu/1001/org/ochre/8216f06b-01d8-6e9c-9b99-6eb192e47537,Pottery Registry: Dataset 2,Pottery registries from excavation: 1985-2016,"OCHRE link: <a href=""https://pi.lib.uchicago.edu/1001/org/ochre/8216f06b-01d8-6e9c-9b99-6eb192e47537"">https://pi.lib.uchicago.edu/1001/org/ochre/8216f06b-01d8-6e9c-9b99-6eb192e47537</a>"
50.59 Pottery Registry 002 (L).pdf,50.59 Pottery Registry 002 (L).jpg,https://pi.lib.uchicago.edu/1001/org/ochre/1600da5d-38fa-73c7-ca29-57379a0c1b84,Pottery Registry: Dataset 2,Pottery registries from excavation: 1985-2016,"OCHRE link: <a href=""https://pi.lib.uchicago.edu/1001/org/ochre/1600da5d-38fa-73c7-ca29-57379a0c1b84"">https://pi.lib.uchicago.edu/1001/org/ochre/1600da5d-38fa-73c7-ca29-57379a0c1b84</a>"
50.59 Pottery Registry 003 (L).pdf,50.59 Pottery Registry 003 (L).jpg,https://pi.lib.uchicago.edu/1001/org/ochre/f9beb2e8-a252-aed3-9afa-6d494f22156b,Pottery Registry: Dataset 2,Pottery registries from excavation: 1985-2016,"OCHRE link: <a href=""https://pi.lib.uchicago.edu/1001/org/ochre/f9beb2e8-a252-aed3-9afa-6d494f22156b"">https://pi.lib.uchicago.edu/1001/org/ochre/f9beb2e8-a252-aed3-9afa-6d494f22156b</a>"
50.59 Pottery Registry 004 (L).pdf,50.59 Pottery Registry 004 (L).jpg,https://pi.lib.uchicago.edu/1001/org/ochre/660b175e-4a63-a696-a38a-ebd82475dc6b,Pottery Registry: Dataset 2,Pottery registries from excavation: 1985-2016,"OCHRE link: <a href=""https://pi.lib.uchicago.edu/1001/org/ochre/660b175e-4a63-a696-a38a-ebd82475dc6b"">https://pi.lib.uchicago.edu/1001/org/ochre/660b175e-4a63-a696-a38a-ebd82475dc6b</a>"
50.59 Pottery Registry 007 (L).pdf,50.59 Pottery Registry 007 (L).jpg,https://pi.lib.uchicago.edu/1001/org/ochre/f24440a8-f7e3-530a-c391-de1c49a3ed73,Pottery Registry: Dataset 2,Pottery registries from excavation: 1985-2016,"OCHRE link: <a href=""https://pi.lib.uchicago.edu/1001/org/ochre/f24440a8-f7e3-530a-c391-de1c49a3ed73"">https://pi.lib.uchicago.edu/1001/org/ochre/f24440a8-f7e3-530a-c391-de1c49a3ed73</a>"
50.59 Pottery Registry 011 (L).pdf,50.59 Pottery Registry 011 (L).jpg,https://pi.lib.uchicago.edu/1001/org/ochre/f41e6b8e-bb35-87ea-8e46-4b704c6a4a41,Pottery Registry: Dataset 2,Pottery registries from excavation: 1985-2016,"OCHRE link: <a href=""https://pi.lib.uchicago.edu/1001/org/ochre/f41e6b8e-bb35-87ea-8e46-4b704c6a4a41"">https://pi.lib.uchicago.edu/1001/org/ochre/f41e6b8e-bb35-87ea-8e46-4b704c6a4a41</a>"
50.59 Pottery Registry 015 (L).pdf,50.59 Pottery Registry 015 (L).jpg,https://pi.lib.uchicago.edu/1001/org/ochre/9c98b93f-01ed-167b-9837-ac2a48a5548b,Pottery Registry: Dataset 2,Pottery registries from excavation: 1985-2016,"OCHRE link: <a href=""https://pi.lib.uchicago.edu/1001/org/ochre/9c98b93f-01ed-167b-9837-ac2a48a5548b"">https://pi.lib.uchicago.edu/1001/org/ochre/9c98b93f-01ed-167b-9837-ac2a48a5548b</a>"
50.59 Pottery Registry 017 (L).pdf,50.59 Pottery Registry 017 (L).jpg,https://pi.lib.uchicago.edu/1001/org/ochre/c28becb1-a52e-82ba-de02-25f10e0a465d,Pottery Registry: Dataset 2,Pottery registries from excavation: 1985-2016,"OCHRE link: <a href=""https://pi.lib.uchicago.edu/1001/org/ochre/c28becb1-a52e-82ba-de02-25f10e0a465d"">https://pi.lib.uchicago.edu/1001/org/ochre/c28becb1-a52e-82ba-de02-25f10e0a465d</a>"
50.59 Pottery Registry 019 (L).pdf,50.59 Pottery Registry 019 (L).jpg,https://pi.lib.uchicago.edu/1001/org/ochre/dd1ae8c3-f348-f15f-95c0-588383a5a9a4,Pottery Registry: Dataset 2,Pottery registries from excavation: 1985-2016,"OCHRE link: <a href=""https://pi.lib.uchicago.edu/1001/org/ochre/dd1ae8c3-f348-f15f-95c0-588383a5a9a4"">https://pi.lib.uchicago.edu/1001/org/ochre/dd1ae8c3-f348-f15f-95c0-588383a5a9a4</a>"
50.59 Pottery Registry 020 (F).pdf,50.59 Pottery Registry 020 (F).jpg,https://pi.lib.uchicago.edu/1001/org/ochre/a098633a-e8c6-0116-2a6d-5fd6ee59c78b,Pottery Registry: Dataset 2,Pottery registries from excavation: 1985-2016,"OCHRE link: <a href=""https://pi.lib.uchicago.edu/1001/org/ochre/a098633a-e8c6-0116-2a6d-5fd6ee59c78b"">https://pi.lib.uchicago.edu/1001/org/ochre/a098633a-e8c6-0116-2a6d-5fd6ee59c78b</a>"
50.59 Pottery Registry 021 (L).pdf,50.59 Pottery Registry 021 (L).jpg,https://pi.lib.uchicago.edu/1001/org/ochre/3f998017-8c7f-29de-36ab-b79c31f76879,Pottery Registry: Dataset 2,Pottery registries from excavation: 1985-2016,"OCHRE link: <a href=""https://pi.lib.uchicago.edu/1001/org/ochre/3f998017-8c7f-29de-36ab-b79c31f76879"">https://pi.lib.uchicago.edu/1001/org/ochre/3f998017-8c7f-29de-36ab-b79c31f76879</a>"
50.59 Pottery Registry 023 (L).pdf,50.59 Pottery Registry 023 (L).jpg,https://pi.lib.uchicago.edu/1001/org/ochre/04fade7c-90f9-89be-e8e6-8dd2ec7ce5cb,Pottery Registry: Dataset 2,Pottery registries from excavation: 1985-2016,"OCHRE link: <a href=""https://pi.lib.uchicago.edu/1001/org/ochre/04fade7c-90f9-89be-e8e6-8dd2ec7ce5cb"">https://pi.lib.uchicago.edu/1001/org/ochre/04fade7c-90f9-89be-e8e6-8dd2ec7ce5cb</a>"
50.59 Pottery Registry 026 (L).pdf,50.59 Pottery Registry 026 (L).jpg,https://pi.lib.uchicago.edu/1001/org/ochre/337117ad-6a98-7e44-9bde-800abf377a65,Pottery Registry: Dataset 2,Pottery registries from excavation: 1985-2016,"OCHRE link: <a href=""https://pi.lib.uchicago.edu/1001/org/ochre/337117ad-6a98-7e44-9bde-800abf377a65"">https://pi.lib.uchicago.edu/1001/org/ochre/337117ad-6a98-7e44-9bde-800abf377a65</a>"
50.59 Pottery Registry 027 (F).pdf,50.59 Pottery Registry 027 (F).jpg,https://pi.lib.uchicago.edu/1001/org/ochre/5a2ed348-5c8f-3f73-fee5-2c461c3aba80,Pottery Registry: Dataset 2,Pottery registries from excavation: 1985-2016,"OCHRE link: <a href=""https://pi.lib.uchicago.edu/1001/org/ochre/5a2ed348-5c8f-3f73-fee5-2c461c3aba80"">https://pi.lib.uchicago.edu/1001/org/ochre/5a2ed348-5c8f-3f73-fee5-2c461c3aba80</a>"
50.59 Pottery Registry 028 (F).pdf,50.59 Pottery Registry 028 (F).jpg,https://pi.lib.uchicago.edu/1001/org/ochre/ea794e26-f47d-678c-64ec-29248180dcc4,Pottery Registry: Dataset 2,Pottery registries from excavation: 1985-2016,"OCHRE link: <a href=""https://pi.lib.uchicago.edu/1001/org/ochre/ea794e26-f47d-678c-64ec-29248180dcc4"">https://pi.lib.uchicago.edu/1001/org/ochre/ea794e26-f47d-678c-64ec-29248180dcc4</a>"
50.59 Pottery Registry 029 (F).pdf,50.59 Pottery Registry 029 (F).jpg,https://pi.lib.uchicago.edu/1001/org/ochre/8907e12b-900b-da7b-8a7b-333ab22867b1,Pottery Registry: Dataset 2,Pottery registries from excavation: 1985-2016,"OCHRE link: <a href=""https://pi.lib.uchicago.edu/1001/org/ochre/8907e12b-900b-da7b-8a7b-333ab22867b1"">https://pi.lib.uchicago.edu/1001/org/ochre/8907e12b-900b-da7b-8a7b-333ab22867b1</a>"
50.59 Pottery Registry 029-018 (LF).pdf,50.59 Pottery Registry 029-018 (LF).jpg,https://pi.lib.uchicago.edu/1001/org/ochre/7780c029-0c63-0dcd-bc04-fade5b9859ac,Pottery Registry: Dataset 2,Pottery registries from excavation: 1985-2016,"OCHRE link: <a href=""https://pi.lib.uchicago.edu/1001/org/ochre/7780c029-0c63-0dcd-bc04-fade5b9859ac"">https://pi.lib.uchicago.edu/1001/org/ochre/7780c029-0c63-0dcd-bc04-fade5b9859ac</a>"
50.59 Pottery Registry 030 (L).pdf,50.59 Pottery Registry 030 (L).jpg,https://pi.lib.uchicago.edu/1001/org/ochre/f51fa2c2-191e-9ae9-819f-b161946794c2,Pottery Registry: Dataset 2,Pottery registries from excavation: 1985-2016,"OCHRE link: <a href=""https://pi.lib.uchicago.edu/1001/org/ochre/f51fa2c2-191e-9ae9-819f-b161946794c2"">https://pi.lib.uchicago.edu/1001/org/ochre/f51fa2c2-191e-9ae9-819f-b161946794c2</a>"
50.59 Pottery Registry 031 (L).pdf,50.59 Pottery Registry 031 (L).jpg,https://pi.lib.uchicago.edu/1001/org/ochre/6e31c9f3-bd02-def1-1190-2a85a406158c,Pottery Registry: Dataset 2,Pottery registries from excavation: 1985-2016,"OCHRE link: <a href=""https://pi.lib.uchicago.edu/1001/org/ochre/6e31c9f3-bd02-def1-1190-2a85a406158c"">https://pi.lib.uchicago.edu/1001/org/ochre/6e31c9f3-bd02-def1-1190-2a85a406158c</a>"
50.59 Pottery Registry 032 (L).pdf,50.59 Pottery Registry 032 (L).jpg,https://pi.lib.uchicago.edu/1001/org/ochre/a977a3d4-7001-59d3-5853-7e25c1c3744c,Pottery Registry: Dataset 2,Pottery registries from excavation: 1985-2016,"OCHRE link: <a href=""https://pi.lib.uchicago.edu/1001/org/ochre/a977a3d4-7001-59d3-5853-7e25c1c3744c"">https://pi.lib.uchicago.edu/1001/org/ochre/a977a3d4-7001-59d3-5853-7e25c1c3744c</a>"
50.59 Pottery Registry 035 (L).pdf,50.59 Pottery Registry 035 (L).jpg,https://pi.lib.uchicago.edu/1001/org/ochre/70d48c12-eeb2-07f4-0888-0e50cf8e07e8,Pottery Registry: Dataset 2,Pottery registries from excavation: 1985-2016,"OCHRE link: <a href=""https://pi.lib.uchicago.edu/1001/org/ochre/70d48c12-eeb2-07f4-0888-0e50cf8e07e8"">https://pi.lib.uchicago.edu/1001/org/ochre/70d48c12-eeb2-07f4-0888-0e50cf8e07e8</a>"
50.59 Pottery Registry 036 (L).pdf,50.59 Pottery Registry 036 (L).jpg,https://pi.lib.uchicago.edu/1001/org/ochre/21418a19-3c84-96d3-0f6e-15ea593d1965,Pottery Registry: Dataset 2,Pottery registries from excavation: 1985-2016,"OCHRE link: <a href=""https://pi.lib.uchicago.edu/1001/org/ochre/21418a19-3c84-96d3-0f6e-15ea593d1965"">https://pi.lib.uchicago.edu/1001/org/ochre/21418a19-3c84-96d3-0f6e-15ea593d1965</a>"
50.59 Pottery Registry 042 (L).pdf,50.59 Pottery Registry 042 (L).jpg,https://pi.lib.uchicago.edu/1001/org/ochre/2dc8baf5-71b6-327b-6d94-f30b932432ed,Pottery Registry: Dataset 2,Pottery registries from excavation: 1985-2016,"OCHRE link: <a href=""https://pi.lib.uchicago.edu/1001/org/ochre/2dc8baf5-71b6-327b-6d94-f30b932432ed"">https://pi.lib.uchicago.edu/1001/org/ochre/2dc8baf5-71b6-327b-6d94-f30b932432ed</a>"
50.59 Pottery Registry 043 (F).pdf,50.59 Pottery Registry 043 (F).jpg,https://pi.lib.uchicago.edu/1001/org/ochre/98dddefa-ce5e-91cc-04a4-d3a3e8b54c43,Pottery Registry: Dataset 2,Pottery registries from excavation: 1985-2016,"OCHRE link: <a href=""https://pi.lib.uchicago.edu/1001/org/ochre/98dddefa-ce5e-91cc-04a4-d3a3e8b54c43"">https://pi.lib.uchicago.edu/1001/org/ochre/98dddefa-ce5e-91cc-04a4-d3a3e8b54c43</a>"
50.59 Pottery Registry 044 (L).pdf,50.59 Pottery Registry 044 (L).jpg,https://pi.lib.uchicago.edu/1001/org/ochre/b744a670-25e8-34d6-46c9-304b2688499f,Pottery Registry: Dataset 2,Pottery registries from excavation: 1985-2016,"OCHRE link: <a href=""https://pi.lib.uchicago.edu/1001/org/ochre/b744a670-25e8-34d6-46c9-304b2688499f"">https://pi.lib.uchicago.edu/1001/org/ochre/b744a670-25e8-34d6-46c9-304b2688499f</a>"
50.59 Pottery Registry 046 (L).pdf,50.59 Pottery Registry 046 (L).jpg,https://pi.lib.uchicago.edu/1001/org/ochre/ed237559-41e3-c0b9-5635-d932dd4ae83f,Pottery Registry: Dataset 2,Pottery registries from excavation: 1985-2016,"OCHRE link: <a href=""https://pi.lib.uchicago.edu/1001/org/ochre/ed237559-41e3-c0b9-5635-d932dd4ae83f"">https://pi.lib.uchicago.edu/1001/org/ochre/ed237559-41e3-c0b9-5635-d932dd4ae83f</a>"
50.59 Pottery Registry 048 (L).pdf,50.59 Pottery Registry 048 (L).jpg,https://pi.lib.uchicago.edu/1001/org/ochre/1ee85f7c-9404-dd4d-52f6-eb0d9d658a6e,Pottery Registry: Dataset 2,Pottery registries from excavation: 1985-2016,"OCHRE link: <a href=""https://pi.lib.uchicago.edu/1001/org/ochre/1ee85f7c-9404-dd4d-52f6-eb0d9d658a6e"">https://pi.lib.uchicago.edu/1001/org/ochre/1ee85f7c-9404-dd4d-52f6-eb0d9d658a6e</a>"
50.59 Pottery Registry 049 (L).pdf,50.59 Pottery Registry 049 (L).jpg,https://pi.lib.uchicago.edu/1001/org/ochre/d5fc0c26-68cc-f5ae-858d-e750047e0e96,Pottery Registry: Dataset 2,Pottery registries from excavation: 1985-2016,"OCHRE link: <a href=""https://pi.lib.uchicago.edu/1001/org/ochre/d5fc0c26-68cc-f5ae-858d-e750047e0e96"">https://pi.lib.uchicago.edu/1001/org/ochre/d5fc0c26-68cc-f5ae-858d-e750047e0e96</a>"
50.59 Pottery Registry 050 (L).pdf,50.59 Pottery Registry 050 (L).jpg,https://pi.lib.uchicago.edu/1001/org/ochre/934cbb55-fb1f-edf3-f3f4-b04499ca5b98,Pottery Registry: Dataset 2,Pottery registries from excavation: 1985-2016,"OCHRE link: <a href=""https://pi.lib.uchicago.edu/1001/org/ochre/934cbb55-fb1f-edf3-f3f4-b04499ca5b98"">https://pi.lib.uchicago.edu/1001/org/ochre/934cbb55-fb1f-edf3-f3f4-b04499ca5b98</a>"
50.59 Pottery Registry 052 (L).pdf,50.59 Pottery Registry 052 (L).jpg,https://pi.lib.uchicago.edu/1001/org/ochre/f805e608-d7f3-a37a-37df-5a8cd7c867d7,Pottery Registry: Dataset 2,Pottery registries from excavation: 1985-2016,"OCHRE link: <a href=""https://pi.lib.uchicago.edu/1001/org/ochre/f805e608-d7f3-a37a-37df-5a8cd7c867d7"">https://pi.lib.uchicago.edu/1001/org/ochre/f805e608-d7f3-a37a-37df-5a8cd7c867d7</a>"
50.59 Pottery Registry 053 (L).pdf,50.59 Pottery Registry 053 (L).jpg,https://pi.lib.uchicago.edu/1001/org/ochre/00219999-62a9-5a24-3da9-42602b415c2f,Pottery Registry: Dataset 2,Pottery registries from excavation: 1985-2016,"OCHRE link: <a href=""https://pi.lib.uchicago.edu/1001/org/ochre/00219999-62a9-5a24-3da9-42602b415c2f"">https://pi.lib.uchicago.edu/1001/org/ochre/00219999-62a9-5a24-3da9-42602b415c2f</a>"
50.59 Pottery Registry 157 (L).pdf,50.59 Pottery Registry 157 (L).jpg,https://pi.lib.uchicago.edu/1001/org/ochre/6d9be93e-0313-da91-a643-802920fc9f8c,Pottery Registry: Dataset 2,Pottery registries from excavation: 1985-2016,"OCHRE link: <a href=""https://pi.lib.uchicago.edu/1001/org/ochre/6d9be93e-0313-da91-a643-802920fc9f8c"">https://pi.lib.uchicago.edu/1001/org/ochre/6d9be93e-0313-da91-a643-802920fc9f8c</a>"
50.59 Pottery Registry 162 (L).pdf,50.59 Pottery Registry 162 (L).jpg,https://pi.lib.uchicago.edu/1001/org/ochre/e6f21327-5659-7222-3adb-ee25953593ff,Pottery Registry: Dataset 2,Pottery registries from excavation: 1985-2016,"OCHRE link: <a href=""https://pi.lib.uchicago.edu/1001/org/ochre/e6f21327-5659-7222-3adb-ee25953593ff"">https://pi.lib.uchicago.edu/1001/org/ochre/e6f21327-5659-7222-3adb-ee25953593ff</a>"
50.59 Pottery Registry 163 (L).pdf,50.59 Pottery Registry 163 (L).jpg,https://pi.lib.uchicago.edu/1001/org/ochre/55ed741c-4232-63c3-d616-01b08cb9d80e,Pottery Registry: Dataset 2,Pottery registries from excavation: 1985-2016,"OCHRE link: <a href=""https://pi.lib.uchicago.edu/1001/org/ochre/55ed741c-4232-63c3-d616-01b08cb9d80e"">https://pi.lib.uchicago.edu/1001/org/ochre/55ed741c-4232-63c3-d616-01b08cb9d80e</a>"
50.59 Pottery Registry 188 (L).pdf,50.59 Pottery Registry 188 (L).jpg,https://pi.lib.uchicago.edu/1001/org/ochre/bcc6bb33-507e-2147-60e9-09aa8da8da31,Pottery Registry: Dataset 2,Pottery registries from excavation: 1985-2016,"OCHRE link: <a href=""https://pi.lib.uchicago.edu/1001/org/ochre/bcc6bb33-507e-2147-60e9-09aa8da8da31"">https://pi.lib.uchicago.edu/1001/org/ochre/bcc6bb33-507e-2147-60e9-09aa8da8da31</a>"
50.59 Pottery Registry 197 (L).pdf,50.59 Pottery Registry 197 (L).jpg,https://pi.lib.uchicago.edu/1001/org/ochre/f37944f9-0f30-5520-702f-e6e0f8bcd6fa,Pottery Registry: Dataset 2,Pottery registries from excavation: 1985-2016,"OCHRE link: <a href=""https://pi.lib.uchicago.edu/1001/org/ochre/f37944f9-0f30-5520-702f-e6e0f8bcd6fa"">https://pi.lib.uchicago.edu/1001/org/ochre/f37944f9-0f30-5520-702f-e6e0f8bcd6fa</a>"
50.59 Pottery Registry 202 (L).pdf,50.59 Pottery Registry 202 (L).jpg,https://pi.lib.uchicago.edu/1001/org/ochre/d4554b17-ecfe-51e2-7358-c247610972b5,Pottery Registry: Dataset 2,Pottery registries from excavation: 1985-2016,"OCHRE link: <a href=""https://pi.lib.uchicago.edu/1001/org/ochre/d4554b17-ecfe-51e2-7358-c247610972b5"">https://pi.lib.uchicago.edu/1001/org/ochre/d4554b17-ecfe-51e2-7358-c247610972b5</a>"
50.59 Pottery Registry 206 (L).pdf,50.59 Pottery Registry 206 (L).jpg,https://pi.lib.uchicago.edu/1001/org/ochre/62d937ca-5f54-a92d-9b69-e2e60e41ff13,Pottery Registry: Dataset 2,Pottery registries from excavation: 1985-2016,"OCHRE link: <a href=""https://pi.lib.uchicago.edu/1001/org/ochre/62d937ca-5f54-a92d-9b69-e2e60e41ff13"">https://pi.lib.uchicago.edu/1001/org/ochre/62d937ca-5f54-a92d-9b69-e2e60e41ff13</a>"
50.59 Pottery Registry 208 (L).pdf,50.59 Pottery Registry 208 (L).jpg,https://pi.lib.uchicago.edu/1001/org/ochre/9d5d9935-4a0f-c69f-a3f2-b6ca06c9ee78,Pottery Registry: Dataset 2,Pottery registries from excavation: 1985-2016,"OCHRE link: <a href=""https://pi.lib.uchicago.edu/1001/org/ochre/9d5d9935-4a0f-c69f-a3f2-b6ca06c9ee78"">https://pi.lib.uchicago.edu/1001/org/ochre/9d5d9935-4a0f-c69f-a3f2-b6ca06c9ee78</a>"
50.59 Pottery Registry 209 (L).pdf,50.59 Pottery Registry 209 (L).jpg,https://pi.lib.uchicago.edu/1001/org/ochre/168a76a5-603f-ff01-554a-3020cc8d2d41,Pottery Registry: Dataset 2,Pottery registries from excavation: 1985-2016,"OCHRE link: <a href=""https://pi.lib.uchicago.edu/1001/org/ochre/168a76a5-603f-ff01-554a-3020cc8d2d41"">https://pi.lib.uchicago.edu/1001/org/ochre/168a76a5-603f-ff01-554a-3020cc8d2d41</a>"
50.59 Pottery Registry 210 (L).pdf,50.59 Pottery Registry 210 (L).jpg,https://pi.lib.uchicago.edu/1001/org/ochre/cb819d1d-dd39-8415-66b3-d0951caf1601,Pottery Registry: Dataset 2,Pottery registries from excavation: 1985-2016,"OCHRE link: <a href=""https://pi.lib.uchicago.edu/1001/org/ochre/cb819d1d-dd39-8415-66b3-d0951caf1601"">https://pi.lib.uchicago.edu/1001/org/ochre/cb819d1d-dd39-8415-66b3-d0951caf1601</a>"
50.59 Pottery Registry 211 (L).pdf,50.59 Pottery Registry 211 (L).jpg,https://pi.lib.uchicago.edu/1001/org/ochre/f6c2ad36-19fb-1f70-d8fe-37a46b8c8f1e,Pottery Registry: Dataset 2,Pottery registries from excavation: 1985-2016,"OCHRE link: <a href=""https://pi.lib.uchicago.edu/1001/org/ochre/f6c2ad36-19fb-1f70-d8fe-37a46b8c8f1e"">https://pi.lib.uchicago.edu/1001/org/ochre/f6c2ad36-19fb-1f70-d8fe-37a46b8c8f1e</a>"
50.59 Pottery Registry 212 (L).pdf,50.59 Pottery Registry 212 (L).jpg,https://pi.lib.uchicago.edu/1001/org/ochre/716ebb8a-c0fa-4efd-447a-3ac4776cdb6b,Pottery Registry: Dataset 2,Pottery registries from excavation: 1985-2016,"OCHRE link: <a href=""https://pi.lib.uchicago.edu/1001/org/ochre/716ebb8a-c0fa-4efd-447a-3ac4776cdb6b"">https://pi.lib.uchicago.edu/1001/org/ochre/716ebb8a-c0fa-4efd-447a-3ac4776cdb6b</a>"
50.59 Pottery Registry 220 (L).pdf,50.59 Pottery Registry 220 (L).jpg,https://pi.lib.uchicago.edu/1001/org/ochre/11b578a5-6c76-30fb-201a-22836b72c54d,Pottery Registry: Dataset 2,Pottery registries from excavation: 1985-2016,"OCHRE link: <a href=""https://pi.lib.uchicago.edu/1001/org/ochre/11b578a5-6c76-30fb-201a-22836b72c54d"">https://pi.lib.uchicago.edu/1001/org/ochre/11b578a5-6c76-30fb-201a-22836b72c54d</a>"
50.59 Pottery Registry 221 (L).pdf,50.59 Pottery Registry 221 (L).jpg,https://pi.lib.uchicago.edu/1001/org/ochre/2d1d3c32-8184-2fae-d74c-5755a9d10224,Pottery Registry: Dataset 2,Pottery registries from excavation: 1985-2016,"OCHRE link: <a href=""https://pi.lib.uchicago.edu/1001/org/ochre/2d1d3c32-8184-2fae-d74c-5755a9d10224"">https://pi.lib.uchicago.edu/1001/org/ochre/2d1d3c32-8184-2fae-d74c-5755a9d10224</a>"
50.59 Pottery Registry 224 (F).pdf,50.59 Pottery Registry 224 (F).jpg,https://pi.lib.uchicago.edu/1001/org/ochre/756e4d60-db8d-bd89-3681-87cc506a6682,Pottery Registry: Dataset 2,Pottery registries from excavation: 1985-2016,"OCHRE link: <a href=""https://pi.lib.uchicago.edu/1001/org/ochre/756e4d60-db8d-bd89-3681-87cc506a6682"">https://pi.lib.uchicago.edu/1001/org/ochre/756e4d60-db8d-bd89-3681-87cc506a6682</a>"
50.59 Pottery Registry 227 (L).pdf,50.59 Pottery Registry 227 (L).jpg,https://pi.lib.uchicago.edu/1001/org/ochre/dcf8b5e6-f597-be2c-2a7e-fb2c83efe9c2,Pottery Registry: Dataset 2,Pottery registries from excavation: 1985-2016,"OCHRE link: <a href=""https://pi.lib.uchicago.edu/1001/org/ochre/dcf8b5e6-f597-be2c-2a7e-fb2c83efe9c2"">https://pi.lib.uchicago.edu/1001/org/ochre/dcf8b5e6-f597-be2c-2a7e-fb2c83efe9c2</a>"
50.59 Pottery Registry 231 (L).pdf,50.59 Pottery Registry 231 (L).jpg,https://pi.lib.uchicago.edu/1001/org/ochre/15b313d2-1776-40dc-b4a9-535be0d9c6ac,Pottery Registry: Dataset 2,Pottery registries from excavation: 1985-2016,"OCHRE link: <a href=""https://pi.lib.uchicago.edu/1001/org/ochre/15b313d2-1776-40dc-b4a9-535be0d9c6ac"">https://pi.lib.uchicago.edu/1001/org/ochre/15b313d2-1776-40dc-b4a9-535be0d9c6ac</a>"
50.59 Pottery Registry 235 (L).pdf,50.59 Pottery Registry 235 (L).jpg,https://pi.lib.uchicago.edu/1001/org/ochre/a5eb5748-8e6a-c5ae-dfec-ae9e7a31d9e7,Pottery Registry: Dataset 2,Pottery registries from excavation: 1985-2016,"OCHRE link: <a href=""https://pi.lib.uchicago.edu/1001/org/ochre/a5eb5748-8e6a-c5ae-dfec-ae9e7a31d9e7"">https://pi.lib.uchicago.edu/1001/org/ochre/a5eb5748-8e6a-c5ae-dfec-ae9e7a31d9e7</a>"
50.59 Pottery Registry 240 (L).pdf,50.59 Pottery Registry 240 (L).jpg,https://pi.lib.uchicago.edu/1001/org/ochre/2ffd32a8-abe9-8d6a-2adf-0ffea2e0cab4,Pottery Registry: Dataset 2,Pottery registries from excavation: 1985-2016,"OCHRE link: <a href=""https://pi.lib.uchicago.edu/1001/org/ochre/2ffd32a8-abe9-8d6a-2adf-0ffea2e0cab4"">https://pi.lib.uchicago.edu/1001/org/ochre/2ffd32a8-abe9-8d6a-2adf-0ffea2e0cab4</a>"
50.59 Pottery Registry 248 (L).pdf,50.59 Pottery Registry 248 (L).jpg,https://pi.lib.uchicago.edu/1001/org/ochre/2a56b35d-f5d9-4281-6f96-750fd6750351,Pottery Registry: Dataset 2,Pottery registries from excavation: 1985-2016,"OCHRE link: <a href=""https://pi.lib.uchicago.edu/1001/org/ochre/2a56b35d-f5d9-4281-6f96-750fd6750351"">https://pi.lib.uchicago.edu/1001/org/ochre/2a56b35d-f5d9-4281-6f96-750fd6750351</a>"
50.59 Pottery Registry 249 (L).pdf,50.59 Pottery Registry 249 (L).jpg,https://pi.lib.uchicago.edu/1001/org/ochre/25076dcf-e900-a638-a509-1643cf724a4d,Pottery Registry: Dataset 2,Pottery registries from excavation: 1985-2016,"OCHRE link: <a href=""https://pi.lib.uchicago.edu/1001/org/ochre/25076dcf-e900-a638-a509-1643cf724a4d"">https://pi.lib.uchicago.edu/1001/org/ochre/25076dcf-e900-a638-a509-1643cf724a4d</a>"
50.59 Pottery Registry 251 (L).pdf,50.59 Pottery Registry 251 (L).jpg,https://pi.lib.uchicago.edu/1001/org/ochre/251a0dcc-5fb1-c72c-d1fa-f0e447c9a31f,Pottery Registry: Dataset 2,Pottery registries from excavation: 1985-2016,"OCHRE link: <a href=""https://pi.lib.uchicago.edu/1001/org/ochre/251a0dcc-5fb1-c72c-d1fa-f0e447c9a31f"">https://pi.lib.uchicago.edu/1001/org/ochre/251a0dcc-5fb1-c72c-d1fa-f0e447c9a31f</a>"
50.59 Pottery Registry 253 (L).pdf,50.59 Pottery Registry 253 (L).jpg,https://pi.lib.uchicago.edu/1001/org/ochre/352c49f8-7c68-b1f9-090a-f31ccc8add28,Pottery Registry: Dataset 2,Pottery registries from excavation: 1985-2016,"OCHRE link: <a href=""https://pi.lib.uchicago.edu/1001/org/ochre/352c49f8-7c68-b1f9-090a-f31ccc8add28"">https://pi.lib.uchicago.edu/1001/org/ochre/352c49f8-7c68-b1f9-090a-f31ccc8add28</a>"
50.59 Pottery Registry 257 (L).pdf,50.59 Pottery Registry 257 (L).jpg,https://pi.lib.uchicago.edu/1001/org/ochre/814e7421-41b1-2431-fd5d-1a699a08fdb1,Pottery Registry: Dataset 2,Pottery registries from excavation: 1985-2016,"OCHRE link: <a href=""https://pi.lib.uchicago.edu/1001/org/ochre/814e7421-41b1-2431-fd5d-1a699a08fdb1"">https://pi.lib.uchicago.edu/1001/org/ochre/814e7421-41b1-2431-fd5d-1a699a08fdb1</a>"
50.59 Pottery Registry 263 (L).pdf,50.59 Pottery Registry 263 (L).jpg,https://pi.lib.uchicago.edu/1001/org/ochre/1e04c791-6a85-facb-ae07-4d716e8c2f87,Pottery Registry: Dataset 2,Pottery registries from excavation: 1985-2016,"OCHRE link: <a href=""https://pi.lib.uchicago.edu/1001/org/ochre/1e04c791-6a85-facb-ae07-4d716e8c2f87"">https://pi.lib.uchicago.edu/1001/org/ochre/1e04c791-6a85-facb-ae07-4d716e8c2f87</a>"
50.59 Pottery Registry 266 (L).pdf,50.59 Pottery Registry 266 (L).jpg,https://pi.lib.uchicago.edu/1001/org/ochre/7b2d1480-5611-f1f7-0633-a47b8c474313,Pottery Registry: Dataset 2,Pottery registries from excavation: 1985-2016,"OCHRE link: <a href=""https://pi.lib.uchicago.edu/1001/org/ochre/7b2d1480-5611-f1f7-0633-a47b8c474313"">https://pi.lib.uchicago.edu/1001/org/ochre/7b2d1480-5611-f1f7-0633-a47b8c474313</a>"
50.59 Pottery Registry 271 (L).pdf,50.59 Pottery Registry 271 (L).jpg,https://pi.lib.uchicago.edu/1001/org/ochre/021cb0f8-f342-a6b8-a1ae-0ab209c0bb6b,Pottery Registry: Dataset 2,Pottery registries from excavation: 1985-2016,"OCHRE link: <a href=""https://pi.lib.uchicago.edu/1001/org/ochre/021cb0f8-f342-a6b8-a1ae-0ab209c0bb6b"">https://pi.lib.uchicago.edu/1001/org/ochre/021cb0f8-f342-a6b8-a1ae-0ab209c0bb6b</a>"
50.59 Pottery Registry 274 (L).pdf,50.59 Pottery Registry 274 (L).jpg,https://pi.lib.uchicago.edu/1001/org/ochre/71199cc5-c017-3d8b-12dd-8185fe7634ad,Pottery Registry: Dataset 2,Pottery registries from excavation: 1985-2016,"OCHRE link: <a href=""https://pi.lib.uchicago.edu/1001/org/ochre/71199cc5-c017-3d8b-12dd-8185fe7634ad"">https://pi.lib.uchicago.edu/1001/org/ochre/71199cc5-c017-3d8b-12dd-8185fe7634ad</a>"
50.59 Pottery Registry 278 (L).pdf,50.59 Pottery Registry 278 (L).jpg,https://pi.lib.uchicago.edu/1001/org/ochre/81a8ff9a-fd62-e85d-06bb-099d931789e4,Pottery Registry: Dataset 2,Pottery registries from excavation: 1985-2016,"OCHRE link: <a href=""https://pi.lib.uchicago.edu/1001/org/ochre/81a8ff9a-fd62-e85d-06bb-099d931789e4"">https://pi.lib.uchicago.edu/1001/org/ochre/81a8ff9a-fd62-e85d-06bb-099d931789e4</a>"
50.59 Pottery Registry 279 (L).pdf,50.59 Pottery Registry 279 (L).jpg,https://pi.lib.uchicago.edu/1001/org/ochre/f9975a22-ba88-845b-e847-f5ba05302da1,Pottery Registry: Dataset 2,Pottery registries from excavation: 1985-2016,"OCHRE link: <a href=""https://pi.lib.uchicago.edu/1001/org/ochre/f9975a22-ba88-845b-e847-f5ba05302da1"">https://pi.lib.uchicago.edu/1001/org/ochre/f9975a22-ba88-845b-e847-f5ba05302da1</a>"
50.59 Pottery Registry 284 (L).pdf,50.59 Pottery Registry 284 (L).jpg,https://pi.lib.uchicago.edu/1001/org/ochre/244bf78d-d8c5-b931-7297-e20a0d28c97b,Pottery Registry: Dataset 2,Pottery registries from excavation: 1985-2016,"OCHRE link: <a href=""https://pi.lib.uchicago.edu/1001/org/ochre/244bf78d-d8c5-b931-7297-e20a0d28c97b"">https://pi.lib.uchicago.edu/1001/org/ochre/244bf78d-d8c5-b931-7297-e20a0d28c97b</a>"
50.59 Pottery Registry 286 (L).pdf,50.59 Pottery Registry 286 (L).jpg,https://pi.lib.uchicago.edu/1001/org/ochre/acbf0ab3-7b92-3c53-3436-bd62165fd7e7,Pottery Registry: Dataset 2,Pottery registries from excavation: 1985-2016,"OCHRE link: <a href=""https://pi.lib.uchicago.edu/1001/org/ochre/acbf0ab3-7b92-3c53-3436-bd62165fd7e7"">https://pi.lib.uchicago.edu/1001/org/ochre/acbf0ab3-7b92-3c53-3436-bd62165fd7e7</a>"
50.59 Pottery Registry 300 (L).pdf,50.59 Pottery Registry 300 (L).jpg,https://pi.lib.uchicago.edu/1001/org/ochre/2f3ae5b8-e570-4eb7-d432-8d106a765403,Pottery Registry: Dataset 2,Pottery registries from excavation: 1985-2016,"OCHRE link: <a href=""https://pi.lib.uchicago.edu/1001/org/ochre/2f3ae5b8-e570-4eb7-d432-8d106a765403"">https://pi.lib.uchicago.edu/1001/org/ochre/2f3ae5b8-e570-4eb7-d432-8d106a765403</a>"
50.59 Pottery Registry 303 (L).pdf,50.59 Pottery Registry 303 (L).jpg,https://pi.lib.uchicago.edu/1001/org/ochre/ad7fdcf7-b3c8-db59-37bb-ef82fd76e074,Pottery Registry: Dataset 2,Pottery registries from excavation: 1985-2016,"OCHRE link: <a href=""https://pi.lib.uchicago.edu/1001/org/ochre/ad7fdcf7-b3c8-db59-37bb-ef82fd76e074"">https://pi.lib.uchicago.edu/1001/org/ochre/ad7fdcf7-b3c8-db59-37bb-ef82fd76e074</a>"
50.59 Pottery Registry 305 (L).pdf,50.59 Pottery Registry 305 (L).jpg,https://pi.lib.uchicago.edu/1001/org/ochre/08491164-90f0-d5c8-9964-46e9941beafa,Pottery Registry: Dataset 2,Pottery registries from excavation: 1985-2016,"OCHRE link: <a href=""https://pi.lib.uchicago.edu/1001/org/ochre/08491164-90f0-d5c8-9964-46e9941beafa"">https://pi.lib.uchicago.edu/1001/org/ochre/08491164-90f0-d5c8-9964-46e9941beafa</a>"
50.59 Pottery Registry 313 (L).pdf,50.59 Pottery Registry 313 (L).jpg,https://pi.lib.uchicago.edu/1001/org/ochre/88c48eb7-6c12-84ad-375f-748bf7a4cd63,Pottery Registry: Dataset 2,Pottery registries from excavation: 1985-2016,"OCHRE link: <a href=""https://pi.lib.uchicago.edu/1001/org/ochre/88c48eb7-6c12-84ad-375f-748bf7a4cd63"">https://pi.lib.uchicago.edu/1001/org/ochre/88c48eb7-6c12-84ad-375f-748bf7a4cd63</a>"
50.59 Pottery Registry 323 (LF).pdf,50.59 Pottery Registry 323 (LF).jpg,https://pi.lib.uchicago.edu/1001/org/ochre/00b1afc6-abc2-c8cb-aa16-7ee2f4db9c63,Pottery Registry: Dataset 2,Pottery registries from excavation: 1985-2016,"OCHRE link: <a href=""https://pi.lib.uchicago.edu/1001/org/ochre/00b1afc6-abc2-c8cb-aa16-7ee2f4db9c63"">https://pi.lib.uchicago.edu/1001/org/ochre/00b1afc6-abc2-c8cb-aa16-7ee2f4db9c63</a>"
50.59 Pottery Registry 324 (L).pdf,50.59 Pottery Registry 324 (L).jpg,https://pi.lib.uchicago.edu/1001/org/ochre/8f26f4cb-b6f9-0a86-17f0-f70d978a2f0a,Pottery Registry: Dataset 2,Pottery registries from excavation: 1985-2016,"OCHRE link: <a href=""https://pi.lib.uchicago.edu/1001/org/ochre/8f26f4cb-b6f9-0a86-17f0-f70d978a2f0a"">https://pi.lib.uchicago.edu/1001/org/ochre/8f26f4cb-b6f9-0a86-17f0-f70d978a2f0a</a>"
50.59 Pottery Registry 329 (L).pdf,50.59 Pottery Registry 329 (L).jpg,https://pi.lib.uchicago.edu/1001/org/ochre/ed272924-1740-e4ef-50ea-e8a0220527bd,Pottery Registry: Dataset 2,Pottery registries from excavation: 1985-2016,"OCHRE link: <a href=""https://pi.lib.uchicago.edu/1001/org/ochre/ed272924-1740-e4ef-50ea-e8a0220527bd"">https://pi.lib.uchicago.edu/1001/org/ochre/ed272924-1740-e4ef-50ea-e8a0220527bd</a>"
50.59 Pottery Registry 333 (LF).pdf,50.59 Pottery Registry 333 (LF).jpg,https://pi.lib.uchicago.edu/1001/org/ochre/42852450-5a06-c43e-e87e-3830572ee931,Pottery Registry: Dataset 2,Pottery registries from excavation: 1985-2016,"OCHRE link: <a href=""https://pi.lib.uchicago.edu/1001/org/ochre/42852450-5a06-c43e-e87e-3830572ee931"">https://pi.lib.uchicago.edu/1001/org/ochre/42852450-5a06-c43e-e87e-3830572ee931</a>"
50.59 Pottery Registry 334 (L).pdf,50.59 Pottery Registry 334 (L).jpg,https://pi.lib.uchicago.edu/1001/org/ochre/07d392fd-ed98-f71b-a465-c41abc304cd6,Pottery Registry: Dataset 2,Pottery registries from excavation: 1985-2016,"OCHRE link: <a href=""https://pi.lib.uchicago.edu/1001/org/ochre/07d392fd-ed98-f71b-a465-c41abc304cd6"">https://pi.lib.uchicago.edu/1001/org/ochre/07d392fd-ed98-f71b-a465-c41abc304cd6</a>"
50.59 Pottery Registry 337 (L).pdf,50.59 Pottery Registry 337 (L).jpg,https://pi.lib.uchicago.edu/1001/org/ochre/53db73bf-28ae-996e-4de1-d46495f33fdc,Pottery Registry: Dataset 2,Pottery registries from excavation: 1985-2016,"OCHRE link: <a href=""https://pi.lib.uchicago.edu/1001/org/ochre/53db73bf-28ae-996e-4de1-d46495f33fdc"">https://pi.lib.uchicago.edu/1001/org/ochre/53db73bf-28ae-996e-4de1-d46495f33fdc</a>"
50.59 Pottery Registry 352 (L).pdf,50.59 Pottery Registry 352 (L).jpg,https://pi.lib.uchicago.edu/1001/org/ochre/af4868bf-c5b4-fe8d-dc2f-3379eb3554e2,Pottery Registry: Dataset 2,Pottery registries from excavation: 1985-2016,"OCHRE link: <a href=""https://pi.lib.uchicago.edu/1001/org/ochre/af4868bf-c5b4-fe8d-dc2f-3379eb3554e2"">https://pi.lib.uchicago.edu/1001/org/ochre/af4868bf-c5b4-fe8d-dc2f-3379eb3554e2</a>"
50.59 Pottery Registry 353 (L).pdf,50.59 Pottery Registry 353 (L).jpg,https://pi.lib.uchicago.edu/1001/org/ochre/13911175-4d59-a113-4923-0fc04b08a0dc,Pottery Registry: Dataset 2,Pottery registries from excavation: 1985-2016,"OCHRE link: <a href=""https://pi.lib.uchicago.edu/1001/org/ochre/13911175-4d59-a113-4923-0fc04b08a0dc"">https://pi.lib.uchicago.edu/1001/org/ochre/13911175-4d59-a113-4923-0fc04b08a0dc</a>"
50.59 Pottery Registry 356 (L).pdf,50.59 Pottery Registry 356 (L).jpg,https://pi.lib.uchicago.edu/1001/org/ochre/2977cf1e-ad6b-fd08-2b84-4eacda0297de,Pottery Registry: Dataset 2,Pottery registries from excavation: 1985-2016,"OCHRE link: <a href=""https://pi.lib.uchicago.edu/1001/org/ochre/2977cf1e-ad6b-fd08-2b84-4eacda0297de"">https://pi.lib.uchicago.edu/1001/org/ochre/2977cf1e-ad6b-fd08-2b84-4eacda0297de</a>"
50.59 Pottery Registry 370 (L).pdf,50.59 Pottery Registry 370 (L).jpg,https://pi.lib.uchicago.edu/1001/org/ochre/22ce75d3-4c9f-2010-d413-514a1306677c,Pottery Registry: Dataset 2,Pottery registries from excavation: 1985-2016,"OCHRE link: <a href=""https://pi.lib.uchicago.edu/1001/org/ochre/22ce75d3-4c9f-2010-d413-514a1306677c"">https://pi.lib.uchicago.edu/1001/org/ochre/22ce75d3-4c9f-2010-d413-514a1306677c</a>"
50.59 Pottery Registry 393 (LF).pdf,50.59 Pottery Registry 393 (LF).jpg,https://pi.lib.uchicago.edu/1001/org/ochre/718f1c78-1f4f-312b-5977-9aad6e6631c1,Pottery Registry: Dataset 2,Pottery registries from excavation: 1985-2016,"OCHRE link: <a href=""https://pi.lib.uchicago.edu/1001/org/ochre/718f1c78-1f4f-312b-5977-9aad6e6631c1"">https://pi.lib.uchicago.edu/1001/org/ochre/718f1c78-1f4f-312b-5977-9aad6e6631c1</a>"
50.59 Pottery Registry 394 (L).pdf,50.59 Pottery Registry 394 (L).jpg,https://pi.lib.uchicago.edu/1001/org/ochre/ab911b48-cb37-33b3-ea8e-84b0aa84f57a,Pottery Registry: Dataset 2,Pottery registries from excavation: 1985-2016,"OCHRE link: <a href=""https://pi.lib.uchicago.edu/1001/org/ochre/ab911b48-cb37-33b3-ea8e-84b0aa84f57a"">https://pi.lib.uchicago.edu/1001/org/ochre/ab911b48-cb37-33b3-ea8e-84b0aa84f57a</a>"
50.59 Pottery Registry 419 (L).pdf,50.59 Pottery Registry 419 (L).jpg,https://pi.lib.uchicago.edu/1001/org/ochre/f11ccc32-ee5c-d3b8-aaa8-16b3e6508c5a,Pottery Registry: Dataset 2,Pottery registries from excavation: 1985-2016,"OCHRE link: <a href=""https://pi.lib.uchicago.edu/1001/org/ochre/f11ccc32-ee5c-d3b8-aaa8-16b3e6508c5a"">https://pi.lib.uchicago.edu/1001/org/ochre/f11ccc32-ee5c-d3b8-aaa8-16b3e6508c5a</a>"
50.59 Pottery Registry 420 (L).pdf,50.59 Pottery Registry 420 (L).jpg,https://pi.lib.uchicago.edu/1001/org/ochre/0f4701e1-c8fb-e06f-f6be-81040a718dd9,Pottery Registry: Dataset 2,Pottery registries from excavation: 1985-2016,"OCHRE link: <a href=""https://pi.lib.uchicago.edu/1001/org/ochre/0f4701e1-c8fb-e06f-f6be-81040a718dd9"">https://pi.lib.uchicago.edu/1001/org/ochre/0f4701e1-c8fb-e06f-f6be-81040a718dd9</a>"
50.59 Pottery Registry 422 (L).pdf,50.59 Pottery Registry 422 (L).jpg,https://pi.lib.uchicago.edu/1001/org/ochre/57718ea7-51b4-7f51-5da1-378b5466b0f6,Pottery Registry: Dataset 2,Pottery registries from excavation: 1985-2016,"OCHRE link: <a href=""https://pi.lib.uchicago.edu/1001/org/ochre/57718ea7-51b4-7f51-5da1-378b5466b0f6"">https://pi.lib.uchicago.edu/1001/org/ochre/57718ea7-51b4-7f51-5da1-378b5466b0f6</a>"
50.59 Pottery Registry 423 (L).pdf,50.59 Pottery Registry 423 (L).jpg,https://pi.lib.uchicago.edu/1001/org/ochre/dcec6646-21db-4eab-0d88-0e7dab6678c2,Pottery Registry: Dataset 2,Pottery registries from excavation: 1985-2016,"OCHRE link: <a href=""https://pi.lib.uchicago.edu/1001/org/ochre/dcec6646-21db-4eab-0d88-0e7dab6678c2"">https://pi.lib.uchicago.edu/1001/org/ochre/dcec6646-21db-4eab-0d88-0e7dab6678c2</a>"
50.59 Pottery Registry 441 (L).pdf,50.59 Pottery Registry 441 (L).jpg,https://pi.lib.uchicago.edu/1001/org/ochre/9887109c-d08b-8474-3930-5dab933bf611,Pottery Registry: Dataset 2,Pottery registries from excavation: 1985-2016,"OCHRE link: <a href=""https://pi.lib.uchicago.edu/1001/org/ochre/9887109c-d08b-8474-3930-5dab933bf611"">https://pi.lib.uchicago.edu/1001/org/ochre/9887109c-d08b-8474-3930-5dab933bf611</a>"
50.59 Pottery Registry 459 (L).pdf,50.59 Pottery Registry 459 (L).jpg,https://pi.lib.uchicago.edu/1001/org/ochre/c9d6f4c3-4604-14c3-b9ec-3b854a953757,Pottery Registry: Dataset 2,Pottery registries from excavation: 1985-2016,"OCHRE link: <a href=""https://pi.lib.uchicago.edu/1001/org/ochre/c9d6f4c3-4604-14c3-b9ec-3b854a953757"">https://pi.lib.uchicago.edu/1001/org/ochre/c9d6f4c3-4604-14c3-b9ec-3b854a953757</a>"
50.59 Pottery Registry 491 (L).pdf,50.59 Pottery Registry 491 (L).jpg,https://pi.lib.uchicago.edu/1001/org/ochre/28416a5e-99ec-2b91-8171-3800cffb5b9b,Pottery Registry: Dataset 2,Pottery registries from excavation: 1985-2016,"OCHRE link: <a href=""https://pi.lib.uchicago.edu/1001/org/ochre/28416a5e-99ec-2b91-8171-3800cffb5b9b"">https://pi.lib.uchicago.edu/1001/org/ochre/28416a5e-99ec-2b91-8171-3800cffb5b9b</a>"
50.59 Pottery Registry 507 (L).pdf,50.59 Pottery Registry 507 (L).jpg,https://pi.lib.uchicago.edu/1001/org/ochre/d6cf1417-35a0-f14e-95a3-06a6dbb8e03a,Pottery Registry: Dataset 2,Pottery registries from excavation: 1985-2016,"OCHRE link: <a href=""https://pi.lib.uchicago.edu/1001/org/ochre/d6cf1417-35a0-f14e-95a3-06a6dbb8e03a"">https://pi.lib.uchicago.edu/1001/org/ochre/d6cf1417-35a0-f14e-95a3-06a6dbb8e03a</a>"
50.59 Pottery Registry 510 (L).pdf,50.59 Pottery Registry 510 (L).jpg,https://pi.lib.uchicago.edu/1001/org/ochre/0a294b1f-7718-7dc4-50af-d55a34d4326d,Pottery Registry: Dataset 2,Pottery registries from excavation: 1985-2016,"OCHRE link: <a href=""https://pi.lib.uchicago.edu/1001/org/ochre/0a294b1f-7718-7dc4-50af-d55a34d4326d"">https://pi.lib.uchicago.edu/1001/org/ochre/0a294b1f-7718-7dc4-50af-d55a34d4326d</a>"
50.59 Pottery Registry 518 (L).pdf,50.59 Pottery Registry 518 (L).jpg,https://pi.lib.uchicago.edu/1001/org/ochre/5c8ac408-eecb-285c-f565-bdd98ad6e8db,Pottery Registry: Dataset 2,Pottery registries from excavation: 1985-2016,"OCHRE link: <a href=""https://pi.lib.uchicago.edu/1001/org/ochre/5c8ac408-eecb-285c-f565-bdd98ad6e8db"">https://pi.lib.uchicago.edu/1001/org/ochre/5c8ac408-eecb-285c-f565-bdd98ad6e8db</a>"
50.59 Pottery Registry 519 (LF).pdf,50.59 Pottery Registry 519 (LF).jpg,https://pi.lib.uchicago.edu/1001/org/ochre/3d6e37e3-8db1-117d-21c6-74d0f346f273,Pottery Registry: Dataset 2,Pottery registries from excavation: 1985-2016,"OCHRE link: <a href=""https://pi.lib.uchicago.edu/1001/org/ochre/3d6e37e3-8db1-117d-21c6-74d0f346f273"">https://pi.lib.uchicago.edu/1001/org/ochre/3d6e37e3-8db1-117d-21c6-74d0f346f273</a>"
50.59 Pottery Registry 523 (L).pdf,50.59 Pottery Registry 523 (L).jpg,https://pi.lib.uchicago.edu/1001/org/ochre/6074cb36-7a8b-5f3d-3ce7-cac4fafdfca1,Pottery Registry: Dataset 2,Pottery registries from excavation: 1985-2016,"OCHRE link: <a href=""https://pi.lib.uchicago.edu/1001/org/ochre/6074cb36-7a8b-5f3d-3ce7-cac4fafdfca1"">https://pi.lib.uchicago.edu/1001/org/ochre/6074cb36-7a8b-5f3d-3ce7-cac4fafdfca1</a>"
50.59 Pottery Registry 524 (L).pdf,50.59 Pottery Registry 524 (L).jpg,https://pi.lib.uchicago.edu/1001/org/ochre/a18cf8e2-1003-def3-ef24-40e08b469e53,Pottery Registry: Dataset 2,Pottery registries from excavation: 1985-2016,"OCHRE link: <a href=""https://pi.lib.uchicago.edu/1001/org/ochre/a18cf8e2-1003-def3-ef24-40e08b469e53"">https://pi.lib.uchicago.edu/1001/org/ochre/a18cf8e2-1003-def3-ef24-40e08b469e53</a>"
50.59 Pottery Registry 525 (L).pdf,50.59 Pottery Registry 525 (L).jpg,https://pi.lib.uchicago.edu/1001/org/ochre/e269c8d0-1760-c237-0016-1cfdc415cab2,Pottery Registry: Dataset 2,Pottery registries from excavation: 1985-2016,"OCHRE link: <a href=""https://pi.lib.uchicago.edu/1001/org/ochre/e269c8d0-1760-c237-0016-1cfdc415cab2"">https://pi.lib.uchicago.edu/1001/org/ochre/e269c8d0-1760-c237-0016-1cfdc415cab2</a>"
50.59 Pottery Registry 530 (L).pdf,50.59 Pottery Registry 530 (L).jpg,https://pi.lib.uchicago.edu/1001/org/ochre/5907279b-6cf5-af07-1561-da039c867239,Pottery Registry: Dataset 2,Pottery registries from excavation: 1985-2016,"OCHRE link: <a href=""https://pi.lib.uchicago.edu/1001/org/ochre/5907279b-6cf5-af07-1561-da039c867239"">https://pi.lib.uchicago.edu/1001/org/ochre/5907279b-6cf5-af07-1561-da039c867239</a>"
50.59 Pottery Registry 532 (L).pdf,50.59 Pottery Registry 532 (L).jpg,https://pi.lib.uchicago.edu/1001/org/ochre/aca75664-fe21-0a2e-6918-d29f4c89c8a9,Pottery Registry: Dataset 2,Pottery registries from excavation: 1985-2016,"OCHRE link: <a href=""https://pi.lib.uchicago.edu/1001/org/ochre/aca75664-fe21-0a2e-6918-d29f4c89c8a9"">https://pi.lib.uchicago.edu/1001/org/ochre/aca75664-fe21-0a2e-6918-d29f4c89c8a9</a>"
50.59 Pottery Registry 546 (L).pdf,50.59 Pottery Registry 546 (L).jpg,https://pi.lib.uchicago.edu/1001/org/ochre/ddc27274-f436-c5cd-892e-bdec9b251260,Pottery Registry: Dataset 2,Pottery registries from excavation: 1985-2016,"OCHRE link: <a href=""https://pi.lib.uchicago.edu/1001/org/ochre/ddc27274-f436-c5cd-892e-bdec9b251260"">https://pi.lib.uchicago.edu/1001/org/ochre/ddc27274-f436-c5cd-892e-bdec9b251260</a>"
50.59 Pottery Registry 566 (F).pdf,50.59 Pottery Registry 566 (F).jpg,https://pi.lib.uchicago.edu/1001/org/ochre/c8879973-fb1b-99b8-149d-a3714155eff3,Pottery Registry: Dataset 2,Pottery registries from excavation: 1985-2016,"OCHRE link: <a href=""https://pi.lib.uchicago.edu/1001/org/ochre/c8879973-fb1b-99b8-149d-a3714155eff3"">https://pi.lib.uchicago.edu/1001/org/ochre/c8879973-fb1b-99b8-149d-a3714155eff3</a>"
50.59 Pottery Registry 568 (L).pdf,50.59 Pottery Registry 568 (L).jpg,https://pi.lib.uchicago.edu/1001/org/ochre/1374b665-6ff3-6eff-2024-b8803cb9ec3d,Pottery Registry: Dataset 2,Pottery registries from excavation: 1985-2016,"OCHRE link: <a href=""https://pi.lib.uchicago.edu/1001/org/ochre/1374b665-6ff3-6eff-2024-b8803cb9ec3d"">https://pi.lib.uchicago.edu/1001/org/ochre/1374b665-6ff3-6eff-2024-b8803cb9ec3d</a>"
50.59 Pottery Registry 575 (L).pdf,50.59 Pottery Registry 575 (L).jpg,https://pi.lib.uchicago.edu/1001/org/ochre/2fd01000-af50-450c-b1d0-b7b2e54dd55a,Pottery Registry: Dataset 2,Pottery registries from excavation: 1985-2016,"OCHRE link: <a href=""https://pi.lib.uchicago.edu/1001/org/ochre/2fd01000-af50-450c-b1d0-b7b2e54dd55a"">https://pi.lib.uchicago.edu/1001/org/ochre/2fd01000-af50-450c-b1d0-b7b2e54dd55a</a>"
50.59 Pottery Registry 585 (L).pdf,50.59 Pottery Registry 585 (L).jpg,https://pi.lib.uchicago.edu/1001/org/ochre/d7090454-f1f9-08b7-1a68-7244ef5a2a0e,Pottery Registry: Dataset 2,Pottery registries from excavation: 1985-2016,"OCHRE link: <a href=""https://pi.lib.uchicago.edu/1001/org/ochre/d7090454-f1f9-08b7-1a68-7244ef5a2a0e"">https://pi.lib.uchicago.edu/1001/org/ochre/d7090454-f1f9-08b7-1a68-7244ef5a2a0e</a>"
50.59 Pottery Registry 587 (L).pdf,50.59 Pottery Registry 587 (L).jpg,https://pi.lib.uchicago.edu/1001/org/ochre/b2326d82-e190-3a5a-37d1-5bc9551b082e,Pottery Registry: Dataset 2,Pottery registries from excavation: 1985-2016,"OCHRE link: <a href=""https://pi.lib.uchicago.edu/1001/org/ochre/b2326d82-e190-3a5a-37d1-5bc9551b082e"">https://pi.lib.uchicago.edu/1001/org/ochre/b2326d82-e190-3a5a-37d1-5bc9551b082e</a>"
50.59 Pottery Registry Miscellaneous.pdf,50.59 Pottery Registry Miscellaneous.jpg,https://pi.lib.uchicago.edu/1001/org/ochre/8595272a-4b8a-a63f-0466-abb2c9378c5f,Pottery Registry: Dataset 2,Pottery registries from excavation: 1985-2016,"OCHRE link: <a href=""https://pi.lib.uchicago.edu/1001/org/ochre/8595272a-4b8a-a63f-0466-abb2c9378c5f"">https://pi.lib.uchicago.edu/1001/org/ochre/8595272a-4b8a-a63f-0466-abb2c9378c5f</a>"
50.67 Pottery Registry 021 (L).pdf,50.67 Pottery Registry 021 (L).jpg,https://pi.lib.uchicago.edu/1001/org/ochre/ff7b7ef5-936c-ec38-00ef-2872ff9eb33f,Pottery Registry: Dataset 2,Pottery registries from excavation: 1985-2016,"OCHRE link: <a href=""https://pi.lib.uchicago.edu/1001/org/ochre/ff7b7ef5-936c-ec38-00ef-2872ff9eb33f"">https://pi.lib.uchicago.edu/1001/org/ochre/ff7b7ef5-936c-ec38-00ef-2872ff9eb33f</a>"
50.67 Pottery Registry 032 (L).pdf,50.67 Pottery Registry 032 (L).jpg,https://pi.lib.uchicago.edu/1001/org/ochre/69aac203-f480-918d-6e5e-7e4e023523e1,Pottery Registry: Dataset 2,Pottery registries from excavation: 1985-2016,"OCHRE link: <a href=""https://pi.lib.uchicago.edu/1001/org/ochre/69aac203-f480-918d-6e5e-7e4e023523e1"">https://pi.lib.uchicago.edu/1001/org/ochre/69aac203-f480-918d-6e5e-7e4e023523e1</a>"
50.67 Pottery Registry 035 (L).pdf,50.67 Pottery Registry 035 (L).jpg,https://pi.lib.uchicago.edu/1001/org/ochre/9fd9957f-6afd-5e7f-7ac2-0323058bcdaa,Pottery Registry: Dataset 2,Pottery registries from excavation: 1985-2016,"OCHRE link: <a href=""https://pi.lib.uchicago.edu/1001/org/ochre/9fd9957f-6afd-5e7f-7ac2-0323058bcdaa"">https://pi.lib.uchicago.edu/1001/org/ochre/9fd9957f-6afd-5e7f-7ac2-0323058bcdaa</a>"
50.67 Pottery Registry 042 (L).pdf,50.67 Pottery Registry 042 (L).jpg,https://pi.lib.uchicago.edu/1001/org/ochre/f1701e8f-fc46-2fab-6ba5-6fa6118d8ac9,Pottery Registry: Dataset 2,Pottery registries from excavation: 1985-2016,"OCHRE link: <a href=""https://pi.lib.uchicago.edu/1001/org/ochre/f1701e8f-fc46-2fab-6ba5-6fa6118d8ac9"">https://pi.lib.uchicago.edu/1001/org/ochre/f1701e8f-fc46-2fab-6ba5-6fa6118d8ac9</a>"
50.67 Pottery Registry 046 (L).pdf,50.67 Pottery Registry 046 (L).jpg,https://pi.lib.uchicago.edu/1001/org/ochre/c813b6db-6d4c-1778-0c62-05d69207ab8e,Pottery Registry: Dataset 2,Pottery registries from excavation: 1985-2016,"OCHRE link: <a href=""https://pi.lib.uchicago.edu/1001/org/ochre/c813b6db-6d4c-1778-0c62-05d69207ab8e"">https://pi.lib.uchicago.edu/1001/org/ochre/c813b6db-6d4c-1778-0c62-05d69207ab8e</a>"
50.67 Pottery Registry 061 (L).pdf,50.67 Pottery Registry 061 (L).jpg,https://pi.lib.uchicago.edu/1001/org/ochre/4d535848-bb1a-44de-468a-abac5e0827ca,Pottery Registry: Dataset 2,Pottery registries from excavation: 1985-2016,"OCHRE link: <a href=""https://pi.lib.uchicago.edu/1001/org/ochre/4d535848-bb1a-44de-468a-abac5e0827ca"">https://pi.lib.uchicago.edu/1001/org/ochre/4d535848-bb1a-44de-468a-abac5e0827ca</a>"
50.67 Pottery Registry 065 (L).pdf,50.67 Pottery Registry 065 (L).jpg,https://pi.lib.uchicago.edu/1001/org/ochre/a16eb5fe-92df-ec3c-5200-2564704793da,Pottery Registry: Dataset 2,Pottery registries from excavation: 1985-2016,"OCHRE link: <a href=""https://pi.lib.uchicago.edu/1001/org/ochre/a16eb5fe-92df-ec3c-5200-2564704793da"">https://pi.lib.uchicago.edu/1001/org/ochre/a16eb5fe-92df-ec3c-5200-2564704793da</a>"
51.73 Pottery Registry 003 (L).pdf,51.73 Pottery Registry 003 (L).jpg,https://pi.lib.uchicago.edu/1001/org/ochre/a9266fc4-2db6-8a0b-c698-2e4d64309246,Pottery Registry: Dataset 2,Pottery registries from excavation: 1985-2016,"OCHRE link: <a href=""https://pi.lib.uchicago.edu/1001/org/ochre/a9266fc4-2db6-8a0b-c698-2e4d64309246"">https://pi.lib.uchicago.edu/1001/org/ochre/a9266fc4-2db6-8a0b-c698-2e4d64309246</a>"
51.73 Pottery Registry 011 (F).pdf,51.73 Pottery Registry 011 (F).jpg,https://pi.lib.uchicago.edu/1001/org/ochre/35227cc3-82c1-a238-1afa-33b76aca93c6,Pottery Registry: Dataset 2,Pottery registries from excavation: 1985-2016,"OCHRE link: <a href=""https://pi.lib.uchicago.edu/1001/org/ochre/35227cc3-82c1-a238-1afa-33b76aca93c6"">https://pi.lib.uchicago.edu/1001/org/ochre/35227cc3-82c1-a238-1afa-33b76aca93c6</a>"
51.73 Pottery Registry 018 (L).pdf,51.73 Pottery Registry 018 (L).jpg,https://pi.lib.uchicago.edu/1001/org/ochre/bb97d79c-c550-3421-4796-415801bc17cd,Pottery Registry: Dataset 2,Pottery registries from excavation: 1985-2016,"OCHRE link: <a href=""https://pi.lib.uchicago.edu/1001/org/ochre/bb97d79c-c550-3421-4796-415801bc17cd"">https://pi.lib.uchicago.edu/1001/org/ochre/bb97d79c-c550-3421-4796-415801bc17cd</a>"
51.73 Pottery Registry 031 (L).pdf,51.73 Pottery Registry 031 (L).jpg,https://pi.lib.uchicago.edu/1001/org/ochre/d6589104-4f69-f4ba-1deb-ec7f945c3ea5,Pottery Registry: Dataset 2,Pottery registries from excavation: 1985-2016,"OCHRE link: <a href=""https://pi.lib.uchicago.edu/1001/org/ochre/d6589104-4f69-f4ba-1deb-ec7f945c3ea5"">https://pi.lib.uchicago.edu/1001/org/ochre/d6589104-4f69-f4ba-1deb-ec7f945c3ea5</a>"
51.73 Pottery Registry 042 (L).pdf,51.73 Pottery Registry 042 (L).jpg,https://pi.lib.uchicago.edu/1001/org/ochre/5bf7ceb3-51b2-8dad-64e9-baccf8f95ffa,Pottery Registry: Dataset 2,Pottery registries from excavation: 1985-2016,"OCHRE link: <a href=""https://pi.lib.uchicago.edu/1001/org/ochre/5bf7ceb3-51b2-8dad-64e9-baccf8f95ffa"">https://pi.lib.uchicago.edu/1001/org/ochre/5bf7ceb3-51b2-8dad-64e9-baccf8f95ffa</a>"
51.74 Pottery Registry 003 (L).pdf,51.74 Pottery Registry 003 (L).jpg,https://pi.lib.uchicago.edu/1001/org/ochre/4b16b211-d1ce-116b-b98e-3bfd5a36dd9c,Pottery Registry: Dataset 2,Pottery registries from excavation: 1985-2016,"OCHRE link: <a href=""https://pi.lib.uchicago.edu/1001/org/ochre/4b16b211-d1ce-116b-b98e-3bfd5a36dd9c"">https://pi.lib.uchicago.edu/1001/org/ochre/4b16b211-d1ce-116b-b98e-3bfd5a36dd9c</a>"
51.74 Pottery Registry 013 (LF).pdf,51.74 Pottery Registry 013 (LF).jpg,https://pi.lib.uchicago.edu/1001/org/ochre/45fccd05-796e-39ed-4bf2-8ad7d7a91103,Pottery Registry: Dataset 2,Pottery registries from excavation: 1985-2016,"OCHRE link: <a href=""https://pi.lib.uchicago.edu/1001/org/ochre/45fccd05-796e-39ed-4bf2-8ad7d7a91103"">https://pi.lib.uchicago.edu/1001/org/ochre/45fccd05-796e-39ed-4bf2-8ad7d7a91103</a>"
51.74 Pottery Registry 015 (F).pdf,51.74 Pottery Registry 015 (F).jpg,https://pi.lib.uchicago.edu/1001/org/ochre/872e0f7c-bd53-45f2-b03b-3e3277156e6c,Pottery Registry: Dataset 2,Pottery registries from excavation: 1985-2016,"OCHRE link: <a href=""https://pi.lib.uchicago.edu/1001/org/ochre/872e0f7c-bd53-45f2-b03b-3e3277156e6c"">https://pi.lib.uchicago.edu/1001/org/ochre/872e0f7c-bd53-45f2-b03b-3e3277156e6c</a>"
51.74 Pottery Registry 021 (F).pdf,51.74 Pottery Registry 021 (F).jpg,https://pi.lib.uchicago.edu/1001/org/ochre/379b4827-eb8b-1ff0-c9eb-0e36e1d415a5,Pottery Registry: Dataset 2,Pottery registries from excavation: 1985-2016,"OCHRE link: <a href=""https://pi.lib.uchicago.edu/1001/org/ochre/379b4827-eb8b-1ff0-c9eb-0e36e1d415a5"">https://pi.lib.uchicago.edu/1001/org/ochre/379b4827-eb8b-1ff0-c9eb-0e36e1d415a5</a>"
51.74 Pottery Registry 023 (L).pdf,51.74 Pottery Registry 023 (L).jpg,https://pi.lib.uchicago.edu/1001/org/ochre/d10f2caf-71e1-818a-c6bd-51d1578a2b56,Pottery Registry: Dataset 2,Pottery registries from excavation: 1985-2016,"OCHRE link: <a href=""https://pi.lib.uchicago.edu/1001/org/ochre/d10f2caf-71e1-818a-c6bd-51d1578a2b56"">https://pi.lib.uchicago.edu/1001/org/ochre/d10f2caf-71e1-818a-c6bd-51d1578a2b56</a>"
51.74 Pottery Registry 038 (L).pdf,51.74 Pottery Registry 038 (L).jpg,https://pi.lib.uchicago.edu/1001/org/ochre/963d3149-95d5-f9fe-0e2e-d76132bb310b,Pottery Registry: Dataset 2,Pottery registries from excavation: 1985-2016,"OCHRE link: <a href=""https://pi.lib.uchicago.edu/1001/org/ochre/963d3149-95d5-f9fe-0e2e-d76132bb310b"">https://pi.lib.uchicago.edu/1001/org/ochre/963d3149-95d5-f9fe-0e2e-d76132bb310b</a>"
51.74 Pottery Registry 043 (F).pdf,51.74 Pottery Registry 043 (F).jpg,https://pi.lib.uchicago.edu/1001/org/ochre/9de0951b-6b88-f8a4-4244-2bb8ca4713df,Pottery Registry: Dataset 2,Pottery registries from excavation: 1985-2016,"OCHRE link: <a href=""https://pi.lib.uchicago.edu/1001/org/ochre/9de0951b-6b88-f8a4-4244-2bb8ca4713df"">https://pi.lib.uchicago.edu/1001/org/ochre/9de0951b-6b88-f8a4-4244-2bb8ca4713df</a>"
54.49 Pottery Registry 480 (L) (or Grid 50).pdf,54.49 Pottery Registry 480 (L) (or Grid 50).jpg,https://pi.lib.uchicago.edu/1001/org/ochre/e7f9a84c-aa70-43aa-b993-12d7be06bfb3,Pottery Registry: Dataset 2,Pottery registries from excavation: 1985-2016,"OCHRE link: <a href=""https://pi.lib.uchicago.edu/1001/org/ochre/e7f9a84c-aa70-43aa-b993-12d7be06bfb3"">https://pi.lib.uchicago.edu/1001/org/ochre/e7f9a84c-aa70-43aa-b993-12d7be06bfb3</a>"
57.68 Pottery Registry 001 (F).pdf,57.68 Pottery Registry 001 (F).jpg,https://pi.lib.uchicago.edu/1001/org/ochre/0b64bdfa-651e-5cf6-52f7-6cff6ddebbde,Pottery Registry: Dataset 2,Pottery registries from excavation: 1985-2016,"OCHRE link: <a href=""https://pi.lib.uchicago.edu/1001/org/ochre/0b64bdfa-651e-5cf6-52f7-6cff6ddebbde"">https://pi.lib.uchicago.edu/1001/org/ochre/0b64bdfa-651e-5cf6-52f7-6cff6ddebbde</a>"
57.68 Pottery Registry 002 (L).pdf,57.68 Pottery Registry 002 (L).jpg,https://pi.lib.uchicago.edu/1001/org/ochre/c303d1b4-2455-8abf-1914-bc6a6c70f016,Pottery Registry: Dataset 2,Pottery registries from excavation: 1985-2016,"OCHRE link: <a href=""https://pi.lib.uchicago.edu/1001/org/ochre/c303d1b4-2455-8abf-1914-bc6a6c70f016"">https://pi.lib.uchicago.edu/1001/org/ochre/c303d1b4-2455-8abf-1914-bc6a6c70f016</a>"
57.68 Pottery Registry 003 (L).pdf,57.68 Pottery Registry 003 (L).jpg,https://pi.lib.uchicago.edu/1001/org/ochre/2493912e-2c90-85e3-137c-b304d6761b5b,Pottery Registry: Dataset 2,Pottery registries from excavation: 1985-2016,"OCHRE link: <a href=""https://pi.lib.uchicago.edu/1001/org/ochre/2493912e-2c90-85e3-137c-b304d6761b5b"">https://pi.lib.uchicago.edu/1001/org/ochre/2493912e-2c90-85e3-137c-b304d6761b5b</a>"
"57.68 Pottery Registry 004, 005 (L).pdf","57.68 Pottery Registry 004, 005 (L).jpg",https://pi.lib.uchicago.edu/1001/org/ochre/cb971ea7-d193-c62a-2401-d6581587d421,Pottery Registry: Dataset 2,Pottery registries from excavation: 1985-2016,"OCHRE link: <a href=""https://pi.lib.uchicago.edu/1001/org/ochre/cb971ea7-d193-c62a-2401-d6581587d421"">https://pi.lib.uchicago.edu/1001/org/ochre/cb971ea7-d193-c62a-2401-d6581587d421</a>"
"57.68 Pottery Registry 005, 007 (L).pdf","57.68 Pottery Registry 005, 007 (L).jpg",https://pi.lib.uchicago.edu/1001/org/ochre/709b75e5-700a-393a-650b-1eca76c53d04,Pottery Registry: Dataset 2,Pottery registries from excavation: 1985-2016,"OCHRE link: <a href=""https://pi.lib.uchicago.edu/1001/org/ochre/709b75e5-700a-393a-650b-1eca76c53d04"">https://pi.lib.uchicago.edu/1001/org/ochre/709b75e5-700a-393a-650b-1eca76c53d04</a>"
"57.68 Pottery Registry 009, 010 (L).pdf","57.68 Pottery Registry 009, 010 (L).jpg",https://pi.lib.uchicago.edu/1001/org/ochre/caea7f3e-743c-4dd2-79a2-8c10ec27054a,Pottery Registry: Dataset 2,Pottery registries from excavation: 1985-2016,"OCHRE link: <a href=""https://pi.lib.uchicago.edu/1001/org/ochre/caea7f3e-743c-4dd2-79a2-8c10ec27054a"">https://pi.lib.uchicago.edu/1001/org/ochre/caea7f3e-743c-4dd2-79a2-8c10ec27054a</a>"
57.68 Pottery Registry 011 (L).pdf,57.68 Pottery Registry 011 (L).jpg,https://pi.lib.uchicago.edu/1001/org/ochre/5bdb905c-ffb5-904f-3e93-30e1f7a0660e,Pottery Registry: Dataset 2,Pottery registries from excavation: 1985-2016,"OCHRE link: <a href=""https://pi.lib.uchicago.edu/1001/org/ochre/5bdb905c-ffb5-904f-3e93-30e1f7a0660e"">https://pi.lib.uchicago.edu/1001/org/ochre/5bdb905c-ffb5-904f-3e93-30e1f7a0660e</a>"
57.68 Pottery Registry 015 (L).pdf,57.68 Pottery Registry 015 (L).jpg,https://pi.lib.uchicago.edu/1001/org/ochre/650af3d1-821f-fd49-cc3e-f88a3b7744cd,Pottery Registry: Dataset 2,Pottery registries from excavation: 1985-2016,"OCHRE link: <a href=""https://pi.lib.uchicago.edu/1001/org/ochre/650af3d1-821f-fd49-cc3e-f88a3b7744cd"">https://pi.lib.uchicago.edu/1001/org/ochre/650af3d1-821f-fd49-cc3e-f88a3b7744cd</a>"
57.68 Pottery Registry 016 (F).pdf,57.68 Pottery Registry 016 (F).jpg,https://pi.lib.uchicago.edu/1001/org/ochre/442b4537-0d3d-51f4-999e-8db3e5c6ea4b,Pottery Registry: Dataset 2,Pottery registries from excavation: 1985-2016,"OCHRE link: <a href=""https://pi.lib.uchicago.edu/1001/org/ochre/442b4537-0d3d-51f4-999e-8db3e5c6ea4b"">https://pi.lib.uchicago.edu/1001/org/ochre/442b4537-0d3d-51f4-999e-8db3e5c6ea4b</a>"
57.68 Pottery Registry 016 (L).pdf,57.68 Pottery Registry 016 (L).jpg,https://pi.lib.uchicago.edu/1001/org/ochre/0d3cb6c6-a811-dfca-d813-dfab35b9e383,Pottery Registry: Dataset 2,Pottery registries from excavation: 1985-2016,"OCHRE link: <a href=""https://pi.lib.uchicago.edu/1001/org/ochre/0d3cb6c6-a811-dfca-d813-dfab35b9e383"">https://pi.lib.uchicago.edu/1001/org/ochre/0d3cb6c6-a811-dfca-d813-dfab35b9e383</a>"
"57.68 Pottery Registry 016, 017 (F).pdf","57.68 Pottery Registry 016, 017 (F).jpg",https://pi.lib.uchicago.edu/1001/org/ochre/246069e8-d942-f966-ad67-7b36ccd67fe3,Pottery Registry: Dataset 2,Pottery registries from excavation: 1985-2016,"OCHRE link: <a href=""https://pi.lib.uchicago.edu/1001/org/ochre/246069e8-d942-f966-ad67-7b36ccd67fe3"">https://pi.lib.uchicago.edu/1001/org/ochre/246069e8-d942-f966-ad67-7b36ccd67fe3</a>"
57.68 Pottery Registry 017 (L).pdf,57.68 Pottery Registry 017 (L).jpg,https://pi.lib.uchicago.edu/1001/org/ochre/368c86fb-dd51-4649-17aa-850945632c1b,Pottery Registry: Dataset 2,Pottery registries from excavation: 1985-2016,"OCHRE link: <a href=""https://pi.lib.uchicago.edu/1001/org/ochre/368c86fb-dd51-4649-17aa-850945632c1b"">https://pi.lib.uchicago.edu/1001/org/ochre/368c86fb-dd51-4649-17aa-850945632c1b</a>"
57.68 Pottery Registry 018 (L).pdf,57.68 Pottery Registry 018 (L).jpg,https://pi.lib.uchicago.edu/1001/org/ochre/1139e4d0-8db5-9783-d1fb-a90561a0598e,Pottery Registry: Dataset 2,Pottery registries from excavation: 1985-2016,"OCHRE link: <a href=""https://pi.lib.uchicago.edu/1001/org/ochre/1139e4d0-8db5-9783-d1fb-a90561a0598e"">https://pi.lib.uchicago.edu/1001/org/ochre/1139e4d0-8db5-9783-d1fb-a90561a0598e</a>"
57.68 Pottery Registry 019 (L).pdf,57.68 Pottery Registry 019 (L).jpg,https://pi.lib.uchicago.edu/1001/org/ochre/18396dd3-07ed-d117-0ca7-6367bb4801ee,Pottery Registry: Dataset 2,Pottery registries from excavation: 1985-2016,"OCHRE link: <a href=""https://pi.lib.uchicago.edu/1001/org/ochre/18396dd3-07ed-d117-0ca7-6367bb4801ee"">https://pi.lib.uchicago.edu/1001/org/ochre/18396dd3-07ed-d117-0ca7-6367bb4801ee</a>"
57.68 Pottery Registry 020 (L).pdf,57.68 Pottery Registry 020 (L).jpg,https://pi.lib.uchicago.edu/1001/org/ochre/d781e1ea-035e-a4c7-1705-a00a78166ad5,Pottery Registry: Dataset 2,Pottery registries from excavation: 1985-2016,"OCHRE link: <a href=""https://pi.lib.uchicago.edu/1001/org/ochre/d781e1ea-035e-a4c7-1705-a00a78166ad5"">https://pi.lib.uchicago.edu/1001/org/ochre/d781e1ea-035e-a4c7-1705-a00a78166ad5</a>"
57.68 Pottery Registry 022 (L).pdf,57.68 Pottery Registry 022 (L).jpg,https://pi.lib.uchicago.edu/1001/org/ochre/ae1fb8a9-d3db-333e-a80a-b2bf921479e2,Pottery Registry: Dataset 2,Pottery registries from excavation: 1985-2016,"OCHRE link: <a href=""https://pi.lib.uchicago.edu/1001/org/ochre/ae1fb8a9-d3db-333e-a80a-b2bf921479e2"">https://pi.lib.uchicago.edu/1001/org/ochre/ae1fb8a9-d3db-333e-a80a-b2bf921479e2</a>"
57.68 Pottery Registry 023 (L).pdf,57.68 Pottery Registry 023 (L).jpg,https://pi.lib.uchicago.edu/1001/org/ochre/e390b81e-de1c-48ca-5de8-bef396a384e2,Pottery Registry: Dataset 2,Pottery registries from excavation: 1985-2016,"OCHRE link: <a href=""https://pi.lib.uchicago.edu/1001/org/ochre/e390b81e-de1c-48ca-5de8-bef396a384e2"">https://pi.lib.uchicago.edu/1001/org/ochre/e390b81e-de1c-48ca-5de8-bef396a384e2</a>"
57.68 Pottery Registry 051 (L).pdf,57.68 Pottery Registry 051 (L).jpg,https://pi.lib.uchicago.edu/1001/org/ochre/6a7b9127-1afe-d999-e03b-49e0d0e3f6e7,Pottery Registry: Dataset 2,Pottery registries from excavation: 1985-2016,"OCHRE link: <a href=""https://pi.lib.uchicago.edu/1001/org/ochre/6a7b9127-1afe-d999-e03b-49e0d0e3f6e7"">https://pi.lib.uchicago.edu/1001/org/ochre/6a7b9127-1afe-d999-e03b-49e0d0e3f6e7</a>"
57.68 Pottery Registry 058 (L).pdf,57.68 Pottery Registry 058 (L).jpg,https://pi.lib.uchicago.edu/1001/org/ochre/6d36b33e-793d-664e-1bf1-32f96f436305,Pottery Registry: Dataset 2,Pottery registries from excavation: 1985-2016,"OCHRE link: <a href=""https://pi.lib.uchicago.edu/1001/org/ochre/6d36b33e-793d-664e-1bf1-32f96f436305"">https://pi.lib.uchicago.edu/1001/org/ochre/6d36b33e-793d-664e-1bf1-32f96f436305</a>"
57.68 Pottery Registry 059 (L).pdf,57.68 Pottery Registry 059 (L).jpg,https://pi.lib.uchicago.edu/1001/org/ochre/c8f8b275-5c6a-77f1-a0ba-79003d876538,Pottery Registry: Dataset 2,Pottery registries from excavation: 1985-2016,"OCHRE link: <a href=""https://pi.lib.uchicago.edu/1001/org/ochre/c8f8b275-5c6a-77f1-a0ba-79003d876538"">https://pi.lib.uchicago.edu/1001/org/ochre/c8f8b275-5c6a-77f1-a0ba-79003d876538</a>"
57.68 Pottery Registry 062 (L).pdf,57.68 Pottery Registry 062 (L).jpg,https://pi.lib.uchicago.edu/1001/org/ochre/b6304c2f-c6fa-c13e-48c3-25fa86282ea4,Pottery Registry: Dataset 2,Pottery registries from excavation: 1985-2016,"OCHRE link: <a href=""https://pi.lib.uchicago.edu/1001/org/ochre/b6304c2f-c6fa-c13e-48c3-25fa86282ea4"">https://pi.lib.uchicago.edu/1001/org/ochre/b6304c2f-c6fa-c13e-48c3-25fa86282ea4</a>"
57.68 Pottery Registry 063 (L).pdf,57.68 Pottery Registry 063 (L).jpg,https://pi.lib.uchicago.edu/1001/org/ochre/9cfe876a-738f-43ea-a1bc-d6fc886b7ed7,Pottery Registry: Dataset 2,Pottery registries from excavation: 1985-2016,"OCHRE link: <a href=""https://pi.lib.uchicago.edu/1001/org/ochre/9cfe876a-738f-43ea-a1bc-d6fc886b7ed7"">https://pi.lib.uchicago.edu/1001/org/ochre/9cfe876a-738f-43ea-a1bc-d6fc886b7ed7</a>"
57.68 Pottery Registry 066 (L).pdf,57.68 Pottery Registry 066 (L).jpg,https://pi.lib.uchicago.edu/1001/org/ochre/12d7b226-51a2-c818-0a3c-7f7c274b75e3,Pottery Registry: Dataset 2,Pottery registries from excavation: 1985-2016,"OCHRE link: <a href=""https://pi.lib.uchicago.edu/1001/org/ochre/12d7b226-51a2-c818-0a3c-7f7c274b75e3"">https://pi.lib.uchicago.edu/1001/org/ochre/12d7b226-51a2-c818-0a3c-7f7c274b75e3</a>"
57.68 Pottery Registry 068 (L).pdf,57.68 Pottery Registry 068 (L).jpg,https://pi.lib.uchicago.edu/1001/org/ochre/759c5274-496b-7d3d-9ffb-7e24e8ff7b8e,Pottery Registry: Dataset 2,Pottery registries from excavation: 1985-2016,"OCHRE link: <a href=""https://pi.lib.uchicago.edu/1001/org/ochre/759c5274-496b-7d3d-9ffb-7e24e8ff7b8e"">https://pi.lib.uchicago.edu/1001/org/ochre/759c5274-496b-7d3d-9ffb-7e24e8ff7b8e</a>"
57.68 Pottery Registry 072 (LF).pdf,57.68 Pottery Registry 072 (LF).jpg,https://pi.lib.uchicago.edu/1001/org/ochre/84bf057c-5f3a-a5a4-7278-32a10601d68f,Pottery Registry: Dataset 2,Pottery registries from excavation: 1985-2016,"OCHRE link: <a href=""https://pi.lib.uchicago.edu/1001/org/ochre/84bf057c-5f3a-a5a4-7278-32a10601d68f"">https://pi.lib.uchicago.edu/1001/org/ochre/84bf057c-5f3a-a5a4-7278-32a10601d68f</a>"
"57.68 Pottery Registry 072, 075, 078, 091 (L).pdf","57.68 Pottery Registry 072, 075, 078, 091 (L).jpg",https://pi.lib.uchicago.edu/1001/org/ochre/97550c8c-e469-4372-a36f-1bbf10105869,Pottery Registry: Dataset 2,Pottery registries from excavation: 1985-2016,"OCHRE link: <a href=""https://pi.lib.uchicago.edu/1001/org/ochre/97550c8c-e469-4372-a36f-1bbf10105869"">https://pi.lib.uchicago.edu/1001/org/ochre/97550c8c-e469-4372-a36f-1bbf10105869</a>"
57.68 Pottery Registry 073 (L).pdf,57.68 Pottery Registry 073 (L).jpg,https://pi.lib.uchicago.edu/1001/org/ochre/664948f4-3aca-af81-4722-05274a1d92ba,Pottery Registry: Dataset 2,Pottery registries from excavation: 1985-2016,"OCHRE link: <a href=""https://pi.lib.uchicago.edu/1001/org/ochre/664948f4-3aca-af81-4722-05274a1d92ba"">https://pi.lib.uchicago.edu/1001/org/ochre/664948f4-3aca-af81-4722-05274a1d92ba</a>"
57.68 Pottery Registry 078 (L).pdf,57.68 Pottery Registry 078 (L).jpg,https://pi.lib.uchicago.edu/1001/org/ochre/0184d691-dbec-08f8-5f48-fa03955b3295,Pottery Registry: Dataset 2,Pottery registries from excavation: 1985-2016,"OCHRE link: <a href=""https://pi.lib.uchicago.edu/1001/org/ochre/0184d691-dbec-08f8-5f48-fa03955b3295"">https://pi.lib.uchicago.edu/1001/org/ochre/0184d691-dbec-08f8-5f48-fa03955b3295</a>"
57.68 Pottery Registry 084 (F).pdf,57.68 Pottery Registry 084 (F).jpg,https://pi.lib.uchicago.edu/1001/org/ochre/bcfa4762-6242-27db-3b51-809accf13be9,Pottery Registry: Dataset 2,Pottery registries from excavation: 1985-2016,"OCHRE link: <a href=""https://pi.lib.uchicago.edu/1001/org/ochre/bcfa4762-6242-27db-3b51-809accf13be9"">https://pi.lib.uchicago.edu/1001/org/ochre/bcfa4762-6242-27db-3b51-809accf13be9</a>"
57.68 Pottery Registry 087 (L).pdf,57.68 Pottery Registry 087 (L).jpg,https://pi.lib.uchicago.edu/1001/org/ochre/9f65d4a9-9064-9e8e-7920-2b7d1a165282,Pottery Registry: Dataset 2,Pottery registries from excavation: 1985-2016,"OCHRE link: <a href=""https://pi.lib.uchicago.edu/1001/org/ochre/9f65d4a9-9064-9e8e-7920-2b7d1a165282"">https://pi.lib.uchicago.edu/1001/org/ochre/9f65d4a9-9064-9e8e-7920-2b7d1a165282</a>"
57.68 Pottery Registry 090 (L).pdf,57.68 Pottery Registry 090 (L).jpg,https://pi.lib.uchicago.edu/1001/org/ochre/81ab8f02-b269-7e49-8cc9-161e9cff897c,Pottery Registry: Dataset 2,Pottery registries from excavation: 1985-2016,"OCHRE link: <a href=""https://pi.lib.uchicago.edu/1001/org/ochre/81ab8f02-b269-7e49-8cc9-161e9cff897c"">https://pi.lib.uchicago.edu/1001/org/ochre/81ab8f02-b269-7e49-8cc9-161e9cff897c</a>"
57.68 Pottery Registry 091 (L).pdf,57.68 Pottery Registry 091 (L).jpg,https://pi.lib.uchicago.edu/1001/org/ochre/97d46196-c244-3d25-3d8c-6e8891cf6d3a,Pottery Registry: Dataset 2,Pottery registries from excavation: 1985-2016,"OCHRE link: <a href=""https://pi.lib.uchicago.edu/1001/org/ochre/97d46196-c244-3d25-3d8c-6e8891cf6d3a"">https://pi.lib.uchicago.edu/1001/org/ochre/97d46196-c244-3d25-3d8c-6e8891cf6d3a</a>"
57.68 Pottery Registry 093 (L).pdf,57.68 Pottery Registry 093 (L).jpg,https://pi.lib.uchicago.edu/1001/org/ochre/f88e7ae6-b047-9261-dd09-bc2baa3e64e3,Pottery Registry: Dataset 2,Pottery registries from excavation: 1985-2016,"OCHRE link: <a href=""https://pi.lib.uchicago.edu/1001/org/ochre/f88e7ae6-b047-9261-dd09-bc2baa3e64e3"">https://pi.lib.uchicago.edu/1001/org/ochre/f88e7ae6-b047-9261-dd09-bc2baa3e64e3</a>"
57.68 Pottery Registry 110 (L).pdf,57.68 Pottery Registry 110 (L).jpg,https://pi.lib.uchicago.edu/1001/org/ochre/86b1fda2-4e15-e0d2-0048-5371cd02b49b,Pottery Registry: Dataset 2,Pottery registries from excavation: 1985-2016,"OCHRE link: <a href=""https://pi.lib.uchicago.edu/1001/org/ochre/86b1fda2-4e15-e0d2-0048-5371cd02b49b"">https://pi.lib.uchicago.edu/1001/org/ochre/86b1fda2-4e15-e0d2-0048-5371cd02b49b</a>"
57.68 Pottery Registry 111 (F).pdf,57.68 Pottery Registry 111 (F).jpg,https://pi.lib.uchicago.edu/1001/org/ochre/3986eaad-7aea-ff15-962c-a89dd5a3ce05,Pottery Registry: Dataset 2,Pottery registries from excavation: 1985-2016,"OCHRE link: <a href=""https://pi.lib.uchicago.edu/1001/org/ochre/3986eaad-7aea-ff15-962c-a89dd5a3ce05"">https://pi.lib.uchicago.edu/1001/org/ochre/3986eaad-7aea-ff15-962c-a89dd5a3ce05</a>"
57.68 Pottery Registry 112 (F).pdf,57.68 Pottery Registry 112 (F).jpg,https://pi.lib.uchicago.edu/1001/org/ochre/21ebf396-ed76-14cc-26d6-843b9d951394,Pottery Registry: Dataset 2,Pottery registries from excavation: 1985-2016,"OCHRE link: <a href=""https://pi.lib.uchicago.edu/1001/org/ochre/21ebf396-ed76-14cc-26d6-843b9d951394"">https://pi.lib.uchicago.edu/1001/org/ochre/21ebf396-ed76-14cc-26d6-843b9d951394</a>"
57.68 Pottery Registry 117 (L).pdf,57.68 Pottery Registry 117 (L).jpg,https://pi.lib.uchicago.edu/1001/org/ochre/9e7b1c8a-caf0-0054-4444-db6a74ce351e,Pottery Registry: Dataset 2,Pottery registries from excavation: 1985-2016,"OCHRE link: <a href=""https://pi.lib.uchicago.edu/1001/org/ochre/9e7b1c8a-caf0-0054-4444-db6a74ce351e"">https://pi.lib.uchicago.edu/1001/org/ochre/9e7b1c8a-caf0-0054-4444-db6a74ce351e</a>"
57.68 Pottery Registry 142 (F).pdf,57.68 Pottery Registry 142 (F).jpg,https://pi.lib.uchicago.edu/1001/org/ochre/de5e3e58-8ad9-e459-a920-3621961b2a4f,Pottery Registry: Dataset 2,Pottery registries from excavation: 1985-2016,"OCHRE link: <a href=""https://pi.lib.uchicago.edu/1001/org/ochre/de5e3e58-8ad9-e459-a920-3621961b2a4f"">https://pi.lib.uchicago.edu/1001/org/ochre/de5e3e58-8ad9-e459-a920-3621961b2a4f</a>"
57.68 Pottery Registry 151 (LF).pdf,57.68 Pottery Registry 151 (LF).jpg,https://pi.lib.uchicago.edu/1001/org/ochre/a94fd47c-618c-1ae9-a408-6c2cc8fa4556,Pottery Registry: Dataset 2,Pottery registries from excavation: 1985-2016,"OCHRE link: <a href=""https://pi.lib.uchicago.edu/1001/org/ochre/a94fd47c-618c-1ae9-a408-6c2cc8fa4556"">https://pi.lib.uchicago.edu/1001/org/ochre/a94fd47c-618c-1ae9-a408-6c2cc8fa4556</a>"
57.68 Pottery Registry 154 (L).pdf,57.68 Pottery Registry 154 (L).jpg,https://pi.lib.uchicago.edu/1001/org/ochre/8e80d02c-b76b-80ed-a2bb-e13cbd3d1d4f,Pottery Registry: Dataset 2,Pottery registries from excavation: 1985-2016,"OCHRE link: <a href=""https://pi.lib.uchicago.edu/1001/org/ochre/8e80d02c-b76b-80ed-a2bb-e13cbd3d1d4f"">https://pi.lib.uchicago.edu/1001/org/ochre/8e80d02c-b76b-80ed-a2bb-e13cbd3d1d4f</a>"
57.68 Pottery Registry 156 (L).pdf,57.68 Pottery Registry 156 (L).jpg,https://pi.lib.uchicago.edu/1001/org/ochre/1b427d2f-2d00-28e4-1024-ed30419d6ab8,Pottery Registry: Dataset 2,Pottery registries from excavation: 1985-2016,"OCHRE link: <a href=""https://pi.lib.uchicago.edu/1001/org/ochre/1b427d2f-2d00-28e4-1024-ed30419d6ab8"">https://pi.lib.uchicago.edu/1001/org/ochre/1b427d2f-2d00-28e4-1024-ed30419d6ab8</a>"
57.68 Pottery Registry 157 (L).pdf,57.68 Pottery Registry 157 (L).jpg,https://pi.lib.uchicago.edu/1001/org/ochre/8d71cd20-81a5-f782-85cd-fc6072f69ed4,Pottery Registry: Dataset 2,Pottery registries from excavation: 1985-2016,"OCHRE link: <a href=""https://pi.lib.uchicago.edu/1001/org/ochre/8d71cd20-81a5-f782-85cd-fc6072f69ed4"">https://pi.lib.uchicago.edu/1001/org/ochre/8d71cd20-81a5-f782-85cd-fc6072f69ed4</a>"
57.68 Pottery Registry 205 (L).pdf,57.68 Pottery Registry 205 (L).jpg,https://pi.lib.uchicago.edu/1001/org/ochre/f54e2bc0-3ca9-0ab4-89e8-8017fe19aa4a,Pottery Registry: Dataset 2,Pottery registries from excavation: 1985-2016,"OCHRE link: <a href=""https://pi.lib.uchicago.edu/1001/org/ochre/f54e2bc0-3ca9-0ab4-89e8-8017fe19aa4a"">https://pi.lib.uchicago.edu/1001/org/ochre/f54e2bc0-3ca9-0ab4-89e8-8017fe19aa4a</a>"
57.68 Pottery Registry 216 (L).pdf,57.68 Pottery Registry 216 (L).jpg,https://pi.lib.uchicago.edu/1001/org/ochre/53c029bb-8da3-5cfd-8451-d24733909685,Pottery Registry: Dataset 2,Pottery registries from excavation: 1985-2016,"OCHRE link: <a href=""https://pi.lib.uchicago.edu/1001/org/ochre/53c029bb-8da3-5cfd-8451-d24733909685"">https://pi.lib.uchicago.edu/1001/org/ochre/53c029bb-8da3-5cfd-8451-d24733909685</a>"
57.68 Pottery Registry 220 (L).pdf,57.68 Pottery Registry 220 (L).jpg,https://pi.lib.uchicago.edu/1001/org/ochre/1e56d998-08a4-c55f-0a3a-586673d62fe3,Pottery Registry: Dataset 2,Pottery registries from excavation: 1985-2016,"OCHRE link: <a href=""https://pi.lib.uchicago.edu/1001/org/ochre/1e56d998-08a4-c55f-0a3a-586673d62fe3"">https://pi.lib.uchicago.edu/1001/org/ochre/1e56d998-08a4-c55f-0a3a-586673d62fe3</a>"
57.68 Pottery Registry 224 (L).pdf,57.68 Pottery Registry 224 (L).jpg,https://pi.lib.uchicago.edu/1001/org/ochre/f142d369-230a-d60c-c1d2-735cca4d0e2b,Pottery Registry: Dataset 2,Pottery registries from excavation: 1985-2016,"OCHRE link: <a href=""https://pi.lib.uchicago.edu/1001/org/ochre/f142d369-230a-d60c-c1d2-735cca4d0e2b"">https://pi.lib.uchicago.edu/1001/org/ochre/f142d369-230a-d60c-c1d2-735cca4d0e2b</a>"
57.68 Pottery Registry 226 (LF).pdf,57.68 Pottery Registry 226 (LF).jpg,https://pi.lib.uchicago.edu/1001/org/ochre/d294225c-5324-ca68-55fa-6f0527312ac9,Pottery Registry: Dataset 2,Pottery registries from excavation: 1985-2016,"OCHRE link: <a href=""https://pi.lib.uchicago.edu/1001/org/ochre/d294225c-5324-ca68-55fa-6f0527312ac9"">https://pi.lib.uchicago.edu/1001/org/ochre/d294225c-5324-ca68-55fa-6f0527312ac9</a>"
57.68 Pottery Registry 228 (LF).pdf,57.68 Pottery Registry 228 (LF).jpg,https://pi.lib.uchicago.edu/1001/org/ochre/07d47a19-dc63-1aa9-5691-fc2841882f55,Pottery Registry: Dataset 2,Pottery registries from excavation: 1985-2016,"OCHRE link: <a href=""https://pi.lib.uchicago.edu/1001/org/ochre/07d47a19-dc63-1aa9-5691-fc2841882f55"">https://pi.lib.uchicago.edu/1001/org/ochre/07d47a19-dc63-1aa9-5691-fc2841882f55</a>"
57.68 Pottery Registry 239 (LF).pdf,57.68 Pottery Registry 239 (LF).jpg,https://pi.lib.uchicago.edu/1001/org/ochre/fe87cb09-5d1d-b275-689e-db009d8f6def,Pottery Registry: Dataset 2,Pottery registries from excavation: 1985-2016,"OCHRE link: <a href=""https://pi.lib.uchicago.edu/1001/org/ochre/fe87cb09-5d1d-b275-689e-db009d8f6def"">https://pi.lib.uchicago.edu/1001/org/ochre/fe87cb09-5d1d-b275-689e-db009d8f6def</a>"
57.68 Pottery Registry 250 (L).pdf,57.68 Pottery Registry 250 (L).jpg,https://pi.lib.uchicago.edu/1001/org/ochre/e731572a-4648-c606-0733-75e4c5536917,Pottery Registry: Dataset 2,Pottery registries from excavation: 1985-2016,"OCHRE link: <a href=""https://pi.lib.uchicago.edu/1001/org/ochre/e731572a-4648-c606-0733-75e4c5536917"">https://pi.lib.uchicago.edu/1001/org/ochre/e731572a-4648-c606-0733-75e4c5536917</a>"
57.68 Pottery Registry 253 (L).pdf,57.68 Pottery Registry 253 (L).jpg,https://pi.lib.uchicago.edu/1001/org/ochre/b601329d-8a86-8b88-03e3-15cf0b5005b7,Pottery Registry: Dataset 2,Pottery registries from excavation: 1985-2016,"OCHRE link: <a href=""https://pi.lib.uchicago.edu/1001/org/ochre/b601329d-8a86-8b88-03e3-15cf0b5005b7"">https://pi.lib.uchicago.edu/1001/org/ochre/b601329d-8a86-8b88-03e3-15cf0b5005b7</a>"
57.68 Pottery Registry 256 (L).pdf,57.68 Pottery Registry 256 (L).jpg,https://pi.lib.uchicago.edu/1001/org/ochre/d4c92778-df1f-3097-3f13-83a7bafb4eec,Pottery Registry: Dataset 2,Pottery registries from excavation: 1985-2016,"OCHRE link: <a href=""https://pi.lib.uchicago.edu/1001/org/ochre/d4c92778-df1f-3097-3f13-83a7bafb4eec"">https://pi.lib.uchicago.edu/1001/org/ochre/d4c92778-df1f-3097-3f13-83a7bafb4eec</a>"
57.68 Pottery Registry 258 (LF).pdf,57.68 Pottery Registry 258 (LF).jpg,https://pi.lib.uchicago.edu/1001/org/ochre/de4d28ba-3e19-8b73-ebe4-33f8dd8d9e47,Pottery Registry: Dataset 2,Pottery registries from excavation: 1985-2016,"OCHRE link: <a href=""https://pi.lib.uchicago.edu/1001/org/ochre/de4d28ba-3e19-8b73-ebe4-33f8dd8d9e47"">https://pi.lib.uchicago.edu/1001/org/ochre/de4d28ba-3e19-8b73-ebe4-33f8dd8d9e47</a>"
57.68 Pottery Registry 269 (L).pdf,57.68 Pottery Registry 269 (L).jpg,https://pi.lib.uchicago.edu/1001/org/ochre/b8da8328-157f-0d73-7e1f-63997aea3c43,Pottery Registry: Dataset 2,Pottery registries from excavation: 1985-2016,"OCHRE link: <a href=""https://pi.lib.uchicago.edu/1001/org/ochre/b8da8328-157f-0d73-7e1f-63997aea3c43"">https://pi.lib.uchicago.edu/1001/org/ochre/b8da8328-157f-0d73-7e1f-63997aea3c43</a>"
57.68 Pottery Registry 270 (LF).pdf,57.68 Pottery Registry 270 (LF).jpg,https://pi.lib.uchicago.edu/1001/org/ochre/a39c823c-16ea-ccf4-ae2c-e7b33d654617,Pottery Registry: Dataset 2,Pottery registries from excavation: 1985-2016,"OCHRE link: <a href=""https://pi.lib.uchicago.edu/1001/org/ochre/a39c823c-16ea-ccf4-ae2c-e7b33d654617"">https://pi.lib.uchicago.edu/1001/org/ochre/a39c823c-16ea-ccf4-ae2c-e7b33d654617</a>"
57.68 Pottery Registry 272 (L).pdf,57.68 Pottery Registry 272 (L).jpg,https://pi.lib.uchicago.edu/1001/org/ochre/3a19ca53-0c5a-1430-2b24-71c84f4a7bab,Pottery Registry: Dataset 2,Pottery registries from excavation: 1985-2016,"OCHRE link: <a href=""https://pi.lib.uchicago.edu/1001/org/ochre/3a19ca53-0c5a-1430-2b24-71c84f4a7bab"">https://pi.lib.uchicago.edu/1001/org/ochre/3a19ca53-0c5a-1430-2b24-71c84f4a7bab</a>"
57.68 Pottery Registry 285 (L).pdf,57.68 Pottery Registry 285 (L).jpg,https://pi.lib.uchicago.edu/1001/org/ochre/78a81ecc-683f-ec6b-b63a-ffe610033eeb,Pottery Registry: Dataset 2,Pottery registries from excavation: 1985-2016,"OCHRE link: <a href=""https://pi.lib.uchicago.edu/1001/org/ochre/78a81ecc-683f-ec6b-b63a-ffe610033eeb"">https://pi.lib.uchicago.edu/1001/org/ochre/78a81ecc-683f-ec6b-b63a-ffe610033eeb</a>"
57.68 Pottery Registry 292 (L).pdf,57.68 Pottery Registry 292 (L).jpg,https://pi.lib.uchicago.edu/1001/org/ochre/3d5d9bd7-5d7a-d6c1-6c72-7461286d9368,Pottery Registry: Dataset 2,Pottery registries from excavation: 1985-2016,"OCHRE link: <a href=""https://pi.lib.uchicago.edu/1001/org/ochre/3d5d9bd7-5d7a-d6c1-6c72-7461286d9368"">https://pi.lib.uchicago.edu/1001/org/ochre/3d5d9bd7-5d7a-d6c1-6c72-7461286d9368</a>"
57.68 Pottery Registry 294 (L).pdf,57.68 Pottery Registry 294 (L).jpg,https://pi.lib.uchicago.edu/1001/org/ochre/fd452c9d-55e4-46f2-8b59-73437aba6b7d,Pottery Registry: Dataset 2,Pottery registries from excavation: 1985-2016,"OCHRE link: <a href=""https://pi.lib.uchicago.edu/1001/org/ochre/fd452c9d-55e4-46f2-8b59-73437aba6b7d"">https://pi.lib.uchicago.edu/1001/org/ochre/fd452c9d-55e4-46f2-8b59-73437aba6b7d</a>"
57.68 Pottery Registry 296 (LF).pdf,57.68 Pottery Registry 296 (LF).jpg,https://pi.lib.uchicago.edu/1001/org/ochre/e7cfebd3-463f-bdee-c01e-9488ce1d783c,Pottery Registry: Dataset 2,Pottery registries from excavation: 1985-2016,"OCHRE link: <a href=""https://pi.lib.uchicago.edu/1001/org/ochre/e7cfebd3-463f-bdee-c01e-9488ce1d783c"">https://pi.lib.uchicago.edu/1001/org/ochre/e7cfebd3-463f-bdee-c01e-9488ce1d783c</a>"
57.68 Pottery Registry 305 (L).pdf,57.68 Pottery Registry 305 (L).jpg,https://pi.lib.uchicago.edu/1001/org/ochre/fe808a2e-ae51-9e0e-6855-44723b15c55e,Pottery Registry: Dataset 2,Pottery registries from excavation: 1985-2016,"OCHRE link: <a href=""https://pi.lib.uchicago.edu/1001/org/ochre/fe808a2e-ae51-9e0e-6855-44723b15c55e"">https://pi.lib.uchicago.edu/1001/org/ochre/fe808a2e-ae51-9e0e-6855-44723b15c55e</a>"
57.68 Pottery Registry 308 (L).pdf,57.68 Pottery Registry 308 (L).jpg,https://pi.lib.uchicago.edu/1001/org/ochre/c21e9f16-a043-d467-1bab-26acd8e730e1,Pottery Registry: Dataset 2,Pottery registries from excavation: 1985-2016,"OCHRE link: <a href=""https://pi.lib.uchicago.edu/1001/org/ochre/c21e9f16-a043-d467-1bab-26acd8e730e1"">https://pi.lib.uchicago.edu/1001/org/ochre/c21e9f16-a043-d467-1bab-26acd8e730e1</a>"
57.68 Pottery Registry 309 (L).pdf,57.68 Pottery Registry 309 (L).jpg,https://pi.lib.uchicago.edu/1001/org/ochre/41c270bd-ad00-b824-6ae7-015caf16a320,Pottery Registry: Dataset 2,Pottery registries from excavation: 1985-2016,"OCHRE link: <a href=""https://pi.lib.uchicago.edu/1001/org/ochre/41c270bd-ad00-b824-6ae7-015caf16a320"">https://pi.lib.uchicago.edu/1001/org/ochre/41c270bd-ad00-b824-6ae7-015caf16a320</a>"
57.68 Pottery Registry 310 (L).pdf,57.68 Pottery Registry 310 (L).jpg,https://pi.lib.uchicago.edu/1001/org/ochre/9bc82e12-805b-bcc0-909e-0be987364e2c,Pottery Registry: Dataset 2,Pottery registries from excavation: 1985-2016,"OCHRE link: <a href=""https://pi.lib.uchicago.edu/1001/org/ochre/9bc82e12-805b-bcc0-909e-0be987364e2c"">https://pi.lib.uchicago.edu/1001/org/ochre/9bc82e12-805b-bcc0-909e-0be987364e2c</a>"
57.68 Pottery Registry 311 (L).pdf,57.68 Pottery Registry 311 (L).jpg,https://pi.lib.uchicago.edu/1001/org/ochre/f840d805-41dd-b259-1f6e-ccd861eea7e0,Pottery Registry: Dataset 2,Pottery registries from excavation: 1985-2016,"OCHRE link: <a href=""https://pi.lib.uchicago.edu/1001/org/ochre/f840d805-41dd-b259-1f6e-ccd861eea7e0"">https://pi.lib.uchicago.edu/1001/org/ochre/f840d805-41dd-b259-1f6e-ccd861eea7e0</a>"
57.68 Pottery Registry 315 (L).pdf,57.68 Pottery Registry 315 (L).jpg,https://pi.lib.uchicago.edu/1001/org/ochre/6bd5de78-26c3-05db-1213-f64e11b17bf1,Pottery Registry: Dataset 2,Pottery registries from excavation: 1985-2016,"OCHRE link: <a href=""https://pi.lib.uchicago.edu/1001/org/ochre/6bd5de78-26c3-05db-1213-f64e11b17bf1"">https://pi.lib.uchicago.edu/1001/org/ochre/6bd5de78-26c3-05db-1213-f64e11b17bf1</a>"
57.68 Pottery Registry 324 (L).pdf,57.68 Pottery Registry 324 (L).jpg,https://pi.lib.uchicago.edu/1001/org/ochre/28d5ad36-efbf-a4d9-0197-68e644afcc48,Pottery Registry: Dataset 2,Pottery registries from excavation: 1985-2016,"OCHRE link: <a href=""https://pi.lib.uchicago.edu/1001/org/ochre/28d5ad36-efbf-a4d9-0197-68e644afcc48"">https://pi.lib.uchicago.edu/1001/org/ochre/28d5ad36-efbf-a4d9-0197-68e644afcc48</a>"
57.68 Pottery Registry 326 (L).pdf,57.68 Pottery Registry 326 (L).jpg,https://pi.lib.uchicago.edu/1001/org/ochre/614910cc-a8d7-ab2d-053f-d4fdb0b92969,Pottery Registry: Dataset 2,Pottery registries from excavation: 1985-2016,"OCHRE link: <a href=""https://pi.lib.uchicago.edu/1001/org/ochre/614910cc-a8d7-ab2d-053f-d4fdb0b92969"">https://pi.lib.uchicago.edu/1001/org/ochre/614910cc-a8d7-ab2d-053f-d4fdb0b92969</a>"
57.68 Pottery Registry 330 (L).pdf,57.68 Pottery Registry 330 (L).jpg,https://pi.lib.uchicago.edu/1001/org/ochre/dcbf80c9-0e9a-cae4-009b-1bfc9ea0164f,Pottery Registry: Dataset 2,Pottery registries from excavation: 1985-2016,"OCHRE link: <a href=""https://pi.lib.uchicago.edu/1001/org/ochre/dcbf80c9-0e9a-cae4-009b-1bfc9ea0164f"">https://pi.lib.uchicago.edu/1001/org/ochre/dcbf80c9-0e9a-cae4-009b-1bfc9ea0164f</a>"
57.68 Pottery Registry 334 (L).pdf,57.68 Pottery Registry 334 (L).jpg,https://pi.lib.uchicago.edu/1001/org/ochre/a462f885-de42-e875-2f88-176eee491e71,Pottery Registry: Dataset 2,Pottery registries from excavation: 1985-2016,"OCHRE link: <a href=""https://pi.lib.uchicago.edu/1001/org/ochre/a462f885-de42-e875-2f88-176eee491e71"">https://pi.lib.uchicago.edu/1001/org/ochre/a462f885-de42-e875-2f88-176eee491e71</a>"
57.68 Pottery Registry 340 (L).pdf,57.68 Pottery Registry 340 (L).jpg,https://pi.lib.uchicago.edu/1001/org/ochre/b538a762-883c-2f75-4428-55b8c24ce780,Pottery Registry: Dataset 2,Pottery registries from excavation: 1985-2016,"OCHRE link: <a href=""https://pi.lib.uchicago.edu/1001/org/ochre/b538a762-883c-2f75-4428-55b8c24ce780"">https://pi.lib.uchicago.edu/1001/org/ochre/b538a762-883c-2f75-4428-55b8c24ce780</a>"
57.68 Pottery Registry 346 (L).pdf,57.68 Pottery Registry 346 (L).jpg,https://pi.lib.uchicago.edu/1001/org/ochre/79172f30-737b-9118-b2f9-54d7db08fa37,Pottery Registry: Dataset 2,Pottery registries from excavation: 1985-2016,"OCHRE link: <a href=""https://pi.lib.uchicago.edu/1001/org/ochre/79172f30-737b-9118-b2f9-54d7db08fa37"">https://pi.lib.uchicago.edu/1001/org/ochre/79172f30-737b-9118-b2f9-54d7db08fa37</a>"
57.68 Pottery Registry 351 (L).pdf,57.68 Pottery Registry 351 (L).jpg,https://pi.lib.uchicago.edu/1001/org/ochre/fe5f18f6-b3a5-eb5e-9123-eff1ffee6885,Pottery Registry: Dataset 2,Pottery registries from excavation: 1985-2016,"OCHRE link: <a href=""https://pi.lib.uchicago.edu/1001/org/ochre/fe5f18f6-b3a5-eb5e-9123-eff1ffee6885"">https://pi.lib.uchicago.edu/1001/org/ochre/fe5f18f6-b3a5-eb5e-9123-eff1ffee6885</a>"
57.68 Pottery Registry 358 (LF).pdf,57.68 Pottery Registry 358 (LF).jpg,https://pi.lib.uchicago.edu/1001/org/ochre/a6175753-bff5-5b0d-b1d4-c59ed7600fba,Pottery Registry: Dataset 2,Pottery registries from excavation: 1985-2016,"OCHRE link: <a href=""https://pi.lib.uchicago.edu/1001/org/ochre/a6175753-bff5-5b0d-b1d4-c59ed7600fba"">https://pi.lib.uchicago.edu/1001/org/ochre/a6175753-bff5-5b0d-b1d4-c59ed7600fba</a>"
57.68 Pottery Registry 360 (L).pdf,57.68 Pottery Registry 360 (L).jpg,https://pi.lib.uchicago.edu/1001/org/ochre/d09aabf1-f059-5148-2095-8cecb8e6b2bd,Pottery Registry: Dataset 2,Pottery registries from excavation: 1985-2016,"OCHRE link: <a href=""https://pi.lib.uchicago.edu/1001/org/ochre/d09aabf1-f059-5148-2095-8cecb8e6b2bd"">https://pi.lib.uchicago.edu/1001/org/ochre/d09aabf1-f059-5148-2095-8cecb8e6b2bd</a>"
57.68 Pottery Registry 370 (L).pdf,57.68 Pottery Registry 370 (L).jpg,https://pi.lib.uchicago.edu/1001/org/ochre/deedc244-bd19-3f9f-8a94-614109247514,Pottery Registry: Dataset 2,Pottery registries from excavation: 1985-2016,"OCHRE link: <a href=""https://pi.lib.uchicago.edu/1001/org/ochre/deedc244-bd19-3f9f-8a94-614109247514"">https://pi.lib.uchicago.edu/1001/org/ochre/deedc244-bd19-3f9f-8a94-614109247514</a>"
57.68 Pottery Registry 374 (L).pdf,57.68 Pottery Registry 374 (L).jpg,https://pi.lib.uchicago.edu/1001/org/ochre/618bd30e-b88f-b67a-b257-491b17ed26f9,Pottery Registry: Dataset 2,Pottery registries from excavation: 1985-2016,"OCHRE link: <a href=""https://pi.lib.uchicago.edu/1001/org/ochre/618bd30e-b88f-b67a-b257-491b17ed26f9"">https://pi.lib.uchicago.edu/1001/org/ochre/618bd30e-b88f-b67a-b257-491b17ed26f9</a>"
57.68 Pottery Registry 400 (L).pdf,57.68 Pottery Registry 400 (L).jpg,https://pi.lib.uchicago.edu/1001/org/ochre/53875256-6350-e345-d3ae-c865ad318701,Pottery Registry: Dataset 2,Pottery registries from excavation: 1985-2016,"OCHRE link: <a href=""https://pi.lib.uchicago.edu/1001/org/ochre/53875256-6350-e345-d3ae-c865ad318701"">https://pi.lib.uchicago.edu/1001/org/ochre/53875256-6350-e345-d3ae-c865ad318701</a>"
57.68 Pottery Registry 401 (L).pdf,57.68 Pottery Registry 401 (L).jpg,https://pi.lib.uchicago.edu/1001/org/ochre/6ece7fbb-5ce8-c51c-8801-e40ea3312d89,Pottery Registry: Dataset 2,Pottery registries from excavation: 1985-2016,"OCHRE link: <a href=""https://pi.lib.uchicago.edu/1001/org/ochre/6ece7fbb-5ce8-c51c-8801-e40ea3312d89"">https://pi.lib.uchicago.edu/1001/org/ochre/6ece7fbb-5ce8-c51c-8801-e40ea3312d89</a>"
57.68 Pottery Registry 404 (L).pdf,57.68 Pottery Registry 404 (L).jpg,https://pi.lib.uchicago.edu/1001/org/ochre/62e53272-73c4-3c86-c6d4-623e36940112,Pottery Registry: Dataset 2,Pottery registries from excavation: 1985-2016,"OCHRE link: <a href=""https://pi.lib.uchicago.edu/1001/org/ochre/62e53272-73c4-3c86-c6d4-623e36940112"">https://pi.lib.uchicago.edu/1001/org/ochre/62e53272-73c4-3c86-c6d4-623e36940112</a>"
57.68 Pottery Registry Miscellaneous.pdf,57.68 Pottery Registry Miscellaneous.jpg,https://pi.lib.uchicago.edu/1001/org/ochre/2d7d1017-82de-dac4-e4c2-c4c0ba2890e5,Pottery Registry: Dataset 2,Pottery registries from excavation: 1985-2016,"OCHRE link: <a href=""https://pi.lib.uchicago.edu/1001/org/ochre/2d7d1017-82de-dac4-e4c2-c4c0ba2890e5"">https://pi.lib.uchicago.edu/1001/org/ochre/2d7d1017-82de-dac4-e4c2-c4c0ba2890e5</a>"
64.00 Pottery Registry Miscellaneous.pdf,64.00 Pottery Registry Miscellaneous.jpg,https://pi.lib.uchicago.edu/1001/org/ochre/02480128-a7dc-ae6d-0532-9c73725fc512,Pottery Registry: Dataset 2,Pottery registries from excavation: 1985-2016,"OCHRE link: <a href=""https://pi.lib.uchicago.edu/1001/org/ochre/02480128-a7dc-ae6d-0532-9c73725fc512"">https://pi.lib.uchicago.edu/1001/org/ochre/02480128-a7dc-ae6d-0532-9c73725fc512</a>"
64.87 Pottery Registry 002 (L).pdf,64.87 Pottery Registry 002 (L).jpg,https://pi.lib.uchicago.edu/1001/org/ochre/373ddfe6-c1c0-163d-ed8b-258e3e4ed4f8,Pottery Registry: Dataset 2,Pottery registries from excavation: 1985-2016,"OCHRE link: <a href=""https://pi.lib.uchicago.edu/1001/org/ochre/373ddfe6-c1c0-163d-ed8b-258e3e4ed4f8"">https://pi.lib.uchicago.edu/1001/org/ochre/373ddfe6-c1c0-163d-ed8b-258e3e4ed4f8</a>"
64.87 Pottery Registry 004 (L).pdf,64.87 Pottery Registry 004 (L).jpg,https://pi.lib.uchicago.edu/1001/org/ochre/b53d6da7-a072-25a1-c50c-4682f5505233,Pottery Registry: Dataset 2,Pottery registries from excavation: 1985-2016,"OCHRE link: <a href=""https://pi.lib.uchicago.edu/1001/org/ochre/b53d6da7-a072-25a1-c50c-4682f5505233"">https://pi.lib.uchicago.edu/1001/org/ochre/b53d6da7-a072-25a1-c50c-4682f5505233</a>"
64.87 Pottery Registry 005 (F).pdf,64.87 Pottery Registry 005 (F).jpg,https://pi.lib.uchicago.edu/1001/org/ochre/f5969c47-885b-0e83-eed9-3a8e907d287a,Pottery Registry: Dataset 2,Pottery registries from excavation: 1985-2016,"OCHRE link: <a href=""https://pi.lib.uchicago.edu/1001/org/ochre/f5969c47-885b-0e83-eed9-3a8e907d287a"">https://pi.lib.uchicago.edu/1001/org/ochre/f5969c47-885b-0e83-eed9-3a8e907d287a</a>"
64.87 Pottery Registry 005 (L).pdf,64.87 Pottery Registry 005 (L).jpg,https://pi.lib.uchicago.edu/1001/org/ochre/f5969c47-885b-0e83-eed9-3a8e907d287a,Pottery Registry: Dataset 2,Pottery registries from excavation: 1985-2016,"OCHRE link: <a href=""https://pi.lib.uchicago.edu/1001/org/ochre/f5969c47-885b-0e83-eed9-3a8e907d287a"">https://pi.lib.uchicago.edu/1001/org/ochre/f5969c47-885b-0e83-eed9-3a8e907d287a</a>"
64.87 Pottery Registry 007 (L).pdf,64.87 Pottery Registry 007 (L).jpg,https://pi.lib.uchicago.edu/1001/org/ochre/61f939cd-5938-6109-f3c6-3ce637f12c45,Pottery Registry: Dataset 2,Pottery registries from excavation: 1985-2016,"OCHRE link: <a href=""https://pi.lib.uchicago.edu/1001/org/ochre/61f939cd-5938-6109-f3c6-3ce637f12c45"">https://pi.lib.uchicago.edu/1001/org/ochre/61f939cd-5938-6109-f3c6-3ce637f12c45</a>"
64.87 Pottery Registry 009 (L).pdf,64.87 Pottery Registry 009 (L).jpg,https://pi.lib.uchicago.edu/1001/org/ochre/79f3e7a2-6307-57eb-0c2b-3e26fbca1fa1,Pottery Registry: Dataset 2,Pottery registries from excavation: 1985-2016,"OCHRE link: <a href=""https://pi.lib.uchicago.edu/1001/org/ochre/79f3e7a2-6307-57eb-0c2b-3e26fbca1fa1"">https://pi.lib.uchicago.edu/1001/org/ochre/79f3e7a2-6307-57eb-0c2b-3e26fbca1fa1</a>"
64.87 Pottery Registry 013 (L).pdf,64.87 Pottery Registry 013 (L).jpg,https://pi.lib.uchicago.edu/1001/org/ochre/73ee7952-e68c-9b47-5dc9-757ec77a6a76,Pottery Registry: Dataset 2,Pottery registries from excavation: 1985-2016,"OCHRE link: <a href=""https://pi.lib.uchicago.edu/1001/org/ochre/73ee7952-e68c-9b47-5dc9-757ec77a6a76"">https://pi.lib.uchicago.edu/1001/org/ochre/73ee7952-e68c-9b47-5dc9-757ec77a6a76</a>"
64.87 Pottery Registry 014 (L).pdf,64.87 Pottery Registry 014 (L).jpg,https://pi.lib.uchicago.edu/1001/org/ochre/a55d0a85-36fb-2090-2a25-41ff69156cfa,Pottery Registry: Dataset 2,Pottery registries from excavation: 1985-2016,"OCHRE link: <a href=""https://pi.lib.uchicago.edu/1001/org/ochre/a55d0a85-36fb-2090-2a25-41ff69156cfa"">https://pi.lib.uchicago.edu/1001/org/ochre/a55d0a85-36fb-2090-2a25-41ff69156cfa</a>"
64.87 Pottery Registry 034 (L).pdf,64.87 Pottery Registry 034 (L).jpg,https://pi.lib.uchicago.edu/1001/org/ochre/dc1c1895-e174-5a17-7397-36550fd38ca9,Pottery Registry: Dataset 2,Pottery registries from excavation: 1985-2016,"OCHRE link: <a href=""https://pi.lib.uchicago.edu/1001/org/ochre/dc1c1895-e174-5a17-7397-36550fd38ca9"">https://pi.lib.uchicago.edu/1001/org/ochre/dc1c1895-e174-5a17-7397-36550fd38ca9</a>"
64.87 Pottery Registry 041 (L).pdf,64.87 Pottery Registry 041 (L).jpg,https://pi.lib.uchicago.edu/1001/org/ochre/acdd2d4b-6e30-2685-2586-6cf8791e56a9,Pottery Registry: Dataset 2,Pottery registries from excavation: 1985-2016,"OCHRE link: <a href=""https://pi.lib.uchicago.edu/1001/org/ochre/acdd2d4b-6e30-2685-2586-6cf8791e56a9"">https://pi.lib.uchicago.edu/1001/org/ochre/acdd2d4b-6e30-2685-2586-6cf8791e56a9</a>"
64.87 Pottery Registry 042 (F).pdf,64.87 Pottery Registry 042 (F).jpg,https://pi.lib.uchicago.edu/1001/org/ochre/2eee60fd-cf70-81e6-a6d1-f002b869e4b0,Pottery Registry: Dataset 2,Pottery registries from excavation: 1985-2016,"OCHRE link: <a href=""https://pi.lib.uchicago.edu/1001/org/ochre/2eee60fd-cf70-81e6-a6d1-f002b869e4b0"">https://pi.lib.uchicago.edu/1001/org/ochre/2eee60fd-cf70-81e6-a6d1-f002b869e4b0</a>"
64.87 Pottery Registry 047 (L).pdf,64.87 Pottery Registry 047 (L).jpg,https://pi.lib.uchicago.edu/1001/org/ochre/8a7af21e-b679-6e67-5a8f-2e48c9a41752,Pottery Registry: Dataset 2,Pottery registries from excavation: 1985-2016,"OCHRE link: <a href=""https://pi.lib.uchicago.edu/1001/org/ochre/8a7af21e-b679-6e67-5a8f-2e48c9a41752"">https://pi.lib.uchicago.edu/1001/org/ochre/8a7af21e-b679-6e67-5a8f-2e48c9a41752</a>"
64.87 Pottery Registry 049 (L).pdf,64.87 Pottery Registry 049 (L).jpg,https://pi.lib.uchicago.edu/1001/org/ochre/c1022c95-f1b0-8f51-ce3a-21acca47ea3f,Pottery Registry: Dataset 2,Pottery registries from excavation: 1985-2016,"OCHRE link: <a href=""https://pi.lib.uchicago.edu/1001/org/ochre/c1022c95-f1b0-8f51-ce3a-21acca47ea3f"">https://pi.lib.uchicago.edu/1001/org/ochre/c1022c95-f1b0-8f51-ce3a-21acca47ea3f</a>"
64.87 Pottery Registry 057 (L).pdf,64.87 Pottery Registry 057 (L).jpg,https://pi.lib.uchicago.edu/1001/org/ochre/8fd9a66a-509f-4035-d5d6-a316b0047486,Pottery Registry: Dataset 2,Pottery registries from excavation: 1985-2016,"OCHRE link: <a href=""https://pi.lib.uchicago.edu/1001/org/ochre/8fd9a66a-509f-4035-d5d6-a316b0047486"">https://pi.lib.uchicago.edu/1001/org/ochre/8fd9a66a-509f-4035-d5d6-a316b0047486</a>"
64.87 Pottery Registry 058 (L).pdf,64.87 Pottery Registry 058 (L).jpg,https://pi.lib.uchicago.edu/1001/org/ochre/97914397-feea-be96-4b8c-c4dc43b49c97,Pottery Registry: Dataset 2,Pottery registries from excavation: 1985-2016,"OCHRE link: <a href=""https://pi.lib.uchicago.edu/1001/org/ochre/97914397-feea-be96-4b8c-c4dc43b49c97"">https://pi.lib.uchicago.edu/1001/org/ochre/97914397-feea-be96-4b8c-c4dc43b49c97</a>"
64.87 Pottery Registry 059 (L).pdf,64.87 Pottery Registry 059 (L).jpg,https://pi.lib.uchicago.edu/1001/org/ochre/2d74db17-b3e8-f021-0d4e-33f37cab2446,Pottery Registry: Dataset 2,Pottery registries from excavation: 1985-2016,"OCHRE link: <a href=""https://pi.lib.uchicago.edu/1001/org/ochre/2d74db17-b3e8-f021-0d4e-33f37cab2446"">https://pi.lib.uchicago.edu/1001/org/ochre/2d74db17-b3e8-f021-0d4e-33f37cab2446</a>"
64.87 Pottery Registry 062 (L).pdf,64.87 Pottery Registry 062 (L).jpg,https://pi.lib.uchicago.edu/1001/org/ochre/15c8b9dc-85b6-4880-9d59-d0838a03e865,Pottery Registry: Dataset 2,Pottery registries from excavation: 1985-2016,"OCHRE link: <a href=""https://pi.lib.uchicago.edu/1001/org/ochre/15c8b9dc-85b6-4880-9d59-d0838a03e865"">https://pi.lib.uchicago.edu/1001/org/ochre/15c8b9dc-85b6-4880-9d59-d0838a03e865</a>"
64.87 Pottery Registry 064 (L).pdf,64.87 Pottery Registry 064 (L).jpg,https://pi.lib.uchicago.edu/1001/org/ochre/f1d990d0-f6f0-36ee-f86a-b93e78eda8b7,Pottery Registry: Dataset 2,Pottery registries from excavation: 1985-2016,"OCHRE link: <a href=""https://pi.lib.uchicago.edu/1001/org/ochre/f1d990d0-f6f0-36ee-f86a-b93e78eda8b7"">https://pi.lib.uchicago.edu/1001/org/ochre/f1d990d0-f6f0-36ee-f86a-b93e78eda8b7</a>"
64.87 Pottery Registry 066 (L).pdf,64.87 Pottery Registry 066 (L).jpg,https://pi.lib.uchicago.edu/1001/org/ochre/ff21f916-d0e5-c776-eee1-83a806c601e1,Pottery Registry: Dataset 2,Pottery registries from excavation: 1985-2016,"OCHRE link: <a href=""https://pi.lib.uchicago.edu/1001/org/ochre/ff21f916-d0e5-c776-eee1-83a806c601e1"">https://pi.lib.uchicago.edu/1001/org/ochre/ff21f916-d0e5-c776-eee1-83a806c601e1</a>"
64.87 Pottery Registry 067 (LF).pdf,64.87 Pottery Registry 067 (LF).jpg,https://pi.lib.uchicago.edu/1001/org/ochre/125806a2-04fd-f939-77f4-ce959108227f,Pottery Registry: Dataset 2,Pottery registries from excavation: 1985-2016,"OCHRE link: <a href=""https://pi.lib.uchicago.edu/1001/org/ochre/125806a2-04fd-f939-77f4-ce959108227f"">https://pi.lib.uchicago.edu/1001/org/ochre/125806a2-04fd-f939-77f4-ce959108227f</a>"
64.87 Pottery Registry 068 (L).pdf,64.87 Pottery Registry 068 (L).jpg,https://pi.lib.uchicago.edu/1001/org/ochre/6a68f6da-8c25-7094-2b55-7c864cbc28da,Pottery Registry: Dataset 2,Pottery registries from excavation: 1985-2016,"OCHRE link: <a href=""https://pi.lib.uchicago.edu/1001/org/ochre/6a68f6da-8c25-7094-2b55-7c864cbc28da"">https://pi.lib.uchicago.edu/1001/org/ochre/6a68f6da-8c25-7094-2b55-7c864cbc28da</a>"
64.87 Pottery Registry 069 (L).pdf,64.87 Pottery Registry 069 (L).jpg,https://pi.lib.uchicago.edu/1001/org/ochre/61dc627b-f4f9-1ecd-7960-7fee793bf9c6,Pottery Registry: Dataset 2,Pottery registries from excavation: 1985-2016,"OCHRE link: <a href=""https://pi.lib.uchicago.edu/1001/org/ochre/61dc627b-f4f9-1ecd-7960-7fee793bf9c6"">https://pi.lib.uchicago.edu/1001/org/ochre/61dc627b-f4f9-1ecd-7960-7fee793bf9c6</a>"
64.87 Pottery Registry 070 (L).pdf,64.87 Pottery Registry 070 (L).jpg,https://pi.lib.uchicago.edu/1001/org/ochre/7ec2bbe8-edb4-65ae-5080-8da558f56ff0,Pottery Registry: Dataset 2,Pottery registries from excavation: 1985-2016,"OCHRE link: <a href=""https://pi.lib.uchicago.edu/1001/org/ochre/7ec2bbe8-edb4-65ae-5080-8da558f56ff0"">https://pi.lib.uchicago.edu/1001/org/ochre/7ec2bbe8-edb4-65ae-5080-8da558f56ff0</a>"
64.87 Pottery Registry 071 (L).pdf,64.87 Pottery Registry 071 (L).jpg,https://pi.lib.uchicago.edu/1001/org/ochre/5d148ecc-b01a-314c-f942-615b503e1c2d,Pottery Registry: Dataset 2,Pottery registries from excavation: 1985-2016,"OCHRE link: <a href=""https://pi.lib.uchicago.edu/1001/org/ochre/5d148ecc-b01a-314c-f942-615b503e1c2d"">https://pi.lib.uchicago.edu/1001/org/ochre/5d148ecc-b01a-314c-f942-615b503e1c2d</a>"
64.87 Pottery Registry 076 (L).pdf,64.87 Pottery Registry 076 (L).jpg,https://pi.lib.uchicago.edu/1001/org/ochre/2e8a85c5-9596-0345-2b35-476042fd5d95,Pottery Registry: Dataset 2,Pottery registries from excavation: 1985-2016,"OCHRE link: <a href=""https://pi.lib.uchicago.edu/1001/org/ochre/2e8a85c5-9596-0345-2b35-476042fd5d95"">https://pi.lib.uchicago.edu/1001/org/ochre/2e8a85c5-9596-0345-2b35-476042fd5d95</a>"
64.87 Pottery Registry 077 (L).pdf,64.87 Pottery Registry 077 (L).jpg,https://pi.lib.uchicago.edu/1001/org/ochre/ecca0e76-f527-4fb6-9547-c25d8bbcfa87,Pottery Registry: Dataset 2,Pottery registries from excavation: 1985-2016,"OCHRE link: <a href=""https://pi.lib.uchicago.edu/1001/org/ochre/ecca0e76-f527-4fb6-9547-c25d8bbcfa87"">https://pi.lib.uchicago.edu/1001/org/ochre/ecca0e76-f527-4fb6-9547-c25d8bbcfa87</a>"
71.25 Pottery Registry 002 (L).pdf,71.25 Pottery Registry 002 (L).jpg,https://pi.lib.uchicago.edu/1001/org/ochre/d59e1bed-8d53-1343-b762-cf69b6bd3836,Pottery Registry: Dataset 2,Pottery registries from excavation: 1985-2016,"OCHRE link: <a href=""https://pi.lib.uchicago.edu/1001/org/ochre/d59e1bed-8d53-1343-b762-cf69b6bd3836"">https://pi.lib.uchicago.edu/1001/org/ochre/d59e1bed-8d53-1343-b762-cf69b6bd3836</a>"
71.25 Pottery Registry 004 (F).pdf,71.25 Pottery Registry 004 (F).jpg,https://pi.lib.uchicago.edu/1001/org/ochre/9f721a25-3a29-8829-b0a8-528921cc9d60,Pottery Registry: Dataset 2,Pottery registries from excavation: 1985-2016,"OCHRE link: <a href=""https://pi.lib.uchicago.edu/1001/org/ochre/9f721a25-3a29-8829-b0a8-528921cc9d60"">https://pi.lib.uchicago.edu/1001/org/ochre/9f721a25-3a29-8829-b0a8-528921cc9d60</a>"
71.25 Pottery Registry 052 (L).pdf,71.25 Pottery Registry 052 (L).jpg,https://pi.lib.uchicago.edu/1001/org/ochre/10c6dd7d-f9d6-584b-b922-15974d717828,Pottery Registry: Dataset 2,Pottery registries from excavation: 1985-2016,"OCHRE link: <a href=""https://pi.lib.uchicago.edu/1001/org/ochre/10c6dd7d-f9d6-584b-b922-15974d717828"">https://pi.lib.uchicago.edu/1001/org/ochre/10c6dd7d-f9d6-584b-b922-15974d717828</a>"
71.45 Pottery Registry 003 (F).pdf,71.45 Pottery Registry 003 (F).jpg,https://pi.lib.uchicago.edu/1001/org/ochre/145e0886-7a0c-e102-851f-deef15d38e9c,Pottery Registry: Dataset 2,Pottery registries from excavation: 1985-2016,"OCHRE link: <a href=""https://pi.lib.uchicago.edu/1001/org/ochre/145e0886-7a0c-e102-851f-deef15d38e9c"">https://pi.lib.uchicago.edu/1001/org/ochre/145e0886-7a0c-e102-851f-deef15d38e9c</a>"
71.55 Pottery Registry 001 (F).pdf,71.55 Pottery Registry 001 (F).jpg,https://pi.lib.uchicago.edu/1001/org/ochre/1981456a-0573-b873-35c3-74467195153c,Pottery Registry: Dataset 2,Pottery registries from excavation: 1985-2016,"OCHRE link: <a href=""https://pi.lib.uchicago.edu/1001/org/ochre/1981456a-0573-b873-35c3-74467195153c"">https://pi.lib.uchicago.edu/1001/org/ochre/1981456a-0573-b873-35c3-74467195153c</a>"
71.55 Pottery Registry Miscellaneous.pdf,71.55 Pottery Registry Miscellaneous.jpg,https://pi.lib.uchicago.edu/1001/org/ochre/3140d225-7926-cd7b-157f-483a504b6bf6,Pottery Registry: Dataset 2,Pottery registries from excavation: 1985-2016,"OCHRE link: <a href=""https://pi.lib.uchicago.edu/1001/org/ochre/3140d225-7926-cd7b-157f-483a504b6bf6"">https://pi.lib.uchicago.edu/1001/org/ochre/3140d225-7926-cd7b-157f-483a504b6bf6</a>"
71.65 Pottery Registry 001 (F).pdf,71.65 Pottery Registry 001 (F).jpg,https://pi.lib.uchicago.edu/1001/org/ochre/9d69637f-eb90-abf5-8472-e96420da6fca,Pottery Registry: Dataset 2,Pottery registries from excavation: 1985-2016,"OCHRE link: <a href=""https://pi.lib.uchicago.edu/1001/org/ochre/9d69637f-eb90-abf5-8472-e96420da6fca"">https://pi.lib.uchicago.edu/1001/org/ochre/9d69637f-eb90-abf5-8472-e96420da6fca</a>"
71.65 Pottery Registry 002 (L).pdf,71.65 Pottery Registry 002 (L).jpg,https://pi.lib.uchicago.edu/1001/org/ochre/dada1272-d3aa-cfca-e7ae-646c46f64e2e,Pottery Registry: Dataset 2,Pottery registries from excavation: 1985-2016,"OCHRE link: <a href=""https://pi.lib.uchicago.edu/1001/org/ochre/dada1272-d3aa-cfca-e7ae-646c46f64e2e"">https://pi.lib.uchicago.edu/1001/org/ochre/dada1272-d3aa-cfca-e7ae-646c46f64e2e</a>"
71.65 Pottery Registry 003 (L).pdf,71.65 Pottery Registry 003 (L).jpg,https://pi.lib.uchicago.edu/1001/org/ochre/55ec4a49-b0db-bd3c-383c-a93f21b779b6,Pottery Registry: Dataset 2,Pottery registries from excavation: 1985-2016,"OCHRE link: <a href=""https://pi.lib.uchicago.edu/1001/org/ochre/55ec4a49-b0db-bd3c-383c-a93f21b779b6"">https://pi.lib.uchicago.edu/1001/org/ochre/55ec4a49-b0db-bd3c-383c-a93f21b779b6</a>"
71.65 Pottery Registry Miscellaneous.pdf,71.65 Pottery Registry Miscellaneous.jpg,https://pi.lib.uchicago.edu/1001/org/ochre/fa2d8160-88cf-fc37-9410-5d14accadb5d,Pottery Registry: Dataset 2,Pottery registries from excavation: 1985-2016,"OCHRE link: <a href=""https://pi.lib.uchicago.edu/1001/org/ochre/fa2d8160-88cf-fc37-9410-5d14accadb5d"">https://pi.lib.uchicago.edu/1001/org/ochre/fa2d8160-88cf-fc37-9410-5d14accadb5d</a>"
71.85 Pottery Registry 001 (F).pdf,71.85 Pottery Registry 001 (F).jpg,https://pi.lib.uchicago.edu/1001/org/ochre/1d4b686c-38aa-9d55-88f8-385fba9f3639,Pottery Registry: Dataset 2,Pottery registries from excavation: 1985-2016,"OCHRE link: <a href=""https://pi.lib.uchicago.edu/1001/org/ochre/1d4b686c-38aa-9d55-88f8-385fba9f3639"">https://pi.lib.uchicago.edu/1001/org/ochre/1d4b686c-38aa-9d55-88f8-385fba9f3639</a>"
71.85 Pottery Registry 002 (L).pdf,71.85 Pottery Registry 002 (L).jpg,https://pi.lib.uchicago.edu/1001/org/ochre/87028cc2-98ae-bb3f-a757-0b31ffbdc5b2,Pottery Registry: Dataset 2,Pottery registries from excavation: 1985-2016,"OCHRE link: <a href=""https://pi.lib.uchicago.edu/1001/org/ochre/87028cc2-98ae-bb3f-a757-0b31ffbdc5b2"">https://pi.lib.uchicago.edu/1001/org/ochre/87028cc2-98ae-bb3f-a757-0b31ffbdc5b2</a>"
71.95 Pottery Registry Miscellaneous.pdf,71.95 Pottery Registry Miscellaneous.jpg,https://pi.lib.uchicago.edu/1001/org/ochre/09496c9a-f919-0956-212d-ad3a031a3d4b,Pottery Registry: Dataset 2,Pottery registries from excavation: 1985-2016,"OCHRE link: <a href=""https://pi.lib.uchicago.edu/1001/org/ochre/09496c9a-f919-0956-212d-ad3a031a3d4b"">https://pi.lib.uchicago.edu/1001/org/ochre/09496c9a-f919-0956-212d-ad3a031a3d4b</a>"
Other Pottery Registry Documents.pdf,Other Pottery Registry Documents.jpg,https://pi.lib.uchicago.edu/1001/org/ochre/6cdf584a-2b2e-69e1-b232-ef20a294daa1,Pottery Registry: Dataset 2,Pottery registries from excavation: 1985-2016,"OCHRE link: <a href=""https://pi.lib.uchicago.edu/1001/org/ochre/6cdf584a-2b2e-69e1-b232-ef20a294daa1"">https://pi.lib.uchicago.edu/1001/org/ochre/6cdf584a-2b2e-69e1-b232-ef20a294daa1</a>"
Pottery Registry Miscellaneous.pdf,Pottery Registry Miscellaneous.jpg,https://pi.lib.uchicago.edu/1001/org/ochre/eae56968-ecc7-b439-7dfd-b8324dfdf634,Pottery Registry: Dataset 2,Pottery registries from excavation: 1985-2016,"OCHRE link: <a href=""https://pi.lib.uchicago.edu/1001/org/ochre/eae56968-ecc7-b439-7dfd-b8324dfdf634"">https://pi.lib.uchicago.edu/1001/org/ochre/eae56968-ecc7-b439-7dfd-b8324dfdf634</a>"
1999 Pottery Registry.pdf,1999 Pottery Registry.jpg,https://pi.lib.uchicago.edu/1001/org/ochre/ee02b815-fe0f-4bc7-b74a-e94c440467e7,Pottery Registry: Dataset 2,Pottery registries from excavation: 1985-2016,"OCHRE link: <a href=""https://pi.lib.uchicago.edu/1001/org/ochre/ee02b815-fe0f-4bc7-b74a-e94c440467e7"">https://pi.lib.uchicago.edu/1001/org/ochre/ee02b815-fe0f-4bc7-b74a-e94c440467e7</a>"
2000 Pottery Registry.pdf,2000 Pottery Registry.jpg,https://pi.lib.uchicago.edu/1001/org/ochre/efe2e9a1-a5ff-40f6-9141-8099e5792bdb,Pottery Registry: Dataset 2,Pottery registries from excavation: 1985-2016,"OCHRE link: <a href=""https://pi.lib.uchicago.edu/1001/org/ochre/efe2e9a1-a5ff-40f6-9141-8099e5792bdb"">https://pi.lib.uchicago.edu/1001/org/ochre/efe2e9a1-a5ff-40f6-9141-8099e5792bdb</a>"
2004 Pottery Registry.pdf,2004 Pottery Registry.jpg,https://pi.lib.uchicago.edu/1001/org/ochre/1e831d47-4a4d-47f5-a101-be5e698785a9,Pottery Registry: Dataset 2,Pottery registries from excavation: 1985-2016,"OCHRE link: <a href=""https://pi.lib.uchicago.edu/1001/org/ochre/1e831d47-4a4d-47f5-a101-be5e698785a9"">https://pi.lib.uchicago.edu/1001/org/ochre/1e831d47-4a4d-47f5-a101-be5e698785a9</a>"
2006 Pottery Registry.pdf,2006 Pottery Registry.jpg,https://pi.lib.uchicago.edu/1001/org/ochre/4640ec5d-bb37-4d76-ad49-874fb93d6cc8,Pottery Registry: Dataset 2,Pottery registries from excavation: 1985-2016,"OCHRE link: <a href=""https://pi.lib.uchicago.edu/1001/org/ochre/4640ec5d-bb37-4d76-ad49-874fb93d6cc8"">https://pi.lib.uchicago.edu/1001/org/ochre/4640ec5d-bb37-4d76-ad49-874fb93d6cc8</a>"