filename,file_description,dataset_description,dataset_title
"01.009, 19, 29 1996 Fieldbook.pdf","OCHRE link(s): <a href=""https://pi.lib.uchicago.edu/1001/org/ochre/ff894790-87d4-7c7a-7fd5-762bf1f45011"">https://pi.lib.uchicago.edu/1001/org/ochre/ff894790-87d4-7c7a-7fd5-762bf1f45011</a>; <a href=""https://pi.lib.uchicago.edu/1001/org/ochre/80d86020-f548-4458-f9d2-21e98472164a"">https://pi.lib.uchicago.edu/1001/org/ochre/80d86020-f548-4458-f9d2-21e98472164a</a>; <a href=""https://pi.lib.uchicago.edu/1001/org/ochre/eea75d34-7ab9-7a93-8e9c-348499034837"">https://pi.lib.uchicago.edu/1001/org/ochre/eea75d34-7ab9-7a93-8e9c-348499034837</a>",Fieldbooks from excavation: 1985-2016,Leon Levy Expedition to Ashkelon Dataset: Fieldbooks
01.028 1988 Fieldbook.pdf,"OCHRE link(s): <a href=""https://pi.lib.uchicago.edu/1001/org/ochre/82b836f0-f129-4531-9aca-98c2e24a6682"">https://pi.lib.uchicago.edu/1001/org/ochre/82b836f0-f129-4531-9aca-98c2e24a6682</a>",Fieldbooks from excavation: 1985-2016,Leon Levy Expedition to Ashkelon Dataset: Fieldbooks
01.028 1989 Fieldbook.pdf,"OCHRE link(s): <a href=""https://pi.lib.uchicago.edu/1001/org/ochre/97ab9032-22c6-44ad-9ced-3142e0209e0a"">https://pi.lib.uchicago.edu/1001/org/ochre/97ab9032-22c6-44ad-9ced-3142e0209e0a</a>",Fieldbooks from excavation: 1985-2016,Leon Levy Expedition to Ashkelon Dataset: Fieldbooks
01.028-29 1990 Fieldbook.pdf,"OCHRE link(s): <a href=""https://pi.lib.uchicago.edu/1001/org/ochre/d7b11722-bc9a-d794-bdf1-e7d2e71881cc"">https://pi.lib.uchicago.edu/1001/org/ochre/d7b11722-bc9a-d794-bdf1-e7d2e71881cc</a>; <a href=""https://pi.lib.uchicago.edu/1001/org/ochre/95d42acb-ca68-46c8-7811-19931270da95"">https://pi.lib.uchicago.edu/1001/org/ochre/95d42acb-ca68-46c8-7811-19931270da95</a>",Fieldbooks from excavation: 1985-2016,Leon Levy Expedition to Ashkelon Dataset: Fieldbooks
01.029 1988 Fieldbook.pdf,"OCHRE link(s): <a href=""https://pi.lib.uchicago.edu/1001/org/ochre/3e671797-464f-4449-bfc8-3ddb4e45b6dc"">https://pi.lib.uchicago.edu/1001/org/ochre/3e671797-464f-4449-bfc8-3ddb4e45b6dc</a>",Fieldbooks from excavation: 1985-2016,Leon Levy Expedition to Ashkelon Dataset: Fieldbooks
01.029 1989 Fieldbook.pdf,"OCHRE link(s): <a href=""https://pi.lib.uchicago.edu/1001/org/ochre/5d9157b7-8263-40d8-a966-ff3a0551de2f"">https://pi.lib.uchicago.edu/1001/org/ochre/5d9157b7-8263-40d8-a966-ff3a0551de2f</a>",Fieldbooks from excavation: 1985-2016,Leon Levy Expedition to Ashkelon Dataset: Fieldbooks
01.099 1993 Fieldbook.pdf,"OCHRE link(s): <a href=""https://pi.lib.uchicago.edu/1001/org/ochre/3db4dbff-96b0-e5ca-ff8e-910437f5c43b"">https://pi.lib.uchicago.edu/1001/org/ochre/3db4dbff-96b0-e5ca-ff8e-910437f5c43b</a>",Fieldbooks from excavation: 1985-2016,Leon Levy Expedition to Ashkelon Dataset: Fieldbooks
01.100 1993 Fieldbook.pdf,"OCHRE link(s): <a href=""https://pi.lib.uchicago.edu/1001/org/ochre/245b8292-beff-1c53-bbfd-2791495f8501"">https://pi.lib.uchicago.edu/1001/org/ochre/245b8292-beff-1c53-bbfd-2791495f8501</a>",Fieldbooks from excavation: 1985-2016,Leon Levy Expedition to Ashkelon Dataset: Fieldbooks
02.011-15 1992 Fieldbook.pdf,"OCHRE link(s): <a href=""https://pi.lib.uchicago.edu/1001/org/ochre/529d9f1d-f085-7186-716d-8f8550b6d957"">https://pi.lib.uchicago.edu/1001/org/ochre/529d9f1d-f085-7186-716d-8f8550b6d957</a>; <a href=""https://pi.lib.uchicago.edu/1001/org/ochre/03e86a07-6fc0-c8d9-33fd-3ce68b0d96b6"">https://pi.lib.uchicago.edu/1001/org/ochre/03e86a07-6fc0-c8d9-33fd-3ce68b0d96b6</a>; <a href=""https://pi.lib.uchicago.edu/1001/org/ochre/2320bf10-6820-ea41-b209-933c33125a53"">https://pi.lib.uchicago.edu/1001/org/ochre/2320bf10-6820-ea41-b209-933c33125a53</a>; <a href=""https://pi.lib.uchicago.edu/1001/org/ochre/4faeaa4c-b818-fbf0-5012-3ce25c5501b4"">https://pi.lib.uchicago.edu/1001/org/ochre/4faeaa4c-b818-fbf0-5012-3ce25c5501b4</a>; <a href=""https://pi.lib.uchicago.edu/1001/org/ochre/2f50a2af-8c7a-1a31-4bdb-8e4a71c0b67a"">https://pi.lib.uchicago.edu/1001/org/ochre/2f50a2af-8c7a-1a31-4bdb-8e4a71c0b67a</a>",Fieldbooks from excavation: 1985-2016,Leon Levy Expedition to Ashkelon Dataset: Fieldbooks
02.014-15 1993 Fieldbook.pdf,"OCHRE link(s): <a href=""https://pi.lib.uchicago.edu/1001/org/ochre/d13b8bf0-6e28-339b-6e30-5327f0669105"">https://pi.lib.uchicago.edu/1001/org/ochre/d13b8bf0-6e28-339b-6e30-5327f0669105</a>; <a href=""https://pi.lib.uchicago.edu/1001/org/ochre/24573d38-f731-e592-31e0-96bee831364b"">https://pi.lib.uchicago.edu/1001/org/ochre/24573d38-f731-e592-31e0-96bee831364b</a>",Fieldbooks from excavation: 1985-2016,Leon Levy Expedition to Ashkelon Dataset: Fieldbooks
02.024 1993 Fieldbook (summer).pdf,"OCHRE link(s): <a href=""https://pi.lib.uchicago.edu/1001/org/ochre/3414217d-7d59-6c35-9956-9d8864e8e6f9"">https://pi.lib.uchicago.edu/1001/org/ochre/3414217d-7d59-6c35-9956-9d8864e8e6f9</a>",Fieldbooks from excavation: 1985-2016,Leon Levy Expedition to Ashkelon Dataset: Fieldbooks
02.024-25 1992 Fieldbook.pdf,"OCHRE link(s): <a href=""https://pi.lib.uchicago.edu/1001/org/ochre/248edd67-1f94-c21c-4b50-2db47907b051"">https://pi.lib.uchicago.edu/1001/org/ochre/248edd67-1f94-c21c-4b50-2db47907b051</a>; <a href=""https://pi.lib.uchicago.edu/1001/org/ochre/5cc867a7-033e-5fa4-a047-22eacd65067b"">https://pi.lib.uchicago.edu/1001/org/ochre/5cc867a7-033e-5fa4-a047-22eacd65067b</a>",Fieldbooks from excavation: 1985-2016,Leon Levy Expedition to Ashkelon Dataset: Fieldbooks
02.025 1993 Fieldbook.pdf,"OCHRE link(s): <a href=""https://pi.lib.uchicago.edu/1001/org/ochre/402c0fe2-5aa4-b934-0b04-fe7758ee2120"">https://pi.lib.uchicago.edu/1001/org/ochre/402c0fe2-5aa4-b934-0b04-fe7758ee2120</a>",Fieldbooks from excavation: 1985-2016,Leon Levy Expedition to Ashkelon Dataset: Fieldbooks
02.033-35 1992 Fieldbook.pdf,"OCHRE link(s): <a href=""https://pi.lib.uchicago.edu/1001/org/ochre/75b25ef5-5319-2530-0139-ffd94db1e7dc"">https://pi.lib.uchicago.edu/1001/org/ochre/75b25ef5-5319-2530-0139-ffd94db1e7dc</a>; <a href=""https://pi.lib.uchicago.edu/1001/org/ochre/93dda87f-2e9a-0ccb-f8eb-70fdbe50667e"">https://pi.lib.uchicago.edu/1001/org/ochre/93dda87f-2e9a-0ccb-f8eb-70fdbe50667e</a>; <a href=""https://pi.lib.uchicago.edu/1001/org/ochre/2395295c-aa16-b8bc-9787-5a1390752339"">https://pi.lib.uchicago.edu/1001/org/ochre/2395295c-aa16-b8bc-9787-5a1390752339</a>",Fieldbooks from excavation: 1985-2016,Leon Levy Expedition to Ashkelon Dataset: Fieldbooks
"02.044-46,54-55,65 1992 Fieldbook.pdf","OCHRE link(s): <a href=""https://pi.lib.uchicago.edu/1001/org/ochre/4ec55ab6-9478-df27-1203-dbbc6cd99343"">https://pi.lib.uchicago.edu/1001/org/ochre/4ec55ab6-9478-df27-1203-dbbc6cd99343</a>; <a href=""https://pi.lib.uchicago.edu/1001/org/ochre/908dd1ae-675f-2273-5544-c5657a1e2c05"">https://pi.lib.uchicago.edu/1001/org/ochre/908dd1ae-675f-2273-5544-c5657a1e2c05</a>; <a href=""https://pi.lib.uchicago.edu/1001/org/ochre/15eef837-af34-125d-135b-34fd74a7020e"">https://pi.lib.uchicago.edu/1001/org/ochre/15eef837-af34-125d-135b-34fd74a7020e</a>; <a href=""https://pi.lib.uchicago.edu/1001/org/ochre/bfea7ed5-d37a-4002-63f0-1f86fe81c4ad"">https://pi.lib.uchicago.edu/1001/org/ochre/bfea7ed5-d37a-4002-63f0-1f86fe81c4ad</a>; <a href=""https://pi.lib.uchicago.edu/1001/org/ochre/71c18eb9-2b60-4203-faad-a6a42bf25970"">https://pi.lib.uchicago.edu/1001/org/ochre/71c18eb9-2b60-4203-faad-a6a42bf25970</a>; <a href=""https://pi.lib.uchicago.edu/1001/org/ochre/0beb20bf-a81d-4090-92c5-9ad5a88f13bc"">https://pi.lib.uchicago.edu/1001/org/ochre/0beb20bf-a81d-4090-92c5-9ad5a88f13bc</a>",Fieldbooks from excavation: 1985-2016,Leon Levy Expedition to Ashkelon Dataset: Fieldbooks
"02.052-53, 63 1990 Fieldbook.pdf","OCHRE link(s): <a href=""https://pi.lib.uchicago.edu/1001/org/ochre/9a3a061f-e0c0-55e0-20ea-eb1b8979b01a"">https://pi.lib.uchicago.edu/1001/org/ochre/9a3a061f-e0c0-55e0-20ea-eb1b8979b01a</a>; <a href=""https://pi.lib.uchicago.edu/1001/org/ochre/3e178403-eb92-d995-7da0-3be0bdeb15d6"">https://pi.lib.uchicago.edu/1001/org/ochre/3e178403-eb92-d995-7da0-3be0bdeb15d6</a>; <a href=""https://pi.lib.uchicago.edu/1001/org/ochre/4c1fd7d2-985c-8679-52c9-79fb21cfc7a4"">https://pi.lib.uchicago.edu/1001/org/ochre/4c1fd7d2-985c-8679-52c9-79fb21cfc7a4</a>",Fieldbooks from excavation: 1985-2016,Leon Levy Expedition to Ashkelon Dataset: Fieldbooks
02.056 1997 Fieldbook.pdf,"OCHRE link(s): <a href=""https://pi.lib.uchicago.edu/1001/org/ochre/9b88caba-cbee-022a-4340-4fb4fd2fab95"">https://pi.lib.uchicago.edu/1001/org/ochre/9b88caba-cbee-022a-4340-4fb4fd2fab95</a>",Fieldbooks from excavation: 1985-2016,Leon Levy Expedition to Ashkelon Dataset: Fieldbooks
"02.056, 75 1991 Fieldbook.pdf","OCHRE link(s): <a href=""https://pi.lib.uchicago.edu/1001/org/ochre/657ece77-11b6-96af-3fe6-d0c125dace00"">https://pi.lib.uchicago.edu/1001/org/ochre/657ece77-11b6-96af-3fe6-d0c125dace00</a>; <a href=""https://pi.lib.uchicago.edu/1001/org/ochre/355de95f-13ea-7aac-d873-10ed18705249"">https://pi.lib.uchicago.edu/1001/org/ochre/355de95f-13ea-7aac-d873-10ed18705249</a>",Fieldbooks from excavation: 1985-2016,Leon Levy Expedition to Ashkelon Dataset: Fieldbooks
02.062 1988 Fieldbook.pdf,"OCHRE link(s): <a href=""https://pi.lib.uchicago.edu/1001/org/ochre/da3a2051-bc17-4389-a4c5-55816702d25e"">https://pi.lib.uchicago.edu/1001/org/ochre/da3a2051-bc17-4389-a4c5-55816702d25e</a>",Fieldbooks from excavation: 1985-2016,Leon Levy Expedition to Ashkelon Dataset: Fieldbooks
"02.065, 66 1996 Fieldbook.pdf","OCHRE link(s): <a href=""https://pi.lib.uchicago.edu/1001/org/ochre/339eeb13-ed43-8f6c-93e9-5aab676833da"">https://pi.lib.uchicago.edu/1001/org/ochre/339eeb13-ed43-8f6c-93e9-5aab676833da</a>; <a href=""https://pi.lib.uchicago.edu/1001/org/ochre/4bb559b7-0923-54a9-2613-eae31df41736"">https://pi.lib.uchicago.edu/1001/org/ochre/4bb559b7-0923-54a9-2613-eae31df41736</a>",Fieldbooks from excavation: 1985-2016,Leon Levy Expedition to Ashkelon Dataset: Fieldbooks
"02.065, 75-76 1990 Fieldbook.pdf","OCHRE link(s): <a href=""https://pi.lib.uchicago.edu/1001/org/ochre/26e7d83f-9a50-5817-b161-25674b3e2839"">https://pi.lib.uchicago.edu/1001/org/ochre/26e7d83f-9a50-5817-b161-25674b3e2839</a>; <a href=""https://pi.lib.uchicago.edu/1001/org/ochre/5dd63a7f-90a3-a5ab-d8d2-a5c42059fd6f"">https://pi.lib.uchicago.edu/1001/org/ochre/5dd63a7f-90a3-a5ab-d8d2-a5c42059fd6f</a>; <a href=""https://pi.lib.uchicago.edu/1001/org/ochre/e1f17247-1f06-a1b4-6da3-3e42fc6ed3bc"">https://pi.lib.uchicago.edu/1001/org/ochre/e1f17247-1f06-a1b4-6da3-3e42fc6ed3bc</a>",Fieldbooks from excavation: 1985-2016,Leon Levy Expedition to Ashkelon Dataset: Fieldbooks
"02.066-67, 76-77 1993 Fieldbook (Fall).pdf","OCHRE link(s): <a href=""https://pi.lib.uchicago.edu/1001/org/ochre/3fd13069-1051-a4ed-b248-300d976355ab"">https://pi.lib.uchicago.edu/1001/org/ochre/3fd13069-1051-a4ed-b248-300d976355ab</a>; <a href=""https://pi.lib.uchicago.edu/1001/org/ochre/e4d83ed6-4555-8088-c295-3d286695aefb"">https://pi.lib.uchicago.edu/1001/org/ochre/e4d83ed6-4555-8088-c295-3d286695aefb</a>; <a href=""https://pi.lib.uchicago.edu/1001/org/ochre/65dbc108-6ba3-91aa-40a6-214d4082c1d3"">https://pi.lib.uchicago.edu/1001/org/ochre/65dbc108-6ba3-91aa-40a6-214d4082c1d3</a>; <a href=""https://pi.lib.uchicago.edu/1001/org/ochre/92b4863d-8703-81e3-84b1-39732c7b2905"">https://pi.lib.uchicago.edu/1001/org/ochre/92b4863d-8703-81e3-84b1-39732c7b2905</a>",Fieldbooks from excavation: 1985-2016,Leon Levy Expedition to Ashkelon Dataset: Fieldbooks
02.067 1993 Fieldbook (Summer).pdf,"OCHRE link(s): <a href=""https://pi.lib.uchicago.edu/1001/org/ochre/886fd627-9770-5dce-40a0-dac379d997aa"">https://pi.lib.uchicago.edu/1001/org/ochre/886fd627-9770-5dce-40a0-dac379d997aa</a>",Fieldbooks from excavation: 1985-2016,Leon Levy Expedition to Ashkelon Dataset: Fieldbooks
"02.067, 76 1996 Fieldbook.pdf","OCHRE link(s): <a href=""https://pi.lib.uchicago.edu/1001/org/ochre/f79613f6-1738-5859-5f4b-15f0c8cb91ee"">https://pi.lib.uchicago.edu/1001/org/ochre/f79613f6-1738-5859-5f4b-15f0c8cb91ee</a>; <a href=""https://pi.lib.uchicago.edu/1001/org/ochre/f5d48ea3-7636-f92d-1700-af4cc8ea2848"">https://pi.lib.uchicago.edu/1001/org/ochre/f5d48ea3-7636-f92d-1700-af4cc8ea2848</a>",Fieldbooks from excavation: 1985-2016,Leon Levy Expedition to Ashkelon Dataset: Fieldbooks
02.072 1988 Fieldbook.pdf,"OCHRE link(s): <a href=""https://pi.lib.uchicago.edu/1001/org/ochre/49f98e3d-0b52-4db5-af1b-e551d106812c"">https://pi.lib.uchicago.edu/1001/org/ochre/49f98e3d-0b52-4db5-af1b-e551d106812c</a>",Fieldbooks from excavation: 1985-2016,Leon Levy Expedition to Ashkelon Dataset: Fieldbooks
02.073 1988 Fieldbook.pdf,"OCHRE link(s): <a href=""https://pi.lib.uchicago.edu/1001/org/ochre/cb374b56-75da-4371-bade-1adf8bf33a77"">https://pi.lib.uchicago.edu/1001/org/ochre/cb374b56-75da-4371-bade-1adf8bf33a77</a>",Fieldbooks from excavation: 1985-2016,Leon Levy Expedition to Ashkelon Dataset: Fieldbooks
"02.074-76,84,86-87 1992 Fieldbook.pdf","OCHRE link(s): <a href=""https://pi.lib.uchicago.edu/1001/org/ochre/13359a43-db98-7176-b9d4-bfd006dac6c8"">https://pi.lib.uchicago.edu/1001/org/ochre/13359a43-db98-7176-b9d4-bfd006dac6c8</a>; <a href=""https://pi.lib.uchicago.edu/1001/org/ochre/c357f393-1760-6087-45d6-5695f0f9c511"">https://pi.lib.uchicago.edu/1001/org/ochre/c357f393-1760-6087-45d6-5695f0f9c511</a>; <a href=""https://pi.lib.uchicago.edu/1001/org/ochre/99304dc4-ee6c-4acd-1986-eceda5653ad3"">https://pi.lib.uchicago.edu/1001/org/ochre/99304dc4-ee6c-4acd-1986-eceda5653ad3</a>; <a href=""https://pi.lib.uchicago.edu/1001/org/ochre/d14508e8-7500-4039-d3f6-7b92905fb8d2"">https://pi.lib.uchicago.edu/1001/org/ochre/d14508e8-7500-4039-d3f6-7b92905fb8d2</a>; <a href=""https://pi.lib.uchicago.edu/1001/org/ochre/8d7b87ba-c29b-1570-c948-f33d4a266dc3"">https://pi.lib.uchicago.edu/1001/org/ochre/8d7b87ba-c29b-1570-c948-f33d4a266dc3</a>; <a href=""https://pi.lib.uchicago.edu/1001/org/ochre/e45b4aba-0132-6c8d-260a-ba81248739f7"">https://pi.lib.uchicago.edu/1001/org/ochre/e45b4aba-0132-6c8d-260a-ba81248739f7</a>",Fieldbooks from excavation: 1985-2016,Leon Levy Expedition to Ashkelon Dataset: Fieldbooks
"02.075, 76 1996 Fieldbook.pdf","OCHRE link(s): <a href=""https://pi.lib.uchicago.edu/1001/org/ochre/7ef3e633-2758-0f11-273e-46956a9ef541"">https://pi.lib.uchicago.edu/1001/org/ochre/7ef3e633-2758-0f11-273e-46956a9ef541</a>; <a href=""https://pi.lib.uchicago.edu/1001/org/ochre/9899ce1d-0d7d-3c83-1562-ed4b11265d52"">https://pi.lib.uchicago.edu/1001/org/ochre/9899ce1d-0d7d-3c83-1562-ed4b11265d52</a>",Fieldbooks from excavation: 1985-2016,Leon Levy Expedition to Ashkelon Dataset: Fieldbooks
"02.075, 85 1992 Fieldbook.pdf","OCHRE link(s): <a href=""https://pi.lib.uchicago.edu/1001/org/ochre/eb429811-8668-9d85-79b2-1f6cd692b598"">https://pi.lib.uchicago.edu/1001/org/ochre/eb429811-8668-9d85-79b2-1f6cd692b598</a>; <a href=""https://pi.lib.uchicago.edu/1001/org/ochre/a3810d37-a1f6-cf34-d50b-aee1c1a54373"">https://pi.lib.uchicago.edu/1001/org/ochre/a3810d37-a1f6-cf34-d50b-aee1c1a54373</a>",Fieldbooks from excavation: 1985-2016,Leon Levy Expedition to Ashkelon Dataset: Fieldbooks
"02.075, 86 1997 Fieldbook.pdf","OCHRE link(s): <a href=""https://pi.lib.uchicago.edu/1001/org/ochre/2381ca8c-b4ac-0d02-3ad8-7f24c99f8b15"">https://pi.lib.uchicago.edu/1001/org/ochre/2381ca8c-b4ac-0d02-3ad8-7f24c99f8b15</a>; <a href=""https://pi.lib.uchicago.edu/1001/org/ochre/d0b77065-8fca-4cac-7ade-0494f1de6d19"">https://pi.lib.uchicago.edu/1001/org/ochre/d0b77065-8fca-4cac-7ade-0494f1de6d19</a>",Fieldbooks from excavation: 1985-2016,Leon Levy Expedition to Ashkelon Dataset: Fieldbooks
"02.075-76,85 1993 Fieldbook.pdf","OCHRE link(s): <a href=""https://pi.lib.uchicago.edu/1001/org/ochre/c7bc5210-2ef3-ac5a-614a-3cff1c2d18f8"">https://pi.lib.uchicago.edu/1001/org/ochre/c7bc5210-2ef3-ac5a-614a-3cff1c2d18f8</a>; <a href=""https://pi.lib.uchicago.edu/1001/org/ochre/4da4b3f4-524c-5a2c-400e-eb9dffa28707"">https://pi.lib.uchicago.edu/1001/org/ochre/4da4b3f4-524c-5a2c-400e-eb9dffa28707</a>; <a href=""https://pi.lib.uchicago.edu/1001/org/ochre/0f59a748-30b6-d7bf-7b4f-4d6b1d3893b2"">https://pi.lib.uchicago.edu/1001/org/ochre/0f59a748-30b6-d7bf-7b4f-4d6b1d3893b2</a>",Fieldbooks from excavation: 1985-2016,Leon Levy Expedition to Ashkelon Dataset: Fieldbooks
02.076 1997 Fieldbook.pdf,"OCHRE link(s): <a href=""https://pi.lib.uchicago.edu/1001/org/ochre/a134946f-3803-7bfd-6be1-ddc1e35a829d"">https://pi.lib.uchicago.edu/1001/org/ochre/a134946f-3803-7bfd-6be1-ddc1e35a829d</a>",Fieldbooks from excavation: 1985-2016,Leon Levy Expedition to Ashkelon Dataset: Fieldbooks
02.076 1998 Fieldbook.pdf,"OCHRE link(s): <a href=""https://pi.lib.uchicago.edu/1001/org/ochre/4f5f31f3-468e-2872-12fa-afe42a6a190e"">https://pi.lib.uchicago.edu/1001/org/ochre/4f5f31f3-468e-2872-12fa-afe42a6a190e</a>",Fieldbooks from excavation: 1985-2016,Leon Levy Expedition to Ashkelon Dataset: Fieldbooks
02.084 1991 Fieldbook.pdf,"OCHRE link(s): <a href=""https://pi.lib.uchicago.edu/1001/org/ochre/a4fc10bb-96de-9e9d-1275-44eac33cfbe4"">https://pi.lib.uchicago.edu/1001/org/ochre/a4fc10bb-96de-9e9d-1275-44eac33cfbe4</a>",Fieldbooks from excavation: 1985-2016,Leon Levy Expedition to Ashkelon Dataset: Fieldbooks
02.084 1992 Fieldbook.pdf,"OCHRE link(s): <a href=""https://pi.lib.uchicago.edu/1001/org/ochre/157a6c3d-ef25-e4b4-2524-07d73c2b2aa4"">https://pi.lib.uchicago.edu/1001/org/ochre/157a6c3d-ef25-e4b4-2524-07d73c2b2aa4</a>",Fieldbooks from excavation: 1985-2016,Leon Levy Expedition to Ashkelon Dataset: Fieldbooks
"02.084,85 1993 Fieldbook.pdf","OCHRE link(s): <a href=""https://pi.lib.uchicago.edu/1001/org/ochre/0d58de0d-3789-fe43-fc0d-2842fcd1fd88"">https://pi.lib.uchicago.edu/1001/org/ochre/0d58de0d-3789-fe43-fc0d-2842fcd1fd88</a>; <a href=""https://pi.lib.uchicago.edu/1001/org/ochre/e921d6d3-e1e6-d744-c668-302e3dcc78c1"">https://pi.lib.uchicago.edu/1001/org/ochre/e921d6d3-e1e6-d744-c668-302e3dcc78c1</a>",Fieldbooks from excavation: 1985-2016,Leon Levy Expedition to Ashkelon Dataset: Fieldbooks
"02.084-86, 94-95 1990 Fieldbook.pdf","OCHRE link(s): <a href=""https://pi.lib.uchicago.edu/1001/org/ochre/f0c0c920-3246-fb53-7d52-1c74a147eaae"">https://pi.lib.uchicago.edu/1001/org/ochre/f0c0c920-3246-fb53-7d52-1c74a147eaae</a>; <a href=""https://pi.lib.uchicago.edu/1001/org/ochre/b432d7bf-49ef-3caa-a4f3-0de50d74c482"">https://pi.lib.uchicago.edu/1001/org/ochre/b432d7bf-49ef-3caa-a4f3-0de50d74c482</a>; <a href=""https://pi.lib.uchicago.edu/1001/org/ochre/4cb0c753-643c-ce6b-e838-8be9b77857e9"">https://pi.lib.uchicago.edu/1001/org/ochre/4cb0c753-643c-ce6b-e838-8be9b77857e9</a>; <a href=""https://pi.lib.uchicago.edu/1001/org/ochre/0924e865-a171-eace-ad33-511358a77a7a"">https://pi.lib.uchicago.edu/1001/org/ochre/0924e865-a171-eace-ad33-511358a77a7a</a>; <a href=""https://pi.lib.uchicago.edu/1001/org/ochre/056d145f-bf4d-9db8-f8ec-004c89fd3cf4"">https://pi.lib.uchicago.edu/1001/org/ochre/056d145f-bf4d-9db8-f8ec-004c89fd3cf4</a>; <a href=""https://pi.lib.uchicago.edu/1001/org/ochre/6102873c-0b79-4415-ea2c-fd3534698ae8"">https://pi.lib.uchicago.edu/1001/org/ochre/6102873c-0b79-4415-ea2c-fd3534698ae8</a>",Fieldbooks from excavation: 1985-2016,Leon Levy Expedition to Ashkelon Dataset: Fieldbooks
02.085 1991 Fieldbook.pdf,"OCHRE link(s): <a href=""https://pi.lib.uchicago.edu/1001/org/ochre/02499581-d2f4-bebe-2b8c-453f65d6f551"">https://pi.lib.uchicago.edu/1001/org/ochre/02499581-d2f4-bebe-2b8c-453f65d6f551</a>",Fieldbooks from excavation: 1985-2016,Leon Levy Expedition to Ashkelon Dataset: Fieldbooks
02.085 1992 Fieldbook.pdf,"OCHRE link(s): <a href=""https://pi.lib.uchicago.edu/1001/org/ochre/156c43f7-c2e9-8c7a-2da9-45e49cfba998"">https://pi.lib.uchicago.edu/1001/org/ochre/156c43f7-c2e9-8c7a-2da9-45e49cfba998</a>",Fieldbooks from excavation: 1985-2016,Leon Levy Expedition to Ashkelon Dataset: Fieldbooks
02.101 1990 Fieldbook (Spring).pdf,"OCHRE link(s): <a href=""https://pi.lib.uchicago.edu/1001/org/ochre/9469dc09-3207-0696-7862-ded262624591"">https://pi.lib.uchicago.edu/1001/org/ochre/9469dc09-3207-0696-7862-ded262624591</a>",Fieldbooks from excavation: 1985-2016,Leon Levy Expedition to Ashkelon Dataset: Fieldbooks
02.101 1990 Fieldbook (Summer).pdf,"OCHRE link(s): <a href=""https://pi.lib.uchicago.edu/1001/org/ochre/4e8d19b0-983b-74cb-44d7-117e3ff9635b"">https://pi.lib.uchicago.edu/1001/org/ochre/4e8d19b0-983b-74cb-44d7-117e3ff9635b</a>",Fieldbooks from excavation: 1985-2016,Leon Levy Expedition to Ashkelon Dataset: Fieldbooks
02.101 1991 Fieldbook.pdf,"OCHRE link(s): <a href=""https://pi.lib.uchicago.edu/1001/org/ochre/5f32e2e0-4be3-74de-b953-fecd5ec724d5"">https://pi.lib.uchicago.edu/1001/org/ochre/5f32e2e0-4be3-74de-b953-fecd5ec724d5</a>",Fieldbooks from excavation: 1985-2016,Leon Levy Expedition to Ashkelon Dataset: Fieldbooks
"02.66, 76 1994 Fieldbook.pdf","OCHRE link(s): <a href=""https://pi.lib.uchicago.edu/1001/org/ochre/7166df54-9d58-a8c3-6d87-1f28b6512301"">https://pi.lib.uchicago.edu/1001/org/ochre/7166df54-9d58-a8c3-6d87-1f28b6512301</a>; <a href=""https://pi.lib.uchicago.edu/1001/org/ochre/dd70a9f1-1246-1218-fca2-12d6d4649b11"">https://pi.lib.uchicago.edu/1001/org/ochre/dd70a9f1-1246-1218-fca2-12d6d4649b11</a>",Fieldbooks from excavation: 1985-2016,Leon Levy Expedition to Ashkelon Dataset: Fieldbooks
02.75 1996 Fieldbook.pdf,"OCHRE link(s): <a href=""https://pi.lib.uchicago.edu/1001/org/ochre/d3bc723b-aa63-7ce6-fadd-ffa3c612b2ed"">https://pi.lib.uchicago.edu/1001/org/ochre/d3bc723b-aa63-7ce6-fadd-ffa3c612b2ed</a>",Fieldbooks from excavation: 1985-2016,Leon Levy Expedition to Ashkelon Dataset: Fieldbooks
02.85 1996 Fieldbook.pdf,"OCHRE link(s): <a href=""https://pi.lib.uchicago.edu/1001/org/ochre/3e1a03f2-f526-0d22-cb9f-1775ea5e862d"">https://pi.lib.uchicago.edu/1001/org/ochre/3e1a03f2-f526-0d22-cb9f-1775ea5e862d</a>",Fieldbooks from excavation: 1985-2016,Leon Levy Expedition to Ashkelon Dataset: Fieldbooks
02.85 2000 Fieldbook.pdf,"OCHRE link(s): <a href=""https://pi.lib.uchicago.edu/1001/org/ochre/885fb7fd-2aae-4c5a-0bc2-0d99ed666840"">https://pi.lib.uchicago.edu/1001/org/ochre/885fb7fd-2aae-4c5a-0bc2-0d99ed666840</a>",Fieldbooks from excavation: 1985-2016,Leon Levy Expedition to Ashkelon Dataset: Fieldbooks
02.86 1996 Fieldbook.pdf,"OCHRE link(s): <a href=""https://pi.lib.uchicago.edu/1001/org/ochre/32768b76-3872-d30b-0313-724e52314dd8"">https://pi.lib.uchicago.edu/1001/org/ochre/32768b76-3872-d30b-0313-724e52314dd8</a>",Fieldbooks from excavation: 1985-2016,Leon Levy Expedition to Ashkelon Dataset: Fieldbooks
"03.97, 98 1998 Fieldbook.pdf","OCHRE link(s): <a href=""https://pi.lib.uchicago.edu/1001/org/ochre/f720c937-4cf9-c683-42a2-74839843ea1e"">https://pi.lib.uchicago.edu/1001/org/ochre/f720c937-4cf9-c683-42a2-74839843ea1e</a>; <a href=""https://pi.lib.uchicago.edu/1001/org/ochre/8980b6a0-6e6e-36d0-d148-03f89067e1f2"">https://pi.lib.uchicago.edu/1001/org/ochre/8980b6a0-6e6e-36d0-d148-03f89067e1f2</a>",Fieldbooks from excavation: 1985-2016,Leon Levy Expedition to Ashkelon Dataset: Fieldbooks
03.98-99 1994 Fieldbook (Spring).pdf,"OCHRE link(s): <a href=""https://pi.lib.uchicago.edu/1001/org/ochre/50e24cff-f20f-c763-cba4-62cb5127fe7d"">https://pi.lib.uchicago.edu/1001/org/ochre/50e24cff-f20f-c763-cba4-62cb5127fe7d</a>; <a href=""https://pi.lib.uchicago.edu/1001/org/ochre/9fd97884-62c1-c166-83a1-4ac37e7a1109"">https://pi.lib.uchicago.edu/1001/org/ochre/9fd97884-62c1-c166-83a1-4ac37e7a1109</a>",Fieldbooks from excavation: 1985-2016,Leon Levy Expedition to Ashkelon Dataset: Fieldbooks
03.98-99 1994 Fieldbook (Summer).pdf,"OCHRE link(s): <a href=""https://pi.lib.uchicago.edu/1001/org/ochre/55b48721-9454-9a18-89ee-b71dffe63ed2"">https://pi.lib.uchicago.edu/1001/org/ochre/55b48721-9454-9a18-89ee-b71dffe63ed2</a>; <a href=""https://pi.lib.uchicago.edu/1001/org/ochre/7513d6d9-f9ea-3d4b-274c-2322fca5fb4b"">https://pi.lib.uchicago.edu/1001/org/ochre/7513d6d9-f9ea-3d4b-274c-2322fca5fb4b</a>",Fieldbooks from excavation: 1985-2016,Leon Levy Expedition to Ashkelon Dataset: Fieldbooks
"03.99, 10.6-9 1993 Fieldbook.pdf","OCHRE link(s): <a href=""https://pi.lib.uchicago.edu/1001/org/ochre/027e6dd8-1fa9-e1b9-a78a-dceebe08e359"">https://pi.lib.uchicago.edu/1001/org/ochre/027e6dd8-1fa9-e1b9-a78a-dceebe08e359</a>; <a href=""https://pi.lib.uchicago.edu/1001/org/ochre/5077903e-4ed1-1d57-c976-3dfc1a901e01"">https://pi.lib.uchicago.edu/1001/org/ochre/5077903e-4ed1-1d57-c976-3dfc1a901e01</a>; <a href=""https://pi.lib.uchicago.edu/1001/org/ochre/8968d1bb-1b1d-4358-2f8f-9ead877705b4"">https://pi.lib.uchicago.edu/1001/org/ochre/8968d1bb-1b1d-4358-2f8f-9ead877705b4</a>; <a href=""https://pi.lib.uchicago.edu/1001/org/ochre/76179adf-fef2-d5e7-1fc1-1db7d908b7a4"">https://pi.lib.uchicago.edu/1001/org/ochre/76179adf-fef2-d5e7-1fc1-1db7d908b7a4</a>; <a href=""https://pi.lib.uchicago.edu/1001/org/ochre/1318d564-29c7-bd9c-3146-bb3b8c11c517"">https://pi.lib.uchicago.edu/1001/org/ochre/1318d564-29c7-bd9c-3146-bb3b8c11c517</a>",Fieldbooks from excavation: 1985-2016,Leon Levy Expedition to Ashkelon Dataset: Fieldbooks
09.03 1989 Fieldbook.pdf,"OCHRE link(s): <a href=""https://pi.lib.uchicago.edu/1001/org/ochre/f2289a21-b3ee-49f5-87b7-93310f809c7f"">https://pi.lib.uchicago.edu/1001/org/ochre/f2289a21-b3ee-49f5-87b7-93310f809c7f</a>",Fieldbooks from excavation: 1985-2016,Leon Levy Expedition to Ashkelon Dataset: Fieldbooks
09.03 1991 Fieldbook.pdf,"OCHRE link(s): <a href=""https://pi.lib.uchicago.edu/1001/org/ochre/97273b68-a3ce-2af1-3969-3176c941b42d"">https://pi.lib.uchicago.edu/1001/org/ochre/97273b68-a3ce-2af1-3969-3176c941b42d</a>",Fieldbooks from excavation: 1985-2016,Leon Levy Expedition to Ashkelon Dataset: Fieldbooks
09.03-04 1990 Fieldbook.pdf,"OCHRE link(s): <a href=""https://pi.lib.uchicago.edu/1001/org/ochre/28f856a8-4313-4a4f-2b1f-60df2b9024d3"">https://pi.lib.uchicago.edu/1001/org/ochre/28f856a8-4313-4a4f-2b1f-60df2b9024d3</a>; <a href=""https://pi.lib.uchicago.edu/1001/org/ochre/7b57e1d5-7d5a-ae5f-4990-1f5884ac5e0b"">https://pi.lib.uchicago.edu/1001/org/ochre/7b57e1d5-7d5a-ae5f-4990-1f5884ac5e0b</a>",Fieldbooks from excavation: 1985-2016,Leon Levy Expedition to Ashkelon Dataset: Fieldbooks
09.04 1991 Fieldbook.pdf,"OCHRE link(s): <a href=""https://pi.lib.uchicago.edu/1001/org/ochre/f55418a4-c8ad-ee47-66cb-811077f5c79e"">https://pi.lib.uchicago.edu/1001/org/ochre/f55418a4-c8ad-ee47-66cb-811077f5c79e</a>",Fieldbooks from excavation: 1985-2016,Leon Levy Expedition to Ashkelon Dataset: Fieldbooks
09.04 1992 Fieldbook.pdf,"OCHRE link(s): <a href=""https://pi.lib.uchicago.edu/1001/org/ochre/efdb08de-13b8-182a-6dac-ba593deb35d5"">https://pi.lib.uchicago.edu/1001/org/ochre/efdb08de-13b8-182a-6dac-ba593deb35d5</a>",Fieldbooks from excavation: 1985-2016,Leon Levy Expedition to Ashkelon Dataset: Fieldbooks
09.05 1998 Fieldbook.pdf,"OCHRE link(s): <a href=""https://pi.lib.uchicago.edu/1001/org/ochre/e662bd1a-4ac4-f914-8536-130c81ab9e7a"">https://pi.lib.uchicago.edu/1001/org/ochre/e662bd1a-4ac4-f914-8536-130c81ab9e7a</a>",Fieldbooks from excavation: 1985-2016,Leon Levy Expedition to Ashkelon Dataset: Fieldbooks
09.38 1993 Fieldbook.pdf,"OCHRE link(s): <a href=""https://pi.lib.uchicago.edu/1001/org/ochre/709d1d23-8a17-f7a1-53cb-c55dbf6ec165"">https://pi.lib.uchicago.edu/1001/org/ochre/709d1d23-8a17-f7a1-53cb-c55dbf6ec165</a>",Fieldbooks from excavation: 1985-2016,Leon Levy Expedition to Ashkelon Dataset: Fieldbooks
09.38 1994 Fieldbook.pdf,"OCHRE link(s): <a href=""https://pi.lib.uchicago.edu/1001/org/ochre/07179ec8-8eb4-d96c-9e01-d3d3346785de"">https://pi.lib.uchicago.edu/1001/org/ochre/07179ec8-8eb4-d96c-9e01-d3d3346785de</a>",Fieldbooks from excavation: 1985-2016,Leon Levy Expedition to Ashkelon Dataset: Fieldbooks
09.39-40 1996 Fieldbook.pdf,"OCHRE link(s): <a href=""https://pi.lib.uchicago.edu/1001/org/ochre/04ae9cbe-b5fb-c443-ad49-44ff05fff324"">https://pi.lib.uchicago.edu/1001/org/ochre/04ae9cbe-b5fb-c443-ad49-44ff05fff324</a>; <a href=""https://pi.lib.uchicago.edu/1001/org/ochre/27d86765-f335-a910-7d46-4f04bc2f78fe"">https://pi.lib.uchicago.edu/1001/org/ochre/27d86765-f335-a910-7d46-4f04bc2f78fe</a>",Fieldbooks from excavation: 1985-2016,Leon Levy Expedition to Ashkelon Dataset: Fieldbooks
09.73 1989 Fieldbook.pdf,"OCHRE link(s): <a href=""https://pi.lib.uchicago.edu/1001/org/ochre/155ca16c-9b8d-44b0-9b37-1556d7373a25"">https://pi.lib.uchicago.edu/1001/org/ochre/155ca16c-9b8d-44b0-9b37-1556d7373a25</a>",Fieldbooks from excavation: 1985-2016,Leon Levy Expedition to Ashkelon Dataset: Fieldbooks
"16.43, 53 1989 Fieldbook.pdf","OCHRE link(s): <a href=""https://pi.lib.uchicago.edu/1001/org/ochre/e9119de3-b1d1-4073-9c98-882d5b84e08f"">https://pi.lib.uchicago.edu/1001/org/ochre/e9119de3-b1d1-4073-9c98-882d5b84e08f</a>",Fieldbooks from excavation: 1985-2016,Leon Levy Expedition to Ashkelon Dataset: Fieldbooks
2.55-56 1998 Fieldbook.pdf,"OCHRE link(s): <a href=""https://pi.lib.uchicago.edu/1001/org/ochre/5d30877b-461d-8d37-0d4e-1d010409fec7"">https://pi.lib.uchicago.edu/1001/org/ochre/5d30877b-461d-8d37-0d4e-1d010409fec7</a>; <a href=""https://pi.lib.uchicago.edu/1001/org/ochre/8c63b61d-e6ee-12f9-d425-77da311cd7fe"">https://pi.lib.uchicago.edu/1001/org/ochre/8c63b61d-e6ee-12f9-d425-77da311cd7fe</a>",Fieldbooks from excavation: 1985-2016,Leon Levy Expedition to Ashkelon Dataset: Fieldbooks
22.120 1986 Fieldbook.pdf,"OCHRE link(s): <a href=""https://pi.lib.uchicago.edu/1001/org/ochre/049daf02-e451-4283-b17f-ec56c41b891f"">https://pi.lib.uchicago.edu/1001/org/ochre/049daf02-e451-4283-b17f-ec56c41b891f</a>",Fieldbooks from excavation: 1985-2016,Leon Levy Expedition to Ashkelon Dataset: Fieldbooks
23.01 1999 Fieldbook.pdf,"OCHRE link(s): <a href=""https://pi.lib.uchicago.edu/1001/org/ochre/7731bc2c-5f74-a1f1-1ce2-e618b6bcf93a"">https://pi.lib.uchicago.edu/1001/org/ochre/7731bc2c-5f74-a1f1-1ce2-e618b6bcf93a</a>",Fieldbooks from excavation: 1985-2016,Leon Levy Expedition to Ashkelon Dataset: Fieldbooks
23.01 2000 Fieldbook 1.pdf,"OCHRE link(s): <a href=""https://pi.lib.uchicago.edu/1001/org/ochre/4672ea60-68d7-860e-5cb8-d8ff407c683c"">https://pi.lib.uchicago.edu/1001/org/ochre/4672ea60-68d7-860e-5cb8-d8ff407c683c</a>",Fieldbooks from excavation: 1985-2016,Leon Levy Expedition to Ashkelon Dataset: Fieldbooks
23.01 2000 Fieldbook 2.pdf,"OCHRE link(s): <a href=""https://pi.lib.uchicago.edu/1001/org/ochre/dfd8af3f-cb10-e3b4-b0e8-b849a30e1424"">https://pi.lib.uchicago.edu/1001/org/ochre/dfd8af3f-cb10-e3b4-b0e8-b849a30e1424</a>",Fieldbooks from excavation: 1985-2016,Leon Levy Expedition to Ashkelon Dataset: Fieldbooks
23.01 2000 Fieldbook 3.pdf,"OCHRE link(s): <a href=""https://pi.lib.uchicago.edu/1001/org/ochre/363af689-7333-4332-6342-24501788fd92"">https://pi.lib.uchicago.edu/1001/org/ochre/363af689-7333-4332-6342-24501788fd92</a>",Fieldbooks from excavation: 1985-2016,Leon Levy Expedition to Ashkelon Dataset: Fieldbooks
23.11 1999 Fieldbook.pdf,"OCHRE link(s): <a href=""https://pi.lib.uchicago.edu/1001/org/ochre/407fbc1c-aa90-6a36-3583-cc74e2bf617d"">https://pi.lib.uchicago.edu/1001/org/ochre/407fbc1c-aa90-6a36-3583-cc74e2bf617d</a>",Fieldbooks from excavation: 1985-2016,Leon Levy Expedition to Ashkelon Dataset: Fieldbooks
23.11 2000 Fieldbook.pdf,"OCHRE link(s): <a href=""https://pi.lib.uchicago.edu/1001/org/ochre/c947b727-cfe5-94ef-01da-8a7e8d4e65d7"">https://pi.lib.uchicago.edu/1001/org/ochre/c947b727-cfe5-94ef-01da-8a7e8d4e65d7</a>",Fieldbooks from excavation: 1985-2016,Leon Levy Expedition to Ashkelon Dataset: Fieldbooks
23.21 2000 Fieldbook.pdf,"OCHRE link(s): <a href=""https://pi.lib.uchicago.edu/1001/org/ochre/c10ee51d-6aa9-af3f-8b37-9920cea2e35d"">https://pi.lib.uchicago.edu/1001/org/ochre/c10ee51d-6aa9-af3f-8b37-9920cea2e35d</a>",Fieldbooks from excavation: 1985-2016,Leon Levy Expedition to Ashkelon Dataset: Fieldbooks
"34.97,98,99 1985 Fieldbook.pdf","OCHRE link(s): <a href=""https://pi.lib.uchicago.edu/1001/org/ochre/4e3f76c7-162b-4d61-9396-0ae5e24d1f1c"">https://pi.lib.uchicago.edu/1001/org/ochre/4e3f76c7-162b-4d61-9396-0ae5e24d1f1c</a>",Fieldbooks from excavation: 1985-2016,Leon Levy Expedition to Ashkelon Dataset: Fieldbooks
37.26 1986 Fieldbook.pdf,"OCHRE link(s): <a href=""https://pi.lib.uchicago.edu/1001/org/ochre/dd68b618-7bd4-f20e-35aa-6acaabc73473"">https://pi.lib.uchicago.edu/1001/org/ochre/dd68b618-7bd4-f20e-35aa-6acaabc73473</a>",Fieldbooks from excavation: 1985-2016,Leon Levy Expedition to Ashkelon Dataset: Fieldbooks
"37.36 1986,87 Fieldbook.pdf","OCHRE link(s): <a href=""https://pi.lib.uchicago.edu/1001/org/ochre/12014ceb-b073-446b-8736-94f5bde39b64"">https://pi.lib.uchicago.edu/1001/org/ochre/12014ceb-b073-446b-8736-94f5bde39b64</a>",Fieldbooks from excavation: 1985-2016,Leon Levy Expedition to Ashkelon Dataset: Fieldbooks
37.46 1986 Fieldbook.pdf,"OCHRE link(s): <a href=""https://pi.lib.uchicago.edu/1001/org/ochre/9d05fe8f-a03e-2465-92d8-c1c951d774a5"">https://pi.lib.uchicago.edu/1001/org/ochre/9d05fe8f-a03e-2465-92d8-c1c951d774a5</a>",Fieldbooks from excavation: 1985-2016,Leon Levy Expedition to Ashkelon Dataset: Fieldbooks
37.47 1987 Fieldbook.pdf,"OCHRE link(s): <a href=""https://pi.lib.uchicago.edu/1001/org/ochre/6513a239-0539-4e0c-bf04-d53cd2ba5261"">https://pi.lib.uchicago.edu/1001/org/ochre/6513a239-0539-4e0c-bf04-d53cd2ba5261</a>",Fieldbooks from excavation: 1985-2016,Leon Levy Expedition to Ashkelon Dataset: Fieldbooks
"38.43, 44 1986 Fieldbook.pdf","OCHRE link(s): <a href=""https://pi.lib.uchicago.edu/1001/org/ochre/1af4c55b-4085-7516-2db2-49910307933e"">https://pi.lib.uchicago.edu/1001/org/ochre/1af4c55b-4085-7516-2db2-49910307933e</a>; <a href=""https://pi.lib.uchicago.edu/1001/org/ochre/8e7fcc57-7edb-2e6d-7713-0fcd1035002d"">https://pi.lib.uchicago.edu/1001/org/ochre/8e7fcc57-7edb-2e6d-7713-0fcd1035002d</a>",Fieldbooks from excavation: 1985-2016,Leon Levy Expedition to Ashkelon Dataset: Fieldbooks
"38.43, 44 1987 Fieldbook.pdf","OCHRE link(s): <a href=""https://pi.lib.uchicago.edu/1001/org/ochre/f118a771-a289-7e04-88ec-3caeb38344fb"">https://pi.lib.uchicago.edu/1001/org/ochre/f118a771-a289-7e04-88ec-3caeb38344fb</a>; <a href=""https://pi.lib.uchicago.edu/1001/org/ochre/9a3ce5d8-e4b0-1267-86ce-458f50a6ece1"">https://pi.lib.uchicago.edu/1001/org/ochre/9a3ce5d8-e4b0-1267-86ce-458f50a6ece1</a>",Fieldbooks from excavation: 1985-2016,Leon Levy Expedition to Ashkelon Dataset: Fieldbooks
"38.43, 44 1988 Fieldbook.pdf","OCHRE link(s): <a href=""https://pi.lib.uchicago.edu/1001/org/ochre/568bde72-a681-bfbd-7274-bfe3cc9f829f"">https://pi.lib.uchicago.edu/1001/org/ochre/568bde72-a681-bfbd-7274-bfe3cc9f829f</a>; <a href=""https://pi.lib.uchicago.edu/1001/org/ochre/1e3f7634-4c3e-407a-047d-b0e97ea7ffcc"">https://pi.lib.uchicago.edu/1001/org/ochre/1e3f7634-4c3e-407a-047d-b0e97ea7ffcc</a>",Fieldbooks from excavation: 1985-2016,Leon Levy Expedition to Ashkelon Dataset: Fieldbooks
"38.43, 44 1989 Fieldbook.pdf","OCHRE link(s): <a href=""https://pi.lib.uchicago.edu/1001/org/ochre/85e3d7d3-493e-eb43-345d-4a3e1828cf02"">https://pi.lib.uchicago.edu/1001/org/ochre/85e3d7d3-493e-eb43-345d-4a3e1828cf02</a>; <a href=""https://pi.lib.uchicago.edu/1001/org/ochre/dae2a7b7-5381-176c-07bb-5fd622beb619"">https://pi.lib.uchicago.edu/1001/org/ochre/dae2a7b7-5381-176c-07bb-5fd622beb619</a>",Fieldbooks from excavation: 1985-2016,Leon Levy Expedition to Ashkelon Dataset: Fieldbooks
"38.43, 53 1990 Fieldbook.pdf","OCHRE link(s): <a href=""https://pi.lib.uchicago.edu/1001/org/ochre/99f5d7c9-4e0c-b076-eef5-248d0aec7aec"">https://pi.lib.uchicago.edu/1001/org/ochre/99f5d7c9-4e0c-b076-eef5-248d0aec7aec</a>; <a href=""https://pi.lib.uchicago.edu/1001/org/ochre/7c991f7b-b53b-a341-bd3b-ad50877553d0"">https://pi.lib.uchicago.edu/1001/org/ochre/7c991f7b-b53b-a341-bd3b-ad50877553d0</a>",Fieldbooks from excavation: 1985-2016,Leon Levy Expedition to Ashkelon Dataset: Fieldbooks
38.44 1990 Fieldbook.pdf,"OCHRE link(s): <a href=""https://pi.lib.uchicago.edu/1001/org/ochre/0a5b6e53-243b-0020-0452-5bdd0e196106"">https://pi.lib.uchicago.edu/1001/org/ochre/0a5b6e53-243b-0020-0452-5bdd0e196106</a>",Fieldbooks from excavation: 1985-2016,Leon Levy Expedition to Ashkelon Dataset: Fieldbooks
38.53 1985 Fieldbook.pdf,"OCHRE link(s): <a href=""https://pi.lib.uchicago.edu/1001/org/ochre/61bc30a6-69f1-ee70-e964-49b79dea940c"">https://pi.lib.uchicago.edu/1001/org/ochre/61bc30a6-69f1-ee70-e964-49b79dea940c</a>",Fieldbooks from excavation: 1985-2016,Leon Levy Expedition to Ashkelon Dataset: Fieldbooks
38.53 1986 Fieldbook.pdf,"OCHRE link(s): <a href=""https://pi.lib.uchicago.edu/1001/org/ochre/8081208c-5447-5100-dabc-9d30bd27aa36"">https://pi.lib.uchicago.edu/1001/org/ochre/8081208c-5447-5100-dabc-9d30bd27aa36</a>",Fieldbooks from excavation: 1985-2016,Leon Levy Expedition to Ashkelon Dataset: Fieldbooks
38.53 1987 Fieldbook.pdf,"OCHRE link(s): <a href=""https://pi.lib.uchicago.edu/1001/org/ochre/24ec31be-96ef-f89b-5f57-7147ed2b7183"">https://pi.lib.uchicago.edu/1001/org/ochre/24ec31be-96ef-f89b-5f57-7147ed2b7183</a>",Fieldbooks from excavation: 1985-2016,Leon Levy Expedition to Ashkelon Dataset: Fieldbooks
38.53 1988 Fieldbook.pdf,"OCHRE link(s): <a href=""https://pi.lib.uchicago.edu/1001/org/ochre/bb11fc20-f703-36fb-22f5-6d73e9a3f113"">https://pi.lib.uchicago.edu/1001/org/ochre/bb11fc20-f703-36fb-22f5-6d73e9a3f113</a>",Fieldbooks from excavation: 1985-2016,Leon Levy Expedition to Ashkelon Dataset: Fieldbooks
38.53 1989 Fieldbook.pdf,"OCHRE link(s): <a href=""https://pi.lib.uchicago.edu/1001/org/ochre/af72c5ba-dc0b-cad1-83c0-a1e6d5e60c46"">https://pi.lib.uchicago.edu/1001/org/ochre/af72c5ba-dc0b-cad1-83c0-a1e6d5e60c46</a>",Fieldbooks from excavation: 1985-2016,Leon Levy Expedition to Ashkelon Dataset: Fieldbooks
38.54 1985 Fieldbook.pdf,"OCHRE link(s): <a href=""https://pi.lib.uchicago.edu/1001/org/ochre/0a950303-4929-06a3-2db0-bdf7ba8165bb"">https://pi.lib.uchicago.edu/1001/org/ochre/0a950303-4929-06a3-2db0-bdf7ba8165bb</a>",Fieldbooks from excavation: 1985-2016,Leon Levy Expedition to Ashkelon Dataset: Fieldbooks
38.54 1986 Fieldbook.pdf,"OCHRE link(s): <a href=""https://pi.lib.uchicago.edu/1001/org/ochre/2758da60-d9d4-8b1b-0978-7a2db8b7c85a"">https://pi.lib.uchicago.edu/1001/org/ochre/2758da60-d9d4-8b1b-0978-7a2db8b7c85a</a>",Fieldbooks from excavation: 1985-2016,Leon Levy Expedition to Ashkelon Dataset: Fieldbooks
38.54 1987 Fieldbook.pdf,"OCHRE link(s): <a href=""https://pi.lib.uchicago.edu/1001/org/ochre/5dfa659a-c09a-7669-7059-5b470e61a4bb"">https://pi.lib.uchicago.edu/1001/org/ochre/5dfa659a-c09a-7669-7059-5b470e61a4bb</a>",Fieldbooks from excavation: 1985-2016,Leon Levy Expedition to Ashkelon Dataset: Fieldbooks
38.54 1988 Fieldbook.pdf,"OCHRE link(s): <a href=""https://pi.lib.uchicago.edu/1001/org/ochre/88e67247-c470-2c68-d831-72db205d653e"">https://pi.lib.uchicago.edu/1001/org/ochre/88e67247-c470-2c68-d831-72db205d653e</a>",Fieldbooks from excavation: 1985-2016,Leon Levy Expedition to Ashkelon Dataset: Fieldbooks
38.54 1989 Fieldbook.pdf,"OCHRE link(s): <a href=""https://pi.lib.uchicago.edu/1001/org/ochre/67d8c5ff-6d97-d7d1-4473-f74d5366a378"">https://pi.lib.uchicago.edu/1001/org/ochre/67d8c5ff-6d97-d7d1-4473-f74d5366a378</a>",Fieldbooks from excavation: 1985-2016,Leon Levy Expedition to Ashkelon Dataset: Fieldbooks
38.54 1990 Fieldbook.pdf,"OCHRE link(s): <a href=""https://pi.lib.uchicago.edu/1001/org/ochre/7cccd7c7-1cef-52ce-6a69-c5f4b8d2c77c"">https://pi.lib.uchicago.edu/1001/org/ochre/7cccd7c7-1cef-52ce-6a69-c5f4b8d2c77c</a>",Fieldbooks from excavation: 1985-2016,Leon Levy Expedition to Ashkelon Dataset: Fieldbooks
38.63 1985 Fieldbook (Spring).pdf,"OCHRE link(s): <a href=""https://pi.lib.uchicago.edu/1001/org/ochre/cd81b3a4-c19d-c6ba-dc71-60cf32592645"">https://pi.lib.uchicago.edu/1001/org/ochre/cd81b3a4-c19d-c6ba-dc71-60cf32592645</a>",Fieldbooks from excavation: 1985-2016,Leon Levy Expedition to Ashkelon Dataset: Fieldbooks
38.63 1985 Fieldbook (Summer).pdf,"OCHRE link(s): <a href=""https://pi.lib.uchicago.edu/1001/org/ochre/dca0adc8-1f52-a7a7-41a5-9333581e6ff5"">https://pi.lib.uchicago.edu/1001/org/ochre/dca0adc8-1f52-a7a7-41a5-9333581e6ff5</a>",Fieldbooks from excavation: 1985-2016,Leon Levy Expedition to Ashkelon Dataset: Fieldbooks
38.63 1986 Fieldbook.pdf,"OCHRE link(s): <a href=""https://pi.lib.uchicago.edu/1001/org/ochre/e4f7ca49-8e8f-c8de-8def-f9bb7cb0a4b2"">https://pi.lib.uchicago.edu/1001/org/ochre/e4f7ca49-8e8f-c8de-8def-f9bb7cb0a4b2</a>",Fieldbooks from excavation: 1985-2016,Leon Levy Expedition to Ashkelon Dataset: Fieldbooks
38.63 1987 Fieldbook.pdf,"OCHRE link(s): <a href=""https://pi.lib.uchicago.edu/1001/org/ochre/301d4036-3059-46ee-40fc-61dad84acacf"">https://pi.lib.uchicago.edu/1001/org/ochre/301d4036-3059-46ee-40fc-61dad84acacf</a>",Fieldbooks from excavation: 1985-2016,Leon Levy Expedition to Ashkelon Dataset: Fieldbooks
38.63 1992 Fieldbook.pdf,"OCHRE link(s): <a href=""https://pi.lib.uchicago.edu/1001/org/ochre/5389676b-88ee-93fe-183d-f22e67a2c487"">https://pi.lib.uchicago.edu/1001/org/ochre/5389676b-88ee-93fe-183d-f22e67a2c487</a>",Fieldbooks from excavation: 1985-2016,Leon Levy Expedition to Ashkelon Dataset: Fieldbooks
38.63 1993 Fieldbook.pdf,"OCHRE link(s): <a href=""https://pi.lib.uchicago.edu/1001/org/ochre/cd718121-d802-ff9a-a445-a95cdab10c13"">https://pi.lib.uchicago.edu/1001/org/ochre/cd718121-d802-ff9a-a445-a95cdab10c13</a>",Fieldbooks from excavation: 1985-2016,Leon Levy Expedition to Ashkelon Dataset: Fieldbooks
38.63 1994 Fieldbook (Summer).pdf,"OCHRE link(s): <a href=""https://pi.lib.uchicago.edu/1001/org/ochre/b3c805c5-8b01-da6d-2373-5acd33028875"">https://pi.lib.uchicago.edu/1001/org/ochre/b3c805c5-8b01-da6d-2373-5acd33028875</a>",Fieldbooks from excavation: 1985-2016,Leon Levy Expedition to Ashkelon Dataset: Fieldbooks
38.63 1995 Fieldbook.pdf,"OCHRE link(s): <a href=""https://pi.lib.uchicago.edu/1001/org/ochre/26234717-ea0c-3c15-432e-40b88d7107d9"">https://pi.lib.uchicago.edu/1001/org/ochre/26234717-ea0c-3c15-432e-40b88d7107d9</a>",Fieldbooks from excavation: 1985-2016,Leon Levy Expedition to Ashkelon Dataset: Fieldbooks
38.63 1996 Fieldbook.pdf,"OCHRE link(s): <a href=""https://pi.lib.uchicago.edu/1001/org/ochre/7eea9347-4cb5-5eb7-bff2-f47f5d953a1c"">https://pi.lib.uchicago.edu/1001/org/ochre/7eea9347-4cb5-5eb7-bff2-f47f5d953a1c</a>",Fieldbooks from excavation: 1985-2016,Leon Levy Expedition to Ashkelon Dataset: Fieldbooks
38.63 1997 Fieldbook.pdf,"OCHRE link(s): <a href=""https://pi.lib.uchicago.edu/1001/org/ochre/dfc3e0af-2423-b581-1e8f-bd56291b59c8"">https://pi.lib.uchicago.edu/1001/org/ochre/dfc3e0af-2423-b581-1e8f-bd56291b59c8</a>",Fieldbooks from excavation: 1985-2016,Leon Levy Expedition to Ashkelon Dataset: Fieldbooks
38.63 1998 Fieldbook.pdf,"OCHRE link(s): <a href=""https://pi.lib.uchicago.edu/1001/org/ochre/3249b8b0-504c-f955-5e5f-4431e246d840"">https://pi.lib.uchicago.edu/1001/org/ochre/3249b8b0-504c-f955-5e5f-4431e246d840</a>",Fieldbooks from excavation: 1985-2016,Leon Levy Expedition to Ashkelon Dataset: Fieldbooks
38.63 1999 Fieldbook.pdf,"OCHRE link(s): <a href=""https://pi.lib.uchicago.edu/1001/org/ochre/01b1286c-0653-8476-7d1d-1330897a6145"">https://pi.lib.uchicago.edu/1001/org/ochre/01b1286c-0653-8476-7d1d-1330897a6145</a>",Fieldbooks from excavation: 1985-2016,Leon Levy Expedition to Ashkelon Dataset: Fieldbooks
38.63 2000 Fieldbook.pdf,"OCHRE link(s): <a href=""https://pi.lib.uchicago.edu/1001/org/ochre/d92a1c08-afe7-b903-e280-66ec859b8b97"">https://pi.lib.uchicago.edu/1001/org/ochre/d92a1c08-afe7-b903-e280-66ec859b8b97</a>",Fieldbooks from excavation: 1985-2016,Leon Levy Expedition to Ashkelon Dataset: Fieldbooks
38.63 2004 Fieldbook.pdf,"OCHRE link(s): <a href=""https://pi.lib.uchicago.edu/1001/org/ochre/d8c1883e-18dd-2054-3387-c8f4ded9f040"">https://pi.lib.uchicago.edu/1001/org/ochre/d8c1883e-18dd-2054-3387-c8f4ded9f040</a>",Fieldbooks from excavation: 1985-2016,Leon Levy Expedition to Ashkelon Dataset: Fieldbooks
"38.63, 73 1989 Fieldbook.pdf","OCHRE link(s): <a href=""https://pi.lib.uchicago.edu/1001/org/ochre/48790714-cf4d-5741-40b5-64d11558696b"">https://pi.lib.uchicago.edu/1001/org/ochre/48790714-cf4d-5741-40b5-64d11558696b</a>; <a href=""https://pi.lib.uchicago.edu/1001/org/ochre/7fb1a58f-b986-cfe0-4b63-b29746a615d3"">https://pi.lib.uchicago.edu/1001/org/ochre/7fb1a58f-b986-cfe0-4b63-b29746a615d3</a>",Fieldbooks from excavation: 1985-2016,Leon Levy Expedition to Ashkelon Dataset: Fieldbooks
"38.63,64 1991 Fieldbook.pdf","OCHRE link(s): <a href=""https://pi.lib.uchicago.edu/1001/org/ochre/e2e840c5-6868-e86a-1232-71abbf387c6f"">https://pi.lib.uchicago.edu/1001/org/ochre/e2e840c5-6868-e86a-1232-71abbf387c6f</a>; <a href=""https://pi.lib.uchicago.edu/1001/org/ochre/5e3dcf6e-86b6-1ac8-ad9b-36e8478209f1"">https://pi.lib.uchicago.edu/1001/org/ochre/5e3dcf6e-86b6-1ac8-ad9b-36e8478209f1</a>",Fieldbooks from excavation: 1985-2016,Leon Levy Expedition to Ashkelon Dataset: Fieldbooks
"38.63,64,73 1988 Fieldbook.pdf","OCHRE link(s): <a href=""https://pi.lib.uchicago.edu/1001/org/ochre/6ca5e6d2-2ab9-427d-936e-25b481cc56be"">https://pi.lib.uchicago.edu/1001/org/ochre/6ca5e6d2-2ab9-427d-936e-25b481cc56be</a>",Fieldbooks from excavation: 1985-2016,Leon Levy Expedition to Ashkelon Dataset: Fieldbooks
"38.63,65 1985 Fieldbook.pdf","OCHRE link(s): <a href=""https://pi.lib.uchicago.edu/1001/org/ochre/01d91f74-2460-4eb5-b714-2c3163ee3373"">https://pi.lib.uchicago.edu/1001/org/ochre/01d91f74-2460-4eb5-b714-2c3163ee3373</a>",Fieldbooks from excavation: 1985-2016,Leon Levy Expedition to Ashkelon Dataset: Fieldbooks
"38.63,65 1986 Fieldbook.pdf","OCHRE link(s): <a href=""https://pi.lib.uchicago.edu/1001/org/ochre/5b1d60b3-00ad-7736-a273-49b8d9032bc3"">https://pi.lib.uchicago.edu/1001/org/ochre/5b1d60b3-00ad-7736-a273-49b8d9032bc3</a>",Fieldbooks from excavation: 1985-2016,Leon Levy Expedition to Ashkelon Dataset: Fieldbooks
38.63-64 1987 Fieldbook (Upper).pdf,"OCHRE link(s): <a href=""https://pi.lib.uchicago.edu/1001/org/ochre/132e579e-f632-7582-6fee-0097ca3bcc46"">https://pi.lib.uchicago.edu/1001/org/ochre/132e579e-f632-7582-6fee-0097ca3bcc46</a>; <a href=""https://pi.lib.uchicago.edu/1001/org/ochre/2697adb0-4742-a4de-9f0b-54a77e6c49e5"">https://pi.lib.uchicago.edu/1001/org/ochre/2697adb0-4742-a4de-9f0b-54a77e6c49e5</a>",Fieldbooks from excavation: 1985-2016,Leon Levy Expedition to Ashkelon Dataset: Fieldbooks
"38.63-64, 73-74 1990 Fieldbook.pdf","OCHRE link(s): <a href=""https://pi.lib.uchicago.edu/1001/org/ochre/794f43e4-f85d-93d2-46f3-40e1469c5067"">https://pi.lib.uchicago.edu/1001/org/ochre/794f43e4-f85d-93d2-46f3-40e1469c5067</a>; <a href=""https://pi.lib.uchicago.edu/1001/org/ochre/98384d2c-64e7-2b9d-b0ad-d5e4fb713bcb"">https://pi.lib.uchicago.edu/1001/org/ochre/98384d2c-64e7-2b9d-b0ad-d5e4fb713bcb</a>",Fieldbooks from excavation: 1985-2016,Leon Levy Expedition to Ashkelon Dataset: Fieldbooks
38.63-65 1988 Fieldbook.pdf,"OCHRE link(s): <a href=""https://pi.lib.uchicago.edu/1001/org/ochre/d6104d91-96a4-9022-a3a0-e28a4ac5dddc"">https://pi.lib.uchicago.edu/1001/org/ochre/d6104d91-96a4-9022-a3a0-e28a4ac5dddc</a>; <a href=""https://pi.lib.uchicago.edu/1001/org/ochre/01e47385-b74c-47a1-7264-ef70541fd323"">https://pi.lib.uchicago.edu/1001/org/ochre/01e47385-b74c-47a1-7264-ef70541fd323</a>; <a href=""https://pi.lib.uchicago.edu/1001/org/ochre/51e7f793-97f1-5e17-629e-a97d6ab102aa"">https://pi.lib.uchicago.edu/1001/org/ochre/51e7f793-97f1-5e17-629e-a97d6ab102aa</a>",Fieldbooks from excavation: 1985-2016,Leon Levy Expedition to Ashkelon Dataset: Fieldbooks
38.63-65 1989 Fieldbook.pdf,"OCHRE link(s): <a href=""https://pi.lib.uchicago.edu/1001/org/ochre/18d3494d-194d-d102-69a5-205c6e79fb81"">https://pi.lib.uchicago.edu/1001/org/ochre/18d3494d-194d-d102-69a5-205c6e79fb81</a>; <a href=""https://pi.lib.uchicago.edu/1001/org/ochre/1e231070-45c2-badc-26f6-838933baa8d2"">https://pi.lib.uchicago.edu/1001/org/ochre/1e231070-45c2-badc-26f6-838933baa8d2</a>; <a href=""https://pi.lib.uchicago.edu/1001/org/ochre/5d576121-f4b0-18bb-a9ee-01405a1d5f59"">https://pi.lib.uchicago.edu/1001/org/ochre/5d576121-f4b0-18bb-a9ee-01405a1d5f59</a>",Fieldbooks from excavation: 1985-2016,Leon Levy Expedition to Ashkelon Dataset: Fieldbooks
38.63-65 1990 Fieldbook.pdf,"OCHRE link(s): <a href=""https://pi.lib.uchicago.edu/1001/org/ochre/59190e58-029d-ab2e-bf18-6e0133001bbd"">https://pi.lib.uchicago.edu/1001/org/ochre/59190e58-029d-ab2e-bf18-6e0133001bbd</a>; <a href=""https://pi.lib.uchicago.edu/1001/org/ochre/94b50dfa-3474-a66b-9ffa-c5781b83077c"">https://pi.lib.uchicago.edu/1001/org/ochre/94b50dfa-3474-a66b-9ffa-c5781b83077c</a>",Fieldbooks from excavation: 1985-2016,Leon Levy Expedition to Ashkelon Dataset: Fieldbooks
38.64 1985 Fieldbook.pdf,"OCHRE link(s): <a href=""https://pi.lib.uchicago.edu/1001/org/ochre/dbf5f3e6-e322-ca13-c27e-e83035ece3e7"">https://pi.lib.uchicago.edu/1001/org/ochre/dbf5f3e6-e322-ca13-c27e-e83035ece3e7</a>",Fieldbooks from excavation: 1985-2016,Leon Levy Expedition to Ashkelon Dataset: Fieldbooks
38.64 1986 Fieldbook (Part 1).pdf,"OCHRE link(s): <a href=""https://pi.lib.uchicago.edu/1001/org/ochre/8093224d-9d1e-05ac-887b-1ba23595f8bd"">https://pi.lib.uchicago.edu/1001/org/ochre/8093224d-9d1e-05ac-887b-1ba23595f8bd</a>",Fieldbooks from excavation: 1985-2016,Leon Levy Expedition to Ashkelon Dataset: Fieldbooks
38.64 1986 Fieldbook (Part 2).pdf,"OCHRE link(s): <a href=""https://pi.lib.uchicago.edu/1001/org/ochre/50402942-4df1-50e5-f1ba-b7a157bf78d7"">https://pi.lib.uchicago.edu/1001/org/ochre/50402942-4df1-50e5-f1ba-b7a157bf78d7</a>",Fieldbooks from excavation: 1985-2016,Leon Levy Expedition to Ashkelon Dataset: Fieldbooks
38.64 1987 Fieldbook.pdf,"OCHRE link(s): <a href=""https://pi.lib.uchicago.edu/1001/org/ochre/5afee30c-2f21-a0d2-e586-b7afb63a1cdb"">https://pi.lib.uchicago.edu/1001/org/ochre/5afee30c-2f21-a0d2-e586-b7afb63a1cdb</a>",Fieldbooks from excavation: 1985-2016,Leon Levy Expedition to Ashkelon Dataset: Fieldbooks
38.64 1989 Fieldbook.pdf,"OCHRE link(s): <a href=""https://pi.lib.uchicago.edu/1001/org/ochre/ad4bc932-a846-2c94-c075-31a190a26797"">https://pi.lib.uchicago.edu/1001/org/ochre/ad4bc932-a846-2c94-c075-31a190a26797</a>",Fieldbooks from excavation: 1985-2016,Leon Levy Expedition to Ashkelon Dataset: Fieldbooks
38.64 1992 Fieldbook.pdf,"OCHRE link(s): <a href=""https://pi.lib.uchicago.edu/1001/org/ochre/84525306-88ab-05e5-16bf-c8e3ff68a8cd"">https://pi.lib.uchicago.edu/1001/org/ochre/84525306-88ab-05e5-16bf-c8e3ff68a8cd</a>",Fieldbooks from excavation: 1985-2016,Leon Levy Expedition to Ashkelon Dataset: Fieldbooks
38.64 1993 Fieldbook.pdf,"OCHRE link(s): <a href=""https://pi.lib.uchicago.edu/1001/org/ochre/bf1595cd-ccc8-c2c9-5032-56a0fe0d4273"">https://pi.lib.uchicago.edu/1001/org/ochre/bf1595cd-ccc8-c2c9-5032-56a0fe0d4273</a>",Fieldbooks from excavation: 1985-2016,Leon Levy Expedition to Ashkelon Dataset: Fieldbooks
38.64 1994 Fieldbook.pdf,"OCHRE link(s): <a href=""https://pi.lib.uchicago.edu/1001/org/ochre/c8aa0d9b-a493-963b-d884-a5dd524c244a"">https://pi.lib.uchicago.edu/1001/org/ochre/c8aa0d9b-a493-963b-d884-a5dd524c244a</a>",Fieldbooks from excavation: 1985-2016,Leon Levy Expedition to Ashkelon Dataset: Fieldbooks
38.64 1995 Fieldbook (vol 1 of 2).pdf,"OCHRE link(s): <a href=""https://pi.lib.uchicago.edu/1001/org/ochre/50224d2b-1125-0d39-ad88-ea969400ca73"">https://pi.lib.uchicago.edu/1001/org/ochre/50224d2b-1125-0d39-ad88-ea969400ca73</a>",Fieldbooks from excavation: 1985-2016,Leon Levy Expedition to Ashkelon Dataset: Fieldbooks
38.64 1997 Fieldbook.pdf,"OCHRE link(s): <a href=""https://pi.lib.uchicago.edu/1001/org/ochre/60454f6a-d03b-c97a-43e5-4217869dea0c"">https://pi.lib.uchicago.edu/1001/org/ochre/60454f6a-d03b-c97a-43e5-4217869dea0c</a>",Fieldbooks from excavation: 1985-2016,Leon Levy Expedition to Ashkelon Dataset: Fieldbooks
38.64 1998 Fieldbook.pdf,"OCHRE link(s): <a href=""https://pi.lib.uchicago.edu/1001/org/ochre/746b87ee-67b3-b92a-5e34-80b0701a6cfb"">https://pi.lib.uchicago.edu/1001/org/ochre/746b87ee-67b3-b92a-5e34-80b0701a6cfb</a>",Fieldbooks from excavation: 1985-2016,Leon Levy Expedition to Ashkelon Dataset: Fieldbooks
38.64 1999 Fieldbook.pdf,"OCHRE link(s): <a href=""https://pi.lib.uchicago.edu/1001/org/ochre/621e9f27-7c9e-abfe-b3ec-d70240140dba"">https://pi.lib.uchicago.edu/1001/org/ochre/621e9f27-7c9e-abfe-b3ec-d70240140dba</a>",Fieldbooks from excavation: 1985-2016,Leon Levy Expedition to Ashkelon Dataset: Fieldbooks
38.64 2000 Fieldbook.pdf,"OCHRE link(s): <a href=""https://pi.lib.uchicago.edu/1001/org/ochre/42ad7875-b437-ac51-ca95-68366bc394aa"">https://pi.lib.uchicago.edu/1001/org/ochre/42ad7875-b437-ac51-ca95-68366bc394aa</a>",Fieldbooks from excavation: 1985-2016,Leon Levy Expedition to Ashkelon Dataset: Fieldbooks
38.64 2004 Fieldbook.pdf,"OCHRE link(s): <a href=""https://pi.lib.uchicago.edu/1001/org/ochre/6da74bd8-46d8-1b99-af80-7b3c6677175d"">https://pi.lib.uchicago.edu/1001/org/ochre/6da74bd8-46d8-1b99-af80-7b3c6677175d</a>",Fieldbooks from excavation: 1985-2016,Leon Levy Expedition to Ashkelon Dataset: Fieldbooks
38.65 1985 Fieldbook.pdf,"OCHRE link(s): <a href=""https://pi.lib.uchicago.edu/1001/org/ochre/211c2d01-06e2-7827-b543-d4b76adfc562"">https://pi.lib.uchicago.edu/1001/org/ochre/211c2d01-06e2-7827-b543-d4b76adfc562</a>",Fieldbooks from excavation: 1985-2016,Leon Levy Expedition to Ashkelon Dataset: Fieldbooks
38.65 1987 Fieldbook.pdf,"OCHRE link(s): <a href=""https://pi.lib.uchicago.edu/1001/org/ochre/66928736-bcce-01a3-0589-ab22cb471c73"">https://pi.lib.uchicago.edu/1001/org/ochre/66928736-bcce-01a3-0589-ab22cb471c73</a>",Fieldbooks from excavation: 1985-2016,Leon Levy Expedition to Ashkelon Dataset: Fieldbooks
38.65 1998 Fieldbook.pdf,"OCHRE link(s): <a href=""https://pi.lib.uchicago.edu/1001/org/ochre/fa6f295c-c567-363c-5c29-94071dde0d81"">https://pi.lib.uchicago.edu/1001/org/ochre/fa6f295c-c567-363c-5c29-94071dde0d81</a>",Fieldbooks from excavation: 1985-2016,Leon Levy Expedition to Ashkelon Dataset: Fieldbooks
38.65 1999 Fieldbook.pdf,"OCHRE link(s): <a href=""https://pi.lib.uchicago.edu/1001/org/ochre/7637f756-52ed-7fa8-4f49-2db788b24dda"">https://pi.lib.uchicago.edu/1001/org/ochre/7637f756-52ed-7fa8-4f49-2db788b24dda</a>",Fieldbooks from excavation: 1985-2016,Leon Levy Expedition to Ashkelon Dataset: Fieldbooks
38.65 2000 Fieldbook.pdf,"OCHRE link(s): <a href=""https://pi.lib.uchicago.edu/1001/org/ochre/90938656-6e69-9f32-ed73-62272ecf0818"">https://pi.lib.uchicago.edu/1001/org/ochre/90938656-6e69-9f32-ed73-62272ecf0818</a>",Fieldbooks from excavation: 1985-2016,Leon Levy Expedition to Ashkelon Dataset: Fieldbooks
38.73 1985 Fieldbook.pdf,"OCHRE link(s): <a href=""https://pi.lib.uchicago.edu/1001/org/ochre/01a15291-b6de-4547-9552-bf6a04a9103a"">https://pi.lib.uchicago.edu/1001/org/ochre/01a15291-b6de-4547-9552-bf6a04a9103a</a>",Fieldbooks from excavation: 1985-2016,Leon Levy Expedition to Ashkelon Dataset: Fieldbooks
38.73 1986 Fieldbook.pdf,"OCHRE link(s): <a href=""https://pi.lib.uchicago.edu/1001/org/ochre/3677eade-edba-4f9c-bab3-d76b8b5364bf"">https://pi.lib.uchicago.edu/1001/org/ochre/3677eade-edba-4f9c-bab3-d76b8b5364bf</a>",Fieldbooks from excavation: 1985-2016,Leon Levy Expedition to Ashkelon Dataset: Fieldbooks
38.73 1987 Fieldbook.pdf,"OCHRE link(s): <a href=""https://pi.lib.uchicago.edu/1001/org/ochre/a2872885-2400-4cc9-81ea-36ec0193fcf9"">https://pi.lib.uchicago.edu/1001/org/ochre/a2872885-2400-4cc9-81ea-36ec0193fcf9</a>",Fieldbooks from excavation: 1985-2016,Leon Levy Expedition to Ashkelon Dataset: Fieldbooks
38.73 1991 Fieldbook.pdf,"OCHRE link(s): <a href=""https://pi.lib.uchicago.edu/1001/org/ochre/495243d8-b203-aa81-8f51-ac15a8f8793d"">https://pi.lib.uchicago.edu/1001/org/ochre/495243d8-b203-aa81-8f51-ac15a8f8793d</a>",Fieldbooks from excavation: 1985-2016,Leon Levy Expedition to Ashkelon Dataset: Fieldbooks
38.73 1992 Fieldbook.pdf,"OCHRE link(s): <a href=""https://pi.lib.uchicago.edu/1001/org/ochre/953ca6b4-a907-a6e0-4aed-73e044e56ea6"">https://pi.lib.uchicago.edu/1001/org/ochre/953ca6b4-a907-a6e0-4aed-73e044e56ea6</a>",Fieldbooks from excavation: 1985-2016,Leon Levy Expedition to Ashkelon Dataset: Fieldbooks
38.73 1993 Fieldbook.pdf,"OCHRE link(s): <a href=""https://pi.lib.uchicago.edu/1001/org/ochre/0af7a7b8-05f9-22db-2c4f-a0a26e35177b"">https://pi.lib.uchicago.edu/1001/org/ochre/0af7a7b8-05f9-22db-2c4f-a0a26e35177b</a>",Fieldbooks from excavation: 1985-2016,Leon Levy Expedition to Ashkelon Dataset: Fieldbooks
38.73 1994 Fieldbook.pdf,"OCHRE link(s): <a href=""https://pi.lib.uchicago.edu/1001/org/ochre/3f10bd6c-1e15-524f-a612-f073e1900b59"">https://pi.lib.uchicago.edu/1001/org/ochre/3f10bd6c-1e15-524f-a612-f073e1900b59</a>",Fieldbooks from excavation: 1985-2016,Leon Levy Expedition to Ashkelon Dataset: Fieldbooks
38.73 1995 Fieldbook.pdf,"OCHRE link(s): <a href=""https://pi.lib.uchicago.edu/1001/org/ochre/78eb76b5-7057-dd3d-f0dd-d4a27b7e4233"">https://pi.lib.uchicago.edu/1001/org/ochre/78eb76b5-7057-dd3d-f0dd-d4a27b7e4233</a>",Fieldbooks from excavation: 1985-2016,Leon Levy Expedition to Ashkelon Dataset: Fieldbooks
38.73 1996 Fieldbook.pdf,"OCHRE link(s): <a href=""https://pi.lib.uchicago.edu/1001/org/ochre/fb559e38-fed2-41fe-f567-18350bc14a96"">https://pi.lib.uchicago.edu/1001/org/ochre/fb559e38-fed2-41fe-f567-18350bc14a96</a>",Fieldbooks from excavation: 1985-2016,Leon Levy Expedition to Ashkelon Dataset: Fieldbooks
38.73 1997 Fieldbook.pdf,"OCHRE link(s): <a href=""https://pi.lib.uchicago.edu/1001/org/ochre/15c70cf6-6a36-e32d-500a-f40273100a5b"">https://pi.lib.uchicago.edu/1001/org/ochre/15c70cf6-6a36-e32d-500a-f40273100a5b</a>",Fieldbooks from excavation: 1985-2016,Leon Levy Expedition to Ashkelon Dataset: Fieldbooks
38.73 1998 Fieldbook.pdf,"OCHRE link(s): <a href=""https://pi.lib.uchicago.edu/1001/org/ochre/23287c51-37bf-142d-e8b5-b130efafa29d"">https://pi.lib.uchicago.edu/1001/org/ochre/23287c51-37bf-142d-e8b5-b130efafa29d</a>",Fieldbooks from excavation: 1985-2016,Leon Levy Expedition to Ashkelon Dataset: Fieldbooks
38.73 1999 Fieldbook.pdf,"OCHRE link(s): <a href=""https://pi.lib.uchicago.edu/1001/org/ochre/4d8fb2b9-3ebd-2c9a-43c7-6ef59f19ba00"">https://pi.lib.uchicago.edu/1001/org/ochre/4d8fb2b9-3ebd-2c9a-43c7-6ef59f19ba00</a>",Fieldbooks from excavation: 1985-2016,Leon Levy Expedition to Ashkelon Dataset: Fieldbooks
38.73 2000 Fieldbook.pdf,"OCHRE link(s): <a href=""https://pi.lib.uchicago.edu/1001/org/ochre/ac018dd4-e670-804d-2561-c43546a01c5f"">https://pi.lib.uchicago.edu/1001/org/ochre/ac018dd4-e670-804d-2561-c43546a01c5f</a>",Fieldbooks from excavation: 1985-2016,Leon Levy Expedition to Ashkelon Dataset: Fieldbooks
38.73 2004 Fieldbook.pdf,"OCHRE link(s): <a href=""https://pi.lib.uchicago.edu/1001/org/ochre/e54b211a-2d57-3f06-da09-3c5a4a3be352"">https://pi.lib.uchicago.edu/1001/org/ochre/e54b211a-2d57-3f06-da09-3c5a4a3be352</a>",Fieldbooks from excavation: 1985-2016,Leon Levy Expedition to Ashkelon Dataset: Fieldbooks
38.74 1985 Fieldbook.pdf,"OCHRE link(s): <a href=""https://pi.lib.uchicago.edu/1001/org/ochre/0720829b-88f0-49ea-81aa-df5afc7c5d27"">https://pi.lib.uchicago.edu/1001/org/ochre/0720829b-88f0-49ea-81aa-df5afc7c5d27</a>",Fieldbooks from excavation: 1985-2016,Leon Levy Expedition to Ashkelon Dataset: Fieldbooks
38.74 1986 Fieldbook.pdf,"OCHRE link(s): <a href=""https://pi.lib.uchicago.edu/1001/org/ochre/b709b672-f263-4808-833b-0a9263c1fcf5"">https://pi.lib.uchicago.edu/1001/org/ochre/b709b672-f263-4808-833b-0a9263c1fcf5</a>",Fieldbooks from excavation: 1985-2016,Leon Levy Expedition to Ashkelon Dataset: Fieldbooks
38.74 1987 Fieldbook.pdf,"OCHRE link(s): <a href=""https://pi.lib.uchicago.edu/1001/org/ochre/a2342586-a6be-423b-bb2a-b310f6e27b0f"">https://pi.lib.uchicago.edu/1001/org/ochre/a2342586-a6be-423b-bb2a-b310f6e27b0f</a>",Fieldbooks from excavation: 1985-2016,Leon Levy Expedition to Ashkelon Dataset: Fieldbooks
38.74 1988 Fieldbook.pdf,"OCHRE link(s): <a href=""https://pi.lib.uchicago.edu/1001/org/ochre/cb5146a7-49b2-44d8-809b-a4ccef3f745d"">https://pi.lib.uchicago.edu/1001/org/ochre/cb5146a7-49b2-44d8-809b-a4ccef3f745d</a>",Fieldbooks from excavation: 1985-2016,Leon Levy Expedition to Ashkelon Dataset: Fieldbooks
38.74 1989 Fieldbook B.pdf,"OCHRE link(s): <a href=""https://pi.lib.uchicago.edu/1001/org/ochre/aa4db7df-a886-d2df-d790-1104f5cb99df"">https://pi.lib.uchicago.edu/1001/org/ochre/aa4db7df-a886-d2df-d790-1104f5cb99df</a>",Fieldbooks from excavation: 1985-2016,Leon Levy Expedition to Ashkelon Dataset: Fieldbooks
38.74 1989 Fieldbook.pdf,"OCHRE link(s): <a href=""https://pi.lib.uchicago.edu/1001/org/ochre/9ee1ebff-98c5-d450-bc7f-43b68a7d04f5"">https://pi.lib.uchicago.edu/1001/org/ochre/9ee1ebff-98c5-d450-bc7f-43b68a7d04f5</a>",Fieldbooks from excavation: 1985-2016,Leon Levy Expedition to Ashkelon Dataset: Fieldbooks
38.74 1990 Fieldbook (Upper).pdf,"OCHRE link(s): <a href=""https://pi.lib.uchicago.edu/1001/org/ochre/e908ef9d-879f-e97b-c571-16fedd2f1eb0"">https://pi.lib.uchicago.edu/1001/org/ochre/e908ef9d-879f-e97b-c571-16fedd2f1eb0</a>",Fieldbooks from excavation: 1985-2016,Leon Levy Expedition to Ashkelon Dataset: Fieldbooks
38.74 1991 Fieldbook.pdf,"OCHRE link(s): <a href=""https://pi.lib.uchicago.edu/1001/org/ochre/2ab7b1ce-c4ac-9c54-6465-79737c9d62d0"">https://pi.lib.uchicago.edu/1001/org/ochre/2ab7b1ce-c4ac-9c54-6465-79737c9d62d0</a>",Fieldbooks from excavation: 1985-2016,Leon Levy Expedition to Ashkelon Dataset: Fieldbooks
38.74 1992 Fieldbook.pdf,"OCHRE link(s): <a href=""https://pi.lib.uchicago.edu/1001/org/ochre/38a97f9e-25ff-5759-09c1-48db5a083696"">https://pi.lib.uchicago.edu/1001/org/ochre/38a97f9e-25ff-5759-09c1-48db5a083696</a>",Fieldbooks from excavation: 1985-2016,Leon Levy Expedition to Ashkelon Dataset: Fieldbooks
38.74 1993 Fieldbook.pdf,"OCHRE link(s): <a href=""https://pi.lib.uchicago.edu/1001/org/ochre/d1e59a74-f4b5-0d6d-5de7-3ac012b66525"">https://pi.lib.uchicago.edu/1001/org/ochre/d1e59a74-f4b5-0d6d-5de7-3ac012b66525</a>",Fieldbooks from excavation: 1985-2016,Leon Levy Expedition to Ashkelon Dataset: Fieldbooks
38.74 1994 Fieldbook (Spring).pdf,"OCHRE link(s): <a href=""https://pi.lib.uchicago.edu/1001/org/ochre/eb2ca9a4-8a68-dfc6-0f13-922bcef67203"">https://pi.lib.uchicago.edu/1001/org/ochre/eb2ca9a4-8a68-dfc6-0f13-922bcef67203</a>",Fieldbooks from excavation: 1985-2016,Leon Levy Expedition to Ashkelon Dataset: Fieldbooks
38.74 1994 Fieldbook (Summer).pdf,"OCHRE link(s): <a href=""https://pi.lib.uchicago.edu/1001/org/ochre/98a73f38-3818-86b3-2107-6de1d01de76b"">https://pi.lib.uchicago.edu/1001/org/ochre/98a73f38-3818-86b3-2107-6de1d01de76b</a>",Fieldbooks from excavation: 1985-2016,Leon Levy Expedition to Ashkelon Dataset: Fieldbooks
38.74 1995 Fieldbook.pdf,"OCHRE link(s): <a href=""https://pi.lib.uchicago.edu/1001/org/ochre/e850d68c-03da-43a1-0883-a7a277738922"">https://pi.lib.uchicago.edu/1001/org/ochre/e850d68c-03da-43a1-0883-a7a277738922</a>",Fieldbooks from excavation: 1985-2016,Leon Levy Expedition to Ashkelon Dataset: Fieldbooks
38.74 1996 Fieldbook (2 of 2).pdf,"OCHRE link(s): <a href=""https://pi.lib.uchicago.edu/1001/org/ochre/5fb271e5-68c1-6e2f-6cc1-b0bf8d507ae9"">https://pi.lib.uchicago.edu/1001/org/ochre/5fb271e5-68c1-6e2f-6cc1-b0bf8d507ae9</a>",Fieldbooks from excavation: 1985-2016,Leon Levy Expedition to Ashkelon Dataset: Fieldbooks
38.74 1997 Fieldbook.pdf,"OCHRE link(s): <a href=""https://pi.lib.uchicago.edu/1001/org/ochre/4d3057ab-dc87-9dc9-4b35-ee833fac60d9"">https://pi.lib.uchicago.edu/1001/org/ochre/4d3057ab-dc87-9dc9-4b35-ee833fac60d9</a>",Fieldbooks from excavation: 1985-2016,Leon Levy Expedition to Ashkelon Dataset: Fieldbooks
38.74 1998 Fieldbook.pdf,"OCHRE link(s): <a href=""https://pi.lib.uchicago.edu/1001/org/ochre/a1804651-e4c3-8146-d86c-ed6f7ce3394e"">https://pi.lib.uchicago.edu/1001/org/ochre/a1804651-e4c3-8146-d86c-ed6f7ce3394e</a>",Fieldbooks from excavation: 1985-2016,Leon Levy Expedition to Ashkelon Dataset: Fieldbooks
38.74 1999 Fieldbook .pdf,"OCHRE link(s): <a href=""https://pi.lib.uchicago.edu/1001/org/ochre/eef78f74-d730-c704-fc30-88cb49664346"">https://pi.lib.uchicago.edu/1001/org/ochre/eef78f74-d730-c704-fc30-88cb49664346</a>",Fieldbooks from excavation: 1985-2016,Leon Levy Expedition to Ashkelon Dataset: Fieldbooks
38.74 2000 Fieldbook.pdf,"OCHRE link(s): <a href=""https://pi.lib.uchicago.edu/1001/org/ochre/e1e41a5f-6b48-b3fa-20b6-37e669cacfb3"">https://pi.lib.uchicago.edu/1001/org/ochre/e1e41a5f-6b48-b3fa-20b6-37e669cacfb3</a>",Fieldbooks from excavation: 1985-2016,Leon Levy Expedition to Ashkelon Dataset: Fieldbooks
38.74 2004 Fieldbook.pdf,"OCHRE link(s): <a href=""https://pi.lib.uchicago.edu/1001/org/ochre/5aca76b5-6e9a-0dcb-51b2-14b794e14dc9"">https://pi.lib.uchicago.edu/1001/org/ochre/5aca76b5-6e9a-0dcb-51b2-14b794e14dc9</a>",Fieldbooks from excavation: 1985-2016,Leon Levy Expedition to Ashkelon Dataset: Fieldbooks
38.75 1997 Fieldbook.pdf,"OCHRE link(s): <a href=""https://pi.lib.uchicago.edu/1001/org/ochre/a53e15d3-b835-9ba2-f7e8-469101e232d3"">https://pi.lib.uchicago.edu/1001/org/ochre/a53e15d3-b835-9ba2-f7e8-469101e232d3</a>",Fieldbooks from excavation: 1985-2016,Leon Levy Expedition to Ashkelon Dataset: Fieldbooks
38.75 1997 Fieldnotebook.pdf,"OCHRE link(s): <a href=""https://pi.lib.uchicago.edu/1001/org/ochre/fb84f15c-5865-112c-5962-ff0b33eb267d"">https://pi.lib.uchicago.edu/1001/org/ochre/fb84f15c-5865-112c-5962-ff0b33eb267d</a>",Fieldbooks from excavation: 1985-2016,Leon Levy Expedition to Ashkelon Dataset: Fieldbooks
38.75 1998 Fieldbook.pdf,"OCHRE link(s): <a href=""https://pi.lib.uchicago.edu/1001/org/ochre/3d5e6bc5-ea1b-9338-d844-e877a0fea3e9"">https://pi.lib.uchicago.edu/1001/org/ochre/3d5e6bc5-ea1b-9338-d844-e877a0fea3e9</a>",Fieldbooks from excavation: 1985-2016,Leon Levy Expedition to Ashkelon Dataset: Fieldbooks
38.75 1999 Fieldbook.pdf,"OCHRE link(s): <a href=""https://pi.lib.uchicago.edu/1001/org/ochre/e061c153-d988-4627-88c1-0b36186a0f0a"">https://pi.lib.uchicago.edu/1001/org/ochre/e061c153-d988-4627-88c1-0b36186a0f0a</a>",Fieldbooks from excavation: 1985-2016,Leon Levy Expedition to Ashkelon Dataset: Fieldbooks
38.75 2000 Fieldbook.pdf,"OCHRE link(s): <a href=""https://pi.lib.uchicago.edu/1001/org/ochre/99ff4061-7ce4-a24c-4d2b-d0bb694fbf3b"">https://pi.lib.uchicago.edu/1001/org/ochre/99ff4061-7ce4-a24c-4d2b-d0bb694fbf3b</a>",Fieldbooks from excavation: 1985-2016,Leon Levy Expedition to Ashkelon Dataset: Fieldbooks
38.83 1985 Fieldbook.pdf,"OCHRE link(s): <a href=""https://pi.lib.uchicago.edu/1001/org/ochre/525e98a3-a650-4e77-9dfd-b70c879fbe2e"">https://pi.lib.uchicago.edu/1001/org/ochre/525e98a3-a650-4e77-9dfd-b70c879fbe2e</a>",Fieldbooks from excavation: 1985-2016,Leon Levy Expedition to Ashkelon Dataset: Fieldbooks
38.83 1986 Fieldbook.pdf,"OCHRE link(s): <a href=""https://pi.lib.uchicago.edu/1001/org/ochre/c5795efc-d7e5-4d69-82ec-973be3c0332b"">https://pi.lib.uchicago.edu/1001/org/ochre/c5795efc-d7e5-4d69-82ec-973be3c0332b</a>",Fieldbooks from excavation: 1985-2016,Leon Levy Expedition to Ashkelon Dataset: Fieldbooks
38.83 1987 Fieldbook.pdf,"OCHRE link(s): <a href=""https://pi.lib.uchicago.edu/1001/org/ochre/f417c387-80a5-4ce4-94ee-e5bda115a730"">https://pi.lib.uchicago.edu/1001/org/ochre/f417c387-80a5-4ce4-94ee-e5bda115a730</a>",Fieldbooks from excavation: 1985-2016,Leon Levy Expedition to Ashkelon Dataset: Fieldbooks
38.83 1989 Fieldbook.pdf,"OCHRE link(s): <a href=""https://pi.lib.uchicago.edu/1001/org/ochre/9012227e-2bb3-753f-a1d7-7fc1256527ad"">https://pi.lib.uchicago.edu/1001/org/ochre/9012227e-2bb3-753f-a1d7-7fc1256527ad</a>",Fieldbooks from excavation: 1985-2016,Leon Levy Expedition to Ashkelon Dataset: Fieldbooks
38.83 1990 Fieldbook.pdf,"OCHRE link(s): <a href=""https://pi.lib.uchicago.edu/1001/org/ochre/1de4cddd-fc96-539d-ab54-6ae5b6af945d"">https://pi.lib.uchicago.edu/1001/org/ochre/1de4cddd-fc96-539d-ab54-6ae5b6af945d</a>",Fieldbooks from excavation: 1985-2016,Leon Levy Expedition to Ashkelon Dataset: Fieldbooks
38.83 1991 Fieldbook (Upper).pdf,"OCHRE link(s): <a href=""https://pi.lib.uchicago.edu/1001/org/ochre/9b2dcf27-7262-538f-7682-5b620fbbc896"">https://pi.lib.uchicago.edu/1001/org/ochre/9b2dcf27-7262-538f-7682-5b620fbbc896</a>",Fieldbooks from excavation: 1985-2016,Leon Levy Expedition to Ashkelon Dataset: Fieldbooks
38.83 1992 Fieldbook.pdf,"OCHRE link(s): <a href=""https://pi.lib.uchicago.edu/1001/org/ochre/37fde7c5-6b92-b9bb-a01e-0382bd508c40"">https://pi.lib.uchicago.edu/1001/org/ochre/37fde7c5-6b92-b9bb-a01e-0382bd508c40</a>",Fieldbooks from excavation: 1985-2016,Leon Levy Expedition to Ashkelon Dataset: Fieldbooks
38.83 1993 Fieldbook.pdf,"OCHRE link(s): <a href=""https://pi.lib.uchicago.edu/1001/org/ochre/5b2be1d8-6c26-ea48-e70b-4b3ae077eb35"">https://pi.lib.uchicago.edu/1001/org/ochre/5b2be1d8-6c26-ea48-e70b-4b3ae077eb35</a>",Fieldbooks from excavation: 1985-2016,Leon Levy Expedition to Ashkelon Dataset: Fieldbooks
38.83 1994 Fieldbook.pdf,"OCHRE link(s): <a href=""https://pi.lib.uchicago.edu/1001/org/ochre/0beccadd-2142-91db-c129-f5c03ed99fc1"">https://pi.lib.uchicago.edu/1001/org/ochre/0beccadd-2142-91db-c129-f5c03ed99fc1</a>",Fieldbooks from excavation: 1985-2016,Leon Levy Expedition to Ashkelon Dataset: Fieldbooks
38.83 1995 Fieldbook.pdf,"OCHRE link(s): <a href=""https://pi.lib.uchicago.edu/1001/org/ochre/2f4a309c-9acb-7cb4-fc70-faecd999ad49"">https://pi.lib.uchicago.edu/1001/org/ochre/2f4a309c-9acb-7cb4-fc70-faecd999ad49</a>",Fieldbooks from excavation: 1985-2016,Leon Levy Expedition to Ashkelon Dataset: Fieldbooks
38.83 1996 Fieldbook.pdf,"OCHRE link(s): <a href=""https://pi.lib.uchicago.edu/1001/org/ochre/f35d7033-630e-ad94-70b6-10d9c2ea324d"">https://pi.lib.uchicago.edu/1001/org/ochre/f35d7033-630e-ad94-70b6-10d9c2ea324d</a>",Fieldbooks from excavation: 1985-2016,Leon Levy Expedition to Ashkelon Dataset: Fieldbooks
38.83 1998 Fieldbook.pdf,"OCHRE link(s): <a href=""https://pi.lib.uchicago.edu/1001/org/ochre/ab0449fa-c05e-11c5-9b4a-e70727ad0cfc"">https://pi.lib.uchicago.edu/1001/org/ochre/ab0449fa-c05e-11c5-9b4a-e70727ad0cfc</a>",Fieldbooks from excavation: 1985-2016,Leon Levy Expedition to Ashkelon Dataset: Fieldbooks
38.83 1999 Fieldbook.pdf,"OCHRE link(s): <a href=""https://pi.lib.uchicago.edu/1001/org/ochre/bc9d5ea5-4e4e-50ad-f3a0-45fb8aea8b0f"">https://pi.lib.uchicago.edu/1001/org/ochre/bc9d5ea5-4e4e-50ad-f3a0-45fb8aea8b0f</a>",Fieldbooks from excavation: 1985-2016,Leon Levy Expedition to Ashkelon Dataset: Fieldbooks
38.83 2000 Fieldbook.pdf,"OCHRE link(s): <a href=""https://pi.lib.uchicago.edu/1001/org/ochre/53b604c2-726d-0974-335d-10c5497629c0"">https://pi.lib.uchicago.edu/1001/org/ochre/53b604c2-726d-0974-335d-10c5497629c0</a>",Fieldbooks from excavation: 1985-2016,Leon Levy Expedition to Ashkelon Dataset: Fieldbooks
38.83 2004 Fieldbook.pdf,"OCHRE link(s): <a href=""https://pi.lib.uchicago.edu/1001/org/ochre/efb8ddcf-1959-25af-6317-16f1cdb0891f"">https://pi.lib.uchicago.edu/1001/org/ochre/efb8ddcf-1959-25af-6317-16f1cdb0891f</a>",Fieldbooks from excavation: 1985-2016,Leon Levy Expedition to Ashkelon Dataset: Fieldbooks
"38.83,84 1988 Fieldbook.pdf","OCHRE link(s): <a href=""https://pi.lib.uchicago.edu/1001/org/ochre/7310e1a4-1be8-4ab9-b17f-d3ad78b8a601"">https://pi.lib.uchicago.edu/1001/org/ochre/7310e1a4-1be8-4ab9-b17f-d3ad78b8a601</a>",Fieldbooks from excavation: 1985-2016,Leon Levy Expedition to Ashkelon Dataset: Fieldbooks
"38.83,94 1997 Fieldbook.pdf","OCHRE link(s): <a href=""https://pi.lib.uchicago.edu/1001/org/ochre/69eebba6-8a37-1d15-16fe-cf7fb5f2f08c"">https://pi.lib.uchicago.edu/1001/org/ochre/69eebba6-8a37-1d15-16fe-cf7fb5f2f08c</a>; <a href=""https://pi.lib.uchicago.edu/1001/org/ochre/17027d05-0fc6-886e-80c3-c88060924312"">https://pi.lib.uchicago.edu/1001/org/ochre/17027d05-0fc6-886e-80c3-c88060924312</a>",Fieldbooks from excavation: 1985-2016,Leon Levy Expedition to Ashkelon Dataset: Fieldbooks
38.84 1985 Fieldbook.pdf,"OCHRE link(s): <a href=""https://pi.lib.uchicago.edu/1001/org/ochre/51dbeb38-39bd-7ef7-4e05-a33e292bd6d1"">https://pi.lib.uchicago.edu/1001/org/ochre/51dbeb38-39bd-7ef7-4e05-a33e292bd6d1</a>",Fieldbooks from excavation: 1985-2016,Leon Levy Expedition to Ashkelon Dataset: Fieldbooks
38.84 1987 Fieldbook 1.pdf,"OCHRE link(s): <a href=""https://pi.lib.uchicago.edu/1001/org/ochre/875a2ee5-83fe-4e4b-9c1d-7fb5e9e7c75b"">https://pi.lib.uchicago.edu/1001/org/ochre/875a2ee5-83fe-4e4b-9c1d-7fb5e9e7c75b</a>",Fieldbooks from excavation: 1985-2016,Leon Levy Expedition to Ashkelon Dataset: Fieldbooks
38.84 1989 Fieldbook.pdf,"OCHRE link(s): <a href=""https://pi.lib.uchicago.edu/1001/org/ochre/0b51dd24-130f-b248-ecb6-140643e9e484"">https://pi.lib.uchicago.edu/1001/org/ochre/0b51dd24-130f-b248-ecb6-140643e9e484</a>",Fieldbooks from excavation: 1985-2016,Leon Levy Expedition to Ashkelon Dataset: Fieldbooks
38.84 1990 Fieldbook.pdf,"OCHRE link(s): <a href=""https://pi.lib.uchicago.edu/1001/org/ochre/d0aae902-fad3-a16c-f1a7-511510f12c37"">https://pi.lib.uchicago.edu/1001/org/ochre/d0aae902-fad3-a16c-f1a7-511510f12c37</a>",Fieldbooks from excavation: 1985-2016,Leon Levy Expedition to Ashkelon Dataset: Fieldbooks
38.84 1991 Fieldbook (Upper).pdf,"OCHRE link(s): <a href=""https://pi.lib.uchicago.edu/1001/org/ochre/2ba45849-c5c4-052a-979d-45d1c56613e1"">https://pi.lib.uchicago.edu/1001/org/ochre/2ba45849-c5c4-052a-979d-45d1c56613e1</a>",Fieldbooks from excavation: 1985-2016,Leon Levy Expedition to Ashkelon Dataset: Fieldbooks
38.84 1992 Fieldbook.pdf,"OCHRE link(s): <a href=""https://pi.lib.uchicago.edu/1001/org/ochre/3405f35a-00c6-8fba-22b2-7bde87d6c8d2"">https://pi.lib.uchicago.edu/1001/org/ochre/3405f35a-00c6-8fba-22b2-7bde87d6c8d2</a>",Fieldbooks from excavation: 1985-2016,Leon Levy Expedition to Ashkelon Dataset: Fieldbooks
38.84 1993 Fieldbook (July).pdf,"OCHRE link(s): <a href=""https://pi.lib.uchicago.edu/1001/org/ochre/f74ee087-00f1-9141-fb00-ff800d1bfb2d"">https://pi.lib.uchicago.edu/1001/org/ochre/f74ee087-00f1-9141-fb00-ff800d1bfb2d</a>",Fieldbooks from excavation: 1985-2016,Leon Levy Expedition to Ashkelon Dataset: Fieldbooks
38.84 1993 Fieldbook (June).pdf,"OCHRE link(s): <a href=""https://pi.lib.uchicago.edu/1001/org/ochre/a153d50c-941b-8c12-9ad1-dabb682d5724"">https://pi.lib.uchicago.edu/1001/org/ochre/a153d50c-941b-8c12-9ad1-dabb682d5724</a>",Fieldbooks from excavation: 1985-2016,Leon Levy Expedition to Ashkelon Dataset: Fieldbooks
38.84 1994 Fieldbook (Spring).pdf,"OCHRE link(s): <a href=""https://pi.lib.uchicago.edu/1001/org/ochre/af66655d-21b8-f559-3da0-b1f4f9e8ff85"">https://pi.lib.uchicago.edu/1001/org/ochre/af66655d-21b8-f559-3da0-b1f4f9e8ff85</a>",Fieldbooks from excavation: 1985-2016,Leon Levy Expedition to Ashkelon Dataset: Fieldbooks
38.84 1994 Fieldbook (Summer).pdf,"OCHRE link(s): <a href=""https://pi.lib.uchicago.edu/1001/org/ochre/ab068f0a-b6d0-842c-b2d3-e0df6f2d2365"">https://pi.lib.uchicago.edu/1001/org/ochre/ab068f0a-b6d0-842c-b2d3-e0df6f2d2365</a>",Fieldbooks from excavation: 1985-2016,Leon Levy Expedition to Ashkelon Dataset: Fieldbooks
38.84 1995 Fieldbook.pdf,"OCHRE link(s): <a href=""https://pi.lib.uchicago.edu/1001/org/ochre/3815ba63-a1d5-1efb-0a10-120d11a8cfc0"">https://pi.lib.uchicago.edu/1001/org/ochre/3815ba63-a1d5-1efb-0a10-120d11a8cfc0</a>",Fieldbooks from excavation: 1985-2016,Leon Levy Expedition to Ashkelon Dataset: Fieldbooks
38.84 1996 Fieldbook.pdf,"OCHRE link(s): <a href=""https://pi.lib.uchicago.edu/1001/org/ochre/36ec950c-1642-16c3-134a-8be2f2334681"">https://pi.lib.uchicago.edu/1001/org/ochre/36ec950c-1642-16c3-134a-8be2f2334681</a>",Fieldbooks from excavation: 1985-2016,Leon Levy Expedition to Ashkelon Dataset: Fieldbooks
38.84 1997 Fieldbook.pdf,"OCHRE link(s): <a href=""https://pi.lib.uchicago.edu/1001/org/ochre/4b5399f1-1afe-0f1d-bab2-a2d46c6e4cd4"">https://pi.lib.uchicago.edu/1001/org/ochre/4b5399f1-1afe-0f1d-bab2-a2d46c6e4cd4</a>",Fieldbooks from excavation: 1985-2016,Leon Levy Expedition to Ashkelon Dataset: Fieldbooks
38.84 1998 Fieldbook.pdf,"OCHRE link(s): <a href=""https://pi.lib.uchicago.edu/1001/org/ochre/61d63e42-4cb2-f8a4-461c-cc16ce078917"">https://pi.lib.uchicago.edu/1001/org/ochre/61d63e42-4cb2-f8a4-461c-cc16ce078917</a>",Fieldbooks from excavation: 1985-2016,Leon Levy Expedition to Ashkelon Dataset: Fieldbooks
38.84 1999 Fieldbook.pdf,"OCHRE link(s): <a href=""https://pi.lib.uchicago.edu/1001/org/ochre/0584b4fa-a716-90bb-5932-685fc90995bc"">https://pi.lib.uchicago.edu/1001/org/ochre/0584b4fa-a716-90bb-5932-685fc90995bc</a>",Fieldbooks from excavation: 1985-2016,Leon Levy Expedition to Ashkelon Dataset: Fieldbooks
38.84 2000 Fieldbook.pdf,"OCHRE link(s): <a href=""https://pi.lib.uchicago.edu/1001/org/ochre/5da155b1-0bd1-ced7-b3f9-485b0b161ca2"">https://pi.lib.uchicago.edu/1001/org/ochre/5da155b1-0bd1-ced7-b3f9-485b0b161ca2</a>",Fieldbooks from excavation: 1985-2016,Leon Levy Expedition to Ashkelon Dataset: Fieldbooks
38.84 2004 Fieldbook.pdf,"OCHRE link(s): <a href=""https://pi.lib.uchicago.edu/1001/org/ochre/f3c2b94e-7b1b-3ae2-b02e-0970e0225ce0"">https://pi.lib.uchicago.edu/1001/org/ochre/f3c2b94e-7b1b-3ae2-b02e-0970e0225ce0</a>",Fieldbooks from excavation: 1985-2016,Leon Levy Expedition to Ashkelon Dataset: Fieldbooks
38.85 1997 Fieldbook.pdf,"OCHRE link(s): <a href=""https://pi.lib.uchicago.edu/1001/org/ochre/8287991f-4bb8-953d-fa99-96916bd9e8c8"">https://pi.lib.uchicago.edu/1001/org/ochre/8287991f-4bb8-953d-fa99-96916bd9e8c8</a>",Fieldbooks from excavation: 1985-2016,Leon Levy Expedition to Ashkelon Dataset: Fieldbooks
"38.85, 95 1990 Fieldbook.pdf","OCHRE link(s): <a href=""https://pi.lib.uchicago.edu/1001/org/ochre/fa40a8f8-89d9-f12b-7320-79d37a24fa9a"">https://pi.lib.uchicago.edu/1001/org/ochre/fa40a8f8-89d9-f12b-7320-79d37a24fa9a</a>; <a href=""https://pi.lib.uchicago.edu/1001/org/ochre/619ebef5-2632-dd63-07df-72f530c13a65"">https://pi.lib.uchicago.edu/1001/org/ochre/619ebef5-2632-dd63-07df-72f530c13a65</a>",Fieldbooks from excavation: 1985-2016,Leon Levy Expedition to Ashkelon Dataset: Fieldbooks
38.93 1992 Fieldbook.pdf,"OCHRE link(s): <a href=""https://pi.lib.uchicago.edu/1001/org/ochre/65c53801-37e0-200b-02c1-cba675d7057d"">https://pi.lib.uchicago.edu/1001/org/ochre/65c53801-37e0-200b-02c1-cba675d7057d</a>",Fieldbooks from excavation: 1985-2016,Leon Levy Expedition to Ashkelon Dataset: Fieldbooks
38.93 1993 Fieldbook.pdf,"OCHRE link(s): <a href=""https://pi.lib.uchicago.edu/1001/org/ochre/a07b4100-e2ea-7724-4962-da38889b871b"">https://pi.lib.uchicago.edu/1001/org/ochre/a07b4100-e2ea-7724-4962-da38889b871b</a>",Fieldbooks from excavation: 1985-2016,Leon Levy Expedition to Ashkelon Dataset: Fieldbooks
38.93 1996 Fieldbook.pdf,"OCHRE link(s): <a href=""https://pi.lib.uchicago.edu/1001/org/ochre/12845e41-39bb-c23f-bb9f-35f299f29228"">https://pi.lib.uchicago.edu/1001/org/ochre/12845e41-39bb-c23f-bb9f-35f299f29228</a>",Fieldbooks from excavation: 1985-2016,Leon Levy Expedition to Ashkelon Dataset: Fieldbooks
"38.93,94 1988 Fieldbook.pdf","OCHRE link(s): <a href=""https://pi.lib.uchicago.edu/1001/org/ochre/6c2a62c4-680a-4585-b6da-49427091992d"">https://pi.lib.uchicago.edu/1001/org/ochre/6c2a62c4-680a-4585-b6da-49427091992d</a>",Fieldbooks from excavation: 1985-2016,Leon Levy Expedition to Ashkelon Dataset: Fieldbooks
"38.93,94 1989 Fieldbook.pdf","OCHRE link(s): <a href=""https://pi.lib.uchicago.edu/1001/org/ochre/82e0fecd-2842-6707-cd11-552ca27830c7"">https://pi.lib.uchicago.edu/1001/org/ochre/82e0fecd-2842-6707-cd11-552ca27830c7</a>; <a href=""https://pi.lib.uchicago.edu/1001/org/ochre/9f279ec9-cd36-f2c1-ebd3-8afa9499a3b7"">https://pi.lib.uchicago.edu/1001/org/ochre/9f279ec9-cd36-f2c1-ebd3-8afa9499a3b7</a>",Fieldbooks from excavation: 1985-2016,Leon Levy Expedition to Ashkelon Dataset: Fieldbooks
"38.93,94 1991 Fieldbook.pdf","OCHRE link(s): <a href=""https://pi.lib.uchicago.edu/1001/org/ochre/56b547c3-75f5-8a57-b823-5fc2e734c530"">https://pi.lib.uchicago.edu/1001/org/ochre/56b547c3-75f5-8a57-b823-5fc2e734c530</a>; <a href=""https://pi.lib.uchicago.edu/1001/org/ochre/30abcba6-62a6-ab4b-becc-e7c896496b58"">https://pi.lib.uchicago.edu/1001/org/ochre/30abcba6-62a6-ab4b-becc-e7c896496b58</a>",Fieldbooks from excavation: 1985-2016,Leon Levy Expedition to Ashkelon Dataset: Fieldbooks
38.94 1992 Fieldbook.pdf,"OCHRE link(s): <a href=""https://pi.lib.uchicago.edu/1001/org/ochre/652e4f89-ad78-5bb1-1070-0a54b7a56560"">https://pi.lib.uchicago.edu/1001/org/ochre/652e4f89-ad78-5bb1-1070-0a54b7a56560</a>",Fieldbooks from excavation: 1985-2016,Leon Levy Expedition to Ashkelon Dataset: Fieldbooks
38.94 1993 Fieldbook.pdf,"OCHRE link(s): <a href=""https://pi.lib.uchicago.edu/1001/org/ochre/57d40339-e3fc-f1bc-72dc-b5569032521f"">https://pi.lib.uchicago.edu/1001/org/ochre/57d40339-e3fc-f1bc-72dc-b5569032521f</a>",Fieldbooks from excavation: 1985-2016,Leon Levy Expedition to Ashkelon Dataset: Fieldbooks
38.94 1994 Fieldbook.pdf,"OCHRE link(s): <a href=""https://pi.lib.uchicago.edu/1001/org/ochre/6df01a1c-53da-9e99-53d6-c222eb0334dd"">https://pi.lib.uchicago.edu/1001/org/ochre/6df01a1c-53da-9e99-53d6-c222eb0334dd</a>",Fieldbooks from excavation: 1985-2016,Leon Levy Expedition to Ashkelon Dataset: Fieldbooks
38.94 1996 Fieldbook.pdf,"OCHRE link(s): <a href=""https://pi.lib.uchicago.edu/1001/org/ochre/68f77b3d-20f1-7240-ee9b-e833434e5413"">https://pi.lib.uchicago.edu/1001/org/ochre/68f77b3d-20f1-7240-ee9b-e833434e5413</a>",Fieldbooks from excavation: 1985-2016,Leon Levy Expedition to Ashkelon Dataset: Fieldbooks
38.94 1999 Fieldbook.pdf,"OCHRE link(s): <a href=""https://pi.lib.uchicago.edu/1001/org/ochre/2f538b14-733d-37fb-31a8-5ff760a5372b"">https://pi.lib.uchicago.edu/1001/org/ochre/2f538b14-733d-37fb-31a8-5ff760a5372b</a>",Fieldbooks from excavation: 1985-2016,Leon Levy Expedition to Ashkelon Dataset: Fieldbooks
41.07 1985 Fieldbook.pdf,"OCHRE link(s): <a href=""https://pi.lib.uchicago.edu/1001/org/ochre/01481a60-54d7-a8b2-c296-9d4bfc953c8a"">https://pi.lib.uchicago.edu/1001/org/ochre/01481a60-54d7-a8b2-c296-9d4bfc953c8a</a>",Fieldbooks from excavation: 1985-2016,Leon Levy Expedition to Ashkelon Dataset: Fieldbooks
"41.8,9 1985 Fieldbook.pdf","OCHRE link(s): <a href=""https://pi.lib.uchicago.edu/1001/org/ochre/85e98191-fab8-4472-b9e4-bf1c83cf42fa"">https://pi.lib.uchicago.edu/1001/org/ochre/85e98191-fab8-4472-b9e4-bf1c83cf42fa</a>",Fieldbooks from excavation: 1985-2016,Leon Levy Expedition to Ashkelon Dataset: Fieldbooks
"50.36,37 1995 Fieldbook.pdf","OCHRE link(s): <a href=""https://pi.lib.uchicago.edu/1001/org/ochre/469fccd1-7b1f-6dba-5000-a35352a92daf"">https://pi.lib.uchicago.edu/1001/org/ochre/469fccd1-7b1f-6dba-5000-a35352a92daf</a>; <a href=""https://pi.lib.uchicago.edu/1001/org/ochre/d0af831b-5e4b-9c93-00f2-1340508880cb"">https://pi.lib.uchicago.edu/1001/org/ochre/d0af831b-5e4b-9c93-00f2-1340508880cb</a>",Fieldbooks from excavation: 1985-2016,Leon Levy Expedition to Ashkelon Dataset: Fieldbooks
50.38 1997 Fieldbook.pdf,"OCHRE link(s): <a href=""https://pi.lib.uchicago.edu/1001/org/ochre/ae6499f0-3ac5-f1b2-b28a-372e57283ace"">https://pi.lib.uchicago.edu/1001/org/ochre/ae6499f0-3ac5-f1b2-b28a-372e57283ace</a>",Fieldbooks from excavation: 1985-2016,Leon Levy Expedition to Ashkelon Dataset: Fieldbooks
"50.38,60 1995 Fieldbook.pdf","OCHRE link(s): <a href=""https://pi.lib.uchicago.edu/1001/org/ochre/390be4b5-9d51-eb99-9950-601bb3320769"">https://pi.lib.uchicago.edu/1001/org/ochre/390be4b5-9d51-eb99-9950-601bb3320769</a>; <a href=""https://pi.lib.uchicago.edu/1001/org/ochre/91f5d14c-952f-59f7-9c2d-7776fffb6fee"">https://pi.lib.uchicago.edu/1001/org/ochre/91f5d14c-952f-59f7-9c2d-7776fffb6fee</a>",Fieldbooks from excavation: 1985-2016,Leon Levy Expedition to Ashkelon Dataset: Fieldbooks
50.46 1992 Fieldbook.pdf,"OCHRE link(s): <a href=""https://pi.lib.uchicago.edu/1001/org/ochre/75531693-747e-427f-957e-49d436d566b7"">https://pi.lib.uchicago.edu/1001/org/ochre/75531693-747e-427f-957e-49d436d566b7</a>",Fieldbooks from excavation: 1985-2016,Leon Levy Expedition to Ashkelon Dataset: Fieldbooks
50.46 1993 Fieldbook.pdf,"OCHRE link(s): <a href=""https://pi.lib.uchicago.edu/1001/org/ochre/b3492325-60f8-8289-4910-2067e127eb93"">https://pi.lib.uchicago.edu/1001/org/ochre/b3492325-60f8-8289-4910-2067e127eb93</a>",Fieldbooks from excavation: 1985-2016,Leon Levy Expedition to Ashkelon Dataset: Fieldbooks
50.46 1994 Fieldbook.pdf,"OCHRE link(s): <a href=""https://pi.lib.uchicago.edu/1001/org/ochre/40196e99-d37e-dbe6-4a3f-c7aea52fff8b"">https://pi.lib.uchicago.edu/1001/org/ochre/40196e99-d37e-dbe6-4a3f-c7aea52fff8b</a>",Fieldbooks from excavation: 1985-2016,Leon Levy Expedition to Ashkelon Dataset: Fieldbooks
50.46-48 1995 Fall Fieldbook.pdf,"OCHRE link(s): <a href=""https://pi.lib.uchicago.edu/1001/org/ochre/6dc5a0f2-6df1-f90d-f3aa-e45358f53c76"">https://pi.lib.uchicago.edu/1001/org/ochre/6dc5a0f2-6df1-f90d-f3aa-e45358f53c76</a>; <a href=""https://pi.lib.uchicago.edu/1001/org/ochre/ff3faf03-21ba-009b-a8a3-be7790dd3841"">https://pi.lib.uchicago.edu/1001/org/ochre/ff3faf03-21ba-009b-a8a3-be7790dd3841</a>; <a href=""https://pi.lib.uchicago.edu/1001/org/ochre/ddd145cb-06f9-8037-5058-f6357b7e341e"">https://pi.lib.uchicago.edu/1001/org/ochre/ddd145cb-06f9-8037-5058-f6357b7e341e</a>",Fieldbooks from excavation: 1985-2016,Leon Levy Expedition to Ashkelon Dataset: Fieldbooks
50.47 1991 Fieldbook.pdf,"OCHRE link(s): <a href=""https://pi.lib.uchicago.edu/1001/org/ochre/f482a231-be99-66a7-6b5e-34e0ed6ad08d"">https://pi.lib.uchicago.edu/1001/org/ochre/f482a231-be99-66a7-6b5e-34e0ed6ad08d</a>",Fieldbooks from excavation: 1985-2016,Leon Levy Expedition to Ashkelon Dataset: Fieldbooks
50.47 1992 Fieldbook.pdf,"OCHRE link(s): <a href=""https://pi.lib.uchicago.edu/1001/org/ochre/5770b474-e72d-163e-8818-552386fb5642"">https://pi.lib.uchicago.edu/1001/org/ochre/5770b474-e72d-163e-8818-552386fb5642</a>",Fieldbooks from excavation: 1985-2016,Leon Levy Expedition to Ashkelon Dataset: Fieldbooks
50.47 1993 Fieldbook.pdf,"OCHRE link(s): <a href=""https://pi.lib.uchicago.edu/1001/org/ochre/df130dd7-1e82-5222-16be-aa34a62e0789"">https://pi.lib.uchicago.edu/1001/org/ochre/df130dd7-1e82-5222-16be-aa34a62e0789</a>",Fieldbooks from excavation: 1985-2016,Leon Levy Expedition to Ashkelon Dataset: Fieldbooks
50.47 1994 Fieldbook.pdf,"OCHRE link(s): <a href=""https://pi.lib.uchicago.edu/1001/org/ochre/815890cd-d7b6-0e41-05d5-56ba657d7384"">https://pi.lib.uchicago.edu/1001/org/ochre/815890cd-d7b6-0e41-05d5-56ba657d7384</a>",Fieldbooks from excavation: 1985-2016,Leon Levy Expedition to Ashkelon Dataset: Fieldbooks
50.47 1995 Fieldbook.pdf,"OCHRE link(s): <a href=""https://pi.lib.uchicago.edu/1001/org/ochre/63e2110f-647e-c94e-db2d-323c429cb77a"">https://pi.lib.uchicago.edu/1001/org/ochre/63e2110f-647e-c94e-db2d-323c429cb77a</a>",Fieldbooks from excavation: 1985-2016,Leon Levy Expedition to Ashkelon Dataset: Fieldbooks
50.47 1996 Fieldbook.pdf,"OCHRE link(s): <a href=""https://pi.lib.uchicago.edu/1001/org/ochre/8fec291a-332e-4677-8915-2dce42f8dc4d"">https://pi.lib.uchicago.edu/1001/org/ochre/8fec291a-332e-4677-8915-2dce42f8dc4d</a>",Fieldbooks from excavation: 1985-2016,Leon Levy Expedition to Ashkelon Dataset: Fieldbooks
50.47 1997 Fieldbook.pdf,"OCHRE link(s): <a href=""https://pi.lib.uchicago.edu/1001/org/ochre/8f5d2a6c-fa5b-d69e-96b3-539e05ff7092"">https://pi.lib.uchicago.edu/1001/org/ochre/8f5d2a6c-fa5b-d69e-96b3-539e05ff7092</a>",Fieldbooks from excavation: 1985-2016,Leon Levy Expedition to Ashkelon Dataset: Fieldbooks
50.47 1998 Fieldbook.pdf,"OCHRE link(s): <a href=""https://pi.lib.uchicago.edu/1001/org/ochre/f46038f7-ed13-18da-95f2-765033fbd3bc"">https://pi.lib.uchicago.edu/1001/org/ochre/f46038f7-ed13-18da-95f2-765033fbd3bc</a>",Fieldbooks from excavation: 1985-2016,Leon Levy Expedition to Ashkelon Dataset: Fieldbooks
50.48 1987 Fieldbook.pdf,"OCHRE link(s): <a href=""https://pi.lib.uchicago.edu/1001/org/ochre/1838fe05-6ae2-4897-9015-a1b1962a67c7"">https://pi.lib.uchicago.edu/1001/org/ochre/1838fe05-6ae2-4897-9015-a1b1962a67c7</a>",Fieldbooks from excavation: 1985-2016,Leon Levy Expedition to Ashkelon Dataset: Fieldbooks
50.48 1988 Fieldbook.pdf,"OCHRE link(s): <a href=""https://pi.lib.uchicago.edu/1001/org/ochre/08e5c993-1930-4d29-ae3f-f6bedeb49b36"">https://pi.lib.uchicago.edu/1001/org/ochre/08e5c993-1930-4d29-ae3f-f6bedeb49b36</a>",Fieldbooks from excavation: 1985-2016,Leon Levy Expedition to Ashkelon Dataset: Fieldbooks
50.48 1989 Fieldbook.pdf,"OCHRE link(s): <a href=""https://pi.lib.uchicago.edu/1001/org/ochre/0818489d-9ea3-27a2-c16f-89195f560025"">https://pi.lib.uchicago.edu/1001/org/ochre/0818489d-9ea3-27a2-c16f-89195f560025</a>",Fieldbooks from excavation: 1985-2016,Leon Levy Expedition to Ashkelon Dataset: Fieldbooks
50.48 1990 Fieldbook (Spring).pdf,"OCHRE link(s): <a href=""https://pi.lib.uchicago.edu/1001/org/ochre/21455840-91f8-2745-03c5-401a07c446c2"">https://pi.lib.uchicago.edu/1001/org/ochre/21455840-91f8-2745-03c5-401a07c446c2</a>",Fieldbooks from excavation: 1985-2016,Leon Levy Expedition to Ashkelon Dataset: Fieldbooks
50.48 1990 Fieldbook (Summer).pdf,"OCHRE link(s): <a href=""https://pi.lib.uchicago.edu/1001/org/ochre/44792206-7d5a-f011-055c-e8c93351d841"">https://pi.lib.uchicago.edu/1001/org/ochre/44792206-7d5a-f011-055c-e8c93351d841</a>",Fieldbooks from excavation: 1985-2016,Leon Levy Expedition to Ashkelon Dataset: Fieldbooks
50.48 1991 Fieldbook.pdf,"OCHRE link(s): <a href=""https://pi.lib.uchicago.edu/1001/org/ochre/0054357f-c77b-03d4-bcc6-ff7f01ae5531"">https://pi.lib.uchicago.edu/1001/org/ochre/0054357f-c77b-03d4-bcc6-ff7f01ae5531</a>",Fieldbooks from excavation: 1985-2016,Leon Levy Expedition to Ashkelon Dataset: Fieldbooks
50.48 1992 Fieldbook (Spring).pdf,"OCHRE link(s): <a href=""https://pi.lib.uchicago.edu/1001/org/ochre/913b190f-f9a1-1c67-0041-8d87d42c0545"">https://pi.lib.uchicago.edu/1001/org/ochre/913b190f-f9a1-1c67-0041-8d87d42c0545</a>",Fieldbooks from excavation: 1985-2016,Leon Levy Expedition to Ashkelon Dataset: Fieldbooks
50.48 1992 Fieldbook (Summer).pdf,"OCHRE link(s): <a href=""https://pi.lib.uchicago.edu/1001/org/ochre/a585cad9-662b-9554-4ba7-ef1a16039c7a"">https://pi.lib.uchicago.edu/1001/org/ochre/a585cad9-662b-9554-4ba7-ef1a16039c7a</a>",Fieldbooks from excavation: 1985-2016,Leon Levy Expedition to Ashkelon Dataset: Fieldbooks
50.48 1993 Fieldbook.pdf,"OCHRE link(s): <a href=""https://pi.lib.uchicago.edu/1001/org/ochre/5816ffb8-6815-5624-7a96-d2e45667ce24"">https://pi.lib.uchicago.edu/1001/org/ochre/5816ffb8-6815-5624-7a96-d2e45667ce24</a>",Fieldbooks from excavation: 1985-2016,Leon Levy Expedition to Ashkelon Dataset: Fieldbooks
50.48 1994 Fieldbook.pdf,"OCHRE link(s): <a href=""https://pi.lib.uchicago.edu/1001/org/ochre/3eaaefd4-f322-f1fd-285c-58e5987c3480"">https://pi.lib.uchicago.edu/1001/org/ochre/3eaaefd4-f322-f1fd-285c-58e5987c3480</a>",Fieldbooks from excavation: 1985-2016,Leon Levy Expedition to Ashkelon Dataset: Fieldbooks
50.48 1996 Fieldbook (Lower).pdf,"OCHRE link(s): <a href=""https://pi.lib.uchicago.edu/1001/org/ochre/61957db9-714f-7b78-a91e-e28d720aacdd"">https://pi.lib.uchicago.edu/1001/org/ochre/61957db9-714f-7b78-a91e-e28d720aacdd</a>",Fieldbooks from excavation: 1985-2016,Leon Levy Expedition to Ashkelon Dataset: Fieldbooks
50.48 1997 Fieldbook.pdf,"OCHRE link(s): <a href=""https://pi.lib.uchicago.edu/1001/org/ochre/bd6eeac2-f356-0f24-2037-f23d3b9a7e96"">https://pi.lib.uchicago.edu/1001/org/ochre/bd6eeac2-f356-0f24-2037-f23d3b9a7e96</a>",Fieldbooks from excavation: 1985-2016,Leon Levy Expedition to Ashkelon Dataset: Fieldbooks
50.48 1998 Fieldbook.pdf,"OCHRE link(s): <a href=""https://pi.lib.uchicago.edu/1001/org/ochre/4db00b47-0f36-9e3f-6d73-97e79f95f4a9"">https://pi.lib.uchicago.edu/1001/org/ochre/4db00b47-0f36-9e3f-6d73-97e79f95f4a9</a>",Fieldbooks from excavation: 1985-2016,Leon Levy Expedition to Ashkelon Dataset: Fieldbooks
50.48 1999 Fieldbook.pdf,"OCHRE link(s): <a href=""https://pi.lib.uchicago.edu/1001/org/ochre/c2b70509-fad8-7568-aee9-f628ff7be60d"">https://pi.lib.uchicago.edu/1001/org/ochre/c2b70509-fad8-7568-aee9-f628ff7be60d</a>",Fieldbooks from excavation: 1985-2016,Leon Levy Expedition to Ashkelon Dataset: Fieldbooks
"50.48, 58 2000 Fieldbook.pdf","OCHRE link(s): <a href=""https://pi.lib.uchicago.edu/1001/org/ochre/840698ae-27f7-2b6b-1f3a-924d9f7b84bb"">https://pi.lib.uchicago.edu/1001/org/ochre/840698ae-27f7-2b6b-1f3a-924d9f7b84bb</a>; <a href=""https://pi.lib.uchicago.edu/1001/org/ochre/d2081829-5591-224f-ea1b-3385253e703c"">https://pi.lib.uchicago.edu/1001/org/ochre/d2081829-5591-224f-ea1b-3385253e703c</a>",Fieldbooks from excavation: 1985-2016,Leon Levy Expedition to Ashkelon Dataset: Fieldbooks
50.48-49 1996 Fieldbook.pdf,"OCHRE link(s): <a href=""https://pi.lib.uchicago.edu/1001/org/ochre/3c62564e-c8cd-d319-b4ff-dd7830039d03"">https://pi.lib.uchicago.edu/1001/org/ochre/3c62564e-c8cd-d319-b4ff-dd7830039d03</a>; <a href=""https://pi.lib.uchicago.edu/1001/org/ochre/5db7ffb0-0272-0c13-e233-ff42b796c845"">https://pi.lib.uchicago.edu/1001/org/ochre/5db7ffb0-0272-0c13-e233-ff42b796c845</a>",Fieldbooks from excavation: 1985-2016,Leon Levy Expedition to Ashkelon Dataset: Fieldbooks
50.49 1987 Fieldbook.pdf,"OCHRE link(s): <a href=""https://pi.lib.uchicago.edu/1001/org/ochre/13d26dfa-6354-4a39-ad15-e548ca2023d4"">https://pi.lib.uchicago.edu/1001/org/ochre/13d26dfa-6354-4a39-ad15-e548ca2023d4</a>",Fieldbooks from excavation: 1985-2016,Leon Levy Expedition to Ashkelon Dataset: Fieldbooks
50.49 1988 Fieldbook.pdf,"OCHRE link(s): <a href=""https://pi.lib.uchicago.edu/1001/org/ochre/feccb805-4986-494d-838c-418e3933b3a9"">https://pi.lib.uchicago.edu/1001/org/ochre/feccb805-4986-494d-838c-418e3933b3a9</a>",Fieldbooks from excavation: 1985-2016,Leon Levy Expedition to Ashkelon Dataset: Fieldbooks
50.49 1989 Fieldbook.pdf,"OCHRE link(s): <a href=""https://pi.lib.uchicago.edu/1001/org/ochre/4ba61d3b-b677-f68c-816e-eaef2f53cdcf"">https://pi.lib.uchicago.edu/1001/org/ochre/4ba61d3b-b677-f68c-816e-eaef2f53cdcf</a>",Fieldbooks from excavation: 1985-2016,Leon Levy Expedition to Ashkelon Dataset: Fieldbooks
50.49 1990 Fieldbook.pdf,"OCHRE link(s): <a href=""https://pi.lib.uchicago.edu/1001/org/ochre/1847da28-f999-b033-95a9-e202dea0d727"">https://pi.lib.uchicago.edu/1001/org/ochre/1847da28-f999-b033-95a9-e202dea0d727</a>",Fieldbooks from excavation: 1985-2016,Leon Levy Expedition to Ashkelon Dataset: Fieldbooks
50.49 1991 Fieldbook.pdf,"OCHRE link(s): <a href=""https://pi.lib.uchicago.edu/1001/org/ochre/f6cfade7-c0f6-e571-7f6e-13c43ae024ae"">https://pi.lib.uchicago.edu/1001/org/ochre/f6cfade7-c0f6-e571-7f6e-13c43ae024ae</a>",Fieldbooks from excavation: 1985-2016,Leon Levy Expedition to Ashkelon Dataset: Fieldbooks
50.49 1992 Fieldbook (Spring).pdf,"OCHRE link(s): <a href=""https://pi.lib.uchicago.edu/1001/org/ochre/ebdf11c3-8c16-1824-e1e8-6c51197dd9b5"">https://pi.lib.uchicago.edu/1001/org/ochre/ebdf11c3-8c16-1824-e1e8-6c51197dd9b5</a>",Fieldbooks from excavation: 1985-2016,Leon Levy Expedition to Ashkelon Dataset: Fieldbooks
50.49 1992 Fieldbook (Summer).pdf,"OCHRE link(s): <a href=""https://pi.lib.uchicago.edu/1001/org/ochre/7ee68464-c2b9-c175-9a07-aaf4a153d185"">https://pi.lib.uchicago.edu/1001/org/ochre/7ee68464-c2b9-c175-9a07-aaf4a153d185</a>",Fieldbooks from excavation: 1985-2016,Leon Levy Expedition to Ashkelon Dataset: Fieldbooks
50.49 1993 Fieldbook.pdf,"OCHRE link(s): <a href=""https://pi.lib.uchicago.edu/1001/org/ochre/dcda3dda-fd07-d18c-4e6f-c3d81de6142d"">https://pi.lib.uchicago.edu/1001/org/ochre/dcda3dda-fd07-d18c-4e6f-c3d81de6142d</a>",Fieldbooks from excavation: 1985-2016,Leon Levy Expedition to Ashkelon Dataset: Fieldbooks
50.49 1994 Fieldbook.pdf,"OCHRE link(s): <a href=""https://pi.lib.uchicago.edu/1001/org/ochre/b9e47a7c-48b4-4c43-6297-56eb6adb6d5f"">https://pi.lib.uchicago.edu/1001/org/ochre/b9e47a7c-48b4-4c43-6297-56eb6adb6d5f</a>",Fieldbooks from excavation: 1985-2016,Leon Levy Expedition to Ashkelon Dataset: Fieldbooks
50.49 1998 Fieldbook.pdf,"OCHRE link(s): <a href=""https://pi.lib.uchicago.edu/1001/org/ochre/6e4fe3d9-0e7f-9917-894d-fb2512ebe911"">https://pi.lib.uchicago.edu/1001/org/ochre/6e4fe3d9-0e7f-9917-894d-fb2512ebe911</a>",Fieldbooks from excavation: 1985-2016,Leon Levy Expedition to Ashkelon Dataset: Fieldbooks
50.49 1999 Fieldbook.pdf,"OCHRE link(s): <a href=""https://pi.lib.uchicago.edu/1001/org/ochre/4d301376-6477-89c0-184a-0ea6a4fb3867"">https://pi.lib.uchicago.edu/1001/org/ochre/4d301376-6477-89c0-184a-0ea6a4fb3867</a>",Fieldbooks from excavation: 1985-2016,Leon Levy Expedition to Ashkelon Dataset: Fieldbooks
50.49 2000 Fieldbook.pdf,"OCHRE link(s): <a href=""https://pi.lib.uchicago.edu/1001/org/ochre/c9e0e774-78d3-2f9a-5192-21e37230f0c0"">https://pi.lib.uchicago.edu/1001/org/ochre/c9e0e774-78d3-2f9a-5192-21e37230f0c0</a>",Fieldbooks from excavation: 1985-2016,Leon Levy Expedition to Ashkelon Dataset: Fieldbooks
50.49u 1997 Fieldbook.pdf,"OCHRE link(s): <a href=""https://pi.lib.uchicago.edu/1001/org/ochre/04c03242-3a58-4667-b850-31fe4db9300f"">https://pi.lib.uchicago.edu/1001/org/ochre/04c03242-3a58-4667-b850-31fe4db9300f</a>",Fieldbooks from excavation: 1985-2016,Leon Levy Expedition to Ashkelon Dataset: Fieldbooks
50.56 1992 Fieldbook (Spring).pdf,"OCHRE link(s): <a href=""https://pi.lib.uchicago.edu/1001/org/ochre/7c6cdaa6-c428-3e5c-3bb6-0fae0106362a"">https://pi.lib.uchicago.edu/1001/org/ochre/7c6cdaa6-c428-3e5c-3bb6-0fae0106362a</a>",Fieldbooks from excavation: 1985-2016,Leon Levy Expedition to Ashkelon Dataset: Fieldbooks
50.56 1992 Fieldbook (Summer).pdf,"OCHRE link(s): <a href=""https://pi.lib.uchicago.edu/1001/org/ochre/8f58785c-f244-8c19-d054-d86ca408b5a7"">https://pi.lib.uchicago.edu/1001/org/ochre/8f58785c-f244-8c19-d054-d86ca408b5a7</a>",Fieldbooks from excavation: 1985-2016,Leon Levy Expedition to Ashkelon Dataset: Fieldbooks
50.56 1994 Fieldbook.pdf,"OCHRE link(s): <a href=""https://pi.lib.uchicago.edu/1001/org/ochre/1974450d-541c-ca8b-0a52-96dc502a501c"">https://pi.lib.uchicago.edu/1001/org/ochre/1974450d-541c-ca8b-0a52-96dc502a501c</a>",Fieldbooks from excavation: 1985-2016,Leon Levy Expedition to Ashkelon Dataset: Fieldbooks
50.56 1996 Fieldbook.pdf,"OCHRE link(s): <a href=""https://pi.lib.uchicago.edu/1001/org/ochre/215ef9b8-2fd9-91b3-710d-e20568e0288a"">https://pi.lib.uchicago.edu/1001/org/ochre/215ef9b8-2fd9-91b3-710d-e20568e0288a</a>",Fieldbooks from excavation: 1985-2016,Leon Levy Expedition to Ashkelon Dataset: Fieldbooks
"50.56,57 1987 Fieldbook.pdf","OCHRE link(s): <a href=""https://pi.lib.uchicago.edu/1001/org/ochre/7c580cba-d1b6-4aeb-8506-ca1161f956fb"">https://pi.lib.uchicago.edu/1001/org/ochre/7c580cba-d1b6-4aeb-8506-ca1161f956fb</a>",Fieldbooks from excavation: 1985-2016,Leon Levy Expedition to Ashkelon Dataset: Fieldbooks
"50.56,57 1995 Fieldbook.pdf","OCHRE link(s): <a href=""https://pi.lib.uchicago.edu/1001/org/ochre/7ab684ea-aa5c-08fb-0aff-73b407c4d2ad"">https://pi.lib.uchicago.edu/1001/org/ochre/7ab684ea-aa5c-08fb-0aff-73b407c4d2ad</a>; <a href=""https://pi.lib.uchicago.edu/1001/org/ochre/e45b265a-e4bb-b838-2322-27ffffb64e65"">https://pi.lib.uchicago.edu/1001/org/ochre/e45b265a-e4bb-b838-2322-27ffffb64e65</a>",Fieldbooks from excavation: 1985-2016,Leon Levy Expedition to Ashkelon Dataset: Fieldbooks
50.57 1988 Fieldbook.pdf,"OCHRE link(s): <a href=""https://pi.lib.uchicago.edu/1001/org/ochre/5e5db78f-11e3-4d60-952d-0cd8d6bb9571"">https://pi.lib.uchicago.edu/1001/org/ochre/5e5db78f-11e3-4d60-952d-0cd8d6bb9571</a>",Fieldbooks from excavation: 1985-2016,Leon Levy Expedition to Ashkelon Dataset: Fieldbooks
50.57 1989 Fieldbook.pdf,"OCHRE link(s): <a href=""https://pi.lib.uchicago.edu/1001/org/ochre/875f7e64-a751-3ec8-3633-0e0f3badff01"">https://pi.lib.uchicago.edu/1001/org/ochre/875f7e64-a751-3ec8-3633-0e0f3badff01</a>",Fieldbooks from excavation: 1985-2016,Leon Levy Expedition to Ashkelon Dataset: Fieldbooks
50.57 1991 Fieldbook.pdf,"OCHRE link(s): <a href=""https://pi.lib.uchicago.edu/1001/org/ochre/ed4d6396-658a-bbd6-53d4-e314888180bc"">https://pi.lib.uchicago.edu/1001/org/ochre/ed4d6396-658a-bbd6-53d4-e314888180bc</a>",Fieldbooks from excavation: 1985-2016,Leon Levy Expedition to Ashkelon Dataset: Fieldbooks
50.57 1992 Fieldbook (Spring).pdf,"OCHRE link(s): <a href=""https://pi.lib.uchicago.edu/1001/org/ochre/a2e14ea0-810d-bdaa-48f2-be92cd4e2647"">https://pi.lib.uchicago.edu/1001/org/ochre/a2e14ea0-810d-bdaa-48f2-be92cd4e2647</a>",Fieldbooks from excavation: 1985-2016,Leon Levy Expedition to Ashkelon Dataset: Fieldbooks
50.57 1992 Fieldbook (Summer).pdf,"OCHRE link(s): <a href=""https://pi.lib.uchicago.edu/1001/org/ochre/873b285f-37f5-98bd-2141-5200236cfa77"">https://pi.lib.uchicago.edu/1001/org/ochre/873b285f-37f5-98bd-2141-5200236cfa77</a>",Fieldbooks from excavation: 1985-2016,Leon Levy Expedition to Ashkelon Dataset: Fieldbooks
50.57 1993 Fieldbook.pdf,"OCHRE link(s): <a href=""https://pi.lib.uchicago.edu/1001/org/ochre/1ce8dbde-ee38-3ba1-5c47-e2f2ba6a750b"">https://pi.lib.uchicago.edu/1001/org/ochre/1ce8dbde-ee38-3ba1-5c47-e2f2ba6a750b</a>",Fieldbooks from excavation: 1985-2016,Leon Levy Expedition to Ashkelon Dataset: Fieldbooks
50.57 1994 Fieldbook.pdf,"OCHRE link(s): <a href=""https://pi.lib.uchicago.edu/1001/org/ochre/14a16705-2f2b-99b0-6b78-ac0a9bac8aa3"">https://pi.lib.uchicago.edu/1001/org/ochre/14a16705-2f2b-99b0-6b78-ac0a9bac8aa3</a>",Fieldbooks from excavation: 1985-2016,Leon Levy Expedition to Ashkelon Dataset: Fieldbooks
50.57 1997 Fieldbook.pdf,"OCHRE link(s): <a href=""https://pi.lib.uchicago.edu/1001/org/ochre/b4906034-488d-8b02-d142-38e94833de27"">https://pi.lib.uchicago.edu/1001/org/ochre/b4906034-488d-8b02-d142-38e94833de27</a>",Fieldbooks from excavation: 1985-2016,Leon Levy Expedition to Ashkelon Dataset: Fieldbooks
50.58 1985 Fieldbook.pdf,"OCHRE link(s): <a href=""https://pi.lib.uchicago.edu/1001/org/ochre/69a0b93b-2a8a-4105-95b5-9548b9bb0429"">https://pi.lib.uchicago.edu/1001/org/ochre/69a0b93b-2a8a-4105-95b5-9548b9bb0429</a>",Fieldbooks from excavation: 1985-2016,Leon Levy Expedition to Ashkelon Dataset: Fieldbooks
50.58 1986 Fieldbook.pdf,"OCHRE link(s): <a href=""https://pi.lib.uchicago.edu/1001/org/ochre/ee636021-9eb8-4dcf-8799-94f5a2c63a3c"">https://pi.lib.uchicago.edu/1001/org/ochre/ee636021-9eb8-4dcf-8799-94f5a2c63a3c</a>",Fieldbooks from excavation: 1985-2016,Leon Levy Expedition to Ashkelon Dataset: Fieldbooks
50.58 1987 Fieldbook.pdf,"OCHRE link(s): <a href=""https://pi.lib.uchicago.edu/1001/org/ochre/b92c394c-51a3-40fb-91ff-7862c042fc61"">https://pi.lib.uchicago.edu/1001/org/ochre/b92c394c-51a3-40fb-91ff-7862c042fc61</a>",Fieldbooks from excavation: 1985-2016,Leon Levy Expedition to Ashkelon Dataset: Fieldbooks
50.58 1989 Fieldbook.pdf,"OCHRE link(s): <a href=""https://pi.lib.uchicago.edu/1001/org/ochre/34949469-83c6-659f-1642-8b4592281cb6"">https://pi.lib.uchicago.edu/1001/org/ochre/34949469-83c6-659f-1642-8b4592281cb6</a>",Fieldbooks from excavation: 1985-2016,Leon Levy Expedition to Ashkelon Dataset: Fieldbooks
50.58 1990 Fieldbook.pdf,"OCHRE link(s): <a href=""https://pi.lib.uchicago.edu/1001/org/ochre/2cdf6616-1202-3aa2-c92c-51276fa08abf"">https://pi.lib.uchicago.edu/1001/org/ochre/2cdf6616-1202-3aa2-c92c-51276fa08abf</a>",Fieldbooks from excavation: 1985-2016,Leon Levy Expedition to Ashkelon Dataset: Fieldbooks
50.58 1991 Fieldbook.pdf,"OCHRE link(s): <a href=""https://pi.lib.uchicago.edu/1001/org/ochre/e41ae332-b9d2-e887-a4e2-b59d16ed621e"">https://pi.lib.uchicago.edu/1001/org/ochre/e41ae332-b9d2-e887-a4e2-b59d16ed621e</a>",Fieldbooks from excavation: 1985-2016,Leon Levy Expedition to Ashkelon Dataset: Fieldbooks
50.58 1992 Fieldbook (Spring).pdf,"OCHRE link(s): <a href=""https://pi.lib.uchicago.edu/1001/org/ochre/fa080f4f-46cb-590f-db2c-7d14727b6ab6"">https://pi.lib.uchicago.edu/1001/org/ochre/fa080f4f-46cb-590f-db2c-7d14727b6ab6</a>",Fieldbooks from excavation: 1985-2016,Leon Levy Expedition to Ashkelon Dataset: Fieldbooks
50.58 1992 Fieldbook (Summer).pdf,"OCHRE link(s): <a href=""https://pi.lib.uchicago.edu/1001/org/ochre/92c1bc8d-6f9f-cb3c-438e-39b97605dcad"">https://pi.lib.uchicago.edu/1001/org/ochre/92c1bc8d-6f9f-cb3c-438e-39b97605dcad</a>",Fieldbooks from excavation: 1985-2016,Leon Levy Expedition to Ashkelon Dataset: Fieldbooks
50.58 1993 Fieldbook.pdf,"OCHRE link(s): <a href=""https://pi.lib.uchicago.edu/1001/org/ochre/06720ec9-e411-63bd-3b08-7e4320efa854"">https://pi.lib.uchicago.edu/1001/org/ochre/06720ec9-e411-63bd-3b08-7e4320efa854</a>",Fieldbooks from excavation: 1985-2016,Leon Levy Expedition to Ashkelon Dataset: Fieldbooks
50.58 1994 Fieldbook.pdf,"OCHRE link(s): <a href=""https://pi.lib.uchicago.edu/1001/org/ochre/942d02fe-f53d-fe76-adb4-8ef4deedf29f"">https://pi.lib.uchicago.edu/1001/org/ochre/942d02fe-f53d-fe76-adb4-8ef4deedf29f</a>",Fieldbooks from excavation: 1985-2016,Leon Levy Expedition to Ashkelon Dataset: Fieldbooks
50.58 1995 Fieldbook.pdf,"OCHRE link(s): <a href=""https://pi.lib.uchicago.edu/1001/org/ochre/6ed8b282-c599-ac61-13f4-69cf0d4188b4"">https://pi.lib.uchicago.edu/1001/org/ochre/6ed8b282-c599-ac61-13f4-69cf0d4188b4</a>",Fieldbooks from excavation: 1985-2016,Leon Levy Expedition to Ashkelon Dataset: Fieldbooks
50.58 1996 Fieldbook.pdf,"OCHRE link(s): <a href=""https://pi.lib.uchicago.edu/1001/org/ochre/236b7bbf-2c3a-7067-ca59-fb2481f622cc"">https://pi.lib.uchicago.edu/1001/org/ochre/236b7bbf-2c3a-7067-ca59-fb2481f622cc</a>",Fieldbooks from excavation: 1985-2016,Leon Levy Expedition to Ashkelon Dataset: Fieldbooks
50.58 1997 Fieldbook (Upper).pdf,"OCHRE link(s): <a href=""https://pi.lib.uchicago.edu/1001/org/ochre/2b684a37-6f8d-8c31-7efb-ff6ded0f66c0"">https://pi.lib.uchicago.edu/1001/org/ochre/2b684a37-6f8d-8c31-7efb-ff6ded0f66c0</a>",Fieldbooks from excavation: 1985-2016,Leon Levy Expedition to Ashkelon Dataset: Fieldbooks
50.58 1997 Fieldbook.pdf,"OCHRE link(s): <a href=""https://pi.lib.uchicago.edu/1001/org/ochre/b47e1aeb-267c-8692-831a-624ce53b423b"">https://pi.lib.uchicago.edu/1001/org/ochre/b47e1aeb-267c-8692-831a-624ce53b423b</a>",Fieldbooks from excavation: 1985-2016,Leon Levy Expedition to Ashkelon Dataset: Fieldbooks
50.58 1998 Fieldbook.pdf,"OCHRE link(s): <a href=""https://pi.lib.uchicago.edu/1001/org/ochre/961d8d74-4707-c104-9beb-9a7ceaccce50"">https://pi.lib.uchicago.edu/1001/org/ochre/961d8d74-4707-c104-9beb-9a7ceaccce50</a>",Fieldbooks from excavation: 1985-2016,Leon Levy Expedition to Ashkelon Dataset: Fieldbooks
50.58 1999 Fieldbook (Lower).pdf,"OCHRE link(s): <a href=""https://pi.lib.uchicago.edu/1001/org/ochre/0c6324a9-9af9-1ca3-5baa-56d00a535bb1"">https://pi.lib.uchicago.edu/1001/org/ochre/0c6324a9-9af9-1ca3-5baa-56d00a535bb1</a>",Fieldbooks from excavation: 1985-2016,Leon Levy Expedition to Ashkelon Dataset: Fieldbooks
50.58 1999 Fieldbook (Upper).pdf,"OCHRE link(s): <a href=""https://pi.lib.uchicago.edu/1001/org/ochre/e1841f5f-aa93-9c11-ebd4-8a1921a16501"">https://pi.lib.uchicago.edu/1001/org/ochre/e1841f5f-aa93-9c11-ebd4-8a1921a16501</a>",Fieldbooks from excavation: 1985-2016,Leon Levy Expedition to Ashkelon Dataset: Fieldbooks
50.58 2000 Fieldbook (Lower).pdf,"OCHRE link(s): <a href=""https://pi.lib.uchicago.edu/1001/org/ochre/669f8073-29ba-d6e6-43c8-25fe2d987c7e"">https://pi.lib.uchicago.edu/1001/org/ochre/669f8073-29ba-d6e6-43c8-25fe2d987c7e</a>",Fieldbooks from excavation: 1985-2016,Leon Levy Expedition to Ashkelon Dataset: Fieldbooks
50.59 1986 Fieldbook.pdf,"OCHRE link(s): <a href=""https://pi.lib.uchicago.edu/1001/org/ochre/6c8d9daa-5aff-48bd-92b0-1b85d260397d"">https://pi.lib.uchicago.edu/1001/org/ochre/6c8d9daa-5aff-48bd-92b0-1b85d260397d</a>",Fieldbooks from excavation: 1985-2016,Leon Levy Expedition to Ashkelon Dataset: Fieldbooks
50.59 1989 Fieldbook.pdf,"OCHRE link(s): <a href=""https://pi.lib.uchicago.edu/1001/org/ochre/e9bd1ca6-2992-3b05-035a-5e3e6c25860e"">https://pi.lib.uchicago.edu/1001/org/ochre/e9bd1ca6-2992-3b05-035a-5e3e6c25860e</a>",Fieldbooks from excavation: 1985-2016,Leon Levy Expedition to Ashkelon Dataset: Fieldbooks
50.59 1990 Fieldbook.pdf,"OCHRE link(s): <a href=""https://pi.lib.uchicago.edu/1001/org/ochre/8634fa84-d3b3-8b80-76a3-2729164f24f9"">https://pi.lib.uchicago.edu/1001/org/ochre/8634fa84-d3b3-8b80-76a3-2729164f24f9</a>",Fieldbooks from excavation: 1985-2016,Leon Levy Expedition to Ashkelon Dataset: Fieldbooks
50.59 1991 Fieldbook.pdf,"OCHRE link(s): <a href=""https://pi.lib.uchicago.edu/1001/org/ochre/bcd0503b-c2f3-2f4d-a01f-cba6c3b73422"">https://pi.lib.uchicago.edu/1001/org/ochre/bcd0503b-c2f3-2f4d-a01f-cba6c3b73422</a>",Fieldbooks from excavation: 1985-2016,Leon Levy Expedition to Ashkelon Dataset: Fieldbooks
50.59 1992 Fieldbook (Summer).pdf,"OCHRE link(s): <a href=""https://pi.lib.uchicago.edu/1001/org/ochre/73e6c830-e00d-402a-a31a-a48452fb8e2e"">https://pi.lib.uchicago.edu/1001/org/ochre/73e6c830-e00d-402a-a31a-a48452fb8e2e</a>",Fieldbooks from excavation: 1985-2016,Leon Levy Expedition to Ashkelon Dataset: Fieldbooks
50.59 1992 Fieldbook.pdf,"OCHRE link(s): <a href=""https://pi.lib.uchicago.edu/1001/org/ochre/36e54da3-26fd-0b03-346b-9d49462fab9e"">https://pi.lib.uchicago.edu/1001/org/ochre/36e54da3-26fd-0b03-346b-9d49462fab9e</a>",Fieldbooks from excavation: 1985-2016,Leon Levy Expedition to Ashkelon Dataset: Fieldbooks
50.59 1993 Fieldbook.pdf,"OCHRE link(s): <a href=""https://pi.lib.uchicago.edu/1001/org/ochre/ba646b84-80a8-a61e-8ae7-4389be54269f"">https://pi.lib.uchicago.edu/1001/org/ochre/ba646b84-80a8-a61e-8ae7-4389be54269f</a>",Fieldbooks from excavation: 1985-2016,Leon Levy Expedition to Ashkelon Dataset: Fieldbooks
50.59 1996 Fieldbook.pdf,"OCHRE link(s): <a href=""https://pi.lib.uchicago.edu/1001/org/ochre/807bf053-ff85-a75c-4b20-ee9c24cf3ae2"">https://pi.lib.uchicago.edu/1001/org/ochre/807bf053-ff85-a75c-4b20-ee9c24cf3ae2</a>",Fieldbooks from excavation: 1985-2016,Leon Levy Expedition to Ashkelon Dataset: Fieldbooks
50.59 1997 Fieldbook.pdf,"OCHRE link(s): <a href=""https://pi.lib.uchicago.edu/1001/org/ochre/1f24a48e-b46f-5186-d1db-9d5e05c3fac7"">https://pi.lib.uchicago.edu/1001/org/ochre/1f24a48e-b46f-5186-d1db-9d5e05c3fac7</a>",Fieldbooks from excavation: 1985-2016,Leon Levy Expedition to Ashkelon Dataset: Fieldbooks
50.59 1998 Fieldbook.pdf,"OCHRE link(s): <a href=""https://pi.lib.uchicago.edu/1001/org/ochre/3297b74b-009f-9e05-218e-a0c52c777dd5"">https://pi.lib.uchicago.edu/1001/org/ochre/3297b74b-009f-9e05-218e-a0c52c777dd5</a>",Fieldbooks from excavation: 1985-2016,Leon Levy Expedition to Ashkelon Dataset: Fieldbooks
50.59 1999 Fieldbook.pdf,"OCHRE link(s): <a href=""https://pi.lib.uchicago.edu/1001/org/ochre/f85b6a19-d95e-b33e-dcbe-44099786c110"">https://pi.lib.uchicago.edu/1001/org/ochre/f85b6a19-d95e-b33e-dcbe-44099786c110</a>",Fieldbooks from excavation: 1985-2016,Leon Levy Expedition to Ashkelon Dataset: Fieldbooks
50.59 2000 Fieldbook.pdf,"OCHRE link(s): <a href=""https://pi.lib.uchicago.edu/1001/org/ochre/f8676224-211f-1be3-f23e-cc352b8a3b6f"">https://pi.lib.uchicago.edu/1001/org/ochre/f8676224-211f-1be3-f23e-cc352b8a3b6f</a>",Fieldbooks from excavation: 1985-2016,Leon Levy Expedition to Ashkelon Dataset: Fieldbooks
"50.66,67 1995 Fieldbook.pdf","OCHRE link(s): <a href=""https://pi.lib.uchicago.edu/1001/org/ochre/5d287a75-e1ab-9b20-daf5-a78126debeea"">https://pi.lib.uchicago.edu/1001/org/ochre/5d287a75-e1ab-9b20-daf5-a78126debeea</a>; <a href=""https://pi.lib.uchicago.edu/1001/org/ochre/a0794190-694b-ad29-c52a-99458c512fc3"">https://pi.lib.uchicago.edu/1001/org/ochre/a0794190-694b-ad29-c52a-99458c512fc3</a>",Fieldbooks from excavation: 1985-2016,Leon Levy Expedition to Ashkelon Dataset: Fieldbooks
50.67 1997 Fieldbook.pdf,"OCHRE link(s): <a href=""https://pi.lib.uchicago.edu/1001/org/ochre/3480f16c-3cb8-42ee-9131-21b5f9a1466c"">https://pi.lib.uchicago.edu/1001/org/ochre/3480f16c-3cb8-42ee-9131-21b5f9a1466c</a>",Fieldbooks from excavation: 1985-2016,Leon Levy Expedition to Ashkelon Dataset: Fieldbooks
50.67 1998 Fieldbook.pdf,"OCHRE link(s): <a href=""https://pi.lib.uchicago.edu/1001/org/ochre/4fe9d09e-c5a4-8bb4-0d8d-b34cf0bd08a2"">https://pi.lib.uchicago.edu/1001/org/ochre/4fe9d09e-c5a4-8bb4-0d8d-b34cf0bd08a2</a>",Fieldbooks from excavation: 1985-2016,Leon Levy Expedition to Ashkelon Dataset: Fieldbooks
50.67 1999 Fieldbook.pdf,"OCHRE link(s): <a href=""https://pi.lib.uchicago.edu/1001/org/ochre/17b8f3b7-12ca-16c7-6e4e-7d0e7f3922ae"">https://pi.lib.uchicago.edu/1001/org/ochre/17b8f3b7-12ca-16c7-6e4e-7d0e7f3922ae</a>",Fieldbooks from excavation: 1985-2016,Leon Levy Expedition to Ashkelon Dataset: Fieldbooks
50.67 2000 Fieldbook.pdf,"OCHRE link(s): <a href=""https://pi.lib.uchicago.edu/1001/org/ochre/e4ab5b91-5971-6111-f5e0-19c851029408"">https://pi.lib.uchicago.edu/1001/org/ochre/e4ab5b91-5971-6111-f5e0-19c851029408</a>",Fieldbooks from excavation: 1985-2016,Leon Levy Expedition to Ashkelon Dataset: Fieldbooks
50.68 1995 Fieldbook.pdf,"OCHRE link(s): <a href=""https://pi.lib.uchicago.edu/1001/org/ochre/89cb980f-0fa2-ece1-8bf3-c431446fd1e7"">https://pi.lib.uchicago.edu/1001/org/ochre/89cb980f-0fa2-ece1-8bf3-c431446fd1e7</a>",Fieldbooks from excavation: 1985-2016,Leon Levy Expedition to Ashkelon Dataset: Fieldbooks
51.73 1997 Fieldbook.pdf,"OCHRE link(s): <a href=""https://pi.lib.uchicago.edu/1001/org/ochre/8e67d795-207b-d596-49b1-82506c9ca670"">https://pi.lib.uchicago.edu/1001/org/ochre/8e67d795-207b-d596-49b1-82506c9ca670</a>",Fieldbooks from excavation: 1985-2016,Leon Levy Expedition to Ashkelon Dataset: Fieldbooks
51.73 1998 Fieldbook.pdf,"OCHRE link(s): <a href=""https://pi.lib.uchicago.edu/1001/org/ochre/709bb8e5-a60b-6b53-fb26-dc1b6a77b0fb"">https://pi.lib.uchicago.edu/1001/org/ochre/709bb8e5-a60b-6b53-fb26-dc1b6a77b0fb</a>",Fieldbooks from excavation: 1985-2016,Leon Levy Expedition to Ashkelon Dataset: Fieldbooks
51.73 1999 Fieldbook.pdf,"OCHRE link(s): <a href=""https://pi.lib.uchicago.edu/1001/org/ochre/309c0409-a572-5433-eee8-aaf00caabec9"">https://pi.lib.uchicago.edu/1001/org/ochre/309c0409-a572-5433-eee8-aaf00caabec9</a>",Fieldbooks from excavation: 1985-2016,Leon Levy Expedition to Ashkelon Dataset: Fieldbooks
51.73 2000 Fieldbook.pdf,"OCHRE link(s): <a href=""https://pi.lib.uchicago.edu/1001/org/ochre/e7b0d8cb-ed0b-d912-045a-86a2b2d53947"">https://pi.lib.uchicago.edu/1001/org/ochre/e7b0d8cb-ed0b-d912-045a-86a2b2d53947</a>",Fieldbooks from excavation: 1985-2016,Leon Levy Expedition to Ashkelon Dataset: Fieldbooks
51.74 1997 Fieldbook.pdf,"OCHRE link(s): <a href=""https://pi.lib.uchicago.edu/1001/org/ochre/a3815084-e8a0-ebe6-fa12-506e9cfee68e"">https://pi.lib.uchicago.edu/1001/org/ochre/a3815084-e8a0-ebe6-fa12-506e9cfee68e</a>",Fieldbooks from excavation: 1985-2016,Leon Levy Expedition to Ashkelon Dataset: Fieldbooks
51.74 1998 Fieldbook.pdf,"OCHRE link(s): <a href=""https://pi.lib.uchicago.edu/1001/org/ochre/09e83887-1873-b097-d906-0e6ca1d63e01"">https://pi.lib.uchicago.edu/1001/org/ochre/09e83887-1873-b097-d906-0e6ca1d63e01</a>",Fieldbooks from excavation: 1985-2016,Leon Levy Expedition to Ashkelon Dataset: Fieldbooks
51.74 1999 Fieldbook.pdf,"OCHRE link(s): <a href=""https://pi.lib.uchicago.edu/1001/org/ochre/1eb26717-2bde-7434-e36d-302ec8267474"">https://pi.lib.uchicago.edu/1001/org/ochre/1eb26717-2bde-7434-e36d-302ec8267474</a>",Fieldbooks from excavation: 1985-2016,Leon Levy Expedition to Ashkelon Dataset: Fieldbooks
51.74 2000 Fieldbook.pdf,"OCHRE link(s): <a href=""https://pi.lib.uchicago.edu/1001/org/ochre/50b3b540-a23b-7baf-17b9-a4d8d452c6c3"">https://pi.lib.uchicago.edu/1001/org/ochre/50b3b540-a23b-7baf-17b9-a4d8d452c6c3</a>",Fieldbooks from excavation: 1985-2016,Leon Levy Expedition to Ashkelon Dataset: Fieldbooks
57.58 1986 Fieldbook.pdf,"OCHRE link(s): <a href=""https://pi.lib.uchicago.edu/1001/org/ochre/0e98b73b-9007-4fc3-b463-2d48cf22bebe"">https://pi.lib.uchicago.edu/1001/org/ochre/0e98b73b-9007-4fc3-b463-2d48cf22bebe</a>",Fieldbooks from excavation: 1985-2016,Leon Levy Expedition to Ashkelon Dataset: Fieldbooks
57.58 1987 Fieldbook.pdf,"OCHRE link(s): <a href=""https://pi.lib.uchicago.edu/1001/org/ochre/24e536a5-a325-4930-ad0d-a891e4e2e7c4"">https://pi.lib.uchicago.edu/1001/org/ochre/24e536a5-a325-4930-ad0d-a891e4e2e7c4</a>",Fieldbooks from excavation: 1985-2016,Leon Levy Expedition to Ashkelon Dataset: Fieldbooks
57.58 1988 Fieldbook.pdf,"OCHRE link(s): <a href=""https://pi.lib.uchicago.edu/1001/org/ochre/04f5f913-8024-47fe-9643-546fd646981a"">https://pi.lib.uchicago.edu/1001/org/ochre/04f5f913-8024-47fe-9643-546fd646981a</a>",Fieldbooks from excavation: 1985-2016,Leon Levy Expedition to Ashkelon Dataset: Fieldbooks
57.58 1989 Fieldbook.pdf,"OCHRE link(s): <a href=""https://pi.lib.uchicago.edu/1001/org/ochre/ed95b10c-f29a-a57d-e72e-f3b7361f5f6f"">https://pi.lib.uchicago.edu/1001/org/ochre/ed95b10c-f29a-a57d-e72e-f3b7361f5f6f</a>",Fieldbooks from excavation: 1985-2016,Leon Levy Expedition to Ashkelon Dataset: Fieldbooks
57.58 1990 Fieldbook.pdf,"OCHRE link(s): <a href=""https://pi.lib.uchicago.edu/1001/org/ochre/c38b9f6d-8468-65fb-15ce-50fd9797be3a"">https://pi.lib.uchicago.edu/1001/org/ochre/c38b9f6d-8468-65fb-15ce-50fd9797be3a</a>",Fieldbooks from excavation: 1985-2016,Leon Levy Expedition to Ashkelon Dataset: Fieldbooks
"57.58,68 1986 Fieldbook photos.pdf","OCHRE link(s): <a href=""https://pi.lib.uchicago.edu/1001/org/ochre/bba8ff52-2b6c-d6d6-71f4-1c57e08eef2e"">https://pi.lib.uchicago.edu/1001/org/ochre/bba8ff52-2b6c-d6d6-71f4-1c57e08eef2e</a>; <a href=""https://pi.lib.uchicago.edu/1001/org/ochre/9a1a3595-4afe-7a6f-aeba-9a967b5b34b9"">https://pi.lib.uchicago.edu/1001/org/ochre/9a1a3595-4afe-7a6f-aeba-9a967b5b34b9</a>",Fieldbooks from excavation: 1985-2016,Leon Levy Expedition to Ashkelon Dataset: Fieldbooks
57.65 1991 Fieldbook.pdf,"OCHRE link(s): <a href=""https://pi.lib.uchicago.edu/1001/org/ochre/907201c2-a147-7bda-4e6b-79db08fd4704"">https://pi.lib.uchicago.edu/1001/org/ochre/907201c2-a147-7bda-4e6b-79db08fd4704</a>",Fieldbooks from excavation: 1985-2016,Leon Levy Expedition to Ashkelon Dataset: Fieldbooks
57.65 1992 Fieldbook.pdf,"OCHRE link(s): <a href=""https://pi.lib.uchicago.edu/1001/org/ochre/00e9f705-8fb8-4ef7-a7f8-cb4e042ef62e"">https://pi.lib.uchicago.edu/1001/org/ochre/00e9f705-8fb8-4ef7-a7f8-cb4e042ef62e</a>",Fieldbooks from excavation: 1985-2016,Leon Levy Expedition to Ashkelon Dataset: Fieldbooks
57.68 1986 Fieldbook.pdf,"OCHRE link(s): <a href=""https://pi.lib.uchicago.edu/1001/org/ochre/87a87210-d417-457f-a054-1e88aa3f4aa1"">https://pi.lib.uchicago.edu/1001/org/ochre/87a87210-d417-457f-a054-1e88aa3f4aa1</a>",Fieldbooks from excavation: 1985-2016,Leon Levy Expedition to Ashkelon Dataset: Fieldbooks
57.68 1987 Fieldbook.pdf,"OCHRE link(s): <a href=""https://pi.lib.uchicago.edu/1001/org/ochre/651603a1-38ad-441e-9c3d-6ca24d930d24"">https://pi.lib.uchicago.edu/1001/org/ochre/651603a1-38ad-441e-9c3d-6ca24d930d24</a>",Fieldbooks from excavation: 1985-2016,Leon Levy Expedition to Ashkelon Dataset: Fieldbooks
57.68 1988 Fieldbook.pdf,"OCHRE link(s): <a href=""https://pi.lib.uchicago.edu/1001/org/ochre/755c5b76-5059-4dce-bfca-cb1653870bc9"">https://pi.lib.uchicago.edu/1001/org/ochre/755c5b76-5059-4dce-bfca-cb1653870bc9</a>",Fieldbooks from excavation: 1985-2016,Leon Levy Expedition to Ashkelon Dataset: Fieldbooks
57.68 1989 Fieldbook.pdf,"OCHRE link(s): <a href=""https://pi.lib.uchicago.edu/1001/org/ochre/7bc233e9-f3e5-a1bc-c4fe-1e86976f019d"">https://pi.lib.uchicago.edu/1001/org/ochre/7bc233e9-f3e5-a1bc-c4fe-1e86976f019d</a>",Fieldbooks from excavation: 1985-2016,Leon Levy Expedition to Ashkelon Dataset: Fieldbooks
57.68 1990 Fieldbook (North).pdf,"OCHRE link(s): <a href=""https://pi.lib.uchicago.edu/1001/org/ochre/866851b4-1cc2-98e3-25cc-cb643a24bcdf"">https://pi.lib.uchicago.edu/1001/org/ochre/866851b4-1cc2-98e3-25cc-cb643a24bcdf</a>",Fieldbooks from excavation: 1985-2016,Leon Levy Expedition to Ashkelon Dataset: Fieldbooks
57.68 1990 Fieldbook (South).pdf,"OCHRE link(s): <a href=""https://pi.lib.uchicago.edu/1001/org/ochre/8955f90a-8348-83c5-2340-c8948eedefea"">https://pi.lib.uchicago.edu/1001/org/ochre/8955f90a-8348-83c5-2340-c8948eedefea</a>",Fieldbooks from excavation: 1985-2016,Leon Levy Expedition to Ashkelon Dataset: Fieldbooks
57.68 1991 Fieldbook.pdf,"OCHRE link(s): <a href=""https://pi.lib.uchicago.edu/1001/org/ochre/366f3864-e58a-e5ff-689a-7bdd98e4bc9f"">https://pi.lib.uchicago.edu/1001/org/ochre/366f3864-e58a-e5ff-689a-7bdd98e4bc9f</a>",Fieldbooks from excavation: 1985-2016,Leon Levy Expedition to Ashkelon Dataset: Fieldbooks
64.87 1987 Fieldbook.pdf,"OCHRE link(s): <a href=""https://pi.lib.uchicago.edu/1001/org/ochre/b1274ff9-5e28-4bed-a438-2c4ecc498ef7"">https://pi.lib.uchicago.edu/1001/org/ochre/b1274ff9-5e28-4bed-a438-2c4ecc498ef7</a>",Fieldbooks from excavation: 1985-2016,Leon Levy Expedition to Ashkelon Dataset: Fieldbooks
"64.87, 71.25 1988 Fieldbook.pdf","OCHRE link(s): <a href=""https://pi.lib.uchicago.edu/1001/org/ochre/5e8315ff-8f95-4546-a54d-df8ccdda7516"">https://pi.lib.uchicago.edu/1001/org/ochre/5e8315ff-8f95-4546-a54d-df8ccdda7516</a>",Fieldbooks from excavation: 1985-2016,Leon Levy Expedition to Ashkelon Dataset: Fieldbooks
71 1987 Fieldbook.pdf,"OCHRE link(s): <a href=""https://pi.lib.uchicago.edu/1001/org/ochre/6d62aa8b-1ecc-4a4f-ae54-c90f1b60f249"">https://pi.lib.uchicago.edu/1001/org/ochre/6d62aa8b-1ecc-4a4f-ae54-c90f1b60f249</a>",Fieldbooks from excavation: 1985-2016,Leon Levy Expedition to Ashkelon Dataset: Fieldbooks
Master Registry vol. 01 (1985).pdf,"OCHRE Link:<a href=""https://pi.lib.uchicago.edu/1001/org/ochre/fecb3b66-249f-f741-c3cf-560f9b4e186e"">https://pi.lib.uchicago.edu/1001/org/ochre/fecb3b66-249f-f741-c3cf-560f9b4e186e</a>",Matieral culture registry files from excavation: 1985-2016,Leon Levy Expedition to Ashkelon Dataset: Material Culture Registry
Master Registry vol. 02 (1985).pdf,"OCHRE Link:<a href=""https://pi.lib.uchicago.edu/1001/org/ochre/9ec14b07-3cc3-e07d-d4fa-44e7d74c877a"">https://pi.lib.uchicago.edu/1001/org/ochre/9ec14b07-3cc3-e07d-d4fa-44e7d74c877a</a>",Matieral culture registry files from excavation: 1985-2016,Leon Levy Expedition to Ashkelon Dataset: Material Culture Registry
Master Registry vol. 03 (1985).pdf,"OCHRE Link:<a href=""https://pi.lib.uchicago.edu/1001/org/ochre/72bcc5ce-86df-2d73-848a-eabc07dc3091"">https://pi.lib.uchicago.edu/1001/org/ochre/72bcc5ce-86df-2d73-848a-eabc07dc3091</a>",Matieral culture registry files from excavation: 1985-2016,Leon Levy Expedition to Ashkelon Dataset: Material Culture Registry
Master Registry vol. 04 (1985).pdf,"OCHRE Link:<a href=""https://pi.lib.uchicago.edu/1001/org/ochre/4f37d4a4-2d6e-3571-8272-6908599127e4"">https://pi.lib.uchicago.edu/1001/org/ochre/4f37d4a4-2d6e-3571-8272-6908599127e4</a>",Matieral culture registry files from excavation: 1985-2016,Leon Levy Expedition to Ashkelon Dataset: Material Culture Registry
Master Registry vol. 05 (1986).pdf,"OCHRE Link:<a href=""https://pi.lib.uchicago.edu/1001/org/ochre/19af27c8-0016-f507-37a9-587e5c50e585"">https://pi.lib.uchicago.edu/1001/org/ochre/19af27c8-0016-f507-37a9-587e5c50e585</a>",Matieral culture registry files from excavation: 1985-2016,Leon Levy Expedition to Ashkelon Dataset: Material Culture Registry
Master Registry vol. 06 (1986).pdf,"OCHRE Link:<a href=""https://pi.lib.uchicago.edu/1001/org/ochre/a8a4cf82-5bae-a2d7-87f7-29086cb0325a"">https://pi.lib.uchicago.edu/1001/org/ochre/a8a4cf82-5bae-a2d7-87f7-29086cb0325a</a>",Matieral culture registry files from excavation: 1985-2016,Leon Levy Expedition to Ashkelon Dataset: Material Culture Registry
Master Registry vol. 07 (1987).pdf,"OCHRE Link:<a href=""https://pi.lib.uchicago.edu/1001/org/ochre/e3a454e0-7db5-0f9b-ef2a-7ca25f3dbf56"">https://pi.lib.uchicago.edu/1001/org/ochre/e3a454e0-7db5-0f9b-ef2a-7ca25f3dbf56</a>",Matieral culture registry files from excavation: 1985-2016,Leon Levy Expedition to Ashkelon Dataset: Material Culture Registry
Master Registry vol. 09 (1987).pdf,"OCHRE Link:<a href=""https://pi.lib.uchicago.edu/1001/org/ochre/267fc9ff-9a0b-6967-bea8-cb8aad5b6d0b"">https://pi.lib.uchicago.edu/1001/org/ochre/267fc9ff-9a0b-6967-bea8-cb8aad5b6d0b</a>",Matieral culture registry files from excavation: 1985-2016,Leon Levy Expedition to Ashkelon Dataset: Material Culture Registry
Master Registry vol. 10 (1988).pdf,"OCHRE Link:<a href=""https://pi.lib.uchicago.edu/1001/org/ochre/4aa4441f-77c3-cd41-3585-4b3a02f794be"">https://pi.lib.uchicago.edu/1001/org/ochre/4aa4441f-77c3-cd41-3585-4b3a02f794be</a>",Matieral culture registry files from excavation: 1985-2016,Leon Levy Expedition to Ashkelon Dataset: Material Culture Registry
Master Registry vol. 11 (1988).pdf,"OCHRE Link:<a href=""https://pi.lib.uchicago.edu/1001/org/ochre/9e7c2801-13ac-fbdd-f496-0bd29814d189"">https://pi.lib.uchicago.edu/1001/org/ochre/9e7c2801-13ac-fbdd-f496-0bd29814d189</a>",Matieral culture registry files from excavation: 1985-2016,Leon Levy Expedition to Ashkelon Dataset: Material Culture Registry
Master Registry vol. 11a (1988).pdf,"OCHRE Link:<a href=""https://pi.lib.uchicago.edu/1001/org/ochre/b0e30033-c597-e21f-9e30-97fbaa591ca4"">https://pi.lib.uchicago.edu/1001/org/ochre/b0e30033-c597-e21f-9e30-97fbaa591ca4</a>",Matieral culture registry files from excavation: 1985-2016,Leon Levy Expedition to Ashkelon Dataset: Material Culture Registry
Master Registry vol. 12 (1989).pdf,"OCHRE Link:<a href=""https://pi.lib.uchicago.edu/1001/org/ochre/d4c9f23c-12cd-dc1b-6c4f-ef3556530203"">https://pi.lib.uchicago.edu/1001/org/ochre/d4c9f23c-12cd-dc1b-6c4f-ef3556530203</a>",Matieral culture registry files from excavation: 1985-2016,Leon Levy Expedition to Ashkelon Dataset: Material Culture Registry
Master Registry vol. 13 (1989).pdf,"OCHRE Link:<a href=""https://pi.lib.uchicago.edu/1001/org/ochre/6c54fbc1-3633-8d23-f5b5-e77f4ff5c87a"">https://pi.lib.uchicago.edu/1001/org/ochre/6c54fbc1-3633-8d23-f5b5-e77f4ff5c87a</a>",Matieral culture registry files from excavation: 1985-2016,Leon Levy Expedition to Ashkelon Dataset: Material Culture Registry
Master Registry vol. 14 (1989).pdf,"OCHRE Link:<a href=""https://pi.lib.uchicago.edu/1001/org/ochre/c23d2da3-8a30-463e-7b04-33bda3567f94"">https://pi.lib.uchicago.edu/1001/org/ochre/c23d2da3-8a30-463e-7b04-33bda3567f94</a>",Matieral culture registry files from excavation: 1985-2016,Leon Levy Expedition to Ashkelon Dataset: Material Culture Registry
Master Registry vol. 15 (1990).pdf,"OCHRE Link:<a href=""https://pi.lib.uchicago.edu/1001/org/ochre/78714fd8-bfef-f39c-291b-fe525623412f"">https://pi.lib.uchicago.edu/1001/org/ochre/78714fd8-bfef-f39c-291b-fe525623412f</a>",Matieral culture registry files from excavation: 1985-2016,Leon Levy Expedition to Ashkelon Dataset: Material Culture Registry
Master Registry vol. 16 (1990).pdf,"OCHRE Link:<a href=""https://pi.lib.uchicago.edu/1001/org/ochre/acd47ec8-f86b-24fb-b332-b5ca671942c6"">https://pi.lib.uchicago.edu/1001/org/ochre/acd47ec8-f86b-24fb-b332-b5ca671942c6</a>",Matieral culture registry files from excavation: 1985-2016,Leon Levy Expedition to Ashkelon Dataset: Material Culture Registry
Master Registry vol. 17 (1990).pdf,"OCHRE Link:<a href=""https://pi.lib.uchicago.edu/1001/org/ochre/a0f0dc7b-5416-3ff0-ef05-a5f76696135d"">https://pi.lib.uchicago.edu/1001/org/ochre/a0f0dc7b-5416-3ff0-ef05-a5f76696135d</a>",Matieral culture registry files from excavation: 1985-2016,Leon Levy Expedition to Ashkelon Dataset: Material Culture Registry
Master Registry vol. 18 (1991).pdf,"OCHRE Link:<a href=""https://pi.lib.uchicago.edu/1001/org/ochre/1e2a4e89-08ab-a917-42d6-e2e8a5d1e75c"">https://pi.lib.uchicago.edu/1001/org/ochre/1e2a4e89-08ab-a917-42d6-e2e8a5d1e75c</a>",Matieral culture registry files from excavation: 1985-2016,Leon Levy Expedition to Ashkelon Dataset: Material Culture Registry
Master Registry vol. 19 (1991).pdf,"OCHRE Link:<a href=""https://pi.lib.uchicago.edu/1001/org/ochre/afd85471-eb59-ab2e-84f7-e05ecba85560"">https://pi.lib.uchicago.edu/1001/org/ochre/afd85471-eb59-ab2e-84f7-e05ecba85560</a>",Matieral culture registry files from excavation: 1985-2016,Leon Levy Expedition to Ashkelon Dataset: Material Culture Registry
Master Registry vol. 20 (1992).pdf,"OCHRE Link:<a href=""https://pi.lib.uchicago.edu/1001/org/ochre/1e1d3686-2553-58ec-b050-c24aefc5bc6e"">https://pi.lib.uchicago.edu/1001/org/ochre/1e1d3686-2553-58ec-b050-c24aefc5bc6e</a>",Matieral culture registry files from excavation: 1985-2016,Leon Levy Expedition to Ashkelon Dataset: Material Culture Registry
Master Registry vol. 21 (1992).pdf,"OCHRE Link:<a href=""https://pi.lib.uchicago.edu/1001/org/ochre/08855b87-cf08-d683-3eb0-a65a6e39aff0"">https://pi.lib.uchicago.edu/1001/org/ochre/08855b87-cf08-d683-3eb0-a65a6e39aff0</a>",Matieral culture registry files from excavation: 1985-2016,Leon Levy Expedition to Ashkelon Dataset: Material Culture Registry
Master Registry vol. 22 (1993).pdf,"OCHRE Link:<a href=""https://pi.lib.uchicago.edu/1001/org/ochre/b2135154-a625-1ce4-d795-3f41c5397232"">https://pi.lib.uchicago.edu/1001/org/ochre/b2135154-a625-1ce4-d795-3f41c5397232</a>",Matieral culture registry files from excavation: 1985-2016,Leon Levy Expedition to Ashkelon Dataset: Material Culture Registry
Master Registry vol. 23 (1993).pdf,"OCHRE Link:<a href=""https://pi.lib.uchicago.edu/1001/org/ochre/3890a6e7-e41e-1e90-1b05-2f171f2716c4"">https://pi.lib.uchicago.edu/1001/org/ochre/3890a6e7-e41e-1e90-1b05-2f171f2716c4</a>",Matieral culture registry files from excavation: 1985-2016,Leon Levy Expedition to Ashkelon Dataset: Material Culture Registry
Master Registry vol. 24 (1994).pdf,"OCHRE Link:<a href=""https://pi.lib.uchicago.edu/1001/org/ochre/72063cf0-d68a-5e56-6732-f003d11dc3de"">https://pi.lib.uchicago.edu/1001/org/ochre/72063cf0-d68a-5e56-6732-f003d11dc3de</a>",Matieral culture registry files from excavation: 1985-2016,Leon Levy Expedition to Ashkelon Dataset: Material Culture Registry
Master Registry vol. 25 (1995).pdf,"OCHRE Link:<a href=""https://pi.lib.uchicago.edu/1001/org/ochre/6b841de2-8544-7110-90a6-54bab9d86ec9"">https://pi.lib.uchicago.edu/1001/org/ochre/6b841de2-8544-7110-90a6-54bab9d86ec9</a>",Matieral culture registry files from excavation: 1985-2016,Leon Levy Expedition to Ashkelon Dataset: Material Culture Registry
Master Registry vol. 26 (1996).pdf,"OCHRE Link:<a href=""https://pi.lib.uchicago.edu/1001/org/ochre/cd857922-79de-b217-72d5-255e80d58c9e"">https://pi.lib.uchicago.edu/1001/org/ochre/cd857922-79de-b217-72d5-255e80d58c9e</a>",Matieral culture registry files from excavation: 1985-2016,Leon Levy Expedition to Ashkelon Dataset: Material Culture Registry
Master Registry vol. 27 (1996).pdf,"OCHRE Link:<a href=""https://pi.lib.uchicago.edu/1001/org/ochre/0ca7f4ad-c9a1-2677-f394-03d55085d3b7"">https://pi.lib.uchicago.edu/1001/org/ochre/0ca7f4ad-c9a1-2677-f394-03d55085d3b7</a>",Matieral culture registry files from excavation: 1985-2016,Leon Levy Expedition to Ashkelon Dataset: Material Culture Registry
Master Registry vol. 28 (1997).pdf,"OCHRE Link:<a href=""https://pi.lib.uchicago.edu/1001/org/ochre/57f22ea5-c7ea-1c2f-cead-5ed091335aa9"">https://pi.lib.uchicago.edu/1001/org/ochre/57f22ea5-c7ea-1c2f-cead-5ed091335aa9</a>",Matieral culture registry files from excavation: 1985-2016,Leon Levy Expedition to Ashkelon Dataset: Material Culture Registry
Master Registry vol. 29 (1997).pdf,"OCHRE Link:<a href=""https://pi.lib.uchicago.edu/1001/org/ochre/161f8435-af05-0e09-47a2-c545f8d04b25"">https://pi.lib.uchicago.edu/1001/org/ochre/161f8435-af05-0e09-47a2-c545f8d04b25</a>",Matieral culture registry files from excavation: 1985-2016,Leon Levy Expedition to Ashkelon Dataset: Material Culture Registry
Master Registry vol. 30 (1998).pdf,"OCHRE Link:<a href=""https://pi.lib.uchicago.edu/1001/org/ochre/303a8f4e-d0eb-77d4-7c25-76b1803e6801"">https://pi.lib.uchicago.edu/1001/org/ochre/303a8f4e-d0eb-77d4-7c25-76b1803e6801</a>",Matieral culture registry files from excavation: 1985-2016,Leon Levy Expedition to Ashkelon Dataset: Material Culture Registry
Master Registry vol. 31 (1998).pdf,"OCHRE Link:<a href=""https://pi.lib.uchicago.edu/1001/org/ochre/06a8a80f-9943-024d-ae92-3ba8d45ce87b"">https://pi.lib.uchicago.edu/1001/org/ochre/06a8a80f-9943-024d-ae92-3ba8d45ce87b</a>",Matieral culture registry files from excavation: 1985-2016,Leon Levy Expedition to Ashkelon Dataset: Material Culture Registry
Master Registry vol. 33 (1999).pdf,"OCHRE Link:<a href=""https://pi.lib.uchicago.edu/1001/org/ochre/d8d7f24d-dbb3-c0f8-0736-fe56168999aa"">https://pi.lib.uchicago.edu/1001/org/ochre/d8d7f24d-dbb3-c0f8-0736-fe56168999aa</a>",Matieral culture registry files from excavation: 1985-2016,Leon Levy Expedition to Ashkelon Dataset: Material Culture Registry
Master Registry vol. 34 (2000).pdf,"OCHRE Link:<a href=""https://pi.lib.uchicago.edu/1001/org/ochre/894e2c8a-47c8-6ec4-0733-64730ee7d1d5"">https://pi.lib.uchicago.edu/1001/org/ochre/894e2c8a-47c8-6ec4-0733-64730ee7d1d5</a>",Matieral culture registry files from excavation: 1985-2016,Leon Levy Expedition to Ashkelon Dataset: Material Culture Registry
Master Registry vol. 35 (2000).pdf,"OCHRE Link:<a href=""https://pi.lib.uchicago.edu/1001/org/ochre/cc659bbf-555a-e607-1cb1-be95fd80eb14"">https://pi.lib.uchicago.edu/1001/org/ochre/cc659bbf-555a-e607-1cb1-be95fd80eb14</a>",Matieral culture registry files from excavation: 1985-2016,Leon Levy Expedition to Ashkelon Dataset: Material Culture Registry
Master Registry vol. 36 (2000).pdf,"OCHRE Link:<a href=""https://pi.lib.uchicago.edu/1001/org/ochre/7fb31a11-5e58-76a0-50dd-8d228ce03636"">https://pi.lib.uchicago.edu/1001/org/ochre/7fb31a11-5e58-76a0-50dd-8d228ce03636</a>",Matieral culture registry files from excavation: 1985-2016,Leon Levy Expedition to Ashkelon Dataset: Material Culture Registry
Master Registry vol. 37 (2004).pdf,"OCHRE Link:<a href=""https://pi.lib.uchicago.edu/1001/org/ochre/3e87b711-adb5-4e93-b7f3-8ba19a2d8ebe"">https://pi.lib.uchicago.edu/1001/org/ochre/3e87b711-adb5-4e93-b7f3-8ba19a2d8ebe</a>",Matieral culture registry files from excavation: 1985-2016,Leon Levy Expedition to Ashkelon Dataset: Material Culture Registry
Metal Objects Catalogue.pdf,"OCHRE Link:<a href=""https://pi.lib.uchicago.edu/1001/org/ochre/d372a6bd-4af2-ede2-71b6-5bc73a63ee44"">https://pi.lib.uchicago.edu/1001/org/ochre/d372a6bd-4af2-ede2-71b6-5bc73a63ee44</a>",Matieral culture registry files from excavation: 1985-2016,Leon Levy Expedition to Ashkelon Dataset: Material Culture Registry
"1985 34, 41 Layers and Features.pdf","OCHRE Link: <a href=""https://pi.lib.uchicago.edu/1001/org/ochre/f5b303ba-96a2-6469-26cb-dc4c33dee638"">https://pi.lib.uchicago.edu/1001/org/ochre/f5b303ba-96a2-6469-26cb-dc4c33dee638</a>",Field reports from excavation: 1985-2016,Leon Levy Expedition to Ashkelon Dataset: Field Reports
"1985 34.97-99, 41.7-9 Stacey.pdf","OCHRE Link: <a href=""https://pi.lib.uchicago.edu/1001/org/ochre/215e3fba-66bd-7228-5954-c2628abb3b30"">https://pi.lib.uchicago.edu/1001/org/ochre/215e3fba-66bd-7228-5954-c2628abb3b30</a>",Field reports from excavation: 1985-2016,Leon Levy Expedition to Ashkelon Dataset: Field Reports
1985 38.53 Gorny.pdf,"OCHRE Link: <a href=""https://pi.lib.uchicago.edu/1001/org/ochre/b1568066-9a27-3824-3239-0ce0a7e9ecb5"">https://pi.lib.uchicago.edu/1001/org/ochre/b1568066-9a27-3824-3239-0ce0a7e9ecb5</a>",Field reports from excavation: 1985-2016,Leon Levy Expedition to Ashkelon Dataset: Field Reports
"1985 38.53, 54, 63, 64, 65 Esse.pdf","OCHRE Link: <a href=""https://pi.lib.uchicago.edu/1001/org/ochre/8b4fcaaa-9170-d765-9134-cc3ec5b0309a"">https://pi.lib.uchicago.edu/1001/org/ochre/8b4fcaaa-9170-d765-9134-cc3ec5b0309a</a>",Field reports from excavation: 1985-2016,Leon Levy Expedition to Ashkelon Dataset: Field Reports
1985 38.54 Halpern.pdf,"OCHRE Link: <a href=""https://pi.lib.uchicago.edu/1001/org/ochre/751bb096-cae7-0740-b71e-732496be5ba7"">https://pi.lib.uchicago.edu/1001/org/ochre/751bb096-cae7-0740-b71e-732496be5ba7</a>",Field reports from excavation: 1985-2016,Leon Levy Expedition to Ashkelon Dataset: Field Reports
"1985 38.63, 64.pdf","OCHRE Link: <a href=""https://pi.lib.uchicago.edu/1001/org/ochre/b8dac099-8681-0ed4-e36f-7e8256f19d15"">https://pi.lib.uchicago.edu/1001/org/ochre/b8dac099-8681-0ed4-e36f-7e8256f19d15</a>",Field reports from excavation: 1985-2016,Leon Levy Expedition to Ashkelon Dataset: Field Reports
1985 38U Interim Report.pdf,"OCHRE Link: <a href=""https://pi.lib.uchicago.edu/1001/org/ochre/10335506-0add-d336-cf53-46592b173d07"">https://pi.lib.uchicago.edu/1001/org/ochre/10335506-0add-d336-cf53-46592b173d07</a>",Field reports from excavation: 1985-2016,Leon Levy Expedition to Ashkelon Dataset: Field Reports
"1985 38U Stratigraphy, Wolff, Esse.pdf","OCHRE Link: <a href=""https://pi.lib.uchicago.edu/1001/org/ochre/1ab41f1d-fe2a-460a-7d32-5dc84782f5b2"">https://pi.lib.uchicago.edu/1001/org/ochre/1ab41f1d-fe2a-460a-7d32-5dc84782f5b2</a>",Field reports from excavation: 1985-2016,Leon Levy Expedition to Ashkelon Dataset: Field Reports
1985 38U Wolff.pdf,"OCHRE Link: <a href=""https://pi.lib.uchicago.edu/1001/org/ochre/958cfdc4-d584-1191-e9d3-75f52092448b"">https://pi.lib.uchicago.edu/1001/org/ochre/958cfdc4-d584-1191-e9d3-75f52092448b</a>",Field reports from excavation: 1985-2016,Leon Levy Expedition to Ashkelon Dataset: Field Reports
"1985 50 Esse, Alizadeh.pdf","OCHRE Link: <a href=""https://pi.lib.uchicago.edu/1001/org/ochre/7588a57e-ad88-8f8e-72a1-e53e1dd1fa54"">https://pi.lib.uchicago.edu/1001/org/ochre/7588a57e-ad88-8f8e-72a1-e53e1dd1fa54</a>",Field reports from excavation: 1985-2016,Leon Levy Expedition to Ashkelon Dataset: Field Reports
"1985 50 Interim, Alizadeh.pdf","OCHRE Link: <a href=""https://pi.lib.uchicago.edu/1001/org/ochre/23dc03cd-82e4-b6ed-2618-9080d0816a48"">https://pi.lib.uchicago.edu/1001/org/ochre/23dc03cd-82e4-b6ed-2618-9080d0816a48</a>",Field reports from excavation: 1985-2016,Leon Levy Expedition to Ashkelon Dataset: Field Reports
1985 50.58 Alizadeh.pdf,"OCHRE Link: <a href=""https://pi.lib.uchicago.edu/1001/org/ochre/e5238f8c-2156-8c4e-5481-fa3b8f63dd2d"">https://pi.lib.uchicago.edu/1001/org/ochre/e5238f8c-2156-8c4e-5481-fa3b8f63dd2d</a>",Field reports from excavation: 1985-2016,Leon Levy Expedition to Ashkelon Dataset: Field Reports
"1985 57.58, 68 Stratigraphy, Lass.pdf","OCHRE Link: <a href=""https://pi.lib.uchicago.edu/1001/org/ochre/96d058bf-a319-a40d-6c81-dcb6f1110ff9"">https://pi.lib.uchicago.edu/1001/org/ochre/96d058bf-a319-a40d-6c81-dcb6f1110ff9</a>",Field reports from excavation: 1985-2016,Leon Levy Expedition to Ashkelon Dataset: Field Reports
"1985 57.58, 68.pdf","OCHRE Link: <a href=""https://pi.lib.uchicago.edu/1001/org/ochre/a6925afc-446e-05c9-8378-208f41c61ad2"">https://pi.lib.uchicago.edu/1001/org/ochre/a6925afc-446e-05c9-8378-208f41c61ad2</a>",Field reports from excavation: 1985-2016,Leon Levy Expedition to Ashkelon Dataset: Field Reports
1986 22 Stacey.pdf,"OCHRE Link: <a href=""https://pi.lib.uchicago.edu/1001/org/ochre/bb8fbe86-5ed9-7328-9c24-1f85ad371273"">https://pi.lib.uchicago.edu/1001/org/ochre/bb8fbe86-5ed9-7328-9c24-1f85ad371273</a>",Field reports from excavation: 1985-2016,Leon Levy Expedition to Ashkelon Dataset: Field Reports
"1986 37.26, 36, 46 Elias.pdf","OCHRE Link: <a href=""https://pi.lib.uchicago.edu/1001/org/ochre/4dfddf28-6b2a-622b-6ea7-1cdcba40dc8f"">https://pi.lib.uchicago.edu/1001/org/ochre/4dfddf28-6b2a-622b-6ea7-1cdcba40dc8f</a>",Field reports from excavation: 1985-2016,Leon Levy Expedition to Ashkelon Dataset: Field Reports
"1986 38.83, 84 Logan.pdf","OCHRE Link: <a href=""https://pi.lib.uchicago.edu/1001/org/ochre/cb3c58ac-05fd-3a67-09cc-955e537da5cf"">https://pi.lib.uchicago.edu/1001/org/ochre/cb3c58ac-05fd-3a67-09cc-955e537da5cf</a>",Field reports from excavation: 1985-2016,Leon Levy Expedition to Ashkelon Dataset: Field Reports
1986 38L Bloch-Smith.pdf,"OCHRE Link: <a href=""https://pi.lib.uchicago.edu/1001/org/ochre/1e5f17bc-8ac8-7617-4550-08a21405b3db"">https://pi.lib.uchicago.edu/1001/org/ochre/1e5f17bc-8ac8-7617-4550-08a21405b3db</a>",Field reports from excavation: 1985-2016,Leon Levy Expedition to Ashkelon Dataset: Field Reports
1986 38U Voss.pdf,"OCHRE Link: <a href=""https://pi.lib.uchicago.edu/1001/org/ochre/8a0b549f-3a95-d418-5219-fca645bc8dc5"">https://pi.lib.uchicago.edu/1001/org/ochre/8a0b549f-3a95-d418-5219-fca645bc8dc5</a>",Field reports from excavation: 1985-2016,Leon Levy Expedition to Ashkelon Dataset: Field Reports
1986 41.L7 Stacey.pdf,"OCHRE Link: <a href=""https://pi.lib.uchicago.edu/1001/org/ochre/a1f2f000-db82-b920-2830-a19c8a190ad2"">https://pi.lib.uchicago.edu/1001/org/ochre/a1f2f000-db82-b920-2830-a19c8a190ad2</a>",Field reports from excavation: 1985-2016,Leon Levy Expedition to Ashkelon Dataset: Field Reports
1986 50.58 Alizadeh.pdf,"OCHRE Link: <a href=""https://pi.lib.uchicago.edu/1001/org/ochre/77329a6b-0faa-c6d8-7ee6-65af9fc0f963"">https://pi.lib.uchicago.edu/1001/org/ochre/77329a6b-0faa-c6d8-7ee6-65af9fc0f963</a>",Field reports from excavation: 1985-2016,Leon Levy Expedition to Ashkelon Dataset: Field Reports
"1986 50.58 Esse, Alizadeh.pdf","OCHRE Link: <a href=""https://pi.lib.uchicago.edu/1001/org/ochre/53bdf70f-a6c0-e884-eeac-33a04d0e8d0a"">https://pi.lib.uchicago.edu/1001/org/ochre/53bdf70f-a6c0-e884-eeac-33a04d0e8d0a</a>",Field reports from excavation: 1985-2016,Leon Levy Expedition to Ashkelon Dataset: Field Reports
"1986 50.59 Esse, Fredlund.pdf","OCHRE Link: <a href=""https://pi.lib.uchicago.edu/1001/org/ochre/185873f4-3214-fb7f-216d-24a7c1743ed7"">https://pi.lib.uchicago.edu/1001/org/ochre/185873f4-3214-fb7f-216d-24a7c1743ed7</a>",Field reports from excavation: 1985-2016,Leon Levy Expedition to Ashkelon Dataset: Field Reports
1986 50.59 Fredlund.pdf,"OCHRE Link: <a href=""https://pi.lib.uchicago.edu/1001/org/ochre/dd9bafe8-3f34-af9d-d6b2-6306e652c8b7"">https://pi.lib.uchicago.edu/1001/org/ochre/dd9bafe8-3f34-af9d-d6b2-6306e652c8b7</a>",Field reports from excavation: 1985-2016,Leon Levy Expedition to Ashkelon Dataset: Field Reports
1986 57.58 Griswold.pdf,"OCHRE Link: <a href=""https://pi.lib.uchicago.edu/1001/org/ochre/bb11816c-6122-9865-28f6-c5b351b8f714"">https://pi.lib.uchicago.edu/1001/org/ochre/bb11816c-6122-9865-28f6-c5b351b8f714</a>",Field reports from excavation: 1985-2016,Leon Levy Expedition to Ashkelon Dataset: Field Reports
"1986 57.58, 68 Lass.pdf","OCHRE Link: <a href=""https://pi.lib.uchicago.edu/1001/org/ochre/503ce8c8-59ec-ad6e-7bd2-76dc8fb44179"">https://pi.lib.uchicago.edu/1001/org/ochre/503ce8c8-59ec-ad6e-7bd2-76dc8fb44179</a>",Field reports from excavation: 1985-2016,Leon Levy Expedition to Ashkelon Dataset: Field Reports
1986 57.68 Brooks.pdf,"OCHRE Link: <a href=""https://pi.lib.uchicago.edu/1001/org/ochre/551b24be-cf6e-e624-9ce1-690a9c7f2636"">https://pi.lib.uchicago.edu/1001/org/ochre/551b24be-cf6e-e624-9ce1-690a9c7f2636</a>",Field reports from excavation: 1985-2016,Leon Levy Expedition to Ashkelon Dataset: Field Reports
1986 120 Stacey.pdf,"OCHRE Link: <a href=""https://pi.lib.uchicago.edu/1001/org/ochre/5a4e140e-05b1-2f0b-e4bc-e49de10607c6"">https://pi.lib.uchicago.edu/1001/org/ochre/5a4e140e-05b1-2f0b-e4bc-e49de10607c6</a>",Field reports from excavation: 1985-2016,Leon Levy Expedition to Ashkelon Dataset: Field Reports
1987 37 Elias.pdf,"OCHRE Link: <a href=""https://pi.lib.uchicago.edu/1001/org/ochre/efd0f6d6-6f1b-a383-77ba-99fa60b12c32"">https://pi.lib.uchicago.edu/1001/org/ochre/efd0f6d6-6f1b-a383-77ba-99fa60b12c32</a>",Field reports from excavation: 1985-2016,Leon Levy Expedition to Ashkelon Dataset: Field Reports
1987 38L Bloch-Smith.pdf,"OCHRE Link: <a href=""https://pi.lib.uchicago.edu/1001/org/ochre/f066a6f9-082d-5572-c663-a9f12ed0392f"">https://pi.lib.uchicago.edu/1001/org/ochre/f066a6f9-082d-5572-c663-a9f12ed0392f</a>",Field reports from excavation: 1985-2016,Leon Levy Expedition to Ashkelon Dataset: Field Reports
1987 38U Voss.pdf,"OCHRE Link: <a href=""https://pi.lib.uchicago.edu/1001/org/ochre/931f3a53-c757-4d5d-cd28-2c9524f7847c"">https://pi.lib.uchicago.edu/1001/org/ochre/931f3a53-c757-4d5d-cd28-2c9524f7847c</a>",Field reports from excavation: 1985-2016,Leon Levy Expedition to Ashkelon Dataset: Field Reports
1987 50 Esse.pdf,"OCHRE Link: <a href=""https://pi.lib.uchicago.edu/1001/org/ochre/9338a270-ee5a-1843-de0f-55d7faf79233"">https://pi.lib.uchicago.edu/1001/org/ochre/9338a270-ee5a-1843-de0f-55d7faf79233</a>",Field reports from excavation: 1985-2016,Leon Levy Expedition to Ashkelon Dataset: Field Reports
1987 50.48 Wolff.pdf,"OCHRE Link: <a href=""https://pi.lib.uchicago.edu/1001/org/ochre/3f700c90-f916-ca9c-40f6-3eb73b57db2a"">https://pi.lib.uchicago.edu/1001/org/ochre/3f700c90-f916-ca9c-40f6-3eb73b57db2a</a>",Field reports from excavation: 1985-2016,Leon Levy Expedition to Ashkelon Dataset: Field Reports
1987 50.49 Fredlund.pdf,"OCHRE Link: <a href=""https://pi.lib.uchicago.edu/1001/org/ochre/032e48ca-ea08-dd3e-a481-d10121999094"">https://pi.lib.uchicago.edu/1001/org/ochre/032e48ca-ea08-dd3e-a481-d10121999094</a>",Field reports from excavation: 1985-2016,Leon Levy Expedition to Ashkelon Dataset: Field Reports
1987 50.57 Alizadeh.pdf,"OCHRE Link: <a href=""https://pi.lib.uchicago.edu/1001/org/ochre/a5908cf1-9215-d944-a860-b098ae56de14"">https://pi.lib.uchicago.edu/1001/org/ochre/a5908cf1-9215-d944-a860-b098ae56de14</a>",Field reports from excavation: 1985-2016,Leon Levy Expedition to Ashkelon Dataset: Field Reports
1987 50.58 Alizadeh.pdf,"OCHRE Link: <a href=""https://pi.lib.uchicago.edu/1001/org/ochre/8f4a041a-de3c-7e6b-bff2-0094c609c583"">https://pi.lib.uchicago.edu/1001/org/ochre/8f4a041a-de3c-7e6b-bff2-0094c609c583</a>",Field reports from excavation: 1985-2016,Leon Levy Expedition to Ashkelon Dataset: Field Reports
"1987 57.58, 68 Lass.pdf","OCHRE Link: <a href=""https://pi.lib.uchicago.edu/1001/org/ochre/a85ca121-0d0b-22c3-34fa-8c69ed5a913d"">https://pi.lib.uchicago.edu/1001/org/ochre/a85ca121-0d0b-22c3-34fa-8c69ed5a913d</a>",Field reports from excavation: 1985-2016,Leon Levy Expedition to Ashkelon Dataset: Field Reports
1987 64.87 Stacey.pdf,"OCHRE Link: <a href=""https://pi.lib.uchicago.edu/1001/org/ochre/45a7dba6-529b-d32f-5b5c-87c977eb41c7"">https://pi.lib.uchicago.edu/1001/org/ochre/45a7dba6-529b-d32f-5b5c-87c977eb41c7</a>",Field reports from excavation: 1985-2016,Leon Levy Expedition to Ashkelon Dataset: Field Reports
1987 71 Stacey.pdf,"OCHRE Link: <a href=""https://pi.lib.uchicago.edu/1001/org/ochre/05e84ae0-545f-202b-d6db-8b2643ebbd1c"">https://pi.lib.uchicago.edu/1001/org/ochre/05e84ae0-545f-202b-d6db-8b2643ebbd1c</a>",Field reports from excavation: 1985-2016,Leon Levy Expedition to Ashkelon Dataset: Field Reports
"1988 1.28, 29, 37 Griswold.pdf","OCHRE Link: <a href=""https://pi.lib.uchicago.edu/1001/org/ochre/d1e533db-d1a4-b5c3-6c6a-6c3385ee83cd"">https://pi.lib.uchicago.edu/1001/org/ochre/d1e533db-d1a4-b5c3-6c6a-6c3385ee83cd</a>",Field reports from excavation: 1985-2016,Leon Levy Expedition to Ashkelon Dataset: Field Reports
"1988 2.62, 63, 101 Brown _v.2_.pdf","OCHRE Link: <a href=""https://pi.lib.uchicago.edu/1001/org/ochre/a9ccd76c-57ad-6700-47de-9785bd3d30c7"">https://pi.lib.uchicago.edu/1001/org/ochre/a9ccd76c-57ad-6700-47de-9785bd3d30c7</a>",Field reports from excavation: 1985-2016,Leon Levy Expedition to Ashkelon Dataset: Field Reports
"1988 2.62, 63, 101 Brown.pdf","OCHRE Link: <a href=""https://pi.lib.uchicago.edu/1001/org/ochre/1c2ba5c8-c163-7dcf-a436-7fe6286c639e"">https://pi.lib.uchicago.edu/1001/org/ochre/1c2ba5c8-c163-7dcf-a436-7fe6286c639e</a>",Field reports from excavation: 1985-2016,Leon Levy Expedition to Ashkelon Dataset: Field Reports
"1988 2.72, 73 Stacey.pdf","OCHRE Link: <a href=""https://pi.lib.uchicago.edu/1001/org/ochre/40d0f443-d787-22e0-a3ce-62eb839116fb"">https://pi.lib.uchicago.edu/1001/org/ochre/40d0f443-d787-22e0-a3ce-62eb839116fb</a>",Field reports from excavation: 1985-2016,Leon Levy Expedition to Ashkelon Dataset: Field Reports
1988 2.83 Layer & Feature List.pdf,"OCHRE Link: <a href=""https://pi.lib.uchicago.edu/1001/org/ochre/2ad97754-7a4a-4c9b-f7a7-f30b336ee6f8"">https://pi.lib.uchicago.edu/1001/org/ochre/2ad97754-7a4a-4c9b-f7a7-f30b336ee6f8</a>",Field reports from excavation: 1985-2016,Leon Levy Expedition to Ashkelon Dataset: Field Reports
"1988 2.83, 93 Redmount.pdf","OCHRE Link: <a href=""https://pi.lib.uchicago.edu/1001/org/ochre/19f42c7a-fc83-81b8-2f17-fb6f3d11fc9a"">https://pi.lib.uchicago.edu/1001/org/ochre/19f42c7a-fc83-81b8-2f17-fb6f3d11fc9a</a>",Field reports from excavation: 1985-2016,Leon Levy Expedition to Ashkelon Dataset: Field Reports
1988 38L Bloch-Smith.pdf,"OCHRE Link: <a href=""https://pi.lib.uchicago.edu/1001/org/ochre/c35b1870-fd01-920f-51dc-24c72d80dba6"">https://pi.lib.uchicago.edu/1001/org/ochre/c35b1870-fd01-920f-51dc-24c72d80dba6</a>",Field reports from excavation: 1985-2016,Leon Levy Expedition to Ashkelon Dataset: Field Reports
1988 38L Phases Bloch-Smith.pdf,"OCHRE Link: <a href=""https://pi.lib.uchicago.edu/1001/org/ochre/35b38db8-4e48-82cb-d94b-6946a0dadc67"">https://pi.lib.uchicago.edu/1001/org/ochre/35b38db8-4e48-82cb-d94b-6946a0dadc67</a>",Field reports from excavation: 1985-2016,Leon Levy Expedition to Ashkelon Dataset: Field Reports
1988 38U Voss.pdf,"OCHRE Link: <a href=""https://pi.lib.uchicago.edu/1001/org/ochre/874c379b-0a47-d9d5-e18f-001af243fe27"">https://pi.lib.uchicago.edu/1001/org/ochre/874c379b-0a47-d9d5-e18f-001af243fe27</a>",Field reports from excavation: 1985-2016,Leon Levy Expedition to Ashkelon Dataset: Field Reports
1988 50 Alizadeh.pdf,"OCHRE Link: <a href=""https://pi.lib.uchicago.edu/1001/org/ochre/92c9fe64-5916-0087-b69c-0e73a37f7341"">https://pi.lib.uchicago.edu/1001/org/ochre/92c9fe64-5916-0087-b69c-0e73a37f7341</a>",Field reports from excavation: 1985-2016,Leon Levy Expedition to Ashkelon Dataset: Field Reports
1988 50.48 Auerbach.pdf,"OCHRE Link: <a href=""https://pi.lib.uchicago.edu/1001/org/ochre/666d48de-8b54-f8a8-dbd4-133b72d57ff2"">https://pi.lib.uchicago.edu/1001/org/ochre/666d48de-8b54-f8a8-dbd4-133b72d57ff2</a>",Field reports from excavation: 1985-2016,Leon Levy Expedition to Ashkelon Dataset: Field Reports
1988 57.58 Lederman.pdf,"OCHRE Link: <a href=""https://pi.lib.uchicago.edu/1001/org/ochre/c9ba7b35-abc1-42d8-5e19-e95bdae5e49e"">https://pi.lib.uchicago.edu/1001/org/ochre/c9ba7b35-abc1-42d8-5e19-e95bdae5e49e</a>",Field reports from excavation: 1985-2016,Leon Levy Expedition to Ashkelon Dataset: Field Reports
"1988 57.58, 68 Lass.pdf","OCHRE Link: <a href=""https://pi.lib.uchicago.edu/1001/org/ochre/2ecc8ba1-2a79-760c-4501-c3476b78649e"">https://pi.lib.uchicago.edu/1001/org/ochre/2ecc8ba1-2a79-760c-4501-c3476b78649e</a>",Field reports from excavation: 1985-2016,Leon Levy Expedition to Ashkelon Dataset: Field Reports
1988 64.87 Voss.pdf,"OCHRE Link: <a href=""https://pi.lib.uchicago.edu/1001/org/ochre/d6759069-e912-621c-123b-add35baf80e4"">https://pi.lib.uchicago.edu/1001/org/ochre/d6759069-e912-621c-123b-add35baf80e4</a>",Field reports from excavation: 1985-2016,Leon Levy Expedition to Ashkelon Dataset: Field Reports
1988 Spring 50 Lass.pdf,"OCHRE Link: <a href=""https://pi.lib.uchicago.edu/1001/org/ochre/df21c23e-038f-9701-ddeb-0984fc9b52ee"">https://pi.lib.uchicago.edu/1001/org/ochre/df21c23e-038f-9701-ddeb-0984fc9b52ee</a>",Field reports from excavation: 1985-2016,Leon Levy Expedition to Ashkelon Dataset: Field Reports
"1989 1.28, 29 Griswold.pdf","OCHRE Link: <a href=""https://pi.lib.uchicago.edu/1001/org/ochre/82cf17a2-953b-4bc8-43e8-788d884b86a0"">https://pi.lib.uchicago.edu/1001/org/ochre/82cf17a2-953b-4bc8-43e8-788d884b86a0</a>",Field reports from excavation: 1985-2016,Leon Levy Expedition to Ashkelon Dataset: Field Reports
"1989 2.62, 63, 101 Sugerman.pdf","OCHRE Link: <a href=""https://pi.lib.uchicago.edu/1001/org/ochre/fc2ecd23-834b-49f0-6d2d-9dd76180f5ec"">https://pi.lib.uchicago.edu/1001/org/ochre/fc2ecd23-834b-49f0-6d2d-9dd76180f5ec</a>",Field reports from excavation: 1985-2016,Leon Levy Expedition to Ashkelon Dataset: Field Reports
1989 9.63 Lederman.pdf,"OCHRE Link: <a href=""https://pi.lib.uchicago.edu/1001/org/ochre/434790d7-ddea-d185-9458-d340b93747b2"">https://pi.lib.uchicago.edu/1001/org/ochre/434790d7-ddea-d185-9458-d340b93747b2</a>",Field reports from excavation: 1985-2016,Leon Levy Expedition to Ashkelon Dataset: Field Reports
1989 38L Bloch-Smith.pdf,"OCHRE Link: <a href=""https://pi.lib.uchicago.edu/1001/org/ochre/914e284f-7ee3-ff33-b3f3-163a90a9aea4"">https://pi.lib.uchicago.edu/1001/org/ochre/914e284f-7ee3-ff33-b3f3-163a90a9aea4</a>",Field reports from excavation: 1985-2016,Leon Levy Expedition to Ashkelon Dataset: Field Reports
1989 38U Voss.pdf,"OCHRE Link: <a href=""https://pi.lib.uchicago.edu/1001/org/ochre/dacb80ee-8037-0c33-c601-ab0a83386da2"">https://pi.lib.uchicago.edu/1001/org/ochre/dacb80ee-8037-0c33-c601-ab0a83386da2</a>",Field reports from excavation: 1985-2016,Leon Levy Expedition to Ashkelon Dataset: Field Reports
1989 50 Alizadeh.pdf,"OCHRE Link: <a href=""https://pi.lib.uchicago.edu/1001/org/ochre/89bbd9be-8bb7-24bd-9f74-eb615f654e50"">https://pi.lib.uchicago.edu/1001/org/ochre/89bbd9be-8bb7-24bd-9f74-eb615f654e50</a>",Field reports from excavation: 1985-2016,Leon Levy Expedition to Ashkelon Dataset: Field Reports
1989 57.58 Bocija.pdf,"OCHRE Link: <a href=""https://pi.lib.uchicago.edu/1001/org/ochre/8941fad0-ad0d-1db5-1cbe-3e6beea11261"">https://pi.lib.uchicago.edu/1001/org/ochre/8941fad0-ad0d-1db5-1cbe-3e6beea11261</a>",Field reports from excavation: 1985-2016,Leon Levy Expedition to Ashkelon Dataset: Field Reports
"1989 57.58, 68 Lass.pdf","OCHRE Link: <a href=""https://pi.lib.uchicago.edu/1001/org/ochre/5b1ff1f2-4bbd-d3f1-7c53-2d1128e301e1"">https://pi.lib.uchicago.edu/1001/org/ochre/5b1ff1f2-4bbd-d3f1-7c53-2d1128e301e1</a>",Field reports from excavation: 1985-2016,Leon Levy Expedition to Ashkelon Dataset: Field Reports
1989 57.68 Auerbach.pdf,"OCHRE Link: <a href=""https://pi.lib.uchicago.edu/1001/org/ochre/a8c33345-9995-28e9-5433-774befff7a22"">https://pi.lib.uchicago.edu/1001/org/ochre/a8c33345-9995-28e9-5433-774befff7a22</a>",Field reports from excavation: 1985-2016,Leon Levy Expedition to Ashkelon Dataset: Field Reports
"1990 1.28, 29 Tappy.pdf","OCHRE Link: <a href=""https://pi.lib.uchicago.edu/1001/org/ochre/8fc1327a-efcc-c15e-1741-1bc0b8f16ad5"">https://pi.lib.uchicago.edu/1001/org/ochre/8fc1327a-efcc-c15e-1741-1bc0b8f16ad5</a>",Field reports from excavation: 1985-2016,Leon Levy Expedition to Ashkelon Dataset: Field Reports
"1990 2.52, 53 Saidel.pdf","OCHRE Link: <a href=""https://pi.lib.uchicago.edu/1001/org/ochre/6b3fb8a7-031c-ab2e-890d-fa68bf8718f1"">https://pi.lib.uchicago.edu/1001/org/ochre/6b3fb8a7-031c-ab2e-890d-fa68bf8718f1</a>",Field reports from excavation: 1985-2016,Leon Levy Expedition to Ashkelon Dataset: Field Reports
"1990 2.65, 74, 75, 76, 85, 86 Johnson.pdf","OCHRE Link: <a href=""https://pi.lib.uchicago.edu/1001/org/ochre/1ad8efe5-db19-d2b0-c048-33437b60e390"">https://pi.lib.uchicago.edu/1001/org/ochre/1ad8efe5-db19-d2b0-c048-33437b60e390</a>",Field reports from excavation: 1985-2016,Leon Levy Expedition to Ashkelon Dataset: Field Reports
1990 2.101 Jorgensen.pdf,"OCHRE Link: <a href=""https://pi.lib.uchicago.edu/1001/org/ochre/4bd574a7-4fd8-f26d-c87e-51ff26195296"">https://pi.lib.uchicago.edu/1001/org/ochre/4bd574a7-4fd8-f26d-c87e-51ff26195296</a>",Field reports from excavation: 1985-2016,Leon Levy Expedition to Ashkelon Dataset: Field Reports
"1990 38.63, 64, 65 Lipovitch.pdf","OCHRE Link: <a href=""https://pi.lib.uchicago.edu/1001/org/ochre/0af10911-c6ee-e8f7-294c-d4b010468351"">https://pi.lib.uchicago.edu/1001/org/ochre/0af10911-c6ee-e8f7-294c-d4b010468351</a>",Field reports from excavation: 1985-2016,Leon Levy Expedition to Ashkelon Dataset: Field Reports
1990 38.74 Gantt.pdf,"OCHRE Link: <a href=""https://pi.lib.uchicago.edu/1001/org/ochre/321a1505-8bfa-582d-c00f-10e20876f176"">https://pi.lib.uchicago.edu/1001/org/ochre/321a1505-8bfa-582d-c00f-10e20876f176</a>",Field reports from excavation: 1985-2016,Leon Levy Expedition to Ashkelon Dataset: Field Reports
"1990 38.85, 95 Voss.pdf","OCHRE Link: <a href=""https://pi.lib.uchicago.edu/1001/org/ochre/c04ddb9c-7d64-5088-48d9-a73b3dd46f2d"">https://pi.lib.uchicago.edu/1001/org/ochre/c04ddb9c-7d64-5088-48d9-a73b3dd46f2d</a>",Field reports from excavation: 1985-2016,Leon Levy Expedition to Ashkelon Dataset: Field Reports
1990 38L Bloch-Smith.pdf,"OCHRE Link: <a href=""https://pi.lib.uchicago.edu/1001/org/ochre/f564c0c5-53a2-1f10-62c8-ffdf8fd21e28"">https://pi.lib.uchicago.edu/1001/org/ochre/f564c0c5-53a2-1f10-62c8-ffdf8fd21e28</a>",Field reports from excavation: 1985-2016,Leon Levy Expedition to Ashkelon Dataset: Field Reports
1990 38U Voss.pdf,"OCHRE Link: <a href=""https://pi.lib.uchicago.edu/1001/org/ochre/a2f089fd-6e37-d972-5c0e-7344f1deed7a"">https://pi.lib.uchicago.edu/1001/org/ochre/a2f089fd-6e37-d972-5c0e-7344f1deed7a</a>",Field reports from excavation: 1985-2016,Leon Levy Expedition to Ashkelon Dataset: Field Reports
1990 38U.74 Waldbaum.pdf,"OCHRE Link: <a href=""https://pi.lib.uchicago.edu/1001/org/ochre/3ecbda0f-e841-d588-fd38-5ad54796827a"">https://pi.lib.uchicago.edu/1001/org/ochre/3ecbda0f-e841-d588-fd38-5ad54796827a</a>",Field reports from excavation: 1985-2016,Leon Levy Expedition to Ashkelon Dataset: Field Reports
1990 50 Alizadeh.pdf,"OCHRE Link: <a href=""https://pi.lib.uchicago.edu/1001/org/ochre/79755929-9bca-dbf0-61a8-8f7174c7071d"">https://pi.lib.uchicago.edu/1001/org/ochre/79755929-9bca-dbf0-61a8-8f7174c7071d</a>",Field reports from excavation: 1985-2016,Leon Levy Expedition to Ashkelon Dataset: Field Reports
1990 50.48 Gerritsen.pdf,"OCHRE Link: <a href=""https://pi.lib.uchicago.edu/1001/org/ochre/487a2bf9-bfdc-e4c8-c4d2-295819636777"">https://pi.lib.uchicago.edu/1001/org/ochre/487a2bf9-bfdc-e4c8-c4d2-295819636777</a>",Field reports from excavation: 1985-2016,Leon Levy Expedition to Ashkelon Dataset: Field Reports
1990 50.58 _Spring_ Appleyard.pdf,"OCHRE Link: <a href=""https://pi.lib.uchicago.edu/1001/org/ochre/594ac8de-6a5f-2ac5-da03-1351458d1d9d"">https://pi.lib.uchicago.edu/1001/org/ochre/594ac8de-6a5f-2ac5-da03-1351458d1d9d</a>",Field reports from excavation: 1985-2016,Leon Levy Expedition to Ashkelon Dataset: Field Reports
1990 50.58 Fleming.pdf,"OCHRE Link: <a href=""https://pi.lib.uchicago.edu/1001/org/ochre/912409ea-a440-d57b-1843-d6abc662f3b0"">https://pi.lib.uchicago.edu/1001/org/ochre/912409ea-a440-d57b-1843-d6abc662f3b0</a>",Field reports from excavation: 1985-2016,Leon Levy Expedition to Ashkelon Dataset: Field Reports
1990 50.59 Fleming.pdf,"OCHRE Link: <a href=""https://pi.lib.uchicago.edu/1001/org/ochre/76677a93-fab6-c568-436b-f76a73d9cf55"">https://pi.lib.uchicago.edu/1001/org/ochre/76677a93-fab6-c568-436b-f76a73d9cf55</a>",Field reports from excavation: 1985-2016,Leon Levy Expedition to Ashkelon Dataset: Field Reports
1990 57.58 Schloen.pdf,"OCHRE Link: <a href=""https://pi.lib.uchicago.edu/1001/org/ochre/e6385e96-237f-1875-1525-6cfd940f8c17"">https://pi.lib.uchicago.edu/1001/org/ochre/e6385e96-237f-1875-1525-6cfd940f8c17</a>",Field reports from excavation: 1985-2016,Leon Levy Expedition to Ashkelon Dataset: Field Reports
"1990 57.58, 68 Lass.pdf","OCHRE Link: <a href=""https://pi.lib.uchicago.edu/1001/org/ochre/90146776-c7df-98bd-a60c-d90248796a5e"">https://pi.lib.uchicago.edu/1001/org/ochre/90146776-c7df-98bd-a60c-d90248796a5e</a>",Field reports from excavation: 1985-2016,Leon Levy Expedition to Ashkelon Dataset: Field Reports
1990 57.68 Choi.pdf,"OCHRE Link: <a href=""https://pi.lib.uchicago.edu/1001/org/ochre/9d7d46db-65c2-b6b1-a86e-267ad34aa82a"">https://pi.lib.uchicago.edu/1001/org/ochre/9d7d46db-65c2-b6b1-a86e-267ad34aa82a</a>",Field reports from excavation: 1985-2016,Leon Levy Expedition to Ashkelon Dataset: Field Reports
1990 57.68B Schloen.pdf,"OCHRE Link: <a href=""https://pi.lib.uchicago.edu/1001/org/ochre/8dc03ce6-6880-1fd2-8c05-7524f3d4db66"">https://pi.lib.uchicago.edu/1001/org/ochre/8dc03ce6-6880-1fd2-8c05-7524f3d4db66</a>",Field reports from excavation: 1985-2016,Leon Levy Expedition to Ashkelon Dataset: Field Reports
1990 Spring 50.48 Lass.pdf,"OCHRE Link: <a href=""https://pi.lib.uchicago.edu/1001/org/ochre/9d0ccc30-a49b-e09f-c17a-4885674e56a2"">https://pi.lib.uchicago.edu/1001/org/ochre/9d0ccc30-a49b-e09f-c17a-4885674e56a2</a>",Field reports from excavation: 1985-2016,Leon Levy Expedition to Ashkelon Dataset: Field Reports
1990 Spring 50.59 Alizadeh.pdf,"OCHRE Link: <a href=""https://pi.lib.uchicago.edu/1001/org/ochre/d4e7fc8c-f0f8-d481-ac0d-663007c8af5c"">https://pi.lib.uchicago.edu/1001/org/ochre/d4e7fc8c-f0f8-d481-ac0d-663007c8af5c</a>",Field reports from excavation: 1985-2016,Leon Levy Expedition to Ashkelon Dataset: Field Reports
"1991 9.3, 4 Griswold.pdf","OCHRE Link: <a href=""https://pi.lib.uchicago.edu/1001/org/ochre/6e95c6ff-13c9-dbb3-6c76-eae5861a7470"">https://pi.lib.uchicago.edu/1001/org/ochre/6e95c6ff-13c9-dbb3-6c76-eae5861a7470</a>",Field reports from excavation: 1985-2016,Leon Levy Expedition to Ashkelon Dataset: Field Reports
"1991 38.63, 64, 73 Choi.pdf","OCHRE Link: <a href=""https://pi.lib.uchicago.edu/1001/org/ochre/3b8c66e0-4357-1921-faf5-86a4eb6ed646"">https://pi.lib.uchicago.edu/1001/org/ochre/3b8c66e0-4357-1921-faf5-86a4eb6ed646</a>",Field reports from excavation: 1985-2016,Leon Levy Expedition to Ashkelon Dataset: Field Reports
1991 38.74 Waldbaum.pdf,"OCHRE Link: <a href=""https://pi.lib.uchicago.edu/1001/org/ochre/8b304aa0-63ec-89fb-81ed-f8075a244d48"">https://pi.lib.uchicago.edu/1001/org/ochre/8b304aa0-63ec-89fb-81ed-f8075a244d48</a>",Field reports from excavation: 1985-2016,Leon Levy Expedition to Ashkelon Dataset: Field Reports
"1991 38.93, 94 Monson, Jull.pdf","OCHRE Link: <a href=""https://pi.lib.uchicago.edu/1001/org/ochre/0c0fa411-e281-e264-e2e5-2c80d4e431d6"">https://pi.lib.uchicago.edu/1001/org/ochre/0c0fa411-e281-e264-e2e5-2c80d4e431d6</a>",Field reports from excavation: 1985-2016,Leon Levy Expedition to Ashkelon Dataset: Field Reports
1991 38U Lass.pdf,"OCHRE Link: <a href=""https://pi.lib.uchicago.edu/1001/org/ochre/560168cc-5630-22aa-2105-19cefd023c07"">https://pi.lib.uchicago.edu/1001/org/ochre/560168cc-5630-22aa-2105-19cefd023c07</a>",Field reports from excavation: 1985-2016,Leon Levy Expedition to Ashkelon Dataset: Field Reports
1991 50 Bloch-Smith.pdf,"OCHRE Link: <a href=""https://pi.lib.uchicago.edu/1001/org/ochre/cd650178-6629-1ad8-f2b0-100ad0367f35"">https://pi.lib.uchicago.edu/1001/org/ochre/cd650178-6629-1ad8-f2b0-100ad0367f35</a>",Field reports from excavation: 1985-2016,Leon Levy Expedition to Ashkelon Dataset: Field Reports
1991 50.47 Alsberg.pdf,"OCHRE Link: <a href=""https://pi.lib.uchicago.edu/1001/org/ochre/35ccb3cb-a093-b579-0a1d-f69a6b3d09a4"">https://pi.lib.uchicago.edu/1001/org/ochre/35ccb3cb-a093-b579-0a1d-f69a6b3d09a4</a>",Field reports from excavation: 1985-2016,Leon Levy Expedition to Ashkelon Dataset: Field Reports
1991 50.57 Appleyard.pdf,"OCHRE Link: <a href=""https://pi.lib.uchicago.edu/1001/org/ochre/ee4854c6-1159-cd93-e953-44912eaca481"">https://pi.lib.uchicago.edu/1001/org/ochre/ee4854c6-1159-cd93-e953-44912eaca481</a>",Field reports from excavation: 1985-2016,Leon Levy Expedition to Ashkelon Dataset: Field Reports
1991 50.58 Vanderhooft.pdf,"OCHRE Link: <a href=""https://pi.lib.uchicago.edu/1001/org/ochre/7114fb9c-d542-1a96-fc90-727dcacd8832"">https://pi.lib.uchicago.edu/1001/org/ochre/7114fb9c-d542-1a96-fc90-727dcacd8832</a>",Field reports from excavation: 1985-2016,Leon Levy Expedition to Ashkelon Dataset: Field Reports
1991 50.59 Sugerman.pdf,"OCHRE Link: <a href=""https://pi.lib.uchicago.edu/1001/org/ochre/daae2cb5-c466-a751-c8a2-d03dc06c9384"">https://pi.lib.uchicago.edu/1001/org/ochre/daae2cb5-c466-a751-c8a2-d03dc06c9384</a>",Field reports from excavation: 1985-2016,Leon Levy Expedition to Ashkelon Dataset: Field Reports
1991 57.68 Lass.pdf,"OCHRE Link: <a href=""https://pi.lib.uchicago.edu/1001/org/ochre/3f05b040-aba5-2cd0-e2ff-b4f717730984"">https://pi.lib.uchicago.edu/1001/org/ochre/3f05b040-aba5-2cd0-e2ff-b4f717730984</a>",Field reports from excavation: 1985-2016,Leon Levy Expedition to Ashkelon Dataset: Field Reports
1991 Spring 57.68 Lass.pdf,"OCHRE Link: <a href=""https://pi.lib.uchicago.edu/1001/org/ochre/718c719d-5db1-548e-5415-4cbb04905929"">https://pi.lib.uchicago.edu/1001/org/ochre/718c719d-5db1-548e-5415-4cbb04905929</a>",Field reports from excavation: 1985-2016,Leon Levy Expedition to Ashkelon Dataset: Field Reports
1992 2 & 9 Voss.pdf,"OCHRE Link: <a href=""https://pi.lib.uchicago.edu/1001/org/ochre/6d363fd4-957f-1694-660a-07fbe8417f03"">https://pi.lib.uchicago.edu/1001/org/ochre/6d363fd4-957f-1694-660a-07fbe8417f03</a>",Field reports from excavation: 1985-2016,Leon Levy Expedition to Ashkelon Dataset: Field Reports
"1992 2.33, 34, 35, 24, 25, 11, 12, 13, 14, 15 Tappy.pdf","OCHRE Link: <a href=""https://pi.lib.uchicago.edu/1001/org/ochre/accb15b3-bfe1-c8c6-55e0-f5cb8fc95d48"">https://pi.lib.uchicago.edu/1001/org/ochre/accb15b3-bfe1-c8c6-55e0-f5cb8fc95d48</a>",Field reports from excavation: 1985-2016,Leon Levy Expedition to Ashkelon Dataset: Field Reports
"1992 2.44, 45, 46, 54, 55, 65 Brody.pdf","OCHRE Link: <a href=""https://pi.lib.uchicago.edu/1001/org/ochre/46263ade-24c5-9d4d-a72e-87ec8b270bf2"">https://pi.lib.uchicago.edu/1001/org/ochre/46263ade-24c5-9d4d-a72e-87ec8b270bf2</a>",Field reports from excavation: 1985-2016,Leon Levy Expedition to Ashkelon Dataset: Field Reports
"1992 2.74, 75, 84, 86, 87, 97, 98  Lipovitch.pdf","OCHRE Link: <a href=""https://pi.lib.uchicago.edu/1001/org/ochre/c1ad1318-d1ca-49f9-5bbd-341334233668"">https://pi.lib.uchicago.edu/1001/org/ochre/c1ad1318-d1ca-49f9-5bbd-341334233668</a>",Field reports from excavation: 1985-2016,Leon Levy Expedition to Ashkelon Dataset: Field Reports
"1992 2.75, 85 Johnson.pdf","OCHRE Link: <a href=""https://pi.lib.uchicago.edu/1001/org/ochre/f5166d37-f0fc-b71c-1dc9-ffb7a34d9fce"">https://pi.lib.uchicago.edu/1001/org/ochre/f5166d37-f0fc-b71c-1dc9-ffb7a34d9fce</a>",Field reports from excavation: 1985-2016,Leon Levy Expedition to Ashkelon Dataset: Field Reports
"1992 9.4, 2.84 Baker.pdf","OCHRE Link: <a href=""https://pi.lib.uchicago.edu/1001/org/ochre/4225295a-7444-6193-95fa-ec7d5d491e7f"">https://pi.lib.uchicago.edu/1001/org/ochre/4225295a-7444-6193-95fa-ec7d5d491e7f</a>",Field reports from excavation: 1985-2016,Leon Levy Expedition to Ashkelon Dataset: Field Reports
1992 38 Lass.pdf,"OCHRE Link: <a href=""https://pi.lib.uchicago.edu/1001/org/ochre/ad06d3ea-86c2-73ed-fddc-3da1fb1f760c"">https://pi.lib.uchicago.edu/1001/org/ochre/ad06d3ea-86c2-73ed-fddc-3da1fb1f760c</a>",Field reports from excavation: 1985-2016,Leon Levy Expedition to Ashkelon Dataset: Field Reports
"1992 38.63, 64, 73 Lass.pdf","OCHRE Link: <a href=""https://pi.lib.uchicago.edu/1001/org/ochre/347ef420-2d6b-4e58-74d9-18ebdf1d7dca"">https://pi.lib.uchicago.edu/1001/org/ochre/347ef420-2d6b-4e58-74d9-18ebdf1d7dca</a>",Field reports from excavation: 1985-2016,Leon Levy Expedition to Ashkelon Dataset: Field Reports
1992 38.74 Waldbaum.pdf,"OCHRE Link: <a href=""https://pi.lib.uchicago.edu/1001/org/ochre/bfd1014c-bd7e-cbd6-2249-a3322ca399a5"">https://pi.lib.uchicago.edu/1001/org/ochre/bfd1014c-bd7e-cbd6-2249-a3322ca399a5</a>",Field reports from excavation: 1985-2016,Leon Levy Expedition to Ashkelon Dataset: Field Reports
"1992 38.83, 84 Schloen.pdf","OCHRE Link: <a href=""https://pi.lib.uchicago.edu/1001/org/ochre/6f88a77b-399b-f2d5-c46e-20552290cb7a"">https://pi.lib.uchicago.edu/1001/org/ochre/6f88a77b-399b-f2d5-c46e-20552290cb7a</a>",Field reports from excavation: 1985-2016,Leon Levy Expedition to Ashkelon Dataset: Field Reports
"1992 38.93, 94 Monson.pdf","OCHRE Link: <a href=""https://pi.lib.uchicago.edu/1001/org/ochre/3ee9ae11-45b9-86d1-9c71-9b3bfb8ae46a"">https://pi.lib.uchicago.edu/1001/org/ochre/3ee9ae11-45b9-86d1-9c71-9b3bfb8ae46a</a>",Field reports from excavation: 1985-2016,Leon Levy Expedition to Ashkelon Dataset: Field Reports
1992 50 _v.2_ Bloch-Smith.pdf,"OCHRE Link: <a href=""https://pi.lib.uchicago.edu/1001/org/ochre/725a563b-8021-2197-e1a8-142056d92a6f"">https://pi.lib.uchicago.edu/1001/org/ochre/725a563b-8021-2197-e1a8-142056d92a6f</a>",Field reports from excavation: 1985-2016,Leon Levy Expedition to Ashkelon Dataset: Field Reports
1992 50 Bloch-Smith.pdf,"OCHRE Link: <a href=""https://pi.lib.uchicago.edu/1001/org/ochre/b2512162-7c16-e077-b8de-f10e75a2d347"">https://pi.lib.uchicago.edu/1001/org/ochre/b2512162-7c16-e077-b8de-f10e75a2d347</a>",Field reports from excavation: 1985-2016,Leon Levy Expedition to Ashkelon Dataset: Field Reports
"1992 50.46, 47 Alsberg.pdf","OCHRE Link: <a href=""https://pi.lib.uchicago.edu/1001/org/ochre/b016affc-b230-563a-be0e-8b5baef27c4a"">https://pi.lib.uchicago.edu/1001/org/ochre/b016affc-b230-563a-be0e-8b5baef27c4a</a>",Field reports from excavation: 1985-2016,Leon Levy Expedition to Ashkelon Dataset: Field Reports
1992 50.48 Stone.pdf,"OCHRE Link: <a href=""https://pi.lib.uchicago.edu/1001/org/ochre/5c853089-2d56-6ef3-58ed-69000ce41661"">https://pi.lib.uchicago.edu/1001/org/ochre/5c853089-2d56-6ef3-58ed-69000ce41661</a>",Field reports from excavation: 1985-2016,Leon Levy Expedition to Ashkelon Dataset: Field Reports
1992 50.49 Stone.pdf,"OCHRE Link: <a href=""https://pi.lib.uchicago.edu/1001/org/ochre/0be97cb4-9b93-67f7-5d70-56c7a47faa71"">https://pi.lib.uchicago.edu/1001/org/ochre/0be97cb4-9b93-67f7-5d70-56c7a47faa71</a>",Field reports from excavation: 1985-2016,Leon Levy Expedition to Ashkelon Dataset: Field Reports
"1992 50.57 Bloch-Smith, Appleyard.pdf","OCHRE Link: <a href=""https://pi.lib.uchicago.edu/1001/org/ochre/49468e20-0f31-0e62-fee7-3ff7d02c6ac9"">https://pi.lib.uchicago.edu/1001/org/ochre/49468e20-0f31-0e62-fee7-3ff7d02c6ac9</a>",Field reports from excavation: 1985-2016,Leon Levy Expedition to Ashkelon Dataset: Field Reports
1992 50.58 Fleming.pdf,"OCHRE Link: <a href=""https://pi.lib.uchicago.edu/1001/org/ochre/2f80cbaa-7004-4566-1348-520ffbe149a2"">https://pi.lib.uchicago.edu/1001/org/ochre/2f80cbaa-7004-4566-1348-520ffbe149a2</a>",Field reports from excavation: 1985-2016,Leon Levy Expedition to Ashkelon Dataset: Field Reports
1992 50.59 Hunter.pdf,"OCHRE Link: <a href=""https://pi.lib.uchicago.edu/1001/org/ochre/95f3e140-b092-226f-3a8c-615cef2fba1a"">https://pi.lib.uchicago.edu/1001/org/ochre/95f3e140-b092-226f-3a8c-615cef2fba1a</a>",Field reports from excavation: 1985-2016,Leon Levy Expedition to Ashkelon Dataset: Field Reports
1992 Spring 50 Lass.pdf,"OCHRE Link: <a href=""https://pi.lib.uchicago.edu/1001/org/ochre/e0d8a29b-8cdb-a5e5-9d78-b4f8e1deff5d"">https://pi.lib.uchicago.edu/1001/org/ochre/e0d8a29b-8cdb-a5e5-9d78-b4f8e1deff5d</a>",Field reports from excavation: 1985-2016,Leon Levy Expedition to Ashkelon Dataset: Field Reports
1992 Spring 50.46 Alsberg.pdf,"OCHRE Link: <a href=""https://pi.lib.uchicago.edu/1001/org/ochre/dffcbcd9-fb18-2c03-993c-93394fd04bb5"">https://pi.lib.uchicago.edu/1001/org/ochre/dffcbcd9-fb18-2c03-993c-93394fd04bb5</a>",Field reports from excavation: 1985-2016,Leon Levy Expedition to Ashkelon Dataset: Field Reports
1992 Spring 50.47 Alsberg.pdf,"OCHRE Link: <a href=""https://pi.lib.uchicago.edu/1001/org/ochre/b27c5a33-4363-935a-575f-51ec656f8ec5"">https://pi.lib.uchicago.edu/1001/org/ochre/b27c5a33-4363-935a-575f-51ec656f8ec5</a>",Field reports from excavation: 1985-2016,Leon Levy Expedition to Ashkelon Dataset: Field Reports
1992 Spring 50.48 Stone.pdf,"OCHRE Link: <a href=""https://pi.lib.uchicago.edu/1001/org/ochre/57ab4d8b-d290-6348-6c99-447f9919b829"">https://pi.lib.uchicago.edu/1001/org/ochre/57ab4d8b-d290-6348-6c99-447f9919b829</a>",Field reports from excavation: 1985-2016,Leon Levy Expedition to Ashkelon Dataset: Field Reports
1992 Spring 50.49 Fredlund.pdf,"OCHRE Link: <a href=""https://pi.lib.uchicago.edu/1001/org/ochre/7f220575-5808-b409-5faa-225a50455d76"">https://pi.lib.uchicago.edu/1001/org/ochre/7f220575-5808-b409-5faa-225a50455d76</a>",Field reports from excavation: 1985-2016,Leon Levy Expedition to Ashkelon Dataset: Field Reports
"1993 1 Schloen, Master.pdf","OCHRE Link: <a href=""https://pi.lib.uchicago.edu/1001/org/ochre/70c8ecb6-b703-1273-cf20-756f59353da2"">https://pi.lib.uchicago.edu/1001/org/ochre/70c8ecb6-b703-1273-cf20-756f59353da2</a>",Field reports from excavation: 1985-2016,Leon Levy Expedition to Ashkelon Dataset: Field Reports
1993 1.99 Master.pdf,"OCHRE Link: <a href=""https://pi.lib.uchicago.edu/1001/org/ochre/1a449e85-dbc4-adaf-0bb2-137927e03c28"">https://pi.lib.uchicago.edu/1001/org/ochre/1a449e85-dbc4-adaf-0bb2-137927e03c28</a>",Field reports from excavation: 1985-2016,Leon Levy Expedition to Ashkelon Dataset: Field Reports
1993 2 Tappy.pdf,"OCHRE Link: <a href=""https://pi.lib.uchicago.edu/1001/org/ochre/cc5c9125-f888-ca05-8a84-da52e00bd035"">https://pi.lib.uchicago.edu/1001/org/ochre/cc5c9125-f888-ca05-8a84-da52e00bd035</a>",Field reports from excavation: 1985-2016,Leon Levy Expedition to Ashkelon Dataset: Field Reports
1993 2&9 Voss.pdf,"OCHRE Link: <a href=""https://pi.lib.uchicago.edu/1001/org/ochre/7af237bc-b1df-9b4a-a78f-20efffddfdf5"">https://pi.lib.uchicago.edu/1001/org/ochre/7af237bc-b1df-9b4a-a78f-20efffddfdf5</a>",Field reports from excavation: 1985-2016,Leon Levy Expedition to Ashkelon Dataset: Field Reports
"1993 2.14, 15, 24, 25 Hunter.pdf","OCHRE Link: <a href=""https://pi.lib.uchicago.edu/1001/org/ochre/1842a6a7-cfa0-d29b-1117-82090b1c85c1"">https://pi.lib.uchicago.edu/1001/org/ochre/1842a6a7-cfa0-d29b-1117-82090b1c85c1</a>",Field reports from excavation: 1985-2016,Leon Levy Expedition to Ashkelon Dataset: Field Reports
"1993 2.66, 67, 76, 77 Lass.pdf","OCHRE Link: <a href=""https://pi.lib.uchicago.edu/1001/org/ochre/bcdd53e5-fc23-5aa4-a090-11f49e89777e"">https://pi.lib.uchicago.edu/1001/org/ochre/bcdd53e5-fc23-5aa4-a090-11f49e89777e</a>",Field reports from excavation: 1985-2016,Leon Levy Expedition to Ashkelon Dataset: Field Reports
1993 2.67 Waybright.pdf,"OCHRE Link: <a href=""https://pi.lib.uchicago.edu/1001/org/ochre/ca1cef70-cc36-45ff-4d58-a80e258d1318"">https://pi.lib.uchicago.edu/1001/org/ochre/ca1cef70-cc36-45ff-4d58-a80e258d1318</a>",Field reports from excavation: 1985-2016,Leon Levy Expedition to Ashkelon Dataset: Field Reports
"1993 2.75, 76, 85 Johnson.pdf","OCHRE Link: <a href=""https://pi.lib.uchicago.edu/1001/org/ochre/670caea5-0ebe-932a-6b7e-77fe6d808587"">https://pi.lib.uchicago.edu/1001/org/ochre/670caea5-0ebe-932a-6b7e-77fe6d808587</a>",Field reports from excavation: 1985-2016,Leon Levy Expedition to Ashkelon Dataset: Field Reports
"1993 2.84, 85 Baker.pdf","OCHRE Link: <a href=""https://pi.lib.uchicago.edu/1001/org/ochre/c1455c4f-3f59-7ef9-4544-f0f6aae25940"">https://pi.lib.uchicago.edu/1001/org/ochre/c1455c4f-3f59-7ef9-4544-f0f6aae25940</a>",Field reports from excavation: 1985-2016,Leon Levy Expedition to Ashkelon Dataset: Field Reports
"1993 3.94-100, 10.4-10 Lass.pdf","OCHRE Link: <a href=""https://pi.lib.uchicago.edu/1001/org/ochre/f58568f8-b497-bf56-9906-2c094849f093"">https://pi.lib.uchicago.edu/1001/org/ochre/f58568f8-b497-bf56-9906-2c094849f093</a>",Field reports from excavation: 1985-2016,Leon Levy Expedition to Ashkelon Dataset: Field Reports
"1993 3.99, 10.9 Appleyard.pdf","OCHRE Link: <a href=""https://pi.lib.uchicago.edu/1001/org/ochre/cd861ef1-4d71-2e78-f71d-a1234c89f0fd"">https://pi.lib.uchicago.edu/1001/org/ochre/cd861ef1-4d71-2e78-f71d-a1234c89f0fd</a>",Field reports from excavation: 1985-2016,Leon Levy Expedition to Ashkelon Dataset: Field Reports
1993 9.38 Brody.pdf,"OCHRE Link: <a href=""https://pi.lib.uchicago.edu/1001/org/ochre/9bd32e99-83a8-f628-a362-566f5d07de74"">https://pi.lib.uchicago.edu/1001/org/ochre/9bd32e99-83a8-f628-a362-566f5d07de74</a>",Field reports from excavation: 1985-2016,Leon Levy Expedition to Ashkelon Dataset: Field Reports
1993 38 Lass.pdf,"OCHRE Link: <a href=""https://pi.lib.uchicago.edu/1001/org/ochre/f3e9aa5c-43d7-d558-40fe-8a226a6f23aa"">https://pi.lib.uchicago.edu/1001/org/ochre/f3e9aa5c-43d7-d558-40fe-8a226a6f23aa</a>",Field reports from excavation: 1985-2016,Leon Levy Expedition to Ashkelon Dataset: Field Reports
"1993 38.63, 64, 73 Choi.pdf","OCHRE Link: <a href=""https://pi.lib.uchicago.edu/1001/org/ochre/5fafcb35-b591-fd2e-1ee1-23d3f44a822d"">https://pi.lib.uchicago.edu/1001/org/ochre/5fafcb35-b591-fd2e-1ee1-23d3f44a822d</a>",Field reports from excavation: 1985-2016,Leon Levy Expedition to Ashkelon Dataset: Field Reports
1993 38.74 Waldbaum.pdf,"OCHRE Link: <a href=""https://pi.lib.uchicago.edu/1001/org/ochre/b7518c18-e79b-0d47-fbc3-48393ff70318"">https://pi.lib.uchicago.edu/1001/org/ochre/b7518c18-e79b-0d47-fbc3-48393ff70318</a>",Field reports from excavation: 1985-2016,Leon Levy Expedition to Ashkelon Dataset: Field Reports
"1993 38.83, 84, 93, 94 Fredlund.pdf","OCHRE Link: <a href=""https://pi.lib.uchicago.edu/1001/org/ochre/93d041ed-4deb-b8e2-e263-5dd6d97c3253"">https://pi.lib.uchicago.edu/1001/org/ochre/93d041ed-4deb-b8e2-e263-5dd6d97c3253</a>",Field reports from excavation: 1985-2016,Leon Levy Expedition to Ashkelon Dataset: Field Reports
1993 38.84 Lipovitch.pdf,"OCHRE Link: <a href=""https://pi.lib.uchicago.edu/1001/org/ochre/209790f2-0c77-585e-9006-eb9888cce4ef"">https://pi.lib.uchicago.edu/1001/org/ochre/209790f2-0c77-585e-9006-eb9888cce4ef</a>",Field reports from excavation: 1985-2016,Leon Levy Expedition to Ashkelon Dataset: Field Reports
1993 50 Bloch-Smith.pdf,"OCHRE Link: <a href=""https://pi.lib.uchicago.edu/1001/org/ochre/96d89c69-99ff-d61b-336e-3f5d40030034"">https://pi.lib.uchicago.edu/1001/org/ochre/96d89c69-99ff-d61b-336e-3f5d40030034</a>",Field reports from excavation: 1985-2016,Leon Levy Expedition to Ashkelon Dataset: Field Reports
1993 50.46 Wilson.pdf,"OCHRE Link: <a href=""https://pi.lib.uchicago.edu/1001/org/ochre/c32c6446-0320-5e44-336c-9139f59b4dfa"">https://pi.lib.uchicago.edu/1001/org/ochre/c32c6446-0320-5e44-336c-9139f59b4dfa</a>",Field reports from excavation: 1985-2016,Leon Levy Expedition to Ashkelon Dataset: Field Reports
1993 50.47 Alsberg.pdf,"OCHRE Link: <a href=""https://pi.lib.uchicago.edu/1001/org/ochre/86d30e46-c94f-a071-d81b-b2800ee578c6"">https://pi.lib.uchicago.edu/1001/org/ochre/86d30e46-c94f-a071-d81b-b2800ee578c6</a>",Field reports from excavation: 1985-2016,Leon Levy Expedition to Ashkelon Dataset: Field Reports
1993 50.48 Stone.pdf,"OCHRE Link: <a href=""https://pi.lib.uchicago.edu/1001/org/ochre/147a17dc-bbe3-1041-f215-cc4d72a8c509"">https://pi.lib.uchicago.edu/1001/org/ochre/147a17dc-bbe3-1041-f215-cc4d72a8c509</a>",Field reports from excavation: 1985-2016,Leon Levy Expedition to Ashkelon Dataset: Field Reports
1993 50.49 Karmel.pdf,"OCHRE Link: <a href=""https://pi.lib.uchicago.edu/1001/org/ochre/4b2dcc44-f050-984b-b9aa-7c8d4fb81be4"">https://pi.lib.uchicago.edu/1001/org/ochre/4b2dcc44-f050-984b-b9aa-7c8d4fb81be4</a>",Field reports from excavation: 1985-2016,Leon Levy Expedition to Ashkelon Dataset: Field Reports
1993 50.57 Appleyard.pdf,"OCHRE Link: <a href=""https://pi.lib.uchicago.edu/1001/org/ochre/ce649367-f493-a96e-4551-d07f339afeb9"">https://pi.lib.uchicago.edu/1001/org/ochre/ce649367-f493-a96e-4551-d07f339afeb9</a>",Field reports from excavation: 1985-2016,Leon Levy Expedition to Ashkelon Dataset: Field Reports
1993 50.58 Wilson.pdf,"OCHRE Link: <a href=""https://pi.lib.uchicago.edu/1001/org/ochre/ada23fa4-47a4-11f0-9553-496c08d9d92e"">https://pi.lib.uchicago.edu/1001/org/ochre/ada23fa4-47a4-11f0-9553-496c08d9d92e</a>",Field reports from excavation: 1985-2016,Leon Levy Expedition to Ashkelon Dataset: Field Reports
1993 50.59 McCune.pdf,"OCHRE Link: <a href=""https://pi.lib.uchicago.edu/1001/org/ochre/db8771e3-5f9b-f507-8cbc-08a7777cc236"">https://pi.lib.uchicago.edu/1001/org/ochre/db8771e3-5f9b-f507-8cbc-08a7777cc236</a>",Field reports from excavation: 1985-2016,Leon Levy Expedition to Ashkelon Dataset: Field Reports
1994 2 Voss.pdf,"OCHRE Link: <a href=""https://pi.lib.uchicago.edu/1001/org/ochre/7273f215-d6a7-2f18-44dd-eab589ec60f1"">https://pi.lib.uchicago.edu/1001/org/ochre/7273f215-d6a7-2f18-44dd-eab589ec60f1</a>",Field reports from excavation: 1985-2016,Leon Levy Expedition to Ashkelon Dataset: Field Reports
"1994 2.66,76 Waybright.pdf","OCHRE Link: <a href=""https://pi.lib.uchicago.edu/1001/org/ochre/33fdaa56-b209-1c07-2685-50104a7dc9b9"">https://pi.lib.uchicago.edu/1001/org/ochre/33fdaa56-b209-1c07-2685-50104a7dc9b9</a>",Field reports from excavation: 1985-2016,Leon Levy Expedition to Ashkelon Dataset: Field Reports
"1994 2.75,76,85 Johnson.pdf","OCHRE Link: <a href=""https://pi.lib.uchicago.edu/1001/org/ochre/97f71e15-aade-6a74-3610-618df73595ba"">https://pi.lib.uchicago.edu/1001/org/ochre/97f71e15-aade-6a74-3610-618df73595ba</a>",Field reports from excavation: 1985-2016,Leon Levy Expedition to Ashkelon Dataset: Field Reports
1994 2.86 Choi.pdf,"OCHRE Link: <a href=""https://pi.lib.uchicago.edu/1001/org/ochre/bdb50172-656f-43b3-1d64-e43ec51459fe"">https://pi.lib.uchicago.edu/1001/org/ochre/bdb50172-656f-43b3-1d64-e43ec51459fe</a>",Field reports from excavation: 1985-2016,Leon Levy Expedition to Ashkelon Dataset: Field Reports
1994 3 Monson.pdf,"OCHRE Link: <a href=""https://pi.lib.uchicago.edu/1001/org/ochre/bd93f522-d30c-d1d1-6cfe-3324fb82d57e"">https://pi.lib.uchicago.edu/1001/org/ochre/bd93f522-d30c-d1d1-6cfe-3324fb82d57e</a>",Field reports from excavation: 1985-2016,Leon Levy Expedition to Ashkelon Dataset: Field Reports
1994 3.98 Monson.pdf,"OCHRE Link: <a href=""https://pi.lib.uchicago.edu/1001/org/ochre/bb1c7469-841c-55b8-0b98-1acaefd9637b"">https://pi.lib.uchicago.edu/1001/org/ochre/bb1c7469-841c-55b8-0b98-1acaefd9637b</a>",Field reports from excavation: 1985-2016,Leon Levy Expedition to Ashkelon Dataset: Field Reports
1994 3.99 Monson.pdf,"OCHRE Link: <a href=""https://pi.lib.uchicago.edu/1001/org/ochre/729150e2-d60c-4816-9ea9-4ea5c2899bc7"">https://pi.lib.uchicago.edu/1001/org/ochre/729150e2-d60c-4816-9ea9-4ea5c2899bc7</a>",Field reports from excavation: 1985-2016,Leon Levy Expedition to Ashkelon Dataset: Field Reports
1994 9 Brody.pdf,"OCHRE Link: <a href=""https://pi.lib.uchicago.edu/1001/org/ochre/b5887599-cea6-1659-be9b-49726b57ec8a"">https://pi.lib.uchicago.edu/1001/org/ochre/b5887599-cea6-1659-be9b-49726b57ec8a</a>",Field reports from excavation: 1985-2016,Leon Levy Expedition to Ashkelon Dataset: Field Reports
1994 9.38.pdf,"OCHRE Link: <a href=""https://pi.lib.uchicago.edu/1001/org/ochre/0b50a0cd-7c3b-dcab-b536-625a4a813fe7"">https://pi.lib.uchicago.edu/1001/org/ochre/0b50a0cd-7c3b-dcab-b536-625a4a813fe7</a>",Field reports from excavation: 1985-2016,Leon Levy Expedition to Ashkelon Dataset: Field Reports
1994 38 Stone.pdf,"OCHRE Link: <a href=""https://pi.lib.uchicago.edu/1001/org/ochre/62fd5597-60be-61ba-a7de-9988f8a436d4"">https://pi.lib.uchicago.edu/1001/org/ochre/62fd5597-60be-61ba-a7de-9988f8a436d4</a>",Field reports from excavation: 1985-2016,Leon Levy Expedition to Ashkelon Dataset: Field Reports
1994 38.64 Coram.pdf,"OCHRE Link: <a href=""https://pi.lib.uchicago.edu/1001/org/ochre/f4cdf9ce-1492-b523-2f11-fee99fcb3bc3"">https://pi.lib.uchicago.edu/1001/org/ochre/f4cdf9ce-1492-b523-2f11-fee99fcb3bc3</a>",Field reports from excavation: 1985-2016,Leon Levy Expedition to Ashkelon Dataset: Field Reports
1994 38.74 spring Stone.pdf,"OCHRE Link: <a href=""https://pi.lib.uchicago.edu/1001/org/ochre/9848e923-f553-23c0-97ea-a2345b153b49"">https://pi.lib.uchicago.edu/1001/org/ochre/9848e923-f553-23c0-97ea-a2345b153b49</a>",Field reports from excavation: 1985-2016,Leon Levy Expedition to Ashkelon Dataset: Field Reports
1994 38.74 Stone.pdf,"OCHRE Link: <a href=""https://pi.lib.uchicago.edu/1001/org/ochre/481c956c-757e-7e91-5de8-e234a30e66b0"">https://pi.lib.uchicago.edu/1001/org/ochre/481c956c-757e-7e91-5de8-e234a30e66b0</a>",Field reports from excavation: 1985-2016,Leon Levy Expedition to Ashkelon Dataset: Field Reports
1994 38.83 Coram.pdf,"OCHRE Link: <a href=""https://pi.lib.uchicago.edu/1001/org/ochre/565a51cc-e74b-68fc-0d46-205beea434a0"">https://pi.lib.uchicago.edu/1001/org/ochre/565a51cc-e74b-68fc-0d46-205beea434a0</a>",Field reports from excavation: 1985-2016,Leon Levy Expedition to Ashkelon Dataset: Field Reports
1994 38.84 Master.pdf,"OCHRE Link: <a href=""https://pi.lib.uchicago.edu/1001/org/ochre/d298167e-010b-4073-5b5f-063419144394"">https://pi.lib.uchicago.edu/1001/org/ochre/d298167e-010b-4073-5b5f-063419144394</a>",Field reports from excavation: 1985-2016,Leon Levy Expedition to Ashkelon Dataset: Field Reports
1994 38.84 spring Master.pdf,"OCHRE Link: <a href=""https://pi.lib.uchicago.edu/1001/org/ochre/0a91ba5a-8f91-3c60-9208-f9640d16a907"">https://pi.lib.uchicago.edu/1001/org/ochre/0a91ba5a-8f91-3c60-9208-f9640d16a907</a>",Field reports from excavation: 1985-2016,Leon Levy Expedition to Ashkelon Dataset: Field Reports
1994 38.94 Baker.pdf,"OCHRE Link: <a href=""https://pi.lib.uchicago.edu/1001/org/ochre/29039b8f-4e50-dcd7-f7e7-661392464e07"">https://pi.lib.uchicago.edu/1001/org/ochre/29039b8f-4e50-dcd7-f7e7-661392464e07</a>",Field reports from excavation: 1985-2016,Leon Levy Expedition to Ashkelon Dataset: Field Reports
1994 50 Bloch-Smith.pdf,"OCHRE Link: <a href=""https://pi.lib.uchicago.edu/1001/org/ochre/071620f1-28cd-8a97-763a-279f377c9164"">https://pi.lib.uchicago.edu/1001/org/ochre/071620f1-28cd-8a97-763a-279f377c9164</a>",Field reports from excavation: 1985-2016,Leon Levy Expedition to Ashkelon Dataset: Field Reports
1994 50.46 Alsberg.pdf,"OCHRE Link: <a href=""https://pi.lib.uchicago.edu/1001/org/ochre/9c01b700-0aea-c288-7d5e-964e939db58c"">https://pi.lib.uchicago.edu/1001/org/ochre/9c01b700-0aea-c288-7d5e-964e939db58c</a>",Field reports from excavation: 1985-2016,Leon Levy Expedition to Ashkelon Dataset: Field Reports
1994 50.47 Alsberg.pdf,"OCHRE Link: <a href=""https://pi.lib.uchicago.edu/1001/org/ochre/62921737-828f-a80c-d324-edf6ac4d989d"">https://pi.lib.uchicago.edu/1001/org/ochre/62921737-828f-a80c-d324-edf6ac4d989d</a>",Field reports from excavation: 1985-2016,Leon Levy Expedition to Ashkelon Dataset: Field Reports
1994 50.48 Cohen.pdf,"OCHRE Link: <a href=""https://pi.lib.uchicago.edu/1001/org/ochre/81384166-f53f-b71a-8020-13c4378a93d8"">https://pi.lib.uchicago.edu/1001/org/ochre/81384166-f53f-b71a-8020-13c4378a93d8</a>",Field reports from excavation: 1985-2016,Leon Levy Expedition to Ashkelon Dataset: Field Reports
1994 50.49 Magid.pdf,"OCHRE Link: <a href=""https://pi.lib.uchicago.edu/1001/org/ochre/940835d7-edb3-7042-398c-40abccee6327"">https://pi.lib.uchicago.edu/1001/org/ochre/940835d7-edb3-7042-398c-40abccee6327</a>",Field reports from excavation: 1985-2016,Leon Levy Expedition to Ashkelon Dataset: Field Reports
1994 50.57 Appleyard.pdf,"OCHRE Link: <a href=""https://pi.lib.uchicago.edu/1001/org/ochre/12253f31-bc75-5834-d832-6a4b988240f1"">https://pi.lib.uchicago.edu/1001/org/ochre/12253f31-bc75-5834-d832-6a4b988240f1</a>",Field reports from excavation: 1985-2016,Leon Levy Expedition to Ashkelon Dataset: Field Reports
1994 50.58 Monson and Houdalieh.pdf,"OCHRE Link: <a href=""https://pi.lib.uchicago.edu/1001/org/ochre/98813671-1488-fd3e-7a43-504c77d432ab"">https://pi.lib.uchicago.edu/1001/org/ochre/98813671-1488-fd3e-7a43-504c77d432ab</a>",Field reports from excavation: 1985-2016,Leon Levy Expedition to Ashkelon Dataset: Field Reports
1995 2 Voss.pdf,"OCHRE Link: <a href=""https://pi.lib.uchicago.edu/1001/org/ochre/868a8203-dd16-bb4f-5e38-922efd1b311f"">https://pi.lib.uchicago.edu/1001/org/ochre/868a8203-dd16-bb4f-5e38-922efd1b311f</a>",Field reports from excavation: 1985-2016,Leon Levy Expedition to Ashkelon Dataset: Field Reports
1995 2.75& Johnson.pdf,"OCHRE Link: <a href=""https://pi.lib.uchicago.edu/1001/org/ochre/c012ada2-b7b8-8017-30ea-925bda9a253c"">https://pi.lib.uchicago.edu/1001/org/ochre/c012ada2-b7b8-8017-30ea-925bda9a253c</a>",Field reports from excavation: 1985-2016,Leon Levy Expedition to Ashkelon Dataset: Field Reports
1995 2.76& Waybright.pdf,"OCHRE Link: <a href=""https://pi.lib.uchicago.edu/1001/org/ochre/f80cdf17-4942-f89a-5f49-fded1ac3a5b7"">https://pi.lib.uchicago.edu/1001/org/ochre/f80cdf17-4942-f89a-5f49-fded1ac3a5b7</a>",Field reports from excavation: 1985-2016,Leon Levy Expedition to Ashkelon Dataset: Field Reports
1995 38 Stone.pdf,"OCHRE Link: <a href=""https://pi.lib.uchicago.edu/1001/org/ochre/fa46fb0c-a355-b7e9-f102-04914b6f33d6"">https://pi.lib.uchicago.edu/1001/org/ochre/fa46fb0c-a355-b7e9-f102-04914b6f33d6</a>",Field reports from excavation: 1985-2016,Leon Levy Expedition to Ashkelon Dataset: Field Reports
1995 38.63 Vaughn.pdf,"OCHRE Link: <a href=""https://pi.lib.uchicago.edu/1001/org/ochre/4f7ecfb6-b5c3-d981-e6d0-c0bdd194705d"">https://pi.lib.uchicago.edu/1001/org/ochre/4f7ecfb6-b5c3-d981-e6d0-c0bdd194705d</a>",Field reports from excavation: 1985-2016,Leon Levy Expedition to Ashkelon Dataset: Field Reports
1995 38.64 Vaughn.pdf,"OCHRE Link: <a href=""https://pi.lib.uchicago.edu/1001/org/ochre/442da59d-77d4-53ba-38a6-f0c4629e351a"">https://pi.lib.uchicago.edu/1001/org/ochre/442da59d-77d4-53ba-38a6-f0c4629e351a</a>",Field reports from excavation: 1985-2016,Leon Levy Expedition to Ashkelon Dataset: Field Reports
1995 38.73 Barako.pdf,"OCHRE Link: <a href=""https://pi.lib.uchicago.edu/1001/org/ochre/ff8073bf-6d89-6b02-3105-07a782a60b29"">https://pi.lib.uchicago.edu/1001/org/ochre/ff8073bf-6d89-6b02-3105-07a782a60b29</a>",Field reports from excavation: 1985-2016,Leon Levy Expedition to Ashkelon Dataset: Field Reports
1995 38.74 Barako.pdf,"OCHRE Link: <a href=""https://pi.lib.uchicago.edu/1001/org/ochre/5f62144a-4153-ad21-982f-fabe4169c32c"">https://pi.lib.uchicago.edu/1001/org/ochre/5f62144a-4153-ad21-982f-fabe4169c32c</a>",Field reports from excavation: 1985-2016,Leon Levy Expedition to Ashkelon Dataset: Field Reports
1995 38.83.pdf,"OCHRE Link: <a href=""https://pi.lib.uchicago.edu/1001/org/ochre/5592e381-441c-868d-fdd5-d282e9c27361"">https://pi.lib.uchicago.edu/1001/org/ochre/5592e381-441c-868d-fdd5-d282e9c27361</a>",Field reports from excavation: 1985-2016,Leon Levy Expedition to Ashkelon Dataset: Field Reports
1995 38.84 Master.pdf,"OCHRE Link: <a href=""https://pi.lib.uchicago.edu/1001/org/ochre/b775462e-a64c-f114-2f4b-71b4131019bc"">https://pi.lib.uchicago.edu/1001/org/ochre/b775462e-a64c-f114-2f4b-71b4131019bc</a>",Field reports from excavation: 1985-2016,Leon Levy Expedition to Ashkelon Dataset: Field Reports
1995 50 post.pdf,"OCHRE Link: <a href=""https://pi.lib.uchicago.edu/1001/org/ochre/516e2ccd-390a-06dc-2931-c32dd8205f8c"">https://pi.lib.uchicago.edu/1001/org/ochre/516e2ccd-390a-06dc-2931-c32dd8205f8c</a>",Field reports from excavation: 1985-2016,Leon Levy Expedition to Ashkelon Dataset: Field Reports
1995 50.36 Hunter and McMahon.pdf,"OCHRE Link: <a href=""https://pi.lib.uchicago.edu/1001/org/ochre/f8f8e4fc-89b1-4be7-bbaf-16678c564d4d"">https://pi.lib.uchicago.edu/1001/org/ochre/f8f8e4fc-89b1-4be7-bbaf-16678c564d4d</a>",Field reports from excavation: 1985-2016,Leon Levy Expedition to Ashkelon Dataset: Field Reports
1995 50.46 Hunter & McMahon.pdf,"OCHRE Link: <a href=""https://pi.lib.uchicago.edu/1001/org/ochre/aafafab1-96aa-6040-3726-0a8fd898aa26"">https://pi.lib.uchicago.edu/1001/org/ochre/aafafab1-96aa-6040-3726-0a8fd898aa26</a>",Field reports from excavation: 1985-2016,Leon Levy Expedition to Ashkelon Dataset: Field Reports
1995 50.47 Hunter & McMahon.pdf,"OCHRE Link: <a href=""https://pi.lib.uchicago.edu/1001/org/ochre/5247fd2c-6d18-5a81-e713-15dc65c62c5a"">https://pi.lib.uchicago.edu/1001/org/ochre/5247fd2c-6d18-5a81-e713-15dc65c62c5a</a>",Field reports from excavation: 1985-2016,Leon Levy Expedition to Ashkelon Dataset: Field Reports
"1995 50.56,57 Alsberg and Clark.pdf","OCHRE Link: <a href=""https://pi.lib.uchicago.edu/1001/org/ochre/8e7c2a85-6792-05af-edd2-fd15017a494a"">https://pi.lib.uchicago.edu/1001/org/ochre/8e7c2a85-6792-05af-edd2-fd15017a494a</a>",Field reports from excavation: 1985-2016,Leon Levy Expedition to Ashkelon Dataset: Field Reports
1995 50.58 Alsberg.pdf,"OCHRE Link: <a href=""https://pi.lib.uchicago.edu/1001/org/ochre/821d6ed1-9de4-7940-d87f-873ea1aed513"">https://pi.lib.uchicago.edu/1001/org/ochre/821d6ed1-9de4-7940-d87f-873ea1aed513</a>",Field reports from excavation: 1985-2016,Leon Levy Expedition to Ashkelon Dataset: Field Reports
1995 50.68 Appa.pdf,"OCHRE Link: <a href=""https://pi.lib.uchicago.edu/1001/org/ochre/6bb7bf26-8be7-5d6f-2d88-b75bfa190a17"">https://pi.lib.uchicago.edu/1001/org/ochre/6bb7bf26-8be7-5d6f-2d88-b75bfa190a17</a>",Field reports from excavation: 1985-2016,Leon Levy Expedition to Ashkelon Dataset: Field Reports
1995 50N Brody.pdf,"OCHRE Link: <a href=""https://pi.lib.uchicago.edu/1001/org/ochre/8ff79ea8-e8e1-945d-5add-f7503e271a88"">https://pi.lib.uchicago.edu/1001/org/ochre/8ff79ea8-e8e1-945d-5add-f7503e271a88</a>",Field reports from excavation: 1985-2016,Leon Levy Expedition to Ashkelon Dataset: Field Reports
1995 50N.48 Cohen.pdf,"OCHRE Link: <a href=""https://pi.lib.uchicago.edu/1001/org/ochre/d391a732-4c7d-42cd-fb19-868878f4484c"">https://pi.lib.uchicago.edu/1001/org/ochre/d391a732-4c7d-42cd-fb19-868878f4484c</a>",Field reports from excavation: 1985-2016,Leon Levy Expedition to Ashkelon Dataset: Field Reports
1995 50S Bloch-Smith.pdf,"OCHRE Link: <a href=""https://pi.lib.uchicago.edu/1001/org/ochre/eaccffae-5e9c-588a-9e59-50b5a2f4fd88"">https://pi.lib.uchicago.edu/1001/org/ochre/eaccffae-5e9c-588a-9e59-50b5a2f4fd88</a>",Field reports from excavation: 1985-2016,Leon Levy Expedition to Ashkelon Dataset: Field Reports
1995 50S.67 Clark.pdf,"OCHRE Link: <a href=""https://pi.lib.uchicago.edu/1001/org/ochre/ab39ee79-d211-434e-bed8-962222d9564c"">https://pi.lib.uchicago.edu/1001/org/ochre/ab39ee79-d211-434e-bed8-962222d9564c</a>",Field reports from excavation: 1985-2016,Leon Levy Expedition to Ashkelon Dataset: Field Reports
1996 1N Hunter.pdf,"OCHRE Link: <a href=""https://pi.lib.uchicago.edu/1001/org/ochre/aa4ad2a7-0f31-5f39-5cbc-b7bc25226085"">https://pi.lib.uchicago.edu/1001/org/ochre/aa4ad2a7-0f31-5f39-5cbc-b7bc25226085</a>",Field reports from excavation: 1985-2016,Leon Levy Expedition to Ashkelon Dataset: Field Reports
1996 2 Voss.pdf,"OCHRE Link: <a href=""https://pi.lib.uchicago.edu/1001/org/ochre/11281f5e-7ad2-ae7a-b7da-51e61c67b761"">https://pi.lib.uchicago.edu/1001/org/ochre/11281f5e-7ad2-ae7a-b7da-51e61c67b761</a>",Field reports from excavation: 1985-2016,Leon Levy Expedition to Ashkelon Dataset: Field Reports
1996 2.65& Magid.pdf,"OCHRE Link: <a href=""https://pi.lib.uchicago.edu/1001/org/ochre/10ef08b8-4d0d-01d4-2552-d97ad29870f3"">https://pi.lib.uchicago.edu/1001/org/ochre/10ef08b8-4d0d-01d4-2552-d97ad29870f3</a>",Field reports from excavation: 1985-2016,Leon Levy Expedition to Ashkelon Dataset: Field Reports
1996 2.75& Johnson.pdf,"OCHRE Link: <a href=""https://pi.lib.uchicago.edu/1001/org/ochre/da27d751-9f08-140f-921c-1d176e192da4"">https://pi.lib.uchicago.edu/1001/org/ochre/da27d751-9f08-140f-921c-1d176e192da4</a>",Field reports from excavation: 1985-2016,Leon Levy Expedition to Ashkelon Dataset: Field Reports
1996 9 Cohen.pdf,"OCHRE Link: <a href=""https://pi.lib.uchicago.edu/1001/org/ochre/38686f2c-cf97-75a4-4f92-da344ee31d12"">https://pi.lib.uchicago.edu/1001/org/ochre/38686f2c-cf97-75a4-4f92-da344ee31d12</a>",Field reports from excavation: 1985-2016,Leon Levy Expedition to Ashkelon Dataset: Field Reports
1996 9.39 McMahon.pdf,"OCHRE Link: <a href=""https://pi.lib.uchicago.edu/1001/org/ochre/f4fb7728-fa0c-d813-4745-827976cd878e"">https://pi.lib.uchicago.edu/1001/org/ochre/f4fb7728-fa0c-d813-4745-827976cd878e</a>",Field reports from excavation: 1985-2016,Leon Levy Expedition to Ashkelon Dataset: Field Reports
1996 9.40 McMahon.pdf,"OCHRE Link: <a href=""https://pi.lib.uchicago.edu/1001/org/ochre/f1b9b5a4-1b6f-5a03-4514-37f9bada0cea"">https://pi.lib.uchicago.edu/1001/org/ochre/f1b9b5a4-1b6f-5a03-4514-37f9bada0cea</a>",Field reports from excavation: 1985-2016,Leon Levy Expedition to Ashkelon Dataset: Field Reports
1996 38 Bloch-Smith.pdf,"OCHRE Link: <a href=""https://pi.lib.uchicago.edu/1001/org/ochre/01ceadff-4356-51e8-c8fa-1b1c3038df25"">https://pi.lib.uchicago.edu/1001/org/ochre/01ceadff-4356-51e8-c8fa-1b1c3038df25</a>",Field reports from excavation: 1985-2016,Leon Levy Expedition to Ashkelon Dataset: Field Reports
1996 38.63 Stager.pdf,"OCHRE Link: <a href=""https://pi.lib.uchicago.edu/1001/org/ochre/a58ae6e8-1197-6d21-b264-60ad9dccad04"">https://pi.lib.uchicago.edu/1001/org/ochre/a58ae6e8-1197-6d21-b264-60ad9dccad04</a>",Field reports from excavation: 1985-2016,Leon Levy Expedition to Ashkelon Dataset: Field Reports
1996 38.73 Barako.pdf,"OCHRE Link: <a href=""https://pi.lib.uchicago.edu/1001/org/ochre/24a69e81-8269-c229-b135-49fde97d246c"">https://pi.lib.uchicago.edu/1001/org/ochre/24a69e81-8269-c229-b135-49fde97d246c</a>",Field reports from excavation: 1985-2016,Leon Levy Expedition to Ashkelon Dataset: Field Reports
1996 38.74 Barako.pdf,"OCHRE Link: <a href=""https://pi.lib.uchicago.edu/1001/org/ochre/70ebd4db-7df9-d128-64ab-21f6e758a9ed"">https://pi.lib.uchicago.edu/1001/org/ochre/70ebd4db-7df9-d128-64ab-21f6e758a9ed</a>",Field reports from excavation: 1985-2016,Leon Levy Expedition to Ashkelon Dataset: Field Reports
1996 38.83 Stager.pdf,"OCHRE Link: <a href=""https://pi.lib.uchicago.edu/1001/org/ochre/d7175e88-f0ab-9521-1619-da29c89376b5"">https://pi.lib.uchicago.edu/1001/org/ochre/d7175e88-f0ab-9521-1619-da29c89376b5</a>",Field reports from excavation: 1985-2016,Leon Levy Expedition to Ashkelon Dataset: Field Reports
1996 38.84 Master.pdf,"OCHRE Link: <a href=""https://pi.lib.uchicago.edu/1001/org/ochre/22be813d-00af-6a91-b148-6ad437065b9e"">https://pi.lib.uchicago.edu/1001/org/ochre/22be813d-00af-6a91-b148-6ad437065b9e</a>",Field reports from excavation: 1985-2016,Leon Levy Expedition to Ashkelon Dataset: Field Reports
1996 38.93 Stager.pdf,"OCHRE Link: <a href=""https://pi.lib.uchicago.edu/1001/org/ochre/3a1e8dad-9ed9-92b9-66dc-8c81b66b33f7"">https://pi.lib.uchicago.edu/1001/org/ochre/3a1e8dad-9ed9-92b9-66dc-8c81b66b33f7</a>",Field reports from excavation: 1985-2016,Leon Levy Expedition to Ashkelon Dataset: Field Reports
1996 38.94 Master.pdf,"OCHRE Link: <a href=""https://pi.lib.uchicago.edu/1001/org/ochre/e3ae63d9-982b-3349-cd5a-f5f60f095e44"">https://pi.lib.uchicago.edu/1001/org/ochre/e3ae63d9-982b-3349-cd5a-f5f60f095e44</a>",Field reports from excavation: 1985-2016,Leon Levy Expedition to Ashkelon Dataset: Field Reports
1996 50.47 Deutsch.pdf,"OCHRE Link: <a href=""https://pi.lib.uchicago.edu/1001/org/ochre/63f87c3f-540b-fbec-2b1f-c66691ff2296"">https://pi.lib.uchicago.edu/1001/org/ochre/63f87c3f-540b-fbec-2b1f-c66691ff2296</a>",Field reports from excavation: 1985-2016,Leon Levy Expedition to Ashkelon Dataset: Field Reports
1996 50.48N Appa.pdf,"OCHRE Link: <a href=""https://pi.lib.uchicago.edu/1001/org/ochre/83cfd04b-3575-acfc-b465-8b6f425ed75f"">https://pi.lib.uchicago.edu/1001/org/ochre/83cfd04b-3575-acfc-b465-8b6f425ed75f</a>",Field reports from excavation: 1985-2016,Leon Levy Expedition to Ashkelon Dataset: Field Reports
1996 50.48S Simkins.pdf,"OCHRE Link: <a href=""https://pi.lib.uchicago.edu/1001/org/ochre/116eb357-fa8f-f857-4514-15408323c9c4"">https://pi.lib.uchicago.edu/1001/org/ochre/116eb357-fa8f-f857-4514-15408323c9c4</a>",Field reports from excavation: 1985-2016,Leon Levy Expedition to Ashkelon Dataset: Field Reports
1996 50.49 Smith.pdf,"OCHRE Link: <a href=""https://pi.lib.uchicago.edu/1001/org/ochre/625640cb-06e9-bc50-c9a7-3fb4f814c9c7"">https://pi.lib.uchicago.edu/1001/org/ochre/625640cb-06e9-bc50-c9a7-3fb4f814c9c7</a>",Field reports from excavation: 1985-2016,Leon Levy Expedition to Ashkelon Dataset: Field Reports
1996 50.58 Simkins.pdf,"OCHRE Link: <a href=""https://pi.lib.uchicago.edu/1001/org/ochre/c04f7890-7fb7-9b19-18ce-21a42ce821dd"">https://pi.lib.uchicago.edu/1001/org/ochre/c04f7890-7fb7-9b19-18ce-21a42ce821dd</a>",Field reports from excavation: 1985-2016,Leon Levy Expedition to Ashkelon Dataset: Field Reports
1996 50.59 Smith.pdf,"OCHRE Link: <a href=""https://pi.lib.uchicago.edu/1001/org/ochre/b2aeefcc-477c-7aea-ca9b-83648988558b"">https://pi.lib.uchicago.edu/1001/org/ochre/b2aeefcc-477c-7aea-ca9b-83648988558b</a>",Field reports from excavation: 1985-2016,Leon Levy Expedition to Ashkelon Dataset: Field Reports
1996 50N Brody.pdf,"OCHRE Link: <a href=""https://pi.lib.uchicago.edu/1001/org/ochre/817f0e13-e568-574c-a97b-5c810ab1e24e"">https://pi.lib.uchicago.edu/1001/org/ochre/817f0e13-e568-574c-a97b-5c810ab1e24e</a>",Field reports from excavation: 1985-2016,Leon Levy Expedition to Ashkelon Dataset: Field Reports
1996 50S Cohen.pdf,"OCHRE Link: <a href=""https://pi.lib.uchicago.edu/1001/org/ochre/f399c116-8774-38d5-2f27-6e4ceede3004"">https://pi.lib.uchicago.edu/1001/org/ochre/f399c116-8774-38d5-2f27-6e4ceede3004</a>",Field reports from excavation: 1985-2016,Leon Levy Expedition to Ashkelon Dataset: Field Reports
1997 2 Voss.pdf,"OCHRE Link: <a href=""https://pi.lib.uchicago.edu/1001/org/ochre/7ff08729-6417-53fd-3c9d-7585c80cc5c4"">https://pi.lib.uchicago.edu/1001/org/ochre/7ff08729-6417-53fd-3c9d-7585c80cc5c4</a>",Field reports from excavation: 1985-2016,Leon Levy Expedition to Ashkelon Dataset: Field Reports
"1997 2.55, 66, 67 Waybright.pdf","OCHRE Link: <a href=""https://pi.lib.uchicago.edu/1001/org/ochre/9f15af7b-aa59-3016-9519-9a3732cdb6dc"">https://pi.lib.uchicago.edu/1001/org/ochre/9f15af7b-aa59-3016-9519-9a3732cdb6dc</a>",Field reports from excavation: 1985-2016,Leon Levy Expedition to Ashkelon Dataset: Field Reports
1997 2.56 Aja.pdf,"OCHRE Link: <a href=""https://pi.lib.uchicago.edu/1001/org/ochre/80981828-ed17-00dd-f696-ac21c2627e4f"">https://pi.lib.uchicago.edu/1001/org/ochre/80981828-ed17-00dd-f696-ac21c2627e4f</a>",Field reports from excavation: 1985-2016,Leon Levy Expedition to Ashkelon Dataset: Field Reports
1997 2.76 Aja.pdf,"OCHRE Link: <a href=""https://pi.lib.uchicago.edu/1001/org/ochre/407d9104-7be7-668f-e848-222506b094aa"">https://pi.lib.uchicago.edu/1001/org/ochre/407d9104-7be7-668f-e848-222506b094aa</a>",Field reports from excavation: 1985-2016,Leon Levy Expedition to Ashkelon Dataset: Field Reports
1997 38 Bloch-Smith.pdf,"OCHRE Link: <a href=""https://pi.lib.uchicago.edu/1001/org/ochre/589def8b-9914-6b70-556a-1e6522730ac8"">https://pi.lib.uchicago.edu/1001/org/ochre/589def8b-9914-6b70-556a-1e6522730ac8</a>",Field reports from excavation: 1985-2016,Leon Levy Expedition to Ashkelon Dataset: Field Reports
1997 38.63 Stager.pdf,"OCHRE Link: <a href=""https://pi.lib.uchicago.edu/1001/org/ochre/a1ae5bac-4575-5ea7-a241-f2b164da8e1c"">https://pi.lib.uchicago.edu/1001/org/ochre/a1ae5bac-4575-5ea7-a241-f2b164da8e1c</a>",Field reports from excavation: 1985-2016,Leon Levy Expedition to Ashkelon Dataset: Field Reports
1997 38.64 Stager.pdf,"OCHRE Link: <a href=""https://pi.lib.uchicago.edu/1001/org/ochre/4c83b9f9-0bfb-eb7c-ed21-3b53a09eb68f"">https://pi.lib.uchicago.edu/1001/org/ochre/4c83b9f9-0bfb-eb7c-ed21-3b53a09eb68f</a>",Field reports from excavation: 1985-2016,Leon Levy Expedition to Ashkelon Dataset: Field Reports
"1997 38.73 Vanderhooft, Alsberg.pdf","OCHRE Link: <a href=""https://pi.lib.uchicago.edu/1001/org/ochre/bba962a4-a196-cd16-729e-1d77ebef1164"">https://pi.lib.uchicago.edu/1001/org/ochre/bba962a4-a196-cd16-729e-1d77ebef1164</a>",Field reports from excavation: 1985-2016,Leon Levy Expedition to Ashkelon Dataset: Field Reports
1997 38.74 Vanderhooft.pdf,"OCHRE Link: <a href=""https://pi.lib.uchicago.edu/1001/org/ochre/8a4d7d28-cb9c-b1e6-ed10-8c41cb082362"">https://pi.lib.uchicago.edu/1001/org/ochre/8a4d7d28-cb9c-b1e6-ed10-8c41cb082362</a>",Field reports from excavation: 1985-2016,Leon Levy Expedition to Ashkelon Dataset: Field Reports
1997 38.75 Peersmann.pdf,"OCHRE Link: <a href=""https://pi.lib.uchicago.edu/1001/org/ochre/43c7405f-0cb2-2336-b096-f8c3e7f07c32"">https://pi.lib.uchicago.edu/1001/org/ochre/43c7405f-0cb2-2336-b096-f8c3e7f07c32</a>",Field reports from excavation: 1985-2016,Leon Levy Expedition to Ashkelon Dataset: Field Reports
"1997 38.83, 84 Master.pdf","OCHRE Link: <a href=""https://pi.lib.uchicago.edu/1001/org/ochre/4583fc44-9932-9599-6177-b4c18d947b6e"">https://pi.lib.uchicago.edu/1001/org/ochre/4583fc44-9932-9599-6177-b4c18d947b6e</a>",Field reports from excavation: 1985-2016,Leon Levy Expedition to Ashkelon Dataset: Field Reports
1997 38.85 Yasur-Landau.pdf,"OCHRE Link: <a href=""https://pi.lib.uchicago.edu/1001/org/ochre/bb531da5-0a18-e148-3545-f223c3efda10"">https://pi.lib.uchicago.edu/1001/org/ochre/bb531da5-0a18-e148-3545-f223c3efda10</a>",Field reports from excavation: 1985-2016,Leon Levy Expedition to Ashkelon Dataset: Field Reports
1997 38.94 Master.pdf,"OCHRE Link: <a href=""https://pi.lib.uchicago.edu/1001/org/ochre/32c9103e-6969-80a1-04cd-3f98cd246d4f"">https://pi.lib.uchicago.edu/1001/org/ochre/32c9103e-6969-80a1-04cd-3f98cd246d4f</a>",Field reports from excavation: 1985-2016,Leon Levy Expedition to Ashkelon Dataset: Field Reports
1997 50 _S_ Cohen.pdf,"OCHRE Link: <a href=""https://pi.lib.uchicago.edu/1001/org/ochre/a225ab6b-dbb5-29be-abd7-6616b33e1f5b"">https://pi.lib.uchicago.edu/1001/org/ochre/a225ab6b-dbb5-29be-abd7-6616b33e1f5b</a>",Field reports from excavation: 1985-2016,Leon Levy Expedition to Ashkelon Dataset: Field Reports
1997 50 revised Appa.pdf,"OCHRE Link: <a href=""https://pi.lib.uchicago.edu/1001/org/ochre/e74faf85-1770-7c26-eb39-c850b04fb117"">https://pi.lib.uchicago.edu/1001/org/ochre/e74faf85-1770-7c26-eb39-c850b04fb117</a>",Field reports from excavation: 1985-2016,Leon Levy Expedition to Ashkelon Dataset: Field Reports
1997 50.47 Autumn Barako.pdf,"OCHRE Link: <a href=""https://pi.lib.uchicago.edu/1001/org/ochre/73281efc-8671-c0ab-18bf-60f160725062"">https://pi.lib.uchicago.edu/1001/org/ochre/73281efc-8671-c0ab-18bf-60f160725062</a>",Field reports from excavation: 1985-2016,Leon Levy Expedition to Ashkelon Dataset: Field Reports
"1997 50.47, 57, 58L Simkins.pdf","OCHRE Link: <a href=""https://pi.lib.uchicago.edu/1001/org/ochre/81cfd2ff-8ff6-9f4d-6ac7-ac27919a2e61"">https://pi.lib.uchicago.edu/1001/org/ochre/81cfd2ff-8ff6-9f4d-6ac7-ac27919a2e61</a>",Field reports from excavation: 1985-2016,Leon Levy Expedition to Ashkelon Dataset: Field Reports
1997 50.48 Autumn Barako.pdf,"OCHRE Link: <a href=""https://pi.lib.uchicago.edu/1001/org/ochre/0d8901af-0572-3745-b082-fc0d7335f784"">https://pi.lib.uchicago.edu/1001/org/ochre/0d8901af-0572-3745-b082-fc0d7335f784</a>",Field reports from excavation: 1985-2016,Leon Levy Expedition to Ashkelon Dataset: Field Reports
"1997 50.48, 59 Spirt.pdf","OCHRE Link: <a href=""https://pi.lib.uchicago.edu/1001/org/ochre/7affa030-8b94-5e7b-4e97-26c1be35b8d9"">https://pi.lib.uchicago.edu/1001/org/ochre/7affa030-8b94-5e7b-4e97-26c1be35b8d9</a>",Field reports from excavation: 1985-2016,Leon Levy Expedition to Ashkelon Dataset: Field Reports
1997 50.48L Appa.pdf,"OCHRE Link: <a href=""https://pi.lib.uchicago.edu/1001/org/ochre/66b3b3e2-d493-f44e-fe8b-64f37e9c78a0"">https://pi.lib.uchicago.edu/1001/org/ochre/66b3b3e2-d493-f44e-fe8b-64f37e9c78a0</a>",Field reports from excavation: 1985-2016,Leon Levy Expedition to Ashkelon Dataset: Field Reports
1997 50.58 Autumn Barako.pdf,"OCHRE Link: <a href=""https://pi.lib.uchicago.edu/1001/org/ochre/dc32873a-8a1d-0dd5-f954-cb2af1c4bc41"">https://pi.lib.uchicago.edu/1001/org/ochre/dc32873a-8a1d-0dd5-f954-cb2af1c4bc41</a>",Field reports from excavation: 1985-2016,Leon Levy Expedition to Ashkelon Dataset: Field Reports
1997 50.59 Smith and Master.pdf,"OCHRE Link: <a href=""https://pi.lib.uchicago.edu/1001/org/ochre/44d271de-0983-8fef-4361-9825d40a22eb"">https://pi.lib.uchicago.edu/1001/org/ochre/44d271de-0983-8fef-4361-9825d40a22eb</a>",Field reports from excavation: 1985-2016,Leon Levy Expedition to Ashkelon Dataset: Field Reports
1997 50.67 McMahon.pdf,"OCHRE Link: <a href=""https://pi.lib.uchicago.edu/1001/org/ochre/bfc9414c-859e-0f83-052a-251ca280c2f8"">https://pi.lib.uchicago.edu/1001/org/ochre/bfc9414c-859e-0f83-052a-251ca280c2f8</a>",Field reports from excavation: 1985-2016,Leon Levy Expedition to Ashkelon Dataset: Field Reports
1997 50L Brody.pdf,"OCHRE Link: <a href=""https://pi.lib.uchicago.edu/1001/org/ochre/e9164daf-5b60-8db8-6686-d3bee0951f5d"">https://pi.lib.uchicago.edu/1001/org/ochre/e9164daf-5b60-8db8-6686-d3bee0951f5d</a>",Field reports from excavation: 1985-2016,Leon Levy Expedition to Ashkelon Dataset: Field Reports
1997 50L Cohen.pdf,"OCHRE Link: <a href=""https://pi.lib.uchicago.edu/1001/org/ochre/2916fbe4-5c82-0223-1aee-1342c4c5129f"">https://pi.lib.uchicago.edu/1001/org/ochre/2916fbe4-5c82-0223-1aee-1342c4c5129f</a>",Field reports from excavation: 1985-2016,Leon Levy Expedition to Ashkelon Dataset: Field Reports
"1997 51.73, 74 Alsberg, Davies.pdf","OCHRE Link: <a href=""https://pi.lib.uchicago.edu/1001/org/ochre/2f4ce12e-334e-97a3-a848-61f25bc0fe17"">https://pi.lib.uchicago.edu/1001/org/ochre/2f4ce12e-334e-97a3-a848-61f25bc0fe17</a>",Field reports from excavation: 1985-2016,Leon Levy Expedition to Ashkelon Dataset: Field Reports
"1998 2.55,56 Waybright.pdf","OCHRE Link: <a href=""https://pi.lib.uchicago.edu/1001/org/ochre/a9bbc274-e560-ab92-42ca-eb089abe3f08"">https://pi.lib.uchicago.edu/1001/org/ochre/a9bbc274-e560-ab92-42ca-eb089abe3f08</a>",Field reports from excavation: 1985-2016,Leon Levy Expedition to Ashkelon Dataset: Field Reports
1998 38 Bloch-Smith.pdf,"OCHRE Link: <a href=""https://pi.lib.uchicago.edu/1001/org/ochre/d39d4b5c-e3f4-9ef4-02cd-39a8c009ca74"">https://pi.lib.uchicago.edu/1001/org/ochre/d39d4b5c-e3f4-9ef4-02cd-39a8c009ca74</a>",Field reports from excavation: 1985-2016,Leon Levy Expedition to Ashkelon Dataset: Field Reports
1998 38.63 Spirt.pdf,"OCHRE Link: <a href=""https://pi.lib.uchicago.edu/1001/org/ochre/0c890c57-ba87-49f7-52a9-ea6b9c3a0af5"">https://pi.lib.uchicago.edu/1001/org/ochre/0c890c57-ba87-49f7-52a9-ea6b9c3a0af5</a>",Field reports from excavation: 1985-2016,Leon Levy Expedition to Ashkelon Dataset: Field Reports
1998 38.64 Spirt.pdf,"OCHRE Link: <a href=""https://pi.lib.uchicago.edu/1001/org/ochre/29c79956-65d8-ebbc-5a0c-25dbe034fbe7"">https://pi.lib.uchicago.edu/1001/org/ochre/29c79956-65d8-ebbc-5a0c-25dbe034fbe7</a>",Field reports from excavation: 1985-2016,Leon Levy Expedition to Ashkelon Dataset: Field Reports
1998 38.65 Press.pdf,"OCHRE Link: <a href=""https://pi.lib.uchicago.edu/1001/org/ochre/8d598719-ddd1-80dc-e6d2-bcf76c48360c"">https://pi.lib.uchicago.edu/1001/org/ochre/8d598719-ddd1-80dc-e6d2-bcf76c48360c</a>",Field reports from excavation: 1985-2016,Leon Levy Expedition to Ashkelon Dataset: Field Reports
1998 38.74 Aja.pdf,"OCHRE Link: <a href=""https://pi.lib.uchicago.edu/1001/org/ochre/2a8d7e62-316d-dba9-aac0-a3dc3a4278c2"">https://pi.lib.uchicago.edu/1001/org/ochre/2a8d7e62-316d-dba9-aac0-a3dc3a4278c2</a>",Field reports from excavation: 1985-2016,Leon Levy Expedition to Ashkelon Dataset: Field Reports
1998 38.75 McGeough.pdf,"OCHRE Link: <a href=""https://pi.lib.uchicago.edu/1001/org/ochre/b0414ad0-cca1-cdb3-dee6-7da79fe9889c"">https://pi.lib.uchicago.edu/1001/org/ochre/b0414ad0-cca1-cdb3-dee6-7da79fe9889c</a>",Field reports from excavation: 1985-2016,Leon Levy Expedition to Ashkelon Dataset: Field Reports
1998 38.83 Master.pdf,"OCHRE Link: <a href=""https://pi.lib.uchicago.edu/1001/org/ochre/8eb8fdb8-c2d7-ebde-1323-77fe1b005c40"">https://pi.lib.uchicago.edu/1001/org/ochre/8eb8fdb8-c2d7-ebde-1323-77fe1b005c40</a>",Field reports from excavation: 1985-2016,Leon Levy Expedition to Ashkelon Dataset: Field Reports
1998 38.84 Master.pdf,"OCHRE Link: <a href=""https://pi.lib.uchicago.edu/1001/org/ochre/bb8d3332-dd7a-5642-2c6d-72c90978b2e8"">https://pi.lib.uchicago.edu/1001/org/ochre/bb8d3332-dd7a-5642-2c6d-72c90978b2e8</a>",Field reports from excavation: 1985-2016,Leon Levy Expedition to Ashkelon Dataset: Field Reports
1998 50 Cohen.pdf,"OCHRE Link: <a href=""https://pi.lib.uchicago.edu/1001/org/ochre/e5d53087-a392-0568-a2cd-9a40cc1ab89a"">https://pi.lib.uchicago.edu/1001/org/ochre/e5d53087-a392-0568-a2cd-9a40cc1ab89a</a>",Field reports from excavation: 1985-2016,Leon Levy Expedition to Ashkelon Dataset: Field Reports
1998 50 revised Appa.pdf,"OCHRE Link: <a href=""https://pi.lib.uchicago.edu/1001/org/ochre/9b23c9fb-93bf-36b6-6385-c9ae805debce"">https://pi.lib.uchicago.edu/1001/org/ochre/9b23c9fb-93bf-36b6-6385-c9ae805debce</a>",Field reports from excavation: 1985-2016,Leon Levy Expedition to Ashkelon Dataset: Field Reports
1998 50.48 lower Appa.pdf,"OCHRE Link: <a href=""https://pi.lib.uchicago.edu/1001/org/ochre/405867fd-6038-067e-8ef0-66d07b3b6418"">https://pi.lib.uchicago.edu/1001/org/ochre/405867fd-6038-067e-8ef0-66d07b3b6418</a>",Field reports from excavation: 1985-2016,Leon Levy Expedition to Ashkelon Dataset: Field Reports
"1998 50.48,49,58 upper Stager.pdf","OCHRE Link: <a href=""https://pi.lib.uchicago.edu/1001/org/ochre/1c41068b-c22b-e259-40a0-2b89e151330d"">https://pi.lib.uchicago.edu/1001/org/ochre/1c41068b-c22b-e259-40a0-2b89e151330d</a>",Field reports from excavation: 1985-2016,Leon Levy Expedition to Ashkelon Dataset: Field Reports
1998 50.58 lower Davies.pdf,"OCHRE Link: <a href=""https://pi.lib.uchicago.edu/1001/org/ochre/110b43d0-57ca-7bb7-e446-a880644a2cc7"">https://pi.lib.uchicago.edu/1001/org/ochre/110b43d0-57ca-7bb7-e446-a880644a2cc7</a>",Field reports from excavation: 1985-2016,Leon Levy Expedition to Ashkelon Dataset: Field Reports
1998 50.59 Master.pdf,"OCHRE Link: <a href=""https://pi.lib.uchicago.edu/1001/org/ochre/66b05a1a-ab3c-0b7b-8be5-4fca06f2feef"">https://pi.lib.uchicago.edu/1001/org/ochre/66b05a1a-ab3c-0b7b-8be5-4fca06f2feef</a>",Field reports from excavation: 1985-2016,Leon Levy Expedition to Ashkelon Dataset: Field Reports
1998 50.67 Slean.pdf,"OCHRE Link: <a href=""https://pi.lib.uchicago.edu/1001/org/ochre/7ec6605e-cbf8-8d91-a84b-182a60832cfb"">https://pi.lib.uchicago.edu/1001/org/ochre/7ec6605e-cbf8-8d91-a84b-182a60832cfb</a>",Field reports from excavation: 1985-2016,Leon Levy Expedition to Ashkelon Dataset: Field Reports
1998 51 Gilmour.pdf,"OCHRE Link: <a href=""https://pi.lib.uchicago.edu/1001/org/ochre/43c949ce-0a1e-f6e5-5e0b-1481e09578fa"">https://pi.lib.uchicago.edu/1001/org/ochre/43c949ce-0a1e-f6e5-5e0b-1481e09578fa</a>",Field reports from excavation: 1985-2016,Leon Levy Expedition to Ashkelon Dataset: Field Reports
"1999 23.1,11 Waybright.pdf","OCHRE Link: <a href=""https://pi.lib.uchicago.edu/1001/org/ochre/6f7e8dbc-0e16-423a-ead3-91dc5831b5d5"">https://pi.lib.uchicago.edu/1001/org/ochre/6f7e8dbc-0e16-423a-ead3-91dc5831b5d5</a>",Field reports from excavation: 1985-2016,Leon Levy Expedition to Ashkelon Dataset: Field Reports
1999 38 Bloch-Smith.pdf,"OCHRE Link: <a href=""https://pi.lib.uchicago.edu/1001/org/ochre/56bfc167-c361-c693-0d99-c98d05408e0b"">https://pi.lib.uchicago.edu/1001/org/ochre/56bfc167-c361-c693-0d99-c98d05408e0b</a>",Field reports from excavation: 1985-2016,Leon Levy Expedition to Ashkelon Dataset: Field Reports
1999 38.63 Spirt.pdf,"OCHRE Link: <a href=""https://pi.lib.uchicago.edu/1001/org/ochre/ba805f1b-9380-493a-0f21-d5d818f79d7a"">https://pi.lib.uchicago.edu/1001/org/ochre/ba805f1b-9380-493a-0f21-d5d818f79d7a</a>",Field reports from excavation: 1985-2016,Leon Levy Expedition to Ashkelon Dataset: Field Reports
1999 38.64 Spirt.pdf,"OCHRE Link: <a href=""https://pi.lib.uchicago.edu/1001/org/ochre/20b4b74f-597e-abee-f45d-851180c19584"">https://pi.lib.uchicago.edu/1001/org/ochre/20b4b74f-597e-abee-f45d-851180c19584</a>",Field reports from excavation: 1985-2016,Leon Levy Expedition to Ashkelon Dataset: Field Reports
1999 38.65 Burke.pdf,"OCHRE Link: <a href=""https://pi.lib.uchicago.edu/1001/org/ochre/b2fc7fee-4ae8-4f86-bd4d-79b15935623b"">https://pi.lib.uchicago.edu/1001/org/ochre/b2fc7fee-4ae8-4f86-bd4d-79b15935623b</a>",Field reports from excavation: 1985-2016,Leon Levy Expedition to Ashkelon Dataset: Field Reports
1999 38.73 Aja.pdf,"OCHRE Link: <a href=""https://pi.lib.uchicago.edu/1001/org/ochre/d7c0f511-575c-5227-74dc-6d05d3a50b18"">https://pi.lib.uchicago.edu/1001/org/ochre/d7c0f511-575c-5227-74dc-6d05d3a50b18</a>",Field reports from excavation: 1985-2016,Leon Levy Expedition to Ashkelon Dataset: Field Reports
1999 38.74 Aja.pdf,"OCHRE Link: <a href=""https://pi.lib.uchicago.edu/1001/org/ochre/ae42a8f4-e2c0-1238-440f-1b2595d19225"">https://pi.lib.uchicago.edu/1001/org/ochre/ae42a8f4-e2c0-1238-440f-1b2595d19225</a>",Field reports from excavation: 1985-2016,Leon Levy Expedition to Ashkelon Dataset: Field Reports
1999 38.75 Press.pdf,"OCHRE Link: <a href=""https://pi.lib.uchicago.edu/1001/org/ochre/b0dcbd41-797c-1102-ba57-9f389d692560"">https://pi.lib.uchicago.edu/1001/org/ochre/b0dcbd41-797c-1102-ba57-9f389d692560</a>",Field reports from excavation: 1985-2016,Leon Levy Expedition to Ashkelon Dataset: Field Reports
1999 38.83 Master.pdf,"OCHRE Link: <a href=""https://pi.lib.uchicago.edu/1001/org/ochre/4460420b-1885-bafa-48b0-b36de1caad71"">https://pi.lib.uchicago.edu/1001/org/ochre/4460420b-1885-bafa-48b0-b36de1caad71</a>",Field reports from excavation: 1985-2016,Leon Levy Expedition to Ashkelon Dataset: Field Reports
1999 38.84 Master and Birney.pdf,"OCHRE Link: <a href=""https://pi.lib.uchicago.edu/1001/org/ochre/6fab1c43-c3c4-56d5-e56b-49a527fa5938"">https://pi.lib.uchicago.edu/1001/org/ochre/6fab1c43-c3c4-56d5-e56b-49a527fa5938</a>",Field reports from excavation: 1985-2016,Leon Levy Expedition to Ashkelon Dataset: Field Reports
1999 38.94 Master.pdf,"OCHRE Link: <a href=""https://pi.lib.uchicago.edu/1001/org/ochre/3949c352-9964-fe17-d234-e38a2dcfec28"">https://pi.lib.uchicago.edu/1001/org/ochre/3949c352-9964-fe17-d234-e38a2dcfec28</a>",Field reports from excavation: 1985-2016,Leon Levy Expedition to Ashkelon Dataset: Field Reports
1999 50 Cohen.pdf,"OCHRE Link: <a href=""https://pi.lib.uchicago.edu/1001/org/ochre/a0c7c634-8039-f009-00e5-720e10bf4d7d"">https://pi.lib.uchicago.edu/1001/org/ochre/a0c7c634-8039-f009-00e5-720e10bf4d7d</a>",Field reports from excavation: 1985-2016,Leon Levy Expedition to Ashkelon Dataset: Field Reports
1999 50.48 lower Corbett.pdf,"OCHRE Link: <a href=""https://pi.lib.uchicago.edu/1001/org/ochre/18cd9d57-2816-71b3-d552-23ae91bf4f75"">https://pi.lib.uchicago.edu/1001/org/ochre/18cd9d57-2816-71b3-d552-23ae91bf4f75</a>",Field reports from excavation: 1985-2016,Leon Levy Expedition to Ashkelon Dataset: Field Reports
1999 50.49 Wieckowski and Smith.pdf,"OCHRE Link: <a href=""https://pi.lib.uchicago.edu/1001/org/ochre/bcabc99f-c378-0169-f448-5d1648a95c09"">https://pi.lib.uchicago.edu/1001/org/ochre/bcabc99f-c378-0169-f448-5d1648a95c09</a>",Field reports from excavation: 1985-2016,Leon Levy Expedition to Ashkelon Dataset: Field Reports
1999 50.58 lower Corbett.pdf,"OCHRE Link: <a href=""https://pi.lib.uchicago.edu/1001/org/ochre/b1163341-71fc-5415-45f0-83b53b9e3b9c"">https://pi.lib.uchicago.edu/1001/org/ochre/b1163341-71fc-5415-45f0-83b53b9e3b9c</a>",Field reports from excavation: 1985-2016,Leon Levy Expedition to Ashkelon Dataset: Field Reports
1999 50.58 upper Vanderhooft.pdf,"OCHRE Link: <a href=""https://pi.lib.uchicago.edu/1001/org/ochre/7735926c-e677-2998-4ce9-7badf9b74455"">https://pi.lib.uchicago.edu/1001/org/ochre/7735926c-e677-2998-4ce9-7badf9b74455</a>",Field reports from excavation: 1985-2016,Leon Levy Expedition to Ashkelon Dataset: Field Reports
1999 50.59 Smith.pdf,"OCHRE Link: <a href=""https://pi.lib.uchicago.edu/1001/org/ochre/07fda0d1-932a-7642-22e0-6728364e511c"">https://pi.lib.uchicago.edu/1001/org/ochre/07fda0d1-932a-7642-22e0-6728364e511c</a>",Field reports from excavation: 1985-2016,Leon Levy Expedition to Ashkelon Dataset: Field Reports
1999 50.67 Beckerleg and Stritch.pdf,"OCHRE Link: <a href=""https://pi.lib.uchicago.edu/1001/org/ochre/235e3db9-b689-daf7-d77d-6fd3d305a8c5"">https://pi.lib.uchicago.edu/1001/org/ochre/235e3db9-b689-daf7-d77d-6fd3d305a8c5</a>",Field reports from excavation: 1985-2016,Leon Levy Expedition to Ashkelon Dataset: Field Reports
1999 51 Gilmour.pdf,"OCHRE Link: <a href=""https://pi.lib.uchicago.edu/1001/org/ochre/0833d54c-1da7-298e-1a24-46d84ee4057d"">https://pi.lib.uchicago.edu/1001/org/ochre/0833d54c-1da7-298e-1a24-46d84ee4057d</a>",Field reports from excavation: 1985-2016,Leon Levy Expedition to Ashkelon Dataset: Field Reports
"1999 51.73,74 Gilmour and McMillion.pdf","OCHRE Link: <a href=""https://pi.lib.uchicago.edu/1001/org/ochre/fab9432b-e74e-633a-647c-93793803b129"">https://pi.lib.uchicago.edu/1001/org/ochre/fab9432b-e74e-633a-647c-93793803b129</a>",Field reports from excavation: 1985-2016,Leon Levy Expedition to Ashkelon Dataset: Field Reports
"1999 Faunal Report Hesse, Wapnish, and Goodman.pdf","OCHRE Link: <a href=""https://pi.lib.uchicago.edu/1001/org/ochre/5a01e855-1915-14f6-5fcf-4ec9540d913b"">https://pi.lib.uchicago.edu/1001/org/ochre/5a01e855-1915-14f6-5fcf-4ec9540d913b</a>",Field reports from excavation: 1985-2016,Leon Levy Expedition to Ashkelon Dataset: Field Reports
2000 23.1 Stritch.pdf,"OCHRE Link: <a href=""https://pi.lib.uchicago.edu/1001/org/ochre/0ecb94c6-d2f9-6608-b201-7b999458bf70"">https://pi.lib.uchicago.edu/1001/org/ochre/0ecb94c6-d2f9-6608-b201-7b999458bf70</a>",Field reports from excavation: 1985-2016,Leon Levy Expedition to Ashkelon Dataset: Field Reports
2000 23.21 Waybright.pdf,"OCHRE Link: <a href=""https://pi.lib.uchicago.edu/1001/org/ochre/6f35d657-e682-a45a-1f21-373cbf3c5115"">https://pi.lib.uchicago.edu/1001/org/ochre/6f35d657-e682-a45a-1f21-373cbf3c5115</a>",Field reports from excavation: 1985-2016,Leon Levy Expedition to Ashkelon Dataset: Field Reports
2000 38 Master and Aja.pdf,"OCHRE Link: <a href=""https://pi.lib.uchicago.edu/1001/org/ochre/1df015c3-0642-2694-3cff-d1d597015a93"">https://pi.lib.uchicago.edu/1001/org/ochre/1df015c3-0642-2694-3cff-d1d597015a93</a>",Field reports from excavation: 1985-2016,Leon Levy Expedition to Ashkelon Dataset: Field Reports
2000 38.63 Spirt.pdf,"OCHRE Link: <a href=""https://pi.lib.uchicago.edu/1001/org/ochre/efce977e-635f-5b2f-12c5-8d5017b989ee"">https://pi.lib.uchicago.edu/1001/org/ochre/efce977e-635f-5b2f-12c5-8d5017b989ee</a>",Field reports from excavation: 1985-2016,Leon Levy Expedition to Ashkelon Dataset: Field Reports
2000 38.64 Spirt.pdf,"OCHRE Link: <a href=""https://pi.lib.uchicago.edu/1001/org/ochre/50f82fd3-a237-fc4b-edf5-ef83059bbe66"">https://pi.lib.uchicago.edu/1001/org/ochre/50f82fd3-a237-fc4b-edf5-ef83059bbe66</a>",Field reports from excavation: 1985-2016,Leon Levy Expedition to Ashkelon Dataset: Field Reports
2000 38.65 Aznar.pdf,"OCHRE Link: <a href=""https://pi.lib.uchicago.edu/1001/org/ochre/01fb19ec-75b4-ff7f-2744-8c41951f6a31"">https://pi.lib.uchicago.edu/1001/org/ochre/01fb19ec-75b4-ff7f-2744-8c41951f6a31</a>",Field reports from excavation: 1985-2016,Leon Levy Expedition to Ashkelon Dataset: Field Reports
2000 38.73 Winthrop and Aja.pdf,"OCHRE Link: <a href=""https://pi.lib.uchicago.edu/1001/org/ochre/1d091b1d-8e22-5bf1-943d-724d4740eb65"">https://pi.lib.uchicago.edu/1001/org/ochre/1d091b1d-8e22-5bf1-943d-724d4740eb65</a>",Field reports from excavation: 1985-2016,Leon Levy Expedition to Ashkelon Dataset: Field Reports
2000 38.74 Novacek.pdf,"OCHRE Link: <a href=""https://pi.lib.uchicago.edu/1001/org/ochre/11ff7d9f-380c-28b2-8a4b-febacee22f37"">https://pi.lib.uchicago.edu/1001/org/ochre/11ff7d9f-380c-28b2-8a4b-febacee22f37</a>",Field reports from excavation: 1985-2016,Leon Levy Expedition to Ashkelon Dataset: Field Reports
2000 38.75 Barako.pdf,"OCHRE Link: <a href=""https://pi.lib.uchicago.edu/1001/org/ochre/1e1f759a-6923-2869-6312-ed54e0ae519a"">https://pi.lib.uchicago.edu/1001/org/ochre/1e1f759a-6923-2869-6312-ed54e0ae519a</a>",Field reports from excavation: 1985-2016,Leon Levy Expedition to Ashkelon Dataset: Field Reports
2000 38.83 McMillion.pdf,"OCHRE Link: <a href=""https://pi.lib.uchicago.edu/1001/org/ochre/303e606f-83f1-c432-a95d-67ece2c8a910"">https://pi.lib.uchicago.edu/1001/org/ochre/303e606f-83f1-c432-a95d-67ece2c8a910</a>",Field reports from excavation: 1985-2016,Leon Levy Expedition to Ashkelon Dataset: Field Reports
2000 38.84 Birney.pdf,"OCHRE Link: <a href=""https://pi.lib.uchicago.edu/1001/org/ochre/2e20c628-97f7-4bc3-0808-25afb66874b9"">https://pi.lib.uchicago.edu/1001/org/ochre/2e20c628-97f7-4bc3-0808-25afb66874b9</a>",Field reports from excavation: 1985-2016,Leon Levy Expedition to Ashkelon Dataset: Field Reports
2000 50 Cohen.pdf,"OCHRE Link: <a href=""https://pi.lib.uchicago.edu/1001/org/ochre/b83ace0d-36c6-c48c-3cba-92f5b09dc1d5"">https://pi.lib.uchicago.edu/1001/org/ochre/b83ace0d-36c6-c48c-3cba-92f5b09dc1d5</a>",Field reports from excavation: 1985-2016,Leon Levy Expedition to Ashkelon Dataset: Field Reports
2000 50.49 Corbett.pdf,"OCHRE Link: <a href=""https://pi.lib.uchicago.edu/1001/org/ochre/28e33447-0bb4-d9a3-d561-3ad99e6f3433"">https://pi.lib.uchicago.edu/1001/org/ochre/28e33447-0bb4-d9a3-d561-3ad99e6f3433</a>",Field reports from excavation: 1985-2016,Leon Levy Expedition to Ashkelon Dataset: Field Reports
2000 50.58 lower Appa.pdf,"OCHRE Link: <a href=""https://pi.lib.uchicago.edu/1001/org/ochre/18497fd0-e7b2-6de2-cc4e-35521b0c389e"">https://pi.lib.uchicago.edu/1001/org/ochre/18497fd0-e7b2-6de2-cc4e-35521b0c389e</a>",Field reports from excavation: 1985-2016,Leon Levy Expedition to Ashkelon Dataset: Field Reports
2000 50.58 Wieckowski.pdf,"OCHRE Link: <a href=""https://pi.lib.uchicago.edu/1001/org/ochre/6e8ea804-d4b9-49b9-8877-9d9baa5688a5"">https://pi.lib.uchicago.edu/1001/org/ochre/6e8ea804-d4b9-49b9-8877-9d9baa5688a5</a>",Field reports from excavation: 1985-2016,Leon Levy Expedition to Ashkelon Dataset: Field Reports
2000 50.59 Hoffman.pdf,"OCHRE Link: <a href=""https://pi.lib.uchicago.edu/1001/org/ochre/20a1f591-fd90-e250-f96a-46d05e5a892d"">https://pi.lib.uchicago.edu/1001/org/ochre/20a1f591-fd90-e250-f96a-46d05e5a892d</a>",Field reports from excavation: 1985-2016,Leon Levy Expedition to Ashkelon Dataset: Field Reports
2000 50.67 Press.pdf,"OCHRE Link: <a href=""https://pi.lib.uchicago.edu/1001/org/ochre/5f64bab7-78af-f29a-6737-1a08bc3fb562"">https://pi.lib.uchicago.edu/1001/org/ochre/5f64bab7-78af-f29a-6737-1a08bc3fb562</a>",Field reports from excavation: 1985-2016,Leon Levy Expedition to Ashkelon Dataset: Field Reports
"2000 51.73, 51.74 Park.pdf","OCHRE Link: <a href=""https://pi.lib.uchicago.edu/1001/org/ochre/8569cd72-ab4e-99af-9e90-233fb48d169c"">https://pi.lib.uchicago.edu/1001/org/ochre/8569cd72-ab4e-99af-9e90-233fb48d169c</a>",Field reports from excavation: 1985-2016,Leon Levy Expedition to Ashkelon Dataset: Field Reports
2000 Osteology Lev-Tov.pdf,"OCHRE Link: <a href=""https://pi.lib.uchicago.edu/1001/org/ochre/66d3b9cb-a514-0e63-eaf7-aaa38cc74d4c"">https://pi.lib.uchicago.edu/1001/org/ochre/66d3b9cb-a514-0e63-eaf7-aaa38cc74d4c</a>",Field reports from excavation: 1985-2016,Leon Levy Expedition to Ashkelon Dataset: Field Reports
2004 38 Aja et al.pdf,"OCHRE Link: <a href=""https://pi.lib.uchicago.edu/1001/org/ochre/56b76c41-6fc9-3846-8cd5-7cdbce11a120"">https://pi.lib.uchicago.edu/1001/org/ochre/56b76c41-6fc9-3846-8cd5-7cdbce11a120</a>",Field reports from excavation: 1985-2016,Leon Levy Expedition to Ashkelon Dataset: Field Reports
2004 38.63 Wieckowski.pdf,"OCHRE Link: <a href=""https://pi.lib.uchicago.edu/1001/org/ochre/17ce2679-5d18-53ca-468e-3c13b18cdda6"">https://pi.lib.uchicago.edu/1001/org/ochre/17ce2679-5d18-53ca-468e-3c13b18cdda6</a>",Field reports from excavation: 1985-2016,Leon Levy Expedition to Ashkelon Dataset: Field Reports
2004 38.64 Press.pdf,"OCHRE Link: <a href=""https://pi.lib.uchicago.edu/1001/org/ochre/5e6b7294-0cb7-f3ff-aaba-1a8d320d1323"">https://pi.lib.uchicago.edu/1001/org/ochre/5e6b7294-0cb7-f3ff-aaba-1a8d320d1323</a>",Field reports from excavation: 1985-2016,Leon Levy Expedition to Ashkelon Dataset: Field Reports
2004 38.73 Wieckowski.pdf,"OCHRE Link: <a href=""https://pi.lib.uchicago.edu/1001/org/ochre/86633a5e-7027-4925-02ce-26fb06e7edb1"">https://pi.lib.uchicago.edu/1001/org/ochre/86633a5e-7027-4925-02ce-26fb06e7edb1</a>",Field reports from excavation: 1985-2016,Leon Levy Expedition to Ashkelon Dataset: Field Reports
2004 38.74 Wieckowski.pdf,"OCHRE Link: <a href=""https://pi.lib.uchicago.edu/1001/org/ochre/b842bfe0-98ce-3dd3-2f30-c61696bc2bcb"">https://pi.lib.uchicago.edu/1001/org/ochre/b842bfe0-98ce-3dd3-2f30-c61696bc2bcb</a>",Field reports from excavation: 1985-2016,Leon Levy Expedition to Ashkelon Dataset: Field Reports
2004 38.83 Goshen.pdf,"OCHRE Link: <a href=""https://pi.lib.uchicago.edu/1001/org/ochre/4a5f7636-199d-e931-dcf4-d1ae5e2f59d5"">https://pi.lib.uchicago.edu/1001/org/ochre/4a5f7636-199d-e931-dcf4-d1ae5e2f59d5</a>",Field reports from excavation: 1985-2016,Leon Levy Expedition to Ashkelon Dataset: Field Reports
2004 38.84 Levine.pdf,"OCHRE Link: <a href=""https://pi.lib.uchicago.edu/1001/org/ochre/470ee16e-f25a-9e00-9b1e-b22e31a113d4"">https://pi.lib.uchicago.edu/1001/org/ochre/470ee16e-f25a-9e00-9b1e-b22e31a113d4</a>",Field reports from excavation: 1985-2016,Leon Levy Expedition to Ashkelon Dataset: Field Reports
2007 23 Birney.pdf,"OCHRE Link: <a href=""https://pi.lib.uchicago.edu/1001/org/ochre/3e084cc2-ca55-afcf-db6b-ff962bd54258"">https://pi.lib.uchicago.edu/1001/org/ochre/3e084cc2-ca55-afcf-db6b-ff962bd54258</a>",Field reports from excavation: 1985-2016,Leon Levy Expedition to Ashkelon Dataset: Field Reports
2007 38 Aja.pdf,"OCHRE Link: <a href=""https://pi.lib.uchicago.edu/1001/org/ochre/12fb8bf9-4891-9772-af20-56d19db92042"">https://pi.lib.uchicago.edu/1001/org/ochre/12fb8bf9-4891-9772-af20-56d19db92042</a>",Field reports from excavation: 1985-2016,Leon Levy Expedition to Ashkelon Dataset: Field Reports
2007 38.63 Press.pdf,"OCHRE Link: <a href=""https://pi.lib.uchicago.edu/1001/org/ochre/1f00d13d-84e9-87dd-92a8-e01fda2e8fad"">https://pi.lib.uchicago.edu/1001/org/ochre/1f00d13d-84e9-87dd-92a8-e01fda2e8fad</a>",Field reports from excavation: 1985-2016,Leon Levy Expedition to Ashkelon Dataset: Field Reports
2007 38.64 Press.pdf,"OCHRE Link: <a href=""https://pi.lib.uchicago.edu/1001/org/ochre/36160bcf-c3f4-3a90-e9b6-eec842a69520"">https://pi.lib.uchicago.edu/1001/org/ochre/36160bcf-c3f4-3a90-e9b6-eec842a69520</a>",Field reports from excavation: 1985-2016,Leon Levy Expedition to Ashkelon Dataset: Field Reports
2007 38.73 DePietro.pdf,"OCHRE Link: <a href=""https://pi.lib.uchicago.edu/1001/org/ochre/4566e47d-a3a1-26ad-31b6-ed4de447f818"">https://pi.lib.uchicago.edu/1001/org/ochre/4566e47d-a3a1-26ad-31b6-ed4de447f818</a>",Field reports from excavation: 1985-2016,Leon Levy Expedition to Ashkelon Dataset: Field Reports
2007 38.74 DePietro.pdf,"OCHRE Link: <a href=""https://pi.lib.uchicago.edu/1001/org/ochre/78d4852b-4be3-4cda-3291-ea5c4ca52abd"">https://pi.lib.uchicago.edu/1001/org/ochre/78d4852b-4be3-4cda-3291-ea5c4ca52abd</a>",Field reports from excavation: 1985-2016,Leon Levy Expedition to Ashkelon Dataset: Field Reports
2007 38.75 Walton and Fu.pdf,"OCHRE Link: <a href=""https://pi.lib.uchicago.edu/1001/org/ochre/e103f840-0296-9abe-87ed-6195a5b3e041"">https://pi.lib.uchicago.edu/1001/org/ochre/e103f840-0296-9abe-87ed-6195a5b3e041</a>",Field reports from excavation: 1985-2016,Leon Levy Expedition to Ashkelon Dataset: Field Reports
2007 38.83 Birney.pdf,"OCHRE Link: <a href=""https://pi.lib.uchicago.edu/1001/org/ochre/f297a371-2f8e-a8fd-0e99-38671e7e0bd7"">https://pi.lib.uchicago.edu/1001/org/ochre/f297a371-2f8e-a8fd-0e99-38671e7e0bd7</a>",Field reports from excavation: 1985-2016,Leon Levy Expedition to Ashkelon Dataset: Field Reports
2007 38.84 Birney.pdf,"OCHRE Link: <a href=""https://pi.lib.uchicago.edu/1001/org/ochre/ba16c67b-22bd-84fd-0b21-f0ae6a018fef"">https://pi.lib.uchicago.edu/1001/org/ochre/ba16c67b-22bd-84fd-0b21-f0ae6a018fef</a>",Field reports from excavation: 1985-2016,Leon Levy Expedition to Ashkelon Dataset: Field Reports
2007 38.85 Barako.pdf,"OCHRE Link: <a href=""https://pi.lib.uchicago.edu/1001/org/ochre/c2c634e4-5bc8-fa05-260b-027b528516af"">https://pi.lib.uchicago.edu/1001/org/ochre/c2c634e4-5bc8-fa05-260b-027b528516af</a>",Field reports from excavation: 1985-2016,Leon Levy Expedition to Ashkelon Dataset: Field Reports
2007 Conyers Ground Penetrating Radar.pdf,"OCHRE Link: <a href=""https://pi.lib.uchicago.edu/1001/org/ochre/f178d52e-0060-30d0-476e-21d8d309f251"">https://pi.lib.uchicago.edu/1001/org/ochre/f178d52e-0060-30d0-476e-21d8d309f251</a>",Field reports from excavation: 1985-2016,Leon Levy Expedition to Ashkelon Dataset: Field Reports
2008 38.63 Prins.pdf,"OCHRE Link: <a href=""https://pi.lib.uchicago.edu/1001/org/ochre/aa4cbc72-da37-8b71-70da-abdb8954b183"">https://pi.lib.uchicago.edu/1001/org/ochre/aa4cbc72-da37-8b71-70da-abdb8954b183</a>",Field reports from excavation: 1985-2016,Leon Levy Expedition to Ashkelon Dataset: Field Reports
2008 38.64 Prins.pdf,"OCHRE Link: <a href=""https://pi.lib.uchicago.edu/1001/org/ochre/69ceca65-1c47-03eb-37e1-91854aeff2b0"">https://pi.lib.uchicago.edu/1001/org/ochre/69ceca65-1c47-03eb-37e1-91854aeff2b0</a>",Field reports from excavation: 1985-2016,Leon Levy Expedition to Ashkelon Dataset: Field Reports
2008 38.65 Wylie.pdf,"OCHRE Link: <a href=""https://pi.lib.uchicago.edu/1001/org/ochre/8ae0b3d0-357b-779f-5b67-6f9ab87bfb86"">https://pi.lib.uchicago.edu/1001/org/ochre/8ae0b3d0-357b-779f-5b67-6f9ab87bfb86</a>",Field reports from excavation: 1985-2016,Leon Levy Expedition to Ashkelon Dataset: Field Reports
2008 38.73 Largent.pdf,"OCHRE Link: <a href=""https://pi.lib.uchicago.edu/1001/org/ochre/2ca8b260-11bc-90bf-0b95-9b8f151b0425"">https://pi.lib.uchicago.edu/1001/org/ochre/2ca8b260-11bc-90bf-0b95-9b8f151b0425</a>",Field reports from excavation: 1985-2016,Leon Levy Expedition to Ashkelon Dataset: Field Reports
2008 38.74 DePietro.pdf,"OCHRE Link: <a href=""https://pi.lib.uchicago.edu/1001/org/ochre/f6afb117-5a64-553e-e6f6-754bdd9e9d47"">https://pi.lib.uchicago.edu/1001/org/ochre/f6afb117-5a64-553e-e6f6-754bdd9e9d47</a>",Field reports from excavation: 1985-2016,Leon Levy Expedition to Ashkelon Dataset: Field Reports
2008 38.75 Fu.pdf,"OCHRE Link: <a href=""https://pi.lib.uchicago.edu/1001/org/ochre/a9726d7c-e5e6-06e3-af42-fee5f4b89e05"">https://pi.lib.uchicago.edu/1001/org/ochre/a9726d7c-e5e6-06e3-af42-fee5f4b89e05</a>",Field reports from excavation: 1985-2016,Leon Levy Expedition to Ashkelon Dataset: Field Reports
2008 38.83 Wylie.pdf,"OCHRE Link: <a href=""https://pi.lib.uchicago.edu/1001/org/ochre/8f9dc369-3370-910c-947a-078b1991173c"">https://pi.lib.uchicago.edu/1001/org/ochre/8f9dc369-3370-910c-947a-078b1991173c</a>",Field reports from excavation: 1985-2016,Leon Levy Expedition to Ashkelon Dataset: Field Reports
2008 38.84 Johnston.pdf,"OCHRE Link: <a href=""https://pi.lib.uchicago.edu/1001/org/ochre/0179860c-257f-4dd2-3cfd-6e071ef59820"">https://pi.lib.uchicago.edu/1001/org/ochre/0179860c-257f-4dd2-3cfd-6e071ef59820</a>",Field reports from excavation: 1985-2016,Leon Levy Expedition to Ashkelon Dataset: Field Reports
2008 Geology Moshier.pdf,"OCHRE Link: <a href=""https://pi.lib.uchicago.edu/1001/org/ochre/af29eb48-bfff-4317-9143-6887180feca5"">https://pi.lib.uchicago.edu/1001/org/ochre/af29eb48-bfff-4317-9143-6887180feca5</a>",Field reports from excavation: 1985-2016,Leon Levy Expedition to Ashkelon Dataset: Field Reports
2008 Grid 2 Walton.pdf,"OCHRE Link: <a href=""https://pi.lib.uchicago.edu/1001/org/ochre/7187e242-fa37-fc62-359a-523216abeee0"">https://pi.lib.uchicago.edu/1001/org/ochre/7187e242-fa37-fc62-359a-523216abeee0</a>",Field reports from excavation: 1985-2016,Leon Levy Expedition to Ashkelon Dataset: Field Reports
2008 Grid 12 Hoffman.pdf,"OCHRE Link: <a href=""https://pi.lib.uchicago.edu/1001/org/ochre/396ef708-2abf-8ab2-4bc4-9151dfabd23b"">https://pi.lib.uchicago.edu/1001/org/ochre/396ef708-2abf-8ab2-4bc4-9151dfabd23b</a>",Field reports from excavation: 1985-2016,Leon Levy Expedition to Ashkelon Dataset: Field Reports
2008 Grid 24 Hoffman.pdf,"OCHRE Link: <a href=""https://pi.lib.uchicago.edu/1001/org/ochre/a5f12c33-f82b-e3a7-1d3c-4cb17fbc9d62"">https://pi.lib.uchicago.edu/1001/org/ochre/a5f12c33-f82b-e3a7-1d3c-4cb17fbc9d62</a>",Field reports from excavation: 1985-2016,Leon Levy Expedition to Ashkelon Dataset: Field Reports
2008 Grid 38 Aja.pdf,"OCHRE Link: <a href=""https://pi.lib.uchicago.edu/1001/org/ochre/6d006d0c-ae83-34af-9919-860ae810ca2f"">https://pi.lib.uchicago.edu/1001/org/ochre/6d006d0c-ae83-34af-9919-860ae810ca2f</a>",Field reports from excavation: 1985-2016,Leon Levy Expedition to Ashkelon Dataset: Field Reports
2008 Grid 47 Boehm and Bar-Nathan.pdf,"OCHRE Link: <a href=""https://pi.lib.uchicago.edu/1001/org/ochre/8f1def9f-2b5f-90bf-b9e4-6659daf6dd8f"">https://pi.lib.uchicago.edu/1001/org/ochre/8f1def9f-2b5f-90bf-b9e4-6659daf6dd8f</a>",Field reports from excavation: 1985-2016,Leon Levy Expedition to Ashkelon Dataset: Field Reports
2008 Grid 51 Birney.pdf,"OCHRE Link: <a href=""https://pi.lib.uchicago.edu/1001/org/ochre/e2cc9e1c-398e-c90d-2bb7-049ba7c2c987"">https://pi.lib.uchicago.edu/1001/org/ochre/e2cc9e1c-398e-c90d-2bb7-049ba7c2c987</a>",Field reports from excavation: 1985-2016,Leon Levy Expedition to Ashkelon Dataset: Field Reports
2009 23 Hoffman.pdf,"OCHRE Link: <a href=""https://pi.lib.uchicago.edu/1001/org/ochre/cb814b94-efb2-4515-bfbb-f26d25fe129c"">https://pi.lib.uchicago.edu/1001/org/ochre/cb814b94-efb2-4515-bfbb-f26d25fe129c</a>",Field reports from excavation: 1985-2016,Leon Levy Expedition to Ashkelon Dataset: Field Reports
2009 38 Aja.pdf,"OCHRE Link: <a href=""https://pi.lib.uchicago.edu/1001/org/ochre/b56a6209-433b-4b66-912b-50fc79bdfae2"">https://pi.lib.uchicago.edu/1001/org/ochre/b56a6209-433b-4b66-912b-50fc79bdfae2</a>",Field reports from excavation: 1985-2016,Leon Levy Expedition to Ashkelon Dataset: Field Reports
2009 38.65 Wylie.pdf,"OCHRE Link: <a href=""https://pi.lib.uchicago.edu/1001/org/ochre/87c266c2-7f47-470d-9d36-ad574c547418"">https://pi.lib.uchicago.edu/1001/org/ochre/87c266c2-7f47-470d-9d36-ad574c547418</a>",Field reports from excavation: 1985-2016,Leon Levy Expedition to Ashkelon Dataset: Field Reports
2009 38.75 Fu.pdf,"OCHRE Link: <a href=""https://pi.lib.uchicago.edu/1001/org/ochre/26e05b4e-1472-4ee7-a94a-c715deab3a72"">https://pi.lib.uchicago.edu/1001/org/ochre/26e05b4e-1472-4ee7-a94a-c715deab3a72</a>",Field reports from excavation: 1985-2016,Leon Levy Expedition to Ashkelon Dataset: Field Reports
2009 47 Bar Natan and Johnston.pdf,"OCHRE Link: <a href=""https://pi.lib.uchicago.edu/1001/org/ochre/dd45f48a-96c9-4d1b-83b7-615b1038a752"">https://pi.lib.uchicago.edu/1001/org/ochre/dd45f48a-96c9-4d1b-83b7-615b1038a752</a>",Field reports from excavation: 1985-2016,Leon Levy Expedition to Ashkelon Dataset: Field Reports
2009 47.44 Largent.pdf,"OCHRE Link: <a href=""https://pi.lib.uchicago.edu/1001/org/ochre/3f684b8b-d5ce-49d4-9bf0-ccf083f7d18c"">https://pi.lib.uchicago.edu/1001/org/ochre/3f684b8b-d5ce-49d4-9bf0-ccf083f7d18c</a>",Field reports from excavation: 1985-2016,Leon Levy Expedition to Ashkelon Dataset: Field Reports
2009 47.53 Reiss.pdf,"OCHRE Link: <a href=""https://pi.lib.uchicago.edu/1001/org/ochre/e32fefdd-6080-4f4e-83a0-cd74f0830c20"">https://pi.lib.uchicago.edu/1001/org/ochre/e32fefdd-6080-4f4e-83a0-cd74f0830c20</a>",Field reports from excavation: 1985-2016,Leon Levy Expedition to Ashkelon Dataset: Field Reports
2009 47.54 LeBlanc and Johnston.pdf,"OCHRE Link: <a href=""https://pi.lib.uchicago.edu/1001/org/ochre/ff9564df-6af3-4f5b-a606-195484287cbe"">https://pi.lib.uchicago.edu/1001/org/ochre/ff9564df-6af3-4f5b-a606-195484287cbe</a>",Field reports from excavation: 1985-2016,Leon Levy Expedition to Ashkelon Dataset: Field Reports
2009 51 Birney.pdf,"OCHRE Link: <a href=""https://pi.lib.uchicago.edu/1001/org/ochre/f9a27563-8331-4e82-81a3-7f677fde0b38"">https://pi.lib.uchicago.edu/1001/org/ochre/f9a27563-8331-4e82-81a3-7f677fde0b38</a>",Field reports from excavation: 1985-2016,Leon Levy Expedition to Ashkelon Dataset: Field Reports
2009 51.73-4 Jakoby.pdf,"OCHRE Link: <a href=""https://pi.lib.uchicago.edu/1001/org/ochre/140e1311-d181-4b62-8f17-80c71e184248"">https://pi.lib.uchicago.edu/1001/org/ochre/140e1311-d181-4b62-8f17-80c71e184248</a>",Field reports from excavation: 1985-2016,Leon Levy Expedition to Ashkelon Dataset: Field Reports
2009 51.83-4 Wright.pdf,"OCHRE Link: <a href=""https://pi.lib.uchicago.edu/1001/org/ochre/554b4204-9724-452f-acb1-ca16be55696d"">https://pi.lib.uchicago.edu/1001/org/ochre/554b4204-9724-452f-acb1-ca16be55696d</a>",Field reports from excavation: 1985-2016,Leon Levy Expedition to Ashkelon Dataset: Field Reports
2010 38.74 DePietro.pdf,"OCHRE Link: <a href=""https://pi.lib.uchicago.edu/1001/org/ochre/d959ac2a-0842-4f70-a42e-562e37428ef3"">https://pi.lib.uchicago.edu/1001/org/ochre/d959ac2a-0842-4f70-a42e-562e37428ef3</a>",Field reports from excavation: 1985-2016,Leon Levy Expedition to Ashkelon Dataset: Field Reports
2010 38.85 Wylie.pdf,"OCHRE Link: <a href=""https://pi.lib.uchicago.edu/1001/org/ochre/1d1743db-7ab7-4173-b083-97ec03ae32f9"">https://pi.lib.uchicago.edu/1001/org/ochre/1d1743db-7ab7-4173-b083-97ec03ae32f9</a>",Field reports from excavation: 1985-2016,Leon Levy Expedition to Ashkelon Dataset: Field Reports
2010 47.34 Boehm.pdf,"OCHRE Link: <a href=""https://pi.lib.uchicago.edu/1001/org/ochre/d14d64c7-f2e9-4394-bd20-a8c2258952a5"">https://pi.lib.uchicago.edu/1001/org/ochre/d14d64c7-f2e9-4394-bd20-a8c2258952a5</a>",Field reports from excavation: 1985-2016,Leon Levy Expedition to Ashkelon Dataset: Field Reports
2010 47.45 Le Blanc.pdf,"OCHRE Link: <a href=""https://pi.lib.uchicago.edu/1001/org/ochre/ec52ede3-5e34-4bf9-849c-6dab5fc8a2d8"">https://pi.lib.uchicago.edu/1001/org/ochre/ec52ede3-5e34-4bf9-849c-6dab5fc8a2d8</a>",Field reports from excavation: 1985-2016,Leon Levy Expedition to Ashkelon Dataset: Field Reports
2010 47.55 Jakoby.pdf,"OCHRE Link: <a href=""https://pi.lib.uchicago.edu/1001/org/ochre/3911b946-a8ef-44a3-a770-356e3ca56803"">https://pi.lib.uchicago.edu/1001/org/ochre/3911b946-a8ef-44a3-a770-356e3ca56803</a>",Field reports from excavation: 1985-2016,Leon Levy Expedition to Ashkelon Dataset: Field Reports
2010 51.74 Largent.pdf,"OCHRE Link: <a href=""https://pi.lib.uchicago.edu/1001/org/ochre/0a38f4ad-2f73-4af3-b7b1-27632417ed81"">https://pi.lib.uchicago.edu/1001/org/ochre/0a38f4ad-2f73-4af3-b7b1-27632417ed81</a>",Field reports from excavation: 1985-2016,Leon Levy Expedition to Ashkelon Dataset: Field Reports
2010 51.75 Burrus.pdf,"OCHRE Link: <a href=""https://pi.lib.uchicago.edu/1001/org/ochre/0509f041-e21e-419e-91e7-e0ba0dedd407"">https://pi.lib.uchicago.edu/1001/org/ochre/0509f041-e21e-419e-91e7-e0ba0dedd407</a>",Field reports from excavation: 1985-2016,Leon Levy Expedition to Ashkelon Dataset: Field Reports
2010 51.84-85 Hoffman.pdf,"OCHRE Link: <a href=""https://pi.lib.uchicago.edu/1001/org/ochre/ad9b96b3-5070-4f30-8cf5-8e186be622d6"">https://pi.lib.uchicago.edu/1001/org/ochre/ad9b96b3-5070-4f30-8cf5-8e186be622d6</a>",Field reports from excavation: 1985-2016,Leon Levy Expedition to Ashkelon Dataset: Field Reports
2010 Grid 38 Walton.pdf,"OCHRE Link: <a href=""https://pi.lib.uchicago.edu/1001/org/ochre/e150cf63-eaab-43b6-9ca4-dc44a93c838e"">https://pi.lib.uchicago.edu/1001/org/ochre/e150cf63-eaab-43b6-9ca4-dc44a93c838e</a>",Field reports from excavation: 1985-2016,Leon Levy Expedition to Ashkelon Dataset: Field Reports
2010 Grid 47 Hoffman.pdf,"OCHRE Link: <a href=""https://pi.lib.uchicago.edu/1001/org/ochre/bd1634c9-ccde-458b-b4c0-714896e4111f"">https://pi.lib.uchicago.edu/1001/org/ochre/bd1634c9-ccde-458b-b4c0-714896e4111f</a>",Field reports from excavation: 1985-2016,Leon Levy Expedition to Ashkelon Dataset: Field Reports
2010 Grid 51 Birney.pdf,"OCHRE Link: <a href=""https://pi.lib.uchicago.edu/1001/org/ochre/ce84864f-8f0c-4fcb-a0f1-a0e2021dcf50"">https://pi.lib.uchicago.edu/1001/org/ochre/ce84864f-8f0c-4fcb-a0f1-a0e2021dcf50</a>",Field reports from excavation: 1985-2016,Leon Levy Expedition to Ashkelon Dataset: Field Reports
"2011 10.9,19 Johnston.pdf","OCHRE Link: <a href=""https://pi.lib.uchicago.edu/1001/org/ochre/fddd8a32-c536-40d5-aab3-8cae7c769163"">https://pi.lib.uchicago.edu/1001/org/ochre/fddd8a32-c536-40d5-aab3-8cae7c769163</a>",Field reports from excavation: 1985-2016,Leon Levy Expedition to Ashkelon Dataset: Field Reports
"2011 35.23,32 Johnston.pdf","OCHRE Link: <a href=""https://pi.lib.uchicago.edu/1001/org/ochre/0fe7624c-c08b-4e49-b6a0-deb4f8519e09"">https://pi.lib.uchicago.edu/1001/org/ochre/0fe7624c-c08b-4e49-b6a0-deb4f8519e09</a>",Field reports from excavation: 1985-2016,Leon Levy Expedition to Ashkelon Dataset: Field Reports
2011 38 Walton.pdf,"OCHRE Link: <a href=""https://pi.lib.uchicago.edu/1001/org/ochre/6d887014-2812-4943-90e0-fd3c906b23fa"">https://pi.lib.uchicago.edu/1001/org/ochre/6d887014-2812-4943-90e0-fd3c906b23fa</a>",Field reports from excavation: 1985-2016,Leon Levy Expedition to Ashkelon Dataset: Field Reports
2011 38.76 Wing and Felker.pdf,"OCHRE Link: <a href=""https://pi.lib.uchicago.edu/1001/org/ochre/95e6470e-70f8-40e1-96d4-3e6d87111ae1"">https://pi.lib.uchicago.edu/1001/org/ochre/95e6470e-70f8-40e1-96d4-3e6d87111ae1</a>",Field reports from excavation: 1985-2016,Leon Levy Expedition to Ashkelon Dataset: Field Reports
2011 38.85 Wylie.pdf,"OCHRE Link: <a href=""https://pi.lib.uchicago.edu/1001/org/ochre/d845eb41-fd6f-41f9-bd5b-470a8f17630e"">https://pi.lib.uchicago.edu/1001/org/ochre/d845eb41-fd6f-41f9-bd5b-470a8f17630e</a>",Field reports from excavation: 1985-2016,Leon Levy Expedition to Ashkelon Dataset: Field Reports
2011 47 Hoffman.pdf,"OCHRE Link: <a href=""https://pi.lib.uchicago.edu/1001/org/ochre/6ebecb9e-a323-42e0-bbba-1f3e01ad9330"">https://pi.lib.uchicago.edu/1001/org/ochre/6ebecb9e-a323-42e0-bbba-1f3e01ad9330</a>",Field reports from excavation: 1985-2016,Leon Levy Expedition to Ashkelon Dataset: Field Reports
"2011 47.34,36 Boehm.pdf","OCHRE Link: <a href=""https://pi.lib.uchicago.edu/1001/org/ochre/97ccb784-74e4-441d-af9b-4d68640adcd3"">https://pi.lib.uchicago.edu/1001/org/ochre/97ccb784-74e4-441d-af9b-4d68640adcd3</a>",Field reports from excavation: 1985-2016,Leon Levy Expedition to Ashkelon Dataset: Field Reports
"2011 47.44,54 Kim.pdf","OCHRE Link: <a href=""https://pi.lib.uchicago.edu/1001/org/ochre/d5b15171-176d-45b8-9611-882986daa39c"">https://pi.lib.uchicago.edu/1001/org/ochre/d5b15171-176d-45b8-9611-882986daa39c</a>",Field reports from excavation: 1985-2016,Leon Levy Expedition to Ashkelon Dataset: Field Reports
2011 47.45 Le Blanc.pdf,"OCHRE Link: <a href=""https://pi.lib.uchicago.edu/1001/org/ochre/68abfcf5-56da-4b04-87ac-83d67377b75f"">https://pi.lib.uchicago.edu/1001/org/ochre/68abfcf5-56da-4b04-87ac-83d67377b75f</a>",Field reports from excavation: 1985-2016,Leon Levy Expedition to Ashkelon Dataset: Field Reports
2011 47.55 Busby.pdf,"OCHRE Link: <a href=""https://pi.lib.uchicago.edu/1001/org/ochre/bba68bad-74cb-469b-8d7b-3918eed5bc1c"">https://pi.lib.uchicago.edu/1001/org/ochre/bba68bad-74cb-469b-8d7b-3918eed5bc1c</a>",Field reports from excavation: 1985-2016,Leon Levy Expedition to Ashkelon Dataset: Field Reports
2011 47.56 Le Blanc.pdf,"OCHRE Link: <a href=""https://pi.lib.uchicago.edu/1001/org/ochre/9e44c59f-2699-49f3-a700-77b255e18a5c"">https://pi.lib.uchicago.edu/1001/org/ochre/9e44c59f-2699-49f3-a700-77b255e18a5c</a>",Field reports from excavation: 1985-2016,Leon Levy Expedition to Ashkelon Dataset: Field Reports
2011 47.64 Busby.pdf,"OCHRE Link: <a href=""https://pi.lib.uchicago.edu/1001/org/ochre/3c84c8e5-0c04-414b-938a-22aa6cdd8279"">https://pi.lib.uchicago.edu/1001/org/ochre/3c84c8e5-0c04-414b-938a-22aa6cdd8279</a>",Field reports from excavation: 1985-2016,Leon Levy Expedition to Ashkelon Dataset: Field Reports
2011 51 Birney.pdf,"OCHRE Link: <a href=""https://pi.lib.uchicago.edu/1001/org/ochre/859e07ee-6868-4045-821b-fccc30324ef8"">https://pi.lib.uchicago.edu/1001/org/ochre/859e07ee-6868-4045-821b-fccc30324ef8</a>",Field reports from excavation: 1985-2016,Leon Levy Expedition to Ashkelon Dataset: Field Reports
2011 51.74 Largent.pdf,"OCHRE Link: <a href=""https://pi.lib.uchicago.edu/1001/org/ochre/00dcf19c-f9a2-4f94-9d75-44ba6b4b7117"">https://pi.lib.uchicago.edu/1001/org/ochre/00dcf19c-f9a2-4f94-9d75-44ba6b4b7117</a>",Field reports from excavation: 1985-2016,Leon Levy Expedition to Ashkelon Dataset: Field Reports
"2011 51.75,85 Hoffman.pdf","OCHRE Link: <a href=""https://pi.lib.uchicago.edu/1001/org/ochre/fad384f4-3ee5-4d61-b6ec-2517daaba658"">https://pi.lib.uchicago.edu/1001/org/ochre/fad384f4-3ee5-4d61-b6ec-2517daaba658</a>",Field reports from excavation: 1985-2016,Leon Levy Expedition to Ashkelon Dataset: Field Reports
2011 51.83 Wright.pdf,"OCHRE Link: <a href=""https://pi.lib.uchicago.edu/1001/org/ochre/94a36f0e-db85-43c4-8e29-565a74d5d46e"">https://pi.lib.uchicago.edu/1001/org/ochre/94a36f0e-db85-43c4-8e29-565a74d5d46e</a>",Field reports from excavation: 1985-2016,Leon Levy Expedition to Ashkelon Dataset: Field Reports
2012 47 Hoffman.pdf,"OCHRE Link: <a href=""https://pi.lib.uchicago.edu/1001/org/ochre/f9ee156a-228b-40cc-ac81-c7129a435354"">https://pi.lib.uchicago.edu/1001/org/ochre/f9ee156a-228b-40cc-ac81-c7129a435354</a>",Field reports from excavation: 1985-2016,Leon Levy Expedition to Ashkelon Dataset: Field Reports
"2012 47.34,36 Boehm.pdf","OCHRE Link: <a href=""https://pi.lib.uchicago.edu/1001/org/ochre/c8eb94ae-8932-4102-be21-bd9dd9a74a24"">https://pi.lib.uchicago.edu/1001/org/ochre/c8eb94ae-8932-4102-be21-bd9dd9a74a24</a>",Field reports from excavation: 1985-2016,Leon Levy Expedition to Ashkelon Dataset: Field Reports
2012 47.45 Le Blanc.pdf,"OCHRE Link: <a href=""https://pi.lib.uchicago.edu/1001/org/ochre/01f24d53-5159-4968-b7b0-e8d3dfc9d716"">https://pi.lib.uchicago.edu/1001/org/ochre/01f24d53-5159-4968-b7b0-e8d3dfc9d716</a>",Field reports from excavation: 1985-2016,Leon Levy Expedition to Ashkelon Dataset: Field Reports
2012 47.53 Le Blanc.pdf,"OCHRE Link: <a href=""https://pi.lib.uchicago.edu/1001/org/ochre/272f1f21-7bcd-4df7-9dcc-6f5f52b1a0c4"">https://pi.lib.uchicago.edu/1001/org/ochre/272f1f21-7bcd-4df7-9dcc-6f5f52b1a0c4</a>",Field reports from excavation: 1985-2016,Leon Levy Expedition to Ashkelon Dataset: Field Reports
2012 47.55 Busby.pdf,"OCHRE Link: <a href=""https://pi.lib.uchicago.edu/1001/org/ochre/db014185-2e53-43dc-ac40-5a1df981bd11"">https://pi.lib.uchicago.edu/1001/org/ochre/db014185-2e53-43dc-ac40-5a1df981bd11</a>",Field reports from excavation: 1985-2016,Leon Levy Expedition to Ashkelon Dataset: Field Reports
2012 47.64 Busby.pdf,"OCHRE Link: <a href=""https://pi.lib.uchicago.edu/1001/org/ochre/e8713e4b-68da-4e85-ab32-f6ba2d884e70"">https://pi.lib.uchicago.edu/1001/org/ochre/e8713e4b-68da-4e85-ab32-f6ba2d884e70</a>",Field reports from excavation: 1985-2016,Leon Levy Expedition to Ashkelon Dataset: Field Reports
2012 51 Birney.pdf,"OCHRE Link: <a href=""https://pi.lib.uchicago.edu/1001/org/ochre/a19b4d39-567e-43ce-9d3c-9d47fdfd4770"">https://pi.lib.uchicago.edu/1001/org/ochre/a19b4d39-567e-43ce-9d3c-9d47fdfd4770</a>",Field reports from excavation: 1985-2016,Leon Levy Expedition to Ashkelon Dataset: Field Reports
2012 51.74 DePietro.pdf,"OCHRE Link: <a href=""https://pi.lib.uchicago.edu/1001/org/ochre/ebdce989-b000-44f5-a648-9ba31e075679"">https://pi.lib.uchicago.edu/1001/org/ochre/ebdce989-b000-44f5-a648-9ba31e075679</a>",Field reports from excavation: 1985-2016,Leon Levy Expedition to Ashkelon Dataset: Field Reports
"2012 51.75,85 Williams.pdf","OCHRE Link: <a href=""https://pi.lib.uchicago.edu/1001/org/ochre/93635fd5-bcb9-4732-be5b-688e6633c9b3"">https://pi.lib.uchicago.edu/1001/org/ochre/93635fd5-bcb9-4732-be5b-688e6633c9b3</a>",Field reports from excavation: 1985-2016,Leon Levy Expedition to Ashkelon Dataset: Field Reports
"2012 51.83,84 Wright.pdf","OCHRE Link: <a href=""https://pi.lib.uchicago.edu/1001/org/ochre/ce66f11f-03fc-4ab8-b0a4-1d2d5e6086d7"">https://pi.lib.uchicago.edu/1001/org/ochre/ce66f11f-03fc-4ab8-b0a4-1d2d5e6086d7</a>",Field reports from excavation: 1985-2016,Leon Levy Expedition to Ashkelon Dataset: Field Reports
2012_38.76_Final_Report_2012.pdf,"OCHRE Link: <a href=""https://pi.lib.uchicago.edu/1001/org/ochre/885ea6df-8100-4617-bb8d-6cb6b5984fa5"">https://pi.lib.uchicago.edu/1001/org/ochre/885ea6df-8100-4617-bb8d-6cb6b5984fa5</a>",Field reports from excavation: 1985-2016,Leon Levy Expedition to Ashkelon Dataset: Field Reports
2012_38.85_Final_Report_2012.pdf,"OCHRE Link: <a href=""https://pi.lib.uchicago.edu/1001/org/ochre/ae206e85-5998-482e-aa31-53dc92c5efc2"">https://pi.lib.uchicago.edu/1001/org/ochre/ae206e85-5998-482e-aa31-53dc92c5efc2</a>",Field reports from excavation: 1985-2016,Leon Levy Expedition to Ashkelon Dataset: Field Reports
2012_38_Grid_Report_2012.pdf,"OCHRE Link: <a href=""https://pi.lib.uchicago.edu/1001/org/ochre/db532346-2015-48c1-92fb-5e0c6404d1ba"">https://pi.lib.uchicago.edu/1001/org/ochre/db532346-2015-48c1-92fb-5e0c6404d1ba</a>",Field reports from excavation: 1985-2016,Leon Levy Expedition to Ashkelon Dataset: Field Reports
2013_38.76_Wylie.pdf,"OCHRE Link: <a href=""https://pi.lib.uchicago.edu/1001/org/ochre/277a91a8-e615-408b-ad7a-b317adae21e4"">https://pi.lib.uchicago.edu/1001/org/ochre/277a91a8-e615-408b-ad7a-b317adae21e4</a>",Field reports from excavation: 1985-2016,Leon Levy Expedition to Ashkelon Dataset: Field Reports
2013_38.85_Wylie.pdf,"OCHRE Link: <a href=""https://pi.lib.uchicago.edu/1001/org/ochre/5585d273-23e2-4ccb-ae74-01747906f941"">https://pi.lib.uchicago.edu/1001/org/ochre/5585d273-23e2-4ccb-ae74-01747906f941</a>",Field reports from excavation: 1985-2016,Leon Levy Expedition to Ashkelon Dataset: Field Reports
2013_38_Walton.pdf,"OCHRE Link: <a href=""https://pi.lib.uchicago.edu/1001/org/ochre/9cf6c5fc-761b-4fb1-973c-94fa4f6077a4"">https://pi.lib.uchicago.edu/1001/org/ochre/9cf6c5fc-761b-4fb1-973c-94fa4f6077a4</a>",Field reports from excavation: 1985-2016,Leon Levy Expedition to Ashkelon Dataset: Field Reports
2013_44.2_Buckingham.pdf,"OCHRE Link: <a href=""https://pi.lib.uchicago.edu/1001/org/ochre/6d09e3e7-3afc-43e0-93b2-f221b3d674e3"">https://pi.lib.uchicago.edu/1001/org/ochre/6d09e3e7-3afc-43e0-93b2-f221b3d674e3</a>",Field reports from excavation: 1985-2016,Leon Levy Expedition to Ashkelon Dataset: Field Reports
2013_44.3_Ehrlich.pdf,"OCHRE Link: <a href=""https://pi.lib.uchicago.edu/1001/org/ochre/6803a369-8c07-4857-b563-e79bbd70ba71"">https://pi.lib.uchicago.edu/1001/org/ochre/6803a369-8c07-4857-b563-e79bbd70ba71</a>",Field reports from excavation: 1985-2016,Leon Levy Expedition to Ashkelon Dataset: Field Reports
2013_44_T.Hoffman.pdf,"OCHRE Link: <a href=""https://pi.lib.uchicago.edu/1001/org/ochre/eeba7e2d-154d-4a5e-9a4f-1b101ac6f7c8"">https://pi.lib.uchicago.edu/1001/org/ochre/eeba7e2d-154d-4a5e-9a4f-1b101ac6f7c8</a>",Field reports from excavation: 1985-2016,Leon Levy Expedition to Ashkelon Dataset: Field Reports
2013_51.74_S.Hoffman.pdf,"OCHRE Link: <a href=""https://pi.lib.uchicago.edu/1001/org/ochre/58b7031a-27cd-4d0b-8a4e-2bd79f7fb775"">https://pi.lib.uchicago.edu/1001/org/ochre/58b7031a-27cd-4d0b-8a4e-2bd79f7fb775</a>",Field reports from excavation: 1985-2016,Leon Levy Expedition to Ashkelon Dataset: Field Reports
2013_51.75-85_VanderVorst.pdf,"OCHRE Link: <a href=""https://pi.lib.uchicago.edu/1001/org/ochre/c73f1a7a-955c-4660-b316-df662e1d61b2"">https://pi.lib.uchicago.edu/1001/org/ochre/c73f1a7a-955c-4660-b316-df662e1d61b2</a>",Field reports from excavation: 1985-2016,Leon Levy Expedition to Ashkelon Dataset: Field Reports
2013_51.83-84_Wright.pdf,"OCHRE Link: <a href=""https://pi.lib.uchicago.edu/1001/org/ochre/fef72e38-edf0-4676-801e-395422d6e106"">https://pi.lib.uchicago.edu/1001/org/ochre/fef72e38-edf0-4676-801e-395422d6e106</a>",Field reports from excavation: 1985-2016,Leon Levy Expedition to Ashkelon Dataset: Field Reports
2013_51_Birney.pdf,"OCHRE Link: <a href=""https://pi.lib.uchicago.edu/1001/org/ochre/69b4379a-ebc6-432a-b1ed-538cfbf82c70"">https://pi.lib.uchicago.edu/1001/org/ochre/69b4379a-ebc6-432a-b1ed-538cfbf82c70</a>",Field reports from excavation: 1985-2016,Leon Levy Expedition to Ashkelon Dataset: Field Reports
2013_N5.13_Aja.pdf,"OCHRE Link: <a href=""https://pi.lib.uchicago.edu/1001/org/ochre/ff57477b-7942-4dee-a813-af3714759d2f"">https://pi.lib.uchicago.edu/1001/org/ochre/ff57477b-7942-4dee-a813-af3714759d2f</a>",Field reports from excavation: 1985-2016,Leon Levy Expedition to Ashkelon Dataset: Field Reports
2014_16.59_VanderVorst.pdf,"OCHRE Link: <a href=""https://pi.lib.uchicago.edu/1001/org/ochre/45289929-a513-4b7f-a900-43c9cd1726c4"">https://pi.lib.uchicago.edu/1001/org/ochre/45289929-a513-4b7f-a900-43c9cd1726c4</a>",Field reports from excavation: 1985-2016,Leon Levy Expedition to Ashkelon Dataset: Field Reports
2014_16.69_VanderVorst.pdf,"OCHRE Link: <a href=""https://pi.lib.uchicago.edu/1001/org/ochre/15f58d18-899a-4d37-af51-3a247573a725"">https://pi.lib.uchicago.edu/1001/org/ochre/15f58d18-899a-4d37-af51-3a247573a725</a>",Field reports from excavation: 1985-2016,Leon Levy Expedition to Ashkelon Dataset: Field Reports
2014_16_Walton.pdf,"OCHRE Link: <a href=""https://pi.lib.uchicago.edu/1001/org/ochre/f234f570-68e9-4b03-8f14-988c760a36c9"">https://pi.lib.uchicago.edu/1001/org/ochre/f234f570-68e9-4b03-8f14-988c760a36c9</a>",Field reports from excavation: 1985-2016,Leon Levy Expedition to Ashkelon Dataset: Field Reports
2014_32.19_Ehrlich.pdf,"OCHRE Link: <a href=""https://pi.lib.uchicago.edu/1001/org/ochre/ef184349-ba72-4456-b05f-5121e972f5a4"">https://pi.lib.uchicago.edu/1001/org/ochre/ef184349-ba72-4456-b05f-5121e972f5a4</a>",Field reports from excavation: 1985-2016,Leon Levy Expedition to Ashkelon Dataset: Field Reports
2014_51.73_Jackson.pdf,"OCHRE Link: <a href=""https://pi.lib.uchicago.edu/1001/org/ochre/6c14201e-6730-47e9-9ed2-fd01e397dd52"">https://pi.lib.uchicago.edu/1001/org/ochre/6c14201e-6730-47e9-9ed2-fd01e397dd52</a>",Field reports from excavation: 1985-2016,Leon Levy Expedition to Ashkelon Dataset: Field Reports
2014_51.74-75_Shames.pdf,"OCHRE Link: <a href=""https://pi.lib.uchicago.edu/1001/org/ochre/1a499a45-7f39-4ad4-94e6-9681a309b499"">https://pi.lib.uchicago.edu/1001/org/ochre/1a499a45-7f39-4ad4-94e6-9681a309b499</a>",Field reports from excavation: 1985-2016,Leon Levy Expedition to Ashkelon Dataset: Field Reports
2014_51.83-84-85_Lester.pdf,"OCHRE Link: <a href=""https://pi.lib.uchicago.edu/1001/org/ochre/c252da35-fa07-423a-8610-c3107eab96e1"">https://pi.lib.uchicago.edu/1001/org/ochre/c252da35-fa07-423a-8610-c3107eab96e1</a>",Field reports from excavation: 1985-2016,Leon Levy Expedition to Ashkelon Dataset: Field Reports
2014_51_Birney.pdf,"OCHRE Link: <a href=""https://pi.lib.uchicago.edu/1001/org/ochre/1db20eed-bae9-4241-81b8-13f0bd45806d"">https://pi.lib.uchicago.edu/1001/org/ochre/1db20eed-bae9-4241-81b8-13f0bd45806d</a>",Field reports from excavation: 1985-2016,Leon Levy Expedition to Ashkelon Dataset: Field Reports
2014_N5.23_Fu.pdf,"OCHRE Link: <a href=""https://pi.lib.uchicago.edu/1001/org/ochre/80b8070d-5ee1-4f7c-8d9b-25e52a89bdaf"">https://pi.lib.uchicago.edu/1001/org/ochre/80b8070d-5ee1-4f7c-8d9b-25e52a89bdaf</a>",Field reports from excavation: 1985-2016,Leon Levy Expedition to Ashkelon Dataset: Field Reports
2014_N5_Aja.pdf,"OCHRE Link: <a href=""https://pi.lib.uchicago.edu/1001/org/ochre/1f639281-bce3-40de-a768-a1a431429eb5"">https://pi.lib.uchicago.edu/1001/org/ochre/1f639281-bce3-40de-a768-a1a431429eb5</a>",Field reports from excavation: 1985-2016,Leon Levy Expedition to Ashkelon Dataset: Field Reports
2014_Physical_Anthropology_Fox.pdf,"OCHRE Link: <a href=""https://pi.lib.uchicago.edu/1001/org/ochre/0186bdae-8601-4f10-a8d6-574af079567f"">https://pi.lib.uchicago.edu/1001/org/ochre/0186bdae-8601-4f10-a8d6-574af079567f</a>",Field reports from excavation: 1985-2016,Leon Levy Expedition to Ashkelon Dataset: Field Reports
2015_16.39-49-59_Shames.pdf,"OCHRE Link: <a href=""https://pi.lib.uchicago.edu/1001/org/ochre/0fb3efce-0465-4ce1-80f4-00ce5aec41ab"">https://pi.lib.uchicago.edu/1001/org/ochre/0fb3efce-0465-4ce1-80f4-00ce5aec41ab</a>",Field reports from excavation: 1985-2016,Leon Levy Expedition to Ashkelon Dataset: Field Reports
2015_16_Walton.pdf,"OCHRE Link: <a href=""https://pi.lib.uchicago.edu/1001/org/ochre/0c697b73-e06c-45ad-93ee-a450c18178d0"">https://pi.lib.uchicago.edu/1001/org/ochre/0c697b73-e06c-45ad-93ee-a450c18178d0</a>",Field reports from excavation: 1985-2016,Leon Levy Expedition to Ashkelon Dataset: Field Reports
2015_25.96_Ehrlich.pdf,"OCHRE Link: <a href=""https://pi.lib.uchicago.edu/1001/org/ochre/ba93850a-1d29-4573-85ad-973cd10ab1cc"">https://pi.lib.uchicago.edu/1001/org/ochre/ba93850a-1d29-4573-85ad-973cd10ab1cc</a>",Field reports from excavation: 1985-2016,Leon Levy Expedition to Ashkelon Dataset: Field Reports
2015_25_Hoffman.pdf,"OCHRE Link: <a href=""https://pi.lib.uchicago.edu/1001/org/ochre/45bc1d56-a718-4d9d-bed8-1a80531d6964"">https://pi.lib.uchicago.edu/1001/org/ochre/45bc1d56-a718-4d9d-bed8-1a80531d6964</a>",Field reports from excavation: 1985-2016,Leon Levy Expedition to Ashkelon Dataset: Field Reports
2015_47.94_Ehrlich.pdf,"OCHRE Link: <a href=""https://pi.lib.uchicago.edu/1001/org/ochre/a278b9a0-0c71-44b7-8069-c1fe921a3311"">https://pi.lib.uchicago.edu/1001/org/ochre/a278b9a0-0c71-44b7-8069-c1fe921a3311</a>",Field reports from excavation: 1985-2016,Leon Levy Expedition to Ashkelon Dataset: Field Reports
2015_47_Hoffman.pdf,"OCHRE Link: <a href=""https://pi.lib.uchicago.edu/1001/org/ochre/1fe8f9b1-caad-41f1-9363-7f79de58ccd8"">https://pi.lib.uchicago.edu/1001/org/ochre/1fe8f9b1-caad-41f1-9363-7f79de58ccd8</a>",Field reports from excavation: 1985-2016,Leon Levy Expedition to Ashkelon Dataset: Field Reports
2015_51.73_Dutton.pdf,"OCHRE Link: <a href=""https://pi.lib.uchicago.edu/1001/org/ochre/08b5c6b0-0812-447a-900c-e3b43c240e69"">https://pi.lib.uchicago.edu/1001/org/ochre/08b5c6b0-0812-447a-900c-e3b43c240e69</a>",Field reports from excavation: 1985-2016,Leon Levy Expedition to Ashkelon Dataset: Field Reports
2015_51.74-75_Holtje.pdf,"OCHRE Link: <a href=""https://pi.lib.uchicago.edu/1001/org/ochre/fc6b3daa-16c1-4231-92c5-942d3df80aa8"">https://pi.lib.uchicago.edu/1001/org/ochre/fc6b3daa-16c1-4231-92c5-942d3df80aa8</a>",Field reports from excavation: 1985-2016,Leon Levy Expedition to Ashkelon Dataset: Field Reports
2015_51.83_Dutton.pdf,"OCHRE Link: <a href=""https://pi.lib.uchicago.edu/1001/org/ochre/9c34f936-dca1-4855-a363-dcdf096f832c"">https://pi.lib.uchicago.edu/1001/org/ochre/9c34f936-dca1-4855-a363-dcdf096f832c</a>",Field reports from excavation: 1985-2016,Leon Levy Expedition to Ashkelon Dataset: Field Reports
2015_51.84_Erickson.pdf,"OCHRE Link: <a href=""https://pi.lib.uchicago.edu/1001/org/ochre/5c060136-2bf9-43fc-92ce-81ecb807d378"">https://pi.lib.uchicago.edu/1001/org/ochre/5c060136-2bf9-43fc-92ce-81ecb807d378</a>",Field reports from excavation: 1985-2016,Leon Levy Expedition to Ashkelon Dataset: Field Reports
2015_51_Wright-Wylie.pdf,"OCHRE Link: <a href=""https://pi.lib.uchicago.edu/1001/org/ochre/7d40fcd1-10c1-41c6-a60e-becf24ed31e9"">https://pi.lib.uchicago.edu/1001/org/ochre/7d40fcd1-10c1-41c6-a60e-becf24ed31e9</a>",Field reports from excavation: 1985-2016,Leon Levy Expedition to Ashkelon Dataset: Field Reports
2015_54_Hoffman.pdf,"OCHRE Link: <a href=""https://pi.lib.uchicago.edu/1001/org/ochre/0a79ef17-aa5d-40f2-8c97-275ba2b2508e"">https://pi.lib.uchicago.edu/1001/org/ochre/0a79ef17-aa5d-40f2-8c97-275ba2b2508e</a>",Field reports from excavation: 1985-2016,Leon Levy Expedition to Ashkelon Dataset: Field Reports
2015_N5.14_Fu.pdf,"OCHRE Link: <a href=""https://pi.lib.uchicago.edu/1001/org/ochre/cd4fb2a2-7b09-48b0-a6be-973988db8efd"">https://pi.lib.uchicago.edu/1001/org/ochre/cd4fb2a2-7b09-48b0-a6be-973988db8efd</a>",Field reports from excavation: 1985-2016,Leon Levy Expedition to Ashkelon Dataset: Field Reports
2015_N5.14_Kalisher.pdf,"OCHRE Link: <a href=""https://pi.lib.uchicago.edu/1001/org/ochre/7095b90e-e44e-46e4-90fa-a2acc0842aa2"">https://pi.lib.uchicago.edu/1001/org/ochre/7095b90e-e44e-46e4-90fa-a2acc0842aa2</a>",Field reports from excavation: 1985-2016,Leon Levy Expedition to Ashkelon Dataset: Field Reports
2015_N5.64_Fu.pdf,"OCHRE Link: <a href=""https://pi.lib.uchicago.edu/1001/org/ochre/0172906a-d1f0-46f5-a346-0ebec97b3d82"">https://pi.lib.uchicago.edu/1001/org/ochre/0172906a-d1f0-46f5-a346-0ebec97b3d82</a>",Field reports from excavation: 1985-2016,Leon Levy Expedition to Ashkelon Dataset: Field Reports
2015_N5.64_Kalisher.pdf,"OCHRE Link: <a href=""https://pi.lib.uchicago.edu/1001/org/ochre/dc1156d1-9369-417f-af6e-956e734b1dbd"">https://pi.lib.uchicago.edu/1001/org/ochre/dc1156d1-9369-417f-af6e-956e734b1dbd</a>",Field reports from excavation: 1985-2016,Leon Levy Expedition to Ashkelon Dataset: Field Reports
2015_N5_Aja.pdf,"OCHRE Link: <a href=""https://pi.lib.uchicago.edu/1001/org/ochre/c3ab6283-9872-42e6-8dbd-7300138b687a"">https://pi.lib.uchicago.edu/1001/org/ochre/c3ab6283-9872-42e6-8dbd-7300138b687a</a>",Field reports from excavation: 1985-2016,Leon Levy Expedition to Ashkelon Dataset: Field Reports
2016_51.74_Erickson.pdf,"OCHRE Link: <a href=""https://pi.lib.uchicago.edu/1001/org/ochre/d3663279-c998-4daf-835f-331c4c024ae5"">https://pi.lib.uchicago.edu/1001/org/ochre/d3663279-c998-4daf-835f-331c4c024ae5</a>",Field reports from excavation: 1985-2016,Leon Levy Expedition to Ashkelon Dataset: Field Reports
2016_51.74-75_Walton.pdf,"OCHRE Link: <a href=""https://pi.lib.uchicago.edu/1001/org/ochre/e73e5ad5-d8f1-4b6a-8656-e14062c17f28"">https://pi.lib.uchicago.edu/1001/org/ochre/e73e5ad5-d8f1-4b6a-8656-e14062c17f28</a>",Field reports from excavation: 1985-2016,Leon Levy Expedition to Ashkelon Dataset: Field Reports
2016_51.83_Dutton.pdf,"OCHRE Link: <a href=""https://pi.lib.uchicago.edu/1001/org/ochre/a4b10817-b62f-41e0-8e92-cd6e491ea47d"">https://pi.lib.uchicago.edu/1001/org/ochre/a4b10817-b62f-41e0-8e92-cd6e491ea47d</a>",Field reports from excavation: 1985-2016,Leon Levy Expedition to Ashkelon Dataset: Field Reports
2016_51.84-85_Erickson.pdf,"OCHRE Link: <a href=""https://pi.lib.uchicago.edu/1001/org/ochre/ce588ce6-4de7-42d1-9655-ce9c0ba300a1"">https://pi.lib.uchicago.edu/1001/org/ochre/ce588ce6-4de7-42d1-9655-ce9c0ba300a1</a>",Field reports from excavation: 1985-2016,Leon Levy Expedition to Ashkelon Dataset: Field Reports
2016_51_Wylie.pdf,"OCHRE Link: <a href=""https://pi.lib.uchicago.edu/1001/org/ochre/1490cf9b-54e8-4083-a68f-d395a81450e1"">https://pi.lib.uchicago.edu/1001/org/ochre/1490cf9b-54e8-4083-a68f-d395a81450e1</a>",Field reports from excavation: 1985-2016,Leon Levy Expedition to Ashkelon Dataset: Field Reports
2016_N5.3_Walton.pdf,"OCHRE Link: <a href=""https://pi.lib.uchicago.edu/1001/org/ochre/e7bac30c-9cb6-4743-9b05-54b954277b46"">https://pi.lib.uchicago.edu/1001/org/ochre/e7bac30c-9cb6-4743-9b05-54b954277b46</a>",Field reports from excavation: 1985-2016,Leon Levy Expedition to Ashkelon Dataset: Field Reports
2016_N5.4_Fu-McCully.pdf,"OCHRE Link: <a href=""https://pi.lib.uchicago.edu/1001/org/ochre/9a8403ee-ddcf-4b0f-b3fd-9504ec95769e"">https://pi.lib.uchicago.edu/1001/org/ochre/9a8403ee-ddcf-4b0f-b3fd-9504ec95769e</a>",Field reports from excavation: 1985-2016,Leon Levy Expedition to Ashkelon Dataset: Field Reports
2016_N5.24_Hoffman.pdf,"OCHRE Link: <a href=""https://pi.lib.uchicago.edu/1001/org/ochre/dee889e6-be93-41d4-9ed2-444735bcef9f"">https://pi.lib.uchicago.edu/1001/org/ochre/dee889e6-be93-41d4-9ed2-444735bcef9f</a>",Field reports from excavation: 1985-2016,Leon Levy Expedition to Ashkelon Dataset: Field Reports
2016_N5_Aja.pdf,"OCHRE Link: <a href=""https://pi.lib.uchicago.edu/1001/org/ochre/5d7ec435-2b21-4629-8968-223b5632f443"">https://pi.lib.uchicago.edu/1001/org/ochre/5d7ec435-2b21-4629-8968-223b5632f443</a>",Field reports from excavation: 1985-2016,Leon Levy Expedition to Ashkelon Dataset: Field Reports