filename,dataset_title,dataset_description,file_description
50.48 Pottery Registry 509 (L).pdf,Pottery Registry: Dataset 2,Pottery registries from excavation: 1985-2016,"OCHRE link: <a href=""https://pi.lib.uchicago.edu/1001/org/ochre/7217cb35-69d8-97b9-fc79-0415539fa88c"">https://pi.lib.uchicago.edu/1001/org/ochre/7217cb35-69d8-97b9-fc79-0415539fa88c</a>"
50.48 Pottery Registry 512 (L).pdf,Pottery Registry: Dataset 2,Pottery registries from excavation: 1985-2016,"OCHRE link: <a href=""https://pi.lib.uchicago.edu/1001/org/ochre/e462b322-2d8a-d93c-bd95-86f3435314bf"">https://pi.lib.uchicago.edu/1001/org/ochre/e462b322-2d8a-d93c-bd95-86f3435314bf</a>"
50.48 Pottery Registry 525 (L).pdf,Pottery Registry: Dataset 2,Pottery registries from excavation: 1985-2016,"OCHRE link: <a href=""https://pi.lib.uchicago.edu/1001/org/ochre/3a24c85e-91ac-52d3-24e1-a1a560cc62e8"">https://pi.lib.uchicago.edu/1001/org/ochre/3a24c85e-91ac-52d3-24e1-a1a560cc62e8</a>"
50.48 Pottery Registry 687 (L).pdf,Pottery Registry: Dataset 2,Pottery registries from excavation: 1985-2016,"OCHRE link: <a href=""https://pi.lib.uchicago.edu/1001/org/ochre/90716216-efc7-e128-e263-85e1ad23980a"">https://pi.lib.uchicago.edu/1001/org/ochre/90716216-efc7-e128-e263-85e1ad23980a</a>"
50.48 Pottery Registry Miscellaneous.pdf,Pottery Registry: Dataset 2,Pottery registries from excavation: 1985-2016,"OCHRE link: <a href=""https://pi.lib.uchicago.edu/1001/org/ochre/6f098085-c5a2-2b6e-80c8-aaf9382643d1"">https://pi.lib.uchicago.edu/1001/org/ochre/6f098085-c5a2-2b6e-80c8-aaf9382643d1</a>"
50.49 Pottery Registry 001 (L).pdf,Pottery Registry: Dataset 2,Pottery registries from excavation: 1985-2016,"OCHRE link: <a href=""https://pi.lib.uchicago.edu/1001/org/ochre/c7233d8d-12d9-a706-9a88-f17c2ab4fac6"">https://pi.lib.uchicago.edu/1001/org/ochre/c7233d8d-12d9-a706-9a88-f17c2ab4fac6</a>"
50.49 Pottery Registry 003 (L).pdf,Pottery Registry: Dataset 2,Pottery registries from excavation: 1985-2016,"OCHRE link: <a href=""https://pi.lib.uchicago.edu/1001/org/ochre/8d13f498-b44b-d50a-b509-0e898ded6ef9"">https://pi.lib.uchicago.edu/1001/org/ochre/8d13f498-b44b-d50a-b509-0e898ded6ef9</a>"
50.49 Pottery Registry 004 (L).pdf,Pottery Registry: Dataset 2,Pottery registries from excavation: 1985-2016,"OCHRE link: <a href=""https://pi.lib.uchicago.edu/1001/org/ochre/106f338b-a156-f445-74b5-aaaa7558c818"">https://pi.lib.uchicago.edu/1001/org/ochre/106f338b-a156-f445-74b5-aaaa7558c818</a>"
50.49 Pottery Registry 006 (L).pdf,Pottery Registry: Dataset 2,Pottery registries from excavation: 1985-2016,"OCHRE link: <a href=""https://pi.lib.uchicago.edu/1001/org/ochre/d2428507-d146-06e6-07ca-9ebca66effca"">https://pi.lib.uchicago.edu/1001/org/ochre/d2428507-d146-06e6-07ca-9ebca66effca</a>"
50.49 Pottery Registry 007 (L).pdf,Pottery Registry: Dataset 2,Pottery registries from excavation: 1985-2016,"OCHRE link: <a href=""https://pi.lib.uchicago.edu/1001/org/ochre/33ff2ed5-9bd8-c2dd-531e-52b2455274b6"">https://pi.lib.uchicago.edu/1001/org/ochre/33ff2ed5-9bd8-c2dd-531e-52b2455274b6</a>"
50.49 Pottery Registry 011 (L).pdf,Pottery Registry: Dataset 2,Pottery registries from excavation: 1985-2016,"OCHRE link: <a href=""https://pi.lib.uchicago.edu/1001/org/ochre/372ffa8e-109f-d4f1-5ccc-d931e42a4495"">https://pi.lib.uchicago.edu/1001/org/ochre/372ffa8e-109f-d4f1-5ccc-d931e42a4495</a>"
50.49 Pottery Registry 017 (L).pdf,Pottery Registry: Dataset 2,Pottery registries from excavation: 1985-2016,"OCHRE link: <a href=""https://pi.lib.uchicago.edu/1001/org/ochre/cbe1c75a-54d4-3dbb-0e01-45028cdb7a4c"">https://pi.lib.uchicago.edu/1001/org/ochre/cbe1c75a-54d4-3dbb-0e01-45028cdb7a4c</a>"
50.49 Pottery Registry 029 (L).pdf,Pottery Registry: Dataset 2,Pottery registries from excavation: 1985-2016,"OCHRE link: <a href=""https://pi.lib.uchicago.edu/1001/org/ochre/28195f9d-3410-bf3d-66ba-9cfe7c4582f6"">https://pi.lib.uchicago.edu/1001/org/ochre/28195f9d-3410-bf3d-66ba-9cfe7c4582f6</a>"
50.49 Pottery Registry 100 (L).pdf,Pottery Registry: Dataset 2,Pottery registries from excavation: 1985-2016,"OCHRE link: <a href=""https://pi.lib.uchicago.edu/1001/org/ochre/16eced9f-8bd2-8592-0ee1-354c944d4577"">https://pi.lib.uchicago.edu/1001/org/ochre/16eced9f-8bd2-8592-0ee1-354c944d4577</a>"
50.49 Pottery Registry 102 (L).pdf,Pottery Registry: Dataset 2,Pottery registries from excavation: 1985-2016,"OCHRE link: <a href=""https://pi.lib.uchicago.edu/1001/org/ochre/a7380b0e-7ab2-85e7-4761-24fc7dbd305b"">https://pi.lib.uchicago.edu/1001/org/ochre/a7380b0e-7ab2-85e7-4761-24fc7dbd305b</a>"
50.49 Pottery Registry 106 (L).pdf,Pottery Registry: Dataset 2,Pottery registries from excavation: 1985-2016,"OCHRE link: <a href=""https://pi.lib.uchicago.edu/1001/org/ochre/16067be4-6371-107b-d540-2e524015c269"">https://pi.lib.uchicago.edu/1001/org/ochre/16067be4-6371-107b-d540-2e524015c269</a>"
50.49 Pottery Registry 111 (L).pdf,Pottery Registry: Dataset 2,Pottery registries from excavation: 1985-2016,"OCHRE link: <a href=""https://pi.lib.uchicago.edu/1001/org/ochre/fb9080e7-b990-3c12-4695-d6c6b409068d"">https://pi.lib.uchicago.edu/1001/org/ochre/fb9080e7-b990-3c12-4695-d6c6b409068d</a>"
50.49 Pottery Registry 112 (L).pdf,Pottery Registry: Dataset 2,Pottery registries from excavation: 1985-2016,"OCHRE link: <a href=""https://pi.lib.uchicago.edu/1001/org/ochre/72a7f98a-d92a-cf1d-d3aa-1cc34c78811a"">https://pi.lib.uchicago.edu/1001/org/ochre/72a7f98a-d92a-cf1d-d3aa-1cc34c78811a</a>"
50.49 Pottery Registry 119 (L).pdf,Pottery Registry: Dataset 2,Pottery registries from excavation: 1985-2016,"OCHRE link: <a href=""https://pi.lib.uchicago.edu/1001/org/ochre/9e78f8f4-f332-be37-f91f-cf29979e8768"">https://pi.lib.uchicago.edu/1001/org/ochre/9e78f8f4-f332-be37-f91f-cf29979e8768</a>"
50.49 Pottery Registry 121 (L).pdf,Pottery Registry: Dataset 2,Pottery registries from excavation: 1985-2016,"OCHRE link: <a href=""https://pi.lib.uchicago.edu/1001/org/ochre/6a0dc510-3c3d-4693-e014-6edd49a9e330"">https://pi.lib.uchicago.edu/1001/org/ochre/6a0dc510-3c3d-4693-e014-6edd49a9e330</a>"
50.49 Pottery Registry 123 (L).pdf,Pottery Registry: Dataset 2,Pottery registries from excavation: 1985-2016,"OCHRE link: <a href=""https://pi.lib.uchicago.edu/1001/org/ochre/40f93f14-a728-e467-eac6-5ff6f147e31e"">https://pi.lib.uchicago.edu/1001/org/ochre/40f93f14-a728-e467-eac6-5ff6f147e31e</a>"
50.49 Pottery Registry 124 (F).pdf,Pottery Registry: Dataset 2,Pottery registries from excavation: 1985-2016,"OCHRE link: <a href=""https://pi.lib.uchicago.edu/1001/org/ochre/b42eee2b-387a-162a-c09e-6889429bb2e3"">https://pi.lib.uchicago.edu/1001/org/ochre/b42eee2b-387a-162a-c09e-6889429bb2e3</a>"
50.49 Pottery Registry 125 (F).pdf,Pottery Registry: Dataset 2,Pottery registries from excavation: 1985-2016,"OCHRE link: <a href=""https://pi.lib.uchicago.edu/1001/org/ochre/6fb15bf2-fbaf-09cb-21d7-c9c7055f6fc5"">https://pi.lib.uchicago.edu/1001/org/ochre/6fb15bf2-fbaf-09cb-21d7-c9c7055f6fc5</a>"
50.49 Pottery Registry 131 (L).pdf,Pottery Registry: Dataset 2,Pottery registries from excavation: 1985-2016,"OCHRE link: <a href=""https://pi.lib.uchicago.edu/1001/org/ochre/854eae8f-3ce2-57d0-8dc7-9df9d51abd90"">https://pi.lib.uchicago.edu/1001/org/ochre/854eae8f-3ce2-57d0-8dc7-9df9d51abd90</a>"
50.49 Pottery Registry 134 (L).pdf,Pottery Registry: Dataset 2,Pottery registries from excavation: 1985-2016,"OCHRE link: <a href=""https://pi.lib.uchicago.edu/1001/org/ochre/89d8a189-fbf5-5fec-0ca4-fc7de38768be"">https://pi.lib.uchicago.edu/1001/org/ochre/89d8a189-fbf5-5fec-0ca4-fc7de38768be</a>"
50.49 Pottery Registry 137 (L).pdf,Pottery Registry: Dataset 2,Pottery registries from excavation: 1985-2016,"OCHRE link: <a href=""https://pi.lib.uchicago.edu/1001/org/ochre/65aec01e-bc8e-e0b5-1184-876dd779e140"">https://pi.lib.uchicago.edu/1001/org/ochre/65aec01e-bc8e-e0b5-1184-876dd779e140</a>"
50.49 Pottery Registry 190 (F).pdf,Pottery Registry: Dataset 2,Pottery registries from excavation: 1985-2016,"OCHRE link: <a href=""https://pi.lib.uchicago.edu/1001/org/ochre/4d7df948-8445-6070-0495-fc33d5d275dc"">https://pi.lib.uchicago.edu/1001/org/ochre/4d7df948-8445-6070-0495-fc33d5d275dc</a>"
50.49 Pottery Registry 195 (F).pdf,Pottery Registry: Dataset 2,Pottery registries from excavation: 1985-2016,"OCHRE link: <a href=""https://pi.lib.uchicago.edu/1001/org/ochre/4b25d18e-9e64-d9be-eedf-b2cd49d5a58c"">https://pi.lib.uchicago.edu/1001/org/ochre/4b25d18e-9e64-d9be-eedf-b2cd49d5a58c</a>"
50.49 Pottery Registry 195 (L).pdf,Pottery Registry: Dataset 2,Pottery registries from excavation: 1985-2016,"OCHRE link: <a href=""https://pi.lib.uchicago.edu/1001/org/ochre/0514da92-ab5c-7502-21bb-6ea34ed2c1ab"">https://pi.lib.uchicago.edu/1001/org/ochre/0514da92-ab5c-7502-21bb-6ea34ed2c1ab</a>"
50.49 Pottery Registry 224 (L).pdf,Pottery Registry: Dataset 2,Pottery registries from excavation: 1985-2016,"OCHRE link: <a href=""https://pi.lib.uchicago.edu/1001/org/ochre/3b18385e-f188-0b60-fb61-94dd26846236"">https://pi.lib.uchicago.edu/1001/org/ochre/3b18385e-f188-0b60-fb61-94dd26846236</a>"
50.49 Pottery Registry 225 (L).pdf,Pottery Registry: Dataset 2,Pottery registries from excavation: 1985-2016,"OCHRE link: <a href=""https://pi.lib.uchicago.edu/1001/org/ochre/47dc0575-4be0-fef4-7da2-7019a30267b9"">https://pi.lib.uchicago.edu/1001/org/ochre/47dc0575-4be0-fef4-7da2-7019a30267b9</a>"
50.49 Pottery Registry 227 (L).pdf,Pottery Registry: Dataset 2,Pottery registries from excavation: 1985-2016,"OCHRE link: <a href=""https://pi.lib.uchicago.edu/1001/org/ochre/351289d2-05b8-e157-8212-24a9c86a0389"">https://pi.lib.uchicago.edu/1001/org/ochre/351289d2-05b8-e157-8212-24a9c86a0389</a>"
50.49 Pottery Registry 229 (L).pdf,Pottery Registry: Dataset 2,Pottery registries from excavation: 1985-2016,"OCHRE link: <a href=""https://pi.lib.uchicago.edu/1001/org/ochre/bd5b1078-5be6-7e8c-9fcc-ae2852603979"">https://pi.lib.uchicago.edu/1001/org/ochre/bd5b1078-5be6-7e8c-9fcc-ae2852603979</a>"
50.49 Pottery Registry 231 (L).pdf,Pottery Registry: Dataset 2,Pottery registries from excavation: 1985-2016,"OCHRE link: <a href=""https://pi.lib.uchicago.edu/1001/org/ochre/8508f8ad-be58-2ef4-b7a0-927973375f99"">https://pi.lib.uchicago.edu/1001/org/ochre/8508f8ad-be58-2ef4-b7a0-927973375f99</a>"
50.49 Pottery Registry 232 (L).pdf,Pottery Registry: Dataset 2,Pottery registries from excavation: 1985-2016,"OCHRE link: <a href=""https://pi.lib.uchicago.edu/1001/org/ochre/af87acd0-5a4e-4ef6-59b5-3659c81cc829"">https://pi.lib.uchicago.edu/1001/org/ochre/af87acd0-5a4e-4ef6-59b5-3659c81cc829</a>"
50.49 Pottery Registry 235 (L).pdf,Pottery Registry: Dataset 2,Pottery registries from excavation: 1985-2016,"OCHRE link: <a href=""https://pi.lib.uchicago.edu/1001/org/ochre/d44d0af7-648c-bff3-a263-c579ae8a3cbc"">https://pi.lib.uchicago.edu/1001/org/ochre/d44d0af7-648c-bff3-a263-c579ae8a3cbc</a>"
50.49 Pottery Registry 236 (L).pdf,Pottery Registry: Dataset 2,Pottery registries from excavation: 1985-2016,"OCHRE link: <a href=""https://pi.lib.uchicago.edu/1001/org/ochre/297f3369-dd24-82d6-2ad8-7dfcc22f0255"">https://pi.lib.uchicago.edu/1001/org/ochre/297f3369-dd24-82d6-2ad8-7dfcc22f0255</a>"
50.49 Pottery Registry 238 (L).pdf,Pottery Registry: Dataset 2,Pottery registries from excavation: 1985-2016,"OCHRE link: <a href=""https://pi.lib.uchicago.edu/1001/org/ochre/a1fbf538-fca3-e76a-b4d4-6b3a3591decb"">https://pi.lib.uchicago.edu/1001/org/ochre/a1fbf538-fca3-e76a-b4d4-6b3a3591decb</a>"
50.49 Pottery Registry 240 (L).pdf,Pottery Registry: Dataset 2,Pottery registries from excavation: 1985-2016,"OCHRE link: <a href=""https://pi.lib.uchicago.edu/1001/org/ochre/b90fed84-c385-27f0-b348-17bfd45e4ab9"">https://pi.lib.uchicago.edu/1001/org/ochre/b90fed84-c385-27f0-b348-17bfd45e4ab9</a>"
50.49 Pottery Registry 243 (F).pdf,Pottery Registry: Dataset 2,Pottery registries from excavation: 1985-2016,"OCHRE link: <a href=""https://pi.lib.uchicago.edu/1001/org/ochre/e13c4331-2ffc-b39f-bab9-21f2a27f1f55"">https://pi.lib.uchicago.edu/1001/org/ochre/e13c4331-2ffc-b39f-bab9-21f2a27f1f55</a>"
50.49 Pottery Registry 250 (L).pdf,Pottery Registry: Dataset 2,Pottery registries from excavation: 1985-2016,"OCHRE link: <a href=""https://pi.lib.uchicago.edu/1001/org/ochre/08b58d44-c584-8bbb-e2e2-73af51572879"">https://pi.lib.uchicago.edu/1001/org/ochre/08b58d44-c584-8bbb-e2e2-73af51572879</a>"
50.49 Pottery Registry 257 (L).pdf,Pottery Registry: Dataset 2,Pottery registries from excavation: 1985-2016,"OCHRE link: <a href=""https://pi.lib.uchicago.edu/1001/org/ochre/aabe128b-7d3b-b3c4-5357-c67c4a2e5939"">https://pi.lib.uchicago.edu/1001/org/ochre/aabe128b-7d3b-b3c4-5357-c67c4a2e5939</a>"
50.49 Pottery Registry 262 (L).pdf,Pottery Registry: Dataset 2,Pottery registries from excavation: 1985-2016,"OCHRE link: <a href=""https://pi.lib.uchicago.edu/1001/org/ochre/6068750f-eca0-abd9-a8df-79f2aca7a15f"">https://pi.lib.uchicago.edu/1001/org/ochre/6068750f-eca0-abd9-a8df-79f2aca7a15f</a>"
50.49 Pottery Registry 264 (L).pdf,Pottery Registry: Dataset 2,Pottery registries from excavation: 1985-2016,"OCHRE link: <a href=""https://pi.lib.uchicago.edu/1001/org/ochre/98a3216b-866d-6d20-a54b-f30ffe1d4d69"">https://pi.lib.uchicago.edu/1001/org/ochre/98a3216b-866d-6d20-a54b-f30ffe1d4d69</a>"
50.49 Pottery Registry 266 (L).pdf,Pottery Registry: Dataset 2,Pottery registries from excavation: 1985-2016,"OCHRE link: <a href=""https://pi.lib.uchicago.edu/1001/org/ochre/e5a6209a-ef71-4436-73c4-4c4c5e31dbc7"">https://pi.lib.uchicago.edu/1001/org/ochre/e5a6209a-ef71-4436-73c4-4c4c5e31dbc7</a>"
50.49 Pottery Registry 267 (L).pdf,Pottery Registry: Dataset 2,Pottery registries from excavation: 1985-2016,"OCHRE link: <a href=""https://pi.lib.uchicago.edu/1001/org/ochre/d29b4d20-5299-d342-76d8-cf4ddf47cbbf"">https://pi.lib.uchicago.edu/1001/org/ochre/d29b4d20-5299-d342-76d8-cf4ddf47cbbf</a>"
50.49 Pottery Registry 271 (L).pdf,Pottery Registry: Dataset 2,Pottery registries from excavation: 1985-2016,"OCHRE link: <a href=""https://pi.lib.uchicago.edu/1001/org/ochre/d5172398-766a-bd4a-a612-beba145a3a8d"">https://pi.lib.uchicago.edu/1001/org/ochre/d5172398-766a-bd4a-a612-beba145a3a8d</a>"
50.49 Pottery Registry 272 (L).pdf,Pottery Registry: Dataset 2,Pottery registries from excavation: 1985-2016,"OCHRE link: <a href=""https://pi.lib.uchicago.edu/1001/org/ochre/52f46009-bbcb-6327-8e07-060c12cd3630"">https://pi.lib.uchicago.edu/1001/org/ochre/52f46009-bbcb-6327-8e07-060c12cd3630</a>"
50.49 Pottery Registry 275 (L).pdf,Pottery Registry: Dataset 2,Pottery registries from excavation: 1985-2016,"OCHRE link: <a href=""https://pi.lib.uchicago.edu/1001/org/ochre/cba9f35a-6e0c-7dae-9b35-bdd09e00ba20"">https://pi.lib.uchicago.edu/1001/org/ochre/cba9f35a-6e0c-7dae-9b35-bdd09e00ba20</a>"
50.49 Pottery Registry 280 (L).pdf,Pottery Registry: Dataset 2,Pottery registries from excavation: 1985-2016,"OCHRE link: <a href=""https://pi.lib.uchicago.edu/1001/org/ochre/5f012aa0-e4ea-5e89-c681-38e8e5222ab4"">https://pi.lib.uchicago.edu/1001/org/ochre/5f012aa0-e4ea-5e89-c681-38e8e5222ab4</a>"
50.49 Pottery Registry 281 (L).pdf,Pottery Registry: Dataset 2,Pottery registries from excavation: 1985-2016,"OCHRE link: <a href=""https://pi.lib.uchicago.edu/1001/org/ochre/e67c2b3c-4513-762e-65e3-50eb268fef2f"">https://pi.lib.uchicago.edu/1001/org/ochre/e67c2b3c-4513-762e-65e3-50eb268fef2f</a>"
50.49 Pottery Registry 286 (L).pdf,Pottery Registry: Dataset 2,Pottery registries from excavation: 1985-2016,"OCHRE link: <a href=""https://pi.lib.uchicago.edu/1001/org/ochre/94800473-c747-da5e-3390-b201ccf79f63"">https://pi.lib.uchicago.edu/1001/org/ochre/94800473-c747-da5e-3390-b201ccf79f63</a>"
50.49 Pottery Registry 288 (L).pdf,Pottery Registry: Dataset 2,Pottery registries from excavation: 1985-2016,"OCHRE link: <a href=""https://pi.lib.uchicago.edu/1001/org/ochre/11bd2dd1-2d37-6053-01bb-655d405fbe94"">https://pi.lib.uchicago.edu/1001/org/ochre/11bd2dd1-2d37-6053-01bb-655d405fbe94</a>"
50.49 Pottery Registry 293 (L).pdf,Pottery Registry: Dataset 2,Pottery registries from excavation: 1985-2016,"OCHRE link: <a href=""https://pi.lib.uchicago.edu/1001/org/ochre/ec742028-cca4-30bc-949c-cc4fb18d8831"">https://pi.lib.uchicago.edu/1001/org/ochre/ec742028-cca4-30bc-949c-cc4fb18d8831</a>"
50.49 Pottery Registry 299 (LF).pdf,Pottery Registry: Dataset 2,Pottery registries from excavation: 1985-2016,"OCHRE link: <a href=""https://pi.lib.uchicago.edu/1001/org/ochre/a2310826-d705-71e3-7d17-efd5c53139af"">https://pi.lib.uchicago.edu/1001/org/ochre/a2310826-d705-71e3-7d17-efd5c53139af</a>"
50.49 Pottery Registry 304 (L).pdf,Pottery Registry: Dataset 2,Pottery registries from excavation: 1985-2016,"OCHRE link: <a href=""https://pi.lib.uchicago.edu/1001/org/ochre/970399fc-3f16-fa06-5315-a7507fea1214"">https://pi.lib.uchicago.edu/1001/org/ochre/970399fc-3f16-fa06-5315-a7507fea1214</a>"
50.49 Pottery Registry 306 (L).pdf,Pottery Registry: Dataset 2,Pottery registries from excavation: 1985-2016,"OCHRE link: <a href=""https://pi.lib.uchicago.edu/1001/org/ochre/0f487f47-2caa-fbb4-4927-dbeb39286cb7"">https://pi.lib.uchicago.edu/1001/org/ochre/0f487f47-2caa-fbb4-4927-dbeb39286cb7</a>"
50.49 Pottery Registry 307 (L).pdf,Pottery Registry: Dataset 2,Pottery registries from excavation: 1985-2016,"OCHRE link: <a href=""https://pi.lib.uchicago.edu/1001/org/ochre/d26f4b79-fae8-ce4f-978e-5949ca403f5e"">https://pi.lib.uchicago.edu/1001/org/ochre/d26f4b79-fae8-ce4f-978e-5949ca403f5e</a>"
50.49 Pottery Registry 308 (L).pdf,Pottery Registry: Dataset 2,Pottery registries from excavation: 1985-2016,"OCHRE link: <a href=""https://pi.lib.uchicago.edu/1001/org/ochre/208eef40-57e4-a5b8-1a6b-afd46ae25cf7"">https://pi.lib.uchicago.edu/1001/org/ochre/208eef40-57e4-a5b8-1a6b-afd46ae25cf7</a>"
50.49 Pottery Registry 312 (L).pdf,Pottery Registry: Dataset 2,Pottery registries from excavation: 1985-2016,"OCHRE link: <a href=""https://pi.lib.uchicago.edu/1001/org/ochre/988496cd-13f0-e9f8-2e90-daa1c124298a"">https://pi.lib.uchicago.edu/1001/org/ochre/988496cd-13f0-e9f8-2e90-daa1c124298a</a>"
50.49 Pottery Registry 318 (L).pdf,Pottery Registry: Dataset 2,Pottery registries from excavation: 1985-2016,"OCHRE link: <a href=""https://pi.lib.uchicago.edu/1001/org/ochre/73020281-9683-f35e-2fbc-cc97052e64b6"">https://pi.lib.uchicago.edu/1001/org/ochre/73020281-9683-f35e-2fbc-cc97052e64b6</a>"
50.49 Pottery Registry 320 (L).pdf,Pottery Registry: Dataset 2,Pottery registries from excavation: 1985-2016,"OCHRE link: <a href=""https://pi.lib.uchicago.edu/1001/org/ochre/d99d3b90-7cc2-faaf-3cca-40d455ee2fa2"">https://pi.lib.uchicago.edu/1001/org/ochre/d99d3b90-7cc2-faaf-3cca-40d455ee2fa2</a>"
50.49 Pottery Registry 321 (L).pdf,Pottery Registry: Dataset 2,Pottery registries from excavation: 1985-2016,"OCHRE link: <a href=""https://pi.lib.uchicago.edu/1001/org/ochre/d0d120f6-7d05-bbe2-0945-f73e5ddef2ac"">https://pi.lib.uchicago.edu/1001/org/ochre/d0d120f6-7d05-bbe2-0945-f73e5ddef2ac</a>"
50.49 Pottery Registry 322 (L).pdf,Pottery Registry: Dataset 2,Pottery registries from excavation: 1985-2016,"OCHRE link: <a href=""https://pi.lib.uchicago.edu/1001/org/ochre/5b772f1e-18aa-0041-5aba-82caa0b0c193"">https://pi.lib.uchicago.edu/1001/org/ochre/5b772f1e-18aa-0041-5aba-82caa0b0c193</a>"
50.49 Pottery Registry 323 (L).pdf,Pottery Registry: Dataset 2,Pottery registries from excavation: 1985-2016,"OCHRE link: <a href=""https://pi.lib.uchicago.edu/1001/org/ochre/a47402db-2f06-bc8a-9089-437204ccbd5e"">https://pi.lib.uchicago.edu/1001/org/ochre/a47402db-2f06-bc8a-9089-437204ccbd5e</a>"
50.49 Pottery Registry 353 (L).pdf,Pottery Registry: Dataset 2,Pottery registries from excavation: 1985-2016,"OCHRE link: <a href=""https://pi.lib.uchicago.edu/1001/org/ochre/53259897-32ae-143a-6096-f7afa060afbc"">https://pi.lib.uchicago.edu/1001/org/ochre/53259897-32ae-143a-6096-f7afa060afbc</a>"
50.49 Pottery Registry 364 (L).pdf,Pottery Registry: Dataset 2,Pottery registries from excavation: 1985-2016,"OCHRE link: <a href=""https://pi.lib.uchicago.edu/1001/org/ochre/ee6809bf-5272-bc4e-ecaf-9760fbacde8d"">https://pi.lib.uchicago.edu/1001/org/ochre/ee6809bf-5272-bc4e-ecaf-9760fbacde8d</a>"
50.49 Pottery Registry 373 (L).pdf,Pottery Registry: Dataset 2,Pottery registries from excavation: 1985-2016,"OCHRE link: <a href=""https://pi.lib.uchicago.edu/1001/org/ochre/2571d90a-5de4-d094-034b-c8fba86bde2f"">https://pi.lib.uchicago.edu/1001/org/ochre/2571d90a-5de4-d094-034b-c8fba86bde2f</a>"
50.49 Pottery Registry 374 (L).pdf,Pottery Registry: Dataset 2,Pottery registries from excavation: 1985-2016,"OCHRE link: <a href=""https://pi.lib.uchicago.edu/1001/org/ochre/5557dc43-25c9-3bc5-d18b-832108509103"">https://pi.lib.uchicago.edu/1001/org/ochre/5557dc43-25c9-3bc5-d18b-832108509103</a>"
50.49 Pottery Registry 384 (L).pdf,Pottery Registry: Dataset 2,Pottery registries from excavation: 1985-2016,"OCHRE link: <a href=""https://pi.lib.uchicago.edu/1001/org/ochre/0fdf9ea1-4687-4c9e-880a-fef1f0a7cb87"">https://pi.lib.uchicago.edu/1001/org/ochre/0fdf9ea1-4687-4c9e-880a-fef1f0a7cb87</a>"
50.49 Pottery Registry 388 (L).pdf,Pottery Registry: Dataset 2,Pottery registries from excavation: 1985-2016,"OCHRE link: <a href=""https://pi.lib.uchicago.edu/1001/org/ochre/612222df-9e36-1c7a-215c-b03e82f4b9f7"">https://pi.lib.uchicago.edu/1001/org/ochre/612222df-9e36-1c7a-215c-b03e82f4b9f7</a>"
50.49 Pottery Registry 389 (L).pdf,Pottery Registry: Dataset 2,Pottery registries from excavation: 1985-2016,"OCHRE link: <a href=""https://pi.lib.uchicago.edu/1001/org/ochre/4ed8dd06-d1f7-2f61-b583-e96e45fa6900"">https://pi.lib.uchicago.edu/1001/org/ochre/4ed8dd06-d1f7-2f61-b583-e96e45fa6900</a>"
50.49 Pottery Registry 392 (L).pdf,Pottery Registry: Dataset 2,Pottery registries from excavation: 1985-2016,"OCHRE link: <a href=""https://pi.lib.uchicago.edu/1001/org/ochre/6e12da84-984d-68f1-a14e-3cdd686f92a5"">https://pi.lib.uchicago.edu/1001/org/ochre/6e12da84-984d-68f1-a14e-3cdd686f92a5</a>"
50.49 Pottery Registry 411 (L).pdf,Pottery Registry: Dataset 2,Pottery registries from excavation: 1985-2016,"OCHRE link: <a href=""https://pi.lib.uchicago.edu/1001/org/ochre/025c6a11-8dd3-dd75-98a0-9507a7991224"">https://pi.lib.uchicago.edu/1001/org/ochre/025c6a11-8dd3-dd75-98a0-9507a7991224</a>"
50.49 Pottery Registry 418 (L).pdf,Pottery Registry: Dataset 2,Pottery registries from excavation: 1985-2016,"OCHRE link: <a href=""https://pi.lib.uchicago.edu/1001/org/ochre/daac9c5d-99a0-8b8c-27c7-15c49f828ed6"">https://pi.lib.uchicago.edu/1001/org/ochre/daac9c5d-99a0-8b8c-27c7-15c49f828ed6</a>"
50.49 Pottery Registry 423 (L).pdf,Pottery Registry: Dataset 2,Pottery registries from excavation: 1985-2016,"OCHRE link: <a href=""https://pi.lib.uchicago.edu/1001/org/ochre/461dabbf-7cac-3f13-ba39-121bf58a27db"">https://pi.lib.uchicago.edu/1001/org/ochre/461dabbf-7cac-3f13-ba39-121bf58a27db</a>"
50.49 Pottery Registry 425 (L).pdf,Pottery Registry: Dataset 2,Pottery registries from excavation: 1985-2016,"OCHRE link: <a href=""https://pi.lib.uchicago.edu/1001/org/ochre/69453919-357d-1bbd-6dd1-6c917c7c5a97"">https://pi.lib.uchicago.edu/1001/org/ochre/69453919-357d-1bbd-6dd1-6c917c7c5a97</a>"
50.49 Pottery Registry 432 (L).pdf,Pottery Registry: Dataset 2,Pottery registries from excavation: 1985-2016,"OCHRE link: <a href=""https://pi.lib.uchicago.edu/1001/org/ochre/462af1aa-1b81-2582-b5e3-4d97a9fb00eb"">https://pi.lib.uchicago.edu/1001/org/ochre/462af1aa-1b81-2582-b5e3-4d97a9fb00eb</a>"
50.49 Pottery Registry 435 (F).pdf,Pottery Registry: Dataset 2,Pottery registries from excavation: 1985-2016,"OCHRE link: <a href=""https://pi.lib.uchicago.edu/1001/org/ochre/505d0403-43e7-940b-5de8-d7480e4ebbb2"">https://pi.lib.uchicago.edu/1001/org/ochre/505d0403-43e7-940b-5de8-d7480e4ebbb2</a>"
50.49 Pottery Registry 440 (L).pdf,Pottery Registry: Dataset 2,Pottery registries from excavation: 1985-2016,"OCHRE link: <a href=""https://pi.lib.uchicago.edu/1001/org/ochre/0f96fac9-cc0d-fbdc-d750-1335e534099c"">https://pi.lib.uchicago.edu/1001/org/ochre/0f96fac9-cc0d-fbdc-d750-1335e534099c</a>"
50.49 Pottery Registry 449 (L).pdf,Pottery Registry: Dataset 2,Pottery registries from excavation: 1985-2016,"OCHRE link: <a href=""https://pi.lib.uchicago.edu/1001/org/ochre/76cee5a4-ad88-b4ca-6c96-754e1d083147"">https://pi.lib.uchicago.edu/1001/org/ochre/76cee5a4-ad88-b4ca-6c96-754e1d083147</a>"
50.49 Pottery Registry 451 (L).pdf,Pottery Registry: Dataset 2,Pottery registries from excavation: 1985-2016,"OCHRE link: <a href=""https://pi.lib.uchicago.edu/1001/org/ochre/451f1ac3-7bb0-7458-66a3-b6ab81d02913"">https://pi.lib.uchicago.edu/1001/org/ochre/451f1ac3-7bb0-7458-66a3-b6ab81d02913</a>"
50.49 Pottery Registry 453 (L).pdf,Pottery Registry: Dataset 2,Pottery registries from excavation: 1985-2016,"OCHRE link: <a href=""https://pi.lib.uchicago.edu/1001/org/ochre/48396c1d-4e22-8e5b-8e7e-7aa58b6b8756"">https://pi.lib.uchicago.edu/1001/org/ochre/48396c1d-4e22-8e5b-8e7e-7aa58b6b8756</a>"
50.49 Pottery Registry 456 (L).pdf,Pottery Registry: Dataset 2,Pottery registries from excavation: 1985-2016,"OCHRE link: <a href=""https://pi.lib.uchicago.edu/1001/org/ochre/464faa2f-069c-a99e-e1ef-2ec412094408"">https://pi.lib.uchicago.edu/1001/org/ochre/464faa2f-069c-a99e-e1ef-2ec412094408</a>"
50.49 Pottery Registry 473 (L).pdf,Pottery Registry: Dataset 2,Pottery registries from excavation: 1985-2016,"OCHRE link: <a href=""https://pi.lib.uchicago.edu/1001/org/ochre/032b3830-88e5-c4be-14ea-2afed6c9301a"">https://pi.lib.uchicago.edu/1001/org/ochre/032b3830-88e5-c4be-14ea-2afed6c9301a</a>"
50.49 Pottery Registry 475 (L).pdf,Pottery Registry: Dataset 2,Pottery registries from excavation: 1985-2016,"OCHRE link: <a href=""https://pi.lib.uchicago.edu/1001/org/ochre/2ce643df-c61c-60a4-0a62-88f5aff95d22"">https://pi.lib.uchicago.edu/1001/org/ochre/2ce643df-c61c-60a4-0a62-88f5aff95d22</a>"
50.49 Pottery Registry 477 (L).pdf,Pottery Registry: Dataset 2,Pottery registries from excavation: 1985-2016,"OCHRE link: <a href=""https://pi.lib.uchicago.edu/1001/org/ochre/6fa7c358-5128-4ce9-60f7-1922ef4ec0ad"">https://pi.lib.uchicago.edu/1001/org/ochre/6fa7c358-5128-4ce9-60f7-1922ef4ec0ad</a>"
50.49 Pottery Registry 478 (L).pdf,Pottery Registry: Dataset 2,Pottery registries from excavation: 1985-2016,"OCHRE link: <a href=""https://pi.lib.uchicago.edu/1001/org/ochre/c13d64d2-16f4-9d54-b1e7-6e7b5a74a3f3"">https://pi.lib.uchicago.edu/1001/org/ochre/c13d64d2-16f4-9d54-b1e7-6e7b5a74a3f3</a>"
50.49 Pottery Registry 482 (L).pdf,Pottery Registry: Dataset 2,Pottery registries from excavation: 1985-2016,"OCHRE link: <a href=""https://pi.lib.uchicago.edu/1001/org/ochre/991ed6df-a0a2-e86b-7e96-be00ff7deb40"">https://pi.lib.uchicago.edu/1001/org/ochre/991ed6df-a0a2-e86b-7e96-be00ff7deb40</a>"
50.49 Pottery Registry 486 (L).pdf,Pottery Registry: Dataset 2,Pottery registries from excavation: 1985-2016,"OCHRE link: <a href=""https://pi.lib.uchicago.edu/1001/org/ochre/ba8bc4ac-f63e-e08b-13fa-88df9829a0a4"">https://pi.lib.uchicago.edu/1001/org/ochre/ba8bc4ac-f63e-e08b-13fa-88df9829a0a4</a>"
50.49 Pottery Registry 491 (L).pdf,Pottery Registry: Dataset 2,Pottery registries from excavation: 1985-2016,"OCHRE link: <a href=""https://pi.lib.uchicago.edu/1001/org/ochre/a21049c8-4ede-dc55-d95a-3e9c053249d2"">https://pi.lib.uchicago.edu/1001/org/ochre/a21049c8-4ede-dc55-d95a-3e9c053249d2</a>"
50.49 Pottery Registry 495 (L).pdf,Pottery Registry: Dataset 2,Pottery registries from excavation: 1985-2016,"OCHRE link: <a href=""https://pi.lib.uchicago.edu/1001/org/ochre/fe963d06-3d0c-7aac-b6c6-0b7e7e7a3cd8"">https://pi.lib.uchicago.edu/1001/org/ochre/fe963d06-3d0c-7aac-b6c6-0b7e7e7a3cd8</a>"
50.49 Pottery Registry 497 (L).pdf,Pottery Registry: Dataset 2,Pottery registries from excavation: 1985-2016,"OCHRE link: <a href=""https://pi.lib.uchicago.edu/1001/org/ochre/95fce852-59ea-0410-9dfa-62561852bde1"">https://pi.lib.uchicago.edu/1001/org/ochre/95fce852-59ea-0410-9dfa-62561852bde1</a>"
50.49 Pottery Registry 498 (L).pdf,Pottery Registry: Dataset 2,Pottery registries from excavation: 1985-2016,"OCHRE link: <a href=""https://pi.lib.uchicago.edu/1001/org/ochre/0d93faa8-4e49-5b6d-a1ae-ae3665eeb051"">https://pi.lib.uchicago.edu/1001/org/ochre/0d93faa8-4e49-5b6d-a1ae-ae3665eeb051</a>"
50.49 Pottery Registry 508 (L).pdf,Pottery Registry: Dataset 2,Pottery registries from excavation: 1985-2016,"OCHRE link: <a href=""https://pi.lib.uchicago.edu/1001/org/ochre/0bb7ca61-9180-636b-c437-411eda167258"">https://pi.lib.uchicago.edu/1001/org/ochre/0bb7ca61-9180-636b-c437-411eda167258</a>"
50.49 Pottery Registry 509 (L).pdf,Pottery Registry: Dataset 2,Pottery registries from excavation: 1985-2016,"OCHRE link: <a href=""https://pi.lib.uchicago.edu/1001/org/ochre/8f815187-8877-a21f-e7ca-9845f33e38d5"">https://pi.lib.uchicago.edu/1001/org/ochre/8f815187-8877-a21f-e7ca-9845f33e38d5</a>"
50.49 Pottery Registry Miscellaneous.pdf,Pottery Registry: Dataset 2,Pottery registries from excavation: 1985-2016,"OCHRE link: <a href=""https://pi.lib.uchicago.edu/1001/org/ochre/b847d1ca-18dd-c20f-f6c2-305c64bf36ec"">https://pi.lib.uchicago.edu/1001/org/ochre/b847d1ca-18dd-c20f-f6c2-305c64bf36ec</a>"
50.56 Pottery Registry 004 (L).pdf,Pottery Registry: Dataset 2,Pottery registries from excavation: 1985-2016,"OCHRE link: <a href=""https://pi.lib.uchicago.edu/1001/org/ochre/e77f8ea8-2f7f-4056-633f-a6e17c408a0d"">https://pi.lib.uchicago.edu/1001/org/ochre/e77f8ea8-2f7f-4056-633f-a6e17c408a0d</a>"
50.56 Pottery Registry 005 (L St.).pdf,Pottery Registry: Dataset 2,Pottery registries from excavation: 1985-2016,"OCHRE link: <a href=""https://pi.lib.uchicago.edu/1001/org/ochre/e12db57c-f7db-3965-d35f-497e4bf9f9e3"">https://pi.lib.uchicago.edu/1001/org/ochre/e12db57c-f7db-3965-d35f-497e4bf9f9e3</a>"
50.56 Pottery Registry 005 (L).pdf,Pottery Registry: Dataset 2,Pottery registries from excavation: 1985-2016,"OCHRE link: <a href=""https://pi.lib.uchicago.edu/1001/org/ochre/23678c1c-2484-8c6e-1e10-afcdca2b1e46"">https://pi.lib.uchicago.edu/1001/org/ochre/23678c1c-2484-8c6e-1e10-afcdca2b1e46</a>"
50.56 Pottery Registry 159 (L).pdf,Pottery Registry: Dataset 2,Pottery registries from excavation: 1985-2016,"OCHRE link: <a href=""https://pi.lib.uchicago.edu/1001/org/ochre/c5224449-154a-e0c5-45b2-bc16833d0b9a"">https://pi.lib.uchicago.edu/1001/org/ochre/c5224449-154a-e0c5-45b2-bc16833d0b9a</a>"
50.56 Pottery Registry 190 (L).pdf,Pottery Registry: Dataset 2,Pottery registries from excavation: 1985-2016,"OCHRE link: <a href=""https://pi.lib.uchicago.edu/1001/org/ochre/f3553234-35bf-6301-e690-abf19064ac6e"">https://pi.lib.uchicago.edu/1001/org/ochre/f3553234-35bf-6301-e690-abf19064ac6e</a>"
50.56 Pottery Registry 197 (L).pdf,Pottery Registry: Dataset 2,Pottery registries from excavation: 1985-2016,"OCHRE link: <a href=""https://pi.lib.uchicago.edu/1001/org/ochre/46150793-b714-f13f-18e5-28618c24841b"">https://pi.lib.uchicago.edu/1001/org/ochre/46150793-b714-f13f-18e5-28618c24841b</a>"
50.56 Pottery Registry 203 (L).pdf,Pottery Registry: Dataset 2,Pottery registries from excavation: 1985-2016,"OCHRE link: <a href=""https://pi.lib.uchicago.edu/1001/org/ochre/ca571198-984f-7ec3-76a1-77eadd2b80ba"">https://pi.lib.uchicago.edu/1001/org/ochre/ca571198-984f-7ec3-76a1-77eadd2b80ba</a>"
50.56 Pottery Registry 205 (L).pdf,Pottery Registry: Dataset 2,Pottery registries from excavation: 1985-2016,"OCHRE link: <a href=""https://pi.lib.uchicago.edu/1001/org/ochre/b6636657-35b2-3f23-8c6a-12bfdb63741e"">https://pi.lib.uchicago.edu/1001/org/ochre/b6636657-35b2-3f23-8c6a-12bfdb63741e</a>"
50.56 Pottery Registry Miscellaneous.pdf,Pottery Registry: Dataset 2,Pottery registries from excavation: 1985-2016,"OCHRE link: <a href=""https://pi.lib.uchicago.edu/1001/org/ochre/2c115be5-0430-d4bf-4996-a19ba9c1ba5d"">https://pi.lib.uchicago.edu/1001/org/ochre/2c115be5-0430-d4bf-4996-a19ba9c1ba5d</a>"
50.57 Pottery Registry 001 (L St.).pdf,Pottery Registry: Dataset 2,Pottery registries from excavation: 1985-2016,"OCHRE link: <a href=""https://pi.lib.uchicago.edu/1001/org/ochre/915ffc48-5eb5-2284-2960-abe9e1096220"">https://pi.lib.uchicago.edu/1001/org/ochre/915ffc48-5eb5-2284-2960-abe9e1096220</a>"
50.57 Pottery Registry 001 (L).pdf,Pottery Registry: Dataset 2,Pottery registries from excavation: 1985-2016,"OCHRE link: <a href=""https://pi.lib.uchicago.edu/1001/org/ochre/0f1cd396-76bd-836c-e9ee-c69e869550a6"">https://pi.lib.uchicago.edu/1001/org/ochre/0f1cd396-76bd-836c-e9ee-c69e869550a6</a>"
50.57 Pottery Registry 002 (L St.).pdf,Pottery Registry: Dataset 2,Pottery registries from excavation: 1985-2016,"OCHRE link: <a href=""https://pi.lib.uchicago.edu/1001/org/ochre/43f933c7-ab55-815c-eec4-30e140838d80"">https://pi.lib.uchicago.edu/1001/org/ochre/43f933c7-ab55-815c-eec4-30e140838d80</a>"
50.57 Pottery Registry 002 (L).pdf,Pottery Registry: Dataset 2,Pottery registries from excavation: 1985-2016,"OCHRE link: <a href=""https://pi.lib.uchicago.edu/1001/org/ochre/40fe2311-9c59-9b62-997a-b9550709824a"">https://pi.lib.uchicago.edu/1001/org/ochre/40fe2311-9c59-9b62-997a-b9550709824a</a>"
50.57 Pottery Registry 003 (L).pdf,Pottery Registry: Dataset 2,Pottery registries from excavation: 1985-2016,"OCHRE link: <a href=""https://pi.lib.uchicago.edu/1001/org/ochre/9935026e-bdb9-93f3-45fd-fdcf69466aa7"">https://pi.lib.uchicago.edu/1001/org/ochre/9935026e-bdb9-93f3-45fd-fdcf69466aa7</a>"
50.57 Pottery Registry 004 (L St.).pdf,Pottery Registry: Dataset 2,Pottery registries from excavation: 1985-2016,"OCHRE link: <a href=""https://pi.lib.uchicago.edu/1001/org/ochre/1cb298b3-5d5c-db6b-7a8c-b827195116e8"">https://pi.lib.uchicago.edu/1001/org/ochre/1cb298b3-5d5c-db6b-7a8c-b827195116e8</a>"
50.57 Pottery Registry 004 (L).pdf,Pottery Registry: Dataset 2,Pottery registries from excavation: 1985-2016,"OCHRE link: <a href=""https://pi.lib.uchicago.edu/1001/org/ochre/2f848ebc-031e-c6aa-955f-ba8a7d61374d"">https://pi.lib.uchicago.edu/1001/org/ochre/2f848ebc-031e-c6aa-955f-ba8a7d61374d</a>"
50.57 Pottery Registry 006 (L).pdf,Pottery Registry: Dataset 2,Pottery registries from excavation: 1985-2016,"OCHRE link: <a href=""https://pi.lib.uchicago.edu/1001/org/ochre/8f035193-5f17-9fea-47f7-4d5c2c0613c5"">https://pi.lib.uchicago.edu/1001/org/ochre/8f035193-5f17-9fea-47f7-4d5c2c0613c5</a>"
50.57 Pottery Registry 007 (L).pdf,Pottery Registry: Dataset 2,Pottery registries from excavation: 1985-2016,"OCHRE link: <a href=""https://pi.lib.uchicago.edu/1001/org/ochre/226fe083-0ad5-82f8-3f1e-6a8a2a19ff31"">https://pi.lib.uchicago.edu/1001/org/ochre/226fe083-0ad5-82f8-3f1e-6a8a2a19ff31</a>"
50.57 Pottery Registry 011 (L).pdf,Pottery Registry: Dataset 2,Pottery registries from excavation: 1985-2016,"OCHRE link: <a href=""https://pi.lib.uchicago.edu/1001/org/ochre/a92a0823-c2fd-641a-718a-ab1791ab144d"">https://pi.lib.uchicago.edu/1001/org/ochre/a92a0823-c2fd-641a-718a-ab1791ab144d</a>"
50.57 Pottery Registry 013 (F).pdf,Pottery Registry: Dataset 2,Pottery registries from excavation: 1985-2016,"OCHRE link: <a href=""https://pi.lib.uchicago.edu/1001/org/ochre/fd5b3438-6a98-65ad-9e82-972f8253390a"">https://pi.lib.uchicago.edu/1001/org/ochre/fd5b3438-6a98-65ad-9e82-972f8253390a</a>"
50.57 Pottery Registry 014 (L).pdf,Pottery Registry: Dataset 2,Pottery registries from excavation: 1985-2016,"OCHRE link: <a href=""https://pi.lib.uchicago.edu/1001/org/ochre/58ded91d-d5e0-28d3-f793-6c5998f52e9e"">https://pi.lib.uchicago.edu/1001/org/ochre/58ded91d-d5e0-28d3-f793-6c5998f52e9e</a>"
50.57 Pottery Registry 016 (L).pdf,Pottery Registry: Dataset 2,Pottery registries from excavation: 1985-2016,"OCHRE link: <a href=""https://pi.lib.uchicago.edu/1001/org/ochre/8596bd59-d3b0-5629-00fa-9c6e2147af2e"">https://pi.lib.uchicago.edu/1001/org/ochre/8596bd59-d3b0-5629-00fa-9c6e2147af2e</a>"
50.57 Pottery Registry 017 (L).pdf,Pottery Registry: Dataset 2,Pottery registries from excavation: 1985-2016,"OCHRE link: <a href=""https://pi.lib.uchicago.edu/1001/org/ochre/79fc7e12-ad05-5142-a444-078ff30aa220"">https://pi.lib.uchicago.edu/1001/org/ochre/79fc7e12-ad05-5142-a444-078ff30aa220</a>"
50.57 Pottery Registry 022 (L).pdf,Pottery Registry: Dataset 2,Pottery registries from excavation: 1985-2016,"OCHRE link: <a href=""https://pi.lib.uchicago.edu/1001/org/ochre/2cd0a018-3627-defa-8877-90db98db1bff"">https://pi.lib.uchicago.edu/1001/org/ochre/2cd0a018-3627-defa-8877-90db98db1bff</a>"
50.57 Pottery Registry 025 (F).pdf,Pottery Registry: Dataset 2,Pottery registries from excavation: 1985-2016,"OCHRE link: <a href=""https://pi.lib.uchicago.edu/1001/org/ochre/2fab084c-ce9f-7afa-efc0-4eceb9eedd0f"">https://pi.lib.uchicago.edu/1001/org/ochre/2fab084c-ce9f-7afa-efc0-4eceb9eedd0f</a>"
50.57 Pottery Registry 028 (F).pdf,Pottery Registry: Dataset 2,Pottery registries from excavation: 1985-2016,"OCHRE link: <a href=""https://pi.lib.uchicago.edu/1001/org/ochre/13910ed9-8b37-0c29-07d8-43fde5a6f9ba"">https://pi.lib.uchicago.edu/1001/org/ochre/13910ed9-8b37-0c29-07d8-43fde5a6f9ba</a>"
50.57 Pottery Registry 029 (F).pdf,Pottery Registry: Dataset 2,Pottery registries from excavation: 1985-2016,"OCHRE link: <a href=""https://pi.lib.uchicago.edu/1001/org/ochre/c3da64e6-5b17-8176-140a-062fc6df1fd0"">https://pi.lib.uchicago.edu/1001/org/ochre/c3da64e6-5b17-8176-140a-062fc6df1fd0</a>"
50.57 Pottery Registry 030 (L).pdf,Pottery Registry: Dataset 2,Pottery registries from excavation: 1985-2016,"OCHRE link: <a href=""https://pi.lib.uchicago.edu/1001/org/ochre/3f45b9be-15f8-62d9-3ad6-2dac627e0954"">https://pi.lib.uchicago.edu/1001/org/ochre/3f45b9be-15f8-62d9-3ad6-2dac627e0954</a>"
50.57 Pottery Registry 031 (L).pdf,Pottery Registry: Dataset 2,Pottery registries from excavation: 1985-2016,"OCHRE link: <a href=""https://pi.lib.uchicago.edu/1001/org/ochre/3f018ab4-18d8-3d1c-4f6e-03926905deb3"">https://pi.lib.uchicago.edu/1001/org/ochre/3f018ab4-18d8-3d1c-4f6e-03926905deb3</a>"
50.57 Pottery Registry 033 (L).pdf,Pottery Registry: Dataset 2,Pottery registries from excavation: 1985-2016,"OCHRE link: <a href=""https://pi.lib.uchicago.edu/1001/org/ochre/d89139d3-7649-f6ff-823c-c031f4cae743"">https://pi.lib.uchicago.edu/1001/org/ochre/d89139d3-7649-f6ff-823c-c031f4cae743</a>"
50.57 Pottery Registry 034 (L).pdf,Pottery Registry: Dataset 2,Pottery registries from excavation: 1985-2016,"OCHRE link: <a href=""https://pi.lib.uchicago.edu/1001/org/ochre/dad8e187-39ab-12c9-7775-faa900be1732"">https://pi.lib.uchicago.edu/1001/org/ochre/dad8e187-39ab-12c9-7775-faa900be1732</a>"
50.57 Pottery Registry 035 (L).pdf,Pottery Registry: Dataset 2,Pottery registries from excavation: 1985-2016,"OCHRE link: <a href=""https://pi.lib.uchicago.edu/1001/org/ochre/e5e5b8ee-01e8-4d9e-e355-7d7931dd5e47"">https://pi.lib.uchicago.edu/1001/org/ochre/e5e5b8ee-01e8-4d9e-e355-7d7931dd5e47</a>"
50.57 Pottery Registry 036 (L).pdf,Pottery Registry: Dataset 2,Pottery registries from excavation: 1985-2016,"OCHRE link: <a href=""https://pi.lib.uchicago.edu/1001/org/ochre/9fb6289a-070f-e3df-e22b-ee51727a19b2"">https://pi.lib.uchicago.edu/1001/org/ochre/9fb6289a-070f-e3df-e22b-ee51727a19b2</a>"
50.57 Pottery Registry 037 (L).pdf,Pottery Registry: Dataset 2,Pottery registries from excavation: 1985-2016,"OCHRE link: <a href=""https://pi.lib.uchicago.edu/1001/org/ochre/d7a05523-3524-bc2b-319b-8f18958f9fa3"">https://pi.lib.uchicago.edu/1001/org/ochre/d7a05523-3524-bc2b-319b-8f18958f9fa3</a>"
50.57 Pottery Registry 038 (L).pdf,Pottery Registry: Dataset 2,Pottery registries from excavation: 1985-2016,"OCHRE link: <a href=""https://pi.lib.uchicago.edu/1001/org/ochre/425d5a69-c484-2d54-9992-cc62063f73e0"">https://pi.lib.uchicago.edu/1001/org/ochre/425d5a69-c484-2d54-9992-cc62063f73e0</a>"
50.57 Pottery Registry 039 (L).pdf,Pottery Registry: Dataset 2,Pottery registries from excavation: 1985-2016,"OCHRE link: <a href=""https://pi.lib.uchicago.edu/1001/org/ochre/8da9d369-9591-2783-302a-3e0418344cb9"">https://pi.lib.uchicago.edu/1001/org/ochre/8da9d369-9591-2783-302a-3e0418344cb9</a>"
50.57 Pottery Registry 040 (L).pdf,Pottery Registry: Dataset 2,Pottery registries from excavation: 1985-2016,"OCHRE link: <a href=""https://pi.lib.uchicago.edu/1001/org/ochre/2ee8ecd3-0930-719c-a5de-ad3b75ba3bbc"">https://pi.lib.uchicago.edu/1001/org/ochre/2ee8ecd3-0930-719c-a5de-ad3b75ba3bbc</a>"
50.57 Pottery Registry 041 (L).pdf,Pottery Registry: Dataset 2,Pottery registries from excavation: 1985-2016,"OCHRE link: <a href=""https://pi.lib.uchicago.edu/1001/org/ochre/f9e6f5e2-9a81-9998-63cc-b7a0ff02c977"">https://pi.lib.uchicago.edu/1001/org/ochre/f9e6f5e2-9a81-9998-63cc-b7a0ff02c977</a>"
50.57 Pottery Registry 042 (L).pdf,Pottery Registry: Dataset 2,Pottery registries from excavation: 1985-2016,"OCHRE link: <a href=""https://pi.lib.uchicago.edu/1001/org/ochre/fe93193e-4e41-061d-5945-fa0ba850a683"">https://pi.lib.uchicago.edu/1001/org/ochre/fe93193e-4e41-061d-5945-fa0ba850a683</a>"
50.57 Pottery Registry 043 (L).pdf,Pottery Registry: Dataset 2,Pottery registries from excavation: 1985-2016,"OCHRE link: <a href=""https://pi.lib.uchicago.edu/1001/org/ochre/2e50971c-ca4c-d73a-ab13-47eb783bc764"">https://pi.lib.uchicago.edu/1001/org/ochre/2e50971c-ca4c-d73a-ab13-47eb783bc764</a>"
50.57 Pottery Registry 044 (L).pdf,Pottery Registry: Dataset 2,Pottery registries from excavation: 1985-2016,"OCHRE link: <a href=""https://pi.lib.uchicago.edu/1001/org/ochre/c67f2268-a5ac-0fa2-cf54-318222dc8b77"">https://pi.lib.uchicago.edu/1001/org/ochre/c67f2268-a5ac-0fa2-cf54-318222dc8b77</a>"
50.57 Pottery Registry 045 (L).pdf,Pottery Registry: Dataset 2,Pottery registries from excavation: 1985-2016,"OCHRE link: <a href=""https://pi.lib.uchicago.edu/1001/org/ochre/39fc843e-0e35-2553-7bb5-ec2f27a0d620"">https://pi.lib.uchicago.edu/1001/org/ochre/39fc843e-0e35-2553-7bb5-ec2f27a0d620</a>"
50.57 Pottery Registry 047 (L).pdf,Pottery Registry: Dataset 2,Pottery registries from excavation: 1985-2016,"OCHRE link: <a href=""https://pi.lib.uchicago.edu/1001/org/ochre/72c5e836-58dd-411c-7f01-82b1cd79560f"">https://pi.lib.uchicago.edu/1001/org/ochre/72c5e836-58dd-411c-7f01-82b1cd79560f</a>"
50.57 Pottery Registry 048 (L).pdf,Pottery Registry: Dataset 2,Pottery registries from excavation: 1985-2016,"OCHRE link: <a href=""https://pi.lib.uchicago.edu/1001/org/ochre/286b8307-4ebd-dd1b-f0ba-77af7f1d5df8"">https://pi.lib.uchicago.edu/1001/org/ochre/286b8307-4ebd-dd1b-f0ba-77af7f1d5df8</a>"
50.57 Pottery Registry 049 (L).pdf,Pottery Registry: Dataset 2,Pottery registries from excavation: 1985-2016,"OCHRE link: <a href=""https://pi.lib.uchicago.edu/1001/org/ochre/2a090df2-2068-6736-b3f1-dd33319a3495"">https://pi.lib.uchicago.edu/1001/org/ochre/2a090df2-2068-6736-b3f1-dd33319a3495</a>"
50.57 Pottery Registry 050 (F).pdf,Pottery Registry: Dataset 2,Pottery registries from excavation: 1985-2016,"OCHRE link: <a href=""https://pi.lib.uchicago.edu/1001/org/ochre/2858303e-466b-6913-0c99-acd3ae823964"">https://pi.lib.uchicago.edu/1001/org/ochre/2858303e-466b-6913-0c99-acd3ae823964</a>"
50.57 Pottery Registry 050 (L).pdf,Pottery Registry: Dataset 2,Pottery registries from excavation: 1985-2016,"OCHRE link: <a href=""https://pi.lib.uchicago.edu/1001/org/ochre/b329b6d0-fa4f-1315-45da-d00678e6481b"">https://pi.lib.uchicago.edu/1001/org/ochre/b329b6d0-fa4f-1315-45da-d00678e6481b</a>"
50.57 Pottery Registry 051 (L).pdf,Pottery Registry: Dataset 2,Pottery registries from excavation: 1985-2016,"OCHRE link: <a href=""https://pi.lib.uchicago.edu/1001/org/ochre/56133a5f-71bf-ad06-f729-383952618680"">https://pi.lib.uchicago.edu/1001/org/ochre/56133a5f-71bf-ad06-f729-383952618680</a>"
50.57 Pottery Registry 053 (L).pdf,Pottery Registry: Dataset 2,Pottery registries from excavation: 1985-2016,"OCHRE link: <a href=""https://pi.lib.uchicago.edu/1001/org/ochre/ad28a01a-e09a-9d5a-fa85-de8992552cbf"">https://pi.lib.uchicago.edu/1001/org/ochre/ad28a01a-e09a-9d5a-fa85-de8992552cbf</a>"
50.57 Pottery Registry 054 (L).pdf,Pottery Registry: Dataset 2,Pottery registries from excavation: 1985-2016,"OCHRE link: <a href=""https://pi.lib.uchicago.edu/1001/org/ochre/dbd22f6c-485a-15f0-3690-bf68c5f03289"">https://pi.lib.uchicago.edu/1001/org/ochre/dbd22f6c-485a-15f0-3690-bf68c5f03289</a>"
50.57 Pottery Registry 056 (F).pdf,Pottery Registry: Dataset 2,Pottery registries from excavation: 1985-2016,"OCHRE link: <a href=""https://pi.lib.uchicago.edu/1001/org/ochre/9eb190b6-aade-6832-ec23-c7d600edcdf9"">https://pi.lib.uchicago.edu/1001/org/ochre/9eb190b6-aade-6832-ec23-c7d600edcdf9</a>"
50.57 Pottery Registry 056 (L).pdf,Pottery Registry: Dataset 2,Pottery registries from excavation: 1985-2016,"OCHRE link: <a href=""https://pi.lib.uchicago.edu/1001/org/ochre/b6c5a757-d12a-75be-fc12-ae50f91d9202"">https://pi.lib.uchicago.edu/1001/org/ochre/b6c5a757-d12a-75be-fc12-ae50f91d9202</a>"
50.57 Pottery Registry 057 (L).pdf,Pottery Registry: Dataset 2,Pottery registries from excavation: 1985-2016,"OCHRE link: <a href=""https://pi.lib.uchicago.edu/1001/org/ochre/daecd377-45c2-2822-1b97-ad54fed414d5"">https://pi.lib.uchicago.edu/1001/org/ochre/daecd377-45c2-2822-1b97-ad54fed414d5</a>"
50.57 Pottery Registry 058 (L).pdf,Pottery Registry: Dataset 2,Pottery registries from excavation: 1985-2016,"OCHRE link: <a href=""https://pi.lib.uchicago.edu/1001/org/ochre/cabb1db9-341a-1100-db06-85ad8be5458f"">https://pi.lib.uchicago.edu/1001/org/ochre/cabb1db9-341a-1100-db06-85ad8be5458f</a>"
50.57 Pottery Registry 059 (L).pdf,Pottery Registry: Dataset 2,Pottery registries from excavation: 1985-2016,"OCHRE link: <a href=""https://pi.lib.uchicago.edu/1001/org/ochre/d2c8c8e0-bc68-0cb0-ee30-e00c5eae8d7b"">https://pi.lib.uchicago.edu/1001/org/ochre/d2c8c8e0-bc68-0cb0-ee30-e00c5eae8d7b</a>"
50.57 Pottery Registry 060 (L).pdf,Pottery Registry: Dataset 2,Pottery registries from excavation: 1985-2016,"OCHRE link: <a href=""https://pi.lib.uchicago.edu/1001/org/ochre/4a2d5f7e-8405-f292-991b-e6999cbb6350"">https://pi.lib.uchicago.edu/1001/org/ochre/4a2d5f7e-8405-f292-991b-e6999cbb6350</a>"
50.57 Pottery Registry 061 (L).pdf,Pottery Registry: Dataset 2,Pottery registries from excavation: 1985-2016,"OCHRE link: <a href=""https://pi.lib.uchicago.edu/1001/org/ochre/d4cf6751-8f24-30f3-4b34-275a4e83ddce"">https://pi.lib.uchicago.edu/1001/org/ochre/d4cf6751-8f24-30f3-4b34-275a4e83ddce</a>"
50.57 Pottery Registry 062 (L).pdf,Pottery Registry: Dataset 2,Pottery registries from excavation: 1985-2016,"OCHRE link: <a href=""https://pi.lib.uchicago.edu/1001/org/ochre/18a223df-cf78-81bf-3c33-829fa65926aa"">https://pi.lib.uchicago.edu/1001/org/ochre/18a223df-cf78-81bf-3c33-829fa65926aa</a>"
"50.57 Pottery Registry 062, 074, 050 (L).pdf",Pottery Registry: Dataset 2,Pottery registries from excavation: 1985-2016,"OCHRE link: <a href=""https://pi.lib.uchicago.edu/1001/org/ochre/bb16faf3-f98e-1302-34cd-2d76c08d8f55"">https://pi.lib.uchicago.edu/1001/org/ochre/bb16faf3-f98e-1302-34cd-2d76c08d8f55</a>"
50.57 Pottery Registry 063 (L).pdf,Pottery Registry: Dataset 2,Pottery registries from excavation: 1985-2016,"OCHRE link: <a href=""https://pi.lib.uchicago.edu/1001/org/ochre/37465f45-e1d9-703b-8f3a-44033d601ac6"">https://pi.lib.uchicago.edu/1001/org/ochre/37465f45-e1d9-703b-8f3a-44033d601ac6</a>"
50.57 Pottery Registry 065 (L).pdf,Pottery Registry: Dataset 2,Pottery registries from excavation: 1985-2016,"OCHRE link: <a href=""https://pi.lib.uchicago.edu/1001/org/ochre/785afd5f-6817-7879-fc51-1b814f040c81"">https://pi.lib.uchicago.edu/1001/org/ochre/785afd5f-6817-7879-fc51-1b814f040c81</a>"
50.57 Pottery Registry 067 (L).pdf,Pottery Registry: Dataset 2,Pottery registries from excavation: 1985-2016,"OCHRE link: <a href=""https://pi.lib.uchicago.edu/1001/org/ochre/85813208-6ed8-16f5-be05-e6896493092b"">https://pi.lib.uchicago.edu/1001/org/ochre/85813208-6ed8-16f5-be05-e6896493092b</a>"
50.57 Pottery Registry 068 (L).pdf,Pottery Registry: Dataset 2,Pottery registries from excavation: 1985-2016,"OCHRE link: <a href=""https://pi.lib.uchicago.edu/1001/org/ochre/118d43d8-b32e-926d-b404-f1a90a217a28"">https://pi.lib.uchicago.edu/1001/org/ochre/118d43d8-b32e-926d-b404-f1a90a217a28</a>"
50.57 Pottery Registry 069 (L).pdf,Pottery Registry: Dataset 2,Pottery registries from excavation: 1985-2016,"OCHRE link: <a href=""https://pi.lib.uchicago.edu/1001/org/ochre/ab1f4f48-1000-d31a-c80b-f07b29a8f219"">https://pi.lib.uchicago.edu/1001/org/ochre/ab1f4f48-1000-d31a-c80b-f07b29a8f219</a>"
50.57 Pottery Registry 070 (L).pdf,Pottery Registry: Dataset 2,Pottery registries from excavation: 1985-2016,"OCHRE link: <a href=""https://pi.lib.uchicago.edu/1001/org/ochre/d286ecd3-6c27-f9f3-49a1-dbcd2a66561b"">https://pi.lib.uchicago.edu/1001/org/ochre/d286ecd3-6c27-f9f3-49a1-dbcd2a66561b</a>"
50.57 Pottery Registry 071 (L).pdf,Pottery Registry: Dataset 2,Pottery registries from excavation: 1985-2016,"OCHRE link: <a href=""https://pi.lib.uchicago.edu/1001/org/ochre/fd926a69-04e1-9432-41dd-01c871d8c2c5"">https://pi.lib.uchicago.edu/1001/org/ochre/fd926a69-04e1-9432-41dd-01c871d8c2c5</a>"
50.57 Pottery Registry 072 (L).pdf,Pottery Registry: Dataset 2,Pottery registries from excavation: 1985-2016,"OCHRE link: <a href=""https://pi.lib.uchicago.edu/1001/org/ochre/d31e27db-a912-474f-9511-2c10d729eaea"">https://pi.lib.uchicago.edu/1001/org/ochre/d31e27db-a912-474f-9511-2c10d729eaea</a>"
50.57 Pottery Registry 074 (L).pdf,Pottery Registry: Dataset 2,Pottery registries from excavation: 1985-2016,"OCHRE link: <a href=""https://pi.lib.uchicago.edu/1001/org/ochre/cad07a82-0103-2e51-da1c-d92015251f4d"">https://pi.lib.uchicago.edu/1001/org/ochre/cad07a82-0103-2e51-da1c-d92015251f4d</a>"
50.57 Pottery Registry 079 (L).pdf,Pottery Registry: Dataset 2,Pottery registries from excavation: 1985-2016,"OCHRE link: <a href=""https://pi.lib.uchicago.edu/1001/org/ochre/fc5badcf-bc0a-11c3-eccf-91ab6737d5aa"">https://pi.lib.uchicago.edu/1001/org/ochre/fc5badcf-bc0a-11c3-eccf-91ab6737d5aa</a>"
50.57 Pottery Registry 081 (L).pdf,Pottery Registry: Dataset 2,Pottery registries from excavation: 1985-2016,"OCHRE link: <a href=""https://pi.lib.uchicago.edu/1001/org/ochre/80eb2a92-b9bd-d141-d3b5-fb00c03a1b71"">https://pi.lib.uchicago.edu/1001/org/ochre/80eb2a92-b9bd-d141-d3b5-fb00c03a1b71</a>"
50.57 Pottery Registry 082 (L).pdf,Pottery Registry: Dataset 2,Pottery registries from excavation: 1985-2016,"OCHRE link: <a href=""https://pi.lib.uchicago.edu/1001/org/ochre/b24ac42a-050a-33bc-03e1-9058cc8cb9af"">https://pi.lib.uchicago.edu/1001/org/ochre/b24ac42a-050a-33bc-03e1-9058cc8cb9af</a>"
50.57 Pottery Registry 086 (L).pdf,Pottery Registry: Dataset 2,Pottery registries from excavation: 1985-2016,"OCHRE link: <a href=""https://pi.lib.uchicago.edu/1001/org/ochre/a2095c39-2b71-7a34-0123-5bca1159ae1e"">https://pi.lib.uchicago.edu/1001/org/ochre/a2095c39-2b71-7a34-0123-5bca1159ae1e</a>"
50.57 Pottery Registry 087 (F).pdf,Pottery Registry: Dataset 2,Pottery registries from excavation: 1985-2016,"OCHRE link: <a href=""https://pi.lib.uchicago.edu/1001/org/ochre/614e9a6c-572e-2671-b72d-832c9cc79420"">https://pi.lib.uchicago.edu/1001/org/ochre/614e9a6c-572e-2671-b72d-832c9cc79420</a>"
50.57 Pottery Registry 091 (F).pdf,Pottery Registry: Dataset 2,Pottery registries from excavation: 1985-2016,"OCHRE link: <a href=""https://pi.lib.uchicago.edu/1001/org/ochre/f48e4c36-853b-b970-c8c4-385f19675229"">https://pi.lib.uchicago.edu/1001/org/ochre/f48e4c36-853b-b970-c8c4-385f19675229</a>"
50.57 Pottery Registry 093 (L).pdf,Pottery Registry: Dataset 2,Pottery registries from excavation: 1985-2016,"OCHRE link: <a href=""https://pi.lib.uchicago.edu/1001/org/ochre/8cf16308-a10b-15d6-4a47-98cff9fe2fbb"">https://pi.lib.uchicago.edu/1001/org/ochre/8cf16308-a10b-15d6-4a47-98cff9fe2fbb</a>"
50.57 Pottery Registry 095 (L).pdf,Pottery Registry: Dataset 2,Pottery registries from excavation: 1985-2016,"OCHRE link: <a href=""https://pi.lib.uchicago.edu/1001/org/ochre/a02998d7-f9a0-7395-4dc6-36a6d8d6aaeb"">https://pi.lib.uchicago.edu/1001/org/ochre/a02998d7-f9a0-7395-4dc6-36a6d8d6aaeb</a>"
50.57 Pottery Registry 096 (L).pdf,Pottery Registry: Dataset 2,Pottery registries from excavation: 1985-2016,"OCHRE link: <a href=""https://pi.lib.uchicago.edu/1001/org/ochre/a9647843-41b0-1c52-4099-28a656e61e3f"">https://pi.lib.uchicago.edu/1001/org/ochre/a9647843-41b0-1c52-4099-28a656e61e3f</a>"
50.57 Pottery Registry 104 (L).pdf,Pottery Registry: Dataset 2,Pottery registries from excavation: 1985-2016,"OCHRE link: <a href=""https://pi.lib.uchicago.edu/1001/org/ochre/e3b51e06-d78f-431a-9774-18df56981498"">https://pi.lib.uchicago.edu/1001/org/ochre/e3b51e06-d78f-431a-9774-18df56981498</a>"
50.57 Pottery Registry 105 (L).pdf,Pottery Registry: Dataset 2,Pottery registries from excavation: 1985-2016,"OCHRE link: <a href=""https://pi.lib.uchicago.edu/1001/org/ochre/ac742100-4300-4bc7-0786-2daca7f446b4"">https://pi.lib.uchicago.edu/1001/org/ochre/ac742100-4300-4bc7-0786-2daca7f446b4</a>"
50.57 Pottery Registry 110 (F).pdf,Pottery Registry: Dataset 2,Pottery registries from excavation: 1985-2016,"OCHRE link: <a href=""https://pi.lib.uchicago.edu/1001/org/ochre/170f4fa5-9740-e6d7-2f49-55424293efe1"">https://pi.lib.uchicago.edu/1001/org/ochre/170f4fa5-9740-e6d7-2f49-55424293efe1</a>"
50.57 Pottery Registry 111 (F).pdf,Pottery Registry: Dataset 2,Pottery registries from excavation: 1985-2016,"OCHRE link: <a href=""https://pi.lib.uchicago.edu/1001/org/ochre/78a5175b-a61f-bd52-46ed-0660cbee0328"">https://pi.lib.uchicago.edu/1001/org/ochre/78a5175b-a61f-bd52-46ed-0660cbee0328</a>"
50.57 Pottery Registry 113 (L).pdf,Pottery Registry: Dataset 2,Pottery registries from excavation: 1985-2016,"OCHRE link: <a href=""https://pi.lib.uchicago.edu/1001/org/ochre/2a5433c0-b502-4a37-3144-9afaec855b06"">https://pi.lib.uchicago.edu/1001/org/ochre/2a5433c0-b502-4a37-3144-9afaec855b06</a>"
50.57 Pottery Registry 116 (F).pdf,Pottery Registry: Dataset 2,Pottery registries from excavation: 1985-2016,"OCHRE link: <a href=""https://pi.lib.uchicago.edu/1001/org/ochre/52bcc767-a711-6012-313e-690468264879"">https://pi.lib.uchicago.edu/1001/org/ochre/52bcc767-a711-6012-313e-690468264879</a>"
50.57 Pottery Registry 117 (L).pdf,Pottery Registry: Dataset 2,Pottery registries from excavation: 1985-2016,"OCHRE link: <a href=""https://pi.lib.uchicago.edu/1001/org/ochre/0180a3fd-7706-9325-40ab-ec1fcfbe7ed1"">https://pi.lib.uchicago.edu/1001/org/ochre/0180a3fd-7706-9325-40ab-ec1fcfbe7ed1</a>"
50.57 Pottery Registry 124 (L).pdf,Pottery Registry: Dataset 2,Pottery registries from excavation: 1985-2016,"OCHRE link: <a href=""https://pi.lib.uchicago.edu/1001/org/ochre/a1691d0a-06d8-fda7-2129-c419f6459175"">https://pi.lib.uchicago.edu/1001/org/ochre/a1691d0a-06d8-fda7-2129-c419f6459175</a>"
50.57 Pottery Registry 125 (F).pdf,Pottery Registry: Dataset 2,Pottery registries from excavation: 1985-2016,"OCHRE link: <a href=""https://pi.lib.uchicago.edu/1001/org/ochre/17f8df3e-a430-dc3f-1a19-390645756171"">https://pi.lib.uchicago.edu/1001/org/ochre/17f8df3e-a430-dc3f-1a19-390645756171</a>"
50.57 Pottery Registry 131 (L).pdf,Pottery Registry: Dataset 2,Pottery registries from excavation: 1985-2016,"OCHRE link: <a href=""https://pi.lib.uchicago.edu/1001/org/ochre/65cbc7fc-a763-bd19-90b1-4cda9361cb45"">https://pi.lib.uchicago.edu/1001/org/ochre/65cbc7fc-a763-bd19-90b1-4cda9361cb45</a>"
50.57 Pottery Registry 134 (L).pdf,Pottery Registry: Dataset 2,Pottery registries from excavation: 1985-2016,"OCHRE link: <a href=""https://pi.lib.uchicago.edu/1001/org/ochre/53e00139-8ff1-ee5f-f43e-5dfc9268235a"">https://pi.lib.uchicago.edu/1001/org/ochre/53e00139-8ff1-ee5f-f43e-5dfc9268235a</a>"
50.57 Pottery Registry 157 (L).pdf,Pottery Registry: Dataset 2,Pottery registries from excavation: 1985-2016,"OCHRE link: <a href=""https://pi.lib.uchicago.edu/1001/org/ochre/6602f2f4-cd84-e9f9-d9c7-23b5b78b45d5"">https://pi.lib.uchicago.edu/1001/org/ochre/6602f2f4-cd84-e9f9-d9c7-23b5b78b45d5</a>"
50.57 Pottery Registry 159 (L).pdf,Pottery Registry: Dataset 2,Pottery registries from excavation: 1985-2016,"OCHRE link: <a href=""https://pi.lib.uchicago.edu/1001/org/ochre/9d8881ad-8010-0081-2633-7dc11b0a2cc2"">https://pi.lib.uchicago.edu/1001/org/ochre/9d8881ad-8010-0081-2633-7dc11b0a2cc2</a>"
50.57 Pottery Registry 173 (L).pdf,Pottery Registry: Dataset 2,Pottery registries from excavation: 1985-2016,"OCHRE link: <a href=""https://pi.lib.uchicago.edu/1001/org/ochre/8ccd77c1-b918-4242-246b-e3d017182d48"">https://pi.lib.uchicago.edu/1001/org/ochre/8ccd77c1-b918-4242-246b-e3d017182d48</a>"
50.57 Pottery Registry 186 (L).pdf,Pottery Registry: Dataset 2,Pottery registries from excavation: 1985-2016,"OCHRE link: <a href=""https://pi.lib.uchicago.edu/1001/org/ochre/662d8b1b-c892-52ec-1881-12d0d8d07461"">https://pi.lib.uchicago.edu/1001/org/ochre/662d8b1b-c892-52ec-1881-12d0d8d07461</a>"
50.57 Pottery Registry 190 (L).pdf,Pottery Registry: Dataset 2,Pottery registries from excavation: 1985-2016,"OCHRE link: <a href=""https://pi.lib.uchicago.edu/1001/org/ochre/5f649f83-e8cd-1519-eed6-00ea1a2d46e9"">https://pi.lib.uchicago.edu/1001/org/ochre/5f649f83-e8cd-1519-eed6-00ea1a2d46e9</a>"
50.57 Pottery Registry 194 (L).pdf,Pottery Registry: Dataset 2,Pottery registries from excavation: 1985-2016,"OCHRE link: <a href=""https://pi.lib.uchicago.edu/1001/org/ochre/f32d1ffd-1db8-cef2-e923-bd275ae04787"">https://pi.lib.uchicago.edu/1001/org/ochre/f32d1ffd-1db8-cef2-e923-bd275ae04787</a>"
50.57 Pottery Registry 195 (L).pdf,Pottery Registry: Dataset 2,Pottery registries from excavation: 1985-2016,"OCHRE link: <a href=""https://pi.lib.uchicago.edu/1001/org/ochre/c04d9c05-4cc8-fe6b-4ad1-47cdb9bfcae2"">https://pi.lib.uchicago.edu/1001/org/ochre/c04d9c05-4cc8-fe6b-4ad1-47cdb9bfcae2</a>"
50.57 Pottery Registry 203 (L).pdf,Pottery Registry: Dataset 2,Pottery registries from excavation: 1985-2016,"OCHRE link: <a href=""https://pi.lib.uchicago.edu/1001/org/ochre/56bb786b-14e4-cfc2-86bc-fe499c793520"">https://pi.lib.uchicago.edu/1001/org/ochre/56bb786b-14e4-cfc2-86bc-fe499c793520</a>"
50.57 Pottery Registry 206 (L).pdf,Pottery Registry: Dataset 2,Pottery registries from excavation: 1985-2016,"OCHRE link: <a href=""https://pi.lib.uchicago.edu/1001/org/ochre/d487c344-3f6b-f6cd-18f5-94647bae6f34"">https://pi.lib.uchicago.edu/1001/org/ochre/d487c344-3f6b-f6cd-18f5-94647bae6f34</a>"
50.57 Pottery Registry 212 (L).pdf,Pottery Registry: Dataset 2,Pottery registries from excavation: 1985-2016,"OCHRE link: <a href=""https://pi.lib.uchicago.edu/1001/org/ochre/412acb83-a8b1-bf2f-c10d-50863c067449"">https://pi.lib.uchicago.edu/1001/org/ochre/412acb83-a8b1-bf2f-c10d-50863c067449</a>"
50.57 Pottery Registry 218 (L).pdf,Pottery Registry: Dataset 2,Pottery registries from excavation: 1985-2016,"OCHRE link: <a href=""https://pi.lib.uchicago.edu/1001/org/ochre/85c39078-31f3-a4e1-2045-11e84122772a"">https://pi.lib.uchicago.edu/1001/org/ochre/85c39078-31f3-a4e1-2045-11e84122772a</a>"
50.57 Pottery Registry 239 (L).pdf,Pottery Registry: Dataset 2,Pottery registries from excavation: 1985-2016,"OCHRE link: <a href=""https://pi.lib.uchicago.edu/1001/org/ochre/1781d697-2116-d0f5-263e-4be77b047cee"">https://pi.lib.uchicago.edu/1001/org/ochre/1781d697-2116-d0f5-263e-4be77b047cee</a>"
50.57 Pottery Registry 240 (L).pdf,Pottery Registry: Dataset 2,Pottery registries from excavation: 1985-2016,"OCHRE link: <a href=""https://pi.lib.uchicago.edu/1001/org/ochre/c46b7f30-feef-311e-4633-b77f71af018d"">https://pi.lib.uchicago.edu/1001/org/ochre/c46b7f30-feef-311e-4633-b77f71af018d</a>"
50.57 Pottery Registry 245 (L).pdf,Pottery Registry: Dataset 2,Pottery registries from excavation: 1985-2016,"OCHRE link: <a href=""https://pi.lib.uchicago.edu/1001/org/ochre/d718f29f-6b09-f29b-a0ab-f593146deeb6"">https://pi.lib.uchicago.edu/1001/org/ochre/d718f29f-6b09-f29b-a0ab-f593146deeb6</a>"
50.57 Pottery Registry 248 (L).pdf,Pottery Registry: Dataset 2,Pottery registries from excavation: 1985-2016,"OCHRE link: <a href=""https://pi.lib.uchicago.edu/1001/org/ochre/2d7c5726-32d4-0721-442d-0d5e9e5293dc"">https://pi.lib.uchicago.edu/1001/org/ochre/2d7c5726-32d4-0721-442d-0d5e9e5293dc</a>"
50.57 Pottery Registry 249 (L).pdf,Pottery Registry: Dataset 2,Pottery registries from excavation: 1985-2016,"OCHRE link: <a href=""https://pi.lib.uchicago.edu/1001/org/ochre/3e712d7d-88dd-9d66-18a9-13c39fe25d3e"">https://pi.lib.uchicago.edu/1001/org/ochre/3e712d7d-88dd-9d66-18a9-13c39fe25d3e</a>"
50.57 Pottery Registry 251 (L).pdf,Pottery Registry: Dataset 2,Pottery registries from excavation: 1985-2016,"OCHRE link: <a href=""https://pi.lib.uchicago.edu/1001/org/ochre/747eae91-44af-1ff8-cabe-21b2fd65d799"">https://pi.lib.uchicago.edu/1001/org/ochre/747eae91-44af-1ff8-cabe-21b2fd65d799</a>"
50.57 Pottery Registry 256 (L).pdf,Pottery Registry: Dataset 2,Pottery registries from excavation: 1985-2016,"OCHRE link: <a href=""https://pi.lib.uchicago.edu/1001/org/ochre/275d18bd-57a0-8bf3-b3c1-a375a73ecd38"">https://pi.lib.uchicago.edu/1001/org/ochre/275d18bd-57a0-8bf3-b3c1-a375a73ecd38</a>"
50.57 Pottery Registry 259 (L).pdf,Pottery Registry: Dataset 2,Pottery registries from excavation: 1985-2016,"OCHRE link: <a href=""https://pi.lib.uchicago.edu/1001/org/ochre/55a512b0-e3b1-1706-c1a0-d44c118de32d"">https://pi.lib.uchicago.edu/1001/org/ochre/55a512b0-e3b1-1706-c1a0-d44c118de32d</a>"
50.57 Pottery Registry 268 (L).pdf,Pottery Registry: Dataset 2,Pottery registries from excavation: 1985-2016,"OCHRE link: <a href=""https://pi.lib.uchicago.edu/1001/org/ochre/137eb3df-42d7-f77e-4a36-94295488223e"">https://pi.lib.uchicago.edu/1001/org/ochre/137eb3df-42d7-f77e-4a36-94295488223e</a>"
50.57 Pottery Registry 274 (L).pdf,Pottery Registry: Dataset 2,Pottery registries from excavation: 1985-2016,"OCHRE link: <a href=""https://pi.lib.uchicago.edu/1001/org/ochre/22756111-dbfe-a31a-f238-5c0143545af1"">https://pi.lib.uchicago.edu/1001/org/ochre/22756111-dbfe-a31a-f238-5c0143545af1</a>"
50.57 Pottery Registry 275 (L).pdf,Pottery Registry: Dataset 2,Pottery registries from excavation: 1985-2016,"OCHRE link: <a href=""https://pi.lib.uchicago.edu/1001/org/ochre/068e9069-6814-3e66-6c71-a17e65eae3e5"">https://pi.lib.uchicago.edu/1001/org/ochre/068e9069-6814-3e66-6c71-a17e65eae3e5</a>"
50.57 Pottery Registry Miscellaneous.pdf,Pottery Registry: Dataset 2,Pottery registries from excavation: 1985-2016,"OCHRE link: <a href=""https://pi.lib.uchicago.edu/1001/org/ochre/27f988b3-6ab6-9373-1b80-2ebe6a944355"">https://pi.lib.uchicago.edu/1001/org/ochre/27f988b3-6ab6-9373-1b80-2ebe6a944355</a>"
50.58 Pottery Registry 078 (L).pdf,Pottery Registry: Dataset 2,Pottery registries from excavation: 1985-2016,"OCHRE link: <a href=""https://pi.lib.uchicago.edu/1001/org/ochre/adf1ae74-a885-fb8d-17cd-31f0afc79bba"">https://pi.lib.uchicago.edu/1001/org/ochre/adf1ae74-a885-fb8d-17cd-31f0afc79bba</a>"
50.58 Pottery Registry 252 (L).pdf,Pottery Registry: Dataset 2,Pottery registries from excavation: 1985-2016,"OCHRE link: <a href=""https://pi.lib.uchicago.edu/1001/org/ochre/599cdf64-0eb5-27eb-6680-095673aee3bf"">https://pi.lib.uchicago.edu/1001/org/ochre/599cdf64-0eb5-27eb-6680-095673aee3bf</a>"
50.58 Pottery Registry 260 (L).pdf,Pottery Registry: Dataset 2,Pottery registries from excavation: 1985-2016,"OCHRE link: <a href=""https://pi.lib.uchicago.edu/1001/org/ochre/5054c293-9da9-fb02-59c7-ecc7990f5fdf"">https://pi.lib.uchicago.edu/1001/org/ochre/5054c293-9da9-fb02-59c7-ecc7990f5fdf</a>"
50.58 Pottery Registry 262 (L).pdf,Pottery Registry: Dataset 2,Pottery registries from excavation: 1985-2016,"OCHRE link: <a href=""https://pi.lib.uchicago.edu/1001/org/ochre/d92958bc-e022-fca9-913c-e3565076dc62"">https://pi.lib.uchicago.edu/1001/org/ochre/d92958bc-e022-fca9-913c-e3565076dc62</a>"
50.58 Pottery Registry 264 (L).pdf,Pottery Registry: Dataset 2,Pottery registries from excavation: 1985-2016,"OCHRE link: <a href=""https://pi.lib.uchicago.edu/1001/org/ochre/7c1e68f1-bdee-3616-45ac-9a9b4f837e1c"">https://pi.lib.uchicago.edu/1001/org/ochre/7c1e68f1-bdee-3616-45ac-9a9b4f837e1c</a>"
50.58 Pottery Registry 272 (L).pdf,Pottery Registry: Dataset 2,Pottery registries from excavation: 1985-2016,"OCHRE link: <a href=""https://pi.lib.uchicago.edu/1001/org/ochre/d34b983d-df81-79cc-6a2a-e475d4d88247"">https://pi.lib.uchicago.edu/1001/org/ochre/d34b983d-df81-79cc-6a2a-e475d4d88247</a>"
50.58 Pottery Registry 274 (L).pdf,Pottery Registry: Dataset 2,Pottery registries from excavation: 1985-2016,"OCHRE link: <a href=""https://pi.lib.uchicago.edu/1001/org/ochre/f244c5d4-6325-fd25-89ac-d90883cc2ceb"">https://pi.lib.uchicago.edu/1001/org/ochre/f244c5d4-6325-fd25-89ac-d90883cc2ceb</a>"
50.58 Pottery Registry 296 (F).pdf,Pottery Registry: Dataset 2,Pottery registries from excavation: 1985-2016,"OCHRE link: <a href=""https://pi.lib.uchicago.edu/1001/org/ochre/3639b395-5134-c79f-fc6b-c5b774e6e65f"">https://pi.lib.uchicago.edu/1001/org/ochre/3639b395-5134-c79f-fc6b-c5b774e6e65f</a>"
50.58 Pottery Registry 297 (L).pdf,Pottery Registry: Dataset 2,Pottery registries from excavation: 1985-2016,"OCHRE link: <a href=""https://pi.lib.uchicago.edu/1001/org/ochre/079a716f-92b8-b0f8-c3e3-96f3f384f7aa"">https://pi.lib.uchicago.edu/1001/org/ochre/079a716f-92b8-b0f8-c3e3-96f3f384f7aa</a>"
50.58 Pottery Registry 298 (L).pdf,Pottery Registry: Dataset 2,Pottery registries from excavation: 1985-2016,"OCHRE link: <a href=""https://pi.lib.uchicago.edu/1001/org/ochre/cf275c21-b830-cf5a-b5a3-a6ffe473f174"">https://pi.lib.uchicago.edu/1001/org/ochre/cf275c21-b830-cf5a-b5a3-a6ffe473f174</a>"
50.58 Pottery Registry 302 (L).pdf,Pottery Registry: Dataset 2,Pottery registries from excavation: 1985-2016,"OCHRE link: <a href=""https://pi.lib.uchicago.edu/1001/org/ochre/68fc9cba-f098-fab8-062a-97855cccbe4f"">https://pi.lib.uchicago.edu/1001/org/ochre/68fc9cba-f098-fab8-062a-97855cccbe4f</a>"
50.58 Pottery Registry 318 (L).pdf,Pottery Registry: Dataset 2,Pottery registries from excavation: 1985-2016,"OCHRE link: <a href=""https://pi.lib.uchicago.edu/1001/org/ochre/a3705a0f-2a4e-7f9b-e14c-729844d55f86"">https://pi.lib.uchicago.edu/1001/org/ochre/a3705a0f-2a4e-7f9b-e14c-729844d55f86</a>"
50.58 Pottery Registry 329 (F).pdf,Pottery Registry: Dataset 2,Pottery registries from excavation: 1985-2016,"OCHRE link: <a href=""https://pi.lib.uchicago.edu/1001/org/ochre/26d172db-a94d-3f4c-9e5f-c8bceda5192f"">https://pi.lib.uchicago.edu/1001/org/ochre/26d172db-a94d-3f4c-9e5f-c8bceda5192f</a>"
50.58 Pottery Registry 330 (L).pdf,Pottery Registry: Dataset 2,Pottery registries from excavation: 1985-2016,"OCHRE link: <a href=""https://pi.lib.uchicago.edu/1001/org/ochre/552ea5ce-9ec8-32a0-0c96-303c350b2ad8"">https://pi.lib.uchicago.edu/1001/org/ochre/552ea5ce-9ec8-32a0-0c96-303c350b2ad8</a>"
50.58 Pottery Registry 332 (L).pdf,Pottery Registry: Dataset 2,Pottery registries from excavation: 1985-2016,"OCHRE link: <a href=""https://pi.lib.uchicago.edu/1001/org/ochre/59b19ff6-13ab-d453-3f48-006f8fe2334f"">https://pi.lib.uchicago.edu/1001/org/ochre/59b19ff6-13ab-d453-3f48-006f8fe2334f</a>"
50.58 Pottery Registry 337 (L).pdf,Pottery Registry: Dataset 2,Pottery registries from excavation: 1985-2016,"OCHRE link: <a href=""https://pi.lib.uchicago.edu/1001/org/ochre/d471b820-1a22-9c85-8077-32533d1f4e5a"">https://pi.lib.uchicago.edu/1001/org/ochre/d471b820-1a22-9c85-8077-32533d1f4e5a</a>"
50.58 Pottery Registry 338 (L).pdf,Pottery Registry: Dataset 2,Pottery registries from excavation: 1985-2016,"OCHRE link: <a href=""https://pi.lib.uchicago.edu/1001/org/ochre/4dadc1c5-fc9b-5e82-6f2f-1de437c2dbc5"">https://pi.lib.uchicago.edu/1001/org/ochre/4dadc1c5-fc9b-5e82-6f2f-1de437c2dbc5</a>"
50.58 Pottery Registry 341 (L).pdf,Pottery Registry: Dataset 2,Pottery registries from excavation: 1985-2016,"OCHRE link: <a href=""https://pi.lib.uchicago.edu/1001/org/ochre/01eb2116-5fc1-06ec-085e-848ac8364906"">https://pi.lib.uchicago.edu/1001/org/ochre/01eb2116-5fc1-06ec-085e-848ac8364906</a>"
50.58 Pottery Registry 347 (L).pdf,Pottery Registry: Dataset 2,Pottery registries from excavation: 1985-2016,"OCHRE link: <a href=""https://pi.lib.uchicago.edu/1001/org/ochre/f88b383d-c037-3c68-2270-c3f18a70bbb1"">https://pi.lib.uchicago.edu/1001/org/ochre/f88b383d-c037-3c68-2270-c3f18a70bbb1</a>"
50.58 Pottery Registry 348 (L).pdf,Pottery Registry: Dataset 2,Pottery registries from excavation: 1985-2016,"OCHRE link: <a href=""https://pi.lib.uchicago.edu/1001/org/ochre/2abe3b5c-61b8-74f5-f98a-dfa7f56141ae"">https://pi.lib.uchicago.edu/1001/org/ochre/2abe3b5c-61b8-74f5-f98a-dfa7f56141ae</a>"
50.58 Pottery Registry 351 (L).pdf,Pottery Registry: Dataset 2,Pottery registries from excavation: 1985-2016,"OCHRE link: <a href=""https://pi.lib.uchicago.edu/1001/org/ochre/42961d8c-24cd-202c-d084-92beb57d0fb3"">https://pi.lib.uchicago.edu/1001/org/ochre/42961d8c-24cd-202c-d084-92beb57d0fb3</a>"
50.58 Pottery Registry 356 (L).pdf,Pottery Registry: Dataset 2,Pottery registries from excavation: 1985-2016,"OCHRE link: <a href=""https://pi.lib.uchicago.edu/1001/org/ochre/0ebe43c7-4eec-375a-5d55-4a8f8001bf99"">https://pi.lib.uchicago.edu/1001/org/ochre/0ebe43c7-4eec-375a-5d55-4a8f8001bf99</a>"
50.58 Pottery Registry 365 (L).pdf,Pottery Registry: Dataset 2,Pottery registries from excavation: 1985-2016,"OCHRE link: <a href=""https://pi.lib.uchicago.edu/1001/org/ochre/dcc6f737-c721-3c3c-6dd4-5b5d74aaa3ae"">https://pi.lib.uchicago.edu/1001/org/ochre/dcc6f737-c721-3c3c-6dd4-5b5d74aaa3ae</a>"
50.58 Pottery Registry 368 (L).pdf,Pottery Registry: Dataset 2,Pottery registries from excavation: 1985-2016,"OCHRE link: <a href=""https://pi.lib.uchicago.edu/1001/org/ochre/4155811f-f499-4273-222d-3bd4e085baa8"">https://pi.lib.uchicago.edu/1001/org/ochre/4155811f-f499-4273-222d-3bd4e085baa8</a>"
50.58 Pottery Registry 377 (L).pdf,Pottery Registry: Dataset 2,Pottery registries from excavation: 1985-2016,"OCHRE link: <a href=""https://pi.lib.uchicago.edu/1001/org/ochre/bd42ab7c-1064-caef-c632-34b330c63bc9"">https://pi.lib.uchicago.edu/1001/org/ochre/bd42ab7c-1064-caef-c632-34b330c63bc9</a>"
50.58 Pottery Registry 395 (L).pdf,Pottery Registry: Dataset 2,Pottery registries from excavation: 1985-2016,"OCHRE link: <a href=""https://pi.lib.uchicago.edu/1001/org/ochre/53657333-ae61-57f5-77db-272d51edf536"">https://pi.lib.uchicago.edu/1001/org/ochre/53657333-ae61-57f5-77db-272d51edf536</a>"
50.58 Pottery Registry 396 (L).pdf,Pottery Registry: Dataset 2,Pottery registries from excavation: 1985-2016,"OCHRE link: <a href=""https://pi.lib.uchicago.edu/1001/org/ochre/3a20af63-b4b2-cd25-39d3-5724339ef530"">https://pi.lib.uchicago.edu/1001/org/ochre/3a20af63-b4b2-cd25-39d3-5724339ef530</a>"
50.58 Pottery Registry 405 (L).pdf,Pottery Registry: Dataset 2,Pottery registries from excavation: 1985-2016,"OCHRE link: <a href=""https://pi.lib.uchicago.edu/1001/org/ochre/fdd4ec91-a14f-b7d8-8a2d-47f989e4425b"">https://pi.lib.uchicago.edu/1001/org/ochre/fdd4ec91-a14f-b7d8-8a2d-47f989e4425b</a>"
50.58 Pottery Registry 409 (L).pdf,Pottery Registry: Dataset 2,Pottery registries from excavation: 1985-2016,"OCHRE link: <a href=""https://pi.lib.uchicago.edu/1001/org/ochre/37e79043-995e-611c-07ab-20a7208c89bf"">https://pi.lib.uchicago.edu/1001/org/ochre/37e79043-995e-611c-07ab-20a7208c89bf</a>"
50.58 Pottery Registry 412 (L).pdf,Pottery Registry: Dataset 2,Pottery registries from excavation: 1985-2016,"OCHRE link: <a href=""https://pi.lib.uchicago.edu/1001/org/ochre/4d361a2b-9233-0a5b-5e97-99f9d44c40da"">https://pi.lib.uchicago.edu/1001/org/ochre/4d361a2b-9233-0a5b-5e97-99f9d44c40da</a>"
50.58 Pottery Registry 418 (L).pdf,Pottery Registry: Dataset 2,Pottery registries from excavation: 1985-2016,"OCHRE link: <a href=""https://pi.lib.uchicago.edu/1001/org/ochre/e567fc82-ae64-030b-8ed3-be869964d2bc"">https://pi.lib.uchicago.edu/1001/org/ochre/e567fc82-ae64-030b-8ed3-be869964d2bc</a>"
50.58 Pottery Registry 419 (L).pdf,Pottery Registry: Dataset 2,Pottery registries from excavation: 1985-2016,"OCHRE link: <a href=""https://pi.lib.uchicago.edu/1001/org/ochre/e5d09247-0dae-b091-9305-51bf1f3995d4"">https://pi.lib.uchicago.edu/1001/org/ochre/e5d09247-0dae-b091-9305-51bf1f3995d4</a>"
50.58 Pottery Registry 421 (L).pdf,Pottery Registry: Dataset 2,Pottery registries from excavation: 1985-2016,"OCHRE link: <a href=""https://pi.lib.uchicago.edu/1001/org/ochre/1c02db6c-9db2-4c18-82ea-04cf25acddf3"">https://pi.lib.uchicago.edu/1001/org/ochre/1c02db6c-9db2-4c18-82ea-04cf25acddf3</a>"
50.58 Pottery Registry 422 (L).pdf,Pottery Registry: Dataset 2,Pottery registries from excavation: 1985-2016,"OCHRE link: <a href=""https://pi.lib.uchicago.edu/1001/org/ochre/fc75db62-5a37-b5f9-db93-08c33fd28cc3"">https://pi.lib.uchicago.edu/1001/org/ochre/fc75db62-5a37-b5f9-db93-08c33fd28cc3</a>"
50.58 Pottery Registry 424 (L).pdf,Pottery Registry: Dataset 2,Pottery registries from excavation: 1985-2016,"OCHRE link: <a href=""https://pi.lib.uchicago.edu/1001/org/ochre/a294dc4f-dcd9-5f11-7d00-74b1d40660fe"">https://pi.lib.uchicago.edu/1001/org/ochre/a294dc4f-dcd9-5f11-7d00-74b1d40660fe</a>"
50.58 Pottery Registry 430 (L).pdf,Pottery Registry: Dataset 2,Pottery registries from excavation: 1985-2016,"OCHRE link: <a href=""https://pi.lib.uchicago.edu/1001/org/ochre/d2fbe36e-8d65-0eb3-23fc-652a9b948848"">https://pi.lib.uchicago.edu/1001/org/ochre/d2fbe36e-8d65-0eb3-23fc-652a9b948848</a>"
50.58 Pottery Registry 440 (L).pdf,Pottery Registry: Dataset 2,Pottery registries from excavation: 1985-2016,"OCHRE link: <a href=""https://pi.lib.uchicago.edu/1001/org/ochre/710489cf-0077-28ca-4e07-6491b5061966"">https://pi.lib.uchicago.edu/1001/org/ochre/710489cf-0077-28ca-4e07-6491b5061966</a>"
50.58 Pottery Registry 445 (L).pdf,Pottery Registry: Dataset 2,Pottery registries from excavation: 1985-2016,"OCHRE link: <a href=""https://pi.lib.uchicago.edu/1001/org/ochre/f7539bdd-2168-e70b-e9fe-6f659d2fafb9"">https://pi.lib.uchicago.edu/1001/org/ochre/f7539bdd-2168-e70b-e9fe-6f659d2fafb9</a>"
50.58 Pottery Registry 448 (L).pdf,Pottery Registry: Dataset 2,Pottery registries from excavation: 1985-2016,"OCHRE link: <a href=""https://pi.lib.uchicago.edu/1001/org/ochre/c7657f8b-d107-e4c7-7070-0dae4c506981"">https://pi.lib.uchicago.edu/1001/org/ochre/c7657f8b-d107-e4c7-7070-0dae4c506981</a>"
50.58 Pottery Registry 453 (L).pdf,Pottery Registry: Dataset 2,Pottery registries from excavation: 1985-2016,"OCHRE link: <a href=""https://pi.lib.uchicago.edu/1001/org/ochre/32596a9e-43df-c80b-6bd2-a854188e2fea"">https://pi.lib.uchicago.edu/1001/org/ochre/32596a9e-43df-c80b-6bd2-a854188e2fea</a>"
50.58 Pottery Registry 458 (L).pdf,Pottery Registry: Dataset 2,Pottery registries from excavation: 1985-2016,"OCHRE link: <a href=""https://pi.lib.uchicago.edu/1001/org/ochre/cc7923dc-5d1b-3e2d-3676-b3c33aec87ca"">https://pi.lib.uchicago.edu/1001/org/ochre/cc7923dc-5d1b-3e2d-3676-b3c33aec87ca</a>"
50.58 Pottery Registry 459 (L).pdf,Pottery Registry: Dataset 2,Pottery registries from excavation: 1985-2016,"OCHRE link: <a href=""https://pi.lib.uchicago.edu/1001/org/ochre/6df8b94d-df3e-3cf0-6074-c9df55a412e8"">https://pi.lib.uchicago.edu/1001/org/ochre/6df8b94d-df3e-3cf0-6074-c9df55a412e8</a>"
50.58 Pottery Registry 462 (L).pdf,Pottery Registry: Dataset 2,Pottery registries from excavation: 1985-2016,"OCHRE link: <a href=""https://pi.lib.uchicago.edu/1001/org/ochre/a2f329c6-abf8-7c3b-4222-0e5c5160c137"">https://pi.lib.uchicago.edu/1001/org/ochre/a2f329c6-abf8-7c3b-4222-0e5c5160c137</a>"
50.58 Pottery Registry 465 (L).pdf,Pottery Registry: Dataset 2,Pottery registries from excavation: 1985-2016,"OCHRE link: <a href=""https://pi.lib.uchicago.edu/1001/org/ochre/8216f06b-01d8-6e9c-9b99-6eb192e47537"">https://pi.lib.uchicago.edu/1001/org/ochre/8216f06b-01d8-6e9c-9b99-6eb192e47537</a>"
50.59 Pottery Registry 002 (L).pdf,Pottery Registry: Dataset 2,Pottery registries from excavation: 1985-2016,"OCHRE link: <a href=""https://pi.lib.uchicago.edu/1001/org/ochre/1600da5d-38fa-73c7-ca29-57379a0c1b84"">https://pi.lib.uchicago.edu/1001/org/ochre/1600da5d-38fa-73c7-ca29-57379a0c1b84</a>"
50.59 Pottery Registry 003 (L).pdf,Pottery Registry: Dataset 2,Pottery registries from excavation: 1985-2016,"OCHRE link: <a href=""https://pi.lib.uchicago.edu/1001/org/ochre/f9beb2e8-a252-aed3-9afa-6d494f22156b"">https://pi.lib.uchicago.edu/1001/org/ochre/f9beb2e8-a252-aed3-9afa-6d494f22156b</a>"
50.59 Pottery Registry 004 (L).pdf,Pottery Registry: Dataset 2,Pottery registries from excavation: 1985-2016,"OCHRE link: <a href=""https://pi.lib.uchicago.edu/1001/org/ochre/660b175e-4a63-a696-a38a-ebd82475dc6b"">https://pi.lib.uchicago.edu/1001/org/ochre/660b175e-4a63-a696-a38a-ebd82475dc6b</a>"
50.59 Pottery Registry 007 (L).pdf,Pottery Registry: Dataset 2,Pottery registries from excavation: 1985-2016,"OCHRE link: <a href=""https://pi.lib.uchicago.edu/1001/org/ochre/f24440a8-f7e3-530a-c391-de1c49a3ed73"">https://pi.lib.uchicago.edu/1001/org/ochre/f24440a8-f7e3-530a-c391-de1c49a3ed73</a>"
50.59 Pottery Registry 011 (L).pdf,Pottery Registry: Dataset 2,Pottery registries from excavation: 1985-2016,"OCHRE link: <a href=""https://pi.lib.uchicago.edu/1001/org/ochre/f41e6b8e-bb35-87ea-8e46-4b704c6a4a41"">https://pi.lib.uchicago.edu/1001/org/ochre/f41e6b8e-bb35-87ea-8e46-4b704c6a4a41</a>"
50.59 Pottery Registry 015 (L).pdf,Pottery Registry: Dataset 2,Pottery registries from excavation: 1985-2016,"OCHRE link: <a href=""https://pi.lib.uchicago.edu/1001/org/ochre/9c98b93f-01ed-167b-9837-ac2a48a5548b"">https://pi.lib.uchicago.edu/1001/org/ochre/9c98b93f-01ed-167b-9837-ac2a48a5548b</a>"
50.59 Pottery Registry 017 (L).pdf,Pottery Registry: Dataset 2,Pottery registries from excavation: 1985-2016,"OCHRE link: <a href=""https://pi.lib.uchicago.edu/1001/org/ochre/c28becb1-a52e-82ba-de02-25f10e0a465d"">https://pi.lib.uchicago.edu/1001/org/ochre/c28becb1-a52e-82ba-de02-25f10e0a465d</a>"
50.59 Pottery Registry 019 (L).pdf,Pottery Registry: Dataset 2,Pottery registries from excavation: 1985-2016,"OCHRE link: <a href=""https://pi.lib.uchicago.edu/1001/org/ochre/dd1ae8c3-f348-f15f-95c0-588383a5a9a4"">https://pi.lib.uchicago.edu/1001/org/ochre/dd1ae8c3-f348-f15f-95c0-588383a5a9a4</a>"
50.59 Pottery Registry 020 (F).pdf,Pottery Registry: Dataset 2,Pottery registries from excavation: 1985-2016,"OCHRE link: <a href=""https://pi.lib.uchicago.edu/1001/org/ochre/a098633a-e8c6-0116-2a6d-5fd6ee59c78b"">https://pi.lib.uchicago.edu/1001/org/ochre/a098633a-e8c6-0116-2a6d-5fd6ee59c78b</a>"
50.59 Pottery Registry 021 (L).pdf,Pottery Registry: Dataset 2,Pottery registries from excavation: 1985-2016,"OCHRE link: <a href=""https://pi.lib.uchicago.edu/1001/org/ochre/3f998017-8c7f-29de-36ab-b79c31f76879"">https://pi.lib.uchicago.edu/1001/org/ochre/3f998017-8c7f-29de-36ab-b79c31f76879</a>"
50.59 Pottery Registry 023 (L).pdf,Pottery Registry: Dataset 2,Pottery registries from excavation: 1985-2016,"OCHRE link: <a href=""https://pi.lib.uchicago.edu/1001/org/ochre/04fade7c-90f9-89be-e8e6-8dd2ec7ce5cb"">https://pi.lib.uchicago.edu/1001/org/ochre/04fade7c-90f9-89be-e8e6-8dd2ec7ce5cb</a>"
50.59 Pottery Registry 026 (L).pdf,Pottery Registry: Dataset 2,Pottery registries from excavation: 1985-2016,"OCHRE link: <a href=""https://pi.lib.uchicago.edu/1001/org/ochre/337117ad-6a98-7e44-9bde-800abf377a65"">https://pi.lib.uchicago.edu/1001/org/ochre/337117ad-6a98-7e44-9bde-800abf377a65</a>"
50.59 Pottery Registry 027 (F).pdf,Pottery Registry: Dataset 2,Pottery registries from excavation: 1985-2016,"OCHRE link: <a href=""https://pi.lib.uchicago.edu/1001/org/ochre/5a2ed348-5c8f-3f73-fee5-2c461c3aba80"">https://pi.lib.uchicago.edu/1001/org/ochre/5a2ed348-5c8f-3f73-fee5-2c461c3aba80</a>"
50.59 Pottery Registry 028 (F).pdf,Pottery Registry: Dataset 2,Pottery registries from excavation: 1985-2016,"OCHRE link: <a href=""https://pi.lib.uchicago.edu/1001/org/ochre/ea794e26-f47d-678c-64ec-29248180dcc4"">https://pi.lib.uchicago.edu/1001/org/ochre/ea794e26-f47d-678c-64ec-29248180dcc4</a>"
50.59 Pottery Registry 029 (F).pdf,Pottery Registry: Dataset 2,Pottery registries from excavation: 1985-2016,"OCHRE link: <a href=""https://pi.lib.uchicago.edu/1001/org/ochre/8907e12b-900b-da7b-8a7b-333ab22867b1"">https://pi.lib.uchicago.edu/1001/org/ochre/8907e12b-900b-da7b-8a7b-333ab22867b1</a>"
50.59 Pottery Registry 029-018 (LF).pdf,Pottery Registry: Dataset 2,Pottery registries from excavation: 1985-2016,"OCHRE link: <a href=""https://pi.lib.uchicago.edu/1001/org/ochre/7780c029-0c63-0dcd-bc04-fade5b9859ac"">https://pi.lib.uchicago.edu/1001/org/ochre/7780c029-0c63-0dcd-bc04-fade5b9859ac</a>"
50.59 Pottery Registry 030 (L).pdf,Pottery Registry: Dataset 2,Pottery registries from excavation: 1985-2016,"OCHRE link: <a href=""https://pi.lib.uchicago.edu/1001/org/ochre/f51fa2c2-191e-9ae9-819f-b161946794c2"">https://pi.lib.uchicago.edu/1001/org/ochre/f51fa2c2-191e-9ae9-819f-b161946794c2</a>"
50.59 Pottery Registry 031 (L).pdf,Pottery Registry: Dataset 2,Pottery registries from excavation: 1985-2016,"OCHRE link: <a href=""https://pi.lib.uchicago.edu/1001/org/ochre/6e31c9f3-bd02-def1-1190-2a85a406158c"">https://pi.lib.uchicago.edu/1001/org/ochre/6e31c9f3-bd02-def1-1190-2a85a406158c</a>"
50.59 Pottery Registry 032 (L).pdf,Pottery Registry: Dataset 2,Pottery registries from excavation: 1985-2016,"OCHRE link: <a href=""https://pi.lib.uchicago.edu/1001/org/ochre/a977a3d4-7001-59d3-5853-7e25c1c3744c"">https://pi.lib.uchicago.edu/1001/org/ochre/a977a3d4-7001-59d3-5853-7e25c1c3744c</a>"
50.59 Pottery Registry 035 (L).pdf,Pottery Registry: Dataset 2,Pottery registries from excavation: 1985-2016,"OCHRE link: <a href=""https://pi.lib.uchicago.edu/1001/org/ochre/70d48c12-eeb2-07f4-0888-0e50cf8e07e8"">https://pi.lib.uchicago.edu/1001/org/ochre/70d48c12-eeb2-07f4-0888-0e50cf8e07e8</a>"
50.59 Pottery Registry 036 (L).pdf,Pottery Registry: Dataset 2,Pottery registries from excavation: 1985-2016,"OCHRE link: <a href=""https://pi.lib.uchicago.edu/1001/org/ochre/21418a19-3c84-96d3-0f6e-15ea593d1965"">https://pi.lib.uchicago.edu/1001/org/ochre/21418a19-3c84-96d3-0f6e-15ea593d1965</a>"
50.59 Pottery Registry 042 (L).pdf,Pottery Registry: Dataset 2,Pottery registries from excavation: 1985-2016,"OCHRE link: <a href=""https://pi.lib.uchicago.edu/1001/org/ochre/2dc8baf5-71b6-327b-6d94-f30b932432ed"">https://pi.lib.uchicago.edu/1001/org/ochre/2dc8baf5-71b6-327b-6d94-f30b932432ed</a>"
50.59 Pottery Registry 043 (F).pdf,Pottery Registry: Dataset 2,Pottery registries from excavation: 1985-2016,"OCHRE link: <a href=""https://pi.lib.uchicago.edu/1001/org/ochre/98dddefa-ce5e-91cc-04a4-d3a3e8b54c43"">https://pi.lib.uchicago.edu/1001/org/ochre/98dddefa-ce5e-91cc-04a4-d3a3e8b54c43</a>"
50.59 Pottery Registry 044 (L).pdf,Pottery Registry: Dataset 2,Pottery registries from excavation: 1985-2016,"OCHRE link: <a href=""https://pi.lib.uchicago.edu/1001/org/ochre/b744a670-25e8-34d6-46c9-304b2688499f"">https://pi.lib.uchicago.edu/1001/org/ochre/b744a670-25e8-34d6-46c9-304b2688499f</a>"
50.59 Pottery Registry 046 (L).pdf,Pottery Registry: Dataset 2,Pottery registries from excavation: 1985-2016,"OCHRE link: <a href=""https://pi.lib.uchicago.edu/1001/org/ochre/ed237559-41e3-c0b9-5635-d932dd4ae83f"">https://pi.lib.uchicago.edu/1001/org/ochre/ed237559-41e3-c0b9-5635-d932dd4ae83f</a>"
50.59 Pottery Registry 048 (L).pdf,Pottery Registry: Dataset 2,Pottery registries from excavation: 1985-2016,"OCHRE link: <a href=""https://pi.lib.uchicago.edu/1001/org/ochre/1ee85f7c-9404-dd4d-52f6-eb0d9d658a6e"">https://pi.lib.uchicago.edu/1001/org/ochre/1ee85f7c-9404-dd4d-52f6-eb0d9d658a6e</a>"
50.59 Pottery Registry 049 (L).pdf,Pottery Registry: Dataset 2,Pottery registries from excavation: 1985-2016,"OCHRE link: <a href=""https://pi.lib.uchicago.edu/1001/org/ochre/d5fc0c26-68cc-f5ae-858d-e750047e0e96"">https://pi.lib.uchicago.edu/1001/org/ochre/d5fc0c26-68cc-f5ae-858d-e750047e0e96</a>"
50.59 Pottery Registry 050 (L).pdf,Pottery Registry: Dataset 2,Pottery registries from excavation: 1985-2016,"OCHRE link: <a href=""https://pi.lib.uchicago.edu/1001/org/ochre/934cbb55-fb1f-edf3-f3f4-b04499ca5b98"">https://pi.lib.uchicago.edu/1001/org/ochre/934cbb55-fb1f-edf3-f3f4-b04499ca5b98</a>"
50.59 Pottery Registry 052 (L).pdf,Pottery Registry: Dataset 2,Pottery registries from excavation: 1985-2016,"OCHRE link: <a href=""https://pi.lib.uchicago.edu/1001/org/ochre/f805e608-d7f3-a37a-37df-5a8cd7c867d7"">https://pi.lib.uchicago.edu/1001/org/ochre/f805e608-d7f3-a37a-37df-5a8cd7c867d7</a>"
50.59 Pottery Registry 053 (L).pdf,Pottery Registry: Dataset 2,Pottery registries from excavation: 1985-2016,"OCHRE link: <a href=""https://pi.lib.uchicago.edu/1001/org/ochre/00219999-62a9-5a24-3da9-42602b415c2f"">https://pi.lib.uchicago.edu/1001/org/ochre/00219999-62a9-5a24-3da9-42602b415c2f</a>"
50.59 Pottery Registry 157 (L).pdf,Pottery Registry: Dataset 2,Pottery registries from excavation: 1985-2016,"OCHRE link: <a href=""https://pi.lib.uchicago.edu/1001/org/ochre/6d9be93e-0313-da91-a643-802920fc9f8c"">https://pi.lib.uchicago.edu/1001/org/ochre/6d9be93e-0313-da91-a643-802920fc9f8c</a>"
50.59 Pottery Registry 162 (L).pdf,Pottery Registry: Dataset 2,Pottery registries from excavation: 1985-2016,"OCHRE link: <a href=""https://pi.lib.uchicago.edu/1001/org/ochre/e6f21327-5659-7222-3adb-ee25953593ff"">https://pi.lib.uchicago.edu/1001/org/ochre/e6f21327-5659-7222-3adb-ee25953593ff</a>"
50.59 Pottery Registry 163 (L).pdf,Pottery Registry: Dataset 2,Pottery registries from excavation: 1985-2016,"OCHRE link: <a href=""https://pi.lib.uchicago.edu/1001/org/ochre/55ed741c-4232-63c3-d616-01b08cb9d80e"">https://pi.lib.uchicago.edu/1001/org/ochre/55ed741c-4232-63c3-d616-01b08cb9d80e</a>"
50.59 Pottery Registry 188 (L).pdf,Pottery Registry: Dataset 2,Pottery registries from excavation: 1985-2016,"OCHRE link: <a href=""https://pi.lib.uchicago.edu/1001/org/ochre/bcc6bb33-507e-2147-60e9-09aa8da8da31"">https://pi.lib.uchicago.edu/1001/org/ochre/bcc6bb33-507e-2147-60e9-09aa8da8da31</a>"
50.59 Pottery Registry 197 (L).pdf,Pottery Registry: Dataset 2,Pottery registries from excavation: 1985-2016,"OCHRE link: <a href=""https://pi.lib.uchicago.edu/1001/org/ochre/f37944f9-0f30-5520-702f-e6e0f8bcd6fa"">https://pi.lib.uchicago.edu/1001/org/ochre/f37944f9-0f30-5520-702f-e6e0f8bcd6fa</a>"
50.59 Pottery Registry 202 (L).pdf,Pottery Registry: Dataset 2,Pottery registries from excavation: 1985-2016,"OCHRE link: <a href=""https://pi.lib.uchicago.edu/1001/org/ochre/d4554b17-ecfe-51e2-7358-c247610972b5"">https://pi.lib.uchicago.edu/1001/org/ochre/d4554b17-ecfe-51e2-7358-c247610972b5</a>"
50.59 Pottery Registry 206 (L).pdf,Pottery Registry: Dataset 2,Pottery registries from excavation: 1985-2016,"OCHRE link: <a href=""https://pi.lib.uchicago.edu/1001/org/ochre/62d937ca-5f54-a92d-9b69-e2e60e41ff13"">https://pi.lib.uchicago.edu/1001/org/ochre/62d937ca-5f54-a92d-9b69-e2e60e41ff13</a>"
50.59 Pottery Registry 208 (L).pdf,Pottery Registry: Dataset 2,Pottery registries from excavation: 1985-2016,"OCHRE link: <a href=""https://pi.lib.uchicago.edu/1001/org/ochre/9d5d9935-4a0f-c69f-a3f2-b6ca06c9ee78"">https://pi.lib.uchicago.edu/1001/org/ochre/9d5d9935-4a0f-c69f-a3f2-b6ca06c9ee78</a>"
50.59 Pottery Registry 209 (L).pdf,Pottery Registry: Dataset 2,Pottery registries from excavation: 1985-2016,"OCHRE link: <a href=""https://pi.lib.uchicago.edu/1001/org/ochre/168a76a5-603f-ff01-554a-3020cc8d2d41"">https://pi.lib.uchicago.edu/1001/org/ochre/168a76a5-603f-ff01-554a-3020cc8d2d41</a>"
50.59 Pottery Registry 210 (L).pdf,Pottery Registry: Dataset 2,Pottery registries from excavation: 1985-2016,"OCHRE link: <a href=""https://pi.lib.uchicago.edu/1001/org/ochre/cb819d1d-dd39-8415-66b3-d0951caf1601"">https://pi.lib.uchicago.edu/1001/org/ochre/cb819d1d-dd39-8415-66b3-d0951caf1601</a>"
50.59 Pottery Registry 211 (L).pdf,Pottery Registry: Dataset 2,Pottery registries from excavation: 1985-2016,"OCHRE link: <a href=""https://pi.lib.uchicago.edu/1001/org/ochre/f6c2ad36-19fb-1f70-d8fe-37a46b8c8f1e"">https://pi.lib.uchicago.edu/1001/org/ochre/f6c2ad36-19fb-1f70-d8fe-37a46b8c8f1e</a>"
50.59 Pottery Registry 212 (L).pdf,Pottery Registry: Dataset 2,Pottery registries from excavation: 1985-2016,"OCHRE link: <a href=""https://pi.lib.uchicago.edu/1001/org/ochre/716ebb8a-c0fa-4efd-447a-3ac4776cdb6b"">https://pi.lib.uchicago.edu/1001/org/ochre/716ebb8a-c0fa-4efd-447a-3ac4776cdb6b</a>"
50.59 Pottery Registry 220 (L).pdf,Pottery Registry: Dataset 2,Pottery registries from excavation: 1985-2016,"OCHRE link: <a href=""https://pi.lib.uchicago.edu/1001/org/ochre/11b578a5-6c76-30fb-201a-22836b72c54d"">https://pi.lib.uchicago.edu/1001/org/ochre/11b578a5-6c76-30fb-201a-22836b72c54d</a>"
50.59 Pottery Registry 221 (L).pdf,Pottery Registry: Dataset 2,Pottery registries from excavation: 1985-2016,"OCHRE link: <a href=""https://pi.lib.uchicago.edu/1001/org/ochre/2d1d3c32-8184-2fae-d74c-5755a9d10224"">https://pi.lib.uchicago.edu/1001/org/ochre/2d1d3c32-8184-2fae-d74c-5755a9d10224</a>"
50.59 Pottery Registry 224 (F).pdf,Pottery Registry: Dataset 2,Pottery registries from excavation: 1985-2016,"OCHRE link: <a href=""https://pi.lib.uchicago.edu/1001/org/ochre/756e4d60-db8d-bd89-3681-87cc506a6682"">https://pi.lib.uchicago.edu/1001/org/ochre/756e4d60-db8d-bd89-3681-87cc506a6682</a>"
50.59 Pottery Registry 227 (L).pdf,Pottery Registry: Dataset 2,Pottery registries from excavation: 1985-2016,"OCHRE link: <a href=""https://pi.lib.uchicago.edu/1001/org/ochre/dcf8b5e6-f597-be2c-2a7e-fb2c83efe9c2"">https://pi.lib.uchicago.edu/1001/org/ochre/dcf8b5e6-f597-be2c-2a7e-fb2c83efe9c2</a>"
50.59 Pottery Registry 231 (L).pdf,Pottery Registry: Dataset 2,Pottery registries from excavation: 1985-2016,"OCHRE link: <a href=""https://pi.lib.uchicago.edu/1001/org/ochre/15b313d2-1776-40dc-b4a9-535be0d9c6ac"">https://pi.lib.uchicago.edu/1001/org/ochre/15b313d2-1776-40dc-b4a9-535be0d9c6ac</a>"
50.59 Pottery Registry 235 (L).pdf,Pottery Registry: Dataset 2,Pottery registries from excavation: 1985-2016,"OCHRE link: <a href=""https://pi.lib.uchicago.edu/1001/org/ochre/a5eb5748-8e6a-c5ae-dfec-ae9e7a31d9e7"">https://pi.lib.uchicago.edu/1001/org/ochre/a5eb5748-8e6a-c5ae-dfec-ae9e7a31d9e7</a>"
50.59 Pottery Registry 240 (L).pdf,Pottery Registry: Dataset 2,Pottery registries from excavation: 1985-2016,"OCHRE link: <a href=""https://pi.lib.uchicago.edu/1001/org/ochre/2ffd32a8-abe9-8d6a-2adf-0ffea2e0cab4"">https://pi.lib.uchicago.edu/1001/org/ochre/2ffd32a8-abe9-8d6a-2adf-0ffea2e0cab4</a>"
50.59 Pottery Registry 248 (L).pdf,Pottery Registry: Dataset 2,Pottery registries from excavation: 1985-2016,"OCHRE link: <a href=""https://pi.lib.uchicago.edu/1001/org/ochre/2a56b35d-f5d9-4281-6f96-750fd6750351"">https://pi.lib.uchicago.edu/1001/org/ochre/2a56b35d-f5d9-4281-6f96-750fd6750351</a>"
50.59 Pottery Registry 249 (L).pdf,Pottery Registry: Dataset 2,Pottery registries from excavation: 1985-2016,"OCHRE link: <a href=""https://pi.lib.uchicago.edu/1001/org/ochre/25076dcf-e900-a638-a509-1643cf724a4d"">https://pi.lib.uchicago.edu/1001/org/ochre/25076dcf-e900-a638-a509-1643cf724a4d</a>"
50.59 Pottery Registry 251 (L).pdf,Pottery Registry: Dataset 2,Pottery registries from excavation: 1985-2016,"OCHRE link: <a href=""https://pi.lib.uchicago.edu/1001/org/ochre/251a0dcc-5fb1-c72c-d1fa-f0e447c9a31f"">https://pi.lib.uchicago.edu/1001/org/ochre/251a0dcc-5fb1-c72c-d1fa-f0e447c9a31f</a>"
50.59 Pottery Registry 253 (L).pdf,Pottery Registry: Dataset 2,Pottery registries from excavation: 1985-2016,"OCHRE link: <a href=""https://pi.lib.uchicago.edu/1001/org/ochre/352c49f8-7c68-b1f9-090a-f31ccc8add28"">https://pi.lib.uchicago.edu/1001/org/ochre/352c49f8-7c68-b1f9-090a-f31ccc8add28</a>"
50.59 Pottery Registry 257 (L).pdf,Pottery Registry: Dataset 2,Pottery registries from excavation: 1985-2016,"OCHRE link: <a href=""https://pi.lib.uchicago.edu/1001/org/ochre/814e7421-41b1-2431-fd5d-1a699a08fdb1"">https://pi.lib.uchicago.edu/1001/org/ochre/814e7421-41b1-2431-fd5d-1a699a08fdb1</a>"
50.59 Pottery Registry 263 (L).pdf,Pottery Registry: Dataset 2,Pottery registries from excavation: 1985-2016,"OCHRE link: <a href=""https://pi.lib.uchicago.edu/1001/org/ochre/1e04c791-6a85-facb-ae07-4d716e8c2f87"">https://pi.lib.uchicago.edu/1001/org/ochre/1e04c791-6a85-facb-ae07-4d716e8c2f87</a>"
50.59 Pottery Registry 266 (L).pdf,Pottery Registry: Dataset 2,Pottery registries from excavation: 1985-2016,"OCHRE link: <a href=""https://pi.lib.uchicago.edu/1001/org/ochre/7b2d1480-5611-f1f7-0633-a47b8c474313"">https://pi.lib.uchicago.edu/1001/org/ochre/7b2d1480-5611-f1f7-0633-a47b8c474313</a>"
50.59 Pottery Registry 271 (L).pdf,Pottery Registry: Dataset 2,Pottery registries from excavation: 1985-2016,"OCHRE link: <a href=""https://pi.lib.uchicago.edu/1001/org/ochre/021cb0f8-f342-a6b8-a1ae-0ab209c0bb6b"">https://pi.lib.uchicago.edu/1001/org/ochre/021cb0f8-f342-a6b8-a1ae-0ab209c0bb6b</a>"
50.59 Pottery Registry 274 (L).pdf,Pottery Registry: Dataset 2,Pottery registries from excavation: 1985-2016,"OCHRE link: <a href=""https://pi.lib.uchicago.edu/1001/org/ochre/71199cc5-c017-3d8b-12dd-8185fe7634ad"">https://pi.lib.uchicago.edu/1001/org/ochre/71199cc5-c017-3d8b-12dd-8185fe7634ad</a>"
50.59 Pottery Registry 278 (L).pdf,Pottery Registry: Dataset 2,Pottery registries from excavation: 1985-2016,"OCHRE link: <a href=""https://pi.lib.uchicago.edu/1001/org/ochre/81a8ff9a-fd62-e85d-06bb-099d931789e4"">https://pi.lib.uchicago.edu/1001/org/ochre/81a8ff9a-fd62-e85d-06bb-099d931789e4</a>"
50.59 Pottery Registry 279 (L).pdf,Pottery Registry: Dataset 2,Pottery registries from excavation: 1985-2016,"OCHRE link: <a href=""https://pi.lib.uchicago.edu/1001/org/ochre/f9975a22-ba88-845b-e847-f5ba05302da1"">https://pi.lib.uchicago.edu/1001/org/ochre/f9975a22-ba88-845b-e847-f5ba05302da1</a>"
50.59 Pottery Registry 284 (L).pdf,Pottery Registry: Dataset 2,Pottery registries from excavation: 1985-2016,"OCHRE link: <a href=""https://pi.lib.uchicago.edu/1001/org/ochre/244bf78d-d8c5-b931-7297-e20a0d28c97b"">https://pi.lib.uchicago.edu/1001/org/ochre/244bf78d-d8c5-b931-7297-e20a0d28c97b</a>"
50.59 Pottery Registry 286 (L).pdf,Pottery Registry: Dataset 2,Pottery registries from excavation: 1985-2016,"OCHRE link: <a href=""https://pi.lib.uchicago.edu/1001/org/ochre/acbf0ab3-7b92-3c53-3436-bd62165fd7e7"">https://pi.lib.uchicago.edu/1001/org/ochre/acbf0ab3-7b92-3c53-3436-bd62165fd7e7</a>"
50.59 Pottery Registry 300 (L).pdf,Pottery Registry: Dataset 2,Pottery registries from excavation: 1985-2016,"OCHRE link: <a href=""https://pi.lib.uchicago.edu/1001/org/ochre/2f3ae5b8-e570-4eb7-d432-8d106a765403"">https://pi.lib.uchicago.edu/1001/org/ochre/2f3ae5b8-e570-4eb7-d432-8d106a765403</a>"
50.59 Pottery Registry 303 (L).pdf,Pottery Registry: Dataset 2,Pottery registries from excavation: 1985-2016,"OCHRE link: <a href=""https://pi.lib.uchicago.edu/1001/org/ochre/ad7fdcf7-b3c8-db59-37bb-ef82fd76e074"">https://pi.lib.uchicago.edu/1001/org/ochre/ad7fdcf7-b3c8-db59-37bb-ef82fd76e074</a>"
50.59 Pottery Registry 305 (L).pdf,Pottery Registry: Dataset 2,Pottery registries from excavation: 1985-2016,"OCHRE link: <a href=""https://pi.lib.uchicago.edu/1001/org/ochre/08491164-90f0-d5c8-9964-46e9941beafa"">https://pi.lib.uchicago.edu/1001/org/ochre/08491164-90f0-d5c8-9964-46e9941beafa</a>"
50.59 Pottery Registry 313 (L).pdf,Pottery Registry: Dataset 2,Pottery registries from excavation: 1985-2016,"OCHRE link: <a href=""https://pi.lib.uchicago.edu/1001/org/ochre/88c48eb7-6c12-84ad-375f-748bf7a4cd63"">https://pi.lib.uchicago.edu/1001/org/ochre/88c48eb7-6c12-84ad-375f-748bf7a4cd63</a>"
50.59 Pottery Registry 323 (LF).pdf,Pottery Registry: Dataset 2,Pottery registries from excavation: 1985-2016,"OCHRE link: <a href=""https://pi.lib.uchicago.edu/1001/org/ochre/00b1afc6-abc2-c8cb-aa16-7ee2f4db9c63"">https://pi.lib.uchicago.edu/1001/org/ochre/00b1afc6-abc2-c8cb-aa16-7ee2f4db9c63</a>"
50.59 Pottery Registry 324 (L).pdf,Pottery Registry: Dataset 2,Pottery registries from excavation: 1985-2016,"OCHRE link: <a href=""https://pi.lib.uchicago.edu/1001/org/ochre/8f26f4cb-b6f9-0a86-17f0-f70d978a2f0a"">https://pi.lib.uchicago.edu/1001/org/ochre/8f26f4cb-b6f9-0a86-17f0-f70d978a2f0a</a>"
50.59 Pottery Registry 329 (L).pdf,Pottery Registry: Dataset 2,Pottery registries from excavation: 1985-2016,"OCHRE link: <a href=""https://pi.lib.uchicago.edu/1001/org/ochre/ed272924-1740-e4ef-50ea-e8a0220527bd"">https://pi.lib.uchicago.edu/1001/org/ochre/ed272924-1740-e4ef-50ea-e8a0220527bd</a>"
50.59 Pottery Registry 333 (LF).pdf,Pottery Registry: Dataset 2,Pottery registries from excavation: 1985-2016,"OCHRE link: <a href=""https://pi.lib.uchicago.edu/1001/org/ochre/42852450-5a06-c43e-e87e-3830572ee931"">https://pi.lib.uchicago.edu/1001/org/ochre/42852450-5a06-c43e-e87e-3830572ee931</a>"
50.59 Pottery Registry 334 (L).pdf,Pottery Registry: Dataset 2,Pottery registries from excavation: 1985-2016,"OCHRE link: <a href=""https://pi.lib.uchicago.edu/1001/org/ochre/07d392fd-ed98-f71b-a465-c41abc304cd6"">https://pi.lib.uchicago.edu/1001/org/ochre/07d392fd-ed98-f71b-a465-c41abc304cd6</a>"
50.59 Pottery Registry 337 (L).pdf,Pottery Registry: Dataset 2,Pottery registries from excavation: 1985-2016,"OCHRE link: <a href=""https://pi.lib.uchicago.edu/1001/org/ochre/53db73bf-28ae-996e-4de1-d46495f33fdc"">https://pi.lib.uchicago.edu/1001/org/ochre/53db73bf-28ae-996e-4de1-d46495f33fdc</a>"
50.59 Pottery Registry 352 (L).pdf,Pottery Registry: Dataset 2,Pottery registries from excavation: 1985-2016,"OCHRE link: <a href=""https://pi.lib.uchicago.edu/1001/org/ochre/af4868bf-c5b4-fe8d-dc2f-3379eb3554e2"">https://pi.lib.uchicago.edu/1001/org/ochre/af4868bf-c5b4-fe8d-dc2f-3379eb3554e2</a>"
50.59 Pottery Registry 353 (L).pdf,Pottery Registry: Dataset 2,Pottery registries from excavation: 1985-2016,"OCHRE link: <a href=""https://pi.lib.uchicago.edu/1001/org/ochre/13911175-4d59-a113-4923-0fc04b08a0dc"">https://pi.lib.uchicago.edu/1001/org/ochre/13911175-4d59-a113-4923-0fc04b08a0dc</a>"
50.59 Pottery Registry 356 (L).pdf,Pottery Registry: Dataset 2,Pottery registries from excavation: 1985-2016,"OCHRE link: <a href=""https://pi.lib.uchicago.edu/1001/org/ochre/2977cf1e-ad6b-fd08-2b84-4eacda0297de"">https://pi.lib.uchicago.edu/1001/org/ochre/2977cf1e-ad6b-fd08-2b84-4eacda0297de</a>"
50.59 Pottery Registry 370 (L).pdf,Pottery Registry: Dataset 2,Pottery registries from excavation: 1985-2016,"OCHRE link: <a href=""https://pi.lib.uchicago.edu/1001/org/ochre/22ce75d3-4c9f-2010-d413-514a1306677c"">https://pi.lib.uchicago.edu/1001/org/ochre/22ce75d3-4c9f-2010-d413-514a1306677c</a>"
50.59 Pottery Registry 393 (LF).pdf,Pottery Registry: Dataset 2,Pottery registries from excavation: 1985-2016,"OCHRE link: <a href=""https://pi.lib.uchicago.edu/1001/org/ochre/718f1c78-1f4f-312b-5977-9aad6e6631c1"">https://pi.lib.uchicago.edu/1001/org/ochre/718f1c78-1f4f-312b-5977-9aad6e6631c1</a>"
50.59 Pottery Registry 394 (L).pdf,Pottery Registry: Dataset 2,Pottery registries from excavation: 1985-2016,"OCHRE link: <a href=""https://pi.lib.uchicago.edu/1001/org/ochre/ab911b48-cb37-33b3-ea8e-84b0aa84f57a"">https://pi.lib.uchicago.edu/1001/org/ochre/ab911b48-cb37-33b3-ea8e-84b0aa84f57a</a>"
50.59 Pottery Registry 419 (L).pdf,Pottery Registry: Dataset 2,Pottery registries from excavation: 1985-2016,"OCHRE link: <a href=""https://pi.lib.uchicago.edu/1001/org/ochre/f11ccc32-ee5c-d3b8-aaa8-16b3e6508c5a"">https://pi.lib.uchicago.edu/1001/org/ochre/f11ccc32-ee5c-d3b8-aaa8-16b3e6508c5a</a>"
50.59 Pottery Registry 420 (L).pdf,Pottery Registry: Dataset 2,Pottery registries from excavation: 1985-2016,"OCHRE link: <a href=""https://pi.lib.uchicago.edu/1001/org/ochre/0f4701e1-c8fb-e06f-f6be-81040a718dd9"">https://pi.lib.uchicago.edu/1001/org/ochre/0f4701e1-c8fb-e06f-f6be-81040a718dd9</a>"
50.59 Pottery Registry 422 (L).pdf,Pottery Registry: Dataset 2,Pottery registries from excavation: 1985-2016,"OCHRE link: <a href=""https://pi.lib.uchicago.edu/1001/org/ochre/57718ea7-51b4-7f51-5da1-378b5466b0f6"">https://pi.lib.uchicago.edu/1001/org/ochre/57718ea7-51b4-7f51-5da1-378b5466b0f6</a>"
50.59 Pottery Registry 423 (L).pdf,Pottery Registry: Dataset 2,Pottery registries from excavation: 1985-2016,"OCHRE link: <a href=""https://pi.lib.uchicago.edu/1001/org/ochre/dcec6646-21db-4eab-0d88-0e7dab6678c2"">https://pi.lib.uchicago.edu/1001/org/ochre/dcec6646-21db-4eab-0d88-0e7dab6678c2</a>"
50.59 Pottery Registry 441 (L).pdf,Pottery Registry: Dataset 2,Pottery registries from excavation: 1985-2016,"OCHRE link: <a href=""https://pi.lib.uchicago.edu/1001/org/ochre/9887109c-d08b-8474-3930-5dab933bf611"">https://pi.lib.uchicago.edu/1001/org/ochre/9887109c-d08b-8474-3930-5dab933bf611</a>"
50.59 Pottery Registry 459 (L).pdf,Pottery Registry: Dataset 2,Pottery registries from excavation: 1985-2016,"OCHRE link: <a href=""https://pi.lib.uchicago.edu/1001/org/ochre/c9d6f4c3-4604-14c3-b9ec-3b854a953757"">https://pi.lib.uchicago.edu/1001/org/ochre/c9d6f4c3-4604-14c3-b9ec-3b854a953757</a>"
50.59 Pottery Registry 491 (L).pdf,Pottery Registry: Dataset 2,Pottery registries from excavation: 1985-2016,"OCHRE link: <a href=""https://pi.lib.uchicago.edu/1001/org/ochre/28416a5e-99ec-2b91-8171-3800cffb5b9b"">https://pi.lib.uchicago.edu/1001/org/ochre/28416a5e-99ec-2b91-8171-3800cffb5b9b</a>"
50.59 Pottery Registry 507 (L).pdf,Pottery Registry: Dataset 2,Pottery registries from excavation: 1985-2016,"OCHRE link: <a href=""https://pi.lib.uchicago.edu/1001/org/ochre/d6cf1417-35a0-f14e-95a3-06a6dbb8e03a"">https://pi.lib.uchicago.edu/1001/org/ochre/d6cf1417-35a0-f14e-95a3-06a6dbb8e03a</a>"
50.59 Pottery Registry 510 (L).pdf,Pottery Registry: Dataset 2,Pottery registries from excavation: 1985-2016,"OCHRE link: <a href=""https://pi.lib.uchicago.edu/1001/org/ochre/0a294b1f-7718-7dc4-50af-d55a34d4326d"">https://pi.lib.uchicago.edu/1001/org/ochre/0a294b1f-7718-7dc4-50af-d55a34d4326d</a>"
50.59 Pottery Registry 518 (L).pdf,Pottery Registry: Dataset 2,Pottery registries from excavation: 1985-2016,"OCHRE link: <a href=""https://pi.lib.uchicago.edu/1001/org/ochre/5c8ac408-eecb-285c-f565-bdd98ad6e8db"">https://pi.lib.uchicago.edu/1001/org/ochre/5c8ac408-eecb-285c-f565-bdd98ad6e8db</a>"
50.59 Pottery Registry 519 (LF).pdf,Pottery Registry: Dataset 2,Pottery registries from excavation: 1985-2016,"OCHRE link: <a href=""https://pi.lib.uchicago.edu/1001/org/ochre/3d6e37e3-8db1-117d-21c6-74d0f346f273"">https://pi.lib.uchicago.edu/1001/org/ochre/3d6e37e3-8db1-117d-21c6-74d0f346f273</a>"
50.59 Pottery Registry 523 (L).pdf,Pottery Registry: Dataset 2,Pottery registries from excavation: 1985-2016,"OCHRE link: <a href=""https://pi.lib.uchicago.edu/1001/org/ochre/6074cb36-7a8b-5f3d-3ce7-cac4fafdfca1"">https://pi.lib.uchicago.edu/1001/org/ochre/6074cb36-7a8b-5f3d-3ce7-cac4fafdfca1</a>"
50.59 Pottery Registry 524 (L).pdf,Pottery Registry: Dataset 2,Pottery registries from excavation: 1985-2016,"OCHRE link: <a href=""https://pi.lib.uchicago.edu/1001/org/ochre/a18cf8e2-1003-def3-ef24-40e08b469e53"">https://pi.lib.uchicago.edu/1001/org/ochre/a18cf8e2-1003-def3-ef24-40e08b469e53</a>"
50.59 Pottery Registry 525 (L).pdf,Pottery Registry: Dataset 2,Pottery registries from excavation: 1985-2016,"OCHRE link: <a href=""https://pi.lib.uchicago.edu/1001/org/ochre/e269c8d0-1760-c237-0016-1cfdc415cab2"">https://pi.lib.uchicago.edu/1001/org/ochre/e269c8d0-1760-c237-0016-1cfdc415cab2</a>"
50.59 Pottery Registry 530 (L).pdf,Pottery Registry: Dataset 2,Pottery registries from excavation: 1985-2016,"OCHRE link: <a href=""https://pi.lib.uchicago.edu/1001/org/ochre/5907279b-6cf5-af07-1561-da039c867239"">https://pi.lib.uchicago.edu/1001/org/ochre/5907279b-6cf5-af07-1561-da039c867239</a>"
50.59 Pottery Registry 532 (L).pdf,Pottery Registry: Dataset 2,Pottery registries from excavation: 1985-2016,"OCHRE link: <a href=""https://pi.lib.uchicago.edu/1001/org/ochre/aca75664-fe21-0a2e-6918-d29f4c89c8a9"">https://pi.lib.uchicago.edu/1001/org/ochre/aca75664-fe21-0a2e-6918-d29f4c89c8a9</a>"
50.59 Pottery Registry 546 (L).pdf,Pottery Registry: Dataset 2,Pottery registries from excavation: 1985-2016,"OCHRE link: <a href=""https://pi.lib.uchicago.edu/1001/org/ochre/ddc27274-f436-c5cd-892e-bdec9b251260"">https://pi.lib.uchicago.edu/1001/org/ochre/ddc27274-f436-c5cd-892e-bdec9b251260</a>"
50.59 Pottery Registry 566 (F).pdf,Pottery Registry: Dataset 2,Pottery registries from excavation: 1985-2016,"OCHRE link: <a href=""https://pi.lib.uchicago.edu/1001/org/ochre/c8879973-fb1b-99b8-149d-a3714155eff3"">https://pi.lib.uchicago.edu/1001/org/ochre/c8879973-fb1b-99b8-149d-a3714155eff3</a>"
50.59 Pottery Registry 568 (L).pdf,Pottery Registry: Dataset 2,Pottery registries from excavation: 1985-2016,"OCHRE link: <a href=""https://pi.lib.uchicago.edu/1001/org/ochre/1374b665-6ff3-6eff-2024-b8803cb9ec3d"">https://pi.lib.uchicago.edu/1001/org/ochre/1374b665-6ff3-6eff-2024-b8803cb9ec3d</a>"
50.59 Pottery Registry 575 (L).pdf,Pottery Registry: Dataset 2,Pottery registries from excavation: 1985-2016,"OCHRE link: <a href=""https://pi.lib.uchicago.edu/1001/org/ochre/2fd01000-af50-450c-b1d0-b7b2e54dd55a"">https://pi.lib.uchicago.edu/1001/org/ochre/2fd01000-af50-450c-b1d0-b7b2e54dd55a</a>"
50.59 Pottery Registry 585 (L).pdf,Pottery Registry: Dataset 2,Pottery registries from excavation: 1985-2016,"OCHRE link: <a href=""https://pi.lib.uchicago.edu/1001/org/ochre/d7090454-f1f9-08b7-1a68-7244ef5a2a0e"">https://pi.lib.uchicago.edu/1001/org/ochre/d7090454-f1f9-08b7-1a68-7244ef5a2a0e</a>"
50.59 Pottery Registry 587 (L).pdf,Pottery Registry: Dataset 2,Pottery registries from excavation: 1985-2016,"OCHRE link: <a href=""https://pi.lib.uchicago.edu/1001/org/ochre/b2326d82-e190-3a5a-37d1-5bc9551b082e"">https://pi.lib.uchicago.edu/1001/org/ochre/b2326d82-e190-3a5a-37d1-5bc9551b082e</a>"
50.59 Pottery Registry Miscellaneous.pdf,Pottery Registry: Dataset 2,Pottery registries from excavation: 1985-2016,"OCHRE link: <a href=""https://pi.lib.uchicago.edu/1001/org/ochre/8595272a-4b8a-a63f-0466-abb2c9378c5f"">https://pi.lib.uchicago.edu/1001/org/ochre/8595272a-4b8a-a63f-0466-abb2c9378c5f</a>"
50.67 Pottery Registry 021 (L).pdf,Pottery Registry: Dataset 2,Pottery registries from excavation: 1985-2016,"OCHRE link: <a href=""https://pi.lib.uchicago.edu/1001/org/ochre/ff7b7ef5-936c-ec38-00ef-2872ff9eb33f"">https://pi.lib.uchicago.edu/1001/org/ochre/ff7b7ef5-936c-ec38-00ef-2872ff9eb33f</a>"
50.67 Pottery Registry 032 (L).pdf,Pottery Registry: Dataset 2,Pottery registries from excavation: 1985-2016,"OCHRE link: <a href=""https://pi.lib.uchicago.edu/1001/org/ochre/69aac203-f480-918d-6e5e-7e4e023523e1"">https://pi.lib.uchicago.edu/1001/org/ochre/69aac203-f480-918d-6e5e-7e4e023523e1</a>"
50.67 Pottery Registry 035 (L).pdf,Pottery Registry: Dataset 2,Pottery registries from excavation: 1985-2016,"OCHRE link: <a href=""https://pi.lib.uchicago.edu/1001/org/ochre/9fd9957f-6afd-5e7f-7ac2-0323058bcdaa"">https://pi.lib.uchicago.edu/1001/org/ochre/9fd9957f-6afd-5e7f-7ac2-0323058bcdaa</a>"
50.67 Pottery Registry 042 (L).pdf,Pottery Registry: Dataset 2,Pottery registries from excavation: 1985-2016,"OCHRE link: <a href=""https://pi.lib.uchicago.edu/1001/org/ochre/f1701e8f-fc46-2fab-6ba5-6fa6118d8ac9"">https://pi.lib.uchicago.edu/1001/org/ochre/f1701e8f-fc46-2fab-6ba5-6fa6118d8ac9</a>"
50.67 Pottery Registry 046 (L).pdf,Pottery Registry: Dataset 2,Pottery registries from excavation: 1985-2016,"OCHRE link: <a href=""https://pi.lib.uchicago.edu/1001/org/ochre/c813b6db-6d4c-1778-0c62-05d69207ab8e"">https://pi.lib.uchicago.edu/1001/org/ochre/c813b6db-6d4c-1778-0c62-05d69207ab8e</a>"
50.67 Pottery Registry 061 (L).pdf,Pottery Registry: Dataset 2,Pottery registries from excavation: 1985-2016,"OCHRE link: <a href=""https://pi.lib.uchicago.edu/1001/org/ochre/4d535848-bb1a-44de-468a-abac5e0827ca"">https://pi.lib.uchicago.edu/1001/org/ochre/4d535848-bb1a-44de-468a-abac5e0827ca</a>"
50.67 Pottery Registry 065 (L).pdf,Pottery Registry: Dataset 2,Pottery registries from excavation: 1985-2016,"OCHRE link: <a href=""https://pi.lib.uchicago.edu/1001/org/ochre/a16eb5fe-92df-ec3c-5200-2564704793da"">https://pi.lib.uchicago.edu/1001/org/ochre/a16eb5fe-92df-ec3c-5200-2564704793da</a>"
51.73 Pottery Registry 003 (L).pdf,Pottery Registry: Dataset 2,Pottery registries from excavation: 1985-2016,"OCHRE link: <a href=""https://pi.lib.uchicago.edu/1001/org/ochre/a9266fc4-2db6-8a0b-c698-2e4d64309246"">https://pi.lib.uchicago.edu/1001/org/ochre/a9266fc4-2db6-8a0b-c698-2e4d64309246</a>"
51.73 Pottery Registry 011 (F).pdf,Pottery Registry: Dataset 2,Pottery registries from excavation: 1985-2016,"OCHRE link: <a href=""https://pi.lib.uchicago.edu/1001/org/ochre/35227cc3-82c1-a238-1afa-33b76aca93c6"">https://pi.lib.uchicago.edu/1001/org/ochre/35227cc3-82c1-a238-1afa-33b76aca93c6</a>"
51.73 Pottery Registry 018 (L).pdf,Pottery Registry: Dataset 2,Pottery registries from excavation: 1985-2016,"OCHRE link: <a href=""https://pi.lib.uchicago.edu/1001/org/ochre/bb97d79c-c550-3421-4796-415801bc17cd"">https://pi.lib.uchicago.edu/1001/org/ochre/bb97d79c-c550-3421-4796-415801bc17cd</a>"
51.73 Pottery Registry 031 (L).pdf,Pottery Registry: Dataset 2,Pottery registries from excavation: 1985-2016,"OCHRE link: <a href=""https://pi.lib.uchicago.edu/1001/org/ochre/d6589104-4f69-f4ba-1deb-ec7f945c3ea5"">https://pi.lib.uchicago.edu/1001/org/ochre/d6589104-4f69-f4ba-1deb-ec7f945c3ea5</a>"
51.73 Pottery Registry 042 (L).pdf,Pottery Registry: Dataset 2,Pottery registries from excavation: 1985-2016,"OCHRE link: <a href=""https://pi.lib.uchicago.edu/1001/org/ochre/5bf7ceb3-51b2-8dad-64e9-baccf8f95ffa"">https://pi.lib.uchicago.edu/1001/org/ochre/5bf7ceb3-51b2-8dad-64e9-baccf8f95ffa</a>"
51.74 Pottery Registry 003 (L).pdf,Pottery Registry: Dataset 2,Pottery registries from excavation: 1985-2016,"OCHRE link: <a href=""https://pi.lib.uchicago.edu/1001/org/ochre/4b16b211-d1ce-116b-b98e-3bfd5a36dd9c"">https://pi.lib.uchicago.edu/1001/org/ochre/4b16b211-d1ce-116b-b98e-3bfd5a36dd9c</a>"
51.74 Pottery Registry 013 (LF).pdf,Pottery Registry: Dataset 2,Pottery registries from excavation: 1985-2016,"OCHRE link: <a href=""https://pi.lib.uchicago.edu/1001/org/ochre/45fccd05-796e-39ed-4bf2-8ad7d7a91103"">https://pi.lib.uchicago.edu/1001/org/ochre/45fccd05-796e-39ed-4bf2-8ad7d7a91103</a>"
51.74 Pottery Registry 015 (F).pdf,Pottery Registry: Dataset 2,Pottery registries from excavation: 1985-2016,"OCHRE link: <a href=""https://pi.lib.uchicago.edu/1001/org/ochre/872e0f7c-bd53-45f2-b03b-3e3277156e6c"">https://pi.lib.uchicago.edu/1001/org/ochre/872e0f7c-bd53-45f2-b03b-3e3277156e6c</a>"
51.74 Pottery Registry 021 (F).pdf,Pottery Registry: Dataset 2,Pottery registries from excavation: 1985-2016,"OCHRE link: <a href=""https://pi.lib.uchicago.edu/1001/org/ochre/379b4827-eb8b-1ff0-c9eb-0e36e1d415a5"">https://pi.lib.uchicago.edu/1001/org/ochre/379b4827-eb8b-1ff0-c9eb-0e36e1d415a5</a>"
51.74 Pottery Registry 023 (L).pdf,Pottery Registry: Dataset 2,Pottery registries from excavation: 1985-2016,"OCHRE link: <a href=""https://pi.lib.uchicago.edu/1001/org/ochre/d10f2caf-71e1-818a-c6bd-51d1578a2b56"">https://pi.lib.uchicago.edu/1001/org/ochre/d10f2caf-71e1-818a-c6bd-51d1578a2b56</a>"
51.74 Pottery Registry 038 (L).pdf,Pottery Registry: Dataset 2,Pottery registries from excavation: 1985-2016,"OCHRE link: <a href=""https://pi.lib.uchicago.edu/1001/org/ochre/963d3149-95d5-f9fe-0e2e-d76132bb310b"">https://pi.lib.uchicago.edu/1001/org/ochre/963d3149-95d5-f9fe-0e2e-d76132bb310b</a>"
51.74 Pottery Registry 043 (F).pdf,Pottery Registry: Dataset 2,Pottery registries from excavation: 1985-2016,"OCHRE link: <a href=""https://pi.lib.uchicago.edu/1001/org/ochre/9de0951b-6b88-f8a4-4244-2bb8ca4713df"">https://pi.lib.uchicago.edu/1001/org/ochre/9de0951b-6b88-f8a4-4244-2bb8ca4713df</a>"
54.49 Pottery Registry 480 (L) (or Grid 50).pdf,Pottery Registry: Dataset 2,Pottery registries from excavation: 1985-2016,"OCHRE link: <a href=""https://pi.lib.uchicago.edu/1001/org/ochre/e7f9a84c-aa70-43aa-b993-12d7be06bfb3"">https://pi.lib.uchicago.edu/1001/org/ochre/e7f9a84c-aa70-43aa-b993-12d7be06bfb3</a>"
57.68 Pottery Registry 001 (F).pdf,Pottery Registry: Dataset 2,Pottery registries from excavation: 1985-2016,"OCHRE link: <a href=""https://pi.lib.uchicago.edu/1001/org/ochre/0b64bdfa-651e-5cf6-52f7-6cff6ddebbde"">https://pi.lib.uchicago.edu/1001/org/ochre/0b64bdfa-651e-5cf6-52f7-6cff6ddebbde</a>"
57.68 Pottery Registry 002 (L).pdf,Pottery Registry: Dataset 2,Pottery registries from excavation: 1985-2016,"OCHRE link: <a href=""https://pi.lib.uchicago.edu/1001/org/ochre/c303d1b4-2455-8abf-1914-bc6a6c70f016"">https://pi.lib.uchicago.edu/1001/org/ochre/c303d1b4-2455-8abf-1914-bc6a6c70f016</a>"
57.68 Pottery Registry 003 (L).pdf,Pottery Registry: Dataset 2,Pottery registries from excavation: 1985-2016,"OCHRE link: <a href=""https://pi.lib.uchicago.edu/1001/org/ochre/2493912e-2c90-85e3-137c-b304d6761b5b"">https://pi.lib.uchicago.edu/1001/org/ochre/2493912e-2c90-85e3-137c-b304d6761b5b</a>"
"57.68 Pottery Registry 004, 005 (L).pdf",Pottery Registry: Dataset 2,Pottery registries from excavation: 1985-2016,"OCHRE link: <a href=""https://pi.lib.uchicago.edu/1001/org/ochre/cb971ea7-d193-c62a-2401-d6581587d421"">https://pi.lib.uchicago.edu/1001/org/ochre/cb971ea7-d193-c62a-2401-d6581587d421</a>"
"57.68 Pottery Registry 005, 007 (L).pdf",Pottery Registry: Dataset 2,Pottery registries from excavation: 1985-2016,"OCHRE link: <a href=""https://pi.lib.uchicago.edu/1001/org/ochre/709b75e5-700a-393a-650b-1eca76c53d04"">https://pi.lib.uchicago.edu/1001/org/ochre/709b75e5-700a-393a-650b-1eca76c53d04</a>"
"57.68 Pottery Registry 009, 010 (L).pdf",Pottery Registry: Dataset 2,Pottery registries from excavation: 1985-2016,"OCHRE link: <a href=""https://pi.lib.uchicago.edu/1001/org/ochre/caea7f3e-743c-4dd2-79a2-8c10ec27054a"">https://pi.lib.uchicago.edu/1001/org/ochre/caea7f3e-743c-4dd2-79a2-8c10ec27054a</a>"
57.68 Pottery Registry 011 (L).pdf,Pottery Registry: Dataset 2,Pottery registries from excavation: 1985-2016,"OCHRE link: <a href=""https://pi.lib.uchicago.edu/1001/org/ochre/5bdb905c-ffb5-904f-3e93-30e1f7a0660e"">https://pi.lib.uchicago.edu/1001/org/ochre/5bdb905c-ffb5-904f-3e93-30e1f7a0660e</a>"
57.68 Pottery Registry 015 (L).pdf,Pottery Registry: Dataset 2,Pottery registries from excavation: 1985-2016,"OCHRE link: <a href=""https://pi.lib.uchicago.edu/1001/org/ochre/650af3d1-821f-fd49-cc3e-f88a3b7744cd"">https://pi.lib.uchicago.edu/1001/org/ochre/650af3d1-821f-fd49-cc3e-f88a3b7744cd</a>"
57.68 Pottery Registry 016 (F).pdf,Pottery Registry: Dataset 2,Pottery registries from excavation: 1985-2016,"OCHRE link: <a href=""https://pi.lib.uchicago.edu/1001/org/ochre/442b4537-0d3d-51f4-999e-8db3e5c6ea4b"">https://pi.lib.uchicago.edu/1001/org/ochre/442b4537-0d3d-51f4-999e-8db3e5c6ea4b</a>"
57.68 Pottery Registry 016 (L).pdf,Pottery Registry: Dataset 2,Pottery registries from excavation: 1985-2016,"OCHRE link: <a href=""https://pi.lib.uchicago.edu/1001/org/ochre/0d3cb6c6-a811-dfca-d813-dfab35b9e383"">https://pi.lib.uchicago.edu/1001/org/ochre/0d3cb6c6-a811-dfca-d813-dfab35b9e383</a>"
"57.68 Pottery Registry 016, 017 (F).pdf",Pottery Registry: Dataset 2,Pottery registries from excavation: 1985-2016,"OCHRE link: <a href=""https://pi.lib.uchicago.edu/1001/org/ochre/246069e8-d942-f966-ad67-7b36ccd67fe3"">https://pi.lib.uchicago.edu/1001/org/ochre/246069e8-d942-f966-ad67-7b36ccd67fe3</a>"
57.68 Pottery Registry 017 (L).pdf,Pottery Registry: Dataset 2,Pottery registries from excavation: 1985-2016,"OCHRE link: <a href=""https://pi.lib.uchicago.edu/1001/org/ochre/368c86fb-dd51-4649-17aa-850945632c1b"">https://pi.lib.uchicago.edu/1001/org/ochre/368c86fb-dd51-4649-17aa-850945632c1b</a>"
57.68 Pottery Registry 018 (L).pdf,Pottery Registry: Dataset 2,Pottery registries from excavation: 1985-2016,"OCHRE link: <a href=""https://pi.lib.uchicago.edu/1001/org/ochre/1139e4d0-8db5-9783-d1fb-a90561a0598e"">https://pi.lib.uchicago.edu/1001/org/ochre/1139e4d0-8db5-9783-d1fb-a90561a0598e</a>"
57.68 Pottery Registry 019 (L).pdf,Pottery Registry: Dataset 2,Pottery registries from excavation: 1985-2016,"OCHRE link: <a href=""https://pi.lib.uchicago.edu/1001/org/ochre/18396dd3-07ed-d117-0ca7-6367bb4801ee"">https://pi.lib.uchicago.edu/1001/org/ochre/18396dd3-07ed-d117-0ca7-6367bb4801ee</a>"
57.68 Pottery Registry 020 (L).pdf,Pottery Registry: Dataset 2,Pottery registries from excavation: 1985-2016,"OCHRE link: <a href=""https://pi.lib.uchicago.edu/1001/org/ochre/d781e1ea-035e-a4c7-1705-a00a78166ad5"">https://pi.lib.uchicago.edu/1001/org/ochre/d781e1ea-035e-a4c7-1705-a00a78166ad5</a>"
57.68 Pottery Registry 022 (L).pdf,Pottery Registry: Dataset 2,Pottery registries from excavation: 1985-2016,"OCHRE link: <a href=""https://pi.lib.uchicago.edu/1001/org/ochre/ae1fb8a9-d3db-333e-a80a-b2bf921479e2"">https://pi.lib.uchicago.edu/1001/org/ochre/ae1fb8a9-d3db-333e-a80a-b2bf921479e2</a>"
57.68 Pottery Registry 023 (L).pdf,Pottery Registry: Dataset 2,Pottery registries from excavation: 1985-2016,"OCHRE link: <a href=""https://pi.lib.uchicago.edu/1001/org/ochre/e390b81e-de1c-48ca-5de8-bef396a384e2"">https://pi.lib.uchicago.edu/1001/org/ochre/e390b81e-de1c-48ca-5de8-bef396a384e2</a>"
57.68 Pottery Registry 051 (L).pdf,Pottery Registry: Dataset 2,Pottery registries from excavation: 1985-2016,"OCHRE link: <a href=""https://pi.lib.uchicago.edu/1001/org/ochre/6a7b9127-1afe-d999-e03b-49e0d0e3f6e7"">https://pi.lib.uchicago.edu/1001/org/ochre/6a7b9127-1afe-d999-e03b-49e0d0e3f6e7</a>"
57.68 Pottery Registry 058 (L).pdf,Pottery Registry: Dataset 2,Pottery registries from excavation: 1985-2016,"OCHRE link: <a href=""https://pi.lib.uchicago.edu/1001/org/ochre/6d36b33e-793d-664e-1bf1-32f96f436305"">https://pi.lib.uchicago.edu/1001/org/ochre/6d36b33e-793d-664e-1bf1-32f96f436305</a>"
57.68 Pottery Registry 059 (L).pdf,Pottery Registry: Dataset 2,Pottery registries from excavation: 1985-2016,"OCHRE link: <a href=""https://pi.lib.uchicago.edu/1001/org/ochre/c8f8b275-5c6a-77f1-a0ba-79003d876538"">https://pi.lib.uchicago.edu/1001/org/ochre/c8f8b275-5c6a-77f1-a0ba-79003d876538</a>"
57.68 Pottery Registry 062 (L).pdf,Pottery Registry: Dataset 2,Pottery registries from excavation: 1985-2016,"OCHRE link: <a href=""https://pi.lib.uchicago.edu/1001/org/ochre/b6304c2f-c6fa-c13e-48c3-25fa86282ea4"">https://pi.lib.uchicago.edu/1001/org/ochre/b6304c2f-c6fa-c13e-48c3-25fa86282ea4</a>"
57.68 Pottery Registry 063 (L).pdf,Pottery Registry: Dataset 2,Pottery registries from excavation: 1985-2016,"OCHRE link: <a href=""https://pi.lib.uchicago.edu/1001/org/ochre/9cfe876a-738f-43ea-a1bc-d6fc886b7ed7"">https://pi.lib.uchicago.edu/1001/org/ochre/9cfe876a-738f-43ea-a1bc-d6fc886b7ed7</a>"
57.68 Pottery Registry 066 (L).pdf,Pottery Registry: Dataset 2,Pottery registries from excavation: 1985-2016,"OCHRE link: <a href=""https://pi.lib.uchicago.edu/1001/org/ochre/12d7b226-51a2-c818-0a3c-7f7c274b75e3"">https://pi.lib.uchicago.edu/1001/org/ochre/12d7b226-51a2-c818-0a3c-7f7c274b75e3</a>"
57.68 Pottery Registry 068 (L).pdf,Pottery Registry: Dataset 2,Pottery registries from excavation: 1985-2016,"OCHRE link: <a href=""https://pi.lib.uchicago.edu/1001/org/ochre/759c5274-496b-7d3d-9ffb-7e24e8ff7b8e"">https://pi.lib.uchicago.edu/1001/org/ochre/759c5274-496b-7d3d-9ffb-7e24e8ff7b8e</a>"
57.68 Pottery Registry 072 (LF).pdf,Pottery Registry: Dataset 2,Pottery registries from excavation: 1985-2016,"OCHRE link: <a href=""https://pi.lib.uchicago.edu/1001/org/ochre/84bf057c-5f3a-a5a4-7278-32a10601d68f"">https://pi.lib.uchicago.edu/1001/org/ochre/84bf057c-5f3a-a5a4-7278-32a10601d68f</a>"
"57.68 Pottery Registry 072, 075, 078, 091 (L).pdf",Pottery Registry: Dataset 2,Pottery registries from excavation: 1985-2016,"OCHRE link: <a href=""https://pi.lib.uchicago.edu/1001/org/ochre/97550c8c-e469-4372-a36f-1bbf10105869"">https://pi.lib.uchicago.edu/1001/org/ochre/97550c8c-e469-4372-a36f-1bbf10105869</a>"
57.68 Pottery Registry 073 (L).pdf,Pottery Registry: Dataset 2,Pottery registries from excavation: 1985-2016,"OCHRE link: <a href=""https://pi.lib.uchicago.edu/1001/org/ochre/664948f4-3aca-af81-4722-05274a1d92ba"">https://pi.lib.uchicago.edu/1001/org/ochre/664948f4-3aca-af81-4722-05274a1d92ba</a>"
57.68 Pottery Registry 078 (L).pdf,Pottery Registry: Dataset 2,Pottery registries from excavation: 1985-2016,"OCHRE link: <a href=""https://pi.lib.uchicago.edu/1001/org/ochre/0184d691-dbec-08f8-5f48-fa03955b3295"">https://pi.lib.uchicago.edu/1001/org/ochre/0184d691-dbec-08f8-5f48-fa03955b3295</a>"
57.68 Pottery Registry 084 (F).pdf,Pottery Registry: Dataset 2,Pottery registries from excavation: 1985-2016,"OCHRE link: <a href=""https://pi.lib.uchicago.edu/1001/org/ochre/bcfa4762-6242-27db-3b51-809accf13be9"">https://pi.lib.uchicago.edu/1001/org/ochre/bcfa4762-6242-27db-3b51-809accf13be9</a>"
57.68 Pottery Registry 087 (L).pdf,Pottery Registry: Dataset 2,Pottery registries from excavation: 1985-2016,"OCHRE link: <a href=""https://pi.lib.uchicago.edu/1001/org/ochre/9f65d4a9-9064-9e8e-7920-2b7d1a165282"">https://pi.lib.uchicago.edu/1001/org/ochre/9f65d4a9-9064-9e8e-7920-2b7d1a165282</a>"
57.68 Pottery Registry 090 (L).pdf,Pottery Registry: Dataset 2,Pottery registries from excavation: 1985-2016,"OCHRE link: <a href=""https://pi.lib.uchicago.edu/1001/org/ochre/81ab8f02-b269-7e49-8cc9-161e9cff897c"">https://pi.lib.uchicago.edu/1001/org/ochre/81ab8f02-b269-7e49-8cc9-161e9cff897c</a>"
57.68 Pottery Registry 091 (L).pdf,Pottery Registry: Dataset 2,Pottery registries from excavation: 1985-2016,"OCHRE link: <a href=""https://pi.lib.uchicago.edu/1001/org/ochre/97d46196-c244-3d25-3d8c-6e8891cf6d3a"">https://pi.lib.uchicago.edu/1001/org/ochre/97d46196-c244-3d25-3d8c-6e8891cf6d3a</a>"
57.68 Pottery Registry 093 (L).pdf,Pottery Registry: Dataset 2,Pottery registries from excavation: 1985-2016,"OCHRE link: <a href=""https://pi.lib.uchicago.edu/1001/org/ochre/f88e7ae6-b047-9261-dd09-bc2baa3e64e3"">https://pi.lib.uchicago.edu/1001/org/ochre/f88e7ae6-b047-9261-dd09-bc2baa3e64e3</a>"
57.68 Pottery Registry 110 (L).pdf,Pottery Registry: Dataset 2,Pottery registries from excavation: 1985-2016,"OCHRE link: <a href=""https://pi.lib.uchicago.edu/1001/org/ochre/86b1fda2-4e15-e0d2-0048-5371cd02b49b"">https://pi.lib.uchicago.edu/1001/org/ochre/86b1fda2-4e15-e0d2-0048-5371cd02b49b</a>"
57.68 Pottery Registry 111 (F).pdf,Pottery Registry: Dataset 2,Pottery registries from excavation: 1985-2016,"OCHRE link: <a href=""https://pi.lib.uchicago.edu/1001/org/ochre/3986eaad-7aea-ff15-962c-a89dd5a3ce05"">https://pi.lib.uchicago.edu/1001/org/ochre/3986eaad-7aea-ff15-962c-a89dd5a3ce05</a>"
57.68 Pottery Registry 112 (F).pdf,Pottery Registry: Dataset 2,Pottery registries from excavation: 1985-2016,"OCHRE link: <a href=""https://pi.lib.uchicago.edu/1001/org/ochre/21ebf396-ed76-14cc-26d6-843b9d951394"">https://pi.lib.uchicago.edu/1001/org/ochre/21ebf396-ed76-14cc-26d6-843b9d951394</a>"
57.68 Pottery Registry 117 (L).pdf,Pottery Registry: Dataset 2,Pottery registries from excavation: 1985-2016,"OCHRE link: <a href=""https://pi.lib.uchicago.edu/1001/org/ochre/9e7b1c8a-caf0-0054-4444-db6a74ce351e"">https://pi.lib.uchicago.edu/1001/org/ochre/9e7b1c8a-caf0-0054-4444-db6a74ce351e</a>"
57.68 Pottery Registry 142 (F).pdf,Pottery Registry: Dataset 2,Pottery registries from excavation: 1985-2016,"OCHRE link: <a href=""https://pi.lib.uchicago.edu/1001/org/ochre/de5e3e58-8ad9-e459-a920-3621961b2a4f"">https://pi.lib.uchicago.edu/1001/org/ochre/de5e3e58-8ad9-e459-a920-3621961b2a4f</a>"
57.68 Pottery Registry 151 (LF).pdf,Pottery Registry: Dataset 2,Pottery registries from excavation: 1985-2016,"OCHRE link: <a href=""https://pi.lib.uchicago.edu/1001/org/ochre/a94fd47c-618c-1ae9-a408-6c2cc8fa4556"">https://pi.lib.uchicago.edu/1001/org/ochre/a94fd47c-618c-1ae9-a408-6c2cc8fa4556</a>"
57.68 Pottery Registry 154 (L).pdf,Pottery Registry: Dataset 2,Pottery registries from excavation: 1985-2016,"OCHRE link: <a href=""https://pi.lib.uchicago.edu/1001/org/ochre/8e80d02c-b76b-80ed-a2bb-e13cbd3d1d4f"">https://pi.lib.uchicago.edu/1001/org/ochre/8e80d02c-b76b-80ed-a2bb-e13cbd3d1d4f</a>"
57.68 Pottery Registry 156 (L).pdf,Pottery Registry: Dataset 2,Pottery registries from excavation: 1985-2016,"OCHRE link: <a href=""https://pi.lib.uchicago.edu/1001/org/ochre/1b427d2f-2d00-28e4-1024-ed30419d6ab8"">https://pi.lib.uchicago.edu/1001/org/ochre/1b427d2f-2d00-28e4-1024-ed30419d6ab8</a>"
57.68 Pottery Registry 157 (L).pdf,Pottery Registry: Dataset 2,Pottery registries from excavation: 1985-2016,"OCHRE link: <a href=""https://pi.lib.uchicago.edu/1001/org/ochre/8d71cd20-81a5-f782-85cd-fc6072f69ed4"">https://pi.lib.uchicago.edu/1001/org/ochre/8d71cd20-81a5-f782-85cd-fc6072f69ed4</a>"
57.68 Pottery Registry 205 (L).pdf,Pottery Registry: Dataset 2,Pottery registries from excavation: 1985-2016,"OCHRE link: <a href=""https://pi.lib.uchicago.edu/1001/org/ochre/f54e2bc0-3ca9-0ab4-89e8-8017fe19aa4a"">https://pi.lib.uchicago.edu/1001/org/ochre/f54e2bc0-3ca9-0ab4-89e8-8017fe19aa4a</a>"
57.68 Pottery Registry 216 (L).pdf,Pottery Registry: Dataset 2,Pottery registries from excavation: 1985-2016,"OCHRE link: <a href=""https://pi.lib.uchicago.edu/1001/org/ochre/53c029bb-8da3-5cfd-8451-d24733909685"">https://pi.lib.uchicago.edu/1001/org/ochre/53c029bb-8da3-5cfd-8451-d24733909685</a>"
57.68 Pottery Registry 220 (L).pdf,Pottery Registry: Dataset 2,Pottery registries from excavation: 1985-2016,"OCHRE link: <a href=""https://pi.lib.uchicago.edu/1001/org/ochre/1e56d998-08a4-c55f-0a3a-586673d62fe3"">https://pi.lib.uchicago.edu/1001/org/ochre/1e56d998-08a4-c55f-0a3a-586673d62fe3</a>"
57.68 Pottery Registry 224 (L).pdf,Pottery Registry: Dataset 2,Pottery registries from excavation: 1985-2016,"OCHRE link: <a href=""https://pi.lib.uchicago.edu/1001/org/ochre/f142d369-230a-d60c-c1d2-735cca4d0e2b"">https://pi.lib.uchicago.edu/1001/org/ochre/f142d369-230a-d60c-c1d2-735cca4d0e2b</a>"
57.68 Pottery Registry 226 (LF).pdf,Pottery Registry: Dataset 2,Pottery registries from excavation: 1985-2016,"OCHRE link: <a href=""https://pi.lib.uchicago.edu/1001/org/ochre/d294225c-5324-ca68-55fa-6f0527312ac9"">https://pi.lib.uchicago.edu/1001/org/ochre/d294225c-5324-ca68-55fa-6f0527312ac9</a>"
57.68 Pottery Registry 228 (LF).pdf,Pottery Registry: Dataset 2,Pottery registries from excavation: 1985-2016,"OCHRE link: <a href=""https://pi.lib.uchicago.edu/1001/org/ochre/07d47a19-dc63-1aa9-5691-fc2841882f55"">https://pi.lib.uchicago.edu/1001/org/ochre/07d47a19-dc63-1aa9-5691-fc2841882f55</a>"
57.68 Pottery Registry 239 (LF).pdf,Pottery Registry: Dataset 2,Pottery registries from excavation: 1985-2016,"OCHRE link: <a href=""https://pi.lib.uchicago.edu/1001/org/ochre/fe87cb09-5d1d-b275-689e-db009d8f6def"">https://pi.lib.uchicago.edu/1001/org/ochre/fe87cb09-5d1d-b275-689e-db009d8f6def</a>"
57.68 Pottery Registry 250 (L).pdf,Pottery Registry: Dataset 2,Pottery registries from excavation: 1985-2016,"OCHRE link: <a href=""https://pi.lib.uchicago.edu/1001/org/ochre/e731572a-4648-c606-0733-75e4c5536917"">https://pi.lib.uchicago.edu/1001/org/ochre/e731572a-4648-c606-0733-75e4c5536917</a>"
57.68 Pottery Registry 253 (L).pdf,Pottery Registry: Dataset 2,Pottery registries from excavation: 1985-2016,"OCHRE link: <a href=""https://pi.lib.uchicago.edu/1001/org/ochre/b601329d-8a86-8b88-03e3-15cf0b5005b7"">https://pi.lib.uchicago.edu/1001/org/ochre/b601329d-8a86-8b88-03e3-15cf0b5005b7</a>"
57.68 Pottery Registry 256 (L).pdf,Pottery Registry: Dataset 2,Pottery registries from excavation: 1985-2016,"OCHRE link: <a href=""https://pi.lib.uchicago.edu/1001/org/ochre/d4c92778-df1f-3097-3f13-83a7bafb4eec"">https://pi.lib.uchicago.edu/1001/org/ochre/d4c92778-df1f-3097-3f13-83a7bafb4eec</a>"
57.68 Pottery Registry 258 (LF).pdf,Pottery Registry: Dataset 2,Pottery registries from excavation: 1985-2016,"OCHRE link: <a href=""https://pi.lib.uchicago.edu/1001/org/ochre/de4d28ba-3e19-8b73-ebe4-33f8dd8d9e47"">https://pi.lib.uchicago.edu/1001/org/ochre/de4d28ba-3e19-8b73-ebe4-33f8dd8d9e47</a>"
57.68 Pottery Registry 269 (L).pdf,Pottery Registry: Dataset 2,Pottery registries from excavation: 1985-2016,"OCHRE link: <a href=""https://pi.lib.uchicago.edu/1001/org/ochre/b8da8328-157f-0d73-7e1f-63997aea3c43"">https://pi.lib.uchicago.edu/1001/org/ochre/b8da8328-157f-0d73-7e1f-63997aea3c43</a>"
57.68 Pottery Registry 270 (LF).pdf,Pottery Registry: Dataset 2,Pottery registries from excavation: 1985-2016,"OCHRE link: <a href=""https://pi.lib.uchicago.edu/1001/org/ochre/a39c823c-16ea-ccf4-ae2c-e7b33d654617"">https://pi.lib.uchicago.edu/1001/org/ochre/a39c823c-16ea-ccf4-ae2c-e7b33d654617</a>"
57.68 Pottery Registry 272 (L).pdf,Pottery Registry: Dataset 2,Pottery registries from excavation: 1985-2016,"OCHRE link: <a href=""https://pi.lib.uchicago.edu/1001/org/ochre/3a19ca53-0c5a-1430-2b24-71c84f4a7bab"">https://pi.lib.uchicago.edu/1001/org/ochre/3a19ca53-0c5a-1430-2b24-71c84f4a7bab</a>"
57.68 Pottery Registry 285 (L).pdf,Pottery Registry: Dataset 2,Pottery registries from excavation: 1985-2016,"OCHRE link: <a href=""https://pi.lib.uchicago.edu/1001/org/ochre/78a81ecc-683f-ec6b-b63a-ffe610033eeb"">https://pi.lib.uchicago.edu/1001/org/ochre/78a81ecc-683f-ec6b-b63a-ffe610033eeb</a>"
57.68 Pottery Registry 292 (L).pdf,Pottery Registry: Dataset 2,Pottery registries from excavation: 1985-2016,"OCHRE link: <a href=""https://pi.lib.uchicago.edu/1001/org/ochre/3d5d9bd7-5d7a-d6c1-6c72-7461286d9368"">https://pi.lib.uchicago.edu/1001/org/ochre/3d5d9bd7-5d7a-d6c1-6c72-7461286d9368</a>"
57.68 Pottery Registry 294 (L).pdf,Pottery Registry: Dataset 2,Pottery registries from excavation: 1985-2016,"OCHRE link: <a href=""https://pi.lib.uchicago.edu/1001/org/ochre/fd452c9d-55e4-46f2-8b59-73437aba6b7d"">https://pi.lib.uchicago.edu/1001/org/ochre/fd452c9d-55e4-46f2-8b59-73437aba6b7d</a>"
57.68 Pottery Registry 296 (LF).pdf,Pottery Registry: Dataset 2,Pottery registries from excavation: 1985-2016,"OCHRE link: <a href=""https://pi.lib.uchicago.edu/1001/org/ochre/e7cfebd3-463f-bdee-c01e-9488ce1d783c"">https://pi.lib.uchicago.edu/1001/org/ochre/e7cfebd3-463f-bdee-c01e-9488ce1d783c</a>"
57.68 Pottery Registry 305 (L).pdf,Pottery Registry: Dataset 2,Pottery registries from excavation: 1985-2016,"OCHRE link: <a href=""https://pi.lib.uchicago.edu/1001/org/ochre/fe808a2e-ae51-9e0e-6855-44723b15c55e"">https://pi.lib.uchicago.edu/1001/org/ochre/fe808a2e-ae51-9e0e-6855-44723b15c55e</a>"
57.68 Pottery Registry 308 (L).pdf,Pottery Registry: Dataset 2,Pottery registries from excavation: 1985-2016,"OCHRE link: <a href=""https://pi.lib.uchicago.edu/1001/org/ochre/c21e9f16-a043-d467-1bab-26acd8e730e1"">https://pi.lib.uchicago.edu/1001/org/ochre/c21e9f16-a043-d467-1bab-26acd8e730e1</a>"
57.68 Pottery Registry 309 (L).pdf,Pottery Registry: Dataset 2,Pottery registries from excavation: 1985-2016,"OCHRE link: <a href=""https://pi.lib.uchicago.edu/1001/org/ochre/41c270bd-ad00-b824-6ae7-015caf16a320"">https://pi.lib.uchicago.edu/1001/org/ochre/41c270bd-ad00-b824-6ae7-015caf16a320</a>"
57.68 Pottery Registry 310 (L).pdf,Pottery Registry: Dataset 2,Pottery registries from excavation: 1985-2016,"OCHRE link: <a href=""https://pi.lib.uchicago.edu/1001/org/ochre/9bc82e12-805b-bcc0-909e-0be987364e2c"">https://pi.lib.uchicago.edu/1001/org/ochre/9bc82e12-805b-bcc0-909e-0be987364e2c</a>"
57.68 Pottery Registry 311 (L).pdf,Pottery Registry: Dataset 2,Pottery registries from excavation: 1985-2016,"OCHRE link: <a href=""https://pi.lib.uchicago.edu/1001/org/ochre/f840d805-41dd-b259-1f6e-ccd861eea7e0"">https://pi.lib.uchicago.edu/1001/org/ochre/f840d805-41dd-b259-1f6e-ccd861eea7e0</a>"
57.68 Pottery Registry 315 (L).pdf,Pottery Registry: Dataset 2,Pottery registries from excavation: 1985-2016,"OCHRE link: <a href=""https://pi.lib.uchicago.edu/1001/org/ochre/6bd5de78-26c3-05db-1213-f64e11b17bf1"">https://pi.lib.uchicago.edu/1001/org/ochre/6bd5de78-26c3-05db-1213-f64e11b17bf1</a>"
57.68 Pottery Registry 324 (L).pdf,Pottery Registry: Dataset 2,Pottery registries from excavation: 1985-2016,"OCHRE link: <a href=""https://pi.lib.uchicago.edu/1001/org/ochre/28d5ad36-efbf-a4d9-0197-68e644afcc48"">https://pi.lib.uchicago.edu/1001/org/ochre/28d5ad36-efbf-a4d9-0197-68e644afcc48</a>"
57.68 Pottery Registry 326 (L).pdf,Pottery Registry: Dataset 2,Pottery registries from excavation: 1985-2016,"OCHRE link: <a href=""https://pi.lib.uchicago.edu/1001/org/ochre/614910cc-a8d7-ab2d-053f-d4fdb0b92969"">https://pi.lib.uchicago.edu/1001/org/ochre/614910cc-a8d7-ab2d-053f-d4fdb0b92969</a>"
57.68 Pottery Registry 330 (L).pdf,Pottery Registry: Dataset 2,Pottery registries from excavation: 1985-2016,"OCHRE link: <a href=""https://pi.lib.uchicago.edu/1001/org/ochre/dcbf80c9-0e9a-cae4-009b-1bfc9ea0164f"">https://pi.lib.uchicago.edu/1001/org/ochre/dcbf80c9-0e9a-cae4-009b-1bfc9ea0164f</a>"
57.68 Pottery Registry 334 (L).pdf,Pottery Registry: Dataset 2,Pottery registries from excavation: 1985-2016,"OCHRE link: <a href=""https://pi.lib.uchicago.edu/1001/org/ochre/a462f885-de42-e875-2f88-176eee491e71"">https://pi.lib.uchicago.edu/1001/org/ochre/a462f885-de42-e875-2f88-176eee491e71</a>"
57.68 Pottery Registry 340 (L).pdf,Pottery Registry: Dataset 2,Pottery registries from excavation: 1985-2016,"OCHRE link: <a href=""https://pi.lib.uchicago.edu/1001/org/ochre/b538a762-883c-2f75-4428-55b8c24ce780"">https://pi.lib.uchicago.edu/1001/org/ochre/b538a762-883c-2f75-4428-55b8c24ce780</a>"
57.68 Pottery Registry 346 (L).pdf,Pottery Registry: Dataset 2,Pottery registries from excavation: 1985-2016,"OCHRE link: <a href=""https://pi.lib.uchicago.edu/1001/org/ochre/79172f30-737b-9118-b2f9-54d7db08fa37"">https://pi.lib.uchicago.edu/1001/org/ochre/79172f30-737b-9118-b2f9-54d7db08fa37</a>"
57.68 Pottery Registry 351 (L).pdf,Pottery Registry: Dataset 2,Pottery registries from excavation: 1985-2016,"OCHRE link: <a href=""https://pi.lib.uchicago.edu/1001/org/ochre/fe5f18f6-b3a5-eb5e-9123-eff1ffee6885"">https://pi.lib.uchicago.edu/1001/org/ochre/fe5f18f6-b3a5-eb5e-9123-eff1ffee6885</a>"
57.68 Pottery Registry 358 (LF).pdf,Pottery Registry: Dataset 2,Pottery registries from excavation: 1985-2016,"OCHRE link: <a href=""https://pi.lib.uchicago.edu/1001/org/ochre/a6175753-bff5-5b0d-b1d4-c59ed7600fba"">https://pi.lib.uchicago.edu/1001/org/ochre/a6175753-bff5-5b0d-b1d4-c59ed7600fba</a>"
57.68 Pottery Registry 360 (L).pdf,Pottery Registry: Dataset 2,Pottery registries from excavation: 1985-2016,"OCHRE link: <a href=""https://pi.lib.uchicago.edu/1001/org/ochre/d09aabf1-f059-5148-2095-8cecb8e6b2bd"">https://pi.lib.uchicago.edu/1001/org/ochre/d09aabf1-f059-5148-2095-8cecb8e6b2bd</a>"
57.68 Pottery Registry 370 (L).pdf,Pottery Registry: Dataset 2,Pottery registries from excavation: 1985-2016,"OCHRE link: <a href=""https://pi.lib.uchicago.edu/1001/org/ochre/deedc244-bd19-3f9f-8a94-614109247514"">https://pi.lib.uchicago.edu/1001/org/ochre/deedc244-bd19-3f9f-8a94-614109247514</a>"
57.68 Pottery Registry 374 (L).pdf,Pottery Registry: Dataset 2,Pottery registries from excavation: 1985-2016,"OCHRE link: <a href=""https://pi.lib.uchicago.edu/1001/org/ochre/618bd30e-b88f-b67a-b257-491b17ed26f9"">https://pi.lib.uchicago.edu/1001/org/ochre/618bd30e-b88f-b67a-b257-491b17ed26f9</a>"
57.68 Pottery Registry 400 (L).pdf,Pottery Registry: Dataset 2,Pottery registries from excavation: 1985-2016,"OCHRE link: <a href=""https://pi.lib.uchicago.edu/1001/org/ochre/53875256-6350-e345-d3ae-c865ad318701"">https://pi.lib.uchicago.edu/1001/org/ochre/53875256-6350-e345-d3ae-c865ad318701</a>"
57.68 Pottery Registry 401 (L).pdf,Pottery Registry: Dataset 2,Pottery registries from excavation: 1985-2016,"OCHRE link: <a href=""https://pi.lib.uchicago.edu/1001/org/ochre/6ece7fbb-5ce8-c51c-8801-e40ea3312d89"">https://pi.lib.uchicago.edu/1001/org/ochre/6ece7fbb-5ce8-c51c-8801-e40ea3312d89</a>"
57.68 Pottery Registry 404 (L).pdf,Pottery Registry: Dataset 2,Pottery registries from excavation: 1985-2016,"OCHRE link: <a href=""https://pi.lib.uchicago.edu/1001/org/ochre/62e53272-73c4-3c86-c6d4-623e36940112"">https://pi.lib.uchicago.edu/1001/org/ochre/62e53272-73c4-3c86-c6d4-623e36940112</a>"
57.68 Pottery Registry Miscellaneous.pdf,Pottery Registry: Dataset 2,Pottery registries from excavation: 1985-2016,"OCHRE link: <a href=""https://pi.lib.uchicago.edu/1001/org/ochre/2d7d1017-82de-dac4-e4c2-c4c0ba2890e5"">https://pi.lib.uchicago.edu/1001/org/ochre/2d7d1017-82de-dac4-e4c2-c4c0ba2890e5</a>"
64.00 Pottery Registry Miscellaneous.pdf,Pottery Registry: Dataset 2,Pottery registries from excavation: 1985-2016,"OCHRE link: <a href=""https://pi.lib.uchicago.edu/1001/org/ochre/02480128-a7dc-ae6d-0532-9c73725fc512"">https://pi.lib.uchicago.edu/1001/org/ochre/02480128-a7dc-ae6d-0532-9c73725fc512</a>"
64.87 Pottery Registry 002 (L).pdf,Pottery Registry: Dataset 2,Pottery registries from excavation: 1985-2016,"OCHRE link: <a href=""https://pi.lib.uchicago.edu/1001/org/ochre/373ddfe6-c1c0-163d-ed8b-258e3e4ed4f8"">https://pi.lib.uchicago.edu/1001/org/ochre/373ddfe6-c1c0-163d-ed8b-258e3e4ed4f8</a>"
64.87 Pottery Registry 004 (L).pdf,Pottery Registry: Dataset 2,Pottery registries from excavation: 1985-2016,"OCHRE link: <a href=""https://pi.lib.uchicago.edu/1001/org/ochre/b53d6da7-a072-25a1-c50c-4682f5505233"">https://pi.lib.uchicago.edu/1001/org/ochre/b53d6da7-a072-25a1-c50c-4682f5505233</a>"
64.87 Pottery Registry 005 (F).pdf,Pottery Registry: Dataset 2,Pottery registries from excavation: 1985-2016,"OCHRE link: <a href=""https://pi.lib.uchicago.edu/1001/org/ochre/f5969c47-885b-0e83-eed9-3a8e907d287a"">https://pi.lib.uchicago.edu/1001/org/ochre/f5969c47-885b-0e83-eed9-3a8e907d287a</a>"
64.87 Pottery Registry 005 (L).pdf,Pottery Registry: Dataset 2,Pottery registries from excavation: 1985-2016,"OCHRE link: <a href=""https://pi.lib.uchicago.edu/1001/org/ochre/f5969c47-885b-0e83-eed9-3a8e907d287a"">https://pi.lib.uchicago.edu/1001/org/ochre/f5969c47-885b-0e83-eed9-3a8e907d287a</a>"
64.87 Pottery Registry 007 (L).pdf,Pottery Registry: Dataset 2,Pottery registries from excavation: 1985-2016,"OCHRE link: <a href=""https://pi.lib.uchicago.edu/1001/org/ochre/61f939cd-5938-6109-f3c6-3ce637f12c45"">https://pi.lib.uchicago.edu/1001/org/ochre/61f939cd-5938-6109-f3c6-3ce637f12c45</a>"
64.87 Pottery Registry 009 (L).pdf,Pottery Registry: Dataset 2,Pottery registries from excavation: 1985-2016,"OCHRE link: <a href=""https://pi.lib.uchicago.edu/1001/org/ochre/79f3e7a2-6307-57eb-0c2b-3e26fbca1fa1"">https://pi.lib.uchicago.edu/1001/org/ochre/79f3e7a2-6307-57eb-0c2b-3e26fbca1fa1</a>"
64.87 Pottery Registry 013 (L).pdf,Pottery Registry: Dataset 2,Pottery registries from excavation: 1985-2016,"OCHRE link: <a href=""https://pi.lib.uchicago.edu/1001/org/ochre/73ee7952-e68c-9b47-5dc9-757ec77a6a76"">https://pi.lib.uchicago.edu/1001/org/ochre/73ee7952-e68c-9b47-5dc9-757ec77a6a76</a>"
64.87 Pottery Registry 014 (L).pdf,Pottery Registry: Dataset 2,Pottery registries from excavation: 1985-2016,"OCHRE link: <a href=""https://pi.lib.uchicago.edu/1001/org/ochre/a55d0a85-36fb-2090-2a25-41ff69156cfa"">https://pi.lib.uchicago.edu/1001/org/ochre/a55d0a85-36fb-2090-2a25-41ff69156cfa</a>"
64.87 Pottery Registry 034 (L).pdf,Pottery Registry: Dataset 2,Pottery registries from excavation: 1985-2016,"OCHRE link: <a href=""https://pi.lib.uchicago.edu/1001/org/ochre/dc1c1895-e174-5a17-7397-36550fd38ca9"">https://pi.lib.uchicago.edu/1001/org/ochre/dc1c1895-e174-5a17-7397-36550fd38ca9</a>"
64.87 Pottery Registry 041 (L).pdf,Pottery Registry: Dataset 2,Pottery registries from excavation: 1985-2016,"OCHRE link: <a href=""https://pi.lib.uchicago.edu/1001/org/ochre/acdd2d4b-6e30-2685-2586-6cf8791e56a9"">https://pi.lib.uchicago.edu/1001/org/ochre/acdd2d4b-6e30-2685-2586-6cf8791e56a9</a>"
64.87 Pottery Registry 042 (F).pdf,Pottery Registry: Dataset 2,Pottery registries from excavation: 1985-2016,"OCHRE link: <a href=""https://pi.lib.uchicago.edu/1001/org/ochre/2eee60fd-cf70-81e6-a6d1-f002b869e4b0"">https://pi.lib.uchicago.edu/1001/org/ochre/2eee60fd-cf70-81e6-a6d1-f002b869e4b0</a>"
64.87 Pottery Registry 047 (L).pdf,Pottery Registry: Dataset 2,Pottery registries from excavation: 1985-2016,"OCHRE link: <a href=""https://pi.lib.uchicago.edu/1001/org/ochre/8a7af21e-b679-6e67-5a8f-2e48c9a41752"">https://pi.lib.uchicago.edu/1001/org/ochre/8a7af21e-b679-6e67-5a8f-2e48c9a41752</a>"
64.87 Pottery Registry 049 (L).pdf,Pottery Registry: Dataset 2,Pottery registries from excavation: 1985-2016,"OCHRE link: <a href=""https://pi.lib.uchicago.edu/1001/org/ochre/c1022c95-f1b0-8f51-ce3a-21acca47ea3f"">https://pi.lib.uchicago.edu/1001/org/ochre/c1022c95-f1b0-8f51-ce3a-21acca47ea3f</a>"
64.87 Pottery Registry 057 (L).pdf,Pottery Registry: Dataset 2,Pottery registries from excavation: 1985-2016,"OCHRE link: <a href=""https://pi.lib.uchicago.edu/1001/org/ochre/8fd9a66a-509f-4035-d5d6-a316b0047486"">https://pi.lib.uchicago.edu/1001/org/ochre/8fd9a66a-509f-4035-d5d6-a316b0047486</a>"
64.87 Pottery Registry 058 (L).pdf,Pottery Registry: Dataset 2,Pottery registries from excavation: 1985-2016,"OCHRE link: <a href=""https://pi.lib.uchicago.edu/1001/org/ochre/97914397-feea-be96-4b8c-c4dc43b49c97"">https://pi.lib.uchicago.edu/1001/org/ochre/97914397-feea-be96-4b8c-c4dc43b49c97</a>"
64.87 Pottery Registry 059 (L).pdf,Pottery Registry: Dataset 2,Pottery registries from excavation: 1985-2016,"OCHRE link: <a href=""https://pi.lib.uchicago.edu/1001/org/ochre/2d74db17-b3e8-f021-0d4e-33f37cab2446"">https://pi.lib.uchicago.edu/1001/org/ochre/2d74db17-b3e8-f021-0d4e-33f37cab2446</a>"
64.87 Pottery Registry 062 (L).pdf,Pottery Registry: Dataset 2,Pottery registries from excavation: 1985-2016,"OCHRE link: <a href=""https://pi.lib.uchicago.edu/1001/org/ochre/15c8b9dc-85b6-4880-9d59-d0838a03e865"">https://pi.lib.uchicago.edu/1001/org/ochre/15c8b9dc-85b6-4880-9d59-d0838a03e865</a>"
64.87 Pottery Registry 064 (L).pdf,Pottery Registry: Dataset 2,Pottery registries from excavation: 1985-2016,"OCHRE link: <a href=""https://pi.lib.uchicago.edu/1001/org/ochre/f1d990d0-f6f0-36ee-f86a-b93e78eda8b7"">https://pi.lib.uchicago.edu/1001/org/ochre/f1d990d0-f6f0-36ee-f86a-b93e78eda8b7</a>"
64.87 Pottery Registry 066 (L).pdf,Pottery Registry: Dataset 2,Pottery registries from excavation: 1985-2016,"OCHRE link: <a href=""https://pi.lib.uchicago.edu/1001/org/ochre/ff21f916-d0e5-c776-eee1-83a806c601e1"">https://pi.lib.uchicago.edu/1001/org/ochre/ff21f916-d0e5-c776-eee1-83a806c601e1</a>"
64.87 Pottery Registry 067 (LF).pdf,Pottery Registry: Dataset 2,Pottery registries from excavation: 1985-2016,"OCHRE link: <a href=""https://pi.lib.uchicago.edu/1001/org/ochre/125806a2-04fd-f939-77f4-ce959108227f"">https://pi.lib.uchicago.edu/1001/org/ochre/125806a2-04fd-f939-77f4-ce959108227f</a>"
64.87 Pottery Registry 068 (L).pdf,Pottery Registry: Dataset 2,Pottery registries from excavation: 1985-2016,"OCHRE link: <a href=""https://pi.lib.uchicago.edu/1001/org/ochre/6a68f6da-8c25-7094-2b55-7c864cbc28da"">https://pi.lib.uchicago.edu/1001/org/ochre/6a68f6da-8c25-7094-2b55-7c864cbc28da</a>"
64.87 Pottery Registry 069 (L).pdf,Pottery Registry: Dataset 2,Pottery registries from excavation: 1985-2016,"OCHRE link: <a href=""https://pi.lib.uchicago.edu/1001/org/ochre/61dc627b-f4f9-1ecd-7960-7fee793bf9c6"">https://pi.lib.uchicago.edu/1001/org/ochre/61dc627b-f4f9-1ecd-7960-7fee793bf9c6</a>"
64.87 Pottery Registry 070 (L).pdf,Pottery Registry: Dataset 2,Pottery registries from excavation: 1985-2016,"OCHRE link: <a href=""https://pi.lib.uchicago.edu/1001/org/ochre/7ec2bbe8-edb4-65ae-5080-8da558f56ff0"">https://pi.lib.uchicago.edu/1001/org/ochre/7ec2bbe8-edb4-65ae-5080-8da558f56ff0</a>"
64.87 Pottery Registry 071 (L).pdf,Pottery Registry: Dataset 2,Pottery registries from excavation: 1985-2016,"OCHRE link: <a href=""https://pi.lib.uchicago.edu/1001/org/ochre/5d148ecc-b01a-314c-f942-615b503e1c2d"">https://pi.lib.uchicago.edu/1001/org/ochre/5d148ecc-b01a-314c-f942-615b503e1c2d</a>"
64.87 Pottery Registry 076 (L).pdf,Pottery Registry: Dataset 2,Pottery registries from excavation: 1985-2016,"OCHRE link: <a href=""https://pi.lib.uchicago.edu/1001/org/ochre/2e8a85c5-9596-0345-2b35-476042fd5d95"">https://pi.lib.uchicago.edu/1001/org/ochre/2e8a85c5-9596-0345-2b35-476042fd5d95</a>"
64.87 Pottery Registry 077 (L).pdf,Pottery Registry: Dataset 2,Pottery registries from excavation: 1985-2016,"OCHRE link: <a href=""https://pi.lib.uchicago.edu/1001/org/ochre/ecca0e76-f527-4fb6-9547-c25d8bbcfa87"">https://pi.lib.uchicago.edu/1001/org/ochre/ecca0e76-f527-4fb6-9547-c25d8bbcfa87</a>"
71.25 Pottery Registry 002 (L).pdf,Pottery Registry: Dataset 2,Pottery registries from excavation: 1985-2016,"OCHRE link: <a href=""https://pi.lib.uchicago.edu/1001/org/ochre/d59e1bed-8d53-1343-b762-cf69b6bd3836"">https://pi.lib.uchicago.edu/1001/org/ochre/d59e1bed-8d53-1343-b762-cf69b6bd3836</a>"
71.25 Pottery Registry 004 (F).pdf,Pottery Registry: Dataset 2,Pottery registries from excavation: 1985-2016,"OCHRE link: <a href=""https://pi.lib.uchicago.edu/1001/org/ochre/9f721a25-3a29-8829-b0a8-528921cc9d60"">https://pi.lib.uchicago.edu/1001/org/ochre/9f721a25-3a29-8829-b0a8-528921cc9d60</a>"
71.25 Pottery Registry 052 (L).pdf,Pottery Registry: Dataset 2,Pottery registries from excavation: 1985-2016,"OCHRE link: <a href=""https://pi.lib.uchicago.edu/1001/org/ochre/10c6dd7d-f9d6-584b-b922-15974d717828"">https://pi.lib.uchicago.edu/1001/org/ochre/10c6dd7d-f9d6-584b-b922-15974d717828</a>"
71.45 Pottery Registry 003 (F).pdf,Pottery Registry: Dataset 2,Pottery registries from excavation: 1985-2016,"OCHRE link: <a href=""https://pi.lib.uchicago.edu/1001/org/ochre/145e0886-7a0c-e102-851f-deef15d38e9c"">https://pi.lib.uchicago.edu/1001/org/ochre/145e0886-7a0c-e102-851f-deef15d38e9c</a>"
71.55 Pottery Registry 001 (F).pdf,Pottery Registry: Dataset 2,Pottery registries from excavation: 1985-2016,"OCHRE link: <a href=""https://pi.lib.uchicago.edu/1001/org/ochre/1981456a-0573-b873-35c3-74467195153c"">https://pi.lib.uchicago.edu/1001/org/ochre/1981456a-0573-b873-35c3-74467195153c</a>"
71.55 Pottery Registry Miscellaneous.pdf,Pottery Registry: Dataset 2,Pottery registries from excavation: 1985-2016,"OCHRE link: <a href=""https://pi.lib.uchicago.edu/1001/org/ochre/3140d225-7926-cd7b-157f-483a504b6bf6"">https://pi.lib.uchicago.edu/1001/org/ochre/3140d225-7926-cd7b-157f-483a504b6bf6</a>"
71.65 Pottery Registry 001 (F).pdf,Pottery Registry: Dataset 2,Pottery registries from excavation: 1985-2016,"OCHRE link: <a href=""https://pi.lib.uchicago.edu/1001/org/ochre/9d69637f-eb90-abf5-8472-e96420da6fca"">https://pi.lib.uchicago.edu/1001/org/ochre/9d69637f-eb90-abf5-8472-e96420da6fca</a>"
71.65 Pottery Registry 002 (L).pdf,Pottery Registry: Dataset 2,Pottery registries from excavation: 1985-2016,"OCHRE link: <a href=""https://pi.lib.uchicago.edu/1001/org/ochre/dada1272-d3aa-cfca-e7ae-646c46f64e2e"">https://pi.lib.uchicago.edu/1001/org/ochre/dada1272-d3aa-cfca-e7ae-646c46f64e2e</a>"
71.65 Pottery Registry 003 (L).pdf,Pottery Registry: Dataset 2,Pottery registries from excavation: 1985-2016,"OCHRE link: <a href=""https://pi.lib.uchicago.edu/1001/org/ochre/55ec4a49-b0db-bd3c-383c-a93f21b779b6"">https://pi.lib.uchicago.edu/1001/org/ochre/55ec4a49-b0db-bd3c-383c-a93f21b779b6</a>"
71.65 Pottery Registry Miscellaneous.pdf,Pottery Registry: Dataset 2,Pottery registries from excavation: 1985-2016,"OCHRE link: <a href=""https://pi.lib.uchicago.edu/1001/org/ochre/fa2d8160-88cf-fc37-9410-5d14accadb5d"">https://pi.lib.uchicago.edu/1001/org/ochre/fa2d8160-88cf-fc37-9410-5d14accadb5d</a>"
71.85 Pottery Registry 001 (F).pdf,Pottery Registry: Dataset 2,Pottery registries from excavation: 1985-2016,"OCHRE link: <a href=""https://pi.lib.uchicago.edu/1001/org/ochre/1d4b686c-38aa-9d55-88f8-385fba9f3639"">https://pi.lib.uchicago.edu/1001/org/ochre/1d4b686c-38aa-9d55-88f8-385fba9f3639</a>"
71.85 Pottery Registry 002 (L).pdf,Pottery Registry: Dataset 2,Pottery registries from excavation: 1985-2016,"OCHRE link: <a href=""https://pi.lib.uchicago.edu/1001/org/ochre/87028cc2-98ae-bb3f-a757-0b31ffbdc5b2"">https://pi.lib.uchicago.edu/1001/org/ochre/87028cc2-98ae-bb3f-a757-0b31ffbdc5b2</a>"
71.95 Pottery Registry Miscellaneous.pdf,Pottery Registry: Dataset 2,Pottery registries from excavation: 1985-2016,"OCHRE link: <a href=""https://pi.lib.uchicago.edu/1001/org/ochre/09496c9a-f919-0956-212d-ad3a031a3d4b"">https://pi.lib.uchicago.edu/1001/org/ochre/09496c9a-f919-0956-212d-ad3a031a3d4b</a>"
Other Pottery Registry Documents.pdf,Pottery Registry: Dataset 2,Pottery registries from excavation: 1985-2016,"OCHRE link: <a href=""https://pi.lib.uchicago.edu/1001/org/ochre/6cdf584a-2b2e-69e1-b232-ef20a294daa1"">https://pi.lib.uchicago.edu/1001/org/ochre/6cdf584a-2b2e-69e1-b232-ef20a294daa1</a>"
Pottery Registry Miscellaneous.pdf,Pottery Registry: Dataset 2,Pottery registries from excavation: 1985-2016,"OCHRE link: <a href=""https://pi.lib.uchicago.edu/1001/org/ochre/eae56968-ecc7-b439-7dfd-b8324dfdf634"">https://pi.lib.uchicago.edu/1001/org/ochre/eae56968-ecc7-b439-7dfd-b8324dfdf634</a>"
1999 Pottery Registry.pdf,Pottery Registry: Dataset 2,Pottery registries from excavation: 1985-2016,"OCHRE link: <a href=""https://pi.lib.uchicago.edu/1001/org/ochre/ee02b815-fe0f-4bc7-b74a-e94c440467e7"">https://pi.lib.uchicago.edu/1001/org/ochre/ee02b815-fe0f-4bc7-b74a-e94c440467e7</a>"
2000 Pottery Registry.pdf,Pottery Registry: Dataset 2,Pottery registries from excavation: 1985-2016,"OCHRE link: <a href=""https://pi.lib.uchicago.edu/1001/org/ochre/efe2e9a1-a5ff-40f6-9141-8099e5792bdb"">https://pi.lib.uchicago.edu/1001/org/ochre/efe2e9a1-a5ff-40f6-9141-8099e5792bdb</a>"
2004 Pottery Registry.pdf,Pottery Registry: Dataset 2,Pottery registries from excavation: 1985-2016,"OCHRE link: <a href=""https://pi.lib.uchicago.edu/1001/org/ochre/1e831d47-4a4d-47f5-a101-be5e698785a9"">https://pi.lib.uchicago.edu/1001/org/ochre/1e831d47-4a4d-47f5-a101-be5e698785a9</a>"
2006 Pottery Registry.pdf,Pottery Registry: Dataset 2,Pottery registries from excavation: 1985-2016,"OCHRE link: <a href=""https://pi.lib.uchicago.edu/1001/org/ochre/4640ec5d-bb37-4d76-ad49-874fb93d6cc8"">https://pi.lib.uchicago.edu/1001/org/ochre/4640ec5d-bb37-4d76-ad49-874fb93d6cc8</a>"
01.000 Pottery Readings Dump.pdf,Pottery Readings: Dataset 1,Pottery readings from excavation: 1985-2016,"OCHRE link: <a href=""https://pi.lib.uchicago.edu/1001/org/ochre/6721131f-fcff-7be5-585b-868e161c19d4"">https://pi.lib.uchicago.edu/1001/org/ochre/6721131f-fcff-7be5-585b-868e161c19d4</a>"
01.028 Pottery Readings 002 (L).pdf,Pottery Readings: Dataset 1,Pottery readings from excavation: 1985-2016,"OCHRE link: <a href=""https://pi.lib.uchicago.edu/1001/org/ochre/117d10c3-0aa3-7289-56d1-d830551b596e"">https://pi.lib.uchicago.edu/1001/org/ochre/117d10c3-0aa3-7289-56d1-d830551b596e</a>"
01.028 Pottery Readings 003 (L).pdf,Pottery Readings: Dataset 1,Pottery readings from excavation: 1985-2016,"OCHRE link: <a href=""https://pi.lib.uchicago.edu/1001/org/ochre/eba612c7-0ebc-4140-ec40-bdc4f2392e47"">https://pi.lib.uchicago.edu/1001/org/ochre/eba612c7-0ebc-4140-ec40-bdc4f2392e47</a>"
01.028 Pottery Readings 050 (L).pdf,Pottery Readings: Dataset 1,Pottery readings from excavation: 1985-2016,"OCHRE link: <a href=""https://pi.lib.uchicago.edu/1001/org/ochre/b0f12c37-a68e-a48c-edd0-a40b24fd902d"">https://pi.lib.uchicago.edu/1001/org/ochre/b0f12c37-a68e-a48c-edd0-a40b24fd902d</a>"
01.028 Pottery Readings 051 (LF).pdf,Pottery Readings: Dataset 1,Pottery readings from excavation: 1985-2016,"OCHRE link: <a href=""https://pi.lib.uchicago.edu/1001/org/ochre/b47d5748-98e1-9f6b-9255-9a92dbe0ef86"">https://pi.lib.uchicago.edu/1001/org/ochre/b47d5748-98e1-9f6b-9255-9a92dbe0ef86</a>"
01.028 Pottery Readings 052 (F).pdf,Pottery Readings: Dataset 1,Pottery readings from excavation: 1985-2016,"OCHRE link: <a href=""https://pi.lib.uchicago.edu/1001/org/ochre/d5474ac5-3945-08bd-a59a-33b2758f3ab3"">https://pi.lib.uchicago.edu/1001/org/ochre/d5474ac5-3945-08bd-a59a-33b2758f3ab3</a>"
01.028 Pottery Readings 053 (L).pdf,Pottery Readings: Dataset 1,Pottery readings from excavation: 1985-2016,"OCHRE link: <a href=""https://pi.lib.uchicago.edu/1001/org/ochre/eb44b3ca-4951-f797-02cc-09e516be0fc1"">https://pi.lib.uchicago.edu/1001/org/ochre/eb44b3ca-4951-f797-02cc-09e516be0fc1</a>"
01.028 Pottery Readings 054 (L).pdf,Pottery Readings: Dataset 1,Pottery readings from excavation: 1985-2016,"OCHRE link: <a href=""https://pi.lib.uchicago.edu/1001/org/ochre/338b9bc4-35fc-396e-25d0-676a2de29969"">https://pi.lib.uchicago.edu/1001/org/ochre/338b9bc4-35fc-396e-25d0-676a2de29969</a>"
01.028 Pottery Readings 057 (LF).pdf,Pottery Readings: Dataset 1,Pottery readings from excavation: 1985-2016,"OCHRE link: <a href=""https://pi.lib.uchicago.edu/1001/org/ochre/7717d064-e73a-a151-cb3b-32366bde0301"">https://pi.lib.uchicago.edu/1001/org/ochre/7717d064-e73a-a151-cb3b-32366bde0301</a>"
01.028 Pottery Readings 059 (L).pdf,Pottery Readings: Dataset 1,Pottery readings from excavation: 1985-2016,"OCHRE link: <a href=""https://pi.lib.uchicago.edu/1001/org/ochre/e5a78f04-8727-0919-22ce-4bf295970b93"">https://pi.lib.uchicago.edu/1001/org/ochre/e5a78f04-8727-0919-22ce-4bf295970b93</a>"
01.028 Pottery Readings 061 (L).pdf,Pottery Readings: Dataset 1,Pottery readings from excavation: 1985-2016,"OCHRE link: <a href=""https://pi.lib.uchicago.edu/1001/org/ochre/52be74a1-6894-afcf-2f28-32700aead9a5"">https://pi.lib.uchicago.edu/1001/org/ochre/52be74a1-6894-afcf-2f28-32700aead9a5</a>"
01.028 Pottery Readings 064 (L).pdf,Pottery Readings: Dataset 1,Pottery readings from excavation: 1985-2016,"OCHRE link: <a href=""https://pi.lib.uchicago.edu/1001/org/ochre/fbffedeb-ce40-a651-6092-53198b93b7c6"">https://pi.lib.uchicago.edu/1001/org/ochre/fbffedeb-ce40-a651-6092-53198b93b7c6</a>"
01.028 Pottery Readings 065 (F).pdf,Pottery Readings: Dataset 1,Pottery readings from excavation: 1985-2016,"OCHRE link: <a href=""https://pi.lib.uchicago.edu/1001/org/ochre/4fd891e8-3b9c-5f8b-1a64-f373f87eba83"">https://pi.lib.uchicago.edu/1001/org/ochre/4fd891e8-3b9c-5f8b-1a64-f373f87eba83</a>"
01.028 Pottery Readings 068 (L).pdf,Pottery Readings: Dataset 1,Pottery readings from excavation: 1985-2016,"OCHRE link: <a href=""https://pi.lib.uchicago.edu/1001/org/ochre/34319530-92bd-f8f9-c278-97d81350347a"">https://pi.lib.uchicago.edu/1001/org/ochre/34319530-92bd-f8f9-c278-97d81350347a</a>"
01.028 Pottery Readings 072 (L).pdf,Pottery Readings: Dataset 1,Pottery readings from excavation: 1985-2016,"OCHRE link: <a href=""https://pi.lib.uchicago.edu/1001/org/ochre/a33fb5ac-780c-7de6-a190-f1cd1761181b"">https://pi.lib.uchicago.edu/1001/org/ochre/a33fb5ac-780c-7de6-a190-f1cd1761181b</a>"
01.028 Pottery Readings 075 (F).pdf,Pottery Readings: Dataset 1,Pottery readings from excavation: 1985-2016,"OCHRE link: <a href=""https://pi.lib.uchicago.edu/1001/org/ochre/97d35f0a-f0a4-46d2-9ff0-9917666e24f4"">https://pi.lib.uchicago.edu/1001/org/ochre/97d35f0a-f0a4-46d2-9ff0-9917666e24f4</a>"
01.028 Pottery Readings 077 (L).pdf,Pottery Readings: Dataset 1,Pottery readings from excavation: 1985-2016,"OCHRE link: <a href=""https://pi.lib.uchicago.edu/1001/org/ochre/25cb4c0a-2dfe-4283-db2a-a739ceb7b12c"">https://pi.lib.uchicago.edu/1001/org/ochre/25cb4c0a-2dfe-4283-db2a-a739ceb7b12c</a>"
01.028 Pottery Readings 079 (L).pdf,Pottery Readings: Dataset 1,Pottery readings from excavation: 1985-2016,"OCHRE link: <a href=""https://pi.lib.uchicago.edu/1001/org/ochre/29617299-e6d1-e82d-575c-b2743b7f3b19"">https://pi.lib.uchicago.edu/1001/org/ochre/29617299-e6d1-e82d-575c-b2743b7f3b19</a>"
01.028 Pottery Readings 080 (L).pdf,Pottery Readings: Dataset 1,Pottery readings from excavation: 1985-2016,"OCHRE link: <a href=""https://pi.lib.uchicago.edu/1001/org/ochre/1e83c9e7-c98d-018f-fafb-905998c25d05"">https://pi.lib.uchicago.edu/1001/org/ochre/1e83c9e7-c98d-018f-fafb-905998c25d05</a>"
01.028 Pottery Readings 081 (L).pdf,Pottery Readings: Dataset 1,Pottery readings from excavation: 1985-2016,"OCHRE link: <a href=""https://pi.lib.uchicago.edu/1001/org/ochre/e16efdc5-c04b-7192-2237-0ef68441d14f"">https://pi.lib.uchicago.edu/1001/org/ochre/e16efdc5-c04b-7192-2237-0ef68441d14f</a>"
01.028 Pottery Readings 091 (L).pdf,Pottery Readings: Dataset 1,Pottery readings from excavation: 1985-2016,"OCHRE link: <a href=""https://pi.lib.uchicago.edu/1001/org/ochre/b2ded362-cad4-99b0-9a24-1f44d2bf127f"">https://pi.lib.uchicago.edu/1001/org/ochre/b2ded362-cad4-99b0-9a24-1f44d2bf127f</a>"
01.029 Pottery Readings 001 (L).pdf,Pottery Readings: Dataset 1,Pottery readings from excavation: 1985-2016,"OCHRE link: <a href=""https://pi.lib.uchicago.edu/1001/org/ochre/7d75af7b-4050-ca25-f1e9-0c1bbb3061f5"">https://pi.lib.uchicago.edu/1001/org/ochre/7d75af7b-4050-ca25-f1e9-0c1bbb3061f5</a>"
01.029 Pottery Readings 002 (L).pdf,Pottery Readings: Dataset 1,Pottery readings from excavation: 1985-2016,"OCHRE link: <a href=""https://pi.lib.uchicago.edu/1001/org/ochre/305335da-604b-815a-d7b9-f009211210a2"">https://pi.lib.uchicago.edu/1001/org/ochre/305335da-604b-815a-d7b9-f009211210a2</a>"
01.029 Pottery Readings 003 (L).pdf,Pottery Readings: Dataset 1,Pottery readings from excavation: 1985-2016,"OCHRE link: <a href=""https://pi.lib.uchicago.edu/1001/org/ochre/7d4ac066-9fa2-1053-ed02-2acceb2e1929"">https://pi.lib.uchicago.edu/1001/org/ochre/7d4ac066-9fa2-1053-ed02-2acceb2e1929</a>"
01.029 Pottery Readings 004 (L).pdf,Pottery Readings: Dataset 1,Pottery readings from excavation: 1985-2016,"OCHRE link: <a href=""https://pi.lib.uchicago.edu/1001/org/ochre/9b09d8d1-3013-c01c-44de-52f29791a8b7"">https://pi.lib.uchicago.edu/1001/org/ochre/9b09d8d1-3013-c01c-44de-52f29791a8b7</a>"
01.029 Pottery Readings 005 (L).pdf,Pottery Readings: Dataset 1,Pottery readings from excavation: 1985-2016,"OCHRE link: <a href=""https://pi.lib.uchicago.edu/1001/org/ochre/dbdfc93a-0938-d57f-3401-b382c3c39d8f"">https://pi.lib.uchicago.edu/1001/org/ochre/dbdfc93a-0938-d57f-3401-b382c3c39d8f</a>"
01.029 Pottery Readings 006 (L).pdf,Pottery Readings: Dataset 1,Pottery readings from excavation: 1985-2016,"OCHRE link: <a href=""https://pi.lib.uchicago.edu/1001/org/ochre/04289cde-d0c6-b470-f83d-23d6a7b2eed0"">https://pi.lib.uchicago.edu/1001/org/ochre/04289cde-d0c6-b470-f83d-23d6a7b2eed0</a>"
01.029 Pottery Readings 007 (L).pdf,Pottery Readings: Dataset 1,Pottery readings from excavation: 1985-2016,"OCHRE link: <a href=""https://pi.lib.uchicago.edu/1001/org/ochre/16395905-6e54-ccb9-b00a-45d6cd018229"">https://pi.lib.uchicago.edu/1001/org/ochre/16395905-6e54-ccb9-b00a-45d6cd018229</a>"
01.029 Pottery Readings 008 (L).pdf,Pottery Readings: Dataset 1,Pottery readings from excavation: 1985-2016,"OCHRE link: <a href=""https://pi.lib.uchicago.edu/1001/org/ochre/4da4a389-b7c7-311b-1560-e088972377ea"">https://pi.lib.uchicago.edu/1001/org/ochre/4da4a389-b7c7-311b-1560-e088972377ea</a>"
01.029 Pottery Readings 009 (L).pdf,Pottery Readings: Dataset 1,Pottery readings from excavation: 1985-2016,"OCHRE link: <a href=""https://pi.lib.uchicago.edu/1001/org/ochre/401b0a03-aa81-e3a5-610c-30987f2ac8d8"">https://pi.lib.uchicago.edu/1001/org/ochre/401b0a03-aa81-e3a5-610c-30987f2ac8d8</a>"
01.029 Pottery Readings 016 (L).pdf,Pottery Readings: Dataset 1,Pottery readings from excavation: 1985-2016,"OCHRE link: <a href=""https://pi.lib.uchicago.edu/1001/org/ochre/23b03137-10de-aaa7-2683-49bd31bfbc54"">https://pi.lib.uchicago.edu/1001/org/ochre/23b03137-10de-aaa7-2683-49bd31bfbc54</a>"
01.029 Pottery Readings 018 (L).pdf,Pottery Readings: Dataset 1,Pottery readings from excavation: 1985-2016,"OCHRE link: <a href=""https://pi.lib.uchicago.edu/1001/org/ochre/6dfb6136-782d-66db-42ab-5183ec7d12f1"">https://pi.lib.uchicago.edu/1001/org/ochre/6dfb6136-782d-66db-42ab-5183ec7d12f1</a>"
01.029 Pottery Readings 020 (LF).pdf,Pottery Readings: Dataset 1,Pottery readings from excavation: 1985-2016,"OCHRE link: <a href=""https://pi.lib.uchicago.edu/1001/org/ochre/50471941-d6be-e47e-b95c-3d5690a4ea05"">https://pi.lib.uchicago.edu/1001/org/ochre/50471941-d6be-e47e-b95c-3d5690a4ea05</a>"
01.029 Pottery Readings 021 (L).pdf,Pottery Readings: Dataset 1,Pottery readings from excavation: 1985-2016,"OCHRE link: <a href=""https://pi.lib.uchicago.edu/1001/org/ochre/0f19fe9d-a453-e203-7801-c5a3048bfb47"">https://pi.lib.uchicago.edu/1001/org/ochre/0f19fe9d-a453-e203-7801-c5a3048bfb47</a>"
01.029 Pottery Readings 022 (L).pdf,Pottery Readings: Dataset 1,Pottery readings from excavation: 1985-2016,"OCHRE link: <a href=""https://pi.lib.uchicago.edu/1001/org/ochre/418d4b6e-6666-c051-fcdb-f4c98557588a"">https://pi.lib.uchicago.edu/1001/org/ochre/418d4b6e-6666-c051-fcdb-f4c98557588a</a>"
01.029 Pottery Readings 023 (L).pdf,Pottery Readings: Dataset 1,Pottery readings from excavation: 1985-2016,"OCHRE link: <a href=""https://pi.lib.uchicago.edu/1001/org/ochre/e7aef418-16df-1e18-b857-ad295ed26921"">https://pi.lib.uchicago.edu/1001/org/ochre/e7aef418-16df-1e18-b857-ad295ed26921</a>"
01.029 Pottery Readings 024 (L).pdf,Pottery Readings: Dataset 1,Pottery readings from excavation: 1985-2016,"OCHRE link: <a href=""https://pi.lib.uchicago.edu/1001/org/ochre/4ff551a4-3ad4-f321-aa08-6265afefe38b"">https://pi.lib.uchicago.edu/1001/org/ochre/4ff551a4-3ad4-f321-aa08-6265afefe38b</a>"
01.029 Pottery Readings 025 (L).pdf,Pottery Readings: Dataset 1,Pottery readings from excavation: 1985-2016,"OCHRE link: <a href=""https://pi.lib.uchicago.edu/1001/org/ochre/dc31ce20-2a34-abbb-d3ef-6ec3e1e9dfe3"">https://pi.lib.uchicago.edu/1001/org/ochre/dc31ce20-2a34-abbb-d3ef-6ec3e1e9dfe3</a>"
01.029 Pottery Readings 026 (L).pdf,Pottery Readings: Dataset 1,Pottery readings from excavation: 1985-2016,"OCHRE link: <a href=""https://pi.lib.uchicago.edu/1001/org/ochre/66a7f139-83e4-bc55-6b3e-513c1d77dd7f"">https://pi.lib.uchicago.edu/1001/org/ochre/66a7f139-83e4-bc55-6b3e-513c1d77dd7f</a>"
01.029 Pottery Readings 050 (L).pdf,Pottery Readings: Dataset 1,Pottery readings from excavation: 1985-2016,"OCHRE link: <a href=""https://pi.lib.uchicago.edu/1001/org/ochre/10b712e7-ab7d-06fe-ec00-9671238a65ff"">https://pi.lib.uchicago.edu/1001/org/ochre/10b712e7-ab7d-06fe-ec00-9671238a65ff</a>"
01.029 Pottery Readings 051 (L).pdf,Pottery Readings: Dataset 1,Pottery readings from excavation: 1985-2016,"OCHRE link: <a href=""https://pi.lib.uchicago.edu/1001/org/ochre/3aa21dd1-ef09-3b03-6691-12300f80de22"">https://pi.lib.uchicago.edu/1001/org/ochre/3aa21dd1-ef09-3b03-6691-12300f80de22</a>"
01.029 Pottery Readings 053 (L).pdf,Pottery Readings: Dataset 1,Pottery readings from excavation: 1985-2016,"OCHRE link: <a href=""https://pi.lib.uchicago.edu/1001/org/ochre/2f0652fd-671a-85c2-2b89-63fff40c5285"">https://pi.lib.uchicago.edu/1001/org/ochre/2f0652fd-671a-85c2-2b89-63fff40c5285</a>"
01.029 Pottery Readings 055 (L).pdf,Pottery Readings: Dataset 1,Pottery readings from excavation: 1985-2016,"OCHRE link: <a href=""https://pi.lib.uchicago.edu/1001/org/ochre/176fbcbf-3838-e4c9-d0b0-4d6a00c0c17a"">https://pi.lib.uchicago.edu/1001/org/ochre/176fbcbf-3838-e4c9-d0b0-4d6a00c0c17a</a>"
01.029 Pottery Readings 056 (L).pdf,Pottery Readings: Dataset 1,Pottery readings from excavation: 1985-2016,"OCHRE link: <a href=""https://pi.lib.uchicago.edu/1001/org/ochre/85bf94c0-a912-cbcf-f432-28b7edaa8cba"">https://pi.lib.uchicago.edu/1001/org/ochre/85bf94c0-a912-cbcf-f432-28b7edaa8cba</a>"
01.029 Pottery Readings 057 (L).pdf,Pottery Readings: Dataset 1,Pottery readings from excavation: 1985-2016,"OCHRE link: <a href=""https://pi.lib.uchicago.edu/1001/org/ochre/2f905ee4-2ce6-ca60-8600-e15d5eb863fe"">https://pi.lib.uchicago.edu/1001/org/ochre/2f905ee4-2ce6-ca60-8600-e15d5eb863fe</a>"
01.029 Pottery Readings 058 (L).pdf,Pottery Readings: Dataset 1,Pottery readings from excavation: 1985-2016,"OCHRE link: <a href=""https://pi.lib.uchicago.edu/1001/org/ochre/bd0f2ca3-9a73-d884-b1c8-64e189f6edfb"">https://pi.lib.uchicago.edu/1001/org/ochre/bd0f2ca3-9a73-d884-b1c8-64e189f6edfb</a>"
01.029 Pottery Readings 059 (L).pdf,Pottery Readings: Dataset 1,Pottery readings from excavation: 1985-2016,"OCHRE link: <a href=""https://pi.lib.uchicago.edu/1001/org/ochre/bd73e668-cac8-f137-46d1-24522b87760f"">https://pi.lib.uchicago.edu/1001/org/ochre/bd73e668-cac8-f137-46d1-24522b87760f</a>"
01.029 Pottery Readings 060 (L).pdf,Pottery Readings: Dataset 1,Pottery readings from excavation: 1985-2016,"OCHRE link: <a href=""https://pi.lib.uchicago.edu/1001/org/ochre/fc1107a0-0088-ecd6-8df2-cf500a600ed9"">https://pi.lib.uchicago.edu/1001/org/ochre/fc1107a0-0088-ecd6-8df2-cf500a600ed9</a>"
01.029 Pottery Readings 064 (L).pdf,Pottery Readings: Dataset 1,Pottery readings from excavation: 1985-2016,"OCHRE link: <a href=""https://pi.lib.uchicago.edu/1001/org/ochre/d94da32f-24ab-f1ea-a8b9-364bc907151d"">https://pi.lib.uchicago.edu/1001/org/ochre/d94da32f-24ab-f1ea-a8b9-364bc907151d</a>"
01.029 Pottery Readings 067 (L).pdf,Pottery Readings: Dataset 1,Pottery readings from excavation: 1985-2016,"OCHRE link: <a href=""https://pi.lib.uchicago.edu/1001/org/ochre/09a9f031-4c80-28d5-3795-0111cdac28f5"">https://pi.lib.uchicago.edu/1001/org/ochre/09a9f031-4c80-28d5-3795-0111cdac28f5</a>"
01.029 Pottery Readings 069 (LF).pdf,Pottery Readings: Dataset 1,Pottery readings from excavation: 1985-2016,"OCHRE link: <a href=""https://pi.lib.uchicago.edu/1001/org/ochre/d0d40f65-82f8-ea47-d555-be2ab717d180"">https://pi.lib.uchicago.edu/1001/org/ochre/d0d40f65-82f8-ea47-d555-be2ab717d180</a>"
01.029 Pottery Readings 070 (L).pdf,Pottery Readings: Dataset 1,Pottery readings from excavation: 1985-2016,"OCHRE link: <a href=""https://pi.lib.uchicago.edu/1001/org/ochre/76fd7cff-087a-9254-0104-33644e3a16db"">https://pi.lib.uchicago.edu/1001/org/ochre/76fd7cff-087a-9254-0104-33644e3a16db</a>"
01.029 Pottery Readings 072 (L).pdf,Pottery Readings: Dataset 1,Pottery readings from excavation: 1985-2016,"OCHRE link: <a href=""https://pi.lib.uchicago.edu/1001/org/ochre/00fae186-8ace-be12-01b5-ec9040a23ed7"">https://pi.lib.uchicago.edu/1001/org/ochre/00fae186-8ace-be12-01b5-ec9040a23ed7</a>"
01.029 Pottery Readings 074 (L).pdf,Pottery Readings: Dataset 1,Pottery readings from excavation: 1985-2016,"OCHRE link: <a href=""https://pi.lib.uchicago.edu/1001/org/ochre/e2c8c93b-af2b-5212-e675-ca2aa309d564"">https://pi.lib.uchicago.edu/1001/org/ochre/e2c8c93b-af2b-5212-e675-ca2aa309d564</a>"
01.029 Pottery Readings 075 (L).pdf,Pottery Readings: Dataset 1,Pottery readings from excavation: 1985-2016,"OCHRE link: <a href=""https://pi.lib.uchicago.edu/1001/org/ochre/79dca047-1c1d-6a6a-cbe4-6fd2fa0a2ed6"">https://pi.lib.uchicago.edu/1001/org/ochre/79dca047-1c1d-6a6a-cbe4-6fd2fa0a2ed6</a>"
01.029 Pottery Readings 084 (L).pdf,Pottery Readings: Dataset 1,Pottery readings from excavation: 1985-2016,"OCHRE link: <a href=""https://pi.lib.uchicago.edu/1001/org/ochre/0fed00cc-9e7b-899a-8fda-2a632ab360ae"">https://pi.lib.uchicago.edu/1001/org/ochre/0fed00cc-9e7b-899a-8fda-2a632ab360ae</a>"
01.037 Pottery Readings 001 (L).pdf,Pottery Readings: Dataset 1,Pottery readings from excavation: 1985-2016,"OCHRE link: <a href=""https://pi.lib.uchicago.edu/1001/org/ochre/2d6a602e-70a5-a01e-e566-e815b01c2f4b"">https://pi.lib.uchicago.edu/1001/org/ochre/2d6a602e-70a5-a01e-e566-e815b01c2f4b</a>"
01.037 Pottery Readings 002 (L).pdf,Pottery Readings: Dataset 1,Pottery readings from excavation: 1985-2016,"OCHRE link: <a href=""https://pi.lib.uchicago.edu/1001/org/ochre/dbf9786f-1799-0332-483a-5595fbdd39d5"">https://pi.lib.uchicago.edu/1001/org/ochre/dbf9786f-1799-0332-483a-5595fbdd39d5</a>"
01.037 Pottery Readings 003 (L).pdf,Pottery Readings: Dataset 1,Pottery readings from excavation: 1985-2016,"OCHRE link: <a href=""https://pi.lib.uchicago.edu/1001/org/ochre/58067ecc-2288-7fbf-271b-18d9625d68f3"">https://pi.lib.uchicago.edu/1001/org/ochre/58067ecc-2288-7fbf-271b-18d9625d68f3</a>"
01.037 Pottery Readings Cleaning.pdf,Pottery Readings: Dataset 1,Pottery readings from excavation: 1985-2016,"OCHRE link: <a href=""https://pi.lib.uchicago.edu/1001/org/ochre/0d7ac4b0-0b16-3c29-ec66-083ff17a6ba2"">https://pi.lib.uchicago.edu/1001/org/ochre/0d7ac4b0-0b16-3c29-ec66-083ff17a6ba2</a>"
01.099 Pottery Readings 108 (L).pdf,Pottery Readings: Dataset 1,Pottery readings from excavation: 1985-2016,"OCHRE link: <a href=""https://pi.lib.uchicago.edu/1001/org/ochre/14897035-7ef1-fea1-fbe1-d2b1399dc0d6"">https://pi.lib.uchicago.edu/1001/org/ochre/14897035-7ef1-fea1-fbe1-d2b1399dc0d6</a>"
01.099 Pottery Readings 111 (L).pdf,Pottery Readings: Dataset 1,Pottery readings from excavation: 1985-2016,"OCHRE link: <a href=""https://pi.lib.uchicago.edu/1001/org/ochre/6444a452-ea33-b1f8-3aa7-4c4f4bcaeaa5"">https://pi.lib.uchicago.edu/1001/org/ochre/6444a452-ea33-b1f8-3aa7-4c4f4bcaeaa5</a>"
01.099 Pottery Readings 126 (L).pdf,Pottery Readings: Dataset 1,Pottery readings from excavation: 1985-2016,"OCHRE link: <a href=""https://pi.lib.uchicago.edu/1001/org/ochre/4bbc44b7-2ef9-8dac-ae32-d0c5f1a9f1c0"">https://pi.lib.uchicago.edu/1001/org/ochre/4bbc44b7-2ef9-8dac-ae32-d0c5f1a9f1c0</a>"
01.100 Pottery Readings 001 (L).pdf,Pottery Readings: Dataset 1,Pottery readings from excavation: 1985-2016,"OCHRE link: <a href=""https://pi.lib.uchicago.edu/1001/org/ochre/05feca8e-a7f0-1881-2bfd-33f964db9f93"">https://pi.lib.uchicago.edu/1001/org/ochre/05feca8e-a7f0-1881-2bfd-33f964db9f93</a>"
01.100 Pottery Readings 004 (LF).pdf,Pottery Readings: Dataset 1,Pottery readings from excavation: 1985-2016,"OCHRE link: <a href=""https://pi.lib.uchicago.edu/1001/org/ochre/670ead3b-6ba9-476b-896c-59f937b9e6cd"">https://pi.lib.uchicago.edu/1001/org/ochre/670ead3b-6ba9-476b-896c-59f937b9e6cd</a>"
01.100 Pottery Readings 005 (L).pdf,Pottery Readings: Dataset 1,Pottery readings from excavation: 1985-2016,"OCHRE link: <a href=""https://pi.lib.uchicago.edu/1001/org/ochre/0bf1505b-f51e-4ec4-8da8-1d2432d5889b"">https://pi.lib.uchicago.edu/1001/org/ochre/0bf1505b-f51e-4ec4-8da8-1d2432d5889b</a>"
01.100 Pottery Readings 100 (L).pdf,Pottery Readings: Dataset 1,Pottery readings from excavation: 1985-2016,"OCHRE link: <a href=""https://pi.lib.uchicago.edu/1001/org/ochre/c806f1ab-7f8f-4558-96d9-1c4e78464a04"">https://pi.lib.uchicago.edu/1001/org/ochre/c806f1ab-7f8f-4558-96d9-1c4e78464a04</a>"
02.000 Pottery Readings 001 (L).pdf,Pottery Readings: Dataset 1,Pottery readings from excavation: 1985-2016,"OCHRE link: <a href=""https://pi.lib.uchicago.edu/1001/org/ochre/8625eaab-7ccf-46c9-a197-b2d573fcc83a"">https://pi.lib.uchicago.edu/1001/org/ochre/8625eaab-7ccf-46c9-a197-b2d573fcc83a</a>"
02.000 Pottery Readings Dumps.pdf,Pottery Readings: Dataset 1,Pottery readings from excavation: 1985-2016,"OCHRE link: <a href=""https://pi.lib.uchicago.edu/1001/org/ochre/570fad24-7121-6d59-e244-c67a40e2bf84"">https://pi.lib.uchicago.edu/1001/org/ochre/570fad24-7121-6d59-e244-c67a40e2bf84</a>"
02.003 Pottery Readings 018 (L).pdf,Pottery Readings: Dataset 1,Pottery readings from excavation: 1985-2016,"OCHRE link: <a href=""https://pi.lib.uchicago.edu/1001/org/ochre/929df8be-734d-5e4a-b520-70f3192fcdb2"">https://pi.lib.uchicago.edu/1001/org/ochre/929df8be-734d-5e4a-b520-70f3192fcdb2</a>"
02.004 Pottery Readings 103 (L).pdf,Pottery Readings: Dataset 1,Pottery readings from excavation: 1985-2016,"OCHRE link: <a href=""https://pi.lib.uchicago.edu/1001/org/ochre/bb1d4244-2f5d-e501-b0cc-0521e008165f"">https://pi.lib.uchicago.edu/1001/org/ochre/bb1d4244-2f5d-e501-b0cc-0521e008165f</a>"
02.013 Pottery Readings 001 (L).pdf,Pottery Readings: Dataset 1,Pottery readings from excavation: 1985-2016,"OCHRE link: <a href=""https://pi.lib.uchicago.edu/1001/org/ochre/014a07b1-2a88-ce88-e091-4cb0c5e0462a"">https://pi.lib.uchicago.edu/1001/org/ochre/014a07b1-2a88-ce88-e091-4cb0c5e0462a</a>"
02.014 Pottery Readings 002 (L).pdf,Pottery Readings: Dataset 1,Pottery readings from excavation: 1985-2016,"OCHRE link: <a href=""https://pi.lib.uchicago.edu/1001/org/ochre/56e55b59-ed3b-77ce-326f-82cc9fa9a091"">https://pi.lib.uchicago.edu/1001/org/ochre/56e55b59-ed3b-77ce-326f-82cc9fa9a091</a>"
02.014 Pottery Readings 013 (L).pdf,Pottery Readings: Dataset 1,Pottery readings from excavation: 1985-2016,"OCHRE link: <a href=""https://pi.lib.uchicago.edu/1001/org/ochre/c16b8cc0-7b42-a149-8adb-335821441dd4"">https://pi.lib.uchicago.edu/1001/org/ochre/c16b8cc0-7b42-a149-8adb-335821441dd4</a>"
02.014 Pottery Readings 038 (L).pdf,Pottery Readings: Dataset 1,Pottery readings from excavation: 1985-2016,"OCHRE link: <a href=""https://pi.lib.uchicago.edu/1001/org/ochre/702a947c-264b-ce51-993e-65fc6aa305fb"">https://pi.lib.uchicago.edu/1001/org/ochre/702a947c-264b-ce51-993e-65fc6aa305fb</a>"
02.015 Pottery Readings 001 (L).pdf,Pottery Readings: Dataset 1,Pottery readings from excavation: 1985-2016,"OCHRE link: <a href=""https://pi.lib.uchicago.edu/1001/org/ochre/c3e9509f-bd00-41c1-32ea-585602842e57"">https://pi.lib.uchicago.edu/1001/org/ochre/c3e9509f-bd00-41c1-32ea-585602842e57</a>"
02.015 Pottery Readings 002 (L).pdf,Pottery Readings: Dataset 1,Pottery readings from excavation: 1985-2016,"OCHRE link: <a href=""https://pi.lib.uchicago.edu/1001/org/ochre/3f90b215-d7a7-e0ef-48fa-a343ddd064a3"">https://pi.lib.uchicago.edu/1001/org/ochre/3f90b215-d7a7-e0ef-48fa-a343ddd064a3</a>"
02.015 Pottery Readings 004 (L).pdf,Pottery Readings: Dataset 1,Pottery readings from excavation: 1985-2016,"OCHRE link: <a href=""https://pi.lib.uchicago.edu/1001/org/ochre/93799640-d72b-3a9f-28d2-b0052d9acf88"">https://pi.lib.uchicago.edu/1001/org/ochre/93799640-d72b-3a9f-28d2-b0052d9acf88</a>"
02.015 Pottery Readings 005 (L).pdf,Pottery Readings: Dataset 1,Pottery readings from excavation: 1985-2016,"OCHRE link: <a href=""https://pi.lib.uchicago.edu/1001/org/ochre/9af1b986-8a27-f45c-6eb2-5df3ea81bf35"">https://pi.lib.uchicago.edu/1001/org/ochre/9af1b986-8a27-f45c-6eb2-5df3ea81bf35</a>"
02.015 Pottery Readings 006 (L).pdf,Pottery Readings: Dataset 1,Pottery readings from excavation: 1985-2016,"OCHRE link: <a href=""https://pi.lib.uchicago.edu/1001/org/ochre/ae503bd8-147c-557a-0214-2385b95eac9e"">https://pi.lib.uchicago.edu/1001/org/ochre/ae503bd8-147c-557a-0214-2385b95eac9e</a>"
02.015 Pottery Readings 010 (L).pdf,Pottery Readings: Dataset 1,Pottery readings from excavation: 1985-2016,"OCHRE link: <a href=""https://pi.lib.uchicago.edu/1001/org/ochre/63bf8fa1-2fd7-f3b0-0b1a-f67966ac334b"">https://pi.lib.uchicago.edu/1001/org/ochre/63bf8fa1-2fd7-f3b0-0b1a-f67966ac334b</a>"
02.015 Pottery Readings 011 (L).pdf,Pottery Readings: Dataset 1,Pottery readings from excavation: 1985-2016,"OCHRE link: <a href=""https://pi.lib.uchicago.edu/1001/org/ochre/d71a5470-c646-c6c4-527b-1c6bc676e2cc"">https://pi.lib.uchicago.edu/1001/org/ochre/d71a5470-c646-c6c4-527b-1c6bc676e2cc</a>"
02.015 Pottery Readings 012 (L).pdf,Pottery Readings: Dataset 1,Pottery readings from excavation: 1985-2016,"OCHRE link: <a href=""https://pi.lib.uchicago.edu/1001/org/ochre/60c02278-98dd-034a-2ca0-1eb11a045db1"">https://pi.lib.uchicago.edu/1001/org/ochre/60c02278-98dd-034a-2ca0-1eb11a045db1</a>"
02.015 Pottery Readings 020 (F).pdf,Pottery Readings: Dataset 1,Pottery readings from excavation: 1985-2016,"OCHRE link: <a href=""https://pi.lib.uchicago.edu/1001/org/ochre/be7d7c90-d8a8-3972-d736-2c47ae1ca02c"">https://pi.lib.uchicago.edu/1001/org/ochre/be7d7c90-d8a8-3972-d736-2c47ae1ca02c</a>"
02.015 Pottery Readings 025 (L).pdf,Pottery Readings: Dataset 1,Pottery readings from excavation: 1985-2016,"OCHRE link: <a href=""https://pi.lib.uchicago.edu/1001/org/ochre/8e99b2ae-ead5-8e4c-fc4c-d48950e7e914"">https://pi.lib.uchicago.edu/1001/org/ochre/8e99b2ae-ead5-8e4c-fc4c-d48950e7e914</a>"
02.015 Pottery Readings 030 (L).pdf,Pottery Readings: Dataset 1,Pottery readings from excavation: 1985-2016,"OCHRE link: <a href=""https://pi.lib.uchicago.edu/1001/org/ochre/007fa6c1-1c6b-fcf3-74f3-fa00398960eb"">https://pi.lib.uchicago.edu/1001/org/ochre/007fa6c1-1c6b-fcf3-74f3-fa00398960eb</a>"
02.015 Pottery Readings 031 (L).pdf,Pottery Readings: Dataset 1,Pottery readings from excavation: 1985-2016,"OCHRE link: <a href=""https://pi.lib.uchicago.edu/1001/org/ochre/a8d88341-ce7c-3a7b-252c-9d0daab7d05e"">https://pi.lib.uchicago.edu/1001/org/ochre/a8d88341-ce7c-3a7b-252c-9d0daab7d05e</a>"
02.015 Pottery Readings 033 (L).pdf,Pottery Readings: Dataset 1,Pottery readings from excavation: 1985-2016,"OCHRE link: <a href=""https://pi.lib.uchicago.edu/1001/org/ochre/b728aff9-bf15-a8a8-a62b-dcfdac600a9b"">https://pi.lib.uchicago.edu/1001/org/ochre/b728aff9-bf15-a8a8-a62b-dcfdac600a9b</a>"
02.015 Pottery Readings 034 (L).pdf,Pottery Readings: Dataset 1,Pottery readings from excavation: 1985-2016,"OCHRE link: <a href=""https://pi.lib.uchicago.edu/1001/org/ochre/d61d0b9c-75b5-7c39-7122-65fd6e521329"">https://pi.lib.uchicago.edu/1001/org/ochre/d61d0b9c-75b5-7c39-7122-65fd6e521329</a>"
02.015 Pottery Readings 036 (L).pdf,Pottery Readings: Dataset 1,Pottery readings from excavation: 1985-2016,"OCHRE link: <a href=""https://pi.lib.uchicago.edu/1001/org/ochre/cc3bdf5f-28e3-2972-f3fa-b227c4f54a1f"">https://pi.lib.uchicago.edu/1001/org/ochre/cc3bdf5f-28e3-2972-f3fa-b227c4f54a1f</a>"
02.015 Pottery Readings 038 (L).pdf,Pottery Readings: Dataset 1,Pottery readings from excavation: 1985-2016,"OCHRE link: <a href=""https://pi.lib.uchicago.edu/1001/org/ochre/cf60a4b3-d6a4-01ee-a250-bd51d4730c8a"">https://pi.lib.uchicago.edu/1001/org/ochre/cf60a4b3-d6a4-01ee-a250-bd51d4730c8a</a>"
02.015 Pottery Readings 041 (L).pdf,Pottery Readings: Dataset 1,Pottery readings from excavation: 1985-2016,"OCHRE link: <a href=""https://pi.lib.uchicago.edu/1001/org/ochre/2cc1afae-79e6-bac9-79e5-064ac53ccfec"">https://pi.lib.uchicago.edu/1001/org/ochre/2cc1afae-79e6-bac9-79e5-064ac53ccfec</a>"
02.015 Pottery Readings 048 (L).pdf,Pottery Readings: Dataset 1,Pottery readings from excavation: 1985-2016,"OCHRE link: <a href=""https://pi.lib.uchicago.edu/1001/org/ochre/8f20e486-68fc-f9af-7729-093f65d1d0e0"">https://pi.lib.uchicago.edu/1001/org/ochre/8f20e486-68fc-f9af-7729-093f65d1d0e0</a>"
02.015 Pottery Readings 052 (L).pdf,Pottery Readings: Dataset 1,Pottery readings from excavation: 1985-2016,"OCHRE link: <a href=""https://pi.lib.uchicago.edu/1001/org/ochre/e98f5418-61bf-7d1a-1ae4-b8970ded14fa"">https://pi.lib.uchicago.edu/1001/org/ochre/e98f5418-61bf-7d1a-1ae4-b8970ded14fa</a>"
02.015 Pottery Readings 053 (L).pdf,Pottery Readings: Dataset 1,Pottery readings from excavation: 1985-2016,"OCHRE link: <a href=""https://pi.lib.uchicago.edu/1001/org/ochre/d4896a0a-92ed-1432-5b13-7a39f59aa47f"">https://pi.lib.uchicago.edu/1001/org/ochre/d4896a0a-92ed-1432-5b13-7a39f59aa47f</a>"
02.015 Pottery Readings 056 (L).pdf,Pottery Readings: Dataset 1,Pottery readings from excavation: 1985-2016,"OCHRE link: <a href=""https://pi.lib.uchicago.edu/1001/org/ochre/b252bdce-c04c-cb70-9cea-748a76b6d3e0"">https://pi.lib.uchicago.edu/1001/org/ochre/b252bdce-c04c-cb70-9cea-748a76b6d3e0</a>"
02.015 Pottery Readings 058 (L).pdf,Pottery Readings: Dataset 1,Pottery readings from excavation: 1985-2016,"OCHRE link: <a href=""https://pi.lib.uchicago.edu/1001/org/ochre/347e3013-6e21-06cb-bcec-e62807507e6b"">https://pi.lib.uchicago.edu/1001/org/ochre/347e3013-6e21-06cb-bcec-e62807507e6b</a>"
02.024 Pottery Readings 001 (L).pdf,Pottery Readings: Dataset 1,Pottery readings from excavation: 1985-2016,"OCHRE link: <a href=""https://pi.lib.uchicago.edu/1001/org/ochre/82dd5a7c-f13a-99f4-b603-ee12318a2616"">https://pi.lib.uchicago.edu/1001/org/ochre/82dd5a7c-f13a-99f4-b603-ee12318a2616</a>"
02.024 Pottery Readings 002 (L).pdf,Pottery Readings: Dataset 1,Pottery readings from excavation: 1985-2016,"OCHRE link: <a href=""https://pi.lib.uchicago.edu/1001/org/ochre/23dfac52-bf5f-eb2c-6d01-cbcc45285c26"">https://pi.lib.uchicago.edu/1001/org/ochre/23dfac52-bf5f-eb2c-6d01-cbcc45285c26</a>"
02.024 Pottery Readings 101 (L).pdf,Pottery Readings: Dataset 1,Pottery readings from excavation: 1985-2016,"OCHRE link: <a href=""https://pi.lib.uchicago.edu/1001/org/ochre/47016d4c-7541-d17f-af7d-7b33f9364add"">https://pi.lib.uchicago.edu/1001/org/ochre/47016d4c-7541-d17f-af7d-7b33f9364add</a>"
02.024 Pottery Readings 102 (L).pdf,Pottery Readings: Dataset 1,Pottery readings from excavation: 1985-2016,"OCHRE link: <a href=""https://pi.lib.uchicago.edu/1001/org/ochre/306ffa9e-5902-a534-0e58-8f10271f0555"">https://pi.lib.uchicago.edu/1001/org/ochre/306ffa9e-5902-a534-0e58-8f10271f0555</a>"
02.024 Pottery Readings 103 (L).pdf,Pottery Readings: Dataset 1,Pottery readings from excavation: 1985-2016,"OCHRE link: <a href=""https://pi.lib.uchicago.edu/1001/org/ochre/fbbd0719-1dcf-0f1d-d4f8-f2f36e825c1f"">https://pi.lib.uchicago.edu/1001/org/ochre/fbbd0719-1dcf-0f1d-d4f8-f2f36e825c1f</a>"
02.024 Pottery Readings 104 (L).pdf,Pottery Readings: Dataset 1,Pottery readings from excavation: 1985-2016,"OCHRE link: <a href=""https://pi.lib.uchicago.edu/1001/org/ochre/87245e4f-e332-dde1-387d-cfdcbfeff1f2"">https://pi.lib.uchicago.edu/1001/org/ochre/87245e4f-e332-dde1-387d-cfdcbfeff1f2</a>"
02.024 Pottery Readings 107 (L).pdf,Pottery Readings: Dataset 1,Pottery readings from excavation: 1985-2016,"OCHRE link: <a href=""https://pi.lib.uchicago.edu/1001/org/ochre/494bfe8a-f793-5b7e-c694-e8d7bb888679"">https://pi.lib.uchicago.edu/1001/org/ochre/494bfe8a-f793-5b7e-c694-e8d7bb888679</a>"
02.024 Pottery Readings 108 (L).pdf,Pottery Readings: Dataset 1,Pottery readings from excavation: 1985-2016,"OCHRE link: <a href=""https://pi.lib.uchicago.edu/1001/org/ochre/27036f71-1458-309f-89c5-933a073a9d20"">https://pi.lib.uchicago.edu/1001/org/ochre/27036f71-1458-309f-89c5-933a073a9d20</a>"
02.024 Pottery Readings 111 (LF).pdf,Pottery Readings: Dataset 1,Pottery readings from excavation: 1985-2016,"OCHRE link: <a href=""https://pi.lib.uchicago.edu/1001/org/ochre/6d4f78c1-dde7-3d0d-7b4e-2e1039d81cb4"">https://pi.lib.uchicago.edu/1001/org/ochre/6d4f78c1-dde7-3d0d-7b4e-2e1039d81cb4</a>"
02.024 Pottery Readings 113 (L).pdf,Pottery Readings: Dataset 1,Pottery readings from excavation: 1985-2016,"OCHRE link: <a href=""https://pi.lib.uchicago.edu/1001/org/ochre/72bef0f4-bf72-7ca7-d3d1-241bcd8c2eb1"">https://pi.lib.uchicago.edu/1001/org/ochre/72bef0f4-bf72-7ca7-d3d1-241bcd8c2eb1</a>"
02.024 Pottery Readings 114 (L).pdf,Pottery Readings: Dataset 1,Pottery readings from excavation: 1985-2016,"OCHRE link: <a href=""https://pi.lib.uchicago.edu/1001/org/ochre/c92f56fc-18a7-cba7-95f9-6e6cb78fee29"">https://pi.lib.uchicago.edu/1001/org/ochre/c92f56fc-18a7-cba7-95f9-6e6cb78fee29</a>"
02.024 Pottery Readings 116 (L).pdf,Pottery Readings: Dataset 1,Pottery readings from excavation: 1985-2016,"OCHRE link: <a href=""https://pi.lib.uchicago.edu/1001/org/ochre/dd7e3a35-cb1b-084f-703a-9339cfd317b7"">https://pi.lib.uchicago.edu/1001/org/ochre/dd7e3a35-cb1b-084f-703a-9339cfd317b7</a>"
02.024 Pottery Readings 119 (L).pdf,Pottery Readings: Dataset 1,Pottery readings from excavation: 1985-2016,"OCHRE link: <a href=""https://pi.lib.uchicago.edu/1001/org/ochre/d769b53f-8e1b-9fc8-0699-41dd73cfd61e"">https://pi.lib.uchicago.edu/1001/org/ochre/d769b53f-8e1b-9fc8-0699-41dd73cfd61e</a>"
02.024 Pottery Readings 121 (L).pdf,Pottery Readings: Dataset 1,Pottery readings from excavation: 1985-2016,"OCHRE link: <a href=""https://pi.lib.uchicago.edu/1001/org/ochre/00104d6e-2d63-09b6-ba89-bb20701b57c0"">https://pi.lib.uchicago.edu/1001/org/ochre/00104d6e-2d63-09b6-ba89-bb20701b57c0</a>"
02.025 Pottery Readings 001 (L).pdf,Pottery Readings: Dataset 1,Pottery readings from excavation: 1985-2016,"OCHRE link: <a href=""https://pi.lib.uchicago.edu/1001/org/ochre/c9016bc6-0386-2be0-31d8-cbdd1aaad97e"">https://pi.lib.uchicago.edu/1001/org/ochre/c9016bc6-0386-2be0-31d8-cbdd1aaad97e</a>"
02.025 Pottery Readings 002 (L).pdf,Pottery Readings: Dataset 1,Pottery readings from excavation: 1985-2016,"OCHRE link: <a href=""https://pi.lib.uchicago.edu/1001/org/ochre/e8439140-e868-9c87-cbd5-bd844a7da551"">https://pi.lib.uchicago.edu/1001/org/ochre/e8439140-e868-9c87-cbd5-bd844a7da551</a>"
02.025 Pottery Readings 007 (L).pdf,Pottery Readings: Dataset 1,Pottery readings from excavation: 1985-2016,"OCHRE link: <a href=""https://pi.lib.uchicago.edu/1001/org/ochre/acc61ea0-5305-d90d-6985-a993c89f847e"">https://pi.lib.uchicago.edu/1001/org/ochre/acc61ea0-5305-d90d-6985-a993c89f847e</a>"
02.025 Pottery Readings 008 (L).pdf,Pottery Readings: Dataset 1,Pottery readings from excavation: 1985-2016,"OCHRE link: <a href=""https://pi.lib.uchicago.edu/1001/org/ochre/dba65227-6932-071c-cb9f-ae662d5138af"">https://pi.lib.uchicago.edu/1001/org/ochre/dba65227-6932-071c-cb9f-ae662d5138af</a>"
02.025 Pottery Readings 013 (F).pdf,Pottery Readings: Dataset 1,Pottery readings from excavation: 1985-2016,"OCHRE link: <a href=""https://pi.lib.uchicago.edu/1001/org/ochre/64803276-933f-0e5e-0af4-a480eed754b0"">https://pi.lib.uchicago.edu/1001/org/ochre/64803276-933f-0e5e-0af4-a480eed754b0</a>"
02.025 Pottery Readings 013 (L).pdf,Pottery Readings: Dataset 1,Pottery readings from excavation: 1985-2016,"OCHRE link: <a href=""https://pi.lib.uchicago.edu/1001/org/ochre/38ebd80c-6538-0aa5-e1ce-8c5054ad84d6"">https://pi.lib.uchicago.edu/1001/org/ochre/38ebd80c-6538-0aa5-e1ce-8c5054ad84d6</a>"
02.025 Pottery Readings 014 (F).pdf,Pottery Readings: Dataset 1,Pottery readings from excavation: 1985-2016,"OCHRE link: <a href=""https://pi.lib.uchicago.edu/1001/org/ochre/7b7005b2-ea9f-b9f1-bac2-1b70aed27bb2"">https://pi.lib.uchicago.edu/1001/org/ochre/7b7005b2-ea9f-b9f1-bac2-1b70aed27bb2</a>"
02.025 Pottery Readings 014 (L).pdf,Pottery Readings: Dataset 1,Pottery readings from excavation: 1985-2016,"OCHRE link: <a href=""https://pi.lib.uchicago.edu/1001/org/ochre/e1eaeba5-b71a-8e6e-b4e0-473287897791"">https://pi.lib.uchicago.edu/1001/org/ochre/e1eaeba5-b71a-8e6e-b4e0-473287897791</a>"
02.025 Pottery Readings 017 (L).pdf,Pottery Readings: Dataset 1,Pottery readings from excavation: 1985-2016,"OCHRE link: <a href=""https://pi.lib.uchicago.edu/1001/org/ochre/8e028f42-5d0e-daa4-93ab-89844693cb95"">https://pi.lib.uchicago.edu/1001/org/ochre/8e028f42-5d0e-daa4-93ab-89844693cb95</a>"
02.025 Pottery Readings 022 (L).pdf,Pottery Readings: Dataset 1,Pottery readings from excavation: 1985-2016,"OCHRE link: <a href=""https://pi.lib.uchicago.edu/1001/org/ochre/58b9b0b9-859e-9183-0220-04acd62665b4"">https://pi.lib.uchicago.edu/1001/org/ochre/58b9b0b9-859e-9183-0220-04acd62665b4</a>"
02.025 Pottery Readings 023 (F).pdf,Pottery Readings: Dataset 1,Pottery readings from excavation: 1985-2016,"OCHRE link: <a href=""https://pi.lib.uchicago.edu/1001/org/ochre/42b3a9e2-8a7f-bc6c-f4a3-628f000ea959"">https://pi.lib.uchicago.edu/1001/org/ochre/42b3a9e2-8a7f-bc6c-f4a3-628f000ea959</a>"
02.025 Pottery Readings 026 (F).pdf,Pottery Readings: Dataset 1,Pottery readings from excavation: 1985-2016,"OCHRE link: <a href=""https://pi.lib.uchicago.edu/1001/org/ochre/37dff27d-5f40-cb3e-3fee-ecef58089740"">https://pi.lib.uchicago.edu/1001/org/ochre/37dff27d-5f40-cb3e-3fee-ecef58089740</a>"
02.025 Pottery Readings 026 (L).pdf,Pottery Readings: Dataset 1,Pottery readings from excavation: 1985-2016,"OCHRE link: <a href=""https://pi.lib.uchicago.edu/1001/org/ochre/7bcb01ad-cc20-9f7a-e9e4-bf81204c8ee6"">https://pi.lib.uchicago.edu/1001/org/ochre/7bcb01ad-cc20-9f7a-e9e4-bf81204c8ee6</a>"
02.025 Pottery Readings 027 (L).pdf,Pottery Readings: Dataset 1,Pottery readings from excavation: 1985-2016,"OCHRE link: <a href=""https://pi.lib.uchicago.edu/1001/org/ochre/785c460d-5ff9-a995-89df-ff462d66bfc4"">https://pi.lib.uchicago.edu/1001/org/ochre/785c460d-5ff9-a995-89df-ff462d66bfc4</a>"
02.025 Pottery Readings 028 (L).pdf,Pottery Readings: Dataset 1,Pottery readings from excavation: 1985-2016,"OCHRE link: <a href=""https://pi.lib.uchicago.edu/1001/org/ochre/44a24a68-71fb-8116-ec14-a0d6cede2716"">https://pi.lib.uchicago.edu/1001/org/ochre/44a24a68-71fb-8116-ec14-a0d6cede2716</a>"
02.025 Pottery Readings 029 (L).pdf,Pottery Readings: Dataset 1,Pottery readings from excavation: 1985-2016,"OCHRE link: <a href=""https://pi.lib.uchicago.edu/1001/org/ochre/1d9c0bbf-cf82-b86e-5c28-590257a80c02"">https://pi.lib.uchicago.edu/1001/org/ochre/1d9c0bbf-cf82-b86e-5c28-590257a80c02</a>"
02.025 Pottery Readings 030 (L).pdf,Pottery Readings: Dataset 1,Pottery readings from excavation: 1985-2016,"OCHRE link: <a href=""https://pi.lib.uchicago.edu/1001/org/ochre/425736ff-fc01-1385-910a-73456af33bf0"">https://pi.lib.uchicago.edu/1001/org/ochre/425736ff-fc01-1385-910a-73456af33bf0</a>"
02.025 Pottery Readings 033 (L).pdf,Pottery Readings: Dataset 1,Pottery readings from excavation: 1985-2016,"OCHRE link: <a href=""https://pi.lib.uchicago.edu/1001/org/ochre/84646ab4-a8ec-47a4-b8a5-4513ac986c69"">https://pi.lib.uchicago.edu/1001/org/ochre/84646ab4-a8ec-47a4-b8a5-4513ac986c69</a>"
02.025 Pottery Readings 037 (L).pdf,Pottery Readings: Dataset 1,Pottery readings from excavation: 1985-2016,"OCHRE link: <a href=""https://pi.lib.uchicago.edu/1001/org/ochre/6d9d549c-2c4a-7658-340d-96d7af516e85"">https://pi.lib.uchicago.edu/1001/org/ochre/6d9d549c-2c4a-7658-340d-96d7af516e85</a>"
02.025 Pottery Readings 043 (L).pdf,Pottery Readings: Dataset 1,Pottery readings from excavation: 1985-2016,"OCHRE link: <a href=""https://pi.lib.uchicago.edu/1001/org/ochre/2e59dfd7-e755-1990-3265-b2ee005394da"">https://pi.lib.uchicago.edu/1001/org/ochre/2e59dfd7-e755-1990-3265-b2ee005394da</a>"
02.025 Pottery Readings 048 (L).pdf,Pottery Readings: Dataset 1,Pottery readings from excavation: 1985-2016,"OCHRE link: <a href=""https://pi.lib.uchicago.edu/1001/org/ochre/e011156c-9bac-705c-66df-7bd73aec1c39"">https://pi.lib.uchicago.edu/1001/org/ochre/e011156c-9bac-705c-66df-7bd73aec1c39</a>"
02.025 Pottery Readings 053 (L).pdf,Pottery Readings: Dataset 1,Pottery readings from excavation: 1985-2016,"OCHRE link: <a href=""https://pi.lib.uchicago.edu/1001/org/ochre/28349bf0-1c59-a2cd-b26d-7b3220f235df"">https://pi.lib.uchicago.edu/1001/org/ochre/28349bf0-1c59-a2cd-b26d-7b3220f235df</a>"
02.025 Pottery Readings 054 (L).pdf,Pottery Readings: Dataset 1,Pottery readings from excavation: 1985-2016,"OCHRE link: <a href=""https://pi.lib.uchicago.edu/1001/org/ochre/fbe835a1-717a-380a-24dd-483d9fba877b"">https://pi.lib.uchicago.edu/1001/org/ochre/fbe835a1-717a-380a-24dd-483d9fba877b</a>"
02.025 Pottery Readings 055 (L).pdf,Pottery Readings: Dataset 1,Pottery readings from excavation: 1985-2016,"OCHRE link: <a href=""https://pi.lib.uchicago.edu/1001/org/ochre/a418ee56-36f4-ef01-4f2f-a4e5b9993762"">https://pi.lib.uchicago.edu/1001/org/ochre/a418ee56-36f4-ef01-4f2f-a4e5b9993762</a>"
02.025 Pottery Readings 056 (L).pdf,Pottery Readings: Dataset 1,Pottery readings from excavation: 1985-2016,"OCHRE link: <a href=""https://pi.lib.uchicago.edu/1001/org/ochre/96b8f5e3-b7bf-120d-c65b-b9a218632f44"">https://pi.lib.uchicago.edu/1001/org/ochre/96b8f5e3-b7bf-120d-c65b-b9a218632f44</a>"
02.025 Pottery Readings 057 (L).pdf,Pottery Readings: Dataset 1,Pottery readings from excavation: 1985-2016,"OCHRE link: <a href=""https://pi.lib.uchicago.edu/1001/org/ochre/1bffc5ad-872f-f32e-5fd9-9aaaa03bd663"">https://pi.lib.uchicago.edu/1001/org/ochre/1bffc5ad-872f-f32e-5fd9-9aaaa03bd663</a>"
02.025 Pottery Readings 059 (L).pdf,Pottery Readings: Dataset 1,Pottery readings from excavation: 1985-2016,"OCHRE link: <a href=""https://pi.lib.uchicago.edu/1001/org/ochre/235c0abc-a26e-77c4-3108-16ea4b023e3c"">https://pi.lib.uchicago.edu/1001/org/ochre/235c0abc-a26e-77c4-3108-16ea4b023e3c</a>"
02.025 Pottery Readings 062 (L).pdf,Pottery Readings: Dataset 1,Pottery readings from excavation: 1985-2016,"OCHRE link: <a href=""https://pi.lib.uchicago.edu/1001/org/ochre/02f2aeca-6e29-0588-8d8f-8c802374130b"">https://pi.lib.uchicago.edu/1001/org/ochre/02f2aeca-6e29-0588-8d8f-8c802374130b</a>"
02.025 Pottery Readings 063 (L).pdf,Pottery Readings: Dataset 1,Pottery readings from excavation: 1985-2016,"OCHRE link: <a href=""https://pi.lib.uchicago.edu/1001/org/ochre/45d4614d-13b5-9a45-5809-96e23fd116bb"">https://pi.lib.uchicago.edu/1001/org/ochre/45d4614d-13b5-9a45-5809-96e23fd116bb</a>"
02.025 Pottery Readings 064 (L).pdf,Pottery Readings: Dataset 1,Pottery readings from excavation: 1985-2016,"OCHRE link: <a href=""https://pi.lib.uchicago.edu/1001/org/ochre/077b46e9-708f-7060-9615-4773e61a66e3"">https://pi.lib.uchicago.edu/1001/org/ochre/077b46e9-708f-7060-9615-4773e61a66e3</a>"
02.025 Pottery Readings 066 (L).pdf,Pottery Readings: Dataset 1,Pottery readings from excavation: 1985-2016,"OCHRE link: <a href=""https://pi.lib.uchicago.edu/1001/org/ochre/ae06b705-ca87-b7ac-3af7-0395028b757f"">https://pi.lib.uchicago.edu/1001/org/ochre/ae06b705-ca87-b7ac-3af7-0395028b757f</a>"
02.033 Pottery Readings 001 (L).pdf,Pottery Readings: Dataset 1,Pottery readings from excavation: 1985-2016,"OCHRE link: <a href=""https://pi.lib.uchicago.edu/1001/org/ochre/67fc685c-0d3a-d80e-520a-465f75436a5f"">https://pi.lib.uchicago.edu/1001/org/ochre/67fc685c-0d3a-d80e-520a-465f75436a5f</a>"
02.033 Pottery Readings 002 (L).pdf,Pottery Readings: Dataset 1,Pottery readings from excavation: 1985-2016,"OCHRE link: <a href=""https://pi.lib.uchicago.edu/1001/org/ochre/67f5892c-43e4-5572-4007-cc3bd800edc8"">https://pi.lib.uchicago.edu/1001/org/ochre/67f5892c-43e4-5572-4007-cc3bd800edc8</a>"
02.033 Pottery Readings 003 (L).pdf,Pottery Readings: Dataset 1,Pottery readings from excavation: 1985-2016,"OCHRE link: <a href=""https://pi.lib.uchicago.edu/1001/org/ochre/e99fe292-1251-4393-4484-af1c62751f68"">https://pi.lib.uchicago.edu/1001/org/ochre/e99fe292-1251-4393-4484-af1c62751f68</a>"
02.033 Pottery Readings 004 (L).pdf,Pottery Readings: Dataset 1,Pottery readings from excavation: 1985-2016,"OCHRE link: <a href=""https://pi.lib.uchicago.edu/1001/org/ochre/4ddeb59d-83e1-9985-2422-ca15387d69df"">https://pi.lib.uchicago.edu/1001/org/ochre/4ddeb59d-83e1-9985-2422-ca15387d69df</a>"
02.033 Pottery Readings 005 (F).pdf,Pottery Readings: Dataset 1,Pottery readings from excavation: 1985-2016,"OCHRE link: <a href=""https://pi.lib.uchicago.edu/1001/org/ochre/eedd9992-5faa-6b80-259f-18af8d6d24a2"">https://pi.lib.uchicago.edu/1001/org/ochre/eedd9992-5faa-6b80-259f-18af8d6d24a2</a>"
02.033 Pottery Readings 008 (L).pdf,Pottery Readings: Dataset 1,Pottery readings from excavation: 1985-2016,"OCHRE link: <a href=""https://pi.lib.uchicago.edu/1001/org/ochre/0e6e4c7b-eb6e-6903-01f2-0a3f3c4a1f3b"">https://pi.lib.uchicago.edu/1001/org/ochre/0e6e4c7b-eb6e-6903-01f2-0a3f3c4a1f3b</a>"
02.033 Pottery Readings 009 (L).pdf,Pottery Readings: Dataset 1,Pottery readings from excavation: 1985-2016,"OCHRE link: <a href=""https://pi.lib.uchicago.edu/1001/org/ochre/d803744d-450a-146a-74bd-3952c4b04199"">https://pi.lib.uchicago.edu/1001/org/ochre/d803744d-450a-146a-74bd-3952c4b04199</a>"
02.034 Pottery Readings 001 (L).pdf,Pottery Readings: Dataset 1,Pottery readings from excavation: 1985-2016,"OCHRE link: <a href=""https://pi.lib.uchicago.edu/1001/org/ochre/78457db9-fdb0-c184-0327-1de23f27f70f"">https://pi.lib.uchicago.edu/1001/org/ochre/78457db9-fdb0-c184-0327-1de23f27f70f</a>"
02.034 Pottery Readings 009 (L).pdf,Pottery Readings: Dataset 1,Pottery readings from excavation: 1985-2016,"OCHRE link: <a href=""https://pi.lib.uchicago.edu/1001/org/ochre/cc862970-483f-17ee-e28d-ee6e15c80721"">https://pi.lib.uchicago.edu/1001/org/ochre/cc862970-483f-17ee-e28d-ee6e15c80721</a>"
02.034 Pottery Readings 011 (L).pdf,Pottery Readings: Dataset 1,Pottery readings from excavation: 1985-2016,"OCHRE link: <a href=""https://pi.lib.uchicago.edu/1001/org/ochre/9f59c28e-d73c-a8af-b247-8d828c7abaf2"">https://pi.lib.uchicago.edu/1001/org/ochre/9f59c28e-d73c-a8af-b247-8d828c7abaf2</a>"
02.038 Pottery Readings 002 (L).pdf,Pottery Readings: Dataset 1,Pottery readings from excavation: 1985-2016,"OCHRE link: <a href=""https://pi.lib.uchicago.edu/1001/org/ochre/322a26dd-4559-cc97-acca-d1770f50a073"">https://pi.lib.uchicago.edu/1001/org/ochre/322a26dd-4559-cc97-acca-d1770f50a073</a>"
02.044 Pottery Readings 300 (L).pdf,Pottery Readings: Dataset 1,Pottery readings from excavation: 1985-2016,"OCHRE link: <a href=""https://pi.lib.uchicago.edu/1001/org/ochre/6b3c9b2b-e508-d644-ab9e-5a7d38782581"">https://pi.lib.uchicago.edu/1001/org/ochre/6b3c9b2b-e508-d644-ab9e-5a7d38782581</a>"
02.045 Pottery Readings 010 (L).pdf,Pottery Readings: Dataset 1,Pottery readings from excavation: 1985-2016,"OCHRE link: <a href=""https://pi.lib.uchicago.edu/1001/org/ochre/35bc8182-f276-c165-7e8f-affe403a9b44"">https://pi.lib.uchicago.edu/1001/org/ochre/35bc8182-f276-c165-7e8f-affe403a9b44</a>"
02.045 Pottery Readings 033 (F).pdf,Pottery Readings: Dataset 1,Pottery readings from excavation: 1985-2016,"OCHRE link: <a href=""https://pi.lib.uchicago.edu/1001/org/ochre/2d9b3e07-a077-3ef7-e262-6b2be719efeb"">https://pi.lib.uchicago.edu/1001/org/ochre/2d9b3e07-a077-3ef7-e262-6b2be719efeb</a>"
02.045 Pottery Readings 300 (L).pdf,Pottery Readings: Dataset 1,Pottery readings from excavation: 1985-2016,"OCHRE link: <a href=""https://pi.lib.uchicago.edu/1001/org/ochre/5491fc03-4572-41e1-8b83-7a6113f6f356"">https://pi.lib.uchicago.edu/1001/org/ochre/5491fc03-4572-41e1-8b83-7a6113f6f356</a>"
02.045 Pottery Readings 301 (L).pdf,Pottery Readings: Dataset 1,Pottery readings from excavation: 1985-2016,"OCHRE link: <a href=""https://pi.lib.uchicago.edu/1001/org/ochre/ccaaa713-320e-db25-efeb-058f5bad8d81"">https://pi.lib.uchicago.edu/1001/org/ochre/ccaaa713-320e-db25-efeb-058f5bad8d81</a>"
02.045 Pottery Readings 302 (L).pdf,Pottery Readings: Dataset 1,Pottery readings from excavation: 1985-2016,"OCHRE link: <a href=""https://pi.lib.uchicago.edu/1001/org/ochre/3c4752ec-7e7f-4272-cb96-d85cfb3b384c"">https://pi.lib.uchicago.edu/1001/org/ochre/3c4752ec-7e7f-4272-cb96-d85cfb3b384c</a>"
02.045 Pottery Readings 304 (L).pdf,Pottery Readings: Dataset 1,Pottery readings from excavation: 1985-2016,"OCHRE link: <a href=""https://pi.lib.uchicago.edu/1001/org/ochre/fa9fc562-5573-8bda-a5af-0f05ad566ba6"">https://pi.lib.uchicago.edu/1001/org/ochre/fa9fc562-5573-8bda-a5af-0f05ad566ba6</a>"
02.046 Pottery Readings 300 (L).pdf,Pottery Readings: Dataset 1,Pottery readings from excavation: 1985-2016,"OCHRE link: <a href=""https://pi.lib.uchicago.edu/1001/org/ochre/82437ac2-21d1-6c23-f813-a94fce97553c"">https://pi.lib.uchicago.edu/1001/org/ochre/82437ac2-21d1-6c23-f813-a94fce97553c</a>"
02.052 Pottery Readings 005 (L).pdf,Pottery Readings: Dataset 1,Pottery readings from excavation: 1985-2016,"OCHRE link: <a href=""https://pi.lib.uchicago.edu/1001/org/ochre/f13973c1-71b9-9f58-256f-0f64d4224fad"">https://pi.lib.uchicago.edu/1001/org/ochre/f13973c1-71b9-9f58-256f-0f64d4224fad</a>"
02.052 Pottery Readings 007 (L).pdf,Pottery Readings: Dataset 1,Pottery readings from excavation: 1985-2016,"OCHRE link: <a href=""https://pi.lib.uchicago.edu/1001/org/ochre/564825af-9218-ddf1-09d5-153bddfeff77"">https://pi.lib.uchicago.edu/1001/org/ochre/564825af-9218-ddf1-09d5-153bddfeff77</a>"
02.052 Pottery Readings 008 (L).pdf,Pottery Readings: Dataset 1,Pottery readings from excavation: 1985-2016,"OCHRE link: <a href=""https://pi.lib.uchicago.edu/1001/org/ochre/d5e5c1d3-58ea-e400-5fd2-c2d1f194c2c7"">https://pi.lib.uchicago.edu/1001/org/ochre/d5e5c1d3-58ea-e400-5fd2-c2d1f194c2c7</a>"
02.052 Pottery Readings 032 (L).pdf,Pottery Readings: Dataset 1,Pottery readings from excavation: 1985-2016,"OCHRE link: <a href=""https://pi.lib.uchicago.edu/1001/org/ochre/f904d7bb-bc02-b911-4e1b-7e2390cf4c15"">https://pi.lib.uchicago.edu/1001/org/ochre/f904d7bb-bc02-b911-4e1b-7e2390cf4c15</a>"
02.053 Pottery Readings 005 (L).pdf,Pottery Readings: Dataset 1,Pottery readings from excavation: 1985-2016,"OCHRE link: <a href=""https://pi.lib.uchicago.edu/1001/org/ochre/a8f73549-b4a0-8342-5634-d8ac805ceb85"">https://pi.lib.uchicago.edu/1001/org/ochre/a8f73549-b4a0-8342-5634-d8ac805ceb85</a>"
02.053 Pottery Readings 006 (L).pdf,Pottery Readings: Dataset 1,Pottery readings from excavation: 1985-2016,"OCHRE link: <a href=""https://pi.lib.uchicago.edu/1001/org/ochre/abd97e5b-60a0-47f8-6637-ea9cae7ee7a6"">https://pi.lib.uchicago.edu/1001/org/ochre/abd97e5b-60a0-47f8-6637-ea9cae7ee7a6</a>"
02.053 Pottery Readings 009 (L).pdf,Pottery Readings: Dataset 1,Pottery readings from excavation: 1985-2016,"OCHRE link: <a href=""https://pi.lib.uchicago.edu/1001/org/ochre/c2eb1727-d0a9-8501-72a2-e05bbc48ada2"">https://pi.lib.uchicago.edu/1001/org/ochre/c2eb1727-d0a9-8501-72a2-e05bbc48ada2</a>"
02.053 Pottery Readings 032 (L).pdf,Pottery Readings: Dataset 1,Pottery readings from excavation: 1985-2016,"OCHRE link: <a href=""https://pi.lib.uchicago.edu/1001/org/ochre/0913424a-2d21-8ae3-22be-454eb35b4b6c"">https://pi.lib.uchicago.edu/1001/org/ochre/0913424a-2d21-8ae3-22be-454eb35b4b6c</a>"
02.055 Pottery Readings 007 (L).pdf,Pottery Readings: Dataset 1,Pottery readings from excavation: 1985-2016,"OCHRE link: <a href=""https://pi.lib.uchicago.edu/1001/org/ochre/76516017-ce8e-e1d3-8b51-f3b57fea072f"">https://pi.lib.uchicago.edu/1001/org/ochre/76516017-ce8e-e1d3-8b51-f3b57fea072f</a>"
02.055 Pottery Readings 008 (L).pdf,Pottery Readings: Dataset 1,Pottery readings from excavation: 1985-2016,"OCHRE link: <a href=""https://pi.lib.uchicago.edu/1001/org/ochre/342d1ddd-2b08-0181-d382-717c79a5dd43"">https://pi.lib.uchicago.edu/1001/org/ochre/342d1ddd-2b08-0181-d382-717c79a5dd43</a>"
02.055 Pottery Readings 168 (L).pdf,Pottery Readings: Dataset 1,Pottery readings from excavation: 1985-2016,"OCHRE link: <a href=""https://pi.lib.uchicago.edu/1001/org/ochre/2267de3b-c86a-e4c9-a858-dae4ef2c1d8a"">https://pi.lib.uchicago.edu/1001/org/ochre/2267de3b-c86a-e4c9-a858-dae4ef2c1d8a</a>"
02.055 Pottery Readings 176 (L).pdf,Pottery Readings: Dataset 1,Pottery readings from excavation: 1985-2016,"OCHRE link: <a href=""https://pi.lib.uchicago.edu/1001/org/ochre/e52b30fd-4fbf-b87f-51d0-dac3901c7241"">https://pi.lib.uchicago.edu/1001/org/ochre/e52b30fd-4fbf-b87f-51d0-dac3901c7241</a>"
02.055 Pottery Readings 300 (L).pdf,Pottery Readings: Dataset 1,Pottery readings from excavation: 1985-2016,"OCHRE link: <a href=""https://pi.lib.uchicago.edu/1001/org/ochre/b7f018d9-0d6e-ce62-a8c9-2e2b52922bd0"">https://pi.lib.uchicago.edu/1001/org/ochre/b7f018d9-0d6e-ce62-a8c9-2e2b52922bd0</a>"
02.055 Pottery Readings 301 (L).pdf,Pottery Readings: Dataset 1,Pottery readings from excavation: 1985-2016,"OCHRE link: <a href=""https://pi.lib.uchicago.edu/1001/org/ochre/32239eed-5243-d134-26e8-7c5da6d46955"">https://pi.lib.uchicago.edu/1001/org/ochre/32239eed-5243-d134-26e8-7c5da6d46955</a>"
02.055 Pottery Readings 302 (L).pdf,Pottery Readings: Dataset 1,Pottery readings from excavation: 1985-2016,"OCHRE link: <a href=""https://pi.lib.uchicago.edu/1001/org/ochre/4f87b709-46e4-803b-e46d-f8158fac36af"">https://pi.lib.uchicago.edu/1001/org/ochre/4f87b709-46e4-803b-e46d-f8158fac36af</a>"
02.055 Pottery Readings 303 (L).pdf,Pottery Readings: Dataset 1,Pottery readings from excavation: 1985-2016,"OCHRE link: <a href=""https://pi.lib.uchicago.edu/1001/org/ochre/886f1c40-accf-01f6-e7fc-28f45d0c6d6b"">https://pi.lib.uchicago.edu/1001/org/ochre/886f1c40-accf-01f6-e7fc-28f45d0c6d6b</a>"
02.055 Pottery Readings 304 (L).pdf,Pottery Readings: Dataset 1,Pottery readings from excavation: 1985-2016,"OCHRE link: <a href=""https://pi.lib.uchicago.edu/1001/org/ochre/7862d07e-03d0-c3b1-5cd4-bee29892636b"">https://pi.lib.uchicago.edu/1001/org/ochre/7862d07e-03d0-c3b1-5cd4-bee29892636b</a>"
02.055 Pottery Readings 307 (L).pdf,Pottery Readings: Dataset 1,Pottery readings from excavation: 1985-2016,"OCHRE link: <a href=""https://pi.lib.uchicago.edu/1001/org/ochre/fc0d2a2c-9e65-89ff-b599-adfef9391616"">https://pi.lib.uchicago.edu/1001/org/ochre/fc0d2a2c-9e65-89ff-b599-adfef9391616</a>"
02.055 Pottery Readings 309 (L).pdf,Pottery Readings: Dataset 1,Pottery readings from excavation: 1985-2016,"OCHRE link: <a href=""https://pi.lib.uchicago.edu/1001/org/ochre/a4e2e01c-f003-bace-bd0b-9c74695ad725"">https://pi.lib.uchicago.edu/1001/org/ochre/a4e2e01c-f003-bace-bd0b-9c74695ad725</a>"
02.055 Pottery Readings 311 (L).pdf,Pottery Readings: Dataset 1,Pottery readings from excavation: 1985-2016,"OCHRE link: <a href=""https://pi.lib.uchicago.edu/1001/org/ochre/0a77c576-44c1-edcc-453e-1e0f5a9053b4"">https://pi.lib.uchicago.edu/1001/org/ochre/0a77c576-44c1-edcc-453e-1e0f5a9053b4</a>"
02.056 Pottery Readings 001 (L).pdf,Pottery Readings: Dataset 1,Pottery readings from excavation: 1985-2016,"OCHRE link: <a href=""https://pi.lib.uchicago.edu/1001/org/ochre/5b50b706-eac4-6b11-cfd5-92b7535e626f"">https://pi.lib.uchicago.edu/1001/org/ochre/5b50b706-eac4-6b11-cfd5-92b7535e626f</a>"
02.056 Pottery Readings 002 (L).pdf,Pottery Readings: Dataset 1,Pottery readings from excavation: 1985-2016,"OCHRE link: <a href=""https://pi.lib.uchicago.edu/1001/org/ochre/49903967-4a8b-8c2e-fa9b-afa688a94b2e"">https://pi.lib.uchicago.edu/1001/org/ochre/49903967-4a8b-8c2e-fa9b-afa688a94b2e</a>"
02.056 Pottery Readings 003 (L).pdf,Pottery Readings: Dataset 1,Pottery readings from excavation: 1985-2016,"OCHRE link: <a href=""https://pi.lib.uchicago.edu/1001/org/ochre/e56558c9-ff18-9652-0255-ff553c240f6b"">https://pi.lib.uchicago.edu/1001/org/ochre/e56558c9-ff18-9652-0255-ff553c240f6b</a>"
02.056 Pottery Readings 004 (L).pdf,Pottery Readings: Dataset 1,Pottery readings from excavation: 1985-2016,"OCHRE link: <a href=""https://pi.lib.uchicago.edu/1001/org/ochre/89a6991a-e3c2-4d62-824f-a95f6d3f2dd7"">https://pi.lib.uchicago.edu/1001/org/ochre/89a6991a-e3c2-4d62-824f-a95f6d3f2dd7</a>"
02.056 Pottery Readings 007 (L).pdf,Pottery Readings: Dataset 1,Pottery readings from excavation: 1985-2016,"OCHRE link: <a href=""https://pi.lib.uchicago.edu/1001/org/ochre/db2c89fd-7b1b-badb-ff45-664539d930f1"">https://pi.lib.uchicago.edu/1001/org/ochre/db2c89fd-7b1b-badb-ff45-664539d930f1</a>"
02.056 Pottery Readings 008 (L).pdf,Pottery Readings: Dataset 1,Pottery readings from excavation: 1985-2016,"OCHRE link: <a href=""https://pi.lib.uchicago.edu/1001/org/ochre/fa945daa-6513-e582-3268-e7c0b0deac74"">https://pi.lib.uchicago.edu/1001/org/ochre/fa945daa-6513-e582-3268-e7c0b0deac74</a>"
02.056 Pottery Readings 009 (L).pdf,Pottery Readings: Dataset 1,Pottery readings from excavation: 1985-2016,"OCHRE link: <a href=""https://pi.lib.uchicago.edu/1001/org/ochre/7b842de9-69ce-e5d9-481d-def595989206"">https://pi.lib.uchicago.edu/1001/org/ochre/7b842de9-69ce-e5d9-481d-def595989206</a>"
02.056 Pottery Readings 010 (L).pdf,Pottery Readings: Dataset 1,Pottery readings from excavation: 1985-2016,"OCHRE link: <a href=""https://pi.lib.uchicago.edu/1001/org/ochre/a52c648b-240a-78c3-a941-715ff2135d45"">https://pi.lib.uchicago.edu/1001/org/ochre/a52c648b-240a-78c3-a941-715ff2135d45</a>"
02.056 Pottery Readings 013 (L).pdf,Pottery Readings: Dataset 1,Pottery readings from excavation: 1985-2016,"OCHRE link: <a href=""https://pi.lib.uchicago.edu/1001/org/ochre/f6c7f243-43cd-29dd-6103-1c0ead045ce3"">https://pi.lib.uchicago.edu/1001/org/ochre/f6c7f243-43cd-29dd-6103-1c0ead045ce3</a>"
02.056 Pottery Readings 014 (L).pdf,Pottery Readings: Dataset 1,Pottery readings from excavation: 1985-2016,"OCHRE link: <a href=""https://pi.lib.uchicago.edu/1001/org/ochre/220f3d5d-0012-c193-5de8-cf8a4c09b0a3"">https://pi.lib.uchicago.edu/1001/org/ochre/220f3d5d-0012-c193-5de8-cf8a4c09b0a3</a>"
02.056 Pottery Readings 016 (L).pdf,Pottery Readings: Dataset 1,Pottery readings from excavation: 1985-2016,"OCHRE link: <a href=""https://pi.lib.uchicago.edu/1001/org/ochre/f5eba8ab-faf3-1f5b-1c59-a3793c58e733"">https://pi.lib.uchicago.edu/1001/org/ochre/f5eba8ab-faf3-1f5b-1c59-a3793c58e733</a>"
02.056 Pottery Readings 017 (L).pdf,Pottery Readings: Dataset 1,Pottery readings from excavation: 1985-2016,"OCHRE link: <a href=""https://pi.lib.uchicago.edu/1001/org/ochre/7ff83739-c7c8-7731-19be-3c7baa258ae8"">https://pi.lib.uchicago.edu/1001/org/ochre/7ff83739-c7c8-7731-19be-3c7baa258ae8</a>"
02.056 Pottery Readings 019 (LF).pdf,Pottery Readings: Dataset 1,Pottery readings from excavation: 1985-2016,"OCHRE link: <a href=""https://pi.lib.uchicago.edu/1001/org/ochre/5f567eb7-e74a-43bf-2bf6-150a4594506b"">https://pi.lib.uchicago.edu/1001/org/ochre/5f567eb7-e74a-43bf-2bf6-150a4594506b</a>"
02.056 Pottery Readings 020 (L).pdf,Pottery Readings: Dataset 1,Pottery readings from excavation: 1985-2016,"OCHRE link: <a href=""https://pi.lib.uchicago.edu/1001/org/ochre/2c6fb415-5ad1-ade6-6374-b93daf0f87ff"">https://pi.lib.uchicago.edu/1001/org/ochre/2c6fb415-5ad1-ade6-6374-b93daf0f87ff</a>"
02.056 Pottery Readings 026 (L).pdf,Pottery Readings: Dataset 1,Pottery readings from excavation: 1985-2016,"OCHRE link: <a href=""https://pi.lib.uchicago.edu/1001/org/ochre/a362d5dd-20a8-33f8-dc53-5704deb0720d"">https://pi.lib.uchicago.edu/1001/org/ochre/a362d5dd-20a8-33f8-dc53-5704deb0720d</a>"
02.056 Pottery Readings 027 (L).pdf,Pottery Readings: Dataset 1,Pottery readings from excavation: 1985-2016,"OCHRE link: <a href=""https://pi.lib.uchicago.edu/1001/org/ochre/91e8dbe4-8afc-3a75-edd5-e4f72a571b5a"">https://pi.lib.uchicago.edu/1001/org/ochre/91e8dbe4-8afc-3a75-edd5-e4f72a571b5a</a>"
02.056 Pottery Readings 028 (L).pdf,Pottery Readings: Dataset 1,Pottery readings from excavation: 1985-2016,"OCHRE link: <a href=""https://pi.lib.uchicago.edu/1001/org/ochre/817b51be-c9d1-03fe-9c73-522b65e49ff7"">https://pi.lib.uchicago.edu/1001/org/ochre/817b51be-c9d1-03fe-9c73-522b65e49ff7</a>"
02.056 Pottery Readings 031 (L).pdf,Pottery Readings: Dataset 1,Pottery readings from excavation: 1985-2016,"OCHRE link: <a href=""https://pi.lib.uchicago.edu/1001/org/ochre/b8f8405b-9bc1-380c-8114-bf77a663e369"">https://pi.lib.uchicago.edu/1001/org/ochre/b8f8405b-9bc1-380c-8114-bf77a663e369</a>"
02.056 Pottery Readings 067 (F).pdf,Pottery Readings: Dataset 1,Pottery readings from excavation: 1985-2016,"OCHRE link: <a href=""https://pi.lib.uchicago.edu/1001/org/ochre/2e646ad7-082a-4169-b318-59a7a8655b64"">https://pi.lib.uchicago.edu/1001/org/ochre/2e646ad7-082a-4169-b318-59a7a8655b64</a>"
02.056 Pottery Readings 117 (L).pdf,Pottery Readings: Dataset 1,Pottery readings from excavation: 1985-2016,"OCHRE link: <a href=""https://pi.lib.uchicago.edu/1001/org/ochre/18ae300d-f9f5-cf4e-7ad0-fc737a6981b6"">https://pi.lib.uchicago.edu/1001/org/ochre/18ae300d-f9f5-cf4e-7ad0-fc737a6981b6</a>"
02.056 Pottery Readings 168 (L).pdf,Pottery Readings: Dataset 1,Pottery readings from excavation: 1985-2016,"OCHRE link: <a href=""https://pi.lib.uchicago.edu/1001/org/ochre/1feecc84-3095-3104-efa0-a75f0093dd0f"">https://pi.lib.uchicago.edu/1001/org/ochre/1feecc84-3095-3104-efa0-a75f0093dd0f</a>"
02.056 Pottery Readings 193 (L).pdf,Pottery Readings: Dataset 1,Pottery readings from excavation: 1985-2016,"OCHRE link: <a href=""https://pi.lib.uchicago.edu/1001/org/ochre/3e78bcef-4b83-05df-f04a-9c37edfd44e3"">https://pi.lib.uchicago.edu/1001/org/ochre/3e78bcef-4b83-05df-f04a-9c37edfd44e3</a>"
02.056 Pottery Readings 239 (LF).pdf,Pottery Readings: Dataset 1,Pottery readings from excavation: 1985-2016,"OCHRE link: <a href=""https://pi.lib.uchicago.edu/1001/org/ochre/16d19af4-3a52-faeb-7543-4a8f084d2a19"">https://pi.lib.uchicago.edu/1001/org/ochre/16d19af4-3a52-faeb-7543-4a8f084d2a19</a>"
02.056 Pottery Readings Surface.pdf,Pottery Readings: Dataset 1,Pottery readings from excavation: 1985-2016,"OCHRE link: <a href=""https://pi.lib.uchicago.edu/1001/org/ochre/2160d6de-1521-9e68-5798-261f771cad04"">https://pi.lib.uchicago.edu/1001/org/ochre/2160d6de-1521-9e68-5798-261f771cad04</a>"
02.057 Pottery Readings 017 (L).pdf,Pottery Readings: Dataset 1,Pottery readings from excavation: 1985-2016,"OCHRE link: <a href=""https://pi.lib.uchicago.edu/1001/org/ochre/c4dc1287-b872-c20b-e6a2-512e16171a2c"">https://pi.lib.uchicago.edu/1001/org/ochre/c4dc1287-b872-c20b-e6a2-512e16171a2c</a>"
02.060 Pottery Readings 003 (L).pdf,Pottery Readings: Dataset 1,Pottery readings from excavation: 1985-2016,"OCHRE link: <a href=""https://pi.lib.uchicago.edu/1001/org/ochre/935124aa-1328-e940-e87b-cc14fb110bcc"">https://pi.lib.uchicago.edu/1001/org/ochre/935124aa-1328-e940-e87b-cc14fb110bcc</a>"
02.062 Pottery Readings 001 (L).pdf,Pottery Readings: Dataset 1,Pottery readings from excavation: 1985-2016,"OCHRE link: <a href=""https://pi.lib.uchicago.edu/1001/org/ochre/d5d6e7ad-bfc1-7f62-6206-b3538013b889"">https://pi.lib.uchicago.edu/1001/org/ochre/d5d6e7ad-bfc1-7f62-6206-b3538013b889</a>"
02.062 Pottery Readings 002 (L).pdf,Pottery Readings: Dataset 1,Pottery readings from excavation: 1985-2016,"OCHRE link: <a href=""https://pi.lib.uchicago.edu/1001/org/ochre/5ab01746-f031-d994-dd10-72d02415de1d"">https://pi.lib.uchicago.edu/1001/org/ochre/5ab01746-f031-d994-dd10-72d02415de1d</a>"
02.062 Pottery Readings 003 (F).pdf,Pottery Readings: Dataset 1,Pottery readings from excavation: 1985-2016,"OCHRE link: <a href=""https://pi.lib.uchicago.edu/1001/org/ochre/1d20dc89-91af-647f-7167-fe0c9fc7e251"">https://pi.lib.uchicago.edu/1001/org/ochre/1d20dc89-91af-647f-7167-fe0c9fc7e251</a>"
02.062 Pottery Readings 003 (L).pdf,Pottery Readings: Dataset 1,Pottery readings from excavation: 1985-2016,"OCHRE link: <a href=""https://pi.lib.uchicago.edu/1001/org/ochre/17e07136-8524-3b93-0782-960ca130d837"">https://pi.lib.uchicago.edu/1001/org/ochre/17e07136-8524-3b93-0782-960ca130d837</a>"
02.062 Pottery Readings 004 (L).pdf,Pottery Readings: Dataset 1,Pottery readings from excavation: 1985-2016,"OCHRE link: <a href=""https://pi.lib.uchicago.edu/1001/org/ochre/7b981945-be01-ae0c-1551-63ac4aed03c5"">https://pi.lib.uchicago.edu/1001/org/ochre/7b981945-be01-ae0c-1551-63ac4aed03c5</a>"
02.062 Pottery Readings 004b (L).pdf,Pottery Readings: Dataset 1,Pottery readings from excavation: 1985-2016,"OCHRE link: <a href=""https://pi.lib.uchicago.edu/1001/org/ochre/987cf703-53b2-d546-7a26-2034bf928d5e"">https://pi.lib.uchicago.edu/1001/org/ochre/987cf703-53b2-d546-7a26-2034bf928d5e</a>"
02.062 Pottery Readings 004c (L).pdf,Pottery Readings: Dataset 1,Pottery readings from excavation: 1985-2016,"OCHRE link: <a href=""https://pi.lib.uchicago.edu/1001/org/ochre/feeae5be-4668-96b0-3671-844b9dc42c88"">https://pi.lib.uchicago.edu/1001/org/ochre/feeae5be-4668-96b0-3671-844b9dc42c88</a>"
02.062 Pottery Readings 005 (L).pdf,Pottery Readings: Dataset 1,Pottery readings from excavation: 1985-2016,"OCHRE link: <a href=""https://pi.lib.uchicago.edu/1001/org/ochre/08ee081d-29f9-f28c-209b-80ccfa29474b"">https://pi.lib.uchicago.edu/1001/org/ochre/08ee081d-29f9-f28c-209b-80ccfa29474b</a>"
02.062 Pottery Readings Miscellaneous.pdf,Pottery Readings: Dataset 1,Pottery readings from excavation: 1985-2016,"OCHRE link: <a href=""https://pi.lib.uchicago.edu/1001/org/ochre/96930eda-f475-9d6c-fd0d-12870e227ef5"">https://pi.lib.uchicago.edu/1001/org/ochre/96930eda-f475-9d6c-fd0d-12870e227ef5</a>"
02.063 Pottery Readings 001 (F).pdf,Pottery Readings: Dataset 1,Pottery readings from excavation: 1985-2016,"OCHRE link: <a href=""https://pi.lib.uchicago.edu/1001/org/ochre/b5bc32ba-fa90-99b7-aedf-8fe5e0f070e5"">https://pi.lib.uchicago.edu/1001/org/ochre/b5bc32ba-fa90-99b7-aedf-8fe5e0f070e5</a>"
02.063 Pottery Readings 001 (L).pdf,Pottery Readings: Dataset 1,Pottery readings from excavation: 1985-2016,"OCHRE link: <a href=""https://pi.lib.uchicago.edu/1001/org/ochre/48643e84-b96a-0d71-3ec4-6d739c40ffd4"">https://pi.lib.uchicago.edu/1001/org/ochre/48643e84-b96a-0d71-3ec4-6d739c40ffd4</a>"
02.063 Pottery Readings 002 (L).pdf,Pottery Readings: Dataset 1,Pottery readings from excavation: 1985-2016,"OCHRE link: <a href=""https://pi.lib.uchicago.edu/1001/org/ochre/760e1317-0335-891f-96be-cc9a4c1157df"">https://pi.lib.uchicago.edu/1001/org/ochre/760e1317-0335-891f-96be-cc9a4c1157df</a>"
02.063 Pottery Readings 002a (L).pdf,Pottery Readings: Dataset 1,Pottery readings from excavation: 1985-2016,"OCHRE link: <a href=""https://pi.lib.uchicago.edu/1001/org/ochre/7ca790cd-f0c2-b3d2-d872-34c117852f14"">https://pi.lib.uchicago.edu/1001/org/ochre/7ca790cd-f0c2-b3d2-d872-34c117852f14</a>"
02.063 Pottery Readings 003 (L).pdf,Pottery Readings: Dataset 1,Pottery readings from excavation: 1985-2016,"OCHRE link: <a href=""https://pi.lib.uchicago.edu/1001/org/ochre/f2e15d64-c93c-53bf-f581-a8a5de145608"">https://pi.lib.uchicago.edu/1001/org/ochre/f2e15d64-c93c-53bf-f581-a8a5de145608</a>"
02.063 Pottery Readings 004 (L).pdf,Pottery Readings: Dataset 1,Pottery readings from excavation: 1985-2016,"OCHRE link: <a href=""https://pi.lib.uchicago.edu/1001/org/ochre/d7cec72f-cda6-62f7-906e-3a9388b5b7a4"">https://pi.lib.uchicago.edu/1001/org/ochre/d7cec72f-cda6-62f7-906e-3a9388b5b7a4</a>"
02.063 Pottery Readings 004b (L).pdf,Pottery Readings: Dataset 1,Pottery readings from excavation: 1985-2016,"OCHRE link: <a href=""https://pi.lib.uchicago.edu/1001/org/ochre/0a244efa-1155-1486-66f4-991061f14bae"">https://pi.lib.uchicago.edu/1001/org/ochre/0a244efa-1155-1486-66f4-991061f14bae</a>"
02.063 Pottery Readings 005 (L).pdf,Pottery Readings: Dataset 1,Pottery readings from excavation: 1985-2016,"OCHRE link: <a href=""https://pi.lib.uchicago.edu/1001/org/ochre/dfa2f497-34d7-c0dd-b3a0-d40d9532d53d"">https://pi.lib.uchicago.edu/1001/org/ochre/dfa2f497-34d7-c0dd-b3a0-d40d9532d53d</a>"
02.063 Pottery Readings 006 (L).pdf,Pottery Readings: Dataset 1,Pottery readings from excavation: 1985-2016,"OCHRE link: <a href=""https://pi.lib.uchicago.edu/1001/org/ochre/beac8991-d32e-b197-aaaf-9f09e9c0a8ef"">https://pi.lib.uchicago.edu/1001/org/ochre/beac8991-d32e-b197-aaaf-9f09e9c0a8ef</a>"
02.063 Pottery Readings 007 (L).pdf,Pottery Readings: Dataset 1,Pottery readings from excavation: 1985-2016,"OCHRE link: <a href=""https://pi.lib.uchicago.edu/1001/org/ochre/e5a7c1a1-f529-b10d-e758-31ccecc7a56d"">https://pi.lib.uchicago.edu/1001/org/ochre/e5a7c1a1-f529-b10d-e758-31ccecc7a56d</a>"
02.063 Pottery Readings 011 (L).pdf,Pottery Readings: Dataset 1,Pottery readings from excavation: 1985-2016,"OCHRE link: <a href=""https://pi.lib.uchicago.edu/1001/org/ochre/5bbc8207-f280-7e77-92a8-6c276047e20f"">https://pi.lib.uchicago.edu/1001/org/ochre/5bbc8207-f280-7e77-92a8-6c276047e20f</a>"
02.063 Pottery Readings 013 (L).pdf,Pottery Readings: Dataset 1,Pottery readings from excavation: 1985-2016,"OCHRE link: <a href=""https://pi.lib.uchicago.edu/1001/org/ochre/5c8e1e8a-1fbf-6cf8-a19e-a984853df0ef"">https://pi.lib.uchicago.edu/1001/org/ochre/5c8e1e8a-1fbf-6cf8-a19e-a984853df0ef</a>"
02.063 Pottery Readings 014 (F).pdf,Pottery Readings: Dataset 1,Pottery readings from excavation: 1985-2016,"OCHRE link: <a href=""https://pi.lib.uchicago.edu/1001/org/ochre/20219fc4-4cf0-ba4c-1c0f-92c274e44ba9"">https://pi.lib.uchicago.edu/1001/org/ochre/20219fc4-4cf0-ba4c-1c0f-92c274e44ba9</a>"
02.063 Pottery Readings 015 (L).pdf,Pottery Readings: Dataset 1,Pottery readings from excavation: 1985-2016,"OCHRE link: <a href=""https://pi.lib.uchicago.edu/1001/org/ochre/b9383614-5846-cd99-9083-e8008e0278ef"">https://pi.lib.uchicago.edu/1001/org/ochre/b9383614-5846-cd99-9083-e8008e0278ef</a>"
02.063 Pottery Readings 031 (F).pdf,Pottery Readings: Dataset 1,Pottery readings from excavation: 1985-2016,"OCHRE link: <a href=""https://pi.lib.uchicago.edu/1001/org/ochre/76426a43-e8b1-679a-b82f-45eb47e8cc09"">https://pi.lib.uchicago.edu/1001/org/ochre/76426a43-e8b1-679a-b82f-45eb47e8cc09</a>"
02.063 Pottery Readings 067 (F).pdf,Pottery Readings: Dataset 1,Pottery readings from excavation: 1985-2016,"OCHRE link: <a href=""https://pi.lib.uchicago.edu/1001/org/ochre/b1c1fc4f-6ee4-9d81-c5bb-51874a661305"">https://pi.lib.uchicago.edu/1001/org/ochre/b1c1fc4f-6ee4-9d81-c5bb-51874a661305</a>"
02.063 Pottery Readings 075 (L).pdf,Pottery Readings: Dataset 1,Pottery readings from excavation: 1985-2016,"OCHRE link: <a href=""https://pi.lib.uchicago.edu/1001/org/ochre/06f0a12d-ef93-93aa-bb92-ce1664785a5f"">https://pi.lib.uchicago.edu/1001/org/ochre/06f0a12d-ef93-93aa-bb92-ce1664785a5f</a>"
02.063 Pottery Readings 079 (L).pdf,Pottery Readings: Dataset 1,Pottery readings from excavation: 1985-2016,"OCHRE link: <a href=""https://pi.lib.uchicago.edu/1001/org/ochre/c98a45d3-1e3e-2d12-209a-0ffc72944097"">https://pi.lib.uchicago.edu/1001/org/ochre/c98a45d3-1e3e-2d12-209a-0ffc72944097</a>"
02.063 Pottery Readings Miscellaneous.pdf,Pottery Readings: Dataset 1,Pottery readings from excavation: 1985-2016,"OCHRE link: <a href=""https://pi.lib.uchicago.edu/1001/org/ochre/2544a059-1f00-16bd-44fc-4e265562a05b"">https://pi.lib.uchicago.edu/1001/org/ochre/2544a059-1f00-16bd-44fc-4e265562a05b</a>"
02.065 Pottery Readings 004 (L).pdf,Pottery Readings: Dataset 1,Pottery readings from excavation: 1985-2016,"OCHRE link: <a href=""https://pi.lib.uchicago.edu/1001/org/ochre/15f7c011-d0b1-057a-2350-9f9c1fedcb33"">https://pi.lib.uchicago.edu/1001/org/ochre/15f7c011-d0b1-057a-2350-9f9c1fedcb33</a>"
02.065 Pottery Readings 005 (L).pdf,Pottery Readings: Dataset 1,Pottery readings from excavation: 1985-2016,"OCHRE link: <a href=""https://pi.lib.uchicago.edu/1001/org/ochre/f48a72e2-bcca-b7ad-d004-0beacf99fdf3"">https://pi.lib.uchicago.edu/1001/org/ochre/f48a72e2-bcca-b7ad-d004-0beacf99fdf3</a>"
02.065 Pottery Readings 006 (L).pdf,Pottery Readings: Dataset 1,Pottery readings from excavation: 1985-2016,"OCHRE link: <a href=""https://pi.lib.uchicago.edu/1001/org/ochre/bef4583e-3b74-0549-b630-9420820d3514"">https://pi.lib.uchicago.edu/1001/org/ochre/bef4583e-3b74-0549-b630-9420820d3514</a>"
02.065 Pottery Readings 008 (L).pdf,Pottery Readings: Dataset 1,Pottery readings from excavation: 1985-2016,"OCHRE link: <a href=""https://pi.lib.uchicago.edu/1001/org/ochre/0bea313b-5dcd-ad1b-3f31-9b3d8edf008b"">https://pi.lib.uchicago.edu/1001/org/ochre/0bea313b-5dcd-ad1b-3f31-9b3d8edf008b</a>"
02.065 Pottery Readings 010 (L).pdf,Pottery Readings: Dataset 1,Pottery readings from excavation: 1985-2016,"OCHRE link: <a href=""https://pi.lib.uchicago.edu/1001/org/ochre/757d6274-ca8e-e1e1-1825-05ec56f6e60b"">https://pi.lib.uchicago.edu/1001/org/ochre/757d6274-ca8e-e1e1-1825-05ec56f6e60b</a>"
02.065 Pottery Readings 011 (L).pdf,Pottery Readings: Dataset 1,Pottery readings from excavation: 1985-2016,"OCHRE link: <a href=""https://pi.lib.uchicago.edu/1001/org/ochre/7c318eb2-1d1f-a1da-9a8d-f23d30bd734b"">https://pi.lib.uchicago.edu/1001/org/ochre/7c318eb2-1d1f-a1da-9a8d-f23d30bd734b</a>"
02.065 Pottery Readings 012 (L).pdf,Pottery Readings: Dataset 1,Pottery readings from excavation: 1985-2016,"OCHRE link: <a href=""https://pi.lib.uchicago.edu/1001/org/ochre/cf3ebc11-9e64-2549-f8da-777782c98f25"">https://pi.lib.uchicago.edu/1001/org/ochre/cf3ebc11-9e64-2549-f8da-777782c98f25</a>"
02.065 Pottery Readings 013 (L).pdf,Pottery Readings: Dataset 1,Pottery readings from excavation: 1985-2016,"OCHRE link: <a href=""https://pi.lib.uchicago.edu/1001/org/ochre/5f99a405-166e-a721-1608-73182d122c19"">https://pi.lib.uchicago.edu/1001/org/ochre/5f99a405-166e-a721-1608-73182d122c19</a>"
02.065 Pottery Readings 014 (L).pdf,Pottery Readings: Dataset 1,Pottery readings from excavation: 1985-2016,"OCHRE link: <a href=""https://pi.lib.uchicago.edu/1001/org/ochre/e3b6682d-5071-8302-adee-710877f20ee7"">https://pi.lib.uchicago.edu/1001/org/ochre/e3b6682d-5071-8302-adee-710877f20ee7</a>"
02.065 Pottery Readings 016 (L).pdf,Pottery Readings: Dataset 1,Pottery readings from excavation: 1985-2016,"OCHRE link: <a href=""https://pi.lib.uchicago.edu/1001/org/ochre/69f57222-2e17-2884-3a00-b52c449286cb"">https://pi.lib.uchicago.edu/1001/org/ochre/69f57222-2e17-2884-3a00-b52c449286cb</a>"
02.066 Pottery Readings 001 (L).pdf,Pottery Readings: Dataset 1,Pottery readings from excavation: 1985-2016,"OCHRE link: <a href=""https://pi.lib.uchicago.edu/1001/org/ochre/8607b250-1164-b732-93db-61f3545b7d68"">https://pi.lib.uchicago.edu/1001/org/ochre/8607b250-1164-b732-93db-61f3545b7d68</a>"
02.066 Pottery Readings 002 (L).pdf,Pottery Readings: Dataset 1,Pottery readings from excavation: 1985-2016,"OCHRE link: <a href=""https://pi.lib.uchicago.edu/1001/org/ochre/33570824-f0ca-bdfc-2f63-70fdc9067f63"">https://pi.lib.uchicago.edu/1001/org/ochre/33570824-f0ca-bdfc-2f63-70fdc9067f63</a>"
02.066 Pottery Readings 003 (L).pdf,Pottery Readings: Dataset 1,Pottery readings from excavation: 1985-2016,"OCHRE link: <a href=""https://pi.lib.uchicago.edu/1001/org/ochre/eb9e1c09-914f-e435-0411-cf4bec98f123"">https://pi.lib.uchicago.edu/1001/org/ochre/eb9e1c09-914f-e435-0411-cf4bec98f123</a>"
02.066 Pottery Readings 004 (L).pdf,Pottery Readings: Dataset 1,Pottery readings from excavation: 1985-2016,"OCHRE link: <a href=""https://pi.lib.uchicago.edu/1001/org/ochre/913d3835-f802-85a1-d2b2-c0fd88e44ebd"">https://pi.lib.uchicago.edu/1001/org/ochre/913d3835-f802-85a1-d2b2-c0fd88e44ebd</a>"
02.066 Pottery Readings 005 (L).pdf,Pottery Readings: Dataset 1,Pottery readings from excavation: 1985-2016,"OCHRE link: <a href=""https://pi.lib.uchicago.edu/1001/org/ochre/22da0d3d-3e16-1b85-186e-b4b29a8f7db1"">https://pi.lib.uchicago.edu/1001/org/ochre/22da0d3d-3e16-1b85-186e-b4b29a8f7db1</a>"
02.066 Pottery Readings 006 (L).pdf,Pottery Readings: Dataset 1,Pottery readings from excavation: 1985-2016,"OCHRE link: <a href=""https://pi.lib.uchicago.edu/1001/org/ochre/abd7257a-b378-86b0-8b88-cb5ebbcf60fd"">https://pi.lib.uchicago.edu/1001/org/ochre/abd7257a-b378-86b0-8b88-cb5ebbcf60fd</a>"
02.066 Pottery Readings 007 (L).pdf,Pottery Readings: Dataset 1,Pottery readings from excavation: 1985-2016,"OCHRE link: <a href=""https://pi.lib.uchicago.edu/1001/org/ochre/e0376aa5-bd8d-ea06-b7f4-6a44f547fe2c"">https://pi.lib.uchicago.edu/1001/org/ochre/e0376aa5-bd8d-ea06-b7f4-6a44f547fe2c</a>"
02.066 Pottery Readings 008 (L).pdf,Pottery Readings: Dataset 1,Pottery readings from excavation: 1985-2016,"OCHRE link: <a href=""https://pi.lib.uchicago.edu/1001/org/ochre/0b160977-5783-4e11-0f82-ed8b3406fa6b"">https://pi.lib.uchicago.edu/1001/org/ochre/0b160977-5783-4e11-0f82-ed8b3406fa6b</a>"
02.066 Pottery Readings 141 (L).pdf,Pottery Readings: Dataset 1,Pottery readings from excavation: 1985-2016,"OCHRE link: <a href=""https://pi.lib.uchicago.edu/1001/org/ochre/5fbd3306-b82e-c88b-64a8-67f12a069113"">https://pi.lib.uchicago.edu/1001/org/ochre/5fbd3306-b82e-c88b-64a8-67f12a069113</a>"
02.066 Pottery Readings 158 (L).pdf,Pottery Readings: Dataset 1,Pottery readings from excavation: 1985-2016,"OCHRE link: <a href=""https://pi.lib.uchicago.edu/1001/org/ochre/05d6eb42-b4eb-77fb-00d5-de2c3a1357f8"">https://pi.lib.uchicago.edu/1001/org/ochre/05d6eb42-b4eb-77fb-00d5-de2c3a1357f8</a>"
02.067 Pottery Readings 001 (L).pdf,Pottery Readings: Dataset 1,Pottery readings from excavation: 1985-2016,"OCHRE link: <a href=""https://pi.lib.uchicago.edu/1001/org/ochre/4178717a-d088-c0b9-2631-86d4c5f49552"">https://pi.lib.uchicago.edu/1001/org/ochre/4178717a-d088-c0b9-2631-86d4c5f49552</a>"
02.067 Pottery Readings 002 (L).pdf,Pottery Readings: Dataset 1,Pottery readings from excavation: 1985-2016,"OCHRE link: <a href=""https://pi.lib.uchicago.edu/1001/org/ochre/713432cd-804a-e43b-ae68-b62e2152065f"">https://pi.lib.uchicago.edu/1001/org/ochre/713432cd-804a-e43b-ae68-b62e2152065f</a>"
02.067 Pottery Readings 003 (L).pdf,Pottery Readings: Dataset 1,Pottery readings from excavation: 1985-2016,"OCHRE link: <a href=""https://pi.lib.uchicago.edu/1001/org/ochre/64fd55d1-602d-b6b4-8a83-4c77d44c29bd"">https://pi.lib.uchicago.edu/1001/org/ochre/64fd55d1-602d-b6b4-8a83-4c77d44c29bd</a>"
02.067 Pottery Readings 004 (L).pdf,Pottery Readings: Dataset 1,Pottery readings from excavation: 1985-2016,"OCHRE link: <a href=""https://pi.lib.uchicago.edu/1001/org/ochre/b8d8f1fc-2064-37d5-ef18-fc15653d3a24"">https://pi.lib.uchicago.edu/1001/org/ochre/b8d8f1fc-2064-37d5-ef18-fc15653d3a24</a>"
02.067 Pottery Readings 006 (L).pdf,Pottery Readings: Dataset 1,Pottery readings from excavation: 1985-2016,"OCHRE link: <a href=""https://pi.lib.uchicago.edu/1001/org/ochre/4ed2f3b8-71ab-6a7e-674b-954db9198792"">https://pi.lib.uchicago.edu/1001/org/ochre/4ed2f3b8-71ab-6a7e-674b-954db9198792</a>"
02.067 Pottery Readings 007 (L).pdf,Pottery Readings: Dataset 1,Pottery readings from excavation: 1985-2016,"OCHRE link: <a href=""https://pi.lib.uchicago.edu/1001/org/ochre/220a3263-43cd-e8cc-50a1-0577faf981fa"">https://pi.lib.uchicago.edu/1001/org/ochre/220a3263-43cd-e8cc-50a1-0577faf981fa</a>"
02.067 Pottery Readings 008 (L).pdf,Pottery Readings: Dataset 1,Pottery readings from excavation: 1985-2016,"OCHRE link: <a href=""https://pi.lib.uchicago.edu/1001/org/ochre/34b0476b-8e31-118e-9948-8f2828c078fe"">https://pi.lib.uchicago.edu/1001/org/ochre/34b0476b-8e31-118e-9948-8f2828c078fe</a>"
02.067 Pottery Readings 012 (L).pdf,Pottery Readings: Dataset 1,Pottery readings from excavation: 1985-2016,"OCHRE link: <a href=""https://pi.lib.uchicago.edu/1001/org/ochre/63540499-e247-1b30-db72-1778923d82e5"">https://pi.lib.uchicago.edu/1001/org/ochre/63540499-e247-1b30-db72-1778923d82e5</a>"
02.067 Pottery Readings 016 (L).pdf,Pottery Readings: Dataset 1,Pottery readings from excavation: 1985-2016,"OCHRE link: <a href=""https://pi.lib.uchicago.edu/1001/org/ochre/f5b70b61-ea97-08ae-605c-691568b14793"">https://pi.lib.uchicago.edu/1001/org/ochre/f5b70b61-ea97-08ae-605c-691568b14793</a>"
02.067 Pottery Readings 017 (L).pdf,Pottery Readings: Dataset 1,Pottery readings from excavation: 1985-2016,"OCHRE link: <a href=""https://pi.lib.uchicago.edu/1001/org/ochre/cc26cdd6-4cc4-3f4a-5522-1f65bff045db"">https://pi.lib.uchicago.edu/1001/org/ochre/cc26cdd6-4cc4-3f4a-5522-1f65bff045db</a>"
02.067 Pottery Readings 018 (L).pdf,Pottery Readings: Dataset 1,Pottery readings from excavation: 1985-2016,"OCHRE link: <a href=""https://pi.lib.uchicago.edu/1001/org/ochre/7d643f2e-13e6-5943-02db-402e951e55aa"">https://pi.lib.uchicago.edu/1001/org/ochre/7d643f2e-13e6-5943-02db-402e951e55aa</a>"
02.067 Pottery Readings 019 (L).pdf,Pottery Readings: Dataset 1,Pottery readings from excavation: 1985-2016,"OCHRE link: <a href=""https://pi.lib.uchicago.edu/1001/org/ochre/d8bc54ab-0bb5-188a-2e4f-1299ce53133c"">https://pi.lib.uchicago.edu/1001/org/ochre/d8bc54ab-0bb5-188a-2e4f-1299ce53133c</a>"
02.067 Pottery Readings 021 (L).pdf,Pottery Readings: Dataset 1,Pottery readings from excavation: 1985-2016,"OCHRE link: <a href=""https://pi.lib.uchicago.edu/1001/org/ochre/0c745086-9ab1-50ea-fd9e-c215b10be8ef"">https://pi.lib.uchicago.edu/1001/org/ochre/0c745086-9ab1-50ea-fd9e-c215b10be8ef</a>"
02.067 Pottery Readings 022 (L).pdf,Pottery Readings: Dataset 1,Pottery readings from excavation: 1985-2016,"OCHRE link: <a href=""https://pi.lib.uchicago.edu/1001/org/ochre/1dc01470-8008-022a-e62e-c6bed3b163f2"">https://pi.lib.uchicago.edu/1001/org/ochre/1dc01470-8008-022a-e62e-c6bed3b163f2</a>"
02.067 Pottery Readings 023 (L).pdf,Pottery Readings: Dataset 1,Pottery readings from excavation: 1985-2016,"OCHRE link: <a href=""https://pi.lib.uchicago.edu/1001/org/ochre/d63fa35e-4ddb-5b96-e33b-71425f7d14bd"">https://pi.lib.uchicago.edu/1001/org/ochre/d63fa35e-4ddb-5b96-e33b-71425f7d14bd</a>"
02.067 Pottery Readings 097 (F).pdf,Pottery Readings: Dataset 1,Pottery readings from excavation: 1985-2016,"OCHRE link: <a href=""https://pi.lib.uchicago.edu/1001/org/ochre/fc638e74-a6ff-080d-7d90-0b5d2d8c0a46"">https://pi.lib.uchicago.edu/1001/org/ochre/fc638e74-a6ff-080d-7d90-0b5d2d8c0a46</a>"
02.067 Pottery Readings 156 (LF).pdf,Pottery Readings: Dataset 1,Pottery readings from excavation: 1985-2016,"OCHRE link: <a href=""https://pi.lib.uchicago.edu/1001/org/ochre/f49f2112-c485-27ec-0464-b0af47f68112"">https://pi.lib.uchicago.edu/1001/org/ochre/f49f2112-c485-27ec-0464-b0af47f68112</a>"
02.072 Pottery Readings 001 (L).pdf,Pottery Readings: Dataset 1,Pottery readings from excavation: 1985-2016,"OCHRE link: <a href=""https://pi.lib.uchicago.edu/1001/org/ochre/236fb5b9-3c64-ba14-f88d-fa0d35f72054"">https://pi.lib.uchicago.edu/1001/org/ochre/236fb5b9-3c64-ba14-f88d-fa0d35f72054</a>"
02.072 Pottery Readings 002 (L).pdf,Pottery Readings: Dataset 1,Pottery readings from excavation: 1985-2016,"OCHRE link: <a href=""https://pi.lib.uchicago.edu/1001/org/ochre/ccd9bb31-51ca-dcfc-a454-49b4e2f03bad"">https://pi.lib.uchicago.edu/1001/org/ochre/ccd9bb31-51ca-dcfc-a454-49b4e2f03bad</a>"
02.072 Pottery Readings 003 (L).pdf,Pottery Readings: Dataset 1,Pottery readings from excavation: 1985-2016,"OCHRE link: <a href=""https://pi.lib.uchicago.edu/1001/org/ochre/7c2de062-d9b1-0c32-ad50-a5f3393881e9"">https://pi.lib.uchicago.edu/1001/org/ochre/7c2de062-d9b1-0c32-ad50-a5f3393881e9</a>"
02.072 Pottery Readings 004 (L).pdf,Pottery Readings: Dataset 1,Pottery readings from excavation: 1985-2016,"OCHRE link: <a href=""https://pi.lib.uchicago.edu/1001/org/ochre/4e4034df-da8a-01e4-5645-980e8da25d94"">https://pi.lib.uchicago.edu/1001/org/ochre/4e4034df-da8a-01e4-5645-980e8da25d94</a>"
02.072 Pottery Readings 005 (L).pdf,Pottery Readings: Dataset 1,Pottery readings from excavation: 1985-2016,"OCHRE link: <a href=""https://pi.lib.uchicago.edu/1001/org/ochre/b357c273-4ebd-e786-a430-7302eb9357fd"">https://pi.lib.uchicago.edu/1001/org/ochre/b357c273-4ebd-e786-a430-7302eb9357fd</a>"
02.072 Pottery Readings 006 (L).pdf,Pottery Readings: Dataset 1,Pottery readings from excavation: 1985-2016,"OCHRE link: <a href=""https://pi.lib.uchicago.edu/1001/org/ochre/08b44eb8-ed76-16db-e0b3-ce688a337e07"">https://pi.lib.uchicago.edu/1001/org/ochre/08b44eb8-ed76-16db-e0b3-ce688a337e07</a>"
02.072 Pottery Readings 007 (LF).pdf,Pottery Readings: Dataset 1,Pottery readings from excavation: 1985-2016,"OCHRE link: <a href=""https://pi.lib.uchicago.edu/1001/org/ochre/ba7817a8-4204-255b-fb1a-5c39b7723dc0"">https://pi.lib.uchicago.edu/1001/org/ochre/ba7817a8-4204-255b-fb1a-5c39b7723dc0</a>"
02.072 Pottery Readings 008 (L).pdf,Pottery Readings: Dataset 1,Pottery readings from excavation: 1985-2016,"OCHRE link: <a href=""https://pi.lib.uchicago.edu/1001/org/ochre/1bb4c3dc-c8f0-2090-4a98-6ddb0501e854"">https://pi.lib.uchicago.edu/1001/org/ochre/1bb4c3dc-c8f0-2090-4a98-6ddb0501e854</a>"
02.072 Pottery Readings 009 (L).pdf,Pottery Readings: Dataset 1,Pottery readings from excavation: 1985-2016,"OCHRE link: <a href=""https://pi.lib.uchicago.edu/1001/org/ochre/166f4f12-c65d-35aa-7286-7e0ce7e710c7"">https://pi.lib.uchicago.edu/1001/org/ochre/166f4f12-c65d-35aa-7286-7e0ce7e710c7</a>"
02.072 Pottery Readings 010 (L).pdf,Pottery Readings: Dataset 1,Pottery readings from excavation: 1985-2016,"OCHRE link: <a href=""https://pi.lib.uchicago.edu/1001/org/ochre/fd628ba6-e4bd-4724-40d2-fdcfe41daf55"">https://pi.lib.uchicago.edu/1001/org/ochre/fd628ba6-e4bd-4724-40d2-fdcfe41daf55</a>"
02.072 Pottery Readings 011 (L).pdf,Pottery Readings: Dataset 1,Pottery readings from excavation: 1985-2016,"OCHRE link: <a href=""https://pi.lib.uchicago.edu/1001/org/ochre/640cf257-7b3c-09fa-d639-0d907fc51267"">https://pi.lib.uchicago.edu/1001/org/ochre/640cf257-7b3c-09fa-d639-0d907fc51267</a>"
02.072 Pottery Readings 012 (L).pdf,Pottery Readings: Dataset 1,Pottery readings from excavation: 1985-2016,"OCHRE link: <a href=""https://pi.lib.uchicago.edu/1001/org/ochre/0bea6343-d780-7123-7493-b723a83512c0"">https://pi.lib.uchicago.edu/1001/org/ochre/0bea6343-d780-7123-7493-b723a83512c0</a>"
02.072 Pottery Readings 013 (L).pdf,Pottery Readings: Dataset 1,Pottery readings from excavation: 1985-2016,"OCHRE link: <a href=""https://pi.lib.uchicago.edu/1001/org/ochre/6d413076-8a6b-1373-37b8-64d729028624"">https://pi.lib.uchicago.edu/1001/org/ochre/6d413076-8a6b-1373-37b8-64d729028624</a>"
02.072 Pottery Readings 014 (L).pdf,Pottery Readings: Dataset 1,Pottery readings from excavation: 1985-2016,"OCHRE link: <a href=""https://pi.lib.uchicago.edu/1001/org/ochre/665af700-fa76-3f4c-d5b3-2a65e09036e4"">https://pi.lib.uchicago.edu/1001/org/ochre/665af700-fa76-3f4c-d5b3-2a65e09036e4</a>"
02.072 Pottery Readings 015 (L).pdf,Pottery Readings: Dataset 1,Pottery readings from excavation: 1985-2016,"OCHRE link: <a href=""https://pi.lib.uchicago.edu/1001/org/ochre/88b1b1a8-2423-6687-023a-f3157351eea3"">https://pi.lib.uchicago.edu/1001/org/ochre/88b1b1a8-2423-6687-023a-f3157351eea3</a>"
02.072 Pottery Readings 016 (L).pdf,Pottery Readings: Dataset 1,Pottery readings from excavation: 1985-2016,"OCHRE link: <a href=""https://pi.lib.uchicago.edu/1001/org/ochre/8d94038b-e508-f7fe-037c-1a07ca3db4af"">https://pi.lib.uchicago.edu/1001/org/ochre/8d94038b-e508-f7fe-037c-1a07ca3db4af</a>"
02.072 Pottery Readings 017 (L).pdf,Pottery Readings: Dataset 1,Pottery readings from excavation: 1985-2016,"OCHRE link: <a href=""https://pi.lib.uchicago.edu/1001/org/ochre/4a301f68-f2c2-8d0d-0b2c-919323e39233"">https://pi.lib.uchicago.edu/1001/org/ochre/4a301f68-f2c2-8d0d-0b2c-919323e39233</a>"
02.072 Pottery Readings 018 (L).pdf,Pottery Readings: Dataset 1,Pottery readings from excavation: 1985-2016,"OCHRE link: <a href=""https://pi.lib.uchicago.edu/1001/org/ochre/c65bece6-893a-5f86-88ca-d44a60f95b38"">https://pi.lib.uchicago.edu/1001/org/ochre/c65bece6-893a-5f86-88ca-d44a60f95b38</a>"
02.072 Pottery Readings 019 (L).pdf,Pottery Readings: Dataset 1,Pottery readings from excavation: 1985-2016,"OCHRE link: <a href=""https://pi.lib.uchicago.edu/1001/org/ochre/5faa3244-84ff-911b-1dac-1e76ba8e16ab"">https://pi.lib.uchicago.edu/1001/org/ochre/5faa3244-84ff-911b-1dac-1e76ba8e16ab</a>"
02.072 Pottery Readings 020 (L).pdf,Pottery Readings: Dataset 1,Pottery readings from excavation: 1985-2016,"OCHRE link: <a href=""https://pi.lib.uchicago.edu/1001/org/ochre/5ee09bb0-5643-0886-7b18-69c98aa1915f"">https://pi.lib.uchicago.edu/1001/org/ochre/5ee09bb0-5643-0886-7b18-69c98aa1915f</a>"
02.072 Pottery Readings 021 (L).pdf,Pottery Readings: Dataset 1,Pottery readings from excavation: 1985-2016,"OCHRE link: <a href=""https://pi.lib.uchicago.edu/1001/org/ochre/b5f5fc44-71c9-0fd1-cf60-dadc1ed9df45"">https://pi.lib.uchicago.edu/1001/org/ochre/b5f5fc44-71c9-0fd1-cf60-dadc1ed9df45</a>"
02.072 Pottery Readings 024 (L).pdf,Pottery Readings: Dataset 1,Pottery readings from excavation: 1985-2016,"OCHRE link: <a href=""https://pi.lib.uchicago.edu/1001/org/ochre/004c3676-9989-971c-760b-8a29bb031271"">https://pi.lib.uchicago.edu/1001/org/ochre/004c3676-9989-971c-760b-8a29bb031271</a>"
02.072 Pottery Readings 025 (L).pdf,Pottery Readings: Dataset 1,Pottery readings from excavation: 1985-2016,"OCHRE link: <a href=""https://pi.lib.uchicago.edu/1001/org/ochre/ffaaed76-944c-c4ea-d877-d114912df5c3"">https://pi.lib.uchicago.edu/1001/org/ochre/ffaaed76-944c-c4ea-d877-d114912df5c3</a>"
02.072 Pottery Readings 026 (L).pdf,Pottery Readings: Dataset 1,Pottery readings from excavation: 1985-2016,"OCHRE link: <a href=""https://pi.lib.uchicago.edu/1001/org/ochre/9c530ff1-dd65-456e-e05f-0ce2f61b2e8f"">https://pi.lib.uchicago.edu/1001/org/ochre/9c530ff1-dd65-456e-e05f-0ce2f61b2e8f</a>"
02.072 Pottery Readings 027 (L).pdf,Pottery Readings: Dataset 1,Pottery readings from excavation: 1985-2016,"OCHRE link: <a href=""https://pi.lib.uchicago.edu/1001/org/ochre/f0d287ca-4aaa-a7c2-b12d-a6f7219a628f"">https://pi.lib.uchicago.edu/1001/org/ochre/f0d287ca-4aaa-a7c2-b12d-a6f7219a628f</a>"
02.072 Pottery Readings 028 (L).pdf,Pottery Readings: Dataset 1,Pottery readings from excavation: 1985-2016,"OCHRE link: <a href=""https://pi.lib.uchicago.edu/1001/org/ochre/2c7eafc5-a567-55d5-94fa-5270b7a93848"">https://pi.lib.uchicago.edu/1001/org/ochre/2c7eafc5-a567-55d5-94fa-5270b7a93848</a>"
02.072 Pottery Readings 029 (L).pdf,Pottery Readings: Dataset 1,Pottery readings from excavation: 1985-2016,"OCHRE link: <a href=""https://pi.lib.uchicago.edu/1001/org/ochre/a601f629-3fbf-4dee-39ea-9944ccf792fc"">https://pi.lib.uchicago.edu/1001/org/ochre/a601f629-3fbf-4dee-39ea-9944ccf792fc</a>"
02.072 Pottery Readings 030 (L).pdf,Pottery Readings: Dataset 1,Pottery readings from excavation: 1985-2016,"OCHRE link: <a href=""https://pi.lib.uchicago.edu/1001/org/ochre/c72cb06e-fd7a-062e-857d-9c16058b7320"">https://pi.lib.uchicago.edu/1001/org/ochre/c72cb06e-fd7a-062e-857d-9c16058b7320</a>"
02.072 Pottery Readings 031 (L).pdf,Pottery Readings: Dataset 1,Pottery readings from excavation: 1985-2016,"OCHRE link: <a href=""https://pi.lib.uchicago.edu/1001/org/ochre/4f7c31fe-7715-3fb8-7b76-5b389ed27f9d"">https://pi.lib.uchicago.edu/1001/org/ochre/4f7c31fe-7715-3fb8-7b76-5b389ed27f9d</a>"
02.072 Pottery Readings 032 (L).pdf,Pottery Readings: Dataset 1,Pottery readings from excavation: 1985-2016,"OCHRE link: <a href=""https://pi.lib.uchicago.edu/1001/org/ochre/2e22cfbf-217e-f326-be6d-fb2c39eb649a"">https://pi.lib.uchicago.edu/1001/org/ochre/2e22cfbf-217e-f326-be6d-fb2c39eb649a</a>"
02.072 Pottery Readings 033 (L).pdf,Pottery Readings: Dataset 1,Pottery readings from excavation: 1985-2016,"OCHRE link: <a href=""https://pi.lib.uchicago.edu/1001/org/ochre/1d824d27-0e08-0eb2-7654-fe09cbb5311b"">https://pi.lib.uchicago.edu/1001/org/ochre/1d824d27-0e08-0eb2-7654-fe09cbb5311b</a>"
02.072 Pottery Readings 034 (L).pdf,Pottery Readings: Dataset 1,Pottery readings from excavation: 1985-2016,"OCHRE link: <a href=""https://pi.lib.uchicago.edu/1001/org/ochre/ab7ff1d4-83e1-61ff-5f29-281d9d25f9ba"">https://pi.lib.uchicago.edu/1001/org/ochre/ab7ff1d4-83e1-61ff-5f29-281d9d25f9ba</a>"
02.072 Pottery Readings 035 (L).pdf,Pottery Readings: Dataset 1,Pottery readings from excavation: 1985-2016,"OCHRE link: <a href=""https://pi.lib.uchicago.edu/1001/org/ochre/b634caa7-e5af-c670-6dde-62de21ecdc41"">https://pi.lib.uchicago.edu/1001/org/ochre/b634caa7-e5af-c670-6dde-62de21ecdc41</a>"
02.072 Pottery Readings 036 (L).pdf,Pottery Readings: Dataset 1,Pottery readings from excavation: 1985-2016,"OCHRE link: <a href=""https://pi.lib.uchicago.edu/1001/org/ochre/8969889d-cfe4-08db-db80-2366f0fbb63a"">https://pi.lib.uchicago.edu/1001/org/ochre/8969889d-cfe4-08db-db80-2366f0fbb63a</a>"
02.072 Pottery Readings 037 (L).pdf,Pottery Readings: Dataset 1,Pottery readings from excavation: 1985-2016,"OCHRE link: <a href=""https://pi.lib.uchicago.edu/1001/org/ochre/511eb307-b894-f8bb-9602-ebdb3d9b3d4b"">https://pi.lib.uchicago.edu/1001/org/ochre/511eb307-b894-f8bb-9602-ebdb3d9b3d4b</a>"
02.072 Pottery Readings Miscellaneous.pdf,Pottery Readings: Dataset 1,Pottery readings from excavation: 1985-2016,"OCHRE link: <a href=""https://pi.lib.uchicago.edu/1001/org/ochre/5491fc03-4572-41e1-8b83-7a6113f6f356"">https://pi.lib.uchicago.edu/1001/org/ochre/5491fc03-4572-41e1-8b83-7a6113f6f356</a>"
02.073 Pottery Readings 002 (L).pdf,Pottery Readings: Dataset 1,Pottery readings from excavation: 1985-2016,"OCHRE link: <a href=""https://pi.lib.uchicago.edu/1001/org/ochre/80803efa-ecf1-043b-cd9e-5f57bd54c720"">https://pi.lib.uchicago.edu/1001/org/ochre/80803efa-ecf1-043b-cd9e-5f57bd54c720</a>"
02.073 Pottery Readings 002a (L).pdf,Pottery Readings: Dataset 1,Pottery readings from excavation: 1985-2016,"OCHRE link: <a href=""https://pi.lib.uchicago.edu/1001/org/ochre/f5e51430-d561-2e9e-c4c2-dce452606dc0"">https://pi.lib.uchicago.edu/1001/org/ochre/f5e51430-d561-2e9e-c4c2-dce452606dc0</a>"
02.073 Pottery Readings 003 (L).pdf,Pottery Readings: Dataset 1,Pottery readings from excavation: 1985-2016,"OCHRE link: <a href=""https://pi.lib.uchicago.edu/1001/org/ochre/f27a3642-d732-21a1-94d8-15ef237f0bdb"">https://pi.lib.uchicago.edu/1001/org/ochre/f27a3642-d732-21a1-94d8-15ef237f0bdb</a>"
02.073 Pottery Readings 004 (L).pdf,Pottery Readings: Dataset 1,Pottery readings from excavation: 1985-2016,"OCHRE link: <a href=""https://pi.lib.uchicago.edu/1001/org/ochre/7d9dd22a-397c-603c-aa99-34e46074a3c4"">https://pi.lib.uchicago.edu/1001/org/ochre/7d9dd22a-397c-603c-aa99-34e46074a3c4</a>"
02.073 Pottery Readings 005 (L).pdf,Pottery Readings: Dataset 1,Pottery readings from excavation: 1985-2016,"OCHRE link: <a href=""https://pi.lib.uchicago.edu/1001/org/ochre/854f9ed3-9017-422e-36bd-08f88bda19dc"">https://pi.lib.uchicago.edu/1001/org/ochre/854f9ed3-9017-422e-36bd-08f88bda19dc</a>"
02.073 Pottery Readings 007 (L).pdf,Pottery Readings: Dataset 1,Pottery readings from excavation: 1985-2016,"OCHRE link: <a href=""https://pi.lib.uchicago.edu/1001/org/ochre/f5eb3c00-7106-82d7-f943-813c8c4a3345"">https://pi.lib.uchicago.edu/1001/org/ochre/f5eb3c00-7106-82d7-f943-813c8c4a3345</a>"
02.073 Pottery Readings 008 (L).pdf,Pottery Readings: Dataset 1,Pottery readings from excavation: 1985-2016,"OCHRE link: <a href=""https://pi.lib.uchicago.edu/1001/org/ochre/c863451b-523a-12df-6fc6-50f907a6077e"">https://pi.lib.uchicago.edu/1001/org/ochre/c863451b-523a-12df-6fc6-50f907a6077e</a>"
02.073 Pottery Readings 009 (L).pdf,Pottery Readings: Dataset 1,Pottery readings from excavation: 1985-2016,"OCHRE link: <a href=""https://pi.lib.uchicago.edu/1001/org/ochre/44a1987a-9756-289f-8af4-ed5e9310433d"">https://pi.lib.uchicago.edu/1001/org/ochre/44a1987a-9756-289f-8af4-ed5e9310433d</a>"
02.073 Pottery Readings 010 (L).pdf,Pottery Readings: Dataset 1,Pottery readings from excavation: 1985-2016,"OCHRE link: <a href=""https://pi.lib.uchicago.edu/1001/org/ochre/ed182a25-962e-5388-8c33-27ed3d124e70"">https://pi.lib.uchicago.edu/1001/org/ochre/ed182a25-962e-5388-8c33-27ed3d124e70</a>"
02.073 Pottery Readings 011 (L).pdf,Pottery Readings: Dataset 1,Pottery readings from excavation: 1985-2016,"OCHRE link: <a href=""https://pi.lib.uchicago.edu/1001/org/ochre/cd9ad2a2-b982-fbc0-f0a2-ed8787010ca4"">https://pi.lib.uchicago.edu/1001/org/ochre/cd9ad2a2-b982-fbc0-f0a2-ed8787010ca4</a>"
02.073 Pottery Readings 012 (L).pdf,Pottery Readings: Dataset 1,Pottery readings from excavation: 1985-2016,"OCHRE link: <a href=""https://pi.lib.uchicago.edu/1001/org/ochre/b07454ef-296e-6cac-8df6-b690e78a7b5d"">https://pi.lib.uchicago.edu/1001/org/ochre/b07454ef-296e-6cac-8df6-b690e78a7b5d</a>"
02.073 Pottery Readings 013 (L).pdf,Pottery Readings: Dataset 1,Pottery readings from excavation: 1985-2016,"OCHRE link: <a href=""https://pi.lib.uchicago.edu/1001/org/ochre/95c0816d-3ee9-38bb-612b-48de172f0159"">https://pi.lib.uchicago.edu/1001/org/ochre/95c0816d-3ee9-38bb-612b-48de172f0159</a>"
02.073 Pottery Readings 014 (L).pdf,Pottery Readings: Dataset 1,Pottery readings from excavation: 1985-2016,"OCHRE link: <a href=""https://pi.lib.uchicago.edu/1001/org/ochre/3fe348aa-cce3-2776-bbcf-ac499620255a"">https://pi.lib.uchicago.edu/1001/org/ochre/3fe348aa-cce3-2776-bbcf-ac499620255a</a>"
02.073 Pottery Readings 018 (L).pdf,Pottery Readings: Dataset 1,Pottery readings from excavation: 1985-2016,"OCHRE link: <a href=""https://pi.lib.uchicago.edu/1001/org/ochre/688d71b6-074d-aa9a-b20b-5ab27dc5cebf"">https://pi.lib.uchicago.edu/1001/org/ochre/688d71b6-074d-aa9a-b20b-5ab27dc5cebf</a>"
02.073 Pottery Readings 019 (L).pdf,Pottery Readings: Dataset 1,Pottery readings from excavation: 1985-2016,"OCHRE link: <a href=""https://pi.lib.uchicago.edu/1001/org/ochre/1b41bd19-f490-51b0-d3be-52f4530b37d4"">https://pi.lib.uchicago.edu/1001/org/ochre/1b41bd19-f490-51b0-d3be-52f4530b37d4</a>"
02.073 Pottery Readings 020 (L).pdf,Pottery Readings: Dataset 1,Pottery readings from excavation: 1985-2016,"OCHRE link: <a href=""https://pi.lib.uchicago.edu/1001/org/ochre/b6073c3b-0be4-eae2-100b-b37038c9a931"">https://pi.lib.uchicago.edu/1001/org/ochre/b6073c3b-0be4-eae2-100b-b37038c9a931</a>"
02.073 Pottery Readings 021 (L).pdf,Pottery Readings: Dataset 1,Pottery readings from excavation: 1985-2016,"OCHRE link: <a href=""https://pi.lib.uchicago.edu/1001/org/ochre/59c8bf9f-45c9-f000-fedc-d459b0ca5da1"">https://pi.lib.uchicago.edu/1001/org/ochre/59c8bf9f-45c9-f000-fedc-d459b0ca5da1</a>"
02.073 Pottery Readings 022 (L).pdf,Pottery Readings: Dataset 1,Pottery readings from excavation: 1985-2016,"OCHRE link: <a href=""https://pi.lib.uchicago.edu/1001/org/ochre/6e5b7540-8852-cbe1-d480-07532cfde857"">https://pi.lib.uchicago.edu/1001/org/ochre/6e5b7540-8852-cbe1-d480-07532cfde857</a>"
02.073 Pottery Readings 024 (L).pdf,Pottery Readings: Dataset 1,Pottery readings from excavation: 1985-2016,"OCHRE link: <a href=""https://pi.lib.uchicago.edu/1001/org/ochre/b6f49183-0ebc-3fc3-f57c-19c13ffd5eeb"">https://pi.lib.uchicago.edu/1001/org/ochre/b6f49183-0ebc-3fc3-f57c-19c13ffd5eeb</a>"
02.073 Pottery Readings 025 (L).pdf,Pottery Readings: Dataset 1,Pottery readings from excavation: 1985-2016,"OCHRE link: <a href=""https://pi.lib.uchicago.edu/1001/org/ochre/acd09dea-d9cb-3537-23ce-aae5b5ef8bff"">https://pi.lib.uchicago.edu/1001/org/ochre/acd09dea-d9cb-3537-23ce-aae5b5ef8bff</a>"
02.073 Pottery Readings 026 (LF).pdf,Pottery Readings: Dataset 1,Pottery readings from excavation: 1985-2016,"OCHRE link: <a href=""https://pi.lib.uchicago.edu/1001/org/ochre/c0ad5fbf-310e-7ada-caf6-29094b882e30"">https://pi.lib.uchicago.edu/1001/org/ochre/c0ad5fbf-310e-7ada-caf6-29094b882e30</a>"
02.073 Pottery Readings 028 (L).pdf,Pottery Readings: Dataset 1,Pottery readings from excavation: 1985-2016,"OCHRE link: <a href=""https://pi.lib.uchicago.edu/1001/org/ochre/51be38d0-0d00-6684-61f7-a4a812b38e25"">https://pi.lib.uchicago.edu/1001/org/ochre/51be38d0-0d00-6684-61f7-a4a812b38e25</a>"
02.073 Pottery Readings 030 (L).pdf,Pottery Readings: Dataset 1,Pottery readings from excavation: 1985-2016,"OCHRE link: <a href=""https://pi.lib.uchicago.edu/1001/org/ochre/e04f2642-b816-4015-bc92-b36ed2953298"">https://pi.lib.uchicago.edu/1001/org/ochre/e04f2642-b816-4015-bc92-b36ed2953298</a>"
02.073 Pottery Readings 032 (L).pdf,Pottery Readings: Dataset 1,Pottery readings from excavation: 1985-2016,"OCHRE link: <a href=""https://pi.lib.uchicago.edu/1001/org/ochre/33f1a8f0-b130-e5aa-30b4-a25538821f51"">https://pi.lib.uchicago.edu/1001/org/ochre/33f1a8f0-b130-e5aa-30b4-a25538821f51</a>"
02.073 Pottery Readings 033 (L).pdf,Pottery Readings: Dataset 1,Pottery readings from excavation: 1985-2016,"OCHRE link: <a href=""https://pi.lib.uchicago.edu/1001/org/ochre/31728d10-9ea8-7896-0e00-296ec0b51d14"">https://pi.lib.uchicago.edu/1001/org/ochre/31728d10-9ea8-7896-0e00-296ec0b51d14</a>"
02.073 Pottery Readings 034 (L).pdf,Pottery Readings: Dataset 1,Pottery readings from excavation: 1985-2016,"OCHRE link: <a href=""https://pi.lib.uchicago.edu/1001/org/ochre/2c956a91-4db0-1207-344e-124c3c74e16d"">https://pi.lib.uchicago.edu/1001/org/ochre/2c956a91-4db0-1207-344e-124c3c74e16d</a>"
02.073 Pottery Readings 036 (L).pdf,Pottery Readings: Dataset 1,Pottery readings from excavation: 1985-2016,"OCHRE link: <a href=""https://pi.lib.uchicago.edu/1001/org/ochre/ce81d865-1d3f-bf6d-09b3-95f69a80cd70"">https://pi.lib.uchicago.edu/1001/org/ochre/ce81d865-1d3f-bf6d-09b3-95f69a80cd70</a>"
02.073 Pottery Readings 063 (L).pdf,Pottery Readings: Dataset 1,Pottery readings from excavation: 1985-2016,"OCHRE link: <a href=""https://pi.lib.uchicago.edu/1001/org/ochre/2268d5f2-ce3f-5935-2130-db4a13265947"">https://pi.lib.uchicago.edu/1001/org/ochre/2268d5f2-ce3f-5935-2130-db4a13265947</a>"
02.074 Pottery Readings 002 (F).pdf,Pottery Readings: Dataset 1,Pottery readings from excavation: 1985-2016,"OCHRE link: <a href=""https://pi.lib.uchicago.edu/1001/org/ochre/9d4b4486-c05d-e882-17a2-6226b52c858f"">https://pi.lib.uchicago.edu/1001/org/ochre/9d4b4486-c05d-e882-17a2-6226b52c858f</a>"
02.074 Pottery Readings 003 (L).pdf,Pottery Readings: Dataset 1,Pottery readings from excavation: 1985-2016,"OCHRE link: <a href=""https://pi.lib.uchicago.edu/1001/org/ochre/ad5e8f2f-1edd-c3c3-2be5-15a6da861ed9"">https://pi.lib.uchicago.edu/1001/org/ochre/ad5e8f2f-1edd-c3c3-2be5-15a6da861ed9</a>"
02.074 Pottery Readings 007 (L).pdf,Pottery Readings: Dataset 1,Pottery readings from excavation: 1985-2016,"OCHRE link: <a href=""https://pi.lib.uchicago.edu/1001/org/ochre/922129cd-334e-247c-cc47-02559abde05a"">https://pi.lib.uchicago.edu/1001/org/ochre/922129cd-334e-247c-cc47-02559abde05a</a>"
02.074 Pottery Readings 019 (L).pdf,Pottery Readings: Dataset 1,Pottery readings from excavation: 1985-2016,"OCHRE link: <a href=""https://pi.lib.uchicago.edu/1001/org/ochre/532d6a12-0d4b-8dfd-e9fb-13553f27b5f0"">https://pi.lib.uchicago.edu/1001/org/ochre/532d6a12-0d4b-8dfd-e9fb-13553f27b5f0</a>"
02.074 Pottery Readings 033 (F).pdf,Pottery Readings: Dataset 1,Pottery readings from excavation: 1985-2016,"OCHRE link: <a href=""https://pi.lib.uchicago.edu/1001/org/ochre/ecc884c4-a5a3-cf6c-2c81-138db28545ee"">https://pi.lib.uchicago.edu/1001/org/ochre/ecc884c4-a5a3-cf6c-2c81-138db28545ee</a>"
02.074 Pottery Readings 069 (LF).pdf,Pottery Readings: Dataset 1,Pottery readings from excavation: 1985-2016,"OCHRE link: <a href=""https://pi.lib.uchicago.edu/1001/org/ochre/f01ca5dd-1773-4f58-b1e8-8287959e0f59"">https://pi.lib.uchicago.edu/1001/org/ochre/f01ca5dd-1773-4f58-b1e8-8287959e0f59</a>"
02.074 Pottery Readings 072 (L).pdf,Pottery Readings: Dataset 1,Pottery readings from excavation: 1985-2016,"OCHRE link: <a href=""https://pi.lib.uchicago.edu/1001/org/ochre/5dfdc074-6630-1c92-a3b4-ac4e26827b01"">https://pi.lib.uchicago.edu/1001/org/ochre/5dfdc074-6630-1c92-a3b4-ac4e26827b01</a>"
02.074 Pottery Readings 101 (L).pdf,Pottery Readings: Dataset 1,Pottery readings from excavation: 1985-2016,"OCHRE link: <a href=""https://pi.lib.uchicago.edu/1001/org/ochre/9a288911-3dde-118c-e645-9e359d21f74a"">https://pi.lib.uchicago.edu/1001/org/ochre/9a288911-3dde-118c-e645-9e359d21f74a</a>"
02.074 Pottery Readings 102 (L).pdf,Pottery Readings: Dataset 1,Pottery readings from excavation: 1985-2016,"OCHRE link: <a href=""https://pi.lib.uchicago.edu/1001/org/ochre/ffadb5c5-ab4b-9149-6a03-5109d87e5df7"">https://pi.lib.uchicago.edu/1001/org/ochre/ffadb5c5-ab4b-9149-6a03-5109d87e5df7</a>"
02.074 Pottery Readings 103 (L).pdf,Pottery Readings: Dataset 1,Pottery readings from excavation: 1985-2016,"OCHRE link: <a href=""https://pi.lib.uchicago.edu/1001/org/ochre/9f614978-ba28-80d4-4656-70897be1679a"">https://pi.lib.uchicago.edu/1001/org/ochre/9f614978-ba28-80d4-4656-70897be1679a</a>"
02.074 Pottery Readings 104 (L).pdf,Pottery Readings: Dataset 1,Pottery readings from excavation: 1985-2016,"OCHRE link: <a href=""https://pi.lib.uchicago.edu/1001/org/ochre/9c4c02d8-4b29-2983-8b82-9db03a08f1f7"">https://pi.lib.uchicago.edu/1001/org/ochre/9c4c02d8-4b29-2983-8b82-9db03a08f1f7</a>"
02.074 Pottery Readings 107 (LF).pdf,Pottery Readings: Dataset 1,Pottery readings from excavation: 1985-2016,"OCHRE link: <a href=""https://pi.lib.uchicago.edu/1001/org/ochre/d656d4a6-23ea-3131-cb9c-f6e44f25e5a1"">https://pi.lib.uchicago.edu/1001/org/ochre/d656d4a6-23ea-3131-cb9c-f6e44f25e5a1</a>"
02.074 Pottery Readings 162 (F).pdf,Pottery Readings: Dataset 1,Pottery readings from excavation: 1985-2016,"OCHRE link: <a href=""https://pi.lib.uchicago.edu/1001/org/ochre/d432e47c-dfc4-8954-0e0e-3349399945e5"">https://pi.lib.uchicago.edu/1001/org/ochre/d432e47c-dfc4-8954-0e0e-3349399945e5</a>"
02.075 Pottery Readings 005 (L).pdf,Pottery Readings: Dataset 1,Pottery readings from excavation: 1985-2016,"OCHRE link: <a href=""https://pi.lib.uchicago.edu/1001/org/ochre/3a71fd80-b044-cc31-4799-4aeadf6c4d89"">https://pi.lib.uchicago.edu/1001/org/ochre/3a71fd80-b044-cc31-4799-4aeadf6c4d89</a>"
02.075 Pottery Readings 006 (L).pdf,Pottery Readings: Dataset 1,Pottery readings from excavation: 1985-2016,"OCHRE link: <a href=""https://pi.lib.uchicago.edu/1001/org/ochre/6c590b5b-9b14-38c2-147f-959fbec2bf06"">https://pi.lib.uchicago.edu/1001/org/ochre/6c590b5b-9b14-38c2-147f-959fbec2bf06</a>"
02.075 Pottery Readings 008 (L).pdf,Pottery Readings: Dataset 1,Pottery readings from excavation: 1985-2016,"OCHRE link: <a href=""https://pi.lib.uchicago.edu/1001/org/ochre/d3eca5e7-5268-1ac2-4d46-5181b80055fb"">https://pi.lib.uchicago.edu/1001/org/ochre/d3eca5e7-5268-1ac2-4d46-5181b80055fb</a>"
02.075 Pottery Readings 009 (L).pdf,Pottery Readings: Dataset 1,Pottery readings from excavation: 1985-2016,"OCHRE link: <a href=""https://pi.lib.uchicago.edu/1001/org/ochre/74d49fe8-040a-6517-6a81-18f03652514b"">https://pi.lib.uchicago.edu/1001/org/ochre/74d49fe8-040a-6517-6a81-18f03652514b</a>"
02.075 Pottery Readings 010 (L).pdf,Pottery Readings: Dataset 1,Pottery readings from excavation: 1985-2016,"OCHRE link: <a href=""https://pi.lib.uchicago.edu/1001/org/ochre/909dc253-e4c7-fa86-7d95-6f148b76c5a5"">https://pi.lib.uchicago.edu/1001/org/ochre/909dc253-e4c7-fa86-7d95-6f148b76c5a5</a>"
02.075 Pottery Readings 020 (L).pdf,Pottery Readings: Dataset 1,Pottery readings from excavation: 1985-2016,"OCHRE link: <a href=""https://pi.lib.uchicago.edu/1001/org/ochre/4b10dc38-c490-bf9e-cdf3-71d049a21ecb"">https://pi.lib.uchicago.edu/1001/org/ochre/4b10dc38-c490-bf9e-cdf3-71d049a21ecb</a>"
02.075 Pottery Readings 025 (L).pdf,Pottery Readings: Dataset 1,Pottery readings from excavation: 1985-2016,"OCHRE link: <a href=""https://pi.lib.uchicago.edu/1001/org/ochre/32c2cd4f-0a5a-0ee0-7314-5c0fde96c483"">https://pi.lib.uchicago.edu/1001/org/ochre/32c2cd4f-0a5a-0ee0-7314-5c0fde96c483</a>"
02.075 Pottery Readings 030 (F).pdf,Pottery Readings: Dataset 1,Pottery readings from excavation: 1985-2016,"OCHRE link: <a href=""https://pi.lib.uchicago.edu/1001/org/ochre/04cb9fa9-dbe8-4e04-b88d-20cc6e2e7eb8"">https://pi.lib.uchicago.edu/1001/org/ochre/04cb9fa9-dbe8-4e04-b88d-20cc6e2e7eb8</a>"
02.075 Pottery Readings 030 (L).pdf,Pottery Readings: Dataset 1,Pottery readings from excavation: 1985-2016,"OCHRE link: <a href=""https://pi.lib.uchicago.edu/1001/org/ochre/23293db4-5af6-ae12-3540-80991a6d91cf"">https://pi.lib.uchicago.edu/1001/org/ochre/23293db4-5af6-ae12-3540-80991a6d91cf</a>"
02.075 Pottery Readings 031 (F).pdf,Pottery Readings: Dataset 1,Pottery readings from excavation: 1985-2016,"OCHRE link: <a href=""https://pi.lib.uchicago.edu/1001/org/ochre/94bd9beb-b596-cf02-129e-486566a1b3f0"">https://pi.lib.uchicago.edu/1001/org/ochre/94bd9beb-b596-cf02-129e-486566a1b3f0</a>"
02.075 Pottery Readings 033 (F).pdf,Pottery Readings: Dataset 1,Pottery readings from excavation: 1985-2016,"OCHRE link: <a href=""https://pi.lib.uchicago.edu/1001/org/ochre/f6062b6e-75d3-317a-32f3-ccf625c80e6f"">https://pi.lib.uchicago.edu/1001/org/ochre/f6062b6e-75d3-317a-32f3-ccf625c80e6f</a>"
02.075 Pottery Readings 041 (F).pdf,Pottery Readings: Dataset 1,Pottery readings from excavation: 1985-2016,"OCHRE link: <a href=""https://pi.lib.uchicago.edu/1001/org/ochre/bbab73af-e0bb-1048-4e6d-7fd24b5b9f69"">https://pi.lib.uchicago.edu/1001/org/ochre/bbab73af-e0bb-1048-4e6d-7fd24b5b9f69</a>"
02.075 Pottery Readings 046 (F).pdf,Pottery Readings: Dataset 1,Pottery readings from excavation: 1985-2016,"OCHRE link: <a href=""https://pi.lib.uchicago.edu/1001/org/ochre/c7bfdbe8-d18d-9a01-6055-f01a7962b374"">https://pi.lib.uchicago.edu/1001/org/ochre/c7bfdbe8-d18d-9a01-6055-f01a7962b374</a>"
02.075 Pottery Readings 063 (L).pdf,Pottery Readings: Dataset 1,Pottery readings from excavation: 1985-2016,"OCHRE link: <a href=""https://pi.lib.uchicago.edu/1001/org/ochre/15992ca7-23da-903a-13b5-b42a8d9153bf"">https://pi.lib.uchicago.edu/1001/org/ochre/15992ca7-23da-903a-13b5-b42a8d9153bf</a>"
02.075 Pottery Readings 073 (L).pdf,Pottery Readings: Dataset 1,Pottery readings from excavation: 1985-2016,"OCHRE link: <a href=""https://pi.lib.uchicago.edu/1001/org/ochre/5e86812b-6536-097c-93f6-a8f3ce8b4d44"">https://pi.lib.uchicago.edu/1001/org/ochre/5e86812b-6536-097c-93f6-a8f3ce8b4d44</a>"
02.075 Pottery Readings 090 (LF).pdf,Pottery Readings: Dataset 1,Pottery readings from excavation: 1985-2016,"OCHRE link: <a href=""https://pi.lib.uchicago.edu/1001/org/ochre/ceed43ec-1a36-8133-3a92-128e6573f279"">https://pi.lib.uchicago.edu/1001/org/ochre/ceed43ec-1a36-8133-3a92-128e6573f279</a>"
02.075 Pottery Readings 092 (F).pdf,Pottery Readings: Dataset 1,Pottery readings from excavation: 1985-2016,"OCHRE link: <a href=""https://pi.lib.uchicago.edu/1001/org/ochre/1bcb3189-07a7-1482-918e-50c85d6046ce"">https://pi.lib.uchicago.edu/1001/org/ochre/1bcb3189-07a7-1482-918e-50c85d6046ce</a>"
02.075 Pottery Readings 098 (LF).pdf,Pottery Readings: Dataset 1,Pottery readings from excavation: 1985-2016,"OCHRE link: <a href=""https://pi.lib.uchicago.edu/1001/org/ochre/27727307-5ce7-6430-4309-043fc660b5dc"">https://pi.lib.uchicago.edu/1001/org/ochre/27727307-5ce7-6430-4309-043fc660b5dc</a>"
02.075 Pottery Readings 105 (F).pdf,Pottery Readings: Dataset 1,Pottery readings from excavation: 1985-2016,"OCHRE link: <a href=""https://pi.lib.uchicago.edu/1001/org/ochre/d669d980-159c-438e-df95-18209d368736"">https://pi.lib.uchicago.edu/1001/org/ochre/d669d980-159c-438e-df95-18209d368736</a>"
02.075 Pottery Readings 107 (LF).pdf,Pottery Readings: Dataset 1,Pottery readings from excavation: 1985-2016,"OCHRE link: <a href=""https://pi.lib.uchicago.edu/1001/org/ochre/253de063-79a2-146a-1d90-5af6f6e63192"">https://pi.lib.uchicago.edu/1001/org/ochre/253de063-79a2-146a-1d90-5af6f6e63192</a>"
02.075 Pottery Readings 110 (LF).pdf,Pottery Readings: Dataset 1,Pottery readings from excavation: 1985-2016,"OCHRE link: <a href=""https://pi.lib.uchicago.edu/1001/org/ochre/dcab2e89-1409-d55b-a626-3b5614961ccc"">https://pi.lib.uchicago.edu/1001/org/ochre/dcab2e89-1409-d55b-a626-3b5614961ccc</a>"
02.075 Pottery Readings 111 (L).pdf,Pottery Readings: Dataset 1,Pottery readings from excavation: 1985-2016,"OCHRE link: <a href=""https://pi.lib.uchicago.edu/1001/org/ochre/1df9c1ca-ca97-2c65-c1d1-a1d6aa0a2e78"">https://pi.lib.uchicago.edu/1001/org/ochre/1df9c1ca-ca97-2c65-c1d1-a1d6aa0a2e78</a>"
02.075 Pottery Readings 115 (L).pdf,Pottery Readings: Dataset 1,Pottery readings from excavation: 1985-2016,"OCHRE link: <a href=""https://pi.lib.uchicago.edu/1001/org/ochre/92ad0b64-8937-22d1-71dd-75a4d74eb9c6"">https://pi.lib.uchicago.edu/1001/org/ochre/92ad0b64-8937-22d1-71dd-75a4d74eb9c6</a>"
02.075 Pottery Readings 117 (LF).pdf,Pottery Readings: Dataset 1,Pottery readings from excavation: 1985-2016,"OCHRE link: <a href=""https://pi.lib.uchicago.edu/1001/org/ochre/58f32f11-7d89-5a6e-c5d5-b1aeffc242f8"">https://pi.lib.uchicago.edu/1001/org/ochre/58f32f11-7d89-5a6e-c5d5-b1aeffc242f8</a>"
02.075 Pottery Readings 130 (L).pdf,Pottery Readings: Dataset 1,Pottery readings from excavation: 1985-2016,"OCHRE link: <a href=""https://pi.lib.uchicago.edu/1001/org/ochre/e5118ff5-f3ec-dc23-4f7a-bb88d4d55d27"">https://pi.lib.uchicago.edu/1001/org/ochre/e5118ff5-f3ec-dc23-4f7a-bb88d4d55d27</a>"
02.075 Pottery Readings 139 (L).pdf,Pottery Readings: Dataset 1,Pottery readings from excavation: 1985-2016,"OCHRE link: <a href=""https://pi.lib.uchicago.edu/1001/org/ochre/82b91688-2683-12ea-9a37-9e05d217da6a"">https://pi.lib.uchicago.edu/1001/org/ochre/82b91688-2683-12ea-9a37-9e05d217da6a</a>"
02.075 Pottery Readings 160 (L).pdf,Pottery Readings: Dataset 1,Pottery readings from excavation: 1985-2016,"OCHRE link: <a href=""https://pi.lib.uchicago.edu/1001/org/ochre/95a1b2e4-5ca8-25ca-4bd2-53f774ff1c39"">https://pi.lib.uchicago.edu/1001/org/ochre/95a1b2e4-5ca8-25ca-4bd2-53f774ff1c39</a>"
02.075 Pottery Readings 161 (L).pdf,Pottery Readings: Dataset 1,Pottery readings from excavation: 1985-2016,"OCHRE link: <a href=""https://pi.lib.uchicago.edu/1001/org/ochre/772e2be9-162b-c618-b3e2-fba7a670b520"">https://pi.lib.uchicago.edu/1001/org/ochre/772e2be9-162b-c618-b3e2-fba7a670b520</a>"
02.075 Pottery Readings 163 (F).pdf,Pottery Readings: Dataset 1,Pottery readings from excavation: 1985-2016,"OCHRE link: <a href=""https://pi.lib.uchicago.edu/1001/org/ochre/446729cb-2e4d-8917-90a7-b9c27a77eba7"">https://pi.lib.uchicago.edu/1001/org/ochre/446729cb-2e4d-8917-90a7-b9c27a77eba7</a>"
02.075 Pottery Readings 164 (L).pdf,Pottery Readings: Dataset 1,Pottery readings from excavation: 1985-2016,"OCHRE link: <a href=""https://pi.lib.uchicago.edu/1001/org/ochre/08101ef9-88e7-8746-dc08-2aa59b28d0a4"">https://pi.lib.uchicago.edu/1001/org/ochre/08101ef9-88e7-8746-dc08-2aa59b28d0a4</a>"
02.075 Pottery Readings 166 (L).pdf,Pottery Readings: Dataset 1,Pottery readings from excavation: 1985-2016,"OCHRE link: <a href=""https://pi.lib.uchicago.edu/1001/org/ochre/c8507365-da09-0932-8555-79917e0d4c91"">https://pi.lib.uchicago.edu/1001/org/ochre/c8507365-da09-0932-8555-79917e0d4c91</a>"
02.075 Pottery Readings 169 (LF).pdf,Pottery Readings: Dataset 1,Pottery readings from excavation: 1985-2016,"OCHRE link: <a href=""https://pi.lib.uchicago.edu/1001/org/ochre/5d31e69e-5e5e-a21c-c1d3-d55ea8e60174"">https://pi.lib.uchicago.edu/1001/org/ochre/5d31e69e-5e5e-a21c-c1d3-d55ea8e60174</a>"
02.075 Pottery Readings 171 (L).pdf,Pottery Readings: Dataset 1,Pottery readings from excavation: 1985-2016,"OCHRE link: <a href=""https://pi.lib.uchicago.edu/1001/org/ochre/2a5c9c24-0de8-c105-aed5-1a5db9e987e7"">https://pi.lib.uchicago.edu/1001/org/ochre/2a5c9c24-0de8-c105-aed5-1a5db9e987e7</a>"
02.075 Pottery Readings 176 (L).pdf,Pottery Readings: Dataset 1,Pottery readings from excavation: 1985-2016,"OCHRE link: <a href=""https://pi.lib.uchicago.edu/1001/org/ochre/118ce6b1-3f92-f50c-824e-9b8e192e6cf5"">https://pi.lib.uchicago.edu/1001/org/ochre/118ce6b1-3f92-f50c-824e-9b8e192e6cf5</a>"
02.075 Pottery Readings 177 (L).pdf,Pottery Readings: Dataset 1,Pottery readings from excavation: 1985-2016,"OCHRE link: <a href=""https://pi.lib.uchicago.edu/1001/org/ochre/f11bf5ad-d3b2-4989-ffe0-39b7166db57f"">https://pi.lib.uchicago.edu/1001/org/ochre/f11bf5ad-d3b2-4989-ffe0-39b7166db57f</a>"
02.075 Pottery Readings 178 (F).pdf,Pottery Readings: Dataset 1,Pottery readings from excavation: 1985-2016,"OCHRE link: <a href=""https://pi.lib.uchicago.edu/1001/org/ochre/244bed78-408c-8f8d-b37e-2b4c70befd08"">https://pi.lib.uchicago.edu/1001/org/ochre/244bed78-408c-8f8d-b37e-2b4c70befd08</a>"
02.075 Pottery Readings Miscellaneous.pdf,Pottery Readings: Dataset 1,Pottery readings from excavation: 1985-2016,"OCHRE link: <a href=""https://pi.lib.uchicago.edu/1001/org/ochre/d3067d1d-da7c-5332-512e-78d5b3c68f09"">https://pi.lib.uchicago.edu/1001/org/ochre/d3067d1d-da7c-5332-512e-78d5b3c68f09</a>"
02.076 Pottery Readings 005 (L).pdf,Pottery Readings: Dataset 1,Pottery readings from excavation: 1985-2016,"OCHRE link: <a href=""https://pi.lib.uchicago.edu/1001/org/ochre/2db9190f-1253-599a-af13-b4bf0742833a"">https://pi.lib.uchicago.edu/1001/org/ochre/2db9190f-1253-599a-af13-b4bf0742833a</a>"
02.076 Pottery Readings 007 (L).pdf,Pottery Readings: Dataset 1,Pottery readings from excavation: 1985-2016,"OCHRE link: <a href=""https://pi.lib.uchicago.edu/1001/org/ochre/4f6a3e2b-4ad7-7751-3d25-38671ca2ac41"">https://pi.lib.uchicago.edu/1001/org/ochre/4f6a3e2b-4ad7-7751-3d25-38671ca2ac41</a>"
02.076 Pottery Readings 008 (L).pdf,Pottery Readings: Dataset 1,Pottery readings from excavation: 1985-2016,"OCHRE link: <a href=""https://pi.lib.uchicago.edu/1001/org/ochre/4411c40d-385a-5038-c397-d4dafed42fec"">https://pi.lib.uchicago.edu/1001/org/ochre/4411c40d-385a-5038-c397-d4dafed42fec</a>"
02.076 Pottery Readings 009 (L).pdf,Pottery Readings: Dataset 1,Pottery readings from excavation: 1985-2016,"OCHRE link: <a href=""https://pi.lib.uchicago.edu/1001/org/ochre/8ad29ba7-03ff-3eb4-bfcb-9dea5e5734ce"">https://pi.lib.uchicago.edu/1001/org/ochre/8ad29ba7-03ff-3eb4-bfcb-9dea5e5734ce</a>"
02.076 Pottery Readings 022 (L).pdf,Pottery Readings: Dataset 1,Pottery readings from excavation: 1985-2016,"OCHRE link: <a href=""https://pi.lib.uchicago.edu/1001/org/ochre/6ac5293b-7dd3-779d-9391-a5950c565c6b"">https://pi.lib.uchicago.edu/1001/org/ochre/6ac5293b-7dd3-779d-9391-a5950c565c6b</a>"
02.076 Pottery Readings 063 (L).pdf,Pottery Readings: Dataset 1,Pottery readings from excavation: 1985-2016,"OCHRE link: <a href=""https://pi.lib.uchicago.edu/1001/org/ochre/1cf263ae-76ea-3e5f-3fb4-732aa0a9eb29"">https://pi.lib.uchicago.edu/1001/org/ochre/1cf263ae-76ea-3e5f-3fb4-732aa0a9eb29</a>"
02.076 Pottery Readings 097 (F).pdf,Pottery Readings: Dataset 1,Pottery readings from excavation: 1985-2016,"OCHRE link: <a href=""https://pi.lib.uchicago.edu/1001/org/ochre/ce76f25a-6568-c7a2-4f4a-7deebc7e91f1"">https://pi.lib.uchicago.edu/1001/org/ochre/ce76f25a-6568-c7a2-4f4a-7deebc7e91f1</a>"
02.076 Pottery Readings 111 (L).pdf,Pottery Readings: Dataset 1,Pottery readings from excavation: 1985-2016,"OCHRE link: <a href=""https://pi.lib.uchicago.edu/1001/org/ochre/178f1660-7a01-ea4b-2698-91bff96185d6"">https://pi.lib.uchicago.edu/1001/org/ochre/178f1660-7a01-ea4b-2698-91bff96185d6</a>"
02.076 Pottery Readings 115 (L).pdf,Pottery Readings: Dataset 1,Pottery readings from excavation: 1985-2016,"OCHRE link: <a href=""https://pi.lib.uchicago.edu/1001/org/ochre/671cf6d2-a2e0-d761-ebcf-703aa460e5aa"">https://pi.lib.uchicago.edu/1001/org/ochre/671cf6d2-a2e0-d761-ebcf-703aa460e5aa</a>"
02.076 Pottery Readings 116 (L).pdf,Pottery Readings: Dataset 1,Pottery readings from excavation: 1985-2016,"OCHRE link: <a href=""https://pi.lib.uchicago.edu/1001/org/ochre/e5f0d37d-e7ed-472b-1fbf-133023f041b1"">https://pi.lib.uchicago.edu/1001/org/ochre/e5f0d37d-e7ed-472b-1fbf-133023f041b1</a>"
02.076 Pottery Readings 117 (LF).pdf,Pottery Readings: Dataset 1,Pottery readings from excavation: 1985-2016,"OCHRE link: <a href=""https://pi.lib.uchicago.edu/1001/org/ochre/42562f0a-3ad7-20d0-5235-de0caf9e4ca5"">https://pi.lib.uchicago.edu/1001/org/ochre/42562f0a-3ad7-20d0-5235-de0caf9e4ca5</a>"
02.076 Pottery Readings 123 (L).pdf,Pottery Readings: Dataset 1,Pottery readings from excavation: 1985-2016,"OCHRE link: <a href=""https://pi.lib.uchicago.edu/1001/org/ochre/c80849d7-14fa-2168-6812-2ff73d1e0615"">https://pi.lib.uchicago.edu/1001/org/ochre/c80849d7-14fa-2168-6812-2ff73d1e0615</a>"
02.076 Pottery Readings 124 (L).pdf,Pottery Readings: Dataset 1,Pottery readings from excavation: 1985-2016,"OCHRE link: <a href=""https://pi.lib.uchicago.edu/1001/org/ochre/d1e0ec55-f7e0-e173-b78a-8540693ee197"">https://pi.lib.uchicago.edu/1001/org/ochre/d1e0ec55-f7e0-e173-b78a-8540693ee197</a>"
02.076 Pottery Readings 131 (L).pdf,Pottery Readings: Dataset 1,Pottery readings from excavation: 1985-2016,"OCHRE link: <a href=""https://pi.lib.uchicago.edu/1001/org/ochre/eb3da055-bcdd-e3cd-0b49-a3e800049a57"">https://pi.lib.uchicago.edu/1001/org/ochre/eb3da055-bcdd-e3cd-0b49-a3e800049a57</a>"
02.076 Pottery Readings 132 (L).pdf,Pottery Readings: Dataset 1,Pottery readings from excavation: 1985-2016,"OCHRE link: <a href=""https://pi.lib.uchicago.edu/1001/org/ochre/f195d314-4a45-8ebf-ca4b-908aa996a3c4"">https://pi.lib.uchicago.edu/1001/org/ochre/f195d314-4a45-8ebf-ca4b-908aa996a3c4</a>"
02.076 Pottery Readings 133 (L).pdf,Pottery Readings: Dataset 1,Pottery readings from excavation: 1985-2016,"OCHRE link: <a href=""https://pi.lib.uchicago.edu/1001/org/ochre/3a2af2e4-f39f-44db-108d-b175fb19ae48"">https://pi.lib.uchicago.edu/1001/org/ochre/3a2af2e4-f39f-44db-108d-b175fb19ae48</a>"
02.076 Pottery Readings 134 (LF).pdf,Pottery Readings: Dataset 1,Pottery readings from excavation: 1985-2016,"OCHRE link: <a href=""https://pi.lib.uchicago.edu/1001/org/ochre/7fa1ad91-8553-fa9d-c950-0de560d21ab3"">https://pi.lib.uchicago.edu/1001/org/ochre/7fa1ad91-8553-fa9d-c950-0de560d21ab3</a>"
02.076 Pottery Readings 135 (L).pdf,Pottery Readings: Dataset 1,Pottery readings from excavation: 1985-2016,"OCHRE link: <a href=""https://pi.lib.uchicago.edu/1001/org/ochre/dfba71c7-d80e-0257-8e64-191b14f1fbc3"">https://pi.lib.uchicago.edu/1001/org/ochre/dfba71c7-d80e-0257-8e64-191b14f1fbc3</a>"
02.076 Pottery Readings 139 (L).pdf,Pottery Readings: Dataset 1,Pottery readings from excavation: 1985-2016,"OCHRE link: <a href=""https://pi.lib.uchicago.edu/1001/org/ochre/b1493966-2fa3-d2d4-0081-6bc3e3c1bdd1"">https://pi.lib.uchicago.edu/1001/org/ochre/b1493966-2fa3-d2d4-0081-6bc3e3c1bdd1</a>"
02.076 Pottery Readings 140 (L).pdf,Pottery Readings: Dataset 1,Pottery readings from excavation: 1985-2016,"OCHRE link: <a href=""https://pi.lib.uchicago.edu/1001/org/ochre/a42b3325-2071-1fd4-86fc-3c644321e138"">https://pi.lib.uchicago.edu/1001/org/ochre/a42b3325-2071-1fd4-86fc-3c644321e138</a>"
02.076 Pottery Readings 141 (L).pdf,Pottery Readings: Dataset 1,Pottery readings from excavation: 1985-2016,"OCHRE link: <a href=""https://pi.lib.uchicago.edu/1001/org/ochre/a522b230-d475-30db-9c98-b918a97d0ddc"">https://pi.lib.uchicago.edu/1001/org/ochre/a522b230-d475-30db-9c98-b918a97d0ddc</a>"
02.076 Pottery Readings 143 (L).pdf,Pottery Readings: Dataset 1,Pottery readings from excavation: 1985-2016,"OCHRE link: <a href=""https://pi.lib.uchicago.edu/1001/org/ochre/61f7f58b-7d1f-9dbf-d410-f03654e9efb6"">https://pi.lib.uchicago.edu/1001/org/ochre/61f7f58b-7d1f-9dbf-d410-f03654e9efb6</a>"
02.076 Pottery Readings 149 (L).pdf,Pottery Readings: Dataset 1,Pottery readings from excavation: 1985-2016,"OCHRE link: <a href=""https://pi.lib.uchicago.edu/1001/org/ochre/b24f77b4-1fef-5d91-58f0-f9149c22d0ad"">https://pi.lib.uchicago.edu/1001/org/ochre/b24f77b4-1fef-5d91-58f0-f9149c22d0ad</a>"
02.076 Pottery Readings 150 (L).pdf,Pottery Readings: Dataset 1,Pottery readings from excavation: 1985-2016,"OCHRE link: <a href=""https://pi.lib.uchicago.edu/1001/org/ochre/d9498a24-fbfa-8f9d-7c99-687edc90e3e0"">https://pi.lib.uchicago.edu/1001/org/ochre/d9498a24-fbfa-8f9d-7c99-687edc90e3e0</a>"
02.076 Pottery Readings 156 (LF).pdf,Pottery Readings: Dataset 1,Pottery readings from excavation: 1985-2016,"OCHRE link: <a href=""https://pi.lib.uchicago.edu/1001/org/ochre/1d0a8f01-adb4-d87f-03b3-9adcb636072e"">https://pi.lib.uchicago.edu/1001/org/ochre/1d0a8f01-adb4-d87f-03b3-9adcb636072e</a>"
02.076 Pottery Readings 162 (L).pdf,Pottery Readings: Dataset 1,Pottery readings from excavation: 1985-2016,"OCHRE link: <a href=""https://pi.lib.uchicago.edu/1001/org/ochre/ac910544-3d50-1efc-50c0-6227a8b72145"">https://pi.lib.uchicago.edu/1001/org/ochre/ac910544-3d50-1efc-50c0-6227a8b72145</a>"
02.076 Pottery Readings 163 (LF).pdf,Pottery Readings: Dataset 1,Pottery readings from excavation: 1985-2016,"OCHRE link: <a href=""https://pi.lib.uchicago.edu/1001/org/ochre/f55e6c9b-bd40-59b9-f1a4-e91719332ad7"">https://pi.lib.uchicago.edu/1001/org/ochre/f55e6c9b-bd40-59b9-f1a4-e91719332ad7</a>"
02.076 Pottery Readings 166 (L).pdf,Pottery Readings: Dataset 1,Pottery readings from excavation: 1985-2016,"OCHRE link: <a href=""https://pi.lib.uchicago.edu/1001/org/ochre/e83c7c33-b505-2e2b-0586-80d91412bb5f"">https://pi.lib.uchicago.edu/1001/org/ochre/e83c7c33-b505-2e2b-0586-80d91412bb5f</a>"
02.076 Pottery Readings 168 (L).pdf,Pottery Readings: Dataset 1,Pottery readings from excavation: 1985-2016,"OCHRE link: <a href=""https://pi.lib.uchicago.edu/1001/org/ochre/78b32358-c375-1b2a-20fe-3bcc087ea2ee"">https://pi.lib.uchicago.edu/1001/org/ochre/78b32358-c375-1b2a-20fe-3bcc087ea2ee</a>"
02.076 Pottery Readings 192 (F).pdf,Pottery Readings: Dataset 1,Pottery readings from excavation: 1985-2016,"OCHRE link: <a href=""https://pi.lib.uchicago.edu/1001/org/ochre/3f8fb5fc-0a8b-9d3f-f8f4-c1a00960d2ef"">https://pi.lib.uchicago.edu/1001/org/ochre/3f8fb5fc-0a8b-9d3f-f8f4-c1a00960d2ef</a>"
02.076 Pottery Readings 196 (F).pdf,Pottery Readings: Dataset 1,Pottery readings from excavation: 1985-2016,"OCHRE link: <a href=""https://pi.lib.uchicago.edu/1001/org/ochre/f0af19c2-cd31-954d-dc4a-61add1f1724c"">https://pi.lib.uchicago.edu/1001/org/ochre/f0af19c2-cd31-954d-dc4a-61add1f1724c</a>"
02.077 Pottery Readings 006 (L).pdf,Pottery Readings: Dataset 1,Pottery readings from excavation: 1985-2016,"OCHRE link: <a href=""https://pi.lib.uchicago.edu/1001/org/ochre/78528328-88d8-fa2d-9fbb-bdf9ce5aaa71"">https://pi.lib.uchicago.edu/1001/org/ochre/78528328-88d8-fa2d-9fbb-bdf9ce5aaa71</a>"
02.077 Pottery Readings 007 (L).pdf,Pottery Readings: Dataset 1,Pottery readings from excavation: 1985-2016,"OCHRE link: <a href=""https://pi.lib.uchicago.edu/1001/org/ochre/3625b8c9-6290-6375-b32e-5da35faf2d59"">https://pi.lib.uchicago.edu/1001/org/ochre/3625b8c9-6290-6375-b32e-5da35faf2d59</a>"
02.078 Pottery Readings 160 (L).pdf,Pottery Readings: Dataset 1,Pottery readings from excavation: 1985-2016,"OCHRE link: <a href=""https://pi.lib.uchicago.edu/1001/org/ochre/7d436cf6-db37-7b63-2814-1958adb48a67"">https://pi.lib.uchicago.edu/1001/org/ochre/7d436cf6-db37-7b63-2814-1958adb48a67</a>"
02.083 Pottery Readings 001 (L).pdf,Pottery Readings: Dataset 1,Pottery readings from excavation: 1985-2016,"OCHRE link: <a href=""https://pi.lib.uchicago.edu/1001/org/ochre/dfe0f2a8-8d02-a47a-b7c9-a4024303aea8"">https://pi.lib.uchicago.edu/1001/org/ochre/dfe0f2a8-8d02-a47a-b7c9-a4024303aea8</a>"
02.083 Pottery Readings 002 (L).pdf,Pottery Readings: Dataset 1,Pottery readings from excavation: 1985-2016,"OCHRE link: <a href=""https://pi.lib.uchicago.edu/1001/org/ochre/d11716a0-eb7b-b0e4-bdbe-3994664c09e2"">https://pi.lib.uchicago.edu/1001/org/ochre/d11716a0-eb7b-b0e4-bdbe-3994664c09e2</a>"
02.083 Pottery Readings 003 (L).pdf,Pottery Readings: Dataset 1,Pottery readings from excavation: 1985-2016,"OCHRE link: <a href=""https://pi.lib.uchicago.edu/1001/org/ochre/3edc2314-e5c9-877a-88c2-e49f18468b6a"">https://pi.lib.uchicago.edu/1001/org/ochre/3edc2314-e5c9-877a-88c2-e49f18468b6a</a>"
02.083 Pottery Readings 004 (L).pdf,Pottery Readings: Dataset 1,Pottery readings from excavation: 1985-2016,"OCHRE link: <a href=""https://pi.lib.uchicago.edu/1001/org/ochre/ab40bcaf-aa79-a2dc-1a13-4e0fc810b974"">https://pi.lib.uchicago.edu/1001/org/ochre/ab40bcaf-aa79-a2dc-1a13-4e0fc810b974</a>"
02.083 Pottery Readings 005 (L).pdf,Pottery Readings: Dataset 1,Pottery readings from excavation: 1985-2016,"OCHRE link: <a href=""https://pi.lib.uchicago.edu/1001/org/ochre/fade8cb1-15ba-d3f8-0c94-624550d5048c"">https://pi.lib.uchicago.edu/1001/org/ochre/fade8cb1-15ba-d3f8-0c94-624550d5048c</a>"
02.083 Pottery Readings 005a (L).pdf,Pottery Readings: Dataset 1,Pottery readings from excavation: 1985-2016,"OCHRE link: <a href=""https://pi.lib.uchicago.edu/1001/org/ochre/be350005-0d99-e70a-6306-d8bd7a4a1e6c"">https://pi.lib.uchicago.edu/1001/org/ochre/be350005-0d99-e70a-6306-d8bd7a4a1e6c</a>"
02.083 Pottery Readings 005b (L).pdf,Pottery Readings: Dataset 1,Pottery readings from excavation: 1985-2016,"OCHRE link: <a href=""https://pi.lib.uchicago.edu/1001/org/ochre/c53587c2-5d2d-01ca-4ca9-fed9d91d28d2"">https://pi.lib.uchicago.edu/1001/org/ochre/c53587c2-5d2d-01ca-4ca9-fed9d91d28d2</a>"
02.083 Pottery Readings 006 (L).pdf,Pottery Readings: Dataset 1,Pottery readings from excavation: 1985-2016,"OCHRE link: <a href=""https://pi.lib.uchicago.edu/1001/org/ochre/8aadb0d4-c0b1-79be-6e8f-8f9e3f4a9ab0"">https://pi.lib.uchicago.edu/1001/org/ochre/8aadb0d4-c0b1-79be-6e8f-8f9e3f4a9ab0</a>"
02.083 Pottery Readings 007 (L).pdf,Pottery Readings: Dataset 1,Pottery readings from excavation: 1985-2016,"OCHRE link: <a href=""https://pi.lib.uchicago.edu/1001/org/ochre/ef42d37a-aef1-24d6-f7c6-7f6f9e0dbf53"">https://pi.lib.uchicago.edu/1001/org/ochre/ef42d37a-aef1-24d6-f7c6-7f6f9e0dbf53</a>"
02.083 Pottery Readings 008 (L).pdf,Pottery Readings: Dataset 1,Pottery readings from excavation: 1985-2016,"OCHRE link: <a href=""https://pi.lib.uchicago.edu/1001/org/ochre/acdf003c-46b6-a7e4-2641-bd64ffc4c43e"">https://pi.lib.uchicago.edu/1001/org/ochre/acdf003c-46b6-a7e4-2641-bd64ffc4c43e</a>"
02.083 Pottery Readings 008a (L).pdf,Pottery Readings: Dataset 1,Pottery readings from excavation: 1985-2016,"OCHRE link: <a href=""https://pi.lib.uchicago.edu/1001/org/ochre/33764e61-497a-6304-a798-8fad9b1447f3"">https://pi.lib.uchicago.edu/1001/org/ochre/33764e61-497a-6304-a798-8fad9b1447f3</a>"
02.083 Pottery Readings 009 (L).pdf,Pottery Readings: Dataset 1,Pottery readings from excavation: 1985-2016,"OCHRE link: <a href=""https://pi.lib.uchicago.edu/1001/org/ochre/d9f44519-5863-4f6e-7145-a3e82d35ce7c"">https://pi.lib.uchicago.edu/1001/org/ochre/d9f44519-5863-4f6e-7145-a3e82d35ce7c</a>"
02.083 Pottery Readings 010 (L).pdf,Pottery Readings: Dataset 1,Pottery readings from excavation: 1985-2016,"OCHRE link: <a href=""https://pi.lib.uchicago.edu/1001/org/ochre/7e4a0385-0122-74e9-9d3a-eb03926a693f"">https://pi.lib.uchicago.edu/1001/org/ochre/7e4a0385-0122-74e9-9d3a-eb03926a693f</a>"
02.083 Pottery Readings 011 (L).pdf,Pottery Readings: Dataset 1,Pottery readings from excavation: 1985-2016,"OCHRE link: <a href=""https://pi.lib.uchicago.edu/1001/org/ochre/36147fc7-cb71-65be-0eec-8dc89f3fc299"">https://pi.lib.uchicago.edu/1001/org/ochre/36147fc7-cb71-65be-0eec-8dc89f3fc299</a>"
02.083 Pottery Readings 012 (L).pdf,Pottery Readings: Dataset 1,Pottery readings from excavation: 1985-2016,"OCHRE link: <a href=""https://pi.lib.uchicago.edu/1001/org/ochre/33e49e40-093f-e98c-becc-59e28c53ac20"">https://pi.lib.uchicago.edu/1001/org/ochre/33e49e40-093f-e98c-becc-59e28c53ac20</a>"
02.083 Pottery Readings 013 (L).pdf,Pottery Readings: Dataset 1,Pottery readings from excavation: 1985-2016,"OCHRE link: <a href=""https://pi.lib.uchicago.edu/1001/org/ochre/4498c602-430b-3407-1023-da5f1ecaa253"">https://pi.lib.uchicago.edu/1001/org/ochre/4498c602-430b-3407-1023-da5f1ecaa253</a>"
02.083 Pottery Readings 014 (L).pdf,Pottery Readings: Dataset 1,Pottery readings from excavation: 1985-2016,"OCHRE link: <a href=""https://pi.lib.uchicago.edu/1001/org/ochre/fcee2f73-c92b-f3b8-5be0-d32d7bd9b114"">https://pi.lib.uchicago.edu/1001/org/ochre/fcee2f73-c92b-f3b8-5be0-d32d7bd9b114</a>"
02.083 Pottery Readings 015 (L).pdf,Pottery Readings: Dataset 1,Pottery readings from excavation: 1985-2016,"OCHRE link: <a href=""https://pi.lib.uchicago.edu/1001/org/ochre/a367c55a-27ae-254a-7127-eeae34039f9b"">https://pi.lib.uchicago.edu/1001/org/ochre/a367c55a-27ae-254a-7127-eeae34039f9b</a>"
02.083 Pottery Readings 016 (L).pdf,Pottery Readings: Dataset 1,Pottery readings from excavation: 1985-2016,"OCHRE link: <a href=""https://pi.lib.uchicago.edu/1001/org/ochre/ea4ac027-31d6-74b1-f50e-480dc34550cd"">https://pi.lib.uchicago.edu/1001/org/ochre/ea4ac027-31d6-74b1-f50e-480dc34550cd</a>"
02.083 Pottery Readings 017 (L).pdf,Pottery Readings: Dataset 1,Pottery readings from excavation: 1985-2016,"OCHRE link: <a href=""https://pi.lib.uchicago.edu/1001/org/ochre/93f8cc07-1392-480e-b1b1-53de202bda10"">https://pi.lib.uchicago.edu/1001/org/ochre/93f8cc07-1392-480e-b1b1-53de202bda10</a>"
02.083 Pottery Readings 018 (L).pdf,Pottery Readings: Dataset 1,Pottery readings from excavation: 1985-2016,"OCHRE link: <a href=""https://pi.lib.uchicago.edu/1001/org/ochre/1c15fed4-9c09-09c5-96d4-6f67b6a7ab6e"">https://pi.lib.uchicago.edu/1001/org/ochre/1c15fed4-9c09-09c5-96d4-6f67b6a7ab6e</a>"
02.083 Pottery Readings 019 (L).pdf,Pottery Readings: Dataset 1,Pottery readings from excavation: 1985-2016,"OCHRE link: <a href=""https://pi.lib.uchicago.edu/1001/org/ochre/b7bfc315-ef69-d4f8-20bf-88c0b2795ca1"">https://pi.lib.uchicago.edu/1001/org/ochre/b7bfc315-ef69-d4f8-20bf-88c0b2795ca1</a>"
02.083 Pottery Readings 020 (L).pdf,Pottery Readings: Dataset 1,Pottery readings from excavation: 1985-2016,"OCHRE link: <a href=""https://pi.lib.uchicago.edu/1001/org/ochre/4483c893-1550-9030-bb75-9881a7f4dc54"">https://pi.lib.uchicago.edu/1001/org/ochre/4483c893-1550-9030-bb75-9881a7f4dc54</a>"
02.083 Pottery Readings 021 (F).pdf,Pottery Readings: Dataset 1,Pottery readings from excavation: 1985-2016,"OCHRE link: <a href=""https://pi.lib.uchicago.edu/1001/org/ochre/58723fd6-0d83-ea38-8b0c-0ecfeef0ee22"">https://pi.lib.uchicago.edu/1001/org/ochre/58723fd6-0d83-ea38-8b0c-0ecfeef0ee22</a>"
02.083 Pottery Readings 022 (L).pdf,Pottery Readings: Dataset 1,Pottery readings from excavation: 1985-2016,"OCHRE link: <a href=""https://pi.lib.uchicago.edu/1001/org/ochre/0d4241a0-97f7-7722-7adb-c44d075dff65"">https://pi.lib.uchicago.edu/1001/org/ochre/0d4241a0-97f7-7722-7adb-c44d075dff65</a>"
02.083 Pottery Readings 023 (L).pdf,Pottery Readings: Dataset 1,Pottery readings from excavation: 1985-2016,"OCHRE link: <a href=""https://pi.lib.uchicago.edu/1001/org/ochre/57038bd3-951e-910b-fc13-a9b2d20d82c6"">https://pi.lib.uchicago.edu/1001/org/ochre/57038bd3-951e-910b-fc13-a9b2d20d82c6</a>"
02.083 Pottery Readings 024 (L).pdf,Pottery Readings: Dataset 1,Pottery readings from excavation: 1985-2016,"OCHRE link: <a href=""https://pi.lib.uchicago.edu/1001/org/ochre/8ade9261-a48f-1987-dc92-bd9253fc08cf"">https://pi.lib.uchicago.edu/1001/org/ochre/8ade9261-a48f-1987-dc92-bd9253fc08cf</a>"
02.083 Pottery Readings 025 (F).pdf,Pottery Readings: Dataset 1,Pottery readings from excavation: 1985-2016,"OCHRE link: <a href=""https://pi.lib.uchicago.edu/1001/org/ochre/ac247942-1d49-4982-facc-cb883cdbb41c"">https://pi.lib.uchicago.edu/1001/org/ochre/ac247942-1d49-4982-facc-cb883cdbb41c</a>"
02.083 Pottery Readings 025 (L).pdf,Pottery Readings: Dataset 1,Pottery readings from excavation: 1985-2016,"OCHRE link: <a href=""https://pi.lib.uchicago.edu/1001/org/ochre/9f333214-21d9-6386-c64d-497eebcd7e08"">https://pi.lib.uchicago.edu/1001/org/ochre/9f333214-21d9-6386-c64d-497eebcd7e08</a>"
02.083 Pottery Readings 026 (L).pdf,Pottery Readings: Dataset 1,Pottery readings from excavation: 1985-2016,"OCHRE link: <a href=""https://pi.lib.uchicago.edu/1001/org/ochre/de807c2d-90fb-e674-9b23-26271e423c91"">https://pi.lib.uchicago.edu/1001/org/ochre/de807c2d-90fb-e674-9b23-26271e423c91</a>"
02.083 Pottery Readings 026a (L).pdf,Pottery Readings: Dataset 1,Pottery readings from excavation: 1985-2016,"OCHRE link: <a href=""https://pi.lib.uchicago.edu/1001/org/ochre/aee3edb6-d89f-c4b8-8d2f-33798d707589"">https://pi.lib.uchicago.edu/1001/org/ochre/aee3edb6-d89f-c4b8-8d2f-33798d707589</a>"
02.083 Pottery Readings 027 (L).pdf,Pottery Readings: Dataset 1,Pottery readings from excavation: 1985-2016,"OCHRE link: <a href=""https://pi.lib.uchicago.edu/1001/org/ochre/1b08e650-98ad-76e9-f842-c53b6a70ee2b"">https://pi.lib.uchicago.edu/1001/org/ochre/1b08e650-98ad-76e9-f842-c53b6a70ee2b</a>"
02.083 Pottery Readings 028 (L).pdf,Pottery Readings: Dataset 1,Pottery readings from excavation: 1985-2016,"OCHRE link: <a href=""https://pi.lib.uchicago.edu/1001/org/ochre/158aad35-1c7c-d032-fdff-2f4af4706e13"">https://pi.lib.uchicago.edu/1001/org/ochre/158aad35-1c7c-d032-fdff-2f4af4706e13</a>"
02.083 Pottery Readings 029 (L).pdf,Pottery Readings: Dataset 1,Pottery readings from excavation: 1985-2016,"OCHRE link: <a href=""https://pi.lib.uchicago.edu/1001/org/ochre/dcf6719b-29d6-903e-235d-2d926be26d1c"">https://pi.lib.uchicago.edu/1001/org/ochre/dcf6719b-29d6-903e-235d-2d926be26d1c</a>"
02.083 Pottery Readings 031 (L).pdf,Pottery Readings: Dataset 1,Pottery readings from excavation: 1985-2016,"OCHRE link: <a href=""https://pi.lib.uchicago.edu/1001/org/ochre/f54a49f8-0185-e7f6-c3c7-e6a50d24b158"">https://pi.lib.uchicago.edu/1001/org/ochre/f54a49f8-0185-e7f6-c3c7-e6a50d24b158</a>"
02.083 Pottery Readings 032 (L).pdf,Pottery Readings: Dataset 1,Pottery readings from excavation: 1985-2016,"OCHRE link: <a href=""https://pi.lib.uchicago.edu/1001/org/ochre/befe2f8f-cc13-ebfa-f052-8f8b2f6d33b8"">https://pi.lib.uchicago.edu/1001/org/ochre/befe2f8f-cc13-ebfa-f052-8f8b2f6d33b8</a>"
02.083 Pottery Readings 033 (F).pdf,Pottery Readings: Dataset 1,Pottery readings from excavation: 1985-2016,"OCHRE link: <a href=""https://pi.lib.uchicago.edu/1001/org/ochre/6a8eb1e0-0b40-c4a9-9721-174f7f7a6b1e"">https://pi.lib.uchicago.edu/1001/org/ochre/6a8eb1e0-0b40-c4a9-9721-174f7f7a6b1e</a>"
02.083 Pottery Readings 033 (L).pdf,Pottery Readings: Dataset 1,Pottery readings from excavation: 1985-2016,"OCHRE link: <a href=""https://pi.lib.uchicago.edu/1001/org/ochre/9a9048eb-6d6b-1440-1a8b-ef3e7b28bef2"">https://pi.lib.uchicago.edu/1001/org/ochre/9a9048eb-6d6b-1440-1a8b-ef3e7b28bef2</a>"
02.083 Pottery Readings 034 (L).pdf,Pottery Readings: Dataset 1,Pottery readings from excavation: 1985-2016,"OCHRE link: <a href=""https://pi.lib.uchicago.edu/1001/org/ochre/edd32f4e-4be4-050f-0ddb-d23a077a211b"">https://pi.lib.uchicago.edu/1001/org/ochre/edd32f4e-4be4-050f-0ddb-d23a077a211b</a>"
02.083 Pottery Readings 035 (L).pdf,Pottery Readings: Dataset 1,Pottery readings from excavation: 1985-2016,"OCHRE link: <a href=""https://pi.lib.uchicago.edu/1001/org/ochre/3a10f8a2-82cd-88de-026e-1e0292008fba"">https://pi.lib.uchicago.edu/1001/org/ochre/3a10f8a2-82cd-88de-026e-1e0292008fba</a>"
02.083 Pottery Readings 036 (L).pdf,Pottery Readings: Dataset 1,Pottery readings from excavation: 1985-2016,"OCHRE link: <a href=""https://pi.lib.uchicago.edu/1001/org/ochre/3dfa54c3-8058-bd05-b2e9-3c1caf7c7e62"">https://pi.lib.uchicago.edu/1001/org/ochre/3dfa54c3-8058-bd05-b2e9-3c1caf7c7e62</a>"
02.083 Pottery Readings 037 (L).pdf,Pottery Readings: Dataset 1,Pottery readings from excavation: 1985-2016,"OCHRE link: <a href=""https://pi.lib.uchicago.edu/1001/org/ochre/c8cad458-8031-2532-43fa-c27ae5b13636"">https://pi.lib.uchicago.edu/1001/org/ochre/c8cad458-8031-2532-43fa-c27ae5b13636</a>"
02.083 Pottery Readings 038 (L).pdf,Pottery Readings: Dataset 1,Pottery readings from excavation: 1985-2016,"OCHRE link: <a href=""https://pi.lib.uchicago.edu/1001/org/ochre/c5a6ae55-9722-f346-deb7-ec13735167cd"">https://pi.lib.uchicago.edu/1001/org/ochre/c5a6ae55-9722-f346-deb7-ec13735167cd</a>"
02.083 Pottery Readings 039 (L).pdf,Pottery Readings: Dataset 1,Pottery readings from excavation: 1985-2016,"OCHRE link: <a href=""https://pi.lib.uchicago.edu/1001/org/ochre/b3f98213-49eb-e0e9-4c8e-472dc7952455"">https://pi.lib.uchicago.edu/1001/org/ochre/b3f98213-49eb-e0e9-4c8e-472dc7952455</a>"
02.083 Pottery Readings 040 (L).pdf,Pottery Readings: Dataset 1,Pottery readings from excavation: 1985-2016,"OCHRE link: <a href=""https://pi.lib.uchicago.edu/1001/org/ochre/5d790f21-a54a-32db-79a2-3f5e82e29459"">https://pi.lib.uchicago.edu/1001/org/ochre/5d790f21-a54a-32db-79a2-3f5e82e29459</a>"
02.083 Pottery Readings 041 (L).pdf,Pottery Readings: Dataset 1,Pottery readings from excavation: 1985-2016,"OCHRE link: <a href=""https://pi.lib.uchicago.edu/1001/org/ochre/1428586d-5b5f-fe42-7778-16aa048d0d5c"">https://pi.lib.uchicago.edu/1001/org/ochre/1428586d-5b5f-fe42-7778-16aa048d0d5c</a>"
02.083 Pottery Readings 043 (L).pdf,Pottery Readings: Dataset 1,Pottery readings from excavation: 1985-2016,"OCHRE link: <a href=""https://pi.lib.uchicago.edu/1001/org/ochre/61b0cb2d-ef78-8667-ef15-445c09661186"">https://pi.lib.uchicago.edu/1001/org/ochre/61b0cb2d-ef78-8667-ef15-445c09661186</a>"
02.083 Pottery Readings 044 (L).pdf,Pottery Readings: Dataset 1,Pottery readings from excavation: 1985-2016,"OCHRE link: <a href=""https://pi.lib.uchicago.edu/1001/org/ochre/ed4176b5-a51d-aed1-d7f2-6d8009202495"">https://pi.lib.uchicago.edu/1001/org/ochre/ed4176b5-a51d-aed1-d7f2-6d8009202495</a>"
02.083 Pottery Readings 045 (L).pdf,Pottery Readings: Dataset 1,Pottery readings from excavation: 1985-2016,"OCHRE link: <a href=""https://pi.lib.uchicago.edu/1001/org/ochre/e4e0d6c2-ec64-8018-9384-31ba000357b8"">https://pi.lib.uchicago.edu/1001/org/ochre/e4e0d6c2-ec64-8018-9384-31ba000357b8</a>"
02.083 Pottery Readings 046 (L).pdf,Pottery Readings: Dataset 1,Pottery readings from excavation: 1985-2016,"OCHRE link: <a href=""https://pi.lib.uchicago.edu/1001/org/ochre/0591fd54-b1cf-18a9-93c5-b4ae9f7cc8b3"">https://pi.lib.uchicago.edu/1001/org/ochre/0591fd54-b1cf-18a9-93c5-b4ae9f7cc8b3</a>"
02.083 Pottery Readings 048 (L).pdf,Pottery Readings: Dataset 1,Pottery readings from excavation: 1985-2016,"OCHRE link: <a href=""https://pi.lib.uchicago.edu/1001/org/ochre/98650967-d443-7b96-312c-2959de2e2301"">https://pi.lib.uchicago.edu/1001/org/ochre/98650967-d443-7b96-312c-2959de2e2301</a>"
02.083 Pottery Readings 049 (L).pdf,Pottery Readings: Dataset 1,Pottery readings from excavation: 1985-2016,"OCHRE link: <a href=""https://pi.lib.uchicago.edu/1001/org/ochre/659e9fa2-d1dd-305d-b1c1-37de317adb83"">https://pi.lib.uchicago.edu/1001/org/ochre/659e9fa2-d1dd-305d-b1c1-37de317adb83</a>"
02.083 Pottery Readings 050 (L).pdf,Pottery Readings: Dataset 1,Pottery readings from excavation: 1985-2016,"OCHRE link: <a href=""https://pi.lib.uchicago.edu/1001/org/ochre/00588718-3f9a-cbae-b63c-19da6e4a5395"">https://pi.lib.uchicago.edu/1001/org/ochre/00588718-3f9a-cbae-b63c-19da6e4a5395</a>"
02.083 Pottery Readings 051 (L).pdf,Pottery Readings: Dataset 1,Pottery readings from excavation: 1985-2016,"OCHRE link: <a href=""https://pi.lib.uchicago.edu/1001/org/ochre/10feaee7-2c1c-1b45-8f0e-dd3a66e49019"">https://pi.lib.uchicago.edu/1001/org/ochre/10feaee7-2c1c-1b45-8f0e-dd3a66e49019</a>"
02.083 Pottery Readings 052 (L).pdf,Pottery Readings: Dataset 1,Pottery readings from excavation: 1985-2016,"OCHRE link: <a href=""https://pi.lib.uchicago.edu/1001/org/ochre/0c9ccfec-5b7e-1fe3-452a-612e963b6a2b"">https://pi.lib.uchicago.edu/1001/org/ochre/0c9ccfec-5b7e-1fe3-452a-612e963b6a2b</a>"
02.083 Pottery Readings 053 (L).pdf,Pottery Readings: Dataset 1,Pottery readings from excavation: 1985-2016,"OCHRE link: <a href=""https://pi.lib.uchicago.edu/1001/org/ochre/e8fb0178-164c-2409-d7b7-55b13be2107d"">https://pi.lib.uchicago.edu/1001/org/ochre/e8fb0178-164c-2409-d7b7-55b13be2107d</a>"
02.083 Pottery Readings 054 (L).pdf,Pottery Readings: Dataset 1,Pottery readings from excavation: 1985-2016,"OCHRE link: <a href=""https://pi.lib.uchicago.edu/1001/org/ochre/ddce7117-4846-daf9-0aad-f1de6110f351"">https://pi.lib.uchicago.edu/1001/org/ochre/ddce7117-4846-daf9-0aad-f1de6110f351</a>"
02.083 Pottery Readings 055 (L).pdf,Pottery Readings: Dataset 1,Pottery readings from excavation: 1985-2016,"OCHRE link: <a href=""https://pi.lib.uchicago.edu/1001/org/ochre/50509d42-5ab4-9ff9-a93b-8d38f36cd598"">https://pi.lib.uchicago.edu/1001/org/ochre/50509d42-5ab4-9ff9-a93b-8d38f36cd598</a>"
02.083 Pottery Readings 056 (L).pdf,Pottery Readings: Dataset 1,Pottery readings from excavation: 1985-2016,"OCHRE link: <a href=""https://pi.lib.uchicago.edu/1001/org/ochre/8235a5dd-5d44-2f09-3db1-cb9f8d1f1e5a"">https://pi.lib.uchicago.edu/1001/org/ochre/8235a5dd-5d44-2f09-3db1-cb9f8d1f1e5a</a>"
02.083 Pottery Readings 057 (L).pdf,Pottery Readings: Dataset 1,Pottery readings from excavation: 1985-2016,"OCHRE link: <a href=""https://pi.lib.uchicago.edu/1001/org/ochre/64ee17b9-cb74-ebfc-5007-f2cd4b7a25e5"">https://pi.lib.uchicago.edu/1001/org/ochre/64ee17b9-cb74-ebfc-5007-f2cd4b7a25e5</a>"
02.083 Pottery Readings 059 (L).pdf,Pottery Readings: Dataset 1,Pottery readings from excavation: 1985-2016,"OCHRE link: <a href=""https://pi.lib.uchicago.edu/1001/org/ochre/8b122cfd-7017-6c0f-78a6-0337e8b16fe6"">https://pi.lib.uchicago.edu/1001/org/ochre/8b122cfd-7017-6c0f-78a6-0337e8b16fe6</a>"
02.083 Pottery Readings 061 (L).pdf,Pottery Readings: Dataset 1,Pottery readings from excavation: 1985-2016,"OCHRE link: <a href=""https://pi.lib.uchicago.edu/1001/org/ochre/46c915b8-a0a1-a7bd-668c-9469752bdba1"">https://pi.lib.uchicago.edu/1001/org/ochre/46c915b8-a0a1-a7bd-668c-9469752bdba1</a>"
02.083 Pottery Readings 063 (L).pdf,Pottery Readings: Dataset 1,Pottery readings from excavation: 1985-2016,"OCHRE link: <a href=""https://pi.lib.uchicago.edu/1001/org/ochre/d84d6391-a4b0-be49-2857-294580e3fbbc"">https://pi.lib.uchicago.edu/1001/org/ochre/d84d6391-a4b0-be49-2857-294580e3fbbc</a>"
02.083 Pottery Readings 064 (L).pdf,Pottery Readings: Dataset 1,Pottery readings from excavation: 1985-2016,"OCHRE link: <a href=""https://pi.lib.uchicago.edu/1001/org/ochre/524276bc-6cc0-2f2e-199f-d44b1e6c6c23"">https://pi.lib.uchicago.edu/1001/org/ochre/524276bc-6cc0-2f2e-199f-d44b1e6c6c23</a>"
02.083 Pottery Readings 065 (L).pdf,Pottery Readings: Dataset 1,Pottery readings from excavation: 1985-2016,"OCHRE link: <a href=""https://pi.lib.uchicago.edu/1001/org/ochre/29b844a4-4486-3997-5511-4f38d26e0f99"">https://pi.lib.uchicago.edu/1001/org/ochre/29b844a4-4486-3997-5511-4f38d26e0f99</a>"
02.084 Pottery Readings 001 (L).pdf,Pottery Readings: Dataset 1,Pottery readings from excavation: 1985-2016,"OCHRE link: <a href=""https://pi.lib.uchicago.edu/1001/org/ochre/28705d55-b81e-353b-8932-47a029c8abfc"">https://pi.lib.uchicago.edu/1001/org/ochre/28705d55-b81e-353b-8932-47a029c8abfc</a>"
02.084 Pottery Readings 002 (L).pdf,Pottery Readings: Dataset 1,Pottery readings from excavation: 1985-2016,"OCHRE link: <a href=""https://pi.lib.uchicago.edu/1001/org/ochre/f3b71329-cd40-e9be-d4b6-71105e926373"">https://pi.lib.uchicago.edu/1001/org/ochre/f3b71329-cd40-e9be-d4b6-71105e926373</a>"
02.084 Pottery Readings 004 (L).pdf,Pottery Readings: Dataset 1,Pottery readings from excavation: 1985-2016,"OCHRE link: <a href=""https://pi.lib.uchicago.edu/1001/org/ochre/8498c75f-ce4a-1135-8a66-7f172694ea45"">https://pi.lib.uchicago.edu/1001/org/ochre/8498c75f-ce4a-1135-8a66-7f172694ea45</a>"
02.084 Pottery Readings 005 (F).pdf,Pottery Readings: Dataset 1,Pottery readings from excavation: 1985-2016,"OCHRE link: <a href=""https://pi.lib.uchicago.edu/1001/org/ochre/3d767272-ca59-ca96-259c-0cf25596e746"">https://pi.lib.uchicago.edu/1001/org/ochre/3d767272-ca59-ca96-259c-0cf25596e746</a>"
02.084 Pottery Readings 005 (L).pdf,Pottery Readings: Dataset 1,Pottery readings from excavation: 1985-2016,"OCHRE link: <a href=""https://pi.lib.uchicago.edu/1001/org/ochre/79f17022-9823-dc3a-2ace-9fee4afaffa0"">https://pi.lib.uchicago.edu/1001/org/ochre/79f17022-9823-dc3a-2ace-9fee4afaffa0</a>"
02.084 Pottery Readings 006 (F).pdf,Pottery Readings: Dataset 1,Pottery readings from excavation: 1985-2016,"OCHRE link: <a href=""https://pi.lib.uchicago.edu/1001/org/ochre/ce5898cc-e7d6-86f5-66b9-00d812ff5f27"">https://pi.lib.uchicago.edu/1001/org/ochre/ce5898cc-e7d6-86f5-66b9-00d812ff5f27</a>"
02.084 Pottery Readings 006 (L).pdf,Pottery Readings: Dataset 1,Pottery readings from excavation: 1985-2016,"OCHRE link: <a href=""https://pi.lib.uchicago.edu/1001/org/ochre/e7191d33-fe17-d9ad-c2cb-9ba328ab1dd0"">https://pi.lib.uchicago.edu/1001/org/ochre/e7191d33-fe17-d9ad-c2cb-9ba328ab1dd0</a>"
02.084 Pottery Readings 007 (F).pdf,Pottery Readings: Dataset 1,Pottery readings from excavation: 1985-2016,"OCHRE link: <a href=""https://pi.lib.uchicago.edu/1001/org/ochre/162cd2b4-ee9d-3a4c-61ef-d768d40a2f48"">https://pi.lib.uchicago.edu/1001/org/ochre/162cd2b4-ee9d-3a4c-61ef-d768d40a2f48</a>"
02.084 Pottery Readings 008 (F).pdf,Pottery Readings: Dataset 1,Pottery readings from excavation: 1985-2016,"OCHRE link: <a href=""https://pi.lib.uchicago.edu/1001/org/ochre/4855dea6-21df-b16e-eca5-3cce8e30a6e9"">https://pi.lib.uchicago.edu/1001/org/ochre/4855dea6-21df-b16e-eca5-3cce8e30a6e9</a>"
02.084 Pottery Readings 008 (L).pdf,Pottery Readings: Dataset 1,Pottery readings from excavation: 1985-2016,"OCHRE link: <a href=""https://pi.lib.uchicago.edu/1001/org/ochre/f025282e-bff5-1ac0-b292-a6f6014b7d72"">https://pi.lib.uchicago.edu/1001/org/ochre/f025282e-bff5-1ac0-b292-a6f6014b7d72</a>"
02.084 Pottery Readings 009 (L).pdf,Pottery Readings: Dataset 1,Pottery readings from excavation: 1985-2016,"OCHRE link: <a href=""https://pi.lib.uchicago.edu/1001/org/ochre/42b24b24-a666-3900-68c5-66f917cb01a9"">https://pi.lib.uchicago.edu/1001/org/ochre/42b24b24-a666-3900-68c5-66f917cb01a9</a>"
02.084 Pottery Readings 011 (F).pdf,Pottery Readings: Dataset 1,Pottery readings from excavation: 1985-2016,"OCHRE link: <a href=""https://pi.lib.uchicago.edu/1001/org/ochre/5ec29801-2821-5655-8180-3e00b2e3c70f"">https://pi.lib.uchicago.edu/1001/org/ochre/5ec29801-2821-5655-8180-3e00b2e3c70f</a>"
02.084 Pottery Readings 012 (F).pdf,Pottery Readings: Dataset 1,Pottery readings from excavation: 1985-2016,"OCHRE link: <a href=""https://pi.lib.uchicago.edu/1001/org/ochre/fbfe508a-f7e2-ea92-65c0-c9fb4727dfd0"">https://pi.lib.uchicago.edu/1001/org/ochre/fbfe508a-f7e2-ea92-65c0-c9fb4727dfd0</a>"
02.084 Pottery Readings 015 (F).pdf,Pottery Readings: Dataset 1,Pottery readings from excavation: 1985-2016,"OCHRE link: <a href=""https://pi.lib.uchicago.edu/1001/org/ochre/3ff41eed-c8ec-75cf-8c24-47ada066a365"">https://pi.lib.uchicago.edu/1001/org/ochre/3ff41eed-c8ec-75cf-8c24-47ada066a365</a>"
02.084 Pottery Readings 019 (F).pdf,Pottery Readings: Dataset 1,Pottery readings from excavation: 1985-2016,"OCHRE link: <a href=""https://pi.lib.uchicago.edu/1001/org/ochre/d226af8a-6306-571a-92f6-ff146fb9e486"">https://pi.lib.uchicago.edu/1001/org/ochre/d226af8a-6306-571a-92f6-ff146fb9e486</a>"
02.084 Pottery Readings 019 (L).pdf,Pottery Readings: Dataset 1,Pottery readings from excavation: 1985-2016,"OCHRE link: <a href=""https://pi.lib.uchicago.edu/1001/org/ochre/597e523e-3098-6daa-cda7-040618ecca36"">https://pi.lib.uchicago.edu/1001/org/ochre/597e523e-3098-6daa-cda7-040618ecca36</a>"
02.084 Pottery Readings 021 (F).pdf,Pottery Readings: Dataset 1,Pottery readings from excavation: 1985-2016,"OCHRE link: <a href=""https://pi.lib.uchicago.edu/1001/org/ochre/763ad9e8-bf00-9340-e4b3-f71996181cba"">https://pi.lib.uchicago.edu/1001/org/ochre/763ad9e8-bf00-9340-e4b3-f71996181cba</a>"
02.084 Pottery Readings 022 (F).pdf,Pottery Readings: Dataset 1,Pottery readings from excavation: 1985-2016,"OCHRE link: <a href=""https://pi.lib.uchicago.edu/1001/org/ochre/3e6f95b3-469b-7149-5249-61848c8e922c"">https://pi.lib.uchicago.edu/1001/org/ochre/3e6f95b3-469b-7149-5249-61848c8e922c</a>"
02.084 Pottery Readings 023 (F).pdf,Pottery Readings: Dataset 1,Pottery readings from excavation: 1985-2016,"OCHRE link: <a href=""https://pi.lib.uchicago.edu/1001/org/ochre/f6e0022c-324f-8afc-4928-0166bc640cb6"">https://pi.lib.uchicago.edu/1001/org/ochre/f6e0022c-324f-8afc-4928-0166bc640cb6</a>"
02.084 Pottery Readings 025 (F).pdf,Pottery Readings: Dataset 1,Pottery readings from excavation: 1985-2016,"OCHRE link: <a href=""https://pi.lib.uchicago.edu/1001/org/ochre/a28eb04d-6142-5873-83d2-0204e06d771e"">https://pi.lib.uchicago.edu/1001/org/ochre/a28eb04d-6142-5873-83d2-0204e06d771e</a>"
02.084 Pottery Readings 027 (F).pdf,Pottery Readings: Dataset 1,Pottery readings from excavation: 1985-2016,"OCHRE link: <a href=""https://pi.lib.uchicago.edu/1001/org/ochre/86e03b86-9eb3-b207-7f81-09a508f1dd70"">https://pi.lib.uchicago.edu/1001/org/ochre/86e03b86-9eb3-b207-7f81-09a508f1dd70</a>"
02.084 Pottery Readings 036 (L).pdf,Pottery Readings: Dataset 1,Pottery readings from excavation: 1985-2016,"OCHRE link: <a href=""https://pi.lib.uchicago.edu/1001/org/ochre/1d6cc2b1-1f37-cdfa-93de-e2720d881180"">https://pi.lib.uchicago.edu/1001/org/ochre/1d6cc2b1-1f37-cdfa-93de-e2720d881180</a>"
02.084 Pottery Readings 037 (L).pdf,Pottery Readings: Dataset 1,Pottery readings from excavation: 1985-2016,"OCHRE link: <a href=""https://pi.lib.uchicago.edu/1001/org/ochre/e772617e-261d-2ea5-2c50-fc51f117a727"">https://pi.lib.uchicago.edu/1001/org/ochre/e772617e-261d-2ea5-2c50-fc51f117a727</a>"
02.084 Pottery Readings 038 (L).pdf,Pottery Readings: Dataset 1,Pottery readings from excavation: 1985-2016,"OCHRE link: <a href=""https://pi.lib.uchicago.edu/1001/org/ochre/d22b1e6b-7bac-53cd-01ae-d97a8e46fb8f"">https://pi.lib.uchicago.edu/1001/org/ochre/d22b1e6b-7bac-53cd-01ae-d97a8e46fb8f</a>"
02.084 Pottery Readings 040 (L).pdf,Pottery Readings: Dataset 1,Pottery readings from excavation: 1985-2016,"OCHRE link: <a href=""https://pi.lib.uchicago.edu/1001/org/ochre/460d8966-603a-2c23-acc8-321cf9f55b2f"">https://pi.lib.uchicago.edu/1001/org/ochre/460d8966-603a-2c23-acc8-321cf9f55b2f</a>"
02.084 Pottery Readings 043 (L).pdf,Pottery Readings: Dataset 1,Pottery readings from excavation: 1985-2016,"OCHRE link: <a href=""https://pi.lib.uchicago.edu/1001/org/ochre/1228dedc-bec7-457c-e4f7-d095f4f05a87"">https://pi.lib.uchicago.edu/1001/org/ochre/1228dedc-bec7-457c-e4f7-d095f4f05a87</a>"
02.084 Pottery Readings 044 (LF).pdf,Pottery Readings: Dataset 1,Pottery readings from excavation: 1985-2016,"OCHRE link: <a href=""https://pi.lib.uchicago.edu/1001/org/ochre/5400c882-6935-b73b-cc19-34dc240858c0"">https://pi.lib.uchicago.edu/1001/org/ochre/5400c882-6935-b73b-cc19-34dc240858c0</a>"
02.084 Pottery Readings 048 (F).pdf,Pottery Readings: Dataset 1,Pottery readings from excavation: 1985-2016,"OCHRE link: <a href=""https://pi.lib.uchicago.edu/1001/org/ochre/8c6c6ff4-6dc8-2cde-fc58-7682d81afa68"">https://pi.lib.uchicago.edu/1001/org/ochre/8c6c6ff4-6dc8-2cde-fc58-7682d81afa68</a>"
02.084 Pottery Readings 049 (L).pdf,Pottery Readings: Dataset 1,Pottery readings from excavation: 1985-2016,"OCHRE link: <a href=""https://pi.lib.uchicago.edu/1001/org/ochre/cc0c1f9f-9afc-8728-2d51-5f9244b9bec1"">https://pi.lib.uchicago.edu/1001/org/ochre/cc0c1f9f-9afc-8728-2d51-5f9244b9bec1</a>"
02.084 Pottery Readings 051 (L).pdf,Pottery Readings: Dataset 1,Pottery readings from excavation: 1985-2016,"OCHRE link: <a href=""https://pi.lib.uchicago.edu/1001/org/ochre/3fc4d36e-80c8-c1cc-bc84-4d3d9ddbf580"">https://pi.lib.uchicago.edu/1001/org/ochre/3fc4d36e-80c8-c1cc-bc84-4d3d9ddbf580</a>"
02.084 Pottery Readings 052 (L).pdf,Pottery Readings: Dataset 1,Pottery readings from excavation: 1985-2016,"OCHRE link: <a href=""https://pi.lib.uchicago.edu/1001/org/ochre/0719d8e4-4932-b85f-fc54-cdb32efb96a2"">https://pi.lib.uchicago.edu/1001/org/ochre/0719d8e4-4932-b85f-fc54-cdb32efb96a2</a>"
02.084 Pottery Readings 055 (L).pdf,Pottery Readings: Dataset 1,Pottery readings from excavation: 1985-2016,"OCHRE link: <a href=""https://pi.lib.uchicago.edu/1001/org/ochre/2fe3e7d6-7fb0-1c4f-c990-3ccfc8469d2d"">https://pi.lib.uchicago.edu/1001/org/ochre/2fe3e7d6-7fb0-1c4f-c990-3ccfc8469d2d</a>"
02.084 Pottery Readings 057 (L).pdf,Pottery Readings: Dataset 1,Pottery readings from excavation: 1985-2016,"OCHRE link: <a href=""https://pi.lib.uchicago.edu/1001/org/ochre/36797560-1a7b-8e6c-f8f7-560fc128ec1a"">https://pi.lib.uchicago.edu/1001/org/ochre/36797560-1a7b-8e6c-f8f7-560fc128ec1a</a>"
02.084 Pottery Readings 060 (L).pdf,Pottery Readings: Dataset 1,Pottery readings from excavation: 1985-2016,"OCHRE link: <a href=""https://pi.lib.uchicago.edu/1001/org/ochre/d62cb5fa-e036-8e7a-8f58-90aaacdbfe31"">https://pi.lib.uchicago.edu/1001/org/ochre/d62cb5fa-e036-8e7a-8f58-90aaacdbfe31</a>"
02.084 Pottery Readings 064 (LF).pdf,Pottery Readings: Dataset 1,Pottery readings from excavation: 1985-2016,"OCHRE link: <a href=""https://pi.lib.uchicago.edu/1001/org/ochre/d59f8a0e-cd4d-2f98-ac57-a7f4632be49f"">https://pi.lib.uchicago.edu/1001/org/ochre/d59f8a0e-cd4d-2f98-ac57-a7f4632be49f</a>"
02.084 Pottery Readings 072 (L).pdf,Pottery Readings: Dataset 1,Pottery readings from excavation: 1985-2016,"OCHRE link: <a href=""https://pi.lib.uchicago.edu/1001/org/ochre/951764d6-2d76-1e39-aa53-3c5d80cd018e"">https://pi.lib.uchicago.edu/1001/org/ochre/951764d6-2d76-1e39-aa53-3c5d80cd018e</a>"
02.084 Pottery Readings 073 (L).pdf,Pottery Readings: Dataset 1,Pottery readings from excavation: 1985-2016,"OCHRE link: <a href=""https://pi.lib.uchicago.edu/1001/org/ochre/2aca6433-ce56-08aa-cb07-8517a012a739"">https://pi.lib.uchicago.edu/1001/org/ochre/2aca6433-ce56-08aa-cb07-8517a012a739</a>"
02.084 Pottery Readings 074 (L).pdf,Pottery Readings: Dataset 1,Pottery readings from excavation: 1985-2016,"OCHRE link: <a href=""https://pi.lib.uchicago.edu/1001/org/ochre/c9695207-4617-7877-0ccc-637a92686971"">https://pi.lib.uchicago.edu/1001/org/ochre/c9695207-4617-7877-0ccc-637a92686971</a>"
02.084 Pottery Readings 084 (L).pdf,Pottery Readings: Dataset 1,Pottery readings from excavation: 1985-2016,"OCHRE link: <a href=""https://pi.lib.uchicago.edu/1001/org/ochre/a87dfa7a-e5ba-f9af-9cb3-102ccad522d1"">https://pi.lib.uchicago.edu/1001/org/ochre/a87dfa7a-e5ba-f9af-9cb3-102ccad522d1</a>"
02.084 Pottery Readings 085 (L).pdf,Pottery Readings: Dataset 1,Pottery readings from excavation: 1985-2016,"OCHRE link: <a href=""https://pi.lib.uchicago.edu/1001/org/ochre/eeba1ec2-7447-df24-5beb-816475cb6cb7"">https://pi.lib.uchicago.edu/1001/org/ochre/eeba1ec2-7447-df24-5beb-816475cb6cb7</a>"
02.084 Pottery Readings 086 (L).pdf,Pottery Readings: Dataset 1,Pottery readings from excavation: 1985-2016,"OCHRE link: <a href=""https://pi.lib.uchicago.edu/1001/org/ochre/7c6ba4a7-ab53-1ddf-a9ba-b039d5427b06"">https://pi.lib.uchicago.edu/1001/org/ochre/7c6ba4a7-ab53-1ddf-a9ba-b039d5427b06</a>"
02.084 Pottery Readings 087 (L).pdf,Pottery Readings: Dataset 1,Pottery readings from excavation: 1985-2016,"OCHRE link: <a href=""https://pi.lib.uchicago.edu/1001/org/ochre/11b2a44f-adf3-35f4-c475-45fc14e22fa0"">https://pi.lib.uchicago.edu/1001/org/ochre/11b2a44f-adf3-35f4-c475-45fc14e22fa0</a>"
02.084 Pottery Readings 088 (L).pdf,Pottery Readings: Dataset 1,Pottery readings from excavation: 1985-2016,"OCHRE link: <a href=""https://pi.lib.uchicago.edu/1001/org/ochre/da6700d8-acc6-a27e-0765-d9c6c1c9df11"">https://pi.lib.uchicago.edu/1001/org/ochre/da6700d8-acc6-a27e-0765-d9c6c1c9df11</a>"
02.084 Pottery Readings 090 (L).pdf,Pottery Readings: Dataset 1,Pottery readings from excavation: 1985-2016,"OCHRE link: <a href=""https://pi.lib.uchicago.edu/1001/org/ochre/d6833f75-c16c-1bf0-ad30-1b7c380ca377"">https://pi.lib.uchicago.edu/1001/org/ochre/d6833f75-c16c-1bf0-ad30-1b7c380ca377</a>"
02.084 Pottery Readings 091 (L).pdf,Pottery Readings: Dataset 1,Pottery readings from excavation: 1985-2016,"OCHRE link: <a href=""https://pi.lib.uchicago.edu/1001/org/ochre/1b2f75d6-64e8-13b0-6fa7-3db1a13e543c"">https://pi.lib.uchicago.edu/1001/org/ochre/1b2f75d6-64e8-13b0-6fa7-3db1a13e543c</a>"
02.084 Pottery Readings 093 (L).pdf,Pottery Readings: Dataset 1,Pottery readings from excavation: 1985-2016,"OCHRE link: <a href=""https://pi.lib.uchicago.edu/1001/org/ochre/cab967a2-da87-f38e-36d9-8b1f0b7aee27"">https://pi.lib.uchicago.edu/1001/org/ochre/cab967a2-da87-f38e-36d9-8b1f0b7aee27</a>"
02.084 Pottery Readings 094 (L).pdf,Pottery Readings: Dataset 1,Pottery readings from excavation: 1985-2016,"OCHRE link: <a href=""https://pi.lib.uchicago.edu/1001/org/ochre/5d21b656-d500-8d14-8f46-e1dbc5c4408c"">https://pi.lib.uchicago.edu/1001/org/ochre/5d21b656-d500-8d14-8f46-e1dbc5c4408c</a>"
02.084 Pottery Readings 099 (L).pdf,Pottery Readings: Dataset 1,Pottery readings from excavation: 1985-2016,"OCHRE link: <a href=""https://pi.lib.uchicago.edu/1001/org/ochre/899d17cd-3e3a-a20e-a6aa-d394aa2a8790"">https://pi.lib.uchicago.edu/1001/org/ochre/899d17cd-3e3a-a20e-a6aa-d394aa2a8790</a>"
02.084 Pottery Readings 100 (L).pdf,Pottery Readings: Dataset 1,Pottery readings from excavation: 1985-2016,"OCHRE link: <a href=""https://pi.lib.uchicago.edu/1001/org/ochre/8b4012b2-5994-6f4c-4a27-1d827c424a71"">https://pi.lib.uchicago.edu/1001/org/ochre/8b4012b2-5994-6f4c-4a27-1d827c424a71</a>"
02.084 Pottery Readings 101 (F).pdf,Pottery Readings: Dataset 1,Pottery readings from excavation: 1985-2016,"OCHRE link: <a href=""https://pi.lib.uchicago.edu/1001/org/ochre/305bccdc-c155-2440-6f55-a78228a12576"">https://pi.lib.uchicago.edu/1001/org/ochre/305bccdc-c155-2440-6f55-a78228a12576</a>"
02.084 Pottery Readings 102 (L).pdf,Pottery Readings: Dataset 1,Pottery readings from excavation: 1985-2016,"OCHRE link: <a href=""https://pi.lib.uchicago.edu/1001/org/ochre/e9aaddee-1a82-0e58-4d7d-af662163ed4e"">https://pi.lib.uchicago.edu/1001/org/ochre/e9aaddee-1a82-0e58-4d7d-af662163ed4e</a>"
02.084 Pottery Readings 103 (L).pdf,Pottery Readings: Dataset 1,Pottery readings from excavation: 1985-2016,"OCHRE link: <a href=""https://pi.lib.uchicago.edu/1001/org/ochre/8b397d5c-21fc-5315-1137-8108f45aae83"">https://pi.lib.uchicago.edu/1001/org/ochre/8b397d5c-21fc-5315-1137-8108f45aae83</a>"
02.084 Pottery Readings 104 (L).pdf,Pottery Readings: Dataset 1,Pottery readings from excavation: 1985-2016,"OCHRE link: <a href=""https://pi.lib.uchicago.edu/1001/org/ochre/1e847bf7-bbeb-9fb4-c5cc-4b0a908f5f40"">https://pi.lib.uchicago.edu/1001/org/ochre/1e847bf7-bbeb-9fb4-c5cc-4b0a908f5f40</a>"
02.084 Pottery Readings 105 (L).pdf,Pottery Readings: Dataset 1,Pottery readings from excavation: 1985-2016,"OCHRE link: <a href=""https://pi.lib.uchicago.edu/1001/org/ochre/374c58f4-12e3-e386-801e-eb7632292c06"">https://pi.lib.uchicago.edu/1001/org/ochre/374c58f4-12e3-e386-801e-eb7632292c06</a>"
02.084 Pottery Readings 106 (L).pdf,Pottery Readings: Dataset 1,Pottery readings from excavation: 1985-2016,"OCHRE link: <a href=""https://pi.lib.uchicago.edu/1001/org/ochre/3f03efef-1394-6642-782f-b3c526d20a81"">https://pi.lib.uchicago.edu/1001/org/ochre/3f03efef-1394-6642-782f-b3c526d20a81</a>"
02.084 Pottery Readings 107 (L).pdf,Pottery Readings: Dataset 1,Pottery readings from excavation: 1985-2016,"OCHRE link: <a href=""https://pi.lib.uchicago.edu/1001/org/ochre/2efff839-00be-a951-8911-8af6c3204246"">https://pi.lib.uchicago.edu/1001/org/ochre/2efff839-00be-a951-8911-8af6c3204246</a>"
02.084 Pottery Readings 108 (L).pdf,Pottery Readings: Dataset 1,Pottery readings from excavation: 1985-2016,"OCHRE link: <a href=""https://pi.lib.uchicago.edu/1001/org/ochre/9bb0b2c4-f3c0-c2e3-04de-36ba567e7a59"">https://pi.lib.uchicago.edu/1001/org/ochre/9bb0b2c4-f3c0-c2e3-04de-36ba567e7a59</a>"
02.084 Pottery Readings 109 (L).pdf,Pottery Readings: Dataset 1,Pottery readings from excavation: 1985-2016,"OCHRE link: <a href=""https://pi.lib.uchicago.edu/1001/org/ochre/3727f7c1-45f7-8fe0-3ae0-1e0178136b24"">https://pi.lib.uchicago.edu/1001/org/ochre/3727f7c1-45f7-8fe0-3ae0-1e0178136b24</a>"
02.084 Pottery Readings 110 (L).pdf,Pottery Readings: Dataset 1,Pottery readings from excavation: 1985-2016,"OCHRE link: <a href=""https://pi.lib.uchicago.edu/1001/org/ochre/34abc9df-69f7-9b2e-109f-cdd4fc701eb5"">https://pi.lib.uchicago.edu/1001/org/ochre/34abc9df-69f7-9b2e-109f-cdd4fc701eb5</a>"
02.084 Pottery Readings 111 (L).pdf,Pottery Readings: Dataset 1,Pottery readings from excavation: 1985-2016,"OCHRE link: <a href=""https://pi.lib.uchicago.edu/1001/org/ochre/1a0ea5bd-6c5f-cf20-28af-47f9c07430b9"">https://pi.lib.uchicago.edu/1001/org/ochre/1a0ea5bd-6c5f-cf20-28af-47f9c07430b9</a>"
02.084 Pottery Readings 112 (L).pdf,Pottery Readings: Dataset 1,Pottery readings from excavation: 1985-2016,"OCHRE link: <a href=""https://pi.lib.uchicago.edu/1001/org/ochre/787c407a-8bc0-7d40-537c-29b71d555adb"">https://pi.lib.uchicago.edu/1001/org/ochre/787c407a-8bc0-7d40-537c-29b71d555adb</a>"
02.084 Pottery Readings 113 (L).pdf,Pottery Readings: Dataset 1,Pottery readings from excavation: 1985-2016,"OCHRE link: <a href=""https://pi.lib.uchicago.edu/1001/org/ochre/3b35240c-c059-64f4-5dea-55ef07fa1eb7"">https://pi.lib.uchicago.edu/1001/org/ochre/3b35240c-c059-64f4-5dea-55ef07fa1eb7</a>"
02.084 Pottery Readings 123 (L).pdf,Pottery Readings: Dataset 1,Pottery readings from excavation: 1985-2016,"OCHRE link: <a href=""https://pi.lib.uchicago.edu/1001/org/ochre/175f42d7-f509-c161-3148-12c181f72c82"">https://pi.lib.uchicago.edu/1001/org/ochre/175f42d7-f509-c161-3148-12c181f72c82</a>"
02.084 Pottery Readings 124 (L).pdf,Pottery Readings: Dataset 1,Pottery readings from excavation: 1985-2016,"OCHRE link: <a href=""https://pi.lib.uchicago.edu/1001/org/ochre/36b20d4f-52fb-9e66-9cc4-27392d1f524b"">https://pi.lib.uchicago.edu/1001/org/ochre/36b20d4f-52fb-9e66-9cc4-27392d1f524b</a>"
02.084 Pottery Readings 134 (L).pdf,Pottery Readings: Dataset 1,Pottery readings from excavation: 1985-2016,"OCHRE link: <a href=""https://pi.lib.uchicago.edu/1001/org/ochre/be31d8e0-cb62-2a6a-0684-5b5af3566a3a"">https://pi.lib.uchicago.edu/1001/org/ochre/be31d8e0-cb62-2a6a-0684-5b5af3566a3a</a>"
02.084 Pottery Readings 135 (L).pdf,Pottery Readings: Dataset 1,Pottery readings from excavation: 1985-2016,"OCHRE link: <a href=""https://pi.lib.uchicago.edu/1001/org/ochre/769f915a-edc5-c6e4-a859-f204958e42ce"">https://pi.lib.uchicago.edu/1001/org/ochre/769f915a-edc5-c6e4-a859-f204958e42ce</a>"
02.084 Pottery Readings 136 (L).pdf,Pottery Readings: Dataset 1,Pottery readings from excavation: 1985-2016,"OCHRE link: <a href=""https://pi.lib.uchicago.edu/1001/org/ochre/f4789e1e-10ec-fc39-1882-a9423b1240a1"">https://pi.lib.uchicago.edu/1001/org/ochre/f4789e1e-10ec-fc39-1882-a9423b1240a1</a>"
02.084 Pottery Readings 138 (L).pdf,Pottery Readings: Dataset 1,Pottery readings from excavation: 1985-2016,"OCHRE link: <a href=""https://pi.lib.uchicago.edu/1001/org/ochre/a7f57232-8bfa-5d47-86d4-74220672ebc6"">https://pi.lib.uchicago.edu/1001/org/ochre/a7f57232-8bfa-5d47-86d4-74220672ebc6</a>"
02.084 Pottery Readings 140 (L).pdf,Pottery Readings: Dataset 1,Pottery readings from excavation: 1985-2016,"OCHRE link: <a href=""https://pi.lib.uchicago.edu/1001/org/ochre/a925ef52-d0dc-c1fb-40af-c4e0315fe9ec"">https://pi.lib.uchicago.edu/1001/org/ochre/a925ef52-d0dc-c1fb-40af-c4e0315fe9ec</a>"
02.084 Pottery Readings 150 (L).pdf,Pottery Readings: Dataset 1,Pottery readings from excavation: 1985-2016,"OCHRE link: <a href=""https://pi.lib.uchicago.edu/1001/org/ochre/423b024a-fd23-2688-bdeb-5167e7502602"">https://pi.lib.uchicago.edu/1001/org/ochre/423b024a-fd23-2688-bdeb-5167e7502602</a>"
02.084 Pottery Readings 152 (L).pdf,Pottery Readings: Dataset 1,Pottery readings from excavation: 1985-2016,"OCHRE link: <a href=""https://pi.lib.uchicago.edu/1001/org/ochre/c59f07ac-1b60-1c62-d870-4529af0394ab"">https://pi.lib.uchicago.edu/1001/org/ochre/c59f07ac-1b60-1c62-d870-4529af0394ab</a>"
02.084 Pottery Readings Misc.pdf,Pottery Readings: Dataset 1,Pottery readings from excavation: 1985-2016,"OCHRE link: <a href=""https://pi.lib.uchicago.edu/1001/org/ochre/f875d22c-9509-9d19-38d8-5e0b09b8e2fe"">https://pi.lib.uchicago.edu/1001/org/ochre/f875d22c-9509-9d19-38d8-5e0b09b8e2fe</a>"
02.085 Pottery Readings 002 (F).pdf,Pottery Readings: Dataset 1,Pottery readings from excavation: 1985-2016,"OCHRE link: <a href=""https://pi.lib.uchicago.edu/1001/org/ochre/a9d0b125-a7ef-439c-5345-25043ce264ff"">https://pi.lib.uchicago.edu/1001/org/ochre/a9d0b125-a7ef-439c-5345-25043ce264ff</a>"
02.085 Pottery Readings 002 (L).pdf,Pottery Readings: Dataset 1,Pottery readings from excavation: 1985-2016,"OCHRE link: <a href=""https://pi.lib.uchicago.edu/1001/org/ochre/8436c489-5fc9-b7c3-5902-3069b677b7c3"">https://pi.lib.uchicago.edu/1001/org/ochre/8436c489-5fc9-b7c3-5902-3069b677b7c3</a>"
02.085 Pottery Readings 003 (LF).pdf,Pottery Readings: Dataset 1,Pottery readings from excavation: 1985-2016,"OCHRE link: <a href=""https://pi.lib.uchicago.edu/1001/org/ochre/dbc4f6aa-4b77-ce3e-a540-a7a82b6df594"">https://pi.lib.uchicago.edu/1001/org/ochre/dbc4f6aa-4b77-ce3e-a540-a7a82b6df594</a>"
02.085 Pottery Readings 005 (L).pdf,Pottery Readings: Dataset 1,Pottery readings from excavation: 1985-2016,"OCHRE link: <a href=""https://pi.lib.uchicago.edu/1001/org/ochre/6081b3ee-13d2-b900-ac54-723783737c21"">https://pi.lib.uchicago.edu/1001/org/ochre/6081b3ee-13d2-b900-ac54-723783737c21</a>"
02.085 Pottery Readings 006 (L).pdf,Pottery Readings: Dataset 1,Pottery readings from excavation: 1985-2016,"OCHRE link: <a href=""https://pi.lib.uchicago.edu/1001/org/ochre/be0c5e5a-d211-f778-315a-5791a7eda02a"">https://pi.lib.uchicago.edu/1001/org/ochre/be0c5e5a-d211-f778-315a-5791a7eda02a</a>"
02.085 Pottery Readings 007 (L).pdf,Pottery Readings: Dataset 1,Pottery readings from excavation: 1985-2016,"OCHRE link: <a href=""https://pi.lib.uchicago.edu/1001/org/ochre/b443d0a8-81d6-d2f3-8f29-568e8a704118"">https://pi.lib.uchicago.edu/1001/org/ochre/b443d0a8-81d6-d2f3-8f29-568e8a704118</a>"
02.085 Pottery Readings 013 (L).pdf,Pottery Readings: Dataset 1,Pottery readings from excavation: 1985-2016,"OCHRE link: <a href=""https://pi.lib.uchicago.edu/1001/org/ochre/979961e0-7915-bdb7-a435-b7b1e8f4bfbe"">https://pi.lib.uchicago.edu/1001/org/ochre/979961e0-7915-bdb7-a435-b7b1e8f4bfbe</a>"
02.085 Pottery Readings 014 (L).pdf,Pottery Readings: Dataset 1,Pottery readings from excavation: 1985-2016,"OCHRE link: <a href=""https://pi.lib.uchicago.edu/1001/org/ochre/73698cfb-00f0-26fe-865f-b1a43f988f81"">https://pi.lib.uchicago.edu/1001/org/ochre/73698cfb-00f0-26fe-865f-b1a43f988f81</a>"
02.085 Pottery Readings 016 (L).pdf,Pottery Readings: Dataset 1,Pottery readings from excavation: 1985-2016,"OCHRE link: <a href=""https://pi.lib.uchicago.edu/1001/org/ochre/d5be1ebb-edb6-d414-fd7c-e15c8000678c"">https://pi.lib.uchicago.edu/1001/org/ochre/d5be1ebb-edb6-d414-fd7c-e15c8000678c</a>"
02.085 Pottery Readings 017 (L).pdf,Pottery Readings: Dataset 1,Pottery readings from excavation: 1985-2016,"OCHRE link: <a href=""https://pi.lib.uchicago.edu/1001/org/ochre/95b6ab1b-d8ff-eb2a-f4d6-30e3723a9fb5"">https://pi.lib.uchicago.edu/1001/org/ochre/95b6ab1b-d8ff-eb2a-f4d6-30e3723a9fb5</a>"
02.085 Pottery Readings 018 (L).pdf,Pottery Readings: Dataset 1,Pottery readings from excavation: 1985-2016,"OCHRE link: <a href=""https://pi.lib.uchicago.edu/1001/org/ochre/ed9ac9f2-8302-2208-7f44-3913bbf61d84"">https://pi.lib.uchicago.edu/1001/org/ochre/ed9ac9f2-8302-2208-7f44-3913bbf61d84</a>"
02.085 Pottery Readings 019 (L).pdf,Pottery Readings: Dataset 1,Pottery readings from excavation: 1985-2016,"OCHRE link: <a href=""https://pi.lib.uchicago.edu/1001/org/ochre/1421f962-7832-a5f1-cabd-019a8b5a0714"">https://pi.lib.uchicago.edu/1001/org/ochre/1421f962-7832-a5f1-cabd-019a8b5a0714</a>"
02.085 Pottery Readings 020 (L).pdf,Pottery Readings: Dataset 1,Pottery readings from excavation: 1985-2016,"OCHRE link: <a href=""https://pi.lib.uchicago.edu/1001/org/ochre/d7b425f2-0dcc-e587-1532-cc925c528cbf"">https://pi.lib.uchicago.edu/1001/org/ochre/d7b425f2-0dcc-e587-1532-cc925c528cbf</a>"
02.085 Pottery Readings 021 (L).pdf,Pottery Readings: Dataset 1,Pottery readings from excavation: 1985-2016,"OCHRE link: <a href=""https://pi.lib.uchicago.edu/1001/org/ochre/6cf8597e-aa9a-6017-1ee6-06ca74f9333a"">https://pi.lib.uchicago.edu/1001/org/ochre/6cf8597e-aa9a-6017-1ee6-06ca74f9333a</a>"
02.085 Pottery Readings 022 (L).pdf,Pottery Readings: Dataset 1,Pottery readings from excavation: 1985-2016,"OCHRE link: <a href=""https://pi.lib.uchicago.edu/1001/org/ochre/ebe09e4e-2ac4-faa3-e0f4-638f3d83ff00"">https://pi.lib.uchicago.edu/1001/org/ochre/ebe09e4e-2ac4-faa3-e0f4-638f3d83ff00</a>"
02.085 Pottery Readings 023 (F).pdf,Pottery Readings: Dataset 1,Pottery readings from excavation: 1985-2016,"OCHRE link: <a href=""https://pi.lib.uchicago.edu/1001/org/ochre/5762b38f-d7c3-2038-75cd-dd823105a6b5"">https://pi.lib.uchicago.edu/1001/org/ochre/5762b38f-d7c3-2038-75cd-dd823105a6b5</a>"
02.085 Pottery Readings 026 (L).pdf,Pottery Readings: Dataset 1,Pottery readings from excavation: 1985-2016,"OCHRE link: <a href=""https://pi.lib.uchicago.edu/1001/org/ochre/1a36af4b-f5c8-65e5-185a-7624a0220532"">https://pi.lib.uchicago.edu/1001/org/ochre/1a36af4b-f5c8-65e5-185a-7624a0220532</a>"
02.085 Pottery Readings 035 (L).pdf,Pottery Readings: Dataset 1,Pottery readings from excavation: 1985-2016,"OCHRE link: <a href=""https://pi.lib.uchicago.edu/1001/org/ochre/52567f85-daca-9bcc-4869-51c2a2a62070"">https://pi.lib.uchicago.edu/1001/org/ochre/52567f85-daca-9bcc-4869-51c2a2a62070</a>"
02.085 Pottery Readings 038 (L).pdf,Pottery Readings: Dataset 1,Pottery readings from excavation: 1985-2016,"OCHRE link: <a href=""https://pi.lib.uchicago.edu/1001/org/ochre/52ae0066-4281-07c6-d759-90e67c32b2d7"">https://pi.lib.uchicago.edu/1001/org/ochre/52ae0066-4281-07c6-d759-90e67c32b2d7</a>"
02.085 Pottery Readings 039 (L).pdf,Pottery Readings: Dataset 1,Pottery readings from excavation: 1985-2016,"OCHRE link: <a href=""https://pi.lib.uchicago.edu/1001/org/ochre/3e2a5c96-acd2-cf71-7f7a-7063a27f917a"">https://pi.lib.uchicago.edu/1001/org/ochre/3e2a5c96-acd2-cf71-7f7a-7063a27f917a</a>"
02.085 Pottery Readings 041 (L).pdf,Pottery Readings: Dataset 1,Pottery readings from excavation: 1985-2016,"OCHRE link: <a href=""https://pi.lib.uchicago.edu/1001/org/ochre/fb7b9373-1833-bb6b-314e-af94b48926fe"">https://pi.lib.uchicago.edu/1001/org/ochre/fb7b9373-1833-bb6b-314e-af94b48926fe</a>"
02.085 Pottery Readings 043 (L).pdf,Pottery Readings: Dataset 1,Pottery readings from excavation: 1985-2016,"OCHRE link: <a href=""https://pi.lib.uchicago.edu/1001/org/ochre/64aaeb16-a232-186e-50cf-26eef4ce3af2"">https://pi.lib.uchicago.edu/1001/org/ochre/64aaeb16-a232-186e-50cf-26eef4ce3af2</a>"
02.085 Pottery Readings 044 (LF).pdf,Pottery Readings: Dataset 1,Pottery readings from excavation: 1985-2016,"OCHRE link: <a href=""https://pi.lib.uchicago.edu/1001/org/ochre/db13c0c4-4dd6-a9c2-a93e-c32ba9ce1b4c"">https://pi.lib.uchicago.edu/1001/org/ochre/db13c0c4-4dd6-a9c2-a93e-c32ba9ce1b4c</a>"
02.085 Pottery Readings 045 (F).pdf,Pottery Readings: Dataset 1,Pottery readings from excavation: 1985-2016,"OCHRE link: <a href=""https://pi.lib.uchicago.edu/1001/org/ochre/11382a71-f1c6-087a-58fd-69e151ca716d"">https://pi.lib.uchicago.edu/1001/org/ochre/11382a71-f1c6-087a-58fd-69e151ca716d</a>"
02.085 Pottery Readings 046 (F).pdf,Pottery Readings: Dataset 1,Pottery readings from excavation: 1985-2016,"OCHRE link: <a href=""https://pi.lib.uchicago.edu/1001/org/ochre/a2d3b988-c8f3-f147-00c1-0366b489d0d9"">https://pi.lib.uchicago.edu/1001/org/ochre/a2d3b988-c8f3-f147-00c1-0366b489d0d9</a>"
02.085 Pottery Readings 046 (L).pdf,Pottery Readings: Dataset 1,Pottery readings from excavation: 1985-2016,"OCHRE link: <a href=""https://pi.lib.uchicago.edu/1001/org/ochre/93907a84-6505-23df-acd8-a8eff7332200"">https://pi.lib.uchicago.edu/1001/org/ochre/93907a84-6505-23df-acd8-a8eff7332200</a>"
02.085 Pottery Readings 047 (L).pdf,Pottery Readings: Dataset 1,Pottery readings from excavation: 1985-2016,"OCHRE link: <a href=""https://pi.lib.uchicago.edu/1001/org/ochre/68578434-387f-ce3b-2105-d1a3db2b6a64"">https://pi.lib.uchicago.edu/1001/org/ochre/68578434-387f-ce3b-2105-d1a3db2b6a64</a>"
02.085 Pottery Readings 048 (L).pdf,Pottery Readings: Dataset 1,Pottery readings from excavation: 1985-2016,"OCHRE link: <a href=""https://pi.lib.uchicago.edu/1001/org/ochre/e013efab-4b41-5d64-ac70-348c75628c80"">https://pi.lib.uchicago.edu/1001/org/ochre/e013efab-4b41-5d64-ac70-348c75628c80</a>"
02.085 Pottery Readings 049 (L).pdf,Pottery Readings: Dataset 1,Pottery readings from excavation: 1985-2016,"OCHRE link: <a href=""https://pi.lib.uchicago.edu/1001/org/ochre/8cb8585d-141a-7c08-ab56-b2dde6ae3d58"">https://pi.lib.uchicago.edu/1001/org/ochre/8cb8585d-141a-7c08-ab56-b2dde6ae3d58</a>"
02.085 Pottery Readings 051 (L).pdf,Pottery Readings: Dataset 1,Pottery readings from excavation: 1985-2016,"OCHRE link: <a href=""https://pi.lib.uchicago.edu/1001/org/ochre/eab95df8-48ed-12e0-da79-0ac3a7a641ee"">https://pi.lib.uchicago.edu/1001/org/ochre/eab95df8-48ed-12e0-da79-0ac3a7a641ee</a>"
02.085 Pottery Readings 052 (L).pdf,Pottery Readings: Dataset 1,Pottery readings from excavation: 1985-2016,"OCHRE link: <a href=""https://pi.lib.uchicago.edu/1001/org/ochre/7953cd8f-35e7-ca84-be8e-8a6727b7a3bf"">https://pi.lib.uchicago.edu/1001/org/ochre/7953cd8f-35e7-ca84-be8e-8a6727b7a3bf</a>"
02.085 Pottery Readings 054 (L).pdf,Pottery Readings: Dataset 1,Pottery readings from excavation: 1985-2016,"OCHRE link: <a href=""https://pi.lib.uchicago.edu/1001/org/ochre/9ee3c8c1-fb3d-6826-123b-a85fa66fbf3e"">https://pi.lib.uchicago.edu/1001/org/ochre/9ee3c8c1-fb3d-6826-123b-a85fa66fbf3e</a>"
02.085 Pottery Readings 059 (LF).pdf,Pottery Readings: Dataset 1,Pottery readings from excavation: 1985-2016,"OCHRE link: <a href=""https://pi.lib.uchicago.edu/1001/org/ochre/633bdf37-d5d9-243d-3915-1283232f6b75"">https://pi.lib.uchicago.edu/1001/org/ochre/633bdf37-d5d9-243d-3915-1283232f6b75</a>"
02.085 Pottery Readings 060 (L).pdf,Pottery Readings: Dataset 1,Pottery readings from excavation: 1985-2016,"OCHRE link: <a href=""https://pi.lib.uchicago.edu/1001/org/ochre/4d31a5a7-97f0-4b4a-3b84-0b2a4779c965"">https://pi.lib.uchicago.edu/1001/org/ochre/4d31a5a7-97f0-4b4a-3b84-0b2a4779c965</a>"
02.085 Pottery Readings 061 (L).pdf,Pottery Readings: Dataset 1,Pottery readings from excavation: 1985-2016,"OCHRE link: <a href=""https://pi.lib.uchicago.edu/1001/org/ochre/a1730577-12f0-5b6b-8e4c-215d67dbc105"">https://pi.lib.uchicago.edu/1001/org/ochre/a1730577-12f0-5b6b-8e4c-215d67dbc105</a>"
02.085 Pottery Readings 062 (L).pdf,Pottery Readings: Dataset 1,Pottery readings from excavation: 1985-2016,"OCHRE link: <a href=""https://pi.lib.uchicago.edu/1001/org/ochre/8665af3c-8fb1-116d-639a-3d27df4fd7af"">https://pi.lib.uchicago.edu/1001/org/ochre/8665af3c-8fb1-116d-639a-3d27df4fd7af</a>"
02.085 Pottery Readings 063 (L).pdf,Pottery Readings: Dataset 1,Pottery readings from excavation: 1985-2016,"OCHRE link: <a href=""https://pi.lib.uchicago.edu/1001/org/ochre/c5fc4a0d-4a44-2cdd-1f13-dae81102eef7"">https://pi.lib.uchicago.edu/1001/org/ochre/c5fc4a0d-4a44-2cdd-1f13-dae81102eef7</a>"
02.085 Pottery Readings 065 (L).pdf,Pottery Readings: Dataset 1,Pottery readings from excavation: 1985-2016,"OCHRE link: <a href=""https://pi.lib.uchicago.edu/1001/org/ochre/9d6d8732-cf00-9d5a-c048-823023d064b9"">https://pi.lib.uchicago.edu/1001/org/ochre/9d6d8732-cf00-9d5a-c048-823023d064b9</a>"
02.085 Pottery Readings 066 (F).pdf,Pottery Readings: Dataset 1,Pottery readings from excavation: 1985-2016,"OCHRE link: <a href=""https://pi.lib.uchicago.edu/1001/org/ochre/2b0c192e-3e0d-978d-ec24-ccab9e4f6b2d"">https://pi.lib.uchicago.edu/1001/org/ochre/2b0c192e-3e0d-978d-ec24-ccab9e4f6b2d</a>"
02.085 Pottery Readings 067 (F).pdf,Pottery Readings: Dataset 1,Pottery readings from excavation: 1985-2016,"OCHRE link: <a href=""https://pi.lib.uchicago.edu/1001/org/ochre/d580f5b8-8a49-270c-ab0c-b334666c2578"">https://pi.lib.uchicago.edu/1001/org/ochre/d580f5b8-8a49-270c-ab0c-b334666c2578</a>"
02.085 Pottery Readings 068 (L).pdf,Pottery Readings: Dataset 1,Pottery readings from excavation: 1985-2016,"OCHRE link: <a href=""https://pi.lib.uchicago.edu/1001/org/ochre/d8fab327-16bb-123e-a581-a6d8343f54ae"">https://pi.lib.uchicago.edu/1001/org/ochre/d8fab327-16bb-123e-a581-a6d8343f54ae</a>"
02.085 Pottery Readings 069 (LF).pdf,Pottery Readings: Dataset 1,Pottery readings from excavation: 1985-2016,"OCHRE link: <a href=""https://pi.lib.uchicago.edu/1001/org/ochre/6d44896f-ea96-3218-99d5-1e9c3b35e54b"">https://pi.lib.uchicago.edu/1001/org/ochre/6d44896f-ea96-3218-99d5-1e9c3b35e54b</a>"
02.085 Pottery Readings 071 (L).pdf,Pottery Readings: Dataset 1,Pottery readings from excavation: 1985-2016,"OCHRE link: <a href=""https://pi.lib.uchicago.edu/1001/org/ochre/fea9d033-730b-e747-0fee-d5ad7a4423b9"">https://pi.lib.uchicago.edu/1001/org/ochre/fea9d033-730b-e747-0fee-d5ad7a4423b9</a>"
02.085 Pottery Readings 072 (L).pdf,Pottery Readings: Dataset 1,Pottery readings from excavation: 1985-2016,"OCHRE link: <a href=""https://pi.lib.uchicago.edu/1001/org/ochre/12ee27cf-66cc-2d7b-7fbf-9b96153c895e"">https://pi.lib.uchicago.edu/1001/org/ochre/12ee27cf-66cc-2d7b-7fbf-9b96153c895e</a>"
02.085 Pottery Readings 073 (L).pdf,Pottery Readings: Dataset 1,Pottery readings from excavation: 1985-2016,"OCHRE link: <a href=""https://pi.lib.uchicago.edu/1001/org/ochre/5cbdb594-aab2-db42-b7f3-08fc9126a56c"">https://pi.lib.uchicago.edu/1001/org/ochre/5cbdb594-aab2-db42-b7f3-08fc9126a56c</a>"
02.085 Pottery Readings 074 (L).pdf,Pottery Readings: Dataset 1,Pottery readings from excavation: 1985-2016,"OCHRE link: <a href=""https://pi.lib.uchicago.edu/1001/org/ochre/4b0cab96-3f47-64b0-bc3f-3a9f429e2d30"">https://pi.lib.uchicago.edu/1001/org/ochre/4b0cab96-3f47-64b0-bc3f-3a9f429e2d30</a>"
02.085 Pottery Readings 075 (L).pdf,Pottery Readings: Dataset 1,Pottery readings from excavation: 1985-2016,"OCHRE link: <a href=""https://pi.lib.uchicago.edu/1001/org/ochre/d9d22036-b976-4e41-57d6-acccb008d253"">https://pi.lib.uchicago.edu/1001/org/ochre/d9d22036-b976-4e41-57d6-acccb008d253</a>"
02.085 Pottery Readings 076 (L).pdf,Pottery Readings: Dataset 1,Pottery readings from excavation: 1985-2016,"OCHRE link: <a href=""https://pi.lib.uchicago.edu/1001/org/ochre/60d7e33d-55fe-9e59-80be-7c2e55e95f62"">https://pi.lib.uchicago.edu/1001/org/ochre/60d7e33d-55fe-9e59-80be-7c2e55e95f62</a>"
02.085 Pottery Readings 077 (F).pdf,Pottery Readings: Dataset 1,Pottery readings from excavation: 1985-2016,"OCHRE link: <a href=""https://pi.lib.uchicago.edu/1001/org/ochre/4ef739c9-adf0-54e0-a5f9-e26594139b91"">https://pi.lib.uchicago.edu/1001/org/ochre/4ef739c9-adf0-54e0-a5f9-e26594139b91</a>"
02.085 Pottery Readings 078 (L).pdf,Pottery Readings: Dataset 1,Pottery readings from excavation: 1985-2016,"OCHRE link: <a href=""https://pi.lib.uchicago.edu/1001/org/ochre/7577336d-195e-ff35-0d31-5a41f80022be"">https://pi.lib.uchicago.edu/1001/org/ochre/7577336d-195e-ff35-0d31-5a41f80022be</a>"
02.085 Pottery Readings 079 (L).pdf,Pottery Readings: Dataset 1,Pottery readings from excavation: 1985-2016,"OCHRE link: <a href=""https://pi.lib.uchicago.edu/1001/org/ochre/d46da3ff-c8ef-113c-89c3-410e2a7322f7"">https://pi.lib.uchicago.edu/1001/org/ochre/d46da3ff-c8ef-113c-89c3-410e2a7322f7</a>"
02.085 Pottery Readings 080 (L).pdf,Pottery Readings: Dataset 1,Pottery readings from excavation: 1985-2016,"OCHRE link: <a href=""https://pi.lib.uchicago.edu/1001/org/ochre/5c5ac187-258b-d3be-c464-b34dd61718b0"">https://pi.lib.uchicago.edu/1001/org/ochre/5c5ac187-258b-d3be-c464-b34dd61718b0</a>"
02.085 Pottery Readings 081 (L).pdf,Pottery Readings: Dataset 1,Pottery readings from excavation: 1985-2016,"OCHRE link: <a href=""https://pi.lib.uchicago.edu/1001/org/ochre/6c8ddc95-8979-0201-b5e8-e008a815ddb4"">https://pi.lib.uchicago.edu/1001/org/ochre/6c8ddc95-8979-0201-b5e8-e008a815ddb4</a>"
02.085 Pottery Readings 082 (F).pdf,Pottery Readings: Dataset 1,Pottery readings from excavation: 1985-2016,"OCHRE link: <a href=""https://pi.lib.uchicago.edu/1001/org/ochre/f0b93b7b-b1c4-9ec0-ce52-bd4080f6790a"">https://pi.lib.uchicago.edu/1001/org/ochre/f0b93b7b-b1c4-9ec0-ce52-bd4080f6790a</a>"
02.085 Pottery Readings 084 (L).pdf,Pottery Readings: Dataset 1,Pottery readings from excavation: 1985-2016,"OCHRE link: <a href=""https://pi.lib.uchicago.edu/1001/org/ochre/82d1dbdf-e451-a996-3ed2-ef4ed0e01542"">https://pi.lib.uchicago.edu/1001/org/ochre/82d1dbdf-e451-a996-3ed2-ef4ed0e01542</a>"
02.085 Pottery Readings 086 (F).pdf,Pottery Readings: Dataset 1,Pottery readings from excavation: 1985-2016,"OCHRE link: <a href=""https://pi.lib.uchicago.edu/1001/org/ochre/2e8a4d47-5fde-7bff-2a35-e44c3cdc1ae0"">https://pi.lib.uchicago.edu/1001/org/ochre/2e8a4d47-5fde-7bff-2a35-e44c3cdc1ae0</a>"
02.085 Pottery Readings 087 (L).pdf,Pottery Readings: Dataset 1,Pottery readings from excavation: 1985-2016,"OCHRE link: <a href=""https://pi.lib.uchicago.edu/1001/org/ochre/3be36b88-f6ae-4273-6b34-4269579619fe"">https://pi.lib.uchicago.edu/1001/org/ochre/3be36b88-f6ae-4273-6b34-4269579619fe</a>"
02.085 Pottery Readings 088 (L).pdf,Pottery Readings: Dataset 1,Pottery readings from excavation: 1985-2016,"OCHRE link: <a href=""https://pi.lib.uchicago.edu/1001/org/ochre/e14ee73a-051b-0c70-4a90-e7fee0f7544c"">https://pi.lib.uchicago.edu/1001/org/ochre/e14ee73a-051b-0c70-4a90-e7fee0f7544c</a>"
02.085 Pottery Readings 090 (LF).pdf,Pottery Readings: Dataset 1,Pottery readings from excavation: 1985-2016,"OCHRE link: <a href=""https://pi.lib.uchicago.edu/1001/org/ochre/9374f52c-fb93-a427-eda9-95e88fef63fb"">https://pi.lib.uchicago.edu/1001/org/ochre/9374f52c-fb93-a427-eda9-95e88fef63fb</a>"
02.085 Pottery Readings 092 (F).pdf,Pottery Readings: Dataset 1,Pottery readings from excavation: 1985-2016,"OCHRE link: <a href=""https://pi.lib.uchicago.edu/1001/org/ochre/2d7f6474-142b-9631-b377-9393b3c92f32"">https://pi.lib.uchicago.edu/1001/org/ochre/2d7f6474-142b-9631-b377-9393b3c92f32</a>"
02.085 Pottery Readings 093 (F).pdf,Pottery Readings: Dataset 1,Pottery readings from excavation: 1985-2016,"OCHRE link: <a href=""https://pi.lib.uchicago.edu/1001/org/ochre/de8cafa0-6519-a99a-cbe0-bef65161c72a"">https://pi.lib.uchicago.edu/1001/org/ochre/de8cafa0-6519-a99a-cbe0-bef65161c72a</a>"
02.085 Pottery Readings 094 (L).pdf,Pottery Readings: Dataset 1,Pottery readings from excavation: 1985-2016,"OCHRE link: <a href=""https://pi.lib.uchicago.edu/1001/org/ochre/6934eea6-6747-1cf2-d8af-7ce7a95fb275"">https://pi.lib.uchicago.edu/1001/org/ochre/6934eea6-6747-1cf2-d8af-7ce7a95fb275</a>"
02.085 Pottery Readings 097 (F).pdf,Pottery Readings: Dataset 1,Pottery readings from excavation: 1985-2016,"OCHRE link: <a href=""https://pi.lib.uchicago.edu/1001/org/ochre/098ec46a-276a-f713-021a-2af3410d7516"">https://pi.lib.uchicago.edu/1001/org/ochre/098ec46a-276a-f713-021a-2af3410d7516</a>"
02.085 Pottery Readings 098 (LF).pdf,Pottery Readings: Dataset 1,Pottery readings from excavation: 1985-2016,"OCHRE link: <a href=""https://pi.lib.uchicago.edu/1001/org/ochre/b9c0d8a2-fd54-b021-ad87-cc1fa60be199"">https://pi.lib.uchicago.edu/1001/org/ochre/b9c0d8a2-fd54-b021-ad87-cc1fa60be199</a>"
02.085 Pottery Readings 099 (L).pdf,Pottery Readings: Dataset 1,Pottery readings from excavation: 1985-2016,"OCHRE link: <a href=""https://pi.lib.uchicago.edu/1001/org/ochre/b2e6a75c-4485-280a-a2d6-8bc22602d4d3"">https://pi.lib.uchicago.edu/1001/org/ochre/b2e6a75c-4485-280a-a2d6-8bc22602d4d3</a>"
02.085 Pottery Readings 111 (L).pdf,Pottery Readings: Dataset 1,Pottery readings from excavation: 1985-2016,"OCHRE link: <a href=""https://pi.lib.uchicago.edu/1001/org/ochre/f03134a5-1f2c-d877-0575-d72b8cb88ec6"">https://pi.lib.uchicago.edu/1001/org/ochre/f03134a5-1f2c-d877-0575-d72b8cb88ec6</a>"
02.085 Pottery Readings 115 (L).pdf,Pottery Readings: Dataset 1,Pottery readings from excavation: 1985-2016,"OCHRE link: <a href=""https://pi.lib.uchicago.edu/1001/org/ochre/c31b555e-2b35-421e-d1fa-1b988954c6c4"">https://pi.lib.uchicago.edu/1001/org/ochre/c31b555e-2b35-421e-d1fa-1b988954c6c4</a>"
02.086 Pottery Readings 002 (F).pdf,Pottery Readings: Dataset 1,Pottery readings from excavation: 1985-2016,"OCHRE link: <a href=""https://pi.lib.uchicago.edu/1001/org/ochre/9ac6b00d-42bb-8220-db3e-748e22740774"">https://pi.lib.uchicago.edu/1001/org/ochre/9ac6b00d-42bb-8220-db3e-748e22740774</a>"
02.086 Pottery Readings 007 (L).pdf,Pottery Readings: Dataset 1,Pottery readings from excavation: 1985-2016,"OCHRE link: <a href=""https://pi.lib.uchicago.edu/1001/org/ochre/ba82c6b9-496f-4aea-a20c-8e33f0765d24"">https://pi.lib.uchicago.edu/1001/org/ochre/ba82c6b9-496f-4aea-a20c-8e33f0765d24</a>"
02.086 Pottery Readings 014 (L).pdf,Pottery Readings: Dataset 1,Pottery readings from excavation: 1985-2016,"OCHRE link: <a href=""https://pi.lib.uchicago.edu/1001/org/ochre/c15458a1-f16e-c994-d8a9-2f516defdebb"">https://pi.lib.uchicago.edu/1001/org/ochre/c15458a1-f16e-c994-d8a9-2f516defdebb</a>"
02.086 Pottery Readings 021 (L).pdf,Pottery Readings: Dataset 1,Pottery readings from excavation: 1985-2016,"OCHRE link: <a href=""https://pi.lib.uchicago.edu/1001/org/ochre/8a3550ed-cc7f-20fc-145c-a72dcd23e6b0"">https://pi.lib.uchicago.edu/1001/org/ochre/8a3550ed-cc7f-20fc-145c-a72dcd23e6b0</a>"
02.086 Pottery Readings 022 (L).pdf,Pottery Readings: Dataset 1,Pottery readings from excavation: 1985-2016,"OCHRE link: <a href=""https://pi.lib.uchicago.edu/1001/org/ochre/9a75d6ec-ea16-41b8-0a95-721b31342a04"">https://pi.lib.uchicago.edu/1001/org/ochre/9a75d6ec-ea16-41b8-0a95-721b31342a04</a>"
02.086 Pottery Readings 040 (F).pdf,Pottery Readings: Dataset 1,Pottery readings from excavation: 1985-2016,"OCHRE link: <a href=""https://pi.lib.uchicago.edu/1001/org/ochre/5f47c143-91f4-d786-e17b-76609f502ca3"">https://pi.lib.uchicago.edu/1001/org/ochre/5f47c143-91f4-d786-e17b-76609f502ca3</a>"
02.086 Pottery Readings 046 (F).pdf,Pottery Readings: Dataset 1,Pottery readings from excavation: 1985-2016,"OCHRE link: <a href=""https://pi.lib.uchicago.edu/1001/org/ochre/50672ea1-6231-0f8f-90ba-2c3ef103c1ab"">https://pi.lib.uchicago.edu/1001/org/ochre/50672ea1-6231-0f8f-90ba-2c3ef103c1ab</a>"
02.086 Pottery Readings 067 (F).pdf,Pottery Readings: Dataset 1,Pottery readings from excavation: 1985-2016,"OCHRE link: <a href=""https://pi.lib.uchicago.edu/1001/org/ochre/386f3967-4a1b-4a7e-8ed2-e8990f68c9ba"">https://pi.lib.uchicago.edu/1001/org/ochre/386f3967-4a1b-4a7e-8ed2-e8990f68c9ba</a>"
02.086 Pottery Readings 090 (L).pdf,Pottery Readings: Dataset 1,Pottery readings from excavation: 1985-2016,"OCHRE link: <a href=""https://pi.lib.uchicago.edu/1001/org/ochre/ddeafdb0-c169-9229-a55e-54aa75597ac9"">https://pi.lib.uchicago.edu/1001/org/ochre/ddeafdb0-c169-9229-a55e-54aa75597ac9</a>"
02.086 Pottery Readings 096 (F).pdf,Pottery Readings: Dataset 1,Pottery readings from excavation: 1985-2016,"OCHRE link: <a href=""https://pi.lib.uchicago.edu/1001/org/ochre/7ef2e389-d508-433b-9f9e-7c40a4b03330"">https://pi.lib.uchicago.edu/1001/org/ochre/7ef2e389-d508-433b-9f9e-7c40a4b03330</a>"
02.086 Pottery Readings 097 (F).pdf,Pottery Readings: Dataset 1,Pottery readings from excavation: 1985-2016,"OCHRE link: <a href=""https://pi.lib.uchicago.edu/1001/org/ochre/ed95ef0e-d47d-e83c-ea41-0f33dd70333e"">https://pi.lib.uchicago.edu/1001/org/ochre/ed95ef0e-d47d-e83c-ea41-0f33dd70333e</a>"
02.086 Pottery Readings 101 (L).pdf,Pottery Readings: Dataset 1,Pottery readings from excavation: 1985-2016,"OCHRE link: <a href=""https://pi.lib.uchicago.edu/1001/org/ochre/99507d35-e6a6-1533-b0ca-4a2f4df945ec"">https://pi.lib.uchicago.edu/1001/org/ochre/99507d35-e6a6-1533-b0ca-4a2f4df945ec</a>"
02.086 Pottery Readings 102 (L).pdf,Pottery Readings: Dataset 1,Pottery readings from excavation: 1985-2016,"OCHRE link: <a href=""https://pi.lib.uchicago.edu/1001/org/ochre/89c0294f-8f8e-1777-c4d9-457fc5d1a1f6"">https://pi.lib.uchicago.edu/1001/org/ochre/89c0294f-8f8e-1777-c4d9-457fc5d1a1f6</a>"
02.086 Pottery Readings 106 (L).pdf,Pottery Readings: Dataset 1,Pottery readings from excavation: 1985-2016,"OCHRE link: <a href=""https://pi.lib.uchicago.edu/1001/org/ochre/6cf578d8-fec0-d721-3716-19cd7d476d56"">https://pi.lib.uchicago.edu/1001/org/ochre/6cf578d8-fec0-d721-3716-19cd7d476d56</a>"
02.086 Pottery Readings 108 (F).pdf,Pottery Readings: Dataset 1,Pottery readings from excavation: 1985-2016,"OCHRE link: <a href=""https://pi.lib.uchicago.edu/1001/org/ochre/8cbd3805-121e-2433-fb63-d97f83f4a745"">https://pi.lib.uchicago.edu/1001/org/ochre/8cbd3805-121e-2433-fb63-d97f83f4a745</a>"
02.086 Pottery Readings 110 (L).pdf,Pottery Readings: Dataset 1,Pottery readings from excavation: 1985-2016,"OCHRE link: <a href=""https://pi.lib.uchicago.edu/1001/org/ochre/fa49c95c-048e-34a5-e662-6f0d6b12d958"">https://pi.lib.uchicago.edu/1001/org/ochre/fa49c95c-048e-34a5-e662-6f0d6b12d958</a>"
02.086 Pottery Readings 130 (L).pdf,Pottery Readings: Dataset 1,Pottery readings from excavation: 1985-2016,"OCHRE link: <a href=""https://pi.lib.uchicago.edu/1001/org/ochre/2f97f9ff-860c-4010-f056-13fc58f809e9"">https://pi.lib.uchicago.edu/1001/org/ochre/2f97f9ff-860c-4010-f056-13fc58f809e9</a>"
02.086 Pottery Readings Miscellaneous.pdf,Pottery Readings: Dataset 1,Pottery readings from excavation: 1985-2016,"OCHRE link: <a href=""https://pi.lib.uchicago.edu/1001/org/ochre/8020fe08-c778-b636-ec99-3c806221df4d"">https://pi.lib.uchicago.edu/1001/org/ochre/8020fe08-c778-b636-ec99-3c806221df4d</a>"
02.093 Pottery Readings 001 (L).pdf,Pottery Readings: Dataset 1,Pottery readings from excavation: 1985-2016,"OCHRE link: <a href=""https://pi.lib.uchicago.edu/1001/org/ochre/7d87bd4d-5d6b-8637-6f12-4bc8016d6f79"">https://pi.lib.uchicago.edu/1001/org/ochre/7d87bd4d-5d6b-8637-6f12-4bc8016d6f79</a>"
02.093 Pottery Readings 002 (L).pdf,Pottery Readings: Dataset 1,Pottery readings from excavation: 1985-2016,"OCHRE link: <a href=""https://pi.lib.uchicago.edu/1001/org/ochre/93a1830c-8570-9b2a-3504-671c4c40a969"">https://pi.lib.uchicago.edu/1001/org/ochre/93a1830c-8570-9b2a-3504-671c4c40a969</a>"
02.093 Pottery Readings 006 (L).pdf,Pottery Readings: Dataset 1,Pottery readings from excavation: 1985-2016,"OCHRE link: <a href=""https://pi.lib.uchicago.edu/1001/org/ochre/d817954f-57d5-f8ff-4a8c-712d5359df11"">https://pi.lib.uchicago.edu/1001/org/ochre/d817954f-57d5-f8ff-4a8c-712d5359df11</a>"
02.093 Pottery Readings 011 (L).pdf,Pottery Readings: Dataset 1,Pottery readings from excavation: 1985-2016,"OCHRE link: <a href=""https://pi.lib.uchicago.edu/1001/org/ochre/64f10af1-f215-9270-4225-64170cb5ff0a"">https://pi.lib.uchicago.edu/1001/org/ochre/64f10af1-f215-9270-4225-64170cb5ff0a</a>"
02.093 Pottery Readings 012 (F).pdf,Pottery Readings: Dataset 1,Pottery readings from excavation: 1985-2016,"OCHRE link: <a href=""https://pi.lib.uchicago.edu/1001/org/ochre/2cfd6917-a8cc-3fd2-21e8-0ec7035e4981"">https://pi.lib.uchicago.edu/1001/org/ochre/2cfd6917-a8cc-3fd2-21e8-0ec7035e4981</a>"
02.093 Pottery Readings 012 (L).pdf,Pottery Readings: Dataset 1,Pottery readings from excavation: 1985-2016,"OCHRE link: <a href=""https://pi.lib.uchicago.edu/1001/org/ochre/26fe4de4-d69c-8aa0-108b-75b3505e628b"">https://pi.lib.uchicago.edu/1001/org/ochre/26fe4de4-d69c-8aa0-108b-75b3505e628b</a>"
02.093 Pottery Readings 013 (L).pdf,Pottery Readings: Dataset 1,Pottery readings from excavation: 1985-2016,"OCHRE link: <a href=""https://pi.lib.uchicago.edu/1001/org/ochre/f88e4e4c-5481-fe3c-437b-fd816e162569"">https://pi.lib.uchicago.edu/1001/org/ochre/f88e4e4c-5481-fe3c-437b-fd816e162569</a>"
02.093 Pottery Readings 014 (F).pdf,Pottery Readings: Dataset 1,Pottery readings from excavation: 1985-2016,"OCHRE link: <a href=""https://pi.lib.uchicago.edu/1001/org/ochre/705f38c6-934b-d3db-61fb-4182158f62ae"">https://pi.lib.uchicago.edu/1001/org/ochre/705f38c6-934b-d3db-61fb-4182158f62ae</a>"
02.093 Pottery Readings 015 (L).pdf,Pottery Readings: Dataset 1,Pottery readings from excavation: 1985-2016,"OCHRE link: <a href=""https://pi.lib.uchicago.edu/1001/org/ochre/7810ca10-45c3-305f-7a52-864d4ffd91e3"">https://pi.lib.uchicago.edu/1001/org/ochre/7810ca10-45c3-305f-7a52-864d4ffd91e3</a>"
02.093 Pottery Readings 016 (F).pdf,Pottery Readings: Dataset 1,Pottery readings from excavation: 1985-2016,"OCHRE link: <a href=""https://pi.lib.uchicago.edu/1001/org/ochre/73b986e0-6153-d3ad-75d6-5d236458d236"">https://pi.lib.uchicago.edu/1001/org/ochre/73b986e0-6153-d3ad-75d6-5d236458d236</a>"
02.093 Pottery Readings 017 (L).pdf,Pottery Readings: Dataset 1,Pottery readings from excavation: 1985-2016,"OCHRE link: <a href=""https://pi.lib.uchicago.edu/1001/org/ochre/b43779b8-9cd6-3210-f75f-189590bcccc0"">https://pi.lib.uchicago.edu/1001/org/ochre/b43779b8-9cd6-3210-f75f-189590bcccc0</a>"
02.093 Pottery Readings 018 (L).pdf,Pottery Readings: Dataset 1,Pottery readings from excavation: 1985-2016,"OCHRE link: <a href=""https://pi.lib.uchicago.edu/1001/org/ochre/126be95e-0d6e-31fb-75d2-34cc34285dac"">https://pi.lib.uchicago.edu/1001/org/ochre/126be95e-0d6e-31fb-75d2-34cc34285dac</a>"
02.093 Pottery Readings 019 (L).pdf,Pottery Readings: Dataset 1,Pottery readings from excavation: 1985-2016,"OCHRE link: <a href=""https://pi.lib.uchicago.edu/1001/org/ochre/4885f414-1428-efe5-130e-7d0991e05ccc"">https://pi.lib.uchicago.edu/1001/org/ochre/4885f414-1428-efe5-130e-7d0991e05ccc</a>"
02.093 Pottery Readings 020 (F).pdf,Pottery Readings: Dataset 1,Pottery readings from excavation: 1985-2016,"OCHRE link: <a href=""https://pi.lib.uchicago.edu/1001/org/ochre/c65d183d-7cfc-a0f2-0cb4-b9012ab0102e"">https://pi.lib.uchicago.edu/1001/org/ochre/c65d183d-7cfc-a0f2-0cb4-b9012ab0102e</a>"
02.093 Pottery Readings 021 (L).pdf,Pottery Readings: Dataset 1,Pottery readings from excavation: 1985-2016,"OCHRE link: <a href=""https://pi.lib.uchicago.edu/1001/org/ochre/0db25115-64ff-f977-c4ec-908a0626c46d"">https://pi.lib.uchicago.edu/1001/org/ochre/0db25115-64ff-f977-c4ec-908a0626c46d</a>"
02.093 Pottery Readings 022 (L).pdf,Pottery Readings: Dataset 1,Pottery readings from excavation: 1985-2016,"OCHRE link: <a href=""https://pi.lib.uchicago.edu/1001/org/ochre/e4e4fb8c-c176-890b-b8ac-11364822dbab"">https://pi.lib.uchicago.edu/1001/org/ochre/e4e4fb8c-c176-890b-b8ac-11364822dbab</a>"
02.093 Pottery Readings 023 (F).pdf,Pottery Readings: Dataset 1,Pottery readings from excavation: 1985-2016,"OCHRE link: <a href=""https://pi.lib.uchicago.edu/1001/org/ochre/72b8a1b7-e60e-fc1a-b6fb-012ed3a22738"">https://pi.lib.uchicago.edu/1001/org/ochre/72b8a1b7-e60e-fc1a-b6fb-012ed3a22738</a>"
02.093 Pottery Readings 024 (F).pdf,Pottery Readings: Dataset 1,Pottery readings from excavation: 1985-2016,"OCHRE link: <a href=""https://pi.lib.uchicago.edu/1001/org/ochre/638f128b-0689-4660-3adb-92b160495cc2"">https://pi.lib.uchicago.edu/1001/org/ochre/638f128b-0689-4660-3adb-92b160495cc2</a>"
02.093 Pottery Readings 025 (F).pdf,Pottery Readings: Dataset 1,Pottery readings from excavation: 1985-2016,"OCHRE link: <a href=""https://pi.lib.uchicago.edu/1001/org/ochre/a9945242-b461-b584-eaeb-94b9a4e92326"">https://pi.lib.uchicago.edu/1001/org/ochre/a9945242-b461-b584-eaeb-94b9a4e92326</a>"
02.093 Pottery Readings 026 (L).pdf,Pottery Readings: Dataset 1,Pottery readings from excavation: 1985-2016,"OCHRE link: <a href=""https://pi.lib.uchicago.edu/1001/org/ochre/e201e76c-74b4-9f21-5574-663bba2cb221"">https://pi.lib.uchicago.edu/1001/org/ochre/e201e76c-74b4-9f21-5574-663bba2cb221</a>"
02.093 Pottery Readings 027 (L).pdf,Pottery Readings: Dataset 1,Pottery readings from excavation: 1985-2016,"OCHRE link: <a href=""https://pi.lib.uchicago.edu/1001/org/ochre/59756e43-1ee3-461e-75f9-0f6bcc89229d"">https://pi.lib.uchicago.edu/1001/org/ochre/59756e43-1ee3-461e-75f9-0f6bcc89229d</a>"
02.093 Pottery Readings 028 (F).pdf,Pottery Readings: Dataset 1,Pottery readings from excavation: 1985-2016,"OCHRE link: <a href=""https://pi.lib.uchicago.edu/1001/org/ochre/5808ae88-a095-561a-f6eb-e0729a5749e1"">https://pi.lib.uchicago.edu/1001/org/ochre/5808ae88-a095-561a-f6eb-e0729a5749e1</a>"
02.093 Pottery Readings 029 (F).pdf,Pottery Readings: Dataset 1,Pottery readings from excavation: 1985-2016,"OCHRE link: <a href=""https://pi.lib.uchicago.edu/1001/org/ochre/512fb647-ad42-76f3-c4d8-a8d325b95e59"">https://pi.lib.uchicago.edu/1001/org/ochre/512fb647-ad42-76f3-c4d8-a8d325b95e59</a>"
02.093 Pottery Readings 030 (L).pdf,Pottery Readings: Dataset 1,Pottery readings from excavation: 1985-2016,"OCHRE link: <a href=""https://pi.lib.uchicago.edu/1001/org/ochre/837e0ed6-008a-b732-a9d1-af206fcf165a"">https://pi.lib.uchicago.edu/1001/org/ochre/837e0ed6-008a-b732-a9d1-af206fcf165a</a>"
02.093 Pottery Readings 031 (L).pdf,Pottery Readings: Dataset 1,Pottery readings from excavation: 1985-2016,"OCHRE link: <a href=""https://pi.lib.uchicago.edu/1001/org/ochre/991b42dd-e28b-bde2-a1df-d5a28946f89f"">https://pi.lib.uchicago.edu/1001/org/ochre/991b42dd-e28b-bde2-a1df-d5a28946f89f</a>"
02.093 Pottery Readings 032 (L).pdf,Pottery Readings: Dataset 1,Pottery readings from excavation: 1985-2016,"OCHRE link: <a href=""https://pi.lib.uchicago.edu/1001/org/ochre/794ee36f-0d0c-d0a8-605f-74fbc4ff5386"">https://pi.lib.uchicago.edu/1001/org/ochre/794ee36f-0d0c-d0a8-605f-74fbc4ff5386</a>"
02.093 Pottery Readings 033 (LF).pdf,Pottery Readings: Dataset 1,Pottery readings from excavation: 1985-2016,"OCHRE link: <a href=""https://pi.lib.uchicago.edu/1001/org/ochre/2e385023-33d3-c2d6-536e-b902d3dc7265"">https://pi.lib.uchicago.edu/1001/org/ochre/2e385023-33d3-c2d6-536e-b902d3dc7265</a>"
02.093 Pottery Readings 034 (L).pdf,Pottery Readings: Dataset 1,Pottery readings from excavation: 1985-2016,"OCHRE link: <a href=""https://pi.lib.uchicago.edu/1001/org/ochre/e06fd3e2-395e-15ce-1d14-9c92b8c341e9"">https://pi.lib.uchicago.edu/1001/org/ochre/e06fd3e2-395e-15ce-1d14-9c92b8c341e9</a>"
02.093 Pottery Readings 035 (L).pdf,Pottery Readings: Dataset 1,Pottery readings from excavation: 1985-2016,"OCHRE link: <a href=""https://pi.lib.uchicago.edu/1001/org/ochre/4965a586-293b-1bdb-7203-3994570a45aa"">https://pi.lib.uchicago.edu/1001/org/ochre/4965a586-293b-1bdb-7203-3994570a45aa</a>"
02.093 Pottery Readings 036 (L).pdf,Pottery Readings: Dataset 1,Pottery readings from excavation: 1985-2016,"OCHRE link: <a href=""https://pi.lib.uchicago.edu/1001/org/ochre/e798506d-8186-a9d9-2bd7-236596b39b83"">https://pi.lib.uchicago.edu/1001/org/ochre/e798506d-8186-a9d9-2bd7-236596b39b83</a>"
02.093 Pottery Readings 037 (F).pdf,Pottery Readings: Dataset 1,Pottery readings from excavation: 1985-2016,"OCHRE link: <a href=""https://pi.lib.uchicago.edu/1001/org/ochre/4ff3827a-3419-c24a-a719-9a0bbcb26567"">https://pi.lib.uchicago.edu/1001/org/ochre/4ff3827a-3419-c24a-a719-9a0bbcb26567</a>"
02.093 Pottery Readings 038 (LF).pdf,Pottery Readings: Dataset 1,Pottery readings from excavation: 1985-2016,"OCHRE link: <a href=""https://pi.lib.uchicago.edu/1001/org/ochre/106ac9c0-6b24-12c2-b061-c65a3fee928f"">https://pi.lib.uchicago.edu/1001/org/ochre/106ac9c0-6b24-12c2-b061-c65a3fee928f</a>"
02.093 Pottery Readings 040 (L).pdf,Pottery Readings: Dataset 1,Pottery readings from excavation: 1985-2016,"OCHRE link: <a href=""https://pi.lib.uchicago.edu/1001/org/ochre/20762585-ee1b-08f5-21c2-1049823a5120"">https://pi.lib.uchicago.edu/1001/org/ochre/20762585-ee1b-08f5-21c2-1049823a5120</a>"
02.093 Pottery Readings 042 (L).pdf,Pottery Readings: Dataset 1,Pottery readings from excavation: 1985-2016,"OCHRE link: <a href=""https://pi.lib.uchicago.edu/1001/org/ochre/ad85065c-3ff9-1c86-ba82-fd13b0762038"">https://pi.lib.uchicago.edu/1001/org/ochre/ad85065c-3ff9-1c86-ba82-fd13b0762038</a>"
02.093 Pottery Readings 043 (L).pdf,Pottery Readings: Dataset 1,Pottery readings from excavation: 1985-2016,"OCHRE link: <a href=""https://pi.lib.uchicago.edu/1001/org/ochre/0ec1b285-7e29-dad9-043e-7fac0f4180f0"">https://pi.lib.uchicago.edu/1001/org/ochre/0ec1b285-7e29-dad9-043e-7fac0f4180f0</a>"
02.093 Pottery Readings 044 (L).pdf,Pottery Readings: Dataset 1,Pottery readings from excavation: 1985-2016,"OCHRE link: <a href=""https://pi.lib.uchicago.edu/1001/org/ochre/b340e53c-47ed-6645-9a68-d98fb94e25ce"">https://pi.lib.uchicago.edu/1001/org/ochre/b340e53c-47ed-6645-9a68-d98fb94e25ce</a>"
02.093 Pottery Readings 045 (L).pdf,Pottery Readings: Dataset 1,Pottery readings from excavation: 1985-2016,"OCHRE link: <a href=""https://pi.lib.uchicago.edu/1001/org/ochre/92f2adda-f801-bb4f-b3a8-c90849c54e11"">https://pi.lib.uchicago.edu/1001/org/ochre/92f2adda-f801-bb4f-b3a8-c90849c54e11</a>"
02.093 Pottery Readings 046 (L).pdf,Pottery Readings: Dataset 1,Pottery readings from excavation: 1985-2016,"OCHRE link: <a href=""https://pi.lib.uchicago.edu/1001/org/ochre/1d9b6a66-1b47-3b86-196c-ca8ea51ba29c"">https://pi.lib.uchicago.edu/1001/org/ochre/1d9b6a66-1b47-3b86-196c-ca8ea51ba29c</a>"
02.093 Pottery Readings 047 (L).pdf,Pottery Readings: Dataset 1,Pottery readings from excavation: 1985-2016,"OCHRE link: <a href=""https://pi.lib.uchicago.edu/1001/org/ochre/f85ad9a3-4b5f-fe7a-20bc-f8d54b213631"">https://pi.lib.uchicago.edu/1001/org/ochre/f85ad9a3-4b5f-fe7a-20bc-f8d54b213631</a>"
02.093 Pottery Readings 048 (L).pdf,Pottery Readings: Dataset 1,Pottery readings from excavation: 1985-2016,"OCHRE link: <a href=""https://pi.lib.uchicago.edu/1001/org/ochre/318dc71c-d878-5d21-9243-2187eaca57e7"">https://pi.lib.uchicago.edu/1001/org/ochre/318dc71c-d878-5d21-9243-2187eaca57e7</a>"
02.093 Pottery Readings 049 (LF).pdf,Pottery Readings: Dataset 1,Pottery readings from excavation: 1985-2016,"OCHRE link: <a href=""https://pi.lib.uchicago.edu/1001/org/ochre/c22b4775-2f12-8eca-cb84-acb514a34a1b"">https://pi.lib.uchicago.edu/1001/org/ochre/c22b4775-2f12-8eca-cb84-acb514a34a1b</a>"
02.093 Pottery Readings 050 (L).pdf,Pottery Readings: Dataset 1,Pottery readings from excavation: 1985-2016,"OCHRE link: <a href=""https://pi.lib.uchicago.edu/1001/org/ochre/8daa715f-431f-4c3d-290a-aae2b9bd5447"">https://pi.lib.uchicago.edu/1001/org/ochre/8daa715f-431f-4c3d-290a-aae2b9bd5447</a>"
02.093 Pottery Readings 051 (L).pdf,Pottery Readings: Dataset 1,Pottery readings from excavation: 1985-2016,"OCHRE link: <a href=""https://pi.lib.uchicago.edu/1001/org/ochre/6d99855e-3726-b234-fdc2-168dbb469458"">https://pi.lib.uchicago.edu/1001/org/ochre/6d99855e-3726-b234-fdc2-168dbb469458</a>"
02.093 Pottery Readings 052 (L).pdf,Pottery Readings: Dataset 1,Pottery readings from excavation: 1985-2016,"OCHRE link: <a href=""https://pi.lib.uchicago.edu/1001/org/ochre/a5a0a326-a56d-f721-9a8d-f9f1186db8e5"">https://pi.lib.uchicago.edu/1001/org/ochre/a5a0a326-a56d-f721-9a8d-f9f1186db8e5</a>"
02.093 Pottery Readings 053 (L).pdf,Pottery Readings: Dataset 1,Pottery readings from excavation: 1985-2016,"OCHRE link: <a href=""https://pi.lib.uchicago.edu/1001/org/ochre/ff5ec1f1-89bb-88c1-e31e-14b1987a784d"">https://pi.lib.uchicago.edu/1001/org/ochre/ff5ec1f1-89bb-88c1-e31e-14b1987a784d</a>"
02.093 Pottery Readings 054 (L).pdf,Pottery Readings: Dataset 1,Pottery readings from excavation: 1985-2016,"OCHRE link: <a href=""https://pi.lib.uchicago.edu/1001/org/ochre/74950f42-99ce-1dca-70a5-32e80bb3bef5"">https://pi.lib.uchicago.edu/1001/org/ochre/74950f42-99ce-1dca-70a5-32e80bb3bef5</a>"
02.093 Pottery Readings 055 (L).pdf,Pottery Readings: Dataset 1,Pottery readings from excavation: 1985-2016,"OCHRE link: <a href=""https://pi.lib.uchicago.edu/1001/org/ochre/3f70d4a3-7944-0a7a-6c78-eb17e0b09309"">https://pi.lib.uchicago.edu/1001/org/ochre/3f70d4a3-7944-0a7a-6c78-eb17e0b09309</a>"
02.093 Pottery Readings 056 (L).pdf,Pottery Readings: Dataset 1,Pottery readings from excavation: 1985-2016,"OCHRE link: <a href=""https://pi.lib.uchicago.edu/1001/org/ochre/28db651f-6d61-02a2-6244-2e8e26871634"">https://pi.lib.uchicago.edu/1001/org/ochre/28db651f-6d61-02a2-6244-2e8e26871634</a>"
02.093 Pottery Readings 057 (L).pdf,Pottery Readings: Dataset 1,Pottery readings from excavation: 1985-2016,"OCHRE link: <a href=""https://pi.lib.uchicago.edu/1001/org/ochre/b4c84b19-1f4c-2ead-91a7-d0fd12f19ce4"">https://pi.lib.uchicago.edu/1001/org/ochre/b4c84b19-1f4c-2ead-91a7-d0fd12f19ce4</a>"
02.093 Pottery Readings 058 (L).pdf,Pottery Readings: Dataset 1,Pottery readings from excavation: 1985-2016,"OCHRE link: <a href=""https://pi.lib.uchicago.edu/1001/org/ochre/41aea046-f8f1-901e-6714-5cadbd85c0ba"">https://pi.lib.uchicago.edu/1001/org/ochre/41aea046-f8f1-901e-6714-5cadbd85c0ba</a>"
02.093 Pottery Readings 059 (L).pdf,Pottery Readings: Dataset 1,Pottery readings from excavation: 1985-2016,"OCHRE link: <a href=""https://pi.lib.uchicago.edu/1001/org/ochre/ef57d102-3faa-0cf1-1bca-377ca5bd8927"">https://pi.lib.uchicago.edu/1001/org/ochre/ef57d102-3faa-0cf1-1bca-377ca5bd8927</a>"
02.093 Pottery Readings 060 (L).pdf,Pottery Readings: Dataset 1,Pottery readings from excavation: 1985-2016,"OCHRE link: <a href=""https://pi.lib.uchicago.edu/1001/org/ochre/4a72cf62-3a8c-cf68-c279-3ea1700e707a"">https://pi.lib.uchicago.edu/1001/org/ochre/4a72cf62-3a8c-cf68-c279-3ea1700e707a</a>"
02.093 Pottery Readings Miscellaneous.pdf,Pottery Readings: Dataset 1,Pottery readings from excavation: 1985-2016,"OCHRE link: <a href=""https://pi.lib.uchicago.edu/1001/org/ochre/c7c6c671-3178-b06d-4c96-4eabe97c28da"">https://pi.lib.uchicago.edu/1001/org/ochre/c7c6c671-3178-b06d-4c96-4eabe97c28da</a>"
02.094 Pottery Readings 003 (LF).pdf,Pottery Readings: Dataset 1,Pottery readings from excavation: 1985-2016,"OCHRE link: <a href=""https://pi.lib.uchicago.edu/1001/org/ochre/2fccf059-ee13-bf63-1f5d-9e0679121adc"">https://pi.lib.uchicago.edu/1001/org/ochre/2fccf059-ee13-bf63-1f5d-9e0679121adc</a>"
02.094 Pottery Readings 004 (L).pdf,Pottery Readings: Dataset 1,Pottery readings from excavation: 1985-2016,"OCHRE link: <a href=""https://pi.lib.uchicago.edu/1001/org/ochre/b7185832-ed5c-1fca-f753-a74e08e810f2"">https://pi.lib.uchicago.edu/1001/org/ochre/b7185832-ed5c-1fca-f753-a74e08e810f2</a>"
02.094 Pottery Readings 025 (L).pdf,Pottery Readings: Dataset 1,Pottery readings from excavation: 1985-2016,"OCHRE link: <a href=""https://pi.lib.uchicago.edu/1001/org/ochre/3424942f-93e9-2be7-2e42-df531d091f15"">https://pi.lib.uchicago.edu/1001/org/ochre/3424942f-93e9-2be7-2e42-df531d091f15</a>"
02.094 Pottery Readings 038 (L).pdf,Pottery Readings: Dataset 1,Pottery readings from excavation: 1985-2016,"OCHRE link: <a href=""https://pi.lib.uchicago.edu/1001/org/ochre/73158063-9958-b00f-8935-4542729d3507"">https://pi.lib.uchicago.edu/1001/org/ochre/73158063-9958-b00f-8935-4542729d3507</a>"
02.095 Pottery Readings 003 (L).pdf,Pottery Readings: Dataset 1,Pottery readings from excavation: 1985-2016,"OCHRE link: <a href=""https://pi.lib.uchicago.edu/1001/org/ochre/95a4e944-b459-fe99-4b14-17640bc5af85"">https://pi.lib.uchicago.edu/1001/org/ochre/95a4e944-b459-fe99-4b14-17640bc5af85</a>"
02.095 Pottery Readings 006 (L).pdf,Pottery Readings: Dataset 1,Pottery readings from excavation: 1985-2016,"OCHRE link: <a href=""https://pi.lib.uchicago.edu/1001/org/ochre/05d8b227-3b39-df49-8e8a-0c83ffbbdeaf"">https://pi.lib.uchicago.edu/1001/org/ochre/05d8b227-3b39-df49-8e8a-0c83ffbbdeaf</a>"
02.095 Pottery Readings 011 (L).pdf,Pottery Readings: Dataset 1,Pottery readings from excavation: 1985-2016,"OCHRE link: <a href=""https://pi.lib.uchicago.edu/1001/org/ochre/7eb9f572-9e6a-6d0f-1c34-7cd8619d3294"">https://pi.lib.uchicago.edu/1001/org/ochre/7eb9f572-9e6a-6d0f-1c34-7cd8619d3294</a>"
02.095 Pottery Readings 020 (L).pdf,Pottery Readings: Dataset 1,Pottery readings from excavation: 1985-2016,"OCHRE link: <a href=""https://pi.lib.uchicago.edu/1001/org/ochre/0a64d910-f6c7-bdfa-6cc9-ee20843ade3f"">https://pi.lib.uchicago.edu/1001/org/ochre/0a64d910-f6c7-bdfa-6cc9-ee20843ade3f</a>"
02.095 Pottery Readings 028 (L).pdf,Pottery Readings: Dataset 1,Pottery readings from excavation: 1985-2016,"OCHRE link: <a href=""https://pi.lib.uchicago.edu/1001/org/ochre/5c8b335c-50c0-f2e5-7ca0-f413cbbe14f8"">https://pi.lib.uchicago.edu/1001/org/ochre/5c8b335c-50c0-f2e5-7ca0-f413cbbe14f8</a>"
02.101 Pottery Readings 002 (F).pdf,Pottery Readings: Dataset 1,Pottery readings from excavation: 1985-2016,"OCHRE link: <a href=""https://pi.lib.uchicago.edu/1001/org/ochre/44549eac-cfc7-410b-db10-d111e4e1aca1"">https://pi.lib.uchicago.edu/1001/org/ochre/44549eac-cfc7-410b-db10-d111e4e1aca1</a>"
02.101 Pottery Readings 004 (F).pdf,Pottery Readings: Dataset 1,Pottery readings from excavation: 1985-2016,"OCHRE link: <a href=""https://pi.lib.uchicago.edu/1001/org/ochre/b182a6df-6a95-9be2-93ad-b1dd5bd3322f"">https://pi.lib.uchicago.edu/1001/org/ochre/b182a6df-6a95-9be2-93ad-b1dd5bd3322f</a>"
02.101 Pottery Readings 004 (L).pdf,Pottery Readings: Dataset 1,Pottery readings from excavation: 1985-2016,"OCHRE link: <a href=""https://pi.lib.uchicago.edu/1001/org/ochre/e99b9590-ef15-b438-1de9-395cf5538253"">https://pi.lib.uchicago.edu/1001/org/ochre/e99b9590-ef15-b438-1de9-395cf5538253</a>"
02.101 Pottery Readings 005 (F).pdf,Pottery Readings: Dataset 1,Pottery readings from excavation: 1985-2016,"OCHRE link: <a href=""https://pi.lib.uchicago.edu/1001/org/ochre/6a806dac-6182-a274-f2a4-ae99d14ee8f1"">https://pi.lib.uchicago.edu/1001/org/ochre/6a806dac-6182-a274-f2a4-ae99d14ee8f1</a>"
02.101 Pottery Readings 005 (L).pdf,Pottery Readings: Dataset 1,Pottery readings from excavation: 1985-2016,"OCHRE link: <a href=""https://pi.lib.uchicago.edu/1001/org/ochre/4cd5b413-c745-439f-819e-ff5fb814c5da"">https://pi.lib.uchicago.edu/1001/org/ochre/4cd5b413-c745-439f-819e-ff5fb814c5da</a>"
02.101 Pottery Readings 007 (L).pdf,Pottery Readings: Dataset 1,Pottery readings from excavation: 1985-2016,"OCHRE link: <a href=""https://pi.lib.uchicago.edu/1001/org/ochre/0eb7aa21-e161-88fa-c1df-b8210716b624"">https://pi.lib.uchicago.edu/1001/org/ochre/0eb7aa21-e161-88fa-c1df-b8210716b624</a>"
02.101 Pottery Readings 008 (L).pdf,Pottery Readings: Dataset 1,Pottery readings from excavation: 1985-2016,"OCHRE link: <a href=""https://pi.lib.uchicago.edu/1001/org/ochre/22e96f02-3dd7-fb63-09a9-20709e2bf83b"">https://pi.lib.uchicago.edu/1001/org/ochre/22e96f02-3dd7-fb63-09a9-20709e2bf83b</a>"
02.101 Pottery Readings 009 (L).pdf,Pottery Readings: Dataset 1,Pottery readings from excavation: 1985-2016,"OCHRE link: <a href=""https://pi.lib.uchicago.edu/1001/org/ochre/4da872e4-cd60-5f7f-24b7-f98221460b9b"">https://pi.lib.uchicago.edu/1001/org/ochre/4da872e4-cd60-5f7f-24b7-f98221460b9b</a>"
02.101 Pottery Readings 009+ (L).pdf,Pottery Readings: Dataset 1,Pottery readings from excavation: 1985-2016,"OCHRE link: <a href=""https://pi.lib.uchicago.edu/1001/org/ochre/97e1b2a0-3684-70a1-6725-58eb4b55bd96"">https://pi.lib.uchicago.edu/1001/org/ochre/97e1b2a0-3684-70a1-6725-58eb4b55bd96</a>"
02.101 Pottery Readings 012 (F).pdf,Pottery Readings: Dataset 1,Pottery readings from excavation: 1985-2016,"OCHRE link: <a href=""https://pi.lib.uchicago.edu/1001/org/ochre/bc83bcc7-9971-fe81-a7d4-1ff890597040"">https://pi.lib.uchicago.edu/1001/org/ochre/bc83bcc7-9971-fe81-a7d4-1ff890597040</a>"
02.101 Pottery Readings 014 (F).pdf,Pottery Readings: Dataset 1,Pottery readings from excavation: 1985-2016,"OCHRE link: <a href=""https://pi.lib.uchicago.edu/1001/org/ochre/5d16f93d-2fcd-7d34-2d66-af5694bf90b8"">https://pi.lib.uchicago.edu/1001/org/ochre/5d16f93d-2fcd-7d34-2d66-af5694bf90b8</a>"
02.101 Pottery Readings 014+ (L).pdf,Pottery Readings: Dataset 1,Pottery readings from excavation: 1985-2016,"OCHRE link: <a href=""https://pi.lib.uchicago.edu/1001/org/ochre/5359b9a2-59dd-897c-4c2a-0b25ef2cd798"">https://pi.lib.uchicago.edu/1001/org/ochre/5359b9a2-59dd-897c-4c2a-0b25ef2cd798</a>"
02.101 Pottery Readings 015 (F).pdf,Pottery Readings: Dataset 1,Pottery readings from excavation: 1985-2016,"OCHRE link: <a href=""https://pi.lib.uchicago.edu/1001/org/ochre/2aa2b448-bca0-53e7-bc2d-8cb1a1da971f"">https://pi.lib.uchicago.edu/1001/org/ochre/2aa2b448-bca0-53e7-bc2d-8cb1a1da971f</a>"
02.101 Pottery Readings 015 (L).pdf,Pottery Readings: Dataset 1,Pottery readings from excavation: 1985-2016,"OCHRE link: <a href=""https://pi.lib.uchicago.edu/1001/org/ochre/586ceeb1-675d-04a9-0308-f9b0012db061"">https://pi.lib.uchicago.edu/1001/org/ochre/586ceeb1-675d-04a9-0308-f9b0012db061</a>"
02.101 Pottery Readings 016 (L).pdf,Pottery Readings: Dataset 1,Pottery readings from excavation: 1985-2016,"OCHRE link: <a href=""https://pi.lib.uchicago.edu/1001/org/ochre/ca9ec4e7-c0b4-0971-a071-fd32e129dbed"">https://pi.lib.uchicago.edu/1001/org/ochre/ca9ec4e7-c0b4-0971-a071-fd32e129dbed</a>"
02.101 Pottery Readings 017 (F).pdf,Pottery Readings: Dataset 1,Pottery readings from excavation: 1985-2016,"OCHRE link: <a href=""https://pi.lib.uchicago.edu/1001/org/ochre/c9f5d2c6-1528-1ee6-af9e-5fcf299c0f35"">https://pi.lib.uchicago.edu/1001/org/ochre/c9f5d2c6-1528-1ee6-af9e-5fcf299c0f35</a>"
02.101 Pottery Readings 017 (L).pdf,Pottery Readings: Dataset 1,Pottery readings from excavation: 1985-2016,"OCHRE link: <a href=""https://pi.lib.uchicago.edu/1001/org/ochre/10455ae6-f5d3-9db8-d878-644967614416"">https://pi.lib.uchicago.edu/1001/org/ochre/10455ae6-f5d3-9db8-d878-644967614416</a>"
02.101 Pottery Readings 018 (F).pdf,Pottery Readings: Dataset 1,Pottery readings from excavation: 1985-2016,"OCHRE link: <a href=""https://pi.lib.uchicago.edu/1001/org/ochre/10a29ee7-6856-dacc-e58a-deaf0fef5054"">https://pi.lib.uchicago.edu/1001/org/ochre/10a29ee7-6856-dacc-e58a-deaf0fef5054</a>"
02.101 Pottery Readings 018 (L).pdf,Pottery Readings: Dataset 1,Pottery readings from excavation: 1985-2016,"OCHRE link: <a href=""https://pi.lib.uchicago.edu/1001/org/ochre/ef8a6f68-cfb2-5050-52a1-3a0f64b345f8"">https://pi.lib.uchicago.edu/1001/org/ochre/ef8a6f68-cfb2-5050-52a1-3a0f64b345f8</a>"
02.101 Pottery Readings 020 (F).pdf,Pottery Readings: Dataset 1,Pottery readings from excavation: 1985-2016,"OCHRE link: <a href=""https://pi.lib.uchicago.edu/1001/org/ochre/3b74a391-3e97-8e63-cd1e-3f4bbd2ec79b"">https://pi.lib.uchicago.edu/1001/org/ochre/3b74a391-3e97-8e63-cd1e-3f4bbd2ec79b</a>"
02.101 Pottery Readings 021 (F).pdf,Pottery Readings: Dataset 1,Pottery readings from excavation: 1985-2016,"OCHRE link: <a href=""https://pi.lib.uchicago.edu/1001/org/ochre/0935d129-9ccd-3be7-50bd-e6600aa0c420"">https://pi.lib.uchicago.edu/1001/org/ochre/0935d129-9ccd-3be7-50bd-e6600aa0c420</a>"
02.101 Pottery Readings 021 (L).pdf,Pottery Readings: Dataset 1,Pottery readings from excavation: 1985-2016,"OCHRE link: <a href=""https://pi.lib.uchicago.edu/1001/org/ochre/45131575-74c9-28fa-96f6-87b152e798fc"">https://pi.lib.uchicago.edu/1001/org/ochre/45131575-74c9-28fa-96f6-87b152e798fc</a>"
02.101 Pottery Readings 022 (F).pdf,Pottery Readings: Dataset 1,Pottery readings from excavation: 1985-2016,"OCHRE link: <a href=""https://pi.lib.uchicago.edu/1001/org/ochre/0a2a2092-47fb-7286-e4ec-f457a979ced6"">https://pi.lib.uchicago.edu/1001/org/ochre/0a2a2092-47fb-7286-e4ec-f457a979ced6</a>"
02.101 Pottery Readings 022 (L).pdf,Pottery Readings: Dataset 1,Pottery readings from excavation: 1985-2016,"OCHRE link: <a href=""https://pi.lib.uchicago.edu/1001/org/ochre/2751b102-161d-8183-2be9-3e250dd0ec24"">https://pi.lib.uchicago.edu/1001/org/ochre/2751b102-161d-8183-2be9-3e250dd0ec24</a>"
02.101 Pottery Readings 031 (L).pdf,Pottery Readings: Dataset 1,Pottery readings from excavation: 1985-2016,"OCHRE link: <a href=""https://pi.lib.uchicago.edu/1001/org/ochre/7b578506-177d-24b4-2da6-34202bfb61b0"">https://pi.lib.uchicago.edu/1001/org/ochre/7b578506-177d-24b4-2da6-34202bfb61b0</a>"
02.101 Pottery Readings 034 (L).pdf,Pottery Readings: Dataset 1,Pottery readings from excavation: 1985-2016,"OCHRE link: <a href=""https://pi.lib.uchicago.edu/1001/org/ochre/e013ec35-419c-dc2f-3ef1-32636c873ba1"">https://pi.lib.uchicago.edu/1001/org/ochre/e013ec35-419c-dc2f-3ef1-32636c873ba1</a>"
02.101 Pottery Readings 035 (L).pdf,Pottery Readings: Dataset 1,Pottery readings from excavation: 1985-2016,"OCHRE link: <a href=""https://pi.lib.uchicago.edu/1001/org/ochre/361af633-8891-7c56-8644-34350111bde0"">https://pi.lib.uchicago.edu/1001/org/ochre/361af633-8891-7c56-8644-34350111bde0</a>"
02.101 Pottery Readings 038 (L).pdf,Pottery Readings: Dataset 1,Pottery readings from excavation: 1985-2016,"OCHRE link: <a href=""https://pi.lib.uchicago.edu/1001/org/ochre/aec94ca2-e1c2-fe56-647d-85cc4558fbbe"">https://pi.lib.uchicago.edu/1001/org/ochre/aec94ca2-e1c2-fe56-647d-85cc4558fbbe</a>"
02.101 Pottery Readings 039 (L).pdf,Pottery Readings: Dataset 1,Pottery readings from excavation: 1985-2016,"OCHRE link: <a href=""https://pi.lib.uchicago.edu/1001/org/ochre/e4fce212-bbe2-7dbd-3458-7014e7c20b9f"">https://pi.lib.uchicago.edu/1001/org/ochre/e4fce212-bbe2-7dbd-3458-7014e7c20b9f</a>"
02.101 Pottery Readings 040 (L).pdf,Pottery Readings: Dataset 1,Pottery readings from excavation: 1985-2016,"OCHRE link: <a href=""https://pi.lib.uchicago.edu/1001/org/ochre/6454c289-4e8d-ec28-4492-afa79032a411"">https://pi.lib.uchicago.edu/1001/org/ochre/6454c289-4e8d-ec28-4492-afa79032a411</a>"
02.101 Pottery Readings 042 (L).pdf,Pottery Readings: Dataset 1,Pottery readings from excavation: 1985-2016,"OCHRE link: <a href=""https://pi.lib.uchicago.edu/1001/org/ochre/49096040-8a54-f663-952a-4caec2c94d1c"">https://pi.lib.uchicago.edu/1001/org/ochre/49096040-8a54-f663-952a-4caec2c94d1c</a>"
02.101 Pottery Readings 044 (L).pdf,Pottery Readings: Dataset 1,Pottery readings from excavation: 1985-2016,"OCHRE link: <a href=""https://pi.lib.uchicago.edu/1001/org/ochre/fea7b8ce-40e0-967a-e696-66e63db2bd43"">https://pi.lib.uchicago.edu/1001/org/ochre/fea7b8ce-40e0-967a-e696-66e63db2bd43</a>"
02.101 Pottery Readings 048 (L).pdf,Pottery Readings: Dataset 1,Pottery readings from excavation: 1985-2016,"OCHRE link: <a href=""https://pi.lib.uchicago.edu/1001/org/ochre/584bc9ab-14b2-a3ee-d8fb-f7bfdee71efe"">https://pi.lib.uchicago.edu/1001/org/ochre/584bc9ab-14b2-a3ee-d8fb-f7bfdee71efe</a>"
02.101 Pottery Readings 051 (L).pdf,Pottery Readings: Dataset 1,Pottery readings from excavation: 1985-2016,"OCHRE link: <a href=""https://pi.lib.uchicago.edu/1001/org/ochre/5d447363-ceb6-6d8b-14b1-f7d5cb7e1748"">https://pi.lib.uchicago.edu/1001/org/ochre/5d447363-ceb6-6d8b-14b1-f7d5cb7e1748</a>"
02.101 Pottery Readings 062 (L).pdf,Pottery Readings: Dataset 1,Pottery readings from excavation: 1985-2016,"OCHRE link: <a href=""https://pi.lib.uchicago.edu/1001/org/ochre/5031f663-7446-5f1a-a476-19c746895f46"">https://pi.lib.uchicago.edu/1001/org/ochre/5031f663-7446-5f1a-a476-19c746895f46</a>"
02.101 Pottery Readings 063 (L).pdf,Pottery Readings: Dataset 1,Pottery readings from excavation: 1985-2016,"OCHRE link: <a href=""https://pi.lib.uchicago.edu/1001/org/ochre/b5683087-d6cf-5c3d-ac32-14723780fece"">https://pi.lib.uchicago.edu/1001/org/ochre/b5683087-d6cf-5c3d-ac32-14723780fece</a>"
02.101 Pottery Readings 064 (L).pdf,Pottery Readings: Dataset 1,Pottery readings from excavation: 1985-2016,"OCHRE link: <a href=""https://pi.lib.uchicago.edu/1001/org/ochre/b81cd62a-18bf-c22f-206c-ea090bd52579"">https://pi.lib.uchicago.edu/1001/org/ochre/b81cd62a-18bf-c22f-206c-ea090bd52579</a>"
02.101 Pottery Readings 065 (L).pdf,Pottery Readings: Dataset 1,Pottery readings from excavation: 1985-2016,"OCHRE link: <a href=""https://pi.lib.uchicago.edu/1001/org/ochre/8ec6c258-d564-9ec9-174f-3ff721af027b"">https://pi.lib.uchicago.edu/1001/org/ochre/8ec6c258-d564-9ec9-174f-3ff721af027b</a>"
02.101 Pottery Readings 066 (L).pdf,Pottery Readings: Dataset 1,Pottery readings from excavation: 1985-2016,"OCHRE link: <a href=""https://pi.lib.uchicago.edu/1001/org/ochre/76781cb3-5b30-e4f0-8a0f-d7ee33063262"">https://pi.lib.uchicago.edu/1001/org/ochre/76781cb3-5b30-e4f0-8a0f-d7ee33063262</a>"
02.101 Pottery Readings 069 (L).pdf,Pottery Readings: Dataset 1,Pottery readings from excavation: 1985-2016,"OCHRE link: <a href=""https://pi.lib.uchicago.edu/1001/org/ochre/2facd3a0-fda5-8458-4b2b-9b893e51cac7"">https://pi.lib.uchicago.edu/1001/org/ochre/2facd3a0-fda5-8458-4b2b-9b893e51cac7</a>"
02.101 Pottery Readings 070 (L).pdf,Pottery Readings: Dataset 1,Pottery readings from excavation: 1985-2016,"OCHRE link: <a href=""https://pi.lib.uchicago.edu/1001/org/ochre/6680998e-b98e-5e80-09fe-8db5810aba77"">https://pi.lib.uchicago.edu/1001/org/ochre/6680998e-b98e-5e80-09fe-8db5810aba77</a>"
02.101 Pottery Readings 071 (L).pdf,Pottery Readings: Dataset 1,Pottery readings from excavation: 1985-2016,"OCHRE link: <a href=""https://pi.lib.uchicago.edu/1001/org/ochre/cd9e19ae-c617-48b1-f4f4-25e026340895"">https://pi.lib.uchicago.edu/1001/org/ochre/cd9e19ae-c617-48b1-f4f4-25e026340895</a>"
02.101 Pottery Readings 072 (L).pdf,Pottery Readings: Dataset 1,Pottery readings from excavation: 1985-2016,"OCHRE link: <a href=""https://pi.lib.uchicago.edu/1001/org/ochre/60a2921f-d4ca-e262-8b0d-ac1b15062db1"">https://pi.lib.uchicago.edu/1001/org/ochre/60a2921f-d4ca-e262-8b0d-ac1b15062db1</a>"
02.101 Pottery Readings 073 (L).pdf,Pottery Readings: Dataset 1,Pottery readings from excavation: 1985-2016,"OCHRE link: <a href=""https://pi.lib.uchicago.edu/1001/org/ochre/c11b8ba7-91ea-5473-788c-914eda9caf5d"">https://pi.lib.uchicago.edu/1001/org/ochre/c11b8ba7-91ea-5473-788c-914eda9caf5d</a>"
02.101 Pottery Readings 074 (L).pdf,Pottery Readings: Dataset 1,Pottery readings from excavation: 1985-2016,"OCHRE link: <a href=""https://pi.lib.uchicago.edu/1001/org/ochre/94ec7cfa-1538-ec87-970a-2de27d76f179"">https://pi.lib.uchicago.edu/1001/org/ochre/94ec7cfa-1538-ec87-970a-2de27d76f179</a>"
02.101 Pottery Readings 075 (L).pdf,Pottery Readings: Dataset 1,Pottery readings from excavation: 1985-2016,"OCHRE link: <a href=""https://pi.lib.uchicago.edu/1001/org/ochre/c7c91333-81ab-213e-059c-8345a69d5fd9"">https://pi.lib.uchicago.edu/1001/org/ochre/c7c91333-81ab-213e-059c-8345a69d5fd9</a>"
02.101 Pottery Readings 080 (L).pdf,Pottery Readings: Dataset 1,Pottery readings from excavation: 1985-2016,"OCHRE link: <a href=""https://pi.lib.uchicago.edu/1001/org/ochre/609e11aa-bb06-e000-7df4-325dc3281214"">https://pi.lib.uchicago.edu/1001/org/ochre/609e11aa-bb06-e000-7df4-325dc3281214</a>"
02.101 Pottery Readings 082 (L).pdf,Pottery Readings: Dataset 1,Pottery readings from excavation: 1985-2016,"OCHRE link: <a href=""https://pi.lib.uchicago.edu/1001/org/ochre/b94c6dcb-51d2-77a1-e483-b2fc4dfc1d33"">https://pi.lib.uchicago.edu/1001/org/ochre/b94c6dcb-51d2-77a1-e483-b2fc4dfc1d33</a>"
02.101 Pottery Readings 083 (L).pdf,Pottery Readings: Dataset 1,Pottery readings from excavation: 1985-2016,"OCHRE link: <a href=""https://pi.lib.uchicago.edu/1001/org/ochre/184d83d1-c7a8-2991-c4f5-bdc99d925c88"">https://pi.lib.uchicago.edu/1001/org/ochre/184d83d1-c7a8-2991-c4f5-bdc99d925c88</a>"
02.101 Pottery Readings 084 (L).pdf,Pottery Readings: Dataset 1,Pottery readings from excavation: 1985-2016,"OCHRE link: <a href=""https://pi.lib.uchicago.edu/1001/org/ochre/310a0a04-7d4a-1ccd-9a84-db3d0559d809"">https://pi.lib.uchicago.edu/1001/org/ochre/310a0a04-7d4a-1ccd-9a84-db3d0559d809</a>"
02.101 Pottery Readings 086 (L).pdf,Pottery Readings: Dataset 1,Pottery readings from excavation: 1985-2016,"OCHRE link: <a href=""https://pi.lib.uchicago.edu/1001/org/ochre/19199092-187b-729c-757e-e27a8a7f5520"">https://pi.lib.uchicago.edu/1001/org/ochre/19199092-187b-729c-757e-e27a8a7f5520</a>"
02.101 Pottery Readings 087 (L).pdf,Pottery Readings: Dataset 1,Pottery readings from excavation: 1985-2016,"OCHRE link: <a href=""https://pi.lib.uchicago.edu/1001/org/ochre/0df6207e-f05d-c209-cfa5-ad52b7f260f1"">https://pi.lib.uchicago.edu/1001/org/ochre/0df6207e-f05d-c209-cfa5-ad52b7f260f1</a>"
02.101 Pottery Readings 088 (L).pdf,Pottery Readings: Dataset 1,Pottery readings from excavation: 1985-2016,"OCHRE link: <a href=""https://pi.lib.uchicago.edu/1001/org/ochre/40add3bf-cf2c-77a6-6dea-7112290793bb"">https://pi.lib.uchicago.edu/1001/org/ochre/40add3bf-cf2c-77a6-6dea-7112290793bb</a>"
02.101 Pottery Readings 089 (L).pdf,Pottery Readings: Dataset 1,Pottery readings from excavation: 1985-2016,"OCHRE link: <a href=""https://pi.lib.uchicago.edu/1001/org/ochre/ef5e3879-d0a2-a988-f557-13793269fd09"">https://pi.lib.uchicago.edu/1001/org/ochre/ef5e3879-d0a2-a988-f557-13793269fd09</a>"
02.101 Pottery Readings 091 (L).pdf,Pottery Readings: Dataset 1,Pottery readings from excavation: 1985-2016,"OCHRE link: <a href=""https://pi.lib.uchicago.edu/1001/org/ochre/ce8eedb8-d771-5ec7-2a12-61e2e9903cf4"">https://pi.lib.uchicago.edu/1001/org/ochre/ce8eedb8-d771-5ec7-2a12-61e2e9903cf4</a>"
02.101 Pottery Readings 092 (L).pdf,Pottery Readings: Dataset 1,Pottery readings from excavation: 1985-2016,"OCHRE link: <a href=""https://pi.lib.uchicago.edu/1001/org/ochre/0ef7c618-cdfd-8302-7230-43843853040c"">https://pi.lib.uchicago.edu/1001/org/ochre/0ef7c618-cdfd-8302-7230-43843853040c</a>"
02.101 Pottery Readings 093 (L).pdf,Pottery Readings: Dataset 1,Pottery readings from excavation: 1985-2016,"OCHRE link: <a href=""https://pi.lib.uchicago.edu/1001/org/ochre/200e9cf0-e98b-9476-924d-bd55ed527897"">https://pi.lib.uchicago.edu/1001/org/ochre/200e9cf0-e98b-9476-924d-bd55ed527897</a>"
02.101 Pottery Readings 096 (L).pdf,Pottery Readings: Dataset 1,Pottery readings from excavation: 1985-2016,"OCHRE link: <a href=""https://pi.lib.uchicago.edu/1001/org/ochre/53191872-e12f-f53a-af9d-50be9a073d72"">https://pi.lib.uchicago.edu/1001/org/ochre/53191872-e12f-f53a-af9d-50be9a073d72</a>"
02.101 Pottery Readings 097 (L).pdf,Pottery Readings: Dataset 1,Pottery readings from excavation: 1985-2016,"OCHRE link: <a href=""https://pi.lib.uchicago.edu/1001/org/ochre/9866185f-71ce-0a60-f325-030653962625"">https://pi.lib.uchicago.edu/1001/org/ochre/9866185f-71ce-0a60-f325-030653962625</a>"
02.101 Pottery Readings 100 (L).pdf,Pottery Readings: Dataset 1,Pottery readings from excavation: 1985-2016,"OCHRE link: <a href=""https://pi.lib.uchicago.edu/1001/org/ochre/9b5baccf-e10c-d3b3-1620-046608c2db48"">https://pi.lib.uchicago.edu/1001/org/ochre/9b5baccf-e10c-d3b3-1620-046608c2db48</a>"
02.101 Pottery Readings 101 (LF).pdf,Pottery Readings: Dataset 1,Pottery readings from excavation: 1985-2016,"OCHRE link: <a href=""https://pi.lib.uchicago.edu/1001/org/ochre/2c232b55-54a9-f96e-6098-1252253a4dfa"">https://pi.lib.uchicago.edu/1001/org/ochre/2c232b55-54a9-f96e-6098-1252253a4dfa</a>"
02.101 Pottery Readings 107 (L).pdf,Pottery Readings: Dataset 1,Pottery readings from excavation: 1985-2016,"OCHRE link: <a href=""https://pi.lib.uchicago.edu/1001/org/ochre/95945caf-3d4c-1046-74f2-3e3c5a11daf0"">https://pi.lib.uchicago.edu/1001/org/ochre/95945caf-3d4c-1046-74f2-3e3c5a11daf0</a>"
02.101 Pottery Readings 108 (L).pdf,Pottery Readings: Dataset 1,Pottery readings from excavation: 1985-2016,"OCHRE link: <a href=""https://pi.lib.uchicago.edu/1001/org/ochre/1911172a-0257-b76c-87ce-d0f44d2f27ae"">https://pi.lib.uchicago.edu/1001/org/ochre/1911172a-0257-b76c-87ce-d0f44d2f27ae</a>"
02.101 Pottery Readings 109 (L).pdf,Pottery Readings: Dataset 1,Pottery readings from excavation: 1985-2016,"OCHRE link: <a href=""https://pi.lib.uchicago.edu/1001/org/ochre/35d3bf54-810e-f6cc-52ce-4d4607ee2031"">https://pi.lib.uchicago.edu/1001/org/ochre/35d3bf54-810e-f6cc-52ce-4d4607ee2031</a>"
02.101 Pottery Readings 110 (L).pdf,Pottery Readings: Dataset 1,Pottery readings from excavation: 1985-2016,"OCHRE link: <a href=""https://pi.lib.uchicago.edu/1001/org/ochre/8f5d1a26-7ed0-ed30-4165-f51cbd333cd9"">https://pi.lib.uchicago.edu/1001/org/ochre/8f5d1a26-7ed0-ed30-4165-f51cbd333cd9</a>"
02.101 Pottery Readings 111 (L).pdf,Pottery Readings: Dataset 1,Pottery readings from excavation: 1985-2016,"OCHRE link: <a href=""https://pi.lib.uchicago.edu/1001/org/ochre/571ed645-9401-5731-2988-858fb82b0420"">https://pi.lib.uchicago.edu/1001/org/ochre/571ed645-9401-5731-2988-858fb82b0420</a>"
02.101 Pottery Readings 112 (L).pdf,Pottery Readings: Dataset 1,Pottery readings from excavation: 1985-2016,"OCHRE link: <a href=""https://pi.lib.uchicago.edu/1001/org/ochre/86469c48-11b3-b543-3929-a39517d64895"">https://pi.lib.uchicago.edu/1001/org/ochre/86469c48-11b3-b543-3929-a39517d64895</a>"
02.101 Pottery Readings 113 (L).pdf,Pottery Readings: Dataset 1,Pottery readings from excavation: 1985-2016,"OCHRE link: <a href=""https://pi.lib.uchicago.edu/1001/org/ochre/0f7fc470-aec6-7c7a-e2a0-5520b0d0a8c1"">https://pi.lib.uchicago.edu/1001/org/ochre/0f7fc470-aec6-7c7a-e2a0-5520b0d0a8c1</a>"
02.101 Pottery Readings 114 (L).pdf,Pottery Readings: Dataset 1,Pottery readings from excavation: 1985-2016,"OCHRE link: <a href=""https://pi.lib.uchicago.edu/1001/org/ochre/e974bdc5-ff20-50f4-4a1d-48332cc219f7"">https://pi.lib.uchicago.edu/1001/org/ochre/e974bdc5-ff20-50f4-4a1d-48332cc219f7</a>"
02.101 Pottery Readings 115 (L).pdf,Pottery Readings: Dataset 1,Pottery readings from excavation: 1985-2016,"OCHRE link: <a href=""https://pi.lib.uchicago.edu/1001/org/ochre/f3334ea1-4367-6b54-8d45-dbdd12282aa8"">https://pi.lib.uchicago.edu/1001/org/ochre/f3334ea1-4367-6b54-8d45-dbdd12282aa8</a>"
02.101 Pottery Readings 116 (L).pdf,Pottery Readings: Dataset 1,Pottery readings from excavation: 1985-2016,"OCHRE link: <a href=""https://pi.lib.uchicago.edu/1001/org/ochre/f24e3c0d-cadb-c157-c4a6-7e5bdba8f176"">https://pi.lib.uchicago.edu/1001/org/ochre/f24e3c0d-cadb-c157-c4a6-7e5bdba8f176</a>"
02.101 Pottery Readings 117 (L).pdf,Pottery Readings: Dataset 1,Pottery readings from excavation: 1985-2016,"OCHRE link: <a href=""https://pi.lib.uchicago.edu/1001/org/ochre/31e5f919-50b4-b518-b9e7-8890fef13443"">https://pi.lib.uchicago.edu/1001/org/ochre/31e5f919-50b4-b518-b9e7-8890fef13443</a>"
02.101 Pottery Readings 118 (L).pdf,Pottery Readings: Dataset 1,Pottery readings from excavation: 1985-2016,"OCHRE link: <a href=""https://pi.lib.uchicago.edu/1001/org/ochre/6f335bc4-2b6d-f903-1396-f6c27c638a14"">https://pi.lib.uchicago.edu/1001/org/ochre/6f335bc4-2b6d-f903-1396-f6c27c638a14</a>"
02.101 Pottery Readings 120 (L).pdf,Pottery Readings: Dataset 1,Pottery readings from excavation: 1985-2016,"OCHRE link: <a href=""https://pi.lib.uchicago.edu/1001/org/ochre/e68a8103-a878-ea3c-830f-3676a211325d"">https://pi.lib.uchicago.edu/1001/org/ochre/e68a8103-a878-ea3c-830f-3676a211325d</a>"
02.101 Pottery Readings 121 (L).pdf,Pottery Readings: Dataset 1,Pottery readings from excavation: 1985-2016,"OCHRE link: <a href=""https://pi.lib.uchicago.edu/1001/org/ochre/5e476407-8442-bf69-101b-3b9065c6a174"">https://pi.lib.uchicago.edu/1001/org/ochre/5e476407-8442-bf69-101b-3b9065c6a174</a>"
02.101 Pottery Readings 122 (L).pdf,Pottery Readings: Dataset 1,Pottery readings from excavation: 1985-2016,"OCHRE link: <a href=""https://pi.lib.uchicago.edu/1001/org/ochre/d5752478-c13e-8080-1d7b-a1e93de82d87"">https://pi.lib.uchicago.edu/1001/org/ochre/d5752478-c13e-8080-1d7b-a1e93de82d87</a>"
02.101 Pottery Readings 123 (L).pdf,Pottery Readings: Dataset 1,Pottery readings from excavation: 1985-2016,"OCHRE link: <a href=""https://pi.lib.uchicago.edu/1001/org/ochre/4f53201e-f4e9-6bc3-9cdd-4903b51a1232"">https://pi.lib.uchicago.edu/1001/org/ochre/4f53201e-f4e9-6bc3-9cdd-4903b51a1232</a>"
02.101 Pottery Readings 124 (L).pdf,Pottery Readings: Dataset 1,Pottery readings from excavation: 1985-2016,"OCHRE link: <a href=""https://pi.lib.uchicago.edu/1001/org/ochre/f9726b54-9fbf-ef71-0f88-c34512b3bbe4"">https://pi.lib.uchicago.edu/1001/org/ochre/f9726b54-9fbf-ef71-0f88-c34512b3bbe4</a>"
02.101 Pottery Readings 125 (L).pdf,Pottery Readings: Dataset 1,Pottery readings from excavation: 1985-2016,"OCHRE link: <a href=""https://pi.lib.uchicago.edu/1001/org/ochre/841bc2e5-6c55-47b0-a0e8-98d6f04a1dd9"">https://pi.lib.uchicago.edu/1001/org/ochre/841bc2e5-6c55-47b0-a0e8-98d6f04a1dd9</a>"
02.101 Pottery Readings 127 (L).pdf,Pottery Readings: Dataset 1,Pottery readings from excavation: 1985-2016,"OCHRE link: <a href=""https://pi.lib.uchicago.edu/1001/org/ochre/b5b12743-277e-38a8-9a13-b99903019545"">https://pi.lib.uchicago.edu/1001/org/ochre/b5b12743-277e-38a8-9a13-b99903019545</a>"
02.101 Pottery Readings 128 (L).pdf,Pottery Readings: Dataset 1,Pottery readings from excavation: 1985-2016,"OCHRE link: <a href=""https://pi.lib.uchicago.edu/1001/org/ochre/f916a303-1cae-ce3f-1404-27ed158dcc91"">https://pi.lib.uchicago.edu/1001/org/ochre/f916a303-1cae-ce3f-1404-27ed158dcc91</a>"
02.101 Pottery Readings 129 (L).pdf,Pottery Readings: Dataset 1,Pottery readings from excavation: 1985-2016,"OCHRE link: <a href=""https://pi.lib.uchicago.edu/1001/org/ochre/a69950a2-a597-ebd1-fd91-a1cb9d29ed3e"">https://pi.lib.uchicago.edu/1001/org/ochre/a69950a2-a597-ebd1-fd91-a1cb9d29ed3e</a>"
02.101 Pottery Readings 131 (L).pdf,Pottery Readings: Dataset 1,Pottery readings from excavation: 1985-2016,"OCHRE link: <a href=""https://pi.lib.uchicago.edu/1001/org/ochre/02371f62-7b56-2438-172d-b257fe3cbaa1"">https://pi.lib.uchicago.edu/1001/org/ochre/02371f62-7b56-2438-172d-b257fe3cbaa1</a>"
02.101 Pottery Readings 132 (L).pdf,Pottery Readings: Dataset 1,Pottery readings from excavation: 1985-2016,"OCHRE link: <a href=""https://pi.lib.uchicago.edu/1001/org/ochre/c6be747c-77ad-80ea-3719-84995325bef6"">https://pi.lib.uchicago.edu/1001/org/ochre/c6be747c-77ad-80ea-3719-84995325bef6</a>"
02.101 Pottery Readings 133 (L).pdf,Pottery Readings: Dataset 1,Pottery readings from excavation: 1985-2016,"OCHRE link: <a href=""https://pi.lib.uchicago.edu/1001/org/ochre/c162e474-2315-131c-d38a-f96b7279876d"">https://pi.lib.uchicago.edu/1001/org/ochre/c162e474-2315-131c-d38a-f96b7279876d</a>"
02.101 Pottery Readings 134 (L).pdf,Pottery Readings: Dataset 1,Pottery readings from excavation: 1985-2016,"OCHRE link: <a href=""https://pi.lib.uchicago.edu/1001/org/ochre/a6b425f7-2724-94b2-9211-6581226db71c"">https://pi.lib.uchicago.edu/1001/org/ochre/a6b425f7-2724-94b2-9211-6581226db71c</a>"
02.101 Pottery Readings 137 (L).pdf,Pottery Readings: Dataset 1,Pottery readings from excavation: 1985-2016,"OCHRE link: <a href=""https://pi.lib.uchicago.edu/1001/org/ochre/e8bc17f4-2ade-e86a-46ae-3e566458b6b8"">https://pi.lib.uchicago.edu/1001/org/ochre/e8bc17f4-2ade-e86a-46ae-3e566458b6b8</a>"
02.101 Pottery Readings 138 (L).pdf,Pottery Readings: Dataset 1,Pottery readings from excavation: 1985-2016,"OCHRE link: <a href=""https://pi.lib.uchicago.edu/1001/org/ochre/63834dd2-ca2e-ff04-48fc-7de87bd22dd3"">https://pi.lib.uchicago.edu/1001/org/ochre/63834dd2-ca2e-ff04-48fc-7de87bd22dd3</a>"
02.101 Pottery Readings 139 (F).pdf,Pottery Readings: Dataset 1,Pottery readings from excavation: 1985-2016,"OCHRE link: <a href=""https://pi.lib.uchicago.edu/1001/org/ochre/8ec03d65-912a-a2d1-be58-09e110285c78"">https://pi.lib.uchicago.edu/1001/org/ochre/8ec03d65-912a-a2d1-be58-09e110285c78</a>"
02.101 Pottery Readings 139 (L).pdf,Pottery Readings: Dataset 1,Pottery readings from excavation: 1985-2016,"OCHRE link: <a href=""https://pi.lib.uchicago.edu/1001/org/ochre/1fd63653-f8fa-f8e3-5e44-c9e240435efa"">https://pi.lib.uchicago.edu/1001/org/ochre/1fd63653-f8fa-f8e3-5e44-c9e240435efa</a>"
02.101 Pottery Readings 143 (L).pdf,Pottery Readings: Dataset 1,Pottery readings from excavation: 1985-2016,"OCHRE link: <a href=""https://pi.lib.uchicago.edu/1001/org/ochre/cb33827c-6f76-c539-bb7b-e0c5ef9ac4ad"">https://pi.lib.uchicago.edu/1001/org/ochre/cb33827c-6f76-c539-bb7b-e0c5ef9ac4ad</a>"
02.101 Pottery Readings 144 (L).pdf,Pottery Readings: Dataset 1,Pottery readings from excavation: 1985-2016,"OCHRE link: <a href=""https://pi.lib.uchicago.edu/1001/org/ochre/66e13621-4bf4-5608-e7ed-92829f6f8e8d"">https://pi.lib.uchicago.edu/1001/org/ochre/66e13621-4bf4-5608-e7ed-92829f6f8e8d</a>"
02.101 Pottery Readings 146 (L).pdf,Pottery Readings: Dataset 1,Pottery readings from excavation: 1985-2016,"OCHRE link: <a href=""https://pi.lib.uchicago.edu/1001/org/ochre/b49fe507-fcef-6b2a-142b-2d8105ae83e6"">https://pi.lib.uchicago.edu/1001/org/ochre/b49fe507-fcef-6b2a-142b-2d8105ae83e6</a>"
02.101 Pottery Readings 147 (L).pdf,Pottery Readings: Dataset 1,Pottery readings from excavation: 1985-2016,"OCHRE link: <a href=""https://pi.lib.uchicago.edu/1001/org/ochre/017ff10d-c8a7-9abe-52b1-b154c154cda3"">https://pi.lib.uchicago.edu/1001/org/ochre/017ff10d-c8a7-9abe-52b1-b154c154cda3</a>"
02.101 Pottery Readings 148 (L).pdf,Pottery Readings: Dataset 1,Pottery readings from excavation: 1985-2016,"OCHRE link: <a href=""https://pi.lib.uchicago.edu/1001/org/ochre/b7ae9c34-a258-f0d4-ca9f-2be4baa03196"">https://pi.lib.uchicago.edu/1001/org/ochre/b7ae9c34-a258-f0d4-ca9f-2be4baa03196</a>"
02.101 Pottery Readings 155 (L).pdf,Pottery Readings: Dataset 1,Pottery readings from excavation: 1985-2016,"OCHRE link: <a href=""https://pi.lib.uchicago.edu/1001/org/ochre/9b01fde1-1bc9-4e23-8405-b6640a7845ea"">https://pi.lib.uchicago.edu/1001/org/ochre/9b01fde1-1bc9-4e23-8405-b6640a7845ea</a>"
02.101 Pottery Readings 158 (L).pdf,Pottery Readings: Dataset 1,Pottery readings from excavation: 1985-2016,"OCHRE link: <a href=""https://pi.lib.uchicago.edu/1001/org/ochre/80bac4a3-6a1e-c0ea-12ee-b26a2b56b7be"">https://pi.lib.uchicago.edu/1001/org/ochre/80bac4a3-6a1e-c0ea-12ee-b26a2b56b7be</a>"
02.101 Pottery Readings 160 (L).pdf,Pottery Readings: Dataset 1,Pottery readings from excavation: 1985-2016,"OCHRE link: <a href=""https://pi.lib.uchicago.edu/1001/org/ochre/45d20785-d3a3-5273-e630-7ad9e8ca7209"">https://pi.lib.uchicago.edu/1001/org/ochre/45d20785-d3a3-5273-e630-7ad9e8ca7209</a>"
02.101 Pottery Readings 166 (LF).pdf,Pottery Readings: Dataset 1,Pottery readings from excavation: 1985-2016,"OCHRE link: <a href=""https://pi.lib.uchicago.edu/1001/org/ochre/52717d18-d2ec-ca60-663c-a7dfbd72d252"">https://pi.lib.uchicago.edu/1001/org/ochre/52717d18-d2ec-ca60-663c-a7dfbd72d252</a>"
02.101 Pottery Readings 167 (LF).pdf,Pottery Readings: Dataset 1,Pottery readings from excavation: 1985-2016,"OCHRE link: <a href=""https://pi.lib.uchicago.edu/1001/org/ochre/428851b4-9ef5-8432-f8be-c1c287207aeb"">https://pi.lib.uchicago.edu/1001/org/ochre/428851b4-9ef5-8432-f8be-c1c287207aeb</a>"
02.101 Pottery Readings 168 (L).pdf,Pottery Readings: Dataset 1,Pottery readings from excavation: 1985-2016,"OCHRE link: <a href=""https://pi.lib.uchicago.edu/1001/org/ochre/fd904d5f-cd40-3730-5cf8-a8cc65860641"">https://pi.lib.uchicago.edu/1001/org/ochre/fd904d5f-cd40-3730-5cf8-a8cc65860641</a>"
02.101 Pottery Readings 169 (L).pdf,Pottery Readings: Dataset 1,Pottery readings from excavation: 1985-2016,"OCHRE link: <a href=""https://pi.lib.uchicago.edu/1001/org/ochre/119da6c8-87d7-d415-388f-5800c78dd14c"">https://pi.lib.uchicago.edu/1001/org/ochre/119da6c8-87d7-d415-388f-5800c78dd14c</a>"
02.101 Pottery Readings 170 (LF).pdf,Pottery Readings: Dataset 1,Pottery readings from excavation: 1985-2016,"OCHRE link: <a href=""https://pi.lib.uchicago.edu/1001/org/ochre/296cc219-7a23-f68d-febe-a1c71ef0d950"">https://pi.lib.uchicago.edu/1001/org/ochre/296cc219-7a23-f68d-febe-a1c71ef0d950</a>"
02.101 Pottery Readings 173 (L).pdf,Pottery Readings: Dataset 1,Pottery readings from excavation: 1985-2016,"OCHRE link: <a href=""https://pi.lib.uchicago.edu/1001/org/ochre/dde81ea6-4a79-81b2-8fa1-43d71bba6d6d"">https://pi.lib.uchicago.edu/1001/org/ochre/dde81ea6-4a79-81b2-8fa1-43d71bba6d6d</a>"
02.101 Pottery Readings 174 (LF).pdf,Pottery Readings: Dataset 1,Pottery readings from excavation: 1985-2016,"OCHRE link: <a href=""https://pi.lib.uchicago.edu/1001/org/ochre/58bd5d06-0928-048e-3da6-f29cd283b74f"">https://pi.lib.uchicago.edu/1001/org/ochre/58bd5d06-0928-048e-3da6-f29cd283b74f</a>"
02.101 Pottery Readings 175 (L).pdf,Pottery Readings: Dataset 1,Pottery readings from excavation: 1985-2016,"OCHRE link: <a href=""https://pi.lib.uchicago.edu/1001/org/ochre/659903f2-8f17-346a-425f-1a0d87c46996"">https://pi.lib.uchicago.edu/1001/org/ochre/659903f2-8f17-346a-425f-1a0d87c46996</a>"
02.101 Pottery Readings 176 (L).pdf,Pottery Readings: Dataset 1,Pottery readings from excavation: 1985-2016,"OCHRE link: <a href=""https://pi.lib.uchicago.edu/1001/org/ochre/4398c8f4-cfed-4eb0-75e0-3786c6117fcd"">https://pi.lib.uchicago.edu/1001/org/ochre/4398c8f4-cfed-4eb0-75e0-3786c6117fcd</a>"
02.101 Pottery Readings 177 (LF).pdf,Pottery Readings: Dataset 1,Pottery readings from excavation: 1985-2016,"OCHRE link: <a href=""https://pi.lib.uchicago.edu/1001/org/ochre/8a6eaba1-204f-2b99-ef2e-11eb96952c5d"">https://pi.lib.uchicago.edu/1001/org/ochre/8a6eaba1-204f-2b99-ef2e-11eb96952c5d</a>"
02.101 Pottery Readings 185 (L).pdf,Pottery Readings: Dataset 1,Pottery readings from excavation: 1985-2016,"OCHRE link: <a href=""https://pi.lib.uchicago.edu/1001/org/ochre/4b2e9692-86f9-60fb-bf95-5b9c9e72c8e9"">https://pi.lib.uchicago.edu/1001/org/ochre/4b2e9692-86f9-60fb-bf95-5b9c9e72c8e9</a>"
02.101 Pottery Readings 187 (L).pdf,Pottery Readings: Dataset 1,Pottery readings from excavation: 1985-2016,"OCHRE link: <a href=""https://pi.lib.uchicago.edu/1001/org/ochre/e739cf77-0e7a-e330-ef80-a6279f6c0d3d"">https://pi.lib.uchicago.edu/1001/org/ochre/e739cf77-0e7a-e330-ef80-a6279f6c0d3d</a>"
02.101 Pottery Readings 188 (L).pdf,Pottery Readings: Dataset 1,Pottery readings from excavation: 1985-2016,"OCHRE link: <a href=""https://pi.lib.uchicago.edu/1001/org/ochre/f0e593ec-ce2e-67ce-1dfa-0a6bec7339a0"">https://pi.lib.uchicago.edu/1001/org/ochre/f0e593ec-ce2e-67ce-1dfa-0a6bec7339a0</a>"
02.101 Pottery Readings 190 (L).pdf,Pottery Readings: Dataset 1,Pottery readings from excavation: 1985-2016,"OCHRE link: <a href=""https://pi.lib.uchicago.edu/1001/org/ochre/671b797e-df2b-c6ec-8a26-84294619c808"">https://pi.lib.uchicago.edu/1001/org/ochre/671b797e-df2b-c6ec-8a26-84294619c808</a>"
02.101 Pottery Readings 191 (L).pdf,Pottery Readings: Dataset 1,Pottery readings from excavation: 1985-2016,"OCHRE link: <a href=""https://pi.lib.uchicago.edu/1001/org/ochre/ce2386c6-d86c-008a-e699-d4840830676f"">https://pi.lib.uchicago.edu/1001/org/ochre/ce2386c6-d86c-008a-e699-d4840830676f</a>"
02.101 Pottery Readings 192 (L).pdf,Pottery Readings: Dataset 1,Pottery readings from excavation: 1985-2016,"OCHRE link: <a href=""https://pi.lib.uchicago.edu/1001/org/ochre/e8dd6fa7-af2c-88e1-ce93-921577e17d5f"">https://pi.lib.uchicago.edu/1001/org/ochre/e8dd6fa7-af2c-88e1-ce93-921577e17d5f</a>"
02.101 Pottery Readings 193 (L).pdf,Pottery Readings: Dataset 1,Pottery readings from excavation: 1985-2016,"OCHRE link: <a href=""https://pi.lib.uchicago.edu/1001/org/ochre/a8932757-adaa-73af-6faf-a8e9ec8e2c73"">https://pi.lib.uchicago.edu/1001/org/ochre/a8932757-adaa-73af-6faf-a8e9ec8e2c73</a>"
02.101 Pottery Readings 194 (L).pdf,Pottery Readings: Dataset 1,Pottery readings from excavation: 1985-2016,"OCHRE link: <a href=""https://pi.lib.uchicago.edu/1001/org/ochre/bb538b75-7bbb-96f8-c3fe-be379e25f477"">https://pi.lib.uchicago.edu/1001/org/ochre/bb538b75-7bbb-96f8-c3fe-be379e25f477</a>"
02.101 Pottery Readings 196 (L).pdf,Pottery Readings: Dataset 1,Pottery readings from excavation: 1985-2016,"OCHRE link: <a href=""https://pi.lib.uchicago.edu/1001/org/ochre/87586830-6556-c321-f6dd-40d46b4740c8"">https://pi.lib.uchicago.edu/1001/org/ochre/87586830-6556-c321-f6dd-40d46b4740c8</a>"
02.101 Pottery Readings 197 (L).pdf,Pottery Readings: Dataset 1,Pottery readings from excavation: 1985-2016,"OCHRE link: <a href=""https://pi.lib.uchicago.edu/1001/org/ochre/71e5e072-fc94-085b-da2e-0396947a11af"">https://pi.lib.uchicago.edu/1001/org/ochre/71e5e072-fc94-085b-da2e-0396947a11af</a>"
02.101 Pottery Readings 198 (L).pdf,Pottery Readings: Dataset 1,Pottery readings from excavation: 1985-2016,"OCHRE link: <a href=""https://pi.lib.uchicago.edu/1001/org/ochre/027ee8c5-fecb-e904-da22-72859a33e3fd"">https://pi.lib.uchicago.edu/1001/org/ochre/027ee8c5-fecb-e904-da22-72859a33e3fd</a>"
02.101 Pottery Readings 208 (L).pdf,Pottery Readings: Dataset 1,Pottery readings from excavation: 1985-2016,"OCHRE link: <a href=""https://pi.lib.uchicago.edu/1001/org/ochre/c81cc307-b0d7-d865-551f-12808b4d734a"">https://pi.lib.uchicago.edu/1001/org/ochre/c81cc307-b0d7-d865-551f-12808b4d734a</a>"
02.101 Pottery Readings 209 (L).pdf,Pottery Readings: Dataset 1,Pottery readings from excavation: 1985-2016,"OCHRE link: <a href=""https://pi.lib.uchicago.edu/1001/org/ochre/83208fe8-972a-9653-e962-42668c9c43cb"">https://pi.lib.uchicago.edu/1001/org/ochre/83208fe8-972a-9653-e962-42668c9c43cb</a>"
02.101 Pottery Readings 210 (L).pdf,Pottery Readings: Dataset 1,Pottery readings from excavation: 1985-2016,"OCHRE link: <a href=""https://pi.lib.uchicago.edu/1001/org/ochre/2f756748-15ce-7e56-39e9-099203680ad4"">https://pi.lib.uchicago.edu/1001/org/ochre/2f756748-15ce-7e56-39e9-099203680ad4</a>"
02.101 Pottery Readings 211 (L).pdf,Pottery Readings: Dataset 1,Pottery readings from excavation: 1985-2016,"OCHRE link: <a href=""https://pi.lib.uchicago.edu/1001/org/ochre/279b98f3-41e4-06ad-a5b6-b7d7c9f69fff"">https://pi.lib.uchicago.edu/1001/org/ochre/279b98f3-41e4-06ad-a5b6-b7d7c9f69fff</a>"
02.101 Pottery Readings 213 (L).pdf,Pottery Readings: Dataset 1,Pottery readings from excavation: 1985-2016,"OCHRE link: <a href=""https://pi.lib.uchicago.edu/1001/org/ochre/474c2c94-a751-abf6-475c-861605270991"">https://pi.lib.uchicago.edu/1001/org/ochre/474c2c94-a751-abf6-475c-861605270991</a>"
02.101 Pottery Readings 224 (F).pdf,Pottery Readings: Dataset 1,Pottery readings from excavation: 1985-2016,"OCHRE link: <a href=""https://pi.lib.uchicago.edu/1001/org/ochre/e9a9cc86-93c1-5c6f-cdaf-0fdfc0356d10"">https://pi.lib.uchicago.edu/1001/org/ochre/e9a9cc86-93c1-5c6f-cdaf-0fdfc0356d10</a>"
02.101 Pottery Readings 226 (L).pdf,Pottery Readings: Dataset 1,Pottery readings from excavation: 1985-2016,"OCHRE link: <a href=""https://pi.lib.uchicago.edu/1001/org/ochre/30bc981c-f6f1-2262-ec76-fc4f1f5388d7"">https://pi.lib.uchicago.edu/1001/org/ochre/30bc981c-f6f1-2262-ec76-fc4f1f5388d7</a>"
02.101 Pottery Readings 232 (L).pdf,Pottery Readings: Dataset 1,Pottery readings from excavation: 1985-2016,"OCHRE link: <a href=""https://pi.lib.uchicago.edu/1001/org/ochre/d6c3e20e-8977-d25d-de1f-b4af43d1e4fa"">https://pi.lib.uchicago.edu/1001/org/ochre/d6c3e20e-8977-d25d-de1f-b4af43d1e4fa</a>"
02.101 Pottery Readings 233 (L).pdf,Pottery Readings: Dataset 1,Pottery readings from excavation: 1985-2016,"OCHRE link: <a href=""https://pi.lib.uchicago.edu/1001/org/ochre/213aadfd-bd5b-0a6c-e218-00bee67b2f33"">https://pi.lib.uchicago.edu/1001/org/ochre/213aadfd-bd5b-0a6c-e218-00bee67b2f33</a>"
02.101 Pottery Readings 241 (L).pdf,Pottery Readings: Dataset 1,Pottery readings from excavation: 1985-2016,"OCHRE link: <a href=""https://pi.lib.uchicago.edu/1001/org/ochre/60f2e92c-ff4d-0ee3-1fe7-471bbb16e1a6"">https://pi.lib.uchicago.edu/1001/org/ochre/60f2e92c-ff4d-0ee3-1fe7-471bbb16e1a6</a>"
02.101 Pottery Readings 244 (L).pdf,Pottery Readings: Dataset 1,Pottery readings from excavation: 1985-2016,"OCHRE link: <a href=""https://pi.lib.uchicago.edu/1001/org/ochre/bbc54797-528e-cba9-42fc-46fbbdb8cb61"">https://pi.lib.uchicago.edu/1001/org/ochre/bbc54797-528e-cba9-42fc-46fbbdb8cb61</a>"
02.101 Pottery Readings 246 (L).pdf,Pottery Readings: Dataset 1,Pottery readings from excavation: 1985-2016,"OCHRE link: <a href=""https://pi.lib.uchicago.edu/1001/org/ochre/57b21c9b-f360-32dd-3085-6cc3e1c6de9b"">https://pi.lib.uchicago.edu/1001/org/ochre/57b21c9b-f360-32dd-3085-6cc3e1c6de9b</a>"
02.101 Pottery Readings Miscellaneous.pdf,Pottery Readings: Dataset 1,Pottery readings from excavation: 1985-2016,"OCHRE link: <a href=""https://pi.lib.uchicago.edu/1001/org/ochre/e95f55ab-85ec-a57d-69cd-573bc74b9cbf"">https://pi.lib.uchicago.edu/1001/org/ochre/e95f55ab-85ec-a57d-69cd-573bc74b9cbf</a>"
02.102 Pottery Readings Miscellaneous.pdf,Pottery Readings: Dataset 1,Pottery readings from excavation: 1985-2016,"OCHRE link: <a href=""https://pi.lib.uchicago.edu/1001/org/ochre/ef5a4bb5-6ab1-d4d3-46cd-a09f8c10eba4"">https://pi.lib.uchicago.edu/1001/org/ochre/ef5a4bb5-6ab1-d4d3-46cd-a09f8c10eba4</a>"
02.Dump Pottery Readings.pdf,Pottery Readings: Dataset 1,Pottery readings from excavation: 1985-2016,"OCHRE link: <a href=""https://pi.lib.uchicago.edu/1001/org/ochre/5a60ddc0-1e9e-64d9-4d07-49379bcd3c1f"">https://pi.lib.uchicago.edu/1001/org/ochre/5a60ddc0-1e9e-64d9-4d07-49379bcd3c1f</a>"
03.98 Pottery Readings 001 (L).pdf,Pottery Readings: Dataset 1,Pottery readings from excavation: 1985-2016,"OCHRE link: <a href=""https://pi.lib.uchicago.edu/1001/org/ochre/b055a921-547c-f240-9d36-7aec880b92df"">https://pi.lib.uchicago.edu/1001/org/ochre/b055a921-547c-f240-9d36-7aec880b92df</a>"
03.98 Pottery Readings 024 (L).pdf,Pottery Readings: Dataset 1,Pottery readings from excavation: 1985-2016,"OCHRE link: <a href=""https://pi.lib.uchicago.edu/1001/org/ochre/37887acd-544e-7eb8-1467-d309a6c4f142"">https://pi.lib.uchicago.edu/1001/org/ochre/37887acd-544e-7eb8-1467-d309a6c4f142</a>"
03.98 Pottery Readings 025 (L).pdf,Pottery Readings: Dataset 1,Pottery readings from excavation: 1985-2016,"OCHRE link: <a href=""https://pi.lib.uchicago.edu/1001/org/ochre/7c8ac2b0-8cdb-a4e4-0372-06ff3f03cff5"">https://pi.lib.uchicago.edu/1001/org/ochre/7c8ac2b0-8cdb-a4e4-0372-06ff3f03cff5</a>"
03.99 Pottery Readings 003 (L).pdf,Pottery Readings: Dataset 1,Pottery readings from excavation: 1985-2016,"OCHRE link: <a href=""https://pi.lib.uchicago.edu/1001/org/ochre/f4f9de2c-2aa4-4650-fa5d-6b42bcadea20"">https://pi.lib.uchicago.edu/1001/org/ochre/f4f9de2c-2aa4-4650-fa5d-6b42bcadea20</a>"
03.99 Pottery Readings 022 (L).pdf,Pottery Readings: Dataset 1,Pottery readings from excavation: 1985-2016,"OCHRE link: <a href=""https://pi.lib.uchicago.edu/1001/org/ochre/c9269bec-aa93-0c5c-4b8f-a4c0ae63e389"">https://pi.lib.uchicago.edu/1001/org/ochre/c9269bec-aa93-0c5c-4b8f-a4c0ae63e389</a>"
03.99 Pottery Readings 024 (L).pdf,Pottery Readings: Dataset 1,Pottery readings from excavation: 1985-2016,"OCHRE link: <a href=""https://pi.lib.uchicago.edu/1001/org/ochre/06e2710c-59fb-0a53-5b0e-763a238a5ea0"">https://pi.lib.uchicago.edu/1001/org/ochre/06e2710c-59fb-0a53-5b0e-763a238a5ea0</a>"
03.99 Pottery Readings 027 (F).pdf,Pottery Readings: Dataset 1,Pottery readings from excavation: 1985-2016,"OCHRE link: <a href=""https://pi.lib.uchicago.edu/1001/org/ochre/dede20f6-1310-654c-d143-be87cd79e72f"">https://pi.lib.uchicago.edu/1001/org/ochre/dede20f6-1310-654c-d143-be87cd79e72f</a>"
09.03 Pottery Readings 001 (L).pdf,Pottery Readings: Dataset 1,Pottery readings from excavation: 1985-2016,"OCHRE link: <a href=""https://pi.lib.uchicago.edu/1001/org/ochre/d7dedaab-1eb0-724f-596c-b00e992d1557"">https://pi.lib.uchicago.edu/1001/org/ochre/d7dedaab-1eb0-724f-596c-b00e992d1557</a>"
09.03 Pottery Readings 002 (LF).pdf,Pottery Readings: Dataset 1,Pottery readings from excavation: 1985-2016,"OCHRE link: <a href=""https://pi.lib.uchicago.edu/1001/org/ochre/1892fc0b-aab2-3808-0253-47cdcb03ecbb"">https://pi.lib.uchicago.edu/1001/org/ochre/1892fc0b-aab2-3808-0253-47cdcb03ecbb</a>"
09.03 Pottery Readings 003 (L).pdf,Pottery Readings: Dataset 1,Pottery readings from excavation: 1985-2016,"OCHRE link: <a href=""https://pi.lib.uchicago.edu/1001/org/ochre/b57f58d0-877a-bc4d-7b65-95d3f9266997"">https://pi.lib.uchicago.edu/1001/org/ochre/b57f58d0-877a-bc4d-7b65-95d3f9266997</a>"
09.03 Pottery Readings 004 (L).pdf,Pottery Readings: Dataset 1,Pottery readings from excavation: 1985-2016,"OCHRE link: <a href=""https://pi.lib.uchicago.edu/1001/org/ochre/51e629fe-0077-9b16-6bf8-e7047436388c"">https://pi.lib.uchicago.edu/1001/org/ochre/51e629fe-0077-9b16-6bf8-e7047436388c</a>"
09.03 Pottery Readings 005 (LF).pdf,Pottery Readings: Dataset 1,Pottery readings from excavation: 1985-2016,"OCHRE link: <a href=""https://pi.lib.uchicago.edu/1001/org/ochre/8f65e547-8e4e-81e8-6173-3fe859186acc"">https://pi.lib.uchicago.edu/1001/org/ochre/8f65e547-8e4e-81e8-6173-3fe859186acc</a>"
09.03 Pottery Readings 006 (L).pdf,Pottery Readings: Dataset 1,Pottery readings from excavation: 1985-2016,"OCHRE link: <a href=""https://pi.lib.uchicago.edu/1001/org/ochre/a4c2e1bc-f3c0-cbdf-322b-6dd44bf7224c"">https://pi.lib.uchicago.edu/1001/org/ochre/a4c2e1bc-f3c0-cbdf-322b-6dd44bf7224c</a>"
09.03 Pottery Readings 007 (L).pdf,Pottery Readings: Dataset 1,Pottery readings from excavation: 1985-2016,"OCHRE link: <a href=""https://pi.lib.uchicago.edu/1001/org/ochre/e7b51874-7708-ddb5-d3f1-093282f37dc5"">https://pi.lib.uchicago.edu/1001/org/ochre/e7b51874-7708-ddb5-d3f1-093282f37dc5</a>"
09.03 Pottery Readings 008 (L).pdf,Pottery Readings: Dataset 1,Pottery readings from excavation: 1985-2016,"OCHRE link: <a href=""https://pi.lib.uchicago.edu/1001/org/ochre/3bb9979f-3d1a-ecaa-b2a5-4ed7377300e8"">https://pi.lib.uchicago.edu/1001/org/ochre/3bb9979f-3d1a-ecaa-b2a5-4ed7377300e8</a>"
09.03 Pottery Readings 009 (L).pdf,Pottery Readings: Dataset 1,Pottery readings from excavation: 1985-2016,"OCHRE link: <a href=""https://pi.lib.uchicago.edu/1001/org/ochre/92553068-1d2d-a4fd-c065-cbd7ec11de1f"">https://pi.lib.uchicago.edu/1001/org/ochre/92553068-1d2d-a4fd-c065-cbd7ec11de1f</a>"
09.03 Pottery Readings 010 (L).pdf,Pottery Readings: Dataset 1,Pottery readings from excavation: 1985-2016,"OCHRE link: <a href=""https://pi.lib.uchicago.edu/1001/org/ochre/db04bb5f-f91b-d1f5-6aeb-8c3b53fbf056"">https://pi.lib.uchicago.edu/1001/org/ochre/db04bb5f-f91b-d1f5-6aeb-8c3b53fbf056</a>"
09.03 Pottery Readings 011 (L).pdf,Pottery Readings: Dataset 1,Pottery readings from excavation: 1985-2016,"OCHRE link: <a href=""https://pi.lib.uchicago.edu/1001/org/ochre/2f6e2a77-12d1-1afd-b589-5a1d2f4e0532"">https://pi.lib.uchicago.edu/1001/org/ochre/2f6e2a77-12d1-1afd-b589-5a1d2f4e0532</a>"
09.03 Pottery Readings 012 (L).pdf,Pottery Readings: Dataset 1,Pottery readings from excavation: 1985-2016,"OCHRE link: <a href=""https://pi.lib.uchicago.edu/1001/org/ochre/a0c3b4fd-3147-5d7e-ac3b-68fae2687e7a"">https://pi.lib.uchicago.edu/1001/org/ochre/a0c3b4fd-3147-5d7e-ac3b-68fae2687e7a</a>"
09.03 Pottery Readings 013 (LF).pdf,Pottery Readings: Dataset 1,Pottery readings from excavation: 1985-2016,"OCHRE link: <a href=""https://pi.lib.uchicago.edu/1001/org/ochre/8681e55b-0b18-8161-51cb-bca32d9b6863"">https://pi.lib.uchicago.edu/1001/org/ochre/8681e55b-0b18-8161-51cb-bca32d9b6863</a>"
09.03 Pottery Readings 014 (LF).pdf,Pottery Readings: Dataset 1,Pottery readings from excavation: 1985-2016,"OCHRE link: <a href=""https://pi.lib.uchicago.edu/1001/org/ochre/44989767-c7b3-bbfb-3ca6-fe14671cc387"">https://pi.lib.uchicago.edu/1001/org/ochre/44989767-c7b3-bbfb-3ca6-fe14671cc387</a>"
09.03 Pottery Readings 017 (L).pdf,Pottery Readings: Dataset 1,Pottery readings from excavation: 1985-2016,"OCHRE link: <a href=""https://pi.lib.uchicago.edu/1001/org/ochre/5f7a8952-ee34-ab48-3e05-e772b436f770"">https://pi.lib.uchicago.edu/1001/org/ochre/5f7a8952-ee34-ab48-3e05-e772b436f770</a>"
09.03 Pottery Readings 019 (LF).pdf,Pottery Readings: Dataset 1,Pottery readings from excavation: 1985-2016,"OCHRE link: <a href=""https://pi.lib.uchicago.edu/1001/org/ochre/c9dc8c7e-05ed-3399-1bb9-1eba93c1cb3b"">https://pi.lib.uchicago.edu/1001/org/ochre/c9dc8c7e-05ed-3399-1bb9-1eba93c1cb3b</a>"
09.03 Pottery Readings 021 (L).pdf,Pottery Readings: Dataset 1,Pottery readings from excavation: 1985-2016,"OCHRE link: <a href=""https://pi.lib.uchicago.edu/1001/org/ochre/72177667-7447-d604-4e1b-572b308e92b1"">https://pi.lib.uchicago.edu/1001/org/ochre/72177667-7447-d604-4e1b-572b308e92b1</a>"
09.03 Pottery Readings 022 (L).pdf,Pottery Readings: Dataset 1,Pottery readings from excavation: 1985-2016,"OCHRE link: <a href=""https://pi.lib.uchicago.edu/1001/org/ochre/259c3c39-20af-4348-9e81-b1626603bd85"">https://pi.lib.uchicago.edu/1001/org/ochre/259c3c39-20af-4348-9e81-b1626603bd85</a>"
09.03 Pottery Readings 023 (L).pdf,Pottery Readings: Dataset 1,Pottery readings from excavation: 1985-2016,"OCHRE link: <a href=""https://pi.lib.uchicago.edu/1001/org/ochre/16d03fe5-06dc-ed7c-79c3-24b1c4b687ff"">https://pi.lib.uchicago.edu/1001/org/ochre/16d03fe5-06dc-ed7c-79c3-24b1c4b687ff</a>"
09.03 Pottery Readings 024 (L).pdf,Pottery Readings: Dataset 1,Pottery readings from excavation: 1985-2016,"OCHRE link: <a href=""https://pi.lib.uchicago.edu/1001/org/ochre/ee8a1c61-7450-4e43-b16a-f0480693eb15"">https://pi.lib.uchicago.edu/1001/org/ochre/ee8a1c61-7450-4e43-b16a-f0480693eb15</a>"
09.03 Pottery Readings 025 (LF).pdf,Pottery Readings: Dataset 1,Pottery readings from excavation: 1985-2016,"OCHRE link: <a href=""https://pi.lib.uchicago.edu/1001/org/ochre/cef2b6df-a962-d165-5217-8e18eb92526c"">https://pi.lib.uchicago.edu/1001/org/ochre/cef2b6df-a962-d165-5217-8e18eb92526c</a>"
09.03 Pottery Readings 026 (L).pdf,Pottery Readings: Dataset 1,Pottery readings from excavation: 1985-2016,"OCHRE link: <a href=""https://pi.lib.uchicago.edu/1001/org/ochre/0fdbc8a2-d2e7-5b8a-f399-5c11f4389401"">https://pi.lib.uchicago.edu/1001/org/ochre/0fdbc8a2-d2e7-5b8a-f399-5c11f4389401</a>"
09.03 Pottery Readings 027 (L).pdf,Pottery Readings: Dataset 1,Pottery readings from excavation: 1985-2016,"OCHRE link: <a href=""https://pi.lib.uchicago.edu/1001/org/ochre/d5bc370b-d4ca-129e-37f1-07343155efec"">https://pi.lib.uchicago.edu/1001/org/ochre/d5bc370b-d4ca-129e-37f1-07343155efec</a>"
09.03 Pottery Readings 028 (L).pdf,Pottery Readings: Dataset 1,Pottery readings from excavation: 1985-2016,"OCHRE link: <a href=""https://pi.lib.uchicago.edu/1001/org/ochre/90ee0939-4cbf-10c8-f479-f5e761141954"">https://pi.lib.uchicago.edu/1001/org/ochre/90ee0939-4cbf-10c8-f479-f5e761141954</a>"
09.03 Pottery Readings 029 (LF).pdf,Pottery Readings: Dataset 1,Pottery readings from excavation: 1985-2016,"OCHRE link: <a href=""https://pi.lib.uchicago.edu/1001/org/ochre/951f123c-320a-c101-c7b0-26f885d8f8e3"">https://pi.lib.uchicago.edu/1001/org/ochre/951f123c-320a-c101-c7b0-26f885d8f8e3</a>"
09.03 Pottery Readings 032 (L).pdf,Pottery Readings: Dataset 1,Pottery readings from excavation: 1985-2016,"OCHRE link: <a href=""https://pi.lib.uchicago.edu/1001/org/ochre/1dc12f73-7515-7b38-e962-0dd91a08c2a5"">https://pi.lib.uchicago.edu/1001/org/ochre/1dc12f73-7515-7b38-e962-0dd91a08c2a5</a>"
09.03 Pottery Readings 033 (L).pdf,Pottery Readings: Dataset 1,Pottery readings from excavation: 1985-2016,"OCHRE link: <a href=""https://pi.lib.uchicago.edu/1001/org/ochre/7ca01d60-56f7-ac1f-a193-4986e68adca5"">https://pi.lib.uchicago.edu/1001/org/ochre/7ca01d60-56f7-ac1f-a193-4986e68adca5</a>"
09.03 Pottery Readings 035 (L).pdf,Pottery Readings: Dataset 1,Pottery readings from excavation: 1985-2016,"OCHRE link: <a href=""https://pi.lib.uchicago.edu/1001/org/ochre/7206e933-a543-0ca2-c559-2b04f83bad4e"">https://pi.lib.uchicago.edu/1001/org/ochre/7206e933-a543-0ca2-c559-2b04f83bad4e</a>"
09.03 Pottery Readings 036 (L).pdf,Pottery Readings: Dataset 1,Pottery readings from excavation: 1985-2016,"OCHRE link: <a href=""https://pi.lib.uchicago.edu/1001/org/ochre/82c643db-0e7d-c4f8-e8a2-443c2d3d8738"">https://pi.lib.uchicago.edu/1001/org/ochre/82c643db-0e7d-c4f8-e8a2-443c2d3d8738</a>"
09.03 Pottery Readings 037 (L).pdf,Pottery Readings: Dataset 1,Pottery readings from excavation: 1985-2016,"OCHRE link: <a href=""https://pi.lib.uchicago.edu/1001/org/ochre/faf5edff-5895-3f2f-ba3e-2b7a672493cb"">https://pi.lib.uchicago.edu/1001/org/ochre/faf5edff-5895-3f2f-ba3e-2b7a672493cb</a>"
09.03 Pottery Readings 050 (L).pdf,Pottery Readings: Dataset 1,Pottery readings from excavation: 1985-2016,"OCHRE link: <a href=""https://pi.lib.uchicago.edu/1001/org/ochre/1f1b433a-2635-5dd0-acc3-f4456307510c"">https://pi.lib.uchicago.edu/1001/org/ochre/1f1b433a-2635-5dd0-acc3-f4456307510c</a>"
09.03 Pottery Readings 051 (L).pdf,Pottery Readings: Dataset 1,Pottery readings from excavation: 1985-2016,"OCHRE link: <a href=""https://pi.lib.uchicago.edu/1001/org/ochre/7067545d-0f87-ade3-6035-66e43837d973"">https://pi.lib.uchicago.edu/1001/org/ochre/7067545d-0f87-ade3-6035-66e43837d973</a>"
09.03 Pottery Readings 052 (L).pdf,Pottery Readings: Dataset 1,Pottery readings from excavation: 1985-2016,"OCHRE link: <a href=""https://pi.lib.uchicago.edu/1001/org/ochre/68cba8bd-e5fe-3ae3-6309-a67f07a69f10"">https://pi.lib.uchicago.edu/1001/org/ochre/68cba8bd-e5fe-3ae3-6309-a67f07a69f10</a>"
09.03 Pottery Readings 053 (L).pdf,Pottery Readings: Dataset 1,Pottery readings from excavation: 1985-2016,"OCHRE link: <a href=""https://pi.lib.uchicago.edu/1001/org/ochre/f78e2a97-8069-abfd-8b4a-dced747d28a8"">https://pi.lib.uchicago.edu/1001/org/ochre/f78e2a97-8069-abfd-8b4a-dced747d28a8</a>"
09.03 Pottery Readings 056 (L).pdf,Pottery Readings: Dataset 1,Pottery readings from excavation: 1985-2016,"OCHRE link: <a href=""https://pi.lib.uchicago.edu/1001/org/ochre/d8a878ab-1dfb-d91a-3972-b4f97fc11142"">https://pi.lib.uchicago.edu/1001/org/ochre/d8a878ab-1dfb-d91a-3972-b4f97fc11142</a>"
09.03 Pottery Readings 059 (L).pdf,Pottery Readings: Dataset 1,Pottery readings from excavation: 1985-2016,"OCHRE link: <a href=""https://pi.lib.uchicago.edu/1001/org/ochre/6ce289ab-afdf-39b9-692d-fa032172e637"">https://pi.lib.uchicago.edu/1001/org/ochre/6ce289ab-afdf-39b9-692d-fa032172e637</a>"
09.03 Pottery Readings 060 (L).pdf,Pottery Readings: Dataset 1,Pottery readings from excavation: 1985-2016,"OCHRE link: <a href=""https://pi.lib.uchicago.edu/1001/org/ochre/412a1372-223d-da90-25f6-e8c21c303a4a"">https://pi.lib.uchicago.edu/1001/org/ochre/412a1372-223d-da90-25f6-e8c21c303a4a</a>"
09.03 Pottery Readings 061 (L).pdf,Pottery Readings: Dataset 1,Pottery readings from excavation: 1985-2016,"OCHRE link: <a href=""https://pi.lib.uchicago.edu/1001/org/ochre/5f8154ef-4a15-5589-9e83-4eb9648ff137"">https://pi.lib.uchicago.edu/1001/org/ochre/5f8154ef-4a15-5589-9e83-4eb9648ff137</a>"
09.03 Pottery Readings 062 (L).pdf,Pottery Readings: Dataset 1,Pottery readings from excavation: 1985-2016,"OCHRE link: <a href=""https://pi.lib.uchicago.edu/1001/org/ochre/37fdf3ea-7cc5-f0af-4c3f-3e87ceda74ab"">https://pi.lib.uchicago.edu/1001/org/ochre/37fdf3ea-7cc5-f0af-4c3f-3e87ceda74ab</a>"
09.03 Pottery Readings 063 (L).pdf,Pottery Readings: Dataset 1,Pottery readings from excavation: 1985-2016,"OCHRE link: <a href=""https://pi.lib.uchicago.edu/1001/org/ochre/3e7456af-64af-868b-6598-d215de3b86c8"">https://pi.lib.uchicago.edu/1001/org/ochre/3e7456af-64af-868b-6598-d215de3b86c8</a>"
09.03 Pottery Readings 067 (F).pdf,Pottery Readings: Dataset 1,Pottery readings from excavation: 1985-2016,"OCHRE link: <a href=""https://pi.lib.uchicago.edu/1001/org/ochre/ceb408c8-5ff3-eb2a-00ff-09619f65cb4b"">https://pi.lib.uchicago.edu/1001/org/ochre/ceb408c8-5ff3-eb2a-00ff-09619f65cb4b</a>"
09.04 Pottery Readings 002 (LF).pdf,Pottery Readings: Dataset 1,Pottery readings from excavation: 1985-2016,"OCHRE link: <a href=""https://pi.lib.uchicago.edu/1001/org/ochre/97a3547c-7223-c9f2-5e26-13c8a5c76b56"">https://pi.lib.uchicago.edu/1001/org/ochre/97a3547c-7223-c9f2-5e26-13c8a5c76b56</a>"
09.04 Pottery Readings 022 (L).pdf,Pottery Readings: Dataset 1,Pottery readings from excavation: 1985-2016,"OCHRE link: <a href=""https://pi.lib.uchicago.edu/1001/org/ochre/07e2166b-25a4-9d89-5785-e9cb9db56625"">https://pi.lib.uchicago.edu/1001/org/ochre/07e2166b-25a4-9d89-5785-e9cb9db56625</a>"
09.04 Pottery Readings 038 (L).pdf,Pottery Readings: Dataset 1,Pottery readings from excavation: 1985-2016,"OCHRE link: <a href=""https://pi.lib.uchicago.edu/1001/org/ochre/3ea89aeb-4009-89f2-4b44-a1cf7864d8e2"">https://pi.lib.uchicago.edu/1001/org/ochre/3ea89aeb-4009-89f2-4b44-a1cf7864d8e2</a>"
09.04 Pottery Readings 039 (LF).pdf,Pottery Readings: Dataset 1,Pottery readings from excavation: 1985-2016,"OCHRE link: <a href=""https://pi.lib.uchicago.edu/1001/org/ochre/1ec91669-7422-e806-0ae7-ee7a7f4d7c07"">https://pi.lib.uchicago.edu/1001/org/ochre/1ec91669-7422-e806-0ae7-ee7a7f4d7c07</a>"
09.04 Pottery Readings 050 (L).pdf,Pottery Readings: Dataset 1,Pottery readings from excavation: 1985-2016,"OCHRE link: <a href=""https://pi.lib.uchicago.edu/1001/org/ochre/38741db8-877a-fc51-bc3b-a227e45c692c"">https://pi.lib.uchicago.edu/1001/org/ochre/38741db8-877a-fc51-bc3b-a227e45c692c</a>"
09.04 Pottery Readings 051 (L).pdf,Pottery Readings: Dataset 1,Pottery readings from excavation: 1985-2016,"OCHRE link: <a href=""https://pi.lib.uchicago.edu/1001/org/ochre/25ff98db-8e48-71fc-25e4-48f3e11193f3"">https://pi.lib.uchicago.edu/1001/org/ochre/25ff98db-8e48-71fc-25e4-48f3e11193f3</a>"
09.04 Pottery Readings 052 (F).pdf,Pottery Readings: Dataset 1,Pottery readings from excavation: 1985-2016,"OCHRE link: <a href=""https://pi.lib.uchicago.edu/1001/org/ochre/4e47a59e-89d8-da24-b3c6-2cd0d9f6ba72"">https://pi.lib.uchicago.edu/1001/org/ochre/4e47a59e-89d8-da24-b3c6-2cd0d9f6ba72</a>"
09.04 Pottery Readings 054 (L).pdf,Pottery Readings: Dataset 1,Pottery readings from excavation: 1985-2016,"OCHRE link: <a href=""https://pi.lib.uchicago.edu/1001/org/ochre/d5568dff-c731-444a-065e-e387171041bb"">https://pi.lib.uchicago.edu/1001/org/ochre/d5568dff-c731-444a-065e-e387171041bb</a>"
09.04 Pottery Readings 055 (L).pdf,Pottery Readings: Dataset 1,Pottery readings from excavation: 1985-2016,"OCHRE link: <a href=""https://pi.lib.uchicago.edu/1001/org/ochre/be173762-9abf-874f-7012-5424e149ec7a"">https://pi.lib.uchicago.edu/1001/org/ochre/be173762-9abf-874f-7012-5424e149ec7a</a>"
09.04 Pottery Readings 056 (L).pdf,Pottery Readings: Dataset 1,Pottery readings from excavation: 1985-2016,"OCHRE link: <a href=""https://pi.lib.uchicago.edu/1001/org/ochre/b2578df6-b657-6538-fa76-4f51f46d3d64"">https://pi.lib.uchicago.edu/1001/org/ochre/b2578df6-b657-6538-fa76-4f51f46d3d64</a>"
09.04 Pottery Readings 059 (L).pdf,Pottery Readings: Dataset 1,Pottery readings from excavation: 1985-2016,"OCHRE link: <a href=""https://pi.lib.uchicago.edu/1001/org/ochre/5d5a21e0-e6b5-87ab-1f7a-2a06c1a9f6c8"">https://pi.lib.uchicago.edu/1001/org/ochre/5d5a21e0-e6b5-87ab-1f7a-2a06c1a9f6c8</a>"
09.04 Pottery Readings 060 (L).pdf,Pottery Readings: Dataset 1,Pottery readings from excavation: 1985-2016,"OCHRE link: <a href=""https://pi.lib.uchicago.edu/1001/org/ochre/495ec24d-a278-d296-1dd5-cedaea4e713f"">https://pi.lib.uchicago.edu/1001/org/ochre/495ec24d-a278-d296-1dd5-cedaea4e713f</a>"