filename,metadata_link,dataset_title,dataset_description,file_description
A19_33914.jpg,https://pi.lib.uchicago.edu/1001/org/ochre/06238503-178c-44b0-a2ba-bd18ff1148fb,2019 Photographs,Dataset contains photographs from 2019 excavation.,"OCHRE link: <a href=""https://pi.lib.uchicago.edu/1001/org/ochre/06238503-178c-44b0-a2ba-bd18ff1148fb"">https://pi.lib.uchicago.edu/1001/org/ochre/06238503-178c-44b0-a2ba-bd18ff1148fb</a>"
A19_33915.jpg,https://pi.lib.uchicago.edu/1001/org/ochre/c5d6ada3-84fd-421e-a3ec-bfd9f81574b7,2019 Photographs,Dataset contains photographs from 2019 excavation.,"OCHRE link: <a href=""https://pi.lib.uchicago.edu/1001/org/ochre/c5d6ada3-84fd-421e-a3ec-bfd9f81574b7"">https://pi.lib.uchicago.edu/1001/org/ochre/c5d6ada3-84fd-421e-a3ec-bfd9f81574b7</a>"
A19_33916.jpg,https://pi.lib.uchicago.edu/1001/org/ochre/d06f719d-a39f-4b3e-a5ef-2b6c30624f54,2019 Photographs,Dataset contains photographs from 2019 excavation.,"OCHRE link: <a href=""https://pi.lib.uchicago.edu/1001/org/ochre/d06f719d-a39f-4b3e-a5ef-2b6c30624f54"">https://pi.lib.uchicago.edu/1001/org/ochre/d06f719d-a39f-4b3e-a5ef-2b6c30624f54</a>"
A19_33917.jpg,https://pi.lib.uchicago.edu/1001/org/ochre/ba6908d0-ac21-4637-ac02-9d8f7e02194a,2019 Photographs,Dataset contains photographs from 2019 excavation.,"OCHRE link: <a href=""https://pi.lib.uchicago.edu/1001/org/ochre/ba6908d0-ac21-4637-ac02-9d8f7e02194a"">https://pi.lib.uchicago.edu/1001/org/ochre/ba6908d0-ac21-4637-ac02-9d8f7e02194a</a>"
A19_33918.jpg,https://pi.lib.uchicago.edu/1001/org/ochre/8c7d4b24-7e72-4394-89c6-34b41f305636,2019 Photographs,Dataset contains photographs from 2019 excavation.,"OCHRE link: <a href=""https://pi.lib.uchicago.edu/1001/org/ochre/8c7d4b24-7e72-4394-89c6-34b41f305636"">https://pi.lib.uchicago.edu/1001/org/ochre/8c7d4b24-7e72-4394-89c6-34b41f305636</a>"
A19_33919.jpg,https://pi.lib.uchicago.edu/1001/org/ochre/e65463a1-8d8e-4468-bd52-ef107fc07be8,2019 Photographs,Dataset contains photographs from 2019 excavation.,"OCHRE link: <a href=""https://pi.lib.uchicago.edu/1001/org/ochre/e65463a1-8d8e-4468-bd52-ef107fc07be8"">https://pi.lib.uchicago.edu/1001/org/ochre/e65463a1-8d8e-4468-bd52-ef107fc07be8</a>"
A19_33920.jpg,https://pi.lib.uchicago.edu/1001/org/ochre/c0bdd291-34b2-416b-bef9-765b409d7fa3,2019 Photographs,Dataset contains photographs from 2019 excavation.,"OCHRE link: <a href=""https://pi.lib.uchicago.edu/1001/org/ochre/c0bdd291-34b2-416b-bef9-765b409d7fa3"">https://pi.lib.uchicago.edu/1001/org/ochre/c0bdd291-34b2-416b-bef9-765b409d7fa3</a>"
A19_33921.jpg,https://pi.lib.uchicago.edu/1001/org/ochre/88d4405a-a6e3-49c7-8198-4270c5e73258,2019 Photographs,Dataset contains photographs from 2019 excavation.,"OCHRE link: <a href=""https://pi.lib.uchicago.edu/1001/org/ochre/88d4405a-a6e3-49c7-8198-4270c5e73258"">https://pi.lib.uchicago.edu/1001/org/ochre/88d4405a-a6e3-49c7-8198-4270c5e73258</a>"
A19_33922.jpg,https://pi.lib.uchicago.edu/1001/org/ochre/908ae422-6058-46ef-a86b-5a79dff73eb5,2019 Photographs,Dataset contains photographs from 2019 excavation.,"OCHRE link: <a href=""https://pi.lib.uchicago.edu/1001/org/ochre/908ae422-6058-46ef-a86b-5a79dff73eb5"">https://pi.lib.uchicago.edu/1001/org/ochre/908ae422-6058-46ef-a86b-5a79dff73eb5</a>"
A19_33923.jpg,https://pi.lib.uchicago.edu/1001/org/ochre/3316fb93-3a6b-4f0e-9bbc-cceb875a42e0,2019 Photographs,Dataset contains photographs from 2019 excavation.,"OCHRE link: <a href=""https://pi.lib.uchicago.edu/1001/org/ochre/3316fb93-3a6b-4f0e-9bbc-cceb875a42e0"">https://pi.lib.uchicago.edu/1001/org/ochre/3316fb93-3a6b-4f0e-9bbc-cceb875a42e0</a>"
A19_33924.jpg,https://pi.lib.uchicago.edu/1001/org/ochre/c7cb8980-89e3-4e3f-b10b-504d8c248422,2019 Photographs,Dataset contains photographs from 2019 excavation.,"OCHRE link: <a href=""https://pi.lib.uchicago.edu/1001/org/ochre/c7cb8980-89e3-4e3f-b10b-504d8c248422"">https://pi.lib.uchicago.edu/1001/org/ochre/c7cb8980-89e3-4e3f-b10b-504d8c248422</a>"
A19_33925.jpg,https://pi.lib.uchicago.edu/1001/org/ochre/1f445df9-0be7-4bb0-85f9-7cf1f8850322,2019 Photographs,Dataset contains photographs from 2019 excavation.,"OCHRE link: <a href=""https://pi.lib.uchicago.edu/1001/org/ochre/1f445df9-0be7-4bb0-85f9-7cf1f8850322"">https://pi.lib.uchicago.edu/1001/org/ochre/1f445df9-0be7-4bb0-85f9-7cf1f8850322</a>"
A19_33926.jpg,https://pi.lib.uchicago.edu/1001/org/ochre/40d151db-c1f7-4052-bfd5-93c5ab0f47f6,2019 Photographs,Dataset contains photographs from 2019 excavation.,"OCHRE link: <a href=""https://pi.lib.uchicago.edu/1001/org/ochre/40d151db-c1f7-4052-bfd5-93c5ab0f47f6"">https://pi.lib.uchicago.edu/1001/org/ochre/40d151db-c1f7-4052-bfd5-93c5ab0f47f6</a>"
A19_33927.jpg,https://pi.lib.uchicago.edu/1001/org/ochre/0271a6e2-dbf9-48db-ac37-0b6578f33626,2019 Photographs,Dataset contains photographs from 2019 excavation.,"OCHRE link: <a href=""https://pi.lib.uchicago.edu/1001/org/ochre/0271a6e2-dbf9-48db-ac37-0b6578f33626"">https://pi.lib.uchicago.edu/1001/org/ochre/0271a6e2-dbf9-48db-ac37-0b6578f33626</a>"
A19_33928.jpg,https://pi.lib.uchicago.edu/1001/org/ochre/29fd53b3-e114-476c-b392-babc92c85036,2019 Photographs,Dataset contains photographs from 2019 excavation.,"OCHRE link: <a href=""https://pi.lib.uchicago.edu/1001/org/ochre/29fd53b3-e114-476c-b392-babc92c85036"">https://pi.lib.uchicago.edu/1001/org/ochre/29fd53b3-e114-476c-b392-babc92c85036</a>"
A19_33929.jpg,https://pi.lib.uchicago.edu/1001/org/ochre/1255bd11-c11b-42df-8870-800cfc15bf77,2019 Photographs,Dataset contains photographs from 2019 excavation.,"OCHRE link: <a href=""https://pi.lib.uchicago.edu/1001/org/ochre/1255bd11-c11b-42df-8870-800cfc15bf77"">https://pi.lib.uchicago.edu/1001/org/ochre/1255bd11-c11b-42df-8870-800cfc15bf77</a>"
A19_33930.jpg,https://pi.lib.uchicago.edu/1001/org/ochre/1f5b810c-7841-492b-ac86-496b9d4b3342,2019 Photographs,Dataset contains photographs from 2019 excavation.,"OCHRE link: <a href=""https://pi.lib.uchicago.edu/1001/org/ochre/1f5b810c-7841-492b-ac86-496b9d4b3342"">https://pi.lib.uchicago.edu/1001/org/ochre/1f5b810c-7841-492b-ac86-496b9d4b3342</a>"
A19_33931.jpg,https://pi.lib.uchicago.edu/1001/org/ochre/cc4ea73a-dd38-4620-ae39-ef35e9eacbfe,2019 Photographs,Dataset contains photographs from 2019 excavation.,"OCHRE link: <a href=""https://pi.lib.uchicago.edu/1001/org/ochre/cc4ea73a-dd38-4620-ae39-ef35e9eacbfe"">https://pi.lib.uchicago.edu/1001/org/ochre/cc4ea73a-dd38-4620-ae39-ef35e9eacbfe</a>"
A19_33932.jpg,https://pi.lib.uchicago.edu/1001/org/ochre/caa3adb6-a4f7-45a4-a3cc-d08e7d0c9246,2019 Photographs,Dataset contains photographs from 2019 excavation.,"OCHRE link: <a href=""https://pi.lib.uchicago.edu/1001/org/ochre/caa3adb6-a4f7-45a4-a3cc-d08e7d0c9246"">https://pi.lib.uchicago.edu/1001/org/ochre/caa3adb6-a4f7-45a4-a3cc-d08e7d0c9246</a>"
A19_33933.jpg,https://pi.lib.uchicago.edu/1001/org/ochre/4d83b865-a40f-490f-98fb-511dc27f50bf,2019 Photographs,Dataset contains photographs from 2019 excavation.,"OCHRE link: <a href=""https://pi.lib.uchicago.edu/1001/org/ochre/4d83b865-a40f-490f-98fb-511dc27f50bf"">https://pi.lib.uchicago.edu/1001/org/ochre/4d83b865-a40f-490f-98fb-511dc27f50bf</a>"
A19_33934.jpg,https://pi.lib.uchicago.edu/1001/org/ochre/d0ca1eee-e177-4add-b4ab-5442a7174f3b,2019 Photographs,Dataset contains photographs from 2019 excavation.,"OCHRE link: <a href=""https://pi.lib.uchicago.edu/1001/org/ochre/d0ca1eee-e177-4add-b4ab-5442a7174f3b"">https://pi.lib.uchicago.edu/1001/org/ochre/d0ca1eee-e177-4add-b4ab-5442a7174f3b</a>"
A19_33935.jpg,https://pi.lib.uchicago.edu/1001/org/ochre/823d41d0-6239-466f-a793-20b89c43257e,2019 Photographs,Dataset contains photographs from 2019 excavation.,"OCHRE link: <a href=""https://pi.lib.uchicago.edu/1001/org/ochre/823d41d0-6239-466f-a793-20b89c43257e"">https://pi.lib.uchicago.edu/1001/org/ochre/823d41d0-6239-466f-a793-20b89c43257e</a>"
A19_33936.jpg,https://pi.lib.uchicago.edu/1001/org/ochre/7a8ff389-4501-4a8d-ab76-5c2114af42cc,2019 Photographs,Dataset contains photographs from 2019 excavation.,"OCHRE link: <a href=""https://pi.lib.uchicago.edu/1001/org/ochre/7a8ff389-4501-4a8d-ab76-5c2114af42cc"">https://pi.lib.uchicago.edu/1001/org/ochre/7a8ff389-4501-4a8d-ab76-5c2114af42cc</a>"
A19_33937.jpg,https://pi.lib.uchicago.edu/1001/org/ochre/1f5f237a-8b78-4287-b0e9-a4faca049957,2019 Photographs,Dataset contains photographs from 2019 excavation.,"OCHRE link: <a href=""https://pi.lib.uchicago.edu/1001/org/ochre/1f5f237a-8b78-4287-b0e9-a4faca049957"">https://pi.lib.uchicago.edu/1001/org/ochre/1f5f237a-8b78-4287-b0e9-a4faca049957</a>"
A19_33938.jpg,https://pi.lib.uchicago.edu/1001/org/ochre/45db8e22-2907-4a14-9e66-0807c894ee84,2019 Photographs,Dataset contains photographs from 2019 excavation.,"OCHRE link: <a href=""https://pi.lib.uchicago.edu/1001/org/ochre/45db8e22-2907-4a14-9e66-0807c894ee84"">https://pi.lib.uchicago.edu/1001/org/ochre/45db8e22-2907-4a14-9e66-0807c894ee84</a>"
A19_33939.jpg,https://pi.lib.uchicago.edu/1001/org/ochre/55147cde-22f5-4110-835f-35d022a99086,2019 Photographs,Dataset contains photographs from 2019 excavation.,"OCHRE link: <a href=""https://pi.lib.uchicago.edu/1001/org/ochre/55147cde-22f5-4110-835f-35d022a99086"">https://pi.lib.uchicago.edu/1001/org/ochre/55147cde-22f5-4110-835f-35d022a99086</a>"
A19_33940.jpg,https://pi.lib.uchicago.edu/1001/org/ochre/41cff086-d8fe-499b-8b7f-5f8fe7498cea,2019 Photographs,Dataset contains photographs from 2019 excavation.,"OCHRE link: <a href=""https://pi.lib.uchicago.edu/1001/org/ochre/41cff086-d8fe-499b-8b7f-5f8fe7498cea"">https://pi.lib.uchicago.edu/1001/org/ochre/41cff086-d8fe-499b-8b7f-5f8fe7498cea</a>"
A19_33941.jpg,https://pi.lib.uchicago.edu/1001/org/ochre/f067f47d-4bb0-4696-817b-f84fee0b034b,2019 Photographs,Dataset contains photographs from 2019 excavation.,"OCHRE link: <a href=""https://pi.lib.uchicago.edu/1001/org/ochre/f067f47d-4bb0-4696-817b-f84fee0b034b"">https://pi.lib.uchicago.edu/1001/org/ochre/f067f47d-4bb0-4696-817b-f84fee0b034b</a>"
A19_33942.jpg,https://pi.lib.uchicago.edu/1001/org/ochre/dd6eb69c-a9e8-494e-bc25-984568d75b0f,2019 Photographs,Dataset contains photographs from 2019 excavation.,"OCHRE link: <a href=""https://pi.lib.uchicago.edu/1001/org/ochre/dd6eb69c-a9e8-494e-bc25-984568d75b0f"">https://pi.lib.uchicago.edu/1001/org/ochre/dd6eb69c-a9e8-494e-bc25-984568d75b0f</a>"
A19_33943.jpg,https://pi.lib.uchicago.edu/1001/org/ochre/74cba70d-5a30-4eab-9af3-3a478045e579,2019 Photographs,Dataset contains photographs from 2019 excavation.,"OCHRE link: <a href=""https://pi.lib.uchicago.edu/1001/org/ochre/74cba70d-5a30-4eab-9af3-3a478045e579"">https://pi.lib.uchicago.edu/1001/org/ochre/74cba70d-5a30-4eab-9af3-3a478045e579</a>"
A19_33944.jpg,https://pi.lib.uchicago.edu/1001/org/ochre/3ff34545-42f4-4ebf-8a0f-9014a2552d88,2019 Photographs,Dataset contains photographs from 2019 excavation.,"OCHRE link: <a href=""https://pi.lib.uchicago.edu/1001/org/ochre/3ff34545-42f4-4ebf-8a0f-9014a2552d88"">https://pi.lib.uchicago.edu/1001/org/ochre/3ff34545-42f4-4ebf-8a0f-9014a2552d88</a>"
A19_33945.jpg,https://pi.lib.uchicago.edu/1001/org/ochre/a4824161-56b0-4c99-9435-a7d94387670d,2019 Photographs,Dataset contains photographs from 2019 excavation.,"OCHRE link: <a href=""https://pi.lib.uchicago.edu/1001/org/ochre/a4824161-56b0-4c99-9435-a7d94387670d"">https://pi.lib.uchicago.edu/1001/org/ochre/a4824161-56b0-4c99-9435-a7d94387670d</a>"
A19_33946.jpg,https://pi.lib.uchicago.edu/1001/org/ochre/fe39709e-69c0-4d74-a7b2-e7f95c3847a4,2019 Photographs,Dataset contains photographs from 2019 excavation.,"OCHRE link: <a href=""https://pi.lib.uchicago.edu/1001/org/ochre/fe39709e-69c0-4d74-a7b2-e7f95c3847a4"">https://pi.lib.uchicago.edu/1001/org/ochre/fe39709e-69c0-4d74-a7b2-e7f95c3847a4</a>"
A19_33947.jpg,https://pi.lib.uchicago.edu/1001/org/ochre/13688039-84ad-4a0b-90b4-c2d464ca8614,2019 Photographs,Dataset contains photographs from 2019 excavation.,"OCHRE link: <a href=""https://pi.lib.uchicago.edu/1001/org/ochre/13688039-84ad-4a0b-90b4-c2d464ca8614"">https://pi.lib.uchicago.edu/1001/org/ochre/13688039-84ad-4a0b-90b4-c2d464ca8614</a>"
A19_33948.jpg,https://pi.lib.uchicago.edu/1001/org/ochre/7a45a7bb-a5d9-4758-b675-1ef62fb0c9ba,2019 Photographs,Dataset contains photographs from 2019 excavation.,"OCHRE link: <a href=""https://pi.lib.uchicago.edu/1001/org/ochre/7a45a7bb-a5d9-4758-b675-1ef62fb0c9ba"">https://pi.lib.uchicago.edu/1001/org/ochre/7a45a7bb-a5d9-4758-b675-1ef62fb0c9ba</a>"
A19_33949.jpg,https://pi.lib.uchicago.edu/1001/org/ochre/b0c967c5-d45d-4feb-9881-909d05870b15,2019 Photographs,Dataset contains photographs from 2019 excavation.,"OCHRE link: <a href=""https://pi.lib.uchicago.edu/1001/org/ochre/b0c967c5-d45d-4feb-9881-909d05870b15"">https://pi.lib.uchicago.edu/1001/org/ochre/b0c967c5-d45d-4feb-9881-909d05870b15</a>"
A19_33950.jpg,https://pi.lib.uchicago.edu/1001/org/ochre/9a76b885-4ce2-4ed3-a7c7-1221ebd5cef1,2019 Photographs,Dataset contains photographs from 2019 excavation.,"OCHRE link: <a href=""https://pi.lib.uchicago.edu/1001/org/ochre/9a76b885-4ce2-4ed3-a7c7-1221ebd5cef1"">https://pi.lib.uchicago.edu/1001/org/ochre/9a76b885-4ce2-4ed3-a7c7-1221ebd5cef1</a>"
A19_33951.jpg,https://pi.lib.uchicago.edu/1001/org/ochre/c4c0e0a6-a69d-4a76-a440-b3c9787b869b,2019 Photographs,Dataset contains photographs from 2019 excavation.,"OCHRE link: <a href=""https://pi.lib.uchicago.edu/1001/org/ochre/c4c0e0a6-a69d-4a76-a440-b3c9787b869b"">https://pi.lib.uchicago.edu/1001/org/ochre/c4c0e0a6-a69d-4a76-a440-b3c9787b869b</a>"
A19_33952.jpg,https://pi.lib.uchicago.edu/1001/org/ochre/2d06ab86-ccc5-4e53-8f2a-d52cf1404daa,2019 Photographs,Dataset contains photographs from 2019 excavation.,"OCHRE link: <a href=""https://pi.lib.uchicago.edu/1001/org/ochre/2d06ab86-ccc5-4e53-8f2a-d52cf1404daa"">https://pi.lib.uchicago.edu/1001/org/ochre/2d06ab86-ccc5-4e53-8f2a-d52cf1404daa</a>"
A19_33953.jpg,https://pi.lib.uchicago.edu/1001/org/ochre/08f864e9-f8eb-43f4-932c-fb746f427570,2019 Photographs,Dataset contains photographs from 2019 excavation.,"OCHRE link: <a href=""https://pi.lib.uchicago.edu/1001/org/ochre/08f864e9-f8eb-43f4-932c-fb746f427570"">https://pi.lib.uchicago.edu/1001/org/ochre/08f864e9-f8eb-43f4-932c-fb746f427570</a>"
A19_33954.jpg,https://pi.lib.uchicago.edu/1001/org/ochre/a81aa4bc-2a80-47a9-b366-80df162c5fa8,2019 Photographs,Dataset contains photographs from 2019 excavation.,"OCHRE link: <a href=""https://pi.lib.uchicago.edu/1001/org/ochre/a81aa4bc-2a80-47a9-b366-80df162c5fa8"">https://pi.lib.uchicago.edu/1001/org/ochre/a81aa4bc-2a80-47a9-b366-80df162c5fa8</a>"
A19_33955.jpg,https://pi.lib.uchicago.edu/1001/org/ochre/6466fca3-7a42-464a-be57-b3ff47758085,2019 Photographs,Dataset contains photographs from 2019 excavation.,"OCHRE link: <a href=""https://pi.lib.uchicago.edu/1001/org/ochre/6466fca3-7a42-464a-be57-b3ff47758085"">https://pi.lib.uchicago.edu/1001/org/ochre/6466fca3-7a42-464a-be57-b3ff47758085</a>"
A19_33956.jpg,https://pi.lib.uchicago.edu/1001/org/ochre/b6f3f3eb-727c-4a97-9f2a-a8284c55ab8e,2019 Photographs,Dataset contains photographs from 2019 excavation.,"OCHRE link: <a href=""https://pi.lib.uchicago.edu/1001/org/ochre/b6f3f3eb-727c-4a97-9f2a-a8284c55ab8e"">https://pi.lib.uchicago.edu/1001/org/ochre/b6f3f3eb-727c-4a97-9f2a-a8284c55ab8e</a>"
A19_33957.jpg,https://pi.lib.uchicago.edu/1001/org/ochre/13992023-048b-4ad4-9dad-149a878fff83,2019 Photographs,Dataset contains photographs from 2019 excavation.,"OCHRE link: <a href=""https://pi.lib.uchicago.edu/1001/org/ochre/13992023-048b-4ad4-9dad-149a878fff83"">https://pi.lib.uchicago.edu/1001/org/ochre/13992023-048b-4ad4-9dad-149a878fff83</a>"
A19_33958.jpg,https://pi.lib.uchicago.edu/1001/org/ochre/67489590-7c5e-4887-b592-80f6fe036573,2019 Photographs,Dataset contains photographs from 2019 excavation.,"OCHRE link: <a href=""https://pi.lib.uchicago.edu/1001/org/ochre/67489590-7c5e-4887-b592-80f6fe036573"">https://pi.lib.uchicago.edu/1001/org/ochre/67489590-7c5e-4887-b592-80f6fe036573</a>"
A19_33959.jpg,https://pi.lib.uchicago.edu/1001/org/ochre/6626f6a9-8167-4583-9f5d-0f54296a70ab,2019 Photographs,Dataset contains photographs from 2019 excavation.,"OCHRE link: <a href=""https://pi.lib.uchicago.edu/1001/org/ochre/6626f6a9-8167-4583-9f5d-0f54296a70ab"">https://pi.lib.uchicago.edu/1001/org/ochre/6626f6a9-8167-4583-9f5d-0f54296a70ab</a>"
A19_33960.jpg,https://pi.lib.uchicago.edu/1001/org/ochre/44dd3466-e1a4-40a9-995c-5532cbd298fd,2019 Photographs,Dataset contains photographs from 2019 excavation.,"OCHRE link: <a href=""https://pi.lib.uchicago.edu/1001/org/ochre/44dd3466-e1a4-40a9-995c-5532cbd298fd"">https://pi.lib.uchicago.edu/1001/org/ochre/44dd3466-e1a4-40a9-995c-5532cbd298fd</a>"
A19_33961.jpg,https://pi.lib.uchicago.edu/1001/org/ochre/5a5d3402-9c9c-4b22-9587-c84f0f9fe6a0,2019 Photographs,Dataset contains photographs from 2019 excavation.,"OCHRE link: <a href=""https://pi.lib.uchicago.edu/1001/org/ochre/5a5d3402-9c9c-4b22-9587-c84f0f9fe6a0"">https://pi.lib.uchicago.edu/1001/org/ochre/5a5d3402-9c9c-4b22-9587-c84f0f9fe6a0</a>"
A19_33962.jpg,https://pi.lib.uchicago.edu/1001/org/ochre/1478a157-5371-4e77-9326-d46ce81e3e78,2019 Photographs,Dataset contains photographs from 2019 excavation.,"OCHRE link: <a href=""https://pi.lib.uchicago.edu/1001/org/ochre/1478a157-5371-4e77-9326-d46ce81e3e78"">https://pi.lib.uchicago.edu/1001/org/ochre/1478a157-5371-4e77-9326-d46ce81e3e78</a>"
A19_33963.jpg,https://pi.lib.uchicago.edu/1001/org/ochre/a62ac8fc-01f8-4b9d-ae49-a542d871e35c,2019 Photographs,Dataset contains photographs from 2019 excavation.,"OCHRE link: <a href=""https://pi.lib.uchicago.edu/1001/org/ochre/a62ac8fc-01f8-4b9d-ae49-a542d871e35c"">https://pi.lib.uchicago.edu/1001/org/ochre/a62ac8fc-01f8-4b9d-ae49-a542d871e35c</a>"
A19_33964.jpg,https://pi.lib.uchicago.edu/1001/org/ochre/6449e8cd-e01f-4e73-94ae-378f5e0928d2,2019 Photographs,Dataset contains photographs from 2019 excavation.,"OCHRE link: <a href=""https://pi.lib.uchicago.edu/1001/org/ochre/6449e8cd-e01f-4e73-94ae-378f5e0928d2"">https://pi.lib.uchicago.edu/1001/org/ochre/6449e8cd-e01f-4e73-94ae-378f5e0928d2</a>"
A19_33965.jpg,https://pi.lib.uchicago.edu/1001/org/ochre/37fb5238-4c22-475e-96f6-730e53b01bed,2019 Photographs,Dataset contains photographs from 2019 excavation.,"OCHRE link: <a href=""https://pi.lib.uchicago.edu/1001/org/ochre/37fb5238-4c22-475e-96f6-730e53b01bed"">https://pi.lib.uchicago.edu/1001/org/ochre/37fb5238-4c22-475e-96f6-730e53b01bed</a>"
A19_33966.jpg,https://pi.lib.uchicago.edu/1001/org/ochre/3e8064f5-5573-4b79-9695-1555ad37ecab,2019 Photographs,Dataset contains photographs from 2019 excavation.,"OCHRE link: <a href=""https://pi.lib.uchicago.edu/1001/org/ochre/3e8064f5-5573-4b79-9695-1555ad37ecab"">https://pi.lib.uchicago.edu/1001/org/ochre/3e8064f5-5573-4b79-9695-1555ad37ecab</a>"
A19_33967.jpg,https://pi.lib.uchicago.edu/1001/org/ochre/7ee2547a-c89a-49b3-aba3-5eb14e7f2c99,2019 Photographs,Dataset contains photographs from 2019 excavation.,"OCHRE link: <a href=""https://pi.lib.uchicago.edu/1001/org/ochre/7ee2547a-c89a-49b3-aba3-5eb14e7f2c99"">https://pi.lib.uchicago.edu/1001/org/ochre/7ee2547a-c89a-49b3-aba3-5eb14e7f2c99</a>"
A19_33968.jpg,https://pi.lib.uchicago.edu/1001/org/ochre/ead1fb76-9b10-4f24-9ec2-1e6d0601d5db,2019 Photographs,Dataset contains photographs from 2019 excavation.,"OCHRE link: <a href=""https://pi.lib.uchicago.edu/1001/org/ochre/ead1fb76-9b10-4f24-9ec2-1e6d0601d5db"">https://pi.lib.uchicago.edu/1001/org/ochre/ead1fb76-9b10-4f24-9ec2-1e6d0601d5db</a>"
A19_33969.jpg,https://pi.lib.uchicago.edu/1001/org/ochre/f82cadcf-4dfd-4720-abe6-a85d4a510416,2019 Photographs,Dataset contains photographs from 2019 excavation.,"OCHRE link: <a href=""https://pi.lib.uchicago.edu/1001/org/ochre/f82cadcf-4dfd-4720-abe6-a85d4a510416"">https://pi.lib.uchicago.edu/1001/org/ochre/f82cadcf-4dfd-4720-abe6-a85d4a510416</a>"
A19_33970.jpg,https://pi.lib.uchicago.edu/1001/org/ochre/2f342d3f-f347-4012-84c8-f4b2baac8695,2019 Photographs,Dataset contains photographs from 2019 excavation.,"OCHRE link: <a href=""https://pi.lib.uchicago.edu/1001/org/ochre/2f342d3f-f347-4012-84c8-f4b2baac8695"">https://pi.lib.uchicago.edu/1001/org/ochre/2f342d3f-f347-4012-84c8-f4b2baac8695</a>"
A19_33971.jpg,https://pi.lib.uchicago.edu/1001/org/ochre/e6f97fb7-427d-40ae-8f9d-b1edeca38777,2019 Photographs,Dataset contains photographs from 2019 excavation.,"OCHRE link: <a href=""https://pi.lib.uchicago.edu/1001/org/ochre/e6f97fb7-427d-40ae-8f9d-b1edeca38777"">https://pi.lib.uchicago.edu/1001/org/ochre/e6f97fb7-427d-40ae-8f9d-b1edeca38777</a>"
A19_33972.jpg,https://pi.lib.uchicago.edu/1001/org/ochre/f658dfe6-e548-4d1c-a03c-e507f75aaa6e,2019 Photographs,Dataset contains photographs from 2019 excavation.,"OCHRE link: <a href=""https://pi.lib.uchicago.edu/1001/org/ochre/f658dfe6-e548-4d1c-a03c-e507f75aaa6e"">https://pi.lib.uchicago.edu/1001/org/ochre/f658dfe6-e548-4d1c-a03c-e507f75aaa6e</a>"
A19_33973.jpg,https://pi.lib.uchicago.edu/1001/org/ochre/01d2d899-6de5-4da0-a9cd-3f5e715df936,2019 Photographs,Dataset contains photographs from 2019 excavation.,"OCHRE link: <a href=""https://pi.lib.uchicago.edu/1001/org/ochre/01d2d899-6de5-4da0-a9cd-3f5e715df936"">https://pi.lib.uchicago.edu/1001/org/ochre/01d2d899-6de5-4da0-a9cd-3f5e715df936</a>"
A19_33974.jpg,https://pi.lib.uchicago.edu/1001/org/ochre/958770ea-089b-4273-954d-23407ce76f21,2019 Photographs,Dataset contains photographs from 2019 excavation.,"OCHRE link: <a href=""https://pi.lib.uchicago.edu/1001/org/ochre/958770ea-089b-4273-954d-23407ce76f21"">https://pi.lib.uchicago.edu/1001/org/ochre/958770ea-089b-4273-954d-23407ce76f21</a>"
A19_33975.jpg,https://pi.lib.uchicago.edu/1001/org/ochre/08419344-8f78-48d6-ab2f-cb0e81393827,2019 Photographs,Dataset contains photographs from 2019 excavation.,"OCHRE link: <a href=""https://pi.lib.uchicago.edu/1001/org/ochre/08419344-8f78-48d6-ab2f-cb0e81393827"">https://pi.lib.uchicago.edu/1001/org/ochre/08419344-8f78-48d6-ab2f-cb0e81393827</a>"
A19_33976.jpg,https://pi.lib.uchicago.edu/1001/org/ochre/ecdf2976-0aca-4957-807a-eb0b03f3b8c3,2019 Photographs,Dataset contains photographs from 2019 excavation.,"OCHRE link: <a href=""https://pi.lib.uchicago.edu/1001/org/ochre/ecdf2976-0aca-4957-807a-eb0b03f3b8c3"">https://pi.lib.uchicago.edu/1001/org/ochre/ecdf2976-0aca-4957-807a-eb0b03f3b8c3</a>"
A19_33977.jpg,https://pi.lib.uchicago.edu/1001/org/ochre/12eea6bc-614b-4a2c-8aea-2220e72a77a4,2019 Photographs,Dataset contains photographs from 2019 excavation.,"OCHRE link: <a href=""https://pi.lib.uchicago.edu/1001/org/ochre/12eea6bc-614b-4a2c-8aea-2220e72a77a4"">https://pi.lib.uchicago.edu/1001/org/ochre/12eea6bc-614b-4a2c-8aea-2220e72a77a4</a>"
A19_33978.jpg,https://pi.lib.uchicago.edu/1001/org/ochre/961b350b-2334-47a2-b9b4-1f3de64f6644,2019 Photographs,Dataset contains photographs from 2019 excavation.,"OCHRE link: <a href=""https://pi.lib.uchicago.edu/1001/org/ochre/961b350b-2334-47a2-b9b4-1f3de64f6644"">https://pi.lib.uchicago.edu/1001/org/ochre/961b350b-2334-47a2-b9b4-1f3de64f6644</a>"
A19_33979.jpg,https://pi.lib.uchicago.edu/1001/org/ochre/567da05b-7717-46d5-a238-f36f555e63bf,2019 Photographs,Dataset contains photographs from 2019 excavation.,"OCHRE link: <a href=""https://pi.lib.uchicago.edu/1001/org/ochre/567da05b-7717-46d5-a238-f36f555e63bf"">https://pi.lib.uchicago.edu/1001/org/ochre/567da05b-7717-46d5-a238-f36f555e63bf</a>"
A19_33980.jpg,https://pi.lib.uchicago.edu/1001/org/ochre/90174fa1-abd9-4b58-9bcc-3f3a8d6e204e,2019 Photographs,Dataset contains photographs from 2019 excavation.,"OCHRE link: <a href=""https://pi.lib.uchicago.edu/1001/org/ochre/90174fa1-abd9-4b58-9bcc-3f3a8d6e204e"">https://pi.lib.uchicago.edu/1001/org/ochre/90174fa1-abd9-4b58-9bcc-3f3a8d6e204e</a>"
A19_33981.jpg,https://pi.lib.uchicago.edu/1001/org/ochre/750d666e-8ee6-4aed-ad4f-79cc9d4bafea,2019 Photographs,Dataset contains photographs from 2019 excavation.,"OCHRE link: <a href=""https://pi.lib.uchicago.edu/1001/org/ochre/750d666e-8ee6-4aed-ad4f-79cc9d4bafea"">https://pi.lib.uchicago.edu/1001/org/ochre/750d666e-8ee6-4aed-ad4f-79cc9d4bafea</a>"
A19_33982.jpg,https://pi.lib.uchicago.edu/1001/org/ochre/ade31963-3000-4a9e-a253-275a9d7caa80,2019 Photographs,Dataset contains photographs from 2019 excavation.,"OCHRE link: <a href=""https://pi.lib.uchicago.edu/1001/org/ochre/ade31963-3000-4a9e-a253-275a9d7caa80"">https://pi.lib.uchicago.edu/1001/org/ochre/ade31963-3000-4a9e-a253-275a9d7caa80</a>"
A19_33983.jpg,https://pi.lib.uchicago.edu/1001/org/ochre/137a4d50-2442-4480-9f06-7a865ad9f6f6,2019 Photographs,Dataset contains photographs from 2019 excavation.,"OCHRE link: <a href=""https://pi.lib.uchicago.edu/1001/org/ochre/137a4d50-2442-4480-9f06-7a865ad9f6f6"">https://pi.lib.uchicago.edu/1001/org/ochre/137a4d50-2442-4480-9f06-7a865ad9f6f6</a>"
A19_33984.jpg,https://pi.lib.uchicago.edu/1001/org/ochre/c987099e-8560-4330-acb8-71e750167648,2019 Photographs,Dataset contains photographs from 2019 excavation.,"OCHRE link: <a href=""https://pi.lib.uchicago.edu/1001/org/ochre/c987099e-8560-4330-acb8-71e750167648"">https://pi.lib.uchicago.edu/1001/org/ochre/c987099e-8560-4330-acb8-71e750167648</a>"
A19_33985.jpg,https://pi.lib.uchicago.edu/1001/org/ochre/a9cf430b-c605-417d-ae14-9d1278f9e381,2019 Photographs,Dataset contains photographs from 2019 excavation.,"OCHRE link: <a href=""https://pi.lib.uchicago.edu/1001/org/ochre/a9cf430b-c605-417d-ae14-9d1278f9e381"">https://pi.lib.uchicago.edu/1001/org/ochre/a9cf430b-c605-417d-ae14-9d1278f9e381</a>"
A19_33986.jpg,https://pi.lib.uchicago.edu/1001/org/ochre/4b50421e-062e-493c-95c0-eda2066be814,2019 Photographs,Dataset contains photographs from 2019 excavation.,"OCHRE link: <a href=""https://pi.lib.uchicago.edu/1001/org/ochre/4b50421e-062e-493c-95c0-eda2066be814"">https://pi.lib.uchicago.edu/1001/org/ochre/4b50421e-062e-493c-95c0-eda2066be814</a>"
A19_33987.jpg,https://pi.lib.uchicago.edu/1001/org/ochre/79ea3b89-040a-4571-80fe-840d63ca59cc,2019 Photographs,Dataset contains photographs from 2019 excavation.,"OCHRE link: <a href=""https://pi.lib.uchicago.edu/1001/org/ochre/79ea3b89-040a-4571-80fe-840d63ca59cc"">https://pi.lib.uchicago.edu/1001/org/ochre/79ea3b89-040a-4571-80fe-840d63ca59cc</a>"
A19_33988.jpg,https://pi.lib.uchicago.edu/1001/org/ochre/5681b11c-ad0e-4368-acdc-7ceb44a6acc0,2019 Photographs,Dataset contains photographs from 2019 excavation.,"OCHRE link: <a href=""https://pi.lib.uchicago.edu/1001/org/ochre/5681b11c-ad0e-4368-acdc-7ceb44a6acc0"">https://pi.lib.uchicago.edu/1001/org/ochre/5681b11c-ad0e-4368-acdc-7ceb44a6acc0</a>"
A19_33989.jpg,https://pi.lib.uchicago.edu/1001/org/ochre/119ce2bb-ca6c-4fd8-8c0d-a9987a6533c7,2019 Photographs,Dataset contains photographs from 2019 excavation.,"OCHRE link: <a href=""https://pi.lib.uchicago.edu/1001/org/ochre/119ce2bb-ca6c-4fd8-8c0d-a9987a6533c7"">https://pi.lib.uchicago.edu/1001/org/ochre/119ce2bb-ca6c-4fd8-8c0d-a9987a6533c7</a>"
A19_33990.jpg,https://pi.lib.uchicago.edu/1001/org/ochre/53ebfa5f-4502-445e-9fa3-224b4faaf334,2019 Photographs,Dataset contains photographs from 2019 excavation.,"OCHRE link: <a href=""https://pi.lib.uchicago.edu/1001/org/ochre/53ebfa5f-4502-445e-9fa3-224b4faaf334"">https://pi.lib.uchicago.edu/1001/org/ochre/53ebfa5f-4502-445e-9fa3-224b4faaf334</a>"
A19_33991.jpg,https://pi.lib.uchicago.edu/1001/org/ochre/06192469-4b98-4140-9029-9ed3b2cffe27,2019 Photographs,Dataset contains photographs from 2019 excavation.,"OCHRE link: <a href=""https://pi.lib.uchicago.edu/1001/org/ochre/06192469-4b98-4140-9029-9ed3b2cffe27"">https://pi.lib.uchicago.edu/1001/org/ochre/06192469-4b98-4140-9029-9ed3b2cffe27</a>"
A19_33992.jpg,https://pi.lib.uchicago.edu/1001/org/ochre/abef7230-0b8e-4c8b-ac08-4b39db6a71c9,2019 Photographs,Dataset contains photographs from 2019 excavation.,"OCHRE link: <a href=""https://pi.lib.uchicago.edu/1001/org/ochre/abef7230-0b8e-4c8b-ac08-4b39db6a71c9"">https://pi.lib.uchicago.edu/1001/org/ochre/abef7230-0b8e-4c8b-ac08-4b39db6a71c9</a>"
A19_33993.jpg,https://pi.lib.uchicago.edu/1001/org/ochre/bbf1dd8a-65af-4c26-80d4-70c9c3294745,2019 Photographs,Dataset contains photographs from 2019 excavation.,"OCHRE link: <a href=""https://pi.lib.uchicago.edu/1001/org/ochre/bbf1dd8a-65af-4c26-80d4-70c9c3294745"">https://pi.lib.uchicago.edu/1001/org/ochre/bbf1dd8a-65af-4c26-80d4-70c9c3294745</a>"
A19_33994.jpg,https://pi.lib.uchicago.edu/1001/org/ochre/6e2f10b3-5dd8-4230-91e5-69e81ca52f8d,2019 Photographs,Dataset contains photographs from 2019 excavation.,"OCHRE link: <a href=""https://pi.lib.uchicago.edu/1001/org/ochre/6e2f10b3-5dd8-4230-91e5-69e81ca52f8d"">https://pi.lib.uchicago.edu/1001/org/ochre/6e2f10b3-5dd8-4230-91e5-69e81ca52f8d</a>"
A19_33995.jpg,https://pi.lib.uchicago.edu/1001/org/ochre/1d2064c2-a10d-4b91-9da3-e0c6a1dcad80,2019 Photographs,Dataset contains photographs from 2019 excavation.,"OCHRE link: <a href=""https://pi.lib.uchicago.edu/1001/org/ochre/1d2064c2-a10d-4b91-9da3-e0c6a1dcad80"">https://pi.lib.uchicago.edu/1001/org/ochre/1d2064c2-a10d-4b91-9da3-e0c6a1dcad80</a>"
A19_33996.jpg,https://pi.lib.uchicago.edu/1001/org/ochre/ea92546c-5189-4556-bff4-fc6bffbe6129,2019 Photographs,Dataset contains photographs from 2019 excavation.,"OCHRE link: <a href=""https://pi.lib.uchicago.edu/1001/org/ochre/ea92546c-5189-4556-bff4-fc6bffbe6129"">https://pi.lib.uchicago.edu/1001/org/ochre/ea92546c-5189-4556-bff4-fc6bffbe6129</a>"
A19_33997.jpg,https://pi.lib.uchicago.edu/1001/org/ochre/80bb0d4d-9eb4-46c1-b4ce-7b451afce713,2019 Photographs,Dataset contains photographs from 2019 excavation.,"OCHRE link: <a href=""https://pi.lib.uchicago.edu/1001/org/ochre/80bb0d4d-9eb4-46c1-b4ce-7b451afce713"">https://pi.lib.uchicago.edu/1001/org/ochre/80bb0d4d-9eb4-46c1-b4ce-7b451afce713</a>"
A19_33998.jpg,https://pi.lib.uchicago.edu/1001/org/ochre/c8f8297d-7fa7-4d4c-b53b-37f48cfd9415,2019 Photographs,Dataset contains photographs from 2019 excavation.,"OCHRE link: <a href=""https://pi.lib.uchicago.edu/1001/org/ochre/c8f8297d-7fa7-4d4c-b53b-37f48cfd9415"">https://pi.lib.uchicago.edu/1001/org/ochre/c8f8297d-7fa7-4d4c-b53b-37f48cfd9415</a>"
A19_33999.jpg,https://pi.lib.uchicago.edu/1001/org/ochre/b4c5c474-367a-4fa9-a360-34e86ef82bb6,2019 Photographs,Dataset contains photographs from 2019 excavation.,"OCHRE link: <a href=""https://pi.lib.uchicago.edu/1001/org/ochre/b4c5c474-367a-4fa9-a360-34e86ef82bb6"">https://pi.lib.uchicago.edu/1001/org/ochre/b4c5c474-367a-4fa9-a360-34e86ef82bb6</a>"
A19_34000.jpg,https://pi.lib.uchicago.edu/1001/org/ochre/f0a5fbd6-c917-4233-a7dd-f560309b1d7b,2019 Photographs,Dataset contains photographs from 2019 excavation.,"OCHRE link: <a href=""https://pi.lib.uchicago.edu/1001/org/ochre/f0a5fbd6-c917-4233-a7dd-f560309b1d7b"">https://pi.lib.uchicago.edu/1001/org/ochre/f0a5fbd6-c917-4233-a7dd-f560309b1d7b</a>"
A19_34001.jpg,https://pi.lib.uchicago.edu/1001/org/ochre/2ab0f13a-7504-4b6c-8ae4-ce927926629b,2019 Photographs,Dataset contains photographs from 2019 excavation.,"OCHRE link: <a href=""https://pi.lib.uchicago.edu/1001/org/ochre/2ab0f13a-7504-4b6c-8ae4-ce927926629b"">https://pi.lib.uchicago.edu/1001/org/ochre/2ab0f13a-7504-4b6c-8ae4-ce927926629b</a>"
A19_34002.jpg,https://pi.lib.uchicago.edu/1001/org/ochre/35a9a933-0ab7-4900-a6e1-a56477944960,2019 Photographs,Dataset contains photographs from 2019 excavation.,"OCHRE link: <a href=""https://pi.lib.uchicago.edu/1001/org/ochre/35a9a933-0ab7-4900-a6e1-a56477944960"">https://pi.lib.uchicago.edu/1001/org/ochre/35a9a933-0ab7-4900-a6e1-a56477944960</a>"
A19_34003.jpg,https://pi.lib.uchicago.edu/1001/org/ochre/2bc934a0-1dfb-41dd-bdc4-c36a736301aa,2019 Photographs,Dataset contains photographs from 2019 excavation.,"OCHRE link: <a href=""https://pi.lib.uchicago.edu/1001/org/ochre/2bc934a0-1dfb-41dd-bdc4-c36a736301aa"">https://pi.lib.uchicago.edu/1001/org/ochre/2bc934a0-1dfb-41dd-bdc4-c36a736301aa</a>"
A19_34004.jpg,https://pi.lib.uchicago.edu/1001/org/ochre/789ddc19-8889-4cb2-8dad-f1f228ab81ea,2019 Photographs,Dataset contains photographs from 2019 excavation.,"OCHRE link: <a href=""https://pi.lib.uchicago.edu/1001/org/ochre/789ddc19-8889-4cb2-8dad-f1f228ab81ea"">https://pi.lib.uchicago.edu/1001/org/ochre/789ddc19-8889-4cb2-8dad-f1f228ab81ea</a>"
A19_34005.jpg,https://pi.lib.uchicago.edu/1001/org/ochre/27fba60d-035d-4c40-a0df-77d2ec9ce503,2019 Photographs,Dataset contains photographs from 2019 excavation.,"OCHRE link: <a href=""https://pi.lib.uchicago.edu/1001/org/ochre/27fba60d-035d-4c40-a0df-77d2ec9ce503"">https://pi.lib.uchicago.edu/1001/org/ochre/27fba60d-035d-4c40-a0df-77d2ec9ce503</a>"
A19_34006.jpg,https://pi.lib.uchicago.edu/1001/org/ochre/1f640ab1-6098-4250-9a0d-511537edccce,2019 Photographs,Dataset contains photographs from 2019 excavation.,"OCHRE link: <a href=""https://pi.lib.uchicago.edu/1001/org/ochre/1f640ab1-6098-4250-9a0d-511537edccce"">https://pi.lib.uchicago.edu/1001/org/ochre/1f640ab1-6098-4250-9a0d-511537edccce</a>"
A19_34007.jpg,https://pi.lib.uchicago.edu/1001/org/ochre/c5b2c60e-5767-40a6-aaa2-d8028c28ad6a,2019 Photographs,Dataset contains photographs from 2019 excavation.,"OCHRE link: <a href=""https://pi.lib.uchicago.edu/1001/org/ochre/c5b2c60e-5767-40a6-aaa2-d8028c28ad6a"">https://pi.lib.uchicago.edu/1001/org/ochre/c5b2c60e-5767-40a6-aaa2-d8028c28ad6a</a>"
A19_34008.jpg,https://pi.lib.uchicago.edu/1001/org/ochre/4f3b7f6d-aa87-4a10-a810-5a44de15b112,2019 Photographs,Dataset contains photographs from 2019 excavation.,"OCHRE link: <a href=""https://pi.lib.uchicago.edu/1001/org/ochre/4f3b7f6d-aa87-4a10-a810-5a44de15b112"">https://pi.lib.uchicago.edu/1001/org/ochre/4f3b7f6d-aa87-4a10-a810-5a44de15b112</a>"
A19_34009.jpg,https://pi.lib.uchicago.edu/1001/org/ochre/8d9ceb26-c600-4b6c-824a-07dd0e6acf19,2019 Photographs,Dataset contains photographs from 2019 excavation.,"OCHRE link: <a href=""https://pi.lib.uchicago.edu/1001/org/ochre/8d9ceb26-c600-4b6c-824a-07dd0e6acf19"">https://pi.lib.uchicago.edu/1001/org/ochre/8d9ceb26-c600-4b6c-824a-07dd0e6acf19</a>"
A19_34010.jpg,https://pi.lib.uchicago.edu/1001/org/ochre/78ee6c43-bd8e-49db-98c8-bd0f63bd1fe2,2019 Photographs,Dataset contains photographs from 2019 excavation.,"OCHRE link: <a href=""https://pi.lib.uchicago.edu/1001/org/ochre/78ee6c43-bd8e-49db-98c8-bd0f63bd1fe2"">https://pi.lib.uchicago.edu/1001/org/ochre/78ee6c43-bd8e-49db-98c8-bd0f63bd1fe2</a>"
A19_34011.jpg,https://pi.lib.uchicago.edu/1001/org/ochre/88eac94c-df80-4ce9-a14b-93aa74b3c6cc,2019 Photographs,Dataset contains photographs from 2019 excavation.,"OCHRE link: <a href=""https://pi.lib.uchicago.edu/1001/org/ochre/88eac94c-df80-4ce9-a14b-93aa74b3c6cc"">https://pi.lib.uchicago.edu/1001/org/ochre/88eac94c-df80-4ce9-a14b-93aa74b3c6cc</a>"
A19_34012.jpg,https://pi.lib.uchicago.edu/1001/org/ochre/18390756-66e5-4db6-983e-27e7ecd60c2b,2019 Photographs,Dataset contains photographs from 2019 excavation.,"OCHRE link: <a href=""https://pi.lib.uchicago.edu/1001/org/ochre/18390756-66e5-4db6-983e-27e7ecd60c2b"">https://pi.lib.uchicago.edu/1001/org/ochre/18390756-66e5-4db6-983e-27e7ecd60c2b</a>"
A19_34013.jpg,https://pi.lib.uchicago.edu/1001/org/ochre/d0401c87-4eb8-4bdc-8bcc-8eb3c0b8e633,2019 Photographs,Dataset contains photographs from 2019 excavation.,"OCHRE link: <a href=""https://pi.lib.uchicago.edu/1001/org/ochre/d0401c87-4eb8-4bdc-8bcc-8eb3c0b8e633"">https://pi.lib.uchicago.edu/1001/org/ochre/d0401c87-4eb8-4bdc-8bcc-8eb3c0b8e633</a>"
A19_34014.jpg,https://pi.lib.uchicago.edu/1001/org/ochre/20b1878b-02d0-4f21-8dd9-d16a9cd19074,2019 Photographs,Dataset contains photographs from 2019 excavation.,"OCHRE link: <a href=""https://pi.lib.uchicago.edu/1001/org/ochre/20b1878b-02d0-4f21-8dd9-d16a9cd19074"">https://pi.lib.uchicago.edu/1001/org/ochre/20b1878b-02d0-4f21-8dd9-d16a9cd19074</a>"
A19_34015.jpg,https://pi.lib.uchicago.edu/1001/org/ochre/cd6af45e-375e-4703-8ce2-204e23319fac,2019 Photographs,Dataset contains photographs from 2019 excavation.,"OCHRE link: <a href=""https://pi.lib.uchicago.edu/1001/org/ochre/cd6af45e-375e-4703-8ce2-204e23319fac"">https://pi.lib.uchicago.edu/1001/org/ochre/cd6af45e-375e-4703-8ce2-204e23319fac</a>"
A19_34016.jpg,https://pi.lib.uchicago.edu/1001/org/ochre/3cfc385c-768c-4567-9304-39a44eb3e55d,2019 Photographs,Dataset contains photographs from 2019 excavation.,"OCHRE link: <a href=""https://pi.lib.uchicago.edu/1001/org/ochre/3cfc385c-768c-4567-9304-39a44eb3e55d"">https://pi.lib.uchicago.edu/1001/org/ochre/3cfc385c-768c-4567-9304-39a44eb3e55d</a>"
A19_34017.jpg,https://pi.lib.uchicago.edu/1001/org/ochre/905048ec-b10c-4736-9b4a-4104ba05a899,2019 Photographs,Dataset contains photographs from 2019 excavation.,"OCHRE link: <a href=""https://pi.lib.uchicago.edu/1001/org/ochre/905048ec-b10c-4736-9b4a-4104ba05a899"">https://pi.lib.uchicago.edu/1001/org/ochre/905048ec-b10c-4736-9b4a-4104ba05a899</a>"
A19_34018.jpg,https://pi.lib.uchicago.edu/1001/org/ochre/808266d7-b7a6-4a40-b006-25e2c05616a8,2019 Photographs,Dataset contains photographs from 2019 excavation.,"OCHRE link: <a href=""https://pi.lib.uchicago.edu/1001/org/ochre/808266d7-b7a6-4a40-b006-25e2c05616a8"">https://pi.lib.uchicago.edu/1001/org/ochre/808266d7-b7a6-4a40-b006-25e2c05616a8</a>"
A19_34019.jpg,https://pi.lib.uchicago.edu/1001/org/ochre/88d1985d-d994-4488-83e6-f550ae1617aa,2019 Photographs,Dataset contains photographs from 2019 excavation.,"OCHRE link: <a href=""https://pi.lib.uchicago.edu/1001/org/ochre/88d1985d-d994-4488-83e6-f550ae1617aa"">https://pi.lib.uchicago.edu/1001/org/ochre/88d1985d-d994-4488-83e6-f550ae1617aa</a>"
A19_34020.jpg,https://pi.lib.uchicago.edu/1001/org/ochre/64e363d4-4315-4568-889a-e719b1ca1641,2019 Photographs,Dataset contains photographs from 2019 excavation.,"OCHRE link: <a href=""https://pi.lib.uchicago.edu/1001/org/ochre/64e363d4-4315-4568-889a-e719b1ca1641"">https://pi.lib.uchicago.edu/1001/org/ochre/64e363d4-4315-4568-889a-e719b1ca1641</a>"
A19_34021.jpg,https://pi.lib.uchicago.edu/1001/org/ochre/290034e7-fb32-4f23-8f8a-0c0ff10a47bd,2019 Photographs,Dataset contains photographs from 2019 excavation.,"OCHRE link: <a href=""https://pi.lib.uchicago.edu/1001/org/ochre/290034e7-fb32-4f23-8f8a-0c0ff10a47bd"">https://pi.lib.uchicago.edu/1001/org/ochre/290034e7-fb32-4f23-8f8a-0c0ff10a47bd</a>"
A19_34022.jpg,https://pi.lib.uchicago.edu/1001/org/ochre/d29f56de-cbc3-4a77-94e4-3009b7ebdf84,2019 Photographs,Dataset contains photographs from 2019 excavation.,"OCHRE link: <a href=""https://pi.lib.uchicago.edu/1001/org/ochre/d29f56de-cbc3-4a77-94e4-3009b7ebdf84"">https://pi.lib.uchicago.edu/1001/org/ochre/d29f56de-cbc3-4a77-94e4-3009b7ebdf84</a>"
A19_34023.jpg,https://pi.lib.uchicago.edu/1001/org/ochre/82cb51cb-0644-4b68-b23d-44a4f08c6142,2019 Photographs,Dataset contains photographs from 2019 excavation.,"OCHRE link: <a href=""https://pi.lib.uchicago.edu/1001/org/ochre/82cb51cb-0644-4b68-b23d-44a4f08c6142"">https://pi.lib.uchicago.edu/1001/org/ochre/82cb51cb-0644-4b68-b23d-44a4f08c6142</a>"
A19_34024.jpg,https://pi.lib.uchicago.edu/1001/org/ochre/36f2655b-63d5-44b6-8186-2b9f38bc44f3,2019 Photographs,Dataset contains photographs from 2019 excavation.,"OCHRE link: <a href=""https://pi.lib.uchicago.edu/1001/org/ochre/36f2655b-63d5-44b6-8186-2b9f38bc44f3"">https://pi.lib.uchicago.edu/1001/org/ochre/36f2655b-63d5-44b6-8186-2b9f38bc44f3</a>"
A19_34025.jpg,https://pi.lib.uchicago.edu/1001/org/ochre/985def12-2bde-4f13-9df3-667a55fdf65e,2019 Photographs,Dataset contains photographs from 2019 excavation.,"OCHRE link: <a href=""https://pi.lib.uchicago.edu/1001/org/ochre/985def12-2bde-4f13-9df3-667a55fdf65e"">https://pi.lib.uchicago.edu/1001/org/ochre/985def12-2bde-4f13-9df3-667a55fdf65e</a>"
A19_34026.jpg,https://pi.lib.uchicago.edu/1001/org/ochre/e0ee9386-5e3b-4e94-ad41-bfb0c4f83fcb,2019 Photographs,Dataset contains photographs from 2019 excavation.,"OCHRE link: <a href=""https://pi.lib.uchicago.edu/1001/org/ochre/e0ee9386-5e3b-4e94-ad41-bfb0c4f83fcb"">https://pi.lib.uchicago.edu/1001/org/ochre/e0ee9386-5e3b-4e94-ad41-bfb0c4f83fcb</a>"
A19_34027.jpg,https://pi.lib.uchicago.edu/1001/org/ochre/194543b0-e70d-42a4-b666-c9a3dc89639f,2019 Photographs,Dataset contains photographs from 2019 excavation.,"OCHRE link: <a href=""https://pi.lib.uchicago.edu/1001/org/ochre/194543b0-e70d-42a4-b666-c9a3dc89639f"">https://pi.lib.uchicago.edu/1001/org/ochre/194543b0-e70d-42a4-b666-c9a3dc89639f</a>"
A19_34028.jpg,https://pi.lib.uchicago.edu/1001/org/ochre/3bcae0ad-c42d-4e07-8557-2ece13c71f0f,2019 Photographs,Dataset contains photographs from 2019 excavation.,"OCHRE link: <a href=""https://pi.lib.uchicago.edu/1001/org/ochre/3bcae0ad-c42d-4e07-8557-2ece13c71f0f"">https://pi.lib.uchicago.edu/1001/org/ochre/3bcae0ad-c42d-4e07-8557-2ece13c71f0f</a>"
A19_34029.jpg,https://pi.lib.uchicago.edu/1001/org/ochre/bbbc1c5b-0c37-46d6-811c-72061bd5815c,2019 Photographs,Dataset contains photographs from 2019 excavation.,"OCHRE link: <a href=""https://pi.lib.uchicago.edu/1001/org/ochre/bbbc1c5b-0c37-46d6-811c-72061bd5815c"">https://pi.lib.uchicago.edu/1001/org/ochre/bbbc1c5b-0c37-46d6-811c-72061bd5815c</a>"
A19_34030.jpg,https://pi.lib.uchicago.edu/1001/org/ochre/c7ccfd69-02ec-4b93-83e9-1cd27680a79d,2019 Photographs,Dataset contains photographs from 2019 excavation.,"OCHRE link: <a href=""https://pi.lib.uchicago.edu/1001/org/ochre/c7ccfd69-02ec-4b93-83e9-1cd27680a79d"">https://pi.lib.uchicago.edu/1001/org/ochre/c7ccfd69-02ec-4b93-83e9-1cd27680a79d</a>"
A19_34031.jpg,https://pi.lib.uchicago.edu/1001/org/ochre/18c33c66-58f0-4fe5-932b-1c40c866c8df,2019 Photographs,Dataset contains photographs from 2019 excavation.,"OCHRE link: <a href=""https://pi.lib.uchicago.edu/1001/org/ochre/18c33c66-58f0-4fe5-932b-1c40c866c8df"">https://pi.lib.uchicago.edu/1001/org/ochre/18c33c66-58f0-4fe5-932b-1c40c866c8df</a>"
A19_34032.jpg,https://pi.lib.uchicago.edu/1001/org/ochre/71460ca7-a8e9-49ba-9578-24f2716d1fe2,2019 Photographs,Dataset contains photographs from 2019 excavation.,"OCHRE link: <a href=""https://pi.lib.uchicago.edu/1001/org/ochre/71460ca7-a8e9-49ba-9578-24f2716d1fe2"">https://pi.lib.uchicago.edu/1001/org/ochre/71460ca7-a8e9-49ba-9578-24f2716d1fe2</a>"
A19_34039.jpg,https://pi.lib.uchicago.edu/1001/org/ochre/c70f7831-2d61-41d0-9591-5a15091cb289,2019 Photographs,Dataset contains photographs from 2019 excavation.,"OCHRE link: <a href=""https://pi.lib.uchicago.edu/1001/org/ochre/c70f7831-2d61-41d0-9591-5a15091cb289"">https://pi.lib.uchicago.edu/1001/org/ochre/c70f7831-2d61-41d0-9591-5a15091cb289</a>"
A19_34040.jpg,https://pi.lib.uchicago.edu/1001/org/ochre/2a730722-4ca2-44ee-922a-ff09800c67d3,2019 Photographs,Dataset contains photographs from 2019 excavation.,"OCHRE link: <a href=""https://pi.lib.uchicago.edu/1001/org/ochre/2a730722-4ca2-44ee-922a-ff09800c67d3"">https://pi.lib.uchicago.edu/1001/org/ochre/2a730722-4ca2-44ee-922a-ff09800c67d3</a>"
A19_34041.jpg,https://pi.lib.uchicago.edu/1001/org/ochre/9b23d3df-4897-47dd-8962-8da17b42ab1f,2019 Photographs,Dataset contains photographs from 2019 excavation.,"OCHRE link: <a href=""https://pi.lib.uchicago.edu/1001/org/ochre/9b23d3df-4897-47dd-8962-8da17b42ab1f"">https://pi.lib.uchicago.edu/1001/org/ochre/9b23d3df-4897-47dd-8962-8da17b42ab1f</a>"
A19_34042.jpg,https://pi.lib.uchicago.edu/1001/org/ochre/5e7660cf-07d7-4638-838e-2fcf5b2255aa,2019 Photographs,Dataset contains photographs from 2019 excavation.,"OCHRE link: <a href=""https://pi.lib.uchicago.edu/1001/org/ochre/5e7660cf-07d7-4638-838e-2fcf5b2255aa"">https://pi.lib.uchicago.edu/1001/org/ochre/5e7660cf-07d7-4638-838e-2fcf5b2255aa</a>"
A19_34043.jpg,https://pi.lib.uchicago.edu/1001/org/ochre/d1233feb-7a41-4780-b3fa-e6fdd9699867,2019 Photographs,Dataset contains photographs from 2019 excavation.,"OCHRE link: <a href=""https://pi.lib.uchicago.edu/1001/org/ochre/d1233feb-7a41-4780-b3fa-e6fdd9699867"">https://pi.lib.uchicago.edu/1001/org/ochre/d1233feb-7a41-4780-b3fa-e6fdd9699867</a>"
A19_34044.jpg,https://pi.lib.uchicago.edu/1001/org/ochre/5a895c56-fb81-4625-8272-f405b8889c3b,2019 Photographs,Dataset contains photographs from 2019 excavation.,"OCHRE link: <a href=""https://pi.lib.uchicago.edu/1001/org/ochre/5a895c56-fb81-4625-8272-f405b8889c3b"">https://pi.lib.uchicago.edu/1001/org/ochre/5a895c56-fb81-4625-8272-f405b8889c3b</a>"
A19_34045.jpg,https://pi.lib.uchicago.edu/1001/org/ochre/56339a68-db34-4d27-a419-9c6a07c4da10,2019 Photographs,Dataset contains photographs from 2019 excavation.,"OCHRE link: <a href=""https://pi.lib.uchicago.edu/1001/org/ochre/56339a68-db34-4d27-a419-9c6a07c4da10"">https://pi.lib.uchicago.edu/1001/org/ochre/56339a68-db34-4d27-a419-9c6a07c4da10</a>"
A19_34046.jpg,https://pi.lib.uchicago.edu/1001/org/ochre/5895c9dc-2152-43e3-8d4a-d4a18ff7aade,2019 Photographs,Dataset contains photographs from 2019 excavation.,"OCHRE link: <a href=""https://pi.lib.uchicago.edu/1001/org/ochre/5895c9dc-2152-43e3-8d4a-d4a18ff7aade"">https://pi.lib.uchicago.edu/1001/org/ochre/5895c9dc-2152-43e3-8d4a-d4a18ff7aade</a>"
A19_34047.jpg,https://pi.lib.uchicago.edu/1001/org/ochre/056c7333-77c2-4dae-8b2a-2a7785da836e,2019 Photographs,Dataset contains photographs from 2019 excavation.,"OCHRE link: <a href=""https://pi.lib.uchicago.edu/1001/org/ochre/056c7333-77c2-4dae-8b2a-2a7785da836e"">https://pi.lib.uchicago.edu/1001/org/ochre/056c7333-77c2-4dae-8b2a-2a7785da836e</a>"
A19_34048.jpg,https://pi.lib.uchicago.edu/1001/org/ochre/677fb28b-aa45-49ed-a3d5-312855b78805,2019 Photographs,Dataset contains photographs from 2019 excavation.,"OCHRE link: <a href=""https://pi.lib.uchicago.edu/1001/org/ochre/677fb28b-aa45-49ed-a3d5-312855b78805"">https://pi.lib.uchicago.edu/1001/org/ochre/677fb28b-aa45-49ed-a3d5-312855b78805</a>"
A19_34049.jpg,https://pi.lib.uchicago.edu/1001/org/ochre/8276ffde-1813-4ba0-97f0-946abe49f207,2019 Photographs,Dataset contains photographs from 2019 excavation.,"OCHRE link: <a href=""https://pi.lib.uchicago.edu/1001/org/ochre/8276ffde-1813-4ba0-97f0-946abe49f207"">https://pi.lib.uchicago.edu/1001/org/ochre/8276ffde-1813-4ba0-97f0-946abe49f207</a>"
A19_34050.jpg,https://pi.lib.uchicago.edu/1001/org/ochre/1af26f17-57b5-4df9-8d41-6034d1f4f9af,2019 Photographs,Dataset contains photographs from 2019 excavation.,"OCHRE link: <a href=""https://pi.lib.uchicago.edu/1001/org/ochre/1af26f17-57b5-4df9-8d41-6034d1f4f9af"">https://pi.lib.uchicago.edu/1001/org/ochre/1af26f17-57b5-4df9-8d41-6034d1f4f9af</a>"
A19_34051.jpg,https://pi.lib.uchicago.edu/1001/org/ochre/7f5f3dd3-3846-46c9-80db-f2c4b21b8bfb,2019 Photographs,Dataset contains photographs from 2019 excavation.,"OCHRE link: <a href=""https://pi.lib.uchicago.edu/1001/org/ochre/7f5f3dd3-3846-46c9-80db-f2c4b21b8bfb"">https://pi.lib.uchicago.edu/1001/org/ochre/7f5f3dd3-3846-46c9-80db-f2c4b21b8bfb</a>"
A19_34052.jpg,https://pi.lib.uchicago.edu/1001/org/ochre/83b70b56-0388-44fd-be4a-7dab006730fb,2019 Photographs,Dataset contains photographs from 2019 excavation.,"OCHRE link: <a href=""https://pi.lib.uchicago.edu/1001/org/ochre/83b70b56-0388-44fd-be4a-7dab006730fb"">https://pi.lib.uchicago.edu/1001/org/ochre/83b70b56-0388-44fd-be4a-7dab006730fb</a>"
A19_34053.jpg,https://pi.lib.uchicago.edu/1001/org/ochre/975876bd-a268-4032-8787-e39cb12a28d6,2019 Photographs,Dataset contains photographs from 2019 excavation.,"OCHRE link: <a href=""https://pi.lib.uchicago.edu/1001/org/ochre/975876bd-a268-4032-8787-e39cb12a28d6"">https://pi.lib.uchicago.edu/1001/org/ochre/975876bd-a268-4032-8787-e39cb12a28d6</a>"
A19_34054.jpg,https://pi.lib.uchicago.edu/1001/org/ochre/444e2b21-4f02-4e5a-b07a-018837dcf062,2019 Photographs,Dataset contains photographs from 2019 excavation.,"OCHRE link: <a href=""https://pi.lib.uchicago.edu/1001/org/ochre/444e2b21-4f02-4e5a-b07a-018837dcf062"">https://pi.lib.uchicago.edu/1001/org/ochre/444e2b21-4f02-4e5a-b07a-018837dcf062</a>"
A19_34055.jpg,https://pi.lib.uchicago.edu/1001/org/ochre/113e1aee-e682-4da0-af43-0d246bc159f8,2019 Photographs,Dataset contains photographs from 2019 excavation.,"OCHRE link: <a href=""https://pi.lib.uchicago.edu/1001/org/ochre/113e1aee-e682-4da0-af43-0d246bc159f8"">https://pi.lib.uchicago.edu/1001/org/ochre/113e1aee-e682-4da0-af43-0d246bc159f8</a>"
A19_34056.jpg,https://pi.lib.uchicago.edu/1001/org/ochre/89ae5161-a78a-48ac-a6b2-421f6257e4f3,2019 Photographs,Dataset contains photographs from 2019 excavation.,"OCHRE link: <a href=""https://pi.lib.uchicago.edu/1001/org/ochre/89ae5161-a78a-48ac-a6b2-421f6257e4f3"">https://pi.lib.uchicago.edu/1001/org/ochre/89ae5161-a78a-48ac-a6b2-421f6257e4f3</a>"
A19_34057.jpg,https://pi.lib.uchicago.edu/1001/org/ochre/027704ce-b770-40d1-a644-4dc84a10914c,2019 Photographs,Dataset contains photographs from 2019 excavation.,"OCHRE link: <a href=""https://pi.lib.uchicago.edu/1001/org/ochre/027704ce-b770-40d1-a644-4dc84a10914c"">https://pi.lib.uchicago.edu/1001/org/ochre/027704ce-b770-40d1-a644-4dc84a10914c</a>"
A19_34058.jpg,https://pi.lib.uchicago.edu/1001/org/ochre/169f2233-8a2b-4910-b2e7-dedb52519dfa,2019 Photographs,Dataset contains photographs from 2019 excavation.,"OCHRE link: <a href=""https://pi.lib.uchicago.edu/1001/org/ochre/169f2233-8a2b-4910-b2e7-dedb52519dfa"">https://pi.lib.uchicago.edu/1001/org/ochre/169f2233-8a2b-4910-b2e7-dedb52519dfa</a>"
A19_34059.jpg,https://pi.lib.uchicago.edu/1001/org/ochre/2f8ebcc9-3ae9-40fc-b1fd-7f155b1b075e,2019 Photographs,Dataset contains photographs from 2019 excavation.,"OCHRE link: <a href=""https://pi.lib.uchicago.edu/1001/org/ochre/2f8ebcc9-3ae9-40fc-b1fd-7f155b1b075e"">https://pi.lib.uchicago.edu/1001/org/ochre/2f8ebcc9-3ae9-40fc-b1fd-7f155b1b075e</a>"
A19_34060.jpg,https://pi.lib.uchicago.edu/1001/org/ochre/9546cc37-70c4-427c-81b4-ee09c0e5ed2b,2019 Photographs,Dataset contains photographs from 2019 excavation.,"OCHRE link: <a href=""https://pi.lib.uchicago.edu/1001/org/ochre/9546cc37-70c4-427c-81b4-ee09c0e5ed2b"">https://pi.lib.uchicago.edu/1001/org/ochre/9546cc37-70c4-427c-81b4-ee09c0e5ed2b</a>"
A19_34061.jpg,https://pi.lib.uchicago.edu/1001/org/ochre/017920c7-6fee-437c-89a7-06d76ef75158,2019 Photographs,Dataset contains photographs from 2019 excavation.,"OCHRE link: <a href=""https://pi.lib.uchicago.edu/1001/org/ochre/017920c7-6fee-437c-89a7-06d76ef75158"">https://pi.lib.uchicago.edu/1001/org/ochre/017920c7-6fee-437c-89a7-06d76ef75158</a>"
A19_34062.jpg,https://pi.lib.uchicago.edu/1001/org/ochre/e8a99ded-2044-4d12-a75a-80a472c3743e,2019 Photographs,Dataset contains photographs from 2019 excavation.,"OCHRE link: <a href=""https://pi.lib.uchicago.edu/1001/org/ochre/e8a99ded-2044-4d12-a75a-80a472c3743e"">https://pi.lib.uchicago.edu/1001/org/ochre/e8a99ded-2044-4d12-a75a-80a472c3743e</a>"
A19_34063.jpg,https://pi.lib.uchicago.edu/1001/org/ochre/7871535e-1cee-42bb-8e2b-6191b3638d7b,2019 Photographs,Dataset contains photographs from 2019 excavation.,"OCHRE link: <a href=""https://pi.lib.uchicago.edu/1001/org/ochre/7871535e-1cee-42bb-8e2b-6191b3638d7b"">https://pi.lib.uchicago.edu/1001/org/ochre/7871535e-1cee-42bb-8e2b-6191b3638d7b</a>"
A19_34064.jpg,https://pi.lib.uchicago.edu/1001/org/ochre/0d31ea4a-9196-4c7e-bf1a-5cb191bb1b6f,2019 Photographs,Dataset contains photographs from 2019 excavation.,"OCHRE link: <a href=""https://pi.lib.uchicago.edu/1001/org/ochre/0d31ea4a-9196-4c7e-bf1a-5cb191bb1b6f"">https://pi.lib.uchicago.edu/1001/org/ochre/0d31ea4a-9196-4c7e-bf1a-5cb191bb1b6f</a>"
A19_34065.jpg,https://pi.lib.uchicago.edu/1001/org/ochre/e0e99ece-b8b5-4cfe-978c-a91d894426b2,2019 Photographs,Dataset contains photographs from 2019 excavation.,"OCHRE link: <a href=""https://pi.lib.uchicago.edu/1001/org/ochre/e0e99ece-b8b5-4cfe-978c-a91d894426b2"">https://pi.lib.uchicago.edu/1001/org/ochre/e0e99ece-b8b5-4cfe-978c-a91d894426b2</a>"
A19_34066.jpg,https://pi.lib.uchicago.edu/1001/org/ochre/858b5ec0-2ce2-4b91-b748-db3df96a959b,2019 Photographs,Dataset contains photographs from 2019 excavation.,"OCHRE link: <a href=""https://pi.lib.uchicago.edu/1001/org/ochre/858b5ec0-2ce2-4b91-b748-db3df96a959b"">https://pi.lib.uchicago.edu/1001/org/ochre/858b5ec0-2ce2-4b91-b748-db3df96a959b</a>"
A19_34067.jpg,https://pi.lib.uchicago.edu/1001/org/ochre/37eb2196-e3d5-4ffb-bfcc-193a99baa3cf,2019 Photographs,Dataset contains photographs from 2019 excavation.,"OCHRE link: <a href=""https://pi.lib.uchicago.edu/1001/org/ochre/37eb2196-e3d5-4ffb-bfcc-193a99baa3cf"">https://pi.lib.uchicago.edu/1001/org/ochre/37eb2196-e3d5-4ffb-bfcc-193a99baa3cf</a>"
A19_34068.jpg,https://pi.lib.uchicago.edu/1001/org/ochre/8f6b5eb0-d890-47a9-b908-fbbd18321617,2019 Photographs,Dataset contains photographs from 2019 excavation.,"OCHRE link: <a href=""https://pi.lib.uchicago.edu/1001/org/ochre/8f6b5eb0-d890-47a9-b908-fbbd18321617"">https://pi.lib.uchicago.edu/1001/org/ochre/8f6b5eb0-d890-47a9-b908-fbbd18321617</a>"
A19_34069.jpg,https://pi.lib.uchicago.edu/1001/org/ochre/de9a9212-df63-4ed9-b905-0ccbbc90c1f5,2019 Photographs,Dataset contains photographs from 2019 excavation.,"OCHRE link: <a href=""https://pi.lib.uchicago.edu/1001/org/ochre/de9a9212-df63-4ed9-b905-0ccbbc90c1f5"">https://pi.lib.uchicago.edu/1001/org/ochre/de9a9212-df63-4ed9-b905-0ccbbc90c1f5</a>"
A19_34070.jpg,https://pi.lib.uchicago.edu/1001/org/ochre/dfec4425-1991-4cde-9042-25010f5a6269,2019 Photographs,Dataset contains photographs from 2019 excavation.,"OCHRE link: <a href=""https://pi.lib.uchicago.edu/1001/org/ochre/dfec4425-1991-4cde-9042-25010f5a6269"">https://pi.lib.uchicago.edu/1001/org/ochre/dfec4425-1991-4cde-9042-25010f5a6269</a>"
A19_34071.jpg,https://pi.lib.uchicago.edu/1001/org/ochre/9e486076-02dd-4612-9b5b-87a9c18de824,2019 Photographs,Dataset contains photographs from 2019 excavation.,"OCHRE link: <a href=""https://pi.lib.uchicago.edu/1001/org/ochre/9e486076-02dd-4612-9b5b-87a9c18de824"">https://pi.lib.uchicago.edu/1001/org/ochre/9e486076-02dd-4612-9b5b-87a9c18de824</a>"
A19_34072.jpg,https://pi.lib.uchicago.edu/1001/org/ochre/cbf6a490-4003-4d14-af22-efb3f6d9c9b3,2019 Photographs,Dataset contains photographs from 2019 excavation.,"OCHRE link: <a href=""https://pi.lib.uchicago.edu/1001/org/ochre/cbf6a490-4003-4d14-af22-efb3f6d9c9b3"">https://pi.lib.uchicago.edu/1001/org/ochre/cbf6a490-4003-4d14-af22-efb3f6d9c9b3</a>"
A19_34073.jpg,https://pi.lib.uchicago.edu/1001/org/ochre/1574f4e4-768e-4bdb-8089-02c0d20e6ad3,2019 Photographs,Dataset contains photographs from 2019 excavation.,"OCHRE link: <a href=""https://pi.lib.uchicago.edu/1001/org/ochre/1574f4e4-768e-4bdb-8089-02c0d20e6ad3"">https://pi.lib.uchicago.edu/1001/org/ochre/1574f4e4-768e-4bdb-8089-02c0d20e6ad3</a>"
A19_34074.jpg,https://pi.lib.uchicago.edu/1001/org/ochre/b499bb1d-c394-4cd6-83df-7361ba1b5ed0,2019 Photographs,Dataset contains photographs from 2019 excavation.,"OCHRE link: <a href=""https://pi.lib.uchicago.edu/1001/org/ochre/b499bb1d-c394-4cd6-83df-7361ba1b5ed0"">https://pi.lib.uchicago.edu/1001/org/ochre/b499bb1d-c394-4cd6-83df-7361ba1b5ed0</a>"
A19_34075.jpg,https://pi.lib.uchicago.edu/1001/org/ochre/4cf9aa32-884e-4b43-821a-82211009fea4,2019 Photographs,Dataset contains photographs from 2019 excavation.,"OCHRE link: <a href=""https://pi.lib.uchicago.edu/1001/org/ochre/4cf9aa32-884e-4b43-821a-82211009fea4"">https://pi.lib.uchicago.edu/1001/org/ochre/4cf9aa32-884e-4b43-821a-82211009fea4</a>"
A19_34076.jpg,https://pi.lib.uchicago.edu/1001/org/ochre/83c7d94d-3d5a-41cf-8d42-0dd4064cd611,2019 Photographs,Dataset contains photographs from 2019 excavation.,"OCHRE link: <a href=""https://pi.lib.uchicago.edu/1001/org/ochre/83c7d94d-3d5a-41cf-8d42-0dd4064cd611"">https://pi.lib.uchicago.edu/1001/org/ochre/83c7d94d-3d5a-41cf-8d42-0dd4064cd611</a>"
A19_34077.jpg,https://pi.lib.uchicago.edu/1001/org/ochre/e97e93c5-32a7-4d7d-a7a5-4777e9ac70f7,2019 Photographs,Dataset contains photographs from 2019 excavation.,"OCHRE link: <a href=""https://pi.lib.uchicago.edu/1001/org/ochre/e97e93c5-32a7-4d7d-a7a5-4777e9ac70f7"">https://pi.lib.uchicago.edu/1001/org/ochre/e97e93c5-32a7-4d7d-a7a5-4777e9ac70f7</a>"
A19_34078.jpg,https://pi.lib.uchicago.edu/1001/org/ochre/df4973e4-840a-421d-bfe6-2bb4152f7d6e,2019 Photographs,Dataset contains photographs from 2019 excavation.,"OCHRE link: <a href=""https://pi.lib.uchicago.edu/1001/org/ochre/df4973e4-840a-421d-bfe6-2bb4152f7d6e"">https://pi.lib.uchicago.edu/1001/org/ochre/df4973e4-840a-421d-bfe6-2bb4152f7d6e</a>"
A19_34079.jpg,https://pi.lib.uchicago.edu/1001/org/ochre/de7f1ad2-050c-43a1-9caf-9963e4fed8d1,2019 Photographs,Dataset contains photographs from 2019 excavation.,"OCHRE link: <a href=""https://pi.lib.uchicago.edu/1001/org/ochre/de7f1ad2-050c-43a1-9caf-9963e4fed8d1"">https://pi.lib.uchicago.edu/1001/org/ochre/de7f1ad2-050c-43a1-9caf-9963e4fed8d1</a>"
A19_34080.jpg,https://pi.lib.uchicago.edu/1001/org/ochre/05fce008-c0ec-4039-a59f-f5f1a25d0f2a,2019 Photographs,Dataset contains photographs from 2019 excavation.,"OCHRE link: <a href=""https://pi.lib.uchicago.edu/1001/org/ochre/05fce008-c0ec-4039-a59f-f5f1a25d0f2a"">https://pi.lib.uchicago.edu/1001/org/ochre/05fce008-c0ec-4039-a59f-f5f1a25d0f2a</a>"
A19_34081.jpg,https://pi.lib.uchicago.edu/1001/org/ochre/43c9c628-ced7-4a0e-9246-4e726dc5a4d0,2019 Photographs,Dataset contains photographs from 2019 excavation.,"OCHRE link: <a href=""https://pi.lib.uchicago.edu/1001/org/ochre/43c9c628-ced7-4a0e-9246-4e726dc5a4d0"">https://pi.lib.uchicago.edu/1001/org/ochre/43c9c628-ced7-4a0e-9246-4e726dc5a4d0</a>"
A19_34082.jpg,https://pi.lib.uchicago.edu/1001/org/ochre/8b32aa72-d4df-40e6-bfb1-a8796cecf8f7,2019 Photographs,Dataset contains photographs from 2019 excavation.,"OCHRE link: <a href=""https://pi.lib.uchicago.edu/1001/org/ochre/8b32aa72-d4df-40e6-bfb1-a8796cecf8f7"">https://pi.lib.uchicago.edu/1001/org/ochre/8b32aa72-d4df-40e6-bfb1-a8796cecf8f7</a>"
A19_34083.jpg,https://pi.lib.uchicago.edu/1001/org/ochre/6164c69b-cf0f-419e-b211-6949db683963,2019 Photographs,Dataset contains photographs from 2019 excavation.,"OCHRE link: <a href=""https://pi.lib.uchicago.edu/1001/org/ochre/6164c69b-cf0f-419e-b211-6949db683963"">https://pi.lib.uchicago.edu/1001/org/ochre/6164c69b-cf0f-419e-b211-6949db683963</a>"
A19_34084.jpg,https://pi.lib.uchicago.edu/1001/org/ochre/348669ad-03b7-4460-b75d-f2fe8226c4d8,2019 Photographs,Dataset contains photographs from 2019 excavation.,"OCHRE link: <a href=""https://pi.lib.uchicago.edu/1001/org/ochre/348669ad-03b7-4460-b75d-f2fe8226c4d8"">https://pi.lib.uchicago.edu/1001/org/ochre/348669ad-03b7-4460-b75d-f2fe8226c4d8</a>"
A19_34085.jpg,https://pi.lib.uchicago.edu/1001/org/ochre/885451c7-4b26-43dd-8c6c-d2208a5d9402,2019 Photographs,Dataset contains photographs from 2019 excavation.,"OCHRE link: <a href=""https://pi.lib.uchicago.edu/1001/org/ochre/885451c7-4b26-43dd-8c6c-d2208a5d9402"">https://pi.lib.uchicago.edu/1001/org/ochre/885451c7-4b26-43dd-8c6c-d2208a5d9402</a>"
A19_34086.jpg,https://pi.lib.uchicago.edu/1001/org/ochre/d8243f37-360c-452d-b8b6-497559bd4e97,2019 Photographs,Dataset contains photographs from 2019 excavation.,"OCHRE link: <a href=""https://pi.lib.uchicago.edu/1001/org/ochre/d8243f37-360c-452d-b8b6-497559bd4e97"">https://pi.lib.uchicago.edu/1001/org/ochre/d8243f37-360c-452d-b8b6-497559bd4e97</a>"
A19_34087.jpg,https://pi.lib.uchicago.edu/1001/org/ochre/0a2f6a17-4455-4039-a92f-ecd7d1d648e7,2019 Photographs,Dataset contains photographs from 2019 excavation.,"OCHRE link: <a href=""https://pi.lib.uchicago.edu/1001/org/ochre/0a2f6a17-4455-4039-a92f-ecd7d1d648e7"">https://pi.lib.uchicago.edu/1001/org/ochre/0a2f6a17-4455-4039-a92f-ecd7d1d648e7</a>"
A19_34088.jpg,https://pi.lib.uchicago.edu/1001/org/ochre/e38be8bb-7cf8-497b-9036-6514eebe267a,2019 Photographs,Dataset contains photographs from 2019 excavation.,"OCHRE link: <a href=""https://pi.lib.uchicago.edu/1001/org/ochre/e38be8bb-7cf8-497b-9036-6514eebe267a"">https://pi.lib.uchicago.edu/1001/org/ochre/e38be8bb-7cf8-497b-9036-6514eebe267a</a>"
A19_34089.jpg,https://pi.lib.uchicago.edu/1001/org/ochre/035001a1-a958-489e-afcb-c1af1064b742,2019 Photographs,Dataset contains photographs from 2019 excavation.,"OCHRE link: <a href=""https://pi.lib.uchicago.edu/1001/org/ochre/035001a1-a958-489e-afcb-c1af1064b742"">https://pi.lib.uchicago.edu/1001/org/ochre/035001a1-a958-489e-afcb-c1af1064b742</a>"
A19_34090.jpg,https://pi.lib.uchicago.edu/1001/org/ochre/9a3d5c51-23fa-4ca3-9014-d9e05c82dc7b,2019 Photographs,Dataset contains photographs from 2019 excavation.,"OCHRE link: <a href=""https://pi.lib.uchicago.edu/1001/org/ochre/9a3d5c51-23fa-4ca3-9014-d9e05c82dc7b"">https://pi.lib.uchicago.edu/1001/org/ochre/9a3d5c51-23fa-4ca3-9014-d9e05c82dc7b</a>"
A19_34091.jpg,https://pi.lib.uchicago.edu/1001/org/ochre/918ab47f-99c2-4987-b602-754b766325bf,2019 Photographs,Dataset contains photographs from 2019 excavation.,"OCHRE link: <a href=""https://pi.lib.uchicago.edu/1001/org/ochre/918ab47f-99c2-4987-b602-754b766325bf"">https://pi.lib.uchicago.edu/1001/org/ochre/918ab47f-99c2-4987-b602-754b766325bf</a>"
A19_34092.jpg,https://pi.lib.uchicago.edu/1001/org/ochre/04de5a98-421d-4276-868c-6d4d46b7ba83,2019 Photographs,Dataset contains photographs from 2019 excavation.,"OCHRE link: <a href=""https://pi.lib.uchicago.edu/1001/org/ochre/04de5a98-421d-4276-868c-6d4d46b7ba83"">https://pi.lib.uchicago.edu/1001/org/ochre/04de5a98-421d-4276-868c-6d4d46b7ba83</a>"
A19_34093.jpg,https://pi.lib.uchicago.edu/1001/org/ochre/bc96f11c-eeda-4919-ad77-f2a1e8b78f0d,2019 Photographs,Dataset contains photographs from 2019 excavation.,"OCHRE link: <a href=""https://pi.lib.uchicago.edu/1001/org/ochre/bc96f11c-eeda-4919-ad77-f2a1e8b78f0d"">https://pi.lib.uchicago.edu/1001/org/ochre/bc96f11c-eeda-4919-ad77-f2a1e8b78f0d</a>"
A19_34094.jpg,https://pi.lib.uchicago.edu/1001/org/ochre/24711bb7-11a0-45db-a0c7-9a292c7d93ef,2019 Photographs,Dataset contains photographs from 2019 excavation.,"OCHRE link: <a href=""https://pi.lib.uchicago.edu/1001/org/ochre/24711bb7-11a0-45db-a0c7-9a292c7d93ef"">https://pi.lib.uchicago.edu/1001/org/ochre/24711bb7-11a0-45db-a0c7-9a292c7d93ef</a>"
A19_34095.jpg,https://pi.lib.uchicago.edu/1001/org/ochre/ecddd4ef-0e66-4f51-9ca6-883600c7235f,2019 Photographs,Dataset contains photographs from 2019 excavation.,"OCHRE link: <a href=""https://pi.lib.uchicago.edu/1001/org/ochre/ecddd4ef-0e66-4f51-9ca6-883600c7235f"">https://pi.lib.uchicago.edu/1001/org/ochre/ecddd4ef-0e66-4f51-9ca6-883600c7235f</a>"
A19_34096.jpg,https://pi.lib.uchicago.edu/1001/org/ochre/0d6d16eb-6da1-4a48-af97-5f5edee966d5,2019 Photographs,Dataset contains photographs from 2019 excavation.,"OCHRE link: <a href=""https://pi.lib.uchicago.edu/1001/org/ochre/0d6d16eb-6da1-4a48-af97-5f5edee966d5"">https://pi.lib.uchicago.edu/1001/org/ochre/0d6d16eb-6da1-4a48-af97-5f5edee966d5</a>"
A19_34097.jpg,https://pi.lib.uchicago.edu/1001/org/ochre/19d6a46d-7d7c-42ae-a0a1-4a1a052d6ba1,2019 Photographs,Dataset contains photographs from 2019 excavation.,"OCHRE link: <a href=""https://pi.lib.uchicago.edu/1001/org/ochre/19d6a46d-7d7c-42ae-a0a1-4a1a052d6ba1"">https://pi.lib.uchicago.edu/1001/org/ochre/19d6a46d-7d7c-42ae-a0a1-4a1a052d6ba1</a>"
A19_34098.jpg,https://pi.lib.uchicago.edu/1001/org/ochre/ea5310d3-d80b-4ab7-9501-40fe5b7a2633,2019 Photographs,Dataset contains photographs from 2019 excavation.,"OCHRE link: <a href=""https://pi.lib.uchicago.edu/1001/org/ochre/ea5310d3-d80b-4ab7-9501-40fe5b7a2633"">https://pi.lib.uchicago.edu/1001/org/ochre/ea5310d3-d80b-4ab7-9501-40fe5b7a2633</a>"
A19_34099.jpg,https://pi.lib.uchicago.edu/1001/org/ochre/e12a1085-ecd1-43ac-b07f-455f4e24551a,2019 Photographs,Dataset contains photographs from 2019 excavation.,"OCHRE link: <a href=""https://pi.lib.uchicago.edu/1001/org/ochre/e12a1085-ecd1-43ac-b07f-455f4e24551a"">https://pi.lib.uchicago.edu/1001/org/ochre/e12a1085-ecd1-43ac-b07f-455f4e24551a</a>"
A19_34100.jpg,https://pi.lib.uchicago.edu/1001/org/ochre/945f9a8a-751d-40f6-af84-2a9734fe8f97,2019 Photographs,Dataset contains photographs from 2019 excavation.,"OCHRE link: <a href=""https://pi.lib.uchicago.edu/1001/org/ochre/945f9a8a-751d-40f6-af84-2a9734fe8f97"">https://pi.lib.uchicago.edu/1001/org/ochre/945f9a8a-751d-40f6-af84-2a9734fe8f97</a>"
A19_34101.jpg,https://pi.lib.uchicago.edu/1001/org/ochre/90fa9286-cfce-4456-97e3-6ca7c95ff2de,2019 Photographs,Dataset contains photographs from 2019 excavation.,"OCHRE link: <a href=""https://pi.lib.uchicago.edu/1001/org/ochre/90fa9286-cfce-4456-97e3-6ca7c95ff2de"">https://pi.lib.uchicago.edu/1001/org/ochre/90fa9286-cfce-4456-97e3-6ca7c95ff2de</a>"
A19_34102.jpg,https://pi.lib.uchicago.edu/1001/org/ochre/688156d4-92df-4c53-b150-5e6e77c2a1aa,2019 Photographs,Dataset contains photographs from 2019 excavation.,"OCHRE link: <a href=""https://pi.lib.uchicago.edu/1001/org/ochre/688156d4-92df-4c53-b150-5e6e77c2a1aa"">https://pi.lib.uchicago.edu/1001/org/ochre/688156d4-92df-4c53-b150-5e6e77c2a1aa</a>"
A19_34103.jpg,https://pi.lib.uchicago.edu/1001/org/ochre/3aa08b6a-0761-458e-bed9-866d8474e572,2019 Photographs,Dataset contains photographs from 2019 excavation.,"OCHRE link: <a href=""https://pi.lib.uchicago.edu/1001/org/ochre/3aa08b6a-0761-458e-bed9-866d8474e572"">https://pi.lib.uchicago.edu/1001/org/ochre/3aa08b6a-0761-458e-bed9-866d8474e572</a>"
A19_34104.jpg,https://pi.lib.uchicago.edu/1001/org/ochre/92ec8a83-8917-4144-b348-95f1f547576d,2019 Photographs,Dataset contains photographs from 2019 excavation.,"OCHRE link: <a href=""https://pi.lib.uchicago.edu/1001/org/ochre/92ec8a83-8917-4144-b348-95f1f547576d"">https://pi.lib.uchicago.edu/1001/org/ochre/92ec8a83-8917-4144-b348-95f1f547576d</a>"
A19_34105.jpg,https://pi.lib.uchicago.edu/1001/org/ochre/6c4b8b83-ff6e-4c18-8369-0e10c3f1a2f1,2019 Photographs,Dataset contains photographs from 2019 excavation.,"OCHRE link: <a href=""https://pi.lib.uchicago.edu/1001/org/ochre/6c4b8b83-ff6e-4c18-8369-0e10c3f1a2f1"">https://pi.lib.uchicago.edu/1001/org/ochre/6c4b8b83-ff6e-4c18-8369-0e10c3f1a2f1</a>"
A19_34106.jpg,https://pi.lib.uchicago.edu/1001/org/ochre/076d158c-cde6-4e5a-8244-06337c37920b,2019 Photographs,Dataset contains photographs from 2019 excavation.,"OCHRE link: <a href=""https://pi.lib.uchicago.edu/1001/org/ochre/076d158c-cde6-4e5a-8244-06337c37920b"">https://pi.lib.uchicago.edu/1001/org/ochre/076d158c-cde6-4e5a-8244-06337c37920b</a>"
A19_34107.jpg,https://pi.lib.uchicago.edu/1001/org/ochre/6a954b16-d28e-4e93-af58-a1375047e293,2019 Photographs,Dataset contains photographs from 2019 excavation.,"OCHRE link: <a href=""https://pi.lib.uchicago.edu/1001/org/ochre/6a954b16-d28e-4e93-af58-a1375047e293"">https://pi.lib.uchicago.edu/1001/org/ochre/6a954b16-d28e-4e93-af58-a1375047e293</a>"
A19_34108.jpg,https://pi.lib.uchicago.edu/1001/org/ochre/df02efd1-8063-45b2-bf0f-5bb082fecf82,2019 Photographs,Dataset contains photographs from 2019 excavation.,"OCHRE link: <a href=""https://pi.lib.uchicago.edu/1001/org/ochre/df02efd1-8063-45b2-bf0f-5bb082fecf82"">https://pi.lib.uchicago.edu/1001/org/ochre/df02efd1-8063-45b2-bf0f-5bb082fecf82</a>"
A19_34109.jpg,https://pi.lib.uchicago.edu/1001/org/ochre/a9df7006-a878-42c2-8a6a-7d153787f3a1,2019 Photographs,Dataset contains photographs from 2019 excavation.,"OCHRE link: <a href=""https://pi.lib.uchicago.edu/1001/org/ochre/a9df7006-a878-42c2-8a6a-7d153787f3a1"">https://pi.lib.uchicago.edu/1001/org/ochre/a9df7006-a878-42c2-8a6a-7d153787f3a1</a>"
A19_34110.jpg,https://pi.lib.uchicago.edu/1001/org/ochre/570fba3e-fa3a-446d-948b-147bfd54e48e,2019 Photographs,Dataset contains photographs from 2019 excavation.,"OCHRE link: <a href=""https://pi.lib.uchicago.edu/1001/org/ochre/570fba3e-fa3a-446d-948b-147bfd54e48e"">https://pi.lib.uchicago.edu/1001/org/ochre/570fba3e-fa3a-446d-948b-147bfd54e48e</a>"
A19_34111.jpg,https://pi.lib.uchicago.edu/1001/org/ochre/8842cf7e-40cc-403a-b2ad-9c245a0d31d2,2019 Photographs,Dataset contains photographs from 2019 excavation.,"OCHRE link: <a href=""https://pi.lib.uchicago.edu/1001/org/ochre/8842cf7e-40cc-403a-b2ad-9c245a0d31d2"">https://pi.lib.uchicago.edu/1001/org/ochre/8842cf7e-40cc-403a-b2ad-9c245a0d31d2</a>"
A19_34112.jpg,https://pi.lib.uchicago.edu/1001/org/ochre/3cb29b3c-8874-49c0-b472-961477bd13ea,2019 Photographs,Dataset contains photographs from 2019 excavation.,"OCHRE link: <a href=""https://pi.lib.uchicago.edu/1001/org/ochre/3cb29b3c-8874-49c0-b472-961477bd13ea"">https://pi.lib.uchicago.edu/1001/org/ochre/3cb29b3c-8874-49c0-b472-961477bd13ea</a>"
A19_34113.jpg,https://pi.lib.uchicago.edu/1001/org/ochre/5103ddba-ff53-415b-aaa9-7b55e3b842ad,2019 Photographs,Dataset contains photographs from 2019 excavation.,"OCHRE link: <a href=""https://pi.lib.uchicago.edu/1001/org/ochre/5103ddba-ff53-415b-aaa9-7b55e3b842ad"">https://pi.lib.uchicago.edu/1001/org/ochre/5103ddba-ff53-415b-aaa9-7b55e3b842ad</a>"
A19_34114.jpg,https://pi.lib.uchicago.edu/1001/org/ochre/da3b808d-d12d-42d3-81ba-e89487fe3b89,2019 Photographs,Dataset contains photographs from 2019 excavation.,"OCHRE link: <a href=""https://pi.lib.uchicago.edu/1001/org/ochre/da3b808d-d12d-42d3-81ba-e89487fe3b89"">https://pi.lib.uchicago.edu/1001/org/ochre/da3b808d-d12d-42d3-81ba-e89487fe3b89</a>"
A19_34115.jpg,https://pi.lib.uchicago.edu/1001/org/ochre/c76073e4-590c-4676-8f86-3949bd5ee21a,2019 Photographs,Dataset contains photographs from 2019 excavation.,"OCHRE link: <a href=""https://pi.lib.uchicago.edu/1001/org/ochre/c76073e4-590c-4676-8f86-3949bd5ee21a"">https://pi.lib.uchicago.edu/1001/org/ochre/c76073e4-590c-4676-8f86-3949bd5ee21a</a>"
A19_34116.jpg,https://pi.lib.uchicago.edu/1001/org/ochre/78f35842-c350-4ad4-b6d7-7f09fadd2250,2019 Photographs,Dataset contains photographs from 2019 excavation.,"OCHRE link: <a href=""https://pi.lib.uchicago.edu/1001/org/ochre/78f35842-c350-4ad4-b6d7-7f09fadd2250"">https://pi.lib.uchicago.edu/1001/org/ochre/78f35842-c350-4ad4-b6d7-7f09fadd2250</a>"
A22_34117.jpg,https://pi.lib.uchicago.edu/1001/org/ochre/28281487-747b-4ae1-a710-7b33ad6ef6c3,2022 Photographs,Dataset contains photographs from 2022 excavation.,"OCHRE link: <a href=""https://pi.lib.uchicago.edu/1001/org/ochre/28281487-747b-4ae1-a710-7b33ad6ef6c3"">https://pi.lib.uchicago.edu/1001/org/ochre/28281487-747b-4ae1-a710-7b33ad6ef6c3</a>"
A22_34118.jpg,https://pi.lib.uchicago.edu/1001/org/ochre/441b11a2-aeee-4e28-ae8f-112c8c44d4a7,2022 Photographs,Dataset contains photographs from 2022 excavation.,"OCHRE link: <a href=""https://pi.lib.uchicago.edu/1001/org/ochre/441b11a2-aeee-4e28-ae8f-112c8c44d4a7"">https://pi.lib.uchicago.edu/1001/org/ochre/441b11a2-aeee-4e28-ae8f-112c8c44d4a7</a>"
A22_34119.jpg,https://pi.lib.uchicago.edu/1001/org/ochre/9ff455c2-e194-4c5c-90f1-18e6602d5206,2022 Photographs,Dataset contains photographs from 2022 excavation.,"OCHRE link: <a href=""https://pi.lib.uchicago.edu/1001/org/ochre/9ff455c2-e194-4c5c-90f1-18e6602d5206"">https://pi.lib.uchicago.edu/1001/org/ochre/9ff455c2-e194-4c5c-90f1-18e6602d5206</a>"
A22_34120.jpg,https://pi.lib.uchicago.edu/1001/org/ochre/158b129f-102f-46fd-bc21-b9e11173b787,2022 Photographs,Dataset contains photographs from 2022 excavation.,"OCHRE link: <a href=""https://pi.lib.uchicago.edu/1001/org/ochre/158b129f-102f-46fd-bc21-b9e11173b787"">https://pi.lib.uchicago.edu/1001/org/ochre/158b129f-102f-46fd-bc21-b9e11173b787</a>"
A22_34121.jpg,https://pi.lib.uchicago.edu/1001/org/ochre/67c1ebd5-36c0-4564-af82-b8c9f154ef27,2022 Photographs,Dataset contains photographs from 2022 excavation.,"OCHRE link: <a href=""https://pi.lib.uchicago.edu/1001/org/ochre/67c1ebd5-36c0-4564-af82-b8c9f154ef27"">https://pi.lib.uchicago.edu/1001/org/ochre/67c1ebd5-36c0-4564-af82-b8c9f154ef27</a>"
A22_34122.jpg,https://pi.lib.uchicago.edu/1001/org/ochre/370437d6-7cde-4171-bb59-f0a92849f3f5,2022 Photographs,Dataset contains photographs from 2022 excavation.,"OCHRE link: <a href=""https://pi.lib.uchicago.edu/1001/org/ochre/370437d6-7cde-4171-bb59-f0a92849f3f5"">https://pi.lib.uchicago.edu/1001/org/ochre/370437d6-7cde-4171-bb59-f0a92849f3f5</a>"
A22_34123.jpg,https://pi.lib.uchicago.edu/1001/org/ochre/10ba89d8-7084-4231-98b0-74de3dabc28c,2022 Photographs,Dataset contains photographs from 2022 excavation.,"OCHRE link: <a href=""https://pi.lib.uchicago.edu/1001/org/ochre/10ba89d8-7084-4231-98b0-74de3dabc28c"">https://pi.lib.uchicago.edu/1001/org/ochre/10ba89d8-7084-4231-98b0-74de3dabc28c</a>"
A22_34124.jpg,https://pi.lib.uchicago.edu/1001/org/ochre/aced14a2-bd03-470d-8814-821f9a6c3cd9,2022 Photographs,Dataset contains photographs from 2022 excavation.,"OCHRE link: <a href=""https://pi.lib.uchicago.edu/1001/org/ochre/aced14a2-bd03-470d-8814-821f9a6c3cd9"">https://pi.lib.uchicago.edu/1001/org/ochre/aced14a2-bd03-470d-8814-821f9a6c3cd9</a>"
A22_34125.jpg,https://pi.lib.uchicago.edu/1001/org/ochre/740c9b36-eb50-4763-b3a8-f0bdfcacfd02,2022 Photographs,Dataset contains photographs from 2022 excavation.,"OCHRE link: <a href=""https://pi.lib.uchicago.edu/1001/org/ochre/740c9b36-eb50-4763-b3a8-f0bdfcacfd02"">https://pi.lib.uchicago.edu/1001/org/ochre/740c9b36-eb50-4763-b3a8-f0bdfcacfd02</a>"
A22_34126.jpg,https://pi.lib.uchicago.edu/1001/org/ochre/befc9d75-c901-4c3b-9954-b64dade4dcaf,2022 Photographs,Dataset contains photographs from 2022 excavation.,"OCHRE link: <a href=""https://pi.lib.uchicago.edu/1001/org/ochre/befc9d75-c901-4c3b-9954-b64dade4dcaf"">https://pi.lib.uchicago.edu/1001/org/ochre/befc9d75-c901-4c3b-9954-b64dade4dcaf</a>"
A22_34127.jpg,https://pi.lib.uchicago.edu/1001/org/ochre/66e85db7-d921-4127-a081-1e78b23e7d88,2022 Photographs,Dataset contains photographs from 2022 excavation.,"OCHRE link: <a href=""https://pi.lib.uchicago.edu/1001/org/ochre/66e85db7-d921-4127-a081-1e78b23e7d88"">https://pi.lib.uchicago.edu/1001/org/ochre/66e85db7-d921-4127-a081-1e78b23e7d88</a>"
A22_34128.jpg,https://pi.lib.uchicago.edu/1001/org/ochre/684fe11b-9388-43d4-bd54-0088c663e0a4,2022 Photographs,Dataset contains photographs from 2022 excavation.,"OCHRE link: <a href=""https://pi.lib.uchicago.edu/1001/org/ochre/684fe11b-9388-43d4-bd54-0088c663e0a4"">https://pi.lib.uchicago.edu/1001/org/ochre/684fe11b-9388-43d4-bd54-0088c663e0a4</a>"
A22_34129.jpg,https://pi.lib.uchicago.edu/1001/org/ochre/8cb544d9-2fa8-4977-a408-798739a44f7b,2022 Photographs,Dataset contains photographs from 2022 excavation.,"OCHRE link: <a href=""https://pi.lib.uchicago.edu/1001/org/ochre/8cb544d9-2fa8-4977-a408-798739a44f7b"">https://pi.lib.uchicago.edu/1001/org/ochre/8cb544d9-2fa8-4977-a408-798739a44f7b</a>"
A22_34130.jpg,https://pi.lib.uchicago.edu/1001/org/ochre/91d1fc42-5755-4822-ac2c-3d540c460f5d,2022 Photographs,Dataset contains photographs from 2022 excavation.,"OCHRE link: <a href=""https://pi.lib.uchicago.edu/1001/org/ochre/91d1fc42-5755-4822-ac2c-3d540c460f5d"">https://pi.lib.uchicago.edu/1001/org/ochre/91d1fc42-5755-4822-ac2c-3d540c460f5d</a>"
A22_34131.jpg,https://pi.lib.uchicago.edu/1001/org/ochre/16bc2a60-6633-453f-a984-4cf5638626fd,2022 Photographs,Dataset contains photographs from 2022 excavation.,"OCHRE link: <a href=""https://pi.lib.uchicago.edu/1001/org/ochre/16bc2a60-6633-453f-a984-4cf5638626fd"">https://pi.lib.uchicago.edu/1001/org/ochre/16bc2a60-6633-453f-a984-4cf5638626fd</a>"
A22_34132.jpg,https://pi.lib.uchicago.edu/1001/org/ochre/7b23bcba-aeb8-478e-8920-6c275cc97fe1,2022 Photographs,Dataset contains photographs from 2022 excavation.,"OCHRE link: <a href=""https://pi.lib.uchicago.edu/1001/org/ochre/7b23bcba-aeb8-478e-8920-6c275cc97fe1"">https://pi.lib.uchicago.edu/1001/org/ochre/7b23bcba-aeb8-478e-8920-6c275cc97fe1</a>"
A22_34133.jpg,https://pi.lib.uchicago.edu/1001/org/ochre/75d90530-3407-4ff8-8ee9-060f27f929ab,2022 Photographs,Dataset contains photographs from 2022 excavation.,"OCHRE link: <a href=""https://pi.lib.uchicago.edu/1001/org/ochre/75d90530-3407-4ff8-8ee9-060f27f929ab"">https://pi.lib.uchicago.edu/1001/org/ochre/75d90530-3407-4ff8-8ee9-060f27f929ab</a>"
A22_34134.jpg,https://pi.lib.uchicago.edu/1001/org/ochre/8a4d5164-17fe-4bfc-b91a-6ba36a86580b,2022 Photographs,Dataset contains photographs from 2022 excavation.,"OCHRE link: <a href=""https://pi.lib.uchicago.edu/1001/org/ochre/8a4d5164-17fe-4bfc-b91a-6ba36a86580b"">https://pi.lib.uchicago.edu/1001/org/ochre/8a4d5164-17fe-4bfc-b91a-6ba36a86580b</a>"
A22_34135.jpg,https://pi.lib.uchicago.edu/1001/org/ochre/f4a72826-0fd1-42de-99e6-5b764311cf0e,2022 Photographs,Dataset contains photographs from 2022 excavation.,"OCHRE link: <a href=""https://pi.lib.uchicago.edu/1001/org/ochre/f4a72826-0fd1-42de-99e6-5b764311cf0e"">https://pi.lib.uchicago.edu/1001/org/ochre/f4a72826-0fd1-42de-99e6-5b764311cf0e</a>"
A22_34136.jpg,https://pi.lib.uchicago.edu/1001/org/ochre/1dffa69e-49b9-4704-b095-4e7d548a8fe8,2022 Photographs,Dataset contains photographs from 2022 excavation.,"OCHRE link: <a href=""https://pi.lib.uchicago.edu/1001/org/ochre/1dffa69e-49b9-4704-b095-4e7d548a8fe8"">https://pi.lib.uchicago.edu/1001/org/ochre/1dffa69e-49b9-4704-b095-4e7d548a8fe8</a>"
A22_34137.jpg,https://pi.lib.uchicago.edu/1001/org/ochre/2ada08ce-f0d3-43d8-b31c-bff72c078634,2022 Photographs,Dataset contains photographs from 2022 excavation.,"OCHRE link: <a href=""https://pi.lib.uchicago.edu/1001/org/ochre/2ada08ce-f0d3-43d8-b31c-bff72c078634"">https://pi.lib.uchicago.edu/1001/org/ochre/2ada08ce-f0d3-43d8-b31c-bff72c078634</a>"
A22_34138.jpg,https://pi.lib.uchicago.edu/1001/org/ochre/f2f3b28b-3e2a-48a5-8825-f597469b555f,2022 Photographs,Dataset contains photographs from 2022 excavation.,"OCHRE link: <a href=""https://pi.lib.uchicago.edu/1001/org/ochre/f2f3b28b-3e2a-48a5-8825-f597469b555f"">https://pi.lib.uchicago.edu/1001/org/ochre/f2f3b28b-3e2a-48a5-8825-f597469b555f</a>"
A22_34139.jpg,https://pi.lib.uchicago.edu/1001/org/ochre/a1b3a44d-aae0-449e-a6b7-4326ad0c6328,2022 Photographs,Dataset contains photographs from 2022 excavation.,"OCHRE link: <a href=""https://pi.lib.uchicago.edu/1001/org/ochre/a1b3a44d-aae0-449e-a6b7-4326ad0c6328"">https://pi.lib.uchicago.edu/1001/org/ochre/a1b3a44d-aae0-449e-a6b7-4326ad0c6328</a>"
A22_34140.jpg,https://pi.lib.uchicago.edu/1001/org/ochre/8091c839-ad4f-491e-a403-430a95cdd538,2022 Photographs,Dataset contains photographs from 2022 excavation.,"OCHRE link: <a href=""https://pi.lib.uchicago.edu/1001/org/ochre/8091c839-ad4f-491e-a403-430a95cdd538"">https://pi.lib.uchicago.edu/1001/org/ochre/8091c839-ad4f-491e-a403-430a95cdd538</a>"
A22_34141.jpg,https://pi.lib.uchicago.edu/1001/org/ochre/bcccdfa1-c558-4edc-bb61-4d5d626e0288,2022 Photographs,Dataset contains photographs from 2022 excavation.,"OCHRE link: <a href=""https://pi.lib.uchicago.edu/1001/org/ochre/bcccdfa1-c558-4edc-bb61-4d5d626e0288"">https://pi.lib.uchicago.edu/1001/org/ochre/bcccdfa1-c558-4edc-bb61-4d5d626e0288</a>"
A22_34142.jpg,https://pi.lib.uchicago.edu/1001/org/ochre/64da1fa6-cfdc-4ffa-8e82-3eb67de2e718,2022 Photographs,Dataset contains photographs from 2022 excavation.,"OCHRE link: <a href=""https://pi.lib.uchicago.edu/1001/org/ochre/64da1fa6-cfdc-4ffa-8e82-3eb67de2e718"">https://pi.lib.uchicago.edu/1001/org/ochre/64da1fa6-cfdc-4ffa-8e82-3eb67de2e718</a>"
A22_34143.jpg,https://pi.lib.uchicago.edu/1001/org/ochre/85d0406e-e586-4b78-a630-66adfc530a1e,2022 Photographs,Dataset contains photographs from 2022 excavation.,"OCHRE link: <a href=""https://pi.lib.uchicago.edu/1001/org/ochre/85d0406e-e586-4b78-a630-66adfc530a1e"">https://pi.lib.uchicago.edu/1001/org/ochre/85d0406e-e586-4b78-a630-66adfc530a1e</a>"
A22_34144.jpg,https://pi.lib.uchicago.edu/1001/org/ochre/dc73fab6-7e50-4194-bbcc-b4786dc4be05,2022 Photographs,Dataset contains photographs from 2022 excavation.,"OCHRE link: <a href=""https://pi.lib.uchicago.edu/1001/org/ochre/dc73fab6-7e50-4194-bbcc-b4786dc4be05"">https://pi.lib.uchicago.edu/1001/org/ochre/dc73fab6-7e50-4194-bbcc-b4786dc4be05</a>"
A22_34145.jpg,https://pi.lib.uchicago.edu/1001/org/ochre/51cf08b1-f277-4de6-ae80-97abb3665066,2022 Photographs,Dataset contains photographs from 2022 excavation.,"OCHRE link: <a href=""https://pi.lib.uchicago.edu/1001/org/ochre/51cf08b1-f277-4de6-ae80-97abb3665066"">https://pi.lib.uchicago.edu/1001/org/ochre/51cf08b1-f277-4de6-ae80-97abb3665066</a>"
A22_34146.jpg,https://pi.lib.uchicago.edu/1001/org/ochre/bd88e522-8329-48a0-ac4b-98fc8db38df9,2022 Photographs,Dataset contains photographs from 2022 excavation.,"OCHRE link: <a href=""https://pi.lib.uchicago.edu/1001/org/ochre/bd88e522-8329-48a0-ac4b-98fc8db38df9"">https://pi.lib.uchicago.edu/1001/org/ochre/bd88e522-8329-48a0-ac4b-98fc8db38df9</a>"
A22_34147.jpg,https://pi.lib.uchicago.edu/1001/org/ochre/88930db0-ba17-4293-a669-ac62a109426e,2022 Photographs,Dataset contains photographs from 2022 excavation.,"OCHRE link: <a href=""https://pi.lib.uchicago.edu/1001/org/ochre/88930db0-ba17-4293-a669-ac62a109426e"">https://pi.lib.uchicago.edu/1001/org/ochre/88930db0-ba17-4293-a669-ac62a109426e</a>"
A22_34148.jpg,https://pi.lib.uchicago.edu/1001/org/ochre/92a1defb-322e-41fd-b7bf-b0b199b14809,2022 Photographs,Dataset contains photographs from 2022 excavation.,"OCHRE link: <a href=""https://pi.lib.uchicago.edu/1001/org/ochre/92a1defb-322e-41fd-b7bf-b0b199b14809"">https://pi.lib.uchicago.edu/1001/org/ochre/92a1defb-322e-41fd-b7bf-b0b199b14809</a>"
A22_34149.jpg,https://pi.lib.uchicago.edu/1001/org/ochre/a21298cd-f119-498d-8370-a123f5076b95,2022 Photographs,Dataset contains photographs from 2022 excavation.,"OCHRE link: <a href=""https://pi.lib.uchicago.edu/1001/org/ochre/a21298cd-f119-498d-8370-a123f5076b95"">https://pi.lib.uchicago.edu/1001/org/ochre/a21298cd-f119-498d-8370-a123f5076b95</a>"
A22_34150.jpg,https://pi.lib.uchicago.edu/1001/org/ochre/89ff151c-27ae-4a73-857a-96dc188547eb,2022 Photographs,Dataset contains photographs from 2022 excavation.,"OCHRE link: <a href=""https://pi.lib.uchicago.edu/1001/org/ochre/89ff151c-27ae-4a73-857a-96dc188547eb"">https://pi.lib.uchicago.edu/1001/org/ochre/89ff151c-27ae-4a73-857a-96dc188547eb</a>"
A22_34151.jpg,https://pi.lib.uchicago.edu/1001/org/ochre/f6bd8be1-cc40-4961-8aad-47bd18664279,2022 Photographs,Dataset contains photographs from 2022 excavation.,"OCHRE link: <a href=""https://pi.lib.uchicago.edu/1001/org/ochre/f6bd8be1-cc40-4961-8aad-47bd18664279"">https://pi.lib.uchicago.edu/1001/org/ochre/f6bd8be1-cc40-4961-8aad-47bd18664279</a>"
A22_34152.jpg,https://pi.lib.uchicago.edu/1001/org/ochre/552f97bb-4b71-4ed3-ae63-23a8fff8ae57,2022 Photographs,Dataset contains photographs from 2022 excavation.,"OCHRE link: <a href=""https://pi.lib.uchicago.edu/1001/org/ochre/552f97bb-4b71-4ed3-ae63-23a8fff8ae57"">https://pi.lib.uchicago.edu/1001/org/ochre/552f97bb-4b71-4ed3-ae63-23a8fff8ae57</a>"
A22_34153.jpg,https://pi.lib.uchicago.edu/1001/org/ochre/a7f3b575-e4de-4052-bd4e-05921aa06e57,2022 Photographs,Dataset contains photographs from 2022 excavation.,"OCHRE link: <a href=""https://pi.lib.uchicago.edu/1001/org/ochre/a7f3b575-e4de-4052-bd4e-05921aa06e57"">https://pi.lib.uchicago.edu/1001/org/ochre/a7f3b575-e4de-4052-bd4e-05921aa06e57</a>"
A22_34154.jpg,https://pi.lib.uchicago.edu/1001/org/ochre/6e37c347-4b56-4303-bc34-9f53b9b1bad2,2022 Photographs,Dataset contains photographs from 2022 excavation.,"OCHRE link: <a href=""https://pi.lib.uchicago.edu/1001/org/ochre/6e37c347-4b56-4303-bc34-9f53b9b1bad2"">https://pi.lib.uchicago.edu/1001/org/ochre/6e37c347-4b56-4303-bc34-9f53b9b1bad2</a>"
A22_34155.jpg,https://pi.lib.uchicago.edu/1001/org/ochre/08a81091-6169-413c-8bbf-e30b8700e67c,2022 Photographs,Dataset contains photographs from 2022 excavation.,"OCHRE link: <a href=""https://pi.lib.uchicago.edu/1001/org/ochre/08a81091-6169-413c-8bbf-e30b8700e67c"">https://pi.lib.uchicago.edu/1001/org/ochre/08a81091-6169-413c-8bbf-e30b8700e67c</a>"
A22_34156.jpg,https://pi.lib.uchicago.edu/1001/org/ochre/d46edfab-858a-4650-811e-614793930e23,2022 Photographs,Dataset contains photographs from 2022 excavation.,"OCHRE link: <a href=""https://pi.lib.uchicago.edu/1001/org/ochre/d46edfab-858a-4650-811e-614793930e23"">https://pi.lib.uchicago.edu/1001/org/ochre/d46edfab-858a-4650-811e-614793930e23</a>"
A22_34157.jpg,https://pi.lib.uchicago.edu/1001/org/ochre/0790fda8-54d9-4d05-a05e-604a14147da8,2022 Photographs,Dataset contains photographs from 2022 excavation.,"OCHRE link: <a href=""https://pi.lib.uchicago.edu/1001/org/ochre/0790fda8-54d9-4d05-a05e-604a14147da8"">https://pi.lib.uchicago.edu/1001/org/ochre/0790fda8-54d9-4d05-a05e-604a14147da8</a>"
A22_34158.jpg,https://pi.lib.uchicago.edu/1001/org/ochre/f20d90fa-47e1-4a39-a5b3-44be8b2b4648,2022 Photographs,Dataset contains photographs from 2022 excavation.,"OCHRE link: <a href=""https://pi.lib.uchicago.edu/1001/org/ochre/f20d90fa-47e1-4a39-a5b3-44be8b2b4648"">https://pi.lib.uchicago.edu/1001/org/ochre/f20d90fa-47e1-4a39-a5b3-44be8b2b4648</a>"
A22_34159.jpg,https://pi.lib.uchicago.edu/1001/org/ochre/3d7c8241-e94f-4602-93ab-11a933a0410b,2022 Photographs,Dataset contains photographs from 2022 excavation.,"OCHRE link: <a href=""https://pi.lib.uchicago.edu/1001/org/ochre/3d7c8241-e94f-4602-93ab-11a933a0410b"">https://pi.lib.uchicago.edu/1001/org/ochre/3d7c8241-e94f-4602-93ab-11a933a0410b</a>"
A22_34160.jpg,https://pi.lib.uchicago.edu/1001/org/ochre/a8c38c9d-c340-48aa-92e5-9146b1cad7eb,2022 Photographs,Dataset contains photographs from 2022 excavation.,"OCHRE link: <a href=""https://pi.lib.uchicago.edu/1001/org/ochre/a8c38c9d-c340-48aa-92e5-9146b1cad7eb"">https://pi.lib.uchicago.edu/1001/org/ochre/a8c38c9d-c340-48aa-92e5-9146b1cad7eb</a>"
A22_34161.jpg,https://pi.lib.uchicago.edu/1001/org/ochre/a689e006-f932-4e72-959c-e7555b181d5e,2022 Photographs,Dataset contains photographs from 2022 excavation.,"OCHRE link: <a href=""https://pi.lib.uchicago.edu/1001/org/ochre/a689e006-f932-4e72-959c-e7555b181d5e"">https://pi.lib.uchicago.edu/1001/org/ochre/a689e006-f932-4e72-959c-e7555b181d5e</a>"
A22_34162.jpg,https://pi.lib.uchicago.edu/1001/org/ochre/83c96541-75dc-4c7e-b498-882ba5fb3d04,2022 Photographs,Dataset contains photographs from 2022 excavation.,"OCHRE link: <a href=""https://pi.lib.uchicago.edu/1001/org/ochre/83c96541-75dc-4c7e-b498-882ba5fb3d04"">https://pi.lib.uchicago.edu/1001/org/ochre/83c96541-75dc-4c7e-b498-882ba5fb3d04</a>"
A22_34163.jpg,https://pi.lib.uchicago.edu/1001/org/ochre/c881e2b5-dd7c-4236-a3be-5e58efd34c5c,2022 Photographs,Dataset contains photographs from 2022 excavation.,"OCHRE link: <a href=""https://pi.lib.uchicago.edu/1001/org/ochre/c881e2b5-dd7c-4236-a3be-5e58efd34c5c"">https://pi.lib.uchicago.edu/1001/org/ochre/c881e2b5-dd7c-4236-a3be-5e58efd34c5c</a>"
A22_34164.jpg,https://pi.lib.uchicago.edu/1001/org/ochre/76221d06-b6ad-4238-b5fe-4f0713eae508,2022 Photographs,Dataset contains photographs from 2022 excavation.,"OCHRE link: <a href=""https://pi.lib.uchicago.edu/1001/org/ochre/76221d06-b6ad-4238-b5fe-4f0713eae508"">https://pi.lib.uchicago.edu/1001/org/ochre/76221d06-b6ad-4238-b5fe-4f0713eae508</a>"
A22_34165.jpg,https://pi.lib.uchicago.edu/1001/org/ochre/e4ad3fc8-a83b-417b-bac5-e3e76db34ea0,2022 Photographs,Dataset contains photographs from 2022 excavation.,"OCHRE link: <a href=""https://pi.lib.uchicago.edu/1001/org/ochre/e4ad3fc8-a83b-417b-bac5-e3e76db34ea0"">https://pi.lib.uchicago.edu/1001/org/ochre/e4ad3fc8-a83b-417b-bac5-e3e76db34ea0</a>"
A22_34166.jpg,https://pi.lib.uchicago.edu/1001/org/ochre/46f6447f-e877-4e8e-9149-260f608989d6,2022 Photographs,Dataset contains photographs from 2022 excavation.,"OCHRE link: <a href=""https://pi.lib.uchicago.edu/1001/org/ochre/46f6447f-e877-4e8e-9149-260f608989d6"">https://pi.lib.uchicago.edu/1001/org/ochre/46f6447f-e877-4e8e-9149-260f608989d6</a>"
A22_34167.jpg,https://pi.lib.uchicago.edu/1001/org/ochre/5fb20caa-6030-4c9a-ac2c-d02a337f5161,2022 Photographs,Dataset contains photographs from 2022 excavation.,"OCHRE link: <a href=""https://pi.lib.uchicago.edu/1001/org/ochre/5fb20caa-6030-4c9a-ac2c-d02a337f5161"">https://pi.lib.uchicago.edu/1001/org/ochre/5fb20caa-6030-4c9a-ac2c-d02a337f5161</a>"
A22_34168.jpg,https://pi.lib.uchicago.edu/1001/org/ochre/d0fb094e-68a9-4631-9522-280716207403,2022 Photographs,Dataset contains photographs from 2022 excavation.,"OCHRE link: <a href=""https://pi.lib.uchicago.edu/1001/org/ochre/d0fb094e-68a9-4631-9522-280716207403"">https://pi.lib.uchicago.edu/1001/org/ochre/d0fb094e-68a9-4631-9522-280716207403</a>"
A22_34169.jpg,https://pi.lib.uchicago.edu/1001/org/ochre/694ca3e1-742c-4cd2-8ed3-20785b65b585,2022 Photographs,Dataset contains photographs from 2022 excavation.,"OCHRE link: <a href=""https://pi.lib.uchicago.edu/1001/org/ochre/694ca3e1-742c-4cd2-8ed3-20785b65b585"">https://pi.lib.uchicago.edu/1001/org/ochre/694ca3e1-742c-4cd2-8ed3-20785b65b585</a>"
A22_34170.jpg,https://pi.lib.uchicago.edu/1001/org/ochre/b3874045-8843-4e72-8f0a-2ee55927f2c6,2022 Photographs,Dataset contains photographs from 2022 excavation.,"OCHRE link: <a href=""https://pi.lib.uchicago.edu/1001/org/ochre/b3874045-8843-4e72-8f0a-2ee55927f2c6"">https://pi.lib.uchicago.edu/1001/org/ochre/b3874045-8843-4e72-8f0a-2ee55927f2c6</a>"
A22_34171.jpg,https://pi.lib.uchicago.edu/1001/org/ochre/af8e7a05-dc42-4313-a1a5-ee80c2e5eebd,2022 Photographs,Dataset contains photographs from 2022 excavation.,"OCHRE link: <a href=""https://pi.lib.uchicago.edu/1001/org/ochre/af8e7a05-dc42-4313-a1a5-ee80c2e5eebd"">https://pi.lib.uchicago.edu/1001/org/ochre/af8e7a05-dc42-4313-a1a5-ee80c2e5eebd</a>"
A22_34172.jpg,https://pi.lib.uchicago.edu/1001/org/ochre/67239c90-7c36-4510-8b2a-e0fedf164db0,2022 Photographs,Dataset contains photographs from 2022 excavation.,"OCHRE link: <a href=""https://pi.lib.uchicago.edu/1001/org/ochre/67239c90-7c36-4510-8b2a-e0fedf164db0"">https://pi.lib.uchicago.edu/1001/org/ochre/67239c90-7c36-4510-8b2a-e0fedf164db0</a>"
A22_34173.jpg,https://pi.lib.uchicago.edu/1001/org/ochre/27a7a940-19ae-4ba7-89a2-e7214263c0fc,2022 Photographs,Dataset contains photographs from 2022 excavation.,"OCHRE link: <a href=""https://pi.lib.uchicago.edu/1001/org/ochre/27a7a940-19ae-4ba7-89a2-e7214263c0fc"">https://pi.lib.uchicago.edu/1001/org/ochre/27a7a940-19ae-4ba7-89a2-e7214263c0fc</a>"
A22_34174.jpg,https://pi.lib.uchicago.edu/1001/org/ochre/f0526977-5e88-4d42-ba50-e8f7ffc3feaa,2022 Photographs,Dataset contains photographs from 2022 excavation.,"OCHRE link: <a href=""https://pi.lib.uchicago.edu/1001/org/ochre/f0526977-5e88-4d42-ba50-e8f7ffc3feaa"">https://pi.lib.uchicago.edu/1001/org/ochre/f0526977-5e88-4d42-ba50-e8f7ffc3feaa</a>"
A22_34175.jpg,https://pi.lib.uchicago.edu/1001/org/ochre/23f65e12-696e-4364-a63c-8cba703a3108,2022 Photographs,Dataset contains photographs from 2022 excavation.,"OCHRE link: <a href=""https://pi.lib.uchicago.edu/1001/org/ochre/23f65e12-696e-4364-a63c-8cba703a3108"">https://pi.lib.uchicago.edu/1001/org/ochre/23f65e12-696e-4364-a63c-8cba703a3108</a>"
A22_34176.jpg,https://pi.lib.uchicago.edu/1001/org/ochre/d716efcb-c233-45bf-9618-db1c8ce88760,2022 Photographs,Dataset contains photographs from 2022 excavation.,"OCHRE link: <a href=""https://pi.lib.uchicago.edu/1001/org/ochre/d716efcb-c233-45bf-9618-db1c8ce88760"">https://pi.lib.uchicago.edu/1001/org/ochre/d716efcb-c233-45bf-9618-db1c8ce88760</a>"
A22_34177.jpg,https://pi.lib.uchicago.edu/1001/org/ochre/46ef50cb-ccd5-41cb-a5f6-3bddd498502b,2022 Photographs,Dataset contains photographs from 2022 excavation.,"OCHRE link: <a href=""https://pi.lib.uchicago.edu/1001/org/ochre/46ef50cb-ccd5-41cb-a5f6-3bddd498502b"">https://pi.lib.uchicago.edu/1001/org/ochre/46ef50cb-ccd5-41cb-a5f6-3bddd498502b</a>"
A22_34178.jpg,https://pi.lib.uchicago.edu/1001/org/ochre/dab65ac6-ce32-4f82-83ce-62158123a853,2022 Photographs,Dataset contains photographs from 2022 excavation.,"OCHRE link: <a href=""https://pi.lib.uchicago.edu/1001/org/ochre/dab65ac6-ce32-4f82-83ce-62158123a853"">https://pi.lib.uchicago.edu/1001/org/ochre/dab65ac6-ce32-4f82-83ce-62158123a853</a>"
A22_34179.jpg,https://pi.lib.uchicago.edu/1001/org/ochre/68242d1d-ea4f-4449-b23e-319e10ad7133,2022 Photographs,Dataset contains photographs from 2022 excavation.,"OCHRE link: <a href=""https://pi.lib.uchicago.edu/1001/org/ochre/68242d1d-ea4f-4449-b23e-319e10ad7133"">https://pi.lib.uchicago.edu/1001/org/ochre/68242d1d-ea4f-4449-b23e-319e10ad7133</a>"
A22_34180.jpg,https://pi.lib.uchicago.edu/1001/org/ochre/b19bbd30-20c1-4dad-abc9-42388c25b14e,2022 Photographs,Dataset contains photographs from 2022 excavation.,"OCHRE link: <a href=""https://pi.lib.uchicago.edu/1001/org/ochre/b19bbd30-20c1-4dad-abc9-42388c25b14e"">https://pi.lib.uchicago.edu/1001/org/ochre/b19bbd30-20c1-4dad-abc9-42388c25b14e</a>"
A22_34181.jpg,https://pi.lib.uchicago.edu/1001/org/ochre/a48c14f0-bf88-4e94-8421-0f7a49f5c0b7,2022 Photographs,Dataset contains photographs from 2022 excavation.,"OCHRE link: <a href=""https://pi.lib.uchicago.edu/1001/org/ochre/a48c14f0-bf88-4e94-8421-0f7a49f5c0b7"">https://pi.lib.uchicago.edu/1001/org/ochre/a48c14f0-bf88-4e94-8421-0f7a49f5c0b7</a>"
A22_34182.jpg,https://pi.lib.uchicago.edu/1001/org/ochre/9c282ea2-e619-4f7a-8119-9f2d72ac6d63,2022 Photographs,Dataset contains photographs from 2022 excavation.,"OCHRE link: <a href=""https://pi.lib.uchicago.edu/1001/org/ochre/9c282ea2-e619-4f7a-8119-9f2d72ac6d63"">https://pi.lib.uchicago.edu/1001/org/ochre/9c282ea2-e619-4f7a-8119-9f2d72ac6d63</a>"
A22_34183.jpg,https://pi.lib.uchicago.edu/1001/org/ochre/04aacc40-45b4-4fc1-a163-bd53d7bd3ede,2022 Photographs,Dataset contains photographs from 2022 excavation.,"OCHRE link: <a href=""https://pi.lib.uchicago.edu/1001/org/ochre/04aacc40-45b4-4fc1-a163-bd53d7bd3ede"">https://pi.lib.uchicago.edu/1001/org/ochre/04aacc40-45b4-4fc1-a163-bd53d7bd3ede</a>"
A22_34184.jpg,https://pi.lib.uchicago.edu/1001/org/ochre/68b8ec3e-4f77-4d43-85e7-4ee2d539f533,2022 Photographs,Dataset contains photographs from 2022 excavation.,"OCHRE link: <a href=""https://pi.lib.uchicago.edu/1001/org/ochre/68b8ec3e-4f77-4d43-85e7-4ee2d539f533"">https://pi.lib.uchicago.edu/1001/org/ochre/68b8ec3e-4f77-4d43-85e7-4ee2d539f533</a>"
A22_34185.jpg,https://pi.lib.uchicago.edu/1001/org/ochre/b0708134-c34a-4112-b19a-9581c24b0643,2022 Photographs,Dataset contains photographs from 2022 excavation.,"OCHRE link: <a href=""https://pi.lib.uchicago.edu/1001/org/ochre/b0708134-c34a-4112-b19a-9581c24b0643"">https://pi.lib.uchicago.edu/1001/org/ochre/b0708134-c34a-4112-b19a-9581c24b0643</a>"
A22_34186.jpg,https://pi.lib.uchicago.edu/1001/org/ochre/1b7a8edd-4340-493a-bc93-bd8cfe23df6a,2022 Photographs,Dataset contains photographs from 2022 excavation.,"OCHRE link: <a href=""https://pi.lib.uchicago.edu/1001/org/ochre/1b7a8edd-4340-493a-bc93-bd8cfe23df6a"">https://pi.lib.uchicago.edu/1001/org/ochre/1b7a8edd-4340-493a-bc93-bd8cfe23df6a</a>"
A22_34187.jpg,https://pi.lib.uchicago.edu/1001/org/ochre/b34dd5ef-0727-4893-a01d-9ec5fa204b9a,2022 Photographs,Dataset contains photographs from 2022 excavation.,"OCHRE link: <a href=""https://pi.lib.uchicago.edu/1001/org/ochre/b34dd5ef-0727-4893-a01d-9ec5fa204b9a"">https://pi.lib.uchicago.edu/1001/org/ochre/b34dd5ef-0727-4893-a01d-9ec5fa204b9a</a>"
A22_34188.jpg,https://pi.lib.uchicago.edu/1001/org/ochre/8691322d-b8da-4e08-a4be-3c2df6f530b8,2022 Photographs,Dataset contains photographs from 2022 excavation.,"OCHRE link: <a href=""https://pi.lib.uchicago.edu/1001/org/ochre/8691322d-b8da-4e08-a4be-3c2df6f530b8"">https://pi.lib.uchicago.edu/1001/org/ochre/8691322d-b8da-4e08-a4be-3c2df6f530b8</a>"
A22_34189.jpg,https://pi.lib.uchicago.edu/1001/org/ochre/535bb0bd-48c9-430a-b5d1-e61c297350e0,2022 Photographs,Dataset contains photographs from 2022 excavation.,"OCHRE link: <a href=""https://pi.lib.uchicago.edu/1001/org/ochre/535bb0bd-48c9-430a-b5d1-e61c297350e0"">https://pi.lib.uchicago.edu/1001/org/ochre/535bb0bd-48c9-430a-b5d1-e61c297350e0</a>"
A22_34190.jpg,https://pi.lib.uchicago.edu/1001/org/ochre/27f65da9-b322-4562-a950-338d736f0b2d,2022 Photographs,Dataset contains photographs from 2022 excavation.,"OCHRE link: <a href=""https://pi.lib.uchicago.edu/1001/org/ochre/27f65da9-b322-4562-a950-338d736f0b2d"">https://pi.lib.uchicago.edu/1001/org/ochre/27f65da9-b322-4562-a950-338d736f0b2d</a>"
A22_34191.jpg,https://pi.lib.uchicago.edu/1001/org/ochre/92dec5e6-381e-4b08-a85c-5944ef0d809d,2022 Photographs,Dataset contains photographs from 2022 excavation.,"OCHRE link: <a href=""https://pi.lib.uchicago.edu/1001/org/ochre/92dec5e6-381e-4b08-a85c-5944ef0d809d"">https://pi.lib.uchicago.edu/1001/org/ochre/92dec5e6-381e-4b08-a85c-5944ef0d809d</a>"
A22_34192.jpg,https://pi.lib.uchicago.edu/1001/org/ochre/0ec5182f-aa3e-444d-a1cd-fc3ed0451dcb,2022 Photographs,Dataset contains photographs from 2022 excavation.,"OCHRE link: <a href=""https://pi.lib.uchicago.edu/1001/org/ochre/0ec5182f-aa3e-444d-a1cd-fc3ed0451dcb"">https://pi.lib.uchicago.edu/1001/org/ochre/0ec5182f-aa3e-444d-a1cd-fc3ed0451dcb</a>"
A22_34193.jpg,https://pi.lib.uchicago.edu/1001/org/ochre/1fb3e97e-9198-4646-8089-83b4b026f86a,2022 Photographs,Dataset contains photographs from 2022 excavation.,"OCHRE link: <a href=""https://pi.lib.uchicago.edu/1001/org/ochre/1fb3e97e-9198-4646-8089-83b4b026f86a"">https://pi.lib.uchicago.edu/1001/org/ochre/1fb3e97e-9198-4646-8089-83b4b026f86a</a>"
A22_34194.jpg,https://pi.lib.uchicago.edu/1001/org/ochre/08a3ad47-2403-46d0-8af5-2c792cdab984,2022 Photographs,Dataset contains photographs from 2022 excavation.,"OCHRE link: <a href=""https://pi.lib.uchicago.edu/1001/org/ochre/08a3ad47-2403-46d0-8af5-2c792cdab984"">https://pi.lib.uchicago.edu/1001/org/ochre/08a3ad47-2403-46d0-8af5-2c792cdab984</a>"
A22_34195.jpg,https://pi.lib.uchicago.edu/1001/org/ochre/e6409af1-c8a9-4a56-9ac1-5455da6c454e,2022 Photographs,Dataset contains photographs from 2022 excavation.,"OCHRE link: <a href=""https://pi.lib.uchicago.edu/1001/org/ochre/e6409af1-c8a9-4a56-9ac1-5455da6c454e"">https://pi.lib.uchicago.edu/1001/org/ochre/e6409af1-c8a9-4a56-9ac1-5455da6c454e</a>"
A22_34196.jpg,https://pi.lib.uchicago.edu/1001/org/ochre/86fc340e-7768-4a8e-8b1d-a787b353ddb0,2022 Photographs,Dataset contains photographs from 2022 excavation.,"OCHRE link: <a href=""https://pi.lib.uchicago.edu/1001/org/ochre/86fc340e-7768-4a8e-8b1d-a787b353ddb0"">https://pi.lib.uchicago.edu/1001/org/ochre/86fc340e-7768-4a8e-8b1d-a787b353ddb0</a>"
A22_34197.jpg,https://pi.lib.uchicago.edu/1001/org/ochre/fbacd7b4-6260-452c-be94-1517b81e28f4,2022 Photographs,Dataset contains photographs from 2022 excavation.,"OCHRE link: <a href=""https://pi.lib.uchicago.edu/1001/org/ochre/fbacd7b4-6260-452c-be94-1517b81e28f4"">https://pi.lib.uchicago.edu/1001/org/ochre/fbacd7b4-6260-452c-be94-1517b81e28f4</a>"
A22_34198.jpg,https://pi.lib.uchicago.edu/1001/org/ochre/a4127d09-6632-41bb-ae38-aaae394cf4f7,2022 Photographs,Dataset contains photographs from 2022 excavation.,"OCHRE link: <a href=""https://pi.lib.uchicago.edu/1001/org/ochre/a4127d09-6632-41bb-ae38-aaae394cf4f7"">https://pi.lib.uchicago.edu/1001/org/ochre/a4127d09-6632-41bb-ae38-aaae394cf4f7</a>"
A22_34199.jpg,https://pi.lib.uchicago.edu/1001/org/ochre/cf818eeb-3a99-41f8-9782-32e92e672fc0,2022 Photographs,Dataset contains photographs from 2022 excavation.,"OCHRE link: <a href=""https://pi.lib.uchicago.edu/1001/org/ochre/cf818eeb-3a99-41f8-9782-32e92e672fc0"">https://pi.lib.uchicago.edu/1001/org/ochre/cf818eeb-3a99-41f8-9782-32e92e672fc0</a>"
A22_34200.jpg,https://pi.lib.uchicago.edu/1001/org/ochre/22016031-f3e7-492a-b1a7-d0779e6d00cd,2022 Photographs,Dataset contains photographs from 2022 excavation.,"OCHRE link: <a href=""https://pi.lib.uchicago.edu/1001/org/ochre/22016031-f3e7-492a-b1a7-d0779e6d00cd"">https://pi.lib.uchicago.edu/1001/org/ochre/22016031-f3e7-492a-b1a7-d0779e6d00cd</a>"
A22_34201.jpg,https://pi.lib.uchicago.edu/1001/org/ochre/e73929be-f2b4-49ab-83da-90b032972577,2022 Photographs,Dataset contains photographs from 2022 excavation.,"OCHRE link: <a href=""https://pi.lib.uchicago.edu/1001/org/ochre/e73929be-f2b4-49ab-83da-90b032972577"">https://pi.lib.uchicago.edu/1001/org/ochre/e73929be-f2b4-49ab-83da-90b032972577</a>"
A22_34202.jpg,https://pi.lib.uchicago.edu/1001/org/ochre/eb04922e-c8ee-491e-aea2-801ec8b047ad,2022 Photographs,Dataset contains photographs from 2022 excavation.,"OCHRE link: <a href=""https://pi.lib.uchicago.edu/1001/org/ochre/eb04922e-c8ee-491e-aea2-801ec8b047ad"">https://pi.lib.uchicago.edu/1001/org/ochre/eb04922e-c8ee-491e-aea2-801ec8b047ad</a>"
A22_34203.jpg,https://pi.lib.uchicago.edu/1001/org/ochre/38a2001b-fd2f-43f4-8915-106726c9f987,2022 Photographs,Dataset contains photographs from 2022 excavation.,"OCHRE link: <a href=""https://pi.lib.uchicago.edu/1001/org/ochre/38a2001b-fd2f-43f4-8915-106726c9f987"">https://pi.lib.uchicago.edu/1001/org/ochre/38a2001b-fd2f-43f4-8915-106726c9f987</a>"
A22_34204.jpg,https://pi.lib.uchicago.edu/1001/org/ochre/bebd9148-c196-4bfe-b43e-aca48f4db228,2022 Photographs,Dataset contains photographs from 2022 excavation.,"OCHRE link: <a href=""https://pi.lib.uchicago.edu/1001/org/ochre/bebd9148-c196-4bfe-b43e-aca48f4db228"">https://pi.lib.uchicago.edu/1001/org/ochre/bebd9148-c196-4bfe-b43e-aca48f4db228</a>"
A22_34205.jpg,https://pi.lib.uchicago.edu/1001/org/ochre/8c630df9-01c3-4a73-bddc-351b37f65048,2022 Photographs,Dataset contains photographs from 2022 excavation.,"OCHRE link: <a href=""https://pi.lib.uchicago.edu/1001/org/ochre/8c630df9-01c3-4a73-bddc-351b37f65048"">https://pi.lib.uchicago.edu/1001/org/ochre/8c630df9-01c3-4a73-bddc-351b37f65048</a>"
A22_34206.jpg,https://pi.lib.uchicago.edu/1001/org/ochre/e0e5f748-710c-47cc-81bb-0aed12cff8e1,2022 Photographs,Dataset contains photographs from 2022 excavation.,"OCHRE link: <a href=""https://pi.lib.uchicago.edu/1001/org/ochre/e0e5f748-710c-47cc-81bb-0aed12cff8e1"">https://pi.lib.uchicago.edu/1001/org/ochre/e0e5f748-710c-47cc-81bb-0aed12cff8e1</a>"
A22_34207.jpg,https://pi.lib.uchicago.edu/1001/org/ochre/e5de6dc7-911a-4319-a0e0-fb6ede86cf3f,2022 Photographs,Dataset contains photographs from 2022 excavation.,"OCHRE link: <a href=""https://pi.lib.uchicago.edu/1001/org/ochre/e5de6dc7-911a-4319-a0e0-fb6ede86cf3f"">https://pi.lib.uchicago.edu/1001/org/ochre/e5de6dc7-911a-4319-a0e0-fb6ede86cf3f</a>"
A22_34208.jpg,https://pi.lib.uchicago.edu/1001/org/ochre/a956646a-0252-4b1a-8298-0e75e11114e3,2022 Photographs,Dataset contains photographs from 2022 excavation.,"OCHRE link: <a href=""https://pi.lib.uchicago.edu/1001/org/ochre/a956646a-0252-4b1a-8298-0e75e11114e3"">https://pi.lib.uchicago.edu/1001/org/ochre/a956646a-0252-4b1a-8298-0e75e11114e3</a>"
A22_34209.jpg,https://pi.lib.uchicago.edu/1001/org/ochre/db43777c-37ad-44dc-b231-b6a1b42ec800,2022 Photographs,Dataset contains photographs from 2022 excavation.,"OCHRE link: <a href=""https://pi.lib.uchicago.edu/1001/org/ochre/db43777c-37ad-44dc-b231-b6a1b42ec800"">https://pi.lib.uchicago.edu/1001/org/ochre/db43777c-37ad-44dc-b231-b6a1b42ec800</a>"
A22_34210.jpg,https://pi.lib.uchicago.edu/1001/org/ochre/55778dd5-0e93-41aa-a9c6-002ed7f5ef6d,2022 Photographs,Dataset contains photographs from 2022 excavation.,"OCHRE link: <a href=""https://pi.lib.uchicago.edu/1001/org/ochre/55778dd5-0e93-41aa-a9c6-002ed7f5ef6d"">https://pi.lib.uchicago.edu/1001/org/ochre/55778dd5-0e93-41aa-a9c6-002ed7f5ef6d</a>"
A22_34211.jpg,https://pi.lib.uchicago.edu/1001/org/ochre/4682db9d-97d6-4123-9e65-61ff57641d16,2022 Photographs,Dataset contains photographs from 2022 excavation.,"OCHRE link: <a href=""https://pi.lib.uchicago.edu/1001/org/ochre/4682db9d-97d6-4123-9e65-61ff57641d16"">https://pi.lib.uchicago.edu/1001/org/ochre/4682db9d-97d6-4123-9e65-61ff57641d16</a>"
A22_34212.jpg,https://pi.lib.uchicago.edu/1001/org/ochre/6edf3679-d342-42fc-99e6-06ac100573f4,2022 Photographs,Dataset contains photographs from 2022 excavation.,"OCHRE link: <a href=""https://pi.lib.uchicago.edu/1001/org/ochre/6edf3679-d342-42fc-99e6-06ac100573f4"">https://pi.lib.uchicago.edu/1001/org/ochre/6edf3679-d342-42fc-99e6-06ac100573f4</a>"
A22_34213.jpg,https://pi.lib.uchicago.edu/1001/org/ochre/ba2b7a1d-4052-4775-aa7f-5bcef2bb42d6,2022 Photographs,Dataset contains photographs from 2022 excavation.,"OCHRE link: <a href=""https://pi.lib.uchicago.edu/1001/org/ochre/ba2b7a1d-4052-4775-aa7f-5bcef2bb42d6"">https://pi.lib.uchicago.edu/1001/org/ochre/ba2b7a1d-4052-4775-aa7f-5bcef2bb42d6</a>"
A22_34214.jpg,https://pi.lib.uchicago.edu/1001/org/ochre/55dafd09-918a-4ec2-ab94-3e4d8d437dcc,2022 Photographs,Dataset contains photographs from 2022 excavation.,"OCHRE link: <a href=""https://pi.lib.uchicago.edu/1001/org/ochre/55dafd09-918a-4ec2-ab94-3e4d8d437dcc"">https://pi.lib.uchicago.edu/1001/org/ochre/55dafd09-918a-4ec2-ab94-3e4d8d437dcc</a>"
A22_34215.jpg,https://pi.lib.uchicago.edu/1001/org/ochre/e5eb227b-1ab3-40b0-98d2-e5e33028adbe,2022 Photographs,Dataset contains photographs from 2022 excavation.,"OCHRE link: <a href=""https://pi.lib.uchicago.edu/1001/org/ochre/e5eb227b-1ab3-40b0-98d2-e5e33028adbe"">https://pi.lib.uchicago.edu/1001/org/ochre/e5eb227b-1ab3-40b0-98d2-e5e33028adbe</a>"
A22_34216.jpg,https://pi.lib.uchicago.edu/1001/org/ochre/9a6e53d0-05c7-4a15-99bb-4cb98861cca8,2022 Photographs,Dataset contains photographs from 2022 excavation.,"OCHRE link: <a href=""https://pi.lib.uchicago.edu/1001/org/ochre/9a6e53d0-05c7-4a15-99bb-4cb98861cca8"">https://pi.lib.uchicago.edu/1001/org/ochre/9a6e53d0-05c7-4a15-99bb-4cb98861cca8</a>"
A22_34217.jpg,https://pi.lib.uchicago.edu/1001/org/ochre/3a08b25f-17a6-4817-957f-304d38a1bdee,2022 Photographs,Dataset contains photographs from 2022 excavation.,"OCHRE link: <a href=""https://pi.lib.uchicago.edu/1001/org/ochre/3a08b25f-17a6-4817-957f-304d38a1bdee"">https://pi.lib.uchicago.edu/1001/org/ochre/3a08b25f-17a6-4817-957f-304d38a1bdee</a>"
A22_34218.jpg,https://pi.lib.uchicago.edu/1001/org/ochre/a1296eb5-c312-49de-9143-e828c0ad66ab,2022 Photographs,Dataset contains photographs from 2022 excavation.,"OCHRE link: <a href=""https://pi.lib.uchicago.edu/1001/org/ochre/a1296eb5-c312-49de-9143-e828c0ad66ab"">https://pi.lib.uchicago.edu/1001/org/ochre/a1296eb5-c312-49de-9143-e828c0ad66ab</a>"
A22_34219.jpg,https://pi.lib.uchicago.edu/1001/org/ochre/ae79a783-c4d8-468a-a6cc-98e960c5f1ef,2022 Photographs,Dataset contains photographs from 2022 excavation.,"OCHRE link: <a href=""https://pi.lib.uchicago.edu/1001/org/ochre/ae79a783-c4d8-468a-a6cc-98e960c5f1ef"">https://pi.lib.uchicago.edu/1001/org/ochre/ae79a783-c4d8-468a-a6cc-98e960c5f1ef</a>"
A22_34220.jpg,https://pi.lib.uchicago.edu/1001/org/ochre/985a1315-263d-41f4-b496-06d0a19b6caf,2022 Photographs,Dataset contains photographs from 2022 excavation.,"OCHRE link: <a href=""https://pi.lib.uchicago.edu/1001/org/ochre/985a1315-263d-41f4-b496-06d0a19b6caf"">https://pi.lib.uchicago.edu/1001/org/ochre/985a1315-263d-41f4-b496-06d0a19b6caf</a>"
A22_34221.jpg,https://pi.lib.uchicago.edu/1001/org/ochre/776c208d-8a22-4798-9790-3b365aa2595c,2022 Photographs,Dataset contains photographs from 2022 excavation.,"OCHRE link: <a href=""https://pi.lib.uchicago.edu/1001/org/ochre/776c208d-8a22-4798-9790-3b365aa2595c"">https://pi.lib.uchicago.edu/1001/org/ochre/776c208d-8a22-4798-9790-3b365aa2595c</a>"
A22_34222.jpg,https://pi.lib.uchicago.edu/1001/org/ochre/a523c294-b89e-4ee8-8eec-b82374935216,2022 Photographs,Dataset contains photographs from 2022 excavation.,"OCHRE link: <a href=""https://pi.lib.uchicago.edu/1001/org/ochre/a523c294-b89e-4ee8-8eec-b82374935216"">https://pi.lib.uchicago.edu/1001/org/ochre/a523c294-b89e-4ee8-8eec-b82374935216</a>"
A22_34223.jpg,https://pi.lib.uchicago.edu/1001/org/ochre/996dd319-955c-4ce5-9af3-1bec5c2d2804,2022 Photographs,Dataset contains photographs from 2022 excavation.,"OCHRE link: <a href=""https://pi.lib.uchicago.edu/1001/org/ochre/996dd319-955c-4ce5-9af3-1bec5c2d2804"">https://pi.lib.uchicago.edu/1001/org/ochre/996dd319-955c-4ce5-9af3-1bec5c2d2804</a>"
A22_34224.jpg,https://pi.lib.uchicago.edu/1001/org/ochre/82b902c1-8bdf-40f7-ab99-b8654b1056ad,2022 Photographs,Dataset contains photographs from 2022 excavation.,"OCHRE link: <a href=""https://pi.lib.uchicago.edu/1001/org/ochre/82b902c1-8bdf-40f7-ab99-b8654b1056ad"">https://pi.lib.uchicago.edu/1001/org/ochre/82b902c1-8bdf-40f7-ab99-b8654b1056ad</a>"
A22_34225.jpg,https://pi.lib.uchicago.edu/1001/org/ochre/e605efce-4515-428a-ac9b-af853fff6f8b,2022 Photographs,Dataset contains photographs from 2022 excavation.,"OCHRE link: <a href=""https://pi.lib.uchicago.edu/1001/org/ochre/e605efce-4515-428a-ac9b-af853fff6f8b"">https://pi.lib.uchicago.edu/1001/org/ochre/e605efce-4515-428a-ac9b-af853fff6f8b</a>"
A22_34226.jpg,https://pi.lib.uchicago.edu/1001/org/ochre/8d34358a-c2fa-41a3-ae09-3ada0b2f1737,2022 Photographs,Dataset contains photographs from 2022 excavation.,"OCHRE link: <a href=""https://pi.lib.uchicago.edu/1001/org/ochre/8d34358a-c2fa-41a3-ae09-3ada0b2f1737"">https://pi.lib.uchicago.edu/1001/org/ochre/8d34358a-c2fa-41a3-ae09-3ada0b2f1737</a>"
A22_34227.jpg,https://pi.lib.uchicago.edu/1001/org/ochre/0f5c5db6-d57e-4d70-a5bd-403ddb06fe5c,2022 Photographs,Dataset contains photographs from 2022 excavation.,"OCHRE link: <a href=""https://pi.lib.uchicago.edu/1001/org/ochre/0f5c5db6-d57e-4d70-a5bd-403ddb06fe5c"">https://pi.lib.uchicago.edu/1001/org/ochre/0f5c5db6-d57e-4d70-a5bd-403ddb06fe5c</a>"
A22_34228.jpg,https://pi.lib.uchicago.edu/1001/org/ochre/2d807758-c2d6-493b-a74a-679d4c75774c,2022 Photographs,Dataset contains photographs from 2022 excavation.,"OCHRE link: <a href=""https://pi.lib.uchicago.edu/1001/org/ochre/2d807758-c2d6-493b-a74a-679d4c75774c"">https://pi.lib.uchicago.edu/1001/org/ochre/2d807758-c2d6-493b-a74a-679d4c75774c</a>"
A22_34229.jpg,https://pi.lib.uchicago.edu/1001/org/ochre/6f8dfd45-7f45-4d44-9e9b-7a8cde8752f7,2022 Photographs,Dataset contains photographs from 2022 excavation.,"OCHRE link: <a href=""https://pi.lib.uchicago.edu/1001/org/ochre/6f8dfd45-7f45-4d44-9e9b-7a8cde8752f7"">https://pi.lib.uchicago.edu/1001/org/ochre/6f8dfd45-7f45-4d44-9e9b-7a8cde8752f7</a>"
A22_34230.jpg,https://pi.lib.uchicago.edu/1001/org/ochre/dcf36aef-aab7-4e1a-b2d0-e1e03a51c60c,2022 Photographs,Dataset contains photographs from 2022 excavation.,"OCHRE link: <a href=""https://pi.lib.uchicago.edu/1001/org/ochre/dcf36aef-aab7-4e1a-b2d0-e1e03a51c60c"">https://pi.lib.uchicago.edu/1001/org/ochre/dcf36aef-aab7-4e1a-b2d0-e1e03a51c60c</a>"
A22_34231.jpg,https://pi.lib.uchicago.edu/1001/org/ochre/72ae2cb1-7a0e-44c3-8781-77f233a7b1d8,2022 Photographs,Dataset contains photographs from 2022 excavation.,"OCHRE link: <a href=""https://pi.lib.uchicago.edu/1001/org/ochre/72ae2cb1-7a0e-44c3-8781-77f233a7b1d8"">https://pi.lib.uchicago.edu/1001/org/ochre/72ae2cb1-7a0e-44c3-8781-77f233a7b1d8</a>"
A22_34232.jpg,https://pi.lib.uchicago.edu/1001/org/ochre/06f8dcc3-3d59-4931-825c-a1190f404696,2022 Photographs,Dataset contains photographs from 2022 excavation.,"OCHRE link: <a href=""https://pi.lib.uchicago.edu/1001/org/ochre/06f8dcc3-3d59-4931-825c-a1190f404696"">https://pi.lib.uchicago.edu/1001/org/ochre/06f8dcc3-3d59-4931-825c-a1190f404696</a>"
A22_34233.jpg,https://pi.lib.uchicago.edu/1001/org/ochre/562ad0b8-22a6-416e-a64c-5c9ba81a2864,2022 Photographs,Dataset contains photographs from 2022 excavation.,"OCHRE link: <a href=""https://pi.lib.uchicago.edu/1001/org/ochre/562ad0b8-22a6-416e-a64c-5c9ba81a2864"">https://pi.lib.uchicago.edu/1001/org/ochre/562ad0b8-22a6-416e-a64c-5c9ba81a2864</a>"
A22_34234.jpg,https://pi.lib.uchicago.edu/1001/org/ochre/0a55a6a1-f098-447e-9405-216e1dfd0c34,2022 Photographs,Dataset contains photographs from 2022 excavation.,"OCHRE link: <a href=""https://pi.lib.uchicago.edu/1001/org/ochre/0a55a6a1-f098-447e-9405-216e1dfd0c34"">https://pi.lib.uchicago.edu/1001/org/ochre/0a55a6a1-f098-447e-9405-216e1dfd0c34</a>"
A22_34235.jpg,https://pi.lib.uchicago.edu/1001/org/ochre/66cf2c47-de10-427c-a433-f3943e2a228f,2022 Photographs,Dataset contains photographs from 2022 excavation.,"OCHRE link: <a href=""https://pi.lib.uchicago.edu/1001/org/ochre/66cf2c47-de10-427c-a433-f3943e2a228f"">https://pi.lib.uchicago.edu/1001/org/ochre/66cf2c47-de10-427c-a433-f3943e2a228f</a>"
A22_34236.jpg,https://pi.lib.uchicago.edu/1001/org/ochre/dbcd602b-9ea2-4a22-87a2-a0989499e1f4,2022 Photographs,Dataset contains photographs from 2022 excavation.,"OCHRE link: <a href=""https://pi.lib.uchicago.edu/1001/org/ochre/dbcd602b-9ea2-4a22-87a2-a0989499e1f4"">https://pi.lib.uchicago.edu/1001/org/ochre/dbcd602b-9ea2-4a22-87a2-a0989499e1f4</a>"
A22_34237.jpg,https://pi.lib.uchicago.edu/1001/org/ochre/bf4cacf6-76c1-4ee9-936a-b7d5a5a52c33,2022 Photographs,Dataset contains photographs from 2022 excavation.,"OCHRE link: <a href=""https://pi.lib.uchicago.edu/1001/org/ochre/bf4cacf6-76c1-4ee9-936a-b7d5a5a52c33"">https://pi.lib.uchicago.edu/1001/org/ochre/bf4cacf6-76c1-4ee9-936a-b7d5a5a52c33</a>"
A22_34238.jpg,https://pi.lib.uchicago.edu/1001/org/ochre/77b983c6-d986-4c9c-8f66-fc6b3087fd32,2022 Photographs,Dataset contains photographs from 2022 excavation.,"OCHRE link: <a href=""https://pi.lib.uchicago.edu/1001/org/ochre/77b983c6-d986-4c9c-8f66-fc6b3087fd32"">https://pi.lib.uchicago.edu/1001/org/ochre/77b983c6-d986-4c9c-8f66-fc6b3087fd32</a>"
A22_34239.jpg,https://pi.lib.uchicago.edu/1001/org/ochre/06818369-a4c9-49ae-ad61-d9663e4a11d1,2022 Photographs,Dataset contains photographs from 2022 excavation.,"OCHRE link: <a href=""https://pi.lib.uchicago.edu/1001/org/ochre/06818369-a4c9-49ae-ad61-d9663e4a11d1"">https://pi.lib.uchicago.edu/1001/org/ochre/06818369-a4c9-49ae-ad61-d9663e4a11d1</a>"
A22_34240.jpg,https://pi.lib.uchicago.edu/1001/org/ochre/4c2fd616-49e7-40d4-9bd8-ba37b908942f,2022 Photographs,Dataset contains photographs from 2022 excavation.,"OCHRE link: <a href=""https://pi.lib.uchicago.edu/1001/org/ochre/4c2fd616-49e7-40d4-9bd8-ba37b908942f"">https://pi.lib.uchicago.edu/1001/org/ochre/4c2fd616-49e7-40d4-9bd8-ba37b908942f</a>"
A22_34241.jpg,https://pi.lib.uchicago.edu/1001/org/ochre/a6974ac4-88a9-457d-bde0-8147fb6a1fe3,2022 Photographs,Dataset contains photographs from 2022 excavation.,"OCHRE link: <a href=""https://pi.lib.uchicago.edu/1001/org/ochre/a6974ac4-88a9-457d-bde0-8147fb6a1fe3"">https://pi.lib.uchicago.edu/1001/org/ochre/a6974ac4-88a9-457d-bde0-8147fb6a1fe3</a>"
A22_34242.jpg,https://pi.lib.uchicago.edu/1001/org/ochre/79650011-e920-41d3-a790-0188eef96389,2022 Photographs,Dataset contains photographs from 2022 excavation.,"OCHRE link: <a href=""https://pi.lib.uchicago.edu/1001/org/ochre/79650011-e920-41d3-a790-0188eef96389"">https://pi.lib.uchicago.edu/1001/org/ochre/79650011-e920-41d3-a790-0188eef96389</a>"
A22_34243.jpg,https://pi.lib.uchicago.edu/1001/org/ochre/e766addf-7940-495b-a1f4-55c217ec9c0a,2022 Photographs,Dataset contains photographs from 2022 excavation.,"OCHRE link: <a href=""https://pi.lib.uchicago.edu/1001/org/ochre/e766addf-7940-495b-a1f4-55c217ec9c0a"">https://pi.lib.uchicago.edu/1001/org/ochre/e766addf-7940-495b-a1f4-55c217ec9c0a</a>"
A22_34244.jpg,https://pi.lib.uchicago.edu/1001/org/ochre/6979adb8-df7f-4d70-bae1-4a6aad5fcd56,2022 Photographs,Dataset contains photographs from 2022 excavation.,"OCHRE link: <a href=""https://pi.lib.uchicago.edu/1001/org/ochre/6979adb8-df7f-4d70-bae1-4a6aad5fcd56"">https://pi.lib.uchicago.edu/1001/org/ochre/6979adb8-df7f-4d70-bae1-4a6aad5fcd56</a>"
A22_34245.jpg,https://pi.lib.uchicago.edu/1001/org/ochre/df32f0ed-98fb-42dc-8327-e8e39bde619b,2022 Photographs,Dataset contains photographs from 2022 excavation.,"OCHRE link: <a href=""https://pi.lib.uchicago.edu/1001/org/ochre/df32f0ed-98fb-42dc-8327-e8e39bde619b"">https://pi.lib.uchicago.edu/1001/org/ochre/df32f0ed-98fb-42dc-8327-e8e39bde619b</a>"
A22_34246.jpg,https://pi.lib.uchicago.edu/1001/org/ochre/2d260272-c733-489a-9728-a0017a8d06ab,2022 Photographs,Dataset contains photographs from 2022 excavation.,"OCHRE link: <a href=""https://pi.lib.uchicago.edu/1001/org/ochre/2d260272-c733-489a-9728-a0017a8d06ab"">https://pi.lib.uchicago.edu/1001/org/ochre/2d260272-c733-489a-9728-a0017a8d06ab</a>"
A22_34247.jpg,https://pi.lib.uchicago.edu/1001/org/ochre/dc64cdcc-8fc2-4933-93b9-50885457308e,2022 Photographs,Dataset contains photographs from 2022 excavation.,"OCHRE link: <a href=""https://pi.lib.uchicago.edu/1001/org/ochre/dc64cdcc-8fc2-4933-93b9-50885457308e"">https://pi.lib.uchicago.edu/1001/org/ochre/dc64cdcc-8fc2-4933-93b9-50885457308e</a>"
A22_34248.jpg,https://pi.lib.uchicago.edu/1001/org/ochre/e124ae4b-ddc3-4257-99ea-7a5a16db360f,2022 Photographs,Dataset contains photographs from 2022 excavation.,"OCHRE link: <a href=""https://pi.lib.uchicago.edu/1001/org/ochre/e124ae4b-ddc3-4257-99ea-7a5a16db360f"">https://pi.lib.uchicago.edu/1001/org/ochre/e124ae4b-ddc3-4257-99ea-7a5a16db360f</a>"
A22_34249.jpg,https://pi.lib.uchicago.edu/1001/org/ochre/4fe391f8-0f62-4b91-bc47-b70d50567bc6,2022 Photographs,Dataset contains photographs from 2022 excavation.,"OCHRE link: <a href=""https://pi.lib.uchicago.edu/1001/org/ochre/4fe391f8-0f62-4b91-bc47-b70d50567bc6"">https://pi.lib.uchicago.edu/1001/org/ochre/4fe391f8-0f62-4b91-bc47-b70d50567bc6</a>"
A22_34250.jpg,https://pi.lib.uchicago.edu/1001/org/ochre/316f99c5-2e3d-4d3d-b69e-359b1a033762,2022 Photographs,Dataset contains photographs from 2022 excavation.,"OCHRE link: <a href=""https://pi.lib.uchicago.edu/1001/org/ochre/316f99c5-2e3d-4d3d-b69e-359b1a033762"">https://pi.lib.uchicago.edu/1001/org/ochre/316f99c5-2e3d-4d3d-b69e-359b1a033762</a>"
A22_34251.jpg,https://pi.lib.uchicago.edu/1001/org/ochre/22aa0bb5-85ca-4078-ba97-55df1443563e,2022 Photographs,Dataset contains photographs from 2022 excavation.,"OCHRE link: <a href=""https://pi.lib.uchicago.edu/1001/org/ochre/22aa0bb5-85ca-4078-ba97-55df1443563e"">https://pi.lib.uchicago.edu/1001/org/ochre/22aa0bb5-85ca-4078-ba97-55df1443563e</a>"
A22_34252.jpg,https://pi.lib.uchicago.edu/1001/org/ochre/cf03f6c3-69ea-4681-98e9-bd404e168458,2022 Photographs,Dataset contains photographs from 2022 excavation.,"OCHRE link: <a href=""https://pi.lib.uchicago.edu/1001/org/ochre/cf03f6c3-69ea-4681-98e9-bd404e168458"">https://pi.lib.uchicago.edu/1001/org/ochre/cf03f6c3-69ea-4681-98e9-bd404e168458</a>"
A22_34253.jpg,https://pi.lib.uchicago.edu/1001/org/ochre/bd872a4e-025e-4237-904f-faa7e9b7f352,2022 Photographs,Dataset contains photographs from 2022 excavation.,"OCHRE link: <a href=""https://pi.lib.uchicago.edu/1001/org/ochre/bd872a4e-025e-4237-904f-faa7e9b7f352"">https://pi.lib.uchicago.edu/1001/org/ochre/bd872a4e-025e-4237-904f-faa7e9b7f352</a>"
A22_34254.jpg,https://pi.lib.uchicago.edu/1001/org/ochre/2d73c159-fafd-4444-b5d1-bdeb5a29e9ef,2022 Photographs,Dataset contains photographs from 2022 excavation.,"OCHRE link: <a href=""https://pi.lib.uchicago.edu/1001/org/ochre/2d73c159-fafd-4444-b5d1-bdeb5a29e9ef"">https://pi.lib.uchicago.edu/1001/org/ochre/2d73c159-fafd-4444-b5d1-bdeb5a29e9ef</a>"
A22_34255.jpg,https://pi.lib.uchicago.edu/1001/org/ochre/ac194856-6030-458d-aae5-69f97a1c3cf3,2022 Photographs,Dataset contains photographs from 2022 excavation.,"OCHRE link: <a href=""https://pi.lib.uchicago.edu/1001/org/ochre/ac194856-6030-458d-aae5-69f97a1c3cf3"">https://pi.lib.uchicago.edu/1001/org/ochre/ac194856-6030-458d-aae5-69f97a1c3cf3</a>"
A22_34256.jpg,https://pi.lib.uchicago.edu/1001/org/ochre/2538828d-b9ad-4e3a-90f2-135d5ddcebf2,2022 Photographs,Dataset contains photographs from 2022 excavation.,"OCHRE link: <a href=""https://pi.lib.uchicago.edu/1001/org/ochre/2538828d-b9ad-4e3a-90f2-135d5ddcebf2"">https://pi.lib.uchicago.edu/1001/org/ochre/2538828d-b9ad-4e3a-90f2-135d5ddcebf2</a>"
A22_34257.jpg,https://pi.lib.uchicago.edu/1001/org/ochre/1b4cdf55-977b-4d30-9e25-07a649dc9d64,2022 Photographs,Dataset contains photographs from 2022 excavation.,"OCHRE link: <a href=""https://pi.lib.uchicago.edu/1001/org/ochre/1b4cdf55-977b-4d30-9e25-07a649dc9d64"">https://pi.lib.uchicago.edu/1001/org/ochre/1b4cdf55-977b-4d30-9e25-07a649dc9d64</a>"
A22_34258.jpg,https://pi.lib.uchicago.edu/1001/org/ochre/c5855c07-89f9-4561-85d0-fa3f1793efb2,2022 Photographs,Dataset contains photographs from 2022 excavation.,"OCHRE link: <a href=""https://pi.lib.uchicago.edu/1001/org/ochre/c5855c07-89f9-4561-85d0-fa3f1793efb2"">https://pi.lib.uchicago.edu/1001/org/ochre/c5855c07-89f9-4561-85d0-fa3f1793efb2</a>"
A22_34259.jpg,https://pi.lib.uchicago.edu/1001/org/ochre/2f6b00cd-b8e7-467f-adce-2191b67d764c,2022 Photographs,Dataset contains photographs from 2022 excavation.,"OCHRE link: <a href=""https://pi.lib.uchicago.edu/1001/org/ochre/2f6b00cd-b8e7-467f-adce-2191b67d764c"">https://pi.lib.uchicago.edu/1001/org/ochre/2f6b00cd-b8e7-467f-adce-2191b67d764c</a>"
A22_34260.jpg,https://pi.lib.uchicago.edu/1001/org/ochre/5a045f57-0904-492c-8d8b-d18a83485387,2022 Photographs,Dataset contains photographs from 2022 excavation.,"OCHRE link: <a href=""https://pi.lib.uchicago.edu/1001/org/ochre/5a045f57-0904-492c-8d8b-d18a83485387"">https://pi.lib.uchicago.edu/1001/org/ochre/5a045f57-0904-492c-8d8b-d18a83485387</a>"
A22_34261.jpg,https://pi.lib.uchicago.edu/1001/org/ochre/91958438-7898-4976-9acf-2c6aeeb74189,2022 Photographs,Dataset contains photographs from 2022 excavation.,"OCHRE link: <a href=""https://pi.lib.uchicago.edu/1001/org/ochre/91958438-7898-4976-9acf-2c6aeeb74189"">https://pi.lib.uchicago.edu/1001/org/ochre/91958438-7898-4976-9acf-2c6aeeb74189</a>"
A22_34262.jpg,https://pi.lib.uchicago.edu/1001/org/ochre/f59cbc8b-bba2-494b-815b-5aa52131c483,2022 Photographs,Dataset contains photographs from 2022 excavation.,"OCHRE link: <a href=""https://pi.lib.uchicago.edu/1001/org/ochre/f59cbc8b-bba2-494b-815b-5aa52131c483"">https://pi.lib.uchicago.edu/1001/org/ochre/f59cbc8b-bba2-494b-815b-5aa52131c483</a>"
A22_34263.jpg,https://pi.lib.uchicago.edu/1001/org/ochre/91d17206-5aae-496d-acfa-65e144f7eef4,2022 Photographs,Dataset contains photographs from 2022 excavation.,"OCHRE link: <a href=""https://pi.lib.uchicago.edu/1001/org/ochre/91d17206-5aae-496d-acfa-65e144f7eef4"">https://pi.lib.uchicago.edu/1001/org/ochre/91d17206-5aae-496d-acfa-65e144f7eef4</a>"
A22_34264.jpg,https://pi.lib.uchicago.edu/1001/org/ochre/61d42bd3-2b18-4a43-b96f-633f3544f9f7,2022 Photographs,Dataset contains photographs from 2022 excavation.,"OCHRE link: <a href=""https://pi.lib.uchicago.edu/1001/org/ochre/61d42bd3-2b18-4a43-b96f-633f3544f9f7"">https://pi.lib.uchicago.edu/1001/org/ochre/61d42bd3-2b18-4a43-b96f-633f3544f9f7</a>"
A22_34265.jpg,https://pi.lib.uchicago.edu/1001/org/ochre/20cbe30d-6caf-402b-82d5-ab648412e452,2022 Photographs,Dataset contains photographs from 2022 excavation.,"OCHRE link: <a href=""https://pi.lib.uchicago.edu/1001/org/ochre/20cbe30d-6caf-402b-82d5-ab648412e452"">https://pi.lib.uchicago.edu/1001/org/ochre/20cbe30d-6caf-402b-82d5-ab648412e452</a>"
A22_34266.jpg,https://pi.lib.uchicago.edu/1001/org/ochre/5444f322-5048-4fbb-98ee-f1005964bb36,2022 Photographs,Dataset contains photographs from 2022 excavation.,"OCHRE link: <a href=""https://pi.lib.uchicago.edu/1001/org/ochre/5444f322-5048-4fbb-98ee-f1005964bb36"">https://pi.lib.uchicago.edu/1001/org/ochre/5444f322-5048-4fbb-98ee-f1005964bb36</a>"
A22_34267.jpg,https://pi.lib.uchicago.edu/1001/org/ochre/f687bc97-a5f8-432d-825f-24159f5ea73e,2022 Photographs,Dataset contains photographs from 2022 excavation.,"OCHRE link: <a href=""https://pi.lib.uchicago.edu/1001/org/ochre/f687bc97-a5f8-432d-825f-24159f5ea73e"">https://pi.lib.uchicago.edu/1001/org/ochre/f687bc97-a5f8-432d-825f-24159f5ea73e</a>"
A22_34268.jpg,https://pi.lib.uchicago.edu/1001/org/ochre/4e8a94e2-88f4-4d4f-a3ff-b41e7fde0be5,2022 Photographs,Dataset contains photographs from 2022 excavation.,"OCHRE link: <a href=""https://pi.lib.uchicago.edu/1001/org/ochre/4e8a94e2-88f4-4d4f-a3ff-b41e7fde0be5"">https://pi.lib.uchicago.edu/1001/org/ochre/4e8a94e2-88f4-4d4f-a3ff-b41e7fde0be5</a>"
A22_34269.jpg,https://pi.lib.uchicago.edu/1001/org/ochre/28133a4c-ebad-454e-8fd8-9c114844b86a,2022 Photographs,Dataset contains photographs from 2022 excavation.,"OCHRE link: <a href=""https://pi.lib.uchicago.edu/1001/org/ochre/28133a4c-ebad-454e-8fd8-9c114844b86a"">https://pi.lib.uchicago.edu/1001/org/ochre/28133a4c-ebad-454e-8fd8-9c114844b86a</a>"
A22_34270.jpg,https://pi.lib.uchicago.edu/1001/org/ochre/aa547edf-6040-47ca-8cf2-f8a024453bb9,2022 Photographs,Dataset contains photographs from 2022 excavation.,"OCHRE link: <a href=""https://pi.lib.uchicago.edu/1001/org/ochre/aa547edf-6040-47ca-8cf2-f8a024453bb9"">https://pi.lib.uchicago.edu/1001/org/ochre/aa547edf-6040-47ca-8cf2-f8a024453bb9</a>"
A22_34271.jpg,https://pi.lib.uchicago.edu/1001/org/ochre/b3d137b3-55e1-4747-bbd9-dd0e40908b67,2022 Photographs,Dataset contains photographs from 2022 excavation.,"OCHRE link: <a href=""https://pi.lib.uchicago.edu/1001/org/ochre/b3d137b3-55e1-4747-bbd9-dd0e40908b67"">https://pi.lib.uchicago.edu/1001/org/ochre/b3d137b3-55e1-4747-bbd9-dd0e40908b67</a>"
A22_34272.jpg,https://pi.lib.uchicago.edu/1001/org/ochre/a748023d-cb15-4585-9f46-a5db57c651cd,2022 Photographs,Dataset contains photographs from 2022 excavation.,"OCHRE link: <a href=""https://pi.lib.uchicago.edu/1001/org/ochre/a748023d-cb15-4585-9f46-a5db57c651cd"">https://pi.lib.uchicago.edu/1001/org/ochre/a748023d-cb15-4585-9f46-a5db57c651cd</a>"
A22_34273.jpg,https://pi.lib.uchicago.edu/1001/org/ochre/06737e00-6204-4046-83f1-0900bdba5ce4,2022 Photographs,Dataset contains photographs from 2022 excavation.,"OCHRE link: <a href=""https://pi.lib.uchicago.edu/1001/org/ochre/06737e00-6204-4046-83f1-0900bdba5ce4"">https://pi.lib.uchicago.edu/1001/org/ochre/06737e00-6204-4046-83f1-0900bdba5ce4</a>"
A22_34274.jpg,https://pi.lib.uchicago.edu/1001/org/ochre/c7765687-754a-413d-a69b-7b955453cd4f,2022 Photographs,Dataset contains photographs from 2022 excavation.,"OCHRE link: <a href=""https://pi.lib.uchicago.edu/1001/org/ochre/c7765687-754a-413d-a69b-7b955453cd4f"">https://pi.lib.uchicago.edu/1001/org/ochre/c7765687-754a-413d-a69b-7b955453cd4f</a>"
A22_34275.jpg,https://pi.lib.uchicago.edu/1001/org/ochre/74b97ab1-c892-43cc-947d-8d7bf42d67b7,2022 Photographs,Dataset contains photographs from 2022 excavation.,"OCHRE link: <a href=""https://pi.lib.uchicago.edu/1001/org/ochre/74b97ab1-c892-43cc-947d-8d7bf42d67b7"">https://pi.lib.uchicago.edu/1001/org/ochre/74b97ab1-c892-43cc-947d-8d7bf42d67b7</a>"
A22_34276.jpg,https://pi.lib.uchicago.edu/1001/org/ochre/26901eb9-9a52-419d-b64e-d0ac230a46fe,2022 Photographs,Dataset contains photographs from 2022 excavation.,"OCHRE link: <a href=""https://pi.lib.uchicago.edu/1001/org/ochre/26901eb9-9a52-419d-b64e-d0ac230a46fe"">https://pi.lib.uchicago.edu/1001/org/ochre/26901eb9-9a52-419d-b64e-d0ac230a46fe</a>"
A22_34277.jpg,https://pi.lib.uchicago.edu/1001/org/ochre/b43de901-0a05-4bf9-9703-53c3d3210d53,2022 Photographs,Dataset contains photographs from 2022 excavation.,"OCHRE link: <a href=""https://pi.lib.uchicago.edu/1001/org/ochre/b43de901-0a05-4bf9-9703-53c3d3210d53"">https://pi.lib.uchicago.edu/1001/org/ochre/b43de901-0a05-4bf9-9703-53c3d3210d53</a>"
A22_34278.jpg,https://pi.lib.uchicago.edu/1001/org/ochre/20ac4700-8591-451b-86ca-a86c9d62e23a,2022 Photographs,Dataset contains photographs from 2022 excavation.,"OCHRE link: <a href=""https://pi.lib.uchicago.edu/1001/org/ochre/20ac4700-8591-451b-86ca-a86c9d62e23a"">https://pi.lib.uchicago.edu/1001/org/ochre/20ac4700-8591-451b-86ca-a86c9d62e23a</a>"
A22_34279.jpg,https://pi.lib.uchicago.edu/1001/org/ochre/c1a1759f-f375-4eab-8b89-1a1caed5e32d,2022 Photographs,Dataset contains photographs from 2022 excavation.,"OCHRE link: <a href=""https://pi.lib.uchicago.edu/1001/org/ochre/c1a1759f-f375-4eab-8b89-1a1caed5e32d"">https://pi.lib.uchicago.edu/1001/org/ochre/c1a1759f-f375-4eab-8b89-1a1caed5e32d</a>"
A22_34280.jpg,https://pi.lib.uchicago.edu/1001/org/ochre/1be24e80-3ba7-4125-8b29-45be456ad908,2022 Photographs,Dataset contains photographs from 2022 excavation.,"OCHRE link: <a href=""https://pi.lib.uchicago.edu/1001/org/ochre/1be24e80-3ba7-4125-8b29-45be456ad908"">https://pi.lib.uchicago.edu/1001/org/ochre/1be24e80-3ba7-4125-8b29-45be456ad908</a>"
A22_34281.jpg,https://pi.lib.uchicago.edu/1001/org/ochre/314da6bf-0f12-4780-8b97-b03a8dd5929c,2022 Photographs,Dataset contains photographs from 2022 excavation.,"OCHRE link: <a href=""https://pi.lib.uchicago.edu/1001/org/ochre/314da6bf-0f12-4780-8b97-b03a8dd5929c"">https://pi.lib.uchicago.edu/1001/org/ochre/314da6bf-0f12-4780-8b97-b03a8dd5929c</a>"
A22_34282.jpg,https://pi.lib.uchicago.edu/1001/org/ochre/5754012a-8bdd-43b5-ab4a-a28c296b5139,2022 Photographs,Dataset contains photographs from 2022 excavation.,"OCHRE link: <a href=""https://pi.lib.uchicago.edu/1001/org/ochre/5754012a-8bdd-43b5-ab4a-a28c296b5139"">https://pi.lib.uchicago.edu/1001/org/ochre/5754012a-8bdd-43b5-ab4a-a28c296b5139</a>"
A22_34283.jpg,https://pi.lib.uchicago.edu/1001/org/ochre/97d28c57-63e9-4080-b7c5-694f5d32d479,2022 Photographs,Dataset contains photographs from 2022 excavation.,"OCHRE link: <a href=""https://pi.lib.uchicago.edu/1001/org/ochre/97d28c57-63e9-4080-b7c5-694f5d32d479"">https://pi.lib.uchicago.edu/1001/org/ochre/97d28c57-63e9-4080-b7c5-694f5d32d479</a>"
A22_34284.jpg,https://pi.lib.uchicago.edu/1001/org/ochre/a1786284-05c6-4e7d-aa24-1f79258f0491,2022 Photographs,Dataset contains photographs from 2022 excavation.,"OCHRE link: <a href=""https://pi.lib.uchicago.edu/1001/org/ochre/a1786284-05c6-4e7d-aa24-1f79258f0491"">https://pi.lib.uchicago.edu/1001/org/ochre/a1786284-05c6-4e7d-aa24-1f79258f0491</a>"
A22_34285.jpg,https://pi.lib.uchicago.edu/1001/org/ochre/6c569ce3-9b65-444f-b207-031ea2b1d33b,2022 Photographs,Dataset contains photographs from 2022 excavation.,"OCHRE link: <a href=""https://pi.lib.uchicago.edu/1001/org/ochre/6c569ce3-9b65-444f-b207-031ea2b1d33b"">https://pi.lib.uchicago.edu/1001/org/ochre/6c569ce3-9b65-444f-b207-031ea2b1d33b</a>"
A22_34286.jpg,https://pi.lib.uchicago.edu/1001/org/ochre/15e58500-4db6-44a9-b270-62cf39c71003,2022 Photographs,Dataset contains photographs from 2022 excavation.,"OCHRE link: <a href=""https://pi.lib.uchicago.edu/1001/org/ochre/15e58500-4db6-44a9-b270-62cf39c71003"">https://pi.lib.uchicago.edu/1001/org/ochre/15e58500-4db6-44a9-b270-62cf39c71003</a>"
A22_34287.jpg,https://pi.lib.uchicago.edu/1001/org/ochre/5ff58133-b20e-485f-8952-93c2f63088ce,2022 Photographs,Dataset contains photographs from 2022 excavation.,"OCHRE link: <a href=""https://pi.lib.uchicago.edu/1001/org/ochre/5ff58133-b20e-485f-8952-93c2f63088ce"">https://pi.lib.uchicago.edu/1001/org/ochre/5ff58133-b20e-485f-8952-93c2f63088ce</a>"
A22_34288.jpg,https://pi.lib.uchicago.edu/1001/org/ochre/90fe3e43-e400-492e-b725-e5788aeb2e3f,2022 Photographs,Dataset contains photographs from 2022 excavation.,"OCHRE link: <a href=""https://pi.lib.uchicago.edu/1001/org/ochre/90fe3e43-e400-492e-b725-e5788aeb2e3f"">https://pi.lib.uchicago.edu/1001/org/ochre/90fe3e43-e400-492e-b725-e5788aeb2e3f</a>"
A22_34289.jpg,https://pi.lib.uchicago.edu/1001/org/ochre/32e8d1e7-67e2-4264-bd94-7a7f6894ee0c,2022 Photographs,Dataset contains photographs from 2022 excavation.,"OCHRE link: <a href=""https://pi.lib.uchicago.edu/1001/org/ochre/32e8d1e7-67e2-4264-bd94-7a7f6894ee0c"">https://pi.lib.uchicago.edu/1001/org/ochre/32e8d1e7-67e2-4264-bd94-7a7f6894ee0c</a>"
A22_34290.jpg,https://pi.lib.uchicago.edu/1001/org/ochre/675df924-ff77-4ae8-9c14-4c95567fa303,2022 Photographs,Dataset contains photographs from 2022 excavation.,"OCHRE link: <a href=""https://pi.lib.uchicago.edu/1001/org/ochre/675df924-ff77-4ae8-9c14-4c95567fa303"">https://pi.lib.uchicago.edu/1001/org/ochre/675df924-ff77-4ae8-9c14-4c95567fa303</a>"
A22_34291.jpg,https://pi.lib.uchicago.edu/1001/org/ochre/99dc2951-22ec-4cc5-9fb1-443bc3a5c09c,2022 Photographs,Dataset contains photographs from 2022 excavation.,"OCHRE link: <a href=""https://pi.lib.uchicago.edu/1001/org/ochre/99dc2951-22ec-4cc5-9fb1-443bc3a5c09c"">https://pi.lib.uchicago.edu/1001/org/ochre/99dc2951-22ec-4cc5-9fb1-443bc3a5c09c</a>"
A22_34292.jpg,https://pi.lib.uchicago.edu/1001/org/ochre/f56c8b66-aa41-4a60-8bb1-a7f55ff6e04a,2022 Photographs,Dataset contains photographs from 2022 excavation.,"OCHRE link: <a href=""https://pi.lib.uchicago.edu/1001/org/ochre/f56c8b66-aa41-4a60-8bb1-a7f55ff6e04a"">https://pi.lib.uchicago.edu/1001/org/ochre/f56c8b66-aa41-4a60-8bb1-a7f55ff6e04a</a>"
A22_34293.jpg,https://pi.lib.uchicago.edu/1001/org/ochre/543ff6d2-370c-4c85-ae0d-4d9c34b8710c,2022 Photographs,Dataset contains photographs from 2022 excavation.,"OCHRE link: <a href=""https://pi.lib.uchicago.edu/1001/org/ochre/543ff6d2-370c-4c85-ae0d-4d9c34b8710c"">https://pi.lib.uchicago.edu/1001/org/ochre/543ff6d2-370c-4c85-ae0d-4d9c34b8710c</a>"
A22_34294.jpg,https://pi.lib.uchicago.edu/1001/org/ochre/eb93f66d-3155-4d79-92aa-db9f35ef8d8f,2022 Photographs,Dataset contains photographs from 2022 excavation.,"OCHRE link: <a href=""https://pi.lib.uchicago.edu/1001/org/ochre/eb93f66d-3155-4d79-92aa-db9f35ef8d8f"">https://pi.lib.uchicago.edu/1001/org/ochre/eb93f66d-3155-4d79-92aa-db9f35ef8d8f</a>"
A22_34295.jpg,https://pi.lib.uchicago.edu/1001/org/ochre/1012c985-ffe1-41ae-999b-45656acdce1f,2022 Photographs,Dataset contains photographs from 2022 excavation.,"OCHRE link: <a href=""https://pi.lib.uchicago.edu/1001/org/ochre/1012c985-ffe1-41ae-999b-45656acdce1f"">https://pi.lib.uchicago.edu/1001/org/ochre/1012c985-ffe1-41ae-999b-45656acdce1f</a>"
A22_34296.jpg,https://pi.lib.uchicago.edu/1001/org/ochre/5b4082f2-9da3-4459-b934-ccf2b12dc678,2022 Photographs,Dataset contains photographs from 2022 excavation.,"OCHRE link: <a href=""https://pi.lib.uchicago.edu/1001/org/ochre/5b4082f2-9da3-4459-b934-ccf2b12dc678"">https://pi.lib.uchicago.edu/1001/org/ochre/5b4082f2-9da3-4459-b934-ccf2b12dc678</a>"
A22_34297.jpg,https://pi.lib.uchicago.edu/1001/org/ochre/2ddc6325-8761-4c5c-8e00-5d665e5427cf,2022 Photographs,Dataset contains photographs from 2022 excavation.,"OCHRE link: <a href=""https://pi.lib.uchicago.edu/1001/org/ochre/2ddc6325-8761-4c5c-8e00-5d665e5427cf"">https://pi.lib.uchicago.edu/1001/org/ochre/2ddc6325-8761-4c5c-8e00-5d665e5427cf</a>"
A22_34298.jpg,https://pi.lib.uchicago.edu/1001/org/ochre/c95b6990-5f8c-4cab-8e48-5cc72fbf10a0,2022 Photographs,Dataset contains photographs from 2022 excavation.,"OCHRE link: <a href=""https://pi.lib.uchicago.edu/1001/org/ochre/c95b6990-5f8c-4cab-8e48-5cc72fbf10a0"">https://pi.lib.uchicago.edu/1001/org/ochre/c95b6990-5f8c-4cab-8e48-5cc72fbf10a0</a>"
A22_34299.jpg,https://pi.lib.uchicago.edu/1001/org/ochre/0c3d2ab1-b7b2-434c-b6ba-2263dc767e17,2022 Photographs,Dataset contains photographs from 2022 excavation.,"OCHRE link: <a href=""https://pi.lib.uchicago.edu/1001/org/ochre/0c3d2ab1-b7b2-434c-b6ba-2263dc767e17"">https://pi.lib.uchicago.edu/1001/org/ochre/0c3d2ab1-b7b2-434c-b6ba-2263dc767e17</a>"
A22_34300.jpg,https://pi.lib.uchicago.edu/1001/org/ochre/a88ed4a6-2c2a-4207-94a7-930781b9c77b,2022 Photographs,Dataset contains photographs from 2022 excavation.,"OCHRE link: <a href=""https://pi.lib.uchicago.edu/1001/org/ochre/a88ed4a6-2c2a-4207-94a7-930781b9c77b"">https://pi.lib.uchicago.edu/1001/org/ochre/a88ed4a6-2c2a-4207-94a7-930781b9c77b</a>"
A22_34301.jpg,https://pi.lib.uchicago.edu/1001/org/ochre/bee2373d-90df-42b1-9153-6297701aa74e,2022 Photographs,Dataset contains photographs from 2022 excavation.,"OCHRE link: <a href=""https://pi.lib.uchicago.edu/1001/org/ochre/bee2373d-90df-42b1-9153-6297701aa74e"">https://pi.lib.uchicago.edu/1001/org/ochre/bee2373d-90df-42b1-9153-6297701aa74e</a>"
A22_34302.jpg,https://pi.lib.uchicago.edu/1001/org/ochre/595ca4ba-78ea-4752-b063-8ed6b6a40ec0,2022 Photographs,Dataset contains photographs from 2022 excavation.,"OCHRE link: <a href=""https://pi.lib.uchicago.edu/1001/org/ochre/595ca4ba-78ea-4752-b063-8ed6b6a40ec0"">https://pi.lib.uchicago.edu/1001/org/ochre/595ca4ba-78ea-4752-b063-8ed6b6a40ec0</a>"
A22_34303.jpg,https://pi.lib.uchicago.edu/1001/org/ochre/ba9e8c0f-d52c-4da5-8b64-cb63e2404c99,2022 Photographs,Dataset contains photographs from 2022 excavation.,"OCHRE link: <a href=""https://pi.lib.uchicago.edu/1001/org/ochre/ba9e8c0f-d52c-4da5-8b64-cb63e2404c99"">https://pi.lib.uchicago.edu/1001/org/ochre/ba9e8c0f-d52c-4da5-8b64-cb63e2404c99</a>"
A22_34304.jpg,https://pi.lib.uchicago.edu/1001/org/ochre/63f7ac39-28d7-4dba-97c3-3247bd794e92,2022 Photographs,Dataset contains photographs from 2022 excavation.,"OCHRE link: <a href=""https://pi.lib.uchicago.edu/1001/org/ochre/63f7ac39-28d7-4dba-97c3-3247bd794e92"">https://pi.lib.uchicago.edu/1001/org/ochre/63f7ac39-28d7-4dba-97c3-3247bd794e92</a>"
A22_34305.jpg,https://pi.lib.uchicago.edu/1001/org/ochre/254bd4da-033b-498f-80ee-cf959baf6f7b,2022 Photographs,Dataset contains photographs from 2022 excavation.,"OCHRE link: <a href=""https://pi.lib.uchicago.edu/1001/org/ochre/254bd4da-033b-498f-80ee-cf959baf6f7b"">https://pi.lib.uchicago.edu/1001/org/ochre/254bd4da-033b-498f-80ee-cf959baf6f7b</a>"
A22_34306.jpg,https://pi.lib.uchicago.edu/1001/org/ochre/94735b4f-1fed-439c-ad9b-a89e3ac4744b,2022 Photographs,Dataset contains photographs from 2022 excavation.,"OCHRE link: <a href=""https://pi.lib.uchicago.edu/1001/org/ochre/94735b4f-1fed-439c-ad9b-a89e3ac4744b"">https://pi.lib.uchicago.edu/1001/org/ochre/94735b4f-1fed-439c-ad9b-a89e3ac4744b</a>"
A22_34307.jpg,https://pi.lib.uchicago.edu/1001/org/ochre/a6d7a58d-eb08-4a8e-a756-4badeb755f7f,2022 Photographs,Dataset contains photographs from 2022 excavation.,"OCHRE link: <a href=""https://pi.lib.uchicago.edu/1001/org/ochre/a6d7a58d-eb08-4a8e-a756-4badeb755f7f"">https://pi.lib.uchicago.edu/1001/org/ochre/a6d7a58d-eb08-4a8e-a756-4badeb755f7f</a>"
A22_34308.jpg,https://pi.lib.uchicago.edu/1001/org/ochre/ceeec7fb-4dff-4103-a1b6-aa2ab238de75,2022 Photographs,Dataset contains photographs from 2022 excavation.,"OCHRE link: <a href=""https://pi.lib.uchicago.edu/1001/org/ochre/ceeec7fb-4dff-4103-a1b6-aa2ab238de75"">https://pi.lib.uchicago.edu/1001/org/ochre/ceeec7fb-4dff-4103-a1b6-aa2ab238de75</a>"
A22_34309.jpg,https://pi.lib.uchicago.edu/1001/org/ochre/bd6e0f3b-fc1e-43db-bc34-18a5f4861a66,2022 Photographs,Dataset contains photographs from 2022 excavation.,"OCHRE link: <a href=""https://pi.lib.uchicago.edu/1001/org/ochre/bd6e0f3b-fc1e-43db-bc34-18a5f4861a66"">https://pi.lib.uchicago.edu/1001/org/ochre/bd6e0f3b-fc1e-43db-bc34-18a5f4861a66</a>"
A22_34310.jpg,https://pi.lib.uchicago.edu/1001/org/ochre/f37b29f2-50d1-498e-80ef-e5d0502a899c,2022 Photographs,Dataset contains photographs from 2022 excavation.,"OCHRE link: <a href=""https://pi.lib.uchicago.edu/1001/org/ochre/f37b29f2-50d1-498e-80ef-e5d0502a899c"">https://pi.lib.uchicago.edu/1001/org/ochre/f37b29f2-50d1-498e-80ef-e5d0502a899c</a>"
A22_34311.jpg,https://pi.lib.uchicago.edu/1001/org/ochre/70d76697-e38d-4b54-9baa-612299e778d3,2022 Photographs,Dataset contains photographs from 2022 excavation.,"OCHRE link: <a href=""https://pi.lib.uchicago.edu/1001/org/ochre/70d76697-e38d-4b54-9baa-612299e778d3"">https://pi.lib.uchicago.edu/1001/org/ochre/70d76697-e38d-4b54-9baa-612299e778d3</a>"
A22_34312.jpg,https://pi.lib.uchicago.edu/1001/org/ochre/0141492c-db57-4f4c-86c2-8cae7481c918,2022 Photographs,Dataset contains photographs from 2022 excavation.,"OCHRE link: <a href=""https://pi.lib.uchicago.edu/1001/org/ochre/0141492c-db57-4f4c-86c2-8cae7481c918"">https://pi.lib.uchicago.edu/1001/org/ochre/0141492c-db57-4f4c-86c2-8cae7481c918</a>"
A22_34313.jpg,https://pi.lib.uchicago.edu/1001/org/ochre/d98982d0-d945-4670-ad9b-0ed2f9a99761,2022 Photographs,Dataset contains photographs from 2022 excavation.,"OCHRE link: <a href=""https://pi.lib.uchicago.edu/1001/org/ochre/d98982d0-d945-4670-ad9b-0ed2f9a99761"">https://pi.lib.uchicago.edu/1001/org/ochre/d98982d0-d945-4670-ad9b-0ed2f9a99761</a>"
A22_34314.jpg,https://pi.lib.uchicago.edu/1001/org/ochre/726c21fc-f5d3-470a-aa03-3d0a3fb6776b,2022 Photographs,Dataset contains photographs from 2022 excavation.,"OCHRE link: <a href=""https://pi.lib.uchicago.edu/1001/org/ochre/726c21fc-f5d3-470a-aa03-3d0a3fb6776b"">https://pi.lib.uchicago.edu/1001/org/ochre/726c21fc-f5d3-470a-aa03-3d0a3fb6776b</a>"
A22_34315.jpg,https://pi.lib.uchicago.edu/1001/org/ochre/3b6f3806-33b6-4fc2-8cbb-c79fa246dfce,2022 Photographs,Dataset contains photographs from 2022 excavation.,"OCHRE link: <a href=""https://pi.lib.uchicago.edu/1001/org/ochre/3b6f3806-33b6-4fc2-8cbb-c79fa246dfce"">https://pi.lib.uchicago.edu/1001/org/ochre/3b6f3806-33b6-4fc2-8cbb-c79fa246dfce</a>"
A22_34316.jpg,https://pi.lib.uchicago.edu/1001/org/ochre/2bfa9e0a-d536-490b-9d2a-44fae735808a,2022 Photographs,Dataset contains photographs from 2022 excavation.,"OCHRE link: <a href=""https://pi.lib.uchicago.edu/1001/org/ochre/2bfa9e0a-d536-490b-9d2a-44fae735808a"">https://pi.lib.uchicago.edu/1001/org/ochre/2bfa9e0a-d536-490b-9d2a-44fae735808a</a>"
A22_34317.jpg,https://pi.lib.uchicago.edu/1001/org/ochre/f4244668-ffea-4724-9b34-8e2bfe46bf4e,2022 Photographs,Dataset contains photographs from 2022 excavation.,"OCHRE link: <a href=""https://pi.lib.uchicago.edu/1001/org/ochre/f4244668-ffea-4724-9b34-8e2bfe46bf4e"">https://pi.lib.uchicago.edu/1001/org/ochre/f4244668-ffea-4724-9b34-8e2bfe46bf4e</a>"
A22_34318.jpg,https://pi.lib.uchicago.edu/1001/org/ochre/b1f6f44b-6095-44cc-a641-12c5b7399db6,2022 Photographs,Dataset contains photographs from 2022 excavation.,"OCHRE link: <a href=""https://pi.lib.uchicago.edu/1001/org/ochre/b1f6f44b-6095-44cc-a641-12c5b7399db6"">https://pi.lib.uchicago.edu/1001/org/ochre/b1f6f44b-6095-44cc-a641-12c5b7399db6</a>"
A22_34319.jpg,https://pi.lib.uchicago.edu/1001/org/ochre/a5060073-24e3-45eb-92df-36645fd60ccf,2022 Photographs,Dataset contains photographs from 2022 excavation.,"OCHRE link: <a href=""https://pi.lib.uchicago.edu/1001/org/ochre/a5060073-24e3-45eb-92df-36645fd60ccf"">https://pi.lib.uchicago.edu/1001/org/ochre/a5060073-24e3-45eb-92df-36645fd60ccf</a>"
A22_34320.jpg,https://pi.lib.uchicago.edu/1001/org/ochre/d3099e87-1f1f-46c8-b050-73ea228b6bd8,2022 Photographs,Dataset contains photographs from 2022 excavation.,"OCHRE link: <a href=""https://pi.lib.uchicago.edu/1001/org/ochre/d3099e87-1f1f-46c8-b050-73ea228b6bd8"">https://pi.lib.uchicago.edu/1001/org/ochre/d3099e87-1f1f-46c8-b050-73ea228b6bd8</a>"
A22_34321.jpg,https://pi.lib.uchicago.edu/1001/org/ochre/945970c8-84d1-42c4-8c92-c58d3758fc73,2022 Photographs,Dataset contains photographs from 2022 excavation.,"OCHRE link: <a href=""https://pi.lib.uchicago.edu/1001/org/ochre/945970c8-84d1-42c4-8c92-c58d3758fc73"">https://pi.lib.uchicago.edu/1001/org/ochre/945970c8-84d1-42c4-8c92-c58d3758fc73</a>"
A22_34322.jpg,https://pi.lib.uchicago.edu/1001/org/ochre/c4060abc-2a92-4398-ac65-87fb82d3399f,2022 Photographs,Dataset contains photographs from 2022 excavation.,"OCHRE link: <a href=""https://pi.lib.uchicago.edu/1001/org/ochre/c4060abc-2a92-4398-ac65-87fb82d3399f"">https://pi.lib.uchicago.edu/1001/org/ochre/c4060abc-2a92-4398-ac65-87fb82d3399f</a>"
A22_34323.jpg,https://pi.lib.uchicago.edu/1001/org/ochre/ea766378-85e4-466d-a919-2d510f836c92,2022 Photographs,Dataset contains photographs from 2022 excavation.,"OCHRE link: <a href=""https://pi.lib.uchicago.edu/1001/org/ochre/ea766378-85e4-466d-a919-2d510f836c92"">https://pi.lib.uchicago.edu/1001/org/ochre/ea766378-85e4-466d-a919-2d510f836c92</a>"
A22_34324.jpg,https://pi.lib.uchicago.edu/1001/org/ochre/b58787b8-2e0d-46a4-90a0-524403f71ad5,2022 Photographs,Dataset contains photographs from 2022 excavation.,"OCHRE link: <a href=""https://pi.lib.uchicago.edu/1001/org/ochre/b58787b8-2e0d-46a4-90a0-524403f71ad5"">https://pi.lib.uchicago.edu/1001/org/ochre/b58787b8-2e0d-46a4-90a0-524403f71ad5</a>"
A22_34325.jpg,https://pi.lib.uchicago.edu/1001/org/ochre/60b0b840-9774-4e72-b229-7938f24f75f8,2022 Photographs,Dataset contains photographs from 2022 excavation.,"OCHRE link: <a href=""https://pi.lib.uchicago.edu/1001/org/ochre/60b0b840-9774-4e72-b229-7938f24f75f8"">https://pi.lib.uchicago.edu/1001/org/ochre/60b0b840-9774-4e72-b229-7938f24f75f8</a>"
A22_34326.jpg,https://pi.lib.uchicago.edu/1001/org/ochre/fb2966a2-3245-4880-bd09-4db4dcb09f86,2022 Photographs,Dataset contains photographs from 2022 excavation.,"OCHRE link: <a href=""https://pi.lib.uchicago.edu/1001/org/ochre/fb2966a2-3245-4880-bd09-4db4dcb09f86"">https://pi.lib.uchicago.edu/1001/org/ochre/fb2966a2-3245-4880-bd09-4db4dcb09f86</a>"
A22_34327.jpg,https://pi.lib.uchicago.edu/1001/org/ochre/9037c4fe-c193-4823-ab6f-bce533b2ef05,2022 Photographs,Dataset contains photographs from 2022 excavation.,"OCHRE link: <a href=""https://pi.lib.uchicago.edu/1001/org/ochre/9037c4fe-c193-4823-ab6f-bce533b2ef05"">https://pi.lib.uchicago.edu/1001/org/ochre/9037c4fe-c193-4823-ab6f-bce533b2ef05</a>"
A22_34328.jpg,https://pi.lib.uchicago.edu/1001/org/ochre/98e23560-f638-4f8a-b086-b0c42accb917,2022 Photographs,Dataset contains photographs from 2022 excavation.,"OCHRE link: <a href=""https://pi.lib.uchicago.edu/1001/org/ochre/98e23560-f638-4f8a-b086-b0c42accb917"">https://pi.lib.uchicago.edu/1001/org/ochre/98e23560-f638-4f8a-b086-b0c42accb917</a>"
A22_34329.jpg,https://pi.lib.uchicago.edu/1001/org/ochre/c912f761-f91d-4350-b762-f42599e75112,2022 Photographs,Dataset contains photographs from 2022 excavation.,"OCHRE link: <a href=""https://pi.lib.uchicago.edu/1001/org/ochre/c912f761-f91d-4350-b762-f42599e75112"">https://pi.lib.uchicago.edu/1001/org/ochre/c912f761-f91d-4350-b762-f42599e75112</a>"
A22_34330.jpg,https://pi.lib.uchicago.edu/1001/org/ochre/df463d87-504b-45e3-8f73-37384d20492a,2022 Photographs,Dataset contains photographs from 2022 excavation.,"OCHRE link: <a href=""https://pi.lib.uchicago.edu/1001/org/ochre/df463d87-504b-45e3-8f73-37384d20492a"">https://pi.lib.uchicago.edu/1001/org/ochre/df463d87-504b-45e3-8f73-37384d20492a</a>"
A22_34331.jpg,https://pi.lib.uchicago.edu/1001/org/ochre/cbefdf5b-abb6-4aab-8f57-a32585b8b7cb,2022 Photographs,Dataset contains photographs from 2022 excavation.,"OCHRE link: <a href=""https://pi.lib.uchicago.edu/1001/org/ochre/cbefdf5b-abb6-4aab-8f57-a32585b8b7cb"">https://pi.lib.uchicago.edu/1001/org/ochre/cbefdf5b-abb6-4aab-8f57-a32585b8b7cb</a>"
A22_34332.jpg,https://pi.lib.uchicago.edu/1001/org/ochre/cf466603-41c0-4374-8c78-b73c328746ff,2022 Photographs,Dataset contains photographs from 2022 excavation.,"OCHRE link: <a href=""https://pi.lib.uchicago.edu/1001/org/ochre/cf466603-41c0-4374-8c78-b73c328746ff"">https://pi.lib.uchicago.edu/1001/org/ochre/cf466603-41c0-4374-8c78-b73c328746ff</a>"
A22_34333.jpg,https://pi.lib.uchicago.edu/1001/org/ochre/0121650a-f691-4d30-ac26-411955e19b35,2022 Photographs,Dataset contains photographs from 2022 excavation.,"OCHRE link: <a href=""https://pi.lib.uchicago.edu/1001/org/ochre/0121650a-f691-4d30-ac26-411955e19b35"">https://pi.lib.uchicago.edu/1001/org/ochre/0121650a-f691-4d30-ac26-411955e19b35</a>"
A22_34334.jpg,https://pi.lib.uchicago.edu/1001/org/ochre/de45f56b-115d-4cce-a383-ce53e3db6a0e,2022 Photographs,Dataset contains photographs from 2022 excavation.,"OCHRE link: <a href=""https://pi.lib.uchicago.edu/1001/org/ochre/de45f56b-115d-4cce-a383-ce53e3db6a0e"">https://pi.lib.uchicago.edu/1001/org/ochre/de45f56b-115d-4cce-a383-ce53e3db6a0e</a>"
A22_34335.jpg,https://pi.lib.uchicago.edu/1001/org/ochre/e827ee92-9e89-47e7-8b6f-63863daf33e1,2022 Photographs,Dataset contains photographs from 2022 excavation.,"OCHRE link: <a href=""https://pi.lib.uchicago.edu/1001/org/ochre/e827ee92-9e89-47e7-8b6f-63863daf33e1"">https://pi.lib.uchicago.edu/1001/org/ochre/e827ee92-9e89-47e7-8b6f-63863daf33e1</a>"
A22_34336.jpg,https://pi.lib.uchicago.edu/1001/org/ochre/ca7edbc6-edb4-4928-9b5e-8a628f03f650,2022 Photographs,Dataset contains photographs from 2022 excavation.,"OCHRE link: <a href=""https://pi.lib.uchicago.edu/1001/org/ochre/ca7edbc6-edb4-4928-9b5e-8a628f03f650"">https://pi.lib.uchicago.edu/1001/org/ochre/ca7edbc6-edb4-4928-9b5e-8a628f03f650</a>"
A22_34337.jpg,https://pi.lib.uchicago.edu/1001/org/ochre/5e7bb14b-998f-495b-8e97-16117d699247,2022 Photographs,Dataset contains photographs from 2022 excavation.,"OCHRE link: <a href=""https://pi.lib.uchicago.edu/1001/org/ochre/5e7bb14b-998f-495b-8e97-16117d699247"">https://pi.lib.uchicago.edu/1001/org/ochre/5e7bb14b-998f-495b-8e97-16117d699247</a>"
A22_34338.jpg,https://pi.lib.uchicago.edu/1001/org/ochre/73c9ac04-9d23-4c7d-a033-936fd249d346,2022 Photographs,Dataset contains photographs from 2022 excavation.,"OCHRE link: <a href=""https://pi.lib.uchicago.edu/1001/org/ochre/73c9ac04-9d23-4c7d-a033-936fd249d346"">https://pi.lib.uchicago.edu/1001/org/ochre/73c9ac04-9d23-4c7d-a033-936fd249d346</a>"
A22_34339.jpg,https://pi.lib.uchicago.edu/1001/org/ochre/f936258e-3290-4517-937f-bc72941f1e53,2022 Photographs,Dataset contains photographs from 2022 excavation.,"OCHRE link: <a href=""https://pi.lib.uchicago.edu/1001/org/ochre/f936258e-3290-4517-937f-bc72941f1e53"">https://pi.lib.uchicago.edu/1001/org/ochre/f936258e-3290-4517-937f-bc72941f1e53</a>"
A22_34340.jpg,https://pi.lib.uchicago.edu/1001/org/ochre/edef5239-4a43-4c5d-8089-ad69f2be48a1,2022 Photographs,Dataset contains photographs from 2022 excavation.,"OCHRE link: <a href=""https://pi.lib.uchicago.edu/1001/org/ochre/edef5239-4a43-4c5d-8089-ad69f2be48a1"">https://pi.lib.uchicago.edu/1001/org/ochre/edef5239-4a43-4c5d-8089-ad69f2be48a1</a>"
A22_34341.jpg,https://pi.lib.uchicago.edu/1001/org/ochre/6a4b9d50-2772-44b8-88bf-02ef9f7397af,2022 Photographs,Dataset contains photographs from 2022 excavation.,"OCHRE link: <a href=""https://pi.lib.uchicago.edu/1001/org/ochre/6a4b9d50-2772-44b8-88bf-02ef9f7397af"">https://pi.lib.uchicago.edu/1001/org/ochre/6a4b9d50-2772-44b8-88bf-02ef9f7397af</a>"
A22_34342.jpg,https://pi.lib.uchicago.edu/1001/org/ochre/864532ac-dd48-4039-a104-6b9e877f151d,2022 Photographs,Dataset contains photographs from 2022 excavation.,"OCHRE link: <a href=""https://pi.lib.uchicago.edu/1001/org/ochre/864532ac-dd48-4039-a104-6b9e877f151d"">https://pi.lib.uchicago.edu/1001/org/ochre/864532ac-dd48-4039-a104-6b9e877f151d</a>"
A22_34343.jpg,https://pi.lib.uchicago.edu/1001/org/ochre/d785e474-db69-4fc9-a145-c8a160be17ef,2022 Photographs,Dataset contains photographs from 2022 excavation.,"OCHRE link: <a href=""https://pi.lib.uchicago.edu/1001/org/ochre/d785e474-db69-4fc9-a145-c8a160be17ef"">https://pi.lib.uchicago.edu/1001/org/ochre/d785e474-db69-4fc9-a145-c8a160be17ef</a>"
A22_34344.jpg,https://pi.lib.uchicago.edu/1001/org/ochre/58eee81a-4843-405a-837f-acbc11f06c3c,2022 Photographs,Dataset contains photographs from 2022 excavation.,"OCHRE link: <a href=""https://pi.lib.uchicago.edu/1001/org/ochre/58eee81a-4843-405a-837f-acbc11f06c3c"">https://pi.lib.uchicago.edu/1001/org/ochre/58eee81a-4843-405a-837f-acbc11f06c3c</a>"
A22_34345.jpg,https://pi.lib.uchicago.edu/1001/org/ochre/bef040da-f1dd-4a1b-8f11-3df47cb9fbd9,2022 Photographs,Dataset contains photographs from 2022 excavation.,"OCHRE link: <a href=""https://pi.lib.uchicago.edu/1001/org/ochre/bef040da-f1dd-4a1b-8f11-3df47cb9fbd9"">https://pi.lib.uchicago.edu/1001/org/ochre/bef040da-f1dd-4a1b-8f11-3df47cb9fbd9</a>"
A22_34346.jpg,https://pi.lib.uchicago.edu/1001/org/ochre/84e15e81-2229-472f-ba96-1ed2baf0d573,2022 Photographs,Dataset contains photographs from 2022 excavation.,"OCHRE link: <a href=""https://pi.lib.uchicago.edu/1001/org/ochre/84e15e81-2229-472f-ba96-1ed2baf0d573"">https://pi.lib.uchicago.edu/1001/org/ochre/84e15e81-2229-472f-ba96-1ed2baf0d573</a>"
A22_34347.jpg,https://pi.lib.uchicago.edu/1001/org/ochre/eabe9a43-7634-4808-a68c-1c59728d23b1,2022 Photographs,Dataset contains photographs from 2022 excavation.,"OCHRE link: <a href=""https://pi.lib.uchicago.edu/1001/org/ochre/eabe9a43-7634-4808-a68c-1c59728d23b1"">https://pi.lib.uchicago.edu/1001/org/ochre/eabe9a43-7634-4808-a68c-1c59728d23b1</a>"
A22_34348.jpg,https://pi.lib.uchicago.edu/1001/org/ochre/78e4a229-ef5e-4953-a4f0-8659fdbbdfcd,2022 Photographs,Dataset contains photographs from 2022 excavation.,"OCHRE link: <a href=""https://pi.lib.uchicago.edu/1001/org/ochre/78e4a229-ef5e-4953-a4f0-8659fdbbdfcd"">https://pi.lib.uchicago.edu/1001/org/ochre/78e4a229-ef5e-4953-a4f0-8659fdbbdfcd</a>"
A22_34349.jpg,https://pi.lib.uchicago.edu/1001/org/ochre/fa91492f-f023-474e-b617-22d197c9ee81,2022 Photographs,Dataset contains photographs from 2022 excavation.,"OCHRE link: <a href=""https://pi.lib.uchicago.edu/1001/org/ochre/fa91492f-f023-474e-b617-22d197c9ee81"">https://pi.lib.uchicago.edu/1001/org/ochre/fa91492f-f023-474e-b617-22d197c9ee81</a>"
A22_34350.jpg,https://pi.lib.uchicago.edu/1001/org/ochre/7cfc8c8e-377b-450c-9a55-898e2d566548,2022 Photographs,Dataset contains photographs from 2022 excavation.,"OCHRE link: <a href=""https://pi.lib.uchicago.edu/1001/org/ochre/7cfc8c8e-377b-450c-9a55-898e2d566548"">https://pi.lib.uchicago.edu/1001/org/ochre/7cfc8c8e-377b-450c-9a55-898e2d566548</a>"
A22_34351.jpg,https://pi.lib.uchicago.edu/1001/org/ochre/d7fe8bc6-7da7-4f31-9b68-058c4d2bfa67,2022 Photographs,Dataset contains photographs from 2022 excavation.,"OCHRE link: <a href=""https://pi.lib.uchicago.edu/1001/org/ochre/d7fe8bc6-7da7-4f31-9b68-058c4d2bfa67"">https://pi.lib.uchicago.edu/1001/org/ochre/d7fe8bc6-7da7-4f31-9b68-058c4d2bfa67</a>"
A22_34352.jpg,https://pi.lib.uchicago.edu/1001/org/ochre/c7af8a70-e332-46af-86a4-22c0ab49b206,2022 Photographs,Dataset contains photographs from 2022 excavation.,"OCHRE link: <a href=""https://pi.lib.uchicago.edu/1001/org/ochre/c7af8a70-e332-46af-86a4-22c0ab49b206"">https://pi.lib.uchicago.edu/1001/org/ochre/c7af8a70-e332-46af-86a4-22c0ab49b206</a>"
A22_34353.jpg,https://pi.lib.uchicago.edu/1001/org/ochre/b280e94d-cee0-4e4b-8e27-08e30ce02ce6,2022 Photographs,Dataset contains photographs from 2022 excavation.,"OCHRE link: <a href=""https://pi.lib.uchicago.edu/1001/org/ochre/b280e94d-cee0-4e4b-8e27-08e30ce02ce6"">https://pi.lib.uchicago.edu/1001/org/ochre/b280e94d-cee0-4e4b-8e27-08e30ce02ce6</a>"
A22_34354.jpg,https://pi.lib.uchicago.edu/1001/org/ochre/80a52675-9543-4c3f-81d7-ecc665f11007,2022 Photographs,Dataset contains photographs from 2022 excavation.,"OCHRE link: <a href=""https://pi.lib.uchicago.edu/1001/org/ochre/80a52675-9543-4c3f-81d7-ecc665f11007"">https://pi.lib.uchicago.edu/1001/org/ochre/80a52675-9543-4c3f-81d7-ecc665f11007</a>"
A22_34355.jpg,https://pi.lib.uchicago.edu/1001/org/ochre/8b7df68e-6fae-44fc-9aa3-63325b17ab62,2022 Photographs,Dataset contains photographs from 2022 excavation.,"OCHRE link: <a href=""https://pi.lib.uchicago.edu/1001/org/ochre/8b7df68e-6fae-44fc-9aa3-63325b17ab62"">https://pi.lib.uchicago.edu/1001/org/ochre/8b7df68e-6fae-44fc-9aa3-63325b17ab62</a>"
A22_34356.jpg,https://pi.lib.uchicago.edu/1001/org/ochre/628f6ae3-c401-46c8-bc4a-80b8eb6badd7,2022 Photographs,Dataset contains photographs from 2022 excavation.,"OCHRE link: <a href=""https://pi.lib.uchicago.edu/1001/org/ochre/628f6ae3-c401-46c8-bc4a-80b8eb6badd7"">https://pi.lib.uchicago.edu/1001/org/ochre/628f6ae3-c401-46c8-bc4a-80b8eb6badd7</a>"
A22_34357.jpg,https://pi.lib.uchicago.edu/1001/org/ochre/179a354b-c388-4ed0-b938-cfcc045b181c,2022 Photographs,Dataset contains photographs from 2022 excavation.,"OCHRE link: <a href=""https://pi.lib.uchicago.edu/1001/org/ochre/179a354b-c388-4ed0-b938-cfcc045b181c"">https://pi.lib.uchicago.edu/1001/org/ochre/179a354b-c388-4ed0-b938-cfcc045b181c</a>"
A22_34358.jpg,https://pi.lib.uchicago.edu/1001/org/ochre/dd1f0581-e700-485c-895b-2ecee8aeb594,2022 Photographs,Dataset contains photographs from 2022 excavation.,"OCHRE link: <a href=""https://pi.lib.uchicago.edu/1001/org/ochre/dd1f0581-e700-485c-895b-2ecee8aeb594"">https://pi.lib.uchicago.edu/1001/org/ochre/dd1f0581-e700-485c-895b-2ecee8aeb594</a>"
A22_34359.jpg,https://pi.lib.uchicago.edu/1001/org/ochre/f89df2e5-5d93-4cd7-b590-99f455bd4672,2022 Photographs,Dataset contains photographs from 2022 excavation.,"OCHRE link: <a href=""https://pi.lib.uchicago.edu/1001/org/ochre/f89df2e5-5d93-4cd7-b590-99f455bd4672"">https://pi.lib.uchicago.edu/1001/org/ochre/f89df2e5-5d93-4cd7-b590-99f455bd4672</a>"
A22_34360.jpg,https://pi.lib.uchicago.edu/1001/org/ochre/fc5f5bee-5213-4e37-9c92-00e00a1691d9,2022 Photographs,Dataset contains photographs from 2022 excavation.,"OCHRE link: <a href=""https://pi.lib.uchicago.edu/1001/org/ochre/fc5f5bee-5213-4e37-9c92-00e00a1691d9"">https://pi.lib.uchicago.edu/1001/org/ochre/fc5f5bee-5213-4e37-9c92-00e00a1691d9</a>"
A22_34361.jpg,https://pi.lib.uchicago.edu/1001/org/ochre/59e11ea0-a2ab-42ce-aea8-d424e754bed2,2022 Photographs,Dataset contains photographs from 2022 excavation.,"OCHRE link: <a href=""https://pi.lib.uchicago.edu/1001/org/ochre/59e11ea0-a2ab-42ce-aea8-d424e754bed2"">https://pi.lib.uchicago.edu/1001/org/ochre/59e11ea0-a2ab-42ce-aea8-d424e754bed2</a>"
A22_34362.jpg,https://pi.lib.uchicago.edu/1001/org/ochre/b0c1c271-d558-4d34-b552-221e152d0e08,2022 Photographs,Dataset contains photographs from 2022 excavation.,"OCHRE link: <a href=""https://pi.lib.uchicago.edu/1001/org/ochre/b0c1c271-d558-4d34-b552-221e152d0e08"">https://pi.lib.uchicago.edu/1001/org/ochre/b0c1c271-d558-4d34-b552-221e152d0e08</a>"
A22_34363.jpg,https://pi.lib.uchicago.edu/1001/org/ochre/3d5f1c16-0421-4091-a240-6e31042e620c,2022 Photographs,Dataset contains photographs from 2022 excavation.,"OCHRE link: <a href=""https://pi.lib.uchicago.edu/1001/org/ochre/3d5f1c16-0421-4091-a240-6e31042e620c"">https://pi.lib.uchicago.edu/1001/org/ochre/3d5f1c16-0421-4091-a240-6e31042e620c</a>"
A22_34364.jpg,https://pi.lib.uchicago.edu/1001/org/ochre/6883eab9-7ac7-4c6e-a7e0-43e5a79eccc1,2022 Photographs,Dataset contains photographs from 2022 excavation.,"OCHRE link: <a href=""https://pi.lib.uchicago.edu/1001/org/ochre/6883eab9-7ac7-4c6e-a7e0-43e5a79eccc1"">https://pi.lib.uchicago.edu/1001/org/ochre/6883eab9-7ac7-4c6e-a7e0-43e5a79eccc1</a>"
A22_34365.jpg,https://pi.lib.uchicago.edu/1001/org/ochre/9bb13b8a-1fa8-41a6-b6b2-3b090764c5b0,2022 Photographs,Dataset contains photographs from 2022 excavation.,"OCHRE link: <a href=""https://pi.lib.uchicago.edu/1001/org/ochre/9bb13b8a-1fa8-41a6-b6b2-3b090764c5b0"">https://pi.lib.uchicago.edu/1001/org/ochre/9bb13b8a-1fa8-41a6-b6b2-3b090764c5b0</a>"
A22_34366.jpg,https://pi.lib.uchicago.edu/1001/org/ochre/f877394f-cd57-43f2-aa9c-26b192cd1a3d,2022 Photographs,Dataset contains photographs from 2022 excavation.,"OCHRE link: <a href=""https://pi.lib.uchicago.edu/1001/org/ochre/f877394f-cd57-43f2-aa9c-26b192cd1a3d"">https://pi.lib.uchicago.edu/1001/org/ochre/f877394f-cd57-43f2-aa9c-26b192cd1a3d</a>"
A22_34367.jpg,https://pi.lib.uchicago.edu/1001/org/ochre/6f00f27b-880b-430b-8e95-80ef34a59e01,2022 Photographs,Dataset contains photographs from 2022 excavation.,"OCHRE link: <a href=""https://pi.lib.uchicago.edu/1001/org/ochre/6f00f27b-880b-430b-8e95-80ef34a59e01"">https://pi.lib.uchicago.edu/1001/org/ochre/6f00f27b-880b-430b-8e95-80ef34a59e01</a>"
A22_34368.jpg,https://pi.lib.uchicago.edu/1001/org/ochre/9a499e51-0549-4c2c-8dcf-0d096e6d961c,2022 Photographs,Dataset contains photographs from 2022 excavation.,"OCHRE link: <a href=""https://pi.lib.uchicago.edu/1001/org/ochre/9a499e51-0549-4c2c-8dcf-0d096e6d961c"">https://pi.lib.uchicago.edu/1001/org/ochre/9a499e51-0549-4c2c-8dcf-0d096e6d961c</a>"
A22_34369.jpg,https://pi.lib.uchicago.edu/1001/org/ochre/0924098c-0c8e-42eb-b4c6-997bf17b21d4,2022 Photographs,Dataset contains photographs from 2022 excavation.,"OCHRE link: <a href=""https://pi.lib.uchicago.edu/1001/org/ochre/0924098c-0c8e-42eb-b4c6-997bf17b21d4"">https://pi.lib.uchicago.edu/1001/org/ochre/0924098c-0c8e-42eb-b4c6-997bf17b21d4</a>"
A22_34370.jpg,https://pi.lib.uchicago.edu/1001/org/ochre/d9b6b70d-5f5a-418e-ba7f-9a04da20959d,2022 Photographs,Dataset contains photographs from 2022 excavation.,"OCHRE link: <a href=""https://pi.lib.uchicago.edu/1001/org/ochre/d9b6b70d-5f5a-418e-ba7f-9a04da20959d"">https://pi.lib.uchicago.edu/1001/org/ochre/d9b6b70d-5f5a-418e-ba7f-9a04da20959d</a>"
A22_34371.jpg,https://pi.lib.uchicago.edu/1001/org/ochre/49acb95f-1650-444c-af53-5ce236e52385,2022 Photographs,Dataset contains photographs from 2022 excavation.,"OCHRE link: <a href=""https://pi.lib.uchicago.edu/1001/org/ochre/49acb95f-1650-444c-af53-5ce236e52385"">https://pi.lib.uchicago.edu/1001/org/ochre/49acb95f-1650-444c-af53-5ce236e52385</a>"
A22_34372.jpg,https://pi.lib.uchicago.edu/1001/org/ochre/efbf7488-d9a9-4133-8d5e-847fbdb51da3,2022 Photographs,Dataset contains photographs from 2022 excavation.,"OCHRE link: <a href=""https://pi.lib.uchicago.edu/1001/org/ochre/efbf7488-d9a9-4133-8d5e-847fbdb51da3"">https://pi.lib.uchicago.edu/1001/org/ochre/efbf7488-d9a9-4133-8d5e-847fbdb51da3</a>"
A22_34373.jpg,https://pi.lib.uchicago.edu/1001/org/ochre/c4d00744-2b72-4d51-bb88-229ffe8b4bcd,2022 Photographs,Dataset contains photographs from 2022 excavation.,"OCHRE link: <a href=""https://pi.lib.uchicago.edu/1001/org/ochre/c4d00744-2b72-4d51-bb88-229ffe8b4bcd"">https://pi.lib.uchicago.edu/1001/org/ochre/c4d00744-2b72-4d51-bb88-229ffe8b4bcd</a>"
A22_34374.jpg,https://pi.lib.uchicago.edu/1001/org/ochre/9131bb68-d813-453f-a043-93a365d4be2c,2022 Photographs,Dataset contains photographs from 2022 excavation.,"OCHRE link: <a href=""https://pi.lib.uchicago.edu/1001/org/ochre/9131bb68-d813-453f-a043-93a365d4be2c"">https://pi.lib.uchicago.edu/1001/org/ochre/9131bb68-d813-453f-a043-93a365d4be2c</a>"
A22_34375.jpg,https://pi.lib.uchicago.edu/1001/org/ochre/397fa266-0d12-406c-aeae-29b1a4b0731d,2022 Photographs,Dataset contains photographs from 2022 excavation.,"OCHRE link: <a href=""https://pi.lib.uchicago.edu/1001/org/ochre/397fa266-0d12-406c-aeae-29b1a4b0731d"">https://pi.lib.uchicago.edu/1001/org/ochre/397fa266-0d12-406c-aeae-29b1a4b0731d</a>"
A22_34376.jpg,https://pi.lib.uchicago.edu/1001/org/ochre/0a0cb141-17db-4b1b-8c7c-d867f4358b52,2022 Photographs,Dataset contains photographs from 2022 excavation.,"OCHRE link: <a href=""https://pi.lib.uchicago.edu/1001/org/ochre/0a0cb141-17db-4b1b-8c7c-d867f4358b52"">https://pi.lib.uchicago.edu/1001/org/ochre/0a0cb141-17db-4b1b-8c7c-d867f4358b52</a>"
A22_34377.jpg,https://pi.lib.uchicago.edu/1001/org/ochre/542d48ad-6be8-4b99-9d8f-ee32c8ae86f5,2022 Photographs,Dataset contains photographs from 2022 excavation.,"OCHRE link: <a href=""https://pi.lib.uchicago.edu/1001/org/ochre/542d48ad-6be8-4b99-9d8f-ee32c8ae86f5"">https://pi.lib.uchicago.edu/1001/org/ochre/542d48ad-6be8-4b99-9d8f-ee32c8ae86f5</a>"
A22_34378.jpg,https://pi.lib.uchicago.edu/1001/org/ochre/c573c718-2041-45f8-85e9-3d3d9a604a79,2022 Photographs,Dataset contains photographs from 2022 excavation.,"OCHRE link: <a href=""https://pi.lib.uchicago.edu/1001/org/ochre/c573c718-2041-45f8-85e9-3d3d9a604a79"">https://pi.lib.uchicago.edu/1001/org/ochre/c573c718-2041-45f8-85e9-3d3d9a604a79</a>"
A22_34379.jpg,https://pi.lib.uchicago.edu/1001/org/ochre/10ede164-f6ae-4fcc-a010-6089e7a9ca11,2022 Photographs,Dataset contains photographs from 2022 excavation.,"OCHRE link: <a href=""https://pi.lib.uchicago.edu/1001/org/ochre/10ede164-f6ae-4fcc-a010-6089e7a9ca11"">https://pi.lib.uchicago.edu/1001/org/ochre/10ede164-f6ae-4fcc-a010-6089e7a9ca11</a>"
A22_34380.jpg,https://pi.lib.uchicago.edu/1001/org/ochre/4ea41cbd-2140-4e7e-8a0e-07ffc0e143ea,2022 Photographs,Dataset contains photographs from 2022 excavation.,"OCHRE link: <a href=""https://pi.lib.uchicago.edu/1001/org/ochre/4ea41cbd-2140-4e7e-8a0e-07ffc0e143ea"">https://pi.lib.uchicago.edu/1001/org/ochre/4ea41cbd-2140-4e7e-8a0e-07ffc0e143ea</a>"
A22_34381.jpg,https://pi.lib.uchicago.edu/1001/org/ochre/52c7f498-4907-4330-bfb5-dd79e2db5fc0,2022 Photographs,Dataset contains photographs from 2022 excavation.,"OCHRE link: <a href=""https://pi.lib.uchicago.edu/1001/org/ochre/52c7f498-4907-4330-bfb5-dd79e2db5fc0"">https://pi.lib.uchicago.edu/1001/org/ochre/52c7f498-4907-4330-bfb5-dd79e2db5fc0</a>"
A22_34382.jpg,https://pi.lib.uchicago.edu/1001/org/ochre/7c0650b8-c4b3-4c5b-8b1b-09ddd7ac858b,2022 Photographs,Dataset contains photographs from 2022 excavation.,"OCHRE link: <a href=""https://pi.lib.uchicago.edu/1001/org/ochre/7c0650b8-c4b3-4c5b-8b1b-09ddd7ac858b"">https://pi.lib.uchicago.edu/1001/org/ochre/7c0650b8-c4b3-4c5b-8b1b-09ddd7ac858b</a>"
A22_34383.jpg,https://pi.lib.uchicago.edu/1001/org/ochre/acf15811-6346-4a35-978f-2a2def2be671,2022 Photographs,Dataset contains photographs from 2022 excavation.,"OCHRE link: <a href=""https://pi.lib.uchicago.edu/1001/org/ochre/acf15811-6346-4a35-978f-2a2def2be671"">https://pi.lib.uchicago.edu/1001/org/ochre/acf15811-6346-4a35-978f-2a2def2be671</a>"
A22_34384.jpg,https://pi.lib.uchicago.edu/1001/org/ochre/39e2eeee-e314-48c7-ab0d-fa0f42ea14f8,2022 Photographs,Dataset contains photographs from 2022 excavation.,"OCHRE link: <a href=""https://pi.lib.uchicago.edu/1001/org/ochre/39e2eeee-e314-48c7-ab0d-fa0f42ea14f8"">https://pi.lib.uchicago.edu/1001/org/ochre/39e2eeee-e314-48c7-ab0d-fa0f42ea14f8</a>"
A22_34385.jpg,https://pi.lib.uchicago.edu/1001/org/ochre/b9c59c02-53f9-4671-bca8-486401fea48d,2022 Photographs,Dataset contains photographs from 2022 excavation.,"OCHRE link: <a href=""https://pi.lib.uchicago.edu/1001/org/ochre/b9c59c02-53f9-4671-bca8-486401fea48d"">https://pi.lib.uchicago.edu/1001/org/ochre/b9c59c02-53f9-4671-bca8-486401fea48d</a>"
A22_34386.jpg,https://pi.lib.uchicago.edu/1001/org/ochre/a20c2fac-3c67-4995-a63d-23a98224be2a,2022 Photographs,Dataset contains photographs from 2022 excavation.,"OCHRE link: <a href=""https://pi.lib.uchicago.edu/1001/org/ochre/a20c2fac-3c67-4995-a63d-23a98224be2a"">https://pi.lib.uchicago.edu/1001/org/ochre/a20c2fac-3c67-4995-a63d-23a98224be2a</a>"
A22_34387.jpg,https://pi.lib.uchicago.edu/1001/org/ochre/a72a2435-b4b7-42cc-a7ba-4d579a447aa6,2022 Photographs,Dataset contains photographs from 2022 excavation.,"OCHRE link: <a href=""https://pi.lib.uchicago.edu/1001/org/ochre/a72a2435-b4b7-42cc-a7ba-4d579a447aa6"">https://pi.lib.uchicago.edu/1001/org/ochre/a72a2435-b4b7-42cc-a7ba-4d579a447aa6</a>"
A22_34388.jpg,https://pi.lib.uchicago.edu/1001/org/ochre/ca632b77-27d4-4e9b-a087-cee838c42e54,2022 Photographs,Dataset contains photographs from 2022 excavation.,"OCHRE link: <a href=""https://pi.lib.uchicago.edu/1001/org/ochre/ca632b77-27d4-4e9b-a087-cee838c42e54"">https://pi.lib.uchicago.edu/1001/org/ochre/ca632b77-27d4-4e9b-a087-cee838c42e54</a>"
A22_34389.jpg,https://pi.lib.uchicago.edu/1001/org/ochre/d91a0701-75ab-478d-8f92-bc53792899f1,2022 Photographs,Dataset contains photographs from 2022 excavation.,"OCHRE link: <a href=""https://pi.lib.uchicago.edu/1001/org/ochre/d91a0701-75ab-478d-8f92-bc53792899f1"">https://pi.lib.uchicago.edu/1001/org/ochre/d91a0701-75ab-478d-8f92-bc53792899f1</a>"
A22_34390.jpg,https://pi.lib.uchicago.edu/1001/org/ochre/beb7ac46-6f58-40f5-88e0-38b2273d13a2,2022 Photographs,Dataset contains photographs from 2022 excavation.,"OCHRE link: <a href=""https://pi.lib.uchicago.edu/1001/org/ochre/beb7ac46-6f58-40f5-88e0-38b2273d13a2"">https://pi.lib.uchicago.edu/1001/org/ochre/beb7ac46-6f58-40f5-88e0-38b2273d13a2</a>"
A22_34391.jpg,https://pi.lib.uchicago.edu/1001/org/ochre/851d11a0-8edf-4ece-bf5f-94885416c660,2022 Photographs,Dataset contains photographs from 2022 excavation.,"OCHRE link: <a href=""https://pi.lib.uchicago.edu/1001/org/ochre/851d11a0-8edf-4ece-bf5f-94885416c660"">https://pi.lib.uchicago.edu/1001/org/ochre/851d11a0-8edf-4ece-bf5f-94885416c660</a>"
A22_34392.jpg,https://pi.lib.uchicago.edu/1001/org/ochre/caf782e0-707d-460b-9fcb-0dbb6bfd8663,2022 Photographs,Dataset contains photographs from 2022 excavation.,"OCHRE link: <a href=""https://pi.lib.uchicago.edu/1001/org/ochre/caf782e0-707d-460b-9fcb-0dbb6bfd8663"">https://pi.lib.uchicago.edu/1001/org/ochre/caf782e0-707d-460b-9fcb-0dbb6bfd8663</a>"
A22_34393.jpg,https://pi.lib.uchicago.edu/1001/org/ochre/58b4c4cd-fbdb-424a-8b00-91b2fb8bc7b8,2022 Photographs,Dataset contains photographs from 2022 excavation.,"OCHRE link: <a href=""https://pi.lib.uchicago.edu/1001/org/ochre/58b4c4cd-fbdb-424a-8b00-91b2fb8bc7b8"">https://pi.lib.uchicago.edu/1001/org/ochre/58b4c4cd-fbdb-424a-8b00-91b2fb8bc7b8</a>"
A22_34394.jpg,https://pi.lib.uchicago.edu/1001/org/ochre/0d913930-e0fc-478e-a646-123f31d31317,2022 Photographs,Dataset contains photographs from 2022 excavation.,"OCHRE link: <a href=""https://pi.lib.uchicago.edu/1001/org/ochre/0d913930-e0fc-478e-a646-123f31d31317"">https://pi.lib.uchicago.edu/1001/org/ochre/0d913930-e0fc-478e-a646-123f31d31317</a>"
A22_34395.jpg,https://pi.lib.uchicago.edu/1001/org/ochre/90ed0cbf-a958-43e0-8b41-61cacbb50c62,2022 Photographs,Dataset contains photographs from 2022 excavation.,"OCHRE link: <a href=""https://pi.lib.uchicago.edu/1001/org/ochre/90ed0cbf-a958-43e0-8b41-61cacbb50c62"">https://pi.lib.uchicago.edu/1001/org/ochre/90ed0cbf-a958-43e0-8b41-61cacbb50c62</a>"
A22_34396.jpg,https://pi.lib.uchicago.edu/1001/org/ochre/153e7a9b-804f-44a9-a214-ae55fd106272,2022 Photographs,Dataset contains photographs from 2022 excavation.,"OCHRE link: <a href=""https://pi.lib.uchicago.edu/1001/org/ochre/153e7a9b-804f-44a9-a214-ae55fd106272"">https://pi.lib.uchicago.edu/1001/org/ochre/153e7a9b-804f-44a9-a214-ae55fd106272</a>"
A22_34397.jpg,https://pi.lib.uchicago.edu/1001/org/ochre/303655f3-8649-4658-bd40-2d125009da45,2022 Photographs,Dataset contains photographs from 2022 excavation.,"OCHRE link: <a href=""https://pi.lib.uchicago.edu/1001/org/ochre/303655f3-8649-4658-bd40-2d125009da45"">https://pi.lib.uchicago.edu/1001/org/ochre/303655f3-8649-4658-bd40-2d125009da45</a>"
A22_34398.jpg,https://pi.lib.uchicago.edu/1001/org/ochre/7f37b3ed-fce6-4d18-afa3-b960d26dab05,2022 Photographs,Dataset contains photographs from 2022 excavation.,"OCHRE link: <a href=""https://pi.lib.uchicago.edu/1001/org/ochre/7f37b3ed-fce6-4d18-afa3-b960d26dab05"">https://pi.lib.uchicago.edu/1001/org/ochre/7f37b3ed-fce6-4d18-afa3-b960d26dab05</a>"
A22_34399.jpg,https://pi.lib.uchicago.edu/1001/org/ochre/471d407c-eada-43c9-897c-5e6985626002,2022 Photographs,Dataset contains photographs from 2022 excavation.,"OCHRE link: <a href=""https://pi.lib.uchicago.edu/1001/org/ochre/471d407c-eada-43c9-897c-5e6985626002"">https://pi.lib.uchicago.edu/1001/org/ochre/471d407c-eada-43c9-897c-5e6985626002</a>"
A22_34400.jpg,https://pi.lib.uchicago.edu/1001/org/ochre/ef14fa8c-5efd-4cdf-823f-8c37dad0dc85,2022 Photographs,Dataset contains photographs from 2022 excavation.,"OCHRE link: <a href=""https://pi.lib.uchicago.edu/1001/org/ochre/ef14fa8c-5efd-4cdf-823f-8c37dad0dc85"">https://pi.lib.uchicago.edu/1001/org/ochre/ef14fa8c-5efd-4cdf-823f-8c37dad0dc85</a>"
A22_34401.jpg,https://pi.lib.uchicago.edu/1001/org/ochre/43a24d70-6f85-47af-a26e-160ddf1dcdea,2022 Photographs,Dataset contains photographs from 2022 excavation.,"OCHRE link: <a href=""https://pi.lib.uchicago.edu/1001/org/ochre/43a24d70-6f85-47af-a26e-160ddf1dcdea"">https://pi.lib.uchicago.edu/1001/org/ochre/43a24d70-6f85-47af-a26e-160ddf1dcdea</a>"
A22_34402.jpg,https://pi.lib.uchicago.edu/1001/org/ochre/d68a8a16-3368-4537-95e1-65f86190f72c,2022 Photographs,Dataset contains photographs from 2022 excavation.,"OCHRE link: <a href=""https://pi.lib.uchicago.edu/1001/org/ochre/d68a8a16-3368-4537-95e1-65f86190f72c"">https://pi.lib.uchicago.edu/1001/org/ochre/d68a8a16-3368-4537-95e1-65f86190f72c</a>"
A22_34403.jpg,https://pi.lib.uchicago.edu/1001/org/ochre/3b82d2c0-4612-4584-a5e7-aabf74b2afdf,2022 Photographs,Dataset contains photographs from 2022 excavation.,"OCHRE link: <a href=""https://pi.lib.uchicago.edu/1001/org/ochre/3b82d2c0-4612-4584-a5e7-aabf74b2afdf"">https://pi.lib.uchicago.edu/1001/org/ochre/3b82d2c0-4612-4584-a5e7-aabf74b2afdf</a>"
A22_34404.jpg,https://pi.lib.uchicago.edu/1001/org/ochre/6ff00718-3f5a-4bf2-9136-84cc6300ecee,2022 Photographs,Dataset contains photographs from 2022 excavation.,"OCHRE link: <a href=""https://pi.lib.uchicago.edu/1001/org/ochre/6ff00718-3f5a-4bf2-9136-84cc6300ecee"">https://pi.lib.uchicago.edu/1001/org/ochre/6ff00718-3f5a-4bf2-9136-84cc6300ecee</a>"
A22_34405.jpg,https://pi.lib.uchicago.edu/1001/org/ochre/f73585ca-c4ba-4538-8137-59a2ff1db834,2022 Photographs,Dataset contains photographs from 2022 excavation.,"OCHRE link: <a href=""https://pi.lib.uchicago.edu/1001/org/ochre/f73585ca-c4ba-4538-8137-59a2ff1db834"">https://pi.lib.uchicago.edu/1001/org/ochre/f73585ca-c4ba-4538-8137-59a2ff1db834</a>"
A22_34406.jpg,https://pi.lib.uchicago.edu/1001/org/ochre/3a1d36ee-f9f1-4905-9fc8-d709ca7e08a1,2022 Photographs,Dataset contains photographs from 2022 excavation.,"OCHRE link: <a href=""https://pi.lib.uchicago.edu/1001/org/ochre/3a1d36ee-f9f1-4905-9fc8-d709ca7e08a1"">https://pi.lib.uchicago.edu/1001/org/ochre/3a1d36ee-f9f1-4905-9fc8-d709ca7e08a1</a>"
A22_34407.jpg,https://pi.lib.uchicago.edu/1001/org/ochre/a200c684-50cf-452f-8c37-55ec1332f720,2022 Photographs,Dataset contains photographs from 2022 excavation.,"OCHRE link: <a href=""https://pi.lib.uchicago.edu/1001/org/ochre/a200c684-50cf-452f-8c37-55ec1332f720"">https://pi.lib.uchicago.edu/1001/org/ochre/a200c684-50cf-452f-8c37-55ec1332f720</a>"
A22_34408.jpg,https://pi.lib.uchicago.edu/1001/org/ochre/f41042e3-3a4f-4244-ae43-22bfa486c9f6,2022 Photographs,Dataset contains photographs from 2022 excavation.,"OCHRE link: <a href=""https://pi.lib.uchicago.edu/1001/org/ochre/f41042e3-3a4f-4244-ae43-22bfa486c9f6"">https://pi.lib.uchicago.edu/1001/org/ochre/f41042e3-3a4f-4244-ae43-22bfa486c9f6</a>"
A22_34409.jpg,https://pi.lib.uchicago.edu/1001/org/ochre/16e93b32-fb55-4248-a8a1-523d7a1a6c60,2022 Photographs,Dataset contains photographs from 2022 excavation.,"OCHRE link: <a href=""https://pi.lib.uchicago.edu/1001/org/ochre/16e93b32-fb55-4248-a8a1-523d7a1a6c60"">https://pi.lib.uchicago.edu/1001/org/ochre/16e93b32-fb55-4248-a8a1-523d7a1a6c60</a>"
A22_34410.jpg,https://pi.lib.uchicago.edu/1001/org/ochre/da3b7ed8-ef62-4d15-89be-d7ca4806ddd0,2022 Photographs,Dataset contains photographs from 2022 excavation.,"OCHRE link: <a href=""https://pi.lib.uchicago.edu/1001/org/ochre/da3b7ed8-ef62-4d15-89be-d7ca4806ddd0"">https://pi.lib.uchicago.edu/1001/org/ochre/da3b7ed8-ef62-4d15-89be-d7ca4806ddd0</a>"
A22_34411.jpg,https://pi.lib.uchicago.edu/1001/org/ochre/a3520c54-a346-42e9-8835-0653c0bbbe1e,2022 Photographs,Dataset contains photographs from 2022 excavation.,"OCHRE link: <a href=""https://pi.lib.uchicago.edu/1001/org/ochre/a3520c54-a346-42e9-8835-0653c0bbbe1e"">https://pi.lib.uchicago.edu/1001/org/ochre/a3520c54-a346-42e9-8835-0653c0bbbe1e</a>"
A22_34412.jpg,https://pi.lib.uchicago.edu/1001/org/ochre/601ce4de-1fa8-4967-95bb-1eab6c1c3f4c,2022 Photographs,Dataset contains photographs from 2022 excavation.,"OCHRE link: <a href=""https://pi.lib.uchicago.edu/1001/org/ochre/601ce4de-1fa8-4967-95bb-1eab6c1c3f4c"">https://pi.lib.uchicago.edu/1001/org/ochre/601ce4de-1fa8-4967-95bb-1eab6c1c3f4c</a>"
A22_34413.jpg,https://pi.lib.uchicago.edu/1001/org/ochre/e9808b51-8195-4c22-8dac-fd233ab44e2f,2022 Photographs,Dataset contains photographs from 2022 excavation.,"OCHRE link: <a href=""https://pi.lib.uchicago.edu/1001/org/ochre/e9808b51-8195-4c22-8dac-fd233ab44e2f"">https://pi.lib.uchicago.edu/1001/org/ochre/e9808b51-8195-4c22-8dac-fd233ab44e2f</a>"
A22_34414.jpg,https://pi.lib.uchicago.edu/1001/org/ochre/2e579dd7-3626-4f31-8481-0c6e9a456645,2022 Photographs,Dataset contains photographs from 2022 excavation.,"OCHRE link: <a href=""https://pi.lib.uchicago.edu/1001/org/ochre/2e579dd7-3626-4f31-8481-0c6e9a456645"">https://pi.lib.uchicago.edu/1001/org/ochre/2e579dd7-3626-4f31-8481-0c6e9a456645</a>"
A22_34415.jpg,https://pi.lib.uchicago.edu/1001/org/ochre/7a9628e1-a783-4fa9-b342-a4461ddb3ed4,2022 Photographs,Dataset contains photographs from 2022 excavation.,"OCHRE link: <a href=""https://pi.lib.uchicago.edu/1001/org/ochre/7a9628e1-a783-4fa9-b342-a4461ddb3ed4"">https://pi.lib.uchicago.edu/1001/org/ochre/7a9628e1-a783-4fa9-b342-a4461ddb3ed4</a>"
A22_34416.jpg,https://pi.lib.uchicago.edu/1001/org/ochre/7392a169-b4e7-4be6-beeb-b75d70d4e238,2022 Photographs,Dataset contains photographs from 2022 excavation.,"OCHRE link: <a href=""https://pi.lib.uchicago.edu/1001/org/ochre/7392a169-b4e7-4be6-beeb-b75d70d4e238"">https://pi.lib.uchicago.edu/1001/org/ochre/7392a169-b4e7-4be6-beeb-b75d70d4e238</a>"
A22_34417.jpg,https://pi.lib.uchicago.edu/1001/org/ochre/9a88df5e-ed2b-4664-ac51-37afdcc26117,2022 Photographs,Dataset contains photographs from 2022 excavation.,"OCHRE link: <a href=""https://pi.lib.uchicago.edu/1001/org/ochre/9a88df5e-ed2b-4664-ac51-37afdcc26117"">https://pi.lib.uchicago.edu/1001/org/ochre/9a88df5e-ed2b-4664-ac51-37afdcc26117</a>"
A22_34418.jpg,https://pi.lib.uchicago.edu/1001/org/ochre/942b53fb-73d8-4328-9526-be538176c40f,2022 Photographs,Dataset contains photographs from 2022 excavation.,"OCHRE link: <a href=""https://pi.lib.uchicago.edu/1001/org/ochre/942b53fb-73d8-4328-9526-be538176c40f"">https://pi.lib.uchicago.edu/1001/org/ochre/942b53fb-73d8-4328-9526-be538176c40f</a>"
A22_34419.jpg,https://pi.lib.uchicago.edu/1001/org/ochre/63e06f2f-b6df-4d88-91a7-8d8d3840f0c4,2022 Photographs,Dataset contains photographs from 2022 excavation.,"OCHRE link: <a href=""https://pi.lib.uchicago.edu/1001/org/ochre/63e06f2f-b6df-4d88-91a7-8d8d3840f0c4"">https://pi.lib.uchicago.edu/1001/org/ochre/63e06f2f-b6df-4d88-91a7-8d8d3840f0c4</a>"
A22_34420.jpg,https://pi.lib.uchicago.edu/1001/org/ochre/048a8161-7db9-4821-b0c5-9e8aba329ce0,2022 Photographs,Dataset contains photographs from 2022 excavation.,"OCHRE link: <a href=""https://pi.lib.uchicago.edu/1001/org/ochre/048a8161-7db9-4821-b0c5-9e8aba329ce0"">https://pi.lib.uchicago.edu/1001/org/ochre/048a8161-7db9-4821-b0c5-9e8aba329ce0</a>"
A22_34421.jpg,https://pi.lib.uchicago.edu/1001/org/ochre/ad4a6618-b16d-446f-8c27-cdd84af5660c,2022 Photographs,Dataset contains photographs from 2022 excavation.,"OCHRE link: <a href=""https://pi.lib.uchicago.edu/1001/org/ochre/ad4a6618-b16d-446f-8c27-cdd84af5660c"">https://pi.lib.uchicago.edu/1001/org/ochre/ad4a6618-b16d-446f-8c27-cdd84af5660c</a>"
A22_34422.jpg,https://pi.lib.uchicago.edu/1001/org/ochre/48033a01-7ecd-4b41-ab47-5f66c805f72b,2022 Photographs,Dataset contains photographs from 2022 excavation.,"OCHRE link: <a href=""https://pi.lib.uchicago.edu/1001/org/ochre/48033a01-7ecd-4b41-ab47-5f66c805f72b"">https://pi.lib.uchicago.edu/1001/org/ochre/48033a01-7ecd-4b41-ab47-5f66c805f72b</a>"
A22_34423.jpg,https://pi.lib.uchicago.edu/1001/org/ochre/c77bc800-d935-4061-bb66-837c58a5ffb6,2022 Photographs,Dataset contains photographs from 2022 excavation.,"OCHRE link: <a href=""https://pi.lib.uchicago.edu/1001/org/ochre/c77bc800-d935-4061-bb66-837c58a5ffb6"">https://pi.lib.uchicago.edu/1001/org/ochre/c77bc800-d935-4061-bb66-837c58a5ffb6</a>"
A22_34424.jpg,https://pi.lib.uchicago.edu/1001/org/ochre/86d134da-5463-443e-ba0d-dc19a5e6a10c,2022 Photographs,Dataset contains photographs from 2022 excavation.,"OCHRE link: <a href=""https://pi.lib.uchicago.edu/1001/org/ochre/86d134da-5463-443e-ba0d-dc19a5e6a10c"">https://pi.lib.uchicago.edu/1001/org/ochre/86d134da-5463-443e-ba0d-dc19a5e6a10c</a>"
A22_34425.jpg,https://pi.lib.uchicago.edu/1001/org/ochre/c06f1078-642d-4869-bffa-a63bdf536536,2022 Photographs,Dataset contains photographs from 2022 excavation.,"OCHRE link: <a href=""https://pi.lib.uchicago.edu/1001/org/ochre/c06f1078-642d-4869-bffa-a63bdf536536"">https://pi.lib.uchicago.edu/1001/org/ochre/c06f1078-642d-4869-bffa-a63bdf536536</a>"
A22_34426.jpg,https://pi.lib.uchicago.edu/1001/org/ochre/578523c7-ba6d-48bc-941d-e2a104e1d3e1,2022 Photographs,Dataset contains photographs from 2022 excavation.,"OCHRE link: <a href=""https://pi.lib.uchicago.edu/1001/org/ochre/578523c7-ba6d-48bc-941d-e2a104e1d3e1"">https://pi.lib.uchicago.edu/1001/org/ochre/578523c7-ba6d-48bc-941d-e2a104e1d3e1</a>"
A22_34427.jpg,https://pi.lib.uchicago.edu/1001/org/ochre/7bb63cb9-f3b5-4a98-b52c-4f496c6982af,2022 Photographs,Dataset contains photographs from 2022 excavation.,"OCHRE link: <a href=""https://pi.lib.uchicago.edu/1001/org/ochre/7bb63cb9-f3b5-4a98-b52c-4f496c6982af"">https://pi.lib.uchicago.edu/1001/org/ochre/7bb63cb9-f3b5-4a98-b52c-4f496c6982af</a>"
A22_34428.jpg,https://pi.lib.uchicago.edu/1001/org/ochre/e34db7e6-a66c-44ed-a722-8ae85867c4b5,2022 Photographs,Dataset contains photographs from 2022 excavation.,"OCHRE link: <a href=""https://pi.lib.uchicago.edu/1001/org/ochre/e34db7e6-a66c-44ed-a722-8ae85867c4b5"">https://pi.lib.uchicago.edu/1001/org/ochre/e34db7e6-a66c-44ed-a722-8ae85867c4b5</a>"
A22_34429.jpg,https://pi.lib.uchicago.edu/1001/org/ochre/4bd895d0-a90a-4ec0-88cd-56d7d0bbba0f,2022 Photographs,Dataset contains photographs from 2022 excavation.,"OCHRE link: <a href=""https://pi.lib.uchicago.edu/1001/org/ochre/4bd895d0-a90a-4ec0-88cd-56d7d0bbba0f"">https://pi.lib.uchicago.edu/1001/org/ochre/4bd895d0-a90a-4ec0-88cd-56d7d0bbba0f</a>"
A22_34430.jpg,https://pi.lib.uchicago.edu/1001/org/ochre/27d1d776-a762-4c9b-aa8b-0c650cbf9b55,2022 Photographs,Dataset contains photographs from 2022 excavation.,"OCHRE link: <a href=""https://pi.lib.uchicago.edu/1001/org/ochre/27d1d776-a762-4c9b-aa8b-0c650cbf9b55"">https://pi.lib.uchicago.edu/1001/org/ochre/27d1d776-a762-4c9b-aa8b-0c650cbf9b55</a>"
A22_34431.jpg,https://pi.lib.uchicago.edu/1001/org/ochre/96ecb539-ffe5-4344-ac56-084c4cff37d3,2022 Photographs,Dataset contains photographs from 2022 excavation.,"OCHRE link: <a href=""https://pi.lib.uchicago.edu/1001/org/ochre/96ecb539-ffe5-4344-ac56-084c4cff37d3"">https://pi.lib.uchicago.edu/1001/org/ochre/96ecb539-ffe5-4344-ac56-084c4cff37d3</a>"
A22_34432.jpg,https://pi.lib.uchicago.edu/1001/org/ochre/c156eebe-de81-40d0-8c59-24a75b2a385e,2022 Photographs,Dataset contains photographs from 2022 excavation.,"OCHRE link: <a href=""https://pi.lib.uchicago.edu/1001/org/ochre/c156eebe-de81-40d0-8c59-24a75b2a385e"">https://pi.lib.uchicago.edu/1001/org/ochre/c156eebe-de81-40d0-8c59-24a75b2a385e</a>"
A22_34433.jpg,https://pi.lib.uchicago.edu/1001/org/ochre/ae5ba45b-9b41-46d0-a684-f327d5602ad7,2022 Photographs,Dataset contains photographs from 2022 excavation.,"OCHRE link: <a href=""https://pi.lib.uchicago.edu/1001/org/ochre/ae5ba45b-9b41-46d0-a684-f327d5602ad7"">https://pi.lib.uchicago.edu/1001/org/ochre/ae5ba45b-9b41-46d0-a684-f327d5602ad7</a>"
A22_34434.jpg,https://pi.lib.uchicago.edu/1001/org/ochre/f11c4ab5-f5a5-446a-8bac-af54c01d6665,2022 Photographs,Dataset contains photographs from 2022 excavation.,"OCHRE link: <a href=""https://pi.lib.uchicago.edu/1001/org/ochre/f11c4ab5-f5a5-446a-8bac-af54c01d6665"">https://pi.lib.uchicago.edu/1001/org/ochre/f11c4ab5-f5a5-446a-8bac-af54c01d6665</a>"
A22_34435.jpg,https://pi.lib.uchicago.edu/1001/org/ochre/c9e9037f-b566-4fcf-8862-08cb22508a33,2022 Photographs,Dataset contains photographs from 2022 excavation.,"OCHRE link: <a href=""https://pi.lib.uchicago.edu/1001/org/ochre/c9e9037f-b566-4fcf-8862-08cb22508a33"">https://pi.lib.uchicago.edu/1001/org/ochre/c9e9037f-b566-4fcf-8862-08cb22508a33</a>"
A22_34436.jpg,https://pi.lib.uchicago.edu/1001/org/ochre/e54acd77-bdfb-409b-b384-b13cb7692701,2022 Photographs,Dataset contains photographs from 2022 excavation.,"OCHRE link: <a href=""https://pi.lib.uchicago.edu/1001/org/ochre/e54acd77-bdfb-409b-b384-b13cb7692701"">https://pi.lib.uchicago.edu/1001/org/ochre/e54acd77-bdfb-409b-b384-b13cb7692701</a>"
A22_34437.jpg,https://pi.lib.uchicago.edu/1001/org/ochre/388605d9-88bb-4c0b-a069-24d4580619d6,2022 Photographs,Dataset contains photographs from 2022 excavation.,"OCHRE link: <a href=""https://pi.lib.uchicago.edu/1001/org/ochre/388605d9-88bb-4c0b-a069-24d4580619d6"">https://pi.lib.uchicago.edu/1001/org/ochre/388605d9-88bb-4c0b-a069-24d4580619d6</a>"
A22_34438.jpg,https://pi.lib.uchicago.edu/1001/org/ochre/49b2a164-f7c5-4563-9a8e-26f6bd2f8a6c,2022 Photographs,Dataset contains photographs from 2022 excavation.,"OCHRE link: <a href=""https://pi.lib.uchicago.edu/1001/org/ochre/49b2a164-f7c5-4563-9a8e-26f6bd2f8a6c"">https://pi.lib.uchicago.edu/1001/org/ochre/49b2a164-f7c5-4563-9a8e-26f6bd2f8a6c</a>"
A22_34439.jpg,https://pi.lib.uchicago.edu/1001/org/ochre/e7bd90da-49b3-4dd5-9d01-eeddba5a3a68,2022 Photographs,Dataset contains photographs from 2022 excavation.,"OCHRE link: <a href=""https://pi.lib.uchicago.edu/1001/org/ochre/e7bd90da-49b3-4dd5-9d01-eeddba5a3a68"">https://pi.lib.uchicago.edu/1001/org/ochre/e7bd90da-49b3-4dd5-9d01-eeddba5a3a68</a>"
A22_34440.jpg,https://pi.lib.uchicago.edu/1001/org/ochre/0c8fb8b9-7484-4651-ad78-fb978ce5d28e,2022 Photographs,Dataset contains photographs from 2022 excavation.,"OCHRE link: <a href=""https://pi.lib.uchicago.edu/1001/org/ochre/0c8fb8b9-7484-4651-ad78-fb978ce5d28e"">https://pi.lib.uchicago.edu/1001/org/ochre/0c8fb8b9-7484-4651-ad78-fb978ce5d28e</a>"
A22_34441.jpg,https://pi.lib.uchicago.edu/1001/org/ochre/13159d54-0c06-4edf-b958-719986e18dfc,2022 Photographs,Dataset contains photographs from 2022 excavation.,"OCHRE link: <a href=""https://pi.lib.uchicago.edu/1001/org/ochre/13159d54-0c06-4edf-b958-719986e18dfc"">https://pi.lib.uchicago.edu/1001/org/ochre/13159d54-0c06-4edf-b958-719986e18dfc</a>"
A22_34442.jpg,https://pi.lib.uchicago.edu/1001/org/ochre/f3f7b951-86f5-4a14-999e-673565098a0b,2022 Photographs,Dataset contains photographs from 2022 excavation.,"OCHRE link: <a href=""https://pi.lib.uchicago.edu/1001/org/ochre/f3f7b951-86f5-4a14-999e-673565098a0b"">https://pi.lib.uchicago.edu/1001/org/ochre/f3f7b951-86f5-4a14-999e-673565098a0b</a>"
A22_34443.jpg,https://pi.lib.uchicago.edu/1001/org/ochre/cd3d7742-e564-4fad-ac8c-04c4af20e83d,2022 Photographs,Dataset contains photographs from 2022 excavation.,"OCHRE link: <a href=""https://pi.lib.uchicago.edu/1001/org/ochre/cd3d7742-e564-4fad-ac8c-04c4af20e83d"">https://pi.lib.uchicago.edu/1001/org/ochre/cd3d7742-e564-4fad-ac8c-04c4af20e83d</a>"
A22_34444.jpg,https://pi.lib.uchicago.edu/1001/org/ochre/1042c3df-1aff-4ec8-9218-3b8eef305fc0,2022 Photographs,Dataset contains photographs from 2022 excavation.,"OCHRE link: <a href=""https://pi.lib.uchicago.edu/1001/org/ochre/1042c3df-1aff-4ec8-9218-3b8eef305fc0"">https://pi.lib.uchicago.edu/1001/org/ochre/1042c3df-1aff-4ec8-9218-3b8eef305fc0</a>"
A22_34445.jpg,https://pi.lib.uchicago.edu/1001/org/ochre/39f55f0f-2e84-407c-9408-f6825e63a0e9,2022 Photographs,Dataset contains photographs from 2022 excavation.,"OCHRE link: <a href=""https://pi.lib.uchicago.edu/1001/org/ochre/39f55f0f-2e84-407c-9408-f6825e63a0e9"">https://pi.lib.uchicago.edu/1001/org/ochre/39f55f0f-2e84-407c-9408-f6825e63a0e9</a>"
A22_34446.jpg,https://pi.lib.uchicago.edu/1001/org/ochre/1964cd37-8fd4-4d31-980c-c395c7a6e8ff,2022 Photographs,Dataset contains photographs from 2022 excavation.,"OCHRE link: <a href=""https://pi.lib.uchicago.edu/1001/org/ochre/1964cd37-8fd4-4d31-980c-c395c7a6e8ff"">https://pi.lib.uchicago.edu/1001/org/ochre/1964cd37-8fd4-4d31-980c-c395c7a6e8ff</a>"
A22_34447.jpg,https://pi.lib.uchicago.edu/1001/org/ochre/89eb015b-56e9-49d9-97b0-78ba796532fb,2022 Photographs,Dataset contains photographs from 2022 excavation.,"OCHRE link: <a href=""https://pi.lib.uchicago.edu/1001/org/ochre/89eb015b-56e9-49d9-97b0-78ba796532fb"">https://pi.lib.uchicago.edu/1001/org/ochre/89eb015b-56e9-49d9-97b0-78ba796532fb</a>"
A22_34448.jpg,https://pi.lib.uchicago.edu/1001/org/ochre/46ebd9c0-a159-4b8b-a4da-0600a0275642,2022 Photographs,Dataset contains photographs from 2022 excavation.,"OCHRE link: <a href=""https://pi.lib.uchicago.edu/1001/org/ochre/46ebd9c0-a159-4b8b-a4da-0600a0275642"">https://pi.lib.uchicago.edu/1001/org/ochre/46ebd9c0-a159-4b8b-a4da-0600a0275642</a>"
A22_34449.jpg,https://pi.lib.uchicago.edu/1001/org/ochre/57f92f3e-6e7f-4923-b6d4-3f290a01ff19,2022 Photographs,Dataset contains photographs from 2022 excavation.,"OCHRE link: <a href=""https://pi.lib.uchicago.edu/1001/org/ochre/57f92f3e-6e7f-4923-b6d4-3f290a01ff19"">https://pi.lib.uchicago.edu/1001/org/ochre/57f92f3e-6e7f-4923-b6d4-3f290a01ff19</a>"
A22_34450.jpg,https://pi.lib.uchicago.edu/1001/org/ochre/c7563d1d-2323-4193-8850-6d51f9d33027,2022 Photographs,Dataset contains photographs from 2022 excavation.,"OCHRE link: <a href=""https://pi.lib.uchicago.edu/1001/org/ochre/c7563d1d-2323-4193-8850-6d51f9d33027"">https://pi.lib.uchicago.edu/1001/org/ochre/c7563d1d-2323-4193-8850-6d51f9d33027</a>"
A22_34451.jpg,https://pi.lib.uchicago.edu/1001/org/ochre/1ac17271-577d-4184-a5a1-ae41b7263715,2022 Photographs,Dataset contains photographs from 2022 excavation.,"OCHRE link: <a href=""https://pi.lib.uchicago.edu/1001/org/ochre/1ac17271-577d-4184-a5a1-ae41b7263715"">https://pi.lib.uchicago.edu/1001/org/ochre/1ac17271-577d-4184-a5a1-ae41b7263715</a>"
A22_34452.jpg,https://pi.lib.uchicago.edu/1001/org/ochre/6d7dfbb1-54b7-4ecf-b642-25df5a06562b,2022 Photographs,Dataset contains photographs from 2022 excavation.,"OCHRE link: <a href=""https://pi.lib.uchicago.edu/1001/org/ochre/6d7dfbb1-54b7-4ecf-b642-25df5a06562b"">https://pi.lib.uchicago.edu/1001/org/ochre/6d7dfbb1-54b7-4ecf-b642-25df5a06562b</a>"
A22_34453.jpg,https://pi.lib.uchicago.edu/1001/org/ochre/3ef1656c-c041-4b38-8b0e-4ab88bf5f3b8,2022 Photographs,Dataset contains photographs from 2022 excavation.,"OCHRE link: <a href=""https://pi.lib.uchicago.edu/1001/org/ochre/3ef1656c-c041-4b38-8b0e-4ab88bf5f3b8"">https://pi.lib.uchicago.edu/1001/org/ochre/3ef1656c-c041-4b38-8b0e-4ab88bf5f3b8</a>"
A22_34454.jpg,https://pi.lib.uchicago.edu/1001/org/ochre/366365f5-78cf-406d-8234-18bda10c3c63,2022 Photographs,Dataset contains photographs from 2022 excavation.,"OCHRE link: <a href=""https://pi.lib.uchicago.edu/1001/org/ochre/366365f5-78cf-406d-8234-18bda10c3c63"">https://pi.lib.uchicago.edu/1001/org/ochre/366365f5-78cf-406d-8234-18bda10c3c63</a>"
A22_34455.jpg,https://pi.lib.uchicago.edu/1001/org/ochre/e6035dee-d4b3-4d30-a02b-7b895a05ab91,2022 Photographs,Dataset contains photographs from 2022 excavation.,"OCHRE link: <a href=""https://pi.lib.uchicago.edu/1001/org/ochre/e6035dee-d4b3-4d30-a02b-7b895a05ab91"">https://pi.lib.uchicago.edu/1001/org/ochre/e6035dee-d4b3-4d30-a02b-7b895a05ab91</a>"
A22_34456.jpg,https://pi.lib.uchicago.edu/1001/org/ochre/684c7fa8-e773-4a2a-b38f-ff8ea73ff25d,2022 Photographs,Dataset contains photographs from 2022 excavation.,"OCHRE link: <a href=""https://pi.lib.uchicago.edu/1001/org/ochre/684c7fa8-e773-4a2a-b38f-ff8ea73ff25d"">https://pi.lib.uchicago.edu/1001/org/ochre/684c7fa8-e773-4a2a-b38f-ff8ea73ff25d</a>"
A22_34457.jpg,https://pi.lib.uchicago.edu/1001/org/ochre/ce62a490-432d-4cbb-aa02-a382928bdc0d,2022 Photographs,Dataset contains photographs from 2022 excavation.,"OCHRE link: <a href=""https://pi.lib.uchicago.edu/1001/org/ochre/ce62a490-432d-4cbb-aa02-a382928bdc0d"">https://pi.lib.uchicago.edu/1001/org/ochre/ce62a490-432d-4cbb-aa02-a382928bdc0d</a>"
A22_34458.jpg,https://pi.lib.uchicago.edu/1001/org/ochre/24547036-f169-48d5-8c9f-4d5ed4b92e45,2022 Photographs,Dataset contains photographs from 2022 excavation.,"OCHRE link: <a href=""https://pi.lib.uchicago.edu/1001/org/ochre/24547036-f169-48d5-8c9f-4d5ed4b92e45"">https://pi.lib.uchicago.edu/1001/org/ochre/24547036-f169-48d5-8c9f-4d5ed4b92e45</a>"
A22_34459.jpg,https://pi.lib.uchicago.edu/1001/org/ochre/d1d6374e-19cc-466d-b849-cce0342b8215,2022 Photographs,Dataset contains photographs from 2022 excavation.,"OCHRE link: <a href=""https://pi.lib.uchicago.edu/1001/org/ochre/d1d6374e-19cc-466d-b849-cce0342b8215"">https://pi.lib.uchicago.edu/1001/org/ochre/d1d6374e-19cc-466d-b849-cce0342b8215</a>"
A22_34460.jpg,https://pi.lib.uchicago.edu/1001/org/ochre/b3426443-171d-4645-af47-5e4cb9d985a6,2022 Photographs,Dataset contains photographs from 2022 excavation.,"OCHRE link: <a href=""https://pi.lib.uchicago.edu/1001/org/ochre/b3426443-171d-4645-af47-5e4cb9d985a6"">https://pi.lib.uchicago.edu/1001/org/ochre/b3426443-171d-4645-af47-5e4cb9d985a6</a>"
A22_34461.jpg,https://pi.lib.uchicago.edu/1001/org/ochre/c4ce0345-dbe8-499e-9a44-f450cbf08418,2022 Photographs,Dataset contains photographs from 2022 excavation.,"OCHRE link: <a href=""https://pi.lib.uchicago.edu/1001/org/ochre/c4ce0345-dbe8-499e-9a44-f450cbf08418"">https://pi.lib.uchicago.edu/1001/org/ochre/c4ce0345-dbe8-499e-9a44-f450cbf08418</a>"
A22_34462.jpg,https://pi.lib.uchicago.edu/1001/org/ochre/2248a998-6ec2-4d23-a858-f4fb382673a3,2022 Photographs,Dataset contains photographs from 2022 excavation.,"OCHRE link: <a href=""https://pi.lib.uchicago.edu/1001/org/ochre/2248a998-6ec2-4d23-a858-f4fb382673a3"">https://pi.lib.uchicago.edu/1001/org/ochre/2248a998-6ec2-4d23-a858-f4fb382673a3</a>"
A22_34463.jpg,https://pi.lib.uchicago.edu/1001/org/ochre/e308211b-48b3-44a5-a654-0b2a1dde67a0,2022 Photographs,Dataset contains photographs from 2022 excavation.,"OCHRE link: <a href=""https://pi.lib.uchicago.edu/1001/org/ochre/e308211b-48b3-44a5-a654-0b2a1dde67a0"">https://pi.lib.uchicago.edu/1001/org/ochre/e308211b-48b3-44a5-a654-0b2a1dde67a0</a>"
A22_34464.jpg,https://pi.lib.uchicago.edu/1001/org/ochre/6bc6c401-5161-4354-a995-784c15602295,2022 Photographs,Dataset contains photographs from 2022 excavation.,"OCHRE link: <a href=""https://pi.lib.uchicago.edu/1001/org/ochre/6bc6c401-5161-4354-a995-784c15602295"">https://pi.lib.uchicago.edu/1001/org/ochre/6bc6c401-5161-4354-a995-784c15602295</a>"
A22_34465.jpg,https://pi.lib.uchicago.edu/1001/org/ochre/c227c028-ed44-4faa-bc2a-7f8bc244f834,2022 Photographs,Dataset contains photographs from 2022 excavation.,"OCHRE link: <a href=""https://pi.lib.uchicago.edu/1001/org/ochre/c227c028-ed44-4faa-bc2a-7f8bc244f834"">https://pi.lib.uchicago.edu/1001/org/ochre/c227c028-ed44-4faa-bc2a-7f8bc244f834</a>"
A22_34466.jpg,https://pi.lib.uchicago.edu/1001/org/ochre/c1ec6cef-a02b-48bf-9ee3-83eba9b77312,2022 Photographs,Dataset contains photographs from 2022 excavation.,"OCHRE link: <a href=""https://pi.lib.uchicago.edu/1001/org/ochre/c1ec6cef-a02b-48bf-9ee3-83eba9b77312"">https://pi.lib.uchicago.edu/1001/org/ochre/c1ec6cef-a02b-48bf-9ee3-83eba9b77312</a>"
A22_34467.jpg,https://pi.lib.uchicago.edu/1001/org/ochre/6d805401-3edd-4240-abdf-729786b6b4ad,2022 Photographs,Dataset contains photographs from 2022 excavation.,"OCHRE link: <a href=""https://pi.lib.uchicago.edu/1001/org/ochre/6d805401-3edd-4240-abdf-729786b6b4ad"">https://pi.lib.uchicago.edu/1001/org/ochre/6d805401-3edd-4240-abdf-729786b6b4ad</a>"
A22_34468.jpg,https://pi.lib.uchicago.edu/1001/org/ochre/32d2512d-7796-454c-bd26-ae3f994c9df2,2022 Photographs,Dataset contains photographs from 2022 excavation.,"OCHRE link: <a href=""https://pi.lib.uchicago.edu/1001/org/ochre/32d2512d-7796-454c-bd26-ae3f994c9df2"">https://pi.lib.uchicago.edu/1001/org/ochre/32d2512d-7796-454c-bd26-ae3f994c9df2</a>"
A22_34469.jpg,https://pi.lib.uchicago.edu/1001/org/ochre/25230322-69c7-42d9-8a28-7570673f70ad,2022 Photographs,Dataset contains photographs from 2022 excavation.,"OCHRE link: <a href=""https://pi.lib.uchicago.edu/1001/org/ochre/25230322-69c7-42d9-8a28-7570673f70ad"">https://pi.lib.uchicago.edu/1001/org/ochre/25230322-69c7-42d9-8a28-7570673f70ad</a>"
A22_34470.jpg,https://pi.lib.uchicago.edu/1001/org/ochre/a86de802-dbb2-4c48-9301-d8d810ca6552,2022 Photographs,Dataset contains photographs from 2022 excavation.,"OCHRE link: <a href=""https://pi.lib.uchicago.edu/1001/org/ochre/a86de802-dbb2-4c48-9301-d8d810ca6552"">https://pi.lib.uchicago.edu/1001/org/ochre/a86de802-dbb2-4c48-9301-d8d810ca6552</a>"
A22_34471.jpg,https://pi.lib.uchicago.edu/1001/org/ochre/51e09d3e-cf36-4f59-9c1c-5078234a1a8c,2022 Photographs,Dataset contains photographs from 2022 excavation.,"OCHRE link: <a href=""https://pi.lib.uchicago.edu/1001/org/ochre/51e09d3e-cf36-4f59-9c1c-5078234a1a8c"">https://pi.lib.uchicago.edu/1001/org/ochre/51e09d3e-cf36-4f59-9c1c-5078234a1a8c</a>"
A22_34472.jpg,https://pi.lib.uchicago.edu/1001/org/ochre/ef71ec6d-8506-45cf-a710-9d2da2c333c9,2022 Photographs,Dataset contains photographs from 2022 excavation.,"OCHRE link: <a href=""https://pi.lib.uchicago.edu/1001/org/ochre/ef71ec6d-8506-45cf-a710-9d2da2c333c9"">https://pi.lib.uchicago.edu/1001/org/ochre/ef71ec6d-8506-45cf-a710-9d2da2c333c9</a>"
A22_34473.jpg,https://pi.lib.uchicago.edu/1001/org/ochre/d56d58c6-1806-47be-a94d-2a8af114a6ff,2022 Photographs,Dataset contains photographs from 2022 excavation.,"OCHRE link: <a href=""https://pi.lib.uchicago.edu/1001/org/ochre/d56d58c6-1806-47be-a94d-2a8af114a6ff"">https://pi.lib.uchicago.edu/1001/org/ochre/d56d58c6-1806-47be-a94d-2a8af114a6ff</a>"
A22_34474.jpg,https://pi.lib.uchicago.edu/1001/org/ochre/1c66e732-971b-4a6a-9357-8ed7e8d28b3f,2022 Photographs,Dataset contains photographs from 2022 excavation.,"OCHRE link: <a href=""https://pi.lib.uchicago.edu/1001/org/ochre/1c66e732-971b-4a6a-9357-8ed7e8d28b3f"">https://pi.lib.uchicago.edu/1001/org/ochre/1c66e732-971b-4a6a-9357-8ed7e8d28b3f</a>"
A22_34475.jpg,https://pi.lib.uchicago.edu/1001/org/ochre/78b792ca-ee69-49df-b160-698ce9d3f591,2022 Photographs,Dataset contains photographs from 2022 excavation.,"OCHRE link: <a href=""https://pi.lib.uchicago.edu/1001/org/ochre/78b792ca-ee69-49df-b160-698ce9d3f591"">https://pi.lib.uchicago.edu/1001/org/ochre/78b792ca-ee69-49df-b160-698ce9d3f591</a>"
A22_34476.jpg,https://pi.lib.uchicago.edu/1001/org/ochre/a5075981-42d8-4a17-bbce-7f3a4fcdc394,2022 Photographs,Dataset contains photographs from 2022 excavation.,"OCHRE link: <a href=""https://pi.lib.uchicago.edu/1001/org/ochre/a5075981-42d8-4a17-bbce-7f3a4fcdc394"">https://pi.lib.uchicago.edu/1001/org/ochre/a5075981-42d8-4a17-bbce-7f3a4fcdc394</a>"
A22_34477.jpg,https://pi.lib.uchicago.edu/1001/org/ochre/16154996-2983-4be6-9174-6c10159f61d9,2022 Photographs,Dataset contains photographs from 2022 excavation.,"OCHRE link: <a href=""https://pi.lib.uchicago.edu/1001/org/ochre/16154996-2983-4be6-9174-6c10159f61d9"">https://pi.lib.uchicago.edu/1001/org/ochre/16154996-2983-4be6-9174-6c10159f61d9</a>"
A22_34478.jpg,https://pi.lib.uchicago.edu/1001/org/ochre/d0ad4c8e-b9cf-4328-82dd-7dacbb24ebbe,2022 Photographs,Dataset contains photographs from 2022 excavation.,"OCHRE link: <a href=""https://pi.lib.uchicago.edu/1001/org/ochre/d0ad4c8e-b9cf-4328-82dd-7dacbb24ebbe"">https://pi.lib.uchicago.edu/1001/org/ochre/d0ad4c8e-b9cf-4328-82dd-7dacbb24ebbe</a>"
A22_34479.jpg,https://pi.lib.uchicago.edu/1001/org/ochre/527a1628-6cbd-4597-87e6-8bfb91ff3e23,2022 Photographs,Dataset contains photographs from 2022 excavation.,"OCHRE link: <a href=""https://pi.lib.uchicago.edu/1001/org/ochre/527a1628-6cbd-4597-87e6-8bfb91ff3e23"">https://pi.lib.uchicago.edu/1001/org/ochre/527a1628-6cbd-4597-87e6-8bfb91ff3e23</a>"
A22_34480.jpg,https://pi.lib.uchicago.edu/1001/org/ochre/b0aee8f0-b1ee-4bc5-a126-3d42f631f5e7,2022 Photographs,Dataset contains photographs from 2022 excavation.,"OCHRE link: <a href=""https://pi.lib.uchicago.edu/1001/org/ochre/b0aee8f0-b1ee-4bc5-a126-3d42f631f5e7"">https://pi.lib.uchicago.edu/1001/org/ochre/b0aee8f0-b1ee-4bc5-a126-3d42f631f5e7</a>"
A22_34481.jpg,https://pi.lib.uchicago.edu/1001/org/ochre/5bfd28fa-9971-4cf5-95aa-5c22c6881859,2022 Photographs,Dataset contains photographs from 2022 excavation.,"OCHRE link: <a href=""https://pi.lib.uchicago.edu/1001/org/ochre/5bfd28fa-9971-4cf5-95aa-5c22c6881859"">https://pi.lib.uchicago.edu/1001/org/ochre/5bfd28fa-9971-4cf5-95aa-5c22c6881859</a>"
A22_34482.jpg,https://pi.lib.uchicago.edu/1001/org/ochre/2185b3fc-94f6-4ff2-a914-950785a96c19,2022 Photographs,Dataset contains photographs from 2022 excavation.,"OCHRE link: <a href=""https://pi.lib.uchicago.edu/1001/org/ochre/2185b3fc-94f6-4ff2-a914-950785a96c19"">https://pi.lib.uchicago.edu/1001/org/ochre/2185b3fc-94f6-4ff2-a914-950785a96c19</a>"
A22_34483.jpg,https://pi.lib.uchicago.edu/1001/org/ochre/2d9653ef-7c73-4d15-9bec-3ea9c620a06e,2022 Photographs,Dataset contains photographs from 2022 excavation.,"OCHRE link: <a href=""https://pi.lib.uchicago.edu/1001/org/ochre/2d9653ef-7c73-4d15-9bec-3ea9c620a06e"">https://pi.lib.uchicago.edu/1001/org/ochre/2d9653ef-7c73-4d15-9bec-3ea9c620a06e</a>"
A22_34484.jpg,https://pi.lib.uchicago.edu/1001/org/ochre/02672617-da46-44af-93d9-9f51996178dc,2022 Photographs,Dataset contains photographs from 2022 excavation.,"OCHRE link: <a href=""https://pi.lib.uchicago.edu/1001/org/ochre/02672617-da46-44af-93d9-9f51996178dc"">https://pi.lib.uchicago.edu/1001/org/ochre/02672617-da46-44af-93d9-9f51996178dc</a>"
A22_34485.jpg,https://pi.lib.uchicago.edu/1001/org/ochre/a160da9d-6ae4-474b-b213-2a794718a8b8,2022 Photographs,Dataset contains photographs from 2022 excavation.,"OCHRE link: <a href=""https://pi.lib.uchicago.edu/1001/org/ochre/a160da9d-6ae4-474b-b213-2a794718a8b8"">https://pi.lib.uchicago.edu/1001/org/ochre/a160da9d-6ae4-474b-b213-2a794718a8b8</a>"
A22_34486.jpg,https://pi.lib.uchicago.edu/1001/org/ochre/8d378ec4-d2c2-42bc-8b9a-fa559f05126d,2022 Photographs,Dataset contains photographs from 2022 excavation.,"OCHRE link: <a href=""https://pi.lib.uchicago.edu/1001/org/ochre/8d378ec4-d2c2-42bc-8b9a-fa559f05126d"">https://pi.lib.uchicago.edu/1001/org/ochre/8d378ec4-d2c2-42bc-8b9a-fa559f05126d</a>"
A22_34487.jpg,https://pi.lib.uchicago.edu/1001/org/ochre/996b8db1-3da4-4e46-94ee-92131cbb7643,2022 Photographs,Dataset contains photographs from 2022 excavation.,"OCHRE link: <a href=""https://pi.lib.uchicago.edu/1001/org/ochre/996b8db1-3da4-4e46-94ee-92131cbb7643"">https://pi.lib.uchicago.edu/1001/org/ochre/996b8db1-3da4-4e46-94ee-92131cbb7643</a>"
A22_34488.jpg,https://pi.lib.uchicago.edu/1001/org/ochre/f48b6c27-7d10-4a0d-8827-283e7d8e1ac2,2022 Photographs,Dataset contains photographs from 2022 excavation.,"OCHRE link: <a href=""https://pi.lib.uchicago.edu/1001/org/ochre/f48b6c27-7d10-4a0d-8827-283e7d8e1ac2"">https://pi.lib.uchicago.edu/1001/org/ochre/f48b6c27-7d10-4a0d-8827-283e7d8e1ac2</a>"
A22_34489.jpg,https://pi.lib.uchicago.edu/1001/org/ochre/6ef6ffb4-3b8e-4d67-a4ae-9dafe8739a3f,2022 Photographs,Dataset contains photographs from 2022 excavation.,"OCHRE link: <a href=""https://pi.lib.uchicago.edu/1001/org/ochre/6ef6ffb4-3b8e-4d67-a4ae-9dafe8739a3f"">https://pi.lib.uchicago.edu/1001/org/ochre/6ef6ffb4-3b8e-4d67-a4ae-9dafe8739a3f</a>"
A22_34490.jpg,https://pi.lib.uchicago.edu/1001/org/ochre/2b745299-570c-40b4-adfc-ad1eebf94819,2022 Photographs,Dataset contains photographs from 2022 excavation.,"OCHRE link: <a href=""https://pi.lib.uchicago.edu/1001/org/ochre/2b745299-570c-40b4-adfc-ad1eebf94819"">https://pi.lib.uchicago.edu/1001/org/ochre/2b745299-570c-40b4-adfc-ad1eebf94819</a>"
A22_34491.jpg,https://pi.lib.uchicago.edu/1001/org/ochre/448f2b91-94ec-47ee-be2e-901480c17400,2022 Photographs,Dataset contains photographs from 2022 excavation.,"OCHRE link: <a href=""https://pi.lib.uchicago.edu/1001/org/ochre/448f2b91-94ec-47ee-be2e-901480c17400"">https://pi.lib.uchicago.edu/1001/org/ochre/448f2b91-94ec-47ee-be2e-901480c17400</a>"
A22_34492.jpg,https://pi.lib.uchicago.edu/1001/org/ochre/fc97acc5-298c-42eb-bdc9-c9bd83b7d11f,2022 Photographs,Dataset contains photographs from 2022 excavation.,"OCHRE link: <a href=""https://pi.lib.uchicago.edu/1001/org/ochre/fc97acc5-298c-42eb-bdc9-c9bd83b7d11f"">https://pi.lib.uchicago.edu/1001/org/ochre/fc97acc5-298c-42eb-bdc9-c9bd83b7d11f</a>"
A22_34493.jpg,https://pi.lib.uchicago.edu/1001/org/ochre/aeb7c1e0-2acd-473a-9bd6-bf84b9e37292,2022 Photographs,Dataset contains photographs from 2022 excavation.,"OCHRE link: <a href=""https://pi.lib.uchicago.edu/1001/org/ochre/aeb7c1e0-2acd-473a-9bd6-bf84b9e37292"">https://pi.lib.uchicago.edu/1001/org/ochre/aeb7c1e0-2acd-473a-9bd6-bf84b9e37292</a>"
A22_34494.jpg,https://pi.lib.uchicago.edu/1001/org/ochre/977a5257-3829-4aba-a3bd-bce542a2e28d,2022 Photographs,Dataset contains photographs from 2022 excavation.,"OCHRE link: <a href=""https://pi.lib.uchicago.edu/1001/org/ochre/977a5257-3829-4aba-a3bd-bce542a2e28d"">https://pi.lib.uchicago.edu/1001/org/ochre/977a5257-3829-4aba-a3bd-bce542a2e28d</a>"
A22_34495.jpg,https://pi.lib.uchicago.edu/1001/org/ochre/202b2107-6a17-4a78-a356-0e0cf4bf4495,2022 Photographs,Dataset contains photographs from 2022 excavation.,"OCHRE link: <a href=""https://pi.lib.uchicago.edu/1001/org/ochre/202b2107-6a17-4a78-a356-0e0cf4bf4495"">https://pi.lib.uchicago.edu/1001/org/ochre/202b2107-6a17-4a78-a356-0e0cf4bf4495</a>"
A22_34496.jpg,https://pi.lib.uchicago.edu/1001/org/ochre/67073cf8-3c11-4bcd-a59b-687082d4a395,2022 Photographs,Dataset contains photographs from 2022 excavation.,"OCHRE link: <a href=""https://pi.lib.uchicago.edu/1001/org/ochre/67073cf8-3c11-4bcd-a59b-687082d4a395"">https://pi.lib.uchicago.edu/1001/org/ochre/67073cf8-3c11-4bcd-a59b-687082d4a395</a>"
A22_34497.jpg,https://pi.lib.uchicago.edu/1001/org/ochre/590b7f6b-d632-40be-96ca-b951ce60af8b,2022 Photographs,Dataset contains photographs from 2022 excavation.,"OCHRE link: <a href=""https://pi.lib.uchicago.edu/1001/org/ochre/590b7f6b-d632-40be-96ca-b951ce60af8b"">https://pi.lib.uchicago.edu/1001/org/ochre/590b7f6b-d632-40be-96ca-b951ce60af8b</a>"
A22_34498.jpg,https://pi.lib.uchicago.edu/1001/org/ochre/7a9dfd58-fb82-4668-83bc-f049390f73f3,2022 Photographs,Dataset contains photographs from 2022 excavation.,"OCHRE link: <a href=""https://pi.lib.uchicago.edu/1001/org/ochre/7a9dfd58-fb82-4668-83bc-f049390f73f3"">https://pi.lib.uchicago.edu/1001/org/ochre/7a9dfd58-fb82-4668-83bc-f049390f73f3</a>"
A22_34499.jpg,https://pi.lib.uchicago.edu/1001/org/ochre/1916be83-ec5b-4c0d-9f0b-bb18e3a7a6be,2022 Photographs,Dataset contains photographs from 2022 excavation.,"OCHRE link: <a href=""https://pi.lib.uchicago.edu/1001/org/ochre/1916be83-ec5b-4c0d-9f0b-bb18e3a7a6be"">https://pi.lib.uchicago.edu/1001/org/ochre/1916be83-ec5b-4c0d-9f0b-bb18e3a7a6be</a>"
A22_34500.jpg,https://pi.lib.uchicago.edu/1001/org/ochre/a2500f04-9846-4746-b275-f04767834fc3,2022 Photographs,Dataset contains photographs from 2022 excavation.,"OCHRE link: <a href=""https://pi.lib.uchicago.edu/1001/org/ochre/a2500f04-9846-4746-b275-f04767834fc3"">https://pi.lib.uchicago.edu/1001/org/ochre/a2500f04-9846-4746-b275-f04767834fc3</a>"
A22_34501.jpg,https://pi.lib.uchicago.edu/1001/org/ochre/e4e84203-8dfc-4ec6-b0c6-c1ff3027e4a6,2022 Photographs,Dataset contains photographs from 2022 excavation.,"OCHRE link: <a href=""https://pi.lib.uchicago.edu/1001/org/ochre/e4e84203-8dfc-4ec6-b0c6-c1ff3027e4a6"">https://pi.lib.uchicago.edu/1001/org/ochre/e4e84203-8dfc-4ec6-b0c6-c1ff3027e4a6</a>"
A22_34502.jpg,https://pi.lib.uchicago.edu/1001/org/ochre/c79f20bc-eae2-4424-9e94-d9a6448cbb1e,2022 Photographs,Dataset contains photographs from 2022 excavation.,"OCHRE link: <a href=""https://pi.lib.uchicago.edu/1001/org/ochre/c79f20bc-eae2-4424-9e94-d9a6448cbb1e"">https://pi.lib.uchicago.edu/1001/org/ochre/c79f20bc-eae2-4424-9e94-d9a6448cbb1e</a>"
A22_34503.jpg,https://pi.lib.uchicago.edu/1001/org/ochre/56f34308-c150-4d30-b5c2-76aca3c89327,2022 Photographs,Dataset contains photographs from 2022 excavation.,"OCHRE link: <a href=""https://pi.lib.uchicago.edu/1001/org/ochre/56f34308-c150-4d30-b5c2-76aca3c89327"">https://pi.lib.uchicago.edu/1001/org/ochre/56f34308-c150-4d30-b5c2-76aca3c89327</a>"
A22_34504.jpg,https://pi.lib.uchicago.edu/1001/org/ochre/a7694b84-c465-4713-99f5-89d8c5a06fe5,2022 Photographs,Dataset contains photographs from 2022 excavation.,"OCHRE link: <a href=""https://pi.lib.uchicago.edu/1001/org/ochre/a7694b84-c465-4713-99f5-89d8c5a06fe5"">https://pi.lib.uchicago.edu/1001/org/ochre/a7694b84-c465-4713-99f5-89d8c5a06fe5</a>"
A22_34505.jpg,https://pi.lib.uchicago.edu/1001/org/ochre/68f00961-1258-4e34-b018-c950115f721e,2022 Photographs,Dataset contains photographs from 2022 excavation.,"OCHRE link: <a href=""https://pi.lib.uchicago.edu/1001/org/ochre/68f00961-1258-4e34-b018-c950115f721e"">https://pi.lib.uchicago.edu/1001/org/ochre/68f00961-1258-4e34-b018-c950115f721e</a>"
A22_34506.jpg,https://pi.lib.uchicago.edu/1001/org/ochre/c6f3160e-add3-4dcc-ab57-4777e80f2598,2022 Photographs,Dataset contains photographs from 2022 excavation.,"OCHRE link: <a href=""https://pi.lib.uchicago.edu/1001/org/ochre/c6f3160e-add3-4dcc-ab57-4777e80f2598"">https://pi.lib.uchicago.edu/1001/org/ochre/c6f3160e-add3-4dcc-ab57-4777e80f2598</a>"
A22_34507.jpg,https://pi.lib.uchicago.edu/1001/org/ochre/c99c6ff9-50b2-49e0-8f7b-754ba2b8d234,2022 Photographs,Dataset contains photographs from 2022 excavation.,"OCHRE link: <a href=""https://pi.lib.uchicago.edu/1001/org/ochre/c99c6ff9-50b2-49e0-8f7b-754ba2b8d234"">https://pi.lib.uchicago.edu/1001/org/ochre/c99c6ff9-50b2-49e0-8f7b-754ba2b8d234</a>"
A22_34508.jpg,https://pi.lib.uchicago.edu/1001/org/ochre/7d9b23a6-b87f-4cfc-aa6d-16280aefb8f2,2022 Photographs,Dataset contains photographs from 2022 excavation.,"OCHRE link: <a href=""https://pi.lib.uchicago.edu/1001/org/ochre/7d9b23a6-b87f-4cfc-aa6d-16280aefb8f2"">https://pi.lib.uchicago.edu/1001/org/ochre/7d9b23a6-b87f-4cfc-aa6d-16280aefb8f2</a>"
A22_34509.jpg,https://pi.lib.uchicago.edu/1001/org/ochre/5514b9a6-7aa9-443e-84f9-4d414f6aaf8c,2022 Photographs,Dataset contains photographs from 2022 excavation.,"OCHRE link: <a href=""https://pi.lib.uchicago.edu/1001/org/ochre/5514b9a6-7aa9-443e-84f9-4d414f6aaf8c"">https://pi.lib.uchicago.edu/1001/org/ochre/5514b9a6-7aa9-443e-84f9-4d414f6aaf8c</a>"
A22_34510.jpg,https://pi.lib.uchicago.edu/1001/org/ochre/dd587f52-b863-46a3-bbff-5925d1ce4c8d,2022 Photographs,Dataset contains photographs from 2022 excavation.,"OCHRE link: <a href=""https://pi.lib.uchicago.edu/1001/org/ochre/dd587f52-b863-46a3-bbff-5925d1ce4c8d"">https://pi.lib.uchicago.edu/1001/org/ochre/dd587f52-b863-46a3-bbff-5925d1ce4c8d</a>"
A22_34511.jpg,https://pi.lib.uchicago.edu/1001/org/ochre/4e5a571e-1554-4e71-8e63-c79534bf0168,2022 Photographs,Dataset contains photographs from 2022 excavation.,"OCHRE link: <a href=""https://pi.lib.uchicago.edu/1001/org/ochre/4e5a571e-1554-4e71-8e63-c79534bf0168"">https://pi.lib.uchicago.edu/1001/org/ochre/4e5a571e-1554-4e71-8e63-c79534bf0168</a>"
A22_34512.jpg,https://pi.lib.uchicago.edu/1001/org/ochre/17635819-5caf-47a7-9be5-be7b94a24c54,2022 Photographs,Dataset contains photographs from 2022 excavation.,"OCHRE link: <a href=""https://pi.lib.uchicago.edu/1001/org/ochre/17635819-5caf-47a7-9be5-be7b94a24c54"">https://pi.lib.uchicago.edu/1001/org/ochre/17635819-5caf-47a7-9be5-be7b94a24c54</a>"
A22_34513.jpg,https://pi.lib.uchicago.edu/1001/org/ochre/b9cf041a-bd56-4b44-b5f8-98a77602bd37,2022 Photographs,Dataset contains photographs from 2022 excavation.,"OCHRE link: <a href=""https://pi.lib.uchicago.edu/1001/org/ochre/b9cf041a-bd56-4b44-b5f8-98a77602bd37"">https://pi.lib.uchicago.edu/1001/org/ochre/b9cf041a-bd56-4b44-b5f8-98a77602bd37</a>"
A22_34514.jpg,https://pi.lib.uchicago.edu/1001/org/ochre/9ae96e83-c2a5-495e-95b4-4fc110222ba1,2022 Photographs,Dataset contains photographs from 2022 excavation.,"OCHRE link: <a href=""https://pi.lib.uchicago.edu/1001/org/ochre/9ae96e83-c2a5-495e-95b4-4fc110222ba1"">https://pi.lib.uchicago.edu/1001/org/ochre/9ae96e83-c2a5-495e-95b4-4fc110222ba1</a>"
A22_34515.jpg,https://pi.lib.uchicago.edu/1001/org/ochre/f77c6e5d-4b5c-4a13-a733-7fac944df3dc,2022 Photographs,Dataset contains photographs from 2022 excavation.,"OCHRE link: <a href=""https://pi.lib.uchicago.edu/1001/org/ochre/f77c6e5d-4b5c-4a13-a733-7fac944df3dc"">https://pi.lib.uchicago.edu/1001/org/ochre/f77c6e5d-4b5c-4a13-a733-7fac944df3dc</a>"
A22_34516.jpg,https://pi.lib.uchicago.edu/1001/org/ochre/e47dac07-690d-44e4-99ed-88091e8a7bb0,2022 Photographs,Dataset contains photographs from 2022 excavation.,"OCHRE link: <a href=""https://pi.lib.uchicago.edu/1001/org/ochre/e47dac07-690d-44e4-99ed-88091e8a7bb0"">https://pi.lib.uchicago.edu/1001/org/ochre/e47dac07-690d-44e4-99ed-88091e8a7bb0</a>"
A22_34517.jpg,https://pi.lib.uchicago.edu/1001/org/ochre/115889ec-0bd1-4f45-9030-7e73c513a300,2022 Photographs,Dataset contains photographs from 2022 excavation.,"OCHRE link: <a href=""https://pi.lib.uchicago.edu/1001/org/ochre/115889ec-0bd1-4f45-9030-7e73c513a300"">https://pi.lib.uchicago.edu/1001/org/ochre/115889ec-0bd1-4f45-9030-7e73c513a300</a>"
A22_34518.jpg,https://pi.lib.uchicago.edu/1001/org/ochre/b0da20a4-a136-42c4-8fdf-53842d20bd02,2022 Photographs,Dataset contains photographs from 2022 excavation.,"OCHRE link: <a href=""https://pi.lib.uchicago.edu/1001/org/ochre/b0da20a4-a136-42c4-8fdf-53842d20bd02"">https://pi.lib.uchicago.edu/1001/org/ochre/b0da20a4-a136-42c4-8fdf-53842d20bd02</a>"
A22_34519.jpg,https://pi.lib.uchicago.edu/1001/org/ochre/d312e5b3-1fee-4276-af3a-2cadaacd9ca8,2022 Photographs,Dataset contains photographs from 2022 excavation.,"OCHRE link: <a href=""https://pi.lib.uchicago.edu/1001/org/ochre/d312e5b3-1fee-4276-af3a-2cadaacd9ca8"">https://pi.lib.uchicago.edu/1001/org/ochre/d312e5b3-1fee-4276-af3a-2cadaacd9ca8</a>"
A22_34520.jpg,https://pi.lib.uchicago.edu/1001/org/ochre/383f84fb-e771-4a1f-a6a6-b33466a3a48e,2022 Photographs,Dataset contains photographs from 2022 excavation.,"OCHRE link: <a href=""https://pi.lib.uchicago.edu/1001/org/ochre/383f84fb-e771-4a1f-a6a6-b33466a3a48e"">https://pi.lib.uchicago.edu/1001/org/ochre/383f84fb-e771-4a1f-a6a6-b33466a3a48e</a>"
A22_34521.jpg,https://pi.lib.uchicago.edu/1001/org/ochre/6fd5dc7e-c460-4cd7-ab2f-4733870061f4,2022 Photographs,Dataset contains photographs from 2022 excavation.,"OCHRE link: <a href=""https://pi.lib.uchicago.edu/1001/org/ochre/6fd5dc7e-c460-4cd7-ab2f-4733870061f4"">https://pi.lib.uchicago.edu/1001/org/ochre/6fd5dc7e-c460-4cd7-ab2f-4733870061f4</a>"
A22_34522.jpg,https://pi.lib.uchicago.edu/1001/org/ochre/b33cb35f-63aa-45e6-aaed-e000bfa40556,2022 Photographs,Dataset contains photographs from 2022 excavation.,"OCHRE link: <a href=""https://pi.lib.uchicago.edu/1001/org/ochre/b33cb35f-63aa-45e6-aaed-e000bfa40556"">https://pi.lib.uchicago.edu/1001/org/ochre/b33cb35f-63aa-45e6-aaed-e000bfa40556</a>"
A22_34523.jpg,https://pi.lib.uchicago.edu/1001/org/ochre/7da65b92-a94b-42e3-80ff-90a8d966fd0e,2022 Photographs,Dataset contains photographs from 2022 excavation.,"OCHRE link: <a href=""https://pi.lib.uchicago.edu/1001/org/ochre/7da65b92-a94b-42e3-80ff-90a8d966fd0e"">https://pi.lib.uchicago.edu/1001/org/ochre/7da65b92-a94b-42e3-80ff-90a8d966fd0e</a>"
A22_34524.jpg,https://pi.lib.uchicago.edu/1001/org/ochre/ec644431-54ad-439f-8c4e-1018c1778197,2022 Photographs,Dataset contains photographs from 2022 excavation.,"OCHRE link: <a href=""https://pi.lib.uchicago.edu/1001/org/ochre/ec644431-54ad-439f-8c4e-1018c1778197"">https://pi.lib.uchicago.edu/1001/org/ochre/ec644431-54ad-439f-8c4e-1018c1778197</a>"
A22_34525.jpg,https://pi.lib.uchicago.edu/1001/org/ochre/b5bcb3e6-c4db-4849-b909-feb861218214,2022 Photographs,Dataset contains photographs from 2022 excavation.,"OCHRE link: <a href=""https://pi.lib.uchicago.edu/1001/org/ochre/b5bcb3e6-c4db-4849-b909-feb861218214"">https://pi.lib.uchicago.edu/1001/org/ochre/b5bcb3e6-c4db-4849-b909-feb861218214</a>"
A22_34526.jpg,https://pi.lib.uchicago.edu/1001/org/ochre/9c91d778-61ea-41d5-91e2-d25994b487f8,2022 Photographs,Dataset contains photographs from 2022 excavation.,"OCHRE link: <a href=""https://pi.lib.uchicago.edu/1001/org/ochre/9c91d778-61ea-41d5-91e2-d25994b487f8"">https://pi.lib.uchicago.edu/1001/org/ochre/9c91d778-61ea-41d5-91e2-d25994b487f8</a>"
A22_34527.jpg,https://pi.lib.uchicago.edu/1001/org/ochre/9599bf47-c3c8-4e51-834f-f6d99888a16a,2022 Photographs,Dataset contains photographs from 2022 excavation.,"OCHRE link: <a href=""https://pi.lib.uchicago.edu/1001/org/ochre/9599bf47-c3c8-4e51-834f-f6d99888a16a"">https://pi.lib.uchicago.edu/1001/org/ochre/9599bf47-c3c8-4e51-834f-f6d99888a16a</a>"
A22_34528.jpg,https://pi.lib.uchicago.edu/1001/org/ochre/a42d88ce-a3fe-43f8-bd85-06713ab8931d,2022 Photographs,Dataset contains photographs from 2022 excavation.,"OCHRE link: <a href=""https://pi.lib.uchicago.edu/1001/org/ochre/a42d88ce-a3fe-43f8-bd85-06713ab8931d"">https://pi.lib.uchicago.edu/1001/org/ochre/a42d88ce-a3fe-43f8-bd85-06713ab8931d</a>"
A22_34529.jpg,https://pi.lib.uchicago.edu/1001/org/ochre/55a52773-87b3-45a6-8e77-398edf3f74d8,2022 Photographs,Dataset contains photographs from 2022 excavation.,"OCHRE link: <a href=""https://pi.lib.uchicago.edu/1001/org/ochre/55a52773-87b3-45a6-8e77-398edf3f74d8"">https://pi.lib.uchicago.edu/1001/org/ochre/55a52773-87b3-45a6-8e77-398edf3f74d8</a>"
A22_34530.jpg,https://pi.lib.uchicago.edu/1001/org/ochre/62300b41-5288-4685-8bb4-b4721b44bb89,2022 Photographs,Dataset contains photographs from 2022 excavation.,"OCHRE link: <a href=""https://pi.lib.uchicago.edu/1001/org/ochre/62300b41-5288-4685-8bb4-b4721b44bb89"">https://pi.lib.uchicago.edu/1001/org/ochre/62300b41-5288-4685-8bb4-b4721b44bb89</a>"
A22_34531.jpg,https://pi.lib.uchicago.edu/1001/org/ochre/a4a101aa-0d57-43f9-ba4a-c9cbfe1d7462,2022 Photographs,Dataset contains photographs from 2022 excavation.,"OCHRE link: <a href=""https://pi.lib.uchicago.edu/1001/org/ochre/a4a101aa-0d57-43f9-ba4a-c9cbfe1d7462"">https://pi.lib.uchicago.edu/1001/org/ochre/a4a101aa-0d57-43f9-ba4a-c9cbfe1d7462</a>"
A22_34532.jpg,https://pi.lib.uchicago.edu/1001/org/ochre/47cc6851-5ed9-4057-abe0-086348056825,2022 Photographs,Dataset contains photographs from 2022 excavation.,"OCHRE link: <a href=""https://pi.lib.uchicago.edu/1001/org/ochre/47cc6851-5ed9-4057-abe0-086348056825"">https://pi.lib.uchicago.edu/1001/org/ochre/47cc6851-5ed9-4057-abe0-086348056825</a>"
A22_34533.jpg,https://pi.lib.uchicago.edu/1001/org/ochre/e7979528-fda5-4aa2-a09f-7798ff8657c2,2022 Photographs,Dataset contains photographs from 2022 excavation.,"OCHRE link: <a href=""https://pi.lib.uchicago.edu/1001/org/ochre/e7979528-fda5-4aa2-a09f-7798ff8657c2"">https://pi.lib.uchicago.edu/1001/org/ochre/e7979528-fda5-4aa2-a09f-7798ff8657c2</a>"
A22_34534.jpg,https://pi.lib.uchicago.edu/1001/org/ochre/4b664d21-91ed-4bd1-a8bc-8d7a681ef290,2022 Photographs,Dataset contains photographs from 2022 excavation.,"OCHRE link: <a href=""https://pi.lib.uchicago.edu/1001/org/ochre/4b664d21-91ed-4bd1-a8bc-8d7a681ef290"">https://pi.lib.uchicago.edu/1001/org/ochre/4b664d21-91ed-4bd1-a8bc-8d7a681ef290</a>"
A22_34535.jpg,https://pi.lib.uchicago.edu/1001/org/ochre/f73e8215-3cd0-49d9-a38b-e4ac56142062,2022 Photographs,Dataset contains photographs from 2022 excavation.,"OCHRE link: <a href=""https://pi.lib.uchicago.edu/1001/org/ochre/f73e8215-3cd0-49d9-a38b-e4ac56142062"">https://pi.lib.uchicago.edu/1001/org/ochre/f73e8215-3cd0-49d9-a38b-e4ac56142062</a>"
A22_34536.jpg,https://pi.lib.uchicago.edu/1001/org/ochre/8cacbe9b-6207-4763-82e6-fb50ace0e613,2022 Photographs,Dataset contains photographs from 2022 excavation.,"OCHRE link: <a href=""https://pi.lib.uchicago.edu/1001/org/ochre/8cacbe9b-6207-4763-82e6-fb50ace0e613"">https://pi.lib.uchicago.edu/1001/org/ochre/8cacbe9b-6207-4763-82e6-fb50ace0e613</a>"
A22_34537.jpg,https://pi.lib.uchicago.edu/1001/org/ochre/3093ec8d-4c72-4ead-8458-7393aff41936,2022 Photographs,Dataset contains photographs from 2022 excavation.,"OCHRE link: <a href=""https://pi.lib.uchicago.edu/1001/org/ochre/3093ec8d-4c72-4ead-8458-7393aff41936"">https://pi.lib.uchicago.edu/1001/org/ochre/3093ec8d-4c72-4ead-8458-7393aff41936</a>"
A22_34538.jpg,https://pi.lib.uchicago.edu/1001/org/ochre/d262ab03-d834-4156-9564-e2e3a76fd973,2022 Photographs,Dataset contains photographs from 2022 excavation.,"OCHRE link: <a href=""https://pi.lib.uchicago.edu/1001/org/ochre/d262ab03-d834-4156-9564-e2e3a76fd973"">https://pi.lib.uchicago.edu/1001/org/ochre/d262ab03-d834-4156-9564-e2e3a76fd973</a>"
A22_34539.jpg,https://pi.lib.uchicago.edu/1001/org/ochre/1223b9b6-d943-4c4d-8a67-f97f8dc768d5,2022 Photographs,Dataset contains photographs from 2022 excavation.,"OCHRE link: <a href=""https://pi.lib.uchicago.edu/1001/org/ochre/1223b9b6-d943-4c4d-8a67-f97f8dc768d5"">https://pi.lib.uchicago.edu/1001/org/ochre/1223b9b6-d943-4c4d-8a67-f97f8dc768d5</a>"
A22_34540.jpg,https://pi.lib.uchicago.edu/1001/org/ochre/f08b6f1e-593c-42f8-94cd-2ec7f3dca5f9,2022 Photographs,Dataset contains photographs from 2022 excavation.,"OCHRE link: <a href=""https://pi.lib.uchicago.edu/1001/org/ochre/f08b6f1e-593c-42f8-94cd-2ec7f3dca5f9"">https://pi.lib.uchicago.edu/1001/org/ochre/f08b6f1e-593c-42f8-94cd-2ec7f3dca5f9</a>"
A22_34541.jpg,https://pi.lib.uchicago.edu/1001/org/ochre/730ba052-3796-4a1f-bdee-17362b2752aa,2022 Photographs,Dataset contains photographs from 2022 excavation.,"OCHRE link: <a href=""https://pi.lib.uchicago.edu/1001/org/ochre/730ba052-3796-4a1f-bdee-17362b2752aa"">https://pi.lib.uchicago.edu/1001/org/ochre/730ba052-3796-4a1f-bdee-17362b2752aa</a>"
A22_34542.jpg,https://pi.lib.uchicago.edu/1001/org/ochre/88b7f55e-d585-4478-b30f-02a736e949bc,2022 Photographs,Dataset contains photographs from 2022 excavation.,"OCHRE link: <a href=""https://pi.lib.uchicago.edu/1001/org/ochre/88b7f55e-d585-4478-b30f-02a736e949bc"">https://pi.lib.uchicago.edu/1001/org/ochre/88b7f55e-d585-4478-b30f-02a736e949bc</a>"
A22_34543.jpg,https://pi.lib.uchicago.edu/1001/org/ochre/0c9cd924-ac2b-4829-bded-fb840d4b9fda,2022 Photographs,Dataset contains photographs from 2022 excavation.,"OCHRE link: <a href=""https://pi.lib.uchicago.edu/1001/org/ochre/0c9cd924-ac2b-4829-bded-fb840d4b9fda"">https://pi.lib.uchicago.edu/1001/org/ochre/0c9cd924-ac2b-4829-bded-fb840d4b9fda</a>"
A22_34544.jpg,https://pi.lib.uchicago.edu/1001/org/ochre/4e84552c-5fe8-494d-a465-fb7f103f3241,2022 Photographs,Dataset contains photographs from 2022 excavation.,"OCHRE link: <a href=""https://pi.lib.uchicago.edu/1001/org/ochre/4e84552c-5fe8-494d-a465-fb7f103f3241"">https://pi.lib.uchicago.edu/1001/org/ochre/4e84552c-5fe8-494d-a465-fb7f103f3241</a>"
A22_34545.jpg,https://pi.lib.uchicago.edu/1001/org/ochre/4c57f94d-2ddd-45e1-b49a-a6114e3679c0,2022 Photographs,Dataset contains photographs from 2022 excavation.,"OCHRE link: <a href=""https://pi.lib.uchicago.edu/1001/org/ochre/4c57f94d-2ddd-45e1-b49a-a6114e3679c0"">https://pi.lib.uchicago.edu/1001/org/ochre/4c57f94d-2ddd-45e1-b49a-a6114e3679c0</a>"
A22_34546.jpg,https://pi.lib.uchicago.edu/1001/org/ochre/2de001b3-d8d1-4f7d-96a9-4e7b32746b8b,2022 Photographs,Dataset contains photographs from 2022 excavation.,"OCHRE link: <a href=""https://pi.lib.uchicago.edu/1001/org/ochre/2de001b3-d8d1-4f7d-96a9-4e7b32746b8b"">https://pi.lib.uchicago.edu/1001/org/ochre/2de001b3-d8d1-4f7d-96a9-4e7b32746b8b</a>"
A22_34547.jpg,https://pi.lib.uchicago.edu/1001/org/ochre/f4f33dbd-41c7-427b-8a41-8bbc3c41408b,2022 Photographs,Dataset contains photographs from 2022 excavation.,"OCHRE link: <a href=""https://pi.lib.uchicago.edu/1001/org/ochre/f4f33dbd-41c7-427b-8a41-8bbc3c41408b"">https://pi.lib.uchicago.edu/1001/org/ochre/f4f33dbd-41c7-427b-8a41-8bbc3c41408b</a>"
A22_34548.jpg,https://pi.lib.uchicago.edu/1001/org/ochre/6a25f8da-b80d-46b6-a850-de92900bc039,2022 Photographs,Dataset contains photographs from 2022 excavation.,"OCHRE link: <a href=""https://pi.lib.uchicago.edu/1001/org/ochre/6a25f8da-b80d-46b6-a850-de92900bc039"">https://pi.lib.uchicago.edu/1001/org/ochre/6a25f8da-b80d-46b6-a850-de92900bc039</a>"
A22_34549.jpg,https://pi.lib.uchicago.edu/1001/org/ochre/f1ce909f-be37-4a84-a032-a6d6ecab7f15,2022 Photographs,Dataset contains photographs from 2022 excavation.,"OCHRE link: <a href=""https://pi.lib.uchicago.edu/1001/org/ochre/f1ce909f-be37-4a84-a032-a6d6ecab7f15"">https://pi.lib.uchicago.edu/1001/org/ochre/f1ce909f-be37-4a84-a032-a6d6ecab7f15</a>"
A22_34550.jpg,https://pi.lib.uchicago.edu/1001/org/ochre/8a87ef19-4fa6-4ce8-abfe-f6fbb15dc54a,2022 Photographs,Dataset contains photographs from 2022 excavation.,"OCHRE link: <a href=""https://pi.lib.uchicago.edu/1001/org/ochre/8a87ef19-4fa6-4ce8-abfe-f6fbb15dc54a"">https://pi.lib.uchicago.edu/1001/org/ochre/8a87ef19-4fa6-4ce8-abfe-f6fbb15dc54a</a>"
A22_34551.jpg,https://pi.lib.uchicago.edu/1001/org/ochre/ba2e6913-5b45-4b35-8b00-d8591a35a2d9,2022 Photographs,Dataset contains photographs from 2022 excavation.,"OCHRE link: <a href=""https://pi.lib.uchicago.edu/1001/org/ochre/ba2e6913-5b45-4b35-8b00-d8591a35a2d9"">https://pi.lib.uchicago.edu/1001/org/ochre/ba2e6913-5b45-4b35-8b00-d8591a35a2d9</a>"
A22_34552.jpg,https://pi.lib.uchicago.edu/1001/org/ochre/7af46f03-96dd-46ba-aa16-062e9b025d8f,2022 Photographs,Dataset contains photographs from 2022 excavation.,"OCHRE link: <a href=""https://pi.lib.uchicago.edu/1001/org/ochre/7af46f03-96dd-46ba-aa16-062e9b025d8f"">https://pi.lib.uchicago.edu/1001/org/ochre/7af46f03-96dd-46ba-aa16-062e9b025d8f</a>"
A22_34553.jpg,https://pi.lib.uchicago.edu/1001/org/ochre/4b4496a6-ddff-48ed-ac35-9dc970b85c21,2022 Photographs,Dataset contains photographs from 2022 excavation.,"OCHRE link: <a href=""https://pi.lib.uchicago.edu/1001/org/ochre/4b4496a6-ddff-48ed-ac35-9dc970b85c21"">https://pi.lib.uchicago.edu/1001/org/ochre/4b4496a6-ddff-48ed-ac35-9dc970b85c21</a>"
A22_34554.jpg,https://pi.lib.uchicago.edu/1001/org/ochre/9958193c-d83d-4201-b555-680c908b7fc5,2022 Photographs,Dataset contains photographs from 2022 excavation.,"OCHRE link: <a href=""https://pi.lib.uchicago.edu/1001/org/ochre/9958193c-d83d-4201-b555-680c908b7fc5"">https://pi.lib.uchicago.edu/1001/org/ochre/9958193c-d83d-4201-b555-680c908b7fc5</a>"
A22_34555.jpg,https://pi.lib.uchicago.edu/1001/org/ochre/0dda3b22-00da-41bb-b7ce-95565b8de77c,2022 Photographs,Dataset contains photographs from 2022 excavation.,"OCHRE link: <a href=""https://pi.lib.uchicago.edu/1001/org/ochre/0dda3b22-00da-41bb-b7ce-95565b8de77c"">https://pi.lib.uchicago.edu/1001/org/ochre/0dda3b22-00da-41bb-b7ce-95565b8de77c</a>"
A22_34556.jpg,https://pi.lib.uchicago.edu/1001/org/ochre/5a8040c6-4af6-4310-b110-37a5ffd9def6,2022 Photographs,Dataset contains photographs from 2022 excavation.,"OCHRE link: <a href=""https://pi.lib.uchicago.edu/1001/org/ochre/5a8040c6-4af6-4310-b110-37a5ffd9def6"">https://pi.lib.uchicago.edu/1001/org/ochre/5a8040c6-4af6-4310-b110-37a5ffd9def6</a>"
A22_34557.jpg,https://pi.lib.uchicago.edu/1001/org/ochre/a339dea5-78cd-4cb4-91d9-9e1bdf89a8e2,2022 Photographs,Dataset contains photographs from 2022 excavation.,"OCHRE link: <a href=""https://pi.lib.uchicago.edu/1001/org/ochre/a339dea5-78cd-4cb4-91d9-9e1bdf89a8e2"">https://pi.lib.uchicago.edu/1001/org/ochre/a339dea5-78cd-4cb4-91d9-9e1bdf89a8e2</a>"
A22_34558.jpg,https://pi.lib.uchicago.edu/1001/org/ochre/94b8e306-36e4-477b-acb5-44e8e62c7d44,2022 Photographs,Dataset contains photographs from 2022 excavation.,"OCHRE link: <a href=""https://pi.lib.uchicago.edu/1001/org/ochre/94b8e306-36e4-477b-acb5-44e8e62c7d44"">https://pi.lib.uchicago.edu/1001/org/ochre/94b8e306-36e4-477b-acb5-44e8e62c7d44</a>"
A22_34559.jpg,https://pi.lib.uchicago.edu/1001/org/ochre/bff28a1a-7247-4f14-9a36-b2ec30cf4201,2022 Photographs,Dataset contains photographs from 2022 excavation.,"OCHRE link: <a href=""https://pi.lib.uchicago.edu/1001/org/ochre/bff28a1a-7247-4f14-9a36-b2ec30cf4201"">https://pi.lib.uchicago.edu/1001/org/ochre/bff28a1a-7247-4f14-9a36-b2ec30cf4201</a>"
A22_34560.jpg,https://pi.lib.uchicago.edu/1001/org/ochre/30d8e33a-4554-4e20-b26c-193efee34909,2022 Photographs,Dataset contains photographs from 2022 excavation.,"OCHRE link: <a href=""https://pi.lib.uchicago.edu/1001/org/ochre/30d8e33a-4554-4e20-b26c-193efee34909"">https://pi.lib.uchicago.edu/1001/org/ochre/30d8e33a-4554-4e20-b26c-193efee34909</a>"
A22_34561.jpg,https://pi.lib.uchicago.edu/1001/org/ochre/4bd9f321-869d-4ca1-aa64-1fea333a4922,2022 Photographs,Dataset contains photographs from 2022 excavation.,"OCHRE link: <a href=""https://pi.lib.uchicago.edu/1001/org/ochre/4bd9f321-869d-4ca1-aa64-1fea333a4922"">https://pi.lib.uchicago.edu/1001/org/ochre/4bd9f321-869d-4ca1-aa64-1fea333a4922</a>"
A22_34562.jpg,https://pi.lib.uchicago.edu/1001/org/ochre/c48525b7-067d-4f1b-abc9-c93eab3590ee,2022 Photographs,Dataset contains photographs from 2022 excavation.,"OCHRE link: <a href=""https://pi.lib.uchicago.edu/1001/org/ochre/c48525b7-067d-4f1b-abc9-c93eab3590ee"">https://pi.lib.uchicago.edu/1001/org/ochre/c48525b7-067d-4f1b-abc9-c93eab3590ee</a>"
A22_34563.jpg,https://pi.lib.uchicago.edu/1001/org/ochre/53d90e7b-5367-4420-ae7a-44cee5348f2b,2022 Photographs,Dataset contains photographs from 2022 excavation.,"OCHRE link: <a href=""https://pi.lib.uchicago.edu/1001/org/ochre/53d90e7b-5367-4420-ae7a-44cee5348f2b"">https://pi.lib.uchicago.edu/1001/org/ochre/53d90e7b-5367-4420-ae7a-44cee5348f2b</a>"
A22_34564.jpg,https://pi.lib.uchicago.edu/1001/org/ochre/b1e17d38-f9ba-4021-8a31-d2bfeaa94f1f,2022 Photographs,Dataset contains photographs from 2022 excavation.,"OCHRE link: <a href=""https://pi.lib.uchicago.edu/1001/org/ochre/b1e17d38-f9ba-4021-8a31-d2bfeaa94f1f"">https://pi.lib.uchicago.edu/1001/org/ochre/b1e17d38-f9ba-4021-8a31-d2bfeaa94f1f</a>"
A22_34565.jpg,https://pi.lib.uchicago.edu/1001/org/ochre/1dbdb987-2fff-4c34-840a-a14030a0e7c4,2022 Photographs,Dataset contains photographs from 2022 excavation.,"OCHRE link: <a href=""https://pi.lib.uchicago.edu/1001/org/ochre/1dbdb987-2fff-4c34-840a-a14030a0e7c4"">https://pi.lib.uchicago.edu/1001/org/ochre/1dbdb987-2fff-4c34-840a-a14030a0e7c4</a>"
A22_34566.jpg,https://pi.lib.uchicago.edu/1001/org/ochre/bf7fb65c-9b89-42b9-87a2-c6ab485f574f,2022 Photographs,Dataset contains photographs from 2022 excavation.,"OCHRE link: <a href=""https://pi.lib.uchicago.edu/1001/org/ochre/bf7fb65c-9b89-42b9-87a2-c6ab485f574f"">https://pi.lib.uchicago.edu/1001/org/ochre/bf7fb65c-9b89-42b9-87a2-c6ab485f574f</a>"
A22_34567.jpg,https://pi.lib.uchicago.edu/1001/org/ochre/6c7c8a1e-8974-42d2-867b-ac3a3019cce3,2022 Photographs,Dataset contains photographs from 2022 excavation.,"OCHRE link: <a href=""https://pi.lib.uchicago.edu/1001/org/ochre/6c7c8a1e-8974-42d2-867b-ac3a3019cce3"">https://pi.lib.uchicago.edu/1001/org/ochre/6c7c8a1e-8974-42d2-867b-ac3a3019cce3</a>"
A22_34568.jpg,https://pi.lib.uchicago.edu/1001/org/ochre/3f163fce-4646-4a05-8624-4b14548d8a4b,2022 Photographs,Dataset contains photographs from 2022 excavation.,"OCHRE link: <a href=""https://pi.lib.uchicago.edu/1001/org/ochre/3f163fce-4646-4a05-8624-4b14548d8a4b"">https://pi.lib.uchicago.edu/1001/org/ochre/3f163fce-4646-4a05-8624-4b14548d8a4b</a>"
A22_34569.jpg,https://pi.lib.uchicago.edu/1001/org/ochre/c56ecf3a-53a9-465c-92c9-9c57d2cdff18,2022 Photographs,Dataset contains photographs from 2022 excavation.,"OCHRE link: <a href=""https://pi.lib.uchicago.edu/1001/org/ochre/c56ecf3a-53a9-465c-92c9-9c57d2cdff18"">https://pi.lib.uchicago.edu/1001/org/ochre/c56ecf3a-53a9-465c-92c9-9c57d2cdff18</a>"
A22_34570.jpg,https://pi.lib.uchicago.edu/1001/org/ochre/602aa084-69f7-484c-ba16-55dba155ab53,2022 Photographs,Dataset contains photographs from 2022 excavation.,"OCHRE link: <a href=""https://pi.lib.uchicago.edu/1001/org/ochre/602aa084-69f7-484c-ba16-55dba155ab53"">https://pi.lib.uchicago.edu/1001/org/ochre/602aa084-69f7-484c-ba16-55dba155ab53</a>"
A22_34571.jpg,https://pi.lib.uchicago.edu/1001/org/ochre/98e60ebb-22cd-47d1-8350-cee90138ce60,2022 Photographs,Dataset contains photographs from 2022 excavation.,"OCHRE link: <a href=""https://pi.lib.uchicago.edu/1001/org/ochre/98e60ebb-22cd-47d1-8350-cee90138ce60"">https://pi.lib.uchicago.edu/1001/org/ochre/98e60ebb-22cd-47d1-8350-cee90138ce60</a>"
A22_34572.jpg,https://pi.lib.uchicago.edu/1001/org/ochre/0b5af5ea-a4e8-42ef-9357-52cd9d9618c9,2022 Photographs,Dataset contains photographs from 2022 excavation.,"OCHRE link: <a href=""https://pi.lib.uchicago.edu/1001/org/ochre/0b5af5ea-a4e8-42ef-9357-52cd9d9618c9"">https://pi.lib.uchicago.edu/1001/org/ochre/0b5af5ea-a4e8-42ef-9357-52cd9d9618c9</a>"
A22_34573.jpg,https://pi.lib.uchicago.edu/1001/org/ochre/1976d1fb-3562-4271-b214-8684f2b992ed,2022 Photographs,Dataset contains photographs from 2022 excavation.,"OCHRE link: <a href=""https://pi.lib.uchicago.edu/1001/org/ochre/1976d1fb-3562-4271-b214-8684f2b992ed"">https://pi.lib.uchicago.edu/1001/org/ochre/1976d1fb-3562-4271-b214-8684f2b992ed</a>"
A22_34574.jpg,https://pi.lib.uchicago.edu/1001/org/ochre/0638172d-c868-406c-aac3-ba30e5428888,2022 Photographs,Dataset contains photographs from 2022 excavation.,"OCHRE link: <a href=""https://pi.lib.uchicago.edu/1001/org/ochre/0638172d-c868-406c-aac3-ba30e5428888"">https://pi.lib.uchicago.edu/1001/org/ochre/0638172d-c868-406c-aac3-ba30e5428888</a>"
A22_34575.jpg,https://pi.lib.uchicago.edu/1001/org/ochre/451d5a41-9058-4833-9e0d-475c0db10bd1,2022 Photographs,Dataset contains photographs from 2022 excavation.,"OCHRE link: <a href=""https://pi.lib.uchicago.edu/1001/org/ochre/451d5a41-9058-4833-9e0d-475c0db10bd1"">https://pi.lib.uchicago.edu/1001/org/ochre/451d5a41-9058-4833-9e0d-475c0db10bd1</a>"
A22_34576.jpg,https://pi.lib.uchicago.edu/1001/org/ochre/5022ff16-0a64-4e22-a6d0-82128cc858e5,2022 Photographs,Dataset contains photographs from 2022 excavation.,"OCHRE link: <a href=""https://pi.lib.uchicago.edu/1001/org/ochre/5022ff16-0a64-4e22-a6d0-82128cc858e5"">https://pi.lib.uchicago.edu/1001/org/ochre/5022ff16-0a64-4e22-a6d0-82128cc858e5</a>"
A22_34577.jpg,https://pi.lib.uchicago.edu/1001/org/ochre/5e7ee454-0c0f-4805-81c6-5374deadeb1e,2022 Photographs,Dataset contains photographs from 2022 excavation.,"OCHRE link: <a href=""https://pi.lib.uchicago.edu/1001/org/ochre/5e7ee454-0c0f-4805-81c6-5374deadeb1e"">https://pi.lib.uchicago.edu/1001/org/ochre/5e7ee454-0c0f-4805-81c6-5374deadeb1e</a>"
A22_34578.jpg,https://pi.lib.uchicago.edu/1001/org/ochre/82fe621d-1ac6-466b-8cf7-d000b01679de,2022 Photographs,Dataset contains photographs from 2022 excavation.,"OCHRE link: <a href=""https://pi.lib.uchicago.edu/1001/org/ochre/82fe621d-1ac6-466b-8cf7-d000b01679de"">https://pi.lib.uchicago.edu/1001/org/ochre/82fe621d-1ac6-466b-8cf7-d000b01679de</a>"
A22_34579.jpg,https://pi.lib.uchicago.edu/1001/org/ochre/e383a0ac-f714-4690-9242-c16c1d3ae3fd,2022 Photographs,Dataset contains photographs from 2022 excavation.,"OCHRE link: <a href=""https://pi.lib.uchicago.edu/1001/org/ochre/e383a0ac-f714-4690-9242-c16c1d3ae3fd"">https://pi.lib.uchicago.edu/1001/org/ochre/e383a0ac-f714-4690-9242-c16c1d3ae3fd</a>"
A22_34580.jpg,https://pi.lib.uchicago.edu/1001/org/ochre/44d0976b-0514-4402-9383-66ab8ceb5740,2022 Photographs,Dataset contains photographs from 2022 excavation.,"OCHRE link: <a href=""https://pi.lib.uchicago.edu/1001/org/ochre/44d0976b-0514-4402-9383-66ab8ceb5740"">https://pi.lib.uchicago.edu/1001/org/ochre/44d0976b-0514-4402-9383-66ab8ceb5740</a>"
A22_34581.jpg,https://pi.lib.uchicago.edu/1001/org/ochre/2664746e-ed0b-4cb2-be54-2484caa09ae6,2022 Photographs,Dataset contains photographs from 2022 excavation.,"OCHRE link: <a href=""https://pi.lib.uchicago.edu/1001/org/ochre/2664746e-ed0b-4cb2-be54-2484caa09ae6"">https://pi.lib.uchicago.edu/1001/org/ochre/2664746e-ed0b-4cb2-be54-2484caa09ae6</a>"
A22_34582.jpg,https://pi.lib.uchicago.edu/1001/org/ochre/351f1eb9-ae4a-4828-ae99-0cb02d287c12,2022 Photographs,Dataset contains photographs from 2022 excavation.,"OCHRE link: <a href=""https://pi.lib.uchicago.edu/1001/org/ochre/351f1eb9-ae4a-4828-ae99-0cb02d287c12"">https://pi.lib.uchicago.edu/1001/org/ochre/351f1eb9-ae4a-4828-ae99-0cb02d287c12</a>"
A22_34583.jpg,https://pi.lib.uchicago.edu/1001/org/ochre/870f9a4e-807e-4b2f-9433-a714647b3570,2022 Photographs,Dataset contains photographs from 2022 excavation.,"OCHRE link: <a href=""https://pi.lib.uchicago.edu/1001/org/ochre/870f9a4e-807e-4b2f-9433-a714647b3570"">https://pi.lib.uchicago.edu/1001/org/ochre/870f9a4e-807e-4b2f-9433-a714647b3570</a>"
A22_34584.jpg,https://pi.lib.uchicago.edu/1001/org/ochre/3e41fb31-4aa5-46f7-bc56-b5663d92b504,2022 Photographs,Dataset contains photographs from 2022 excavation.,"OCHRE link: <a href=""https://pi.lib.uchicago.edu/1001/org/ochre/3e41fb31-4aa5-46f7-bc56-b5663d92b504"">https://pi.lib.uchicago.edu/1001/org/ochre/3e41fb31-4aa5-46f7-bc56-b5663d92b504</a>"
A22_34585.jpg,https://pi.lib.uchicago.edu/1001/org/ochre/1efe1137-9200-49de-9ab1-d075c3aac8f7,2022 Photographs,Dataset contains photographs from 2022 excavation.,"OCHRE link: <a href=""https://pi.lib.uchicago.edu/1001/org/ochre/1efe1137-9200-49de-9ab1-d075c3aac8f7"">https://pi.lib.uchicago.edu/1001/org/ochre/1efe1137-9200-49de-9ab1-d075c3aac8f7</a>"
A22_34586.jpg,https://pi.lib.uchicago.edu/1001/org/ochre/09c54112-6f9c-46a5-9b72-5838eb05fd3c,2022 Photographs,Dataset contains photographs from 2022 excavation.,"OCHRE link: <a href=""https://pi.lib.uchicago.edu/1001/org/ochre/09c54112-6f9c-46a5-9b72-5838eb05fd3c"">https://pi.lib.uchicago.edu/1001/org/ochre/09c54112-6f9c-46a5-9b72-5838eb05fd3c</a>"
A22_34587.jpg,https://pi.lib.uchicago.edu/1001/org/ochre/a06d5f28-f518-499e-a1bc-657c87ed4bde,2022 Photographs,Dataset contains photographs from 2022 excavation.,"OCHRE link: <a href=""https://pi.lib.uchicago.edu/1001/org/ochre/a06d5f28-f518-499e-a1bc-657c87ed4bde"">https://pi.lib.uchicago.edu/1001/org/ochre/a06d5f28-f518-499e-a1bc-657c87ed4bde</a>"
A22_34588.jpg,https://pi.lib.uchicago.edu/1001/org/ochre/6f652245-31d0-4158-8bf7-936ce608de3c,2022 Photographs,Dataset contains photographs from 2022 excavation.,"OCHRE link: <a href=""https://pi.lib.uchicago.edu/1001/org/ochre/6f652245-31d0-4158-8bf7-936ce608de3c"">https://pi.lib.uchicago.edu/1001/org/ochre/6f652245-31d0-4158-8bf7-936ce608de3c</a>"
A22_34589.jpg,https://pi.lib.uchicago.edu/1001/org/ochre/40e96c58-ceb1-4524-a396-9c1643bbb00f,2022 Photographs,Dataset contains photographs from 2022 excavation.,"OCHRE link: <a href=""https://pi.lib.uchicago.edu/1001/org/ochre/40e96c58-ceb1-4524-a396-9c1643bbb00f"">https://pi.lib.uchicago.edu/1001/org/ochre/40e96c58-ceb1-4524-a396-9c1643bbb00f</a>"
A22_34590.jpg,https://pi.lib.uchicago.edu/1001/org/ochre/990f6346-f2f6-42b2-8366-7f50a81f752b,2022 Photographs,Dataset contains photographs from 2022 excavation.,"OCHRE link: <a href=""https://pi.lib.uchicago.edu/1001/org/ochre/990f6346-f2f6-42b2-8366-7f50a81f752b"">https://pi.lib.uchicago.edu/1001/org/ochre/990f6346-f2f6-42b2-8366-7f50a81f752b</a>"
A22_34591.jpg,https://pi.lib.uchicago.edu/1001/org/ochre/5cb2911b-bb7b-4cdc-a7f0-18249419244c,2022 Photographs,Dataset contains photographs from 2022 excavation.,"OCHRE link: <a href=""https://pi.lib.uchicago.edu/1001/org/ochre/5cb2911b-bb7b-4cdc-a7f0-18249419244c"">https://pi.lib.uchicago.edu/1001/org/ochre/5cb2911b-bb7b-4cdc-a7f0-18249419244c</a>"
A22_34592.jpg,https://pi.lib.uchicago.edu/1001/org/ochre/417a3367-f776-4f18-8528-cd136d895f65,2022 Photographs,Dataset contains photographs from 2022 excavation.,"OCHRE link: <a href=""https://pi.lib.uchicago.edu/1001/org/ochre/417a3367-f776-4f18-8528-cd136d895f65"">https://pi.lib.uchicago.edu/1001/org/ochre/417a3367-f776-4f18-8528-cd136d895f65</a>"
A22_34593.jpg,https://pi.lib.uchicago.edu/1001/org/ochre/22ed1e50-d0da-4193-96c6-bc56eaf2ac56,2022 Photographs,Dataset contains photographs from 2022 excavation.,"OCHRE link: <a href=""https://pi.lib.uchicago.edu/1001/org/ochre/22ed1e50-d0da-4193-96c6-bc56eaf2ac56"">https://pi.lib.uchicago.edu/1001/org/ochre/22ed1e50-d0da-4193-96c6-bc56eaf2ac56</a>"
A22_34594.jpg,https://pi.lib.uchicago.edu/1001/org/ochre/e3a20b87-adc7-48ba-9a31-41de02188eb3,2022 Photographs,Dataset contains photographs from 2022 excavation.,"OCHRE link: <a href=""https://pi.lib.uchicago.edu/1001/org/ochre/e3a20b87-adc7-48ba-9a31-41de02188eb3"">https://pi.lib.uchicago.edu/1001/org/ochre/e3a20b87-adc7-48ba-9a31-41de02188eb3</a>"
A22_34595.jpg,https://pi.lib.uchicago.edu/1001/org/ochre/99640f2e-a272-4249-8f2c-c830ec7d384d,2022 Photographs,Dataset contains photographs from 2022 excavation.,"OCHRE link: <a href=""https://pi.lib.uchicago.edu/1001/org/ochre/99640f2e-a272-4249-8f2c-c830ec7d384d"">https://pi.lib.uchicago.edu/1001/org/ochre/99640f2e-a272-4249-8f2c-c830ec7d384d</a>"
A22_34596.jpg,https://pi.lib.uchicago.edu/1001/org/ochre/dc4fe34a-f7f4-4f78-aa39-720f8ef789e5,2022 Photographs,Dataset contains photographs from 2022 excavation.,"OCHRE link: <a href=""https://pi.lib.uchicago.edu/1001/org/ochre/dc4fe34a-f7f4-4f78-aa39-720f8ef789e5"">https://pi.lib.uchicago.edu/1001/org/ochre/dc4fe34a-f7f4-4f78-aa39-720f8ef789e5</a>"
A22_34597.jpg,https://pi.lib.uchicago.edu/1001/org/ochre/1c6f464c-ce23-4fb0-a552-eb67dd882ca5,2022 Photographs,Dataset contains photographs from 2022 excavation.,"OCHRE link: <a href=""https://pi.lib.uchicago.edu/1001/org/ochre/1c6f464c-ce23-4fb0-a552-eb67dd882ca5"">https://pi.lib.uchicago.edu/1001/org/ochre/1c6f464c-ce23-4fb0-a552-eb67dd882ca5</a>"
A22_34598.jpg,https://pi.lib.uchicago.edu/1001/org/ochre/ccde0f60-d302-4a93-acf7-10d012a27256,2022 Photographs,Dataset contains photographs from 2022 excavation.,"OCHRE link: <a href=""https://pi.lib.uchicago.edu/1001/org/ochre/ccde0f60-d302-4a93-acf7-10d012a27256"">https://pi.lib.uchicago.edu/1001/org/ochre/ccde0f60-d302-4a93-acf7-10d012a27256</a>"
A22_34599.jpg,https://pi.lib.uchicago.edu/1001/org/ochre/e4f31216-1555-46dc-af66-55f0526b5814,2022 Photographs,Dataset contains photographs from 2022 excavation.,"OCHRE link: <a href=""https://pi.lib.uchicago.edu/1001/org/ochre/e4f31216-1555-46dc-af66-55f0526b5814"">https://pi.lib.uchicago.edu/1001/org/ochre/e4f31216-1555-46dc-af66-55f0526b5814</a>"
A22_34600.jpg,https://pi.lib.uchicago.edu/1001/org/ochre/81c8d8de-ecbd-43f2-af03-b5f4433ba0df,2022 Photographs,Dataset contains photographs from 2022 excavation.,"OCHRE link: <a href=""https://pi.lib.uchicago.edu/1001/org/ochre/81c8d8de-ecbd-43f2-af03-b5f4433ba0df"">https://pi.lib.uchicago.edu/1001/org/ochre/81c8d8de-ecbd-43f2-af03-b5f4433ba0df</a>"
A22_34601.jpg,https://pi.lib.uchicago.edu/1001/org/ochre/ceff9f60-6ca0-429e-b8d6-809aac05ee94,2022 Photographs,Dataset contains photographs from 2022 excavation.,"OCHRE link: <a href=""https://pi.lib.uchicago.edu/1001/org/ochre/ceff9f60-6ca0-429e-b8d6-809aac05ee94"">https://pi.lib.uchicago.edu/1001/org/ochre/ceff9f60-6ca0-429e-b8d6-809aac05ee94</a>"
A22_34602.jpg,https://pi.lib.uchicago.edu/1001/org/ochre/e5134219-4dd8-42bd-b4f2-a90f90e43e6b,2022 Photographs,Dataset contains photographs from 2022 excavation.,"OCHRE link: <a href=""https://pi.lib.uchicago.edu/1001/org/ochre/e5134219-4dd8-42bd-b4f2-a90f90e43e6b"">https://pi.lib.uchicago.edu/1001/org/ochre/e5134219-4dd8-42bd-b4f2-a90f90e43e6b</a>"
A22_34603.jpg,https://pi.lib.uchicago.edu/1001/org/ochre/c931de39-7c5e-4ec7-95e0-da13627ff375,2022 Photographs,Dataset contains photographs from 2022 excavation.,"OCHRE link: <a href=""https://pi.lib.uchicago.edu/1001/org/ochre/c931de39-7c5e-4ec7-95e0-da13627ff375"">https://pi.lib.uchicago.edu/1001/org/ochre/c931de39-7c5e-4ec7-95e0-da13627ff375</a>"
A22_34604.jpg,https://pi.lib.uchicago.edu/1001/org/ochre/e46cb5ae-b5b6-4646-b751-b79adc87cc51,2022 Photographs,Dataset contains photographs from 2022 excavation.,"OCHRE link: <a href=""https://pi.lib.uchicago.edu/1001/org/ochre/e46cb5ae-b5b6-4646-b751-b79adc87cc51"">https://pi.lib.uchicago.edu/1001/org/ochre/e46cb5ae-b5b6-4646-b751-b79adc87cc51</a>"
A22_34605.jpg,https://pi.lib.uchicago.edu/1001/org/ochre/4c84a332-0fee-443f-802f-a7a3f93d4c6a,2022 Photographs,Dataset contains photographs from 2022 excavation.,"OCHRE link: <a href=""https://pi.lib.uchicago.edu/1001/org/ochre/4c84a332-0fee-443f-802f-a7a3f93d4c6a"">https://pi.lib.uchicago.edu/1001/org/ochre/4c84a332-0fee-443f-802f-a7a3f93d4c6a</a>"
A22_34606.jpg,https://pi.lib.uchicago.edu/1001/org/ochre/80767f5f-05e5-490b-b696-ed7212ad81d9,2022 Photographs,Dataset contains photographs from 2022 excavation.,"OCHRE link: <a href=""https://pi.lib.uchicago.edu/1001/org/ochre/80767f5f-05e5-490b-b696-ed7212ad81d9"">https://pi.lib.uchicago.edu/1001/org/ochre/80767f5f-05e5-490b-b696-ed7212ad81d9</a>"
A22_34607.jpg,https://pi.lib.uchicago.edu/1001/org/ochre/494ccfe5-84fc-4eef-bde0-dfe3c746f0bf,2022 Photographs,Dataset contains photographs from 2022 excavation.,"OCHRE link: <a href=""https://pi.lib.uchicago.edu/1001/org/ochre/494ccfe5-84fc-4eef-bde0-dfe3c746f0bf"">https://pi.lib.uchicago.edu/1001/org/ochre/494ccfe5-84fc-4eef-bde0-dfe3c746f0bf</a>"
A22_34608.jpg,https://pi.lib.uchicago.edu/1001/org/ochre/7ec3d152-b1c9-48e9-85be-6c6467af2677,2022 Photographs,Dataset contains photographs from 2022 excavation.,"OCHRE link: <a href=""https://pi.lib.uchicago.edu/1001/org/ochre/7ec3d152-b1c9-48e9-85be-6c6467af2677"">https://pi.lib.uchicago.edu/1001/org/ochre/7ec3d152-b1c9-48e9-85be-6c6467af2677</a>"
A22_34609.jpg,https://pi.lib.uchicago.edu/1001/org/ochre/6958677e-64b1-447e-bf8e-057848c4fda2,2022 Photographs,Dataset contains photographs from 2022 excavation.,"OCHRE link: <a href=""https://pi.lib.uchicago.edu/1001/org/ochre/6958677e-64b1-447e-bf8e-057848c4fda2"">https://pi.lib.uchicago.edu/1001/org/ochre/6958677e-64b1-447e-bf8e-057848c4fda2</a>"
A22_34610.jpg,https://pi.lib.uchicago.edu/1001/org/ochre/7895baf2-70de-42cd-a0be-81d5e05acd12,2022 Photographs,Dataset contains photographs from 2022 excavation.,"OCHRE link: <a href=""https://pi.lib.uchicago.edu/1001/org/ochre/7895baf2-70de-42cd-a0be-81d5e05acd12"">https://pi.lib.uchicago.edu/1001/org/ochre/7895baf2-70de-42cd-a0be-81d5e05acd12</a>"
A22_34611.jpg,https://pi.lib.uchicago.edu/1001/org/ochre/6303633e-d119-44d2-ad71-ca66f898a91e,2022 Photographs,Dataset contains photographs from 2022 excavation.,"OCHRE link: <a href=""https://pi.lib.uchicago.edu/1001/org/ochre/6303633e-d119-44d2-ad71-ca66f898a91e"">https://pi.lib.uchicago.edu/1001/org/ochre/6303633e-d119-44d2-ad71-ca66f898a91e</a>"
A22_34612.jpg,https://pi.lib.uchicago.edu/1001/org/ochre/9559b59a-6f84-43f2-ac62-1b75fd2a119e,2022 Photographs,Dataset contains photographs from 2022 excavation.,"OCHRE link: <a href=""https://pi.lib.uchicago.edu/1001/org/ochre/9559b59a-6f84-43f2-ac62-1b75fd2a119e"">https://pi.lib.uchicago.edu/1001/org/ochre/9559b59a-6f84-43f2-ac62-1b75fd2a119e</a>"
A22_34613.jpg,https://pi.lib.uchicago.edu/1001/org/ochre/25c15e0a-f804-4747-9237-08c5564fa475,2022 Photographs,Dataset contains photographs from 2022 excavation.,"OCHRE link: <a href=""https://pi.lib.uchicago.edu/1001/org/ochre/25c15e0a-f804-4747-9237-08c5564fa475"">https://pi.lib.uchicago.edu/1001/org/ochre/25c15e0a-f804-4747-9237-08c5564fa475</a>"
A22_34614.jpg,https://pi.lib.uchicago.edu/1001/org/ochre/6529e69b-ab53-42e2-9f10-a7b5d8a76eb3,2022 Photographs,Dataset contains photographs from 2022 excavation.,"OCHRE link: <a href=""https://pi.lib.uchicago.edu/1001/org/ochre/6529e69b-ab53-42e2-9f10-a7b5d8a76eb3"">https://pi.lib.uchicago.edu/1001/org/ochre/6529e69b-ab53-42e2-9f10-a7b5d8a76eb3</a>"
A22_34615.jpg,https://pi.lib.uchicago.edu/1001/org/ochre/f59a9b95-50f8-49d3-a018-974989c2f358,2022 Photographs,Dataset contains photographs from 2022 excavation.,"OCHRE link: <a href=""https://pi.lib.uchicago.edu/1001/org/ochre/f59a9b95-50f8-49d3-a018-974989c2f358"">https://pi.lib.uchicago.edu/1001/org/ochre/f59a9b95-50f8-49d3-a018-974989c2f358</a>"
A22_34616.jpg,https://pi.lib.uchicago.edu/1001/org/ochre/a20585cf-1fa5-4681-acd8-e2276b3209d5,2022 Photographs,Dataset contains photographs from 2022 excavation.,"OCHRE link: <a href=""https://pi.lib.uchicago.edu/1001/org/ochre/a20585cf-1fa5-4681-acd8-e2276b3209d5"">https://pi.lib.uchicago.edu/1001/org/ochre/a20585cf-1fa5-4681-acd8-e2276b3209d5</a>"
A22_34617.jpg,https://pi.lib.uchicago.edu/1001/org/ochre/07a14dd3-f39e-4ab1-8aab-ab193ef56135,2022 Photographs,Dataset contains photographs from 2022 excavation.,"OCHRE link: <a href=""https://pi.lib.uchicago.edu/1001/org/ochre/07a14dd3-f39e-4ab1-8aab-ab193ef56135"">https://pi.lib.uchicago.edu/1001/org/ochre/07a14dd3-f39e-4ab1-8aab-ab193ef56135</a>"
A22_34618.jpg,https://pi.lib.uchicago.edu/1001/org/ochre/83d4d908-fe75-487f-bf38-c34de8f0446e,2022 Photographs,Dataset contains photographs from 2022 excavation.,"OCHRE link: <a href=""https://pi.lib.uchicago.edu/1001/org/ochre/83d4d908-fe75-487f-bf38-c34de8f0446e"">https://pi.lib.uchicago.edu/1001/org/ochre/83d4d908-fe75-487f-bf38-c34de8f0446e</a>"
A22_34619.jpg,https://pi.lib.uchicago.edu/1001/org/ochre/26d1e123-ba93-403f-9072-7d85a71a9fbd,2022 Photographs,Dataset contains photographs from 2022 excavation.,"OCHRE link: <a href=""https://pi.lib.uchicago.edu/1001/org/ochre/26d1e123-ba93-403f-9072-7d85a71a9fbd"">https://pi.lib.uchicago.edu/1001/org/ochre/26d1e123-ba93-403f-9072-7d85a71a9fbd</a>"
A22_34620.jpg,https://pi.lib.uchicago.edu/1001/org/ochre/710fac8a-b5d8-4bec-a051-272245fb926f,2022 Photographs,Dataset contains photographs from 2022 excavation.,"OCHRE link: <a href=""https://pi.lib.uchicago.edu/1001/org/ochre/710fac8a-b5d8-4bec-a051-272245fb926f"">https://pi.lib.uchicago.edu/1001/org/ochre/710fac8a-b5d8-4bec-a051-272245fb926f</a>"
A22_34621.jpg,https://pi.lib.uchicago.edu/1001/org/ochre/93b16a37-0f9b-4fe9-8250-e91321cb6137,2022 Photographs,Dataset contains photographs from 2022 excavation.,"OCHRE link: <a href=""https://pi.lib.uchicago.edu/1001/org/ochre/93b16a37-0f9b-4fe9-8250-e91321cb6137"">https://pi.lib.uchicago.edu/1001/org/ochre/93b16a37-0f9b-4fe9-8250-e91321cb6137</a>"
A22_34622.jpg,https://pi.lib.uchicago.edu/1001/org/ochre/307dd487-4f40-4351-8bb2-d1cdfd800845,2022 Photographs,Dataset contains photographs from 2022 excavation.,"OCHRE link: <a href=""https://pi.lib.uchicago.edu/1001/org/ochre/307dd487-4f40-4351-8bb2-d1cdfd800845"">https://pi.lib.uchicago.edu/1001/org/ochre/307dd487-4f40-4351-8bb2-d1cdfd800845</a>"
A22_34623.jpg,https://pi.lib.uchicago.edu/1001/org/ochre/6f2fd824-a7b6-4796-8bd5-9cb041fe9852,2022 Photographs,Dataset contains photographs from 2022 excavation.,"OCHRE link: <a href=""https://pi.lib.uchicago.edu/1001/org/ochre/6f2fd824-a7b6-4796-8bd5-9cb041fe9852"">https://pi.lib.uchicago.edu/1001/org/ochre/6f2fd824-a7b6-4796-8bd5-9cb041fe9852</a>"
A22_34624.jpg,https://pi.lib.uchicago.edu/1001/org/ochre/293bbe01-0eba-4a1c-8aa8-2e054cc9328d,2022 Photographs,Dataset contains photographs from 2022 excavation.,"OCHRE link: <a href=""https://pi.lib.uchicago.edu/1001/org/ochre/293bbe01-0eba-4a1c-8aa8-2e054cc9328d"">https://pi.lib.uchicago.edu/1001/org/ochre/293bbe01-0eba-4a1c-8aa8-2e054cc9328d</a>"
A22_34625.jpg,https://pi.lib.uchicago.edu/1001/org/ochre/be0361a5-5984-4489-91a0-ea43507ce0da,2022 Photographs,Dataset contains photographs from 2022 excavation.,"OCHRE link: <a href=""https://pi.lib.uchicago.edu/1001/org/ochre/be0361a5-5984-4489-91a0-ea43507ce0da"">https://pi.lib.uchicago.edu/1001/org/ochre/be0361a5-5984-4489-91a0-ea43507ce0da</a>"
A22_34626.jpg,https://pi.lib.uchicago.edu/1001/org/ochre/b49372b5-bfd0-4bdc-bbf7-507c0cf925ae,2022 Photographs,Dataset contains photographs from 2022 excavation.,"OCHRE link: <a href=""https://pi.lib.uchicago.edu/1001/org/ochre/b49372b5-bfd0-4bdc-bbf7-507c0cf925ae"">https://pi.lib.uchicago.edu/1001/org/ochre/b49372b5-bfd0-4bdc-bbf7-507c0cf925ae</a>"
A22_34627.jpg,https://pi.lib.uchicago.edu/1001/org/ochre/873313c2-e385-483f-a418-eef02f44ff21,2022 Photographs,Dataset contains photographs from 2022 excavation.,"OCHRE link: <a href=""https://pi.lib.uchicago.edu/1001/org/ochre/873313c2-e385-483f-a418-eef02f44ff21"">https://pi.lib.uchicago.edu/1001/org/ochre/873313c2-e385-483f-a418-eef02f44ff21</a>"
A22_34628.jpg,https://pi.lib.uchicago.edu/1001/org/ochre/1a17c41e-65d3-4b84-9c62-98de16f7bfde,2022 Photographs,Dataset contains photographs from 2022 excavation.,"OCHRE link: <a href=""https://pi.lib.uchicago.edu/1001/org/ochre/1a17c41e-65d3-4b84-9c62-98de16f7bfde"">https://pi.lib.uchicago.edu/1001/org/ochre/1a17c41e-65d3-4b84-9c62-98de16f7bfde</a>"
A22_34629.jpg,https://pi.lib.uchicago.edu/1001/org/ochre/4c1fdd38-ca76-46ba-a4c7-e8bb4eb834a4,2022 Photographs,Dataset contains photographs from 2022 excavation.,"OCHRE link: <a href=""https://pi.lib.uchicago.edu/1001/org/ochre/4c1fdd38-ca76-46ba-a4c7-e8bb4eb834a4"">https://pi.lib.uchicago.edu/1001/org/ochre/4c1fdd38-ca76-46ba-a4c7-e8bb4eb834a4</a>"
A22_34630.jpg,https://pi.lib.uchicago.edu/1001/org/ochre/2ff978f9-7c1d-45dc-a598-a450687d54ea,2022 Photographs,Dataset contains photographs from 2022 excavation.,"OCHRE link: <a href=""https://pi.lib.uchicago.edu/1001/org/ochre/2ff978f9-7c1d-45dc-a598-a450687d54ea"">https://pi.lib.uchicago.edu/1001/org/ochre/2ff978f9-7c1d-45dc-a598-a450687d54ea</a>"
A22_34631.jpg,https://pi.lib.uchicago.edu/1001/org/ochre/867576bb-1120-46e7-845f-136dbedf956c,2022 Photographs,Dataset contains photographs from 2022 excavation.,"OCHRE link: <a href=""https://pi.lib.uchicago.edu/1001/org/ochre/867576bb-1120-46e7-845f-136dbedf956c"">https://pi.lib.uchicago.edu/1001/org/ochre/867576bb-1120-46e7-845f-136dbedf956c</a>"
A22_34632.jpg,https://pi.lib.uchicago.edu/1001/org/ochre/cfd2b706-33fb-4f57-b3f9-6a70ae5afd66,2022 Photographs,Dataset contains photographs from 2022 excavation.,"OCHRE link: <a href=""https://pi.lib.uchicago.edu/1001/org/ochre/cfd2b706-33fb-4f57-b3f9-6a70ae5afd66"">https://pi.lib.uchicago.edu/1001/org/ochre/cfd2b706-33fb-4f57-b3f9-6a70ae5afd66</a>"
A22_34633.jpg,https://pi.lib.uchicago.edu/1001/org/ochre/16b82e0f-43fe-4a82-8b5f-64da2abc1f9d,2022 Photographs,Dataset contains photographs from 2022 excavation.,"OCHRE link: <a href=""https://pi.lib.uchicago.edu/1001/org/ochre/16b82e0f-43fe-4a82-8b5f-64da2abc1f9d"">https://pi.lib.uchicago.edu/1001/org/ochre/16b82e0f-43fe-4a82-8b5f-64da2abc1f9d</a>"
A22_34634.jpg,https://pi.lib.uchicago.edu/1001/org/ochre/b763d0c5-b8a0-4145-875b-f848e256c00d,2022 Photographs,Dataset contains photographs from 2022 excavation.,"OCHRE link: <a href=""https://pi.lib.uchicago.edu/1001/org/ochre/b763d0c5-b8a0-4145-875b-f848e256c00d"">https://pi.lib.uchicago.edu/1001/org/ochre/b763d0c5-b8a0-4145-875b-f848e256c00d</a>"
A22_34635.jpg,https://pi.lib.uchicago.edu/1001/org/ochre/10707825-b08b-4184-b9b5-9874ce3d82e6,2022 Photographs,Dataset contains photographs from 2022 excavation.,"OCHRE link: <a href=""https://pi.lib.uchicago.edu/1001/org/ochre/10707825-b08b-4184-b9b5-9874ce3d82e6"">https://pi.lib.uchicago.edu/1001/org/ochre/10707825-b08b-4184-b9b5-9874ce3d82e6</a>"
A22_34636.jpg,https://pi.lib.uchicago.edu/1001/org/ochre/109dce71-6b75-4635-9c5a-4124cfa87d95,2022 Photographs,Dataset contains photographs from 2022 excavation.,"OCHRE link: <a href=""https://pi.lib.uchicago.edu/1001/org/ochre/109dce71-6b75-4635-9c5a-4124cfa87d95"">https://pi.lib.uchicago.edu/1001/org/ochre/109dce71-6b75-4635-9c5a-4124cfa87d95</a>"
A22_34637.jpg,https://pi.lib.uchicago.edu/1001/org/ochre/2de2f562-9402-451a-80fc-7626fdfb92fd,2022 Photographs,Dataset contains photographs from 2022 excavation.,"OCHRE link: <a href=""https://pi.lib.uchicago.edu/1001/org/ochre/2de2f562-9402-451a-80fc-7626fdfb92fd"">https://pi.lib.uchicago.edu/1001/org/ochre/2de2f562-9402-451a-80fc-7626fdfb92fd</a>"
A22_34638.jpg,https://pi.lib.uchicago.edu/1001/org/ochre/2e37df24-914f-4b73-9a2c-d2d0cfb4fc74,2022 Photographs,Dataset contains photographs from 2022 excavation.,"OCHRE link: <a href=""https://pi.lib.uchicago.edu/1001/org/ochre/2e37df24-914f-4b73-9a2c-d2d0cfb4fc74"">https://pi.lib.uchicago.edu/1001/org/ochre/2e37df24-914f-4b73-9a2c-d2d0cfb4fc74</a>"
A22_34639.jpg,https://pi.lib.uchicago.edu/1001/org/ochre/6dee8b82-4357-4205-94f9-37e068dd193b,2022 Photographs,Dataset contains photographs from 2022 excavation.,"OCHRE link: <a href=""https://pi.lib.uchicago.edu/1001/org/ochre/6dee8b82-4357-4205-94f9-37e068dd193b"">https://pi.lib.uchicago.edu/1001/org/ochre/6dee8b82-4357-4205-94f9-37e068dd193b</a>"
A22_34640.jpg,https://pi.lib.uchicago.edu/1001/org/ochre/3f667da6-b576-4d5c-be83-117e506bbcd2,2022 Photographs,Dataset contains photographs from 2022 excavation.,"OCHRE link: <a href=""https://pi.lib.uchicago.edu/1001/org/ochre/3f667da6-b576-4d5c-be83-117e506bbcd2"">https://pi.lib.uchicago.edu/1001/org/ochre/3f667da6-b576-4d5c-be83-117e506bbcd2</a>"
A22_34641.jpg,https://pi.lib.uchicago.edu/1001/org/ochre/494e2bd2-81e9-4d10-9877-55c7e0337ac9,2022 Photographs,Dataset contains photographs from 2022 excavation.,"OCHRE link: <a href=""https://pi.lib.uchicago.edu/1001/org/ochre/494e2bd2-81e9-4d10-9877-55c7e0337ac9"">https://pi.lib.uchicago.edu/1001/org/ochre/494e2bd2-81e9-4d10-9877-55c7e0337ac9</a>"
A22_34642.jpg,https://pi.lib.uchicago.edu/1001/org/ochre/fc90a873-8c33-42a9-8e0e-43c45a787734,2022 Photographs,Dataset contains photographs from 2022 excavation.,"OCHRE link: <a href=""https://pi.lib.uchicago.edu/1001/org/ochre/fc90a873-8c33-42a9-8e0e-43c45a787734"">https://pi.lib.uchicago.edu/1001/org/ochre/fc90a873-8c33-42a9-8e0e-43c45a787734</a>"
A22_34643.jpg,https://pi.lib.uchicago.edu/1001/org/ochre/ac07646c-2eba-43f7-8ad1-d7451f6fc02d,2022 Photographs,Dataset contains photographs from 2022 excavation.,"OCHRE link: <a href=""https://pi.lib.uchicago.edu/1001/org/ochre/ac07646c-2eba-43f7-8ad1-d7451f6fc02d"">https://pi.lib.uchicago.edu/1001/org/ochre/ac07646c-2eba-43f7-8ad1-d7451f6fc02d</a>"
A22_34644.jpg,https://pi.lib.uchicago.edu/1001/org/ochre/6ce7da4c-7629-4718-b0a4-a78aaece0926,2022 Photographs,Dataset contains photographs from 2022 excavation.,"OCHRE link: <a href=""https://pi.lib.uchicago.edu/1001/org/ochre/6ce7da4c-7629-4718-b0a4-a78aaece0926"">https://pi.lib.uchicago.edu/1001/org/ochre/6ce7da4c-7629-4718-b0a4-a78aaece0926</a>"
A22_34645.jpg,https://pi.lib.uchicago.edu/1001/org/ochre/3d8a1d3e-17e3-49f7-8182-2d866a78accf,2022 Photographs,Dataset contains photographs from 2022 excavation.,"OCHRE link: <a href=""https://pi.lib.uchicago.edu/1001/org/ochre/3d8a1d3e-17e3-49f7-8182-2d866a78accf"">https://pi.lib.uchicago.edu/1001/org/ochre/3d8a1d3e-17e3-49f7-8182-2d866a78accf</a>"
A22_34646.jpg,https://pi.lib.uchicago.edu/1001/org/ochre/1e7d1373-f9a5-494a-98b6-8b87eb7f24a0,2022 Photographs,Dataset contains photographs from 2022 excavation.,"OCHRE link: <a href=""https://pi.lib.uchicago.edu/1001/org/ochre/1e7d1373-f9a5-494a-98b6-8b87eb7f24a0"">https://pi.lib.uchicago.edu/1001/org/ochre/1e7d1373-f9a5-494a-98b6-8b87eb7f24a0</a>"
A22_34647.jpg,https://pi.lib.uchicago.edu/1001/org/ochre/c0cffd18-e09d-4af4-b809-c59e26c90a0d,2022 Photographs,Dataset contains photographs from 2022 excavation.,"OCHRE link: <a href=""https://pi.lib.uchicago.edu/1001/org/ochre/c0cffd18-e09d-4af4-b809-c59e26c90a0d"">https://pi.lib.uchicago.edu/1001/org/ochre/c0cffd18-e09d-4af4-b809-c59e26c90a0d</a>"
A22_34648.jpg,https://pi.lib.uchicago.edu/1001/org/ochre/c002257b-2c1d-4079-b19d-8af1976be523,2022 Photographs,Dataset contains photographs from 2022 excavation.,"OCHRE link: <a href=""https://pi.lib.uchicago.edu/1001/org/ochre/c002257b-2c1d-4079-b19d-8af1976be523"">https://pi.lib.uchicago.edu/1001/org/ochre/c002257b-2c1d-4079-b19d-8af1976be523</a>"
A22_34649.jpg,https://pi.lib.uchicago.edu/1001/org/ochre/ab47437e-9313-44a2-bb01-fe41ac712c31,2022 Photographs,Dataset contains photographs from 2022 excavation.,"OCHRE link: <a href=""https://pi.lib.uchicago.edu/1001/org/ochre/ab47437e-9313-44a2-bb01-fe41ac712c31"">https://pi.lib.uchicago.edu/1001/org/ochre/ab47437e-9313-44a2-bb01-fe41ac712c31</a>"
A22_34650.jpg,https://pi.lib.uchicago.edu/1001/org/ochre/3e99c990-554f-47dd-9ebd-371d375ac658,2022 Photographs,Dataset contains photographs from 2022 excavation.,"OCHRE link: <a href=""https://pi.lib.uchicago.edu/1001/org/ochre/3e99c990-554f-47dd-9ebd-371d375ac658"">https://pi.lib.uchicago.edu/1001/org/ochre/3e99c990-554f-47dd-9ebd-371d375ac658</a>"
A22_34651.jpg,https://pi.lib.uchicago.edu/1001/org/ochre/1b3a6c0b-5050-4864-98c4-7b54cffbd2fc,2022 Photographs,Dataset contains photographs from 2022 excavation.,"OCHRE link: <a href=""https://pi.lib.uchicago.edu/1001/org/ochre/1b3a6c0b-5050-4864-98c4-7b54cffbd2fc"">https://pi.lib.uchicago.edu/1001/org/ochre/1b3a6c0b-5050-4864-98c4-7b54cffbd2fc</a>"
A22_34652.jpg,https://pi.lib.uchicago.edu/1001/org/ochre/ab416281-7200-4f69-8f53-1de920beeab9,2022 Photographs,Dataset contains photographs from 2022 excavation.,"OCHRE link: <a href=""https://pi.lib.uchicago.edu/1001/org/ochre/ab416281-7200-4f69-8f53-1de920beeab9"">https://pi.lib.uchicago.edu/1001/org/ochre/ab416281-7200-4f69-8f53-1de920beeab9</a>"
A22_34653.jpg,https://pi.lib.uchicago.edu/1001/org/ochre/29579f00-3244-40a0-9b18-d07db5efa594,2022 Photographs,Dataset contains photographs from 2022 excavation.,"OCHRE link: <a href=""https://pi.lib.uchicago.edu/1001/org/ochre/29579f00-3244-40a0-9b18-d07db5efa594"">https://pi.lib.uchicago.edu/1001/org/ochre/29579f00-3244-40a0-9b18-d07db5efa594</a>"
A22_34654.jpg,https://pi.lib.uchicago.edu/1001/org/ochre/2ca23664-68d2-468a-a6b0-ea1ff6887982,2022 Photographs,Dataset contains photographs from 2022 excavation.,"OCHRE link: <a href=""https://pi.lib.uchicago.edu/1001/org/ochre/2ca23664-68d2-468a-a6b0-ea1ff6887982"">https://pi.lib.uchicago.edu/1001/org/ochre/2ca23664-68d2-468a-a6b0-ea1ff6887982</a>"
A22_34655.jpg,https://pi.lib.uchicago.edu/1001/org/ochre/3bd0b32d-8ac3-4796-9ee7-7759f68fa478,2022 Photographs,Dataset contains photographs from 2022 excavation.,"OCHRE link: <a href=""https://pi.lib.uchicago.edu/1001/org/ochre/3bd0b32d-8ac3-4796-9ee7-7759f68fa478"">https://pi.lib.uchicago.edu/1001/org/ochre/3bd0b32d-8ac3-4796-9ee7-7759f68fa478</a>"
A22_34656.jpg,https://pi.lib.uchicago.edu/1001/org/ochre/594a6775-9f3a-4a1f-9fe8-17287f437916,2022 Photographs,Dataset contains photographs from 2022 excavation.,"OCHRE link: <a href=""https://pi.lib.uchicago.edu/1001/org/ochre/594a6775-9f3a-4a1f-9fe8-17287f437916"">https://pi.lib.uchicago.edu/1001/org/ochre/594a6775-9f3a-4a1f-9fe8-17287f437916</a>"
A22_34657.jpg,https://pi.lib.uchicago.edu/1001/org/ochre/d81cbb7d-2a4e-4092-bd89-1df8db6faa99,2022 Photographs,Dataset contains photographs from 2022 excavation.,"OCHRE link: <a href=""https://pi.lib.uchicago.edu/1001/org/ochre/d81cbb7d-2a4e-4092-bd89-1df8db6faa99"">https://pi.lib.uchicago.edu/1001/org/ochre/d81cbb7d-2a4e-4092-bd89-1df8db6faa99</a>"
A22_34658.jpg,https://pi.lib.uchicago.edu/1001/org/ochre/48d1b560-28e6-4c74-a197-87b10b1630d0,2022 Photographs,Dataset contains photographs from 2022 excavation.,"OCHRE link: <a href=""https://pi.lib.uchicago.edu/1001/org/ochre/48d1b560-28e6-4c74-a197-87b10b1630d0"">https://pi.lib.uchicago.edu/1001/org/ochre/48d1b560-28e6-4c74-a197-87b10b1630d0</a>"
A22_34659.jpg,https://pi.lib.uchicago.edu/1001/org/ochre/8e1dc80b-4732-4ff5-a52a-301210249e41,2022 Photographs,Dataset contains photographs from 2022 excavation.,"OCHRE link: <a href=""https://pi.lib.uchicago.edu/1001/org/ochre/8e1dc80b-4732-4ff5-a52a-301210249e41"">https://pi.lib.uchicago.edu/1001/org/ochre/8e1dc80b-4732-4ff5-a52a-301210249e41</a>"
A22_34660.jpg,https://pi.lib.uchicago.edu/1001/org/ochre/97a39b75-75a0-45d9-b7e7-94c4031bd680,2022 Photographs,Dataset contains photographs from 2022 excavation.,"OCHRE link: <a href=""https://pi.lib.uchicago.edu/1001/org/ochre/97a39b75-75a0-45d9-b7e7-94c4031bd680"">https://pi.lib.uchicago.edu/1001/org/ochre/97a39b75-75a0-45d9-b7e7-94c4031bd680</a>"
A22_34661.jpg,https://pi.lib.uchicago.edu/1001/org/ochre/86c4e12b-3772-49f9-bffb-c729a6ad617a,2022 Photographs,Dataset contains photographs from 2022 excavation.,"OCHRE link: <a href=""https://pi.lib.uchicago.edu/1001/org/ochre/86c4e12b-3772-49f9-bffb-c729a6ad617a"">https://pi.lib.uchicago.edu/1001/org/ochre/86c4e12b-3772-49f9-bffb-c729a6ad617a</a>"
A22_34662.jpg,https://pi.lib.uchicago.edu/1001/org/ochre/e0095891-119f-4bbf-b74a-d58be9c6b191,2022 Photographs,Dataset contains photographs from 2022 excavation.,"OCHRE link: <a href=""https://pi.lib.uchicago.edu/1001/org/ochre/e0095891-119f-4bbf-b74a-d58be9c6b191"">https://pi.lib.uchicago.edu/1001/org/ochre/e0095891-119f-4bbf-b74a-d58be9c6b191</a>"
A22_34663.jpg,https://pi.lib.uchicago.edu/1001/org/ochre/ed888d86-a012-460e-9b4a-e5628d83d6a4,2022 Photographs,Dataset contains photographs from 2022 excavation.,"OCHRE link: <a href=""https://pi.lib.uchicago.edu/1001/org/ochre/ed888d86-a012-460e-9b4a-e5628d83d6a4"">https://pi.lib.uchicago.edu/1001/org/ochre/ed888d86-a012-460e-9b4a-e5628d83d6a4</a>"
A22_34664.jpg,https://pi.lib.uchicago.edu/1001/org/ochre/ca287c98-3d39-454d-96d5-735d6ab00deb,2022 Photographs,Dataset contains photographs from 2022 excavation.,"OCHRE link: <a href=""https://pi.lib.uchicago.edu/1001/org/ochre/ca287c98-3d39-454d-96d5-735d6ab00deb"">https://pi.lib.uchicago.edu/1001/org/ochre/ca287c98-3d39-454d-96d5-735d6ab00deb</a>"
A22_34665.jpg,https://pi.lib.uchicago.edu/1001/org/ochre/f16f1009-aad0-4cb9-b15c-7d5f95c84f7a,2022 Photographs,Dataset contains photographs from 2022 excavation.,"OCHRE link: <a href=""https://pi.lib.uchicago.edu/1001/org/ochre/f16f1009-aad0-4cb9-b15c-7d5f95c84f7a"">https://pi.lib.uchicago.edu/1001/org/ochre/f16f1009-aad0-4cb9-b15c-7d5f95c84f7a</a>"
A22_34666.jpg,https://pi.lib.uchicago.edu/1001/org/ochre/94943192-5241-49b2-b5f7-a7d9c30eccc6,2022 Photographs,Dataset contains photographs from 2022 excavation.,"OCHRE link: <a href=""https://pi.lib.uchicago.edu/1001/org/ochre/94943192-5241-49b2-b5f7-a7d9c30eccc6"">https://pi.lib.uchicago.edu/1001/org/ochre/94943192-5241-49b2-b5f7-a7d9c30eccc6</a>"
A22_34667.jpg,https://pi.lib.uchicago.edu/1001/org/ochre/4f2cf7cc-19fa-4f0e-8cd6-b58ecd10b016,2022 Photographs,Dataset contains photographs from 2022 excavation.,"OCHRE link: <a href=""https://pi.lib.uchicago.edu/1001/org/ochre/4f2cf7cc-19fa-4f0e-8cd6-b58ecd10b016"">https://pi.lib.uchicago.edu/1001/org/ochre/4f2cf7cc-19fa-4f0e-8cd6-b58ecd10b016</a>"
A22_34668.jpg,https://pi.lib.uchicago.edu/1001/org/ochre/4a72605c-d96c-4c65-8fc0-eb276497209c,2022 Photographs,Dataset contains photographs from 2022 excavation.,"OCHRE link: <a href=""https://pi.lib.uchicago.edu/1001/org/ochre/4a72605c-d96c-4c65-8fc0-eb276497209c"">https://pi.lib.uchicago.edu/1001/org/ochre/4a72605c-d96c-4c65-8fc0-eb276497209c</a>"
A22_34669.jpg,https://pi.lib.uchicago.edu/1001/org/ochre/dc228c9e-d493-4754-99f6-89f0413ba2f2,2022 Photographs,Dataset contains photographs from 2022 excavation.,"OCHRE link: <a href=""https://pi.lib.uchicago.edu/1001/org/ochre/dc228c9e-d493-4754-99f6-89f0413ba2f2"">https://pi.lib.uchicago.edu/1001/org/ochre/dc228c9e-d493-4754-99f6-89f0413ba2f2</a>"
A22_34670.jpg,https://pi.lib.uchicago.edu/1001/org/ochre/9cea6a2a-113e-4ce7-831c-60b15f451a9e,2022 Photographs,Dataset contains photographs from 2022 excavation.,"OCHRE link: <a href=""https://pi.lib.uchicago.edu/1001/org/ochre/9cea6a2a-113e-4ce7-831c-60b15f451a9e"">https://pi.lib.uchicago.edu/1001/org/ochre/9cea6a2a-113e-4ce7-831c-60b15f451a9e</a>"
A22_34671.jpg,https://pi.lib.uchicago.edu/1001/org/ochre/1cf7a8e4-17ce-4a4c-b139-b52faa79d6e1,2022 Photographs,Dataset contains photographs from 2022 excavation.,"OCHRE link: <a href=""https://pi.lib.uchicago.edu/1001/org/ochre/1cf7a8e4-17ce-4a4c-b139-b52faa79d6e1"">https://pi.lib.uchicago.edu/1001/org/ochre/1cf7a8e4-17ce-4a4c-b139-b52faa79d6e1</a>"
A22_34672.jpg,https://pi.lib.uchicago.edu/1001/org/ochre/1320655b-23d3-4f5b-b5f7-9f1cb257a0a7,2022 Photographs,Dataset contains photographs from 2022 excavation.,"OCHRE link: <a href=""https://pi.lib.uchicago.edu/1001/org/ochre/1320655b-23d3-4f5b-b5f7-9f1cb257a0a7"">https://pi.lib.uchicago.edu/1001/org/ochre/1320655b-23d3-4f5b-b5f7-9f1cb257a0a7</a>"
A22_34673.jpg,https://pi.lib.uchicago.edu/1001/org/ochre/436e5a38-9db3-4186-aca3-8c446aa23054,2022 Photographs,Dataset contains photographs from 2022 excavation.,"OCHRE link: <a href=""https://pi.lib.uchicago.edu/1001/org/ochre/436e5a38-9db3-4186-aca3-8c446aa23054"">https://pi.lib.uchicago.edu/1001/org/ochre/436e5a38-9db3-4186-aca3-8c446aa23054</a>"
A22_34674.jpg,https://pi.lib.uchicago.edu/1001/org/ochre/3728dd5a-6784-4f2f-8f4f-dab2705b914a,2022 Photographs,Dataset contains photographs from 2022 excavation.,"OCHRE link: <a href=""https://pi.lib.uchicago.edu/1001/org/ochre/3728dd5a-6784-4f2f-8f4f-dab2705b914a"">https://pi.lib.uchicago.edu/1001/org/ochre/3728dd5a-6784-4f2f-8f4f-dab2705b914a</a>"
A22_34675.jpg,https://pi.lib.uchicago.edu/1001/org/ochre/ca76da9c-0c9b-4eb6-a875-ee5e2e87925e,2022 Photographs,Dataset contains photographs from 2022 excavation.,"OCHRE link: <a href=""https://pi.lib.uchicago.edu/1001/org/ochre/ca76da9c-0c9b-4eb6-a875-ee5e2e87925e"">https://pi.lib.uchicago.edu/1001/org/ochre/ca76da9c-0c9b-4eb6-a875-ee5e2e87925e</a>"
A22_34676.jpg,https://pi.lib.uchicago.edu/1001/org/ochre/1b405a23-83b4-433c-8b6d-6eef6bb17f11,2022 Photographs,Dataset contains photographs from 2022 excavation.,"OCHRE link: <a href=""https://pi.lib.uchicago.edu/1001/org/ochre/1b405a23-83b4-433c-8b6d-6eef6bb17f11"">https://pi.lib.uchicago.edu/1001/org/ochre/1b405a23-83b4-433c-8b6d-6eef6bb17f11</a>"
A22_34677.jpg,https://pi.lib.uchicago.edu/1001/org/ochre/2a0abd80-cf00-44f1-a425-520867a392d7,2022 Photographs,Dataset contains photographs from 2022 excavation.,"OCHRE link: <a href=""https://pi.lib.uchicago.edu/1001/org/ochre/2a0abd80-cf00-44f1-a425-520867a392d7"">https://pi.lib.uchicago.edu/1001/org/ochre/2a0abd80-cf00-44f1-a425-520867a392d7</a>"
A22_34678.jpg,https://pi.lib.uchicago.edu/1001/org/ochre/b8fbb826-9f9d-4a5c-814b-7bb32d37a3dd,2022 Photographs,Dataset contains photographs from 2022 excavation.,"OCHRE link: <a href=""https://pi.lib.uchicago.edu/1001/org/ochre/b8fbb826-9f9d-4a5c-814b-7bb32d37a3dd"">https://pi.lib.uchicago.edu/1001/org/ochre/b8fbb826-9f9d-4a5c-814b-7bb32d37a3dd</a>"
A22_34679.jpg,https://pi.lib.uchicago.edu/1001/org/ochre/57692f03-da60-4270-9aeb-6f630f4f07c6,2022 Photographs,Dataset contains photographs from 2022 excavation.,"OCHRE link: <a href=""https://pi.lib.uchicago.edu/1001/org/ochre/57692f03-da60-4270-9aeb-6f630f4f07c6"">https://pi.lib.uchicago.edu/1001/org/ochre/57692f03-da60-4270-9aeb-6f630f4f07c6</a>"
A22_34680.jpg,https://pi.lib.uchicago.edu/1001/org/ochre/15948d46-7966-4e5a-9ab3-f03696ecdc8d,2022 Photographs,Dataset contains photographs from 2022 excavation.,"OCHRE link: <a href=""https://pi.lib.uchicago.edu/1001/org/ochre/15948d46-7966-4e5a-9ab3-f03696ecdc8d"">https://pi.lib.uchicago.edu/1001/org/ochre/15948d46-7966-4e5a-9ab3-f03696ecdc8d</a>"
A22_34681.jpg,https://pi.lib.uchicago.edu/1001/org/ochre/a27da5c3-3627-4edc-9399-55283f07a68c,2022 Photographs,Dataset contains photographs from 2022 excavation.,"OCHRE link: <a href=""https://pi.lib.uchicago.edu/1001/org/ochre/a27da5c3-3627-4edc-9399-55283f07a68c"">https://pi.lib.uchicago.edu/1001/org/ochre/a27da5c3-3627-4edc-9399-55283f07a68c</a>"
A22_34682.jpg,https://pi.lib.uchicago.edu/1001/org/ochre/5b7a1358-3bbd-497b-a547-f35c0a5c5435,2022 Photographs,Dataset contains photographs from 2022 excavation.,"OCHRE link: <a href=""https://pi.lib.uchicago.edu/1001/org/ochre/5b7a1358-3bbd-497b-a547-f35c0a5c5435"">https://pi.lib.uchicago.edu/1001/org/ochre/5b7a1358-3bbd-497b-a547-f35c0a5c5435</a>"
A22_34683.jpg,https://pi.lib.uchicago.edu/1001/org/ochre/8a415976-4435-4b05-b9f6-b6182b7568f0,2022 Photographs,Dataset contains photographs from 2022 excavation.,"OCHRE link: <a href=""https://pi.lib.uchicago.edu/1001/org/ochre/8a415976-4435-4b05-b9f6-b6182b7568f0"">https://pi.lib.uchicago.edu/1001/org/ochre/8a415976-4435-4b05-b9f6-b6182b7568f0</a>"
A22_34684.jpg,https://pi.lib.uchicago.edu/1001/org/ochre/7b6312da-5925-4aea-b0f3-52ceeea10545,2022 Photographs,Dataset contains photographs from 2022 excavation.,"OCHRE link: <a href=""https://pi.lib.uchicago.edu/1001/org/ochre/7b6312da-5925-4aea-b0f3-52ceeea10545"">https://pi.lib.uchicago.edu/1001/org/ochre/7b6312da-5925-4aea-b0f3-52ceeea10545</a>"
A22_34685.jpg,https://pi.lib.uchicago.edu/1001/org/ochre/8e56f5fe-b613-4b73-aec9-d941c9fc9c32,2022 Photographs,Dataset contains photographs from 2022 excavation.,"OCHRE link: <a href=""https://pi.lib.uchicago.edu/1001/org/ochre/8e56f5fe-b613-4b73-aec9-d941c9fc9c32"">https://pi.lib.uchicago.edu/1001/org/ochre/8e56f5fe-b613-4b73-aec9-d941c9fc9c32</a>"
A22_34686.jpg,https://pi.lib.uchicago.edu/1001/org/ochre/8bfa4e06-0cde-4078-b5e8-959b6366692e,2022 Photographs,Dataset contains photographs from 2022 excavation.,"OCHRE link: <a href=""https://pi.lib.uchicago.edu/1001/org/ochre/8bfa4e06-0cde-4078-b5e8-959b6366692e"">https://pi.lib.uchicago.edu/1001/org/ochre/8bfa4e06-0cde-4078-b5e8-959b6366692e</a>"
A22_34687.jpg,https://pi.lib.uchicago.edu/1001/org/ochre/d9479cbd-e8cc-4ffd-a2fe-66e5392d6b37,2022 Photographs,Dataset contains photographs from 2022 excavation.,"OCHRE link: <a href=""https://pi.lib.uchicago.edu/1001/org/ochre/d9479cbd-e8cc-4ffd-a2fe-66e5392d6b37"">https://pi.lib.uchicago.edu/1001/org/ochre/d9479cbd-e8cc-4ffd-a2fe-66e5392d6b37</a>"
A22_34688.jpg,https://pi.lib.uchicago.edu/1001/org/ochre/9b8c996c-f59d-467b-92d3-72ac3e05d26e,2022 Photographs,Dataset contains photographs from 2022 excavation.,"OCHRE link: <a href=""https://pi.lib.uchicago.edu/1001/org/ochre/9b8c996c-f59d-467b-92d3-72ac3e05d26e"">https://pi.lib.uchicago.edu/1001/org/ochre/9b8c996c-f59d-467b-92d3-72ac3e05d26e</a>"
A22_34689.jpg,https://pi.lib.uchicago.edu/1001/org/ochre/9a545ef2-7393-467b-a1a6-a181b55accce,2022 Photographs,Dataset contains photographs from 2022 excavation.,"OCHRE link: <a href=""https://pi.lib.uchicago.edu/1001/org/ochre/9a545ef2-7393-467b-a1a6-a181b55accce"">https://pi.lib.uchicago.edu/1001/org/ochre/9a545ef2-7393-467b-a1a6-a181b55accce</a>"
A22_34690.jpg,https://pi.lib.uchicago.edu/1001/org/ochre/f94a27f5-62d0-436e-9186-f9ab8442371f,2022 Photographs,Dataset contains photographs from 2022 excavation.,"OCHRE link: <a href=""https://pi.lib.uchicago.edu/1001/org/ochre/f94a27f5-62d0-436e-9186-f9ab8442371f"">https://pi.lib.uchicago.edu/1001/org/ochre/f94a27f5-62d0-436e-9186-f9ab8442371f</a>"
A22_34691.jpg,https://pi.lib.uchicago.edu/1001/org/ochre/4316dc75-d013-4930-aa4d-bbf6ed099870,2022 Photographs,Dataset contains photographs from 2022 excavation.,"OCHRE link: <a href=""https://pi.lib.uchicago.edu/1001/org/ochre/4316dc75-d013-4930-aa4d-bbf6ed099870"">https://pi.lib.uchicago.edu/1001/org/ochre/4316dc75-d013-4930-aa4d-bbf6ed099870</a>"
A22_34692.jpg,https://pi.lib.uchicago.edu/1001/org/ochre/199103df-f58b-46ae-8513-f9c29513b0c9,2022 Photographs,Dataset contains photographs from 2022 excavation.,"OCHRE link: <a href=""https://pi.lib.uchicago.edu/1001/org/ochre/199103df-f58b-46ae-8513-f9c29513b0c9"">https://pi.lib.uchicago.edu/1001/org/ochre/199103df-f58b-46ae-8513-f9c29513b0c9</a>"
A22_34693.jpg,https://pi.lib.uchicago.edu/1001/org/ochre/c2c70ba6-27fc-4788-afde-f165c3ec25b2,2022 Photographs,Dataset contains photographs from 2022 excavation.,"OCHRE link: <a href=""https://pi.lib.uchicago.edu/1001/org/ochre/c2c70ba6-27fc-4788-afde-f165c3ec25b2"">https://pi.lib.uchicago.edu/1001/org/ochre/c2c70ba6-27fc-4788-afde-f165c3ec25b2</a>"
A22_34694.jpg,https://pi.lib.uchicago.edu/1001/org/ochre/a51145c7-f2ae-4c34-9f83-190aeae55aa6,2022 Photographs,Dataset contains photographs from 2022 excavation.,"OCHRE link: <a href=""https://pi.lib.uchicago.edu/1001/org/ochre/a51145c7-f2ae-4c34-9f83-190aeae55aa6"">https://pi.lib.uchicago.edu/1001/org/ochre/a51145c7-f2ae-4c34-9f83-190aeae55aa6</a>"
A22_34695.jpg,https://pi.lib.uchicago.edu/1001/org/ochre/e04c28f2-01fc-419c-b9c2-aa016458d719,2022 Photographs,Dataset contains photographs from 2022 excavation.,"OCHRE link: <a href=""https://pi.lib.uchicago.edu/1001/org/ochre/e04c28f2-01fc-419c-b9c2-aa016458d719"">https://pi.lib.uchicago.edu/1001/org/ochre/e04c28f2-01fc-419c-b9c2-aa016458d719</a>"
A22_34696.jpg,https://pi.lib.uchicago.edu/1001/org/ochre/7e77f4bd-804d-4fd9-ae72-e7c198aa4b5c,2022 Photographs,Dataset contains photographs from 2022 excavation.,"OCHRE link: <a href=""https://pi.lib.uchicago.edu/1001/org/ochre/7e77f4bd-804d-4fd9-ae72-e7c198aa4b5c"">https://pi.lib.uchicago.edu/1001/org/ochre/7e77f4bd-804d-4fd9-ae72-e7c198aa4b5c</a>"
A22_34697.jpg,https://pi.lib.uchicago.edu/1001/org/ochre/231ed5a5-3ff5-4d11-ba25-b337031296c4,2022 Photographs,Dataset contains photographs from 2022 excavation.,"OCHRE link: <a href=""https://pi.lib.uchicago.edu/1001/org/ochre/231ed5a5-3ff5-4d11-ba25-b337031296c4"">https://pi.lib.uchicago.edu/1001/org/ochre/231ed5a5-3ff5-4d11-ba25-b337031296c4</a>"
A22_34698.jpg,https://pi.lib.uchicago.edu/1001/org/ochre/bca1b0a3-3c83-441a-b0ff-cc94a4e824ca,2022 Photographs,Dataset contains photographs from 2022 excavation.,"OCHRE link: <a href=""https://pi.lib.uchicago.edu/1001/org/ochre/bca1b0a3-3c83-441a-b0ff-cc94a4e824ca"">https://pi.lib.uchicago.edu/1001/org/ochre/bca1b0a3-3c83-441a-b0ff-cc94a4e824ca</a>"
A22_34699.jpg,https://pi.lib.uchicago.edu/1001/org/ochre/55468d3c-5fdd-4d01-a7f9-7a1612da5c8a,2022 Photographs,Dataset contains photographs from 2022 excavation.,"OCHRE link: <a href=""https://pi.lib.uchicago.edu/1001/org/ochre/55468d3c-5fdd-4d01-a7f9-7a1612da5c8a"">https://pi.lib.uchicago.edu/1001/org/ochre/55468d3c-5fdd-4d01-a7f9-7a1612da5c8a</a>"
A22_34700.jpg,https://pi.lib.uchicago.edu/1001/org/ochre/b054bc79-7e46-4586-9cb3-bb4d613e7a9d,2022 Photographs,Dataset contains photographs from 2022 excavation.,"OCHRE link: <a href=""https://pi.lib.uchicago.edu/1001/org/ochre/b054bc79-7e46-4586-9cb3-bb4d613e7a9d"">https://pi.lib.uchicago.edu/1001/org/ochre/b054bc79-7e46-4586-9cb3-bb4d613e7a9d</a>"
A22_34701.jpg,https://pi.lib.uchicago.edu/1001/org/ochre/a6333f1b-b297-4501-888b-0f7f3d90d9fb,2022 Photographs,Dataset contains photographs from 2022 excavation.,"OCHRE link: <a href=""https://pi.lib.uchicago.edu/1001/org/ochre/a6333f1b-b297-4501-888b-0f7f3d90d9fb"">https://pi.lib.uchicago.edu/1001/org/ochre/a6333f1b-b297-4501-888b-0f7f3d90d9fb</a>"
A22_34702.jpg,https://pi.lib.uchicago.edu/1001/org/ochre/4a96cdba-795f-4601-9edb-8bc1b4c0211c,2022 Photographs,Dataset contains photographs from 2022 excavation.,"OCHRE link: <a href=""https://pi.lib.uchicago.edu/1001/org/ochre/4a96cdba-795f-4601-9edb-8bc1b4c0211c"">https://pi.lib.uchicago.edu/1001/org/ochre/4a96cdba-795f-4601-9edb-8bc1b4c0211c</a>"
A22_34703.jpg,https://pi.lib.uchicago.edu/1001/org/ochre/3b80f34c-6e02-4ed5-bcd7-51f07d93bccc,2022 Photographs,Dataset contains photographs from 2022 excavation.,"OCHRE link: <a href=""https://pi.lib.uchicago.edu/1001/org/ochre/3b80f34c-6e02-4ed5-bcd7-51f07d93bccc"">https://pi.lib.uchicago.edu/1001/org/ochre/3b80f34c-6e02-4ed5-bcd7-51f07d93bccc</a>"
A22_34704.jpg,https://pi.lib.uchicago.edu/1001/org/ochre/fa88215c-8b8e-44e6-87a5-2fdf130b4f6d,2022 Photographs,Dataset contains photographs from 2022 excavation.,"OCHRE link: <a href=""https://pi.lib.uchicago.edu/1001/org/ochre/fa88215c-8b8e-44e6-87a5-2fdf130b4f6d"">https://pi.lib.uchicago.edu/1001/org/ochre/fa88215c-8b8e-44e6-87a5-2fdf130b4f6d</a>"
A22_34705.jpg,https://pi.lib.uchicago.edu/1001/org/ochre/e58b101a-0a68-449c-8db1-9f1c670bf8d9,2022 Photographs,Dataset contains photographs from 2022 excavation.,"OCHRE link: <a href=""https://pi.lib.uchicago.edu/1001/org/ochre/e58b101a-0a68-449c-8db1-9f1c670bf8d9"">https://pi.lib.uchicago.edu/1001/org/ochre/e58b101a-0a68-449c-8db1-9f1c670bf8d9</a>"
A22_34706.jpg,https://pi.lib.uchicago.edu/1001/org/ochre/f04aeca3-9964-4cb2-843a-80d0ab7d3c2a,2022 Photographs,Dataset contains photographs from 2022 excavation.,"OCHRE link: <a href=""https://pi.lib.uchicago.edu/1001/org/ochre/f04aeca3-9964-4cb2-843a-80d0ab7d3c2a"">https://pi.lib.uchicago.edu/1001/org/ochre/f04aeca3-9964-4cb2-843a-80d0ab7d3c2a</a>"
A22_34707.jpg,https://pi.lib.uchicago.edu/1001/org/ochre/4b088180-34f6-4602-aec6-c119325c9538,2022 Photographs,Dataset contains photographs from 2022 excavation.,"OCHRE link: <a href=""https://pi.lib.uchicago.edu/1001/org/ochre/4b088180-34f6-4602-aec6-c119325c9538"">https://pi.lib.uchicago.edu/1001/org/ochre/4b088180-34f6-4602-aec6-c119325c9538</a>"
A22_34708.jpg,https://pi.lib.uchicago.edu/1001/org/ochre/ec18b94a-4b81-42dc-92ac-e834c25f9f90,2022 Photographs,Dataset contains photographs from 2022 excavation.,"OCHRE link: <a href=""https://pi.lib.uchicago.edu/1001/org/ochre/ec18b94a-4b81-42dc-92ac-e834c25f9f90"">https://pi.lib.uchicago.edu/1001/org/ochre/ec18b94a-4b81-42dc-92ac-e834c25f9f90</a>"
A22_34709.jpg,https://pi.lib.uchicago.edu/1001/org/ochre/c8448218-9098-47dc-9d73-111caa3642d3,2022 Photographs,Dataset contains photographs from 2022 excavation.,"OCHRE link: <a href=""https://pi.lib.uchicago.edu/1001/org/ochre/c8448218-9098-47dc-9d73-111caa3642d3"">https://pi.lib.uchicago.edu/1001/org/ochre/c8448218-9098-47dc-9d73-111caa3642d3</a>"
A22_34710.jpg,https://pi.lib.uchicago.edu/1001/org/ochre/fdb7ccd1-ada8-4679-8299-2b0275fa6f8f,2022 Photographs,Dataset contains photographs from 2022 excavation.,"OCHRE link: <a href=""https://pi.lib.uchicago.edu/1001/org/ochre/fdb7ccd1-ada8-4679-8299-2b0275fa6f8f"">https://pi.lib.uchicago.edu/1001/org/ochre/fdb7ccd1-ada8-4679-8299-2b0275fa6f8f</a>"
A22_34711.jpg,https://pi.lib.uchicago.edu/1001/org/ochre/cb6d10c2-00e7-4058-a055-8e1df89c0d1d,2022 Photographs,Dataset contains photographs from 2022 excavation.,"OCHRE link: <a href=""https://pi.lib.uchicago.edu/1001/org/ochre/cb6d10c2-00e7-4058-a055-8e1df89c0d1d"">https://pi.lib.uchicago.edu/1001/org/ochre/cb6d10c2-00e7-4058-a055-8e1df89c0d1d</a>"
A22_34712.jpg,https://pi.lib.uchicago.edu/1001/org/ochre/a71b363b-b0e6-4441-be75-8350207c2dce,2022 Photographs,Dataset contains photographs from 2022 excavation.,"OCHRE link: <a href=""https://pi.lib.uchicago.edu/1001/org/ochre/a71b363b-b0e6-4441-be75-8350207c2dce"">https://pi.lib.uchicago.edu/1001/org/ochre/a71b363b-b0e6-4441-be75-8350207c2dce</a>"
A22_34713.jpg,https://pi.lib.uchicago.edu/1001/org/ochre/ade06174-11e8-4793-b370-1c3cff11dfcd,2022 Photographs,Dataset contains photographs from 2022 excavation.,"OCHRE link: <a href=""https://pi.lib.uchicago.edu/1001/org/ochre/ade06174-11e8-4793-b370-1c3cff11dfcd"">https://pi.lib.uchicago.edu/1001/org/ochre/ade06174-11e8-4793-b370-1c3cff11dfcd</a>"
A22_34714.jpg,https://pi.lib.uchicago.edu/1001/org/ochre/f530b5ce-8f7e-42a5-bb47-a6bd4be5543b,2022 Photographs,Dataset contains photographs from 2022 excavation.,"OCHRE link: <a href=""https://pi.lib.uchicago.edu/1001/org/ochre/f530b5ce-8f7e-42a5-bb47-a6bd4be5543b"">https://pi.lib.uchicago.edu/1001/org/ochre/f530b5ce-8f7e-42a5-bb47-a6bd4be5543b</a>"
A22_34715.jpg,https://pi.lib.uchicago.edu/1001/org/ochre/3757067a-62ad-494a-8f51-a43351a6bb2a,2022 Photographs,Dataset contains photographs from 2022 excavation.,"OCHRE link: <a href=""https://pi.lib.uchicago.edu/1001/org/ochre/3757067a-62ad-494a-8f51-a43351a6bb2a"">https://pi.lib.uchicago.edu/1001/org/ochre/3757067a-62ad-494a-8f51-a43351a6bb2a</a>"
A22_34716.jpg,https://pi.lib.uchicago.edu/1001/org/ochre/e9ed5818-bb52-4f87-9e63-8c79de0761ea,2022 Photographs,Dataset contains photographs from 2022 excavation.,"OCHRE link: <a href=""https://pi.lib.uchicago.edu/1001/org/ochre/e9ed5818-bb52-4f87-9e63-8c79de0761ea"">https://pi.lib.uchicago.edu/1001/org/ochre/e9ed5818-bb52-4f87-9e63-8c79de0761ea</a>"
A22_34717.jpg,https://pi.lib.uchicago.edu/1001/org/ochre/30897fdc-e084-439c-b368-fdfe933a089b,2022 Photographs,Dataset contains photographs from 2022 excavation.,"OCHRE link: <a href=""https://pi.lib.uchicago.edu/1001/org/ochre/30897fdc-e084-439c-b368-fdfe933a089b"">https://pi.lib.uchicago.edu/1001/org/ochre/30897fdc-e084-439c-b368-fdfe933a089b</a>"
A22_34718.jpg,https://pi.lib.uchicago.edu/1001/org/ochre/3a9dcca8-cc0a-413c-add6-dbda605968ed,2022 Photographs,Dataset contains photographs from 2022 excavation.,"OCHRE link: <a href=""https://pi.lib.uchicago.edu/1001/org/ochre/3a9dcca8-cc0a-413c-add6-dbda605968ed"">https://pi.lib.uchicago.edu/1001/org/ochre/3a9dcca8-cc0a-413c-add6-dbda605968ed</a>"
A22_34719.jpg,https://pi.lib.uchicago.edu/1001/org/ochre/4b006a00-a9de-44a1-b12c-441ee3fd2e2e,2022 Photographs,Dataset contains photographs from 2022 excavation.,"OCHRE link: <a href=""https://pi.lib.uchicago.edu/1001/org/ochre/4b006a00-a9de-44a1-b12c-441ee3fd2e2e"">https://pi.lib.uchicago.edu/1001/org/ochre/4b006a00-a9de-44a1-b12c-441ee3fd2e2e</a>"
A22_34720.jpg,https://pi.lib.uchicago.edu/1001/org/ochre/3d573a5f-59a5-4648-876d-e1ba55c238c0,2022 Photographs,Dataset contains photographs from 2022 excavation.,"OCHRE link: <a href=""https://pi.lib.uchicago.edu/1001/org/ochre/3d573a5f-59a5-4648-876d-e1ba55c238c0"">https://pi.lib.uchicago.edu/1001/org/ochre/3d573a5f-59a5-4648-876d-e1ba55c238c0</a>"
A22_34721.jpg,https://pi.lib.uchicago.edu/1001/org/ochre/fc4fdb66-9657-41e2-9467-9ee18a545b61,2022 Photographs,Dataset contains photographs from 2022 excavation.,"OCHRE link: <a href=""https://pi.lib.uchicago.edu/1001/org/ochre/fc4fdb66-9657-41e2-9467-9ee18a545b61"">https://pi.lib.uchicago.edu/1001/org/ochre/fc4fdb66-9657-41e2-9467-9ee18a545b61</a>"
A22_34722.jpg,https://pi.lib.uchicago.edu/1001/org/ochre/c756038a-fc2c-4e54-9fff-9cc10769d6d2,2022 Photographs,Dataset contains photographs from 2022 excavation.,"OCHRE link: <a href=""https://pi.lib.uchicago.edu/1001/org/ochre/c756038a-fc2c-4e54-9fff-9cc10769d6d2"">https://pi.lib.uchicago.edu/1001/org/ochre/c756038a-fc2c-4e54-9fff-9cc10769d6d2</a>"
A22_34723.jpg,https://pi.lib.uchicago.edu/1001/org/ochre/37a7499a-de09-4cc6-886e-3f423cb8f50f,2022 Photographs,Dataset contains photographs from 2022 excavation.,"OCHRE link: <a href=""https://pi.lib.uchicago.edu/1001/org/ochre/37a7499a-de09-4cc6-886e-3f423cb8f50f"">https://pi.lib.uchicago.edu/1001/org/ochre/37a7499a-de09-4cc6-886e-3f423cb8f50f</a>"
A22_34724.jpg,https://pi.lib.uchicago.edu/1001/org/ochre/3a36c501-9f2f-4e72-b5e2-a659049456b2,2022 Photographs,Dataset contains photographs from 2022 excavation.,"OCHRE link: <a href=""https://pi.lib.uchicago.edu/1001/org/ochre/3a36c501-9f2f-4e72-b5e2-a659049456b2"">https://pi.lib.uchicago.edu/1001/org/ochre/3a36c501-9f2f-4e72-b5e2-a659049456b2</a>"
A22_34725.jpg,https://pi.lib.uchicago.edu/1001/org/ochre/d52a3508-654b-4552-96bc-889847f94102,2022 Photographs,Dataset contains photographs from 2022 excavation.,"OCHRE link: <a href=""https://pi.lib.uchicago.edu/1001/org/ochre/d52a3508-654b-4552-96bc-889847f94102"">https://pi.lib.uchicago.edu/1001/org/ochre/d52a3508-654b-4552-96bc-889847f94102</a>"
A22_34726.jpg,https://pi.lib.uchicago.edu/1001/org/ochre/14c95b8f-430d-4edd-9589-7116019472a2,2022 Photographs,Dataset contains photographs from 2022 excavation.,"OCHRE link: <a href=""https://pi.lib.uchicago.edu/1001/org/ochre/14c95b8f-430d-4edd-9589-7116019472a2"">https://pi.lib.uchicago.edu/1001/org/ochre/14c95b8f-430d-4edd-9589-7116019472a2</a>"
A22_34727.jpg,https://pi.lib.uchicago.edu/1001/org/ochre/d1ccd226-0501-4b70-98eb-2586a7964e9f,2022 Photographs,Dataset contains photographs from 2022 excavation.,"OCHRE link: <a href=""https://pi.lib.uchicago.edu/1001/org/ochre/d1ccd226-0501-4b70-98eb-2586a7964e9f"">https://pi.lib.uchicago.edu/1001/org/ochre/d1ccd226-0501-4b70-98eb-2586a7964e9f</a>"
A22_34728.jpg,https://pi.lib.uchicago.edu/1001/org/ochre/c2d939ab-5263-4356-8266-fd21b953b65b,2022 Photographs,Dataset contains photographs from 2022 excavation.,"OCHRE link: <a href=""https://pi.lib.uchicago.edu/1001/org/ochre/c2d939ab-5263-4356-8266-fd21b953b65b"">https://pi.lib.uchicago.edu/1001/org/ochre/c2d939ab-5263-4356-8266-fd21b953b65b</a>"
A22_34729.jpg,https://pi.lib.uchicago.edu/1001/org/ochre/b9ea92da-0ec9-40f7-9f6d-f497b6fc8411,2022 Photographs,Dataset contains photographs from 2022 excavation.,"OCHRE link: <a href=""https://pi.lib.uchicago.edu/1001/org/ochre/b9ea92da-0ec9-40f7-9f6d-f497b6fc8411"">https://pi.lib.uchicago.edu/1001/org/ochre/b9ea92da-0ec9-40f7-9f6d-f497b6fc8411</a>"
A22_34730.jpg,https://pi.lib.uchicago.edu/1001/org/ochre/20c4ad30-1194-4e95-9ad3-da5c111e1dfc,2022 Photographs,Dataset contains photographs from 2022 excavation.,"OCHRE link: <a href=""https://pi.lib.uchicago.edu/1001/org/ochre/20c4ad30-1194-4e95-9ad3-da5c111e1dfc"">https://pi.lib.uchicago.edu/1001/org/ochre/20c4ad30-1194-4e95-9ad3-da5c111e1dfc</a>"
A22_34731.jpg,https://pi.lib.uchicago.edu/1001/org/ochre/da35db74-7d6f-4da5-bc05-8fcdd94f760e,2022 Photographs,Dataset contains photographs from 2022 excavation.,"OCHRE link: <a href=""https://pi.lib.uchicago.edu/1001/org/ochre/da35db74-7d6f-4da5-bc05-8fcdd94f760e"">https://pi.lib.uchicago.edu/1001/org/ochre/da35db74-7d6f-4da5-bc05-8fcdd94f760e</a>"
A22_34732.jpg,https://pi.lib.uchicago.edu/1001/org/ochre/23cecbcb-ad5f-4c87-96e2-4a03de6ad7f7,2022 Photographs,Dataset contains photographs from 2022 excavation.,"OCHRE link: <a href=""https://pi.lib.uchicago.edu/1001/org/ochre/23cecbcb-ad5f-4c87-96e2-4a03de6ad7f7"">https://pi.lib.uchicago.edu/1001/org/ochre/23cecbcb-ad5f-4c87-96e2-4a03de6ad7f7</a>"
A22_34733.jpg,https://pi.lib.uchicago.edu/1001/org/ochre/681fc373-7f55-4d0c-8e35-1fb56915d983,2022 Photographs,Dataset contains photographs from 2022 excavation.,"OCHRE link: <a href=""https://pi.lib.uchicago.edu/1001/org/ochre/681fc373-7f55-4d0c-8e35-1fb56915d983"">https://pi.lib.uchicago.edu/1001/org/ochre/681fc373-7f55-4d0c-8e35-1fb56915d983</a>"
A22_34734.jpg,https://pi.lib.uchicago.edu/1001/org/ochre/66b0caf0-e1d5-46ad-a749-742ac79bbe80,2022 Photographs,Dataset contains photographs from 2022 excavation.,"OCHRE link: <a href=""https://pi.lib.uchicago.edu/1001/org/ochre/66b0caf0-e1d5-46ad-a749-742ac79bbe80"">https://pi.lib.uchicago.edu/1001/org/ochre/66b0caf0-e1d5-46ad-a749-742ac79bbe80</a>"
A22_34735.jpg,https://pi.lib.uchicago.edu/1001/org/ochre/2e2e1bca-c6ec-4508-8863-d066901cf5d7,2022 Photographs,Dataset contains photographs from 2022 excavation.,"OCHRE link: <a href=""https://pi.lib.uchicago.edu/1001/org/ochre/2e2e1bca-c6ec-4508-8863-d066901cf5d7"">https://pi.lib.uchicago.edu/1001/org/ochre/2e2e1bca-c6ec-4508-8863-d066901cf5d7</a>"
A22_34736.jpg,https://pi.lib.uchicago.edu/1001/org/ochre/892c20e0-239f-4adb-90bf-63a84b41aff9,2022 Photographs,Dataset contains photographs from 2022 excavation.,"OCHRE link: <a href=""https://pi.lib.uchicago.edu/1001/org/ochre/892c20e0-239f-4adb-90bf-63a84b41aff9"">https://pi.lib.uchicago.edu/1001/org/ochre/892c20e0-239f-4adb-90bf-63a84b41aff9</a>"
A22_34737.jpg,https://pi.lib.uchicago.edu/1001/org/ochre/52f6e85a-5436-4610-95db-b42eb97dcfef,2022 Photographs,Dataset contains photographs from 2022 excavation.,"OCHRE link: <a href=""https://pi.lib.uchicago.edu/1001/org/ochre/52f6e85a-5436-4610-95db-b42eb97dcfef"">https://pi.lib.uchicago.edu/1001/org/ochre/52f6e85a-5436-4610-95db-b42eb97dcfef</a>"
A22_34738.jpg,https://pi.lib.uchicago.edu/1001/org/ochre/6a024946-ef50-49a1-bda5-09ae92c5f16b,2022 Photographs,Dataset contains photographs from 2022 excavation.,"OCHRE link: <a href=""https://pi.lib.uchicago.edu/1001/org/ochre/6a024946-ef50-49a1-bda5-09ae92c5f16b"">https://pi.lib.uchicago.edu/1001/org/ochre/6a024946-ef50-49a1-bda5-09ae92c5f16b</a>"
A22_34739.jpg,https://pi.lib.uchicago.edu/1001/org/ochre/abcb4e72-10d7-47d2-8048-00094f87532b,2022 Photographs,Dataset contains photographs from 2022 excavation.,"OCHRE link: <a href=""https://pi.lib.uchicago.edu/1001/org/ochre/abcb4e72-10d7-47d2-8048-00094f87532b"">https://pi.lib.uchicago.edu/1001/org/ochre/abcb4e72-10d7-47d2-8048-00094f87532b</a>"
A22_34740.jpg,https://pi.lib.uchicago.edu/1001/org/ochre/7b4b16b9-2088-468e-9a8c-a17a325d0ae4,2022 Photographs,Dataset contains photographs from 2022 excavation.,"OCHRE link: <a href=""https://pi.lib.uchicago.edu/1001/org/ochre/7b4b16b9-2088-468e-9a8c-a17a325d0ae4"">https://pi.lib.uchicago.edu/1001/org/ochre/7b4b16b9-2088-468e-9a8c-a17a325d0ae4</a>"
A22_34741.jpg,https://pi.lib.uchicago.edu/1001/org/ochre/c2a366eb-a992-4e69-94d0-60d5342fae29,2022 Photographs,Dataset contains photographs from 2022 excavation.,"OCHRE link: <a href=""https://pi.lib.uchicago.edu/1001/org/ochre/c2a366eb-a992-4e69-94d0-60d5342fae29"">https://pi.lib.uchicago.edu/1001/org/ochre/c2a366eb-a992-4e69-94d0-60d5342fae29</a>"
A22_34742.jpg,https://pi.lib.uchicago.edu/1001/org/ochre/def5c1d5-5989-4211-8016-0a615adaba87,2022 Photographs,Dataset contains photographs from 2022 excavation.,"OCHRE link: <a href=""https://pi.lib.uchicago.edu/1001/org/ochre/def5c1d5-5989-4211-8016-0a615adaba87"">https://pi.lib.uchicago.edu/1001/org/ochre/def5c1d5-5989-4211-8016-0a615adaba87</a>"
A22_34743.jpg,https://pi.lib.uchicago.edu/1001/org/ochre/76b16f34-ff0f-49ed-8f75-f1bfe76339f7,2022 Photographs,Dataset contains photographs from 2022 excavation.,"OCHRE link: <a href=""https://pi.lib.uchicago.edu/1001/org/ochre/76b16f34-ff0f-49ed-8f75-f1bfe76339f7"">https://pi.lib.uchicago.edu/1001/org/ochre/76b16f34-ff0f-49ed-8f75-f1bfe76339f7</a>"
A22_34744.jpg,https://pi.lib.uchicago.edu/1001/org/ochre/c6c79c49-6e86-462e-aa84-22186f33f0d3,2022 Photographs,Dataset contains photographs from 2022 excavation.,"OCHRE link: <a href=""https://pi.lib.uchicago.edu/1001/org/ochre/c6c79c49-6e86-462e-aa84-22186f33f0d3"">https://pi.lib.uchicago.edu/1001/org/ochre/c6c79c49-6e86-462e-aa84-22186f33f0d3</a>"
A22_34745.jpg,https://pi.lib.uchicago.edu/1001/org/ochre/bb00f756-3fe2-4112-840b-91bf28f5d7bf,2022 Photographs,Dataset contains photographs from 2022 excavation.,"OCHRE link: <a href=""https://pi.lib.uchicago.edu/1001/org/ochre/bb00f756-3fe2-4112-840b-91bf28f5d7bf"">https://pi.lib.uchicago.edu/1001/org/ochre/bb00f756-3fe2-4112-840b-91bf28f5d7bf</a>"
A22_34746.jpg,https://pi.lib.uchicago.edu/1001/org/ochre/72a037c4-00f7-499e-aea0-302e3e7b6d05,2022 Photographs,Dataset contains photographs from 2022 excavation.,"OCHRE link: <a href=""https://pi.lib.uchicago.edu/1001/org/ochre/72a037c4-00f7-499e-aea0-302e3e7b6d05"">https://pi.lib.uchicago.edu/1001/org/ochre/72a037c4-00f7-499e-aea0-302e3e7b6d05</a>"
A22_34747.jpg,https://pi.lib.uchicago.edu/1001/org/ochre/cb7c200f-ffc9-4020-a0b3-3d096575380b,2022 Photographs,Dataset contains photographs from 2022 excavation.,"OCHRE link: <a href=""https://pi.lib.uchicago.edu/1001/org/ochre/cb7c200f-ffc9-4020-a0b3-3d096575380b"">https://pi.lib.uchicago.edu/1001/org/ochre/cb7c200f-ffc9-4020-a0b3-3d096575380b</a>"
A22_34748.jpg,https://pi.lib.uchicago.edu/1001/org/ochre/d647e032-4bfb-4d02-9dd5-a0a09f3af935,2022 Photographs,Dataset contains photographs from 2022 excavation.,"OCHRE link: <a href=""https://pi.lib.uchicago.edu/1001/org/ochre/d647e032-4bfb-4d02-9dd5-a0a09f3af935"">https://pi.lib.uchicago.edu/1001/org/ochre/d647e032-4bfb-4d02-9dd5-a0a09f3af935</a>"
A22_34749.jpg,https://pi.lib.uchicago.edu/1001/org/ochre/c0123dc5-4297-4a5f-aa70-af4cdaea1d1d,2022 Photographs,Dataset contains photographs from 2022 excavation.,"OCHRE link: <a href=""https://pi.lib.uchicago.edu/1001/org/ochre/c0123dc5-4297-4a5f-aa70-af4cdaea1d1d"">https://pi.lib.uchicago.edu/1001/org/ochre/c0123dc5-4297-4a5f-aa70-af4cdaea1d1d</a>"
A22_34750.jpg,https://pi.lib.uchicago.edu/1001/org/ochre/aa851075-6765-4c98-961b-64e60ea77b2e,2022 Photographs,Dataset contains photographs from 2022 excavation.,"OCHRE link: <a href=""https://pi.lib.uchicago.edu/1001/org/ochre/aa851075-6765-4c98-961b-64e60ea77b2e"">https://pi.lib.uchicago.edu/1001/org/ochre/aa851075-6765-4c98-961b-64e60ea77b2e</a>"
A22_34751.jpg,https://pi.lib.uchicago.edu/1001/org/ochre/20201dbd-5d6d-4a6c-8295-97d3e6fafb38,2022 Photographs,Dataset contains photographs from 2022 excavation.,"OCHRE link: <a href=""https://pi.lib.uchicago.edu/1001/org/ochre/20201dbd-5d6d-4a6c-8295-97d3e6fafb38"">https://pi.lib.uchicago.edu/1001/org/ochre/20201dbd-5d6d-4a6c-8295-97d3e6fafb38</a>"
A22_34752.jpg,https://pi.lib.uchicago.edu/1001/org/ochre/b1265e04-1117-45ca-8b95-9de0beb685ee,2022 Photographs,Dataset contains photographs from 2022 excavation.,"OCHRE link: <a href=""https://pi.lib.uchicago.edu/1001/org/ochre/b1265e04-1117-45ca-8b95-9de0beb685ee"">https://pi.lib.uchicago.edu/1001/org/ochre/b1265e04-1117-45ca-8b95-9de0beb685ee</a>"
A22_34753.jpg,https://pi.lib.uchicago.edu/1001/org/ochre/07f18689-050d-4ecb-a07b-a98069b18fb9,2022 Photographs,Dataset contains photographs from 2022 excavation.,"OCHRE link: <a href=""https://pi.lib.uchicago.edu/1001/org/ochre/07f18689-050d-4ecb-a07b-a98069b18fb9"">https://pi.lib.uchicago.edu/1001/org/ochre/07f18689-050d-4ecb-a07b-a98069b18fb9</a>"
A22_34754.jpg,https://pi.lib.uchicago.edu/1001/org/ochre/5800f14e-4496-487d-a2ed-b7f998d58644,2022 Photographs,Dataset contains photographs from 2022 excavation.,"OCHRE link: <a href=""https://pi.lib.uchicago.edu/1001/org/ochre/5800f14e-4496-487d-a2ed-b7f998d58644"">https://pi.lib.uchicago.edu/1001/org/ochre/5800f14e-4496-487d-a2ed-b7f998d58644</a>"
A22_34755.jpg,https://pi.lib.uchicago.edu/1001/org/ochre/4f3bb234-8bd3-4611-9352-422620068c57,2022 Photographs,Dataset contains photographs from 2022 excavation.,"OCHRE link: <a href=""https://pi.lib.uchicago.edu/1001/org/ochre/4f3bb234-8bd3-4611-9352-422620068c57"">https://pi.lib.uchicago.edu/1001/org/ochre/4f3bb234-8bd3-4611-9352-422620068c57</a>"
A22_34756.jpg,https://pi.lib.uchicago.edu/1001/org/ochre/d5c84edc-ec6e-464b-8318-b824a2f0196a,2022 Photographs,Dataset contains photographs from 2022 excavation.,"OCHRE link: <a href=""https://pi.lib.uchicago.edu/1001/org/ochre/d5c84edc-ec6e-464b-8318-b824a2f0196a"">https://pi.lib.uchicago.edu/1001/org/ochre/d5c84edc-ec6e-464b-8318-b824a2f0196a</a>"
A22_34757.jpg,https://pi.lib.uchicago.edu/1001/org/ochre/d1a7387c-5a1b-4c4a-84cc-91ae251dcb5e,2022 Photographs,Dataset contains photographs from 2022 excavation.,"OCHRE link: <a href=""https://pi.lib.uchicago.edu/1001/org/ochre/d1a7387c-5a1b-4c4a-84cc-91ae251dcb5e"">https://pi.lib.uchicago.edu/1001/org/ochre/d1a7387c-5a1b-4c4a-84cc-91ae251dcb5e</a>"
A22_34758.jpg,https://pi.lib.uchicago.edu/1001/org/ochre/b5a0598d-44aa-47e9-9c54-0a11ac8d0c03,2022 Photographs,Dataset contains photographs from 2022 excavation.,"OCHRE link: <a href=""https://pi.lib.uchicago.edu/1001/org/ochre/b5a0598d-44aa-47e9-9c54-0a11ac8d0c03"">https://pi.lib.uchicago.edu/1001/org/ochre/b5a0598d-44aa-47e9-9c54-0a11ac8d0c03</a>"
A22_34759.jpg,https://pi.lib.uchicago.edu/1001/org/ochre/f4e7f3cb-9c7f-4483-a5f5-67228d21cf59,2022 Photographs,Dataset contains photographs from 2022 excavation.,"OCHRE link: <a href=""https://pi.lib.uchicago.edu/1001/org/ochre/f4e7f3cb-9c7f-4483-a5f5-67228d21cf59"">https://pi.lib.uchicago.edu/1001/org/ochre/f4e7f3cb-9c7f-4483-a5f5-67228d21cf59</a>"
A22_34760.jpg,https://pi.lib.uchicago.edu/1001/org/ochre/3b8888e2-356b-484b-8612-f813d91899d9,2022 Photographs,Dataset contains photographs from 2022 excavation.,"OCHRE link: <a href=""https://pi.lib.uchicago.edu/1001/org/ochre/3b8888e2-356b-484b-8612-f813d91899d9"">https://pi.lib.uchicago.edu/1001/org/ochre/3b8888e2-356b-484b-8612-f813d91899d9</a>"
A22_34761.jpg,https://pi.lib.uchicago.edu/1001/org/ochre/dd965d8a-cc41-447f-8803-a96b0091843f,2022 Photographs,Dataset contains photographs from 2022 excavation.,"OCHRE link: <a href=""https://pi.lib.uchicago.edu/1001/org/ochre/dd965d8a-cc41-447f-8803-a96b0091843f"">https://pi.lib.uchicago.edu/1001/org/ochre/dd965d8a-cc41-447f-8803-a96b0091843f</a>"
A22_34762.jpg,https://pi.lib.uchicago.edu/1001/org/ochre/4a7d24b7-0eb4-4b67-bed6-a4ea11e9d051,2022 Photographs,Dataset contains photographs from 2022 excavation.,"OCHRE link: <a href=""https://pi.lib.uchicago.edu/1001/org/ochre/4a7d24b7-0eb4-4b67-bed6-a4ea11e9d051"">https://pi.lib.uchicago.edu/1001/org/ochre/4a7d24b7-0eb4-4b67-bed6-a4ea11e9d051</a>"
A22_34763.jpg,https://pi.lib.uchicago.edu/1001/org/ochre/36464821-19b0-4dad-a9ed-6611b8fac2e3,2022 Photographs,Dataset contains photographs from 2022 excavation.,"OCHRE link: <a href=""https://pi.lib.uchicago.edu/1001/org/ochre/36464821-19b0-4dad-a9ed-6611b8fac2e3"">https://pi.lib.uchicago.edu/1001/org/ochre/36464821-19b0-4dad-a9ed-6611b8fac2e3</a>"
A22_34764.jpg,https://pi.lib.uchicago.edu/1001/org/ochre/d8cbb902-2a92-4d9e-9fc8-01eeb72c9131,2022 Photographs,Dataset contains photographs from 2022 excavation.,"OCHRE link: <a href=""https://pi.lib.uchicago.edu/1001/org/ochre/d8cbb902-2a92-4d9e-9fc8-01eeb72c9131"">https://pi.lib.uchicago.edu/1001/org/ochre/d8cbb902-2a92-4d9e-9fc8-01eeb72c9131</a>"
A22_34765.jpg,https://pi.lib.uchicago.edu/1001/org/ochre/b3c53810-d61e-433d-85e1-88eaf986316c,2022 Photographs,Dataset contains photographs from 2022 excavation.,"OCHRE link: <a href=""https://pi.lib.uchicago.edu/1001/org/ochre/b3c53810-d61e-433d-85e1-88eaf986316c"">https://pi.lib.uchicago.edu/1001/org/ochre/b3c53810-d61e-433d-85e1-88eaf986316c</a>"
A22_34766.jpg,https://pi.lib.uchicago.edu/1001/org/ochre/0a3643a4-6cb7-4b66-9ef1-bda5f38e6f04,2022 Photographs,Dataset contains photographs from 2022 excavation.,"OCHRE link: <a href=""https://pi.lib.uchicago.edu/1001/org/ochre/0a3643a4-6cb7-4b66-9ef1-bda5f38e6f04"">https://pi.lib.uchicago.edu/1001/org/ochre/0a3643a4-6cb7-4b66-9ef1-bda5f38e6f04</a>"
A22_34767.jpg,https://pi.lib.uchicago.edu/1001/org/ochre/0978944b-1e90-4ee1-a4b5-202bbdb06ad2,2022 Photographs,Dataset contains photographs from 2022 excavation.,"OCHRE link: <a href=""https://pi.lib.uchicago.edu/1001/org/ochre/0978944b-1e90-4ee1-a4b5-202bbdb06ad2"">https://pi.lib.uchicago.edu/1001/org/ochre/0978944b-1e90-4ee1-a4b5-202bbdb06ad2</a>"
A22_34768.jpg,https://pi.lib.uchicago.edu/1001/org/ochre/79fae475-946d-458a-a0b3-105078169c9a,2022 Photographs,Dataset contains photographs from 2022 excavation.,"OCHRE link: <a href=""https://pi.lib.uchicago.edu/1001/org/ochre/79fae475-946d-458a-a0b3-105078169c9a"">https://pi.lib.uchicago.edu/1001/org/ochre/79fae475-946d-458a-a0b3-105078169c9a</a>"
A22_34769.jpg,https://pi.lib.uchicago.edu/1001/org/ochre/123a3221-193a-45bb-87b6-79ef827436ee,2022 Photographs,Dataset contains photographs from 2022 excavation.,"OCHRE link: <a href=""https://pi.lib.uchicago.edu/1001/org/ochre/123a3221-193a-45bb-87b6-79ef827436ee"">https://pi.lib.uchicago.edu/1001/org/ochre/123a3221-193a-45bb-87b6-79ef827436ee</a>"
A22_34770.jpg,https://pi.lib.uchicago.edu/1001/org/ochre/d34c2cb1-964c-4b8e-ab0a-ae91134327ea,2022 Photographs,Dataset contains photographs from 2022 excavation.,"OCHRE link: <a href=""https://pi.lib.uchicago.edu/1001/org/ochre/d34c2cb1-964c-4b8e-ab0a-ae91134327ea"">https://pi.lib.uchicago.edu/1001/org/ochre/d34c2cb1-964c-4b8e-ab0a-ae91134327ea</a>"
A22_34771.jpg,https://pi.lib.uchicago.edu/1001/org/ochre/3993e27d-ef1e-4173-bb75-a9574b5b1d0c,2022 Photographs,Dataset contains photographs from 2022 excavation.,"OCHRE link: <a href=""https://pi.lib.uchicago.edu/1001/org/ochre/3993e27d-ef1e-4173-bb75-a9574b5b1d0c"">https://pi.lib.uchicago.edu/1001/org/ochre/3993e27d-ef1e-4173-bb75-a9574b5b1d0c</a>"
A22_34772.jpg,https://pi.lib.uchicago.edu/1001/org/ochre/59f2dfde-ae50-434b-ad47-62827c882d47,2022 Photographs,Dataset contains photographs from 2022 excavation.,"OCHRE link: <a href=""https://pi.lib.uchicago.edu/1001/org/ochre/59f2dfde-ae50-434b-ad47-62827c882d47"">https://pi.lib.uchicago.edu/1001/org/ochre/59f2dfde-ae50-434b-ad47-62827c882d47</a>"
A22_34773.jpg,https://pi.lib.uchicago.edu/1001/org/ochre/d0045f85-7896-4747-a0eb-a857d9d3b85b,2022 Photographs,Dataset contains photographs from 2022 excavation.,"OCHRE link: <a href=""https://pi.lib.uchicago.edu/1001/org/ochre/d0045f85-7896-4747-a0eb-a857d9d3b85b"">https://pi.lib.uchicago.edu/1001/org/ochre/d0045f85-7896-4747-a0eb-a857d9d3b85b</a>"
A22_34774.jpg,https://pi.lib.uchicago.edu/1001/org/ochre/ef793171-7180-4b32-8165-d92a5fa8c25b,2022 Photographs,Dataset contains photographs from 2022 excavation.,"OCHRE link: <a href=""https://pi.lib.uchicago.edu/1001/org/ochre/ef793171-7180-4b32-8165-d92a5fa8c25b"">https://pi.lib.uchicago.edu/1001/org/ochre/ef793171-7180-4b32-8165-d92a5fa8c25b</a>"
A22_34775.jpg,https://pi.lib.uchicago.edu/1001/org/ochre/e37abf70-0033-40a9-adba-81d2975f55a8,2022 Photographs,Dataset contains photographs from 2022 excavation.,"OCHRE link: <a href=""https://pi.lib.uchicago.edu/1001/org/ochre/e37abf70-0033-40a9-adba-81d2975f55a8"">https://pi.lib.uchicago.edu/1001/org/ochre/e37abf70-0033-40a9-adba-81d2975f55a8</a>"
A22_34776.jpg,https://pi.lib.uchicago.edu/1001/org/ochre/a4feeae4-9c8f-4bb2-98e6-3d5497693222,2022 Photographs,Dataset contains photographs from 2022 excavation.,"OCHRE link: <a href=""https://pi.lib.uchicago.edu/1001/org/ochre/a4feeae4-9c8f-4bb2-98e6-3d5497693222"">https://pi.lib.uchicago.edu/1001/org/ochre/a4feeae4-9c8f-4bb2-98e6-3d5497693222</a>"
A22_34777.jpg,https://pi.lib.uchicago.edu/1001/org/ochre/211f22ef-d6db-4618-a885-ade371d0f068,2022 Photographs,Dataset contains photographs from 2022 excavation.,"OCHRE link: <a href=""https://pi.lib.uchicago.edu/1001/org/ochre/211f22ef-d6db-4618-a885-ade371d0f068"">https://pi.lib.uchicago.edu/1001/org/ochre/211f22ef-d6db-4618-a885-ade371d0f068</a>"
A22_34778.jpg,https://pi.lib.uchicago.edu/1001/org/ochre/66ec1a62-36a6-4ad0-9e5e-c3bfc48044ff,2022 Photographs,Dataset contains photographs from 2022 excavation.,"OCHRE link: <a href=""https://pi.lib.uchicago.edu/1001/org/ochre/66ec1a62-36a6-4ad0-9e5e-c3bfc48044ff"">https://pi.lib.uchicago.edu/1001/org/ochre/66ec1a62-36a6-4ad0-9e5e-c3bfc48044ff</a>"
A22_34779.jpg,https://pi.lib.uchicago.edu/1001/org/ochre/bf97cf57-d543-4a4c-a422-1ecd946b352b,2022 Photographs,Dataset contains photographs from 2022 excavation.,"OCHRE link: <a href=""https://pi.lib.uchicago.edu/1001/org/ochre/bf97cf57-d543-4a4c-a422-1ecd946b352b"">https://pi.lib.uchicago.edu/1001/org/ochre/bf97cf57-d543-4a4c-a422-1ecd946b352b</a>"
A22_34780.jpg,https://pi.lib.uchicago.edu/1001/org/ochre/03134d31-3259-4aff-bb0e-ecd0a6119031,2022 Photographs,Dataset contains photographs from 2022 excavation.,"OCHRE link: <a href=""https://pi.lib.uchicago.edu/1001/org/ochre/03134d31-3259-4aff-bb0e-ecd0a6119031"">https://pi.lib.uchicago.edu/1001/org/ochre/03134d31-3259-4aff-bb0e-ecd0a6119031</a>"
A22_34781.jpg,https://pi.lib.uchicago.edu/1001/org/ochre/d0be11e2-245d-4107-bc47-532c2c2b580a,2022 Photographs,Dataset contains photographs from 2022 excavation.,"OCHRE link: <a href=""https://pi.lib.uchicago.edu/1001/org/ochre/d0be11e2-245d-4107-bc47-532c2c2b580a"">https://pi.lib.uchicago.edu/1001/org/ochre/d0be11e2-245d-4107-bc47-532c2c2b580a</a>"
A22_34782.jpg,https://pi.lib.uchicago.edu/1001/org/ochre/42b72526-6c05-4444-9702-7c69dab6e6b6,2022 Photographs,Dataset contains photographs from 2022 excavation.,"OCHRE link: <a href=""https://pi.lib.uchicago.edu/1001/org/ochre/42b72526-6c05-4444-9702-7c69dab6e6b6"">https://pi.lib.uchicago.edu/1001/org/ochre/42b72526-6c05-4444-9702-7c69dab6e6b6</a>"
A22_34783.jpg,https://pi.lib.uchicago.edu/1001/org/ochre/cd65c47c-1516-476a-b3f0-c4c60b81cebc,2022 Photographs,Dataset contains photographs from 2022 excavation.,"OCHRE link: <a href=""https://pi.lib.uchicago.edu/1001/org/ochre/cd65c47c-1516-476a-b3f0-c4c60b81cebc"">https://pi.lib.uchicago.edu/1001/org/ochre/cd65c47c-1516-476a-b3f0-c4c60b81cebc</a>"
A22_34784.jpg,https://pi.lib.uchicago.edu/1001/org/ochre/ad6c0e00-0d86-4c16-bc1c-282642897e49,2022 Photographs,Dataset contains photographs from 2022 excavation.,"OCHRE link: <a href=""https://pi.lib.uchicago.edu/1001/org/ochre/ad6c0e00-0d86-4c16-bc1c-282642897e49"">https://pi.lib.uchicago.edu/1001/org/ochre/ad6c0e00-0d86-4c16-bc1c-282642897e49</a>"
A22_34785.jpg,https://pi.lib.uchicago.edu/1001/org/ochre/27175a44-1b9e-457c-be95-5a672b46682f,2022 Photographs,Dataset contains photographs from 2022 excavation.,"OCHRE link: <a href=""https://pi.lib.uchicago.edu/1001/org/ochre/27175a44-1b9e-457c-be95-5a672b46682f"">https://pi.lib.uchicago.edu/1001/org/ochre/27175a44-1b9e-457c-be95-5a672b46682f</a>"
A22_34786.jpg,https://pi.lib.uchicago.edu/1001/org/ochre/ee832007-f0a8-4c17-add8-85766ad7576d,2022 Photographs,Dataset contains photographs from 2022 excavation.,"OCHRE link: <a href=""https://pi.lib.uchicago.edu/1001/org/ochre/ee832007-f0a8-4c17-add8-85766ad7576d"">https://pi.lib.uchicago.edu/1001/org/ochre/ee832007-f0a8-4c17-add8-85766ad7576d</a>"
A22_34787.jpg,https://pi.lib.uchicago.edu/1001/org/ochre/ebf103e3-2d32-449e-bd4f-cafe0dd6eef9,2022 Photographs,Dataset contains photographs from 2022 excavation.,"OCHRE link: <a href=""https://pi.lib.uchicago.edu/1001/org/ochre/ebf103e3-2d32-449e-bd4f-cafe0dd6eef9"">https://pi.lib.uchicago.edu/1001/org/ochre/ebf103e3-2d32-449e-bd4f-cafe0dd6eef9</a>"
A22_34788.jpg,https://pi.lib.uchicago.edu/1001/org/ochre/540f97c6-148b-41b4-bec1-d4d58f9647e0,2022 Photographs,Dataset contains photographs from 2022 excavation.,"OCHRE link: <a href=""https://pi.lib.uchicago.edu/1001/org/ochre/540f97c6-148b-41b4-bec1-d4d58f9647e0"">https://pi.lib.uchicago.edu/1001/org/ochre/540f97c6-148b-41b4-bec1-d4d58f9647e0</a>"
A22_34789.jpg,https://pi.lib.uchicago.edu/1001/org/ochre/8e41132a-29bb-49c3-bc95-8ac768f3161e,2022 Photographs,Dataset contains photographs from 2022 excavation.,"OCHRE link: <a href=""https://pi.lib.uchicago.edu/1001/org/ochre/8e41132a-29bb-49c3-bc95-8ac768f3161e"">https://pi.lib.uchicago.edu/1001/org/ochre/8e41132a-29bb-49c3-bc95-8ac768f3161e</a>"
A22_34790.jpg,https://pi.lib.uchicago.edu/1001/org/ochre/5cb31423-025d-4f32-89ab-26f15d632f3e,2022 Photographs,Dataset contains photographs from 2022 excavation.,"OCHRE link: <a href=""https://pi.lib.uchicago.edu/1001/org/ochre/5cb31423-025d-4f32-89ab-26f15d632f3e"">https://pi.lib.uchicago.edu/1001/org/ochre/5cb31423-025d-4f32-89ab-26f15d632f3e</a>"
A22_34791.jpg,https://pi.lib.uchicago.edu/1001/org/ochre/321f2029-3dcb-416a-8226-59b977735b57,2022 Photographs,Dataset contains photographs from 2022 excavation.,"OCHRE link: <a href=""https://pi.lib.uchicago.edu/1001/org/ochre/321f2029-3dcb-416a-8226-59b977735b57"">https://pi.lib.uchicago.edu/1001/org/ochre/321f2029-3dcb-416a-8226-59b977735b57</a>"
A22_34792.jpg,https://pi.lib.uchicago.edu/1001/org/ochre/4e1e3fe7-5050-40c0-969f-3f959e552a58,2022 Photographs,Dataset contains photographs from 2022 excavation.,"OCHRE link: <a href=""https://pi.lib.uchicago.edu/1001/org/ochre/4e1e3fe7-5050-40c0-969f-3f959e552a58"">https://pi.lib.uchicago.edu/1001/org/ochre/4e1e3fe7-5050-40c0-969f-3f959e552a58</a>"
A22_34793.jpg,https://pi.lib.uchicago.edu/1001/org/ochre/e8ac5383-22f3-4654-8b5e-081b5aba2ec5,2022 Photographs,Dataset contains photographs from 2022 excavation.,"OCHRE link: <a href=""https://pi.lib.uchicago.edu/1001/org/ochre/e8ac5383-22f3-4654-8b5e-081b5aba2ec5"">https://pi.lib.uchicago.edu/1001/org/ochre/e8ac5383-22f3-4654-8b5e-081b5aba2ec5</a>"
A22_34794.jpg,https://pi.lib.uchicago.edu/1001/org/ochre/431b53d3-a76f-4d0e-a983-82ac179816f1,2022 Photographs,Dataset contains photographs from 2022 excavation.,"OCHRE link: <a href=""https://pi.lib.uchicago.edu/1001/org/ochre/431b53d3-a76f-4d0e-a983-82ac179816f1"">https://pi.lib.uchicago.edu/1001/org/ochre/431b53d3-a76f-4d0e-a983-82ac179816f1</a>"
A22_34795.jpg,https://pi.lib.uchicago.edu/1001/org/ochre/6d2f2e72-10f8-4689-97d6-62902e85e54d,2022 Photographs,Dataset contains photographs from 2022 excavation.,"OCHRE link: <a href=""https://pi.lib.uchicago.edu/1001/org/ochre/6d2f2e72-10f8-4689-97d6-62902e85e54d"">https://pi.lib.uchicago.edu/1001/org/ochre/6d2f2e72-10f8-4689-97d6-62902e85e54d</a>"
A22_34796.jpg,https://pi.lib.uchicago.edu/1001/org/ochre/0390e9e8-cb72-4033-a745-03b8c610df8c,2022 Photographs,Dataset contains photographs from 2022 excavation.,"OCHRE link: <a href=""https://pi.lib.uchicago.edu/1001/org/ochre/0390e9e8-cb72-4033-a745-03b8c610df8c"">https://pi.lib.uchicago.edu/1001/org/ochre/0390e9e8-cb72-4033-a745-03b8c610df8c</a>"
A22_34797.jpg,https://pi.lib.uchicago.edu/1001/org/ochre/f53c39bd-f16d-4bee-9401-da29f9757285,2022 Photographs,Dataset contains photographs from 2022 excavation.,"OCHRE link: <a href=""https://pi.lib.uchicago.edu/1001/org/ochre/f53c39bd-f16d-4bee-9401-da29f9757285"">https://pi.lib.uchicago.edu/1001/org/ochre/f53c39bd-f16d-4bee-9401-da29f9757285</a>"
A22_34798.jpg,https://pi.lib.uchicago.edu/1001/org/ochre/75324598-be3a-4bec-a843-91b2e531a629,2022 Photographs,Dataset contains photographs from 2022 excavation.,"OCHRE link: <a href=""https://pi.lib.uchicago.edu/1001/org/ochre/75324598-be3a-4bec-a843-91b2e531a629"">https://pi.lib.uchicago.edu/1001/org/ochre/75324598-be3a-4bec-a843-91b2e531a629</a>"
A22_34799.jpg,https://pi.lib.uchicago.edu/1001/org/ochre/f1947971-faca-4c3b-8e10-733f7eff9ee2,2022 Photographs,Dataset contains photographs from 2022 excavation.,"OCHRE link: <a href=""https://pi.lib.uchicago.edu/1001/org/ochre/f1947971-faca-4c3b-8e10-733f7eff9ee2"">https://pi.lib.uchicago.edu/1001/org/ochre/f1947971-faca-4c3b-8e10-733f7eff9ee2</a>"
A22_34800.jpg,https://pi.lib.uchicago.edu/1001/org/ochre/eaaf67e6-fd28-4d6c-ae6f-c861df974385,2022 Photographs,Dataset contains photographs from 2022 excavation.,"OCHRE link: <a href=""https://pi.lib.uchicago.edu/1001/org/ochre/eaaf67e6-fd28-4d6c-ae6f-c861df974385"">https://pi.lib.uchicago.edu/1001/org/ochre/eaaf67e6-fd28-4d6c-ae6f-c861df974385</a>"
A22_34801.jpg,https://pi.lib.uchicago.edu/1001/org/ochre/22d15400-4d97-4cc3-8f26-d36e2a15f11f,2022 Photographs,Dataset contains photographs from 2022 excavation.,"OCHRE link: <a href=""https://pi.lib.uchicago.edu/1001/org/ochre/22d15400-4d97-4cc3-8f26-d36e2a15f11f"">https://pi.lib.uchicago.edu/1001/org/ochre/22d15400-4d97-4cc3-8f26-d36e2a15f11f</a>"
A22_34802.jpg,https://pi.lib.uchicago.edu/1001/org/ochre/2f35bdc1-5162-43c6-9127-83f3d1b41034,2022 Photographs,Dataset contains photographs from 2022 excavation.,"OCHRE link: <a href=""https://pi.lib.uchicago.edu/1001/org/ochre/2f35bdc1-5162-43c6-9127-83f3d1b41034"">https://pi.lib.uchicago.edu/1001/org/ochre/2f35bdc1-5162-43c6-9127-83f3d1b41034</a>"
A22_34803.jpg,https://pi.lib.uchicago.edu/1001/org/ochre/d9045a3e-4ee0-4eda-b406-dd107c506492,2022 Photographs,Dataset contains photographs from 2022 excavation.,"OCHRE link: <a href=""https://pi.lib.uchicago.edu/1001/org/ochre/d9045a3e-4ee0-4eda-b406-dd107c506492"">https://pi.lib.uchicago.edu/1001/org/ochre/d9045a3e-4ee0-4eda-b406-dd107c506492</a>"
A22_34804.jpg,https://pi.lib.uchicago.edu/1001/org/ochre/57185ce0-7694-440a-9e77-8fb680e25231,2022 Photographs,Dataset contains photographs from 2022 excavation.,"OCHRE link: <a href=""https://pi.lib.uchicago.edu/1001/org/ochre/57185ce0-7694-440a-9e77-8fb680e25231"">https://pi.lib.uchicago.edu/1001/org/ochre/57185ce0-7694-440a-9e77-8fb680e25231</a>"
A22_34805.jpg,https://pi.lib.uchicago.edu/1001/org/ochre/0491d254-8d5f-4854-b804-4ae4451f81f0,2022 Photographs,Dataset contains photographs from 2022 excavation.,"OCHRE link: <a href=""https://pi.lib.uchicago.edu/1001/org/ochre/0491d254-8d5f-4854-b804-4ae4451f81f0"">https://pi.lib.uchicago.edu/1001/org/ochre/0491d254-8d5f-4854-b804-4ae4451f81f0</a>"
A22_34806.jpg,https://pi.lib.uchicago.edu/1001/org/ochre/e65cba87-13d7-4e95-a6c8-9739ffd3a9b5,2022 Photographs,Dataset contains photographs from 2022 excavation.,"OCHRE link: <a href=""https://pi.lib.uchicago.edu/1001/org/ochre/e65cba87-13d7-4e95-a6c8-9739ffd3a9b5"">https://pi.lib.uchicago.edu/1001/org/ochre/e65cba87-13d7-4e95-a6c8-9739ffd3a9b5</a>"
A22_34807.jpg,https://pi.lib.uchicago.edu/1001/org/ochre/bbc94fc3-fb3c-4dbf-94d6-c429fe8e0ae2,2022 Photographs,Dataset contains photographs from 2022 excavation.,"OCHRE link: <a href=""https://pi.lib.uchicago.edu/1001/org/ochre/bbc94fc3-fb3c-4dbf-94d6-c429fe8e0ae2"">https://pi.lib.uchicago.edu/1001/org/ochre/bbc94fc3-fb3c-4dbf-94d6-c429fe8e0ae2</a>"
A22_34808.jpg,https://pi.lib.uchicago.edu/1001/org/ochre/88f55343-2220-4d19-8840-15f2b02d0989,2022 Photographs,Dataset contains photographs from 2022 excavation.,"OCHRE link: <a href=""https://pi.lib.uchicago.edu/1001/org/ochre/88f55343-2220-4d19-8840-15f2b02d0989"">https://pi.lib.uchicago.edu/1001/org/ochre/88f55343-2220-4d19-8840-15f2b02d0989</a>"
A22_34809.jpg,https://pi.lib.uchicago.edu/1001/org/ochre/9ec24969-298e-4a7c-bb46-18abd640696a,2022 Photographs,Dataset contains photographs from 2022 excavation.,"OCHRE link: <a href=""https://pi.lib.uchicago.edu/1001/org/ochre/9ec24969-298e-4a7c-bb46-18abd640696a"">https://pi.lib.uchicago.edu/1001/org/ochre/9ec24969-298e-4a7c-bb46-18abd640696a</a>"
A22_34810.jpg,https://pi.lib.uchicago.edu/1001/org/ochre/5c385cf6-dad4-49de-9176-1903e5742d77,2022 Photographs,Dataset contains photographs from 2022 excavation.,"OCHRE link: <a href=""https://pi.lib.uchicago.edu/1001/org/ochre/5c385cf6-dad4-49de-9176-1903e5742d77"">https://pi.lib.uchicago.edu/1001/org/ochre/5c385cf6-dad4-49de-9176-1903e5742d77</a>"
A22_34811.jpg,https://pi.lib.uchicago.edu/1001/org/ochre/e267abed-3a6b-4b9d-bdd1-aeee24963d27,2022 Photographs,Dataset contains photographs from 2022 excavation.,"OCHRE link: <a href=""https://pi.lib.uchicago.edu/1001/org/ochre/e267abed-3a6b-4b9d-bdd1-aeee24963d27"">https://pi.lib.uchicago.edu/1001/org/ochre/e267abed-3a6b-4b9d-bdd1-aeee24963d27</a>"
A22_34812.jpg,https://pi.lib.uchicago.edu/1001/org/ochre/0daf0467-30d6-4c16-bd51-e42db4775e27,2022 Photographs,Dataset contains photographs from 2022 excavation.,"OCHRE link: <a href=""https://pi.lib.uchicago.edu/1001/org/ochre/0daf0467-30d6-4c16-bd51-e42db4775e27"">https://pi.lib.uchicago.edu/1001/org/ochre/0daf0467-30d6-4c16-bd51-e42db4775e27</a>"
A22_34813.jpg,https://pi.lib.uchicago.edu/1001/org/ochre/37168d1e-d135-4733-917e-d4d3d36d504d,2022 Photographs,Dataset contains photographs from 2022 excavation.,"OCHRE link: <a href=""https://pi.lib.uchicago.edu/1001/org/ochre/37168d1e-d135-4733-917e-d4d3d36d504d"">https://pi.lib.uchicago.edu/1001/org/ochre/37168d1e-d135-4733-917e-d4d3d36d504d</a>"
A22_34814.jpg,https://pi.lib.uchicago.edu/1001/org/ochre/7309b2c0-d0a5-4f63-9147-4e66ed5facbd,2022 Photographs,Dataset contains photographs from 2022 excavation.,"OCHRE link: <a href=""https://pi.lib.uchicago.edu/1001/org/ochre/7309b2c0-d0a5-4f63-9147-4e66ed5facbd"">https://pi.lib.uchicago.edu/1001/org/ochre/7309b2c0-d0a5-4f63-9147-4e66ed5facbd</a>"
A22_34815.jpg,https://pi.lib.uchicago.edu/1001/org/ochre/01f7fc71-c0cc-4389-9752-3baea0a3f1f2,2022 Photographs,Dataset contains photographs from 2022 excavation.,"OCHRE link: <a href=""https://pi.lib.uchicago.edu/1001/org/ochre/01f7fc71-c0cc-4389-9752-3baea0a3f1f2"">https://pi.lib.uchicago.edu/1001/org/ochre/01f7fc71-c0cc-4389-9752-3baea0a3f1f2</a>"
A22_34816.jpg,https://pi.lib.uchicago.edu/1001/org/ochre/55555aa5-5d79-4ea6-853c-6c988e5f63f9,2022 Photographs,Dataset contains photographs from 2022 excavation.,"OCHRE link: <a href=""https://pi.lib.uchicago.edu/1001/org/ochre/55555aa5-5d79-4ea6-853c-6c988e5f63f9"">https://pi.lib.uchicago.edu/1001/org/ochre/55555aa5-5d79-4ea6-853c-6c988e5f63f9</a>"
A22_34817.jpg,https://pi.lib.uchicago.edu/1001/org/ochre/77b9ccc5-e4ec-427c-8ae6-b8d16034b600,2022 Photographs,Dataset contains photographs from 2022 excavation.,"OCHRE link: <a href=""https://pi.lib.uchicago.edu/1001/org/ochre/77b9ccc5-e4ec-427c-8ae6-b8d16034b600"">https://pi.lib.uchicago.edu/1001/org/ochre/77b9ccc5-e4ec-427c-8ae6-b8d16034b600</a>"
A22_34818.jpg,https://pi.lib.uchicago.edu/1001/org/ochre/7f38adad-b157-4a7e-ae7b-d957b6bf2eb7,2022 Photographs,Dataset contains photographs from 2022 excavation.,"OCHRE link: <a href=""https://pi.lib.uchicago.edu/1001/org/ochre/7f38adad-b157-4a7e-ae7b-d957b6bf2eb7"">https://pi.lib.uchicago.edu/1001/org/ochre/7f38adad-b157-4a7e-ae7b-d957b6bf2eb7</a>"
A22_34819.jpg,https://pi.lib.uchicago.edu/1001/org/ochre/c4e229ab-d5ed-4f5f-83cf-ed3f278d4cc1,2022 Photographs,Dataset contains photographs from 2022 excavation.,"OCHRE link: <a href=""https://pi.lib.uchicago.edu/1001/org/ochre/c4e229ab-d5ed-4f5f-83cf-ed3f278d4cc1"">https://pi.lib.uchicago.edu/1001/org/ochre/c4e229ab-d5ed-4f5f-83cf-ed3f278d4cc1</a>"
A22_34820.jpg,https://pi.lib.uchicago.edu/1001/org/ochre/3a905cd5-b298-4f18-ad89-f8f8f886cf27,2022 Photographs,Dataset contains photographs from 2022 excavation.,"OCHRE link: <a href=""https://pi.lib.uchicago.edu/1001/org/ochre/3a905cd5-b298-4f18-ad89-f8f8f886cf27"">https://pi.lib.uchicago.edu/1001/org/ochre/3a905cd5-b298-4f18-ad89-f8f8f886cf27</a>"
A22_34821.jpg,https://pi.lib.uchicago.edu/1001/org/ochre/2269c3de-bc78-4859-95e5-abe0a5b69f61,2022 Photographs,Dataset contains photographs from 2022 excavation.,"OCHRE link: <a href=""https://pi.lib.uchicago.edu/1001/org/ochre/2269c3de-bc78-4859-95e5-abe0a5b69f61"">https://pi.lib.uchicago.edu/1001/org/ochre/2269c3de-bc78-4859-95e5-abe0a5b69f61</a>"
A22_34822.jpg,https://pi.lib.uchicago.edu/1001/org/ochre/1a87c83a-19cd-4092-815a-0a1d9824934d,2022 Photographs,Dataset contains photographs from 2022 excavation.,"OCHRE link: <a href=""https://pi.lib.uchicago.edu/1001/org/ochre/1a87c83a-19cd-4092-815a-0a1d9824934d"">https://pi.lib.uchicago.edu/1001/org/ochre/1a87c83a-19cd-4092-815a-0a1d9824934d</a>"
A22_34823.jpg,https://pi.lib.uchicago.edu/1001/org/ochre/d9ac411b-b155-4b9e-a9c7-17834b028aa6,2022 Photographs,Dataset contains photographs from 2022 excavation.,"OCHRE link: <a href=""https://pi.lib.uchicago.edu/1001/org/ochre/d9ac411b-b155-4b9e-a9c7-17834b028aa6"">https://pi.lib.uchicago.edu/1001/org/ochre/d9ac411b-b155-4b9e-a9c7-17834b028aa6</a>"
A22_34824.jpg,https://pi.lib.uchicago.edu/1001/org/ochre/685e9a41-81eb-436f-903f-93992cf7245a,2022 Photographs,Dataset contains photographs from 2022 excavation.,"OCHRE link: <a href=""https://pi.lib.uchicago.edu/1001/org/ochre/685e9a41-81eb-436f-903f-93992cf7245a"">https://pi.lib.uchicago.edu/1001/org/ochre/685e9a41-81eb-436f-903f-93992cf7245a</a>"
A22_34825.jpg,https://pi.lib.uchicago.edu/1001/org/ochre/42c0911b-8fe3-4118-a877-c68b43f0b45e,2022 Photographs,Dataset contains photographs from 2022 excavation.,"OCHRE link: <a href=""https://pi.lib.uchicago.edu/1001/org/ochre/42c0911b-8fe3-4118-a877-c68b43f0b45e"">https://pi.lib.uchicago.edu/1001/org/ochre/42c0911b-8fe3-4118-a877-c68b43f0b45e</a>"
A22_34826.jpg,https://pi.lib.uchicago.edu/1001/org/ochre/c34aba1f-545b-4155-90a6-306edf890d74,2022 Photographs,Dataset contains photographs from 2022 excavation.,"OCHRE link: <a href=""https://pi.lib.uchicago.edu/1001/org/ochre/c34aba1f-545b-4155-90a6-306edf890d74"">https://pi.lib.uchicago.edu/1001/org/ochre/c34aba1f-545b-4155-90a6-306edf890d74</a>"
A22_34827.jpg,https://pi.lib.uchicago.edu/1001/org/ochre/8b48a60b-dc62-40ec-a808-fb64520e3fa1,2022 Photographs,Dataset contains photographs from 2022 excavation.,"OCHRE link: <a href=""https://pi.lib.uchicago.edu/1001/org/ochre/8b48a60b-dc62-40ec-a808-fb64520e3fa1"">https://pi.lib.uchicago.edu/1001/org/ochre/8b48a60b-dc62-40ec-a808-fb64520e3fa1</a>"
A22_34828.jpg,https://pi.lib.uchicago.edu/1001/org/ochre/a4637b80-61aa-427f-8248-6ec79ab57b5a,2022 Photographs,Dataset contains photographs from 2022 excavation.,"OCHRE link: <a href=""https://pi.lib.uchicago.edu/1001/org/ochre/a4637b80-61aa-427f-8248-6ec79ab57b5a"">https://pi.lib.uchicago.edu/1001/org/ochre/a4637b80-61aa-427f-8248-6ec79ab57b5a</a>"
A22_34829.jpg,https://pi.lib.uchicago.edu/1001/org/ochre/7b3a66bc-ddba-4e0c-90b8-4340eac89ae2,2022 Photographs,Dataset contains photographs from 2022 excavation.,"OCHRE link: <a href=""https://pi.lib.uchicago.edu/1001/org/ochre/7b3a66bc-ddba-4e0c-90b8-4340eac89ae2"">https://pi.lib.uchicago.edu/1001/org/ochre/7b3a66bc-ddba-4e0c-90b8-4340eac89ae2</a>"
A22_34830.jpg,https://pi.lib.uchicago.edu/1001/org/ochre/7e489f51-0ae2-4f10-9b15-69569fdd67ce,2022 Photographs,Dataset contains photographs from 2022 excavation.,"OCHRE link: <a href=""https://pi.lib.uchicago.edu/1001/org/ochre/7e489f51-0ae2-4f10-9b15-69569fdd67ce"">https://pi.lib.uchicago.edu/1001/org/ochre/7e489f51-0ae2-4f10-9b15-69569fdd67ce</a>"
A22_34831.jpg,https://pi.lib.uchicago.edu/1001/org/ochre/2507654c-2b92-44d3-ad11-063d68f7cc85,2022 Photographs,Dataset contains photographs from 2022 excavation.,"OCHRE link: <a href=""https://pi.lib.uchicago.edu/1001/org/ochre/2507654c-2b92-44d3-ad11-063d68f7cc85"">https://pi.lib.uchicago.edu/1001/org/ochre/2507654c-2b92-44d3-ad11-063d68f7cc85</a>"
A22_34832.jpg,https://pi.lib.uchicago.edu/1001/org/ochre/e56a40cd-a902-49bd-92d6-4746004a79eb,2022 Photographs,Dataset contains photographs from 2022 excavation.,"OCHRE link: <a href=""https://pi.lib.uchicago.edu/1001/org/ochre/e56a40cd-a902-49bd-92d6-4746004a79eb"">https://pi.lib.uchicago.edu/1001/org/ochre/e56a40cd-a902-49bd-92d6-4746004a79eb</a>"
A22_34833.jpg,https://pi.lib.uchicago.edu/1001/org/ochre/6110b14e-148e-44bf-b59c-09c26ea3ecda,2022 Photographs,Dataset contains photographs from 2022 excavation.,"OCHRE link: <a href=""https://pi.lib.uchicago.edu/1001/org/ochre/6110b14e-148e-44bf-b59c-09c26ea3ecda"">https://pi.lib.uchicago.edu/1001/org/ochre/6110b14e-148e-44bf-b59c-09c26ea3ecda</a>"
A22_34834.jpg,https://pi.lib.uchicago.edu/1001/org/ochre/2a2dbf8d-3493-4546-83c1-7a3cc3ab917a,2022 Photographs,Dataset contains photographs from 2022 excavation.,"OCHRE link: <a href=""https://pi.lib.uchicago.edu/1001/org/ochre/2a2dbf8d-3493-4546-83c1-7a3cc3ab917a"">https://pi.lib.uchicago.edu/1001/org/ochre/2a2dbf8d-3493-4546-83c1-7a3cc3ab917a</a>"
A22_34835.jpg,https://pi.lib.uchicago.edu/1001/org/ochre/1fca9f9b-cdfb-43a9-8d7f-328bd7dc0ea3,2022 Photographs,Dataset contains photographs from 2022 excavation.,"OCHRE link: <a href=""https://pi.lib.uchicago.edu/1001/org/ochre/1fca9f9b-cdfb-43a9-8d7f-328bd7dc0ea3"">https://pi.lib.uchicago.edu/1001/org/ochre/1fca9f9b-cdfb-43a9-8d7f-328bd7dc0ea3</a>"
A22_34836.jpg,https://pi.lib.uchicago.edu/1001/org/ochre/14a93b70-e7d0-46f2-843f-1704b5623c02,2022 Photographs,Dataset contains photographs from 2022 excavation.,"OCHRE link: <a href=""https://pi.lib.uchicago.edu/1001/org/ochre/14a93b70-e7d0-46f2-843f-1704b5623c02"">https://pi.lib.uchicago.edu/1001/org/ochre/14a93b70-e7d0-46f2-843f-1704b5623c02</a>"
A22_34837.jpg,https://pi.lib.uchicago.edu/1001/org/ochre/242e7700-b5df-4718-92b0-b26ed6685b4b,2022 Photographs,Dataset contains photographs from 2022 excavation.,"OCHRE link: <a href=""https://pi.lib.uchicago.edu/1001/org/ochre/242e7700-b5df-4718-92b0-b26ed6685b4b"">https://pi.lib.uchicago.edu/1001/org/ochre/242e7700-b5df-4718-92b0-b26ed6685b4b</a>"
A22_34838.jpg,https://pi.lib.uchicago.edu/1001/org/ochre/6260e4c4-aa1f-4a28-8bce-c7ab9858ecd9,2022 Photographs,Dataset contains photographs from 2022 excavation.,"OCHRE link: <a href=""https://pi.lib.uchicago.edu/1001/org/ochre/6260e4c4-aa1f-4a28-8bce-c7ab9858ecd9"">https://pi.lib.uchicago.edu/1001/org/ochre/6260e4c4-aa1f-4a28-8bce-c7ab9858ecd9</a>"
A22_34839.jpg,https://pi.lib.uchicago.edu/1001/org/ochre/d7f5ced0-95a7-46f1-830e-07c8ae2e4d94,2022 Photographs,Dataset contains photographs from 2022 excavation.,"OCHRE link: <a href=""https://pi.lib.uchicago.edu/1001/org/ochre/d7f5ced0-95a7-46f1-830e-07c8ae2e4d94"">https://pi.lib.uchicago.edu/1001/org/ochre/d7f5ced0-95a7-46f1-830e-07c8ae2e4d94</a>"
A22_34840.jpg,https://pi.lib.uchicago.edu/1001/org/ochre/67c94445-1368-4923-9351-8efe6e8cddee,2022 Photographs,Dataset contains photographs from 2022 excavation.,"OCHRE link: <a href=""https://pi.lib.uchicago.edu/1001/org/ochre/67c94445-1368-4923-9351-8efe6e8cddee"">https://pi.lib.uchicago.edu/1001/org/ochre/67c94445-1368-4923-9351-8efe6e8cddee</a>"
A22_34841.jpg,https://pi.lib.uchicago.edu/1001/org/ochre/99f61ab5-4df1-4b21-9b27-1a39e5253674,2022 Photographs,Dataset contains photographs from 2022 excavation.,"OCHRE link: <a href=""https://pi.lib.uchicago.edu/1001/org/ochre/99f61ab5-4df1-4b21-9b27-1a39e5253674"">https://pi.lib.uchicago.edu/1001/org/ochre/99f61ab5-4df1-4b21-9b27-1a39e5253674</a>"
A22_34842.jpg,https://pi.lib.uchicago.edu/1001/org/ochre/2c75bf16-d74b-4197-ad96-4cb55d2580b2,2022 Photographs,Dataset contains photographs from 2022 excavation.,"OCHRE link: <a href=""https://pi.lib.uchicago.edu/1001/org/ochre/2c75bf16-d74b-4197-ad96-4cb55d2580b2"">https://pi.lib.uchicago.edu/1001/org/ochre/2c75bf16-d74b-4197-ad96-4cb55d2580b2</a>"
A22_34843.jpg,https://pi.lib.uchicago.edu/1001/org/ochre/836bd271-a7c2-4967-b762-3eb83be29b8b,2022 Photographs,Dataset contains photographs from 2022 excavation.,"OCHRE link: <a href=""https://pi.lib.uchicago.edu/1001/org/ochre/836bd271-a7c2-4967-b762-3eb83be29b8b"">https://pi.lib.uchicago.edu/1001/org/ochre/836bd271-a7c2-4967-b762-3eb83be29b8b</a>"
A22_34844.jpg,https://pi.lib.uchicago.edu/1001/org/ochre/ee5e5a63-838f-4191-91b7-abbfd49a115f,2022 Photographs,Dataset contains photographs from 2022 excavation.,"OCHRE link: <a href=""https://pi.lib.uchicago.edu/1001/org/ochre/ee5e5a63-838f-4191-91b7-abbfd49a115f"">https://pi.lib.uchicago.edu/1001/org/ochre/ee5e5a63-838f-4191-91b7-abbfd49a115f</a>"
A22_34845.jpg,https://pi.lib.uchicago.edu/1001/org/ochre/2df3319d-7945-4cad-ab14-74010af17e44,2022 Photographs,Dataset contains photographs from 2022 excavation.,"OCHRE link: <a href=""https://pi.lib.uchicago.edu/1001/org/ochre/2df3319d-7945-4cad-ab14-74010af17e44"">https://pi.lib.uchicago.edu/1001/org/ochre/2df3319d-7945-4cad-ab14-74010af17e44</a>"
A22_34846.jpg,https://pi.lib.uchicago.edu/1001/org/ochre/c2d55813-0544-4660-90a1-bb7fdce42c63,2022 Photographs,Dataset contains photographs from 2022 excavation.,"OCHRE link: <a href=""https://pi.lib.uchicago.edu/1001/org/ochre/c2d55813-0544-4660-90a1-bb7fdce42c63"">https://pi.lib.uchicago.edu/1001/org/ochre/c2d55813-0544-4660-90a1-bb7fdce42c63</a>"
A22_34847.jpg,https://pi.lib.uchicago.edu/1001/org/ochre/d290a6b0-eef1-4a51-82ff-5f2dd914e731,2022 Photographs,Dataset contains photographs from 2022 excavation.,"OCHRE link: <a href=""https://pi.lib.uchicago.edu/1001/org/ochre/d290a6b0-eef1-4a51-82ff-5f2dd914e731"">https://pi.lib.uchicago.edu/1001/org/ochre/d290a6b0-eef1-4a51-82ff-5f2dd914e731</a>"
A22_34848.jpg,https://pi.lib.uchicago.edu/1001/org/ochre/24530400-498a-4c18-ba19-490ce71240c9,2022 Photographs,Dataset contains photographs from 2022 excavation.,"OCHRE link: <a href=""https://pi.lib.uchicago.edu/1001/org/ochre/24530400-498a-4c18-ba19-490ce71240c9"">https://pi.lib.uchicago.edu/1001/org/ochre/24530400-498a-4c18-ba19-490ce71240c9</a>"
A22_34849.jpg,https://pi.lib.uchicago.edu/1001/org/ochre/c5bf911d-ae6e-4f0b-af32-c1ebbe7b5441,2022 Photographs,Dataset contains photographs from 2022 excavation.,"OCHRE link: <a href=""https://pi.lib.uchicago.edu/1001/org/ochre/c5bf911d-ae6e-4f0b-af32-c1ebbe7b5441"">https://pi.lib.uchicago.edu/1001/org/ochre/c5bf911d-ae6e-4f0b-af32-c1ebbe7b5441</a>"
A22_34850.jpg,https://pi.lib.uchicago.edu/1001/org/ochre/a9422a6d-3ee9-4aa1-b7ed-a735b9ac3a6e,2022 Photographs,Dataset contains photographs from 2022 excavation.,"OCHRE link: <a href=""https://pi.lib.uchicago.edu/1001/org/ochre/a9422a6d-3ee9-4aa1-b7ed-a735b9ac3a6e"">https://pi.lib.uchicago.edu/1001/org/ochre/a9422a6d-3ee9-4aa1-b7ed-a735b9ac3a6e</a>"
A22_34851.jpg,https://pi.lib.uchicago.edu/1001/org/ochre/95600a4e-b4eb-4997-8c62-7754c50dd327,2022 Photographs,Dataset contains photographs from 2022 excavation.,"OCHRE link: <a href=""https://pi.lib.uchicago.edu/1001/org/ochre/95600a4e-b4eb-4997-8c62-7754c50dd327"">https://pi.lib.uchicago.edu/1001/org/ochre/95600a4e-b4eb-4997-8c62-7754c50dd327</a>"
A22_34852.jpg,https://pi.lib.uchicago.edu/1001/org/ochre/52a84b3e-034b-46e2-9c88-fd4809eba6c9,2022 Photographs,Dataset contains photographs from 2022 excavation.,"OCHRE link: <a href=""https://pi.lib.uchicago.edu/1001/org/ochre/52a84b3e-034b-46e2-9c88-fd4809eba6c9"">https://pi.lib.uchicago.edu/1001/org/ochre/52a84b3e-034b-46e2-9c88-fd4809eba6c9</a>"
A22_34853.jpg,https://pi.lib.uchicago.edu/1001/org/ochre/7b5ea7cd-e2ea-4faa-bc42-5cd7b7ec1cb6,2022 Photographs,Dataset contains photographs from 2022 excavation.,"OCHRE link: <a href=""https://pi.lib.uchicago.edu/1001/org/ochre/7b5ea7cd-e2ea-4faa-bc42-5cd7b7ec1cb6"">https://pi.lib.uchicago.edu/1001/org/ochre/7b5ea7cd-e2ea-4faa-bc42-5cd7b7ec1cb6</a>"
A22_34854.jpg,https://pi.lib.uchicago.edu/1001/org/ochre/83c5adf9-d674-48d3-93fa-8037f3fd8fd6,2022 Photographs,Dataset contains photographs from 2022 excavation.,"OCHRE link: <a href=""https://pi.lib.uchicago.edu/1001/org/ochre/83c5adf9-d674-48d3-93fa-8037f3fd8fd6"">https://pi.lib.uchicago.edu/1001/org/ochre/83c5adf9-d674-48d3-93fa-8037f3fd8fd6</a>"
A22_34855.jpg,https://pi.lib.uchicago.edu/1001/org/ochre/5550aa59-40ba-4ff1-8fab-bccd19616a06,2022 Photographs,Dataset contains photographs from 2022 excavation.,"OCHRE link: <a href=""https://pi.lib.uchicago.edu/1001/org/ochre/5550aa59-40ba-4ff1-8fab-bccd19616a06"">https://pi.lib.uchicago.edu/1001/org/ochre/5550aa59-40ba-4ff1-8fab-bccd19616a06</a>"
A22_34856.jpg,https://pi.lib.uchicago.edu/1001/org/ochre/51647067-46ce-4ee8-b2b9-34221a776bd0,2022 Photographs,Dataset contains photographs from 2022 excavation.,"OCHRE link: <a href=""https://pi.lib.uchicago.edu/1001/org/ochre/51647067-46ce-4ee8-b2b9-34221a776bd0"">https://pi.lib.uchicago.edu/1001/org/ochre/51647067-46ce-4ee8-b2b9-34221a776bd0</a>"
A22_34857.jpg,https://pi.lib.uchicago.edu/1001/org/ochre/86bc2c32-bf32-4114-8b84-e462e5cd7c3a,2022 Photographs,Dataset contains photographs from 2022 excavation.,"OCHRE link: <a href=""https://pi.lib.uchicago.edu/1001/org/ochre/86bc2c32-bf32-4114-8b84-e462e5cd7c3a"">https://pi.lib.uchicago.edu/1001/org/ochre/86bc2c32-bf32-4114-8b84-e462e5cd7c3a</a>"
A22_34858.jpg,https://pi.lib.uchicago.edu/1001/org/ochre/ac064776-09e8-4420-8653-df74cd995fef,2022 Photographs,Dataset contains photographs from 2022 excavation.,"OCHRE link: <a href=""https://pi.lib.uchicago.edu/1001/org/ochre/ac064776-09e8-4420-8653-df74cd995fef"">https://pi.lib.uchicago.edu/1001/org/ochre/ac064776-09e8-4420-8653-df74cd995fef</a>"
A22_34859.jpg,https://pi.lib.uchicago.edu/1001/org/ochre/65e03424-562f-4c08-b6b6-ceca5f90dd90,2022 Photographs,Dataset contains photographs from 2022 excavation.,"OCHRE link: <a href=""https://pi.lib.uchicago.edu/1001/org/ochre/65e03424-562f-4c08-b6b6-ceca5f90dd90"">https://pi.lib.uchicago.edu/1001/org/ochre/65e03424-562f-4c08-b6b6-ceca5f90dd90</a>"
A22_34860.jpg,https://pi.lib.uchicago.edu/1001/org/ochre/90c57dbb-1349-43bb-8c1e-bd8303a28ebe,2022 Photographs,Dataset contains photographs from 2022 excavation.,"OCHRE link: <a href=""https://pi.lib.uchicago.edu/1001/org/ochre/90c57dbb-1349-43bb-8c1e-bd8303a28ebe"">https://pi.lib.uchicago.edu/1001/org/ochre/90c57dbb-1349-43bb-8c1e-bd8303a28ebe</a>"
A22_34861.jpg,https://pi.lib.uchicago.edu/1001/org/ochre/6fecbf0e-9b89-4920-ab35-8ea754f1acf1,2022 Photographs,Dataset contains photographs from 2022 excavation.,"OCHRE link: <a href=""https://pi.lib.uchicago.edu/1001/org/ochre/6fecbf0e-9b89-4920-ab35-8ea754f1acf1"">https://pi.lib.uchicago.edu/1001/org/ochre/6fecbf0e-9b89-4920-ab35-8ea754f1acf1</a>"
A22_34862.jpg,https://pi.lib.uchicago.edu/1001/org/ochre/dad46fd8-ec16-4698-990c-5f19f2d1a8d9,2022 Photographs,Dataset contains photographs from 2022 excavation.,"OCHRE link: <a href=""https://pi.lib.uchicago.edu/1001/org/ochre/dad46fd8-ec16-4698-990c-5f19f2d1a8d9"">https://pi.lib.uchicago.edu/1001/org/ochre/dad46fd8-ec16-4698-990c-5f19f2d1a8d9</a>"
A22_34863.jpg,https://pi.lib.uchicago.edu/1001/org/ochre/03783d2b-873a-47c8-8dab-bedb56f2c4a3,2022 Photographs,Dataset contains photographs from 2022 excavation.,"OCHRE link: <a href=""https://pi.lib.uchicago.edu/1001/org/ochre/03783d2b-873a-47c8-8dab-bedb56f2c4a3"">https://pi.lib.uchicago.edu/1001/org/ochre/03783d2b-873a-47c8-8dab-bedb56f2c4a3</a>"
A22_34864.jpg,https://pi.lib.uchicago.edu/1001/org/ochre/205be58f-a5df-4f70-ba5c-b5cfa9fac5fd,2022 Photographs,Dataset contains photographs from 2022 excavation.,"OCHRE link: <a href=""https://pi.lib.uchicago.edu/1001/org/ochre/205be58f-a5df-4f70-ba5c-b5cfa9fac5fd"">https://pi.lib.uchicago.edu/1001/org/ochre/205be58f-a5df-4f70-ba5c-b5cfa9fac5fd</a>"
A22_34865.jpg,https://pi.lib.uchicago.edu/1001/org/ochre/25787994-857e-4026-8245-c0e4f4dc4d4a,2022 Photographs,Dataset contains photographs from 2022 excavation.,"OCHRE link: <a href=""https://pi.lib.uchicago.edu/1001/org/ochre/25787994-857e-4026-8245-c0e4f4dc4d4a"">https://pi.lib.uchicago.edu/1001/org/ochre/25787994-857e-4026-8245-c0e4f4dc4d4a</a>"
A22_34866.jpg,https://pi.lib.uchicago.edu/1001/org/ochre/dc395165-3ea1-45d4-951a-3e2ac3acad6a,2022 Photographs,Dataset contains photographs from 2022 excavation.,"OCHRE link: <a href=""https://pi.lib.uchicago.edu/1001/org/ochre/dc395165-3ea1-45d4-951a-3e2ac3acad6a"">https://pi.lib.uchicago.edu/1001/org/ochre/dc395165-3ea1-45d4-951a-3e2ac3acad6a</a>"
A22_34867.jpg,https://pi.lib.uchicago.edu/1001/org/ochre/0b4045f8-0748-4d02-9f79-68b094baa1ac,2022 Photographs,Dataset contains photographs from 2022 excavation.,"OCHRE link: <a href=""https://pi.lib.uchicago.edu/1001/org/ochre/0b4045f8-0748-4d02-9f79-68b094baa1ac"">https://pi.lib.uchicago.edu/1001/org/ochre/0b4045f8-0748-4d02-9f79-68b094baa1ac</a>"
A22_34868.jpg,https://pi.lib.uchicago.edu/1001/org/ochre/51495535-b723-42fd-98cd-7cc0372b50ae,2022 Photographs,Dataset contains photographs from 2022 excavation.,"OCHRE link: <a href=""https://pi.lib.uchicago.edu/1001/org/ochre/51495535-b723-42fd-98cd-7cc0372b50ae"">https://pi.lib.uchicago.edu/1001/org/ochre/51495535-b723-42fd-98cd-7cc0372b50ae</a>"
A22_34869.jpg,https://pi.lib.uchicago.edu/1001/org/ochre/764b14b0-f7ec-4fc3-bbde-168b3ed5276c,2022 Photographs,Dataset contains photographs from 2022 excavation.,"OCHRE link: <a href=""https://pi.lib.uchicago.edu/1001/org/ochre/764b14b0-f7ec-4fc3-bbde-168b3ed5276c"">https://pi.lib.uchicago.edu/1001/org/ochre/764b14b0-f7ec-4fc3-bbde-168b3ed5276c</a>"
A22_34870.jpg,https://pi.lib.uchicago.edu/1001/org/ochre/d7fae288-bfda-4b34-9b51-10629cc3464c,2022 Photographs,Dataset contains photographs from 2022 excavation.,"OCHRE link: <a href=""https://pi.lib.uchicago.edu/1001/org/ochre/d7fae288-bfda-4b34-9b51-10629cc3464c"">https://pi.lib.uchicago.edu/1001/org/ochre/d7fae288-bfda-4b34-9b51-10629cc3464c</a>"
A22_34871.jpg,https://pi.lib.uchicago.edu/1001/org/ochre/edea9d6e-c713-467e-bb4d-a0a88ae77c5b,2022 Photographs,Dataset contains photographs from 2022 excavation.,"OCHRE link: <a href=""https://pi.lib.uchicago.edu/1001/org/ochre/edea9d6e-c713-467e-bb4d-a0a88ae77c5b"">https://pi.lib.uchicago.edu/1001/org/ochre/edea9d6e-c713-467e-bb4d-a0a88ae77c5b</a>"
A22_34872.jpg,https://pi.lib.uchicago.edu/1001/org/ochre/c136afa1-353c-478f-8c5d-44ae5ccf82dc,2022 Photographs,Dataset contains photographs from 2022 excavation.,"OCHRE link: <a href=""https://pi.lib.uchicago.edu/1001/org/ochre/c136afa1-353c-478f-8c5d-44ae5ccf82dc"">https://pi.lib.uchicago.edu/1001/org/ochre/c136afa1-353c-478f-8c5d-44ae5ccf82dc</a>"
A22_34873.jpg,https://pi.lib.uchicago.edu/1001/org/ochre/3bcba7f9-d5cd-48bb-8445-b22b21665546,2022 Photographs,Dataset contains photographs from 2022 excavation.,"OCHRE link: <a href=""https://pi.lib.uchicago.edu/1001/org/ochre/3bcba7f9-d5cd-48bb-8445-b22b21665546"">https://pi.lib.uchicago.edu/1001/org/ochre/3bcba7f9-d5cd-48bb-8445-b22b21665546</a>"
A22_34874.jpg,https://pi.lib.uchicago.edu/1001/org/ochre/b8b1c24c-5123-4810-aec0-e63302af0bdc,2022 Photographs,Dataset contains photographs from 2022 excavation.,"OCHRE link: <a href=""https://pi.lib.uchicago.edu/1001/org/ochre/b8b1c24c-5123-4810-aec0-e63302af0bdc"">https://pi.lib.uchicago.edu/1001/org/ochre/b8b1c24c-5123-4810-aec0-e63302af0bdc</a>"
A22_34875.jpg,https://pi.lib.uchicago.edu/1001/org/ochre/76956d7c-be38-4980-8314-1f643de7f681,2022 Photographs,Dataset contains photographs from 2022 excavation.,"OCHRE link: <a href=""https://pi.lib.uchicago.edu/1001/org/ochre/76956d7c-be38-4980-8314-1f643de7f681"">https://pi.lib.uchicago.edu/1001/org/ochre/76956d7c-be38-4980-8314-1f643de7f681</a>"
A22_34876.jpg,https://pi.lib.uchicago.edu/1001/org/ochre/5fece698-3c6d-48e8-b435-967da65a15a5,2022 Photographs,Dataset contains photographs from 2022 excavation.,"OCHRE link: <a href=""https://pi.lib.uchicago.edu/1001/org/ochre/5fece698-3c6d-48e8-b435-967da65a15a5"">https://pi.lib.uchicago.edu/1001/org/ochre/5fece698-3c6d-48e8-b435-967da65a15a5</a>"
A22_34877.jpg,https://pi.lib.uchicago.edu/1001/org/ochre/b174e770-ec64-42fd-b26f-dc7e2a26a5b6,2022 Photographs,Dataset contains photographs from 2022 excavation.,"OCHRE link: <a href=""https://pi.lib.uchicago.edu/1001/org/ochre/b174e770-ec64-42fd-b26f-dc7e2a26a5b6"">https://pi.lib.uchicago.edu/1001/org/ochre/b174e770-ec64-42fd-b26f-dc7e2a26a5b6</a>"
A22_34878.jpg,https://pi.lib.uchicago.edu/1001/org/ochre/5d3dd77a-0429-4a9d-9cb1-1268f1bfe958,2022 Photographs,Dataset contains photographs from 2022 excavation.,"OCHRE link: <a href=""https://pi.lib.uchicago.edu/1001/org/ochre/5d3dd77a-0429-4a9d-9cb1-1268f1bfe958"">https://pi.lib.uchicago.edu/1001/org/ochre/5d3dd77a-0429-4a9d-9cb1-1268f1bfe958</a>"
A22_34879.jpg,https://pi.lib.uchicago.edu/1001/org/ochre/6e1e1cbd-6fa6-432b-b4ef-688ef6d878a6,2022 Photographs,Dataset contains photographs from 2022 excavation.,"OCHRE link: <a href=""https://pi.lib.uchicago.edu/1001/org/ochre/6e1e1cbd-6fa6-432b-b4ef-688ef6d878a6"">https://pi.lib.uchicago.edu/1001/org/ochre/6e1e1cbd-6fa6-432b-b4ef-688ef6d878a6</a>"
A22_34880.jpg,https://pi.lib.uchicago.edu/1001/org/ochre/4d3a83c7-98ef-4116-a46f-8734541fa5c0,2022 Photographs,Dataset contains photographs from 2022 excavation.,"OCHRE link: <a href=""https://pi.lib.uchicago.edu/1001/org/ochre/4d3a83c7-98ef-4116-a46f-8734541fa5c0"">https://pi.lib.uchicago.edu/1001/org/ochre/4d3a83c7-98ef-4116-a46f-8734541fa5c0</a>"
A22_34881.jpg,https://pi.lib.uchicago.edu/1001/org/ochre/9bce4efd-b37b-4d76-8a3c-cc50e58274db,2022 Photographs,Dataset contains photographs from 2022 excavation.,"OCHRE link: <a href=""https://pi.lib.uchicago.edu/1001/org/ochre/9bce4efd-b37b-4d76-8a3c-cc50e58274db"">https://pi.lib.uchicago.edu/1001/org/ochre/9bce4efd-b37b-4d76-8a3c-cc50e58274db</a>"
A22_34882.jpg,https://pi.lib.uchicago.edu/1001/org/ochre/3dc42474-a4d1-4b46-87ef-3fc08ed2bcda,2022 Photographs,Dataset contains photographs from 2022 excavation.,"OCHRE link: <a href=""https://pi.lib.uchicago.edu/1001/org/ochre/3dc42474-a4d1-4b46-87ef-3fc08ed2bcda"">https://pi.lib.uchicago.edu/1001/org/ochre/3dc42474-a4d1-4b46-87ef-3fc08ed2bcda</a>"
A22_34883.jpg,https://pi.lib.uchicago.edu/1001/org/ochre/5ce853f0-852d-409a-8f27-10f459dfc569,2022 Photographs,Dataset contains photographs from 2022 excavation.,"OCHRE link: <a href=""https://pi.lib.uchicago.edu/1001/org/ochre/5ce853f0-852d-409a-8f27-10f459dfc569"">https://pi.lib.uchicago.edu/1001/org/ochre/5ce853f0-852d-409a-8f27-10f459dfc569</a>"
A22_34884.jpg,https://pi.lib.uchicago.edu/1001/org/ochre/51ed8596-d088-40ff-b080-911fceb812f5,2022 Photographs,Dataset contains photographs from 2022 excavation.,"OCHRE link: <a href=""https://pi.lib.uchicago.edu/1001/org/ochre/51ed8596-d088-40ff-b080-911fceb812f5"">https://pi.lib.uchicago.edu/1001/org/ochre/51ed8596-d088-40ff-b080-911fceb812f5</a>"
A22_34885.jpg,https://pi.lib.uchicago.edu/1001/org/ochre/b3dedce7-fd3f-40f9-846f-13352e871cc1,2022 Photographs,Dataset contains photographs from 2022 excavation.,"OCHRE link: <a href=""https://pi.lib.uchicago.edu/1001/org/ochre/b3dedce7-fd3f-40f9-846f-13352e871cc1"">https://pi.lib.uchicago.edu/1001/org/ochre/b3dedce7-fd3f-40f9-846f-13352e871cc1</a>"
A22_34886.jpg,https://pi.lib.uchicago.edu/1001/org/ochre/91048fd3-9ef6-4912-80cd-19a88e9ea1f4,2022 Photographs,Dataset contains photographs from 2022 excavation.,"OCHRE link: <a href=""https://pi.lib.uchicago.edu/1001/org/ochre/91048fd3-9ef6-4912-80cd-19a88e9ea1f4"">https://pi.lib.uchicago.edu/1001/org/ochre/91048fd3-9ef6-4912-80cd-19a88e9ea1f4</a>"
A22_34887.jpg,https://pi.lib.uchicago.edu/1001/org/ochre/ec1a65cf-a89b-469e-acac-1b9df5442cc3,2022 Photographs,Dataset contains photographs from 2022 excavation.,"OCHRE link: <a href=""https://pi.lib.uchicago.edu/1001/org/ochre/ec1a65cf-a89b-469e-acac-1b9df5442cc3"">https://pi.lib.uchicago.edu/1001/org/ochre/ec1a65cf-a89b-469e-acac-1b9df5442cc3</a>"
A22_34888.jpg,https://pi.lib.uchicago.edu/1001/org/ochre/be3c9104-f91d-47f7-b8a4-4a75e925f910,2022 Photographs,Dataset contains photographs from 2022 excavation.,"OCHRE link: <a href=""https://pi.lib.uchicago.edu/1001/org/ochre/be3c9104-f91d-47f7-b8a4-4a75e925f910"">https://pi.lib.uchicago.edu/1001/org/ochre/be3c9104-f91d-47f7-b8a4-4a75e925f910</a>"
A22_34889.jpg,https://pi.lib.uchicago.edu/1001/org/ochre/9f2a2a16-8bf1-4ba5-9b1d-18f8b8c002a2,2022 Photographs,Dataset contains photographs from 2022 excavation.,"OCHRE link: <a href=""https://pi.lib.uchicago.edu/1001/org/ochre/9f2a2a16-8bf1-4ba5-9b1d-18f8b8c002a2"">https://pi.lib.uchicago.edu/1001/org/ochre/9f2a2a16-8bf1-4ba5-9b1d-18f8b8c002a2</a>"
A22_34890.jpg,https://pi.lib.uchicago.edu/1001/org/ochre/d1120b06-6c6a-497e-a9c8-1c92f4cf551e,2022 Photographs,Dataset contains photographs from 2022 excavation.,"OCHRE link: <a href=""https://pi.lib.uchicago.edu/1001/org/ochre/d1120b06-6c6a-497e-a9c8-1c92f4cf551e"">https://pi.lib.uchicago.edu/1001/org/ochre/d1120b06-6c6a-497e-a9c8-1c92f4cf551e</a>"
A22_34891.jpg,https://pi.lib.uchicago.edu/1001/org/ochre/1020ed3c-f491-40d3-9f69-7d429a52ec57,2022 Photographs,Dataset contains photographs from 2022 excavation.,"OCHRE link: <a href=""https://pi.lib.uchicago.edu/1001/org/ochre/1020ed3c-f491-40d3-9f69-7d429a52ec57"">https://pi.lib.uchicago.edu/1001/org/ochre/1020ed3c-f491-40d3-9f69-7d429a52ec57</a>"
A22_34892.jpg,https://pi.lib.uchicago.edu/1001/org/ochre/940aa95a-671f-4026-96f2-0ea0b86eb2ae,2022 Photographs,Dataset contains photographs from 2022 excavation.,"OCHRE link: <a href=""https://pi.lib.uchicago.edu/1001/org/ochre/940aa95a-671f-4026-96f2-0ea0b86eb2ae"">https://pi.lib.uchicago.edu/1001/org/ochre/940aa95a-671f-4026-96f2-0ea0b86eb2ae</a>"
A22_34893.jpg,https://pi.lib.uchicago.edu/1001/org/ochre/a0ec5299-75ee-4461-935c-92d640b75d45,2022 Photographs,Dataset contains photographs from 2022 excavation.,"OCHRE link: <a href=""https://pi.lib.uchicago.edu/1001/org/ochre/a0ec5299-75ee-4461-935c-92d640b75d45"">https://pi.lib.uchicago.edu/1001/org/ochre/a0ec5299-75ee-4461-935c-92d640b75d45</a>"
A22_34894.jpg,https://pi.lib.uchicago.edu/1001/org/ochre/6954fb9c-1278-42f7-83a3-fd50e6d1a04d,2022 Photographs,Dataset contains photographs from 2022 excavation.,"OCHRE link: <a href=""https://pi.lib.uchicago.edu/1001/org/ochre/6954fb9c-1278-42f7-83a3-fd50e6d1a04d"">https://pi.lib.uchicago.edu/1001/org/ochre/6954fb9c-1278-42f7-83a3-fd50e6d1a04d</a>"
A22_34895.jpg,https://pi.lib.uchicago.edu/1001/org/ochre/fd174d2e-9ce5-4e24-a81b-3b9ad7b128a9,2022 Photographs,Dataset contains photographs from 2022 excavation.,"OCHRE link: <a href=""https://pi.lib.uchicago.edu/1001/org/ochre/fd174d2e-9ce5-4e24-a81b-3b9ad7b128a9"">https://pi.lib.uchicago.edu/1001/org/ochre/fd174d2e-9ce5-4e24-a81b-3b9ad7b128a9</a>"
A22_34896.jpg,https://pi.lib.uchicago.edu/1001/org/ochre/05fd0f64-d8d8-44b9-9767-9b937990b356,2022 Photographs,Dataset contains photographs from 2022 excavation.,"OCHRE link: <a href=""https://pi.lib.uchicago.edu/1001/org/ochre/05fd0f64-d8d8-44b9-9767-9b937990b356"">https://pi.lib.uchicago.edu/1001/org/ochre/05fd0f64-d8d8-44b9-9767-9b937990b356</a>"
A22_34897.jpg,https://pi.lib.uchicago.edu/1001/org/ochre/a930b6df-d60a-4512-a001-546e01a79f87,2022 Photographs,Dataset contains photographs from 2022 excavation.,"OCHRE link: <a href=""https://pi.lib.uchicago.edu/1001/org/ochre/a930b6df-d60a-4512-a001-546e01a79f87"">https://pi.lib.uchicago.edu/1001/org/ochre/a930b6df-d60a-4512-a001-546e01a79f87</a>"
A22_34898.jpg,https://pi.lib.uchicago.edu/1001/org/ochre/ae2402a7-2a98-4370-8988-4611e7ac32c5,2022 Photographs,Dataset contains photographs from 2022 excavation.,"OCHRE link: <a href=""https://pi.lib.uchicago.edu/1001/org/ochre/ae2402a7-2a98-4370-8988-4611e7ac32c5"">https://pi.lib.uchicago.edu/1001/org/ochre/ae2402a7-2a98-4370-8988-4611e7ac32c5</a>"
A22_34899.jpg,https://pi.lib.uchicago.edu/1001/org/ochre/47ea1371-8961-43e6-8bfe-8bacd282ba2c,2022 Photographs,Dataset contains photographs from 2022 excavation.,"OCHRE link: <a href=""https://pi.lib.uchicago.edu/1001/org/ochre/47ea1371-8961-43e6-8bfe-8bacd282ba2c"">https://pi.lib.uchicago.edu/1001/org/ochre/47ea1371-8961-43e6-8bfe-8bacd282ba2c</a>"
A22_34900.jpg,https://pi.lib.uchicago.edu/1001/org/ochre/c33f803c-9548-4e36-bdfc-4f0c84277082,2022 Photographs,Dataset contains photographs from 2022 excavation.,"OCHRE link: <a href=""https://pi.lib.uchicago.edu/1001/org/ochre/c33f803c-9548-4e36-bdfc-4f0c84277082"">https://pi.lib.uchicago.edu/1001/org/ochre/c33f803c-9548-4e36-bdfc-4f0c84277082</a>"
A22_34901.jpg,https://pi.lib.uchicago.edu/1001/org/ochre/3d9bf6f5-2a6b-43b9-b512-34f93d2600e0,2022 Photographs,Dataset contains photographs from 2022 excavation.,"OCHRE link: <a href=""https://pi.lib.uchicago.edu/1001/org/ochre/3d9bf6f5-2a6b-43b9-b512-34f93d2600e0"">https://pi.lib.uchicago.edu/1001/org/ochre/3d9bf6f5-2a6b-43b9-b512-34f93d2600e0</a>"
A22_34902.jpg,https://pi.lib.uchicago.edu/1001/org/ochre/6e39d8d7-1f3a-4dc9-bb69-e1d78112fb53,2022 Photographs,Dataset contains photographs from 2022 excavation.,"OCHRE link: <a href=""https://pi.lib.uchicago.edu/1001/org/ochre/6e39d8d7-1f3a-4dc9-bb69-e1d78112fb53"">https://pi.lib.uchicago.edu/1001/org/ochre/6e39d8d7-1f3a-4dc9-bb69-e1d78112fb53</a>"
A22_34903.jpg,https://pi.lib.uchicago.edu/1001/org/ochre/667190da-4edd-4283-b1bf-7c6572fa7e96,2022 Photographs,Dataset contains photographs from 2022 excavation.,"OCHRE link: <a href=""https://pi.lib.uchicago.edu/1001/org/ochre/667190da-4edd-4283-b1bf-7c6572fa7e96"">https://pi.lib.uchicago.edu/1001/org/ochre/667190da-4edd-4283-b1bf-7c6572fa7e96</a>"
A22_34904.jpg,https://pi.lib.uchicago.edu/1001/org/ochre/581c42f7-2c48-4acd-be08-7e7b3a8f5b4d,2022 Photographs,Dataset contains photographs from 2022 excavation.,"OCHRE link: <a href=""https://pi.lib.uchicago.edu/1001/org/ochre/581c42f7-2c48-4acd-be08-7e7b3a8f5b4d"">https://pi.lib.uchicago.edu/1001/org/ochre/581c42f7-2c48-4acd-be08-7e7b3a8f5b4d</a>"
A22_34905.jpg,https://pi.lib.uchicago.edu/1001/org/ochre/d38a2d39-45e1-4fa8-998f-b2410a297510,2022 Photographs,Dataset contains photographs from 2022 excavation.,"OCHRE link: <a href=""https://pi.lib.uchicago.edu/1001/org/ochre/d38a2d39-45e1-4fa8-998f-b2410a297510"">https://pi.lib.uchicago.edu/1001/org/ochre/d38a2d39-45e1-4fa8-998f-b2410a297510</a>"
A22_34906.jpg,https://pi.lib.uchicago.edu/1001/org/ochre/d66033d6-9b2b-4579-8ca5-e19f5561cca1,2022 Photographs,Dataset contains photographs from 2022 excavation.,"OCHRE link: <a href=""https://pi.lib.uchicago.edu/1001/org/ochre/d66033d6-9b2b-4579-8ca5-e19f5561cca1"">https://pi.lib.uchicago.edu/1001/org/ochre/d66033d6-9b2b-4579-8ca5-e19f5561cca1</a>"
A22_34907.jpg,https://pi.lib.uchicago.edu/1001/org/ochre/8c5e69a1-b974-48aa-b891-bd1f5c4e56bc,2022 Photographs,Dataset contains photographs from 2022 excavation.,"OCHRE link: <a href=""https://pi.lib.uchicago.edu/1001/org/ochre/8c5e69a1-b974-48aa-b891-bd1f5c4e56bc"">https://pi.lib.uchicago.edu/1001/org/ochre/8c5e69a1-b974-48aa-b891-bd1f5c4e56bc</a>"
A22_34908.jpg,https://pi.lib.uchicago.edu/1001/org/ochre/f0540277-da81-4232-ac57-a328f8159838,2022 Photographs,Dataset contains photographs from 2022 excavation.,"OCHRE link: <a href=""https://pi.lib.uchicago.edu/1001/org/ochre/f0540277-da81-4232-ac57-a328f8159838"">https://pi.lib.uchicago.edu/1001/org/ochre/f0540277-da81-4232-ac57-a328f8159838</a>"
A22_34909.jpg,https://pi.lib.uchicago.edu/1001/org/ochre/c21b955d-c315-4e51-91bf-0cd3c2f99f30,2022 Photographs,Dataset contains photographs from 2022 excavation.,"OCHRE link: <a href=""https://pi.lib.uchicago.edu/1001/org/ochre/c21b955d-c315-4e51-91bf-0cd3c2f99f30"">https://pi.lib.uchicago.edu/1001/org/ochre/c21b955d-c315-4e51-91bf-0cd3c2f99f30</a>"
A22_34910.jpg,https://pi.lib.uchicago.edu/1001/org/ochre/771e5153-a401-4458-8ed8-9c0f03b56d9a,2022 Photographs,Dataset contains photographs from 2022 excavation.,"OCHRE link: <a href=""https://pi.lib.uchicago.edu/1001/org/ochre/771e5153-a401-4458-8ed8-9c0f03b56d9a"">https://pi.lib.uchicago.edu/1001/org/ochre/771e5153-a401-4458-8ed8-9c0f03b56d9a</a>"
A22_34911.jpg,https://pi.lib.uchicago.edu/1001/org/ochre/bb23cc72-9535-4545-a325-f6517750c593,2022 Photographs,Dataset contains photographs from 2022 excavation.,"OCHRE link: <a href=""https://pi.lib.uchicago.edu/1001/org/ochre/bb23cc72-9535-4545-a325-f6517750c593"">https://pi.lib.uchicago.edu/1001/org/ochre/bb23cc72-9535-4545-a325-f6517750c593</a>"
A22_34912.jpg,https://pi.lib.uchicago.edu/1001/org/ochre/2066116f-95f3-4e25-bf77-6704bad0f7a5,2022 Photographs,Dataset contains photographs from 2022 excavation.,"OCHRE link: <a href=""https://pi.lib.uchicago.edu/1001/org/ochre/2066116f-95f3-4e25-bf77-6704bad0f7a5"">https://pi.lib.uchicago.edu/1001/org/ochre/2066116f-95f3-4e25-bf77-6704bad0f7a5</a>"
A22_34913.jpg,https://pi.lib.uchicago.edu/1001/org/ochre/86ad2bc0-39ac-4975-b728-ee4cbba75864,2022 Photographs,Dataset contains photographs from 2022 excavation.,"OCHRE link: <a href=""https://pi.lib.uchicago.edu/1001/org/ochre/86ad2bc0-39ac-4975-b728-ee4cbba75864"">https://pi.lib.uchicago.edu/1001/org/ochre/86ad2bc0-39ac-4975-b728-ee4cbba75864</a>"
A22_34914.jpg,https://pi.lib.uchicago.edu/1001/org/ochre/41e8daff-d382-4199-93cc-44261864dfb2,2022 Photographs,Dataset contains photographs from 2022 excavation.,"OCHRE link: <a href=""https://pi.lib.uchicago.edu/1001/org/ochre/41e8daff-d382-4199-93cc-44261864dfb2"">https://pi.lib.uchicago.edu/1001/org/ochre/41e8daff-d382-4199-93cc-44261864dfb2</a>"
A22_34915.jpg,https://pi.lib.uchicago.edu/1001/org/ochre/45fd2a76-6dc3-43fc-bd55-a0441e1db870,2022 Photographs,Dataset contains photographs from 2022 excavation.,"OCHRE link: <a href=""https://pi.lib.uchicago.edu/1001/org/ochre/45fd2a76-6dc3-43fc-bd55-a0441e1db870"">https://pi.lib.uchicago.edu/1001/org/ochre/45fd2a76-6dc3-43fc-bd55-a0441e1db870</a>"
A22_34916.jpg,https://pi.lib.uchicago.edu/1001/org/ochre/201ff5a3-cc38-4333-84a1-b7fa9448b3ed,2022 Photographs,Dataset contains photographs from 2022 excavation.,"OCHRE link: <a href=""https://pi.lib.uchicago.edu/1001/org/ochre/201ff5a3-cc38-4333-84a1-b7fa9448b3ed"">https://pi.lib.uchicago.edu/1001/org/ochre/201ff5a3-cc38-4333-84a1-b7fa9448b3ed</a>"
A22_34917.jpg,https://pi.lib.uchicago.edu/1001/org/ochre/a10e4987-6b07-46e6-bf72-c6957c7cea44,2022 Photographs,Dataset contains photographs from 2022 excavation.,"OCHRE link: <a href=""https://pi.lib.uchicago.edu/1001/org/ochre/a10e4987-6b07-46e6-bf72-c6957c7cea44"">https://pi.lib.uchicago.edu/1001/org/ochre/a10e4987-6b07-46e6-bf72-c6957c7cea44</a>"
A22_34918.jpg,https://pi.lib.uchicago.edu/1001/org/ochre/064fe467-5e0b-41ad-b30d-e3ca47c9ab62,2022 Photographs,Dataset contains photographs from 2022 excavation.,"OCHRE link: <a href=""https://pi.lib.uchicago.edu/1001/org/ochre/064fe467-5e0b-41ad-b30d-e3ca47c9ab62"">https://pi.lib.uchicago.edu/1001/org/ochre/064fe467-5e0b-41ad-b30d-e3ca47c9ab62</a>"
A22_34919.jpg,https://pi.lib.uchicago.edu/1001/org/ochre/cd24c39b-f5d7-4338-b7ef-739916324517,2022 Photographs,Dataset contains photographs from 2022 excavation.,"OCHRE link: <a href=""https://pi.lib.uchicago.edu/1001/org/ochre/cd24c39b-f5d7-4338-b7ef-739916324517"">https://pi.lib.uchicago.edu/1001/org/ochre/cd24c39b-f5d7-4338-b7ef-739916324517</a>"
A22_34920.jpg,https://pi.lib.uchicago.edu/1001/org/ochre/74e5008d-c496-495b-a8ad-e54511a7c767,2022 Photographs,Dataset contains photographs from 2022 excavation.,"OCHRE link: <a href=""https://pi.lib.uchicago.edu/1001/org/ochre/74e5008d-c496-495b-a8ad-e54511a7c767"">https://pi.lib.uchicago.edu/1001/org/ochre/74e5008d-c496-495b-a8ad-e54511a7c767</a>"
A22_34921.jpg,https://pi.lib.uchicago.edu/1001/org/ochre/06aba602-27b1-40a7-9afa-ae3d9fe57c1a,2022 Photographs,Dataset contains photographs from 2022 excavation.,"OCHRE link: <a href=""https://pi.lib.uchicago.edu/1001/org/ochre/06aba602-27b1-40a7-9afa-ae3d9fe57c1a"">https://pi.lib.uchicago.edu/1001/org/ochre/06aba602-27b1-40a7-9afa-ae3d9fe57c1a</a>"
A22_34922.jpg,https://pi.lib.uchicago.edu/1001/org/ochre/682d7db9-23e8-48ce-b4e4-45a4bc712b35,2022 Photographs,Dataset contains photographs from 2022 excavation.,"OCHRE link: <a href=""https://pi.lib.uchicago.edu/1001/org/ochre/682d7db9-23e8-48ce-b4e4-45a4bc712b35"">https://pi.lib.uchicago.edu/1001/org/ochre/682d7db9-23e8-48ce-b4e4-45a4bc712b35</a>"
A22_34923.jpg,https://pi.lib.uchicago.edu/1001/org/ochre/3fd9cfeb-76ac-40f4-aa45-0bf2b70bb7ae,2022 Photographs,Dataset contains photographs from 2022 excavation.,"OCHRE link: <a href=""https://pi.lib.uchicago.edu/1001/org/ochre/3fd9cfeb-76ac-40f4-aa45-0bf2b70bb7ae"">https://pi.lib.uchicago.edu/1001/org/ochre/3fd9cfeb-76ac-40f4-aa45-0bf2b70bb7ae</a>"
A22_34924.jpg,https://pi.lib.uchicago.edu/1001/org/ochre/cb9a2d9a-a783-4a6b-810e-bc9873d5f999,2022 Photographs,Dataset contains photographs from 2022 excavation.,"OCHRE link: <a href=""https://pi.lib.uchicago.edu/1001/org/ochre/cb9a2d9a-a783-4a6b-810e-bc9873d5f999"">https://pi.lib.uchicago.edu/1001/org/ochre/cb9a2d9a-a783-4a6b-810e-bc9873d5f999</a>"
A22_34925.jpg,https://pi.lib.uchicago.edu/1001/org/ochre/690e841b-c2e7-4aec-94ee-5e7faf7a20e7,2022 Photographs,Dataset contains photographs from 2022 excavation.,"OCHRE link: <a href=""https://pi.lib.uchicago.edu/1001/org/ochre/690e841b-c2e7-4aec-94ee-5e7faf7a20e7"">https://pi.lib.uchicago.edu/1001/org/ochre/690e841b-c2e7-4aec-94ee-5e7faf7a20e7</a>"
A22_34926.jpg,https://pi.lib.uchicago.edu/1001/org/ochre/8f971e78-8ba3-484c-a505-43ca08a91fbd,2022 Photographs,Dataset contains photographs from 2022 excavation.,"OCHRE link: <a href=""https://pi.lib.uchicago.edu/1001/org/ochre/8f971e78-8ba3-484c-a505-43ca08a91fbd"">https://pi.lib.uchicago.edu/1001/org/ochre/8f971e78-8ba3-484c-a505-43ca08a91fbd</a>"
A22_34927.jpg,https://pi.lib.uchicago.edu/1001/org/ochre/b2ac5e56-e293-4857-be38-a2714ca39f2f,2022 Photographs,Dataset contains photographs from 2022 excavation.,"OCHRE link: <a href=""https://pi.lib.uchicago.edu/1001/org/ochre/b2ac5e56-e293-4857-be38-a2714ca39f2f"">https://pi.lib.uchicago.edu/1001/org/ochre/b2ac5e56-e293-4857-be38-a2714ca39f2f</a>"
A22_34928.jpg,https://pi.lib.uchicago.edu/1001/org/ochre/924f2b56-a43a-459f-bcc9-547e16dea2ba,2022 Photographs,Dataset contains photographs from 2022 excavation.,"OCHRE link: <a href=""https://pi.lib.uchicago.edu/1001/org/ochre/924f2b56-a43a-459f-bcc9-547e16dea2ba"">https://pi.lib.uchicago.edu/1001/org/ochre/924f2b56-a43a-459f-bcc9-547e16dea2ba</a>"
A22_34929.jpg,https://pi.lib.uchicago.edu/1001/org/ochre/f779b93b-8e0f-4f50-8fa6-a087ce98b0da,2022 Photographs,Dataset contains photographs from 2022 excavation.,"OCHRE link: <a href=""https://pi.lib.uchicago.edu/1001/org/ochre/f779b93b-8e0f-4f50-8fa6-a087ce98b0da"">https://pi.lib.uchicago.edu/1001/org/ochre/f779b93b-8e0f-4f50-8fa6-a087ce98b0da</a>"
A22_34930.jpg,https://pi.lib.uchicago.edu/1001/org/ochre/bbc57f5e-a6db-42bc-b855-aaba8fedae87,2022 Photographs,Dataset contains photographs from 2022 excavation.,"OCHRE link: <a href=""https://pi.lib.uchicago.edu/1001/org/ochre/bbc57f5e-a6db-42bc-b855-aaba8fedae87"">https://pi.lib.uchicago.edu/1001/org/ochre/bbc57f5e-a6db-42bc-b855-aaba8fedae87</a>"
A22_34931.jpg,https://pi.lib.uchicago.edu/1001/org/ochre/89d3df56-744e-4952-95ef-d14cb029452f,2022 Photographs,Dataset contains photographs from 2022 excavation.,"OCHRE link: <a href=""https://pi.lib.uchicago.edu/1001/org/ochre/89d3df56-744e-4952-95ef-d14cb029452f"">https://pi.lib.uchicago.edu/1001/org/ochre/89d3df56-744e-4952-95ef-d14cb029452f</a>"
A22_34932.jpg,https://pi.lib.uchicago.edu/1001/org/ochre/beb1cf21-ae62-4095-bb7c-85d4d1be2732,2022 Photographs,Dataset contains photographs from 2022 excavation.,"OCHRE link: <a href=""https://pi.lib.uchicago.edu/1001/org/ochre/beb1cf21-ae62-4095-bb7c-85d4d1be2732"">https://pi.lib.uchicago.edu/1001/org/ochre/beb1cf21-ae62-4095-bb7c-85d4d1be2732</a>"
A22_34933.jpg,https://pi.lib.uchicago.edu/1001/org/ochre/0f47bb87-b9cb-4392-acbc-9dbb584b15f6,2022 Photographs,Dataset contains photographs from 2022 excavation.,"OCHRE link: <a href=""https://pi.lib.uchicago.edu/1001/org/ochre/0f47bb87-b9cb-4392-acbc-9dbb584b15f6"">https://pi.lib.uchicago.edu/1001/org/ochre/0f47bb87-b9cb-4392-acbc-9dbb584b15f6</a>"
A22_34934.jpg,https://pi.lib.uchicago.edu/1001/org/ochre/504e4006-18df-48dd-877d-c5ce63e7e351,2022 Photographs,Dataset contains photographs from 2022 excavation.,"OCHRE link: <a href=""https://pi.lib.uchicago.edu/1001/org/ochre/504e4006-18df-48dd-877d-c5ce63e7e351"">https://pi.lib.uchicago.edu/1001/org/ochre/504e4006-18df-48dd-877d-c5ce63e7e351</a>"
A22_34935.jpg,https://pi.lib.uchicago.edu/1001/org/ochre/880b8e30-9cc2-4b26-9a65-44f7b5b8fc22,2022 Photographs,Dataset contains photographs from 2022 excavation.,"OCHRE link: <a href=""https://pi.lib.uchicago.edu/1001/org/ochre/880b8e30-9cc2-4b26-9a65-44f7b5b8fc22"">https://pi.lib.uchicago.edu/1001/org/ochre/880b8e30-9cc2-4b26-9a65-44f7b5b8fc22</a>"
A22_34936.jpg,https://pi.lib.uchicago.edu/1001/org/ochre/d6371e76-8cc2-4d86-bc22-5bb439e1144c,2022 Photographs,Dataset contains photographs from 2022 excavation.,"OCHRE link: <a href=""https://pi.lib.uchicago.edu/1001/org/ochre/d6371e76-8cc2-4d86-bc22-5bb439e1144c"">https://pi.lib.uchicago.edu/1001/org/ochre/d6371e76-8cc2-4d86-bc22-5bb439e1144c</a>"
A22_34937.jpg,https://pi.lib.uchicago.edu/1001/org/ochre/4f0c34cc-2111-4d05-b44c-1493db9ed7f8,2022 Photographs,Dataset contains photographs from 2022 excavation.,"OCHRE link: <a href=""https://pi.lib.uchicago.edu/1001/org/ochre/4f0c34cc-2111-4d05-b44c-1493db9ed7f8"">https://pi.lib.uchicago.edu/1001/org/ochre/4f0c34cc-2111-4d05-b44c-1493db9ed7f8</a>"
A22_34938.jpg,https://pi.lib.uchicago.edu/1001/org/ochre/6ffff2e5-635b-4778-b24e-5286b6944b50,2022 Photographs,Dataset contains photographs from 2022 excavation.,"OCHRE link: <a href=""https://pi.lib.uchicago.edu/1001/org/ochre/6ffff2e5-635b-4778-b24e-5286b6944b50"">https://pi.lib.uchicago.edu/1001/org/ochre/6ffff2e5-635b-4778-b24e-5286b6944b50</a>"
A22_34939.jpg,https://pi.lib.uchicago.edu/1001/org/ochre/ed98f963-6712-4605-b11c-8f7944ca4132,2022 Photographs,Dataset contains photographs from 2022 excavation.,"OCHRE link: <a href=""https://pi.lib.uchicago.edu/1001/org/ochre/ed98f963-6712-4605-b11c-8f7944ca4132"">https://pi.lib.uchicago.edu/1001/org/ochre/ed98f963-6712-4605-b11c-8f7944ca4132</a>"
A22_34940.jpg,https://pi.lib.uchicago.edu/1001/org/ochre/6aabf2b9-d6cb-4fae-a81d-36ae80ede5c3,2022 Photographs,Dataset contains photographs from 2022 excavation.,"OCHRE link: <a href=""https://pi.lib.uchicago.edu/1001/org/ochre/6aabf2b9-d6cb-4fae-a81d-36ae80ede5c3"">https://pi.lib.uchicago.edu/1001/org/ochre/6aabf2b9-d6cb-4fae-a81d-36ae80ede5c3</a>"
A22_34941.jpg,https://pi.lib.uchicago.edu/1001/org/ochre/1463e6f1-b8e9-4743-b957-e4ac56fe9c63,2022 Photographs,Dataset contains photographs from 2022 excavation.,"OCHRE link: <a href=""https://pi.lib.uchicago.edu/1001/org/ochre/1463e6f1-b8e9-4743-b957-e4ac56fe9c63"">https://pi.lib.uchicago.edu/1001/org/ochre/1463e6f1-b8e9-4743-b957-e4ac56fe9c63</a>"
A22_34942.jpg,https://pi.lib.uchicago.edu/1001/org/ochre/93a18fda-a82e-452d-9998-afa9edf2c369,2022 Photographs,Dataset contains photographs from 2022 excavation.,"OCHRE link: <a href=""https://pi.lib.uchicago.edu/1001/org/ochre/93a18fda-a82e-452d-9998-afa9edf2c369"">https://pi.lib.uchicago.edu/1001/org/ochre/93a18fda-a82e-452d-9998-afa9edf2c369</a>"
A22_34943.jpg,https://pi.lib.uchicago.edu/1001/org/ochre/719ca77d-54d1-400f-b135-bf6e18161d72,2022 Photographs,Dataset contains photographs from 2022 excavation.,"OCHRE link: <a href=""https://pi.lib.uchicago.edu/1001/org/ochre/719ca77d-54d1-400f-b135-bf6e18161d72"">https://pi.lib.uchicago.edu/1001/org/ochre/719ca77d-54d1-400f-b135-bf6e18161d72</a>"
A22_34944.jpg,https://pi.lib.uchicago.edu/1001/org/ochre/e21a92e8-53f6-4e72-bd0d-8f8eec4bb674,2022 Photographs,Dataset contains photographs from 2022 excavation.,"OCHRE link: <a href=""https://pi.lib.uchicago.edu/1001/org/ochre/e21a92e8-53f6-4e72-bd0d-8f8eec4bb674"">https://pi.lib.uchicago.edu/1001/org/ochre/e21a92e8-53f6-4e72-bd0d-8f8eec4bb674</a>"
A22_34945.jpg,https://pi.lib.uchicago.edu/1001/org/ochre/446ae872-94bc-41e4-86d6-c431363deb0e,2022 Photographs,Dataset contains photographs from 2022 excavation.,"OCHRE link: <a href=""https://pi.lib.uchicago.edu/1001/org/ochre/446ae872-94bc-41e4-86d6-c431363deb0e"">https://pi.lib.uchicago.edu/1001/org/ochre/446ae872-94bc-41e4-86d6-c431363deb0e</a>"
A22_34946.jpg,https://pi.lib.uchicago.edu/1001/org/ochre/1bc6c1e4-548a-4685-84cd-5174196a95f7,2022 Photographs,Dataset contains photographs from 2022 excavation.,"OCHRE link: <a href=""https://pi.lib.uchicago.edu/1001/org/ochre/1bc6c1e4-548a-4685-84cd-5174196a95f7"">https://pi.lib.uchicago.edu/1001/org/ochre/1bc6c1e4-548a-4685-84cd-5174196a95f7</a>"
A22_34947.jpg,https://pi.lib.uchicago.edu/1001/org/ochre/c3d3c3e6-8260-4549-9b9e-beb0c1d0e970,2022 Photographs,Dataset contains photographs from 2022 excavation.,"OCHRE link: <a href=""https://pi.lib.uchicago.edu/1001/org/ochre/c3d3c3e6-8260-4549-9b9e-beb0c1d0e970"">https://pi.lib.uchicago.edu/1001/org/ochre/c3d3c3e6-8260-4549-9b9e-beb0c1d0e970</a>"
A22_34948.jpg,https://pi.lib.uchicago.edu/1001/org/ochre/b53b3a13-51c0-4240-b621-e640b3f97914,2022 Photographs,Dataset contains photographs from 2022 excavation.,"OCHRE link: <a href=""https://pi.lib.uchicago.edu/1001/org/ochre/b53b3a13-51c0-4240-b621-e640b3f97914"">https://pi.lib.uchicago.edu/1001/org/ochre/b53b3a13-51c0-4240-b621-e640b3f97914</a>"
A22_34949.jpg,https://pi.lib.uchicago.edu/1001/org/ochre/bb83587e-3a85-4e4c-85ee-36525a7afd7a,2022 Photographs,Dataset contains photographs from 2022 excavation.,"OCHRE link: <a href=""https://pi.lib.uchicago.edu/1001/org/ochre/bb83587e-3a85-4e4c-85ee-36525a7afd7a"">https://pi.lib.uchicago.edu/1001/org/ochre/bb83587e-3a85-4e4c-85ee-36525a7afd7a</a>"
A22_34950.jpg,https://pi.lib.uchicago.edu/1001/org/ochre/3bad2663-4e4e-4c7d-ad11-e30079dcb560,2022 Photographs,Dataset contains photographs from 2022 excavation.,"OCHRE link: <a href=""https://pi.lib.uchicago.edu/1001/org/ochre/3bad2663-4e4e-4c7d-ad11-e30079dcb560"">https://pi.lib.uchicago.edu/1001/org/ochre/3bad2663-4e4e-4c7d-ad11-e30079dcb560</a>"
A22_34951.jpg,https://pi.lib.uchicago.edu/1001/org/ochre/f307947f-c613-4839-ac45-c3224cf76c18,2022 Photographs,Dataset contains photographs from 2022 excavation.,"OCHRE link: <a href=""https://pi.lib.uchicago.edu/1001/org/ochre/f307947f-c613-4839-ac45-c3224cf76c18"">https://pi.lib.uchicago.edu/1001/org/ochre/f307947f-c613-4839-ac45-c3224cf76c18</a>"
A22_34952.jpg,https://pi.lib.uchicago.edu/1001/org/ochre/bebc59f3-bb95-4c58-af1f-54a272f4984c,2022 Photographs,Dataset contains photographs from 2022 excavation.,"OCHRE link: <a href=""https://pi.lib.uchicago.edu/1001/org/ochre/bebc59f3-bb95-4c58-af1f-54a272f4984c"">https://pi.lib.uchicago.edu/1001/org/ochre/bebc59f3-bb95-4c58-af1f-54a272f4984c</a>"
A22_34953.jpg,https://pi.lib.uchicago.edu/1001/org/ochre/ad36bb96-5629-4b08-9153-43c3f9fe71b1,2022 Photographs,Dataset contains photographs from 2022 excavation.,"OCHRE link: <a href=""https://pi.lib.uchicago.edu/1001/org/ochre/ad36bb96-5629-4b08-9153-43c3f9fe71b1"">https://pi.lib.uchicago.edu/1001/org/ochre/ad36bb96-5629-4b08-9153-43c3f9fe71b1</a>"
A22_34954.jpg,https://pi.lib.uchicago.edu/1001/org/ochre/4b1910ea-6ae0-4041-833b-116dd81d9121,2022 Photographs,Dataset contains photographs from 2022 excavation.,"OCHRE link: <a href=""https://pi.lib.uchicago.edu/1001/org/ochre/4b1910ea-6ae0-4041-833b-116dd81d9121"">https://pi.lib.uchicago.edu/1001/org/ochre/4b1910ea-6ae0-4041-833b-116dd81d9121</a>"
A22_34955.jpg,https://pi.lib.uchicago.edu/1001/org/ochre/fb2e5a24-0726-49bc-b169-fe62eae0c386,2022 Photographs,Dataset contains photographs from 2022 excavation.,"OCHRE link: <a href=""https://pi.lib.uchicago.edu/1001/org/ochre/fb2e5a24-0726-49bc-b169-fe62eae0c386"">https://pi.lib.uchicago.edu/1001/org/ochre/fb2e5a24-0726-49bc-b169-fe62eae0c386</a>"
A22_34956.jpg,https://pi.lib.uchicago.edu/1001/org/ochre/b9df01dc-e919-43a5-a9e0-6e4126190d0f,2022 Photographs,Dataset contains photographs from 2022 excavation.,"OCHRE link: <a href=""https://pi.lib.uchicago.edu/1001/org/ochre/b9df01dc-e919-43a5-a9e0-6e4126190d0f"">https://pi.lib.uchicago.edu/1001/org/ochre/b9df01dc-e919-43a5-a9e0-6e4126190d0f</a>"
A22_34957.jpg,https://pi.lib.uchicago.edu/1001/org/ochre/ae30b0b8-9878-4fc1-8429-3789149908e3,2022 Photographs,Dataset contains photographs from 2022 excavation.,"OCHRE link: <a href=""https://pi.lib.uchicago.edu/1001/org/ochre/ae30b0b8-9878-4fc1-8429-3789149908e3"">https://pi.lib.uchicago.edu/1001/org/ochre/ae30b0b8-9878-4fc1-8429-3789149908e3</a>"
A22_34958.jpg,https://pi.lib.uchicago.edu/1001/org/ochre/136d0df8-4666-452b-92ce-abfcc681c8ea,2022 Photographs,Dataset contains photographs from 2022 excavation.,"OCHRE link: <a href=""https://pi.lib.uchicago.edu/1001/org/ochre/136d0df8-4666-452b-92ce-abfcc681c8ea"">https://pi.lib.uchicago.edu/1001/org/ochre/136d0df8-4666-452b-92ce-abfcc681c8ea</a>"
A22_34959.jpg,https://pi.lib.uchicago.edu/1001/org/ochre/88fe1b20-f145-4a66-a595-69cb10757879,2022 Photographs,Dataset contains photographs from 2022 excavation.,"OCHRE link: <a href=""https://pi.lib.uchicago.edu/1001/org/ochre/88fe1b20-f145-4a66-a595-69cb10757879"">https://pi.lib.uchicago.edu/1001/org/ochre/88fe1b20-f145-4a66-a595-69cb10757879</a>"
A22_34960.jpg,https://pi.lib.uchicago.edu/1001/org/ochre/c45efa7f-f93e-4fb2-9eca-1ce8d7e8faea,2022 Photographs,Dataset contains photographs from 2022 excavation.,"OCHRE link: <a href=""https://pi.lib.uchicago.edu/1001/org/ochre/c45efa7f-f93e-4fb2-9eca-1ce8d7e8faea"">https://pi.lib.uchicago.edu/1001/org/ochre/c45efa7f-f93e-4fb2-9eca-1ce8d7e8faea</a>"
A22_34961.jpg,https://pi.lib.uchicago.edu/1001/org/ochre/1e4f7235-2d71-452c-af4f-3445610a75e7,2022 Photographs,Dataset contains photographs from 2022 excavation.,"OCHRE link: <a href=""https://pi.lib.uchicago.edu/1001/org/ochre/1e4f7235-2d71-452c-af4f-3445610a75e7"">https://pi.lib.uchicago.edu/1001/org/ochre/1e4f7235-2d71-452c-af4f-3445610a75e7</a>"
A22_34962.jpg,https://pi.lib.uchicago.edu/1001/org/ochre/2ae7710a-e96c-45de-923b-4e93526173e1,2022 Photographs,Dataset contains photographs from 2022 excavation.,"OCHRE link: <a href=""https://pi.lib.uchicago.edu/1001/org/ochre/2ae7710a-e96c-45de-923b-4e93526173e1"">https://pi.lib.uchicago.edu/1001/org/ochre/2ae7710a-e96c-45de-923b-4e93526173e1</a>"
A22_34963.jpg,https://pi.lib.uchicago.edu/1001/org/ochre/1703b6f4-8214-446d-a358-ee9478556203,2022 Photographs,Dataset contains photographs from 2022 excavation.,"OCHRE link: <a href=""https://pi.lib.uchicago.edu/1001/org/ochre/1703b6f4-8214-446d-a358-ee9478556203"">https://pi.lib.uchicago.edu/1001/org/ochre/1703b6f4-8214-446d-a358-ee9478556203</a>"
A22_34964.jpg,https://pi.lib.uchicago.edu/1001/org/ochre/22f102ea-a0cd-4f73-84e2-aaf47ef1efb3,2022 Photographs,Dataset contains photographs from 2022 excavation.,"OCHRE link: <a href=""https://pi.lib.uchicago.edu/1001/org/ochre/22f102ea-a0cd-4f73-84e2-aaf47ef1efb3"">https://pi.lib.uchicago.edu/1001/org/ochre/22f102ea-a0cd-4f73-84e2-aaf47ef1efb3</a>"
A22_34965.jpg,https://pi.lib.uchicago.edu/1001/org/ochre/abca77a7-5df0-473f-a5cd-6c2fbcdfdf88,2022 Photographs,Dataset contains photographs from 2022 excavation.,"OCHRE link: <a href=""https://pi.lib.uchicago.edu/1001/org/ochre/abca77a7-5df0-473f-a5cd-6c2fbcdfdf88"">https://pi.lib.uchicago.edu/1001/org/ochre/abca77a7-5df0-473f-a5cd-6c2fbcdfdf88</a>"
A22_34966.jpg,https://pi.lib.uchicago.edu/1001/org/ochre/68286779-5ab8-4154-952a-63bf67f817c6,2022 Photographs,Dataset contains photographs from 2022 excavation.,"OCHRE link: <a href=""https://pi.lib.uchicago.edu/1001/org/ochre/68286779-5ab8-4154-952a-63bf67f817c6"">https://pi.lib.uchicago.edu/1001/org/ochre/68286779-5ab8-4154-952a-63bf67f817c6</a>"
A22_34967.jpg,https://pi.lib.uchicago.edu/1001/org/ochre/778191e3-d4ce-4e76-b283-8c0b064fb637,2022 Photographs,Dataset contains photographs from 2022 excavation.,"OCHRE link: <a href=""https://pi.lib.uchicago.edu/1001/org/ochre/778191e3-d4ce-4e76-b283-8c0b064fb637"">https://pi.lib.uchicago.edu/1001/org/ochre/778191e3-d4ce-4e76-b283-8c0b064fb637</a>"
A22_34968.jpg,https://pi.lib.uchicago.edu/1001/org/ochre/311b04b1-ea74-4ad6-ae9c-b7ad53678343,2022 Photographs,Dataset contains photographs from 2022 excavation.,"OCHRE link: <a href=""https://pi.lib.uchicago.edu/1001/org/ochre/311b04b1-ea74-4ad6-ae9c-b7ad53678343"">https://pi.lib.uchicago.edu/1001/org/ochre/311b04b1-ea74-4ad6-ae9c-b7ad53678343</a>"
A22_34969.jpg,https://pi.lib.uchicago.edu/1001/org/ochre/c4c6970e-dcae-444b-92fb-a1ccf9371d9e,2022 Photographs,Dataset contains photographs from 2022 excavation.,"OCHRE link: <a href=""https://pi.lib.uchicago.edu/1001/org/ochre/c4c6970e-dcae-444b-92fb-a1ccf9371d9e"">https://pi.lib.uchicago.edu/1001/org/ochre/c4c6970e-dcae-444b-92fb-a1ccf9371d9e</a>"
A22_34970.jpg,https://pi.lib.uchicago.edu/1001/org/ochre/82d0f584-2473-4ccd-84c2-f58dbde6b963,2022 Photographs,Dataset contains photographs from 2022 excavation.,"OCHRE link: <a href=""https://pi.lib.uchicago.edu/1001/org/ochre/82d0f584-2473-4ccd-84c2-f58dbde6b963"">https://pi.lib.uchicago.edu/1001/org/ochre/82d0f584-2473-4ccd-84c2-f58dbde6b963</a>"
A22_34971.jpg,https://pi.lib.uchicago.edu/1001/org/ochre/51d45d50-ef1d-4ffd-a6a7-1f12ecf44c81,2022 Photographs,Dataset contains photographs from 2022 excavation.,"OCHRE link: <a href=""https://pi.lib.uchicago.edu/1001/org/ochre/51d45d50-ef1d-4ffd-a6a7-1f12ecf44c81"">https://pi.lib.uchicago.edu/1001/org/ochre/51d45d50-ef1d-4ffd-a6a7-1f12ecf44c81</a>"
A22_34972.jpg,https://pi.lib.uchicago.edu/1001/org/ochre/baf7d899-2559-4d34-b7d0-69567fc34f7e,2022 Photographs,Dataset contains photographs from 2022 excavation.,"OCHRE link: <a href=""https://pi.lib.uchicago.edu/1001/org/ochre/baf7d899-2559-4d34-b7d0-69567fc34f7e"">https://pi.lib.uchicago.edu/1001/org/ochre/baf7d899-2559-4d34-b7d0-69567fc34f7e</a>"
A22_34973.jpg,https://pi.lib.uchicago.edu/1001/org/ochre/dc059b34-52f8-45a1-a202-d072a3589589,2022 Photographs,Dataset contains photographs from 2022 excavation.,"OCHRE link: <a href=""https://pi.lib.uchicago.edu/1001/org/ochre/dc059b34-52f8-45a1-a202-d072a3589589"">https://pi.lib.uchicago.edu/1001/org/ochre/dc059b34-52f8-45a1-a202-d072a3589589</a>"
A22_34974.jpg,https://pi.lib.uchicago.edu/1001/org/ochre/c04d64d6-ff80-4e6b-8f00-5062780e97d6,2022 Photographs,Dataset contains photographs from 2022 excavation.,"OCHRE link: <a href=""https://pi.lib.uchicago.edu/1001/org/ochre/c04d64d6-ff80-4e6b-8f00-5062780e97d6"">https://pi.lib.uchicago.edu/1001/org/ochre/c04d64d6-ff80-4e6b-8f00-5062780e97d6</a>"
A22_34975.jpg,https://pi.lib.uchicago.edu/1001/org/ochre/3bd604e0-3a63-454f-b425-a12550179f08,2022 Photographs,Dataset contains photographs from 2022 excavation.,"OCHRE link: <a href=""https://pi.lib.uchicago.edu/1001/org/ochre/3bd604e0-3a63-454f-b425-a12550179f08"">https://pi.lib.uchicago.edu/1001/org/ochre/3bd604e0-3a63-454f-b425-a12550179f08</a>"
A22_34976.jpg,https://pi.lib.uchicago.edu/1001/org/ochre/19df71d0-fb44-48b0-8d42-cfddc099dcf9,2022 Photographs,Dataset contains photographs from 2022 excavation.,"OCHRE link: <a href=""https://pi.lib.uchicago.edu/1001/org/ochre/19df71d0-fb44-48b0-8d42-cfddc099dcf9"">https://pi.lib.uchicago.edu/1001/org/ochre/19df71d0-fb44-48b0-8d42-cfddc099dcf9</a>"
A22_34977.jpg,https://pi.lib.uchicago.edu/1001/org/ochre/eb215fb6-febc-4a8f-ba8c-7dcf45603e09,2022 Photographs,Dataset contains photographs from 2022 excavation.,"OCHRE link: <a href=""https://pi.lib.uchicago.edu/1001/org/ochre/eb215fb6-febc-4a8f-ba8c-7dcf45603e09"">https://pi.lib.uchicago.edu/1001/org/ochre/eb215fb6-febc-4a8f-ba8c-7dcf45603e09</a>"
A22_34978.jpg,https://pi.lib.uchicago.edu/1001/org/ochre/dbfa8ee5-0aa1-4fd4-8439-9b43fc488308,2022 Photographs,Dataset contains photographs from 2022 excavation.,"OCHRE link: <a href=""https://pi.lib.uchicago.edu/1001/org/ochre/dbfa8ee5-0aa1-4fd4-8439-9b43fc488308"">https://pi.lib.uchicago.edu/1001/org/ochre/dbfa8ee5-0aa1-4fd4-8439-9b43fc488308</a>"
A22_34979.jpg,https://pi.lib.uchicago.edu/1001/org/ochre/4092103a-2bb8-4b1d-b607-a6acf7056ae6,2022 Photographs,Dataset contains photographs from 2022 excavation.,"OCHRE link: <a href=""https://pi.lib.uchicago.edu/1001/org/ochre/4092103a-2bb8-4b1d-b607-a6acf7056ae6"">https://pi.lib.uchicago.edu/1001/org/ochre/4092103a-2bb8-4b1d-b607-a6acf7056ae6</a>"
A22_34980.jpg,https://pi.lib.uchicago.edu/1001/org/ochre/96316e57-fba7-465f-b18a-c6d379322a56,2022 Photographs,Dataset contains photographs from 2022 excavation.,"OCHRE link: <a href=""https://pi.lib.uchicago.edu/1001/org/ochre/96316e57-fba7-465f-b18a-c6d379322a56"">https://pi.lib.uchicago.edu/1001/org/ochre/96316e57-fba7-465f-b18a-c6d379322a56</a>"
A22_34981.jpg,https://pi.lib.uchicago.edu/1001/org/ochre/760caa39-ba47-46f5-94f3-b3c48e823b57,2022 Photographs,Dataset contains photographs from 2022 excavation.,"OCHRE link: <a href=""https://pi.lib.uchicago.edu/1001/org/ochre/760caa39-ba47-46f5-94f3-b3c48e823b57"">https://pi.lib.uchicago.edu/1001/org/ochre/760caa39-ba47-46f5-94f3-b3c48e823b57</a>"
A22_34982.jpg,https://pi.lib.uchicago.edu/1001/org/ochre/0ace094b-f784-46fe-9fb0-c78f2e16698d,2022 Photographs,Dataset contains photographs from 2022 excavation.,"OCHRE link: <a href=""https://pi.lib.uchicago.edu/1001/org/ochre/0ace094b-f784-46fe-9fb0-c78f2e16698d"">https://pi.lib.uchicago.edu/1001/org/ochre/0ace094b-f784-46fe-9fb0-c78f2e16698d</a>"
A22_34983.jpg,https://pi.lib.uchicago.edu/1001/org/ochre/ca1a2483-f513-49b3-87be-b527aa6d9562,2022 Photographs,Dataset contains photographs from 2022 excavation.,"OCHRE link: <a href=""https://pi.lib.uchicago.edu/1001/org/ochre/ca1a2483-f513-49b3-87be-b527aa6d9562"">https://pi.lib.uchicago.edu/1001/org/ochre/ca1a2483-f513-49b3-87be-b527aa6d9562</a>"
A22_34984.jpg,https://pi.lib.uchicago.edu/1001/org/ochre/24bf3781-9e0b-4604-bc4a-bd0282fd51ab,2022 Photographs,Dataset contains photographs from 2022 excavation.,"OCHRE link: <a href=""https://pi.lib.uchicago.edu/1001/org/ochre/24bf3781-9e0b-4604-bc4a-bd0282fd51ab"">https://pi.lib.uchicago.edu/1001/org/ochre/24bf3781-9e0b-4604-bc4a-bd0282fd51ab</a>"
A22_34985.jpg,https://pi.lib.uchicago.edu/1001/org/ochre/92735993-49c7-4838-b8a3-4ef34f24706c,2022 Photographs,Dataset contains photographs from 2022 excavation.,"OCHRE link: <a href=""https://pi.lib.uchicago.edu/1001/org/ochre/92735993-49c7-4838-b8a3-4ef34f24706c"">https://pi.lib.uchicago.edu/1001/org/ochre/92735993-49c7-4838-b8a3-4ef34f24706c</a>"
A22_34986.jpg,https://pi.lib.uchicago.edu/1001/org/ochre/579bd731-0c63-4fe6-8aac-cfeb7ad87ff6,2022 Photographs,Dataset contains photographs from 2022 excavation.,"OCHRE link: <a href=""https://pi.lib.uchicago.edu/1001/org/ochre/579bd731-0c63-4fe6-8aac-cfeb7ad87ff6"">https://pi.lib.uchicago.edu/1001/org/ochre/579bd731-0c63-4fe6-8aac-cfeb7ad87ff6</a>"
A22_34987.jpg,https://pi.lib.uchicago.edu/1001/org/ochre/356d6b4c-c30c-4d48-8fc1-377af8c02659,2022 Photographs,Dataset contains photographs from 2022 excavation.,"OCHRE link: <a href=""https://pi.lib.uchicago.edu/1001/org/ochre/356d6b4c-c30c-4d48-8fc1-377af8c02659"">https://pi.lib.uchicago.edu/1001/org/ochre/356d6b4c-c30c-4d48-8fc1-377af8c02659</a>"
A22_34988.jpg,https://pi.lib.uchicago.edu/1001/org/ochre/0c02553a-d795-40d3-96be-f340a616b100,2022 Photographs,Dataset contains photographs from 2022 excavation.,"OCHRE link: <a href=""https://pi.lib.uchicago.edu/1001/org/ochre/0c02553a-d795-40d3-96be-f340a616b100"">https://pi.lib.uchicago.edu/1001/org/ochre/0c02553a-d795-40d3-96be-f340a616b100</a>"
A22_34989.jpg,https://pi.lib.uchicago.edu/1001/org/ochre/d04a7dd4-c54e-473d-a674-2858a67f2a71,2022 Photographs,Dataset contains photographs from 2022 excavation.,"OCHRE link: <a href=""https://pi.lib.uchicago.edu/1001/org/ochre/d04a7dd4-c54e-473d-a674-2858a67f2a71"">https://pi.lib.uchicago.edu/1001/org/ochre/d04a7dd4-c54e-473d-a674-2858a67f2a71</a>"
A22_34990.jpg,https://pi.lib.uchicago.edu/1001/org/ochre/32243aa2-a341-452c-912c-17e677fb19e3,2022 Photographs,Dataset contains photographs from 2022 excavation.,"OCHRE link: <a href=""https://pi.lib.uchicago.edu/1001/org/ochre/32243aa2-a341-452c-912c-17e677fb19e3"">https://pi.lib.uchicago.edu/1001/org/ochre/32243aa2-a341-452c-912c-17e677fb19e3</a>"
A22_34991.jpg,https://pi.lib.uchicago.edu/1001/org/ochre/5a44efff-657f-4cfd-b569-e15303a49a80,2022 Photographs,Dataset contains photographs from 2022 excavation.,"OCHRE link: <a href=""https://pi.lib.uchicago.edu/1001/org/ochre/5a44efff-657f-4cfd-b569-e15303a49a80"">https://pi.lib.uchicago.edu/1001/org/ochre/5a44efff-657f-4cfd-b569-e15303a49a80</a>"
A22_34992.jpg,https://pi.lib.uchicago.edu/1001/org/ochre/1ada23d4-604e-4371-8a74-03f26b95872d,2022 Photographs,Dataset contains photographs from 2022 excavation.,"OCHRE link: <a href=""https://pi.lib.uchicago.edu/1001/org/ochre/1ada23d4-604e-4371-8a74-03f26b95872d"">https://pi.lib.uchicago.edu/1001/org/ochre/1ada23d4-604e-4371-8a74-03f26b95872d</a>"
A22_34993.jpg,https://pi.lib.uchicago.edu/1001/org/ochre/7f63a6bb-7397-4b65-8154-c0f8dfefbd53,2022 Photographs,Dataset contains photographs from 2022 excavation.,"OCHRE link: <a href=""https://pi.lib.uchicago.edu/1001/org/ochre/7f63a6bb-7397-4b65-8154-c0f8dfefbd53"">https://pi.lib.uchicago.edu/1001/org/ochre/7f63a6bb-7397-4b65-8154-c0f8dfefbd53</a>"
A22_34994.jpg,https://pi.lib.uchicago.edu/1001/org/ochre/9673b9af-67c1-4d71-ac1e-1ae60023c64c,2022 Photographs,Dataset contains photographs from 2022 excavation.,"OCHRE link: <a href=""https://pi.lib.uchicago.edu/1001/org/ochre/9673b9af-67c1-4d71-ac1e-1ae60023c64c"">https://pi.lib.uchicago.edu/1001/org/ochre/9673b9af-67c1-4d71-ac1e-1ae60023c64c</a>"
A22_34995.jpg,https://pi.lib.uchicago.edu/1001/org/ochre/e38cc25d-4d7f-4c27-a44c-5bf0db65dacd,2022 Photographs,Dataset contains photographs from 2022 excavation.,"OCHRE link: <a href=""https://pi.lib.uchicago.edu/1001/org/ochre/e38cc25d-4d7f-4c27-a44c-5bf0db65dacd"">https://pi.lib.uchicago.edu/1001/org/ochre/e38cc25d-4d7f-4c27-a44c-5bf0db65dacd</a>"
A22_34996.jpg,https://pi.lib.uchicago.edu/1001/org/ochre/5cffedfe-17c4-478c-aaea-1ac23a52bf65,2022 Photographs,Dataset contains photographs from 2022 excavation.,"OCHRE link: <a href=""https://pi.lib.uchicago.edu/1001/org/ochre/5cffedfe-17c4-478c-aaea-1ac23a52bf65"">https://pi.lib.uchicago.edu/1001/org/ochre/5cffedfe-17c4-478c-aaea-1ac23a52bf65</a>"
A22_34997.jpg,https://pi.lib.uchicago.edu/1001/org/ochre/642549ba-91fb-476a-a843-e3fc2fb26767,2022 Photographs,Dataset contains photographs from 2022 excavation.,"OCHRE link: <a href=""https://pi.lib.uchicago.edu/1001/org/ochre/642549ba-91fb-476a-a843-e3fc2fb26767"">https://pi.lib.uchicago.edu/1001/org/ochre/642549ba-91fb-476a-a843-e3fc2fb26767</a>"
A22_34998.jpg,https://pi.lib.uchicago.edu/1001/org/ochre/d67b4ae7-e3a3-4d02-a8d7-57751eb2aabe,2022 Photographs,Dataset contains photographs from 2022 excavation.,"OCHRE link: <a href=""https://pi.lib.uchicago.edu/1001/org/ochre/d67b4ae7-e3a3-4d02-a8d7-57751eb2aabe"">https://pi.lib.uchicago.edu/1001/org/ochre/d67b4ae7-e3a3-4d02-a8d7-57751eb2aabe</a>"
A22_34999.jpg,https://pi.lib.uchicago.edu/1001/org/ochre/20503323-be34-4f47-aafa-41900f0510ef,2022 Photographs,Dataset contains photographs from 2022 excavation.,"OCHRE link: <a href=""https://pi.lib.uchicago.edu/1001/org/ochre/20503323-be34-4f47-aafa-41900f0510ef"">https://pi.lib.uchicago.edu/1001/org/ochre/20503323-be34-4f47-aafa-41900f0510ef</a>"
A22_35000.jpg,https://pi.lib.uchicago.edu/1001/org/ochre/fb5dec86-8afa-439d-9c06-34e01b2150b6,2022 Photographs,Dataset contains photographs from 2022 excavation.,"OCHRE link: <a href=""https://pi.lib.uchicago.edu/1001/org/ochre/fb5dec86-8afa-439d-9c06-34e01b2150b6"">https://pi.lib.uchicago.edu/1001/org/ochre/fb5dec86-8afa-439d-9c06-34e01b2150b6</a>"
A22_35001.jpg,https://pi.lib.uchicago.edu/1001/org/ochre/d1531a88-56e4-4526-81d5-f3092bf7b10a,2022 Photographs,Dataset contains photographs from 2022 excavation.,"OCHRE link: <a href=""https://pi.lib.uchicago.edu/1001/org/ochre/d1531a88-56e4-4526-81d5-f3092bf7b10a"">https://pi.lib.uchicago.edu/1001/org/ochre/d1531a88-56e4-4526-81d5-f3092bf7b10a</a>"
A22_35002.jpg,https://pi.lib.uchicago.edu/1001/org/ochre/5f27b543-c20d-4b62-8b83-a2788850724e,2022 Photographs,Dataset contains photographs from 2022 excavation.,"OCHRE link: <a href=""https://pi.lib.uchicago.edu/1001/org/ochre/5f27b543-c20d-4b62-8b83-a2788850724e"">https://pi.lib.uchicago.edu/1001/org/ochre/5f27b543-c20d-4b62-8b83-a2788850724e</a>"
A22_35003.jpg,https://pi.lib.uchicago.edu/1001/org/ochre/875783fb-5f70-4b92-b055-dabdcf33a77a,2022 Photographs,Dataset contains photographs from 2022 excavation.,"OCHRE link: <a href=""https://pi.lib.uchicago.edu/1001/org/ochre/875783fb-5f70-4b92-b055-dabdcf33a77a"">https://pi.lib.uchicago.edu/1001/org/ochre/875783fb-5f70-4b92-b055-dabdcf33a77a</a>"
A22_35004.jpg,https://pi.lib.uchicago.edu/1001/org/ochre/bb574c40-ca54-4eaa-a326-30061287eaed,2022 Photographs,Dataset contains photographs from 2022 excavation.,"OCHRE link: <a href=""https://pi.lib.uchicago.edu/1001/org/ochre/bb574c40-ca54-4eaa-a326-30061287eaed"">https://pi.lib.uchicago.edu/1001/org/ochre/bb574c40-ca54-4eaa-a326-30061287eaed</a>"
A22_35005.jpg,https://pi.lib.uchicago.edu/1001/org/ochre/1624f791-6d3a-4e52-b7b0-7b87090b5f4f,2022 Photographs,Dataset contains photographs from 2022 excavation.,"OCHRE link: <a href=""https://pi.lib.uchicago.edu/1001/org/ochre/1624f791-6d3a-4e52-b7b0-7b87090b5f4f"">https://pi.lib.uchicago.edu/1001/org/ochre/1624f791-6d3a-4e52-b7b0-7b87090b5f4f</a>"
A22_35006.jpg,https://pi.lib.uchicago.edu/1001/org/ochre/ecd017fc-2e0f-4a75-ba1d-77c8b77c0fce,2022 Photographs,Dataset contains photographs from 2022 excavation.,"OCHRE link: <a href=""https://pi.lib.uchicago.edu/1001/org/ochre/ecd017fc-2e0f-4a75-ba1d-77c8b77c0fce"">https://pi.lib.uchicago.edu/1001/org/ochre/ecd017fc-2e0f-4a75-ba1d-77c8b77c0fce</a>"
A22_35007.jpg,https://pi.lib.uchicago.edu/1001/org/ochre/2be9a066-84ce-469f-be49-def2c2d43bf9,2022 Photographs,Dataset contains photographs from 2022 excavation.,"OCHRE link: <a href=""https://pi.lib.uchicago.edu/1001/org/ochre/2be9a066-84ce-469f-be49-def2c2d43bf9"">https://pi.lib.uchicago.edu/1001/org/ochre/2be9a066-84ce-469f-be49-def2c2d43bf9</a>"
A22_35008.jpg,https://pi.lib.uchicago.edu/1001/org/ochre/ab939463-3ef3-4059-b0b3-38503efd9383,2022 Photographs,Dataset contains photographs from 2022 excavation.,"OCHRE link: <a href=""https://pi.lib.uchicago.edu/1001/org/ochre/ab939463-3ef3-4059-b0b3-38503efd9383"">https://pi.lib.uchicago.edu/1001/org/ochre/ab939463-3ef3-4059-b0b3-38503efd9383</a>"
A22_35009.jpg,https://pi.lib.uchicago.edu/1001/org/ochre/0a1e8907-e961-430c-bf11-19ee43bc724b,2022 Photographs,Dataset contains photographs from 2022 excavation.,"OCHRE link: <a href=""https://pi.lib.uchicago.edu/1001/org/ochre/0a1e8907-e961-430c-bf11-19ee43bc724b"">https://pi.lib.uchicago.edu/1001/org/ochre/0a1e8907-e961-430c-bf11-19ee43bc724b</a>"
A22_35010.jpg,https://pi.lib.uchicago.edu/1001/org/ochre/7d71b898-ec7f-436d-924d-3d5927a48e81,2022 Photographs,Dataset contains photographs from 2022 excavation.,"OCHRE link: <a href=""https://pi.lib.uchicago.edu/1001/org/ochre/7d71b898-ec7f-436d-924d-3d5927a48e81"">https://pi.lib.uchicago.edu/1001/org/ochre/7d71b898-ec7f-436d-924d-3d5927a48e81</a>"
A22_35011.jpg,https://pi.lib.uchicago.edu/1001/org/ochre/fd9ed14d-1f1c-434b-aecc-4ad1cb123fd4,2022 Photographs,Dataset contains photographs from 2022 excavation.,"OCHRE link: <a href=""https://pi.lib.uchicago.edu/1001/org/ochre/fd9ed14d-1f1c-434b-aecc-4ad1cb123fd4"">https://pi.lib.uchicago.edu/1001/org/ochre/fd9ed14d-1f1c-434b-aecc-4ad1cb123fd4</a>"
A22_35012.jpg,https://pi.lib.uchicago.edu/1001/org/ochre/7ce04b20-a991-41f1-af92-67317758e959,2022 Photographs,Dataset contains photographs from 2022 excavation.,"OCHRE link: <a href=""https://pi.lib.uchicago.edu/1001/org/ochre/7ce04b20-a991-41f1-af92-67317758e959"">https://pi.lib.uchicago.edu/1001/org/ochre/7ce04b20-a991-41f1-af92-67317758e959</a>"
A22_35013.jpg,https://pi.lib.uchicago.edu/1001/org/ochre/21467a9b-ab82-4c55-acb6-3ac6a4708bbf,2022 Photographs,Dataset contains photographs from 2022 excavation.,"OCHRE link: <a href=""https://pi.lib.uchicago.edu/1001/org/ochre/21467a9b-ab82-4c55-acb6-3ac6a4708bbf"">https://pi.lib.uchicago.edu/1001/org/ochre/21467a9b-ab82-4c55-acb6-3ac6a4708bbf</a>"
A22_35014.jpg,https://pi.lib.uchicago.edu/1001/org/ochre/2864cea2-8605-4d4c-ab99-5e95c085c1e9,2022 Photographs,Dataset contains photographs from 2022 excavation.,"OCHRE link: <a href=""https://pi.lib.uchicago.edu/1001/org/ochre/2864cea2-8605-4d4c-ab99-5e95c085c1e9"">https://pi.lib.uchicago.edu/1001/org/ochre/2864cea2-8605-4d4c-ab99-5e95c085c1e9</a>"
A22_35015.jpg,https://pi.lib.uchicago.edu/1001/org/ochre/4f1c4ab4-c2d9-4dbc-8e10-44fe160b9002,2022 Photographs,Dataset contains photographs from 2022 excavation.,"OCHRE link: <a href=""https://pi.lib.uchicago.edu/1001/org/ochre/4f1c4ab4-c2d9-4dbc-8e10-44fe160b9002"">https://pi.lib.uchicago.edu/1001/org/ochre/4f1c4ab4-c2d9-4dbc-8e10-44fe160b9002</a>"
A22_35016.jpg,https://pi.lib.uchicago.edu/1001/org/ochre/4907ec26-9d75-4b95-b5aa-909bd6e86586,2022 Photographs,Dataset contains photographs from 2022 excavation.,"OCHRE link: <a href=""https://pi.lib.uchicago.edu/1001/org/ochre/4907ec26-9d75-4b95-b5aa-909bd6e86586"">https://pi.lib.uchicago.edu/1001/org/ochre/4907ec26-9d75-4b95-b5aa-909bd6e86586</a>"
A22_35017.jpg,https://pi.lib.uchicago.edu/1001/org/ochre/74d27d15-07c2-4e69-963a-759f0d7ef53c,2022 Photographs,Dataset contains photographs from 2022 excavation.,"OCHRE link: <a href=""https://pi.lib.uchicago.edu/1001/org/ochre/74d27d15-07c2-4e69-963a-759f0d7ef53c"">https://pi.lib.uchicago.edu/1001/org/ochre/74d27d15-07c2-4e69-963a-759f0d7ef53c</a>"
A22_35018.jpg,https://pi.lib.uchicago.edu/1001/org/ochre/2b69428c-a47a-4304-99dd-adc6a0537eb7,2022 Photographs,Dataset contains photographs from 2022 excavation.,"OCHRE link: <a href=""https://pi.lib.uchicago.edu/1001/org/ochre/2b69428c-a47a-4304-99dd-adc6a0537eb7"">https://pi.lib.uchicago.edu/1001/org/ochre/2b69428c-a47a-4304-99dd-adc6a0537eb7</a>"
A22_35019.jpg,https://pi.lib.uchicago.edu/1001/org/ochre/0a4f7fe8-2f91-45b1-b10e-5e69c65ce966,2022 Photographs,Dataset contains photographs from 2022 excavation.,"OCHRE link: <a href=""https://pi.lib.uchicago.edu/1001/org/ochre/0a4f7fe8-2f91-45b1-b10e-5e69c65ce966"">https://pi.lib.uchicago.edu/1001/org/ochre/0a4f7fe8-2f91-45b1-b10e-5e69c65ce966</a>"
A22_35020.jpg,https://pi.lib.uchicago.edu/1001/org/ochre/1c51459c-87cc-4ed0-97b3-1aa1910068c8,2022 Photographs,Dataset contains photographs from 2022 excavation.,"OCHRE link: <a href=""https://pi.lib.uchicago.edu/1001/org/ochre/1c51459c-87cc-4ed0-97b3-1aa1910068c8"">https://pi.lib.uchicago.edu/1001/org/ochre/1c51459c-87cc-4ed0-97b3-1aa1910068c8</a>"
A22_35021.jpg,https://pi.lib.uchicago.edu/1001/org/ochre/1a6aa27b-4394-4dcc-a6e0-7a6ae18fdabd,2022 Photographs,Dataset contains photographs from 2022 excavation.,"OCHRE link: <a href=""https://pi.lib.uchicago.edu/1001/org/ochre/1a6aa27b-4394-4dcc-a6e0-7a6ae18fdabd"">https://pi.lib.uchicago.edu/1001/org/ochre/1a6aa27b-4394-4dcc-a6e0-7a6ae18fdabd</a>"
A22_35022.jpg,https://pi.lib.uchicago.edu/1001/org/ochre/008ecfa5-1639-485a-8e98-396d01d41c7b,2022 Photographs,Dataset contains photographs from 2022 excavation.,"OCHRE link: <a href=""https://pi.lib.uchicago.edu/1001/org/ochre/008ecfa5-1639-485a-8e98-396d01d41c7b"">https://pi.lib.uchicago.edu/1001/org/ochre/008ecfa5-1639-485a-8e98-396d01d41c7b</a>"
A22_35023.jpg,https://pi.lib.uchicago.edu/1001/org/ochre/4fd6e53b-5d7f-4bed-8e55-eb520c5ebf92,2022 Photographs,Dataset contains photographs from 2022 excavation.,"OCHRE link: <a href=""https://pi.lib.uchicago.edu/1001/org/ochre/4fd6e53b-5d7f-4bed-8e55-eb520c5ebf92"">https://pi.lib.uchicago.edu/1001/org/ochre/4fd6e53b-5d7f-4bed-8e55-eb520c5ebf92</a>"
A22_35024.jpg,https://pi.lib.uchicago.edu/1001/org/ochre/6a7ed1c7-b048-4b66-9a38-53e4885f3ebf,2022 Photographs,Dataset contains photographs from 2022 excavation.,"OCHRE link: <a href=""https://pi.lib.uchicago.edu/1001/org/ochre/6a7ed1c7-b048-4b66-9a38-53e4885f3ebf"">https://pi.lib.uchicago.edu/1001/org/ochre/6a7ed1c7-b048-4b66-9a38-53e4885f3ebf</a>"
A22_35025.jpg,https://pi.lib.uchicago.edu/1001/org/ochre/3baad823-8ecf-426c-a381-876f95a02374,2022 Photographs,Dataset contains photographs from 2022 excavation.,"OCHRE link: <a href=""https://pi.lib.uchicago.edu/1001/org/ochre/3baad823-8ecf-426c-a381-876f95a02374"">https://pi.lib.uchicago.edu/1001/org/ochre/3baad823-8ecf-426c-a381-876f95a02374</a>"
A22_35026.jpg,https://pi.lib.uchicago.edu/1001/org/ochre/7e6e9b4e-1a3b-48e1-8d6a-8dec0e01d701,2022 Photographs,Dataset contains photographs from 2022 excavation.,"OCHRE link: <a href=""https://pi.lib.uchicago.edu/1001/org/ochre/7e6e9b4e-1a3b-48e1-8d6a-8dec0e01d701"">https://pi.lib.uchicago.edu/1001/org/ochre/7e6e9b4e-1a3b-48e1-8d6a-8dec0e01d701</a>"
A22_35027.jpg,https://pi.lib.uchicago.edu/1001/org/ochre/258cccb2-04a0-403d-9514-726bf1c22f09,2022 Photographs,Dataset contains photographs from 2022 excavation.,"OCHRE link: <a href=""https://pi.lib.uchicago.edu/1001/org/ochre/258cccb2-04a0-403d-9514-726bf1c22f09"">https://pi.lib.uchicago.edu/1001/org/ochre/258cccb2-04a0-403d-9514-726bf1c22f09</a>"
A22_35028.jpg,https://pi.lib.uchicago.edu/1001/org/ochre/7ce97d97-5405-4676-a813-e9aeffb501db,2022 Photographs,Dataset contains photographs from 2022 excavation.,"OCHRE link: <a href=""https://pi.lib.uchicago.edu/1001/org/ochre/7ce97d97-5405-4676-a813-e9aeffb501db"">https://pi.lib.uchicago.edu/1001/org/ochre/7ce97d97-5405-4676-a813-e9aeffb501db</a>"
A22_35029.jpg,https://pi.lib.uchicago.edu/1001/org/ochre/50ed3d51-02f1-44c7-acde-32c7e27ae974,2022 Photographs,Dataset contains photographs from 2022 excavation.,"OCHRE link: <a href=""https://pi.lib.uchicago.edu/1001/org/ochre/50ed3d51-02f1-44c7-acde-32c7e27ae974"">https://pi.lib.uchicago.edu/1001/org/ochre/50ed3d51-02f1-44c7-acde-32c7e27ae974</a>"
A22_35030.jpg,https://pi.lib.uchicago.edu/1001/org/ochre/e1ea1662-8afc-4177-83a8-0cc2b547ec3c,2022 Photographs,Dataset contains photographs from 2022 excavation.,"OCHRE link: <a href=""https://pi.lib.uchicago.edu/1001/org/ochre/e1ea1662-8afc-4177-83a8-0cc2b547ec3c"">https://pi.lib.uchicago.edu/1001/org/ochre/e1ea1662-8afc-4177-83a8-0cc2b547ec3c</a>"
A22_35031.jpg,https://pi.lib.uchicago.edu/1001/org/ochre/421a73c5-c9c7-479d-b9c9-406142bb7dbd,2022 Photographs,Dataset contains photographs from 2022 excavation.,"OCHRE link: <a href=""https://pi.lib.uchicago.edu/1001/org/ochre/421a73c5-c9c7-479d-b9c9-406142bb7dbd"">https://pi.lib.uchicago.edu/1001/org/ochre/421a73c5-c9c7-479d-b9c9-406142bb7dbd</a>"
A22_35032.jpg,https://pi.lib.uchicago.edu/1001/org/ochre/ea982c11-8b8d-4c86-ad59-3af0ac2e7731,2022 Photographs,Dataset contains photographs from 2022 excavation.,"OCHRE link: <a href=""https://pi.lib.uchicago.edu/1001/org/ochre/ea982c11-8b8d-4c86-ad59-3af0ac2e7731"">https://pi.lib.uchicago.edu/1001/org/ochre/ea982c11-8b8d-4c86-ad59-3af0ac2e7731</a>"
A22_35033.jpg,https://pi.lib.uchicago.edu/1001/org/ochre/74a1ad7c-2d6d-4c83-a2fd-d0d797e9f22e,2022 Photographs,Dataset contains photographs from 2022 excavation.,"OCHRE link: <a href=""https://pi.lib.uchicago.edu/1001/org/ochre/74a1ad7c-2d6d-4c83-a2fd-d0d797e9f22e"">https://pi.lib.uchicago.edu/1001/org/ochre/74a1ad7c-2d6d-4c83-a2fd-d0d797e9f22e</a>"
A22_35034.jpg,https://pi.lib.uchicago.edu/1001/org/ochre/968c8cdc-37b4-4e67-8f64-cb171a7d8201,2022 Photographs,Dataset contains photographs from 2022 excavation.,"OCHRE link: <a href=""https://pi.lib.uchicago.edu/1001/org/ochre/968c8cdc-37b4-4e67-8f64-cb171a7d8201"">https://pi.lib.uchicago.edu/1001/org/ochre/968c8cdc-37b4-4e67-8f64-cb171a7d8201</a>"
A22_35035.jpg,https://pi.lib.uchicago.edu/1001/org/ochre/30882d06-43fa-4ce0-9caa-8e9fc6e2f826,2022 Photographs,Dataset contains photographs from 2022 excavation.,"OCHRE link: <a href=""https://pi.lib.uchicago.edu/1001/org/ochre/30882d06-43fa-4ce0-9caa-8e9fc6e2f826"">https://pi.lib.uchicago.edu/1001/org/ochre/30882d06-43fa-4ce0-9caa-8e9fc6e2f826</a>"
A22_35036.jpg,https://pi.lib.uchicago.edu/1001/org/ochre/b2e19164-19d6-4d5d-a7bd-2e47c671ece4,2022 Photographs,Dataset contains photographs from 2022 excavation.,"OCHRE link: <a href=""https://pi.lib.uchicago.edu/1001/org/ochre/b2e19164-19d6-4d5d-a7bd-2e47c671ece4"">https://pi.lib.uchicago.edu/1001/org/ochre/b2e19164-19d6-4d5d-a7bd-2e47c671ece4</a>"
A22_35037.jpg,https://pi.lib.uchicago.edu/1001/org/ochre/a23aa55a-59ab-4df6-9a5f-a6c2568d8e8e,2022 Photographs,Dataset contains photographs from 2022 excavation.,"OCHRE link: <a href=""https://pi.lib.uchicago.edu/1001/org/ochre/a23aa55a-59ab-4df6-9a5f-a6c2568d8e8e"">https://pi.lib.uchicago.edu/1001/org/ochre/a23aa55a-59ab-4df6-9a5f-a6c2568d8e8e</a>"
A22_35038.jpg,https://pi.lib.uchicago.edu/1001/org/ochre/c3615b6e-a8aa-43d2-b0d2-7429af11ff6d,2022 Photographs,Dataset contains photographs from 2022 excavation.,"OCHRE link: <a href=""https://pi.lib.uchicago.edu/1001/org/ochre/c3615b6e-a8aa-43d2-b0d2-7429af11ff6d"">https://pi.lib.uchicago.edu/1001/org/ochre/c3615b6e-a8aa-43d2-b0d2-7429af11ff6d</a>"
A22_35039.jpg,https://pi.lib.uchicago.edu/1001/org/ochre/45069087-e6d5-4f5f-8655-b9b4c5607776,2022 Photographs,Dataset contains photographs from 2022 excavation.,"OCHRE link: <a href=""https://pi.lib.uchicago.edu/1001/org/ochre/45069087-e6d5-4f5f-8655-b9b4c5607776"">https://pi.lib.uchicago.edu/1001/org/ochre/45069087-e6d5-4f5f-8655-b9b4c5607776</a>"
A22_35040.jpg,https://pi.lib.uchicago.edu/1001/org/ochre/51604cc9-b856-40de-87e5-7459f84a1597,2022 Photographs,Dataset contains photographs from 2022 excavation.,"OCHRE link: <a href=""https://pi.lib.uchicago.edu/1001/org/ochre/51604cc9-b856-40de-87e5-7459f84a1597"">https://pi.lib.uchicago.edu/1001/org/ochre/51604cc9-b856-40de-87e5-7459f84a1597</a>"
A22_35041.jpg,https://pi.lib.uchicago.edu/1001/org/ochre/0e5021e4-d19c-4dd9-a30e-3f2ac2ae293f,2022 Photographs,Dataset contains photographs from 2022 excavation.,"OCHRE link: <a href=""https://pi.lib.uchicago.edu/1001/org/ochre/0e5021e4-d19c-4dd9-a30e-3f2ac2ae293f"">https://pi.lib.uchicago.edu/1001/org/ochre/0e5021e4-d19c-4dd9-a30e-3f2ac2ae293f</a>"
A22_35042.jpg,https://pi.lib.uchicago.edu/1001/org/ochre/5c29723c-e35f-46dd-9566-ca4c44c13166,2022 Photographs,Dataset contains photographs from 2022 excavation.,"OCHRE link: <a href=""https://pi.lib.uchicago.edu/1001/org/ochre/5c29723c-e35f-46dd-9566-ca4c44c13166"">https://pi.lib.uchicago.edu/1001/org/ochre/5c29723c-e35f-46dd-9566-ca4c44c13166</a>"
A22_35043.jpg,https://pi.lib.uchicago.edu/1001/org/ochre/afbd7abc-443c-4482-a587-de5858e510f3,2022 Photographs,Dataset contains photographs from 2022 excavation.,"OCHRE link: <a href=""https://pi.lib.uchicago.edu/1001/org/ochre/afbd7abc-443c-4482-a587-de5858e510f3"">https://pi.lib.uchicago.edu/1001/org/ochre/afbd7abc-443c-4482-a587-de5858e510f3</a>"
A22_35044.jpg,https://pi.lib.uchicago.edu/1001/org/ochre/aee72cf0-3341-45d0-926d-352657dad2a0,2022 Photographs,Dataset contains photographs from 2022 excavation.,"OCHRE link: <a href=""https://pi.lib.uchicago.edu/1001/org/ochre/aee72cf0-3341-45d0-926d-352657dad2a0"">https://pi.lib.uchicago.edu/1001/org/ochre/aee72cf0-3341-45d0-926d-352657dad2a0</a>"
A22_35045.jpg,https://pi.lib.uchicago.edu/1001/org/ochre/a6377305-2dc2-4044-8d60-c2f025530a86,2022 Photographs,Dataset contains photographs from 2022 excavation.,"OCHRE link: <a href=""https://pi.lib.uchicago.edu/1001/org/ochre/a6377305-2dc2-4044-8d60-c2f025530a86"">https://pi.lib.uchicago.edu/1001/org/ochre/a6377305-2dc2-4044-8d60-c2f025530a86</a>"
A22_35046.jpg,https://pi.lib.uchicago.edu/1001/org/ochre/59a9e93e-2daa-4ed5-8ce2-81c549d8879e,2022 Photographs,Dataset contains photographs from 2022 excavation.,"OCHRE link: <a href=""https://pi.lib.uchicago.edu/1001/org/ochre/59a9e93e-2daa-4ed5-8ce2-81c549d8879e"">https://pi.lib.uchicago.edu/1001/org/ochre/59a9e93e-2daa-4ed5-8ce2-81c549d8879e</a>"
A22_35047.jpg,https://pi.lib.uchicago.edu/1001/org/ochre/4d167874-345a-4725-a4d8-53a24f1cddec,2022 Photographs,Dataset contains photographs from 2022 excavation.,"OCHRE link: <a href=""https://pi.lib.uchicago.edu/1001/org/ochre/4d167874-345a-4725-a4d8-53a24f1cddec"">https://pi.lib.uchicago.edu/1001/org/ochre/4d167874-345a-4725-a4d8-53a24f1cddec</a>"
A22_35048.jpg,https://pi.lib.uchicago.edu/1001/org/ochre/537dabcf-9832-4b08-b695-28bd0b5da5fc,2022 Photographs,Dataset contains photographs from 2022 excavation.,"OCHRE link: <a href=""https://pi.lib.uchicago.edu/1001/org/ochre/537dabcf-9832-4b08-b695-28bd0b5da5fc"">https://pi.lib.uchicago.edu/1001/org/ochre/537dabcf-9832-4b08-b695-28bd0b5da5fc</a>"
A22_35049.jpg,https://pi.lib.uchicago.edu/1001/org/ochre/94af65ae-21a0-4d8a-9914-1699f2650f1e,2022 Photographs,Dataset contains photographs from 2022 excavation.,"OCHRE link: <a href=""https://pi.lib.uchicago.edu/1001/org/ochre/94af65ae-21a0-4d8a-9914-1699f2650f1e"">https://pi.lib.uchicago.edu/1001/org/ochre/94af65ae-21a0-4d8a-9914-1699f2650f1e</a>"
A22_35050.jpg,https://pi.lib.uchicago.edu/1001/org/ochre/863441ab-6ef0-4035-965c-60cd93805ab4,2022 Photographs,Dataset contains photographs from 2022 excavation.,"OCHRE link: <a href=""https://pi.lib.uchicago.edu/1001/org/ochre/863441ab-6ef0-4035-965c-60cd93805ab4"">https://pi.lib.uchicago.edu/1001/org/ochre/863441ab-6ef0-4035-965c-60cd93805ab4</a>"
A22_35051.jpg,https://pi.lib.uchicago.edu/1001/org/ochre/b101baca-6538-4756-80e1-75f77d94f868,2022 Photographs,Dataset contains photographs from 2022 excavation.,"OCHRE link: <a href=""https://pi.lib.uchicago.edu/1001/org/ochre/b101baca-6538-4756-80e1-75f77d94f868"">https://pi.lib.uchicago.edu/1001/org/ochre/b101baca-6538-4756-80e1-75f77d94f868</a>"
A22_35052.jpg,https://pi.lib.uchicago.edu/1001/org/ochre/ba1d1f67-71b1-42dc-9131-41d0e2f6520c,2022 Photographs,Dataset contains photographs from 2022 excavation.,"OCHRE link: <a href=""https://pi.lib.uchicago.edu/1001/org/ochre/ba1d1f67-71b1-42dc-9131-41d0e2f6520c"">https://pi.lib.uchicago.edu/1001/org/ochre/ba1d1f67-71b1-42dc-9131-41d0e2f6520c</a>"
A22_35053.jpg,https://pi.lib.uchicago.edu/1001/org/ochre/5ad0dfd4-9754-4657-8fdb-7f1ac4902c45,2022 Photographs,Dataset contains photographs from 2022 excavation.,"OCHRE link: <a href=""https://pi.lib.uchicago.edu/1001/org/ochre/5ad0dfd4-9754-4657-8fdb-7f1ac4902c45"">https://pi.lib.uchicago.edu/1001/org/ochre/5ad0dfd4-9754-4657-8fdb-7f1ac4902c45</a>"
A22_35054.jpg,https://pi.lib.uchicago.edu/1001/org/ochre/6a41aaa5-58f1-4989-a096-4001e0bb4367,2022 Photographs,Dataset contains photographs from 2022 excavation.,"OCHRE link: <a href=""https://pi.lib.uchicago.edu/1001/org/ochre/6a41aaa5-58f1-4989-a096-4001e0bb4367"">https://pi.lib.uchicago.edu/1001/org/ochre/6a41aaa5-58f1-4989-a096-4001e0bb4367</a>"
A22_35055.jpg,https://pi.lib.uchicago.edu/1001/org/ochre/4c7a50cc-3515-486c-a4e8-fb0ac337b29e,2022 Photographs,Dataset contains photographs from 2022 excavation.,"OCHRE link: <a href=""https://pi.lib.uchicago.edu/1001/org/ochre/4c7a50cc-3515-486c-a4e8-fb0ac337b29e"">https://pi.lib.uchicago.edu/1001/org/ochre/4c7a50cc-3515-486c-a4e8-fb0ac337b29e</a>"
A22_35056.jpg,https://pi.lib.uchicago.edu/1001/org/ochre/4321da79-404e-4f12-bb03-890f31829960,2022 Photographs,Dataset contains photographs from 2022 excavation.,"OCHRE link: <a href=""https://pi.lib.uchicago.edu/1001/org/ochre/4321da79-404e-4f12-bb03-890f31829960"">https://pi.lib.uchicago.edu/1001/org/ochre/4321da79-404e-4f12-bb03-890f31829960</a>"
A22_35057.jpg,https://pi.lib.uchicago.edu/1001/org/ochre/b365ffbc-1f55-469e-ac82-6fc79405486d,2022 Photographs,Dataset contains photographs from 2022 excavation.,"OCHRE link: <a href=""https://pi.lib.uchicago.edu/1001/org/ochre/b365ffbc-1f55-469e-ac82-6fc79405486d"">https://pi.lib.uchicago.edu/1001/org/ochre/b365ffbc-1f55-469e-ac82-6fc79405486d</a>"
A22_35058.jpg,https://pi.lib.uchicago.edu/1001/org/ochre/7dac7421-3b6f-4807-90b1-f3e78c5926c9,2022 Photographs,Dataset contains photographs from 2022 excavation.,"OCHRE link: <a href=""https://pi.lib.uchicago.edu/1001/org/ochre/7dac7421-3b6f-4807-90b1-f3e78c5926c9"">https://pi.lib.uchicago.edu/1001/org/ochre/7dac7421-3b6f-4807-90b1-f3e78c5926c9</a>"
A22_35059.jpg,https://pi.lib.uchicago.edu/1001/org/ochre/d42b5ce2-f998-4913-b778-3221bebba97d,2022 Photographs,Dataset contains photographs from 2022 excavation.,"OCHRE link: <a href=""https://pi.lib.uchicago.edu/1001/org/ochre/d42b5ce2-f998-4913-b778-3221bebba97d"">https://pi.lib.uchicago.edu/1001/org/ochre/d42b5ce2-f998-4913-b778-3221bebba97d</a>"
A22_35060.jpg,https://pi.lib.uchicago.edu/1001/org/ochre/d1d8c9ea-bfd1-48dd-a32d-191b8974e5bb,2022 Photographs,Dataset contains photographs from 2022 excavation.,"OCHRE link: <a href=""https://pi.lib.uchicago.edu/1001/org/ochre/d1d8c9ea-bfd1-48dd-a32d-191b8974e5bb"">https://pi.lib.uchicago.edu/1001/org/ochre/d1d8c9ea-bfd1-48dd-a32d-191b8974e5bb</a>"
A22_35061.jpg,https://pi.lib.uchicago.edu/1001/org/ochre/c8d3bf08-baf9-4332-9eec-aeb82ac9f8bd,2022 Photographs,Dataset contains photographs from 2022 excavation.,"OCHRE link: <a href=""https://pi.lib.uchicago.edu/1001/org/ochre/c8d3bf08-baf9-4332-9eec-aeb82ac9f8bd"">https://pi.lib.uchicago.edu/1001/org/ochre/c8d3bf08-baf9-4332-9eec-aeb82ac9f8bd</a>"
A22_35062.jpg,https://pi.lib.uchicago.edu/1001/org/ochre/42f88fa6-4063-481c-b410-b005deacf81e,2022 Photographs,Dataset contains photographs from 2022 excavation.,"OCHRE link: <a href=""https://pi.lib.uchicago.edu/1001/org/ochre/42f88fa6-4063-481c-b410-b005deacf81e"">https://pi.lib.uchicago.edu/1001/org/ochre/42f88fa6-4063-481c-b410-b005deacf81e</a>"