filename,Filename,metadata_link,dataset_title,dataset_description,file_description
2010.38.74.Video1.mp4,2010.38.74.Video1.MP4,https://pi.lib.uchicago.edu/1001/org/ochre/603d32b3-34c9-4d97-a6d7-0c0f56356654,Leon Levy Expedition to Ashkelon Dataset: Videos,Videos collected from the excavation of Ashkelon; 1985-2016.,"<a href=""https://pi.lib.uchicago.edu/1001/org/ochre/603d32b3-34c9-4d97-a6d7-0c0f56356654"">https://pi.lib.uchicago.edu/1001/org/ochre/603d32b3-34c9-4d97-a6d7-0c0f56356654</a>"
2010.38.74.Video2.mp4,2010.38.74.Video2.MP4,https://pi.lib.uchicago.edu/1001/org/ochre/378787fb-bfd3-4bd8-8fe5-46083ba6db98,Leon Levy Expedition to Ashkelon Dataset: Videos,Videos collected from the excavation of Ashkelon; 1985-2016.,"<a href=""https://pi.lib.uchicago.edu/1001/org/ochre/378787fb-bfd3-4bd8-8fe5-46083ba6db98"">https://pi.lib.uchicago.edu/1001/org/ochre/378787fb-bfd3-4bd8-8fe5-46083ba6db98</a>"
2010.38.74.Video3.mp4,2010.38.74.Video3.MP4,https://pi.lib.uchicago.edu/1001/org/ochre/e52cd4fa-6ae4-44cc-b6ba-41fc51d0709d,Leon Levy Expedition to Ashkelon Dataset: Videos,Videos collected from the excavation of Ashkelon; 1985-2016.,"<a href=""https://pi.lib.uchicago.edu/1001/org/ochre/e52cd4fa-6ae4-44cc-b6ba-41fc51d0709d"">https://pi.lib.uchicago.edu/1001/org/ochre/e52cd4fa-6ae4-44cc-b6ba-41fc51d0709d</a>"
2010.38.85.Video1.mp4,2010.38.85.Video1.MP4,https://pi.lib.uchicago.edu/1001/org/ochre/4d183cb8-e49a-4c42-88e0-db589b6bd93a,Leon Levy Expedition to Ashkelon Dataset: Videos,Videos collected from the excavation of Ashkelon; 1985-2016.,"<a href=""https://pi.lib.uchicago.edu/1001/org/ochre/4d183cb8-e49a-4c42-88e0-db589b6bd93a"">https://pi.lib.uchicago.edu/1001/org/ochre/4d183cb8-e49a-4c42-88e0-db589b6bd93a</a>"
2010.38.85.Video2.mp4,2010.38.85.Video2.MP4,https://pi.lib.uchicago.edu/1001/org/ochre/dd757564-81b2-4620-bc8f-20fa7bbddca0,Leon Levy Expedition to Ashkelon Dataset: Videos,Videos collected from the excavation of Ashkelon; 1985-2016.,"<a href=""https://pi.lib.uchicago.edu/1001/org/ochre/dd757564-81b2-4620-bc8f-20fa7bbddca0"">https://pi.lib.uchicago.edu/1001/org/ochre/dd757564-81b2-4620-bc8f-20fa7bbddca0</a>"
2010.47.Video1.mp4,2010.47.Video1.MP4,https://pi.lib.uchicago.edu/1001/org/ochre/7711da49-098a-47a6-bb77-779a0dfd0336,Leon Levy Expedition to Ashkelon Dataset: Videos,Videos collected from the excavation of Ashkelon; 1985-2016.,"<a href=""https://pi.lib.uchicago.edu/1001/org/ochre/7711da49-098a-47a6-bb77-779a0dfd0336"">https://pi.lib.uchicago.edu/1001/org/ochre/7711da49-098a-47a6-bb77-779a0dfd0336</a>"
2010.47.Video2.mp4,2010.47.Video2.MP4,https://pi.lib.uchicago.edu/1001/org/ochre/e45c9b30-4134-468e-b928-f1f9049c06bd,Leon Levy Expedition to Ashkelon Dataset: Videos,Videos collected from the excavation of Ashkelon; 1985-2016.,"<a href=""https://pi.lib.uchicago.edu/1001/org/ochre/e45c9b30-4134-468e-b928-f1f9049c06bd"">https://pi.lib.uchicago.edu/1001/org/ochre/e45c9b30-4134-468e-b928-f1f9049c06bd</a>"
2010.47.Video3.mp4,2010.47.Video3.MP4,https://pi.lib.uchicago.edu/1001/org/ochre/fbf4eea6-8a7f-43c3-9fbe-0b17aa150e8c,Leon Levy Expedition to Ashkelon Dataset: Videos,Videos collected from the excavation of Ashkelon; 1985-2016.,"<a href=""https://pi.lib.uchicago.edu/1001/org/ochre/fbf4eea6-8a7f-43c3-9fbe-0b17aa150e8c"">https://pi.lib.uchicago.edu/1001/org/ochre/fbf4eea6-8a7f-43c3-9fbe-0b17aa150e8c</a>"
2010.47.34.Video1.mp4,2010.47.34.Video1.MP4,https://pi.lib.uchicago.edu/1001/org/ochre/910edcd3-7d77-4333-8d76-11f65b332eba,Leon Levy Expedition to Ashkelon Dataset: Videos,Videos collected from the excavation of Ashkelon; 1985-2016.,"<a href=""https://pi.lib.uchicago.edu/1001/org/ochre/910edcd3-7d77-4333-8d76-11f65b332eba"">https://pi.lib.uchicago.edu/1001/org/ochre/910edcd3-7d77-4333-8d76-11f65b332eba</a>"
2010.47.34.Video2.mp4,2010.47.34.Video2.MP4,https://pi.lib.uchicago.edu/1001/org/ochre/6dee3d70-4958-4194-b261-56e11da678a6,Leon Levy Expedition to Ashkelon Dataset: Videos,Videos collected from the excavation of Ashkelon; 1985-2016.,"<a href=""https://pi.lib.uchicago.edu/1001/org/ochre/6dee3d70-4958-4194-b261-56e11da678a6"">https://pi.lib.uchicago.edu/1001/org/ochre/6dee3d70-4958-4194-b261-56e11da678a6</a>"
2010.47.34.Video3.mp4,2010.47.34.Video3.MP4,https://pi.lib.uchicago.edu/1001/org/ochre/8229eae6-6c3f-4e8c-9f8e-20e3501fe9d2,Leon Levy Expedition to Ashkelon Dataset: Videos,Videos collected from the excavation of Ashkelon; 1985-2016.,"<a href=""https://pi.lib.uchicago.edu/1001/org/ochre/8229eae6-6c3f-4e8c-9f8e-20e3501fe9d2"">https://pi.lib.uchicago.edu/1001/org/ochre/8229eae6-6c3f-4e8c-9f8e-20e3501fe9d2</a>"
2010.47.34.Video4.mp4,2010.47.34.Video4.MP4,https://pi.lib.uchicago.edu/1001/org/ochre/24297ad8-ac73-4261-aaf1-74adb8882efa,Leon Levy Expedition to Ashkelon Dataset: Videos,Videos collected from the excavation of Ashkelon; 1985-2016.,"<a href=""https://pi.lib.uchicago.edu/1001/org/ochre/24297ad8-ac73-4261-aaf1-74adb8882efa"">https://pi.lib.uchicago.edu/1001/org/ochre/24297ad8-ac73-4261-aaf1-74adb8882efa</a>"
"2010.47.34,35.Video5.mp4","2010.47.34,35.Video5.MP4",https://pi.lib.uchicago.edu/1001/org/ochre/193b1a28-da54-43c4-8c0d-203cb1902694,Leon Levy Expedition to Ashkelon Dataset: Videos,Videos collected from the excavation of Ashkelon; 1985-2016.,"<a href=""https://pi.lib.uchicago.edu/1001/org/ochre/193b1a28-da54-43c4-8c0d-203cb1902694"">https://pi.lib.uchicago.edu/1001/org/ochre/193b1a28-da54-43c4-8c0d-203cb1902694</a>"
2010.47.38.Video1.mp4,2010.47.38.Video1.MP4,https://pi.lib.uchicago.edu/1001/org/ochre/de6e7a17-3de7-498e-b66d-44c47fc19603,Leon Levy Expedition to Ashkelon Dataset: Videos,Videos collected from the excavation of Ashkelon; 1985-2016.,"<a href=""https://pi.lib.uchicago.edu/1001/org/ochre/de6e7a17-3de7-498e-b66d-44c47fc19603"">https://pi.lib.uchicago.edu/1001/org/ochre/de6e7a17-3de7-498e-b66d-44c47fc19603</a>"
2010.47.45.Video1.mp4,2010.47.45.Video1.MP4,https://pi.lib.uchicago.edu/1001/org/ochre/4a19fe2f-9276-4894-80f6-1bb4ad9fcc0a,Leon Levy Expedition to Ashkelon Dataset: Videos,Videos collected from the excavation of Ashkelon; 1985-2016.,"<a href=""https://pi.lib.uchicago.edu/1001/org/ochre/4a19fe2f-9276-4894-80f6-1bb4ad9fcc0a"">https://pi.lib.uchicago.edu/1001/org/ochre/4a19fe2f-9276-4894-80f6-1bb4ad9fcc0a</a>"
2010.47.45.Video2.mp4,2010.47.45.Video2.MP4,https://pi.lib.uchicago.edu/1001/org/ochre/aab750b7-6885-4cd3-b6e5-294d108b37fc,Leon Levy Expedition to Ashkelon Dataset: Videos,Videos collected from the excavation of Ashkelon; 1985-2016.,"<a href=""https://pi.lib.uchicago.edu/1001/org/ochre/aab750b7-6885-4cd3-b6e5-294d108b37fc"">https://pi.lib.uchicago.edu/1001/org/ochre/aab750b7-6885-4cd3-b6e5-294d108b37fc</a>"
2010.47.45.Video3.mp4,2010.47.45.Video3.MP4,https://pi.lib.uchicago.edu/1001/org/ochre/9e83b81d-b2b0-46eb-b729-f5307a0c92d0,Leon Levy Expedition to Ashkelon Dataset: Videos,Videos collected from the excavation of Ashkelon; 1985-2016.,"<a href=""https://pi.lib.uchicago.edu/1001/org/ochre/9e83b81d-b2b0-46eb-b729-f5307a0c92d0"">https://pi.lib.uchicago.edu/1001/org/ochre/9e83b81d-b2b0-46eb-b729-f5307a0c92d0</a>"
2010.47.45.Video4.mp4,2010.47.45.Video4.MP4,https://pi.lib.uchicago.edu/1001/org/ochre/a16af312-c8bd-4a91-aef6-cb7e69e7bdb9,Leon Levy Expedition to Ashkelon Dataset: Videos,Videos collected from the excavation of Ashkelon; 1985-2016.,"<a href=""https://pi.lib.uchicago.edu/1001/org/ochre/a16af312-c8bd-4a91-aef6-cb7e69e7bdb9"">https://pi.lib.uchicago.edu/1001/org/ochre/a16af312-c8bd-4a91-aef6-cb7e69e7bdb9</a>"
2010.47.45.Video5.mp4,2010.47.45.Video5.MP4,https://pi.lib.uchicago.edu/1001/org/ochre/0376106b-ccfc-428c-b8b0-b55250297ed2,Leon Levy Expedition to Ashkelon Dataset: Videos,Videos collected from the excavation of Ashkelon; 1985-2016.,"<a href=""https://pi.lib.uchicago.edu/1001/org/ochre/0376106b-ccfc-428c-b8b0-b55250297ed2"">https://pi.lib.uchicago.edu/1001/org/ochre/0376106b-ccfc-428c-b8b0-b55250297ed2</a>"
2010.47.45.Video6.mp4,2010.47.45.Video6.MP4,https://pi.lib.uchicago.edu/1001/org/ochre/a8c6cadf-cb84-4367-941d-9e6c1e02c8d2,Leon Levy Expedition to Ashkelon Dataset: Videos,Videos collected from the excavation of Ashkelon; 1985-2016.,"<a href=""https://pi.lib.uchicago.edu/1001/org/ochre/a8c6cadf-cb84-4367-941d-9e6c1e02c8d2"">https://pi.lib.uchicago.edu/1001/org/ochre/a8c6cadf-cb84-4367-941d-9e6c1e02c8d2</a>"
2010.47.45.Video7.mp4,2010.47.45.Video7.MP4,https://pi.lib.uchicago.edu/1001/org/ochre/f166c6cd-a77e-4b01-931e-7e28029f1ece,Leon Levy Expedition to Ashkelon Dataset: Videos,Videos collected from the excavation of Ashkelon; 1985-2016.,"<a href=""https://pi.lib.uchicago.edu/1001/org/ochre/f166c6cd-a77e-4b01-931e-7e28029f1ece"">https://pi.lib.uchicago.edu/1001/org/ochre/f166c6cd-a77e-4b01-931e-7e28029f1ece</a>"
2010.47.45.Video8.mp4,2010.47.45.Video8.MP4,https://pi.lib.uchicago.edu/1001/org/ochre/ca9e0167-346d-43d7-a754-aed3488122b1,Leon Levy Expedition to Ashkelon Dataset: Videos,Videos collected from the excavation of Ashkelon; 1985-2016.,"<a href=""https://pi.lib.uchicago.edu/1001/org/ochre/ca9e0167-346d-43d7-a754-aed3488122b1"">https://pi.lib.uchicago.edu/1001/org/ochre/ca9e0167-346d-43d7-a754-aed3488122b1</a>"
2010.47.55.Video1.mp4,2010.47.55.Video1.MP4,https://pi.lib.uchicago.edu/1001/org/ochre/3a2c31ac-5a42-4177-942a-6c5e042cf2d2,Leon Levy Expedition to Ashkelon Dataset: Videos,Videos collected from the excavation of Ashkelon; 1985-2016.,"<a href=""https://pi.lib.uchicago.edu/1001/org/ochre/3a2c31ac-5a42-4177-942a-6c5e042cf2d2"">https://pi.lib.uchicago.edu/1001/org/ochre/3a2c31ac-5a42-4177-942a-6c5e042cf2d2</a>"
2010.47.55.Video2.mp4,2010.47.55.Video2.MP4,https://pi.lib.uchicago.edu/1001/org/ochre/d5b076f1-7625-42fa-ae59-188a3e7d4e8a,Leon Levy Expedition to Ashkelon Dataset: Videos,Videos collected from the excavation of Ashkelon; 1985-2016.,"<a href=""https://pi.lib.uchicago.edu/1001/org/ochre/d5b076f1-7625-42fa-ae59-188a3e7d4e8a"">https://pi.lib.uchicago.edu/1001/org/ochre/d5b076f1-7625-42fa-ae59-188a3e7d4e8a</a>"
2010.47.55.Video3.mp4,2010.47.55.Video3.MP4,https://pi.lib.uchicago.edu/1001/org/ochre/a1859d2c-cd1e-4682-918b-5bc5b5a9563d,Leon Levy Expedition to Ashkelon Dataset: Videos,Videos collected from the excavation of Ashkelon; 1985-2016.,"<a href=""https://pi.lib.uchicago.edu/1001/org/ochre/a1859d2c-cd1e-4682-918b-5bc5b5a9563d"">https://pi.lib.uchicago.edu/1001/org/ochre/a1859d2c-cd1e-4682-918b-5bc5b5a9563d</a>"
2010.47.55.Video4.mp4,2010.47.55.Video4.MP4,https://pi.lib.uchicago.edu/1001/org/ochre/bb82753c-3200-4fff-8f13-1d614d589a9f,Leon Levy Expedition to Ashkelon Dataset: Videos,Videos collected from the excavation of Ashkelon; 1985-2016.,"<a href=""https://pi.lib.uchicago.edu/1001/org/ochre/bb82753c-3200-4fff-8f13-1d614d589a9f"">https://pi.lib.uchicago.edu/1001/org/ochre/bb82753c-3200-4fff-8f13-1d614d589a9f</a>"
2010.47.55.Video5.mp4,2010.47.55.Video5.MP4,https://pi.lib.uchicago.edu/1001/org/ochre/991c3f01-d5f9-47c5-bc87-190e615e90de,Leon Levy Expedition to Ashkelon Dataset: Videos,Videos collected from the excavation of Ashkelon; 1985-2016.,"<a href=""https://pi.lib.uchicago.edu/1001/org/ochre/991c3f01-d5f9-47c5-bc87-190e615e90de"">https://pi.lib.uchicago.edu/1001/org/ochre/991c3f01-d5f9-47c5-bc87-190e615e90de</a>"
2010.47.55.Video6.mp4,2010.47.55.Video6.MP4,https://pi.lib.uchicago.edu/1001/org/ochre/954fdc1b-cd55-4fef-990e-ae8b6cbbc136,Leon Levy Expedition to Ashkelon Dataset: Videos,Videos collected from the excavation of Ashkelon; 1985-2016.,"<a href=""https://pi.lib.uchicago.edu/1001/org/ochre/954fdc1b-cd55-4fef-990e-ae8b6cbbc136"">https://pi.lib.uchicago.edu/1001/org/ochre/954fdc1b-cd55-4fef-990e-ae8b6cbbc136</a>"
2010.51.Video1.mp4,2010.51.Video1.MP4,https://pi.lib.uchicago.edu/1001/org/ochre/b2735db1-885f-4974-8df4-7f5e47bd181f,Leon Levy Expedition to Ashkelon Dataset: Videos,Videos collected from the excavation of Ashkelon; 1985-2016.,"<a href=""https://pi.lib.uchicago.edu/1001/org/ochre/b2735db1-885f-4974-8df4-7f5e47bd181f"">https://pi.lib.uchicago.edu/1001/org/ochre/b2735db1-885f-4974-8df4-7f5e47bd181f</a>"
2010.51.73.Video1.mp4,2010.51.73.Video1.MP4,https://pi.lib.uchicago.edu/1001/org/ochre/4034a7f8-d1a9-43e0-8f2a-287b4ed4ea0a,Leon Levy Expedition to Ashkelon Dataset: Videos,Videos collected from the excavation of Ashkelon; 1985-2016.,"<a href=""https://pi.lib.uchicago.edu/1001/org/ochre/4034a7f8-d1a9-43e0-8f2a-287b4ed4ea0a"">https://pi.lib.uchicago.edu/1001/org/ochre/4034a7f8-d1a9-43e0-8f2a-287b4ed4ea0a</a>"
2010.51.73.Video2.mp4,2010.51.73.Video2.MP4,https://pi.lib.uchicago.edu/1001/org/ochre/32e8c6f9-2f94-4830-a93c-883e5de6693f,Leon Levy Expedition to Ashkelon Dataset: Videos,Videos collected from the excavation of Ashkelon; 1985-2016.,"<a href=""https://pi.lib.uchicago.edu/1001/org/ochre/32e8c6f9-2f94-4830-a93c-883e5de6693f"">https://pi.lib.uchicago.edu/1001/org/ochre/32e8c6f9-2f94-4830-a93c-883e5de6693f</a>"
2010.51.74.Video1.mp4,2010.51.74.Video1.MP4,https://pi.lib.uchicago.edu/1001/org/ochre/26ac8bc8-c8c1-4619-a931-0141682d65f5,Leon Levy Expedition to Ashkelon Dataset: Videos,Videos collected from the excavation of Ashkelon; 1985-2016.,"<a href=""https://pi.lib.uchicago.edu/1001/org/ochre/26ac8bc8-c8c1-4619-a931-0141682d65f5"">https://pi.lib.uchicago.edu/1001/org/ochre/26ac8bc8-c8c1-4619-a931-0141682d65f5</a>"
2010.51.74.Video2.mp4,2010.51.74.Video2.MP4,https://pi.lib.uchicago.edu/1001/org/ochre/dc0e1670-b6db-44dd-b354-cfd315f832e0,Leon Levy Expedition to Ashkelon Dataset: Videos,Videos collected from the excavation of Ashkelon; 1985-2016.,"<a href=""https://pi.lib.uchicago.edu/1001/org/ochre/dc0e1670-b6db-44dd-b354-cfd315f832e0"">https://pi.lib.uchicago.edu/1001/org/ochre/dc0e1670-b6db-44dd-b354-cfd315f832e0</a>"
2010.51.74.Video3.mp4,2010.51.74.Video3.MP4,https://pi.lib.uchicago.edu/1001/org/ochre/c85f2fa4-9d6e-4951-97f3-3670a6d82a81,Leon Levy Expedition to Ashkelon Dataset: Videos,Videos collected from the excavation of Ashkelon; 1985-2016.,"<a href=""https://pi.lib.uchicago.edu/1001/org/ochre/c85f2fa4-9d6e-4951-97f3-3670a6d82a81"">https://pi.lib.uchicago.edu/1001/org/ochre/c85f2fa4-9d6e-4951-97f3-3670a6d82a81</a>"
2010.51.74.Video4.mp4,2010.51.74.Video4.MP4,https://pi.lib.uchicago.edu/1001/org/ochre/b8920157-c5a2-481a-994b-21aeb92859cd,Leon Levy Expedition to Ashkelon Dataset: Videos,Videos collected from the excavation of Ashkelon; 1985-2016.,"<a href=""https://pi.lib.uchicago.edu/1001/org/ochre/b8920157-c5a2-481a-994b-21aeb92859cd"">https://pi.lib.uchicago.edu/1001/org/ochre/b8920157-c5a2-481a-994b-21aeb92859cd</a>"
2010.51.75.Video1.mp4,2010.51.75.Video1.MP4,https://pi.lib.uchicago.edu/1001/org/ochre/834c30d2-17b1-4385-95bf-8ddfce6445f9,Leon Levy Expedition to Ashkelon Dataset: Videos,Videos collected from the excavation of Ashkelon; 1985-2016.,"<a href=""https://pi.lib.uchicago.edu/1001/org/ochre/834c30d2-17b1-4385-95bf-8ddfce6445f9"">https://pi.lib.uchicago.edu/1001/org/ochre/834c30d2-17b1-4385-95bf-8ddfce6445f9</a>"
2010.51.75.Video2.mp4,2010.51.75.Video2.MP4,https://pi.lib.uchicago.edu/1001/org/ochre/44a77352-a1ad-4ad8-addb-25b0c5f448a3,Leon Levy Expedition to Ashkelon Dataset: Videos,Videos collected from the excavation of Ashkelon; 1985-2016.,"<a href=""https://pi.lib.uchicago.edu/1001/org/ochre/44a77352-a1ad-4ad8-addb-25b0c5f448a3"">https://pi.lib.uchicago.edu/1001/org/ochre/44a77352-a1ad-4ad8-addb-25b0c5f448a3</a>"
2010.51.84.Video1.mp4,2010.51.84.Video1.MP4,https://pi.lib.uchicago.edu/1001/org/ochre/53087ef1-df53-4aee-8ac1-1400c29b0e32,Leon Levy Expedition to Ashkelon Dataset: Videos,Videos collected from the excavation of Ashkelon; 1985-2016.,"<a href=""https://pi.lib.uchicago.edu/1001/org/ochre/53087ef1-df53-4aee-8ac1-1400c29b0e32"">https://pi.lib.uchicago.edu/1001/org/ochre/53087ef1-df53-4aee-8ac1-1400c29b0e32</a>"
2010.51.85.Video1.mp4,2010.51.85.Video1.MP4,https://pi.lib.uchicago.edu/1001/org/ochre/bcf6ed06-9aee-416f-a240-c91a1c58a1e7,Leon Levy Expedition to Ashkelon Dataset: Videos,Videos collected from the excavation of Ashkelon; 1985-2016.,"<a href=""https://pi.lib.uchicago.edu/1001/org/ochre/bcf6ed06-9aee-416f-a240-c91a1c58a1e7"">https://pi.lib.uchicago.edu/1001/org/ochre/bcf6ed06-9aee-416f-a240-c91a1c58a1e7</a>"
"2011.10.19,9.Video1.mp4","2011.10.19,9.Video1.MP4",https://pi.lib.uchicago.edu/1001/org/ochre/13a9e98e-281c-421f-88cc-f0719d39029d,Leon Levy Expedition to Ashkelon Dataset: Videos,Videos collected from the excavation of Ashkelon; 1985-2016.,"<a href=""https://pi.lib.uchicago.edu/1001/org/ochre/13a9e98e-281c-421f-88cc-f0719d39029d"">https://pi.lib.uchicago.edu/1001/org/ochre/13a9e98e-281c-421f-88cc-f0719d39029d</a>"
2011.35.23.Video1.mp4,2011.35.23.Video1.MP4,https://pi.lib.uchicago.edu/1001/org/ochre/fffd4a19-71c6-4fd1-b153-570bd71160d1,Leon Levy Expedition to Ashkelon Dataset: Videos,Videos collected from the excavation of Ashkelon; 1985-2016.,"<a href=""https://pi.lib.uchicago.edu/1001/org/ochre/fffd4a19-71c6-4fd1-b153-570bd71160d1"">https://pi.lib.uchicago.edu/1001/org/ochre/fffd4a19-71c6-4fd1-b153-570bd71160d1</a>"
2011.35.23.Video2.mp4,2011.35.23.Video2.MP4,https://pi.lib.uchicago.edu/1001/org/ochre/c1266438-fdd0-455a-8b8c-54643917c871,Leon Levy Expedition to Ashkelon Dataset: Videos,Videos collected from the excavation of Ashkelon; 1985-2016.,"<a href=""https://pi.lib.uchicago.edu/1001/org/ochre/c1266438-fdd0-455a-8b8c-54643917c871"">https://pi.lib.uchicago.edu/1001/org/ochre/c1266438-fdd0-455a-8b8c-54643917c871</a>"
2011.35.32.Video1.mp4,2011.35.32.Video1.MP4,https://pi.lib.uchicago.edu/1001/org/ochre/7cc06dd8-7c63-4e43-8605-a36470202bb0,Leon Levy Expedition to Ashkelon Dataset: Videos,Videos collected from the excavation of Ashkelon; 1985-2016.,"<a href=""https://pi.lib.uchicago.edu/1001/org/ochre/7cc06dd8-7c63-4e43-8605-a36470202bb0"">https://pi.lib.uchicago.edu/1001/org/ochre/7cc06dd8-7c63-4e43-8605-a36470202bb0</a>"
2011.38.75.Video1.mp4,2011.38.75.Video1.MP4,https://pi.lib.uchicago.edu/1001/org/ochre/a6c77d8b-63aa-45bf-9f3b-847d1f5a85e6,Leon Levy Expedition to Ashkelon Dataset: Videos,Videos collected from the excavation of Ashkelon; 1985-2016.,"<a href=""https://pi.lib.uchicago.edu/1001/org/ochre/a6c77d8b-63aa-45bf-9f3b-847d1f5a85e6"">https://pi.lib.uchicago.edu/1001/org/ochre/a6c77d8b-63aa-45bf-9f3b-847d1f5a85e6</a>"
2011.38.76.Video1.mp4,2011.38.76.Video1.MP4,https://pi.lib.uchicago.edu/1001/org/ochre/b3ac2e12-fbd8-494c-bb38-8a459af120a0,Leon Levy Expedition to Ashkelon Dataset: Videos,Videos collected from the excavation of Ashkelon; 1985-2016.,"<a href=""https://pi.lib.uchicago.edu/1001/org/ochre/b3ac2e12-fbd8-494c-bb38-8a459af120a0"">https://pi.lib.uchicago.edu/1001/org/ochre/b3ac2e12-fbd8-494c-bb38-8a459af120a0</a>"
2011.38.76.Video2.mp4,2011.38.76.Video2.MP4,https://pi.lib.uchicago.edu/1001/org/ochre/9909bf09-882a-4652-ab66-1857b752ec36,Leon Levy Expedition to Ashkelon Dataset: Videos,Videos collected from the excavation of Ashkelon; 1985-2016.,"<a href=""https://pi.lib.uchicago.edu/1001/org/ochre/9909bf09-882a-4652-ab66-1857b752ec36"">https://pi.lib.uchicago.edu/1001/org/ochre/9909bf09-882a-4652-ab66-1857b752ec36</a>"
2011.38.76.Video3.mp4,2011.38.76.Video3.MP4,https://pi.lib.uchicago.edu/1001/org/ochre/ef4ac822-9eca-4180-b258-969ec75098db,Leon Levy Expedition to Ashkelon Dataset: Videos,Videos collected from the excavation of Ashkelon; 1985-2016.,"<a href=""https://pi.lib.uchicago.edu/1001/org/ochre/ef4ac822-9eca-4180-b258-969ec75098db"">https://pi.lib.uchicago.edu/1001/org/ochre/ef4ac822-9eca-4180-b258-969ec75098db</a>"
2011.38.76.Video4.mp4,2011.38.76.Video4.MP4,https://pi.lib.uchicago.edu/1001/org/ochre/94af1046-8454-4800-8647-d96b9b24390e,Leon Levy Expedition to Ashkelon Dataset: Videos,Videos collected from the excavation of Ashkelon; 1985-2016.,"<a href=""https://pi.lib.uchicago.edu/1001/org/ochre/94af1046-8454-4800-8647-d96b9b24390e"">https://pi.lib.uchicago.edu/1001/org/ochre/94af1046-8454-4800-8647-d96b9b24390e</a>"
2011.38.76.Video5.mp4,2011.38.76.Video5.MP4,https://pi.lib.uchicago.edu/1001/org/ochre/e0f64a3a-eaf5-4591-9abf-6d1fc342a8ed,Leon Levy Expedition to Ashkelon Dataset: Videos,Videos collected from the excavation of Ashkelon; 1985-2016.,"<a href=""https://pi.lib.uchicago.edu/1001/org/ochre/e0f64a3a-eaf5-4591-9abf-6d1fc342a8ed"">https://pi.lib.uchicago.edu/1001/org/ochre/e0f64a3a-eaf5-4591-9abf-6d1fc342a8ed</a>"
2011.38.76.Video6.mp4,2011.38.76.Video6.MP4,https://pi.lib.uchicago.edu/1001/org/ochre/5cfbaa6a-81c3-4573-91cd-f4206bc90f95,Leon Levy Expedition to Ashkelon Dataset: Videos,Videos collected from the excavation of Ashkelon; 1985-2016.,"<a href=""https://pi.lib.uchicago.edu/1001/org/ochre/5cfbaa6a-81c3-4573-91cd-f4206bc90f95"">https://pi.lib.uchicago.edu/1001/org/ochre/5cfbaa6a-81c3-4573-91cd-f4206bc90f95</a>"
2011.38.85.Video1.mp4,2011.38.85.Video1.MP4,https://pi.lib.uchicago.edu/1001/org/ochre/be1bbd32-0fb5-4684-8678-90934f4dc048,Leon Levy Expedition to Ashkelon Dataset: Videos,Videos collected from the excavation of Ashkelon; 1985-2016.,"<a href=""https://pi.lib.uchicago.edu/1001/org/ochre/be1bbd32-0fb5-4684-8678-90934f4dc048"">https://pi.lib.uchicago.edu/1001/org/ochre/be1bbd32-0fb5-4684-8678-90934f4dc048</a>"
2011.38.85.Video2.mp4,2011.38.85.Video2.MP4,https://pi.lib.uchicago.edu/1001/org/ochre/a7f162e2-3642-46a7-87f8-da562ed938c4,Leon Levy Expedition to Ashkelon Dataset: Videos,Videos collected from the excavation of Ashkelon; 1985-2016.,"<a href=""https://pi.lib.uchicago.edu/1001/org/ochre/a7f162e2-3642-46a7-87f8-da562ed938c4"">https://pi.lib.uchicago.edu/1001/org/ochre/a7f162e2-3642-46a7-87f8-da562ed938c4</a>"
2011.38.85.Video3.mp4,2011.38.85.Video3.MP4,https://pi.lib.uchicago.edu/1001/org/ochre/09b5172a-34c0-4ca1-8824-5dd2ff5e22ed,Leon Levy Expedition to Ashkelon Dataset: Videos,Videos collected from the excavation of Ashkelon; 1985-2016.,"<a href=""https://pi.lib.uchicago.edu/1001/org/ochre/09b5172a-34c0-4ca1-8824-5dd2ff5e22ed"">https://pi.lib.uchicago.edu/1001/org/ochre/09b5172a-34c0-4ca1-8824-5dd2ff5e22ed</a>"
2011.47.Video1.mp4,2011.47.Video1.MP4,https://pi.lib.uchicago.edu/1001/org/ochre/9e2c2ada-66bb-4643-aaa0-5d8e0a95b73f,Leon Levy Expedition to Ashkelon Dataset: Videos,Videos collected from the excavation of Ashkelon; 1985-2016.,"<a href=""https://pi.lib.uchicago.edu/1001/org/ochre/9e2c2ada-66bb-4643-aaa0-5d8e0a95b73f"">https://pi.lib.uchicago.edu/1001/org/ochre/9e2c2ada-66bb-4643-aaa0-5d8e0a95b73f</a>"
2011.47.34.Video1.mp4,2011.47.34.Video1.MP4,https://pi.lib.uchicago.edu/1001/org/ochre/f199b2d0-9695-4974-b900-2d27087da71e,Leon Levy Expedition to Ashkelon Dataset: Videos,Videos collected from the excavation of Ashkelon; 1985-2016.,"<a href=""https://pi.lib.uchicago.edu/1001/org/ochre/f199b2d0-9695-4974-b900-2d27087da71e"">https://pi.lib.uchicago.edu/1001/org/ochre/f199b2d0-9695-4974-b900-2d27087da71e</a>"
2011.47.34.Video2.mp4,2011.47.34.Video2.MP4,https://pi.lib.uchicago.edu/1001/org/ochre/f14605b3-0195-49f4-a396-4097549f22bd,Leon Levy Expedition to Ashkelon Dataset: Videos,Videos collected from the excavation of Ashkelon; 1985-2016.,"<a href=""https://pi.lib.uchicago.edu/1001/org/ochre/f14605b3-0195-49f4-a396-4097549f22bd"">https://pi.lib.uchicago.edu/1001/org/ochre/f14605b3-0195-49f4-a396-4097549f22bd</a>"
2011.47.45.Video1.mp4,2011.47.45.Video1.MP4,https://pi.lib.uchicago.edu/1001/org/ochre/b05c1344-2eae-43d9-94c3-361b84cbbd58,Leon Levy Expedition to Ashkelon Dataset: Videos,Videos collected from the excavation of Ashkelon; 1985-2016.,"<a href=""https://pi.lib.uchicago.edu/1001/org/ochre/b05c1344-2eae-43d9-94c3-361b84cbbd58"">https://pi.lib.uchicago.edu/1001/org/ochre/b05c1344-2eae-43d9-94c3-361b84cbbd58</a>"
2011.47.45.Video2.mp4,2011.47.45.Video2.MP4,https://pi.lib.uchicago.edu/1001/org/ochre/c8135c89-87fd-445f-b418-a552fb7d6e7b,Leon Levy Expedition to Ashkelon Dataset: Videos,Videos collected from the excavation of Ashkelon; 1985-2016.,"<a href=""https://pi.lib.uchicago.edu/1001/org/ochre/c8135c89-87fd-445f-b418-a552fb7d6e7b"">https://pi.lib.uchicago.edu/1001/org/ochre/c8135c89-87fd-445f-b418-a552fb7d6e7b</a>"
2011.47.56.Video1.mp4,2011.47.56.Video1.MP4,https://pi.lib.uchicago.edu/1001/org/ochre/b93b8760-7e2d-4d8c-9b54-d56ff851d7f6,Leon Levy Expedition to Ashkelon Dataset: Videos,Videos collected from the excavation of Ashkelon; 1985-2016.,"<a href=""https://pi.lib.uchicago.edu/1001/org/ochre/b93b8760-7e2d-4d8c-9b54-d56ff851d7f6"">https://pi.lib.uchicago.edu/1001/org/ochre/b93b8760-7e2d-4d8c-9b54-d56ff851d7f6</a>"
2011.47.64.Video1.mp4,2011.47.64.Video1.MP4,https://pi.lib.uchicago.edu/1001/org/ochre/17944982-27d8-474f-9436-b6ff42360315,Leon Levy Expedition to Ashkelon Dataset: Videos,Videos collected from the excavation of Ashkelon; 1985-2016.,"<a href=""https://pi.lib.uchicago.edu/1001/org/ochre/17944982-27d8-474f-9436-b6ff42360315"">https://pi.lib.uchicago.edu/1001/org/ochre/17944982-27d8-474f-9436-b6ff42360315</a>"
2011.47.64.Video2.mp4,2011.47.64.Video2.MP4,https://pi.lib.uchicago.edu/1001/org/ochre/f0a0baff-f180-4320-aed8-7e64a2a16d3d,Leon Levy Expedition to Ashkelon Dataset: Videos,Videos collected from the excavation of Ashkelon; 1985-2016.,"<a href=""https://pi.lib.uchicago.edu/1001/org/ochre/f0a0baff-f180-4320-aed8-7e64a2a16d3d"">https://pi.lib.uchicago.edu/1001/org/ochre/f0a0baff-f180-4320-aed8-7e64a2a16d3d</a>"
2011.47.64.Video3.mp4,2011.47.64.Video3.MP4,https://pi.lib.uchicago.edu/1001/org/ochre/a7d25986-fae8-4227-b033-54b448c35336,Leon Levy Expedition to Ashkelon Dataset: Videos,Videos collected from the excavation of Ashkelon; 1985-2016.,"<a href=""https://pi.lib.uchicago.edu/1001/org/ochre/a7d25986-fae8-4227-b033-54b448c35336"">https://pi.lib.uchicago.edu/1001/org/ochre/a7d25986-fae8-4227-b033-54b448c35336</a>"
2011.51.74.Video1.mp4,2011.51.74.Video1.MP4,https://pi.lib.uchicago.edu/1001/org/ochre/7a9f48a2-9d21-4e65-89b1-8d941017f704,Leon Levy Expedition to Ashkelon Dataset: Videos,Videos collected from the excavation of Ashkelon; 1985-2016.,"<a href=""https://pi.lib.uchicago.edu/1001/org/ochre/7a9f48a2-9d21-4e65-89b1-8d941017f704"">https://pi.lib.uchicago.edu/1001/org/ochre/7a9f48a2-9d21-4e65-89b1-8d941017f704</a>"
2011.51.74.Video10.mp4,2011.51.74.Video10.MP4,https://pi.lib.uchicago.edu/1001/org/ochre/cd1aa562-099d-4a6b-9b71-4160b6c4e975,Leon Levy Expedition to Ashkelon Dataset: Videos,Videos collected from the excavation of Ashkelon; 1985-2016.,"<a href=""https://pi.lib.uchicago.edu/1001/org/ochre/cd1aa562-099d-4a6b-9b71-4160b6c4e975"">https://pi.lib.uchicago.edu/1001/org/ochre/cd1aa562-099d-4a6b-9b71-4160b6c4e975</a>"
2011.51.74.Video11.mp4,2011.51.74.Video11.MP4,https://pi.lib.uchicago.edu/1001/org/ochre/6079610a-e650-4c52-976d-875875497caa,Leon Levy Expedition to Ashkelon Dataset: Videos,Videos collected from the excavation of Ashkelon; 1985-2016.,"<a href=""https://pi.lib.uchicago.edu/1001/org/ochre/6079610a-e650-4c52-976d-875875497caa"">https://pi.lib.uchicago.edu/1001/org/ochre/6079610a-e650-4c52-976d-875875497caa</a>"
2011.51.74.Video12.mp4,2011.51.74.Video12.MP4,https://pi.lib.uchicago.edu/1001/org/ochre/e87d7d73-6b10-4486-96f2-7c21e3748e4c,Leon Levy Expedition to Ashkelon Dataset: Videos,Videos collected from the excavation of Ashkelon; 1985-2016.,"<a href=""https://pi.lib.uchicago.edu/1001/org/ochre/e87d7d73-6b10-4486-96f2-7c21e3748e4c"">https://pi.lib.uchicago.edu/1001/org/ochre/e87d7d73-6b10-4486-96f2-7c21e3748e4c</a>"
2011.51.74.Video13.mp4,2011.51.74.Video13.MP4,https://pi.lib.uchicago.edu/1001/org/ochre/dfc492f8-e0d8-4e8d-a324-666b6e4c2feb,Leon Levy Expedition to Ashkelon Dataset: Videos,Videos collected from the excavation of Ashkelon; 1985-2016.,"<a href=""https://pi.lib.uchicago.edu/1001/org/ochre/dfc492f8-e0d8-4e8d-a324-666b6e4c2feb"">https://pi.lib.uchicago.edu/1001/org/ochre/dfc492f8-e0d8-4e8d-a324-666b6e4c2feb</a>"
2011.51.74.Video2.mp4,2011.51.74.Video2.MP4,https://pi.lib.uchicago.edu/1001/org/ochre/8b2406fb-0144-47e4-8b1e-b616138ad086,Leon Levy Expedition to Ashkelon Dataset: Videos,Videos collected from the excavation of Ashkelon; 1985-2016.,"<a href=""https://pi.lib.uchicago.edu/1001/org/ochre/8b2406fb-0144-47e4-8b1e-b616138ad086"">https://pi.lib.uchicago.edu/1001/org/ochre/8b2406fb-0144-47e4-8b1e-b616138ad086</a>"
2011.51.74.Video3.mp4,2011.51.74.Video3.MP4,https://pi.lib.uchicago.edu/1001/org/ochre/1f84e296-cd76-487a-baea-e9625a03fdc4,Leon Levy Expedition to Ashkelon Dataset: Videos,Videos collected from the excavation of Ashkelon; 1985-2016.,"<a href=""https://pi.lib.uchicago.edu/1001/org/ochre/1f84e296-cd76-487a-baea-e9625a03fdc4"">https://pi.lib.uchicago.edu/1001/org/ochre/1f84e296-cd76-487a-baea-e9625a03fdc4</a>"
2011.51.74.Video4.mp4,2011.51.74.Video4.MP4,https://pi.lib.uchicago.edu/1001/org/ochre/62f92a7a-dff9-4204-9adb-44a17e79019f,Leon Levy Expedition to Ashkelon Dataset: Videos,Videos collected from the excavation of Ashkelon; 1985-2016.,"<a href=""https://pi.lib.uchicago.edu/1001/org/ochre/62f92a7a-dff9-4204-9adb-44a17e79019f"">https://pi.lib.uchicago.edu/1001/org/ochre/62f92a7a-dff9-4204-9adb-44a17e79019f</a>"
2011.51.74.Video5.mp4,2011.51.74.Video5.MP4,https://pi.lib.uchicago.edu/1001/org/ochre/db5dfc72-3e7f-4117-9bcc-a431701198d4,Leon Levy Expedition to Ashkelon Dataset: Videos,Videos collected from the excavation of Ashkelon; 1985-2016.,"<a href=""https://pi.lib.uchicago.edu/1001/org/ochre/db5dfc72-3e7f-4117-9bcc-a431701198d4"">https://pi.lib.uchicago.edu/1001/org/ochre/db5dfc72-3e7f-4117-9bcc-a431701198d4</a>"
2011.51.74.Video6.mp4,2011.51.74.Video6.MP4,https://pi.lib.uchicago.edu/1001/org/ochre/d36578a1-4c6e-4869-a075-c077c84cf7d5,Leon Levy Expedition to Ashkelon Dataset: Videos,Videos collected from the excavation of Ashkelon; 1985-2016.,"<a href=""https://pi.lib.uchicago.edu/1001/org/ochre/d36578a1-4c6e-4869-a075-c077c84cf7d5"">https://pi.lib.uchicago.edu/1001/org/ochre/d36578a1-4c6e-4869-a075-c077c84cf7d5</a>"
2011.51.74.Video7.mp4,2011.51.74.Video7.MP4,https://pi.lib.uchicago.edu/1001/org/ochre/72ec2aa5-d408-4f53-948a-be56898264bc,Leon Levy Expedition to Ashkelon Dataset: Videos,Videos collected from the excavation of Ashkelon; 1985-2016.,"<a href=""https://pi.lib.uchicago.edu/1001/org/ochre/72ec2aa5-d408-4f53-948a-be56898264bc"">https://pi.lib.uchicago.edu/1001/org/ochre/72ec2aa5-d408-4f53-948a-be56898264bc</a>"
2011.51.74.Video8.mp4,2011.51.74.Video8.MP4,https://pi.lib.uchicago.edu/1001/org/ochre/4465d73e-e8f2-4420-83ee-73cdb58c91b8,Leon Levy Expedition to Ashkelon Dataset: Videos,Videos collected from the excavation of Ashkelon; 1985-2016.,"<a href=""https://pi.lib.uchicago.edu/1001/org/ochre/4465d73e-e8f2-4420-83ee-73cdb58c91b8"">https://pi.lib.uchicago.edu/1001/org/ochre/4465d73e-e8f2-4420-83ee-73cdb58c91b8</a>"
2011.51.74.Video9.mp4,2011.51.74.Video9.MP4,https://pi.lib.uchicago.edu/1001/org/ochre/0827f387-df0d-4dbf-8f70-f7ee078f0d13,Leon Levy Expedition to Ashkelon Dataset: Videos,Videos collected from the excavation of Ashkelon; 1985-2016.,"<a href=""https://pi.lib.uchicago.edu/1001/org/ochre/0827f387-df0d-4dbf-8f70-f7ee078f0d13"">https://pi.lib.uchicago.edu/1001/org/ochre/0827f387-df0d-4dbf-8f70-f7ee078f0d13</a>"
2011.51.75.Video1.mp4,2011.51.75.Video1.MP4,https://pi.lib.uchicago.edu/1001/org/ochre/815c342f-4b43-450c-861d-5a474701c5b9,Leon Levy Expedition to Ashkelon Dataset: Videos,Videos collected from the excavation of Ashkelon; 1985-2016.,"<a href=""https://pi.lib.uchicago.edu/1001/org/ochre/815c342f-4b43-450c-861d-5a474701c5b9"">https://pi.lib.uchicago.edu/1001/org/ochre/815c342f-4b43-450c-861d-5a474701c5b9</a>"
2011.51.83.Video1.mp4,2011.51.83.Video1.MP4,https://pi.lib.uchicago.edu/1001/org/ochre/4e0068e6-c0fc-487d-98ce-2b7ec253aac6,Leon Levy Expedition to Ashkelon Dataset: Videos,Videos collected from the excavation of Ashkelon; 1985-2016.,"<a href=""https://pi.lib.uchicago.edu/1001/org/ochre/4e0068e6-c0fc-487d-98ce-2b7ec253aac6"">https://pi.lib.uchicago.edu/1001/org/ochre/4e0068e6-c0fc-487d-98ce-2b7ec253aac6</a>"
2011.51.83.Video2.mp4,2011.51.83.Video2.MP4,https://pi.lib.uchicago.edu/1001/org/ochre/7c12969c-33c7-4756-abe4-683aab63f7b2,Leon Levy Expedition to Ashkelon Dataset: Videos,Videos collected from the excavation of Ashkelon; 1985-2016.,"<a href=""https://pi.lib.uchicago.edu/1001/org/ochre/7c12969c-33c7-4756-abe4-683aab63f7b2"">https://pi.lib.uchicago.edu/1001/org/ochre/7c12969c-33c7-4756-abe4-683aab63f7b2</a>"
2011.51.84.Video1.mp4,2011.51.84.Video1.MP4,https://pi.lib.uchicago.edu/1001/org/ochre/7f9cdaa4-f8c5-4143-8479-867032814c2f,Leon Levy Expedition to Ashkelon Dataset: Videos,Videos collected from the excavation of Ashkelon; 1985-2016.,"<a href=""https://pi.lib.uchicago.edu/1001/org/ochre/7f9cdaa4-f8c5-4143-8479-867032814c2f"">https://pi.lib.uchicago.edu/1001/org/ochre/7f9cdaa4-f8c5-4143-8479-867032814c2f</a>"
2011.51.84.Video2.mp4,2011.51.84.Video2.MP4,https://pi.lib.uchicago.edu/1001/org/ochre/a1a3057d-9a8f-4996-b8c6-620042eb10c7,Leon Levy Expedition to Ashkelon Dataset: Videos,Videos collected from the excavation of Ashkelon; 1985-2016.,"<a href=""https://pi.lib.uchicago.edu/1001/org/ochre/a1a3057d-9a8f-4996-b8c6-620042eb10c7"">https://pi.lib.uchicago.edu/1001/org/ochre/a1a3057d-9a8f-4996-b8c6-620042eb10c7</a>"
2011.51.84.Video3.mp4,2011.51.84.Video3.MP4,https://pi.lib.uchicago.edu/1001/org/ochre/c8042d81-1c98-4ef4-86a4-b25b8101d426,Leon Levy Expedition to Ashkelon Dataset: Videos,Videos collected from the excavation of Ashkelon; 1985-2016.,"<a href=""https://pi.lib.uchicago.edu/1001/org/ochre/c8042d81-1c98-4ef4-86a4-b25b8101d426"">https://pi.lib.uchicago.edu/1001/org/ochre/c8042d81-1c98-4ef4-86a4-b25b8101d426</a>"
2011.51.85.Video1.mp4,2011.51.85.Video1.MP4,https://pi.lib.uchicago.edu/1001/org/ochre/b1009da1-371a-4e20-b9f4-84595ff96b53,Leon Levy Expedition to Ashkelon Dataset: Videos,Videos collected from the excavation of Ashkelon; 1985-2016.,"<a href=""https://pi.lib.uchicago.edu/1001/org/ochre/b1009da1-371a-4e20-b9f4-84595ff96b53"">https://pi.lib.uchicago.edu/1001/org/ochre/b1009da1-371a-4e20-b9f4-84595ff96b53</a>"
2012.38.76.Video1.mp4,2012.38.76.Video1.MP4,https://pi.lib.uchicago.edu/1001/org/ochre/6575bb7a-7140-4060-88a5-0dd63e235236,Leon Levy Expedition to Ashkelon Dataset: Videos,Videos collected from the excavation of Ashkelon; 1985-2016.,"<a href=""https://pi.lib.uchicago.edu/1001/org/ochre/6575bb7a-7140-4060-88a5-0dd63e235236"">https://pi.lib.uchicago.edu/1001/org/ochre/6575bb7a-7140-4060-88a5-0dd63e235236</a>"
2012.38.76.Video2.mp4,2012.38.76.Video2.MP4,https://pi.lib.uchicago.edu/1001/org/ochre/325ebf8e-ec89-46c6-bb08-18d7cdd25eee,Leon Levy Expedition to Ashkelon Dataset: Videos,Videos collected from the excavation of Ashkelon; 1985-2016.,"<a href=""https://pi.lib.uchicago.edu/1001/org/ochre/325ebf8e-ec89-46c6-bb08-18d7cdd25eee"">https://pi.lib.uchicago.edu/1001/org/ochre/325ebf8e-ec89-46c6-bb08-18d7cdd25eee</a>"
2012.38.85.Video1.mp4,2012.38.85.Video1.MP4,https://pi.lib.uchicago.edu/1001/org/ochre/667e5893-a9e6-49e5-a826-d8ab597ed922,Leon Levy Expedition to Ashkelon Dataset: Videos,Videos collected from the excavation of Ashkelon; 1985-2016.,"<a href=""https://pi.lib.uchicago.edu/1001/org/ochre/667e5893-a9e6-49e5-a826-d8ab597ed922"">https://pi.lib.uchicago.edu/1001/org/ochre/667e5893-a9e6-49e5-a826-d8ab597ed922</a>"
2012.38.85.Video10.mp4,2012.38.85.Video10.MP4,https://pi.lib.uchicago.edu/1001/org/ochre/e021d35a-1a83-4204-a5a1-58214f773344,Leon Levy Expedition to Ashkelon Dataset: Videos,Videos collected from the excavation of Ashkelon; 1985-2016.,"<a href=""https://pi.lib.uchicago.edu/1001/org/ochre/e021d35a-1a83-4204-a5a1-58214f773344"">https://pi.lib.uchicago.edu/1001/org/ochre/e021d35a-1a83-4204-a5a1-58214f773344</a>"
2012.38.85.Video2.mp4,2012.38.85.Video2.MP4,https://pi.lib.uchicago.edu/1001/org/ochre/59045b55-df61-44c2-af2a-d569f794af03,Leon Levy Expedition to Ashkelon Dataset: Videos,Videos collected from the excavation of Ashkelon; 1985-2016.,"<a href=""https://pi.lib.uchicago.edu/1001/org/ochre/59045b55-df61-44c2-af2a-d569f794af03"">https://pi.lib.uchicago.edu/1001/org/ochre/59045b55-df61-44c2-af2a-d569f794af03</a>"
2012.38.85.Video3.mp4,2012.38.85.Video3.MP4,https://pi.lib.uchicago.edu/1001/org/ochre/271ae8ce-f468-4a55-a435-5464c837ff3c,Leon Levy Expedition to Ashkelon Dataset: Videos,Videos collected from the excavation of Ashkelon; 1985-2016.,"<a href=""https://pi.lib.uchicago.edu/1001/org/ochre/271ae8ce-f468-4a55-a435-5464c837ff3c"">https://pi.lib.uchicago.edu/1001/org/ochre/271ae8ce-f468-4a55-a435-5464c837ff3c</a>"
2012.38.85.Video4.mp4,2012.38.85.Video4.MP4,https://pi.lib.uchicago.edu/1001/org/ochre/8bce87bb-448c-45f8-8eab-8ce0bfadb080,Leon Levy Expedition to Ashkelon Dataset: Videos,Videos collected from the excavation of Ashkelon; 1985-2016.,"<a href=""https://pi.lib.uchicago.edu/1001/org/ochre/8bce87bb-448c-45f8-8eab-8ce0bfadb080"">https://pi.lib.uchicago.edu/1001/org/ochre/8bce87bb-448c-45f8-8eab-8ce0bfadb080</a>"
2012.38.85.Video5.mp4,2012.38.85.Video5.MP4,https://pi.lib.uchicago.edu/1001/org/ochre/417008f0-2c1b-4203-a914-6e42cb8798d7,Leon Levy Expedition to Ashkelon Dataset: Videos,Videos collected from the excavation of Ashkelon; 1985-2016.,"<a href=""https://pi.lib.uchicago.edu/1001/org/ochre/417008f0-2c1b-4203-a914-6e42cb8798d7"">https://pi.lib.uchicago.edu/1001/org/ochre/417008f0-2c1b-4203-a914-6e42cb8798d7</a>"
2012.38.85.Video6.mp4,2012.38.85.Video6.MP4,https://pi.lib.uchicago.edu/1001/org/ochre/6d003a8b-7224-4ed6-a59c-09122a60edce,Leon Levy Expedition to Ashkelon Dataset: Videos,Videos collected from the excavation of Ashkelon; 1985-2016.,"<a href=""https://pi.lib.uchicago.edu/1001/org/ochre/6d003a8b-7224-4ed6-a59c-09122a60edce"">https://pi.lib.uchicago.edu/1001/org/ochre/6d003a8b-7224-4ed6-a59c-09122a60edce</a>"
2012.38.85.Video7.mp4,2012.38.85.Video7.MP4,https://pi.lib.uchicago.edu/1001/org/ochre/1eedec9f-31df-49e2-abb8-7d98c0698cc0,Leon Levy Expedition to Ashkelon Dataset: Videos,Videos collected from the excavation of Ashkelon; 1985-2016.,"<a href=""https://pi.lib.uchicago.edu/1001/org/ochre/1eedec9f-31df-49e2-abb8-7d98c0698cc0"">https://pi.lib.uchicago.edu/1001/org/ochre/1eedec9f-31df-49e2-abb8-7d98c0698cc0</a>"
2012.38.85.Video8.mp4,2012.38.85.Video8.MP4,https://pi.lib.uchicago.edu/1001/org/ochre/12d34a4d-eba9-4174-a9dc-5a7e27a4c574,Leon Levy Expedition to Ashkelon Dataset: Videos,Videos collected from the excavation of Ashkelon; 1985-2016.,"<a href=""https://pi.lib.uchicago.edu/1001/org/ochre/12d34a4d-eba9-4174-a9dc-5a7e27a4c574"">https://pi.lib.uchicago.edu/1001/org/ochre/12d34a4d-eba9-4174-a9dc-5a7e27a4c574</a>"
2012.38.85.Video9.mp4,2012.38.85.Video9.MP4,https://pi.lib.uchicago.edu/1001/org/ochre/5375af26-2e49-4f21-b855-d72fd701ffb5,Leon Levy Expedition to Ashkelon Dataset: Videos,Videos collected from the excavation of Ashkelon; 1985-2016.,"<a href=""https://pi.lib.uchicago.edu/1001/org/ochre/5375af26-2e49-4f21-b855-d72fd701ffb5"">https://pi.lib.uchicago.edu/1001/org/ochre/5375af26-2e49-4f21-b855-d72fd701ffb5</a>"
2012.47.34.Video1.mp4,2012.47.34.Video1.MP4,https://pi.lib.uchicago.edu/1001/org/ochre/1406316b-5eda-4b62-a881-38b69742b8a2,Leon Levy Expedition to Ashkelon Dataset: Videos,Videos collected from the excavation of Ashkelon; 1985-2016.,"<a href=""https://pi.lib.uchicago.edu/1001/org/ochre/1406316b-5eda-4b62-a881-38b69742b8a2"">https://pi.lib.uchicago.edu/1001/org/ochre/1406316b-5eda-4b62-a881-38b69742b8a2</a>"
2012.47.36.Video1.mp4,2012.47.36.Video1.MP4,https://pi.lib.uchicago.edu/1001/org/ochre/15dd48f3-ae79-4a6d-93b0-380b7cf20960,Leon Levy Expedition to Ashkelon Dataset: Videos,Videos collected from the excavation of Ashkelon; 1985-2016.,"<a href=""https://pi.lib.uchicago.edu/1001/org/ochre/15dd48f3-ae79-4a6d-93b0-380b7cf20960"">https://pi.lib.uchicago.edu/1001/org/ochre/15dd48f3-ae79-4a6d-93b0-380b7cf20960</a>"
2012.47.36.Video2.mp4,2012.47.36.Video2.MP4,https://pi.lib.uchicago.edu/1001/org/ochre/ed2e1bdc-b56d-405e-943c-ddfa2f0d10c5,Leon Levy Expedition to Ashkelon Dataset: Videos,Videos collected from the excavation of Ashkelon; 1985-2016.,"<a href=""https://pi.lib.uchicago.edu/1001/org/ochre/ed2e1bdc-b56d-405e-943c-ddfa2f0d10c5"">https://pi.lib.uchicago.edu/1001/org/ochre/ed2e1bdc-b56d-405e-943c-ddfa2f0d10c5</a>"
2012.47.36.Video3.mp4,2012.47.36.Video3.MP4,https://pi.lib.uchicago.edu/1001/org/ochre/765b8210-6582-4404-9137-3c222d64c37c,Leon Levy Expedition to Ashkelon Dataset: Videos,Videos collected from the excavation of Ashkelon; 1985-2016.,"<a href=""https://pi.lib.uchicago.edu/1001/org/ochre/765b8210-6582-4404-9137-3c222d64c37c"">https://pi.lib.uchicago.edu/1001/org/ochre/765b8210-6582-4404-9137-3c222d64c37c</a>"
2012.47.45.Video1.mp4,2012.47.45.Video1.MP4,https://pi.lib.uchicago.edu/1001/org/ochre/050520af-beb6-4394-9d9c-b85c5d1a8bd2,Leon Levy Expedition to Ashkelon Dataset: Videos,Videos collected from the excavation of Ashkelon; 1985-2016.,"<a href=""https://pi.lib.uchicago.edu/1001/org/ochre/050520af-beb6-4394-9d9c-b85c5d1a8bd2"">https://pi.lib.uchicago.edu/1001/org/ochre/050520af-beb6-4394-9d9c-b85c5d1a8bd2</a>"
2012.47.45.Video2.mp4,2012.47.45.Video2.MP4,https://pi.lib.uchicago.edu/1001/org/ochre/425020b9-8619-4ce5-87da-738a60e15412,Leon Levy Expedition to Ashkelon Dataset: Videos,Videos collected from the excavation of Ashkelon; 1985-2016.,"<a href=""https://pi.lib.uchicago.edu/1001/org/ochre/425020b9-8619-4ce5-87da-738a60e15412"">https://pi.lib.uchicago.edu/1001/org/ochre/425020b9-8619-4ce5-87da-738a60e15412</a>"
2012.47.45.Video3.mp4,2012.47.45.Video3.MP4,https://pi.lib.uchicago.edu/1001/org/ochre/f8ea8f7f-2677-4490-9492-971afa0e34a2,Leon Levy Expedition to Ashkelon Dataset: Videos,Videos collected from the excavation of Ashkelon; 1985-2016.,"<a href=""https://pi.lib.uchicago.edu/1001/org/ochre/f8ea8f7f-2677-4490-9492-971afa0e34a2"">https://pi.lib.uchicago.edu/1001/org/ochre/f8ea8f7f-2677-4490-9492-971afa0e34a2</a>"
2012.47.45.Video4.mp4,2012.47.45.Video4.MP4,https://pi.lib.uchicago.edu/1001/org/ochre/ef1e8e25-e584-49e2-bb84-13a5e36dcaa2,Leon Levy Expedition to Ashkelon Dataset: Videos,Videos collected from the excavation of Ashkelon; 1985-2016.,"<a href=""https://pi.lib.uchicago.edu/1001/org/ochre/ef1e8e25-e584-49e2-bb84-13a5e36dcaa2"">https://pi.lib.uchicago.edu/1001/org/ochre/ef1e8e25-e584-49e2-bb84-13a5e36dcaa2</a>"
2012.47.45.Video5.mp4,2012.47.45.Video5.MP4,https://pi.lib.uchicago.edu/1001/org/ochre/1ef56043-7401-4c94-baa6-a744c83f548e,Leon Levy Expedition to Ashkelon Dataset: Videos,Videos collected from the excavation of Ashkelon; 1985-2016.,"<a href=""https://pi.lib.uchicago.edu/1001/org/ochre/1ef56043-7401-4c94-baa6-a744c83f548e"">https://pi.lib.uchicago.edu/1001/org/ochre/1ef56043-7401-4c94-baa6-a744c83f548e</a>"
2012.47.45.Video7.mp4,2012.47.45.Video7.MP4,https://pi.lib.uchicago.edu/1001/org/ochre/90103795-c647-4a79-aa75-c0f9023b99ec,Leon Levy Expedition to Ashkelon Dataset: Videos,Videos collected from the excavation of Ashkelon; 1985-2016.,"<a href=""https://pi.lib.uchicago.edu/1001/org/ochre/90103795-c647-4a79-aa75-c0f9023b99ec"">https://pi.lib.uchicago.edu/1001/org/ochre/90103795-c647-4a79-aa75-c0f9023b99ec</a>"
2012.47.55-64.Video1.mp4,2012.47.55-64.Video1.MP4,https://pi.lib.uchicago.edu/1001/org/ochre/f429a0e1-ddf8-4baf-b22c-d3676e817aac,Leon Levy Expedition to Ashkelon Dataset: Videos,Videos collected from the excavation of Ashkelon; 1985-2016.,"<a href=""https://pi.lib.uchicago.edu/1001/org/ochre/f429a0e1-ddf8-4baf-b22c-d3676e817aac"">https://pi.lib.uchicago.edu/1001/org/ochre/f429a0e1-ddf8-4baf-b22c-d3676e817aac</a>"
2012.47.64.Video1.mp4,2012.47.64.Video1.MP4,https://pi.lib.uchicago.edu/1001/org/ochre/4eff52cc-f6c4-45e5-a4f8-82b73a6ca0b9,Leon Levy Expedition to Ashkelon Dataset: Videos,Videos collected from the excavation of Ashkelon; 1985-2016.,"<a href=""https://pi.lib.uchicago.edu/1001/org/ochre/4eff52cc-f6c4-45e5-a4f8-82b73a6ca0b9"">https://pi.lib.uchicago.edu/1001/org/ochre/4eff52cc-f6c4-45e5-a4f8-82b73a6ca0b9</a>"
2012.47.64.Video2.mp4,2012.47.64.Video2.MP4,https://pi.lib.uchicago.edu/1001/org/ochre/ebd7d34c-70a0-497c-a1ff-c85f4b275768,Leon Levy Expedition to Ashkelon Dataset: Videos,Videos collected from the excavation of Ashkelon; 1985-2016.,"<a href=""https://pi.lib.uchicago.edu/1001/org/ochre/ebd7d34c-70a0-497c-a1ff-c85f4b275768"">https://pi.lib.uchicago.edu/1001/org/ochre/ebd7d34c-70a0-497c-a1ff-c85f4b275768</a>"
2012.47.45-46.Video6.mp4,2012.47.45-46.Video6.MP4,https://pi.lib.uchicago.edu/1001/org/ochre/a7eca75c-7e06-4ab8-a8bc-cf3fb3ff9f7b,Leon Levy Expedition to Ashkelon Dataset: Videos,Videos collected from the excavation of Ashkelon; 1985-2016.,"<a href=""https://pi.lib.uchicago.edu/1001/org/ochre/a7eca75c-7e06-4ab8-a8bc-cf3fb3ff9f7b"">https://pi.lib.uchicago.edu/1001/org/ochre/a7eca75c-7e06-4ab8-a8bc-cf3fb3ff9f7b</a>"
2012.51.74.Video1.mp4,2012.51.74.Video1.MP4,https://pi.lib.uchicago.edu/1001/org/ochre/4a1495a7-749e-4bf9-a136-80eda0c261f1,Leon Levy Expedition to Ashkelon Dataset: Videos,Videos collected from the excavation of Ashkelon; 1985-2016.,"<a href=""https://pi.lib.uchicago.edu/1001/org/ochre/4a1495a7-749e-4bf9-a136-80eda0c261f1"">https://pi.lib.uchicago.edu/1001/org/ochre/4a1495a7-749e-4bf9-a136-80eda0c261f1</a>"
2012.51.74.Video10.mp4,2012.51.74.Video10.MP4,https://pi.lib.uchicago.edu/1001/org/ochre/80f274cd-fb93-437f-85c5-8fb0ffc6b824,Leon Levy Expedition to Ashkelon Dataset: Videos,Videos collected from the excavation of Ashkelon; 1985-2016.,"<a href=""https://pi.lib.uchicago.edu/1001/org/ochre/80f274cd-fb93-437f-85c5-8fb0ffc6b824"">https://pi.lib.uchicago.edu/1001/org/ochre/80f274cd-fb93-437f-85c5-8fb0ffc6b824</a>"
2012.51.74.Video2.mp4,2012.51.74.Video2.MP4,https://pi.lib.uchicago.edu/1001/org/ochre/90e46521-5a96-4517-91ee-3ad939be8902,Leon Levy Expedition to Ashkelon Dataset: Videos,Videos collected from the excavation of Ashkelon; 1985-2016.,"<a href=""https://pi.lib.uchicago.edu/1001/org/ochre/90e46521-5a96-4517-91ee-3ad939be8902"">https://pi.lib.uchicago.edu/1001/org/ochre/90e46521-5a96-4517-91ee-3ad939be8902</a>"
2012.51.74.Video3.mp4,2012.51.74.Video3.MP4,https://pi.lib.uchicago.edu/1001/org/ochre/d98d399e-61a6-4954-9d2d-069324d46d25,Leon Levy Expedition to Ashkelon Dataset: Videos,Videos collected from the excavation of Ashkelon; 1985-2016.,"<a href=""https://pi.lib.uchicago.edu/1001/org/ochre/d98d399e-61a6-4954-9d2d-069324d46d25"">https://pi.lib.uchicago.edu/1001/org/ochre/d98d399e-61a6-4954-9d2d-069324d46d25</a>"
2012.51.74.Video4.mp4,2012.51.74.Video4.MP4,https://pi.lib.uchicago.edu/1001/org/ochre/62345ec4-25dc-4a40-9d5a-766577e7419c,Leon Levy Expedition to Ashkelon Dataset: Videos,Videos collected from the excavation of Ashkelon; 1985-2016.,"<a href=""https://pi.lib.uchicago.edu/1001/org/ochre/62345ec4-25dc-4a40-9d5a-766577e7419c"">https://pi.lib.uchicago.edu/1001/org/ochre/62345ec4-25dc-4a40-9d5a-766577e7419c</a>"
2012.51.74.Video5.mp4,2012.51.74.Video5.MP4,https://pi.lib.uchicago.edu/1001/org/ochre/27fc5d4e-78e4-4a02-85c0-b83ebf9ca5a1,Leon Levy Expedition to Ashkelon Dataset: Videos,Videos collected from the excavation of Ashkelon; 1985-2016.,"<a href=""https://pi.lib.uchicago.edu/1001/org/ochre/27fc5d4e-78e4-4a02-85c0-b83ebf9ca5a1"">https://pi.lib.uchicago.edu/1001/org/ochre/27fc5d4e-78e4-4a02-85c0-b83ebf9ca5a1</a>"
2012.51.74.Video6.mp4,2012.51.74.Video6.MP4,https://pi.lib.uchicago.edu/1001/org/ochre/b3f90665-5bd9-4d69-be4c-46607c903631,Leon Levy Expedition to Ashkelon Dataset: Videos,Videos collected from the excavation of Ashkelon; 1985-2016.,"<a href=""https://pi.lib.uchicago.edu/1001/org/ochre/b3f90665-5bd9-4d69-be4c-46607c903631"">https://pi.lib.uchicago.edu/1001/org/ochre/b3f90665-5bd9-4d69-be4c-46607c903631</a>"
2012.51.74.Video7.mp4,2012.51.74.Video7.MP4,https://pi.lib.uchicago.edu/1001/org/ochre/5bf26b1a-6d33-44ce-a829-6c66fda7bb6a,Leon Levy Expedition to Ashkelon Dataset: Videos,Videos collected from the excavation of Ashkelon; 1985-2016.,"<a href=""https://pi.lib.uchicago.edu/1001/org/ochre/5bf26b1a-6d33-44ce-a829-6c66fda7bb6a"">https://pi.lib.uchicago.edu/1001/org/ochre/5bf26b1a-6d33-44ce-a829-6c66fda7bb6a</a>"
2012.51.74.Video8.mp4,2012.51.74.Video8.MP4,https://pi.lib.uchicago.edu/1001/org/ochre/ac3b5624-deaa-4ebc-b1a8-eda7734afe80,Leon Levy Expedition to Ashkelon Dataset: Videos,Videos collected from the excavation of Ashkelon; 1985-2016.,"<a href=""https://pi.lib.uchicago.edu/1001/org/ochre/ac3b5624-deaa-4ebc-b1a8-eda7734afe80"">https://pi.lib.uchicago.edu/1001/org/ochre/ac3b5624-deaa-4ebc-b1a8-eda7734afe80</a>"
2012.51.74-75.Video9.mp4,2012.51.74-75.Video9.MP4,https://pi.lib.uchicago.edu/1001/org/ochre/cb5ce854-c194-47b7-a60c-779ee258913d,Leon Levy Expedition to Ashkelon Dataset: Videos,Videos collected from the excavation of Ashkelon; 1985-2016.,"<a href=""https://pi.lib.uchicago.edu/1001/org/ochre/cb5ce854-c194-47b7-a60c-779ee258913d"">https://pi.lib.uchicago.edu/1001/org/ochre/cb5ce854-c194-47b7-a60c-779ee258913d</a>"
2012.51.83.Video1.mp4,2012.51.83.Video1.MP4,https://pi.lib.uchicago.edu/1001/org/ochre/1adc9501-9aaf-4d26-90c2-2fa3ecfdfaf0,Leon Levy Expedition to Ashkelon Dataset: Videos,Videos collected from the excavation of Ashkelon; 1985-2016.,"<a href=""https://pi.lib.uchicago.edu/1001/org/ochre/1adc9501-9aaf-4d26-90c2-2fa3ecfdfaf0"">https://pi.lib.uchicago.edu/1001/org/ochre/1adc9501-9aaf-4d26-90c2-2fa3ecfdfaf0</a>"
2012.51.83.Video2.mp4,2012.51.83.Video2.MP4,https://pi.lib.uchicago.edu/1001/org/ochre/cd71f85e-33c2-4914-8bb8-8d8034f92723,Leon Levy Expedition to Ashkelon Dataset: Videos,Videos collected from the excavation of Ashkelon; 1985-2016.,"<a href=""https://pi.lib.uchicago.edu/1001/org/ochre/cd71f85e-33c2-4914-8bb8-8d8034f92723"">https://pi.lib.uchicago.edu/1001/org/ochre/cd71f85e-33c2-4914-8bb8-8d8034f92723</a>"
2012.51.83.Video3.mp4,2012.51.83.Video3.MP4,https://pi.lib.uchicago.edu/1001/org/ochre/5e2ed90b-b91a-4523-bfc5-93da5ede35f0,Leon Levy Expedition to Ashkelon Dataset: Videos,Videos collected from the excavation of Ashkelon; 1985-2016.,"<a href=""https://pi.lib.uchicago.edu/1001/org/ochre/5e2ed90b-b91a-4523-bfc5-93da5ede35f0"">https://pi.lib.uchicago.edu/1001/org/ochre/5e2ed90b-b91a-4523-bfc5-93da5ede35f0</a>"
2012.51.83.Video5.mp4,2012.51.83.Video5.MP4,https://pi.lib.uchicago.edu/1001/org/ochre/9de8283e-57c6-4dfb-92a7-b08a47159583,Leon Levy Expedition to Ashkelon Dataset: Videos,Videos collected from the excavation of Ashkelon; 1985-2016.,"<a href=""https://pi.lib.uchicago.edu/1001/org/ochre/9de8283e-57c6-4dfb-92a7-b08a47159583"">https://pi.lib.uchicago.edu/1001/org/ochre/9de8283e-57c6-4dfb-92a7-b08a47159583</a>"
2012.51.83-84.Video4.mp4,2012.51.83-84.Video4.MP4,https://pi.lib.uchicago.edu/1001/org/ochre/7c450af3-8abf-4735-87aa-ba17cc460ade,Leon Levy Expedition to Ashkelon Dataset: Videos,Videos collected from the excavation of Ashkelon; 1985-2016.,"<a href=""https://pi.lib.uchicago.edu/1001/org/ochre/7c450af3-8abf-4735-87aa-ba17cc460ade"">https://pi.lib.uchicago.edu/1001/org/ochre/7c450af3-8abf-4735-87aa-ba17cc460ade</a>"
2012.51.84.Video1.mp4,2012.51.84.Video1.MP4,https://pi.lib.uchicago.edu/1001/org/ochre/e7d1525d-ff74-484e-b23d-a393d774c16f,Leon Levy Expedition to Ashkelon Dataset: Videos,Videos collected from the excavation of Ashkelon; 1985-2016.,"<a href=""https://pi.lib.uchicago.edu/1001/org/ochre/e7d1525d-ff74-484e-b23d-a393d774c16f"">https://pi.lib.uchicago.edu/1001/org/ochre/e7d1525d-ff74-484e-b23d-a393d774c16f</a>"
2012.51.84.Video2.mp4,2012.51.84.Video2.MP4,https://pi.lib.uchicago.edu/1001/org/ochre/0b3c2f32-7533-43ca-88cf-a998f2b1b812,Leon Levy Expedition to Ashkelon Dataset: Videos,Videos collected from the excavation of Ashkelon; 1985-2016.,"<a href=""https://pi.lib.uchicago.edu/1001/org/ochre/0b3c2f32-7533-43ca-88cf-a998f2b1b812"">https://pi.lib.uchicago.edu/1001/org/ochre/0b3c2f32-7533-43ca-88cf-a998f2b1b812</a>"
2012.51.84.Video3.mp4,2012.51.84.Video3.MP4,https://pi.lib.uchicago.edu/1001/org/ochre/c9adaa82-be05-414d-86be-01b5e1bb287c,Leon Levy Expedition to Ashkelon Dataset: Videos,Videos collected from the excavation of Ashkelon; 1985-2016.,"<a href=""https://pi.lib.uchicago.edu/1001/org/ochre/c9adaa82-be05-414d-86be-01b5e1bb287c"">https://pi.lib.uchicago.edu/1001/org/ochre/c9adaa82-be05-414d-86be-01b5e1bb287c</a>"
2012.51.84.Video4.mp4,2012.51.84.Video4.MP4,https://pi.lib.uchicago.edu/1001/org/ochre/b62cd961-6ebd-4796-9c6d-bf3ad6ccca66,Leon Levy Expedition to Ashkelon Dataset: Videos,Videos collected from the excavation of Ashkelon; 1985-2016.,"<a href=""https://pi.lib.uchicago.edu/1001/org/ochre/b62cd961-6ebd-4796-9c6d-bf3ad6ccca66"">https://pi.lib.uchicago.edu/1001/org/ochre/b62cd961-6ebd-4796-9c6d-bf3ad6ccca66</a>"
2012.51.84.Video5.mp4,2012.51.84.Video5.MP4,https://pi.lib.uchicago.edu/1001/org/ochre/14722df0-e263-4b8d-91d9-ca5cb89f3393,Leon Levy Expedition to Ashkelon Dataset: Videos,Videos collected from the excavation of Ashkelon; 1985-2016.,"<a href=""https://pi.lib.uchicago.edu/1001/org/ochre/14722df0-e263-4b8d-91d9-ca5cb89f3393"">https://pi.lib.uchicago.edu/1001/org/ochre/14722df0-e263-4b8d-91d9-ca5cb89f3393</a>"
2012.51.84.Video6.mp4,2012.51.84.Video6.MP4,https://pi.lib.uchicago.edu/1001/org/ochre/2da4c342-2c6b-43ff-bc16-5386f6bbbfbc,Leon Levy Expedition to Ashkelon Dataset: Videos,Videos collected from the excavation of Ashkelon; 1985-2016.,"<a href=""https://pi.lib.uchicago.edu/1001/org/ochre/2da4c342-2c6b-43ff-bc16-5386f6bbbfbc"">https://pi.lib.uchicago.edu/1001/org/ochre/2da4c342-2c6b-43ff-bc16-5386f6bbbfbc</a>"
2012.51.84.Video7.mp4,2012.51.84.Video7.MP4,https://pi.lib.uchicago.edu/1001/org/ochre/b5534d8a-c08e-4276-9086-0b2ee294a5d5,Leon Levy Expedition to Ashkelon Dataset: Videos,Videos collected from the excavation of Ashkelon; 1985-2016.,"<a href=""https://pi.lib.uchicago.edu/1001/org/ochre/b5534d8a-c08e-4276-9086-0b2ee294a5d5"">https://pi.lib.uchicago.edu/1001/org/ochre/b5534d8a-c08e-4276-9086-0b2ee294a5d5</a>"
2012.51.85.Video1.mp4,2012.51.85.Video1.MP4,https://pi.lib.uchicago.edu/1001/org/ochre/94cd4ab0-5c4c-496d-9a52-3e55de8b04f0,Leon Levy Expedition to Ashkelon Dataset: Videos,Videos collected from the excavation of Ashkelon; 1985-2016.,"<a href=""https://pi.lib.uchicago.edu/1001/org/ochre/94cd4ab0-5c4c-496d-9a52-3e55de8b04f0"">https://pi.lib.uchicago.edu/1001/org/ochre/94cd4ab0-5c4c-496d-9a52-3e55de8b04f0</a>"
2013.38.76.Video1.mp4,2013.38.76.Video1.mp4,https://pi.lib.uchicago.edu/1001/org/ochre/9d71eb34-9c61-4ec4-9ffa-608cd5628e47,Leon Levy Expedition to Ashkelon Dataset: Videos,Videos collected from the excavation of Ashkelon; 1985-2016.,"<a href=""https://pi.lib.uchicago.edu/1001/org/ochre/9d71eb34-9c61-4ec4-9ffa-608cd5628e47"">https://pi.lib.uchicago.edu/1001/org/ochre/9d71eb34-9c61-4ec4-9ffa-608cd5628e47</a>"
2013.38.76.Video2.mp4,2013.38.76.Video2.mp4,https://pi.lib.uchicago.edu/1001/org/ochre/1359e263-740f-4fad-88e4-50e5fb0a0eb7,Leon Levy Expedition to Ashkelon Dataset: Videos,Videos collected from the excavation of Ashkelon; 1985-2016.,"<a href=""https://pi.lib.uchicago.edu/1001/org/ochre/1359e263-740f-4fad-88e4-50e5fb0a0eb7"">https://pi.lib.uchicago.edu/1001/org/ochre/1359e263-740f-4fad-88e4-50e5fb0a0eb7</a>"
2013.38.76.Video3.mp4,2013.38.76.Video3.mp4,https://pi.lib.uchicago.edu/1001/org/ochre/416cc4d0-92a8-4209-8824-98ba948213ba,Leon Levy Expedition to Ashkelon Dataset: Videos,Videos collected from the excavation of Ashkelon; 1985-2016.,"<a href=""https://pi.lib.uchicago.edu/1001/org/ochre/416cc4d0-92a8-4209-8824-98ba948213ba"">https://pi.lib.uchicago.edu/1001/org/ochre/416cc4d0-92a8-4209-8824-98ba948213ba</a>"
2013.38.76.Video4.mp4,2013.38.76.Video4.mp4,https://pi.lib.uchicago.edu/1001/org/ochre/a0bd82f0-8ca2-4cfb-9124-b3fa9711aeba,Leon Levy Expedition to Ashkelon Dataset: Videos,Videos collected from the excavation of Ashkelon; 1985-2016.,"<a href=""https://pi.lib.uchicago.edu/1001/org/ochre/a0bd82f0-8ca2-4cfb-9124-b3fa9711aeba"">https://pi.lib.uchicago.edu/1001/org/ochre/a0bd82f0-8ca2-4cfb-9124-b3fa9711aeba</a>"
2013.38.85.Video1.mp4,2013.38.85.Video1.mp4,https://pi.lib.uchicago.edu/1001/org/ochre/2428bb3d-4093-4e53-bb8a-57fb71015a6b,Leon Levy Expedition to Ashkelon Dataset: Videos,Videos collected from the excavation of Ashkelon; 1985-2016.,"<a href=""https://pi.lib.uchicago.edu/1001/org/ochre/2428bb3d-4093-4e53-bb8a-57fb71015a6b"">https://pi.lib.uchicago.edu/1001/org/ochre/2428bb3d-4093-4e53-bb8a-57fb71015a6b</a>"
2013.38.85.Video10.mp4,2013.38.85.Video10.mp4,https://pi.lib.uchicago.edu/1001/org/ochre/0c2e744c-aae1-40ce-9c33-4a5df6c28ee0,Leon Levy Expedition to Ashkelon Dataset: Videos,Videos collected from the excavation of Ashkelon; 1985-2016.,"<a href=""https://pi.lib.uchicago.edu/1001/org/ochre/0c2e744c-aae1-40ce-9c33-4a5df6c28ee0"">https://pi.lib.uchicago.edu/1001/org/ochre/0c2e744c-aae1-40ce-9c33-4a5df6c28ee0</a>"
2013.38.85.Video11.mp4,2013.38.85.Video11.mp4,https://pi.lib.uchicago.edu/1001/org/ochre/e3b10e88-f9fb-4f3e-bedd-72f7cd79401d,Leon Levy Expedition to Ashkelon Dataset: Videos,Videos collected from the excavation of Ashkelon; 1985-2016.,"<a href=""https://pi.lib.uchicago.edu/1001/org/ochre/e3b10e88-f9fb-4f3e-bedd-72f7cd79401d"">https://pi.lib.uchicago.edu/1001/org/ochre/e3b10e88-f9fb-4f3e-bedd-72f7cd79401d</a>"
2013.38.85.Video12.mp4,2013.38.85.Video12.mp4,https://pi.lib.uchicago.edu/1001/org/ochre/27d97323-ab1b-4f19-aa9d-a2e97726d9de,Leon Levy Expedition to Ashkelon Dataset: Videos,Videos collected from the excavation of Ashkelon; 1985-2016.,"<a href=""https://pi.lib.uchicago.edu/1001/org/ochre/27d97323-ab1b-4f19-aa9d-a2e97726d9de"">https://pi.lib.uchicago.edu/1001/org/ochre/27d97323-ab1b-4f19-aa9d-a2e97726d9de</a>"
2013.38.85.Video13.mp4,2013.38.85.Video13.mp4,https://pi.lib.uchicago.edu/1001/org/ochre/9ea0243b-d174-4a10-834d-5d74145a66c0,Leon Levy Expedition to Ashkelon Dataset: Videos,Videos collected from the excavation of Ashkelon; 1985-2016.,"<a href=""https://pi.lib.uchicago.edu/1001/org/ochre/9ea0243b-d174-4a10-834d-5d74145a66c0"">https://pi.lib.uchicago.edu/1001/org/ochre/9ea0243b-d174-4a10-834d-5d74145a66c0</a>"
2013.38.85.Video14.mp4,2013.38.85.Video14.mp4,https://pi.lib.uchicago.edu/1001/org/ochre/644c4213-189e-47b7-a1bb-c760d439a8a6,Leon Levy Expedition to Ashkelon Dataset: Videos,Videos collected from the excavation of Ashkelon; 1985-2016.,"<a href=""https://pi.lib.uchicago.edu/1001/org/ochre/644c4213-189e-47b7-a1bb-c760d439a8a6"">https://pi.lib.uchicago.edu/1001/org/ochre/644c4213-189e-47b7-a1bb-c760d439a8a6</a>"
2013.38.85.Video17.mp4,2013.38.85.Video17.mp4,https://pi.lib.uchicago.edu/1001/org/ochre/f70e1bfd-f3a5-4efc-9023-a4109e2e09b3,Leon Levy Expedition to Ashkelon Dataset: Videos,Videos collected from the excavation of Ashkelon; 1985-2016.,"<a href=""https://pi.lib.uchicago.edu/1001/org/ochre/f70e1bfd-f3a5-4efc-9023-a4109e2e09b3"">https://pi.lib.uchicago.edu/1001/org/ochre/f70e1bfd-f3a5-4efc-9023-a4109e2e09b3</a>"
2013.38.85.Video18.mp4,2013.38.85.Video18.mp4,https://pi.lib.uchicago.edu/1001/org/ochre/fc6f44b7-bec2-4578-98b3-189a14689389,Leon Levy Expedition to Ashkelon Dataset: Videos,Videos collected from the excavation of Ashkelon; 1985-2016.,"<a href=""https://pi.lib.uchicago.edu/1001/org/ochre/fc6f44b7-bec2-4578-98b3-189a14689389"">https://pi.lib.uchicago.edu/1001/org/ochre/fc6f44b7-bec2-4578-98b3-189a14689389</a>"
2013.38.85.Video19.mp4,2013.38.85.Video19.mp4,https://pi.lib.uchicago.edu/1001/org/ochre/e1ae717d-0fcd-4bca-985a-0b43b1a18998,Leon Levy Expedition to Ashkelon Dataset: Videos,Videos collected from the excavation of Ashkelon; 1985-2016.,"<a href=""https://pi.lib.uchicago.edu/1001/org/ochre/e1ae717d-0fcd-4bca-985a-0b43b1a18998"">https://pi.lib.uchicago.edu/1001/org/ochre/e1ae717d-0fcd-4bca-985a-0b43b1a18998</a>"
2013.38.85.Video2.mp4,2013.38.85.Video2.mp4,https://pi.lib.uchicago.edu/1001/org/ochre/cb3b72e4-7bd7-4995-a731-87d2775ad97e,Leon Levy Expedition to Ashkelon Dataset: Videos,Videos collected from the excavation of Ashkelon; 1985-2016.,"<a href=""https://pi.lib.uchicago.edu/1001/org/ochre/cb3b72e4-7bd7-4995-a731-87d2775ad97e"">https://pi.lib.uchicago.edu/1001/org/ochre/cb3b72e4-7bd7-4995-a731-87d2775ad97e</a>"
2013.38.85.Video20.mp4,2013.38.85.Video20.mp4,https://pi.lib.uchicago.edu/1001/org/ochre/956e90dc-5ee7-4ca2-b7fb-0018d59ad554,Leon Levy Expedition to Ashkelon Dataset: Videos,Videos collected from the excavation of Ashkelon; 1985-2016.,"<a href=""https://pi.lib.uchicago.edu/1001/org/ochre/956e90dc-5ee7-4ca2-b7fb-0018d59ad554"">https://pi.lib.uchicago.edu/1001/org/ochre/956e90dc-5ee7-4ca2-b7fb-0018d59ad554</a>"
2013.38.85.Video21.mp4,2013.38.85.Video21.mp4,https://pi.lib.uchicago.edu/1001/org/ochre/fbc718d5-1c85-42ef-881b-a1c2892a66c0,Leon Levy Expedition to Ashkelon Dataset: Videos,Videos collected from the excavation of Ashkelon; 1985-2016.,"<a href=""https://pi.lib.uchicago.edu/1001/org/ochre/fbc718d5-1c85-42ef-881b-a1c2892a66c0"">https://pi.lib.uchicago.edu/1001/org/ochre/fbc718d5-1c85-42ef-881b-a1c2892a66c0</a>"
2013.38.85.Video22.mp4,2013.38.85.Video22.mp4,https://pi.lib.uchicago.edu/1001/org/ochre/ebbcc6a7-1673-489b-b3ed-bb264edbd5fa,Leon Levy Expedition to Ashkelon Dataset: Videos,Videos collected from the excavation of Ashkelon; 1985-2016.,"<a href=""https://pi.lib.uchicago.edu/1001/org/ochre/ebbcc6a7-1673-489b-b3ed-bb264edbd5fa"">https://pi.lib.uchicago.edu/1001/org/ochre/ebbcc6a7-1673-489b-b3ed-bb264edbd5fa</a>"
2013.38.85.Video23.mp4,2013.38.85.Video23.mp4,https://pi.lib.uchicago.edu/1001/org/ochre/9a423f28-d26b-45be-a147-72c4f25f1c19,Leon Levy Expedition to Ashkelon Dataset: Videos,Videos collected from the excavation of Ashkelon; 1985-2016.,"<a href=""https://pi.lib.uchicago.edu/1001/org/ochre/9a423f28-d26b-45be-a147-72c4f25f1c19"">https://pi.lib.uchicago.edu/1001/org/ochre/9a423f28-d26b-45be-a147-72c4f25f1c19</a>"
2013.38.85.Video24.mp4,2013.38.85.Video24.mp4,https://pi.lib.uchicago.edu/1001/org/ochre/96c27128-ce55-4975-ab9b-c6834f7d90b5,Leon Levy Expedition to Ashkelon Dataset: Videos,Videos collected from the excavation of Ashkelon; 1985-2016.,"<a href=""https://pi.lib.uchicago.edu/1001/org/ochre/96c27128-ce55-4975-ab9b-c6834f7d90b5"">https://pi.lib.uchicago.edu/1001/org/ochre/96c27128-ce55-4975-ab9b-c6834f7d90b5</a>"
2013.38.85.Video25.mp4,2013.38.85.Video25.mp4,https://pi.lib.uchicago.edu/1001/org/ochre/4206ca60-ea32-4029-aa22-17762d41ba1d,Leon Levy Expedition to Ashkelon Dataset: Videos,Videos collected from the excavation of Ashkelon; 1985-2016.,"<a href=""https://pi.lib.uchicago.edu/1001/org/ochre/4206ca60-ea32-4029-aa22-17762d41ba1d"">https://pi.lib.uchicago.edu/1001/org/ochre/4206ca60-ea32-4029-aa22-17762d41ba1d</a>"
2013.38.85.Video26.mp4,2013.38.85.Video26.mp4,https://pi.lib.uchicago.edu/1001/org/ochre/4dc67614-6470-4109-897a-b6b1d5e9ecb4,Leon Levy Expedition to Ashkelon Dataset: Videos,Videos collected from the excavation of Ashkelon; 1985-2016.,"<a href=""https://pi.lib.uchicago.edu/1001/org/ochre/4dc67614-6470-4109-897a-b6b1d5e9ecb4"">https://pi.lib.uchicago.edu/1001/org/ochre/4dc67614-6470-4109-897a-b6b1d5e9ecb4</a>"
2013.38.85.Video27.mp4,2013.38.85.Video27.mp4,https://pi.lib.uchicago.edu/1001/org/ochre/4dc30d35-9dfd-4af0-9274-7b3ebe014417,Leon Levy Expedition to Ashkelon Dataset: Videos,Videos collected from the excavation of Ashkelon; 1985-2016.,"<a href=""https://pi.lib.uchicago.edu/1001/org/ochre/4dc30d35-9dfd-4af0-9274-7b3ebe014417"">https://pi.lib.uchicago.edu/1001/org/ochre/4dc30d35-9dfd-4af0-9274-7b3ebe014417</a>"
2013.38.85.Video3.mp4,2013.38.85.Video3.mp4,https://pi.lib.uchicago.edu/1001/org/ochre/db3fbd39-769f-4b6f-9d5d-e1b627e68cc9,Leon Levy Expedition to Ashkelon Dataset: Videos,Videos collected from the excavation of Ashkelon; 1985-2016.,"<a href=""https://pi.lib.uchicago.edu/1001/org/ochre/db3fbd39-769f-4b6f-9d5d-e1b627e68cc9"">https://pi.lib.uchicago.edu/1001/org/ochre/db3fbd39-769f-4b6f-9d5d-e1b627e68cc9</a>"
2013.38.85.Video4.mp4,2013.38.85.Video4.mp4,https://pi.lib.uchicago.edu/1001/org/ochre/2c531697-4e77-4673-a210-015ca7fe2947,Leon Levy Expedition to Ashkelon Dataset: Videos,Videos collected from the excavation of Ashkelon; 1985-2016.,"<a href=""https://pi.lib.uchicago.edu/1001/org/ochre/2c531697-4e77-4673-a210-015ca7fe2947"">https://pi.lib.uchicago.edu/1001/org/ochre/2c531697-4e77-4673-a210-015ca7fe2947</a>"
2013.38.85.Video5.mp4,2013.38.85.Video5.mp4,https://pi.lib.uchicago.edu/1001/org/ochre/a2ac4ab3-2f79-4a29-b6d3-81fbfdfa0efa,Leon Levy Expedition to Ashkelon Dataset: Videos,Videos collected from the excavation of Ashkelon; 1985-2016.,"<a href=""https://pi.lib.uchicago.edu/1001/org/ochre/a2ac4ab3-2f79-4a29-b6d3-81fbfdfa0efa"">https://pi.lib.uchicago.edu/1001/org/ochre/a2ac4ab3-2f79-4a29-b6d3-81fbfdfa0efa</a>"
2013.38.85.Video6.mp4,2013.38.85.Video6.mp4,https://pi.lib.uchicago.edu/1001/org/ochre/2ff7b84c-1c8d-45af-8f1d-0ec7167e3535,Leon Levy Expedition to Ashkelon Dataset: Videos,Videos collected from the excavation of Ashkelon; 1985-2016.,"<a href=""https://pi.lib.uchicago.edu/1001/org/ochre/2ff7b84c-1c8d-45af-8f1d-0ec7167e3535"">https://pi.lib.uchicago.edu/1001/org/ochre/2ff7b84c-1c8d-45af-8f1d-0ec7167e3535</a>"
2013.38.85.Video7.mp4,2013.38.85.Video7.mp4,https://pi.lib.uchicago.edu/1001/org/ochre/11923831-be17-435e-9af5-6cd0c8e72e57,Leon Levy Expedition to Ashkelon Dataset: Videos,Videos collected from the excavation of Ashkelon; 1985-2016.,"<a href=""https://pi.lib.uchicago.edu/1001/org/ochre/11923831-be17-435e-9af5-6cd0c8e72e57"">https://pi.lib.uchicago.edu/1001/org/ochre/11923831-be17-435e-9af5-6cd0c8e72e57</a>"
2013.38.85.Video8.mp4,2013.38.85.Video8.mp4,https://pi.lib.uchicago.edu/1001/org/ochre/7faac61c-5b60-427d-9f75-752ad9a494be,Leon Levy Expedition to Ashkelon Dataset: Videos,Videos collected from the excavation of Ashkelon; 1985-2016.,"<a href=""https://pi.lib.uchicago.edu/1001/org/ochre/7faac61c-5b60-427d-9f75-752ad9a494be"">https://pi.lib.uchicago.edu/1001/org/ochre/7faac61c-5b60-427d-9f75-752ad9a494be</a>"
2013.38.85.Video9.mp4,2013.38.85.Video9.mp4,https://pi.lib.uchicago.edu/1001/org/ochre/a2078968-7dfd-4bc5-83cc-67e2c6dda195,Leon Levy Expedition to Ashkelon Dataset: Videos,Videos collected from the excavation of Ashkelon; 1985-2016.,"<a href=""https://pi.lib.uchicago.edu/1001/org/ochre/a2078968-7dfd-4bc5-83cc-67e2c6dda195"">https://pi.lib.uchicago.edu/1001/org/ochre/a2078968-7dfd-4bc5-83cc-67e2c6dda195</a>"
2013.44.3.Video1.mp4,2013.44.3.Video1.MP4,https://pi.lib.uchicago.edu/1001/org/ochre/2d1d4905-3c3d-4f6f-9a5a-225062d52bb3,Leon Levy Expedition to Ashkelon Dataset: Videos,Videos collected from the excavation of Ashkelon; 1985-2016.,"<a href=""https://pi.lib.uchicago.edu/1001/org/ochre/2d1d4905-3c3d-4f6f-9a5a-225062d52bb3"">https://pi.lib.uchicago.edu/1001/org/ochre/2d1d4905-3c3d-4f6f-9a5a-225062d52bb3</a>"
2013.44.3.Video10.mp4,2013.44.3.Video10.MP4,https://pi.lib.uchicago.edu/1001/org/ochre/b527fc86-03d3-4da0-8e90-47c960b61028,Leon Levy Expedition to Ashkelon Dataset: Videos,Videos collected from the excavation of Ashkelon; 1985-2016.,"<a href=""https://pi.lib.uchicago.edu/1001/org/ochre/b527fc86-03d3-4da0-8e90-47c960b61028"">https://pi.lib.uchicago.edu/1001/org/ochre/b527fc86-03d3-4da0-8e90-47c960b61028</a>"
2013.44.3.Video11.mp4,2013.44.3.Video11.MP4,https://pi.lib.uchicago.edu/1001/org/ochre/a5c1d16b-eee9-4069-a043-2e4480617f6a,Leon Levy Expedition to Ashkelon Dataset: Videos,Videos collected from the excavation of Ashkelon; 1985-2016.,"<a href=""https://pi.lib.uchicago.edu/1001/org/ochre/a5c1d16b-eee9-4069-a043-2e4480617f6a"">https://pi.lib.uchicago.edu/1001/org/ochre/a5c1d16b-eee9-4069-a043-2e4480617f6a</a>"
2013.44.3.Video2.mp4,2013.44.3.Video2.MP4,https://pi.lib.uchicago.edu/1001/org/ochre/d6b6bd3d-79b5-4e12-83da-fbc3a238a339,Leon Levy Expedition to Ashkelon Dataset: Videos,Videos collected from the excavation of Ashkelon; 1985-2016.,"<a href=""https://pi.lib.uchicago.edu/1001/org/ochre/d6b6bd3d-79b5-4e12-83da-fbc3a238a339"">https://pi.lib.uchicago.edu/1001/org/ochre/d6b6bd3d-79b5-4e12-83da-fbc3a238a339</a>"
2013.44.3.Video3.mp4,2013.44.3.Video3.MP4,https://pi.lib.uchicago.edu/1001/org/ochre/cbe5fcbd-ff66-4000-aabe-c8de421e96a8,Leon Levy Expedition to Ashkelon Dataset: Videos,Videos collected from the excavation of Ashkelon; 1985-2016.,"<a href=""https://pi.lib.uchicago.edu/1001/org/ochre/cbe5fcbd-ff66-4000-aabe-c8de421e96a8"">https://pi.lib.uchicago.edu/1001/org/ochre/cbe5fcbd-ff66-4000-aabe-c8de421e96a8</a>"
2013.44.3.Video4.mp4,2013.44.3.Video4.MP4,https://pi.lib.uchicago.edu/1001/org/ochre/b49ed9e4-255d-4779-8953-51e7f15144e4,Leon Levy Expedition to Ashkelon Dataset: Videos,Videos collected from the excavation of Ashkelon; 1985-2016.,"<a href=""https://pi.lib.uchicago.edu/1001/org/ochre/b49ed9e4-255d-4779-8953-51e7f15144e4"">https://pi.lib.uchicago.edu/1001/org/ochre/b49ed9e4-255d-4779-8953-51e7f15144e4</a>"
2013.44.3.Video5.mp4,2013.44.3.Video5.MP4,https://pi.lib.uchicago.edu/1001/org/ochre/a166c1ee-1527-4b23-8911-1c496dac501d,Leon Levy Expedition to Ashkelon Dataset: Videos,Videos collected from the excavation of Ashkelon; 1985-2016.,"<a href=""https://pi.lib.uchicago.edu/1001/org/ochre/a166c1ee-1527-4b23-8911-1c496dac501d"">https://pi.lib.uchicago.edu/1001/org/ochre/a166c1ee-1527-4b23-8911-1c496dac501d</a>"
2013.44.3.Video6.mp4,2013.44.3.Video6.MP4,https://pi.lib.uchicago.edu/1001/org/ochre/05cd0520-e829-400e-b76d-998b7c46aa45,Leon Levy Expedition to Ashkelon Dataset: Videos,Videos collected from the excavation of Ashkelon; 1985-2016.,"<a href=""https://pi.lib.uchicago.edu/1001/org/ochre/05cd0520-e829-400e-b76d-998b7c46aa45"">https://pi.lib.uchicago.edu/1001/org/ochre/05cd0520-e829-400e-b76d-998b7c46aa45</a>"
2013.44.3.Video7.mp4,2013.44.3.Video7.MP4,https://pi.lib.uchicago.edu/1001/org/ochre/ada4418e-5467-4b61-9657-347a89b2e390,Leon Levy Expedition to Ashkelon Dataset: Videos,Videos collected from the excavation of Ashkelon; 1985-2016.,"<a href=""https://pi.lib.uchicago.edu/1001/org/ochre/ada4418e-5467-4b61-9657-347a89b2e390"">https://pi.lib.uchicago.edu/1001/org/ochre/ada4418e-5467-4b61-9657-347a89b2e390</a>"
2013.44.3.Video8.mp4,2013.44.3.Video8.MP4,https://pi.lib.uchicago.edu/1001/org/ochre/a9bda179-abf3-4954-844d-08568454f15d,Leon Levy Expedition to Ashkelon Dataset: Videos,Videos collected from the excavation of Ashkelon; 1985-2016.,"<a href=""https://pi.lib.uchicago.edu/1001/org/ochre/a9bda179-abf3-4954-844d-08568454f15d"">https://pi.lib.uchicago.edu/1001/org/ochre/a9bda179-abf3-4954-844d-08568454f15d</a>"
2013.44.3.Video9.mp4,2013.44.3.Video9.MP4,https://pi.lib.uchicago.edu/1001/org/ochre/fb23724c-326c-4321-9da4-e2970ad4dcae,Leon Levy Expedition to Ashkelon Dataset: Videos,Videos collected from the excavation of Ashkelon; 1985-2016.,"<a href=""https://pi.lib.uchicago.edu/1001/org/ochre/fb23724c-326c-4321-9da4-e2970ad4dcae"">https://pi.lib.uchicago.edu/1001/org/ochre/fb23724c-326c-4321-9da4-e2970ad4dcae</a>"
2013.51.74.Video1.mp4,2013.51.74.Video1.MP4,https://pi.lib.uchicago.edu/1001/org/ochre/92301c63-de25-40ed-ba44-0ddc1eb8de55,Leon Levy Expedition to Ashkelon Dataset: Videos,Videos collected from the excavation of Ashkelon; 1985-2016.,"<a href=""https://pi.lib.uchicago.edu/1001/org/ochre/92301c63-de25-40ed-ba44-0ddc1eb8de55"">https://pi.lib.uchicago.edu/1001/org/ochre/92301c63-de25-40ed-ba44-0ddc1eb8de55</a>"
2013.51.74.Video2.mp4,2013.51.74.Video2.MP4,https://pi.lib.uchicago.edu/1001/org/ochre/3849f90d-45b7-4d23-b675-87382e0dd689,Leon Levy Expedition to Ashkelon Dataset: Videos,Videos collected from the excavation of Ashkelon; 1985-2016.,"<a href=""https://pi.lib.uchicago.edu/1001/org/ochre/3849f90d-45b7-4d23-b675-87382e0dd689"">https://pi.lib.uchicago.edu/1001/org/ochre/3849f90d-45b7-4d23-b675-87382e0dd689</a>"
2013.51.74.Video3.mp4,2013.51.74.Video3.MP4,https://pi.lib.uchicago.edu/1001/org/ochre/627bb9c1-75f5-42dc-9731-7f3656422350,Leon Levy Expedition to Ashkelon Dataset: Videos,Videos collected from the excavation of Ashkelon; 1985-2016.,"<a href=""https://pi.lib.uchicago.edu/1001/org/ochre/627bb9c1-75f5-42dc-9731-7f3656422350"">https://pi.lib.uchicago.edu/1001/org/ochre/627bb9c1-75f5-42dc-9731-7f3656422350</a>"
2013.51.74.Video4.mp4,2013.51.74.Video4.MP4,https://pi.lib.uchicago.edu/1001/org/ochre/e92ac42b-09c9-4f06-90aa-4761f3c32d6b,Leon Levy Expedition to Ashkelon Dataset: Videos,Videos collected from the excavation of Ashkelon; 1985-2016.,"<a href=""https://pi.lib.uchicago.edu/1001/org/ochre/e92ac42b-09c9-4f06-90aa-4761f3c32d6b"">https://pi.lib.uchicago.edu/1001/org/ochre/e92ac42b-09c9-4f06-90aa-4761f3c32d6b</a>"
2013.51.74.Video5.mp4,2013.51.74.Video5.MP4,https://pi.lib.uchicago.edu/1001/org/ochre/bcb0465e-7caf-41f9-bf28-5a238d06839d,Leon Levy Expedition to Ashkelon Dataset: Videos,Videos collected from the excavation of Ashkelon; 1985-2016.,"<a href=""https://pi.lib.uchicago.edu/1001/org/ochre/bcb0465e-7caf-41f9-bf28-5a238d06839d"">https://pi.lib.uchicago.edu/1001/org/ochre/bcb0465e-7caf-41f9-bf28-5a238d06839d</a>"
2013.51.74.Video6.mp4,2013.51.74.Video6.MP4,https://pi.lib.uchicago.edu/1001/org/ochre/716872ec-73cd-4a13-8c8a-0cd2632bb06f,Leon Levy Expedition to Ashkelon Dataset: Videos,Videos collected from the excavation of Ashkelon; 1985-2016.,"<a href=""https://pi.lib.uchicago.edu/1001/org/ochre/716872ec-73cd-4a13-8c8a-0cd2632bb06f"">https://pi.lib.uchicago.edu/1001/org/ochre/716872ec-73cd-4a13-8c8a-0cd2632bb06f</a>"
2013.51.75.Video1.mp4,2013.51.75.Video1.MP4,https://pi.lib.uchicago.edu/1001/org/ochre/cf12e909-5bf9-4bd9-b0af-8ea63fb01e6a,Leon Levy Expedition to Ashkelon Dataset: Videos,Videos collected from the excavation of Ashkelon; 1985-2016.,"<a href=""https://pi.lib.uchicago.edu/1001/org/ochre/cf12e909-5bf9-4bd9-b0af-8ea63fb01e6a"">https://pi.lib.uchicago.edu/1001/org/ochre/cf12e909-5bf9-4bd9-b0af-8ea63fb01e6a</a>"
2013.51.75.Video10.mp4,2013.51.75.Video10.MP4,https://pi.lib.uchicago.edu/1001/org/ochre/fee8f94f-cd7b-406e-8bcd-3807c93580ba,Leon Levy Expedition to Ashkelon Dataset: Videos,Videos collected from the excavation of Ashkelon; 1985-2016.,"<a href=""https://pi.lib.uchicago.edu/1001/org/ochre/fee8f94f-cd7b-406e-8bcd-3807c93580ba"">https://pi.lib.uchicago.edu/1001/org/ochre/fee8f94f-cd7b-406e-8bcd-3807c93580ba</a>"
2013.51.75.Video11.mp4,2013.51.75.Video11.MP4,https://pi.lib.uchicago.edu/1001/org/ochre/00de947e-4af3-4065-aa80-8cf8489999c2,Leon Levy Expedition to Ashkelon Dataset: Videos,Videos collected from the excavation of Ashkelon; 1985-2016.,"<a href=""https://pi.lib.uchicago.edu/1001/org/ochre/00de947e-4af3-4065-aa80-8cf8489999c2"">https://pi.lib.uchicago.edu/1001/org/ochre/00de947e-4af3-4065-aa80-8cf8489999c2</a>"
2013.51.75.Video12.mp4,2013.51.75.Video12.MP4,https://pi.lib.uchicago.edu/1001/org/ochre/26c7cd2f-3b3c-48b0-aed2-380db06ca4e3,Leon Levy Expedition to Ashkelon Dataset: Videos,Videos collected from the excavation of Ashkelon; 1985-2016.,"<a href=""https://pi.lib.uchicago.edu/1001/org/ochre/26c7cd2f-3b3c-48b0-aed2-380db06ca4e3"">https://pi.lib.uchicago.edu/1001/org/ochre/26c7cd2f-3b3c-48b0-aed2-380db06ca4e3</a>"
2013.51.75.Video2.mp4,2013.51.75.Video2.MP4,https://pi.lib.uchicago.edu/1001/org/ochre/480d00e9-76f3-4ff2-ada3-319a3c4ec441,Leon Levy Expedition to Ashkelon Dataset: Videos,Videos collected from the excavation of Ashkelon; 1985-2016.,"<a href=""https://pi.lib.uchicago.edu/1001/org/ochre/480d00e9-76f3-4ff2-ada3-319a3c4ec441"">https://pi.lib.uchicago.edu/1001/org/ochre/480d00e9-76f3-4ff2-ada3-319a3c4ec441</a>"
2013.51.75.Video3.mp4,2013.51.75.Video3.MP4,https://pi.lib.uchicago.edu/1001/org/ochre/7a38660b-7a46-4328-bf9c-a5dada4bb365,Leon Levy Expedition to Ashkelon Dataset: Videos,Videos collected from the excavation of Ashkelon; 1985-2016.,"<a href=""https://pi.lib.uchicago.edu/1001/org/ochre/7a38660b-7a46-4328-bf9c-a5dada4bb365"">https://pi.lib.uchicago.edu/1001/org/ochre/7a38660b-7a46-4328-bf9c-a5dada4bb365</a>"
2013.51.75.Video4.mp4,2013.51.75.Video4.MP4,https://pi.lib.uchicago.edu/1001/org/ochre/4ad2c8e7-2b62-4126-9574-bf32724be9cf,Leon Levy Expedition to Ashkelon Dataset: Videos,Videos collected from the excavation of Ashkelon; 1985-2016.,"<a href=""https://pi.lib.uchicago.edu/1001/org/ochre/4ad2c8e7-2b62-4126-9574-bf32724be9cf"">https://pi.lib.uchicago.edu/1001/org/ochre/4ad2c8e7-2b62-4126-9574-bf32724be9cf</a>"
2013.51.75.Video5.mp4,2013.51.75.Video5.MP4,https://pi.lib.uchicago.edu/1001/org/ochre/f15b42ab-f022-454d-840b-3e9aea2d3069,Leon Levy Expedition to Ashkelon Dataset: Videos,Videos collected from the excavation of Ashkelon; 1985-2016.,"<a href=""https://pi.lib.uchicago.edu/1001/org/ochre/f15b42ab-f022-454d-840b-3e9aea2d3069"">https://pi.lib.uchicago.edu/1001/org/ochre/f15b42ab-f022-454d-840b-3e9aea2d3069</a>"
2013.51.75.Video6.mp4,2013.51.75.Video6.MP4,https://pi.lib.uchicago.edu/1001/org/ochre/f9e1aa01-5b4e-458c-b563-92faaf973106,Leon Levy Expedition to Ashkelon Dataset: Videos,Videos collected from the excavation of Ashkelon; 1985-2016.,"<a href=""https://pi.lib.uchicago.edu/1001/org/ochre/f9e1aa01-5b4e-458c-b563-92faaf973106"">https://pi.lib.uchicago.edu/1001/org/ochre/f9e1aa01-5b4e-458c-b563-92faaf973106</a>"
2013.51.75.Video7.mp4,2013.51.75.Video7.MP4,https://pi.lib.uchicago.edu/1001/org/ochre/e5a89f5d-1a64-4bd2-bc52-065457b10667,Leon Levy Expedition to Ashkelon Dataset: Videos,Videos collected from the excavation of Ashkelon; 1985-2016.,"<a href=""https://pi.lib.uchicago.edu/1001/org/ochre/e5a89f5d-1a64-4bd2-bc52-065457b10667"">https://pi.lib.uchicago.edu/1001/org/ochre/e5a89f5d-1a64-4bd2-bc52-065457b10667</a>"
2013.51.75.Video8.mp4,2013.51.75.Video8.MP4,https://pi.lib.uchicago.edu/1001/org/ochre/b8e6783a-f060-4e5e-81f5-0257c599d72d,Leon Levy Expedition to Ashkelon Dataset: Videos,Videos collected from the excavation of Ashkelon; 1985-2016.,"<a href=""https://pi.lib.uchicago.edu/1001/org/ochre/b8e6783a-f060-4e5e-81f5-0257c599d72d"">https://pi.lib.uchicago.edu/1001/org/ochre/b8e6783a-f060-4e5e-81f5-0257c599d72d</a>"
2013.51.75.Video9.mp4,2013.51.75.Video9.MP4,https://pi.lib.uchicago.edu/1001/org/ochre/e522e0b9-7ab9-4002-ba0d-a1944f763e3c,Leon Levy Expedition to Ashkelon Dataset: Videos,Videos collected from the excavation of Ashkelon; 1985-2016.,"<a href=""https://pi.lib.uchicago.edu/1001/org/ochre/e522e0b9-7ab9-4002-ba0d-a1944f763e3c"">https://pi.lib.uchicago.edu/1001/org/ochre/e522e0b9-7ab9-4002-ba0d-a1944f763e3c</a>"
2013.51.83.Video1.mp4,2013.51.83.Video1.MP4,https://pi.lib.uchicago.edu/1001/org/ochre/0838e4b3-2300-4271-8b8f-9c6ebc81491e,Leon Levy Expedition to Ashkelon Dataset: Videos,Videos collected from the excavation of Ashkelon; 1985-2016.,"<a href=""https://pi.lib.uchicago.edu/1001/org/ochre/0838e4b3-2300-4271-8b8f-9c6ebc81491e"">https://pi.lib.uchicago.edu/1001/org/ochre/0838e4b3-2300-4271-8b8f-9c6ebc81491e</a>"
2013.51.83.Video11.mp4,2013.51.83.Video11.MP4,https://pi.lib.uchicago.edu/1001/org/ochre/e76137c2-1191-4440-9559-be2b36549334,Leon Levy Expedition to Ashkelon Dataset: Videos,Videos collected from the excavation of Ashkelon; 1985-2016.,"<a href=""https://pi.lib.uchicago.edu/1001/org/ochre/e76137c2-1191-4440-9559-be2b36549334"">https://pi.lib.uchicago.edu/1001/org/ochre/e76137c2-1191-4440-9559-be2b36549334</a>"
2013.51.83.Video14.mp4,2013.51.83.Video14.MP4,https://pi.lib.uchicago.edu/1001/org/ochre/3b436d5c-0675-4c3a-9d62-662a14432e42,Leon Levy Expedition to Ashkelon Dataset: Videos,Videos collected from the excavation of Ashkelon; 1985-2016.,"<a href=""https://pi.lib.uchicago.edu/1001/org/ochre/3b436d5c-0675-4c3a-9d62-662a14432e42"">https://pi.lib.uchicago.edu/1001/org/ochre/3b436d5c-0675-4c3a-9d62-662a14432e42</a>"
2013.51.83.Video15.mp4,2013.51.83.Video15.MP4,https://pi.lib.uchicago.edu/1001/org/ochre/800707b9-a5e8-4140-b981-4266ec45876e,Leon Levy Expedition to Ashkelon Dataset: Videos,Videos collected from the excavation of Ashkelon; 1985-2016.,"<a href=""https://pi.lib.uchicago.edu/1001/org/ochre/800707b9-a5e8-4140-b981-4266ec45876e"">https://pi.lib.uchicago.edu/1001/org/ochre/800707b9-a5e8-4140-b981-4266ec45876e</a>"
2013.51.83.Video3.mp4,2013.51.83.Video3.MP4,https://pi.lib.uchicago.edu/1001/org/ochre/2af09ed7-31da-4ffa-a481-c30ab208413e,Leon Levy Expedition to Ashkelon Dataset: Videos,Videos collected from the excavation of Ashkelon; 1985-2016.,"<a href=""https://pi.lib.uchicago.edu/1001/org/ochre/2af09ed7-31da-4ffa-a481-c30ab208413e"">https://pi.lib.uchicago.edu/1001/org/ochre/2af09ed7-31da-4ffa-a481-c30ab208413e</a>"
2013.51.83.Video4.mp4,2013.51.83.Video4.MP4,https://pi.lib.uchicago.edu/1001/org/ochre/986f8f1a-21d8-4a0a-b767-8dcc7289fb53,Leon Levy Expedition to Ashkelon Dataset: Videos,Videos collected from the excavation of Ashkelon; 1985-2016.,"<a href=""https://pi.lib.uchicago.edu/1001/org/ochre/986f8f1a-21d8-4a0a-b767-8dcc7289fb53"">https://pi.lib.uchicago.edu/1001/org/ochre/986f8f1a-21d8-4a0a-b767-8dcc7289fb53</a>"
2013.51.83.Video5.mp4,2013.51.83.Video5.MP4,https://pi.lib.uchicago.edu/1001/org/ochre/69e38ca3-88a3-4820-a006-bdab5bad5c74,Leon Levy Expedition to Ashkelon Dataset: Videos,Videos collected from the excavation of Ashkelon; 1985-2016.,"<a href=""https://pi.lib.uchicago.edu/1001/org/ochre/69e38ca3-88a3-4820-a006-bdab5bad5c74"">https://pi.lib.uchicago.edu/1001/org/ochre/69e38ca3-88a3-4820-a006-bdab5bad5c74</a>"
2013.51.83.Video6.mp4,2013.51.83.Video6.MP4,https://pi.lib.uchicago.edu/1001/org/ochre/6d9307cd-e531-46e6-ae67-f466b0aead02,Leon Levy Expedition to Ashkelon Dataset: Videos,Videos collected from the excavation of Ashkelon; 1985-2016.,"<a href=""https://pi.lib.uchicago.edu/1001/org/ochre/6d9307cd-e531-46e6-ae67-f466b0aead02"">https://pi.lib.uchicago.edu/1001/org/ochre/6d9307cd-e531-46e6-ae67-f466b0aead02</a>"
2013.51.83-84.Video9.mp4,2013.51.83-84.Video9.MP4,https://pi.lib.uchicago.edu/1001/org/ochre/aa65b45c-bbd4-4c9e-b0c2-4777ed738f1b,Leon Levy Expedition to Ashkelon Dataset: Videos,Videos collected from the excavation of Ashkelon; 1985-2016.,"<a href=""https://pi.lib.uchicago.edu/1001/org/ochre/aa65b45c-bbd4-4c9e-b0c2-4777ed738f1b"">https://pi.lib.uchicago.edu/1001/org/ochre/aa65b45c-bbd4-4c9e-b0c2-4777ed738f1b</a>"
2013.51.83-84.Video10.mp4,2013.51.83-84.Video10.MP4,https://pi.lib.uchicago.edu/1001/org/ochre/59657a9f-9e7a-493d-a2e9-fa942f5606c2,Leon Levy Expedition to Ashkelon Dataset: Videos,Videos collected from the excavation of Ashkelon; 1985-2016.,"<a href=""https://pi.lib.uchicago.edu/1001/org/ochre/59657a9f-9e7a-493d-a2e9-fa942f5606c2"">https://pi.lib.uchicago.edu/1001/org/ochre/59657a9f-9e7a-493d-a2e9-fa942f5606c2</a>"
2013.51.83-84.Video12.mp4,2013.51.83-84.Video12.MP4,https://pi.lib.uchicago.edu/1001/org/ochre/eef15bd5-05dc-44e6-b52c-92abba0147ae,Leon Levy Expedition to Ashkelon Dataset: Videos,Videos collected from the excavation of Ashkelon; 1985-2016.,"<a href=""https://pi.lib.uchicago.edu/1001/org/ochre/eef15bd5-05dc-44e6-b52c-92abba0147ae"">https://pi.lib.uchicago.edu/1001/org/ochre/eef15bd5-05dc-44e6-b52c-92abba0147ae</a>"
2013.51.83-84.Video13.mp4,2013.51.83-84.Video13.MP4,https://pi.lib.uchicago.edu/1001/org/ochre/e46c8c01-5877-4107-888b-524cffc0626b,Leon Levy Expedition to Ashkelon Dataset: Videos,Videos collected from the excavation of Ashkelon; 1985-2016.,"<a href=""https://pi.lib.uchicago.edu/1001/org/ochre/e46c8c01-5877-4107-888b-524cffc0626b"">https://pi.lib.uchicago.edu/1001/org/ochre/e46c8c01-5877-4107-888b-524cffc0626b</a>"
2013.51.83.Video2.mp4,2013.51.83.Video2.MP4,https://pi.lib.uchicago.edu/1001/org/ochre/a7c1f90c-62c1-45e0-a9a6-093b9dd50e80,Leon Levy Expedition to Ashkelon Dataset: Videos,Videos collected from the excavation of Ashkelon; 1985-2016.,"<a href=""https://pi.lib.uchicago.edu/1001/org/ochre/a7c1f90c-62c1-45e0-a9a6-093b9dd50e80"">https://pi.lib.uchicago.edu/1001/org/ochre/a7c1f90c-62c1-45e0-a9a6-093b9dd50e80</a>"
2013.51.83-84.Video7.mp4,2013.51.83-84.Video7.MP4,https://pi.lib.uchicago.edu/1001/org/ochre/842bc786-a82b-4215-843e-a702eb86b65c,Leon Levy Expedition to Ashkelon Dataset: Videos,Videos collected from the excavation of Ashkelon; 1985-2016.,"<a href=""https://pi.lib.uchicago.edu/1001/org/ochre/842bc786-a82b-4215-843e-a702eb86b65c"">https://pi.lib.uchicago.edu/1001/org/ochre/842bc786-a82b-4215-843e-a702eb86b65c</a>"
2013.51.83-84.Video8.mp4,2013.51.83-84.Video8.MP4,https://pi.lib.uchicago.edu/1001/org/ochre/8e2d2b8b-6765-409c-b764-c090c6c8ed5e,Leon Levy Expedition to Ashkelon Dataset: Videos,Videos collected from the excavation of Ashkelon; 1985-2016.,"<a href=""https://pi.lib.uchicago.edu/1001/org/ochre/8e2d2b8b-6765-409c-b764-c090c6c8ed5e"">https://pi.lib.uchicago.edu/1001/org/ochre/8e2d2b8b-6765-409c-b764-c090c6c8ed5e</a>"
2013.51.84.Video1.mp4,2013.51.84.Video1.MP4,https://pi.lib.uchicago.edu/1001/org/ochre/157ec900-3690-40e6-8e6e-7c929379bdff,Leon Levy Expedition to Ashkelon Dataset: Videos,Videos collected from the excavation of Ashkelon; 1985-2016.,"<a href=""https://pi.lib.uchicago.edu/1001/org/ochre/157ec900-3690-40e6-8e6e-7c929379bdff"">https://pi.lib.uchicago.edu/1001/org/ochre/157ec900-3690-40e6-8e6e-7c929379bdff</a>"
2013.51.84.Video10.mp4,2013.51.84.Video10.MP4,https://pi.lib.uchicago.edu/1001/org/ochre/5888ca2d-9bb7-475f-b41e-cc090968931a,Leon Levy Expedition to Ashkelon Dataset: Videos,Videos collected from the excavation of Ashkelon; 1985-2016.,"<a href=""https://pi.lib.uchicago.edu/1001/org/ochre/5888ca2d-9bb7-475f-b41e-cc090968931a"">https://pi.lib.uchicago.edu/1001/org/ochre/5888ca2d-9bb7-475f-b41e-cc090968931a</a>"
2013.51.84.Video11.mp4,2013.51.84.Video11.MP4,https://pi.lib.uchicago.edu/1001/org/ochre/73fcac8a-c4db-4950-a377-08668abdaecd,Leon Levy Expedition to Ashkelon Dataset: Videos,Videos collected from the excavation of Ashkelon; 1985-2016.,"<a href=""https://pi.lib.uchicago.edu/1001/org/ochre/73fcac8a-c4db-4950-a377-08668abdaecd"">https://pi.lib.uchicago.edu/1001/org/ochre/73fcac8a-c4db-4950-a377-08668abdaecd</a>"
2013.51.84.Video12.mp4,2013.51.84.Video12.MP4,https://pi.lib.uchicago.edu/1001/org/ochre/9419ddd2-11ad-4797-8526-806584685143,Leon Levy Expedition to Ashkelon Dataset: Videos,Videos collected from the excavation of Ashkelon; 1985-2016.,"<a href=""https://pi.lib.uchicago.edu/1001/org/ochre/9419ddd2-11ad-4797-8526-806584685143"">https://pi.lib.uchicago.edu/1001/org/ochre/9419ddd2-11ad-4797-8526-806584685143</a>"
2013.51.84.Video13.mp4,2013.51.84.Video13.MP4,https://pi.lib.uchicago.edu/1001/org/ochre/0909884a-8735-4a3a-8439-a7c0b0fb37d6,Leon Levy Expedition to Ashkelon Dataset: Videos,Videos collected from the excavation of Ashkelon; 1985-2016.,"<a href=""https://pi.lib.uchicago.edu/1001/org/ochre/0909884a-8735-4a3a-8439-a7c0b0fb37d6"">https://pi.lib.uchicago.edu/1001/org/ochre/0909884a-8735-4a3a-8439-a7c0b0fb37d6</a>"
2013.51.84.Video14.mp4,2013.51.84.Video14.MP4,https://pi.lib.uchicago.edu/1001/org/ochre/a7a24db4-9f4a-49e1-94be-d2e6b226c2e8,Leon Levy Expedition to Ashkelon Dataset: Videos,Videos collected from the excavation of Ashkelon; 1985-2016.,"<a href=""https://pi.lib.uchicago.edu/1001/org/ochre/a7a24db4-9f4a-49e1-94be-d2e6b226c2e8"">https://pi.lib.uchicago.edu/1001/org/ochre/a7a24db4-9f4a-49e1-94be-d2e6b226c2e8</a>"
2013.51.84.Video15.mp4,2013.51.84.Video15.MP4,https://pi.lib.uchicago.edu/1001/org/ochre/b64040f3-713e-4228-8733-f99e214b72e0,Leon Levy Expedition to Ashkelon Dataset: Videos,Videos collected from the excavation of Ashkelon; 1985-2016.,"<a href=""https://pi.lib.uchicago.edu/1001/org/ochre/b64040f3-713e-4228-8733-f99e214b72e0"">https://pi.lib.uchicago.edu/1001/org/ochre/b64040f3-713e-4228-8733-f99e214b72e0</a>"
2013.51.84.Video16.mp4,2013.51.84.Video16.MP4,https://pi.lib.uchicago.edu/1001/org/ochre/7cd052c0-0990-4a4e-bf2f-adee601677d7,Leon Levy Expedition to Ashkelon Dataset: Videos,Videos collected from the excavation of Ashkelon; 1985-2016.,"<a href=""https://pi.lib.uchicago.edu/1001/org/ochre/7cd052c0-0990-4a4e-bf2f-adee601677d7"">https://pi.lib.uchicago.edu/1001/org/ochre/7cd052c0-0990-4a4e-bf2f-adee601677d7</a>"
2013.51.84.Video17.mp4,2013.51.84.Video17.MP4,https://pi.lib.uchicago.edu/1001/org/ochre/73298d7d-9d68-4de6-ad2b-889df0893782,Leon Levy Expedition to Ashkelon Dataset: Videos,Videos collected from the excavation of Ashkelon; 1985-2016.,"<a href=""https://pi.lib.uchicago.edu/1001/org/ochre/73298d7d-9d68-4de6-ad2b-889df0893782"">https://pi.lib.uchicago.edu/1001/org/ochre/73298d7d-9d68-4de6-ad2b-889df0893782</a>"
2013.51.84.Video18.mp4,2013.51.84.Video18.MP4,https://pi.lib.uchicago.edu/1001/org/ochre/d79f9d5b-cc52-4813-b1a0-0a7b23b96c85,Leon Levy Expedition to Ashkelon Dataset: Videos,Videos collected from the excavation of Ashkelon; 1985-2016.,"<a href=""https://pi.lib.uchicago.edu/1001/org/ochre/d79f9d5b-cc52-4813-b1a0-0a7b23b96c85"">https://pi.lib.uchicago.edu/1001/org/ochre/d79f9d5b-cc52-4813-b1a0-0a7b23b96c85</a>"
2013.51.84.Video2.mp4,2013.51.84.Video2.MP4,https://pi.lib.uchicago.edu/1001/org/ochre/5ef43df3-eb61-41f6-b4c1-c15efbb06a8b,Leon Levy Expedition to Ashkelon Dataset: Videos,Videos collected from the excavation of Ashkelon; 1985-2016.,"<a href=""https://pi.lib.uchicago.edu/1001/org/ochre/5ef43df3-eb61-41f6-b4c1-c15efbb06a8b"">https://pi.lib.uchicago.edu/1001/org/ochre/5ef43df3-eb61-41f6-b4c1-c15efbb06a8b</a>"
2013.51.84.Video3.mp4,2013.51.84.Video3.MP4,https://pi.lib.uchicago.edu/1001/org/ochre/2245388e-0a82-4109-a2e0-98bc8f0cd0d0,Leon Levy Expedition to Ashkelon Dataset: Videos,Videos collected from the excavation of Ashkelon; 1985-2016.,"<a href=""https://pi.lib.uchicago.edu/1001/org/ochre/2245388e-0a82-4109-a2e0-98bc8f0cd0d0"">https://pi.lib.uchicago.edu/1001/org/ochre/2245388e-0a82-4109-a2e0-98bc8f0cd0d0</a>"
2013.51.84.Video4.mp4,2013.51.84.Video4.MP4,https://pi.lib.uchicago.edu/1001/org/ochre/b6263c25-ae8e-45dc-918d-f78d295f51fd,Leon Levy Expedition to Ashkelon Dataset: Videos,Videos collected from the excavation of Ashkelon; 1985-2016.,"<a href=""https://pi.lib.uchicago.edu/1001/org/ochre/b6263c25-ae8e-45dc-918d-f78d295f51fd"">https://pi.lib.uchicago.edu/1001/org/ochre/b6263c25-ae8e-45dc-918d-f78d295f51fd</a>"
2013.51.84.Video5.mp4,2013.51.84.Video5.MP4,https://pi.lib.uchicago.edu/1001/org/ochre/7989a649-9e6c-46b2-b10d-e501c2c8a193,Leon Levy Expedition to Ashkelon Dataset: Videos,Videos collected from the excavation of Ashkelon; 1985-2016.,"<a href=""https://pi.lib.uchicago.edu/1001/org/ochre/7989a649-9e6c-46b2-b10d-e501c2c8a193"">https://pi.lib.uchicago.edu/1001/org/ochre/7989a649-9e6c-46b2-b10d-e501c2c8a193</a>"
2013.51.84.Video6.mp4,2013.51.84.Video6.MP4,https://pi.lib.uchicago.edu/1001/org/ochre/e064dc2c-3a7b-4881-a5b8-8d37984a76e8,Leon Levy Expedition to Ashkelon Dataset: Videos,Videos collected from the excavation of Ashkelon; 1985-2016.,"<a href=""https://pi.lib.uchicago.edu/1001/org/ochre/e064dc2c-3a7b-4881-a5b8-8d37984a76e8"">https://pi.lib.uchicago.edu/1001/org/ochre/e064dc2c-3a7b-4881-a5b8-8d37984a76e8</a>"
2013.51.84.Video7.mp4,2013.51.84.Video7.MP4,https://pi.lib.uchicago.edu/1001/org/ochre/aa9b6562-3546-49ea-8cf0-3bcd43f2b3ef,Leon Levy Expedition to Ashkelon Dataset: Videos,Videos collected from the excavation of Ashkelon; 1985-2016.,"<a href=""https://pi.lib.uchicago.edu/1001/org/ochre/aa9b6562-3546-49ea-8cf0-3bcd43f2b3ef"">https://pi.lib.uchicago.edu/1001/org/ochre/aa9b6562-3546-49ea-8cf0-3bcd43f2b3ef</a>"
2013.51.84.Video8.mp4,2013.51.84.Video8.MP4,https://pi.lib.uchicago.edu/1001/org/ochre/806afcab-a3c7-4592-9764-c0959decc27f,Leon Levy Expedition to Ashkelon Dataset: Videos,Videos collected from the excavation of Ashkelon; 1985-2016.,"<a href=""https://pi.lib.uchicago.edu/1001/org/ochre/806afcab-a3c7-4592-9764-c0959decc27f"">https://pi.lib.uchicago.edu/1001/org/ochre/806afcab-a3c7-4592-9764-c0959decc27f</a>"
2013.51.84.Video9.mp4,2013.51.84.Video9.MP4,https://pi.lib.uchicago.edu/1001/org/ochre/5ed6b39c-44d2-49a9-bd46-f0b988638f9b,Leon Levy Expedition to Ashkelon Dataset: Videos,Videos collected from the excavation of Ashkelon; 1985-2016.,"<a href=""https://pi.lib.uchicago.edu/1001/org/ochre/5ed6b39c-44d2-49a9-bd46-f0b988638f9b"">https://pi.lib.uchicago.edu/1001/org/ochre/5ed6b39c-44d2-49a9-bd46-f0b988638f9b</a>"
2013.51.85.Video1.mp4,2013.51.85.Video1.MP4,https://pi.lib.uchicago.edu/1001/org/ochre/160491b0-e51f-4700-8164-f0660f99cf28,Leon Levy Expedition to Ashkelon Dataset: Videos,Videos collected from the excavation of Ashkelon; 1985-2016.,"<a href=""https://pi.lib.uchicago.edu/1001/org/ochre/160491b0-e51f-4700-8164-f0660f99cf28"">https://pi.lib.uchicago.edu/1001/org/ochre/160491b0-e51f-4700-8164-f0660f99cf28</a>"
2013.51.85.Video2.mp4,2013.51.85.Video2.MP4,https://pi.lib.uchicago.edu/1001/org/ochre/480eb5f7-e94b-4ee2-a616-413110c435ca,Leon Levy Expedition to Ashkelon Dataset: Videos,Videos collected from the excavation of Ashkelon; 1985-2016.,"<a href=""https://pi.lib.uchicago.edu/1001/org/ochre/480eb5f7-e94b-4ee2-a616-413110c435ca"">https://pi.lib.uchicago.edu/1001/org/ochre/480eb5f7-e94b-4ee2-a616-413110c435ca</a>"
2014.51.73.Video1.mp4,2014.51.73.Video1.mp4,https://pi.lib.uchicago.edu/1001/org/ochre/d49daa3d-5297-49ad-8e1d-1fb23d9791d4,Leon Levy Expedition to Ashkelon Dataset: Videos,Videos collected from the excavation of Ashkelon; 1985-2016.,"<a href=""https://pi.lib.uchicago.edu/1001/org/ochre/d49daa3d-5297-49ad-8e1d-1fb23d9791d4"">https://pi.lib.uchicago.edu/1001/org/ochre/d49daa3d-5297-49ad-8e1d-1fb23d9791d4</a>"
2014.51.73.Video2.mp4,2014.51.73.Video2.mp4,https://pi.lib.uchicago.edu/1001/org/ochre/60e56526-dcf2-4ab7-b0bc-41a27fa95ae5,Leon Levy Expedition to Ashkelon Dataset: Videos,Videos collected from the excavation of Ashkelon; 1985-2016.,"<a href=""https://pi.lib.uchicago.edu/1001/org/ochre/60e56526-dcf2-4ab7-b0bc-41a27fa95ae5"">https://pi.lib.uchicago.edu/1001/org/ochre/60e56526-dcf2-4ab7-b0bc-41a27fa95ae5</a>"
2014.51.73.Video3.mp4,2014.51.73.Video3.mp4,https://pi.lib.uchicago.edu/1001/org/ochre/a0ebc72d-f6e3-4773-bf20-267444dc2738,Leon Levy Expedition to Ashkelon Dataset: Videos,Videos collected from the excavation of Ashkelon; 1985-2016.,"<a href=""https://pi.lib.uchicago.edu/1001/org/ochre/a0ebc72d-f6e3-4773-bf20-267444dc2738"">https://pi.lib.uchicago.edu/1001/org/ochre/a0ebc72d-f6e3-4773-bf20-267444dc2738</a>"
2014.51.74.Video1.mp4,2014.51.74.Video1.mp4,https://pi.lib.uchicago.edu/1001/org/ochre/ad80ea7a-1951-4414-8174-232ec8f0f02f,Leon Levy Expedition to Ashkelon Dataset: Videos,Videos collected from the excavation of Ashkelon; 1985-2016.,"<a href=""https://pi.lib.uchicago.edu/1001/org/ochre/ad80ea7a-1951-4414-8174-232ec8f0f02f"">https://pi.lib.uchicago.edu/1001/org/ochre/ad80ea7a-1951-4414-8174-232ec8f0f02f</a>"
2014.51.74.Video10.mp4,2014.51.74.Video10.mp4,https://pi.lib.uchicago.edu/1001/org/ochre/7a3acde6-c957-4cce-a81f-d1aebb378fb7,Leon Levy Expedition to Ashkelon Dataset: Videos,Videos collected from the excavation of Ashkelon; 1985-2016.,"<a href=""https://pi.lib.uchicago.edu/1001/org/ochre/7a3acde6-c957-4cce-a81f-d1aebb378fb7"">https://pi.lib.uchicago.edu/1001/org/ochre/7a3acde6-c957-4cce-a81f-d1aebb378fb7</a>"
2014.51.74.Video11.mp4,2014.51.74.Video11.mp4,https://pi.lib.uchicago.edu/1001/org/ochre/283d4ce2-b816-475e-8be3-0c966b83047d,Leon Levy Expedition to Ashkelon Dataset: Videos,Videos collected from the excavation of Ashkelon; 1985-2016.,"<a href=""https://pi.lib.uchicago.edu/1001/org/ochre/283d4ce2-b816-475e-8be3-0c966b83047d"">https://pi.lib.uchicago.edu/1001/org/ochre/283d4ce2-b816-475e-8be3-0c966b83047d</a>"
2014.51.74.Video12.mp4,2014.51.74.Video12.mp4,https://pi.lib.uchicago.edu/1001/org/ochre/0533f923-1576-4223-a025-e71ee6fba802,Leon Levy Expedition to Ashkelon Dataset: Videos,Videos collected from the excavation of Ashkelon; 1985-2016.,"<a href=""https://pi.lib.uchicago.edu/1001/org/ochre/0533f923-1576-4223-a025-e71ee6fba802"">https://pi.lib.uchicago.edu/1001/org/ochre/0533f923-1576-4223-a025-e71ee6fba802</a>"
2014.51.74.Video13.mp4,2014.51.74.Video13.mp4,https://pi.lib.uchicago.edu/1001/org/ochre/09f8935e-f795-4b46-abc5-f348574a302c,Leon Levy Expedition to Ashkelon Dataset: Videos,Videos collected from the excavation of Ashkelon; 1985-2016.,"<a href=""https://pi.lib.uchicago.edu/1001/org/ochre/09f8935e-f795-4b46-abc5-f348574a302c"">https://pi.lib.uchicago.edu/1001/org/ochre/09f8935e-f795-4b46-abc5-f348574a302c</a>"
2014.51.74.Video14.mp4,2014.51.74.Video14.mp4,https://pi.lib.uchicago.edu/1001/org/ochre/cae0541f-8530-4d91-930c-a9eff90f28fa,Leon Levy Expedition to Ashkelon Dataset: Videos,Videos collected from the excavation of Ashkelon; 1985-2016.,"<a href=""https://pi.lib.uchicago.edu/1001/org/ochre/cae0541f-8530-4d91-930c-a9eff90f28fa"">https://pi.lib.uchicago.edu/1001/org/ochre/cae0541f-8530-4d91-930c-a9eff90f28fa</a>"
2014.51.74.Video15.mp4,2014.51.74.Video15.mp4,https://pi.lib.uchicago.edu/1001/org/ochre/9c3affda-21b0-46da-843c-07bbb5095620,Leon Levy Expedition to Ashkelon Dataset: Videos,Videos collected from the excavation of Ashkelon; 1985-2016.,"<a href=""https://pi.lib.uchicago.edu/1001/org/ochre/9c3affda-21b0-46da-843c-07bbb5095620"">https://pi.lib.uchicago.edu/1001/org/ochre/9c3affda-21b0-46da-843c-07bbb5095620</a>"
2014.51.74.Video16.mp4,2014.51.74.Video16.mp4,https://pi.lib.uchicago.edu/1001/org/ochre/a5dd1bcf-6c28-4673-a7bc-24d7b88d6611,Leon Levy Expedition to Ashkelon Dataset: Videos,Videos collected from the excavation of Ashkelon; 1985-2016.,"<a href=""https://pi.lib.uchicago.edu/1001/org/ochre/a5dd1bcf-6c28-4673-a7bc-24d7b88d6611"">https://pi.lib.uchicago.edu/1001/org/ochre/a5dd1bcf-6c28-4673-a7bc-24d7b88d6611</a>"
2014.51.74.Video17.mp4,2014.51.74.Video17.mp4,https://pi.lib.uchicago.edu/1001/org/ochre/1b384387-3b51-4365-ac81-4eade4d92809,Leon Levy Expedition to Ashkelon Dataset: Videos,Videos collected from the excavation of Ashkelon; 1985-2016.,"<a href=""https://pi.lib.uchicago.edu/1001/org/ochre/1b384387-3b51-4365-ac81-4eade4d92809"">https://pi.lib.uchicago.edu/1001/org/ochre/1b384387-3b51-4365-ac81-4eade4d92809</a>"
2014.51.74.Video18.mp4,2014.51.74.Video18.mp4,https://pi.lib.uchicago.edu/1001/org/ochre/01e8221b-4e15-44d2-a32c-74372f1d8ff4,Leon Levy Expedition to Ashkelon Dataset: Videos,Videos collected from the excavation of Ashkelon; 1985-2016.,"<a href=""https://pi.lib.uchicago.edu/1001/org/ochre/01e8221b-4e15-44d2-a32c-74372f1d8ff4"">https://pi.lib.uchicago.edu/1001/org/ochre/01e8221b-4e15-44d2-a32c-74372f1d8ff4</a>"
2014.51.74.Video19.mp4,2014.51.74.Video19.mp4,https://pi.lib.uchicago.edu/1001/org/ochre/94a1e284-edcb-471a-a55b-a45650be8828,Leon Levy Expedition to Ashkelon Dataset: Videos,Videos collected from the excavation of Ashkelon; 1985-2016.,"<a href=""https://pi.lib.uchicago.edu/1001/org/ochre/94a1e284-edcb-471a-a55b-a45650be8828"">https://pi.lib.uchicago.edu/1001/org/ochre/94a1e284-edcb-471a-a55b-a45650be8828</a>"
2014.51.74.Video2.mp4,2014.51.74.Video2.mp4,https://pi.lib.uchicago.edu/1001/org/ochre/c4fa1f87-7afc-4892-aa23-101f79891e7f,Leon Levy Expedition to Ashkelon Dataset: Videos,Videos collected from the excavation of Ashkelon; 1985-2016.,"<a href=""https://pi.lib.uchicago.edu/1001/org/ochre/c4fa1f87-7afc-4892-aa23-101f79891e7f"">https://pi.lib.uchicago.edu/1001/org/ochre/c4fa1f87-7afc-4892-aa23-101f79891e7f</a>"
2014.51.74.Video20.mp4,2014.51.74.Video20.mp4,https://pi.lib.uchicago.edu/1001/org/ochre/b7bc9dd6-adcc-4dc1-a78f-f7f6a149c12f,Leon Levy Expedition to Ashkelon Dataset: Videos,Videos collected from the excavation of Ashkelon; 1985-2016.,"<a href=""https://pi.lib.uchicago.edu/1001/org/ochre/b7bc9dd6-adcc-4dc1-a78f-f7f6a149c12f"">https://pi.lib.uchicago.edu/1001/org/ochre/b7bc9dd6-adcc-4dc1-a78f-f7f6a149c12f</a>"
2014.51.74.Video3.mp4,2014.51.74.Video3.mp4,https://pi.lib.uchicago.edu/1001/org/ochre/dcb2eb3e-6d7d-44de-b525-c67afe057106,Leon Levy Expedition to Ashkelon Dataset: Videos,Videos collected from the excavation of Ashkelon; 1985-2016.,"<a href=""https://pi.lib.uchicago.edu/1001/org/ochre/dcb2eb3e-6d7d-44de-b525-c67afe057106"">https://pi.lib.uchicago.edu/1001/org/ochre/dcb2eb3e-6d7d-44de-b525-c67afe057106</a>"
2014.51.74.Video4.mp4,2014.51.74.Video4.mp4,https://pi.lib.uchicago.edu/1001/org/ochre/f1a486f3-9599-4058-ad61-5073952175ab,Leon Levy Expedition to Ashkelon Dataset: Videos,Videos collected from the excavation of Ashkelon; 1985-2016.,"<a href=""https://pi.lib.uchicago.edu/1001/org/ochre/f1a486f3-9599-4058-ad61-5073952175ab"">https://pi.lib.uchicago.edu/1001/org/ochre/f1a486f3-9599-4058-ad61-5073952175ab</a>"
2014.51.74.Video5.mp4,2014.51.74.Video5.mp4,https://pi.lib.uchicago.edu/1001/org/ochre/1531723d-7afc-41f3-b9bd-9de404c0a3c5,Leon Levy Expedition to Ashkelon Dataset: Videos,Videos collected from the excavation of Ashkelon; 1985-2016.,"<a href=""https://pi.lib.uchicago.edu/1001/org/ochre/1531723d-7afc-41f3-b9bd-9de404c0a3c5"">https://pi.lib.uchicago.edu/1001/org/ochre/1531723d-7afc-41f3-b9bd-9de404c0a3c5</a>"
2014.51.74.Video6.mp4,2014.51.74.Video6.mp4,https://pi.lib.uchicago.edu/1001/org/ochre/650c28a5-195c-42a0-94cb-2d71d3b49d4b,Leon Levy Expedition to Ashkelon Dataset: Videos,Videos collected from the excavation of Ashkelon; 1985-2016.,"<a href=""https://pi.lib.uchicago.edu/1001/org/ochre/650c28a5-195c-42a0-94cb-2d71d3b49d4b"">https://pi.lib.uchicago.edu/1001/org/ochre/650c28a5-195c-42a0-94cb-2d71d3b49d4b</a>"
2014.51.74.Video7.mp4,2014.51.74.Video7.mp4,https://pi.lib.uchicago.edu/1001/org/ochre/11440f89-c511-4a78-a023-80d28cf3372d,Leon Levy Expedition to Ashkelon Dataset: Videos,Videos collected from the excavation of Ashkelon; 1985-2016.,"<a href=""https://pi.lib.uchicago.edu/1001/org/ochre/11440f89-c511-4a78-a023-80d28cf3372d"">https://pi.lib.uchicago.edu/1001/org/ochre/11440f89-c511-4a78-a023-80d28cf3372d</a>"
2014.51.74.Video8.mp4,2014.51.74.Video8.mp4,https://pi.lib.uchicago.edu/1001/org/ochre/4a52e219-9b6e-49a9-b03e-b4441a52ea80,Leon Levy Expedition to Ashkelon Dataset: Videos,Videos collected from the excavation of Ashkelon; 1985-2016.,"<a href=""https://pi.lib.uchicago.edu/1001/org/ochre/4a52e219-9b6e-49a9-b03e-b4441a52ea80"">https://pi.lib.uchicago.edu/1001/org/ochre/4a52e219-9b6e-49a9-b03e-b4441a52ea80</a>"
2014.51.74.Video9.mp4,2014.51.74.Video9.mp4,https://pi.lib.uchicago.edu/1001/org/ochre/b4c73435-4c41-4829-aa60-740e64553e01,Leon Levy Expedition to Ashkelon Dataset: Videos,Videos collected from the excavation of Ashkelon; 1985-2016.,"<a href=""https://pi.lib.uchicago.edu/1001/org/ochre/b4c73435-4c41-4829-aa60-740e64553e01"">https://pi.lib.uchicago.edu/1001/org/ochre/b4c73435-4c41-4829-aa60-740e64553e01</a>"
2014.51.83.Video1.mp4,2014.51.83.Video1.mp4,https://pi.lib.uchicago.edu/1001/org/ochre/4dde30b8-7d44-4dfd-bfb1-af459dce0452,Leon Levy Expedition to Ashkelon Dataset: Videos,Videos collected from the excavation of Ashkelon; 1985-2016.,"<a href=""https://pi.lib.uchicago.edu/1001/org/ochre/4dde30b8-7d44-4dfd-bfb1-af459dce0452"">https://pi.lib.uchicago.edu/1001/org/ochre/4dde30b8-7d44-4dfd-bfb1-af459dce0452</a>"
2014.51.83.Video2.mp4,2014.51.83.Video2.mp4,https://pi.lib.uchicago.edu/1001/org/ochre/7a10e3e4-85d6-4065-b47c-39c50447f76c,Leon Levy Expedition to Ashkelon Dataset: Videos,Videos collected from the excavation of Ashkelon; 1985-2016.,"<a href=""https://pi.lib.uchicago.edu/1001/org/ochre/7a10e3e4-85d6-4065-b47c-39c50447f76c"">https://pi.lib.uchicago.edu/1001/org/ochre/7a10e3e4-85d6-4065-b47c-39c50447f76c</a>"
2014.51.84.Video1.mp4,2014.51.84.Video1.mp4,https://pi.lib.uchicago.edu/1001/org/ochre/d9b1faa9-46cf-4baa-a50b-2f9b87f5f0b0,Leon Levy Expedition to Ashkelon Dataset: Videos,Videos collected from the excavation of Ashkelon; 1985-2016.,"<a href=""https://pi.lib.uchicago.edu/1001/org/ochre/d9b1faa9-46cf-4baa-a50b-2f9b87f5f0b0"">https://pi.lib.uchicago.edu/1001/org/ochre/d9b1faa9-46cf-4baa-a50b-2f9b87f5f0b0</a>"
2014.51.84.Video2.mp4,2014.51.84.Video2.mp4,https://pi.lib.uchicago.edu/1001/org/ochre/2c246f9e-2ad3-451a-ae88-86c745da7e25,Leon Levy Expedition to Ashkelon Dataset: Videos,Videos collected from the excavation of Ashkelon; 1985-2016.,"<a href=""https://pi.lib.uchicago.edu/1001/org/ochre/2c246f9e-2ad3-451a-ae88-86c745da7e25"">https://pi.lib.uchicago.edu/1001/org/ochre/2c246f9e-2ad3-451a-ae88-86c745da7e25</a>"
2014.51.84.Video3.mp4,2014.51.84.Video3.mp4,https://pi.lib.uchicago.edu/1001/org/ochre/50e3d414-9ae8-457d-9dd3-04d2f84fb120,Leon Levy Expedition to Ashkelon Dataset: Videos,Videos collected from the excavation of Ashkelon; 1985-2016.,"<a href=""https://pi.lib.uchicago.edu/1001/org/ochre/50e3d414-9ae8-457d-9dd3-04d2f84fb120"">https://pi.lib.uchicago.edu/1001/org/ochre/50e3d414-9ae8-457d-9dd3-04d2f84fb120</a>"
2014.51.84.Video4.mp4,2014.51.84.Video4.mp4,https://pi.lib.uchicago.edu/1001/org/ochre/cd767010-378b-4c5f-ab5e-b282b879a67b,Leon Levy Expedition to Ashkelon Dataset: Videos,Videos collected from the excavation of Ashkelon; 1985-2016.,"<a href=""https://pi.lib.uchicago.edu/1001/org/ochre/cd767010-378b-4c5f-ab5e-b282b879a67b"">https://pi.lib.uchicago.edu/1001/org/ochre/cd767010-378b-4c5f-ab5e-b282b879a67b</a>"
2015.16.49.Video1.mp4,2015.16.49.Video1.MP4,https://pi.lib.uchicago.edu/1001/org/ochre/566b1e66-0b91-4f68-a6f3-82dd87d9edd2,Leon Levy Expedition to Ashkelon Dataset: Videos,Videos collected from the excavation of Ashkelon; 1985-2016.,"<a href=""https://pi.lib.uchicago.edu/1001/org/ochre/566b1e66-0b91-4f68-a6f3-82dd87d9edd2"">https://pi.lib.uchicago.edu/1001/org/ochre/566b1e66-0b91-4f68-a6f3-82dd87d9edd2</a>"
2015.16.49.Video2.mp4,2015.16.49.Video2.MP4,https://pi.lib.uchicago.edu/1001/org/ochre/bcc1aabc-e7ef-4bd1-aee6-a0cb06fb7627,Leon Levy Expedition to Ashkelon Dataset: Videos,Videos collected from the excavation of Ashkelon; 1985-2016.,"<a href=""https://pi.lib.uchicago.edu/1001/org/ochre/bcc1aabc-e7ef-4bd1-aee6-a0cb06fb7627"">https://pi.lib.uchicago.edu/1001/org/ochre/bcc1aabc-e7ef-4bd1-aee6-a0cb06fb7627</a>"
2015.16.49.Video3.mp4,2015.16.49.Video3.MP4,https://pi.lib.uchicago.edu/1001/org/ochre/8e63c49d-4b3c-4a56-a9d0-1e3301a6b711,Leon Levy Expedition to Ashkelon Dataset: Videos,Videos collected from the excavation of Ashkelon; 1985-2016.,"<a href=""https://pi.lib.uchicago.edu/1001/org/ochre/8e63c49d-4b3c-4a56-a9d0-1e3301a6b711"">https://pi.lib.uchicago.edu/1001/org/ochre/8e63c49d-4b3c-4a56-a9d0-1e3301a6b711</a>"
2015.25.96.Video1.mp4,2015.25.96.Video1.MP4,https://pi.lib.uchicago.edu/1001/org/ochre/7db68048-7245-4e43-9eaa-2932325e0111,Leon Levy Expedition to Ashkelon Dataset: Videos,Videos collected from the excavation of Ashkelon; 1985-2016.,"<a href=""https://pi.lib.uchicago.edu/1001/org/ochre/7db68048-7245-4e43-9eaa-2932325e0111"">https://pi.lib.uchicago.edu/1001/org/ochre/7db68048-7245-4e43-9eaa-2932325e0111</a>"
2015.25.96.Video2.mp4,2015.25.96.Video2.MP4,https://pi.lib.uchicago.edu/1001/org/ochre/1cf61d92-f788-4ce3-afba-f98e00f10840,Leon Levy Expedition to Ashkelon Dataset: Videos,Videos collected from the excavation of Ashkelon; 1985-2016.,"<a href=""https://pi.lib.uchicago.edu/1001/org/ochre/1cf61d92-f788-4ce3-afba-f98e00f10840"">https://pi.lib.uchicago.edu/1001/org/ochre/1cf61d92-f788-4ce3-afba-f98e00f10840</a>"
2015.25.96.Video3.mp4,2015.25.96.Video3.MP4,https://pi.lib.uchicago.edu/1001/org/ochre/054cf496-8c49-4af0-899a-4a9cd96e4180,Leon Levy Expedition to Ashkelon Dataset: Videos,Videos collected from the excavation of Ashkelon; 1985-2016.,"<a href=""https://pi.lib.uchicago.edu/1001/org/ochre/054cf496-8c49-4af0-899a-4a9cd96e4180"">https://pi.lib.uchicago.edu/1001/org/ochre/054cf496-8c49-4af0-899a-4a9cd96e4180</a>"
2015.51.74.Video1.mp4,2015.51.74.Video1.MP4,https://pi.lib.uchicago.edu/1001/org/ochre/3da85730-82c1-4efc-a072-7d4546f82dcd,Leon Levy Expedition to Ashkelon Dataset: Videos,Videos collected from the excavation of Ashkelon; 1985-2016.,"<a href=""https://pi.lib.uchicago.edu/1001/org/ochre/3da85730-82c1-4efc-a072-7d4546f82dcd"">https://pi.lib.uchicago.edu/1001/org/ochre/3da85730-82c1-4efc-a072-7d4546f82dcd</a>"
2015.51.74.Video2.mp4,2015.51.74.Video2.MP4,https://pi.lib.uchicago.edu/1001/org/ochre/c05e1056-d229-4428-afe4-596acb12882e,Leon Levy Expedition to Ashkelon Dataset: Videos,Videos collected from the excavation of Ashkelon; 1985-2016.,"<a href=""https://pi.lib.uchicago.edu/1001/org/ochre/c05e1056-d229-4428-afe4-596acb12882e"">https://pi.lib.uchicago.edu/1001/org/ochre/c05e1056-d229-4428-afe4-596acb12882e</a>"
2015.51.74.Video3.mp4,2015.51.74.Video3.MP4,https://pi.lib.uchicago.edu/1001/org/ochre/1857ed17-b37f-4b20-a69b-8ca3d4ac2f60,Leon Levy Expedition to Ashkelon Dataset: Videos,Videos collected from the excavation of Ashkelon; 1985-2016.,"<a href=""https://pi.lib.uchicago.edu/1001/org/ochre/1857ed17-b37f-4b20-a69b-8ca3d4ac2f60"">https://pi.lib.uchicago.edu/1001/org/ochre/1857ed17-b37f-4b20-a69b-8ca3d4ac2f60</a>"
2015.51.84.Video1.mp4,2015.51.84.Video1.MP4,https://pi.lib.uchicago.edu/1001/org/ochre/331b6f46-85d2-4c2f-afba-019b112e3597,Leon Levy Expedition to Ashkelon Dataset: Videos,Videos collected from the excavation of Ashkelon; 1985-2016.,"<a href=""https://pi.lib.uchicago.edu/1001/org/ochre/331b6f46-85d2-4c2f-afba-019b112e3597"">https://pi.lib.uchicago.edu/1001/org/ochre/331b6f46-85d2-4c2f-afba-019b112e3597</a>"
2015.51.84.Video2.mp4,2015.51.84.Video2.MP4,https://pi.lib.uchicago.edu/1001/org/ochre/ac1b7657-4243-4bb2-8a3f-58eb5013161c,Leon Levy Expedition to Ashkelon Dataset: Videos,Videos collected from the excavation of Ashkelon; 1985-2016.,"<a href=""https://pi.lib.uchicago.edu/1001/org/ochre/ac1b7657-4243-4bb2-8a3f-58eb5013161c"">https://pi.lib.uchicago.edu/1001/org/ochre/ac1b7657-4243-4bb2-8a3f-58eb5013161c</a>"
2015.51.84.Video3.mp4,2015.51.84.Video3.MP4,https://pi.lib.uchicago.edu/1001/org/ochre/ea8d9e40-ed61-4ae9-984d-4e125a0cab2a,Leon Levy Expedition to Ashkelon Dataset: Videos,Videos collected from the excavation of Ashkelon; 1985-2016.,"<a href=""https://pi.lib.uchicago.edu/1001/org/ochre/ea8d9e40-ed61-4ae9-984d-4e125a0cab2a"">https://pi.lib.uchicago.edu/1001/org/ochre/ea8d9e40-ed61-4ae9-984d-4e125a0cab2a</a>"
2015.51.84.Video4.mp4,2015.51.84.Video4.MP4,https://pi.lib.uchicago.edu/1001/org/ochre/f67d96af-1ac4-4ca3-98d9-40a0cef69dc4,Leon Levy Expedition to Ashkelon Dataset: Videos,Videos collected from the excavation of Ashkelon; 1985-2016.,"<a href=""https://pi.lib.uchicago.edu/1001/org/ochre/f67d96af-1ac4-4ca3-98d9-40a0cef69dc4"">https://pi.lib.uchicago.edu/1001/org/ochre/f67d96af-1ac4-4ca3-98d9-40a0cef69dc4</a>"
2015.N5.14.Video1.mp4,2015.N5.14.Video1.MP4,https://pi.lib.uchicago.edu/1001/org/ochre/92680080-2fe9-4539-9b63-1296b7563740,Leon Levy Expedition to Ashkelon Dataset: Videos,Videos collected from the excavation of Ashkelon; 1985-2016.,"<a href=""https://pi.lib.uchicago.edu/1001/org/ochre/92680080-2fe9-4539-9b63-1296b7563740"">https://pi.lib.uchicago.edu/1001/org/ochre/92680080-2fe9-4539-9b63-1296b7563740</a>"
2015.N5.14.Video10.mp4,2015.N5.14.Video10.MP4,https://pi.lib.uchicago.edu/1001/org/ochre/0ba04011-d55c-419b-91dc-c5fd10b5e1c9,Leon Levy Expedition to Ashkelon Dataset: Videos,Videos collected from the excavation of Ashkelon; 1985-2016.,"<a href=""https://pi.lib.uchicago.edu/1001/org/ochre/0ba04011-d55c-419b-91dc-c5fd10b5e1c9"">https://pi.lib.uchicago.edu/1001/org/ochre/0ba04011-d55c-419b-91dc-c5fd10b5e1c9</a>"
2015.N5.14.Video11.mp4,2015.N5.14.Video11.MP4,https://pi.lib.uchicago.edu/1001/org/ochre/f40cfca7-888f-4585-82f7-6152ac463614,Leon Levy Expedition to Ashkelon Dataset: Videos,Videos collected from the excavation of Ashkelon; 1985-2016.,"<a href=""https://pi.lib.uchicago.edu/1001/org/ochre/f40cfca7-888f-4585-82f7-6152ac463614"">https://pi.lib.uchicago.edu/1001/org/ochre/f40cfca7-888f-4585-82f7-6152ac463614</a>"
2015.N5.14.Video12.mp4,2015.N5.14.Video12.MP4,https://pi.lib.uchicago.edu/1001/org/ochre/8dd22e34-01b6-4837-979d-81aee92e26ae,Leon Levy Expedition to Ashkelon Dataset: Videos,Videos collected from the excavation of Ashkelon; 1985-2016.,"<a href=""https://pi.lib.uchicago.edu/1001/org/ochre/8dd22e34-01b6-4837-979d-81aee92e26ae"">https://pi.lib.uchicago.edu/1001/org/ochre/8dd22e34-01b6-4837-979d-81aee92e26ae</a>"
2015.N5.14.Video13.mp4,2015.N5.14.Video13.MP4,https://pi.lib.uchicago.edu/1001/org/ochre/68228111-c43b-45ec-af02-61cc1a63fa7d,Leon Levy Expedition to Ashkelon Dataset: Videos,Videos collected from the excavation of Ashkelon; 1985-2016.,"<a href=""https://pi.lib.uchicago.edu/1001/org/ochre/68228111-c43b-45ec-af02-61cc1a63fa7d"">https://pi.lib.uchicago.edu/1001/org/ochre/68228111-c43b-45ec-af02-61cc1a63fa7d</a>"
2015.N5.14.Video14.mp4,2015.N5.14.Video14.MP4,https://pi.lib.uchicago.edu/1001/org/ochre/24f2479d-04e6-4a6a-8323-a213698846ed,Leon Levy Expedition to Ashkelon Dataset: Videos,Videos collected from the excavation of Ashkelon; 1985-2016.,"<a href=""https://pi.lib.uchicago.edu/1001/org/ochre/24f2479d-04e6-4a6a-8323-a213698846ed"">https://pi.lib.uchicago.edu/1001/org/ochre/24f2479d-04e6-4a6a-8323-a213698846ed</a>"
2015.N5.14.Video15.mp4,2015.N5.14.Video15.MP4,https://pi.lib.uchicago.edu/1001/org/ochre/720254cb-5d74-452d-9583-c9ac59209ea3,Leon Levy Expedition to Ashkelon Dataset: Videos,Videos collected from the excavation of Ashkelon; 1985-2016.,"<a href=""https://pi.lib.uchicago.edu/1001/org/ochre/720254cb-5d74-452d-9583-c9ac59209ea3"">https://pi.lib.uchicago.edu/1001/org/ochre/720254cb-5d74-452d-9583-c9ac59209ea3</a>"
2015.N5.14.Video16.mp4,2015.N5.14.Video16.MP4,https://pi.lib.uchicago.edu/1001/org/ochre/0979084a-c9f1-4fbf-a5ed-76bda5610577,Leon Levy Expedition to Ashkelon Dataset: Videos,Videos collected from the excavation of Ashkelon; 1985-2016.,"<a href=""https://pi.lib.uchicago.edu/1001/org/ochre/0979084a-c9f1-4fbf-a5ed-76bda5610577"">https://pi.lib.uchicago.edu/1001/org/ochre/0979084a-c9f1-4fbf-a5ed-76bda5610577</a>"
2015.N5.14.Video17.mp4,2015.N5.14.Video17.MP4,https://pi.lib.uchicago.edu/1001/org/ochre/452a6292-7750-4a19-8b38-9fe6f6f70ef4,Leon Levy Expedition to Ashkelon Dataset: Videos,Videos collected from the excavation of Ashkelon; 1985-2016.,"<a href=""https://pi.lib.uchicago.edu/1001/org/ochre/452a6292-7750-4a19-8b38-9fe6f6f70ef4"">https://pi.lib.uchicago.edu/1001/org/ochre/452a6292-7750-4a19-8b38-9fe6f6f70ef4</a>"
2015.N5.14.Video18.mp4,2015.N5.14.Video18.MP4,https://pi.lib.uchicago.edu/1001/org/ochre/2629afab-a70e-44f1-96b6-392e8986b6d1,Leon Levy Expedition to Ashkelon Dataset: Videos,Videos collected from the excavation of Ashkelon; 1985-2016.,"<a href=""https://pi.lib.uchicago.edu/1001/org/ochre/2629afab-a70e-44f1-96b6-392e8986b6d1"">https://pi.lib.uchicago.edu/1001/org/ochre/2629afab-a70e-44f1-96b6-392e8986b6d1</a>"
2015.N5.14.Video19.mp4,2015.N5.14.Video19.MP4,https://pi.lib.uchicago.edu/1001/org/ochre/100db8f5-f244-4a00-b294-f3090fb096d9,Leon Levy Expedition to Ashkelon Dataset: Videos,Videos collected from the excavation of Ashkelon; 1985-2016.,"<a href=""https://pi.lib.uchicago.edu/1001/org/ochre/100db8f5-f244-4a00-b294-f3090fb096d9"">https://pi.lib.uchicago.edu/1001/org/ochre/100db8f5-f244-4a00-b294-f3090fb096d9</a>"
2015.N5.14.Video2.mp4,2015.N5.14.Video2.MP4,https://pi.lib.uchicago.edu/1001/org/ochre/8845381f-7e0c-44c8-90de-af835cb44990,Leon Levy Expedition to Ashkelon Dataset: Videos,Videos collected from the excavation of Ashkelon; 1985-2016.,"<a href=""https://pi.lib.uchicago.edu/1001/org/ochre/8845381f-7e0c-44c8-90de-af835cb44990"">https://pi.lib.uchicago.edu/1001/org/ochre/8845381f-7e0c-44c8-90de-af835cb44990</a>"
2015.N5.14.Video20.mp4,2015.N5.14.Video20.MP4,https://pi.lib.uchicago.edu/1001/org/ochre/8c50a866-c13b-428c-98e8-814845d11416,Leon Levy Expedition to Ashkelon Dataset: Videos,Videos collected from the excavation of Ashkelon; 1985-2016.,"<a href=""https://pi.lib.uchicago.edu/1001/org/ochre/8c50a866-c13b-428c-98e8-814845d11416"">https://pi.lib.uchicago.edu/1001/org/ochre/8c50a866-c13b-428c-98e8-814845d11416</a>"
2015.N5.14.Video21.mp4,2015.N5.14.Video21.MP4,https://pi.lib.uchicago.edu/1001/org/ochre/24ba7710-6d40-4139-ac42-8b8abba53904,Leon Levy Expedition to Ashkelon Dataset: Videos,Videos collected from the excavation of Ashkelon; 1985-2016.,"<a href=""https://pi.lib.uchicago.edu/1001/org/ochre/24ba7710-6d40-4139-ac42-8b8abba53904"">https://pi.lib.uchicago.edu/1001/org/ochre/24ba7710-6d40-4139-ac42-8b8abba53904</a>"
2015.N5.14.Video22.mp4,2015.N5.14.Video22.MP4,https://pi.lib.uchicago.edu/1001/org/ochre/4a95e459-b0bb-4cfe-90dd-29e3329d1da8,Leon Levy Expedition to Ashkelon Dataset: Videos,Videos collected from the excavation of Ashkelon; 1985-2016.,"<a href=""https://pi.lib.uchicago.edu/1001/org/ochre/4a95e459-b0bb-4cfe-90dd-29e3329d1da8"">https://pi.lib.uchicago.edu/1001/org/ochre/4a95e459-b0bb-4cfe-90dd-29e3329d1da8</a>"
2015.N5.14.Video23.mp4,2015.N5.14.Video23.MP4,https://pi.lib.uchicago.edu/1001/org/ochre/eb3ce556-7467-4de9-aed7-af8c74fb15e0,Leon Levy Expedition to Ashkelon Dataset: Videos,Videos collected from the excavation of Ashkelon; 1985-2016.,"<a href=""https://pi.lib.uchicago.edu/1001/org/ochre/eb3ce556-7467-4de9-aed7-af8c74fb15e0"">https://pi.lib.uchicago.edu/1001/org/ochre/eb3ce556-7467-4de9-aed7-af8c74fb15e0</a>"
2015.N5.14.Video24.mp4,2015.N5.14.Video24.MP4,https://pi.lib.uchicago.edu/1001/org/ochre/ee2530ce-d1ec-444d-b467-6ea1c5627363,Leon Levy Expedition to Ashkelon Dataset: Videos,Videos collected from the excavation of Ashkelon; 1985-2016.,"<a href=""https://pi.lib.uchicago.edu/1001/org/ochre/ee2530ce-d1ec-444d-b467-6ea1c5627363"">https://pi.lib.uchicago.edu/1001/org/ochre/ee2530ce-d1ec-444d-b467-6ea1c5627363</a>"
2015.N5.14.Video25.mp4,2015.N5.14.Video25.MP4,https://pi.lib.uchicago.edu/1001/org/ochre/711a4c95-4302-429b-8f61-42e1a2ff8ece,Leon Levy Expedition to Ashkelon Dataset: Videos,Videos collected from the excavation of Ashkelon; 1985-2016.,"<a href=""https://pi.lib.uchicago.edu/1001/org/ochre/711a4c95-4302-429b-8f61-42e1a2ff8ece"">https://pi.lib.uchicago.edu/1001/org/ochre/711a4c95-4302-429b-8f61-42e1a2ff8ece</a>"
2015.N5.14.Video26.mp4,2015.N5.14.Video26.MP4,https://pi.lib.uchicago.edu/1001/org/ochre/10fd75fc-f6fb-4d4f-a763-8bb272683503,Leon Levy Expedition to Ashkelon Dataset: Videos,Videos collected from the excavation of Ashkelon; 1985-2016.,"<a href=""https://pi.lib.uchicago.edu/1001/org/ochre/10fd75fc-f6fb-4d4f-a763-8bb272683503"">https://pi.lib.uchicago.edu/1001/org/ochre/10fd75fc-f6fb-4d4f-a763-8bb272683503</a>"
2015.N5.14.Video27.mp4,2015.N5.14.Video27.MP4,https://pi.lib.uchicago.edu/1001/org/ochre/57db7644-6edd-4105-be8e-2acb219197d2,Leon Levy Expedition to Ashkelon Dataset: Videos,Videos collected from the excavation of Ashkelon; 1985-2016.,"<a href=""https://pi.lib.uchicago.edu/1001/org/ochre/57db7644-6edd-4105-be8e-2acb219197d2"">https://pi.lib.uchicago.edu/1001/org/ochre/57db7644-6edd-4105-be8e-2acb219197d2</a>"
2015.N5.14.Video28.mp4,2015.N5.14.Video28.MP4,https://pi.lib.uchicago.edu/1001/org/ochre/604fe5b2-b5e2-49fd-9275-ff10e01b2681,Leon Levy Expedition to Ashkelon Dataset: Videos,Videos collected from the excavation of Ashkelon; 1985-2016.,"<a href=""https://pi.lib.uchicago.edu/1001/org/ochre/604fe5b2-b5e2-49fd-9275-ff10e01b2681"">https://pi.lib.uchicago.edu/1001/org/ochre/604fe5b2-b5e2-49fd-9275-ff10e01b2681</a>"
2015.N5.14.Video29.mp4,2015.N5.14.Video29.MP4,https://pi.lib.uchicago.edu/1001/org/ochre/d4f3b4e1-58a5-4dad-af97-0b2c5c213d56,Leon Levy Expedition to Ashkelon Dataset: Videos,Videos collected from the excavation of Ashkelon; 1985-2016.,"<a href=""https://pi.lib.uchicago.edu/1001/org/ochre/d4f3b4e1-58a5-4dad-af97-0b2c5c213d56"">https://pi.lib.uchicago.edu/1001/org/ochre/d4f3b4e1-58a5-4dad-af97-0b2c5c213d56</a>"
2015.N5.14.Video3.mp4,2015.N5.14.Video3.MP4,https://pi.lib.uchicago.edu/1001/org/ochre/09801632-2559-4153-97e8-8a0323315bc9,Leon Levy Expedition to Ashkelon Dataset: Videos,Videos collected from the excavation of Ashkelon; 1985-2016.,"<a href=""https://pi.lib.uchicago.edu/1001/org/ochre/09801632-2559-4153-97e8-8a0323315bc9"">https://pi.lib.uchicago.edu/1001/org/ochre/09801632-2559-4153-97e8-8a0323315bc9</a>"
2015.N5.14.Video30.mp4,2015.N5.14.Video30.MP4,https://pi.lib.uchicago.edu/1001/org/ochre/5b4a4358-d17b-4729-a28b-576cc61a1c76,Leon Levy Expedition to Ashkelon Dataset: Videos,Videos collected from the excavation of Ashkelon; 1985-2016.,"<a href=""https://pi.lib.uchicago.edu/1001/org/ochre/5b4a4358-d17b-4729-a28b-576cc61a1c76"">https://pi.lib.uchicago.edu/1001/org/ochre/5b4a4358-d17b-4729-a28b-576cc61a1c76</a>"
2015.N5.14.Video31.mp4,2015.N5.14.Video31.MP4,https://pi.lib.uchicago.edu/1001/org/ochre/d0bac20c-3970-4cd2-be6b-6464fba9274f,Leon Levy Expedition to Ashkelon Dataset: Videos,Videos collected from the excavation of Ashkelon; 1985-2016.,"<a href=""https://pi.lib.uchicago.edu/1001/org/ochre/d0bac20c-3970-4cd2-be6b-6464fba9274f"">https://pi.lib.uchicago.edu/1001/org/ochre/d0bac20c-3970-4cd2-be6b-6464fba9274f</a>"
2015.N5.14.Video32.mp4,2015.N5.14.Video32.MP4,https://pi.lib.uchicago.edu/1001/org/ochre/6f785bb9-d092-4543-85f9-cc7e3b564d81,Leon Levy Expedition to Ashkelon Dataset: Videos,Videos collected from the excavation of Ashkelon; 1985-2016.,"<a href=""https://pi.lib.uchicago.edu/1001/org/ochre/6f785bb9-d092-4543-85f9-cc7e3b564d81"">https://pi.lib.uchicago.edu/1001/org/ochre/6f785bb9-d092-4543-85f9-cc7e3b564d81</a>"
2015.N5.14.Video33.mp4,2015.N5.14.Video33.MP4,https://pi.lib.uchicago.edu/1001/org/ochre/40a57b4c-c718-4bcf-838b-e7a5f11a77ac,Leon Levy Expedition to Ashkelon Dataset: Videos,Videos collected from the excavation of Ashkelon; 1985-2016.,"<a href=""https://pi.lib.uchicago.edu/1001/org/ochre/40a57b4c-c718-4bcf-838b-e7a5f11a77ac"">https://pi.lib.uchicago.edu/1001/org/ochre/40a57b4c-c718-4bcf-838b-e7a5f11a77ac</a>"
2015.N5.14.Video34.mp4,2015.N5.14.Video34.MP4,https://pi.lib.uchicago.edu/1001/org/ochre/8b5934c8-20a7-4a38-995f-e78c9bee3088,Leon Levy Expedition to Ashkelon Dataset: Videos,Videos collected from the excavation of Ashkelon; 1985-2016.,"<a href=""https://pi.lib.uchicago.edu/1001/org/ochre/8b5934c8-20a7-4a38-995f-e78c9bee3088"">https://pi.lib.uchicago.edu/1001/org/ochre/8b5934c8-20a7-4a38-995f-e78c9bee3088</a>"
2015.N5.14.Video35.mp4,2015.N5.14.Video35.MP4,https://pi.lib.uchicago.edu/1001/org/ochre/9fc0ee41-0689-4741-9dbe-793d6d49d3cf,Leon Levy Expedition to Ashkelon Dataset: Videos,Videos collected from the excavation of Ashkelon; 1985-2016.,"<a href=""https://pi.lib.uchicago.edu/1001/org/ochre/9fc0ee41-0689-4741-9dbe-793d6d49d3cf"">https://pi.lib.uchicago.edu/1001/org/ochre/9fc0ee41-0689-4741-9dbe-793d6d49d3cf</a>"
2015.N5.14.Video36.mp4,2015.N5.14.Video36.MP4,https://pi.lib.uchicago.edu/1001/org/ochre/50ed65ca-3c4b-4556-a203-2649b1b80f31,Leon Levy Expedition to Ashkelon Dataset: Videos,Videos collected from the excavation of Ashkelon; 1985-2016.,"<a href=""https://pi.lib.uchicago.edu/1001/org/ochre/50ed65ca-3c4b-4556-a203-2649b1b80f31"">https://pi.lib.uchicago.edu/1001/org/ochre/50ed65ca-3c4b-4556-a203-2649b1b80f31</a>"
2015.N5.14.Video37.mp4,2015.N5.14.Video37.MP4,https://pi.lib.uchicago.edu/1001/org/ochre/9a63aaa5-b310-4a27-b689-a144e00dc054,Leon Levy Expedition to Ashkelon Dataset: Videos,Videos collected from the excavation of Ashkelon; 1985-2016.,"<a href=""https://pi.lib.uchicago.edu/1001/org/ochre/9a63aaa5-b310-4a27-b689-a144e00dc054"">https://pi.lib.uchicago.edu/1001/org/ochre/9a63aaa5-b310-4a27-b689-a144e00dc054</a>"
2015.N5.14.Video38.mp4,2015.N5.14.Video38.MP4,https://pi.lib.uchicago.edu/1001/org/ochre/d8f5eb07-9b7e-444d-8ceb-deb1772559fe,Leon Levy Expedition to Ashkelon Dataset: Videos,Videos collected from the excavation of Ashkelon; 1985-2016.,"<a href=""https://pi.lib.uchicago.edu/1001/org/ochre/d8f5eb07-9b7e-444d-8ceb-deb1772559fe"">https://pi.lib.uchicago.edu/1001/org/ochre/d8f5eb07-9b7e-444d-8ceb-deb1772559fe</a>"
2015.N5.14.Video39.mp4,2015.N5.14.Video39.MP4,https://pi.lib.uchicago.edu/1001/org/ochre/6bcb996c-7247-432e-8930-87d178d1e572,Leon Levy Expedition to Ashkelon Dataset: Videos,Videos collected from the excavation of Ashkelon; 1985-2016.,"<a href=""https://pi.lib.uchicago.edu/1001/org/ochre/6bcb996c-7247-432e-8930-87d178d1e572"">https://pi.lib.uchicago.edu/1001/org/ochre/6bcb996c-7247-432e-8930-87d178d1e572</a>"
2015.N5.14.Video4.mp4,2015.N5.14.Video4.MP4,https://pi.lib.uchicago.edu/1001/org/ochre/245f4b7c-7aca-483d-969d-de65a63bb65b,Leon Levy Expedition to Ashkelon Dataset: Videos,Videos collected from the excavation of Ashkelon; 1985-2016.,"<a href=""https://pi.lib.uchicago.edu/1001/org/ochre/245f4b7c-7aca-483d-969d-de65a63bb65b"">https://pi.lib.uchicago.edu/1001/org/ochre/245f4b7c-7aca-483d-969d-de65a63bb65b</a>"
2015.N5.14.Video40.mp4,2015.N5.14.Video40.MP4,https://pi.lib.uchicago.edu/1001/org/ochre/6e61beae-f14e-4132-8ca5-d95fd763efcf,Leon Levy Expedition to Ashkelon Dataset: Videos,Videos collected from the excavation of Ashkelon; 1985-2016.,"<a href=""https://pi.lib.uchicago.edu/1001/org/ochre/6e61beae-f14e-4132-8ca5-d95fd763efcf"">https://pi.lib.uchicago.edu/1001/org/ochre/6e61beae-f14e-4132-8ca5-d95fd763efcf</a>"
2015.N5.14.Video41.mp4,2015.N5.14.Video41.MP4,https://pi.lib.uchicago.edu/1001/org/ochre/3bf4c197-2645-4c26-9975-ccf2729dc92b,Leon Levy Expedition to Ashkelon Dataset: Videos,Videos collected from the excavation of Ashkelon; 1985-2016.,"<a href=""https://pi.lib.uchicago.edu/1001/org/ochre/3bf4c197-2645-4c26-9975-ccf2729dc92b"">https://pi.lib.uchicago.edu/1001/org/ochre/3bf4c197-2645-4c26-9975-ccf2729dc92b</a>"
2015.N5.14.Video42.mp4,2015.N5.14.Video42.MP4,https://pi.lib.uchicago.edu/1001/org/ochre/054f4516-2e29-4a9c-821e-a3a11243725b,Leon Levy Expedition to Ashkelon Dataset: Videos,Videos collected from the excavation of Ashkelon; 1985-2016.,"<a href=""https://pi.lib.uchicago.edu/1001/org/ochre/054f4516-2e29-4a9c-821e-a3a11243725b"">https://pi.lib.uchicago.edu/1001/org/ochre/054f4516-2e29-4a9c-821e-a3a11243725b</a>"
2015.N5.14.Video43.mp4,2015.N5.14.Video43.MP4,https://pi.lib.uchicago.edu/1001/org/ochre/b935413d-2c0b-408c-93b9-f25fbfcd0786,Leon Levy Expedition to Ashkelon Dataset: Videos,Videos collected from the excavation of Ashkelon; 1985-2016.,"<a href=""https://pi.lib.uchicago.edu/1001/org/ochre/b935413d-2c0b-408c-93b9-f25fbfcd0786"">https://pi.lib.uchicago.edu/1001/org/ochre/b935413d-2c0b-408c-93b9-f25fbfcd0786</a>"
2015.N5.14.Video5.mp4,2015.N5.14.Video5.MP4,https://pi.lib.uchicago.edu/1001/org/ochre/1c590398-c6b2-4cea-9220-d1f1fae7e85f,Leon Levy Expedition to Ashkelon Dataset: Videos,Videos collected from the excavation of Ashkelon; 1985-2016.,"<a href=""https://pi.lib.uchicago.edu/1001/org/ochre/1c590398-c6b2-4cea-9220-d1f1fae7e85f"">https://pi.lib.uchicago.edu/1001/org/ochre/1c590398-c6b2-4cea-9220-d1f1fae7e85f</a>"
2015.N5.14.Video6.mp4,2015.N5.14.Video6.MP4,https://pi.lib.uchicago.edu/1001/org/ochre/821661f4-ac64-4399-9d9f-52131885049a,Leon Levy Expedition to Ashkelon Dataset: Videos,Videos collected from the excavation of Ashkelon; 1985-2016.,"<a href=""https://pi.lib.uchicago.edu/1001/org/ochre/821661f4-ac64-4399-9d9f-52131885049a"">https://pi.lib.uchicago.edu/1001/org/ochre/821661f4-ac64-4399-9d9f-52131885049a</a>"
2015.N5.14.Video7.mp4,2015.N5.14.Video7.MP4,https://pi.lib.uchicago.edu/1001/org/ochre/1012bedf-ddc3-460f-aada-cb4829346daf,Leon Levy Expedition to Ashkelon Dataset: Videos,Videos collected from the excavation of Ashkelon; 1985-2016.,"<a href=""https://pi.lib.uchicago.edu/1001/org/ochre/1012bedf-ddc3-460f-aada-cb4829346daf"">https://pi.lib.uchicago.edu/1001/org/ochre/1012bedf-ddc3-460f-aada-cb4829346daf</a>"
2015.N5.14.Video8.mp4,2015.N5.14.Video8.MP4,https://pi.lib.uchicago.edu/1001/org/ochre/5c8a31b0-6db0-4f36-8632-672704872b8e,Leon Levy Expedition to Ashkelon Dataset: Videos,Videos collected from the excavation of Ashkelon; 1985-2016.,"<a href=""https://pi.lib.uchicago.edu/1001/org/ochre/5c8a31b0-6db0-4f36-8632-672704872b8e"">https://pi.lib.uchicago.edu/1001/org/ochre/5c8a31b0-6db0-4f36-8632-672704872b8e</a>"
2015.N5.14.Video9.mp4,2015.N5.14.Video9.MP4,https://pi.lib.uchicago.edu/1001/org/ochre/cad37e0e-8bf4-4c88-b6fc-5a240c07421b,Leon Levy Expedition to Ashkelon Dataset: Videos,Videos collected from the excavation of Ashkelon; 1985-2016.,"<a href=""https://pi.lib.uchicago.edu/1001/org/ochre/cad37e0e-8bf4-4c88-b6fc-5a240c07421b"">https://pi.lib.uchicago.edu/1001/org/ochre/cad37e0e-8bf4-4c88-b6fc-5a240c07421b</a>"
2015.N5.64.Video1.mp4,2015.N5.64.Video1.MP4,https://pi.lib.uchicago.edu/1001/org/ochre/2d759014-0b8c-40cd-8fab-b9e344d3ea61,Leon Levy Expedition to Ashkelon Dataset: Videos,Videos collected from the excavation of Ashkelon; 1985-2016.,"<a href=""https://pi.lib.uchicago.edu/1001/org/ochre/2d759014-0b8c-40cd-8fab-b9e344d3ea61"">https://pi.lib.uchicago.edu/1001/org/ochre/2d759014-0b8c-40cd-8fab-b9e344d3ea61</a>"
2015.N5.64.Video10.mp4,2015.N5.64.Video10.MP4,https://pi.lib.uchicago.edu/1001/org/ochre/6d6c855c-b2f1-4f2b-824a-9a43954bf6b2,Leon Levy Expedition to Ashkelon Dataset: Videos,Videos collected from the excavation of Ashkelon; 1985-2016.,"<a href=""https://pi.lib.uchicago.edu/1001/org/ochre/6d6c855c-b2f1-4f2b-824a-9a43954bf6b2"">https://pi.lib.uchicago.edu/1001/org/ochre/6d6c855c-b2f1-4f2b-824a-9a43954bf6b2</a>"
2015.N5.64.Video2.mp4,2015.N5.64.Video2.MP4,https://pi.lib.uchicago.edu/1001/org/ochre/1ac3bf43-171c-4012-b30a-9563da1d09ac,Leon Levy Expedition to Ashkelon Dataset: Videos,Videos collected from the excavation of Ashkelon; 1985-2016.,"<a href=""https://pi.lib.uchicago.edu/1001/org/ochre/1ac3bf43-171c-4012-b30a-9563da1d09ac"">https://pi.lib.uchicago.edu/1001/org/ochre/1ac3bf43-171c-4012-b30a-9563da1d09ac</a>"
2015.N5.64.Video3.mp4,2015.N5.64.Video3.MP4,https://pi.lib.uchicago.edu/1001/org/ochre/e8afaf39-426f-491d-bb3c-dcab0b177ab1,Leon Levy Expedition to Ashkelon Dataset: Videos,Videos collected from the excavation of Ashkelon; 1985-2016.,"<a href=""https://pi.lib.uchicago.edu/1001/org/ochre/e8afaf39-426f-491d-bb3c-dcab0b177ab1"">https://pi.lib.uchicago.edu/1001/org/ochre/e8afaf39-426f-491d-bb3c-dcab0b177ab1</a>"
2015.N5.64.Video4.mp4,2015.N5.64.Video4.MP4,https://pi.lib.uchicago.edu/1001/org/ochre/a058a7e1-1fb8-4cf8-ba8e-99673ca1b4b5,Leon Levy Expedition to Ashkelon Dataset: Videos,Videos collected from the excavation of Ashkelon; 1985-2016.,"<a href=""https://pi.lib.uchicago.edu/1001/org/ochre/a058a7e1-1fb8-4cf8-ba8e-99673ca1b4b5"">https://pi.lib.uchicago.edu/1001/org/ochre/a058a7e1-1fb8-4cf8-ba8e-99673ca1b4b5</a>"
2015.N5.64.Video5.mp4,2015.N5.64.Video5.MP4,https://pi.lib.uchicago.edu/1001/org/ochre/a14ef821-24f6-4713-bf01-b938b413618f,Leon Levy Expedition to Ashkelon Dataset: Videos,Videos collected from the excavation of Ashkelon; 1985-2016.,"<a href=""https://pi.lib.uchicago.edu/1001/org/ochre/a14ef821-24f6-4713-bf01-b938b413618f"">https://pi.lib.uchicago.edu/1001/org/ochre/a14ef821-24f6-4713-bf01-b938b413618f</a>"
2015.N5.64.Video6.mp4,2015.N5.64.Video6.MP4,https://pi.lib.uchicago.edu/1001/org/ochre/628958b0-f7fe-492c-b595-79d1fb1bf7b6,Leon Levy Expedition to Ashkelon Dataset: Videos,Videos collected from the excavation of Ashkelon; 1985-2016.,"<a href=""https://pi.lib.uchicago.edu/1001/org/ochre/628958b0-f7fe-492c-b595-79d1fb1bf7b6"">https://pi.lib.uchicago.edu/1001/org/ochre/628958b0-f7fe-492c-b595-79d1fb1bf7b6</a>"
2015.N5.64.Video7.mp4,2015.N5.64.Video7.MP4,https://pi.lib.uchicago.edu/1001/org/ochre/873352cd-17f3-458e-964c-df6656385247,Leon Levy Expedition to Ashkelon Dataset: Videos,Videos collected from the excavation of Ashkelon; 1985-2016.,"<a href=""https://pi.lib.uchicago.edu/1001/org/ochre/873352cd-17f3-458e-964c-df6656385247"">https://pi.lib.uchicago.edu/1001/org/ochre/873352cd-17f3-458e-964c-df6656385247</a>"
2015.N5.64.Video8.mp4,2015.N5.64.Video8.MP4,https://pi.lib.uchicago.edu/1001/org/ochre/dbc38e69-0d0c-45de-8389-222f5fd6f723,Leon Levy Expedition to Ashkelon Dataset: Videos,Videos collected from the excavation of Ashkelon; 1985-2016.,"<a href=""https://pi.lib.uchicago.edu/1001/org/ochre/dbc38e69-0d0c-45de-8389-222f5fd6f723"">https://pi.lib.uchicago.edu/1001/org/ochre/dbc38e69-0d0c-45de-8389-222f5fd6f723</a>"
2015.N5.64.Video9.mp4,2015.N5.64.Video9.MP4,https://pi.lib.uchicago.edu/1001/org/ochre/641f24dd-a2b0-46ce-9aa0-8af5c3a2a627,Leon Levy Expedition to Ashkelon Dataset: Videos,Videos collected from the excavation of Ashkelon; 1985-2016.,"<a href=""https://pi.lib.uchicago.edu/1001/org/ochre/641f24dd-a2b0-46ce-9aa0-8af5c3a2a627"">https://pi.lib.uchicago.edu/1001/org/ochre/641f24dd-a2b0-46ce-9aa0-8af5c3a2a627</a>"
2016.51.73.Video1.mp4,2016.51.73.Video1.mp4,https://pi.lib.uchicago.edu/1001/org/ochre/7f305ad9-42d7-47ae-8be8-5730c900704b,Leon Levy Expedition to Ashkelon Dataset: Videos,Videos collected from the excavation of Ashkelon; 1985-2016.,"<a href=""https://pi.lib.uchicago.edu/1001/org/ochre/7f305ad9-42d7-47ae-8be8-5730c900704b"">https://pi.lib.uchicago.edu/1001/org/ochre/7f305ad9-42d7-47ae-8be8-5730c900704b</a>"
2016.51.73.Video2.mp4,2016.51.73.Video2.mp4,https://pi.lib.uchicago.edu/1001/org/ochre/e5c944d2-ce18-4090-b387-4fee0611b954,Leon Levy Expedition to Ashkelon Dataset: Videos,Videos collected from the excavation of Ashkelon; 1985-2016.,"<a href=""https://pi.lib.uchicago.edu/1001/org/ochre/e5c944d2-ce18-4090-b387-4fee0611b954"">https://pi.lib.uchicago.edu/1001/org/ochre/e5c944d2-ce18-4090-b387-4fee0611b954</a>"
2016.51.73.Video3.mp4,2016.51.73.Video3.mp4,https://pi.lib.uchicago.edu/1001/org/ochre/bf7f636d-3155-4c96-a7e8-88bc901ea339,Leon Levy Expedition to Ashkelon Dataset: Videos,Videos collected from the excavation of Ashkelon; 1985-2016.,"<a href=""https://pi.lib.uchicago.edu/1001/org/ochre/bf7f636d-3155-4c96-a7e8-88bc901ea339"">https://pi.lib.uchicago.edu/1001/org/ochre/bf7f636d-3155-4c96-a7e8-88bc901ea339</a>"
2016.51.74.Video1.mp4,2016.51.74.Video1.mp4,https://pi.lib.uchicago.edu/1001/org/ochre/50330c9c-2d41-4b88-95cd-cf98d8a68caa,Leon Levy Expedition to Ashkelon Dataset: Videos,Videos collected from the excavation of Ashkelon; 1985-2016.,"<a href=""https://pi.lib.uchicago.edu/1001/org/ochre/50330c9c-2d41-4b88-95cd-cf98d8a68caa"">https://pi.lib.uchicago.edu/1001/org/ochre/50330c9c-2d41-4b88-95cd-cf98d8a68caa</a>"
2016.51.74.Video2.mp4,2016.51.74.Video2.mp4,https://pi.lib.uchicago.edu/1001/org/ochre/5ea9ad78-8590-4c9d-974d-1b26a3b0d16f,Leon Levy Expedition to Ashkelon Dataset: Videos,Videos collected from the excavation of Ashkelon; 1985-2016.,"<a href=""https://pi.lib.uchicago.edu/1001/org/ochre/5ea9ad78-8590-4c9d-974d-1b26a3b0d16f"">https://pi.lib.uchicago.edu/1001/org/ochre/5ea9ad78-8590-4c9d-974d-1b26a3b0d16f</a>"
2016.51.75.Video1.mp4,2016.51.75.Video1.mp4,https://pi.lib.uchicago.edu/1001/org/ochre/2e4472a5-8b90-46b8-9f8b-e9651be77de2,Leon Levy Expedition to Ashkelon Dataset: Videos,Videos collected from the excavation of Ashkelon; 1985-2016.,"<a href=""https://pi.lib.uchicago.edu/1001/org/ochre/2e4472a5-8b90-46b8-9f8b-e9651be77de2"">https://pi.lib.uchicago.edu/1001/org/ochre/2e4472a5-8b90-46b8-9f8b-e9651be77de2</a>"
2016.51.75.Video2.mp4,2016.51.75.Video2.mp4,https://pi.lib.uchicago.edu/1001/org/ochre/25ac0458-77d7-43bd-a339-14b6b571d1bb,Leon Levy Expedition to Ashkelon Dataset: Videos,Videos collected from the excavation of Ashkelon; 1985-2016.,"<a href=""https://pi.lib.uchicago.edu/1001/org/ochre/25ac0458-77d7-43bd-a339-14b6b571d1bb"">https://pi.lib.uchicago.edu/1001/org/ochre/25ac0458-77d7-43bd-a339-14b6b571d1bb</a>"
2016.51.83.Video1.mp4,2016.51.83.Video1.mp4,https://pi.lib.uchicago.edu/1001/org/ochre/3a85249e-cd85-4043-85bd-4f814bf996a3,Leon Levy Expedition to Ashkelon Dataset: Videos,Videos collected from the excavation of Ashkelon; 1985-2016.,"<a href=""https://pi.lib.uchicago.edu/1001/org/ochre/3a85249e-cd85-4043-85bd-4f814bf996a3"">https://pi.lib.uchicago.edu/1001/org/ochre/3a85249e-cd85-4043-85bd-4f814bf996a3</a>"
2016.51.83.Video2.mp4,2016.51.83.Video2.mp4,https://pi.lib.uchicago.edu/1001/org/ochre/40fb0e67-4c3c-4202-9cea-c7d32809ce16,Leon Levy Expedition to Ashkelon Dataset: Videos,Videos collected from the excavation of Ashkelon; 1985-2016.,"<a href=""https://pi.lib.uchicago.edu/1001/org/ochre/40fb0e67-4c3c-4202-9cea-c7d32809ce16"">https://pi.lib.uchicago.edu/1001/org/ochre/40fb0e67-4c3c-4202-9cea-c7d32809ce16</a>"
2016.51.83.Video3.mp4,2016.51.83.Video3.mp4,https://pi.lib.uchicago.edu/1001/org/ochre/7f8ccdf2-bd47-4931-82cf-b1548eb2c1e0,Leon Levy Expedition to Ashkelon Dataset: Videos,Videos collected from the excavation of Ashkelon; 1985-2016.,"<a href=""https://pi.lib.uchicago.edu/1001/org/ochre/7f8ccdf2-bd47-4931-82cf-b1548eb2c1e0"">https://pi.lib.uchicago.edu/1001/org/ochre/7f8ccdf2-bd47-4931-82cf-b1548eb2c1e0</a>"
2016.51.83.Video4.mp4,2016.51.83.Video4.mp4,https://pi.lib.uchicago.edu/1001/org/ochre/be171455-977b-4cc4-9980-4fecab80c7df,Leon Levy Expedition to Ashkelon Dataset: Videos,Videos collected from the excavation of Ashkelon; 1985-2016.,"<a href=""https://pi.lib.uchicago.edu/1001/org/ochre/be171455-977b-4cc4-9980-4fecab80c7df"">https://pi.lib.uchicago.edu/1001/org/ochre/be171455-977b-4cc4-9980-4fecab80c7df</a>"
2016.51.83.Video5.mp4,2016.51.83.Video5.mp4,https://pi.lib.uchicago.edu/1001/org/ochre/d98f1a3b-5d3e-48ed-b474-f7642c2ce80a,Leon Levy Expedition to Ashkelon Dataset: Videos,Videos collected from the excavation of Ashkelon; 1985-2016.,"<a href=""https://pi.lib.uchicago.edu/1001/org/ochre/d98f1a3b-5d3e-48ed-b474-f7642c2ce80a"">https://pi.lib.uchicago.edu/1001/org/ochre/d98f1a3b-5d3e-48ed-b474-f7642c2ce80a</a>"
2016.51.84.Video1.mp4,2016.51.84.Video1.mp4,https://pi.lib.uchicago.edu/1001/org/ochre/e4819ea0-f995-41ef-8a9a-a1b98943660e,Leon Levy Expedition to Ashkelon Dataset: Videos,Videos collected from the excavation of Ashkelon; 1985-2016.,"<a href=""https://pi.lib.uchicago.edu/1001/org/ochre/e4819ea0-f995-41ef-8a9a-a1b98943660e"">https://pi.lib.uchicago.edu/1001/org/ochre/e4819ea0-f995-41ef-8a9a-a1b98943660e</a>"
2016.51.84.Video2.mp4,2016.51.84.Video2.mp4,https://pi.lib.uchicago.edu/1001/org/ochre/3d7caf2c-98a5-4cb4-855c-34faf9cf9d48,Leon Levy Expedition to Ashkelon Dataset: Videos,Videos collected from the excavation of Ashkelon; 1985-2016.,"<a href=""https://pi.lib.uchicago.edu/1001/org/ochre/3d7caf2c-98a5-4cb4-855c-34faf9cf9d48"">https://pi.lib.uchicago.edu/1001/org/ochre/3d7caf2c-98a5-4cb4-855c-34faf9cf9d48</a>"
2016.51.84.Video3.mp4,2016.51.84.Video3.mp4,https://pi.lib.uchicago.edu/1001/org/ochre/408fdcba-6d95-4ada-981a-b615a594fae6,Leon Levy Expedition to Ashkelon Dataset: Videos,Videos collected from the excavation of Ashkelon; 1985-2016.,"<a href=""https://pi.lib.uchicago.edu/1001/org/ochre/408fdcba-6d95-4ada-981a-b615a594fae6"">https://pi.lib.uchicago.edu/1001/org/ochre/408fdcba-6d95-4ada-981a-b615a594fae6</a>"
2016.51.84.Video4.mp4,2016.51.84.Video4.mp4,https://pi.lib.uchicago.edu/1001/org/ochre/8cbfdabc-373f-45ba-99c6-a8795d8a4af3,Leon Levy Expedition to Ashkelon Dataset: Videos,Videos collected from the excavation of Ashkelon; 1985-2016.,"<a href=""https://pi.lib.uchicago.edu/1001/org/ochre/8cbfdabc-373f-45ba-99c6-a8795d8a4af3"">https://pi.lib.uchicago.edu/1001/org/ochre/8cbfdabc-373f-45ba-99c6-a8795d8a4af3</a>"
2016.51.84.Video5.mp4,2016.51.84.Video5.mp4,https://pi.lib.uchicago.edu/1001/org/ochre/7e03fa71-b7fb-4854-98e6-2b5a19807fb9,Leon Levy Expedition to Ashkelon Dataset: Videos,Videos collected from the excavation of Ashkelon; 1985-2016.,"<a href=""https://pi.lib.uchicago.edu/1001/org/ochre/7e03fa71-b7fb-4854-98e6-2b5a19807fb9"">https://pi.lib.uchicago.edu/1001/org/ochre/7e03fa71-b7fb-4854-98e6-2b5a19807fb9</a>"
2016.51.84.Video6.mp4,2016.51.84.Video6.mp4,https://pi.lib.uchicago.edu/1001/org/ochre/71369080-e5c7-42c2-a1e4-ade9525fbf4e,Leon Levy Expedition to Ashkelon Dataset: Videos,Videos collected from the excavation of Ashkelon; 1985-2016.,"<a href=""https://pi.lib.uchicago.edu/1001/org/ochre/71369080-e5c7-42c2-a1e4-ade9525fbf4e"">https://pi.lib.uchicago.edu/1001/org/ochre/71369080-e5c7-42c2-a1e4-ade9525fbf4e</a>"
2016.51.84.Video7.mp4,2016.51.84.Video7.mp4,https://pi.lib.uchicago.edu/1001/org/ochre/e5424adb-0a9a-4a68-91d6-512fcccd908b,Leon Levy Expedition to Ashkelon Dataset: Videos,Videos collected from the excavation of Ashkelon; 1985-2016.,"<a href=""https://pi.lib.uchicago.edu/1001/org/ochre/e5424adb-0a9a-4a68-91d6-512fcccd908b"">https://pi.lib.uchicago.edu/1001/org/ochre/e5424adb-0a9a-4a68-91d6-512fcccd908b</a>"
2016.51.84.Video8.mp4,2016.51.84.Video8.mp4,https://pi.lib.uchicago.edu/1001/org/ochre/e4a33622-ff69-43c6-ac6c-378c25283e29,Leon Levy Expedition to Ashkelon Dataset: Videos,Videos collected from the excavation of Ashkelon; 1985-2016.,"<a href=""https://pi.lib.uchicago.edu/1001/org/ochre/e4a33622-ff69-43c6-ac6c-378c25283e29"">https://pi.lib.uchicago.edu/1001/org/ochre/e4a33622-ff69-43c6-ac6c-378c25283e29</a>"
2016.N5.1stPerson.Video1.mp4,2016.N5.1stPerson.Video1.MP4,https://pi.lib.uchicago.edu/1001/org/ochre/24c5151b-5281-41fe-b797-75799d07a74b,Leon Levy Expedition to Ashkelon Dataset: Videos,Videos collected from the excavation of Ashkelon; 1985-2016.,"<a href=""https://pi.lib.uchicago.edu/1001/org/ochre/24c5151b-5281-41fe-b797-75799d07a74b"">https://pi.lib.uchicago.edu/1001/org/ochre/24c5151b-5281-41fe-b797-75799d07a74b</a>"
2016.N5.1stPerson.Video2.mp4,2016.N5.1stPerson.Video2.MP4,https://pi.lib.uchicago.edu/1001/org/ochre/024b5535-3428-4b48-ba3a-f29f37abee2f,Leon Levy Expedition to Ashkelon Dataset: Videos,Videos collected from the excavation of Ashkelon; 1985-2016.,"<a href=""https://pi.lib.uchicago.edu/1001/org/ochre/024b5535-3428-4b48-ba3a-f29f37abee2f"">https://pi.lib.uchicago.edu/1001/org/ochre/024b5535-3428-4b48-ba3a-f29f37abee2f</a>"
2016.N5.1stPerson.Video3.mp4,2016.N5.1stPerson.Video3.MP4,https://pi.lib.uchicago.edu/1001/org/ochre/10a528d2-79a4-4e9c-bfb2-cc4f386bb899,Leon Levy Expedition to Ashkelon Dataset: Videos,Videos collected from the excavation of Ashkelon; 1985-2016.,"<a href=""https://pi.lib.uchicago.edu/1001/org/ochre/10a528d2-79a4-4e9c-bfb2-cc4f386bb899"">https://pi.lib.uchicago.edu/1001/org/ochre/10a528d2-79a4-4e9c-bfb2-cc4f386bb899</a>"
2016.N5.1stPerson.Video4.mp4,2016.N5.1stPerson.Video4.MP4,https://pi.lib.uchicago.edu/1001/org/ochre/152a0474-e988-4538-9ad4-2d03861c2cec,Leon Levy Expedition to Ashkelon Dataset: Videos,Videos collected from the excavation of Ashkelon; 1985-2016.,"<a href=""https://pi.lib.uchicago.edu/1001/org/ochre/152a0474-e988-4538-9ad4-2d03861c2cec"">https://pi.lib.uchicago.edu/1001/org/ochre/152a0474-e988-4538-9ad4-2d03861c2cec</a>"
2016.N5.1stPerson.Video5.mp4,2016.N5.1stPerson.Video5.MP4,https://pi.lib.uchicago.edu/1001/org/ochre/9d747b03-9692-47a2-8d7a-42a372486bad,Leon Levy Expedition to Ashkelon Dataset: Videos,Videos collected from the excavation of Ashkelon; 1985-2016.,"<a href=""https://pi.lib.uchicago.edu/1001/org/ochre/9d747b03-9692-47a2-8d7a-42a372486bad"">https://pi.lib.uchicago.edu/1001/org/ochre/9d747b03-9692-47a2-8d7a-42a372486bad</a>"
2016.N5.1stPerson.Video6.mp4,2016.N5.1stPerson.Video6.MP4,https://pi.lib.uchicago.edu/1001/org/ochre/4964cce4-e9df-4cab-be95-93b43fc5fc89,Leon Levy Expedition to Ashkelon Dataset: Videos,Videos collected from the excavation of Ashkelon; 1985-2016.,"<a href=""https://pi.lib.uchicago.edu/1001/org/ochre/4964cce4-e9df-4cab-be95-93b43fc5fc89"">https://pi.lib.uchicago.edu/1001/org/ochre/4964cce4-e9df-4cab-be95-93b43fc5fc89</a>"
2016.N5.BucketLine.Video1.mp4,2016.N5.BucketLine.Video1.MP4,https://pi.lib.uchicago.edu/1001/org/ochre/8901dcb1-f386-4045-8bc4-3a4940f4bd9a,Leon Levy Expedition to Ashkelon Dataset: Videos,Videos collected from the excavation of Ashkelon; 1985-2016.,"<a href=""https://pi.lib.uchicago.edu/1001/org/ochre/8901dcb1-f386-4045-8bc4-3a4940f4bd9a"">https://pi.lib.uchicago.edu/1001/org/ochre/8901dcb1-f386-4045-8bc4-3a4940f4bd9a</a>"
2016.N5.BucketLine.Video2.mp4,2016.N5.BucketLine.Video2.MP4,https://pi.lib.uchicago.edu/1001/org/ochre/a8a198ea-2eec-4db7-995f-880c7ce821e2,Leon Levy Expedition to Ashkelon Dataset: Videos,Videos collected from the excavation of Ashkelon; 1985-2016.,"<a href=""https://pi.lib.uchicago.edu/1001/org/ochre/a8a198ea-2eec-4db7-995f-880c7ce821e2"">https://pi.lib.uchicago.edu/1001/org/ochre/a8a198ea-2eec-4db7-995f-880c7ce821e2</a>"
2016.N5.BucketLine.Video3.mp4,2016.N5.BucketLine.Video3.MP4,https://pi.lib.uchicago.edu/1001/org/ochre/05e33534-2524-4c60-8a85-995aab7b56e0,Leon Levy Expedition to Ashkelon Dataset: Videos,Videos collected from the excavation of Ashkelon; 1985-2016.,"<a href=""https://pi.lib.uchicago.edu/1001/org/ochre/05e33534-2524-4c60-8a85-995aab7b56e0"">https://pi.lib.uchicago.edu/1001/org/ochre/05e33534-2524-4c60-8a85-995aab7b56e0</a>"
2016.N5.BucketLine.Video4.mp4,2016.N5.BucketLine.Video4.MP4,https://pi.lib.uchicago.edu/1001/org/ochre/4f9bdee9-0898-4f2c-806d-281475636064,Leon Levy Expedition to Ashkelon Dataset: Videos,Videos collected from the excavation of Ashkelon; 1985-2016.,"<a href=""https://pi.lib.uchicago.edu/1001/org/ochre/4f9bdee9-0898-4f2c-806d-281475636064"">https://pi.lib.uchicago.edu/1001/org/ochre/4f9bdee9-0898-4f2c-806d-281475636064</a>"
2016.N5.BucketLine.Video5.mp4,2016.N5.BucketLine.Video5.MP4,https://pi.lib.uchicago.edu/1001/org/ochre/cde32123-f4d9-4405-8d13-878f2301a86e,Leon Levy Expedition to Ashkelon Dataset: Videos,Videos collected from the excavation of Ashkelon; 1985-2016.,"<a href=""https://pi.lib.uchicago.edu/1001/org/ochre/cde32123-f4d9-4405-8d13-878f2301a86e"">https://pi.lib.uchicago.edu/1001/org/ochre/cde32123-f4d9-4405-8d13-878f2301a86e</a>"
2016.N5.BucketLine.Video6.mp4,2016.N5.BucketLine.Video6.MP4,https://pi.lib.uchicago.edu/1001/org/ochre/c31aa0db-725d-493d-966e-39b7a6791065,Leon Levy Expedition to Ashkelon Dataset: Videos,Videos collected from the excavation of Ashkelon; 1985-2016.,"<a href=""https://pi.lib.uchicago.edu/1001/org/ochre/c31aa0db-725d-493d-966e-39b7a6791065"">https://pi.lib.uchicago.edu/1001/org/ochre/c31aa0db-725d-493d-966e-39b7a6791065</a>"
2016.N5.BucketLine.Video7.mp4,2016.N5.BucketLine.Video7.MP4,https://pi.lib.uchicago.edu/1001/org/ochre/0aad0002-1169-4b11-ba9b-a7a095289e54,Leon Levy Expedition to Ashkelon Dataset: Videos,Videos collected from the excavation of Ashkelon; 1985-2016.,"<a href=""https://pi.lib.uchicago.edu/1001/org/ochre/0aad0002-1169-4b11-ba9b-a7a095289e54"">https://pi.lib.uchicago.edu/1001/org/ochre/0aad0002-1169-4b11-ba9b-a7a095289e54</a>"
2016.N5.Overview.Video1.mp4,2016.N5.Overview.Video1.MP4,https://pi.lib.uchicago.edu/1001/org/ochre/445843f7-44fe-44da-96d7-70f3325d3be9,Leon Levy Expedition to Ashkelon Dataset: Videos,Videos collected from the excavation of Ashkelon; 1985-2016.,"<a href=""https://pi.lib.uchicago.edu/1001/org/ochre/445843f7-44fe-44da-96d7-70f3325d3be9"">https://pi.lib.uchicago.edu/1001/org/ochre/445843f7-44fe-44da-96d7-70f3325d3be9</a>"
2016.N5.Overview.Video2.mp4,2016.N5.Overview.Video2.MP4,https://pi.lib.uchicago.edu/1001/org/ochre/a2bd9afe-a52a-43e9-88c8-c86a9d522edc,Leon Levy Expedition to Ashkelon Dataset: Videos,Videos collected from the excavation of Ashkelon; 1985-2016.,"<a href=""https://pi.lib.uchicago.edu/1001/org/ochre/a2bd9afe-a52a-43e9-88c8-c86a9d522edc"">https://pi.lib.uchicago.edu/1001/org/ochre/a2bd9afe-a52a-43e9-88c8-c86a9d522edc</a>"
2016.N5.PressVideos.Video1.mp4,2016.N5.PressVideos.Video1.mp4,https://pi.lib.uchicago.edu/1001/org/ochre/34a304e8-a968-4fb9-a7f1-43473217bab3,Leon Levy Expedition to Ashkelon Dataset: Videos,Videos collected from the excavation of Ashkelon; 1985-2016.,"<a href=""https://pi.lib.uchicago.edu/1001/org/ochre/34a304e8-a968-4fb9-a7f1-43473217bab3"">https://pi.lib.uchicago.edu/1001/org/ochre/34a304e8-a968-4fb9-a7f1-43473217bab3</a>"
2016.N5.PressVideos.Video10.mp4,2016.N5.PressVideos.Video10.mp4,https://pi.lib.uchicago.edu/1001/org/ochre/bc6ef9be-b427-4bd2-9401-daf3a587f021,Leon Levy Expedition to Ashkelon Dataset: Videos,Videos collected from the excavation of Ashkelon; 1985-2016.,"<a href=""https://pi.lib.uchicago.edu/1001/org/ochre/bc6ef9be-b427-4bd2-9401-daf3a587f021"">https://pi.lib.uchicago.edu/1001/org/ochre/bc6ef9be-b427-4bd2-9401-daf3a587f021</a>"
2016.N5.PressVideos.Video11.mp4,2016.N5.PressVideos.Video11.mp4,https://pi.lib.uchicago.edu/1001/org/ochre/6a3a84d5-7f2e-4604-87b9-0ac444363c19,Leon Levy Expedition to Ashkelon Dataset: Videos,Videos collected from the excavation of Ashkelon; 1985-2016.,"<a href=""https://pi.lib.uchicago.edu/1001/org/ochre/6a3a84d5-7f2e-4604-87b9-0ac444363c19"">https://pi.lib.uchicago.edu/1001/org/ochre/6a3a84d5-7f2e-4604-87b9-0ac444363c19</a>"
2016.N5.PressVideos.Video12.mp4,2016.N5.PressVideos.Video12.mp4,https://pi.lib.uchicago.edu/1001/org/ochre/b107d01f-c4dd-4542-89e9-e55c7441e793,Leon Levy Expedition to Ashkelon Dataset: Videos,Videos collected from the excavation of Ashkelon; 1985-2016.,"<a href=""https://pi.lib.uchicago.edu/1001/org/ochre/b107d01f-c4dd-4542-89e9-e55c7441e793"">https://pi.lib.uchicago.edu/1001/org/ochre/b107d01f-c4dd-4542-89e9-e55c7441e793</a>"
2016.N5.PressVideos.Video13.mp4,2016.N5.PressVideos.Video13.mp4,https://pi.lib.uchicago.edu/1001/org/ochre/1b6b4687-c9e0-4ca3-9825-7068595aef47,Leon Levy Expedition to Ashkelon Dataset: Videos,Videos collected from the excavation of Ashkelon; 1985-2016.,"<a href=""https://pi.lib.uchicago.edu/1001/org/ochre/1b6b4687-c9e0-4ca3-9825-7068595aef47"">https://pi.lib.uchicago.edu/1001/org/ochre/1b6b4687-c9e0-4ca3-9825-7068595aef47</a>"
2016.N5.PressVideos.Video14.mp4,2016.N5.PressVideos.Video14.mp4,https://pi.lib.uchicago.edu/1001/org/ochre/f568e3b8-b604-4b51-938a-d81ae197c5cf,Leon Levy Expedition to Ashkelon Dataset: Videos,Videos collected from the excavation of Ashkelon; 1985-2016.,"<a href=""https://pi.lib.uchicago.edu/1001/org/ochre/f568e3b8-b604-4b51-938a-d81ae197c5cf"">https://pi.lib.uchicago.edu/1001/org/ochre/f568e3b8-b604-4b51-938a-d81ae197c5cf</a>"
2016.N5.PressVideos.Video15.mp4,2016.N5.PressVideos.Video15.mp4,https://pi.lib.uchicago.edu/1001/org/ochre/43af1e3b-f454-4fef-8a23-21b5fee6d861,Leon Levy Expedition to Ashkelon Dataset: Videos,Videos collected from the excavation of Ashkelon; 1985-2016.,"<a href=""https://pi.lib.uchicago.edu/1001/org/ochre/43af1e3b-f454-4fef-8a23-21b5fee6d861"">https://pi.lib.uchicago.edu/1001/org/ochre/43af1e3b-f454-4fef-8a23-21b5fee6d861</a>"
2016.N5.PressVideos.Video16.mp4,2016.N5.PressVideos.Video16.mp4,https://pi.lib.uchicago.edu/1001/org/ochre/39320708-8e69-43b3-aa7d-b29631e60dfb,Leon Levy Expedition to Ashkelon Dataset: Videos,Videos collected from the excavation of Ashkelon; 1985-2016.,"<a href=""https://pi.lib.uchicago.edu/1001/org/ochre/39320708-8e69-43b3-aa7d-b29631e60dfb"">https://pi.lib.uchicago.edu/1001/org/ochre/39320708-8e69-43b3-aa7d-b29631e60dfb</a>"
2016.N5.PressVideos.Video17.mp4,2016.N5.PressVideos.Video17.mp4,https://pi.lib.uchicago.edu/1001/org/ochre/dcf140d2-86b5-4d8c-80b2-f028c2f8e5b4,Leon Levy Expedition to Ashkelon Dataset: Videos,Videos collected from the excavation of Ashkelon; 1985-2016.,"<a href=""https://pi.lib.uchicago.edu/1001/org/ochre/dcf140d2-86b5-4d8c-80b2-f028c2f8e5b4"">https://pi.lib.uchicago.edu/1001/org/ochre/dcf140d2-86b5-4d8c-80b2-f028c2f8e5b4</a>"
2016.N5.PressVideos.Video18.mp4,2016.N5.PressVideos.Video18.mp4,https://pi.lib.uchicago.edu/1001/org/ochre/c82a7662-62a5-4b31-b0a7-efde45498a0f,Leon Levy Expedition to Ashkelon Dataset: Videos,Videos collected from the excavation of Ashkelon; 1985-2016.,"<a href=""https://pi.lib.uchicago.edu/1001/org/ochre/c82a7662-62a5-4b31-b0a7-efde45498a0f"">https://pi.lib.uchicago.edu/1001/org/ochre/c82a7662-62a5-4b31-b0a7-efde45498a0f</a>"
2016.N5.PressVideos.Video19.mp4,2016.N5.PressVideos.Video19.mp4,https://pi.lib.uchicago.edu/1001/org/ochre/fbb973c2-1676-433d-bad3-c77e1a726c74,Leon Levy Expedition to Ashkelon Dataset: Videos,Videos collected from the excavation of Ashkelon; 1985-2016.,"<a href=""https://pi.lib.uchicago.edu/1001/org/ochre/fbb973c2-1676-433d-bad3-c77e1a726c74"">https://pi.lib.uchicago.edu/1001/org/ochre/fbb973c2-1676-433d-bad3-c77e1a726c74</a>"
2016.N5.PressVideos.Video2.mp4,2016.N5.PressVideos.Video2.mp4,https://pi.lib.uchicago.edu/1001/org/ochre/33b2a657-7a44-4419-8614-46936c433e1b,Leon Levy Expedition to Ashkelon Dataset: Videos,Videos collected from the excavation of Ashkelon; 1985-2016.,"<a href=""https://pi.lib.uchicago.edu/1001/org/ochre/33b2a657-7a44-4419-8614-46936c433e1b"">https://pi.lib.uchicago.edu/1001/org/ochre/33b2a657-7a44-4419-8614-46936c433e1b</a>"
2016.N5.PressVideos.Video20.mp4,2016.N5.PressVideos.Video20.mp4,https://pi.lib.uchicago.edu/1001/org/ochre/7d292817-f74b-4646-9121-e885ac4f159f,Leon Levy Expedition to Ashkelon Dataset: Videos,Videos collected from the excavation of Ashkelon; 1985-2016.,"<a href=""https://pi.lib.uchicago.edu/1001/org/ochre/7d292817-f74b-4646-9121-e885ac4f159f"">https://pi.lib.uchicago.edu/1001/org/ochre/7d292817-f74b-4646-9121-e885ac4f159f</a>"
2016.N5.PressVideos.Video21.mp4,2016.N5.PressVideos.Video21.mp4,https://pi.lib.uchicago.edu/1001/org/ochre/133e4d1b-881a-404a-82e7-6bebc1a4eebf,Leon Levy Expedition to Ashkelon Dataset: Videos,Videos collected from the excavation of Ashkelon; 1985-2016.,"<a href=""https://pi.lib.uchicago.edu/1001/org/ochre/133e4d1b-881a-404a-82e7-6bebc1a4eebf"">https://pi.lib.uchicago.edu/1001/org/ochre/133e4d1b-881a-404a-82e7-6bebc1a4eebf</a>"
2016.N5.PressVideos.Video3.mp4,2016.N5.PressVideos.Video3.mp4,https://pi.lib.uchicago.edu/1001/org/ochre/64547aa1-58a9-42c7-a2f0-59bed7018d57,Leon Levy Expedition to Ashkelon Dataset: Videos,Videos collected from the excavation of Ashkelon; 1985-2016.,"<a href=""https://pi.lib.uchicago.edu/1001/org/ochre/64547aa1-58a9-42c7-a2f0-59bed7018d57"">https://pi.lib.uchicago.edu/1001/org/ochre/64547aa1-58a9-42c7-a2f0-59bed7018d57</a>"
2016.N5.PressVideos.Video4.mp4,2016.N5.PressVideos.Video4.mp4,https://pi.lib.uchicago.edu/1001/org/ochre/edcd58ab-2598-4405-95bc-b990e982e97d,Leon Levy Expedition to Ashkelon Dataset: Videos,Videos collected from the excavation of Ashkelon; 1985-2016.,"<a href=""https://pi.lib.uchicago.edu/1001/org/ochre/edcd58ab-2598-4405-95bc-b990e982e97d"">https://pi.lib.uchicago.edu/1001/org/ochre/edcd58ab-2598-4405-95bc-b990e982e97d</a>"
2016.N5.PressVideos.Video5.mp4,2016.N5.PressVideos.Video5.mp4,https://pi.lib.uchicago.edu/1001/org/ochre/87ddfc50-246c-4056-adae-9965d9a76990,Leon Levy Expedition to Ashkelon Dataset: Videos,Videos collected from the excavation of Ashkelon; 1985-2016.,"<a href=""https://pi.lib.uchicago.edu/1001/org/ochre/87ddfc50-246c-4056-adae-9965d9a76990"">https://pi.lib.uchicago.edu/1001/org/ochre/87ddfc50-246c-4056-adae-9965d9a76990</a>"
2016.N5.PressVideos.Video6.mp4,2016.N5.PressVideos.Video6.mp4,https://pi.lib.uchicago.edu/1001/org/ochre/dd91ab2a-36e2-4050-9e56-37516fc51bf4,Leon Levy Expedition to Ashkelon Dataset: Videos,Videos collected from the excavation of Ashkelon; 1985-2016.,"<a href=""https://pi.lib.uchicago.edu/1001/org/ochre/dd91ab2a-36e2-4050-9e56-37516fc51bf4"">https://pi.lib.uchicago.edu/1001/org/ochre/dd91ab2a-36e2-4050-9e56-37516fc51bf4</a>"
2016.N5.PressVideos.Video7.mp4,2016.N5.PressVideos.Video7.mp4,https://pi.lib.uchicago.edu/1001/org/ochre/97bb0504-6d5f-466e-b251-c987440325ea,Leon Levy Expedition to Ashkelon Dataset: Videos,Videos collected from the excavation of Ashkelon; 1985-2016.,"<a href=""https://pi.lib.uchicago.edu/1001/org/ochre/97bb0504-6d5f-466e-b251-c987440325ea"">https://pi.lib.uchicago.edu/1001/org/ochre/97bb0504-6d5f-466e-b251-c987440325ea</a>"
2016.N5.PressVideos.Video8.mp4,2016.N5.PressVideos.Video8.mp4,https://pi.lib.uchicago.edu/1001/org/ochre/07d0e24f-7974-4a08-94f0-2b2f6e491c3f,Leon Levy Expedition to Ashkelon Dataset: Videos,Videos collected from the excavation of Ashkelon; 1985-2016.,"<a href=""https://pi.lib.uchicago.edu/1001/org/ochre/07d0e24f-7974-4a08-94f0-2b2f6e491c3f"">https://pi.lib.uchicago.edu/1001/org/ochre/07d0e24f-7974-4a08-94f0-2b2f6e491c3f</a>"
2016.N5.PressVideos.Video9.mp4,2016.N5.PressVideos.Video9.mp4,https://pi.lib.uchicago.edu/1001/org/ochre/4e5bbb16-098b-4649-b8f6-7334799ae1e3,Leon Levy Expedition to Ashkelon Dataset: Videos,Videos collected from the excavation of Ashkelon; 1985-2016.,"<a href=""https://pi.lib.uchicago.edu/1001/org/ochre/4e5bbb16-098b-4649-b8f6-7334799ae1e3"">https://pi.lib.uchicago.edu/1001/org/ochre/4e5bbb16-098b-4649-b8f6-7334799ae1e3</a>"
2016.N5.24.Video1.mp4,2016.N5.24.Video1.MP4,https://pi.lib.uchicago.edu/1001/org/ochre/61b2e1d6-ac8a-4bf5-8021-a0173ba0046c,Leon Levy Expedition to Ashkelon Dataset: Videos,Videos collected from the excavation of Ashkelon; 1985-2016.,"<a href=""https://pi.lib.uchicago.edu/1001/org/ochre/61b2e1d6-ac8a-4bf5-8021-a0173ba0046c"">https://pi.lib.uchicago.edu/1001/org/ochre/61b2e1d6-ac8a-4bf5-8021-a0173ba0046c</a>"
2016.N5.24.Video2.mp4,2016.N5.24.Video2.MP4,https://pi.lib.uchicago.edu/1001/org/ochre/c28d46c3-577d-4b22-9b8b-3b902c519db5,Leon Levy Expedition to Ashkelon Dataset: Videos,Videos collected from the excavation of Ashkelon; 1985-2016.,"<a href=""https://pi.lib.uchicago.edu/1001/org/ochre/c28d46c3-577d-4b22-9b8b-3b902c519db5"">https://pi.lib.uchicago.edu/1001/org/ochre/c28d46c3-577d-4b22-9b8b-3b902c519db5</a>"
2016.N5.24.Video3.mp4,2016.N5.24.Video3.MP4,https://pi.lib.uchicago.edu/1001/org/ochre/830b7445-798b-46ab-87fd-31f41248ae44,Leon Levy Expedition to Ashkelon Dataset: Videos,Videos collected from the excavation of Ashkelon; 1985-2016.,"<a href=""https://pi.lib.uchicago.edu/1001/org/ochre/830b7445-798b-46ab-87fd-31f41248ae44"">https://pi.lib.uchicago.edu/1001/org/ochre/830b7445-798b-46ab-87fd-31f41248ae44</a>"
2016.N5.24.Video4.mp4,2016.N5.24.Video4.MP4,https://pi.lib.uchicago.edu/1001/org/ochre/a3e9c7db-aac8-4080-8fc3-1aa9376c83d5,Leon Levy Expedition to Ashkelon Dataset: Videos,Videos collected from the excavation of Ashkelon; 1985-2016.,"<a href=""https://pi.lib.uchicago.edu/1001/org/ochre/a3e9c7db-aac8-4080-8fc3-1aa9376c83d5"">https://pi.lib.uchicago.edu/1001/org/ochre/a3e9c7db-aac8-4080-8fc3-1aa9376c83d5</a>"
2016.N5.3.Video1.mp4,2016.N5.3.Video1.MP4,https://pi.lib.uchicago.edu/1001/org/ochre/2959ed70-0140-462a-8faf-ea7e5e7e4490,Leon Levy Expedition to Ashkelon Dataset: Videos,Videos collected from the excavation of Ashkelon; 1985-2016.,"<a href=""https://pi.lib.uchicago.edu/1001/org/ochre/2959ed70-0140-462a-8faf-ea7e5e7e4490"">https://pi.lib.uchicago.edu/1001/org/ochre/2959ed70-0140-462a-8faf-ea7e5e7e4490</a>"
2016.N5.3.Video10.mp4,2016.N5.3.Video10.MP4,https://pi.lib.uchicago.edu/1001/org/ochre/a5c75e55-0c18-47fd-9558-4aec1ddbf23f,Leon Levy Expedition to Ashkelon Dataset: Videos,Videos collected from the excavation of Ashkelon; 1985-2016.,"<a href=""https://pi.lib.uchicago.edu/1001/org/ochre/a5c75e55-0c18-47fd-9558-4aec1ddbf23f"">https://pi.lib.uchicago.edu/1001/org/ochre/a5c75e55-0c18-47fd-9558-4aec1ddbf23f</a>"
2016.N5.3.Video2.mp4,2016.N5.3.Video2.MP4,https://pi.lib.uchicago.edu/1001/org/ochre/3d99c17e-c6ca-4d65-8e86-8b993da786b4,Leon Levy Expedition to Ashkelon Dataset: Videos,Videos collected from the excavation of Ashkelon; 1985-2016.,"<a href=""https://pi.lib.uchicago.edu/1001/org/ochre/3d99c17e-c6ca-4d65-8e86-8b993da786b4"">https://pi.lib.uchicago.edu/1001/org/ochre/3d99c17e-c6ca-4d65-8e86-8b993da786b4</a>"
2016.N5.3.Video3.mp4,2016.N5.3.Video3.MP4,https://pi.lib.uchicago.edu/1001/org/ochre/da02e2ae-3aba-4f45-b8d4-875956942c8b,Leon Levy Expedition to Ashkelon Dataset: Videos,Videos collected from the excavation of Ashkelon; 1985-2016.,"<a href=""https://pi.lib.uchicago.edu/1001/org/ochre/da02e2ae-3aba-4f45-b8d4-875956942c8b"">https://pi.lib.uchicago.edu/1001/org/ochre/da02e2ae-3aba-4f45-b8d4-875956942c8b</a>"
2016.N5.3.Video4.mp4,2016.N5.3.Video4.MP4,https://pi.lib.uchicago.edu/1001/org/ochre/415b175e-7d57-43d6-9bc3-b4a710ed2838,Leon Levy Expedition to Ashkelon Dataset: Videos,Videos collected from the excavation of Ashkelon; 1985-2016.,"<a href=""https://pi.lib.uchicago.edu/1001/org/ochre/415b175e-7d57-43d6-9bc3-b4a710ed2838"">https://pi.lib.uchicago.edu/1001/org/ochre/415b175e-7d57-43d6-9bc3-b4a710ed2838</a>"
2016.N5.3.Video5.mp4,2016.N5.3.Video5.MP4,https://pi.lib.uchicago.edu/1001/org/ochre/612ce104-772d-400f-8f41-56b861cfed1c,Leon Levy Expedition to Ashkelon Dataset: Videos,Videos collected from the excavation of Ashkelon; 1985-2016.,"<a href=""https://pi.lib.uchicago.edu/1001/org/ochre/612ce104-772d-400f-8f41-56b861cfed1c"">https://pi.lib.uchicago.edu/1001/org/ochre/612ce104-772d-400f-8f41-56b861cfed1c</a>"
2016.N5.3.Video6.mp4,2016.N5.3.Video6.MP4,https://pi.lib.uchicago.edu/1001/org/ochre/17b1adaf-516c-4dc2-9cb2-9700af6d4982,Leon Levy Expedition to Ashkelon Dataset: Videos,Videos collected from the excavation of Ashkelon; 1985-2016.,"<a href=""https://pi.lib.uchicago.edu/1001/org/ochre/17b1adaf-516c-4dc2-9cb2-9700af6d4982"">https://pi.lib.uchicago.edu/1001/org/ochre/17b1adaf-516c-4dc2-9cb2-9700af6d4982</a>"
2016.N5.3.Video7.mp4,2016.N5.3.Video7.MP4,https://pi.lib.uchicago.edu/1001/org/ochre/9fd4247c-30d7-4a07-88a0-26c1741ba8c8,Leon Levy Expedition to Ashkelon Dataset: Videos,Videos collected from the excavation of Ashkelon; 1985-2016.,"<a href=""https://pi.lib.uchicago.edu/1001/org/ochre/9fd4247c-30d7-4a07-88a0-26c1741ba8c8"">https://pi.lib.uchicago.edu/1001/org/ochre/9fd4247c-30d7-4a07-88a0-26c1741ba8c8</a>"
2016.N5.3.Video8.mp4,2016.N5.3.Video8.MP4,https://pi.lib.uchicago.edu/1001/org/ochre/ff6b1d45-bfb4-4ebd-884a-49ff675ca20f,Leon Levy Expedition to Ashkelon Dataset: Videos,Videos collected from the excavation of Ashkelon; 1985-2016.,"<a href=""https://pi.lib.uchicago.edu/1001/org/ochre/ff6b1d45-bfb4-4ebd-884a-49ff675ca20f"">https://pi.lib.uchicago.edu/1001/org/ochre/ff6b1d45-bfb4-4ebd-884a-49ff675ca20f</a>"
2016.N5.3.Video9.mp4,2016.N5.3.Video9.MP4,https://pi.lib.uchicago.edu/1001/org/ochre/41c2f26f-2fdf-42f5-8b1c-6ae9906a4643,Leon Levy Expedition to Ashkelon Dataset: Videos,Videos collected from the excavation of Ashkelon; 1985-2016.,"<a href=""https://pi.lib.uchicago.edu/1001/org/ochre/41c2f26f-2fdf-42f5-8b1c-6ae9906a4643"">https://pi.lib.uchicago.edu/1001/org/ochre/41c2f26f-2fdf-42f5-8b1c-6ae9906a4643</a>"
2016.N5.4.Video1.mp4,2016.N5.4.Video1.MP4,https://pi.lib.uchicago.edu/1001/org/ochre/ae32c52c-b384-4470-81f4-2e68fc099ff5,Leon Levy Expedition to Ashkelon Dataset: Videos,Videos collected from the excavation of Ashkelon; 1985-2016.,"<a href=""https://pi.lib.uchicago.edu/1001/org/ochre/ae32c52c-b384-4470-81f4-2e68fc099ff5"">https://pi.lib.uchicago.edu/1001/org/ochre/ae32c52c-b384-4470-81f4-2e68fc099ff5</a>"
2016.N5.4.Video10.mp4,2016.N5.4.Video10.MP4,https://pi.lib.uchicago.edu/1001/org/ochre/a656cf31-eb72-429d-9694-a72878722e2c,Leon Levy Expedition to Ashkelon Dataset: Videos,Videos collected from the excavation of Ashkelon; 1985-2016.,"<a href=""https://pi.lib.uchicago.edu/1001/org/ochre/a656cf31-eb72-429d-9694-a72878722e2c"">https://pi.lib.uchicago.edu/1001/org/ochre/a656cf31-eb72-429d-9694-a72878722e2c</a>"
2016.N5.4.Video11.mp4,2016.N5.4.Video11.MP4,https://pi.lib.uchicago.edu/1001/org/ochre/64c5cc0e-edcd-40be-b87e-48d86d24c928,Leon Levy Expedition to Ashkelon Dataset: Videos,Videos collected from the excavation of Ashkelon; 1985-2016.,"<a href=""https://pi.lib.uchicago.edu/1001/org/ochre/64c5cc0e-edcd-40be-b87e-48d86d24c928"">https://pi.lib.uchicago.edu/1001/org/ochre/64c5cc0e-edcd-40be-b87e-48d86d24c928</a>"
2016.N5.4.Video12.mp4,2016.N5.4.Video12.MP4,https://pi.lib.uchicago.edu/1001/org/ochre/6cf07324-40db-4d11-82be-c939f04a508d,Leon Levy Expedition to Ashkelon Dataset: Videos,Videos collected from the excavation of Ashkelon; 1985-2016.,"<a href=""https://pi.lib.uchicago.edu/1001/org/ochre/6cf07324-40db-4d11-82be-c939f04a508d"">https://pi.lib.uchicago.edu/1001/org/ochre/6cf07324-40db-4d11-82be-c939f04a508d</a>"
2016.N5.4.Video13.mp4,2016.N5.4.Video13.MP4,https://pi.lib.uchicago.edu/1001/org/ochre/ba3974fc-ae50-4ff8-8328-0e73e7f69db9,Leon Levy Expedition to Ashkelon Dataset: Videos,Videos collected from the excavation of Ashkelon; 1985-2016.,"<a href=""https://pi.lib.uchicago.edu/1001/org/ochre/ba3974fc-ae50-4ff8-8328-0e73e7f69db9"">https://pi.lib.uchicago.edu/1001/org/ochre/ba3974fc-ae50-4ff8-8328-0e73e7f69db9</a>"
2016.N5.4.Video14.mp4,2016.N5.4.Video14.MP4,https://pi.lib.uchicago.edu/1001/org/ochre/35151ced-ef10-4010-a51a-71c5cd58fab0,Leon Levy Expedition to Ashkelon Dataset: Videos,Videos collected from the excavation of Ashkelon; 1985-2016.,"<a href=""https://pi.lib.uchicago.edu/1001/org/ochre/35151ced-ef10-4010-a51a-71c5cd58fab0"">https://pi.lib.uchicago.edu/1001/org/ochre/35151ced-ef10-4010-a51a-71c5cd58fab0</a>"
2016.N5.4.Video15.mp4,2016.N5.4.Video15.MP4,https://pi.lib.uchicago.edu/1001/org/ochre/fe232e64-18c1-44a8-90cb-713b7e66bb42,Leon Levy Expedition to Ashkelon Dataset: Videos,Videos collected from the excavation of Ashkelon; 1985-2016.,"<a href=""https://pi.lib.uchicago.edu/1001/org/ochre/fe232e64-18c1-44a8-90cb-713b7e66bb42"">https://pi.lib.uchicago.edu/1001/org/ochre/fe232e64-18c1-44a8-90cb-713b7e66bb42</a>"
2016.N5.4.Video16.mp4,2016.N5.4.Video16.MP4,https://pi.lib.uchicago.edu/1001/org/ochre/a8298fbb-a53e-428d-8e97-996536bf6e53,Leon Levy Expedition to Ashkelon Dataset: Videos,Videos collected from the excavation of Ashkelon; 1985-2016.,"<a href=""https://pi.lib.uchicago.edu/1001/org/ochre/a8298fbb-a53e-428d-8e97-996536bf6e53"">https://pi.lib.uchicago.edu/1001/org/ochre/a8298fbb-a53e-428d-8e97-996536bf6e53</a>"
2016.N5.4.Video2.mp4,2016.N5.4.Video2.MP4,https://pi.lib.uchicago.edu/1001/org/ochre/293666c1-b9e4-4c54-8d32-f1087f9e15b5,Leon Levy Expedition to Ashkelon Dataset: Videos,Videos collected from the excavation of Ashkelon; 1985-2016.,"<a href=""https://pi.lib.uchicago.edu/1001/org/ochre/293666c1-b9e4-4c54-8d32-f1087f9e15b5"">https://pi.lib.uchicago.edu/1001/org/ochre/293666c1-b9e4-4c54-8d32-f1087f9e15b5</a>"
2016.N5.4.Video3.mp4,2016.N5.4.Video3.MP4,https://pi.lib.uchicago.edu/1001/org/ochre/4912ed4d-0ca1-4c8d-afaa-271fc2f1cdc6,Leon Levy Expedition to Ashkelon Dataset: Videos,Videos collected from the excavation of Ashkelon; 1985-2016.,"<a href=""https://pi.lib.uchicago.edu/1001/org/ochre/4912ed4d-0ca1-4c8d-afaa-271fc2f1cdc6"">https://pi.lib.uchicago.edu/1001/org/ochre/4912ed4d-0ca1-4c8d-afaa-271fc2f1cdc6</a>"
2016.N5.4.Video4.mp4,2016.N5.4.Video4.MP4,https://pi.lib.uchicago.edu/1001/org/ochre/5ec23d52-2bc8-48b0-abfc-f1cf7b7530bc,Leon Levy Expedition to Ashkelon Dataset: Videos,Videos collected from the excavation of Ashkelon; 1985-2016.,"<a href=""https://pi.lib.uchicago.edu/1001/org/ochre/5ec23d52-2bc8-48b0-abfc-f1cf7b7530bc"">https://pi.lib.uchicago.edu/1001/org/ochre/5ec23d52-2bc8-48b0-abfc-f1cf7b7530bc</a>"
2016.N5.4.Video5.mp4,2016.N5.4.Video5.MP4,https://pi.lib.uchicago.edu/1001/org/ochre/e2511839-e068-4905-b1a4-9581d61264ea,Leon Levy Expedition to Ashkelon Dataset: Videos,Videos collected from the excavation of Ashkelon; 1985-2016.,"<a href=""https://pi.lib.uchicago.edu/1001/org/ochre/e2511839-e068-4905-b1a4-9581d61264ea"">https://pi.lib.uchicago.edu/1001/org/ochre/e2511839-e068-4905-b1a4-9581d61264ea</a>"
2016.N5.4.Video6.mp4,2016.N5.4.Video6.MP4,https://pi.lib.uchicago.edu/1001/org/ochre/8261677f-0d33-4074-b97d-87e877c34823,Leon Levy Expedition to Ashkelon Dataset: Videos,Videos collected from the excavation of Ashkelon; 1985-2016.,"<a href=""https://pi.lib.uchicago.edu/1001/org/ochre/8261677f-0d33-4074-b97d-87e877c34823"">https://pi.lib.uchicago.edu/1001/org/ochre/8261677f-0d33-4074-b97d-87e877c34823</a>"
2016.N5.4.Video7.mp4,2016.N5.4.Video7.MP4,https://pi.lib.uchicago.edu/1001/org/ochre/abaa4375-3207-428f-9cfc-39af21c98006,Leon Levy Expedition to Ashkelon Dataset: Videos,Videos collected from the excavation of Ashkelon; 1985-2016.,"<a href=""https://pi.lib.uchicago.edu/1001/org/ochre/abaa4375-3207-428f-9cfc-39af21c98006"">https://pi.lib.uchicago.edu/1001/org/ochre/abaa4375-3207-428f-9cfc-39af21c98006</a>"
2016.N5.4.Video8.mp4,2016.N5.4.Video8.MP4,https://pi.lib.uchicago.edu/1001/org/ochre/50a04a1d-8fdf-46fd-9512-ed7a7f24ac1c,Leon Levy Expedition to Ashkelon Dataset: Videos,Videos collected from the excavation of Ashkelon; 1985-2016.,"<a href=""https://pi.lib.uchicago.edu/1001/org/ochre/50a04a1d-8fdf-46fd-9512-ed7a7f24ac1c"">https://pi.lib.uchicago.edu/1001/org/ochre/50a04a1d-8fdf-46fd-9512-ed7a7f24ac1c</a>"
2016.N5.4.Video9.mp4,2016.N5.4.Video9.MP4,https://pi.lib.uchicago.edu/1001/org/ochre/faace504-328b-4c34-983b-b9eb507c4636,Leon Levy Expedition to Ashkelon Dataset: Videos,Videos collected from the excavation of Ashkelon; 1985-2016.,"<a href=""https://pi.lib.uchicago.edu/1001/org/ochre/faace504-328b-4c34-983b-b9eb507c4636"">https://pi.lib.uchicago.edu/1001/org/ochre/faace504-328b-4c34-983b-b9eb507c4636</a>"