files,status
dwgid12101.jpg,missing in metadata
dwgid0002.jpg,missing in metadata
dwgid0008.jpg,missing in metadata
dwgid0009.jpg,missing in metadata
dwgid0010.jpg,missing in metadata
dwgid0011.jpg,missing in metadata
dwgid0012.jpg,missing in metadata
dwgid0013.jpg,missing in metadata
dwgid0014.jpg,missing in metadata
dwgid0016.jpg,missing in metadata
dwgid0017.jpg,missing in metadata
dwgid0018.jpg,missing in metadata
dwgid0019.jpg,missing in metadata
dwgid0021.jpg,missing in metadata
dwgid0022.jpg,missing in metadata
dwgid0023.jpg,missing in metadata
dwgid0024.jpg,missing in metadata
dwgid0025.jpg,missing in metadata
dwgid0026.jpg,missing in metadata
dwgid0027.jpg,missing in metadata
dwgid0028.jpg,missing in metadata
dwgid0029.jpg,missing in metadata
dwgid0030.jpg,missing in metadata
dwgid0032.jpg,missing in metadata
dwgid0033.jpg,missing in metadata
dwgid0034.jpg,missing in metadata
dwgid0035.jpg,missing in metadata
dwgid0036.jpg,missing in metadata
dwgid0038.jpg,missing in metadata
dwgid0039.jpg,missing in metadata
dwgid0040.jpg,missing in metadata
dwgid0041.jpg,missing in metadata
dwgid0043.jpg,missing in metadata
dwgid0044.jpg,missing in metadata
dwgid0045.jpg,missing in metadata
dwgid0046.jpg,missing in metadata
dwgid0047.jpg,missing in metadata
dwgid0048.jpg,missing in metadata
dwgid0050.jpg,missing in metadata
dwgid0052.jpg,missing in metadata
dwgid0053.jpg,missing in metadata
dwgid0054.jpg,missing in metadata
dwgid0055.jpg,missing in metadata
dwgid0056.jpg,missing in metadata
dwgid0057.jpg,missing in metadata
dwgid0058.jpg,missing in metadata
dwgid0059.jpg,missing in metadata
dwgid0060.jpg,missing in metadata
dwgid0061.jpg,missing in metadata
dwgid0062.jpg,missing in metadata
dwgid0063.jpg,missing in metadata
dwgid0064.jpg,missing in metadata
dwgid0065.jpg,missing in metadata
dwgid0066.jpg,missing in metadata
dwgid0067.jpg,missing in metadata
dwgid0067_2.jpg,missing in metadata
dwgid0068.jpg,missing in metadata
dwgid0069.jpg,missing in metadata
dwgid0070.jpg,missing in metadata
dwgid0071.jpg,missing in metadata
dwgid0072.jpg,missing in metadata
dwgid0073.jpg,missing in metadata
dwgid0074.jpg,missing in metadata
dwgid0075.jpg,missing in metadata
dwgid0076.jpg,missing in metadata
dwgid0077.jpg,missing in metadata
dwgid0078.jpg,missing in metadata
dwgid0079.jpg,missing in metadata
dwgid0080.jpg,missing in metadata
dwgid0081.jpg,missing in metadata
dwgid0082.jpg,missing in metadata
dwgid0083.jpg,missing in metadata
dwgid0084.jpg,missing in metadata
dwgid0085.jpg,missing in metadata
dwgid0086.jpg,missing in metadata
dwgid0087.jpg,missing in metadata
dwgid0088.jpg,missing in metadata
dwgid0089.jpg,missing in metadata
dwgid0090.jpg,missing in metadata
dwgid0091.jpg,missing in metadata
dwgid0092.jpg,missing in metadata
dwgid0093.jpg,missing in metadata
dwgid0094.jpg,missing in metadata
dwgid0095.jpg,missing in metadata
dwgid0096.jpg,missing in metadata
dwgid0097.jpg,missing in metadata
dwgid0098.jpg,missing in metadata
dwgid0099.jpg,missing in metadata
dwgid0100.jpg,missing in metadata
dwgid0101.jpg,missing in metadata
dwgid0102.jpg,missing in metadata
dwgid0103.jpg,missing in metadata
dwgid0104.jpg,missing in metadata
dwgid0105.jpg,missing in metadata
dwgid0107.jpg,missing in metadata
dwgid0107a.jpg,missing in metadata
dwgid0108.jpg,missing in metadata
dwgid0109.jpg,missing in metadata
dwgid0110.jpg,missing in metadata
dwgid0111.jpg,missing in metadata
dwgid0112.jpg,missing in metadata
dwgid0113.jpg,missing in metadata
dwgid0114.jpg,missing in metadata
dwgid0115.jpg,missing in metadata
dwgid0117.jpg,missing in metadata
dwgid0118.jpg,missing in metadata
dwgid0120.jpg,missing in metadata
dwgid0121.jpg,missing in metadata
dwgid0122.jpg,missing in metadata
dwgid0123.jpg,missing in metadata
dwgid0126.jpg,missing in metadata
dwgid0127.jpg,missing in metadata
dwgid0128.jpg,missing in metadata
dwgid0129.jpg,missing in metadata
dwgid0130.jpg,missing in metadata
dwgid0131.jpg,missing in metadata
dwgid0132.jpg,missing in metadata
dwgid0133.jpg,missing in metadata
dwgid0134.jpg,missing in metadata
dwgid0135.jpg,missing in metadata
dwgid0136.jpg,missing in metadata
dwgid0137.jpg,missing in metadata
dwgid0138.jpg,missing in metadata
dwgid0139.jpg,missing in metadata
dwgid0140.jpg,missing in metadata
dwgid0141.jpg,missing in metadata
dwgid0142.jpg,missing in metadata
dwgid0143.jpg,missing in metadata
dwgid0144.jpg,missing in metadata
dwgid0145.jpg,missing in metadata
dwgid0146.jpg,missing in metadata
dwgid0147.jpg,missing in metadata
dwgid0148.jpg,missing in metadata
dwgid0149.jpg,missing in metadata
dwgid0150.jpg,missing in metadata
dwgid0151.jpg,missing in metadata
dwgid0152.jpg,missing in metadata
dwgid0153.jpg,missing in metadata
dwgid0154.jpg,missing in metadata
dwgid0155.jpg,missing in metadata
dwgid0156.jpg,missing in metadata
dwgid0157.jpg,missing in metadata
dwgid0158.jpg,missing in metadata
dwgid0159.jpg,missing in metadata
dwgid0160.jpg,missing in metadata
dwgid0161.jpg,missing in metadata
dwgid0162.jpg,missing in metadata
dwgid0163.jpg,missing in metadata
dwgid0164.jpg,missing in metadata
dwgid0165.jpg,missing in metadata
dwgid0166.jpg,missing in metadata
dwgid0167.jpg,missing in metadata
dwgid0168.jpg,missing in metadata
dwgid0169.jpg,missing in metadata
dwgid0170.jpg,missing in metadata
dwgid0171.jpg,missing in metadata
dwgid0172.jpg,missing in metadata
dwgid0173.jpg,missing in metadata
dwgid0174.jpg,missing in metadata
dwgid0175.jpg,missing in metadata
dwgid0176.jpg,missing in metadata
dwgid0177.jpg,missing in metadata
dwgid0178.jpg,missing in metadata
dwgid0179.jpg,missing in metadata
dwgid0180.jpg,missing in metadata
dwgid0181.jpg,missing in metadata
dwgid0182.jpg,missing in metadata
dwgid0183.jpg,missing in metadata
dwgid0184.jpg,missing in metadata
dwgid0185.jpg,missing in metadata
dwgid0186.jpg,missing in metadata
dwgid0187.jpg,missing in metadata
dwgid0188.jpg,missing in metadata
dwgid0189.jpg,missing in metadata
dwgid0190.jpg,missing in metadata
dwgid0191.jpg,missing in metadata
dwgid0192.jpg,missing in metadata
dwgid0193.jpg,missing in metadata
dwgid0194.jpg,missing in metadata
dwgid0195.jpg,missing in metadata
dwgid0196.jpg,missing in metadata
dwgid0197.jpg,missing in metadata
dwgid0198.jpg,missing in metadata
dwgid0199.jpg,missing in metadata
dwgid0200.jpg,missing in metadata
dwgid0201.jpg,missing in metadata
dwgid0202.jpg,missing in metadata
dwgid0203.jpg,missing in metadata
dwgid0204.jpg,missing in metadata
dwgid0205.jpg,missing in metadata
dwgid0206.jpg,missing in metadata
dwgid0207.jpg,missing in metadata
dwgid0208.jpg,missing in metadata
dwgid0209.jpg,missing in metadata
dwgid0210.jpg,missing in metadata
dwgid0211.jpg,missing in metadata
dwgid0212 (part 1).jpg,missing in metadata
dwgid0212 (part 2).jpg,missing in metadata
dwgid0212 (part 3).jpg,missing in metadata
dwgid0213.jpg,missing in metadata
dwgid0214.jpg,missing in metadata
dwgid0215.jpg,missing in metadata
dwgid0216.jpg,missing in metadata
dwgid0222.jpg,missing in metadata
dwgid0223.jpg,missing in metadata
dwgid0225.jpg,missing in metadata
dwgid0227.jpg,missing in metadata
dwgid0228.jpg,missing in metadata
dwgid0229.jpg,missing in metadata
dwgid0230.jpg,missing in metadata
dwgid0232.jpg,missing in metadata
dwgid0233.jpg,missing in metadata
dwgid0235.jpg,missing in metadata
dwgid0239.jpg,missing in metadata
dwgid0243.jpg,missing in metadata
dwgid0244.jpg,missing in metadata
dwgid0245.jpg,missing in metadata
dwgid0246.jpg,missing in metadata
dwgid0249.jpg,missing in metadata
dwgid0252.jpg,missing in metadata
dwgid0253.jpg,missing in metadata
dwgid0254.jpg,missing in metadata
dwgid0255.jpg,missing in metadata
dwgid0256.jpg,missing in metadata
dwgid0258.jpg,missing in metadata
dwgid0259.jpg,missing in metadata
dwgid0260.jpg,missing in metadata
dwgid0261.jpg,missing in metadata
dwgid0262.jpg,missing in metadata
dwgid0263.jpg,missing in metadata
dwgid0264.jpg,missing in metadata
dwgid0265.jpg,missing in metadata
dwgid0266.jpg,missing in metadata
dwgid0267.jpg,missing in metadata
dwgid0268.jpg,missing in metadata
dwgid0269.jpg,missing in metadata
dwgid0270.jpg,missing in metadata
dwgid0271.jpg,missing in metadata
dwgid0272.jpg,missing in metadata
dwgid0275.jpg,missing in metadata
dwgid0276.jpg,missing in metadata
dwgid0277.jpg,missing in metadata
dwgid0278.jpg,missing in metadata
dwgid0279.jpg,missing in metadata
dwgid0280.jpg,missing in metadata
dwgid0281.jpg,missing in metadata
dwgid0282.jpg,missing in metadata
dwgid0283.jpg,missing in metadata
dwgid0284.jpg,missing in metadata
dwgid0285.jpg,missing in metadata
dwgid0286.jpg,missing in metadata
dwgid0287.jpg,missing in metadata
dwgid0288.jpg,missing in metadata
dwgid0289.jpg,missing in metadata
dwgid0290.jpg,missing in metadata
dwgid0291.jpg,missing in metadata
dwgid0292.jpg,missing in metadata
dwgid0293.jpg,missing in metadata
dwgid0294.jpg,missing in metadata
dwgid0295.jpg,missing in metadata
dwgid0296.jpg,missing in metadata
dwgid0297.jpg,missing in metadata
dwgid0298.jpg,missing in metadata
dwgid0299.jpg,missing in metadata
dwgid0300.jpg,missing in metadata
dwgid0301.jpg,missing in metadata
dwgid0302.jpg,missing in metadata
dwgid0303.jpg,missing in metadata
dwgid0304.jpg,missing in metadata
dwgid0305.jpg,missing in metadata
dwgid0306.jpg,missing in metadata
dwgid0307.jpg,missing in metadata
dwgid0308.jpg,missing in metadata
dwgid0309.jpg,missing in metadata
dwgid0310.jpg,missing in metadata
dwgid0311.jpg,missing in metadata
dwgid0312.jpg,missing in metadata
dwgid0313.jpg,missing in metadata
dwgid0314.jpg,missing in metadata
dwgid0315.jpg,missing in metadata
dwgid0316.jpg,missing in metadata
dwgid0317.jpg,missing in metadata
dwgid0318.jpg,missing in metadata
dwgid0319.jpg,missing in metadata
dwgid0320.jpg,missing in metadata
dwgid0330.jpg,missing in metadata
dwgid0331.jpg,missing in metadata
dwgid0332.jpg,missing in metadata
dwgid0333.jpg,missing in metadata
dwgid0334.jpg,missing in metadata
dwgid0335.jpg,missing in metadata
dwgid0336.jpg,missing in metadata
dwgid0337.jpg,missing in metadata
dwgid0338.jpg,missing in metadata
dwgid0339.jpg,missing in metadata
dwgid0340.jpg,missing in metadata
dwgid0341.jpg,missing in metadata
dwgid0343.jpg,missing in metadata
dwgid0345.jpg,missing in metadata
dwgid0346.jpg,missing in metadata
dwgid0347.jpg,missing in metadata
dwgid0349.jpg,missing in metadata
dwgid0350.jpg,missing in metadata
dwgid0351.jpg,missing in metadata
dwgid0352.jpg,missing in metadata
dwgid0353.jpg,missing in metadata
dwgid0354.jpg,missing in metadata
dwgid0355.jpg,missing in metadata
dwgid0356.jpg,missing in metadata
dwgid0357.jpg,missing in metadata
dwgid0358.jpg,missing in metadata
dwgid0359.jpg,missing in metadata
dwgid0360.jpg,missing in metadata
dwgid0361.jpg,missing in metadata
dwgid0362.jpg,missing in metadata
dwgid0363.jpg,missing in metadata
dwgid0364.jpg,missing in metadata
dwgid0365.jpg,missing in metadata
dwgid0366.jpg,missing in metadata
dwgid0367.jpg,missing in metadata
dwgid0368.jpg,missing in metadata
dwgid0369.jpg,missing in metadata
dwgid0370.jpg,missing in metadata
dwgid0371.jpg,missing in metadata
dwgid0372.jpg,missing in metadata
dwgid0374.jpg,missing in metadata
dwgid0375.jpg,missing in metadata
dwgid0376.jpg,missing in metadata
dwgid0377.jpg,missing in metadata
dwgid0378.jpg,missing in metadata
dwgid0379.jpg,missing in metadata
dwgid0380.jpg,missing in metadata
dwgid0381.jpg,missing in metadata
dwgid0382.jpg,missing in metadata
dwgid0384.jpg,missing in metadata
dwgid0385.jpg,missing in metadata
dwgid0386.jpg,missing in metadata
dwgid0387.jpg,missing in metadata
dwgid0388.jpg,missing in metadata
dwgid0389.jpg,missing in metadata
dwgid0391.jpg,missing in metadata
dwgid0392.jpg,missing in metadata
dwgid0393.jpg,missing in metadata
dwgid0395.jpg,missing in metadata
dwgid0396.jpg,missing in metadata
dwgid0397.jpg,missing in metadata
dwgid0398.jpg,missing in metadata
dwgid0399.jpg,missing in metadata
dwgid0400.jpg,missing in metadata
dwgid0401.jpg,missing in metadata
dwgid0402.jpg,missing in metadata
dwgid0403.jpg,missing in metadata
dwgid0404.jpg,missing in metadata
dwgid0405.jpg,missing in metadata
dwgid0407.jpg,missing in metadata
dwgid0408.jpg,missing in metadata
dwgid0409.jpg,missing in metadata
dwgid0410.jpg,missing in metadata
dwgid0411.jpg,missing in metadata
dwgid0412.jpg,missing in metadata
dwgid0413.jpg,missing in metadata
dwgid0414.jpg,missing in metadata
dwgid0415.jpg,missing in metadata
dwgid0416.jpg,missing in metadata
dwgid0417.jpg,missing in metadata
dwgid0418.jpg,missing in metadata
dwgid0419.jpg,missing in metadata
dwgid0420.jpg,missing in metadata
dwgid0421.jpg,missing in metadata
dwgid0422.jpg,missing in metadata
dwgid0423.jpg,missing in metadata
dwgid0424.jpg,missing in metadata
dwgid0425.jpg,missing in metadata
dwgid0426.jpg,missing in metadata
dwgid0427.jpg,missing in metadata
dwgid0428.jpg,missing in metadata
dwgid0429.jpg,missing in metadata
dwgid0431.jpg,missing in metadata
dwgid0432.jpg,missing in metadata
dwgid0433.jpg,missing in metadata
dwgid0434.jpg,missing in metadata
dwgid0435.jpg,missing in metadata
dwgid0436.jpg,missing in metadata
dwgid0438.jpg,missing in metadata
dwgid0439.jpg,missing in metadata
dwgid0440.jpg,missing in metadata
dwgid0441.jpg,missing in metadata
dwgid0442.jpg,missing in metadata
dwgid0443.jpg,missing in metadata
dwgid0444.jpg,missing in metadata
dwgid0445.jpg,missing in metadata
dwgid0446.jpg,missing in metadata
dwgid0447.jpg,missing in metadata
dwgid0448.jpg,missing in metadata
dwgid0449.jpg,missing in metadata
dwgid0450.jpg,missing in metadata
dwgid0451.jpg,missing in metadata
dwgid0452.jpg,missing in metadata
dwgid0453.jpg,missing in metadata
dwgid0454.jpg,missing in metadata
dwgid0455.jpg,missing in metadata
dwgid0456.jpg,missing in metadata
dwgid0457.jpg,missing in metadata
dwgid0458.jpg,missing in metadata
dwgid0459.jpg,missing in metadata
dwgid0460.jpg,missing in metadata
dwgid0461.jpg,missing in metadata
dwgid0462.jpg,missing in metadata
dwgid0463.jpg,missing in metadata
dwgid0464.jpg,missing in metadata
dwgid0465.jpg,missing in metadata
dwgid0466.jpg,missing in metadata
dwgid0467.jpg,missing in metadata
dwgid0468.jpg,missing in metadata
dwgid0469.jpg,missing in metadata
dwgid0470.jpg,missing in metadata
dwgid0471.jpg,missing in metadata
dwgid0472.jpg,missing in metadata
dwgid0473.jpg,missing in metadata
dwgid0474.jpg,missing in metadata
dwgid0475.jpg,missing in metadata
dwgid0476.jpg,missing in metadata
dwgid0477.jpg,missing in metadata
dwgid0478.jpg,missing in metadata
dwgid0479.jpg,missing in metadata
dwgid0480.jpg,missing in metadata
dwgid0481.jpg,missing in metadata
dwgid0482.jpg,missing in metadata
dwgid0483.jpg,missing in metadata
dwgid0484.jpg,missing in metadata
dwgid0485.jpg,missing in metadata
dwgid0486.jpg,missing in metadata
dwgid0487.jpg,missing in metadata
dwgid0488.jpg,missing in metadata
dwgid0489.jpg,missing in metadata
dwgid0490.jpg,missing in metadata
dwgid0491.jpg,missing in metadata
dwgid0492.jpg,missing in metadata
dwgid0493.jpg,missing in metadata
dwgid0494.jpg,missing in metadata
dwgid0495.jpg,missing in metadata
dwgid0495annotated.jpg,missing in metadata
dwgid0496.jpg,missing in metadata
dwgid0498.jpg,missing in metadata
dwgid0499.jpg,missing in metadata
dwgid0500.jpg,missing in metadata
dwgid0501.jpg,missing in metadata
dwgid0502.jpg,missing in metadata
dwgid0503.jpg,missing in metadata
dwgid0504.jpg,missing in metadata
dwgid0505.jpg,missing in metadata
dwgid0506.jpg,missing in metadata
dwgid0507.jpg,missing in metadata
dwgid0508.jpg,missing in metadata
dwgid0509.jpg,missing in metadata
dwgid0510.jpg,missing in metadata
dwgid0511.jpg,missing in metadata
dwgid0512.jpg,missing in metadata
dwgid0513.jpg,missing in metadata
dwgid0514.jpg,missing in metadata
dwgid0515.jpg,missing in metadata
dwgid0527.jpg,missing in metadata
dwgid0528.jpg,missing in metadata
dwgid0530.jpg,missing in metadata
dwgid0535.jpg,missing in metadata
dwgid0539.jpg,missing in metadata
dwgid0540.jpg,missing in metadata
dwgid0543.jpg,missing in metadata
dwgid0544.jpg,missing in metadata
dwgid0545.jpg,missing in metadata
dwgid0546.jpg,missing in metadata
dwgid0547.jpg,missing in metadata
dwgid0548.jpg,missing in metadata
dwgid0549.jpg,missing in metadata
dwgid0550.jpg,missing in metadata
dwgid0551.jpg,missing in metadata
dwgid0552.jpg,missing in metadata
dwgid0555.jpg,missing in metadata
dwgid0556.jpg,missing in metadata
dwgid0557.jpg,missing in metadata
dwgid0558.jpg,missing in metadata
dwgid0559.jpg,missing in metadata
dwgid0560.jpg,missing in metadata
dwgid0561.jpg,missing in metadata
dwgid0562.jpg,missing in metadata
dwgid0563.jpg,missing in metadata
dwgid0564.jpg,missing in metadata
dwgid0565.jpg,missing in metadata
dwgid0566.jpg,missing in metadata
dwgid0567.jpg,missing in metadata
dwgid0568.jpg,missing in metadata
dwgid0569.jpg,missing in metadata
dwgid0570.jpg,missing in metadata
dwgid0571.jpg,missing in metadata
dwgid0572.jpg,missing in metadata
dwgid0573.jpg,missing in metadata
dwgid0574.jpg,missing in metadata
dwgid0575.jpg,missing in metadata
dwgid0579.jpg,missing in metadata
dwgid0580.jpg,missing in metadata
dwgid0581.jpg,missing in metadata
dwgid0582.jpg,missing in metadata
dwgid0583.jpg,missing in metadata
dwgid0584.jpg,missing in metadata
dwgid0588.jpg,missing in metadata
dwgid0591.jpg,missing in metadata
dwgid0592.jpg,missing in metadata
dwgid0593.jpg,missing in metadata
dwgid0594.jpg,missing in metadata
dwgid0594.jpg.filepart,missing in metadata
dwgid0595.jpg,missing in metadata
dwgid0596a.jpg,missing in metadata
dwgid0596b.jpg,missing in metadata
dwgid0596c.jpg,missing in metadata
dwgid0597.jpg,missing in metadata
dwgid0598.jpg,missing in metadata
dwgid0599.jpg,missing in metadata
dwgid0600.jpg,missing in metadata
dwgid0601.jpg,missing in metadata
dwgid0602.jpg,missing in metadata
dwgid0603a.jpg,missing in metadata
dwgid0603b.jpg,missing in metadata
dwgid0604.jpg,missing in metadata
dwgid0605.jpg,missing in metadata
dwgid0606.jpg,missing in metadata
dwgid0607.jpg,missing in metadata
dwgid0608.jpg,missing in metadata
dwgid0609.jpg,missing in metadata
dwgid0610.jpg,missing in metadata
dwgid0613.jpg,missing in metadata
dwgid0614.jpg,missing in metadata
dwgid0615.jpg,missing in metadata
dwgid0616.jpg,missing in metadata
dwgid0617.jpg,missing in metadata
dwgid0622.jpg,missing in metadata
dwgid0623.jpg,missing in metadata
dwgid0624.jpg,missing in metadata
dwgid0625.jpg,missing in metadata
dwgid0626.jpg,missing in metadata
dwgid0627.jpg,missing in metadata
dwgid0628.jpg,missing in metadata
dwgid0629.jpg,missing in metadata
dwgid0636.jpg,missing in metadata
dwgid0637.jpg,missing in metadata
dwgid0638.jpg,missing in metadata
dwgid0639.jpg,missing in metadata
dwgid0640.jpg,missing in metadata
dwgid0641.jpg,missing in metadata
dwgid0642.jpg,missing in metadata
dwgid0643.jpg,missing in metadata
dwgid0644.jpg,missing in metadata
dwgid0645.jpg,missing in metadata
dwgid0646.jpg,missing in metadata
dwgid0647.jpg,missing in metadata
dwgid0651.jpg,missing in metadata
dwgid0653.jpg,missing in metadata
dwgid0654.jpg,missing in metadata
dwgid0656.jpg,missing in metadata
dwgid0657.jpg,missing in metadata
dwgid0658.jpg,missing in metadata
dwgid0659.jpg,missing in metadata
dwgid0660.jpg,missing in metadata
dwgid0661.jpg,missing in metadata
dwgid0662.jpg,missing in metadata
dwgid0663.jpg,missing in metadata
dwgid0664.jpg,missing in metadata
dwgid0665.jpg,missing in metadata
dwgid0667.jpg,missing in metadata
dwgid0668.jpg,missing in metadata
dwgid0669.jpg,missing in metadata
dwgid0670.jpg,missing in metadata
dwgid0671.jpg,missing in metadata
dwgid0673.jpg,missing in metadata
dwgid0674.jpg,missing in metadata
dwgid0675.jpg,missing in metadata
dwgid0676.jpg,missing in metadata
dwgid0677.jpg,missing in metadata
dwgid0678.jpg,missing in metadata
dwgid0679.jpg,missing in metadata
dwgid0680.jpg,missing in metadata
dwgid0682.jpg,missing in metadata
dwgid0683.jpg,missing in metadata
dwgid0684.jpg,missing in metadata
dwgid0685.jpg,missing in metadata
dwgid0686.jpg,missing in metadata
dwgid0687.jpg,missing in metadata
dwgid0688.jpg,missing in metadata
dwgid0689.jpg,missing in metadata
dwgid0690.jpg,missing in metadata
dwgid0691.jpg,missing in metadata
dwgid0692.jpg,missing in metadata
dwgid0693.jpg,missing in metadata
dwgid0694.jpg,missing in metadata
dwgid0695.jpg,missing in metadata
dwgid0696.jpg,missing in metadata
dwgid0699.jpg,missing in metadata
dwgid0700.jpg,missing in metadata
dwgid0701.jpg,missing in metadata
dwgid0702.jpg,missing in metadata
dwgid0704.jpg,missing in metadata
dwgid0705.jpg,missing in metadata
dwgid0706.jpg,missing in metadata
dwgid0707.jpg,missing in metadata
dwgid0708.jpg,missing in metadata
dwgid0709.jpg,missing in metadata
dwgid0710.jpg,missing in metadata
dwgid0711.jpg,missing in metadata
dwgid0712.jpg,missing in metadata
dwgid0713.jpg,missing in metadata
dwgid0714.jpg,missing in metadata
dwgid0715.jpg,missing in metadata
dwgid0716.jpg,missing in metadata
dwgid0717.jpg,missing in metadata
dwgid0718.jpg,missing in metadata
dwgid0719.jpg,missing in metadata
dwgid0721.jpg,missing in metadata
dwgid0722.jpg,missing in metadata
dwgid0723.jpg,missing in metadata
dwgid0724.jpg,missing in metadata
dwgid0725.jpg,missing in metadata
dwgid0726.jpg,missing in metadata
dwgid0727.jpg,missing in metadata
dwgid0728.jpg,missing in metadata
dwgid0729.jpg,missing in metadata
dwgid0730.jpg,missing in metadata
dwgid0731.jpg,missing in metadata
dwgid0732.jpg,missing in metadata
dwgid0733.jpg,missing in metadata
dwgid0734.jpg,missing in metadata
dwgid0735.jpg,missing in metadata
dwgid0736.jpg,missing in metadata
dwgid0737.jpg,missing in metadata
dwgid0738.jpg,missing in metadata
dwgid0739.jpg,missing in metadata
dwgid0740.jpg,missing in metadata
dwgid0741.jpg,missing in metadata
dwgid0742.jpg,missing in metadata
dwgid0743.jpg,missing in metadata
dwgid0744.jpg,missing in metadata
dwgid0745.jpg,missing in metadata
dwgid0746.jpg,missing in metadata
dwgid0747.jpg,missing in metadata
dwgid0748.jpg,missing in metadata
dwgid0749.jpg,missing in metadata
dwgid0750.jpg,missing in metadata
dwgid0751.jpg,missing in metadata
dwgid0754.jpg,missing in metadata
dwgid0755.jpg,missing in metadata
dwgid0756.jpg,missing in metadata
dwgid0757.jpg,missing in metadata
dwgid0758.jpg,missing in metadata
dwgid0758b.jpg,missing in metadata
dwgid0759.jpg,missing in metadata
dwgid0760a.jpg,missing in metadata
dwgid0760b.jpg,missing in metadata
dwgid0761.jpg,missing in metadata
dwgid0761a.jpg,missing in metadata
dwgid0761b.jpg,missing in metadata
dwgid0761c.jpg,missing in metadata
dwgid0761d.jpg,missing in metadata
dwgid0762.jpg,missing in metadata
dwgid0763.jpg,missing in metadata
dwgid0764.jpg,missing in metadata
dwgid0765.jpg,missing in metadata
dwgid0766.jpg,missing in metadata
dwgid0767.jpg,missing in metadata
dwgid0768.jpg,missing in metadata
dwgid0769.jpg,missing in metadata
dwgid0770.jpg,missing in metadata
dwgid0771.jpg,missing in metadata
dwgid0772.jpg,missing in metadata
dwgid0772a.jpg,missing in metadata
dwgid0772b.jpg,missing in metadata
dwgid0773.jpg,missing in metadata
dwgid0773a.jpg,missing in metadata
dwgid0773b.jpg,missing in metadata
dwgid0774.jpg,missing in metadata
dwgid0774a.jpg,missing in metadata
dwgid0774b.jpg,missing in metadata
dwgid0775.jpg,missing in metadata
dwgid0776.jpg,missing in metadata
dwgid0777.jpg,missing in metadata
dwgid0778.jpg,missing in metadata
dwgid0779.jpg,missing in metadata
dwgid0779a.jpg,missing in metadata
dwgid0779b.jpg,missing in metadata
dwgid0780.jpg,missing in metadata
dwgid0780a.jpg,missing in metadata
dwgid0780b.jpg,missing in metadata
dwgid0781.jpg,missing in metadata
dwgid0781a.jpg,missing in metadata
dwgid0781b.jpg,missing in metadata
dwgid0782.jpg,missing in metadata
dwgid0782a.jpg,missing in metadata
dwgid0782b.jpg,missing in metadata
dwgid0783.jpg,missing in metadata
dwgid0783a.jpg,missing in metadata
dwgid0783b.jpg,missing in metadata
dwgid0785.jpg,missing in metadata
dwgid0785a.jpg,missing in metadata
dwgid0785b.jpg,missing in metadata
dwgid0786.jpg,missing in metadata
dwgid0787.jpg,missing in metadata
dwgid0788.jpg,missing in metadata
dwgid0789.jpg,missing in metadata
dwgid0790.jpg,missing in metadata
dwgid0791.jpg,missing in metadata
dwgid0792.jpg,missing in metadata
dwgid0793.jpg,missing in metadata
dwgid0794.jpg,missing in metadata
dwgid0795.jpg,missing in metadata
dwgid0796.jpg,missing in metadata
dwgid0797.jpg,missing in metadata
dwgid0798.jpg,missing in metadata
dwgid0799.jpg,missing in metadata
dwgid0800.jpg,missing in metadata
dwgid0801.jpg,missing in metadata
dwgid0802.jpg,missing in metadata
dwgid0803.jpg,missing in metadata
dwgid0804.jpg,missing in metadata
dwgid0805.jpg,missing in metadata
dwgid0806.jpg,missing in metadata
dwgid0807.jpg,missing in metadata
dwgid0808.jpg,missing in metadata
dwgid0809.jpg,missing in metadata
dwgid0810.jpg,missing in metadata
dwgid0811.jpg,missing in metadata
dwgid0812.jpg,missing in metadata
dwgid0813.jpg,missing in metadata
dwgid0814.jpg,missing in metadata
dwgid0815.jpg,missing in metadata
dwgid0816.jpg,missing in metadata
dwgid0817.jpg,missing in metadata
dwgid0818.jpg,missing in metadata
dwgid0819.jpg,missing in metadata
dwgid0820.jpg,missing in metadata
dwgid0821.jpg,missing in metadata
dwgid0821copy.jpg,missing in metadata
dwgid0822.jpg,missing in metadata
dwgid0823.jpg,missing in metadata
dwgid0824.jpg,missing in metadata
dwgid0825.jpg,missing in metadata
dwgid0826.jpg,missing in metadata
dwgid0827.jpg,missing in metadata
dwgid0828.jpg,missing in metadata
dwgid0829.jpg,missing in metadata
dwgid0830.jpg,missing in metadata
dwgid0831.jpg,missing in metadata
dwgid0832.jpg,missing in metadata
dwgid0833.jpg,missing in metadata
dwgid0834.jpg,missing in metadata
dwgid0835.jpg,missing in metadata
dwgid0836.jpg,missing in metadata
dwgid0837.jpg,missing in metadata
dwgid0838.jpg,missing in metadata
dwgid0839.jpg,missing in metadata
dwgid0840.jpg,missing in metadata
dwgid0841.jpg,missing in metadata
dwgid0842.jpg,missing in metadata
dwgid0843.jpg,missing in metadata
dwgid0844.jpg,missing in metadata
dwgid0845.jpg,missing in metadata
dwgid0846.jpg,missing in metadata
dwgid0847.jpg,missing in metadata
dwgid0849.jpg,missing in metadata
dwgid0850.jpg,missing in metadata
dwgid0851.jpg,missing in metadata
dwgid0852.jpg,missing in metadata
dwgid0853.jpg,missing in metadata
dwgid0854.jpg,missing in metadata
dwgid0855.jpg,missing in metadata
dwgid0856.jpg,missing in metadata
dwgid0857.jpg,missing in metadata
dwgid0858.jpg,missing in metadata
dwgid0859.jpg,missing in metadata
dwgid0860.jpg,missing in metadata
dwgid0861.jpg,missing in metadata
dwgid0863.jpg,missing in metadata
dwgid0864.jpg,missing in metadata
dwgid0865.jpg,missing in metadata
dwgid0866.jpg,missing in metadata
dwgid0868.jpg,missing in metadata
dwgid0869.jpg,missing in metadata
dwgid0871.jpg,missing in metadata
dwgid0872.jpg,missing in metadata
dwgid0873.jpg,missing in metadata
dwgid0874.jpg,missing in metadata
dwgid0875.jpg,missing in metadata
dwgid0876.jpg,missing in metadata
dwgid0877.jpg,missing in metadata
dwgid0878.jpg,missing in metadata
dwgid0879.jpg,missing in metadata
dwgid0880.jpg,missing in metadata
dwgid0881.jpg,missing in metadata
dwgid0882.jpg,missing in metadata
dwgid0883.jpg,missing in metadata
dwgid0884.jpg,missing in metadata
dwgid0885.jpg,missing in metadata
dwgid0886.jpg,missing in metadata
dwgid0887.jpg,missing in metadata
dwgid0888.jpg,missing in metadata
dwgid0889.jpg,missing in metadata
dwgid0890.jpg,missing in metadata
dwgid0891.jpg,missing in metadata
dwgid0892.jpg,missing in metadata
dwgid0893.jpg,missing in metadata
dwgid0894.jpg,missing in metadata
dwgid0895.jpg,missing in metadata
dwgid0896.jpg,missing in metadata
dwgid0897.jpg,missing in metadata
dwgid0898.jpg,missing in metadata
dwgid0899.jpg,missing in metadata
dwgid0900.jpg,missing in metadata
dwgid0902.jpg,missing in metadata
dwgid0903.jpg,missing in metadata
dwgid0904.jpg,missing in metadata
dwgid0905.jpg,missing in metadata
dwgid0906.jpg,missing in metadata
dwgid0907.jpg,missing in metadata
dwgid0908.jpg,missing in metadata
dwgid0909.jpg,missing in metadata
dwgid0910.jpg,missing in metadata
dwgid0911.jpg,missing in metadata
dwgid0912.jpg,missing in metadata
dwgid0913.jpg,missing in metadata
dwgid0914.jpg,missing in metadata
dwgid0916.jpg,missing in metadata
dwgid0917.jpg,missing in metadata
dwgid0918.jpg,missing in metadata
dwgid0919.jpg,missing in metadata
dwgid0920.jpg,missing in metadata
dwgid0921.jpg,missing in metadata
dwgid0922.jpg,missing in metadata
dwgid0923.jpg,missing in metadata
dwgid0924.jpg,missing in metadata
dwgid0925.jpg,missing in metadata
dwgid0926.jpg,missing in metadata
dwgid0927.jpg,missing in metadata
dwgid0928.jpg,missing in metadata
dwgid0929.jpg,missing in metadata
dwgid0930.jpg,missing in metadata
dwgid0931.jpg,missing in metadata
dwgid0932.jpg,missing in metadata
dwgid0933.jpg,missing in metadata
dwgid0934.jpg,missing in metadata
dwgid0935.jpg,missing in metadata
dwgid0936.jpg,missing in metadata
dwgid0937.jpg,missing in metadata
dwgid0938.jpg,missing in metadata
dwgid0939.jpg,missing in metadata
dwgid0940.jpg,missing in metadata
dwgid0941.jpg,missing in metadata
dwgid0942.jpg,missing in metadata
dwgid0943.jpg,missing in metadata
dwgid0944.jpg,missing in metadata
dwgid0945.jpg,missing in metadata
dwgid0946.jpg,missing in metadata
dwgid0947.jpg,missing in metadata
dwgid0948.jpg,missing in metadata
dwgid0949.jpg,missing in metadata
dwgid0950.jpg,missing in metadata
dwgid0951.jpg,missing in metadata
dwgid0952.jpg,missing in metadata
dwgid0953.jpg,missing in metadata
dwgid0954.jpg,missing in metadata
dwgid0955.jpg,missing in metadata
dwgid0956.jpg,missing in metadata
dwgid0957.jpg,missing in metadata
dwgid0958.jpg,missing in metadata
dwgid0959.jpg,missing in metadata
dwgid0960.jpg,missing in metadata
dwgid0961.jpg,missing in metadata
dwgid0962.jpg,missing in metadata
dwgid0963.jpg,missing in metadata
dwgid0964.jpg,missing in metadata
dwgid0965.jpg,missing in metadata
dwgid0966.jpg,missing in metadata
dwgid0967.jpg,missing in metadata
dwgid0968.jpg,missing in metadata
dwgid0969.jpg,missing in metadata
dwgid0970.jpg,missing in metadata
dwgid0971.jpg,missing in metadata
dwgid0972.jpg,missing in metadata
dwgid0973.jpg,missing in metadata
dwgid0974.jpg,missing in metadata
dwgid0975.jpg,missing in metadata
dwgid0976.jpg,missing in metadata
dwgid0977.jpg,missing in metadata
dwgid0978.jpg,missing in metadata
dwgid0979.jpg,missing in metadata
dwgid0980.jpg,missing in metadata
dwgid0981.jpg,missing in metadata
dwgid0982.jpg,missing in metadata
dwgid0983.jpg,missing in metadata
dwgid0984.jpg,missing in metadata
dwgid0985.jpg,missing in metadata
dwgid0986.jpg,missing in metadata
dwgid0987.jpg,missing in metadata
dwgid0988.jpg,missing in metadata
dwgid0989.jpg,missing in metadata
dwgid0990.jpg,missing in metadata
dwgid0991.jpg,missing in metadata
dwgid0992.jpg,missing in metadata
dwgid0993.jpg,missing in metadata
dwgid0994.jpg,missing in metadata
dwgid0995.jpg,missing in metadata
dwgid0996.jpg,missing in metadata
dwgid0997.jpg,missing in metadata
dwgid0998.jpg,missing in metadata
dwgid10017.jpg,missing in metadata
dwgid10019.jpg,missing in metadata
dwgid10020.jpg,missing in metadata
dwgid10029.jpg,missing in metadata
dwgid10061.jpg,missing in metadata
dwgid10062.jpg,missing in metadata
dwgid10085.jpg,missing in metadata
dwgid10087.jpg,missing in metadata
dwgid10089.jpg,missing in metadata
dwgid10093.jpg,missing in metadata
dwgid10095.jpg,missing in metadata
dwgid10104.jpg,missing in metadata
dwgid10107.jpg,missing in metadata
dwgid10117.jpg,missing in metadata
dwgid10140.jpg,missing in metadata
dwgid10143.jpg,missing in metadata
dwgid10149.jpg,missing in metadata
dwgid10163.jpg,missing in metadata
dwgid10164.jpg,missing in metadata
dwgid10188.jpg,missing in metadata
dwgid10202.jpg,missing in metadata
dwgid10205.jpg,missing in metadata
dwgid1021.jpg,missing in metadata
dwgid10210.jpg,missing in metadata
dwgid10213.jpg,missing in metadata
dwgid10214.jpg,missing in metadata
dwgid10222.jpg,missing in metadata
dwgid10245.jpg,missing in metadata
dwgid10249.jpg,missing in metadata
dwgid10260.jpg,missing in metadata
dwgid10261.jpg,missing in metadata
dwgid10280.jpg,missing in metadata
dwgid10287.jpg,missing in metadata
dwgid10298.jpg,missing in metadata
dwgid1031.jpg,missing in metadata
dwgid1032.jpg,missing in metadata
dwgid1033.jpg,missing in metadata
dwgid1034.jpg,missing in metadata
dwgid10400.jpg,missing in metadata
dwgid10426.jpg,missing in metadata
dwgid10453.jpg,missing in metadata
dwgid10455.jpg,missing in metadata
dwgid10457.jpg,missing in metadata
dwgid1046.jpg,missing in metadata
dwgid10462.jpg,missing in metadata
dwgid10478.jpg,missing in metadata
dwgid1048.jpg,missing in metadata
dwgid10486.jpg,missing in metadata
dwgid1049.jpg,missing in metadata
dwgid10493.jpg,missing in metadata
dwgid1051.jpg,missing in metadata
dwgid10513.jpg,missing in metadata
dwgid10526.jpg,missing in metadata
dwgid10527.jpg,missing in metadata
dwgid10571.jpg,missing in metadata
dwgid10596.jpg,missing in metadata
dwgid10620.jpg,missing in metadata
dwgid10621.jpg,missing in metadata
dwgid1065.jpg,missing in metadata
dwgid10658.jpg,missing in metadata
dwgid1066.jpg,missing in metadata
dwgid10660.jpg,missing in metadata
dwgid10663.jpg,missing in metadata
dwgid1067.jpg,missing in metadata
dwgid1068.jpg,missing in metadata
dwgid1069.jpg,missing in metadata
dwgid1070.jpg,missing in metadata
dwgid10705.jpg,missing in metadata
dwgid1071.jpg,missing in metadata
dwgid1073.jpg,missing in metadata
dwgid10733.jpg,missing in metadata
dwgid10735.jpg,missing in metadata
dwgid10736.jpg,missing in metadata
dwgid10737.jpg,missing in metadata
dwgid1074.jpg,missing in metadata
dwgid10749.jpg,missing in metadata
dwgid1075.jpg,missing in metadata
dwgid10764.jpg,missing in metadata
dwgid1077.jpg,missing in metadata
dwgid1078.jpg,missing in metadata
dwgid1079.jpg,missing in metadata
dwgid1080.jpg,missing in metadata
dwgid10812.jpg,missing in metadata
dwgid10820.jpg,missing in metadata
dwgid1089.jpg,missing in metadata
dwgid1090.jpg,missing in metadata
dwgid1091.jpg,missing in metadata
dwgid1092.jpg,missing in metadata
dwgid10929.jpg,missing in metadata
dwgid10943.jpg,missing in metadata
dwgid10958.jpg,missing in metadata
dwgid10964.jpg,missing in metadata
dwgid10966.jpg,missing in metadata
dwgid1098.jpg,missing in metadata
dwgid10988.jpg,missing in metadata
dwgid1099.jpg,missing in metadata
dwgid11010.jpg,missing in metadata
dwgid11011.jpg,missing in metadata
dwgid11012.jpg,missing in metadata
dwgid11013.jpg,missing in metadata
dwgid11014.jpg,missing in metadata
dwgid11017.jpg,missing in metadata
dwgid11019.jpg,missing in metadata
dwgid1102.jpg,missing in metadata
dwgid11020.jpg,missing in metadata
dwgid11021.jpg,missing in metadata
dwgid11022.jpg,missing in metadata
dwgid11024.jpg,missing in metadata
dwgid11027.jpg,missing in metadata
dwgid11029.jpg,missing in metadata
dwgid11030.jpg,missing in metadata
dwgid11031.jpg,missing in metadata
dwgid11032.jpg,missing in metadata
dwgid11034.jpg,missing in metadata
dwgid11038.jpg,missing in metadata
dwgid11039.jpg,missing in metadata
dwgid11041.jpg,missing in metadata
dwgid11042.jpg,missing in metadata
dwgid11043.jpg,missing in metadata
dwgid11045.jpg,missing in metadata
dwgid11046.jpg,missing in metadata
dwgid11047.jpg,missing in metadata
dwgid11049.jpg,missing in metadata
dwgid1105.jpg,missing in metadata
dwgid11052.jpg,missing in metadata
dwgid11086.jpg,missing in metadata
dwgid11096.jpg,missing in metadata
dwgid11108.jpg,missing in metadata
dwgid11110.jpg,missing in metadata
dwgid11111.jpg,missing in metadata
dwgid11112.jpg,missing in metadata
dwgid11113.jpg,missing in metadata
dwgid11114.jpg,missing in metadata
dwgid11115.jpg,missing in metadata
dwgid11127.jpg,missing in metadata
dwgid11131.jpg,missing in metadata
dwgid11144.jpg,missing in metadata
dwgid11148.jpg,missing in metadata
dwgid1115.jpg,missing in metadata
dwgid11161.jpg,missing in metadata
dwgid11181.jpg,missing in metadata
dwgid1119.jpg,missing in metadata
dwgid1120.jpg,missing in metadata
dwgid1121.jpg,missing in metadata
dwgid1122.jpg,missing in metadata
dwgid1123.jpg,missing in metadata
dwgid1124.jpg,missing in metadata
dwgid11248.jpg,missing in metadata
dwgid1125.jpg,missing in metadata
dwgid11258.jpg,missing in metadata
dwgid1126.jpg,missing in metadata
dwgid1127.jpg,missing in metadata
dwgid11272.jpg,missing in metadata
dwgid1128.jpg,missing in metadata
dwgid11295.jpg,missing in metadata
dwgid1131.jpg,missing in metadata
dwgid11317.jpg,missing in metadata
dwgid11329.jpg,missing in metadata
dwgid11335.jpg,missing in metadata
dwgid11337.jpg,missing in metadata
dwgid11338.jpg,missing in metadata
dwgid11345.jpg,missing in metadata
dwgid11347.jpg,missing in metadata
dwgid11348.jpg,missing in metadata
dwgid1135.jpg,missing in metadata
dwgid11350.jpg,missing in metadata
dwgid11351.jpg,missing in metadata
dwgid11353.jpg,missing in metadata
dwgid11354.jpg,missing in metadata
dwgid11356.jpg,missing in metadata
dwgid11357.jpg,missing in metadata
dwgid11358.jpg,missing in metadata
dwgid11359.jpg,missing in metadata
dwgid11360.jpg,missing in metadata
dwgid11361.jpg,missing in metadata
dwgid11362.jpg,missing in metadata
dwgid11368.jpg,missing in metadata
dwgid11373.jpg,missing in metadata
dwgid11377.jpg,missing in metadata
dwgid11379.jpg,missing in metadata
dwgid11383.jpg,missing in metadata
dwgid11391.jpg,missing in metadata
dwgid11392.jpg,missing in metadata
dwgid11393.jpg,missing in metadata
dwgid11394.jpg,missing in metadata
dwgid11395.jpg,missing in metadata
dwgid11396.jpg,missing in metadata
dwgid11397.jpg,missing in metadata
dwgid11398.jpg,missing in metadata
dwgid11399.jpg,missing in metadata
dwgid11400.jpg,missing in metadata
dwgid11401.jpg,missing in metadata
dwgid11402.jpg,missing in metadata
dwgid11403.jpg,missing in metadata
dwgid11404.jpg,missing in metadata
dwgid11405.jpg,missing in metadata
dwgid11406.jpg,missing in metadata
dwgid11408.jpg,missing in metadata
dwgid11409.jpg,missing in metadata
dwgid11410.jpg,missing in metadata
dwgid11411.jpg,missing in metadata
dwgid11412.jpg,missing in metadata
dwgid11415.jpg,missing in metadata
dwgid11416.jpg,missing in metadata
dwgid11423.jpg,missing in metadata
dwgid11424.jpg,missing in metadata
dwgid11426.jpg,missing in metadata
dwgid11428.jpg,missing in metadata
dwgid11429.jpg,missing in metadata
dwgid1145.jpg,missing in metadata
dwgid11480a.jpg,missing in metadata
dwgid11486.jpg,missing in metadata
dwgid11492.jpg,missing in metadata
dwgid11499.jpg,missing in metadata
dwgid11500.jpg,missing in metadata
dwgid11515.jpg,missing in metadata
dwgid11516.jpg,missing in metadata
dwgid11518.jpg,missing in metadata
dwgid11519.jpg,missing in metadata
dwgid1154.jpg,missing in metadata
dwgid1155.jpg,missing in metadata
dwgid1156.jpg,missing in metadata
dwgid11563.jpg,missing in metadata
dwgid1157.jpg,missing in metadata
dwgid11597.jpg,missing in metadata
dwgid11620.jpg,missing in metadata
dwgid11652.jpg,missing in metadata
dwgid11699.jpg,missing in metadata
dwgid11700.jpg,missing in metadata
dwgid11707.jpg,missing in metadata
dwgid11708.jpg,missing in metadata
dwgid1171_2.jpg,missing in metadata
dwgid11786.jpg,missing in metadata
dwgid11789.jpg,missing in metadata
dwgid1179.jpg,missing in metadata
dwgid11793.jpg,missing in metadata
dwgid11795.jpg,missing in metadata
dwgid1180.jpg,missing in metadata
dwgid11804.jpg,missing in metadata
dwgid11806.jpg,missing in metadata
dwgid11807.jpg,missing in metadata
dwgid11808.jpg,missing in metadata
dwgid1181.jpg,missing in metadata
dwgid11811.jpg,missing in metadata
dwgid11812.jpg,missing in metadata
dwgid11813.jpg,missing in metadata
dwgid11814.jpg,missing in metadata
dwgid11815.jpg,missing in metadata
dwgid11816.jpg,missing in metadata
dwgid11817.jpg,missing in metadata
dwgid11818.jpg,missing in metadata
dwgid1182.jpg,missing in metadata
dwgid11820.jpg,missing in metadata
dwgid11821.jpg,missing in metadata
dwgid11822.jpg,missing in metadata
dwgid11823.jpg,missing in metadata
dwgid11824.jpg,missing in metadata
dwgid11825.jpg,missing in metadata
dwgid11826.jpg,missing in metadata
dwgid11827.jpg,missing in metadata
dwgid11828.jpg,missing in metadata
dwgid11829.jpg,missing in metadata
dwgid1183.jpg,missing in metadata
dwgid11830.jpg,missing in metadata
dwgid11831.jpg,missing in metadata
dwgid11832.jpg,missing in metadata
dwgid11833.jpg,missing in metadata
dwgid11835.jpg,missing in metadata
dwgid11838.jpg,missing in metadata
dwgid1184.jpg,missing in metadata
dwgid1185.jpg,missing in metadata
dwgid11863.jpg,missing in metadata
dwgid11897.jpg,missing in metadata
dwgid11929.jpg,missing in metadata
dwgid11941.jpg,missing in metadata
dwgid11949.jpg,missing in metadata
dwgid11955.jpg,missing in metadata
dwgid11972.jpg,missing in metadata
dwgid11974.jpg,missing in metadata
dwgid11974color.jpg,missing in metadata
dwgid12032.jpg,missing in metadata
dwgid12033.jpg,missing in metadata
dwgid12042.jpg,missing in metadata
dwgid12055.jpg,missing in metadata
dwgid12056.jpg,missing in metadata
dwgid12057.jpg,missing in metadata
dwgid12058.jpg,missing in metadata
dwgid12066.jpg,missing in metadata
dwgid12068.jpg,missing in metadata
dwgid12069.jpg,missing in metadata
dwgid12070.jpg,missing in metadata
dwgid12074.jpg,missing in metadata
dwgid12077.jpg,missing in metadata
dwgid12078.jpg,missing in metadata
dwgid12080.jpg,missing in metadata
dwgid12098.jpg,missing in metadata
dwgid12099.jpg,missing in metadata
dwgid12100.jpg,missing in metadata
dwgid12102.jpg,missing in metadata
dwgid12103.jpg,missing in metadata
dwgid12104.jpg,missing in metadata
dwgid12105.jpg,missing in metadata
dwgid12106.jpg,missing in metadata
dwgid12107.jpg,missing in metadata
dwgid12108.jpg,missing in metadata
dwgid12109.jpg,missing in metadata
dwgid12110.jpg,missing in metadata
dwgid12111.jpg,missing in metadata
dwgid12124.jpg,missing in metadata
dwgid12956.jpg,missing in metadata
dwgid13033 (2).jpg,missing in metadata
dwgid13034 (2).jpg,missing in metadata
dwgid13067.jpg,missing in metadata
dwgid13217.jpg.jpg,missing in metadata
dwgid1323.jpg,missing in metadata
dwgid13232.jpg,missing in metadata
dwgid1332.jpg,missing in metadata
dwgid1333.jpg,missing in metadata
dwgid1334.jpg,missing in metadata
dwgid1335.jpg,missing in metadata
dwgid1336.jpg,missing in metadata
dwgid1337.jpg,missing in metadata
dwgid1342.jpg,missing in metadata
dwgid1362.jpg,missing in metadata
dwgid1364.jpg,missing in metadata
dwgid1366.jpg,missing in metadata
dwgid1372.jpg,missing in metadata
dwgid13721 (1).jpg,missing in metadata
dwgid13722 (2).jpg,missing in metadata
dwgid1373.jpg,missing in metadata
dwgid1378.jpg,missing in metadata
dwgid1379.jpg,missing in metadata
dwgid1380.jpg,missing in metadata
dwgid1381.jpg,missing in metadata
dwgid1382.jpg,missing in metadata
dwgid1383.jpg,missing in metadata
dwgid1384.jpg,missing in metadata
dwgid1385.jpg,missing in metadata
dwgid1386.jpg,missing in metadata
dwgid1387.jpg,missing in metadata
dwgid1391.jpg,missing in metadata
dwgid1394.jpg,missing in metadata
dwgid1395.jpg,missing in metadata
dwgid1400.jpg,missing in metadata
dwgid1404.jpg,missing in metadata
dwgid1405.jpg,missing in metadata
dwgid1407.jpg,missing in metadata
dwgid1408.jpg,missing in metadata
dwgid1409.jpg,missing in metadata
dwgid1417.jpg,missing in metadata
dwgid1418.jpg,missing in metadata
dwgid1446.jpg,missing in metadata
dwgid14575.jpg,missing in metadata
dwgid14598.jpg,missing in metadata
dwgid14838.jpg,missing in metadata
dwgid14954 (3).jpg,missing in metadata
dwgid14955 (4).jpg,missing in metadata
dwgid14956 (5).jpg,missing in metadata
dwgid14957 (6).jpg,missing in metadata
dwgid14958 (7).jpg,missing in metadata
dwgid14959 (8).jpg,missing in metadata
dwgid14964 (9).jpg,missing in metadata
dwgid14965 (10).jpg,missing in metadata
dwgid14966 (11).jpg,missing in metadata
dwgid14969 (12).jpg,missing in metadata
dwgid14970 (13).jpg,missing in metadata
dwgid14976 (14).jpg,missing in metadata
dwgid14977 (15).jpg,missing in metadata
dwgid14978 (16).jpg,missing in metadata
dwgid14981 (17).jpg,missing in metadata
dwgid14982 (18).jpg,missing in metadata
dwgid14983 (19).jpg,missing in metadata
dwgid14984.jpg,missing in metadata
dwgid15011.jpg,missing in metadata
dwgid1515.jpg,missing in metadata
dwgid15157.jpg,missing in metadata
dwgid1520.jpg,missing in metadata
dwgid1531.jpg,missing in metadata
dwgid15331.jpg,missing in metadata
dwgid15341.jpg,missing in metadata
dwgid15413 (20).jpg,missing in metadata
dwgid15414 (21).jpg,missing in metadata
dwgid15573.jpg,missing in metadata
dwgid1573.jpg,missing in metadata
dwgid15785.jpg,missing in metadata
dwgid1597.jpg,missing in metadata
dwgid1602.jpg,missing in metadata
dwgid1622.jpg,missing in metadata
dwgid1648.jpg,missing in metadata
dwgid1650.jpg,missing in metadata
dwgid1651.jpg,missing in metadata
dwgid1652.jpg,missing in metadata
dwgid1658.jpg,missing in metadata
dwgid1659.jpg,missing in metadata
dwgid1661.jpg,missing in metadata
dwgid1665.jpg,missing in metadata
dwgid1666.jpg,missing in metadata
dwgid1667.jpg,missing in metadata
dwgid1668.jpg,missing in metadata
dwgid1669.jpg,missing in metadata
dwgid1670.jpg,missing in metadata
dwgid1673.jpg,missing in metadata
dwgid1673corrections.jpg,missing in metadata
dwgid1674.jpg,missing in metadata
dwgid1675.jpg,missing in metadata
dwgid1676.jpg,missing in metadata
dwgid1677.jpg,missing in metadata
dwgid1678.jpg,missing in metadata
dwgid1679.jpg,missing in metadata
dwgid1680.jpg,missing in metadata
dwgid1681.jpg,missing in metadata
dwgid1682.jpg,missing in metadata
dwgid1683.jpg,missing in metadata
dwgid1684.jpg,missing in metadata
dwgid1685.jpg,missing in metadata
dwgid1686.jpg,missing in metadata
dwgid1687.jpg,missing in metadata
dwgid1687corrections.jpg,missing in metadata
dwgid1690correcctions.jpg,missing in metadata
dwgid1692corrections.jpg,missing in metadata
dwgid1694corrections.jpg,missing in metadata
dwgid1697corrections.jpg,missing in metadata
dwgid1699corrections.jpg,missing in metadata
dwgid1700.jpg,missing in metadata
dwgid1701.jpg,missing in metadata
dwgid1701corrections.jpg,missing in metadata
dwgid1702.jpg,missing in metadata
dwgid1715grey.jpg,missing in metadata
dwgid1719grey.jpg,missing in metadata
dwgid1725.jpg,missing in metadata
dwgid1726.jpg,missing in metadata
dwgid1728.jpg,missing in metadata
dwgid1732a.jpg,missing in metadata
dwgid1732a0.jpg,missing in metadata
dwgid1732a1.jpg,missing in metadata
dwgid1755.jpg,missing in metadata
dwgid1756.jpg,missing in metadata
dwgid1757.jpg,missing in metadata
dwgid1758.jpg,missing in metadata
dwgid1760.jpg,missing in metadata
dwgid1761.jpg,missing in metadata
dwgid17660 (2).jpg,missing in metadata
dwgid1780.jpg,missing in metadata
dwgid1781.jpg,missing in metadata
dwgid1788.jpg,missing in metadata
dwgid1790.jpg,missing in metadata
dwgid1797.jpg,missing in metadata
dwgid1811.jpg,missing in metadata
dwgid1812.jpg,missing in metadata
dwgid1813.jpg,missing in metadata
dwgid1835.jpg,missing in metadata
dwgid1836.jpg,missing in metadata
dwgid1839.jpg,missing in metadata
dwgid1845.jpg,missing in metadata
dwgid1846.jpg,missing in metadata
dwgid1847.jpg,missing in metadata
dwgid1849.jpg,missing in metadata
dwgid1850.jpg,missing in metadata
dwgid1851.jpg,missing in metadata
dwgid1852.jpg,missing in metadata
dwgid1853.jpg,missing in metadata
dwgid1854.jpg,missing in metadata
dwgid1855.jpg,missing in metadata
dwgid1856.jpg,missing in metadata
dwgid1857.jpg,missing in metadata
dwgid1858.jpg,missing in metadata
dwgid1859.jpg,missing in metadata
dwgid1866.jpg,missing in metadata
dwgid1867.jpg,missing in metadata
dwgid1868.jpg,missing in metadata
dwgid1870.jpg,missing in metadata
dwgid1871.jpg,missing in metadata
dwgid1872.jpg,missing in metadata
dwgid18725.jpg,missing in metadata
dwgid1875.jpg,missing in metadata
dwgid1876.jpg,missing in metadata
dwgid1881.jpg,missing in metadata
dwgid1882.jpg,missing in metadata
dwgid1883.jpg,missing in metadata
dwgid1892.jpg,missing in metadata
dwgid1893.jpg,missing in metadata
dwgid1895.jpg,missing in metadata
dwgid1896.jpg,missing in metadata
dwgid1902.jpg,missing in metadata
dwgid1905.jpg,missing in metadata
dwgid1909.jpg,missing in metadata
dwgid1910.jpg,missing in metadata
dwgid1911.jpg,missing in metadata
dwgid1913.jpg,missing in metadata
dwgid19176a.jpg,missing in metadata
dwgid19176b.jpg,missing in metadata
dwgid19176c.jpg,missing in metadata
dwgid19176d.jpg,missing in metadata
dwgid19176e.jpg,missing in metadata
dwgid1924.jpg,missing in metadata
dwgid1925.jpg,missing in metadata
dwgid1928.jpg,missing in metadata
dwgid19397b.jpg,missing in metadata
dwgid1941.jpg,missing in metadata
dwgid1945.jpg,missing in metadata
dwgid1948.jpg,missing in metadata
dwgid1950.jpg,missing in metadata
dwgid1951.jpg,missing in metadata
dwgid1954.jpg,missing in metadata
dwgid1955.jpg,missing in metadata
dwgid1956.jpg,missing in metadata
dwgid19661a.jpg,missing in metadata
dwgid19662.jpg.xml,missing in metadata
dwgid19663.jpg.xml,missing in metadata
dwgid19664.jpg.xml,missing in metadata
dwgid1967.jpg,missing in metadata
dwgid19670.jpg.xml,missing in metadata
dwgid19671.jpg.xml,missing in metadata
dwgid19672.jpg.xml,missing in metadata
dwgid1968.jpg,missing in metadata
dwgid19681.jpg.xml,missing in metadata
dwgid19684-2.jpg,missing in metadata
dwgid19684.jpg.xml,missing in metadata
dwgid19685copy.jpg.xml,missing in metadata
dwgid1969.jpg,missing in metadata
dwgid19696.jpg.xml,missing in metadata
dwgid19697.jpg.xml,missing in metadata
dwgid19699copy.jpg.xml,missing in metadata
dwgid19705copy.jpg.xml,missing in metadata
dwgid19706copy.jpg.xml,missing in metadata
dwgid19712copy.jpg.xml,missing in metadata
dwgid19713copy.jpg.xml,missing in metadata
dwgid19715copy.jpg.xml,missing in metadata
dwgid19716copy.jpg.xml,missing in metadata
dwgid1971b.jpg,missing in metadata
dwgid1972.jpg,missing in metadata
dwgid19723copy.jpg.xml,missing in metadata
dwgid19729copy.jpg.xml,missing in metadata
dwgid19735copy.jpg.xml,missing in metadata
dwgid19736copy.jpg.xml,missing in metadata
dwgid19739copy.jpg.xml,missing in metadata
dwgid19740copy.jpg.xml,missing in metadata
dwgid19749copy.jpg.xml,missing in metadata
dwgid19754copy.jpg.xml,missing in metadata
dwgid19755copy.jpg.xml,missing in metadata
dwgid19760copy.jpg.xml,missing in metadata
dwgid19761copy.jpg.xml,missing in metadata
dwgid19762copy.jpg.xml,missing in metadata
dwgid19767copy.jpg.xml,missing in metadata
dwgid19774.jpg.xml,missing in metadata
dwgid19775.jpg.xml,missing in metadata
dwgid19781.jpg.xml,missing in metadata
dwgid19782.jpg.xml,missing in metadata
dwgid19786.jpg.xml,missing in metadata
dwgid19791.jpg.xml,missing in metadata
dwgid19792.jpg.xml,missing in metadata
dwgid19796.jpg.xml,missing in metadata
dwgid19797.jpg.xml,missing in metadata
dwgid19798.jpg.xml,missing in metadata
dwgid19799.jpg.xml,missing in metadata
dwgid1980.jpg,missing in metadata
dwgid19807.jpg.xml,missing in metadata
dwgid19808.jpg.xml,missing in metadata
dwgid19814.jpg.xml,missing in metadata
dwgid19815.jpg.xml,missing in metadata
dwgid19816.jpg.xml,missing in metadata
dwgid19817.jpg.xml,missing in metadata
dwgid19818.jpg.xml,missing in metadata
dwgid19819.jpg.xml,missing in metadata
dwgid19823.jpg.xml,missing in metadata
dwgid19824.jpg.xml,missing in metadata
dwgid19825.jpg.xml,missing in metadata
dwgid19826.jpg.xml,missing in metadata
dwgid19872.jpg,missing in metadata
dwgid19916.jpg,missing in metadata
dwgid1992.jpg,missing in metadata
dwgid1999.jpg,missing in metadata
dwgid2007.jpg,missing in metadata
dwgid2008.jpg,missing in metadata
dwgid2020.jpg,missing in metadata
dwgid20231.jpg,missing in metadata
dwgid2050.jpg,missing in metadata
dwgid2051.jpg,missing in metadata
dwgid2056.jpg,missing in metadata
dwgid2058.jpg,missing in metadata
dwgid2060.jpg,missing in metadata
dwgid2068.jpg,missing in metadata
dwgid2072.jpg,missing in metadata
dwgid2077.jpg,missing in metadata
dwgid2078 (2).jpg,missing in metadata
dwgid2078.jpg,missing in metadata
dwgid2079.jpg,missing in metadata
dwgid2080.jpg,missing in metadata
dwgid2081.jpg,missing in metadata
dwgid2082.jpg,missing in metadata
dwgid2083.jpg,missing in metadata
dwgid2084.jpg,missing in metadata
dwgid2085.jpg,missing in metadata
dwgid2086.jpg,missing in metadata
dwgid2087.jpg,missing in metadata
dwgid20874.jpg,missing in metadata
dwgid2088.jpg,missing in metadata
dwgid2089.jpg,missing in metadata
dwgid2090.jpg,missing in metadata
dwgid2091.jpg,missing in metadata
dwgid2092.jpg,missing in metadata
dwgid2093.jpg,missing in metadata
dwgid2094.jpg,missing in metadata
dwgid2111.jpg,missing in metadata
dwgid2133.jpg,missing in metadata
dwgid2135.jpg,missing in metadata
dwgid21535b.jpg,missing in metadata
dwgid21723.jpg,missing in metadata
dwgid21744.jpg,missing in metadata
dwgid21787.jpg,missing in metadata
dwgid21788.jpg,missing in metadata
dwgid21789.jpg,missing in metadata
dwgid21790.jpg,missing in metadata
dwgid21791.jpg,missing in metadata
dwgid21792.jpg,missing in metadata
dwgid21793.jpg,missing in metadata
dwgid21794.jpg,missing in metadata
dwgid21795.jpg,missing in metadata
dwgid21796.jpg,missing in metadata
dwgid21797.jpg,missing in metadata
dwgid21798.jpg,missing in metadata
dwgid21830.jpg,missing in metadata
dwgid2203.jpg,missing in metadata
dwgid2204.jpg,missing in metadata
dwgid2207.jpg,missing in metadata
dwgid2210.jpg,missing in metadata
dwgid2213.jpg,missing in metadata
dwgid2222.jpg,missing in metadata
dwgid22226.jpg,missing in metadata
dwgid22238.jpg,missing in metadata
dwgid22258.jpg,missing in metadata
dwgid22259.jpg,missing in metadata
dwgid22260.jpg,missing in metadata
dwgid22261.jpg,missing in metadata
dwgid22262.jpg,missing in metadata
dwgid22263.jpg,missing in metadata
dwgid22316.jpg,missing in metadata
dwgid22317.jpg,missing in metadata
dwgid22318.jpg,missing in metadata
dwgid22319.jpg,missing in metadata
dwgid22320.jpg,missing in metadata
dwgid22321.jpg,missing in metadata
dwgid22323.jpg,missing in metadata
dwgid22324.jpg,missing in metadata
dwgid22325.jpg,missing in metadata
dwgid22326.jpg,missing in metadata
dwgid22327.jpg,missing in metadata
dwgid22328.jpg,missing in metadata
dwgid22329.jpg,missing in metadata
dwgid22330.jpg,missing in metadata
dwgid22331.jpg,missing in metadata
dwgid22332.jpg,missing in metadata
dwgid22333.jpg,missing in metadata
dwgid22334.jpg,missing in metadata
dwgid22336.jpg,missing in metadata
dwgid22337.jpg,missing in metadata
dwgid22338.jpg,missing in metadata
dwgid22339.jpg,missing in metadata
dwgid22340.jpg,missing in metadata
dwgid22412.jpg,missing in metadata
dwgid22413.jpg,missing in metadata
dwgid22414.jpg,missing in metadata
dwgid22415.jpg,missing in metadata
dwgid22416.jpg,missing in metadata
dwgid22417.jpg,missing in metadata
dwgid22418.jpg,missing in metadata
dwgid22419.jpg,missing in metadata
dwgid22420.jpg,missing in metadata
dwgid22421.jpg,missing in metadata
dwgid22422.jpg,missing in metadata
dwgid22423.jpg,missing in metadata
dwgid22424.jpg,missing in metadata
dwgid22425.jpg,missing in metadata
dwgid22426.jpg,missing in metadata
dwgid22427.jpg,missing in metadata
dwgid22428.jpg,missing in metadata
dwgid22429.jpg,missing in metadata
dwgid22441.jpg,missing in metadata
dwgid22442.jpg,missing in metadata
dwgid22443.jpg,missing in metadata
dwgid22444.jpg,missing in metadata
dwgid22445.jpg,missing in metadata
dwgid22446.jpg,missing in metadata
dwgid22447.jpg,missing in metadata
dwgid22448.jpg,missing in metadata
dwgid22449.jpg,missing in metadata
dwgid22450.jpg,missing in metadata
dwgid22451.jpg,missing in metadata
dwgid22452.jpg,missing in metadata
dwgid22453.jpg,missing in metadata
dwgid22454.jpg,missing in metadata
dwgid22455.jpg,missing in metadata
dwgid22456.jpg,missing in metadata
dwgid22457.jpg,missing in metadata
dwgid22458.jpg,missing in metadata
dwgid22459.jpg,missing in metadata
dwgid22460.jpg,missing in metadata
dwgid22461.jpg,missing in metadata
dwgid22462.jpg,missing in metadata
dwgid22463.jpg,missing in metadata
dwgid22464.jpg,missing in metadata
dwgid22465.jpg,missing in metadata
dwgid22466.jpg,missing in metadata
dwgid22467.jpg,missing in metadata
dwgid22468.jpg,missing in metadata
dwgid22469.jpg,missing in metadata
dwgid22470.jpg,missing in metadata
dwgid22471.jpg,missing in metadata
dwgid22472.jpg,missing in metadata
dwgid22473.jpg,missing in metadata
dwgid22474.jpg,missing in metadata
dwgid22475.jpg,missing in metadata
dwgid22476.jpg,missing in metadata
dwgid22477.jpg,missing in metadata
dwgid22483.jpg,missing in metadata
dwgid22484.jpg,missing in metadata
dwgid22485.jpg,missing in metadata
dwgid22500.jpg,missing in metadata
dwgid22501.jpg,missing in metadata
dwgid22502.jpg,missing in metadata
dwgid22503.jpg,missing in metadata
dwgid22504.jpg,missing in metadata
dwgid22505.jpg,missing in metadata
dwgid22506.jpg,missing in metadata
dwgid22507.jpg,missing in metadata
dwgid22508.jpg,missing in metadata
dwgid22509.jpg,missing in metadata
dwgid22510.jpg,missing in metadata
dwgid22511.jpg,missing in metadata
dwgid22512.jpg,missing in metadata
dwgid22513.jpg,missing in metadata
dwgid22514.jpg,missing in metadata
dwgid22515.jpg,missing in metadata
dwgid22516.jpg,missing in metadata
dwgid22517.jpg,missing in metadata
dwgid22518.jpg,missing in metadata
dwgid22519.jpg,missing in metadata
dwgid22522.jpg,missing in metadata
dwgid22523.jpg,missing in metadata
dwgid22524.jpg,missing in metadata
dwgid22525.jpg,missing in metadata
dwgid22526.jpg,missing in metadata
dwgid22527.jpg,missing in metadata
dwgid22530.jpg,missing in metadata
dwgid22531.jpg,missing in metadata
dwgid22532.jpg,missing in metadata
dwgid22533.jpg,missing in metadata
dwgid22534.jpg,missing in metadata
dwgid22535.jpg,missing in metadata
dwgid22536.jpg,missing in metadata
dwgid22537.jpg,missing in metadata
dwgid22538.jpg,missing in metadata
dwgid22539.jpg,missing in metadata
dwgid22540.jpg,missing in metadata
dwgid22541.jpg,missing in metadata
dwgid22542.jpg,missing in metadata
dwgid22543.jpg,missing in metadata
dwgid22545.jpg,missing in metadata
dwgid22546.jpg,missing in metadata
dwgid22547.jpg,missing in metadata
dwgid22548.jpg,missing in metadata
dwgid22549.jpg,missing in metadata
dwgid22550.jpg,missing in metadata
dwgid22551.jpg,missing in metadata
dwgid22552.jpg,missing in metadata
dwgid22553.jpg,missing in metadata
dwgid22554.jpg,missing in metadata
dwgid22555.jpg,missing in metadata
dwgid22556.jpg,missing in metadata
dwgid22559.jpg,missing in metadata
dwgid2256.jpg,missing in metadata
dwgid22560.jpg,missing in metadata
dwgid22561.jpg,missing in metadata
dwgid22562.jpg,missing in metadata
dwgid22563.jpg,missing in metadata
dwgid22564.jpg,missing in metadata
dwgid22566.jpg,missing in metadata
dwgid22568.jpg,missing in metadata
dwgid22569.jpg,missing in metadata
dwgid22570.jpg,missing in metadata
dwgid22571.jpg,missing in metadata
dwgid22573.jpg,missing in metadata
dwgid22574.jpg,missing in metadata
dwgid22576.jpg,missing in metadata
dwgid22577.jpg,missing in metadata
dwgid22580.jpg,missing in metadata
dwgid22583.jpg,missing in metadata
dwgid22587.jpg,missing in metadata
dwgid22588.jpg,missing in metadata
dwgid22589.jpg,missing in metadata
dwgid22590.jpg,missing in metadata
dwgid22592.jpg,missing in metadata
dwgid22593.jpg,missing in metadata
dwgid22594.jpg,missing in metadata
dwgid22603.jpg,missing in metadata
dwgid22612.jpg,missing in metadata
dwgid22636.jpg,missing in metadata
dwgid22638.jpg,missing in metadata
dwgid22639.jpg,missing in metadata
dwgid22640.jpg,missing in metadata
dwgid22641.jpg,missing in metadata
dwgid22642.jpg,missing in metadata
dwgid22643.jpg,missing in metadata
dwgid22653.jpg,missing in metadata
dwgid22672.jpg,missing in metadata
dwgid22677.jpg,missing in metadata
dwgid22681.jpg,missing in metadata
dwgid22682.jpg,missing in metadata
dwgid22685.jpg,missing in metadata
dwgid2270.jpg,missing in metadata
dwgid22799.jpg,missing in metadata
dwgid22800.jpg,missing in metadata
dwgid22801.jpg,missing in metadata
dwgid22802.jpg,missing in metadata
dwgid22803.jpg,missing in metadata
dwgid22804.jpg,missing in metadata
dwgid22805.jpg,missing in metadata
dwgid22806.jpg,missing in metadata
dwgid22807.jpg,missing in metadata
dwgid22808.jpg,missing in metadata
dwgid22809.jpg,missing in metadata
dwgid22810.jpg,missing in metadata
dwgid22811.jpg,missing in metadata
dwgid22812.jpg,missing in metadata
dwgid22813.jpg,missing in metadata
dwgid22814.jpg,missing in metadata
dwgid22815.jpg,missing in metadata
dwgid22816.jpg,missing in metadata
dwgid22817.jpg,missing in metadata
dwgid22818.jpg,missing in metadata
dwgid22819.jpg,missing in metadata
dwgid22820.jpg,missing in metadata
dwgid22821.jpg,missing in metadata
dwgid22822.jpg,missing in metadata
dwgid22823.jpg,missing in metadata
dwgid22824.jpg,missing in metadata
dwgid22825.jpg,missing in metadata
dwgid22826.jpg,missing in metadata
dwgid22827.jpg,missing in metadata
dwgid22828.jpg,missing in metadata
dwgid22829.jpg,missing in metadata
dwgid22830.jpg,missing in metadata
dwgid22831.jpg,missing in metadata
dwgid22832.jpg,missing in metadata
dwgid22833.jpg,missing in metadata
dwgid22834.jpg,missing in metadata
dwgid22835.jpg,missing in metadata
dwgid22836.jpg,missing in metadata
dwgid22837.jpg,missing in metadata
dwgid22838.jpg,missing in metadata
dwgid22839.jpg,missing in metadata
dwgid22840.jpg,missing in metadata
dwgid22841.jpg,missing in metadata
dwgid22842.jpg,missing in metadata
dwgid22843.jpg,missing in metadata
dwgid22844.jpg,missing in metadata
dwgid22845.jpg,missing in metadata
dwgid22846.jpg,missing in metadata
dwgid22847.jpg,missing in metadata
dwgid22848.jpg,missing in metadata
dwgid22849.jpg,missing in metadata
dwgid22850.jpg,missing in metadata
dwgid22852.jpg,missing in metadata
dwgid22853.jpg,missing in metadata
dwgid22854.jpg,missing in metadata
dwgid22855.jpg,missing in metadata
dwgid22856.jpg,missing in metadata
dwgid22857.jpg,missing in metadata
dwgid22858.jpg,missing in metadata
dwgid22859.jpg,missing in metadata
dwgid22860.jpg,missing in metadata
dwgid22861.jpg,missing in metadata
dwgid22862.jpg,missing in metadata
dwgid22863.jpg,missing in metadata
dwgid22864.jpg,missing in metadata
dwgid22865.jpg,missing in metadata
dwgid22866.jpg,missing in metadata
dwgid22867.jpg,missing in metadata
dwgid22868.jpg,missing in metadata
dwgid22869.jpg,missing in metadata
dwgid2287.jpg,missing in metadata
dwgid22870.jpg,missing in metadata
dwgid22871.jpg,missing in metadata
dwgid22872.jpg,missing in metadata
dwgid22873.jpg,missing in metadata
dwgid22874.jpg,missing in metadata
dwgid22875.jpg,missing in metadata
dwgid22876.jpg,missing in metadata
dwgid22877.jpg,missing in metadata
dwgid22878.jpg,missing in metadata
dwgid22879.jpg,missing in metadata
dwgid22880.jpg,missing in metadata
dwgid22881.jpg,missing in metadata
dwgid22882.jpg,missing in metadata
dwgid22883.jpg,missing in metadata
dwgid22884.jpg,missing in metadata
dwgid22885.jpg,missing in metadata
dwgid22886.jpg,missing in metadata
dwgid22887.jpg,missing in metadata
dwgid22888.jpg,missing in metadata
dwgid22889.jpg,missing in metadata
dwgid22890.jpg,missing in metadata
dwgid22891.jpg,missing in metadata
dwgid22892.jpg,missing in metadata
dwgid22893.jpg,missing in metadata
dwgid22894.jpg,missing in metadata
dwgid22895.jpg,missing in metadata
dwgid22896.jpg,missing in metadata
dwgid22897.jpg,missing in metadata
dwgid22898.jpg,missing in metadata
dwgid22899.jpg,missing in metadata
dwgid22900.jpg,missing in metadata
dwgid22901.jpg,missing in metadata
dwgid22902.jpg,missing in metadata
dwgid22903.jpg,missing in metadata
dwgid22904.jpg,missing in metadata
dwgid22905.jpg,missing in metadata
dwgid22906.jpg,missing in metadata
dwgid22907.jpg,missing in metadata
dwgid22908.jpg,missing in metadata
dwgid22909.jpg,missing in metadata
dwgid22910.jpg,missing in metadata
dwgid22911.jpg,missing in metadata
dwgid22912.jpg,missing in metadata
dwgid22913.jpg,missing in metadata
dwgid22914.jpg,missing in metadata
dwgid22915.jpg,missing in metadata
dwgid22916.jpg,missing in metadata
dwgid22917.jpg,missing in metadata
dwgid22918.jpg,missing in metadata
dwgid22919.jpg,missing in metadata
dwgid22920.jpg,missing in metadata
dwgid22921.jpg,missing in metadata
dwgid22922.jpg,missing in metadata
dwgid22923.jpg,missing in metadata
dwgid22924.jpg,missing in metadata
dwgid22925.jpg,missing in metadata
dwgid22926.jpg,missing in metadata
dwgid22927.jpg,missing in metadata
dwgid22928.jpg,missing in metadata
dwgid22929.jpg,missing in metadata
dwgid22930.jpg,missing in metadata
dwgid22931.jpg,missing in metadata
dwgid22932.jpg,missing in metadata
dwgid22933.jpg,missing in metadata
dwgid22934.jpg,missing in metadata
dwgid22935.jpg,missing in metadata
dwgid22936.jpg,missing in metadata
dwgid22937.jpg,missing in metadata
dwgid22938.jpg,missing in metadata
dwgid22939.jpg,missing in metadata
dwgid22940.jpg,missing in metadata
dwgid22941.jpg,missing in metadata
dwgid22942.jpg,missing in metadata
dwgid22943.jpg,missing in metadata
dwgid22944.jpg,missing in metadata
dwgid22945.jpg,missing in metadata
dwgid22946.jpg,missing in metadata
dwgid22947.jpg,missing in metadata
dwgid22948.jpg,missing in metadata
dwgid22949.jpg,missing in metadata
dwgid22950.jpg,missing in metadata
dwgid22951.jpg,missing in metadata
dwgid22953.jpg,missing in metadata
dwgid22956.jpg,missing in metadata
dwgid22957.jpg,missing in metadata
dwgid22958.jpg,missing in metadata
dwgid22959.jpg,missing in metadata
dwgid2296.jpg,missing in metadata
dwgid22960.jpg,missing in metadata
dwgid22961.jpg,missing in metadata
dwgid22962.jpg,missing in metadata
dwgid22963.jpg,missing in metadata
dwgid22964.jpg,missing in metadata
dwgid22965.jpg,missing in metadata
dwgid22966.jpg,missing in metadata
dwgid22967.jpg,missing in metadata
dwgid22968.jpg,missing in metadata
dwgid22969.jpg,missing in metadata
dwgid22970.jpg,missing in metadata
dwgid22971.jpg,missing in metadata
dwgid22972.jpg,missing in metadata
dwgid22973.jpg,missing in metadata
dwgid22974.jpg,missing in metadata
dwgid22975.jpg,missing in metadata
dwgid22976.jpg,missing in metadata
dwgid22977.jpg,missing in metadata
dwgid22978.jpg,missing in metadata
dwgid22979.jpg,missing in metadata
dwgid22980.jpg,missing in metadata
dwgid22981.jpg,missing in metadata
dwgid22982.jpg,missing in metadata
dwgid22983.jpg,missing in metadata
dwgid22984.jpg,missing in metadata
dwgid22985.jpg,missing in metadata
dwgid22986.jpg,missing in metadata
dwgid22987.jpg,missing in metadata
dwgid23095.jpg,missing in metadata
dwgid23102b.jpg,missing in metadata
dwgid23107.jpg,missing in metadata
dwgid23115.jpg,missing in metadata
dwgid23117.jpg,missing in metadata
dwgid2312.jpg,missing in metadata
dwgid2313.jpg,missing in metadata
dwgid23156-2.jpg,missing in metadata
dwgid2317.jpg,missing in metadata
dwgid2319.jpg,missing in metadata
dwgid23236.jpg,missing in metadata
dwgid23238.jpg,missing in metadata
dwgid23246.jpg,missing in metadata
dwgid2325.jpg,missing in metadata
dwgid23273.jpg,missing in metadata
dwgid23274.jpg,missing in metadata
dwgid23275.jpg,missing in metadata
dwgid23276.jpg,missing in metadata
dwgid23277.jpg,missing in metadata
dwgid23278.jpg,missing in metadata
dwgid23279.jpg,missing in metadata
dwgid23280.jpg,missing in metadata
dwgid23293.jpg,missing in metadata
dwgid23294.jpg,missing in metadata
dwgid23304.jpg,missing in metadata
dwgid23306.jpg,missing in metadata
dwgid23308.jpg,missing in metadata
dwgid23309.jpg,missing in metadata
dwgid2331.jpg,missing in metadata
dwgid23310.jpg,missing in metadata
dwgid23429 (1).jpg,missing in metadata
dwgid2355.jpg,missing in metadata
dwgid2357.jpg,missing in metadata
dwgid2358.jpg,missing in metadata
dwgid2367.jpg,missing in metadata
dwgid2373.jpg,missing in metadata
dwgid24046.jpg,missing in metadata
dwgid24068.jpg,missing in metadata
dwgid2411.jpg,missing in metadata
dwgid243.jpg,missing in metadata
dwgid24310.png,missing in metadata
dwgid2435.jpg,missing in metadata
dwgid2436.jpg,missing in metadata
dwgid2437.jpg,missing in metadata
dwgid2457.jpg,missing in metadata
dwgid2469.jpg,missing in metadata
dwgid2470.jpg,missing in metadata
dwgid2480.jpg,missing in metadata
dwgid2484.jpg,missing in metadata
dwgid2501.jpg,missing in metadata
dwgid25051(2).jpg,missing in metadata
dwgid2526.jpg,missing in metadata
dwgid25379.jpg,missing in metadata
dwgid2549.jpg,missing in metadata
dwgid2550.jpg,missing in metadata
dwgid2569.jpg,missing in metadata
dwgid25844.jpg,missing in metadata
dwgid2587.jpg,missing in metadata
dwgid25877.jpg,missing in metadata
dwgid25878.jpg,missing in metadata
dwgid25879.jpg,missing in metadata
dwgid2602.jpg,missing in metadata
dwgid26046.jpg,missing in metadata
dwgid2620.jpg,missing in metadata
dwgid2621.jpg,missing in metadata
dwgid2630.jpg,missing in metadata
dwgid2633.jpg,missing in metadata
dwgid26372.jpg,missing in metadata
dwgid2639.jpg,missing in metadata
dwgid2649.jpg,missing in metadata
dwgid269.jpg,missing in metadata
dwgid2690.jpg,missing in metadata
dwgid2700.jpg,missing in metadata
dwgid2701.jpg,missing in metadata
dwgid2702.jpg,missing in metadata
dwgid2703.jpg,missing in metadata
dwgid2736.jpg,missing in metadata
dwgid2754.jpg,missing in metadata
dwgid27594 (1).jpg,missing in metadata
dwgid27597 (1).jpg,missing in metadata
dwgid2771.jpg,missing in metadata
dwgid27711.jpg,missing in metadata
dwgid2782.jpg,missing in metadata
dwgid2793.jpg,missing in metadata
dwgid2812.jpg,missing in metadata
dwgid28257.jpg,missing in metadata
dwgid2853.jpg,missing in metadata
dwgid2855.jpg,missing in metadata
dwgid2856.jpg,missing in metadata
dwgid2857.jpg,missing in metadata
dwgid2858.jpg,missing in metadata
dwgid2859.jpg,missing in metadata
dwgid2886.jpg,missing in metadata
dwgid2890.jpg,missing in metadata
dwgid2903.jpg,missing in metadata
dwgid2917.jpg,missing in metadata
dwgid2929.jpg,missing in metadata
dwgid2930.jpg,missing in metadata
dwgid2931.jpg,missing in metadata
dwgid2932.jpg,missing in metadata
dwgid2933.jpg,missing in metadata
dwgid29337.jpg,missing in metadata
dwgid2939.jpg,missing in metadata
dwgid2945.jpg,missing in metadata
dwgid2968.jpg,missing in metadata
dwgid29724.jpg,missing in metadata
dwgid29725.jpg,missing in metadata
dwgid29726.jpg,missing in metadata
dwgid29727.jpg,missing in metadata
dwgid29728.jpg,missing in metadata
dwgid29729.jpg,missing in metadata
dwgid29730.jpg,missing in metadata
dwgid29731.jpg,missing in metadata
dwgid29732.jpg,missing in metadata
dwgid29733.jpg,missing in metadata
dwgid29734.jpg,missing in metadata
dwgid29735.jpg,missing in metadata
dwgid29736.jpg,missing in metadata
dwgid29737.jpg,missing in metadata
dwgid29738.jpg,missing in metadata
dwgid29739.jpg,missing in metadata
dwgid29740.jpg,missing in metadata
dwgid29741.jpg,missing in metadata
dwgid29742.jpg,missing in metadata
dwgid29743.jpg,missing in metadata
dwgid29744.jpg,missing in metadata
dwgid29745.jpg,missing in metadata
dwgid29746.jpg,missing in metadata
dwgid29747.jpg,missing in metadata
dwgid29748.jpg,missing in metadata
dwgid29749.jpg,missing in metadata
dwgid29750.jpg,missing in metadata
dwgid29751.jpg,missing in metadata
dwgid29752.jpg,missing in metadata
dwgid29753.jpg,missing in metadata
dwgid29754.jpg,missing in metadata
dwgid29755.jpg,missing in metadata
dwgid29756.jpg,missing in metadata
dwgid29757.jpg,missing in metadata
dwgid29758.jpg,missing in metadata
dwgid29759.jpg,missing in metadata
dwgid29760.jpg,missing in metadata
dwgid29761.jpg,missing in metadata
dwgid29762.jpg,missing in metadata
dwgid29763.jpg,missing in metadata
dwgid29764.jpg,missing in metadata
dwgid29765.jpg,missing in metadata
dwgid29766.jpg,missing in metadata
dwgid29767.jpg,missing in metadata
dwgid29768.jpg,missing in metadata
dwgid29769.jpg,missing in metadata
dwgid29770.jpg,missing in metadata
dwgid29771.jpg,missing in metadata
dwgid29772.jpg,missing in metadata
dwgid29773.jpg,missing in metadata
dwgid29774.jpg,missing in metadata
dwgid29775.jpg,missing in metadata
dwgid29776.jpg,missing in metadata
dwgid29777.jpg,missing in metadata
dwgid29778.jpg,missing in metadata
dwgid29779.jpg,missing in metadata
dwgid2982.jpg,missing in metadata
dwgid3003.jpg,missing in metadata
dwgid3005.jpg,missing in metadata
dwgid3006.jpg,missing in metadata
dwgid3008.jpg,missing in metadata
dwgid3015.jpg,missing in metadata
dwgid3027.jpg,missing in metadata
dwgid3033.jpg,missing in metadata
dwgid3034.jpg,missing in metadata
dwgid3038.jpg,missing in metadata
dwgid3039.jpg,missing in metadata
dwgid3040.jpg,missing in metadata
dwgid3053.jpg,missing in metadata
dwgid3058.jpg,missing in metadata
dwgid3059.jpg,missing in metadata
dwgid3060.jpg,missing in metadata
dwgid3061.jpg,missing in metadata
dwgid3062.jpg,missing in metadata
dwgid3063.jpg,missing in metadata
dwgid3064.jpg,missing in metadata
dwgid3065.jpg,missing in metadata
dwgid3066.jpg,missing in metadata
dwgid3067.jpg,missing in metadata
dwgid3068.jpg,missing in metadata
dwgid3069.jpg,missing in metadata
dwgid3070.jpg,missing in metadata
dwgid3071.jpg,missing in metadata
dwgid3072.jpg,missing in metadata
dwgid3073.jpg,missing in metadata
dwgid3074.jpg,missing in metadata
dwgid3075.jpg,missing in metadata
dwgid3096.jpg,missing in metadata
dwgid3129.jpg,missing in metadata
dwgid3159.jpg,missing in metadata
dwgid3160.jpg,missing in metadata
dwgid3161.jpg,missing in metadata
dwgid3185scaleless.jpg,missing in metadata
dwgid3188.jpg,missing in metadata
dwgid3189.jpg,missing in metadata
dwgid3204.jpg,missing in metadata
dwgid3209.jpg,missing in metadata
dwgid3211.jpg,missing in metadata
dwgid3212.jpg,missing in metadata
dwgid3237.jpg,missing in metadata
dwgid3266.jpg,missing in metadata
dwgid3284.jpg,missing in metadata
dwgid3286.jpg,missing in metadata
dwgid3300.jpg,missing in metadata
dwgid3301.jpg,missing in metadata
dwgid3302.jpg,missing in metadata
dwgid3303.jpg,missing in metadata
dwgid3304.jpg,missing in metadata
dwgid3305.jpg,missing in metadata
dwgid3306.jpg,missing in metadata
dwgid3307.jpg,missing in metadata
dwgid3308.jpg,missing in metadata
dwgid3309.jpg,missing in metadata
dwgid3324.jpg,missing in metadata
dwgid3328.jpg,missing in metadata
dwgid3335.jpg,missing in metadata
dwgid3342.jpg,missing in metadata
dwgid3343.jpg,missing in metadata
dwgid3347.jpg,missing in metadata
dwgid3349.jpg,missing in metadata
dwgid3351.jpg,missing in metadata
dwgid3352.jpg,missing in metadata
dwgid3353.jpg,missing in metadata
dwgid3354.jpg,missing in metadata
dwgid3355.jpg,missing in metadata
dwgid3356.jpg,missing in metadata
dwgid3357.jpg,missing in metadata
dwgid3358.jpg,missing in metadata
dwgid3359.jpg,missing in metadata
dwgid3360.jpg,missing in metadata
dwgid3361.jpg,missing in metadata
dwgid3362.jpg,missing in metadata
dwgid3363.jpg,missing in metadata
dwgid3364.jpg,missing in metadata
dwgid3365.jpg,missing in metadata
dwgid3366.jpg,missing in metadata
dwgid3367.jpg,missing in metadata
dwgid3368.jpg,missing in metadata
dwgid3369.jpg,missing in metadata
dwgid3370.jpg,missing in metadata
dwgid3371.jpg,missing in metadata
dwgid3372.jpg,missing in metadata
dwgid3373.jpg,missing in metadata
dwgid3374.jpg,missing in metadata
dwgid3393.jpg,missing in metadata
dwgid3406.jpg,missing in metadata
dwgid3407.jpg,missing in metadata
dwgid3408.jpg,missing in metadata
dwgid3409.jpg,missing in metadata
dwgid3410.jpg,missing in metadata
dwgid3411.jpg,missing in metadata
dwgid3412.jpg,missing in metadata
dwgid3413.jpg,missing in metadata
dwgid3414.jpg,missing in metadata
dwgid3415.jpg,missing in metadata
dwgid3416.jpg,missing in metadata
dwgid3417.jpg,missing in metadata
dwgid3418.jpg,missing in metadata
dwgid3419.jpg,missing in metadata
dwgid3420.jpg,missing in metadata
dwgid3421.jpg,missing in metadata
dwgid3429.jpg,missing in metadata
dwgid3430.jpg,missing in metadata
dwgid3431.jpg,missing in metadata
dwgid3441.jpg,missing in metadata
dwgid3442.jpg,missing in metadata
dwgid3443.jpg,missing in metadata
dwgid3444.jpg,missing in metadata
dwgid3445.jpg,missing in metadata
dwgid3446.jpg,missing in metadata
dwgid3447.jpg,missing in metadata
dwgid3452.jpg,missing in metadata
dwgid3453.jpg,missing in metadata
dwgid3454.jpg,missing in metadata
dwgid3455.jpg,missing in metadata
dwgid3456.jpg,missing in metadata
dwgid3457.jpg,missing in metadata
dwgid3458.jpg,missing in metadata
dwgid3459.jpg,missing in metadata
dwgid3460.jpg,missing in metadata
dwgid3461.jpg,missing in metadata
dwgid3462.jpg,missing in metadata
dwgid3463.jpg,missing in metadata
dwgid3464.jpg,missing in metadata
dwgid3465.jpg,missing in metadata
dwgid3466.jpg,missing in metadata
dwgid3467.jpg,missing in metadata
dwgid3470.jpg,missing in metadata
dwgid3480.jpg,missing in metadata
dwgid3487.jpg,missing in metadata
dwgid3493.jpg,missing in metadata
dwgid3503.jpg,missing in metadata
dwgid3515.jpg,missing in metadata
dwgid3532.jpg,missing in metadata
dwgid3534.jpg,missing in metadata
dwgid3553.jpg,missing in metadata
dwgid3554.jpg,missing in metadata
dwgid3568.jpg,missing in metadata
dwgid3569.jpg,missing in metadata
dwgid3574.jpg,missing in metadata
dwgid3578.jpg,missing in metadata
dwgid3584.jpg,missing in metadata
dwgid3586.jpg,missing in metadata
dwgid3588.jpg,missing in metadata
dwgid3594.jpg,missing in metadata
dwgid3595.jpg,missing in metadata
dwgid3598.jpg,missing in metadata
dwgid3603.jpg,missing in metadata
dwgid3611.jpg,missing in metadata
dwgid3612.jpg,missing in metadata
dwgid3618.jpg,missing in metadata
dwgid3619.jpg,missing in metadata
dwgid3620.jpg,missing in metadata
dwgid3621.jpg,missing in metadata
dwgid3622.jpg,missing in metadata
dwgid3623.jpg,missing in metadata
dwgid3624.jpg,missing in metadata
dwgid3630.jpg,missing in metadata
dwgid3633.jpg,missing in metadata
dwgid3637.jpg,missing in metadata
dwgid3638.jpg,missing in metadata
dwgid3639.jpg,missing in metadata
dwgid3640.jpg,missing in metadata
dwgid3641.jpg,missing in metadata
dwgid3648.jpg,missing in metadata
dwgid3649.jpg,missing in metadata
dwgid3650.jpg,missing in metadata
dwgid3651.jpg,missing in metadata
dwgid3652.jpg,missing in metadata
dwgid3653.jpg,missing in metadata
dwgid366.jpg,missing in metadata
dwgid3666.jpg,missing in metadata
dwgid3683.jpg,missing in metadata
dwgid3694.jpg,missing in metadata
dwgid3695.jpg,missing in metadata
dwgid3705.jpg,missing in metadata
dwgid3715.jpg,missing in metadata
dwgid3728.jpg,missing in metadata
dwgid3730.jpg,missing in metadata
dwgid3731.jpg,missing in metadata
dwgid3732.jpg,missing in metadata
dwgid3733.jpg,missing in metadata
dwgid3734.jpg,missing in metadata
dwgid3736.jpg,missing in metadata
dwgid3847_2.jpg,missing in metadata
dwgid3883.jpg,missing in metadata
dwgid3925.jpg,missing in metadata
dwgid3937.jpg,missing in metadata
dwgid3938.jpg,missing in metadata
dwgid3942.jpg,missing in metadata
dwgid3943.jpg,missing in metadata
dwgid3944.jpg,missing in metadata
dwgid3945.jpg,missing in metadata
dwgid3946.jpg,missing in metadata
dwgid3947.jpg,missing in metadata
dwgid3948.jpg,missing in metadata
dwgid3951.jpg,missing in metadata
dwgid3955.jpg,missing in metadata
dwgid3958.jpg,missing in metadata
dwgid3961.jpg,missing in metadata
dwgid3972.jpg,missing in metadata
dwgid3973.jpg,missing in metadata
dwgid3976.jpg,missing in metadata
dwgid3980.jpg,missing in metadata
dwgid3981.jpg,missing in metadata
dwgid3983.jpg,missing in metadata
dwgid3986.jpg,missing in metadata
dwgid3991.jpg,missing in metadata
dwgid3992.jpg,missing in metadata
dwgid3999.jpg,missing in metadata
dwgid4002.jpg,missing in metadata
dwgid4003.jpg,missing in metadata
dwgid4006.jpg,missing in metadata
dwgid4008.jpg,missing in metadata
dwgid4013.jpg,missing in metadata
dwgid4025.jpg,missing in metadata
dwgid4026.jpg,missing in metadata
dwgid4030.jpg,missing in metadata
dwgid4035.jpg,missing in metadata
dwgid4053.jpg,missing in metadata
dwgid4057.jpg,missing in metadata
dwgid4066.jpg,missing in metadata
dwgid4072.jpg,missing in metadata
dwgid4075.jpg,missing in metadata
dwgid4095.jpg,missing in metadata
dwgid4112.jpg,missing in metadata
dwgid4124.jpg,missing in metadata
dwgid4142.jpg,missing in metadata
dwgid4152.jpg,missing in metadata
dwgid4162.jpg,missing in metadata
dwgid4172.jpg,missing in metadata
dwgid4173.jpg,missing in metadata
dwgid4175.jpg,missing in metadata
dwgid4176.jpg,missing in metadata
dwgid4177.jpg,missing in metadata
dwgid4178.jpg,missing in metadata
dwgid4181.jpg,missing in metadata
dwgid4185.jpg,missing in metadata
dwgid4189.jpg,missing in metadata
dwgid4190.jpg,missing in metadata
dwgid4193.jpg,missing in metadata
dwgid4195.jpg,missing in metadata
dwgid4202.jpg,missing in metadata
dwgid4208.jpg,missing in metadata
dwgid4209.jpg,missing in metadata
dwgid422.jpg,missing in metadata
dwgid4222.jpg,missing in metadata
dwgid423.jpg,missing in metadata
dwgid4239.jpg,missing in metadata
dwgid424.jpg,missing in metadata
dwgid4241.jpg,missing in metadata
dwgid425.jpg,missing in metadata
dwgid4257.jpg,missing in metadata
dwgid426.jpg,missing in metadata
dwgid4263.jpg,missing in metadata
dwgid4264.jpg,missing in metadata
dwgid427.jpg,missing in metadata
dwgid4272.jpg,missing in metadata
dwgid4273.jpg,missing in metadata
dwgid4274.jpg,missing in metadata
dwgid4283.jpg,missing in metadata
dwgid4288.jpg,missing in metadata
dwgid4295.jpg,missing in metadata
dwgid4296.jpg,missing in metadata
dwgid4297.jpg,missing in metadata
dwgid4301.jpg,missing in metadata
dwgid4303.jpg,missing in metadata
dwgid4308.jpg,missing in metadata
dwgid4314.jpg,missing in metadata
dwgid4315.jpg,missing in metadata
dwgid4321.jpg,missing in metadata
dwgid4324.jpg,missing in metadata
dwgid4340.jpg,missing in metadata
dwgid4342.jpg,missing in metadata
dwgid4343.jpg,missing in metadata
dwgid4351.jpg,missing in metadata
dwgid4352.jpg,missing in metadata
dwgid4358.jpg,missing in metadata
dwgid4363.jpg,missing in metadata
dwgid4365.jpg,missing in metadata
dwgid4366.jpg,missing in metadata
dwgid4368.jpg,missing in metadata
dwgid4376.jpg,missing in metadata
dwgid438.jpg,missing in metadata
dwgid4382.jpg,missing in metadata
dwgid4387.jpg,missing in metadata
dwgid4388.jpg,missing in metadata
dwgid4395.jpg,missing in metadata
dwgid4396.jpg,missing in metadata
dwgid4403.jpg,missing in metadata
dwgid4411.jpg,missing in metadata
dwgid4412.jpg,missing in metadata
dwgid4414.jpg,missing in metadata
dwgid4418.jpg,missing in metadata
dwgid4420.jpg,missing in metadata
dwgid4421.jpg,missing in metadata
dwgid4423.jpg,missing in metadata
dwgid4424.jpg,missing in metadata
dwgid4427.jpg,missing in metadata
dwgid4430.jpg,missing in metadata
dwgid4431_2.jpg,missing in metadata
dwgid4433.jpg,missing in metadata
dwgid4434.jpg,missing in metadata
dwgid4435.jpg,missing in metadata
dwgid4440.jpg,missing in metadata
dwgid4443.jpg,missing in metadata
dwgid4445.jpg,missing in metadata
dwgid4446.jpg,missing in metadata
dwgid4448.jpg,missing in metadata
dwgid4450.jpg,missing in metadata
dwgid4456.jpg,missing in metadata
dwgid4462.jpg,missing in metadata
dwgid4465.jpg,missing in metadata
dwgid4470.jpg,missing in metadata
dwgid4471.jpg,missing in metadata
dwgid4472.jpg,missing in metadata
dwgid4473.jpg,missing in metadata
dwgid4474.jpg,missing in metadata
dwgid4476.jpg,missing in metadata
dwgid4485.jpg,missing in metadata
dwgid4486.jpg,missing in metadata
dwgid4492.jpg,missing in metadata
dwgid4495.jpg,missing in metadata
dwgid4502.jpg,missing in metadata
dwgid4504.jpg,missing in metadata
dwgid4507.jpg,missing in metadata
dwgid4513.jpg,missing in metadata
dwgid4514.jpg,missing in metadata
dwgid4517.jpg,missing in metadata
dwgid4518.jpg,missing in metadata
dwgid4520.jpg,missing in metadata
dwgid4521.jpg,missing in metadata
dwgid4522.jpg,missing in metadata
dwgid4523.jpg,missing in metadata
dwgid4524.jpg,missing in metadata
dwgid4525.jpg,missing in metadata
dwgid4534.jpg,missing in metadata
dwgid4535.jpg,missing in metadata
dwgid4537actual.jpg,missing in metadata
dwgid4540.jpg,missing in metadata
dwgid4541.jpg,missing in metadata
dwgid4544.jpg,missing in metadata
dwgid4545.jpg,missing in metadata
dwgid4548.jpg,missing in metadata
dwgid455.jpg,missing in metadata
dwgid456.jpg,missing in metadata
dwgid4571.jpg,missing in metadata
dwgid4581.jpg,missing in metadata
dwgid4586.jpg,missing in metadata
dwgid4589.jpg,missing in metadata
dwgid4603.jpg,missing in metadata
dwgid4604.jpg,missing in metadata
dwgid4605.jpg,missing in metadata
dwgid4606.jpg,missing in metadata
dwgid4607.jpg,missing in metadata
dwgid4608.jpg,missing in metadata
dwgid4610.jpg,missing in metadata
dwgid4613.jpg,missing in metadata
dwgid4622.jpg,missing in metadata
dwgid4623.jpg,missing in metadata
dwgid4624.jpg,missing in metadata
dwgid4625.jpg,missing in metadata
dwgid4626.jpg,missing in metadata
dwgid4627.jpg,missing in metadata
dwgid4628.jpg,missing in metadata
dwgid4629.jpg,missing in metadata
dwgid463.jpg,missing in metadata
dwgid4630.jpg,missing in metadata
dwgid4631.jpg,missing in metadata
dwgid4632.jpg,missing in metadata
dwgid4649.jpg,missing in metadata
dwgid4650.jpg,missing in metadata
dwgid4680.jpg,missing in metadata
dwgid4684.jpg,missing in metadata
dwgid4685.jpg,missing in metadata
dwgid4727.jpg,missing in metadata
dwgid4739.jpg,missing in metadata
dwgid4747.jpg,missing in metadata
dwgid4766.jpg,missing in metadata
dwgid4792.jpg,missing in metadata
dwgid4793.jpg,missing in metadata
dwgid4796.jpg,missing in metadata
dwgid4810.jpg,missing in metadata
dwgid4811.jpg,missing in metadata
dwgid4816.jpg,missing in metadata
dwgid4822.jpg,missing in metadata
dwgid4827.jpg,missing in metadata
dwgid4837.jpg,missing in metadata
dwgid4841.jpg,missing in metadata
dwgid4846.jpg,missing in metadata
dwgid4847.jpg,missing in metadata
dwgid4848.jpg,missing in metadata
dwgid4849.jpg,missing in metadata
dwgid4850.jpg,missing in metadata
dwgid4851.jpg,missing in metadata
dwgid4852.jpg,missing in metadata
dwgid4860.jpg,missing in metadata
dwgid4874.jpg,missing in metadata
dwgid4877.jpg,missing in metadata
dwgid4878.jpg,missing in metadata
dwgid4879.jpg,missing in metadata
dwgid4880.jpg,missing in metadata
dwgid4906.jpg,missing in metadata
dwgid4910.jpg,missing in metadata
dwgid4916.jpg,missing in metadata
dwgid492.jpg,missing in metadata
dwgid4921.jpg,missing in metadata
dwgid493.jpg,missing in metadata
dwgid4932.jpg,missing in metadata
dwgid4939.jpg,missing in metadata
dwgid4944.jpg,missing in metadata
dwgid4949waldbaum corrections.jpg,missing in metadata
dwgid495.jpg,missing in metadata
dwgid4956.jpg,missing in metadata
dwgid495annotated.jpg,missing in metadata
dwgid4960.jpg,missing in metadata
dwgid4963 waldbaumcorrections.jpg,missing in metadata
dwgid4966.jpg,missing in metadata
dwgid4968.jpg,missing in metadata
dwgid4968_2.jpg,missing in metadata
dwgid4971.jpg,missing in metadata
dwgid4978.jpg,missing in metadata
dwgid4988.jpg,missing in metadata
dwgid5010.jpg,missing in metadata
dwgid5018.jpg,missing in metadata
dwgid5032.jpg,missing in metadata
dwgid5033a.jpg,missing in metadata
dwgid5033b.jpg,missing in metadata
dwgid5045.jpg,missing in metadata
dwgid5048.jpg,missing in metadata
dwgid5052.jpg,missing in metadata
dwgid5059.jpg,missing in metadata
dwgid5063a.jpg,missing in metadata
dwgid5063b.jpg,missing in metadata
dwgid5067.jpg,missing in metadata
dwgid5068 waldbaum corrections.jpg,missing in metadata
dwgid5070.jpg,missing in metadata
dwgid5075.jpg,missing in metadata
dwgid5086.jpg,missing in metadata
dwgid5087.jpg,missing in metadata
dwgid5090.jpg,missing in metadata
dwgid5091.jpg,missing in metadata
dwgid5105.jpg,missing in metadata
dwgid5115.jpg,missing in metadata
dwgid5141.jpg,missing in metadata
dwgid5149.jpg,missing in metadata
dwgid5150.jpg,missing in metadata
dwgid5153.jpg,missing in metadata
dwgid5157.jpg,missing in metadata
dwgid5163.jpg,missing in metadata
dwgid5164.jpg,missing in metadata
dwgid5166.jpg,missing in metadata
dwgid5167.jpg,missing in metadata
dwgid5176.jpg,missing in metadata
dwgid5186.jpg,missing in metadata
dwgid5194.jpg,missing in metadata
dwgid5199.jpg,missing in metadata
dwgid5200.jpg,missing in metadata
dwgid5201.jpg,missing in metadata
dwgid5203.jpg,missing in metadata
dwgid5203partial.jpg,missing in metadata
dwgid5204.jpg,missing in metadata
dwgid5205.jpg,missing in metadata
dwgid5206.jpg,missing in metadata
dwgid5212.jpg,missing in metadata
dwgid5220.jpg,missing in metadata
dwgid5238.jpg,missing in metadata
dwgid5244.jpg,missing in metadata
dwgid5257.jpg,missing in metadata
dwgid5259.jpg,missing in metadata
dwgid5266.jpg,missing in metadata
dwgid5267.jpg,missing in metadata
dwgid5269.jpg,missing in metadata
dwgid5270.jpg,missing in metadata
dwgid5278.jpg,missing in metadata
dwgid5281.jpg,missing in metadata
dwgid5288.jpg,missing in metadata
dwgid529.jpg,missing in metadata
dwgid5299.jpg,missing in metadata
dwgid530.jpg,missing in metadata
dwgid5300.jpg,missing in metadata
dwgid5301.jpg,missing in metadata
dwgid531.jpg,missing in metadata
dwgid5310.jpg,missing in metadata
dwgid532.jpg,missing in metadata
dwgid5328.jpg,missing in metadata
dwgid534.jpg,missing in metadata
dwgid5343.jpg,missing in metadata
dwgid5344.jpg,missing in metadata
dwgid535.jpg,missing in metadata
dwgid5368.jpg,missing in metadata
dwgid5369.jpg,missing in metadata
dwgid5370.jpg,missing in metadata
dwgid5371.jpg,missing in metadata
dwgid5372.jpg,missing in metadata
dwgid5373.jpg,missing in metadata
dwgid5373a.jpg,missing in metadata
dwgid5373b.jpg,missing in metadata
dwgid5374.jpg,missing in metadata
dwgid5375.jpg,missing in metadata
dwgid5376.jpg,missing in metadata
dwgid5377.jpg,missing in metadata
dwgid5378.jpg,missing in metadata
dwgid5379.jpg,missing in metadata
dwgid5380.jpg,missing in metadata
dwgid5381.jpg,missing in metadata
dwgid5382.jpg,missing in metadata
dwgid5386.jpg,missing in metadata
dwgid5392.jpg,missing in metadata
dwgid540.jpg,missing in metadata
dwgid5408.jpg,missing in metadata
dwgid5409.jpg,missing in metadata
dwgid541.jpg,missing in metadata
dwgid5410.jpg,missing in metadata
dwgid5411.jpg,missing in metadata
dwgid5412.jpg,missing in metadata
dwgid5413.jpg,missing in metadata
dwgid5414.jpg,missing in metadata
dwgid5415.jpg,missing in metadata
dwgid5416.jpg,missing in metadata
dwgid5417.jpg,missing in metadata
dwgid5418.jpg,missing in metadata
dwgid5419.jpg,missing in metadata
dwgid5420.jpg,missing in metadata
dwgid5421.jpg,missing in metadata
dwgid5422.jpg,missing in metadata
dwgid5429a.jpg,missing in metadata
dwgid5429b.jpg,missing in metadata
dwgid5430.jpg,missing in metadata
dwgid5437.jpg,missing in metadata
dwgid5445.jpg,missing in metadata
dwgid5454.jpg,missing in metadata
dwgid546.jpg,missing in metadata
dwgid5462.jpg,missing in metadata
dwgid5464.jpg,missing in metadata
dwgid5466.jpg,missing in metadata
dwgid547.jpg,missing in metadata
dwgid5477.jpg,missing in metadata
dwgid5478.jpg,missing in metadata
dwgid548.jpg,missing in metadata
dwgid5481.jpg,missing in metadata
dwgid549.jpg,missing in metadata
dwgid5491a.jpg,missing in metadata
dwgid5491b.jpg,missing in metadata
dwgid550.jpg,missing in metadata
dwgid5500.jpg,missing in metadata
dwgid5501a.jpg,missing in metadata
dwgid5501b.jpg,missing in metadata
dwgid5507.jpg,missing in metadata
dwgid551.jpg,missing in metadata
dwgid5513.jpg,missing in metadata
dwgid5518.jpg,missing in metadata
dwgid552.jpg,missing in metadata
dwgid5524.jpg,missing in metadata
dwgid5530.jpg,missing in metadata
dwgid5538.jpg,missing in metadata
dwgid5540.jpg,missing in metadata
dwgid5541.jpg,missing in metadata
dwgid5542.jpg,missing in metadata
dwgid5543.jpg,missing in metadata
dwgid5544.jpg,missing in metadata
dwgid5545.jpg,missing in metadata
dwgid5546.jpg,missing in metadata
dwgid5547.jpg,missing in metadata
dwgid5557.jpg,missing in metadata
dwgid5558.jpg,missing in metadata
dwgid557.jpg,missing in metadata
dwgid5579.jpg,missing in metadata
dwgid558.jpg,missing in metadata
dwgid559.jpg,missing in metadata
dwgid5590.jpg,missing in metadata
dwgid5592.jpg,missing in metadata
dwgid5596.jpg,missing in metadata
dwgid560.jpg,missing in metadata
dwgid5600.jpg,missing in metadata
dwgid5601.jpg,missing in metadata
dwgid5602.jpg,missing in metadata
dwgid5603.jpg,missing in metadata
dwgid5604.jpg,missing in metadata
dwgid5605.jpg,missing in metadata
dwgid5608.jpg,missing in metadata
dwgid5609.jpg,missing in metadata
dwgid561.jpg,missing in metadata
dwgid5610.jpg,missing in metadata
dwgid5611.jpg,missing in metadata
dwgid5612.jpg,missing in metadata
dwgid562.jpg,missing in metadata
dwgid5621.jpg,missing in metadata
dwgid5622.jpg,missing in metadata
dwgid5623.jpg,missing in metadata
dwgid5624.jpg,missing in metadata
dwgid5625.jpg,missing in metadata
dwgid5631.jpg,missing in metadata
dwgid5632.jpg,missing in metadata
dwgid5633.jpg,missing in metadata
dwgid5634.jpg,missing in metadata
dwgid5635.jpg,missing in metadata
dwgid5644.jpg,missing in metadata
dwgid5646.jpg,missing in metadata
dwgid5647.jpg,missing in metadata
dwgid5656.jpg,missing in metadata
dwgid5658.jpg,missing in metadata
dwgid5661.jpg,missing in metadata
dwgid5662.jpg,missing in metadata
dwgid5673.jpg,missing in metadata
dwgid5677.jpg,missing in metadata
dwgid5680.jpg,missing in metadata
dwgid5684.jpg,missing in metadata
dwgid5686.jpg,missing in metadata
dwgid5692.jpg,missing in metadata
dwgid5700.jpg,missing in metadata
dwgid5709.jpg,missing in metadata
dwgid5710.jpg,missing in metadata
dwgid5711.jpg,missing in metadata
dwgid5714.jpg,missing in metadata
dwgid5719.jpg,missing in metadata
dwgid5730.jpg,missing in metadata
dwgid574.jpg,missing in metadata
dwgid5751.jpg,missing in metadata
dwgid576.jpg,missing in metadata
dwgid5764.jpg,missing in metadata
dwgid5766.jpg,missing in metadata
dwgid577.jpg,missing in metadata
dwgid5771.jpg,missing in metadata
dwgid5772.jpg,missing in metadata
dwgid5774.jpg,missing in metadata
dwgid5777.jpg,missing in metadata
dwgid578.jpg,missing in metadata
dwgid5782.jpg,missing in metadata
dwgid5792.jpg,missing in metadata
dwgid5794.jpg,missing in metadata
dwgid5796.jpg,missing in metadata
dwgid5805.jpg,missing in metadata
dwgid5833.jpg,missing in metadata
dwgid5835.jpg,missing in metadata
dwgid5853.jpg,missing in metadata
dwgid5855.jpg,missing in metadata
dwgid5856.jpg,missing in metadata
dwgid5864.jpg,missing in metadata
dwgid5869.jpg,missing in metadata
dwgid5882.jpg,missing in metadata
dwgid589.jpg,missing in metadata
dwgid590.jpg,missing in metadata
dwgid5900.jpg,missing in metadata
dwgid5906.jpg,missing in metadata
dwgid5914.jpg,missing in metadata
dwgid5933.jpg,missing in metadata
dwgid594.jpg,missing in metadata
dwgid595.jpg,missing in metadata
dwgid5952.jpg,missing in metadata
dwgid5963.jpg,missing in metadata
dwgid5964.jpg,missing in metadata
dwgid5965.jpg,missing in metadata
dwgid5966.jpg,missing in metadata
dwgid5967.jpg,missing in metadata
dwgid5968.jpg,missing in metadata
dwgid5969.jpg,missing in metadata
dwgid596a.jpg,missing in metadata
dwgid596b.jpg,missing in metadata
dwgid596c.jpg,missing in metadata
dwgid597.jpg,missing in metadata
dwgid5970.jpg,missing in metadata
dwgid5971.jpg,missing in metadata
dwgid5972.jpg,missing in metadata
dwgid5973.jpg,missing in metadata
dwgid5974.jpg,missing in metadata
dwgid5975.jpg,missing in metadata
dwgid5976.jpg,missing in metadata
dwgid5977.jpg,missing in metadata
dwgid5978.jpg,missing in metadata
dwgid5979.jpg,missing in metadata
dwgid598.jpg,missing in metadata
dwgid5982.jpg,missing in metadata
dwgid5983.jpg,missing in metadata
dwgid5984.jpg,missing in metadata
dwgid5985.jpg,missing in metadata
dwgid5986.jpg,missing in metadata
dwgid599.jpg,missing in metadata
dwgid5993.jpg,missing in metadata
dwgid5994.jpg,missing in metadata
dwgid5997.jpg,missing in metadata
dwgid600.jpg,missing in metadata
dwgid6008.jpg,missing in metadata
dwgid601.jpg,missing in metadata
dwgid6010.jpg,missing in metadata
dwgid6012.jpg,missing in metadata
dwgid6013.jpg,missing in metadata
dwgid6016.jpg,missing in metadata
dwgid6019.jpg,missing in metadata
dwgid602.jpg,missing in metadata
dwgid6023.jpg,missing in metadata
dwgid6026.jpg,missing in metadata
dwgid6029.jpg,missing in metadata
dwgid6032.jpg,missing in metadata
dwgid6033.jpg,missing in metadata
dwgid6034.jpg,missing in metadata
dwgid6035.jpg,missing in metadata
dwgid6037.jpg,missing in metadata
dwgid603a.jpg,missing in metadata
dwgid603b.jpg,missing in metadata
dwgid604.jpg,missing in metadata
dwgid605.jpg,missing in metadata
dwgid6053.jpg,missing in metadata
dwgid607.jpg,missing in metadata
dwgid6071.jpg,missing in metadata
dwgid6076.jpg,missing in metadata
dwgid6088.jpg,missing in metadata
dwgid6112.jpg,missing in metadata
dwgid6121.jpg,missing in metadata
dwgid6150.jpg,missing in metadata
dwgid6154.jpg,missing in metadata
dwgid6158.jpg,missing in metadata
dwgid6161.jpg,missing in metadata
dwgid6169.jpg,missing in metadata
dwgid618.jpg,missing in metadata
dwgid6185.jpg,missing in metadata
dwgid6186.jpg,missing in metadata
dwgid6187.jpg,missing in metadata
dwgid619.jpg,missing in metadata
dwgid6190.jpg,missing in metadata
dwgid6197.jpg,missing in metadata
dwgid620.jpg,missing in metadata
dwgid6221.jpg,missing in metadata
dwgid6230.jpg,missing in metadata
dwgid6236.jpg,missing in metadata
dwgid6327.jpg,missing in metadata
dwgid6333.jpg,missing in metadata
dwgid6335.jpg,missing in metadata
dwgid6347.jpg,missing in metadata
dwgid6349.jpg,missing in metadata
dwgid6351.jpg,missing in metadata
dwgid6388.jpg,missing in metadata
dwgid6392.jpg,missing in metadata
dwgid6404.jpg,missing in metadata
dwgid641.jpg,missing in metadata
dwgid642.jpg,missing in metadata
dwgid643.jpg,missing in metadata
dwgid6433.jpg,missing in metadata
dwgid644.jpg,missing in metadata
dwgid6440.jpg,missing in metadata
dwgid6447.jpg,missing in metadata
dwgid645.jpg,missing in metadata
dwgid6451.jpg,missing in metadata
dwgid6452.jpg,missing in metadata
dwgid6456.jpg,missing in metadata
dwgid646.jpg,missing in metadata
dwgid6477.jpg,missing in metadata
dwgid6495.jpg,missing in metadata
dwgid6496.jpg,missing in metadata
dwgid6497.jpg,missing in metadata
dwgid6502redone.jpg,missing in metadata
dwgid6504.jpg,missing in metadata
dwgid6506.jpg,missing in metadata
dwgid6507.jpg,missing in metadata
dwgid6508.jpg,missing in metadata
dwgid6509.jpg,missing in metadata
dwgid6510.jpg,missing in metadata
dwgid6512.jpg,missing in metadata
dwgid6513.jpg,missing in metadata
dwgid6514.jpg,missing in metadata
dwgid6520.jpg,missing in metadata
dwgid6523.jpg,missing in metadata
dwgid6528.jpg,missing in metadata
dwgid6529.jpg,missing in metadata
dwgid6534.jpg,missing in metadata
dwgid6536.jpg,missing in metadata
dwgid6537.jpg,missing in metadata
dwgid6541.jpg,missing in metadata
dwgid6545.jpg,missing in metadata
dwgid6546.jpg,missing in metadata
dwgid6548.jpg,missing in metadata
dwgid6554.jpg,missing in metadata
dwgid6555.jpg,missing in metadata
dwgid6557.jpg,missing in metadata
dwgid6558.jpg,missing in metadata
dwgid6559.jpg,missing in metadata
dwgid6560.jpg,missing in metadata
dwgid6561.jpg,missing in metadata
dwgid6562.jpg,missing in metadata
dwgid6563.jpg,missing in metadata
dwgid6564.jpg,missing in metadata
dwgid6565.jpg,missing in metadata
dwgid6566.jpg,missing in metadata
dwgid6567.jpg,missing in metadata
dwgid6569.jpg,missing in metadata
dwgid6592.jpg,missing in metadata
dwgid6594.jpg,missing in metadata
dwgid6603.jpg,missing in metadata
dwgid6638.jpg,missing in metadata
dwgid6656.jpg,missing in metadata
dwgid6657.jpg,missing in metadata
dwgid6659.jpg,missing in metadata
dwgid6664.jpg,missing in metadata
dwgid667.jpg,missing in metadata
dwgid668.jpg,missing in metadata
dwgid6712.jpg,missing in metadata
dwgid673.jpg,missing in metadata
dwgid6731.jpg,missing in metadata
dwgid675.jpg,missing in metadata
dwgid676.jpg,missing in metadata
dwgid677.jpg,missing in metadata
dwgid6770.jpg,missing in metadata
dwgid6782.jpg,missing in metadata
dwgid6784.jpg,missing in metadata
dwgid6808.jpg,missing in metadata
dwgid6810.jpg,missing in metadata
dwgid682.jpg,missing in metadata
dwgid6824.jpg,missing in metadata
dwgid683.jpg,missing in metadata
dwgid6839.jpg,missing in metadata
dwgid684.jpg,missing in metadata
dwgid685.jpg,missing in metadata
dwgid6857.jpg,missing in metadata
dwgid686.jpg,missing in metadata
dwgid6861.jpg,missing in metadata
dwgid6886.jpg,missing in metadata
dwgid6887.jpg,missing in metadata
dwgid6888.jpg,missing in metadata
dwgid6889.jpg,missing in metadata
dwgid6893.jpg,missing in metadata
dwgid6897.jpg,missing in metadata
dwgid6916.jpg,missing in metadata
dwgid6917.jpg,missing in metadata
dwgid6919.jpg,missing in metadata
dwgid6923.jpg,missing in metadata
dwgid6926.jpg,missing in metadata
dwgid6939.jpg,missing in metadata
dwgid6952.jpg,missing in metadata
dwgid6973.jpg,missing in metadata
dwgid6981.jpg,missing in metadata
dwgid7018.jpg,missing in metadata
dwgid7019.jpg,missing in metadata
dwgid7020.jpg,missing in metadata
dwgid7021.jpg,missing in metadata
dwgid7022.jpg,missing in metadata
dwgid7023.jpg,missing in metadata
dwgid7066.jpg,missing in metadata
dwgid7067.jpg,missing in metadata
dwgid7088.jpg,missing in metadata
dwgid7100.jpg,missing in metadata
dwgid711.jpg,missing in metadata
dwgid7111.jpg,missing in metadata
dwgid7139.jpg,missing in metadata
dwgid7141.jpg,missing in metadata
dwgid7146.jpg,missing in metadata
dwgid7158.jpg,missing in metadata
dwgid7161.jpg,missing in metadata
dwgid7166.jpg,missing in metadata
dwgid7167.jpg,missing in metadata
dwgid717.jpg,missing in metadata
dwgid7206.jpg,missing in metadata
dwgid721.jpg,missing in metadata
dwgid7212.jpg,missing in metadata
dwgid7213.jpg,missing in metadata
dwgid7216.jpg,missing in metadata
dwgid722.jpg,missing in metadata
dwgid7229.jpg,missing in metadata
dwgid723.jpg,missing in metadata
dwgid7235.jpg,missing in metadata
dwgid724.jpg,missing in metadata
dwgid725.jpg,missing in metadata
dwgid7256.jpg,missing in metadata
dwgid7257.jpg,missing in metadata
dwgid726.jpg,missing in metadata
dwgid727.jpg,missing in metadata
dwgid7272.jpg,missing in metadata
dwgid7274.jpg,missing in metadata
dwgid728.jpg,missing in metadata
dwgid729.jpg,missing in metadata
dwgid730.jpg,missing in metadata
dwgid7302.jpg,missing in metadata
dwgid7303.jpg,missing in metadata
dwgid731.jpg,missing in metadata
dwgid7312.jpg,missing in metadata
dwgid7316.jpg,missing in metadata
dwgid7319.jpg,missing in metadata
dwgid732.jpg,missing in metadata
dwgid7324.jpg,missing in metadata
dwgid733.jpg,missing in metadata
dwgid7331.jpg,missing in metadata
dwgid7335.jpg,missing in metadata
dwgid7375.jpg,missing in metadata
dwgid739.jpg,missing in metadata
dwgid7396.jpg,missing in metadata
dwgid7398.jpg,missing in metadata
dwgid7399.jpg,missing in metadata
dwgid740.jpg,missing in metadata
dwgid741.jpg,missing in metadata
dwgid7410.jpg,missing in metadata
dwgid742.jpg,missing in metadata
dwgid7421.jpg,missing in metadata
dwgid7427.jpg,missing in metadata
dwgid743.jpg,missing in metadata
dwgid744.jpg,missing in metadata
dwgid745.jpg,missing in metadata
dwgid746.jpg,missing in metadata
dwgid747.jpg,missing in metadata
dwgid7473.jpg,missing in metadata
dwgid748.jpg,missing in metadata
dwgid7480.jpg,missing in metadata
dwgid7481.jpg,missing in metadata
dwgid7482.jpg,missing in metadata
dwgid7483.jpg,missing in metadata
dwgid7484.jpg,missing in metadata
dwgid7485.jpg,missing in metadata
dwgid7486.jpg,missing in metadata
dwgid7487.jpg,missing in metadata
dwgid749.jpg,missing in metadata
dwgid7493.jpg,missing in metadata
dwgid7512.jpg,missing in metadata
dwgid752.jpg,missing in metadata
dwgid7522.jpg,missing in metadata
dwgid753.jpg,missing in metadata
dwgid7562.jpg,missing in metadata
dwgid7567.jpg,missing in metadata
dwgid758.jpg,missing in metadata
dwgid7584.jpg,missing in metadata
dwgid7584grey.jpg,missing in metadata
dwgid7585.jpg,missing in metadata
dwgid759.jpg,missing in metadata
dwgid7600.jpg,missing in metadata
dwgid7604.jpg,missing in metadata
dwgid7605.jpg,missing in metadata
dwgid7606.jpg,missing in metadata
dwgid762.jpg,missing in metadata
dwgid763.jpg,missing in metadata
dwgid7631.jpg,missing in metadata
dwgid7644.jpg,missing in metadata
dwgid7659.jpg,missing in metadata
dwgid7678.jpg,missing in metadata
dwgid7681.jpg,missing in metadata
dwgid7683.jpg,missing in metadata
dwgid7720.jpg,missing in metadata
dwgid7761.jpg,missing in metadata
dwgid7805.jpg,missing in metadata
dwgid7845.jpg,missing in metadata
dwgid7875.jpg,missing in metadata
dwgid7885.jpg,missing in metadata
dwgid7891.jpg,missing in metadata
dwgid7901.jpg,missing in metadata
dwgid7904.jpg,missing in metadata
dwgid7937.jpg,missing in metadata
dwgid798.jpg,missing in metadata
dwgid7981.jpg,missing in metadata
dwgid7997.jpg,missing in metadata
dwgid8026.jpg,missing in metadata
dwgid8105.jpg,missing in metadata
dwgid8148.jpg,missing in metadata
dwgid8150.jpg,missing in metadata
dwgid8202.jpg,missing in metadata
dwgid8211.jpg,missing in metadata
dwgid8212.jpg,missing in metadata
dwgid8214.jpg,missing in metadata
dwgid8253.jpg,missing in metadata
dwgid8254.jpg,missing in metadata
dwgid8277.jpg,missing in metadata
dwgid8280.jpg,missing in metadata
dwgid8293.jpg,missing in metadata
dwgid8295.jpg,missing in metadata
dwgid8299.jpg,missing in metadata
dwgid8325.jpg,missing in metadata
dwgid8328.jpg,missing in metadata
dwgid8329.jpg,missing in metadata
dwgid8330.jpg,missing in metadata
dwgid8331.jpg,missing in metadata
dwgid8332.jpg,missing in metadata
dwgid8339.jpg,missing in metadata
dwgid8356.jpg,missing in metadata
dwgid8362.jpg,missing in metadata
dwgid8393.jpg,missing in metadata
dwgid8403.jpg,missing in metadata
dwgid8406.jpg,missing in metadata
dwgid8411.jpg,missing in metadata
dwgid8419.jpg,missing in metadata
dwgid8420.jpg,missing in metadata
dwgid8421.jpg,missing in metadata
dwgid8428.jpg,missing in metadata
dwgid8429.jpg,missing in metadata
dwgid8430.jpg,missing in metadata
dwgid8445.jpg,missing in metadata
dwgid8454.jpg,missing in metadata
dwgid8460.jpg,missing in metadata
dwgid8462.jpg,missing in metadata
dwgid8482.jpg,missing in metadata
dwgid8504.jpg,missing in metadata
dwgid8506.jpg,missing in metadata
dwgid8541.jpg,missing in metadata
dwgid8546.jpg,missing in metadata
dwgid8587.jpg,missing in metadata
dwgid8601.jpg,missing in metadata
dwgid8617.jpg,missing in metadata
dwgid8628.jpg,missing in metadata
dwgid8629.jpg,missing in metadata
dwgid8630.jpg,missing in metadata
dwgid8631.jpg,missing in metadata
dwgid8643.jpg,missing in metadata
dwgid8669.jpg,missing in metadata
dwgid8670.jpg,missing in metadata
dwgid8672.jpg,missing in metadata
dwgid8676.jpg,missing in metadata
dwgid8684.jpg,missing in metadata
dwgid8693.jpg,missing in metadata
dwgid8725.jpg,missing in metadata
dwgid8741.jpg,missing in metadata
dwgid8761.jpg,missing in metadata
dwgid8768.jpg,missing in metadata
dwgid8781.jpg,missing in metadata
dwgid8783.jpg,missing in metadata
dwgid8785.jpg,missing in metadata
dwgid8789.jpg,missing in metadata
dwgid8817.jpg,missing in metadata
dwgid8824.jpg,missing in metadata
dwgid8831.jpg,missing in metadata
dwgid8832.jpg,missing in metadata
dwgid8833.jpg,missing in metadata
dwgid8835.jpg,missing in metadata
dwgid8851.jpg,missing in metadata
dwgid8857.jpg,missing in metadata
dwgid8864.jpg,missing in metadata
dwgid8877.jpg,missing in metadata
dwgid8881.jpg,missing in metadata
dwgid8926.jpg,missing in metadata
dwgid8944.jpg,missing in metadata
dwgid8948.jpg,missing in metadata
dwgid8956retouched.jpg,missing in metadata
dwgid8957retouched.jpg,missing in metadata
dwgid8964.jpg,missing in metadata
dwgid8967.jpg,missing in metadata
dwgid8977.jpg,missing in metadata
dwgid8982.jpg,missing in metadata
dwgid9002.jpg,missing in metadata
dwgid9006.jpg,missing in metadata
dwgid9030.jpg,missing in metadata
dwgid9052.jpg,missing in metadata
dwgid9070.jpg,missing in metadata
dwgid9102.jpg,missing in metadata
dwgid9112.jpg,missing in metadata
dwgid9125.jpg,missing in metadata
dwgid9127.jpg,missing in metadata
dwgid9132.jpg,missing in metadata
dwgid9138.jpg,missing in metadata
dwgid9144.jpg,missing in metadata
dwgid9151.jpg,missing in metadata
dwgid9152.jpg,missing in metadata
dwgid9159.jpg,missing in metadata
dwgid9186.jpg,missing in metadata
dwgid9190.jpg,missing in metadata
dwgid9195.jpg,missing in metadata
dwgid9206.jpg,missing in metadata
dwgid9227.jpg,missing in metadata
dwgid9231.jpg,missing in metadata
dwgid9279.jpg,missing in metadata
dwgid9321.jpg,missing in metadata
dwgid9360.jpg,missing in metadata
dwgid9361.jpg,missing in metadata
dwgid9365.jpg,missing in metadata
dwgid9417.jpg,missing in metadata
dwgid9426.jpg,missing in metadata
dwgid9428.jpg,missing in metadata
dwgid9435.jpg,missing in metadata
dwgid9480.jpg,missing in metadata
dwgid9483.jpg,missing in metadata
dwgid9507.jpg,missing in metadata
dwgid951.jpg,missing in metadata
dwgid9517.jpg,missing in metadata
dwgid9518.jpg,missing in metadata
dwgid9519.jpg,missing in metadata
dwgid952.jpg,missing in metadata
dwgid9521.jpg,missing in metadata
dwgid9522.jpg,missing in metadata
dwgid9526.jpg,missing in metadata
dwgid9527.jpg,missing in metadata
dwgid9528.jpg,missing in metadata
dwgid9529.jpg,missing in metadata
dwgid953.jpg,missing in metadata
dwgid9530.jpg,missing in metadata
dwgid9535.jpg,missing in metadata
dwgid9538.jpg,missing in metadata
dwgid9546.jpg,missing in metadata
dwgid9547.jpg,missing in metadata
dwgid955.jpg,missing in metadata
dwgid9554.jpg,missing in metadata
dwgid9555.jpg,missing in metadata
dwgid956.jpg,missing in metadata
dwgid9563.jpg,missing in metadata
dwgid9566.jpg,missing in metadata
dwgid9568.jpg,missing in metadata
dwgid957.jpg,missing in metadata
dwgid9571.jpg,missing in metadata
dwgid9573.jpg,missing in metadata
dwgid9574.jpg,missing in metadata
dwgid9575.jpg,missing in metadata
dwgid958.jpg,missing in metadata
dwgid9582.jpg,missing in metadata
dwgid9588.jpg,missing in metadata
dwgid959.jpg,missing in metadata
dwgid9600.jpg,missing in metadata
dwgid9619.jpg,missing in metadata
dwgid9622.jpg,missing in metadata
dwgid964.jpg,missing in metadata
dwgid965.jpg,missing in metadata
dwgid9659.jpg,missing in metadata
dwgid966.jpg,missing in metadata
dwgid9660.jpg,missing in metadata
dwgid9669.jpg,missing in metadata
dwgid967.jpg,missing in metadata
dwgid9670.jpg,missing in metadata
dwgid9672.jpg,missing in metadata
dwgid9678.jpg,missing in metadata
dwgid968.jpg,missing in metadata
dwgid9682.jpg,missing in metadata
dwgid9683.jpg,missing in metadata
dwgid9688.jpg,missing in metadata
dwgid969.jpg,missing in metadata
dwgid970.jpg,missing in metadata
dwgid9707.jpg,missing in metadata
dwgid971.jpg,missing in metadata
dwgid9713.jpg,missing in metadata
dwgid972.jpg,missing in metadata
dwgid973.jpg,missing in metadata
dwgid974.jpg,missing in metadata
dwgid9759.jpg,missing in metadata
dwgid9771.jpg,missing in metadata
dwgid9782.jpg,missing in metadata
dwgid9787.jpg,missing in metadata
dwgid9796.jpg,missing in metadata
dwgid9803.jpg,missing in metadata
dwgid9805.jpg,missing in metadata
dwgid9806.jpg,missing in metadata
dwgid9817.jpg,missing in metadata
dwgid9821.jpg,missing in metadata
dwgid9851.jpg,missing in metadata
dwgid9852.jpg,missing in metadata
dwgid9853.jpg,missing in metadata
dwgid9855.jpg,missing in metadata
dwgid9857.jpg,missing in metadata
dwgid9858.jpg,missing in metadata
dwgid9860.jpg,missing in metadata
dwgid9861.jpg,missing in metadata
dwgid9863.jpg,missing in metadata
dwgid9864.jpg,missing in metadata
dwgid9885.jpg,missing in metadata
dwgid9911.jpg,missing in metadata
dwgid9915.jpg,missing in metadata
dwgid9936.jpg,missing in metadata
dwgid9938.jpg,missing in metadata
dwgid9940.jpg,missing in metadata
dwgid9942.jpg,missing in metadata
dwgid9943.jpg,missing in metadata
dwgid9944.jpg,missing in metadata
dwgid9945.jpg,missing in metadata
dwgid9946.jpg,missing in metadata
dwgid9947.jpg,missing in metadata
dwgid9948.jpg,missing in metadata
dwgid9950.jpg,missing in metadata
dwgid9955.jpg,missing in metadata
dwgid9964.jpg,missing in metadata
dwgid9975.jpg,missing in metadata
dwgid9976.jpg,missing in metadata
n5.14 u63 bunal 249 rp15263.jpg,missing in metadata
n5.14 u63 bunal 289 rp15255.jpg,missing in metadata
ws_ftp.log,missing in metadata