filename,status,metadata,dataset
dwgid12101.jpg,missing in metadata,https://pi.lib.uchicago.edu/1001/org/ochre/77726c02-ec6f-3f80-e5f1-c5bfbf778f13,Dataset 55
dwgid0002.jpg,missing in metadata,https://pi.lib.uchicago.edu/1001/org/ochre/ea0078a0-5874-cb02-cf92-cbb67c93b9c8,Dataset 55
dwgid0008.jpg,missing in metadata,https://pi.lib.uchicago.edu/1001/org/ochre/f47741eb-a631-53ff-f2b7-239d77324717,Dataset 55
dwgid0009.jpg,missing in metadata,https://pi.lib.uchicago.edu/1001/org/ochre/3827fa4b-9041-bfe0-1201-9165770646d3,Dataset 55
dwgid0010.jpg,missing in metadata,https://pi.lib.uchicago.edu/1001/org/ochre/357c0f88-0e5b-ac01-4e19-78b7532505e6,Dataset 55
dwgid0011.jpg,missing in metadata,https://pi.lib.uchicago.edu/1001/org/ochre/99b7bd0a-5ea8-add9-4401-231d604039e8,Dataset 55
dwgid0012.jpg,missing in metadata,https://pi.lib.uchicago.edu/1001/org/ochre/5d0808ff-6b7e-6880-c2f3-15a0a4b2a2d3,Dataset 55
dwgid0013.jpg,missing in metadata,https://pi.lib.uchicago.edu/1001/org/ochre/6e09d4f4-af9a-8f85-6db7-119f74a7c7cc,Dataset 55
dwgid0014.jpg,missing in metadata,https://pi.lib.uchicago.edu/1001/org/ochre/bf4d92e1-adca-5ced-bfa8-6f3393ee3e8a,Dataset 55
dwgid0016.jpg,missing in metadata,https://pi.lib.uchicago.edu/1001/org/ochre/9864a29c-71f0-cff5-8a16-d5e56ea0e6c1,Dataset 55
dwgid0017.jpg,missing in metadata,https://pi.lib.uchicago.edu/1001/org/ochre/d70e53a3-7cdd-b6c0-3da9-b3b269446af4,Dataset 55
dwgid0018.jpg,missing in metadata,https://pi.lib.uchicago.edu/1001/org/ochre/6e248f37-fc2c-9eca-4a7d-f2fb75ae5924,Dataset 55
dwgid0019.jpg,missing in metadata,https://pi.lib.uchicago.edu/1001/org/ochre/a55e72fc-ca90-7e0a-8f98-a57b2ad59d03,Dataset 55
dwgid0021.jpg,missing in metadata,https://pi.lib.uchicago.edu/1001/org/ochre/31a5b61d-3af4-0f5f-c91c-2dc49b089c29,Dataset 55
dwgid0022.jpg,missing in metadata,https://pi.lib.uchicago.edu/1001/org/ochre/3a60e134-b2ec-b3f1-72fc-09a364277366,Dataset 55
dwgid0023.jpg,missing in metadata,https://pi.lib.uchicago.edu/1001/org/ochre/914076d5-867c-c5d7-1ff0-f5accc967d2d,Dataset 55
dwgid0024.jpg,missing in metadata,https://pi.lib.uchicago.edu/1001/org/ochre/8e77e8ae-f4de-63b1-7c37-872ecbb936c1,Dataset 55
dwgid0025.jpg,missing in metadata,https://pi.lib.uchicago.edu/1001/org/ochre/e1c1eed4-15b7-2e0b-cf21-fcf9a633a7c9,Dataset 55
dwgid0026.jpg,missing in metadata,https://pi.lib.uchicago.edu/1001/org/ochre/0cb38917-129f-83e3-3391-767e8601206e,Dataset 55
dwgid0027.jpg,missing in metadata,https://pi.lib.uchicago.edu/1001/org/ochre/8dba3943-4916-1b70-eaf3-0b5935ec3fe4,Dataset 55
dwgid0028.jpg,missing in metadata,https://pi.lib.uchicago.edu/1001/org/ochre/27b5c761-4c94-fdc9-d14b-66ba77e61bdb,Dataset 55
dwgid0029.jpg,missing in metadata,https://pi.lib.uchicago.edu/1001/org/ochre/ce910fc9-303c-9d30-ff50-cba23130a830,Dataset 55
dwgid0030.jpg,missing in metadata,https://pi.lib.uchicago.edu/1001/org/ochre/dd21e455-bc0e-2347-400b-c887ecd8fab1,Dataset 55
dwgid0032.jpg,missing in metadata,https://pi.lib.uchicago.edu/1001/org/ochre/ab2fead9-2fdb-fa30-d8bf-0c0dfdaa2640,Dataset 55
dwgid0033.jpg,missing in metadata,https://pi.lib.uchicago.edu/1001/org/ochre/ec405ead-b4b0-55da-c1a8-aa9be77b625f,Dataset 55
dwgid0034.jpg,missing in metadata,https://pi.lib.uchicago.edu/1001/org/ochre/2902c70e-4885-7b10-795f-a064bf407583,Dataset 55
dwgid0035.jpg,missing in metadata,https://pi.lib.uchicago.edu/1001/org/ochre/ae515173-2468-b641-da1e-275e984297d8,Dataset 55
dwgid0036.jpg,missing in metadata,https://pi.lib.uchicago.edu/1001/org/ochre/6deb3ed7-707e-81dc-b06b-964c64d6ab6b,Dataset 55
dwgid0038.jpg,missing in metadata,https://pi.lib.uchicago.edu/1001/org/ochre/463eb62c-f9c6-51ae-485c-02951d466dac,Dataset 55
dwgid0039.jpg,missing in metadata,https://pi.lib.uchicago.edu/1001/org/ochre/a6261f20-4ab8-6efb-745e-9e105efc53bd,Dataset 55
dwgid0040.jpg,missing in metadata,https://pi.lib.uchicago.edu/1001/org/ochre/d95ed1e6-e216-db06-64b9-0526edd6d23f,Dataset 55
dwgid0041.jpg,missing in metadata,https://pi.lib.uchicago.edu/1001/org/ochre/4f37a9b5-3dbc-7304-db77-be0282cb6f1f,Dataset 55
dwgid0043.jpg,missing in metadata,https://pi.lib.uchicago.edu/1001/org/ochre/1a97710e-4a80-1b65-e417-a1d62e8cbc14,Dataset 55
dwgid0044.jpg,missing in metadata,https://pi.lib.uchicago.edu/1001/org/ochre/c7cd712c-24fd-28d4-d2a0-a1e85bb0f3af,Dataset 55
dwgid0045.jpg,missing in metadata,https://pi.lib.uchicago.edu/1001/org/ochre/bf538290-383e-78d9-d154-85da57eaa40a,Dataset 55
dwgid0046.jpg,missing in metadata,https://pi.lib.uchicago.edu/1001/org/ochre/49de8c79-19ea-7fb4-3696-13d489d7bd9d,Dataset 55
dwgid0047.jpg,missing in metadata,https://pi.lib.uchicago.edu/1001/org/ochre/ec39730f-3f0b-fc52-9e83-8631ef259501,Dataset 55
dwgid0048.jpg,missing in metadata,https://pi.lib.uchicago.edu/1001/org/ochre/bea77703-7bde-433e-eae3-2267c10397cc,Dataset 55
dwgid0050.jpg,missing in metadata,https://pi.lib.uchicago.edu/1001/org/ochre/ecb94bb9-d95b-4e29-9a8b-ad37753e76d0,Dataset 55
dwgid0052.jpg,missing in metadata,https://pi.lib.uchicago.edu/1001/org/ochre/26bbeda7-3733-1303-3190-e6f5dd83f571,Dataset 55
dwgid0053.jpg,missing in metadata,https://pi.lib.uchicago.edu/1001/org/ochre/5be289b0-1735-75b4-3ec8-f0bbcb1dc4c5,Dataset 55
dwgid0054.jpg,missing in metadata,https://pi.lib.uchicago.edu/1001/org/ochre/789a764c-126f-0a30-d48a-361bfa918527,Dataset 55
dwgid0055.jpg,missing in metadata,https://pi.lib.uchicago.edu/1001/org/ochre/676e2b92-28b5-a853-26b3-3047c2cc448f,Dataset 55
dwgid0056.jpg,missing in metadata,https://pi.lib.uchicago.edu/1001/org/ochre/65541c38-e624-46f5-3ad0-c948f6c9a3a5,Dataset 55
dwgid0057.jpg,missing in metadata,https://pi.lib.uchicago.edu/1001/org/ochre/5b349c3a-ad02-2926-31fe-586ead5c94f5,Dataset 55
dwgid0058.jpg,missing in metadata,https://pi.lib.uchicago.edu/1001/org/ochre/13438686-de44-7623-6a18-ae3d18ea536e,Dataset 55
dwgid0059.jpg,missing in metadata,https://pi.lib.uchicago.edu/1001/org/ochre/f38ed140-a017-0b82-6751-761452d9c552,Dataset 55
dwgid0060.jpg,missing in metadata,https://pi.lib.uchicago.edu/1001/org/ochre/eaeb63aa-144b-e509-7bf3-ad5255e17ca7,Dataset 55
dwgid0061.jpg,missing in metadata,https://pi.lib.uchicago.edu/1001/org/ochre/f6c0df3b-efe1-c528-0e43-bfa6b208d79d,Dataset 55
dwgid0062.jpg,missing in metadata,https://pi.lib.uchicago.edu/1001/org/ochre/a0867a65-e893-a99d-74d7-6c530965a806,Dataset 55
dwgid0063.jpg,missing in metadata,https://pi.lib.uchicago.edu/1001/org/ochre/fc46beaf-5908-fd4d-01a3-f6a03985da4d,Dataset 55
dwgid0064.jpg,missing in metadata,https://pi.lib.uchicago.edu/1001/org/ochre/ee5921a8-1db1-361d-f265-fd2ca9076be2,Dataset 55
dwgid0065.jpg,missing in metadata,https://pi.lib.uchicago.edu/1001/org/ochre/de9e8649-e206-fc0b-bdc3-a883aa736c3f,Dataset 55
dwgid0066.jpg,missing in metadata,https://pi.lib.uchicago.edu/1001/org/ochre/2b041a1a-156d-89ed-d312-d0b43bea6676,Dataset 55
dwgid0067.jpg,missing in metadata,https://pi.lib.uchicago.edu/1001/org/ochre/99054f5a-2d6c-4c49-7233-1f783657c740,Dataset 55
dwgid0068.jpg,missing in metadata,https://pi.lib.uchicago.edu/1001/org/ochre/4142a455-74c1-a221-0289-4e018c83d3bc,Dataset 55
dwgid0069.jpg,missing in metadata,https://pi.lib.uchicago.edu/1001/org/ochre/f9fd0ebe-5581-7748-d24c-01aa3623bdb5,Dataset 55
dwgid0070.jpg,missing in metadata,https://pi.lib.uchicago.edu/1001/org/ochre/a7e3ca41-61fd-af81-5bc6-b87d69d906ea,Dataset 55
dwgid0071.jpg,missing in metadata,https://pi.lib.uchicago.edu/1001/org/ochre/2fd205cf-6b99-7c0f-487d-665d6ee4019c,Dataset 55
dwgid0072.jpg,missing in metadata,https://pi.lib.uchicago.edu/1001/org/ochre/2c93be19-9ad6-7edd-ee3b-04b5d24ce618,Dataset 55
dwgid0073.jpg,missing in metadata,https://pi.lib.uchicago.edu/1001/org/ochre/735b5db9-baa4-b352-c6bb-8d4382765666,Dataset 55
dwgid0074.jpg,missing in metadata,https://pi.lib.uchicago.edu/1001/org/ochre/fa1c4abe-e581-4291-b093-002db2a517df,Dataset 55
dwgid0075.jpg,missing in metadata,https://pi.lib.uchicago.edu/1001/org/ochre/2d59e2cf-34ca-58ca-fdcf-53d0ee38b93d,Dataset 55
dwgid0076.jpg,missing in metadata,https://pi.lib.uchicago.edu/1001/org/ochre/581059fa-b833-4fa8-6345-f8fe6fe71f62,Dataset 55
dwgid0077.jpg,missing in metadata,https://pi.lib.uchicago.edu/1001/org/ochre/de70ca7b-2ac1-65b1-f1d6-1c8929e7b9fe,Dataset 55
dwgid0078.jpg,missing in metadata,https://pi.lib.uchicago.edu/1001/org/ochre/cdd17f13-85bb-4cc2-a795-178cc840be00,Dataset 55
dwgid0079.jpg,missing in metadata,https://pi.lib.uchicago.edu/1001/org/ochre/9c3cde32-9bed-0c71-25dd-e30390f65023,Dataset 55
dwgid0080.jpg,missing in metadata,https://pi.lib.uchicago.edu/1001/org/ochre/fcfe1c8d-9d84-deb5-4f2a-c7cc045367b3,Dataset 55
dwgid0081.jpg,missing in metadata,https://pi.lib.uchicago.edu/1001/org/ochre/df68e04d-3942-ba2c-1f9f-328930490c76,Dataset 55
dwgid0082.jpg,missing in metadata,https://pi.lib.uchicago.edu/1001/org/ochre/14e593e0-5e68-8bdd-f751-cc8f68c2f8c2,Dataset 55
dwgid0083.jpg,missing in metadata,https://pi.lib.uchicago.edu/1001/org/ochre/ee60573d-fa0b-9459-a1e9-49fd833d3627,Dataset 55
dwgid0084.jpg,missing in metadata,https://pi.lib.uchicago.edu/1001/org/ochre/5e522d5f-1191-82ac-e144-bd0b8819c11c,Dataset 55
dwgid0085.jpg,missing in metadata,https://pi.lib.uchicago.edu/1001/org/ochre/2897c314-dbfd-a7dd-aeb5-7647bfcd84bd,Dataset 55
dwgid0086.jpg,missing in metadata,https://pi.lib.uchicago.edu/1001/org/ochre/72f99856-7ffc-50db-9490-2847d26fcebc,Dataset 55
dwgid0087.jpg,missing in metadata,https://pi.lib.uchicago.edu/1001/org/ochre/e514a9ab-bba5-86e3-fda7-50c16dd9fb42,Dataset 55
dwgid0088.jpg,missing in metadata,https://pi.lib.uchicago.edu/1001/org/ochre/2eb9c427-f27f-a2c8-a1a1-cf9a0f747c3a,Dataset 55
dwgid0089.jpg,missing in metadata,https://pi.lib.uchicago.edu/1001/org/ochre/b44c1b78-cd0a-d27f-74cc-901ae84896e1,Dataset 55
dwgid0090.jpg,missing in metadata,https://pi.lib.uchicago.edu/1001/org/ochre/b24089ef-2d0e-bb0e-de81-df3eb2e7c6eb,Dataset 55
dwgid0091.jpg,missing in metadata,https://pi.lib.uchicago.edu/1001/org/ochre/81987aa3-541e-9956-d472-33ea1620672d,Dataset 55
dwgid0092.jpg,missing in metadata,https://pi.lib.uchicago.edu/1001/org/ochre/0df03dcb-343e-12c3-3a2f-164194e01db8,Dataset 55
dwgid0093.jpg,missing in metadata,https://pi.lib.uchicago.edu/1001/org/ochre/fb7db920-ecc4-6dce-34cc-e2506397e0c5,Dataset 55
dwgid0094.jpg,missing in metadata,https://pi.lib.uchicago.edu/1001/org/ochre/195c3d21-9619-a7a3-8c73-c7f731e3b1d4,Dataset 55
dwgid0095.jpg,missing in metadata,https://pi.lib.uchicago.edu/1001/org/ochre/4272ca5d-f507-36e2-26a9-a7ad2c023ecd,Dataset 55
dwgid0096.jpg,missing in metadata,https://pi.lib.uchicago.edu/1001/org/ochre/302f749e-fa13-9cbc-1055-ba61043f3bac,Dataset 55
dwgid0097.jpg,missing in metadata,https://pi.lib.uchicago.edu/1001/org/ochre/3c95cbac-9b79-a949-0907-ec4ef981d0df,Dataset 55
dwgid0098.jpg,missing in metadata,https://pi.lib.uchicago.edu/1001/org/ochre/560b4b9c-fd29-299f-2f60-0508b9cd66f2,Dataset 55
dwgid0099.jpg,missing in metadata,https://pi.lib.uchicago.edu/1001/org/ochre/fbeaa97b-bfb6-4098-e6dd-2131363c5d3c,Dataset 55
dwgid0100.jpg,missing in metadata,https://pi.lib.uchicago.edu/1001/org/ochre/e14d266a-0a83-58f7-454a-7cb5fd0c56ea,Dataset 55
dwgid0101.jpg,missing in metadata,https://pi.lib.uchicago.edu/1001/org/ochre/09d58c9f-a597-619c-e287-00c24e6c335b,Dataset 55
dwgid0102.jpg,missing in metadata,https://pi.lib.uchicago.edu/1001/org/ochre/1fcea4ae-e75c-6794-371e-3ba5e5131b6c,Dataset 55
dwgid0103.jpg,missing in metadata,https://pi.lib.uchicago.edu/1001/org/ochre/c7bf2a98-edd4-04d9-f397-1af5b4335894,Dataset 55
dwgid0104.jpg,missing in metadata,https://pi.lib.uchicago.edu/1001/org/ochre/6ab3a957-7ddd-9ba6-a474-6018b404a8f4,Dataset 55
dwgid0105.jpg,missing in metadata,https://pi.lib.uchicago.edu/1001/org/ochre/79c19759-bff3-d3e6-a739-d154cc20ca77,Dataset 55
dwgid0107.jpg,missing in metadata,https://pi.lib.uchicago.edu/1001/org/ochre/fa4d587b-91d9-373d-b331-2f5f393af2c5,Dataset 55
dwgid0108.jpg,missing in metadata,https://pi.lib.uchicago.edu/1001/org/ochre/45eb94e2-bc46-b716-01e8-729b0461a712,Dataset 55
dwgid0109.jpg,missing in metadata,https://pi.lib.uchicago.edu/1001/org/ochre/a300919a-7be3-2770-8602-fd0d81967ecf,Dataset 55
dwgid0110.jpg,missing in metadata,https://pi.lib.uchicago.edu/1001/org/ochre/0c4928c9-8c70-ebca-d395-af86519d41de,Dataset 55
dwgid0111.jpg,missing in metadata,https://pi.lib.uchicago.edu/1001/org/ochre/b4a22753-7dcb-41a5-5b75-91a30096597e,Dataset 55
dwgid0112.jpg,missing in metadata,https://pi.lib.uchicago.edu/1001/org/ochre/aad9ea7d-1b6c-8772-665b-458ddcc03027,Dataset 55
dwgid0113.jpg,missing in metadata,https://pi.lib.uchicago.edu/1001/org/ochre/6a1fdf8a-efa6-03e1-e7bd-a09b46b95522,Dataset 55
dwgid0114.jpg,missing in metadata,https://pi.lib.uchicago.edu/1001/org/ochre/9bdf3808-ec72-47b6-0a8f-1f2ba86cad1b,Dataset 55
dwgid0115.jpg,missing in metadata,https://pi.lib.uchicago.edu/1001/org/ochre/98271557-b6f8-6ea2-4a9e-c33153840d97,Dataset 55
dwgid0117.jpg,missing in metadata,https://pi.lib.uchicago.edu/1001/org/ochre/e5b5dca6-e882-f1b4-e780-3277306470f4,Dataset 55
dwgid0118.jpg,missing in metadata,https://pi.lib.uchicago.edu/1001/org/ochre/942d4959-3e25-5071-1536-6f395d60bc73,Dataset 55
dwgid0120.jpg,missing in metadata,https://pi.lib.uchicago.edu/1001/org/ochre/b6c89e07-c19f-173c-e420-b4c314b4533c,Dataset 55
dwgid0121.jpg,missing in metadata,https://pi.lib.uchicago.edu/1001/org/ochre/f012e1be-9178-d384-cc3e-9037dffa0888,Dataset 55
dwgid0122.jpg,missing in metadata,https://pi.lib.uchicago.edu/1001/org/ochre/d3f7f58f-e546-c9ae-d463-882578b6a280,Dataset 55
dwgid0123.jpg,missing in metadata,https://pi.lib.uchicago.edu/1001/org/ochre/778cc26f-31d7-9d50-b063-e5a49b58c9b9,Dataset 55
dwgid0126.jpg,missing in metadata,https://pi.lib.uchicago.edu/1001/org/ochre/cfcc004f-1a1f-880c-18be-c3bf3a8bcf78,Dataset 55
dwgid0127.jpg,missing in metadata,https://pi.lib.uchicago.edu/1001/org/ochre/af6a36e1-8f6c-79ea-28fa-b6de7735a210,Dataset 55
dwgid0128.jpg,missing in metadata,https://pi.lib.uchicago.edu/1001/org/ochre/b7ee9873-c12b-5b29-0f2b-2efe7694b47f,Dataset 55
dwgid0129.jpg,missing in metadata,https://pi.lib.uchicago.edu/1001/org/ochre/0a63ed0d-9947-ed78-b0be-37010eded817,Dataset 55
dwgid0130.jpg,missing in metadata,https://pi.lib.uchicago.edu/1001/org/ochre/685b97fe-4ced-3f99-6656-1b5c6cfd95f1,Dataset 55
dwgid0131.jpg,missing in metadata,https://pi.lib.uchicago.edu/1001/org/ochre/fe6a55c1-9e18-fcaa-a09c-d39cfaff6978,Dataset 55
dwgid0132.jpg,missing in metadata,https://pi.lib.uchicago.edu/1001/org/ochre/fc6dee2f-13d0-2cdd-13f3-2727df8ddbb1,Dataset 55
dwgid0133.jpg,missing in metadata,https://pi.lib.uchicago.edu/1001/org/ochre/d1287c0a-69ac-1bdc-1f81-1e1e7c22c1c5,Dataset 55
dwgid0134.jpg,missing in metadata,https://pi.lib.uchicago.edu/1001/org/ochre/a4070033-bd74-994a-cca0-455281f0c326,Dataset 55
dwgid0135.jpg,missing in metadata,https://pi.lib.uchicago.edu/1001/org/ochre/fd5212f5-e14d-b110-0884-1fa1f19a533e,Dataset 55
dwgid0136.jpg,missing in metadata,https://pi.lib.uchicago.edu/1001/org/ochre/bfcc92f8-325a-f1c8-44bf-e1306942d81e,Dataset 55
dwgid0137.jpg,missing in metadata,https://pi.lib.uchicago.edu/1001/org/ochre/e210ab02-c4c1-2bb9-02e5-e07525d683f5,Dataset 55
dwgid0138.jpg,missing in metadata,https://pi.lib.uchicago.edu/1001/org/ochre/ce54fba5-b953-f260-f610-718977ae6d5b,Dataset 55
dwgid0139.jpg,missing in metadata,https://pi.lib.uchicago.edu/1001/org/ochre/786320f8-72db-2e79-dd6a-a2eef723af10,Dataset 55
dwgid0140.jpg,missing in metadata,https://pi.lib.uchicago.edu/1001/org/ochre/be5e19ba-8b1b-2887-9692-4dfc98d24774,Dataset 55
dwgid0141.jpg,missing in metadata,https://pi.lib.uchicago.edu/1001/org/ochre/35e41304-386e-dd22-3f0b-91eb7a4d9e79,Dataset 55
dwgid0142.jpg,missing in metadata,https://pi.lib.uchicago.edu/1001/org/ochre/6a9549bc-4812-32a0-0958-f41da84856c4,Dataset 55
dwgid0143.jpg,missing in metadata,https://pi.lib.uchicago.edu/1001/org/ochre/b1f4ed94-55e0-6383-9d8d-fc37faa0d670,Dataset 55
dwgid0144.jpg,missing in metadata,https://pi.lib.uchicago.edu/1001/org/ochre/06d83acd-37ed-6116-9087-b40a9a51654d,Dataset 55
dwgid0145.jpg,missing in metadata,https://pi.lib.uchicago.edu/1001/org/ochre/827203e2-5806-1d6b-a0c6-cf908f4ff3de,Dataset 55
dwgid0146.jpg,missing in metadata,https://pi.lib.uchicago.edu/1001/org/ochre/4b2153a4-6139-cd72-545f-ff9aabd852d3,Dataset 55
dwgid0147.jpg,missing in metadata,https://pi.lib.uchicago.edu/1001/org/ochre/babd0040-da2c-cef2-40fe-72dbdd747566,Dataset 55
dwgid0148.jpg,missing in metadata,https://pi.lib.uchicago.edu/1001/org/ochre/11967796-2458-a310-1bfe-1cb63130897e,Dataset 55
dwgid0149.jpg,missing in metadata,https://pi.lib.uchicago.edu/1001/org/ochre/0f928a58-49b2-447b-93e7-3ea266982848,Dataset 55
dwgid0150.jpg,missing in metadata,https://pi.lib.uchicago.edu/1001/org/ochre/b7174f9a-46d9-0979-2419-d2df64cbf75c,Dataset 55
dwgid0151.jpg,missing in metadata,https://pi.lib.uchicago.edu/1001/org/ochre/18f7141f-1fae-4bc9-f37b-6260020f714e,Dataset 55
dwgid0152.jpg,missing in metadata,https://pi.lib.uchicago.edu/1001/org/ochre/47d5ba4f-c25c-724d-d2a6-65bfd6ab18f7,Dataset 55
dwgid0153.jpg,missing in metadata,https://pi.lib.uchicago.edu/1001/org/ochre/4ef167a0-c92f-e586-f7cb-e9c2d6ffd83f,Dataset 55
dwgid0154.jpg,missing in metadata,https://pi.lib.uchicago.edu/1001/org/ochre/c5c8ab33-9bb7-ea9e-e620-5e5da18bf0de,Dataset 55
dwgid0155.jpg,missing in metadata,https://pi.lib.uchicago.edu/1001/org/ochre/e8ca9832-b175-1ffe-94b2-2ca84d58a43f,Dataset 55
dwgid0156.jpg,missing in metadata,https://pi.lib.uchicago.edu/1001/org/ochre/5348c1ca-db0d-6ec0-a35c-5c0e95dc39f2,Dataset 55
dwgid0157.jpg,missing in metadata,https://pi.lib.uchicago.edu/1001/org/ochre/d9a8737f-a722-7432-6db0-34acfbe8cb4e,Dataset 55
dwgid0158.jpg,missing in metadata,https://pi.lib.uchicago.edu/1001/org/ochre/355a9802-1c8b-7d94-8dea-a35918ecbe8a,Dataset 55
dwgid0159.jpg,missing in metadata,https://pi.lib.uchicago.edu/1001/org/ochre/cd94cbd6-87be-d96f-a693-5163732f48b4,Dataset 55
dwgid0160.jpg,missing in metadata,https://pi.lib.uchicago.edu/1001/org/ochre/3d3a66f2-15f5-dad0-1744-575b54be5c62,Dataset 55
dwgid0161.jpg,missing in metadata,https://pi.lib.uchicago.edu/1001/org/ochre/91f12dfd-5a8f-6c5f-1118-5db204c0b648,Dataset 55
dwgid0162.jpg,missing in metadata,https://pi.lib.uchicago.edu/1001/org/ochre/81f14a58-c551-7244-e60a-2b1a06800b98,Dataset 55
dwgid0163.jpg,missing in metadata,https://pi.lib.uchicago.edu/1001/org/ochre/1ca00963-8bef-80d1-7fbf-37978311be0c,Dataset 55
dwgid0164.jpg,missing in metadata,https://pi.lib.uchicago.edu/1001/org/ochre/f63d3af9-3a7e-2daf-7843-f4b5b2a73c36,Dataset 55
dwgid0165.jpg,missing in metadata,https://pi.lib.uchicago.edu/1001/org/ochre/24d8e57e-95d7-f854-681f-dafbeb64aaf4,Dataset 55
dwgid0166.jpg,missing in metadata,https://pi.lib.uchicago.edu/1001/org/ochre/4921b617-aab8-d082-7f32-7d0076e58319,Dataset 55
dwgid0167.jpg,missing in metadata,https://pi.lib.uchicago.edu/1001/org/ochre/e7c1e5e5-981c-fd18-b501-5f338e5a5912,Dataset 55
dwgid0168.jpg,missing in metadata,https://pi.lib.uchicago.edu/1001/org/ochre/4951730f-3ee5-81d8-a8f5-cad5c57b9202,Dataset 55
dwgid0169.jpg,missing in metadata,https://pi.lib.uchicago.edu/1001/org/ochre/1293545d-5f01-eff6-73de-d9b8b82fa9ae,Dataset 55
dwgid0170.jpg,missing in metadata,https://pi.lib.uchicago.edu/1001/org/ochre/94bdf1f3-5536-6ff8-1399-d31e8ab22119,Dataset 55
dwgid0171.jpg,missing in metadata,https://pi.lib.uchicago.edu/1001/org/ochre/df022dbf-64e6-04fa-823f-bc757464e2c5,Dataset 55
dwgid0172.jpg,missing in metadata,https://pi.lib.uchicago.edu/1001/org/ochre/082fe9e2-23c3-8f96-4b9d-5ee0795daba0,Dataset 55
dwgid0173.jpg,missing in metadata,https://pi.lib.uchicago.edu/1001/org/ochre/98696376-d05a-056a-8c78-ac607c1bd305,Dataset 55
dwgid0174.jpg,missing in metadata,https://pi.lib.uchicago.edu/1001/org/ochre/bea7d3aa-9f9a-03f3-0a65-9d460a334ffc,Dataset 55
dwgid0175.jpg,missing in metadata,https://pi.lib.uchicago.edu/1001/org/ochre/af41e38b-a2d6-d007-1b2e-ddad442b7dc5,Dataset 55
dwgid0176.jpg,missing in metadata,https://pi.lib.uchicago.edu/1001/org/ochre/4ba0540b-bc58-a74b-2ed4-c2894e3337fc,Dataset 55
dwgid0177.jpg,missing in metadata,https://pi.lib.uchicago.edu/1001/org/ochre/82730028-aad8-2f9a-6434-2c93bb2bf7f5,Dataset 55
dwgid0178.jpg,missing in metadata,https://pi.lib.uchicago.edu/1001/org/ochre/ed7eb225-724d-466f-e432-761a9399e243,Dataset 55
dwgid0179.jpg,missing in metadata,https://pi.lib.uchicago.edu/1001/org/ochre/c02847aa-4eba-3166-2956-42a8387103d0,Dataset 55
dwgid0180.jpg,missing in metadata,https://pi.lib.uchicago.edu/1001/org/ochre/16aeb930-79af-85e6-94a9-e6f848f6847d,Dataset 55
dwgid0181.jpg,missing in metadata,https://pi.lib.uchicago.edu/1001/org/ochre/98beda6d-5e95-7f2d-19fa-441c0f0afa77,Dataset 55
dwgid0182.jpg,missing in metadata,https://pi.lib.uchicago.edu/1001/org/ochre/86c0e4f2-0c60-7ba3-43d4-335091edcd89,Dataset 55
dwgid0183.jpg,missing in metadata,https://pi.lib.uchicago.edu/1001/org/ochre/93e34bee-109e-4576-1619-8c5d05515c02,Dataset 55
dwgid0184.jpg,missing in metadata,https://pi.lib.uchicago.edu/1001/org/ochre/eb114029-38e5-63fb-68bb-50987bb49c71,Dataset 55
dwgid0185.jpg,missing in metadata,https://pi.lib.uchicago.edu/1001/org/ochre/8287e3de-cd20-aca2-0c60-4f716e9dad54,Dataset 55
dwgid0186.jpg,missing in metadata,https://pi.lib.uchicago.edu/1001/org/ochre/5036180f-d49e-0087-62f2-ef77699cb35d,Dataset 55
dwgid0187.jpg,missing in metadata,https://pi.lib.uchicago.edu/1001/org/ochre/e63e89e3-c594-a059-4f36-e55a361da217,Dataset 55
dwgid0188.jpg,missing in metadata,https://pi.lib.uchicago.edu/1001/org/ochre/09dac331-4c9f-445b-8527-a1af05138cae,Dataset 55
dwgid0189.jpg,missing in metadata,https://pi.lib.uchicago.edu/1001/org/ochre/8c0fdc59-28ff-e990-2e0d-66c321de20b0,Dataset 55
dwgid0190.jpg,missing in metadata,https://pi.lib.uchicago.edu/1001/org/ochre/1b0feda3-f618-6f70-4c97-5236d82d0e8e,Dataset 55
dwgid0191.jpg,missing in metadata,https://pi.lib.uchicago.edu/1001/org/ochre/726c5e5e-dd8e-c130-1f98-c2d1b23e18db,Dataset 55
dwgid0192.jpg,missing in metadata,https://pi.lib.uchicago.edu/1001/org/ochre/bec71864-81b9-2be4-328c-4ad91f49a7af,Dataset 55
dwgid0193.jpg,missing in metadata,https://pi.lib.uchicago.edu/1001/org/ochre/a797cbb0-61b9-6ba9-d881-00fe93a6496f,Dataset 55
dwgid0194.jpg,missing in metadata,https://pi.lib.uchicago.edu/1001/org/ochre/555463b8-e4e5-fce1-7a0c-2344c524dfd0,Dataset 55
dwgid0195.jpg,missing in metadata,https://pi.lib.uchicago.edu/1001/org/ochre/a870ef23-5616-1a07-f568-b8cc3dda708c,Dataset 55
dwgid0196.jpg,missing in metadata,https://pi.lib.uchicago.edu/1001/org/ochre/0202c84c-70bf-cfbd-88d4-b2e9bff93880,Dataset 55
dwgid0197.jpg,missing in metadata,https://pi.lib.uchicago.edu/1001/org/ochre/0382454b-5059-4b1d-7761-d88242ae4f6a,Dataset 55
dwgid0198.jpg,missing in metadata,https://pi.lib.uchicago.edu/1001/org/ochre/60676540-031d-f3ea-173a-5fbf6477b701,Dataset 55
dwgid0199.jpg,missing in metadata,https://pi.lib.uchicago.edu/1001/org/ochre/4ed0a8af-ee31-6d50-945e-097457d5904d,Dataset 55
dwgid0200.jpg,missing in metadata,https://pi.lib.uchicago.edu/1001/org/ochre/b0d4786c-7b39-8da9-9bf9-4c548e983253,Dataset 55
dwgid0201.jpg,missing in metadata,https://pi.lib.uchicago.edu/1001/org/ochre/de41b837-14c7-c8fc-2f72-b168b3156ec9,Dataset 55
dwgid0202.jpg,missing in metadata,https://pi.lib.uchicago.edu/1001/org/ochre/18ba67d7-6a67-0e7a-be69-039232e161c6,Dataset 55
dwgid0203.jpg,missing in metadata,https://pi.lib.uchicago.edu/1001/org/ochre/78b330c9-a22c-51f9-5cf4-b0158d2b8902,Dataset 55
dwgid0204.jpg,missing in metadata,https://pi.lib.uchicago.edu/1001/org/ochre/56d1d73c-c7fe-d912-16e9-b8a1452a0e96,Dataset 55
dwgid0205.jpg,missing in metadata,https://pi.lib.uchicago.edu/1001/org/ochre/5bfd804b-2ac1-1e33-acdb-f86ccf41c8f9,Dataset 55
dwgid0206.jpg,missing in metadata,https://pi.lib.uchicago.edu/1001/org/ochre/0fee1459-fc09-c2cf-a418-0831da45529a,Dataset 55
dwgid0207.jpg,missing in metadata,https://pi.lib.uchicago.edu/1001/org/ochre/bfc94031-d2c9-5d8b-cfab-f88f23a28b9e,Dataset 55
dwgid0208.jpg,missing in metadata,https://pi.lib.uchicago.edu/1001/org/ochre/059b352a-9a41-9435-6041-f970f946a3d3,Dataset 55
dwgid0209.jpg,missing in metadata,https://pi.lib.uchicago.edu/1001/org/ochre/c05d9850-d37d-b483-e910-5bb418ccbd7f,Dataset 55
dwgid0210.jpg,missing in metadata,https://pi.lib.uchicago.edu/1001/org/ochre/72c29a27-b31e-6273-6eee-7fe3239cf101,Dataset 55
dwgid0211.jpg,missing in metadata,https://pi.lib.uchicago.edu/1001/org/ochre/85766cea-b7ea-fcab-a9af-3b45153c37a6,Dataset 55
dwgid0213.jpg,missing in metadata,https://pi.lib.uchicago.edu/1001/org/ochre/4068d0cf-10e7-58a1-1011-1a94412b7d50,Dataset 55
dwgid0214.jpg,missing in metadata,https://pi.lib.uchicago.edu/1001/org/ochre/c916ab7e-dad8-e516-fc2e-e962335e5b31,Dataset 55
dwgid0215.jpg,missing in metadata,https://pi.lib.uchicago.edu/1001/org/ochre/d9ae510e-a91e-0072-2631-c985e0c427e8,Dataset 55
dwgid0216.jpg,missing in metadata,https://pi.lib.uchicago.edu/1001/org/ochre/3f9d30e8-6d8e-e47a-466e-99ab57d2ccfe,Dataset 55
dwgid0222.jpg,missing in metadata,https://pi.lib.uchicago.edu/1001/org/ochre/9bc05cc0-013b-26a1-da54-0ac7fc4cb43f,Dataset 55
dwgid0223.jpg,missing in metadata,https://pi.lib.uchicago.edu/1001/org/ochre/fa77fe11-0592-8318-b523-ffa7b549a5c2,Dataset 55
dwgid0225.jpg,missing in metadata,https://pi.lib.uchicago.edu/1001/org/ochre/f9321079-42d6-95d6-5f94-619a5881f31f,Dataset 55
dwgid0227.jpg,missing in metadata,https://pi.lib.uchicago.edu/1001/org/ochre/e53e4ef1-e274-9daa-e39c-5ad70978ce74,Dataset 55
dwgid0228.jpg,missing in metadata,https://pi.lib.uchicago.edu/1001/org/ochre/be2cc280-e7cd-69fc-e7c3-cc35651424ba,Dataset 55
dwgid0229.jpg,missing in metadata,https://pi.lib.uchicago.edu/1001/org/ochre/fb4241f8-2851-8545-a87d-ac5047fde179,Dataset 55
dwgid0230.jpg,missing in metadata,https://pi.lib.uchicago.edu/1001/org/ochre/9954c9c4-f794-a222-1fd5-69d811b08604,Dataset 55
dwgid0232.jpg,missing in metadata,https://pi.lib.uchicago.edu/1001/org/ochre/00b0ea6b-c983-1f28-7ba8-cadd9c39cafd,Dataset 55
dwgid0233.jpg,missing in metadata,https://pi.lib.uchicago.edu/1001/org/ochre/96ced32a-a262-711a-bd9f-46ba35d8d736,Dataset 55
dwgid0235.jpg,missing in metadata,https://pi.lib.uchicago.edu/1001/org/ochre/d6523edc-5823-b04c-93e5-dc4acca74d21,Dataset 55
dwgid0239.jpg,missing in metadata,https://pi.lib.uchicago.edu/1001/org/ochre/d4c8a348-9023-c86d-42a9-97fc123cb329,Dataset 55
dwgid0243.jpg,missing in metadata,https://pi.lib.uchicago.edu/1001/org/ochre/965fad45-a293-604d-20a4-527d32213700,Dataset 55
dwgid0244.jpg,missing in metadata,https://pi.lib.uchicago.edu/1001/org/ochre/584560c2-db88-f932-734c-088cd66399cf,Dataset 55
dwgid0245.jpg,missing in metadata,https://pi.lib.uchicago.edu/1001/org/ochre/1213e636-9652-51bd-4960-0b2a9a1651fa,Dataset 55
dwgid0246.jpg,missing in metadata,https://pi.lib.uchicago.edu/1001/org/ochre/078c2148-9f43-af61-0b0f-bd7794ad64ac,Dataset 55
dwgid0249.jpg,missing in metadata,https://pi.lib.uchicago.edu/1001/org/ochre/2cd7c802-d9d9-e00b-f7f5-786bfb57e03e,Dataset 55
dwgid0252.jpg,missing in metadata,https://pi.lib.uchicago.edu/1001/org/ochre/27fd4e5c-d238-8385-8b9f-9143c5b7a5d0,Dataset 55
dwgid0253.jpg,missing in metadata,https://pi.lib.uchicago.edu/1001/org/ochre/7367d3ae-1fba-625d-7cb7-8513c4d3b2ca,Dataset 55
dwgid0254.jpg,missing in metadata,https://pi.lib.uchicago.edu/1001/org/ochre/dac14ce2-3627-2440-d4b6-b24427d46467,Dataset 55
dwgid0255.jpg,missing in metadata,https://pi.lib.uchicago.edu/1001/org/ochre/e538d1c3-00ed-4e5f-7f20-9a287dbe23b4,Dataset 55
dwgid0256.jpg,missing in metadata,https://pi.lib.uchicago.edu/1001/org/ochre/f24c76db-8d00-8036-ac39-f87d392db59a,Dataset 55
dwgid0258.jpg,missing in metadata,https://pi.lib.uchicago.edu/1001/org/ochre/2326e0c4-3339-7d06-f7fd-9abb36aa2edb,Dataset 55
dwgid0259.jpg,missing in metadata,https://pi.lib.uchicago.edu/1001/org/ochre/e6c0d323-f5ee-2446-c33a-02d6148e133d,Dataset 55
dwgid0260.jpg,missing in metadata,https://pi.lib.uchicago.edu/1001/org/ochre/e907749e-16f1-7d8e-e78a-079df6c4c074,Dataset 55
dwgid0261.jpg,missing in metadata,https://pi.lib.uchicago.edu/1001/org/ochre/673f9306-e955-8cf5-aac4-77f140de97af,Dataset 55
dwgid0262.jpg,missing in metadata,https://pi.lib.uchicago.edu/1001/org/ochre/5b6267db-3009-f3c7-e10e-eee15bb6e1a5,Dataset 55
dwgid0263.jpg,missing in metadata,https://pi.lib.uchicago.edu/1001/org/ochre/24e024b4-66fe-cc7f-19ff-f4acebc8d6f4,Dataset 55
dwgid0264.jpg,missing in metadata,https://pi.lib.uchicago.edu/1001/org/ochre/05e34703-e9ed-ff8d-b0f6-b19073dcb642,Dataset 55
dwgid0265.jpg,missing in metadata,https://pi.lib.uchicago.edu/1001/org/ochre/27890de3-ed13-ffec-3362-ce34a569f1db,Dataset 55
dwgid0266.jpg,missing in metadata,https://pi.lib.uchicago.edu/1001/org/ochre/3f100c8a-ef64-835c-4698-f1e21d66f2d0,Dataset 55
dwgid0267.jpg,missing in metadata,https://pi.lib.uchicago.edu/1001/org/ochre/d57c02b7-bfc4-41fe-acd7-57b2f680b45a,Dataset 55
dwgid0268.jpg,missing in metadata,https://pi.lib.uchicago.edu/1001/org/ochre/930a8c7d-c66a-a275-8ae9-d10f13238239,Dataset 55
dwgid0269.jpg,missing in metadata,https://pi.lib.uchicago.edu/1001/org/ochre/c5a0b4f9-54df-e7ba-4b5c-6e11ed583561,Dataset 55
dwgid0270.jpg,missing in metadata,https://pi.lib.uchicago.edu/1001/org/ochre/cc0b451f-35ca-3b48-87d8-13668f7c0658,Dataset 55
dwgid0271.jpg,missing in metadata,https://pi.lib.uchicago.edu/1001/org/ochre/6b6ca167-3519-517b-73ec-fcdf6da6171f,Dataset 55
dwgid0272.jpg,missing in metadata,https://pi.lib.uchicago.edu/1001/org/ochre/8c46cd34-0dc8-9b9b-284d-77fd138f2150,Dataset 55
dwgid0275.jpg,missing in metadata,https://pi.lib.uchicago.edu/1001/org/ochre/2ff82b1c-afeb-6bea-ee23-1ccb673313bd,Dataset 55
dwgid0276.jpg,missing in metadata,https://pi.lib.uchicago.edu/1001/org/ochre/69be92d9-83f1-eb9f-1d92-2037b0ce86ee,Dataset 55
dwgid0277.jpg,missing in metadata,https://pi.lib.uchicago.edu/1001/org/ochre/0e71a753-5974-3a1c-17e1-f7a27cbcf609,Dataset 55
dwgid0278.jpg,missing in metadata,https://pi.lib.uchicago.edu/1001/org/ochre/9db8c831-42f7-2299-64b6-62d1d7d86ac8,Dataset 55
dwgid0279.jpg,missing in metadata,https://pi.lib.uchicago.edu/1001/org/ochre/817b76f9-23f1-0f5c-08f6-83350809ad0a,Dataset 55
dwgid0280.jpg,missing in metadata,https://pi.lib.uchicago.edu/1001/org/ochre/6cfd04d4-1a72-5fbd-e5f3-804b62b3b166,Dataset 55
dwgid0281.jpg,missing in metadata,https://pi.lib.uchicago.edu/1001/org/ochre/5ae4d1a4-abb6-35ec-0140-d522d9452d09,Dataset 55
dwgid0282.jpg,missing in metadata,https://pi.lib.uchicago.edu/1001/org/ochre/f4fb92db-9781-f4cf-d336-c670471c32fe,Dataset 55
dwgid0283.jpg,missing in metadata,https://pi.lib.uchicago.edu/1001/org/ochre/71b5bfe6-e311-6a73-a14b-8b2b2f6d960b,Dataset 55
dwgid0284.jpg,missing in metadata,https://pi.lib.uchicago.edu/1001/org/ochre/fb4b6314-3b02-4a98-b625-5cf0dc6177d7,Dataset 55
dwgid0285.jpg,missing in metadata,https://pi.lib.uchicago.edu/1001/org/ochre/ca0949ba-3a46-1448-6a69-b6c72f875813,Dataset 55
dwgid0286.jpg,missing in metadata,https://pi.lib.uchicago.edu/1001/org/ochre/6d39ce44-2cdb-7bd2-78a8-0b8a86f4c02f,Dataset 55
dwgid0287.jpg,missing in metadata,https://pi.lib.uchicago.edu/1001/org/ochre/eca28e61-1dd8-7f62-a674-63d09834aea9,Dataset 55
dwgid0288.jpg,missing in metadata,https://pi.lib.uchicago.edu/1001/org/ochre/9dff9393-84ad-c562-fb57-3312cd75041a,Dataset 55
dwgid0289.jpg,missing in metadata,https://pi.lib.uchicago.edu/1001/org/ochre/468d14be-b471-1233-e726-eda9b5d6c773,Dataset 55
dwgid0290.jpg,missing in metadata,https://pi.lib.uchicago.edu/1001/org/ochre/58d0dce8-0adb-143a-f4be-a85d195b2d44,Dataset 55
dwgid0291.jpg,missing in metadata,https://pi.lib.uchicago.edu/1001/org/ochre/0c8db975-d00d-864e-a0c2-f07e56e6b14c,Dataset 55
dwgid0292.jpg,missing in metadata,https://pi.lib.uchicago.edu/1001/org/ochre/9fba4094-00f8-ddce-1a89-5f9af5001f7f,Dataset 55
dwgid0293.jpg,missing in metadata,https://pi.lib.uchicago.edu/1001/org/ochre/0161ff53-2655-9e11-e7da-797eb3818db7,Dataset 55
dwgid0294.jpg,missing in metadata,https://pi.lib.uchicago.edu/1001/org/ochre/53be7a64-9089-4f1c-daba-80071cb9326b,Dataset 55
dwgid0295.jpg,missing in metadata,https://pi.lib.uchicago.edu/1001/org/ochre/d48e3afe-5a5d-a9f6-a9da-4a4cb944d4f0,Dataset 55
dwgid0296.jpg,missing in metadata,https://pi.lib.uchicago.edu/1001/org/ochre/71e920d6-6dde-c94d-5ab5-93caa4838832,Dataset 55
dwgid0297.jpg,missing in metadata,https://pi.lib.uchicago.edu/1001/org/ochre/707aebb3-62b8-9d7a-7c40-7b5188a8be03,Dataset 55
dwgid0298.jpg,missing in metadata,https://pi.lib.uchicago.edu/1001/org/ochre/4c8f4a61-12fd-de00-e4d1-aee97e971061,Dataset 55
dwgid0299.jpg,missing in metadata,https://pi.lib.uchicago.edu/1001/org/ochre/472de038-7a13-e02f-f392-dbe5ee32f2cf,Dataset 55
dwgid0300.jpg,missing in metadata,https://pi.lib.uchicago.edu/1001/org/ochre/14a22006-af65-8f47-9cee-04533fc312a7,Dataset 55
dwgid0301.jpg,missing in metadata,https://pi.lib.uchicago.edu/1001/org/ochre/894d4aba-322e-9c77-f425-fcf2bf67ca71,Dataset 55
dwgid0302.jpg,missing in metadata,https://pi.lib.uchicago.edu/1001/org/ochre/f01bf209-864d-7f91-cf5f-1344cfce4393,Dataset 55
dwgid0303.jpg,missing in metadata,https://pi.lib.uchicago.edu/1001/org/ochre/058882ac-a025-045a-20e4-7487262947c0,Dataset 55
dwgid0304.jpg,missing in metadata,https://pi.lib.uchicago.edu/1001/org/ochre/0b3cfb3d-b743-8be7-d641-ef8d94c6a6e1,Dataset 55
dwgid0305.jpg,missing in metadata,https://pi.lib.uchicago.edu/1001/org/ochre/12354ac9-accb-46c9-ce7b-492e907df77e,Dataset 55
dwgid0306.jpg,missing in metadata,https://pi.lib.uchicago.edu/1001/org/ochre/2a5b1540-e7b5-88ff-919d-190f4cd4300d,Dataset 55
dwgid0307.jpg,missing in metadata,https://pi.lib.uchicago.edu/1001/org/ochre/446bddc7-a218-dd34-1a78-b1e1f0695f12,Dataset 55
dwgid0308.jpg,missing in metadata,https://pi.lib.uchicago.edu/1001/org/ochre/c4c29fa8-e925-cf79-b52e-268356acef95,Dataset 55
dwgid0309.jpg,missing in metadata,https://pi.lib.uchicago.edu/1001/org/ochre/27dafd05-fe37-504f-0479-3527ec7195e6,Dataset 55
dwgid0310.jpg,missing in metadata,https://pi.lib.uchicago.edu/1001/org/ochre/034a3a70-37c4-5e17-c4a7-4277358ab492,Dataset 55
dwgid0311.jpg,missing in metadata,https://pi.lib.uchicago.edu/1001/org/ochre/23f82216-c571-4c60-9372-48cd6f67700e,Dataset 55
dwgid0312.jpg,missing in metadata,https://pi.lib.uchicago.edu/1001/org/ochre/2f1ff25a-2943-0a44-66cf-9627beee9d80,Dataset 55
dwgid0313.jpg,missing in metadata,https://pi.lib.uchicago.edu/1001/org/ochre/2976a931-8843-4d2b-6357-9d12755ff134,Dataset 55
dwgid0314.jpg,missing in metadata,https://pi.lib.uchicago.edu/1001/org/ochre/d87f9d3c-ea0c-407f-5bc4-38449be17585,Dataset 55
dwgid0315.jpg,missing in metadata,https://pi.lib.uchicago.edu/1001/org/ochre/f0675a5d-84da-e389-6b48-6600bb939101,Dataset 55
dwgid0316.jpg,missing in metadata,https://pi.lib.uchicago.edu/1001/org/ochre/e769d2ef-1128-c8cd-6a49-190b3024e78d,Dataset 55
dwgid0317.jpg,missing in metadata,https://pi.lib.uchicago.edu/1001/org/ochre/b1a22e40-748e-31f8-5aac-d6f387017f47,Dataset 55
dwgid0318.jpg,missing in metadata,https://pi.lib.uchicago.edu/1001/org/ochre/89186b36-69de-de7c-7c13-a59ccdc015ee,Dataset 55
dwgid0319.jpg,missing in metadata,https://pi.lib.uchicago.edu/1001/org/ochre/76a52808-e503-61d2-92c2-a17558200fdb,Dataset 55
dwgid0320.jpg,missing in metadata,https://pi.lib.uchicago.edu/1001/org/ochre/4873e3cf-2b04-ab3d-f39e-b838d3ea4acf,Dataset 55
dwgid0330.jpg,missing in metadata,https://pi.lib.uchicago.edu/1001/org/ochre/c1045cab-388e-e3b0-70fd-417d4e7e1535,Dataset 55
dwgid0331.jpg,missing in metadata,https://pi.lib.uchicago.edu/1001/org/ochre/323b3359-58b8-ef85-8901-c0d1a387f837,Dataset 55
dwgid0332.jpg,missing in metadata,https://pi.lib.uchicago.edu/1001/org/ochre/cb7ecaeb-02d9-710b-f744-ef7e676e95d1,Dataset 55
dwgid0333.jpg,missing in metadata,https://pi.lib.uchicago.edu/1001/org/ochre/b6605b26-5198-9903-d854-91fe81a48577,Dataset 55
dwgid0334.jpg,missing in metadata,https://pi.lib.uchicago.edu/1001/org/ochre/e0a91406-af46-1fcc-9321-d2bb59464f03,Dataset 55
dwgid0335.jpg,missing in metadata,https://pi.lib.uchicago.edu/1001/org/ochre/44325369-d88c-b7a6-41b5-2ca11f4405e2,Dataset 55
dwgid0336.jpg,missing in metadata,https://pi.lib.uchicago.edu/1001/org/ochre/9cee9e5d-3670-f768-a5e2-de4290303e28,Dataset 55
dwgid0337.jpg,missing in metadata,https://pi.lib.uchicago.edu/1001/org/ochre/c23ef3f6-62ec-4197-53b1-19bcc1d1a8eb,Dataset 55
dwgid0338.jpg,missing in metadata,https://pi.lib.uchicago.edu/1001/org/ochre/5f91bd4b-994e-f075-5244-22868f96db10,Dataset 55
dwgid0339.jpg,missing in metadata,https://pi.lib.uchicago.edu/1001/org/ochre/875cfefe-7eac-a5bc-b44c-6365ad65b6e1,Dataset 55
dwgid0340.jpg,missing in metadata,https://pi.lib.uchicago.edu/1001/org/ochre/a1a80e81-182c-d204-bc09-0ce8091aa91d,Dataset 55
dwgid0341.jpg,missing in metadata,https://pi.lib.uchicago.edu/1001/org/ochre/4c892694-00a4-229a-97c5-96a0f166a7d7,Dataset 55
dwgid0343.jpg,missing in metadata,https://pi.lib.uchicago.edu/1001/org/ochre/6ce55655-0889-65bf-c506-e78ff06359ca,Dataset 55
dwgid0345.jpg,missing in metadata,https://pi.lib.uchicago.edu/1001/org/ochre/84444387-3d8d-dd46-d774-c8d63e44f3eb,Dataset 55
dwgid0346.jpg,missing in metadata,https://pi.lib.uchicago.edu/1001/org/ochre/637dcd56-f0dd-d8dd-6bf5-ceda9dbb2eca,Dataset 55
dwgid0347.jpg,missing in metadata,https://pi.lib.uchicago.edu/1001/org/ochre/fa2058ef-62ab-892f-81c1-4f592f0ef9c0,Dataset 55
dwgid0349.jpg,missing in metadata,https://pi.lib.uchicago.edu/1001/org/ochre/4e69c96b-920f-6a5f-e2d6-5304fb3176f6,Dataset 55
dwgid0350.jpg,missing in metadata,https://pi.lib.uchicago.edu/1001/org/ochre/a48e167d-2be2-3ed0-b4db-3aadd3f5fdb2,Dataset 55
dwgid0351.jpg,missing in metadata,https://pi.lib.uchicago.edu/1001/org/ochre/2c57ef9b-63a1-d493-d95c-2a9c6c58a89a,Dataset 55
dwgid0352.jpg,missing in metadata,https://pi.lib.uchicago.edu/1001/org/ochre/9a34cde9-60c1-c044-c034-8eb90069aa0e,Dataset 55
dwgid0353.jpg,missing in metadata,https://pi.lib.uchicago.edu/1001/org/ochre/ac85544d-bea4-16c8-9d29-c57a5be77de9,Dataset 55
dwgid0354.jpg,missing in metadata,https://pi.lib.uchicago.edu/1001/org/ochre/61ed9227-d768-d8af-5c01-2cc8ad603ae9,Dataset 55
dwgid0355.jpg,missing in metadata,https://pi.lib.uchicago.edu/1001/org/ochre/45857114-7513-d4fe-f71f-80e17706d8d2,Dataset 55
dwgid0356.jpg,missing in metadata,https://pi.lib.uchicago.edu/1001/org/ochre/9dc9eb55-8fc1-3b58-53be-0dfec5efb491,Dataset 55
dwgid0357.jpg,missing in metadata,https://pi.lib.uchicago.edu/1001/org/ochre/51ca908a-b7c4-b483-6239-514bd202c21f,Dataset 55
dwgid0358.jpg,missing in metadata,https://pi.lib.uchicago.edu/1001/org/ochre/657ab429-ae63-3ba1-fb29-4ac9a3d47d63,Dataset 55
dwgid0359.jpg,missing in metadata,https://pi.lib.uchicago.edu/1001/org/ochre/6607163d-d3b7-79b8-dafd-f9c1db60213f,Dataset 55
dwgid0360.jpg,missing in metadata,https://pi.lib.uchicago.edu/1001/org/ochre/1f7f0280-c2f4-1d00-9346-0bf5cbec56af,Dataset 55
dwgid0361.jpg,missing in metadata,https://pi.lib.uchicago.edu/1001/org/ochre/d8090e95-d8a7-56e1-5b70-c0be4cbe4229,Dataset 55
dwgid0362.jpg,missing in metadata,https://pi.lib.uchicago.edu/1001/org/ochre/b1101883-76e7-1f66-6ff4-b15ab03234c6,Dataset 55
dwgid0363.jpg,missing in metadata,https://pi.lib.uchicago.edu/1001/org/ochre/f3547608-bb79-6f3b-ab08-7ccd48321fec,Dataset 55
dwgid0364.jpg,missing in metadata,https://pi.lib.uchicago.edu/1001/org/ochre/a87b3e1c-3092-bb56-9c8e-b508f6b01a58,Dataset 55
dwgid0365.jpg,missing in metadata,https://pi.lib.uchicago.edu/1001/org/ochre/7d473125-19d3-165b-7bda-cfb2bbc3d58e,Dataset 55
dwgid0366.jpg,missing in metadata,https://pi.lib.uchicago.edu/1001/org/ochre/2f7615a3-80c3-c248-6e9b-3402652a52cb,Dataset 55
dwgid0367.jpg,missing in metadata,https://pi.lib.uchicago.edu/1001/org/ochre/4771d48d-de91-d1c0-2791-4500b2246832,Dataset 55
dwgid0368.jpg,missing in metadata,https://pi.lib.uchicago.edu/1001/org/ochre/238bb512-63a7-7f9a-3e5e-19cd3db31df1,Dataset 55
dwgid0369.jpg,missing in metadata,https://pi.lib.uchicago.edu/1001/org/ochre/e90619ab-81c1-51bf-9b1d-64c919b8e8ec,Dataset 55
dwgid0370.jpg,missing in metadata,https://pi.lib.uchicago.edu/1001/org/ochre/5277d6ed-7897-d03c-37e2-55ed45cd08e3,Dataset 55
dwgid0371.jpg,missing in metadata,https://pi.lib.uchicago.edu/1001/org/ochre/51ebf4ce-2292-ed8f-9b36-f983ee097b14,Dataset 55
dwgid0372.jpg,missing in metadata,https://pi.lib.uchicago.edu/1001/org/ochre/818e8156-6997-1f91-3b7e-a06727bd195a,Dataset 55
dwgid0374.jpg,missing in metadata,https://pi.lib.uchicago.edu/1001/org/ochre/617630ca-743e-029d-c721-0e1f5e797ef5,Dataset 55
dwgid0375.jpg,missing in metadata,https://pi.lib.uchicago.edu/1001/org/ochre/d92a6ae5-f4bd-d062-aade-e5be5f0861ef,Dataset 55
dwgid0376.jpg,missing in metadata,https://pi.lib.uchicago.edu/1001/org/ochre/0f9de781-80b3-d682-d525-456d4da6a24b,Dataset 55
dwgid0377.jpg,missing in metadata,https://pi.lib.uchicago.edu/1001/org/ochre/78210e0f-4aa0-c309-845a-c64074891417,Dataset 55
dwgid0378.jpg,missing in metadata,https://pi.lib.uchicago.edu/1001/org/ochre/7170d31a-6ec7-a1d4-b48a-d9c161697bf3,Dataset 55
dwgid0379.jpg,missing in metadata,https://pi.lib.uchicago.edu/1001/org/ochre/ac14b4a6-4de4-74d5-af53-772f04c97d07,Dataset 55
dwgid0380.jpg,missing in metadata,https://pi.lib.uchicago.edu/1001/org/ochre/031a5d81-4bfa-bb85-6d33-2303253e9ac3,Dataset 55
dwgid0381.jpg,missing in metadata,https://pi.lib.uchicago.edu/1001/org/ochre/b7901497-3d45-0292-1eff-b30f7b8b7cd9,Dataset 55
dwgid0382.jpg,missing in metadata,https://pi.lib.uchicago.edu/1001/org/ochre/d257bab0-b298-485c-63ab-b72afe66ed67,Dataset 55
dwgid0384.jpg,missing in metadata,https://pi.lib.uchicago.edu/1001/org/ochre/c6025035-8caa-a413-ee33-c089b67634c4,Dataset 55
dwgid0385.jpg,missing in metadata,https://pi.lib.uchicago.edu/1001/org/ochre/72842a2e-7ddd-c58a-5b85-64d58c53da94,Dataset 55
dwgid0386.jpg,missing in metadata,https://pi.lib.uchicago.edu/1001/org/ochre/07dbe54d-df9d-035d-dfe4-7366a1bfe7b7,Dataset 55
dwgid0387.jpg,missing in metadata,https://pi.lib.uchicago.edu/1001/org/ochre/c78b1f99-3ab6-1799-11d4-76fdb3441682,Dataset 55
dwgid0388.jpg,missing in metadata,https://pi.lib.uchicago.edu/1001/org/ochre/3e40b0c7-1c8a-ff87-042b-d887dd1c3ebc,Dataset 55
dwgid0389.jpg,missing in metadata,https://pi.lib.uchicago.edu/1001/org/ochre/09a12745-9d28-b8fe-6355-2b7cffa72d4b,Dataset 55
dwgid0391.jpg,missing in metadata,https://pi.lib.uchicago.edu/1001/org/ochre/4ce1d775-efea-9aac-8478-5fbb1748cc5e,Dataset 55
dwgid0392.jpg,missing in metadata,https://pi.lib.uchicago.edu/1001/org/ochre/30660e9e-873a-06e6-8cc4-1f6d79f35845,Dataset 55
dwgid0393.jpg,missing in metadata,https://pi.lib.uchicago.edu/1001/org/ochre/374ebdf4-52de-b9d8-4d3b-955363d2ff45,Dataset 55
dwgid0395.jpg,missing in metadata,https://pi.lib.uchicago.edu/1001/org/ochre/342d8c3a-7d94-4cfc-2ba9-ce3b8102ee3e,Dataset 55
dwgid0396.jpg,missing in metadata,https://pi.lib.uchicago.edu/1001/org/ochre/913ff653-3402-30b1-72f6-1dee7d710db5,Dataset 55
dwgid0397.jpg,missing in metadata,https://pi.lib.uchicago.edu/1001/org/ochre/19ab69db-1264-a524-4dd3-7ed7d129b476,Dataset 55
dwgid0398.jpg,missing in metadata,https://pi.lib.uchicago.edu/1001/org/ochre/d041fc6d-5395-7f58-1813-416909bc2a73,Dataset 55
dwgid0399.jpg,missing in metadata,https://pi.lib.uchicago.edu/1001/org/ochre/fe140f70-972e-f079-54a2-0b43ff28d757,Dataset 55
dwgid0400.jpg,missing in metadata,https://pi.lib.uchicago.edu/1001/org/ochre/95a3e358-821e-b6b2-2122-01b232beb1c9,Dataset 55
dwgid0401.jpg,missing in metadata,https://pi.lib.uchicago.edu/1001/org/ochre/34d7408d-0668-1756-a3ea-a97d7c882ded,Dataset 55
dwgid0402.jpg,missing in metadata,https://pi.lib.uchicago.edu/1001/org/ochre/7a248ed1-4259-8d93-e72c-d65c06830903,Dataset 55
dwgid0403.jpg,missing in metadata,https://pi.lib.uchicago.edu/1001/org/ochre/63570963-5844-3f81-4b2e-d659f4a10686,Dataset 55
dwgid0404.jpg,missing in metadata,https://pi.lib.uchicago.edu/1001/org/ochre/62f0cf1b-007f-2b26-71c0-e1d6ea563cc3,Dataset 55
dwgid0405.jpg,missing in metadata,https://pi.lib.uchicago.edu/1001/org/ochre/fe6739db-fcdb-7f93-5cbf-dfd8ee05e73e,Dataset 55
dwgid0407.jpg,missing in metadata,https://pi.lib.uchicago.edu/1001/org/ochre/68e89dc2-7113-d74e-c1ba-6dc5ef12db51,Dataset 55
dwgid0408.jpg,missing in metadata,https://pi.lib.uchicago.edu/1001/org/ochre/f87fc282-eae2-b693-92d1-4c03a68598b2,Dataset 55
dwgid0409.jpg,missing in metadata,https://pi.lib.uchicago.edu/1001/org/ochre/0f583f25-7674-e6e8-0397-eb2b12b12cfb,Dataset 55
dwgid0410.jpg,missing in metadata,https://pi.lib.uchicago.edu/1001/org/ochre/1cdd7575-7651-6c76-21d3-e43ef76fe232,Dataset 55
dwgid0411.jpg,missing in metadata,https://pi.lib.uchicago.edu/1001/org/ochre/f0ca90a8-68c5-e939-f121-c86b21dbecb9,Dataset 55
dwgid0412.jpg,missing in metadata,https://pi.lib.uchicago.edu/1001/org/ochre/cccc0c82-3b1b-804a-c7bd-90bc37b8ac0f,Dataset 55
dwgid0413.jpg,missing in metadata,https://pi.lib.uchicago.edu/1001/org/ochre/4fb0c451-e34c-ed99-fe93-895cdb98800e,Dataset 55
dwgid0414.jpg,missing in metadata,https://pi.lib.uchicago.edu/1001/org/ochre/4f953f11-5f38-72ad-e335-470cce70afaa,Dataset 55
dwgid0415.jpg,missing in metadata,https://pi.lib.uchicago.edu/1001/org/ochre/166175de-be8b-b730-8ef5-e7cbaa9ddfb6,Dataset 55
dwgid0416.jpg,missing in metadata,https://pi.lib.uchicago.edu/1001/org/ochre/e9821304-39a2-a5e5-5553-2542fbf55705,Dataset 55
dwgid0417.jpg,missing in metadata,https://pi.lib.uchicago.edu/1001/org/ochre/3bbbeffe-9da6-d7be-e3e1-a8a47fba410c,Dataset 55
dwgid0418.jpg,missing in metadata,https://pi.lib.uchicago.edu/1001/org/ochre/9d7e1a70-4f12-f58a-3fd8-ada374d801a5,Dataset 55
dwgid0419.jpg,missing in metadata,https://pi.lib.uchicago.edu/1001/org/ochre/29fd7492-d998-f077-bbe2-8ca652d83a14,Dataset 55
dwgid0420.jpg,missing in metadata,https://pi.lib.uchicago.edu/1001/org/ochre/576ac390-4c7c-6095-07a0-53527fdcf313,Dataset 55
dwgid0421.jpg,missing in metadata,https://pi.lib.uchicago.edu/1001/org/ochre/10f92b7c-d50e-eb0d-9ffe-c28304fd4114,Dataset 55
dwgid0422.jpg,missing in metadata,https://pi.lib.uchicago.edu/1001/org/ochre/c5324bc8-e07d-918e-0fa0-d8d4d61fc95a,Dataset 55
dwgid0423.jpg,missing in metadata,https://pi.lib.uchicago.edu/1001/org/ochre/da4b388f-f53f-9b06-8f64-7ef3ece0b180,Dataset 55
dwgid0424.jpg,missing in metadata,https://pi.lib.uchicago.edu/1001/org/ochre/97dfe5ca-a8da-da52-3710-92d5354475eb,Dataset 55
dwgid0425.jpg,missing in metadata,https://pi.lib.uchicago.edu/1001/org/ochre/3dec7a55-d922-d320-c5a7-96f93e7d5733,Dataset 55
dwgid0426.jpg,missing in metadata,https://pi.lib.uchicago.edu/1001/org/ochre/29b01a1d-bed8-b9fb-2b3c-6050826f6ef4,Dataset 55
dwgid0427.jpg,missing in metadata,https://pi.lib.uchicago.edu/1001/org/ochre/40cbbed6-ab1e-9fab-ac8c-8784307a421c,Dataset 55
dwgid0428.jpg,missing in metadata,https://pi.lib.uchicago.edu/1001/org/ochre/c96bac56-2b8d-cf7e-05a4-1170355e1557,Dataset 55
dwgid0429.jpg,missing in metadata,https://pi.lib.uchicago.edu/1001/org/ochre/d6af692b-be3d-aed0-9fa0-0d7322aed031,Dataset 55
dwgid0431.jpg,missing in metadata,https://pi.lib.uchicago.edu/1001/org/ochre/4a033989-97ce-e4f9-db93-fdd116e2eedc,Dataset 55
dwgid0432.jpg,missing in metadata,https://pi.lib.uchicago.edu/1001/org/ochre/4c9776cd-a665-3d1c-313c-908b0524113a,Dataset 55
dwgid0433.jpg,missing in metadata,https://pi.lib.uchicago.edu/1001/org/ochre/e4348876-6765-31d7-b903-39ea121dbe42,Dataset 55
dwgid0434.jpg,missing in metadata,https://pi.lib.uchicago.edu/1001/org/ochre/d5e58e45-1a42-20bc-2fa1-31009df126fb,Dataset 55
dwgid0435.jpg,missing in metadata,https://pi.lib.uchicago.edu/1001/org/ochre/68468750-aa02-8821-4338-8861b9a52f8f,Dataset 55
dwgid0436.jpg,missing in metadata,https://pi.lib.uchicago.edu/1001/org/ochre/9f38ce51-52df-d637-7320-d0c0f7a7ff07,Dataset 55
dwgid0438.jpg,missing in metadata,https://pi.lib.uchicago.edu/1001/org/ochre/c39d4294-1c30-647b-9897-766afb709b71,Dataset 55
dwgid0439.jpg,missing in metadata,https://pi.lib.uchicago.edu/1001/org/ochre/051f3afa-34c0-faba-3a38-288086d64660,Dataset 55
dwgid0440.jpg,missing in metadata,https://pi.lib.uchicago.edu/1001/org/ochre/bf90f91f-5a11-90e3-43f8-75f53e4e132a,Dataset 55
dwgid0441.jpg,missing in metadata,https://pi.lib.uchicago.edu/1001/org/ochre/e190dd2a-fd36-082c-f68f-0f46b8bb45a7,Dataset 55
dwgid0442.jpg,missing in metadata,https://pi.lib.uchicago.edu/1001/org/ochre/67e7d167-3f85-d61a-b444-fbe3ffcb8f32,Dataset 55
dwgid0443.jpg,missing in metadata,https://pi.lib.uchicago.edu/1001/org/ochre/9c2c17ed-1dd2-596b-9565-e2e3c87f87b3,Dataset 55
dwgid0444.jpg,missing in metadata,https://pi.lib.uchicago.edu/1001/org/ochre/5a62ea7d-8665-02e0-213e-d0eec0082bd0,Dataset 55
dwgid0445.jpg,missing in metadata,https://pi.lib.uchicago.edu/1001/org/ochre/f2322797-5933-ab46-7d4c-12053a51444b,Dataset 55
dwgid0446.jpg,missing in metadata,https://pi.lib.uchicago.edu/1001/org/ochre/05c05ed1-a8b9-02ac-6578-899e574b1f1c,Dataset 55
dwgid0447.jpg,missing in metadata,https://pi.lib.uchicago.edu/1001/org/ochre/fec6d8cc-9760-f941-dd31-73d7c0c445fa,Dataset 55
dwgid0448.jpg,missing in metadata,https://pi.lib.uchicago.edu/1001/org/ochre/6ec5af56-5ae2-cf60-f0df-f4df5fcb1005,Dataset 55
dwgid0449.jpg,missing in metadata,https://pi.lib.uchicago.edu/1001/org/ochre/b0fcc2ce-11ae-54db-853a-f0fcead21356,Dataset 55
dwgid0450.jpg,missing in metadata,https://pi.lib.uchicago.edu/1001/org/ochre/ac85bb4c-ba07-8950-3ccc-374521415d64,Dataset 55
dwgid0451.jpg,missing in metadata,https://pi.lib.uchicago.edu/1001/org/ochre/2799590a-6b2b-74d5-ce2e-a6aaf2324731,Dataset 55
dwgid0452.jpg,missing in metadata,https://pi.lib.uchicago.edu/1001/org/ochre/b67a41a0-0582-cf59-87cc-b2ade2ef2ead,Dataset 55
dwgid0453.jpg,missing in metadata,https://pi.lib.uchicago.edu/1001/org/ochre/715e93fa-0f8f-264e-eb01-d730ea067b95,Dataset 55
dwgid0454.jpg,missing in metadata,https://pi.lib.uchicago.edu/1001/org/ochre/b899be26-994f-adda-03bf-4e55776eda09,Dataset 55
dwgid0455.jpg,missing in metadata,https://pi.lib.uchicago.edu/1001/org/ochre/f874d53a-de25-9ac6-6036-fb8bc3b7f7f5,Dataset 55
dwgid0456.jpg,missing in metadata,https://pi.lib.uchicago.edu/1001/org/ochre/912a8418-5a3f-ef30-b4b3-a75b1db348f8,Dataset 55
dwgid0457.jpg,missing in metadata,https://pi.lib.uchicago.edu/1001/org/ochre/6da6076a-b674-170a-1797-a2e4c93bfbb5,Dataset 55
dwgid0458.jpg,missing in metadata,https://pi.lib.uchicago.edu/1001/org/ochre/5093eda2-d929-9a3c-4ae1-69dbc8f7c3e8,Dataset 55
dwgid0459.jpg,missing in metadata,https://pi.lib.uchicago.edu/1001/org/ochre/4992b0ba-e1f1-2d8a-b94d-1499a3a33f01,Dataset 55
dwgid0460.jpg,missing in metadata,https://pi.lib.uchicago.edu/1001/org/ochre/3a27bbbf-3c7f-bee1-cd48-84d6af05bb33,Dataset 55
dwgid0461.jpg,missing in metadata,https://pi.lib.uchicago.edu/1001/org/ochre/fc4ac29d-31e6-3d9e-50ed-f53f21e40afc,Dataset 55
dwgid0462.jpg,missing in metadata,https://pi.lib.uchicago.edu/1001/org/ochre/d7428e61-b7fa-e0a0-017c-5d088d8ec645,Dataset 55
dwgid0463.jpg,missing in metadata,https://pi.lib.uchicago.edu/1001/org/ochre/15864d86-cf89-1a3e-ff06-905e9bea1825,Dataset 55
dwgid0464.jpg,missing in metadata,https://pi.lib.uchicago.edu/1001/org/ochre/db30eda6-9119-f488-6e6c-1d4a224a539a,Dataset 55
dwgid0465.jpg,missing in metadata,https://pi.lib.uchicago.edu/1001/org/ochre/9b3dab09-4ce1-b3b5-ee22-2e7109116d0b,Dataset 55
dwgid0466.jpg,missing in metadata,https://pi.lib.uchicago.edu/1001/org/ochre/55765a29-7ba3-4fa2-378b-029840db670a,Dataset 55
dwgid0467.jpg,missing in metadata,https://pi.lib.uchicago.edu/1001/org/ochre/08c6fa76-9c14-e6f2-c5ec-de9f28eed679,Dataset 55
dwgid0468.jpg,missing in metadata,https://pi.lib.uchicago.edu/1001/org/ochre/d7bd00a2-e489-418e-b271-1f9123dd7cbc,Dataset 55
dwgid0469.jpg,missing in metadata,https://pi.lib.uchicago.edu/1001/org/ochre/e384019e-f244-295a-f696-2ee7503a83bf,Dataset 55
dwgid0470.jpg,missing in metadata,https://pi.lib.uchicago.edu/1001/org/ochre/39b2979d-d18b-2802-bed5-9497cd48eef3,Dataset 55
dwgid0471.jpg,missing in metadata,https://pi.lib.uchicago.edu/1001/org/ochre/91b114b0-0080-a11e-b125-71a804b0710e,Dataset 55
dwgid0472.jpg,missing in metadata,https://pi.lib.uchicago.edu/1001/org/ochre/4ab3815b-842a-420c-6764-5fb71fcdb0f9,Dataset 55
dwgid0473.jpg,missing in metadata,https://pi.lib.uchicago.edu/1001/org/ochre/ff2fd34e-d4fe-3808-71c9-5e8596cd6d67,Dataset 55
dwgid0474.jpg,missing in metadata,https://pi.lib.uchicago.edu/1001/org/ochre/edee9fbe-426c-4c9b-d801-7fea16f9d087,Dataset 55
dwgid0475.jpg,missing in metadata,https://pi.lib.uchicago.edu/1001/org/ochre/0e7623d7-b0c9-5267-3931-84cf416748b1,Dataset 55
dwgid0476.jpg,missing in metadata,https://pi.lib.uchicago.edu/1001/org/ochre/0e9fd96d-86cf-b4ac-60b2-0d431adfe5d4,Dataset 55
dwgid0477.jpg,missing in metadata,https://pi.lib.uchicago.edu/1001/org/ochre/c11076b0-5012-3be7-6980-f6ac13dd7926,Dataset 55
dwgid0478.jpg,missing in metadata,https://pi.lib.uchicago.edu/1001/org/ochre/53834c78-8a55-8755-3f24-6e7bacb32b7a,Dataset 55
dwgid0479.jpg,missing in metadata,https://pi.lib.uchicago.edu/1001/org/ochre/027b88ad-ecaa-c246-6f80-288000fcacc2,Dataset 55
dwgid0480.jpg,missing in metadata,https://pi.lib.uchicago.edu/1001/org/ochre/fc0bdbc2-8cc5-cfe4-3c12-b195282e3603,Dataset 55
dwgid0481.jpg,missing in metadata,https://pi.lib.uchicago.edu/1001/org/ochre/66b9059f-cd68-2a81-8055-cd0e7467fb5c,Dataset 55
dwgid0482.jpg,missing in metadata,https://pi.lib.uchicago.edu/1001/org/ochre/813b0fc1-0f80-d58d-0fb9-f9fdfc9cb085,Dataset 55
dwgid0483.jpg,missing in metadata,https://pi.lib.uchicago.edu/1001/org/ochre/bca8cc76-602c-1238-54b2-a5a9ee12e94a,Dataset 55
dwgid0484.jpg,missing in metadata,https://pi.lib.uchicago.edu/1001/org/ochre/e770abc7-eed4-0fff-03f5-48d6127d875b,Dataset 55
dwgid0485.jpg,missing in metadata,https://pi.lib.uchicago.edu/1001/org/ochre/92530a9d-165d-f876-3ebf-2bba611d20be,Dataset 55
dwgid0486.jpg,missing in metadata,https://pi.lib.uchicago.edu/1001/org/ochre/b4196b1f-302f-9bac-fff9-162b8a9d0bac,Dataset 55
dwgid0487.jpg,missing in metadata,https://pi.lib.uchicago.edu/1001/org/ochre/8a00f0d7-8a61-70ea-4c1e-62156f85d75d,Dataset 55
dwgid0488.jpg,missing in metadata,https://pi.lib.uchicago.edu/1001/org/ochre/0158e436-5e6a-2a2b-12ec-67d479d4f165,Dataset 55
dwgid0489.jpg,missing in metadata,https://pi.lib.uchicago.edu/1001/org/ochre/3550427e-5313-a0c4-daa9-1a5250cf121a,Dataset 55
dwgid0490.jpg,missing in metadata,https://pi.lib.uchicago.edu/1001/org/ochre/41edf4c3-6a56-fbfa-d518-7ddd4a8b5d59,Dataset 55
dwgid0491.jpg,missing in metadata,https://pi.lib.uchicago.edu/1001/org/ochre/9006c5a1-b6a9-7bb4-bb80-5056652aa0f1,Dataset 55
dwgid0492.jpg,missing in metadata,https://pi.lib.uchicago.edu/1001/org/ochre/6db98660-6ab4-edce-f131-b8eb187cb701,Dataset 55
dwgid0493.jpg,missing in metadata,https://pi.lib.uchicago.edu/1001/org/ochre/20483bc1-1ad5-6820-fa6d-e7f2ba5311db,Dataset 55
dwgid0494.jpg,missing in metadata,https://pi.lib.uchicago.edu/1001/org/ochre/b61da122-7d2f-54b1-3fe2-5703950ce29b,Dataset 55
dwgid0495.jpg,missing in metadata,https://pi.lib.uchicago.edu/1001/org/ochre/7daf164c-ed29-2818-6199-35f25e5f255c,Dataset 55
dwgid0496.jpg,missing in metadata,https://pi.lib.uchicago.edu/1001/org/ochre/e5a42229-fc0e-18f9-1cea-e765254702ac,Dataset 55
dwgid0498.jpg,missing in metadata,https://pi.lib.uchicago.edu/1001/org/ochre/7a109605-f682-3ffc-797b-3e20d400e692,Dataset 55
dwgid0499.jpg,missing in metadata,https://pi.lib.uchicago.edu/1001/org/ochre/b084d992-e3fe-d824-990b-8bf882fa0a35,Dataset 55
dwgid0500.jpg,missing in metadata,https://pi.lib.uchicago.edu/1001/org/ochre/56f794f9-370b-b8c9-d6fa-5523648111e9,Dataset 55
dwgid0501.jpg,missing in metadata,https://pi.lib.uchicago.edu/1001/org/ochre/d5dbbca5-fa6d-1ca5-c5c3-6e53effeeca4,Dataset 55
dwgid0502.jpg,missing in metadata,https://pi.lib.uchicago.edu/1001/org/ochre/f0ffbae3-8502-52c6-a0a6-f30f7d009c67,Dataset 55
dwgid0503.jpg,missing in metadata,https://pi.lib.uchicago.edu/1001/org/ochre/923aa58f-f70d-6ece-d833-e776921cc457,Dataset 55
dwgid0504.jpg,missing in metadata,https://pi.lib.uchicago.edu/1001/org/ochre/4620f8bb-e154-3895-2c9f-3f8616d2d705,Dataset 55
dwgid0505.jpg,missing in metadata,https://pi.lib.uchicago.edu/1001/org/ochre/7b5ed1cb-f2fa-fa4e-cccc-e1c70b0b4090,Dataset 55
dwgid0506.jpg,missing in metadata,https://pi.lib.uchicago.edu/1001/org/ochre/af57ad7f-ad28-d1cc-579e-59309d3e6b1c,Dataset 55
dwgid0507.jpg,missing in metadata,https://pi.lib.uchicago.edu/1001/org/ochre/cd05435a-827a-2cff-5f84-a18c0d72ab52,Dataset 55
dwgid0508.jpg,missing in metadata,https://pi.lib.uchicago.edu/1001/org/ochre/dfb7ad1b-dafd-f1f1-8151-6bdd9564d1f4,Dataset 55
dwgid0509.jpg,missing in metadata,https://pi.lib.uchicago.edu/1001/org/ochre/b16eb883-9cc4-529b-17f1-6c874af0f161,Dataset 55
dwgid0510.jpg,missing in metadata,https://pi.lib.uchicago.edu/1001/org/ochre/a428b092-0676-4e90-c13c-1a6746ece50f,Dataset 55
dwgid0511.jpg,missing in metadata,https://pi.lib.uchicago.edu/1001/org/ochre/85ee8c70-adb0-a170-807a-46fb88a0aa0f,Dataset 55
dwgid0512.jpg,missing in metadata,https://pi.lib.uchicago.edu/1001/org/ochre/e1c209ce-2092-90b7-0b74-a36ce668655e,Dataset 55
dwgid0513.jpg,missing in metadata,https://pi.lib.uchicago.edu/1001/org/ochre/ba82772e-da03-2ef7-fd96-0a7ccb21009d,Dataset 55
dwgid0514.jpg,missing in metadata,https://pi.lib.uchicago.edu/1001/org/ochre/dfc882e0-12c3-b417-b065-bcf397b0e49f,Dataset 55
dwgid0515.jpg,missing in metadata,https://pi.lib.uchicago.edu/1001/org/ochre/81985c18-6f85-66fd-4647-882da7d9ad5c,Dataset 55
dwgid0527.jpg,missing in metadata,https://pi.lib.uchicago.edu/1001/org/ochre/e80198a4-a6af-1d88-62cf-25282ec81280,Dataset 55
dwgid0528.jpg,missing in metadata,https://pi.lib.uchicago.edu/1001/org/ochre/63a2b24f-4f29-2f89-ccd5-14fafce50fa9,Dataset 55
dwgid0530.jpg,missing in metadata,https://pi.lib.uchicago.edu/1001/org/ochre/08a74615-a732-4c4f-9c33-2344357d4b0b,Dataset 55
dwgid0535.jpg,missing in metadata,https://pi.lib.uchicago.edu/1001/org/ochre/a9947077-c24f-75e8-d5cc-5d2614286da0,Dataset 55
dwgid0539.jpg,missing in metadata,https://pi.lib.uchicago.edu/1001/org/ochre/7497d774-4dde-ca65-7134-aca8a5848c31,Dataset 55
dwgid0540.jpg,missing in metadata,https://pi.lib.uchicago.edu/1001/org/ochre/2e501ae0-294a-fd68-667d-93f84d8d8603,Dataset 55
dwgid0543.jpg,missing in metadata,https://pi.lib.uchicago.edu/1001/org/ochre/cce93fe4-2257-5568-ab99-cae4a4f25fb0,Dataset 55
dwgid0544.jpg,missing in metadata,https://pi.lib.uchicago.edu/1001/org/ochre/89485577-31ec-6106-ab8d-7ab53a7381c5,Dataset 55
dwgid0545.jpg,missing in metadata,https://pi.lib.uchicago.edu/1001/org/ochre/1c8572d1-eba5-2062-e7f2-bbaf28bae597,Dataset 55
dwgid0546.jpg,missing in metadata,https://pi.lib.uchicago.edu/1001/org/ochre/a7b3f87d-ed2f-70e7-89bd-063c11807eed,Dataset 55
dwgid0547.jpg,missing in metadata,https://pi.lib.uchicago.edu/1001/org/ochre/0f446969-7320-17e5-49a6-4132cf456f9c,Dataset 55
dwgid0548.jpg,missing in metadata,https://pi.lib.uchicago.edu/1001/org/ochre/544f5a78-ec17-c1a5-2e6a-5ae26ff36f70,Dataset 55
dwgid0549.jpg,missing in metadata,https://pi.lib.uchicago.edu/1001/org/ochre/1ee70a74-d14a-0f36-48b8-ac15587f4191,Dataset 55
dwgid0550.jpg,missing in metadata,https://pi.lib.uchicago.edu/1001/org/ochre/5964b1df-2834-6cc4-0c1a-94e883c99117,Dataset 55
dwgid0551.jpg,missing in metadata,https://pi.lib.uchicago.edu/1001/org/ochre/b6f23044-903f-fc5d-d783-9aa00ae7e717,Dataset 55
dwgid0552.jpg,missing in metadata,https://pi.lib.uchicago.edu/1001/org/ochre/c69083e4-57ff-4131-d09a-851d3c292deb,Dataset 55
dwgid0555.jpg,missing in metadata,https://pi.lib.uchicago.edu/1001/org/ochre/fee7ba7e-51d2-0eef-67e1-aa07bf9fdc2a,Dataset 55
dwgid0556.jpg,missing in metadata,https://pi.lib.uchicago.edu/1001/org/ochre/ef058a91-7f66-a8d7-4f0b-9eadc9b19e85,Dataset 55
dwgid0557.jpg,missing in metadata,https://pi.lib.uchicago.edu/1001/org/ochre/cdadcabd-f9f8-ace6-888c-db3d51dc04f8,Dataset 55
dwgid0558.jpg,missing in metadata,https://pi.lib.uchicago.edu/1001/org/ochre/3f9587c0-00b6-1f5e-650b-2ae6f44bb00f,Dataset 55
dwgid0559.jpg,missing in metadata,https://pi.lib.uchicago.edu/1001/org/ochre/ffb02827-6b21-8afc-4a2b-88cbf8344c98,Dataset 55
dwgid0560.jpg,missing in metadata,https://pi.lib.uchicago.edu/1001/org/ochre/fba2df9d-0a44-997a-0340-061759203883,Dataset 55
dwgid0561.jpg,missing in metadata,https://pi.lib.uchicago.edu/1001/org/ochre/7075cb29-adf1-cc62-1db1-f5d203c175dd,Dataset 55
dwgid0562.jpg,missing in metadata,https://pi.lib.uchicago.edu/1001/org/ochre/df0effd8-5c6b-dce1-f71c-77f84eb088db,Dataset 55
dwgid0563.jpg,missing in metadata,https://pi.lib.uchicago.edu/1001/org/ochre/1bd75313-649e-1b00-031d-b19fab2f57c1,Dataset 55
dwgid0564.jpg,missing in metadata,https://pi.lib.uchicago.edu/1001/org/ochre/88687827-5dd1-97a6-3ec0-7cdb3f660169,Dataset 55
dwgid0565.jpg,missing in metadata,https://pi.lib.uchicago.edu/1001/org/ochre/8f28773f-ae3d-d53d-d737-827d380ca201,Dataset 55
dwgid0566.jpg,missing in metadata,https://pi.lib.uchicago.edu/1001/org/ochre/7ec9a0bc-ec79-918c-9ffc-93f3241b6072,Dataset 55
dwgid0567.jpg,missing in metadata,https://pi.lib.uchicago.edu/1001/org/ochre/8f4e6bde-2931-66b3-d495-0b8182932a7f,Dataset 55
dwgid0568.jpg,missing in metadata,https://pi.lib.uchicago.edu/1001/org/ochre/26d2aa0b-a844-3f69-66b9-322442876546,Dataset 55
dwgid0569.jpg,missing in metadata,https://pi.lib.uchicago.edu/1001/org/ochre/fa1ffca8-b1a0-3238-4be0-d113d8c33379,Dataset 55
dwgid0570.jpg,missing in metadata,https://pi.lib.uchicago.edu/1001/org/ochre/31a656c6-9859-3e8d-ec07-397d007ba92e,Dataset 55
dwgid0571.jpg,missing in metadata,https://pi.lib.uchicago.edu/1001/org/ochre/59d7f4ef-ffb8-7e68-969f-23c8e4175471,Dataset 55
dwgid0572.jpg,missing in metadata,https://pi.lib.uchicago.edu/1001/org/ochre/803bc9ec-891e-b953-524b-9687e94598e4,Dataset 55
dwgid0573.jpg,missing in metadata,https://pi.lib.uchicago.edu/1001/org/ochre/0c76a2f1-1324-ec28-1fbe-82878d8c7d77,Dataset 55
dwgid0574.jpg,missing in metadata,https://pi.lib.uchicago.edu/1001/org/ochre/298a573f-ffb5-6ad5-7e95-656f80a74b3b,Dataset 55
dwgid0575.jpg,missing in metadata,https://pi.lib.uchicago.edu/1001/org/ochre/40d3db47-0d61-652c-2780-6f9a938a8026,Dataset 55
dwgid0579.jpg,missing in metadata,https://pi.lib.uchicago.edu/1001/org/ochre/ff5f68a6-ad73-1130-1d4c-4c41239adbfb,Dataset 55
dwgid0580.jpg,missing in metadata,https://pi.lib.uchicago.edu/1001/org/ochre/71a1f5fc-4f69-7380-d9e9-6bb462e2a463,Dataset 55
dwgid0581.jpg,missing in metadata,https://pi.lib.uchicago.edu/1001/org/ochre/37598bba-51f8-5b15-8082-e5747c4a640c,Dataset 55
dwgid0582.jpg,missing in metadata,https://pi.lib.uchicago.edu/1001/org/ochre/d3fe87e4-0c2a-d893-4d1b-6fc051cb9828,Dataset 55
dwgid0583.jpg,missing in metadata,https://pi.lib.uchicago.edu/1001/org/ochre/ba12d932-1fcb-ea84-a415-0e05f12d8972,Dataset 55
dwgid0584.jpg,missing in metadata,https://pi.lib.uchicago.edu/1001/org/ochre/86ca69d5-30ed-f2e4-8e07-c2a27fa5901c,Dataset 55
dwgid0588.jpg,missing in metadata,https://pi.lib.uchicago.edu/1001/org/ochre/d3c7bcfd-9476-332c-2814-af49bf28ba04,Dataset 55
dwgid0591.jpg,missing in metadata,https://pi.lib.uchicago.edu/1001/org/ochre/c795f94f-1046-2cbd-f226-7d8eb35475cb,Dataset 55
dwgid0592.jpg,missing in metadata,https://pi.lib.uchicago.edu/1001/org/ochre/83864a38-b9ee-cc08-617b-6e69e13271bf,Dataset 56
dwgid0593.jpg,missing in metadata,https://pi.lib.uchicago.edu/1001/org/ochre/804e27d3-e99a-e989-4777-ce2ced21151b,Dataset 56
dwgid0594.jpg,missing in metadata,https://pi.lib.uchicago.edu/1001/org/ochre/6b91dff4-12ab-caf0-bbef-786e133652b4,Dataset 56
dwgid0595.jpg,missing in metadata,https://pi.lib.uchicago.edu/1001/org/ochre/ece324a4-fbc0-dc5d-3197-7c44d5afda38,Dataset 56
dwgid0597.jpg,missing in metadata,https://pi.lib.uchicago.edu/1001/org/ochre/f902b2ae-bf68-985c-a5b3-85f05ff3f9d8,Dataset 56
dwgid0598.jpg,missing in metadata,https://pi.lib.uchicago.edu/1001/org/ochre/a0656efe-1d9a-faff-a637-d3f1dc692584,Dataset 56
dwgid0599.jpg,missing in metadata,https://pi.lib.uchicago.edu/1001/org/ochre/61742e50-a34e-eba2-968e-545db28d6d00,Dataset 56
dwgid0600.jpg,missing in metadata,https://pi.lib.uchicago.edu/1001/org/ochre/612d0bfb-4db2-f4f6-66d8-22bb228a4c22,Dataset 56
dwgid0601.jpg,missing in metadata,https://pi.lib.uchicago.edu/1001/org/ochre/e10ac356-81c2-6035-b3c8-c284e0850c13,Dataset 56
dwgid0602.jpg,missing in metadata,https://pi.lib.uchicago.edu/1001/org/ochre/c6c74bfd-97b4-9f26-da40-9f2ebe945676,Dataset 56
dwgid0604.jpg,missing in metadata,https://pi.lib.uchicago.edu/1001/org/ochre/bd383fa5-4edb-df14-30a3-b50890cdc410,Dataset 56
dwgid0605.jpg,missing in metadata,https://pi.lib.uchicago.edu/1001/org/ochre/0562636b-81b0-717d-1c92-8db357a6b1f6,Dataset 56
dwgid0606.jpg,missing in metadata,https://pi.lib.uchicago.edu/1001/org/ochre/201a9bc9-9400-6272-e815-d8b5c388e821,Dataset 56
dwgid0607.jpg,missing in metadata,https://pi.lib.uchicago.edu/1001/org/ochre/c994b498-44c3-c145-93bf-71396a1ce6df,Dataset 56
dwgid0608.jpg,missing in metadata,https://pi.lib.uchicago.edu/1001/org/ochre/7a18c6c1-a90a-9807-d616-d613d5e89945,Dataset 56
dwgid0609.jpg,missing in metadata,https://pi.lib.uchicago.edu/1001/org/ochre/f5cf51be-295a-760c-2b10-e679947a81f4,Dataset 56
dwgid0610.jpg,missing in metadata,https://pi.lib.uchicago.edu/1001/org/ochre/c36cc61b-7f21-6739-a179-772cc121471e,Dataset 56
dwgid0613.jpg,missing in metadata,https://pi.lib.uchicago.edu/1001/org/ochre/d51d6d98-93e6-75f5-6b04-6970e5f473ba,Dataset 56
dwgid0614.jpg,missing in metadata,https://pi.lib.uchicago.edu/1001/org/ochre/31afa9ea-1b9b-1c56-e294-a59bc74f5f38,Dataset 56
dwgid0615.jpg,missing in metadata,https://pi.lib.uchicago.edu/1001/org/ochre/bbd28c56-57ef-55ab-f360-4e3d8c160811,Dataset 56
dwgid0616.jpg,missing in metadata,https://pi.lib.uchicago.edu/1001/org/ochre/afe8e4c1-da39-4607-72c6-dc7758108dde,Dataset 56
dwgid0617.jpg,missing in metadata,https://pi.lib.uchicago.edu/1001/org/ochre/5b46293a-7c25-fccf-79ff-f7bfb6c4a96c,Dataset 56
dwgid0622.jpg,missing in metadata,https://pi.lib.uchicago.edu/1001/org/ochre/8a8571b1-d316-e65a-707e-1c013c9acbbe,Dataset 56
dwgid0623.jpg,missing in metadata,https://pi.lib.uchicago.edu/1001/org/ochre/1294165d-22e0-f8ef-dbb2-6cebdad3590b,Dataset 56
dwgid0624.jpg,missing in metadata,https://pi.lib.uchicago.edu/1001/org/ochre/7b50ee7b-1500-c0ff-7f75-f1b786d11c97,Dataset 56
dwgid0625.jpg,missing in metadata,https://pi.lib.uchicago.edu/1001/org/ochre/fa79e7fd-c590-84af-d063-9ab6f8ff3db0,Dataset 56
dwgid0626.jpg,missing in metadata,https://pi.lib.uchicago.edu/1001/org/ochre/a3080c87-ffed-69e6-e86d-c45420b2cc6e,Dataset 56
dwgid0627.jpg,missing in metadata,https://pi.lib.uchicago.edu/1001/org/ochre/3e6b1455-5fc9-92d6-30c7-d42af04c45cf,Dataset 56
dwgid0628.jpg,missing in metadata,https://pi.lib.uchicago.edu/1001/org/ochre/fa04b148-8919-5de4-c5f5-2171ab41cc33,Dataset 56
dwgid0629.jpg,missing in metadata,https://pi.lib.uchicago.edu/1001/org/ochre/3fbbb939-4003-e7ec-cee5-808965af5db5,Dataset 56
dwgid0636.jpg,missing in metadata,https://pi.lib.uchicago.edu/1001/org/ochre/f917960f-5563-0840-af63-fa3c0956c9b9,Dataset 56
dwgid0637.jpg,missing in metadata,https://pi.lib.uchicago.edu/1001/org/ochre/699b5928-d9aa-a83b-61bb-60f99a492e55,Dataset 56
dwgid0638.jpg,missing in metadata,https://pi.lib.uchicago.edu/1001/org/ochre/2bcb78f8-3529-4ed1-4824-9eba57a0101a,Dataset 56
dwgid0639.jpg,missing in metadata,https://pi.lib.uchicago.edu/1001/org/ochre/f8016588-4b78-5854-9719-823cf0e07e8b,Dataset 56
dwgid0640.jpg,missing in metadata,https://pi.lib.uchicago.edu/1001/org/ochre/db796722-fabd-275a-3ee3-d55212758107,Dataset 56
dwgid0641.jpg,missing in metadata,https://pi.lib.uchicago.edu/1001/org/ochre/973afee5-bc33-ee21-6b7c-91ab492647b9,Dataset 56
dwgid0642.jpg,missing in metadata,https://pi.lib.uchicago.edu/1001/org/ochre/05f15d15-6ff3-2942-ea56-1cbb2898ec59,Dataset 56
dwgid0643.jpg,missing in metadata,https://pi.lib.uchicago.edu/1001/org/ochre/2743e3ce-ba6b-bb3f-c823-d26fea1a5360,Dataset 56
dwgid0644.jpg,missing in metadata,https://pi.lib.uchicago.edu/1001/org/ochre/b0e72a88-3b15-0f44-47ba-5e6d45e8cedf,Dataset 56
dwgid0645.jpg,missing in metadata,https://pi.lib.uchicago.edu/1001/org/ochre/64c1bbc8-392b-4a90-7b2b-670b807effa3,Dataset 56
dwgid0646.jpg,missing in metadata,https://pi.lib.uchicago.edu/1001/org/ochre/58469df1-fce5-65e7-47f3-4ec6868b1c34,Dataset 56
dwgid0647.jpg,missing in metadata,https://pi.lib.uchicago.edu/1001/org/ochre/aed0a2ba-14f7-6d0f-c10b-499e116e6363,Dataset 56
dwgid0651.jpg,missing in metadata,https://pi.lib.uchicago.edu/1001/org/ochre/c0fec430-463d-f578-e769-d85870414e02,Dataset 56
dwgid0653.jpg,missing in metadata,https://pi.lib.uchicago.edu/1001/org/ochre/03372ecb-aef5-9064-5d8e-c079ef94bb52,Dataset 56
dwgid0654.jpg,missing in metadata,https://pi.lib.uchicago.edu/1001/org/ochre/a7163a2b-d619-3ddc-ee0b-80b3ba5d3592,Dataset 56
dwgid0656.jpg,missing in metadata,https://pi.lib.uchicago.edu/1001/org/ochre/72693938-bb64-4afd-47d0-b5efd3c0cc2f,Dataset 56
dwgid0657.jpg,missing in metadata,https://pi.lib.uchicago.edu/1001/org/ochre/815c800b-3c60-13a0-f93b-dee011270f94,Dataset 56
dwgid0658.jpg,missing in metadata,https://pi.lib.uchicago.edu/1001/org/ochre/1e234de0-5341-b66a-6771-c8af2345ab12,Dataset 56
dwgid0659.jpg,missing in metadata,https://pi.lib.uchicago.edu/1001/org/ochre/c5d8d879-e677-7a00-2c63-0c90a178619e,Dataset 56
dwgid0660.jpg,missing in metadata,https://pi.lib.uchicago.edu/1001/org/ochre/c93178f3-5200-6264-a4c8-effe6b0af26b,Dataset 56
dwgid0661.jpg,missing in metadata,https://pi.lib.uchicago.edu/1001/org/ochre/233c3be3-48ef-4379-9294-0d95fbda9ac3,Dataset 56
dwgid0662.jpg,missing in metadata,https://pi.lib.uchicago.edu/1001/org/ochre/1c85fc3a-79cb-851c-766e-cca07d48e36d,Dataset 56
dwgid0663.jpg,missing in metadata,https://pi.lib.uchicago.edu/1001/org/ochre/429ca7b1-4e86-7100-8d97-c132a7a5c71c,Dataset 56
dwgid0664.jpg,missing in metadata,https://pi.lib.uchicago.edu/1001/org/ochre/fa0808fb-d945-0506-bc2a-404df2cef084,Dataset 56
dwgid0665.jpg,missing in metadata,https://pi.lib.uchicago.edu/1001/org/ochre/495ab374-8c03-3676-a459-c41e402422e3,Dataset 56
dwgid0667.jpg,missing in metadata,https://pi.lib.uchicago.edu/1001/org/ochre/da1bb97c-93c9-dc7a-4374-9ee121246f8a,Dataset 56
dwgid0668.jpg,missing in metadata,https://pi.lib.uchicago.edu/1001/org/ochre/f853c9c6-cce5-42f4-ede9-b614a72fc7bb,Dataset 56
dwgid0669.jpg,missing in metadata,https://pi.lib.uchicago.edu/1001/org/ochre/46d3986f-598f-c86c-04d2-70574d3caaf1,Dataset 56
dwgid0670.jpg,missing in metadata,https://pi.lib.uchicago.edu/1001/org/ochre/e103259f-3303-169e-e68e-5235ec492616,Dataset 56
dwgid0671.jpg,missing in metadata,https://pi.lib.uchicago.edu/1001/org/ochre/9e4b3a4d-5582-2e0d-8062-cb09c7fb97c5,Dataset 56
dwgid0673.jpg,missing in metadata,https://pi.lib.uchicago.edu/1001/org/ochre/758c2e47-bca7-0a4f-0663-96488922e3de,Dataset 56
dwgid0674.jpg,missing in metadata,https://pi.lib.uchicago.edu/1001/org/ochre/f5a93a4e-571a-53e3-04d0-0f07f9df25cd,Dataset 56
dwgid0675.jpg,missing in metadata,https://pi.lib.uchicago.edu/1001/org/ochre/a31bb953-658d-436b-85fc-0c077a9aca6a,Dataset 56
dwgid0676.jpg,missing in metadata,https://pi.lib.uchicago.edu/1001/org/ochre/c43fc297-814e-aae9-dca9-2df32a7c9baa,Dataset 56
dwgid0677.jpg,missing in metadata,https://pi.lib.uchicago.edu/1001/org/ochre/462e3bbc-374a-cc49-af99-9a9e1de4a4c2,Dataset 56
dwgid0678.jpg,missing in metadata,https://pi.lib.uchicago.edu/1001/org/ochre/145cd271-c37a-db02-a0e7-a7bce507e774,Dataset 56
dwgid0679.jpg,missing in metadata,https://pi.lib.uchicago.edu/1001/org/ochre/a3c4aed9-e0a5-57f3-abf1-87d3ac3ba11e,Dataset 56
dwgid0680.jpg,missing in metadata,https://pi.lib.uchicago.edu/1001/org/ochre/c5e5aabc-a7ca-51fe-44f9-e588dc85288e,Dataset 56
dwgid0682.jpg,missing in metadata,https://pi.lib.uchicago.edu/1001/org/ochre/e22281d9-f1f2-cfa3-4cf9-2f8b0b177190,Dataset 56
dwgid0683.jpg,missing in metadata,https://pi.lib.uchicago.edu/1001/org/ochre/c9a93ac3-f8bc-dc5c-4bd2-6ad0eb37cbc1,Dataset 56
dwgid0684.jpg,missing in metadata,https://pi.lib.uchicago.edu/1001/org/ochre/14076af3-0226-0f7a-2fed-7581c69a41df,Dataset 56
dwgid0685.jpg,missing in metadata,https://pi.lib.uchicago.edu/1001/org/ochre/c2c1effb-7e9c-e5e0-f8cb-885022102abe,Dataset 56
dwgid0686.jpg,missing in metadata,https://pi.lib.uchicago.edu/1001/org/ochre/b6bc0828-a684-dc6e-aaae-224fe4415c48,Dataset 56
dwgid0687.jpg,missing in metadata,https://pi.lib.uchicago.edu/1001/org/ochre/8ce4404d-a891-b527-032f-6ef4e08d7567,Dataset 56
dwgid0688.jpg,missing in metadata,https://pi.lib.uchicago.edu/1001/org/ochre/8f94d47a-3dcb-5cbd-3096-b406e57a612c,Dataset 56
dwgid0689.jpg,missing in metadata,https://pi.lib.uchicago.edu/1001/org/ochre/73406ead-2e4d-e31f-5849-b1c32e54f9b4,Dataset 56
dwgid0690.jpg,missing in metadata,https://pi.lib.uchicago.edu/1001/org/ochre/793a2361-370d-6670-b06c-7ec47f35776d,Dataset 56
dwgid0691.jpg,missing in metadata,https://pi.lib.uchicago.edu/1001/org/ochre/55ed4cab-0f76-0d55-bb50-7028be0aeacf,Dataset 56
dwgid0692.jpg,missing in metadata,https://pi.lib.uchicago.edu/1001/org/ochre/e6381a04-490c-191f-19e8-eb4e331024eb,Dataset 56
dwgid0693.jpg,missing in metadata,https://pi.lib.uchicago.edu/1001/org/ochre/22842a69-ea49-144a-75a4-5beda6ef8926,Dataset 56
dwgid0694.jpg,missing in metadata,https://pi.lib.uchicago.edu/1001/org/ochre/79a36d96-b2b2-f08f-da1d-11dfa66c98ea,Dataset 56
dwgid0695.jpg,missing in metadata,https://pi.lib.uchicago.edu/1001/org/ochre/1fa3bf82-15a0-64fc-a6cd-3b70116faec4,Dataset 56
dwgid0696.jpg,missing in metadata,https://pi.lib.uchicago.edu/1001/org/ochre/a8d0013f-e8c6-397f-da93-1f9674a5f192,Dataset 56
dwgid0699.jpg,missing in metadata,https://pi.lib.uchicago.edu/1001/org/ochre/045640c7-1bea-9e41-7e40-bf035f38a234,Dataset 56
dwgid0700.jpg,missing in metadata,https://pi.lib.uchicago.edu/1001/org/ochre/ae3979d4-5164-a327-1ca1-1098417d96a4,Dataset 56
dwgid0701.jpg,missing in metadata,https://pi.lib.uchicago.edu/1001/org/ochre/ac9d29cf-c60a-ad79-cdf6-d88c61515ec4,Dataset 56
dwgid0702.jpg,missing in metadata,https://pi.lib.uchicago.edu/1001/org/ochre/f5ab9abd-7f27-e522-aa90-fa6d9784ff02,Dataset 56
dwgid0704.jpg,missing in metadata,https://pi.lib.uchicago.edu/1001/org/ochre/93944137-c039-cdcc-fd51-e95782d85f32,Dataset 56
dwgid0705.jpg,missing in metadata,https://pi.lib.uchicago.edu/1001/org/ochre/c818a160-a376-7d5f-9957-a4f22cc4db05,Dataset 56
dwgid0706.jpg,missing in metadata,https://pi.lib.uchicago.edu/1001/org/ochre/c7ce0a35-24a0-fb26-3349-bb8f35b9d808,Dataset 56
dwgid0707.jpg,missing in metadata,https://pi.lib.uchicago.edu/1001/org/ochre/50c747f2-ce9d-b87b-3a76-0037dfbfb5fa,Dataset 56
dwgid0708.jpg,missing in metadata,https://pi.lib.uchicago.edu/1001/org/ochre/ff111f3e-0bf7-a987-f321-55b0e2f10b59,Dataset 56
dwgid0709.jpg,missing in metadata,https://pi.lib.uchicago.edu/1001/org/ochre/945c00ab-9fea-7fe9-d02c-b8fc009194a1,Dataset 56
dwgid0710.jpg,missing in metadata,https://pi.lib.uchicago.edu/1001/org/ochre/fe83c414-cbed-0f35-897a-6a153882a662,Dataset 56
dwgid0711.jpg,missing in metadata,https://pi.lib.uchicago.edu/1001/org/ochre/493ab54f-1bfc-155b-b4ac-43f26752f48f,Dataset 56
dwgid0712.jpg,missing in metadata,https://pi.lib.uchicago.edu/1001/org/ochre/921815e2-8404-598d-e12d-5b737416b939,Dataset 56
dwgid0713.jpg,missing in metadata,https://pi.lib.uchicago.edu/1001/org/ochre/71dcb83a-d1ec-9a3d-bafb-f149be4e3faf,Dataset 56
dwgid0714.jpg,missing in metadata,https://pi.lib.uchicago.edu/1001/org/ochre/c4381940-15f4-cc7b-0009-0296c55165b5,Dataset 56
dwgid0715.jpg,missing in metadata,https://pi.lib.uchicago.edu/1001/org/ochre/86f695ae-5fe2-0a93-b4de-bf3d8b5ad306,Dataset 56
dwgid0716.jpg,missing in metadata,https://pi.lib.uchicago.edu/1001/org/ochre/90d329a9-0fee-65f9-0090-030d5ec541ff,Dataset 56
dwgid0717.jpg,missing in metadata,https://pi.lib.uchicago.edu/1001/org/ochre/5ef542ad-cf26-f35c-49f9-a18038b7eb66,Dataset 56
dwgid0718.jpg,missing in metadata,https://pi.lib.uchicago.edu/1001/org/ochre/0a82b55b-330e-cb03-f2b5-f3722994edf1,Dataset 56
dwgid0719.jpg,missing in metadata,https://pi.lib.uchicago.edu/1001/org/ochre/d8a809e1-3335-691e-138a-c8d005582acc,Dataset 56
dwgid0721.jpg,missing in metadata,https://pi.lib.uchicago.edu/1001/org/ochre/e3bb59a0-ab4c-749b-6ebe-61059801309e,Dataset 56
dwgid0722.jpg,missing in metadata,https://pi.lib.uchicago.edu/1001/org/ochre/74216e3b-660f-0805-1011-7cac60437b3a,Dataset 56
dwgid0723.jpg,missing in metadata,https://pi.lib.uchicago.edu/1001/org/ochre/68e174fa-a7e8-9f63-29d6-5e1075ed37e6,Dataset 56
dwgid0724.jpg,missing in metadata,https://pi.lib.uchicago.edu/1001/org/ochre/7bde28a5-54fc-a67d-7165-09a62af21c23,Dataset 56
dwgid0725.jpg,missing in metadata,https://pi.lib.uchicago.edu/1001/org/ochre/f99c4c6b-62a3-b821-4a5f-518159e4d5b9,Dataset 56
dwgid0726.jpg,missing in metadata,https://pi.lib.uchicago.edu/1001/org/ochre/8329f30c-1210-e3f2-883e-37bba0f1143b,Dataset 56
dwgid0727.jpg,missing in metadata,https://pi.lib.uchicago.edu/1001/org/ochre/676eb26f-65b1-869e-d99d-90d28b564b66,Dataset 56
dwgid0728.jpg,missing in metadata,https://pi.lib.uchicago.edu/1001/org/ochre/29c1ab79-11be-ad8d-0aa3-9361fa416d61,Dataset 56
dwgid0729.jpg,missing in metadata,https://pi.lib.uchicago.edu/1001/org/ochre/4c7be7b0-8588-d264-d482-5a86a7fdf185,Dataset 56
dwgid0730.jpg,missing in metadata,https://pi.lib.uchicago.edu/1001/org/ochre/9df5428a-0558-f7d8-a7eb-b816c3949361,Dataset 56
dwgid0731.jpg,missing in metadata,https://pi.lib.uchicago.edu/1001/org/ochre/ba9f4f5c-4909-7620-5d3a-83772f8dce90,Dataset 56
dwgid0732.jpg,missing in metadata,https://pi.lib.uchicago.edu/1001/org/ochre/3c726316-5600-f248-2db1-7fd1a73b1339,Dataset 56
dwgid0733.jpg,missing in metadata,https://pi.lib.uchicago.edu/1001/org/ochre/5a8d17dd-0565-d802-370f-fda6e3e66a89,Dataset 56
dwgid0734.jpg,missing in metadata,https://pi.lib.uchicago.edu/1001/org/ochre/c9a69ed4-6f42-def9-1ab2-863ff7fe3994,Dataset 56
dwgid0735.jpg,missing in metadata,https://pi.lib.uchicago.edu/1001/org/ochre/3e5084a9-e193-b5d1-ad53-ba32aeeb4b5e,Dataset 56
dwgid0736.jpg,missing in metadata,https://pi.lib.uchicago.edu/1001/org/ochre/a062210b-400d-2de0-ce68-b46a33b97c67,Dataset 56
dwgid0737.jpg,missing in metadata,https://pi.lib.uchicago.edu/1001/org/ochre/255b3db7-1e8f-99d9-2fe6-d88ebcea4fd9,Dataset 56
dwgid0738.jpg,missing in metadata,https://pi.lib.uchicago.edu/1001/org/ochre/de41de56-8b34-5a80-346a-977cd8802e39,Dataset 56
dwgid0739.jpg,missing in metadata,https://pi.lib.uchicago.edu/1001/org/ochre/6642c2fb-8788-1973-a56d-0c28dd4d9e8c,Dataset 56
dwgid0740.jpg,missing in metadata,https://pi.lib.uchicago.edu/1001/org/ochre/935cbed9-c6bc-9ae9-ae89-373a69c566ec,Dataset 56
dwgid0741.jpg,missing in metadata,https://pi.lib.uchicago.edu/1001/org/ochre/fa3b2674-9c16-fe15-0c51-0e5ffecd9904,Dataset 56
dwgid0742.jpg,missing in metadata,https://pi.lib.uchicago.edu/1001/org/ochre/70191b2f-c00d-43fa-9e6a-1926a686fc1f,Dataset 56
dwgid0743.jpg,missing in metadata,https://pi.lib.uchicago.edu/1001/org/ochre/ed288563-cb14-fe4e-adf4-61bf3664a0e2,Dataset 56
dwgid0744.jpg,missing in metadata,https://pi.lib.uchicago.edu/1001/org/ochre/8a82242c-1eea-8c84-7cf6-b31b9d66f4f8,Dataset 56
dwgid0745.jpg,missing in metadata,https://pi.lib.uchicago.edu/1001/org/ochre/81b1908f-a53f-285c-8e5c-96b3b945b521,Dataset 56
dwgid0746.jpg,missing in metadata,https://pi.lib.uchicago.edu/1001/org/ochre/9955727b-81f9-c12a-3338-6cbaea5e688b,Dataset 56
dwgid0747.jpg,missing in metadata,https://pi.lib.uchicago.edu/1001/org/ochre/660d7936-1608-8dc0-d37b-65bce7b854fa,Dataset 56
dwgid0748.jpg,missing in metadata,https://pi.lib.uchicago.edu/1001/org/ochre/574057cf-a6b6-38c9-857f-ac2d0db945a1,Dataset 56
dwgid0749.jpg,missing in metadata,https://pi.lib.uchicago.edu/1001/org/ochre/76eec347-875a-e6d8-862f-ed11d7541a8b,Dataset 56
dwgid0750.jpg,missing in metadata,https://pi.lib.uchicago.edu/1001/org/ochre/cb08728c-c0a1-ca97-9171-23c283fa4c81,Dataset 56
dwgid0751.jpg,missing in metadata,https://pi.lib.uchicago.edu/1001/org/ochre/f7b4efa3-587a-0397-99f3-9ab4bd2afa0a,Dataset 56
dwgid0754.jpg,missing in metadata,https://pi.lib.uchicago.edu/1001/org/ochre/c943021b-3dce-16b5-498b-3512a2734c15,Dataset 56
dwgid0755.jpg,missing in metadata,https://pi.lib.uchicago.edu/1001/org/ochre/71dd0a51-30d9-122c-dde5-6262ab79baa0,Dataset 56
dwgid0756.jpg,missing in metadata,https://pi.lib.uchicago.edu/1001/org/ochre/131ca879-0036-8fad-d1fc-9c8f686a8b65,Dataset 56
dwgid0757.jpg,missing in metadata,https://pi.lib.uchicago.edu/1001/org/ochre/5746517d-add4-1e00-ac7a-a96ba8ef8fa4,Dataset 56
dwgid0758.jpg,missing in metadata,https://pi.lib.uchicago.edu/1001/org/ochre/ca586847-8c1a-5352-c260-289d9ba73197,Dataset 56
dwgid0759.jpg,missing in metadata,https://pi.lib.uchicago.edu/1001/org/ochre/5e0273a4-b6d3-2946-48fb-fb77f001b8ac,Dataset 56
dwgid0761.jpg,missing in metadata,https://pi.lib.uchicago.edu/1001/org/ochre/f6ae2832-f902-cfac-09df-ebb11641b54c,Dataset 56
dwgid0762.jpg,missing in metadata,https://pi.lib.uchicago.edu/1001/org/ochre/b00195b3-8709-3552-6ce8-157579bc05b9,Dataset 56
dwgid0763.jpg,missing in metadata,https://pi.lib.uchicago.edu/1001/org/ochre/93c37ae8-f856-beca-09f2-b3d30e7c8155,Dataset 56
dwgid0764.jpg,missing in metadata,https://pi.lib.uchicago.edu/1001/org/ochre/ff360e47-46a7-db68-341d-96f158de4730,Dataset 56
dwgid0765.jpg,missing in metadata,https://pi.lib.uchicago.edu/1001/org/ochre/1c279588-273c-4d3c-bf64-fa9bbf4303b0,Dataset 56
dwgid0766.jpg,missing in metadata,https://pi.lib.uchicago.edu/1001/org/ochre/e524dd9e-a044-e3bd-591b-4603766e210d,Dataset 56
dwgid0767.jpg,missing in metadata,https://pi.lib.uchicago.edu/1001/org/ochre/2716ce07-3ec7-286b-143d-01a618a60018,Dataset 56
dwgid0768.jpg,missing in metadata,https://pi.lib.uchicago.edu/1001/org/ochre/eb948957-1ede-d580-a83c-f466c666935f,Dataset 56
dwgid0769.jpg,missing in metadata,https://pi.lib.uchicago.edu/1001/org/ochre/a599a60c-3a48-3d27-a799-5e446f19d9a4,Dataset 56
dwgid0770.jpg,missing in metadata,https://pi.lib.uchicago.edu/1001/org/ochre/1b219d9a-7967-9a2a-baaf-51bf664ffbd0,Dataset 56
dwgid0771.jpg,missing in metadata,https://pi.lib.uchicago.edu/1001/org/ochre/ad10ae5a-5152-1ad5-6dd9-db68a613b3b5,Dataset 56
dwgid0772.jpg,missing in metadata,https://pi.lib.uchicago.edu/1001/org/ochre/ba996e85-ad44-dd57-eaf7-8fcfc5105f1e,Dataset 56
dwgid0773.jpg,missing in metadata,https://pi.lib.uchicago.edu/1001/org/ochre/877c0009-c8ec-b54a-a626-5806eb50f608,Dataset 56
dwgid0774.jpg,missing in metadata,https://pi.lib.uchicago.edu/1001/org/ochre/9a64ba33-2642-310c-137b-81c92860513c,Dataset 56
dwgid0775.jpg,missing in metadata,https://pi.lib.uchicago.edu/1001/org/ochre/a0e5e15b-2141-124c-93bc-1469d045b54a,Dataset 56
dwgid0776.jpg,missing in metadata,https://pi.lib.uchicago.edu/1001/org/ochre/49462afb-ce00-a487-b9d5-dd2fa87481aa,Dataset 56
dwgid0777.jpg,missing in metadata,https://pi.lib.uchicago.edu/1001/org/ochre/539a2df2-fcad-ba06-827c-de0c7db69612,Dataset 56
dwgid0778.jpg,missing in metadata,https://pi.lib.uchicago.edu/1001/org/ochre/55f280d3-b262-ec22-0ee2-969fd7878951,Dataset 56
dwgid0779.jpg,missing in metadata,https://pi.lib.uchicago.edu/1001/org/ochre/d36003d9-beb7-e230-25aa-1f5905ded83c,Dataset 56
dwgid0780.jpg,missing in metadata,https://pi.lib.uchicago.edu/1001/org/ochre/0361389e-2e8f-d1fb-c032-d48d5198ecfb,Dataset 56
dwgid0781.jpg,missing in metadata,https://pi.lib.uchicago.edu/1001/org/ochre/1e6b60c2-5ff0-38f7-127e-274120975b7c,Dataset 56
dwgid0782.jpg,missing in metadata,https://pi.lib.uchicago.edu/1001/org/ochre/474131ee-e2e5-3b0c-fc3b-2373b3bfa1ab,Dataset 56
dwgid0783.jpg,missing in metadata,https://pi.lib.uchicago.edu/1001/org/ochre/b6aed74a-8664-8189-635c-ae5990fea05b,Dataset 56
dwgid0785.jpg,missing in metadata,https://pi.lib.uchicago.edu/1001/org/ochre/e7c246ee-4aec-3131-2e08-6021093d5be3,Dataset 56
dwgid0786.jpg,missing in metadata,https://pi.lib.uchicago.edu/1001/org/ochre/bd86b8fe-9423-837d-c332-a38385466211,Dataset 56
dwgid0787.jpg,missing in metadata,https://pi.lib.uchicago.edu/1001/org/ochre/19a0d21c-475f-c332-a646-2ed79108d853,Dataset 56
dwgid0788.jpg,missing in metadata,https://pi.lib.uchicago.edu/1001/org/ochre/6258daea-d23c-65ad-8a76-96114acc5040,Dataset 56
dwgid0789.jpg,missing in metadata,https://pi.lib.uchicago.edu/1001/org/ochre/9e4317b6-b24a-d95d-624b-db4eb9d1604f,Dataset 56
dwgid0790.jpg,missing in metadata,https://pi.lib.uchicago.edu/1001/org/ochre/d9e8b707-6825-4202-21c5-d7f37fd0165f,Dataset 56
dwgid0791.jpg,missing in metadata,https://pi.lib.uchicago.edu/1001/org/ochre/5dc4bd0c-76f6-e191-0901-87c4cd464abe,Dataset 56
dwgid0792.jpg,missing in metadata,https://pi.lib.uchicago.edu/1001/org/ochre/261724db-3055-83bc-cfaf-5ba6914a4bb8,Dataset 56
dwgid0793.jpg,missing in metadata,https://pi.lib.uchicago.edu/1001/org/ochre/3801077f-1f03-fe82-4ba6-394bee993181,Dataset 56
dwgid0794.jpg,missing in metadata,https://pi.lib.uchicago.edu/1001/org/ochre/8475814e-d945-3313-7cc4-247893509f96,Dataset 56
dwgid0795.jpg,missing in metadata,https://pi.lib.uchicago.edu/1001/org/ochre/e137a990-ea5d-37c1-f4a2-15784e771b3a,Dataset 56
dwgid0796.jpg,missing in metadata,https://pi.lib.uchicago.edu/1001/org/ochre/70a48a19-ee5f-8e60-bab6-b1904cc24961,Dataset 56
dwgid0797.jpg,missing in metadata,https://pi.lib.uchicago.edu/1001/org/ochre/45db06e7-a8f5-8d2a-80ea-8b09a7e4bd8a,Dataset 56
dwgid0798.jpg,missing in metadata,https://pi.lib.uchicago.edu/1001/org/ochre/fe18d4ac-9c3c-6d63-b322-58eec90200c0,Dataset 56
dwgid0799.jpg,missing in metadata,https://pi.lib.uchicago.edu/1001/org/ochre/a469c095-7aca-0da4-5466-9758fa4cfa3e,Dataset 56
dwgid0800.jpg,missing in metadata,https://pi.lib.uchicago.edu/1001/org/ochre/54b29043-7972-a1dc-355f-140d6f6ecb52,Dataset 56
dwgid0801.jpg,missing in metadata,https://pi.lib.uchicago.edu/1001/org/ochre/70b593bc-9fbc-819b-acff-9595ea302254,Dataset 56
dwgid0802.jpg,missing in metadata,https://pi.lib.uchicago.edu/1001/org/ochre/6a3e398e-74a5-6158-d81a-9c6faeb6f7fb,Dataset 56
dwgid0803.jpg,missing in metadata,https://pi.lib.uchicago.edu/1001/org/ochre/9e54dc36-5f48-985f-c77b-7b56910a4635,Dataset 56
dwgid0804.jpg,missing in metadata,https://pi.lib.uchicago.edu/1001/org/ochre/6905fa2f-3183-bf31-892f-4a4651fbaa00,Dataset 56
dwgid0805.jpg,missing in metadata,https://pi.lib.uchicago.edu/1001/org/ochre/c3ff18a5-c15f-3644-ba7f-58eabecb496a,Dataset 56
dwgid0806.jpg,missing in metadata,https://pi.lib.uchicago.edu/1001/org/ochre/e7623441-7e22-9c2d-21a4-f2aee2e31c68,Dataset 56
dwgid0807.jpg,missing in metadata,https://pi.lib.uchicago.edu/1001/org/ochre/e516f9bc-2cd0-44d5-de3a-ba95d7b8051b,Dataset 56
dwgid0808.jpg,missing in metadata,https://pi.lib.uchicago.edu/1001/org/ochre/683a3eb5-bdfa-d6d1-1b38-820bc2de2457,Dataset 56
dwgid0809.jpg,missing in metadata,https://pi.lib.uchicago.edu/1001/org/ochre/3c6c4fc4-55ef-65cd-1f18-2369e9b9d61c,Dataset 56
dwgid0810.jpg,missing in metadata,https://pi.lib.uchicago.edu/1001/org/ochre/1b9edeea-ad1d-fad4-afd5-7cf4066c2ea0,Dataset 56
dwgid0811.jpg,missing in metadata,https://pi.lib.uchicago.edu/1001/org/ochre/b267627d-6cb3-185d-fcce-22cedee594e6,Dataset 56
dwgid0812.jpg,missing in metadata,https://pi.lib.uchicago.edu/1001/org/ochre/f751fee8-d03e-80cf-e4b8-473bf004f97b,Dataset 56
dwgid0813.jpg,missing in metadata,https://pi.lib.uchicago.edu/1001/org/ochre/32f61bb2-4d31-567b-df18-2f80c6bb3db8,Dataset 56
dwgid0814.jpg,missing in metadata,https://pi.lib.uchicago.edu/1001/org/ochre/77129428-e3f7-ff93-a4fa-b687ff4831f1,Dataset 56
dwgid0815.jpg,missing in metadata,https://pi.lib.uchicago.edu/1001/org/ochre/4d708edc-58c4-f324-c515-f0652698cd08,Dataset 56
dwgid0816.jpg,missing in metadata,https://pi.lib.uchicago.edu/1001/org/ochre/5bcac9b0-f0bb-55ae-7e54-edf2f971166f,Dataset 56
dwgid0817.jpg,missing in metadata,https://pi.lib.uchicago.edu/1001/org/ochre/a7aea866-0b6c-b670-7510-19f827e29fc5,Dataset 56
dwgid0818.jpg,missing in metadata,https://pi.lib.uchicago.edu/1001/org/ochre/c68e1bd7-53fc-e927-0b9e-1b4ff7bf8a0e,Dataset 56
dwgid0819.jpg,missing in metadata,https://pi.lib.uchicago.edu/1001/org/ochre/4b5a27e9-43d8-0489-a31f-7bd78dd631fd,Dataset 56
dwgid0820.jpg,missing in metadata,https://pi.lib.uchicago.edu/1001/org/ochre/1c020c8f-7c2d-b127-8931-7827053826c3,Dataset 56
dwgid0821.jpg,missing in metadata,https://pi.lib.uchicago.edu/1001/org/ochre/82358371-d466-08fd-4cb7-f29c7d61e811,Dataset 56
dwgid0822.jpg,missing in metadata,https://pi.lib.uchicago.edu/1001/org/ochre/84e1d569-4f1c-7f79-7e4b-49e563c62221,Dataset 56
dwgid0823.jpg,missing in metadata,https://pi.lib.uchicago.edu/1001/org/ochre/ac00764e-1402-d219-aee8-f4a6df28d015,Dataset 56
dwgid0824.jpg,missing in metadata,https://pi.lib.uchicago.edu/1001/org/ochre/d707547f-1fd7-0459-61f1-dd101390aac1,Dataset 56
dwgid0825.jpg,missing in metadata,https://pi.lib.uchicago.edu/1001/org/ochre/8399df09-fcd9-0d48-6bc2-dd48aef16334,Dataset 56
dwgid0826.jpg,missing in metadata,https://pi.lib.uchicago.edu/1001/org/ochre/39a05f57-c4cd-e68f-f8f5-097f853b28fe,Dataset 56
dwgid0827.jpg,missing in metadata,https://pi.lib.uchicago.edu/1001/org/ochre/f843919a-aa02-4f34-12f1-fe91f8dbb94a,Dataset 56
dwgid0828.jpg,missing in metadata,https://pi.lib.uchicago.edu/1001/org/ochre/d3dbe26a-323b-813d-3eb5-1874b43772f1,Dataset 56
dwgid0829.jpg,missing in metadata,https://pi.lib.uchicago.edu/1001/org/ochre/64ebadbc-dfd4-0d44-3f7a-83bb79b7fa6e,Dataset 56
dwgid0830.jpg,missing in metadata,https://pi.lib.uchicago.edu/1001/org/ochre/5bd41e89-6317-e5d4-eded-b847e8eb17a9,Dataset 56
dwgid0831.jpg,missing in metadata,https://pi.lib.uchicago.edu/1001/org/ochre/3c0f0a16-228b-58ae-2723-fc0d43958c54,Dataset 56
dwgid0832.jpg,missing in metadata,https://pi.lib.uchicago.edu/1001/org/ochre/5ae98d76-b66d-49fb-a48c-b94fa4fabd8b,Dataset 56
dwgid0833.jpg,missing in metadata,https://pi.lib.uchicago.edu/1001/org/ochre/1d82005c-9276-3fc6-7de6-af0e8a097617,Dataset 56
dwgid0834.jpg,missing in metadata,https://pi.lib.uchicago.edu/1001/org/ochre/12a9886c-9905-3678-9ddc-7f63abaa74f4,Dataset 56
dwgid0835.jpg,missing in metadata,https://pi.lib.uchicago.edu/1001/org/ochre/3b81e298-c15c-741f-14c1-b3116b4a28b0,Dataset 56
dwgid0836.jpg,missing in metadata,https://pi.lib.uchicago.edu/1001/org/ochre/99544c3b-afa8-a855-f153-26a43981dc6a,Dataset 56
dwgid0837.jpg,missing in metadata,https://pi.lib.uchicago.edu/1001/org/ochre/f4193747-b740-4152-22a8-56314002c0d9,Dataset 56
dwgid0838.jpg,missing in metadata,https://pi.lib.uchicago.edu/1001/org/ochre/6e4871b3-e5d3-3fb7-9508-541ecf38dc7b,Dataset 56
dwgid0839.jpg,missing in metadata,https://pi.lib.uchicago.edu/1001/org/ochre/4beb801e-4500-9358-cc8c-15fff0e2fb9d,Dataset 56
dwgid0840.jpg,missing in metadata,https://pi.lib.uchicago.edu/1001/org/ochre/e5e7e61c-e33e-fdcc-512b-e731496e8ea8,Dataset 56
dwgid0841.jpg,missing in metadata,https://pi.lib.uchicago.edu/1001/org/ochre/fa2e0704-7e08-22cb-8ef5-8804151789f5,Dataset 56
dwgid0842.jpg,missing in metadata,https://pi.lib.uchicago.edu/1001/org/ochre/1f27d675-33dd-be60-1c8f-8ef15efd86bd,Dataset 56
dwgid0843.jpg,missing in metadata,https://pi.lib.uchicago.edu/1001/org/ochre/8b1c35cc-df50-67b5-f70b-0f5e0e0158d3,Dataset 56
dwgid0844.jpg,missing in metadata,https://pi.lib.uchicago.edu/1001/org/ochre/540898f5-a993-9bad-709b-c51d42d552ec,Dataset 56
dwgid0845.jpg,missing in metadata,https://pi.lib.uchicago.edu/1001/org/ochre/da347e71-9cc7-6078-d381-7f0958edabc8,Dataset 56
dwgid0846.jpg,missing in metadata,https://pi.lib.uchicago.edu/1001/org/ochre/ec9c841c-9957-653c-ea15-35ee39ec10b9,Dataset 56
dwgid0847.jpg,missing in metadata,https://pi.lib.uchicago.edu/1001/org/ochre/db6ddf33-596b-7c20-b04c-1dbb8ed7fdf7,Dataset 56
dwgid0849.jpg,missing in metadata,https://pi.lib.uchicago.edu/1001/org/ochre/8ced38b9-30f0-26d4-8a9d-9a56f3598e59,Dataset 56
dwgid0850.jpg,missing in metadata,https://pi.lib.uchicago.edu/1001/org/ochre/7e6eb945-e210-adce-100f-3a877e69ca21,Dataset 56
dwgid0851.jpg,missing in metadata,https://pi.lib.uchicago.edu/1001/org/ochre/612607a9-d03f-63e1-f35e-ba2bfae9472a,Dataset 56
dwgid0852.jpg,missing in metadata,https://pi.lib.uchicago.edu/1001/org/ochre/37a5105b-2b79-bb77-74e2-bb6e655bb0ed,Dataset 56
dwgid0853.jpg,missing in metadata,https://pi.lib.uchicago.edu/1001/org/ochre/04117d10-82eb-3d32-06d9-03c5893cbb15,Dataset 56
dwgid0854.jpg,missing in metadata,https://pi.lib.uchicago.edu/1001/org/ochre/c321e966-6af6-0f22-3374-ca14841e82b3,Dataset 56
dwgid0855.jpg,missing in metadata,https://pi.lib.uchicago.edu/1001/org/ochre/556325c2-c7eb-e9af-07b6-58cec1c833a1,Dataset 56
dwgid0856.jpg,missing in metadata,https://pi.lib.uchicago.edu/1001/org/ochre/0399d5b8-d19e-fbed-4d2a-7d77300f87c9,Dataset 56
dwgid0857.jpg,missing in metadata,https://pi.lib.uchicago.edu/1001/org/ochre/80b65977-03e9-78cb-23a3-256ce0f47fdf,Dataset 56
dwgid0858.jpg,missing in metadata,https://pi.lib.uchicago.edu/1001/org/ochre/c71a4551-f7c1-53b8-ea55-f7f4264bfe53,Dataset 56
dwgid0859.jpg,missing in metadata,https://pi.lib.uchicago.edu/1001/org/ochre/cf49506d-a632-9bbc-0ed5-5ff69ebe25ee,Dataset 56
dwgid0860.jpg,missing in metadata,https://pi.lib.uchicago.edu/1001/org/ochre/2d6f24d9-dc9c-87a4-1483-87ce1fa2988c,Dataset 56
dwgid0861.jpg,missing in metadata,https://pi.lib.uchicago.edu/1001/org/ochre/bdb5f926-7b8d-93be-3ccd-71d21b2eb457,Dataset 56
dwgid0863.jpg,missing in metadata,https://pi.lib.uchicago.edu/1001/org/ochre/579ff71c-e4ac-3993-5646-27aed3980286,Dataset 56
dwgid0864.jpg,missing in metadata,https://pi.lib.uchicago.edu/1001/org/ochre/c41a98cf-a383-5d31-e7e2-0dcd61bad250,Dataset 56
dwgid0865.jpg,missing in metadata,https://pi.lib.uchicago.edu/1001/org/ochre/b47e9f5d-da01-3860-ee84-5a5c621832fa,Dataset 56
dwgid0866.jpg,missing in metadata,https://pi.lib.uchicago.edu/1001/org/ochre/ab8f3026-f423-3122-1896-ba5037f61af5,Dataset 56
dwgid0868.jpg,missing in metadata,https://pi.lib.uchicago.edu/1001/org/ochre/70f3fc9e-5c71-9e80-f1fd-2d277b273546,Dataset 56
dwgid0869.jpg,missing in metadata,https://pi.lib.uchicago.edu/1001/org/ochre/6f3bcc2f-749a-82dc-ddfa-645519025c47,Dataset 56
dwgid0871.jpg,missing in metadata,https://pi.lib.uchicago.edu/1001/org/ochre/90eb293f-b427-ce06-0f8c-dd81701dea44,Dataset 56
dwgid0872.jpg,missing in metadata,https://pi.lib.uchicago.edu/1001/org/ochre/76aa24eb-2798-7cba-bcd0-f7bc1807a5ef,Dataset 56
dwgid0873.jpg,missing in metadata,https://pi.lib.uchicago.edu/1001/org/ochre/60e7fe4d-b986-ac27-e413-5320f5c41e44,Dataset 56
dwgid0874.jpg,missing in metadata,https://pi.lib.uchicago.edu/1001/org/ochre/3a4966b9-251f-4da9-9e9c-881329706794,Dataset 56
dwgid0875.jpg,missing in metadata,https://pi.lib.uchicago.edu/1001/org/ochre/cef60773-2acf-6496-9547-d1c960b2f470,Dataset 56
dwgid0876.jpg,missing in metadata,https://pi.lib.uchicago.edu/1001/org/ochre/6dee0128-3eef-9f30-23a0-9ce1b8bc89be,Dataset 56
dwgid0877.jpg,missing in metadata,https://pi.lib.uchicago.edu/1001/org/ochre/4e55f8a4-693b-0148-9456-2960391855f4,Dataset 56
dwgid0878.jpg,missing in metadata,https://pi.lib.uchicago.edu/1001/org/ochre/e2516204-ccfc-f482-b06f-425e85de9a8a,Dataset 56
dwgid0879.jpg,missing in metadata,https://pi.lib.uchicago.edu/1001/org/ochre/b4c8c000-4902-077b-df19-ddc82d17a276,Dataset 56
dwgid0880.jpg,missing in metadata,https://pi.lib.uchicago.edu/1001/org/ochre/7bfe0683-6c4f-4c70-8d6c-9ce837cfcdfb,Dataset 56
dwgid0881.jpg,missing in metadata,https://pi.lib.uchicago.edu/1001/org/ochre/ad624275-d0ef-0965-2b91-15246464d947,Dataset 56
dwgid0882.jpg,missing in metadata,https://pi.lib.uchicago.edu/1001/org/ochre/cd17d9bd-6a02-dd10-23dc-5e10004ff2ec,Dataset 56
dwgid0883.jpg,missing in metadata,https://pi.lib.uchicago.edu/1001/org/ochre/ac5064c6-1c6a-e366-b121-7ff8d11d9991,Dataset 56
dwgid0884.jpg,missing in metadata,https://pi.lib.uchicago.edu/1001/org/ochre/ce3a684a-b8b2-6eae-281c-341e5bf7d3be,Dataset 56
dwgid0885.jpg,missing in metadata,https://pi.lib.uchicago.edu/1001/org/ochre/00a23706-6f92-c75c-e4ec-3975de52a290,Dataset 56
dwgid0886.jpg,missing in metadata,https://pi.lib.uchicago.edu/1001/org/ochre/2f44d03b-a192-dc0c-19ed-40c693efe044,Dataset 56
dwgid0887.jpg,missing in metadata,https://pi.lib.uchicago.edu/1001/org/ochre/fad74bef-9ad6-08c5-4b17-62d81e11408f,Dataset 56
dwgid0888.jpg,missing in metadata,https://pi.lib.uchicago.edu/1001/org/ochre/49983546-9442-1c4e-a039-26c89553d3ad,Dataset 56
dwgid0889.jpg,missing in metadata,https://pi.lib.uchicago.edu/1001/org/ochre/87463de1-8d8f-71ed-a915-7da502ca12ef,Dataset 56
dwgid0890.jpg,missing in metadata,https://pi.lib.uchicago.edu/1001/org/ochre/dcab0564-94dc-d560-ad12-112a26433264,Dataset 56
dwgid0891.jpg,missing in metadata,https://pi.lib.uchicago.edu/1001/org/ochre/bf873e2f-c036-8b81-c44c-7580629f1114,Dataset 56
dwgid0892.jpg,missing in metadata,https://pi.lib.uchicago.edu/1001/org/ochre/3602e575-5bda-34a8-48b4-4234f56bb5c2,Dataset 56
dwgid0893.jpg,missing in metadata,https://pi.lib.uchicago.edu/1001/org/ochre/c02cec1c-1b39-2794-c47e-f84ea10db782,Dataset 56
dwgid0894.jpg,missing in metadata,https://pi.lib.uchicago.edu/1001/org/ochre/e72acf02-de1a-01b1-0286-45c66ac72030,Dataset 56
dwgid0895.jpg,missing in metadata,https://pi.lib.uchicago.edu/1001/org/ochre/822f88aa-fc44-b44b-7753-2ee8bf4d07c9,Dataset 56
dwgid0896.jpg,missing in metadata,https://pi.lib.uchicago.edu/1001/org/ochre/34718714-3483-a42f-f47a-5062404e1844,Dataset 56
dwgid0897.jpg,missing in metadata,https://pi.lib.uchicago.edu/1001/org/ochre/5dbeec6d-f8bd-dc54-1ae6-c58f302824a4,Dataset 56
dwgid0898.jpg,missing in metadata,https://pi.lib.uchicago.edu/1001/org/ochre/85e47644-51e6-2587-36c5-2da90b1c648d,Dataset 56
dwgid0899.jpg,missing in metadata,https://pi.lib.uchicago.edu/1001/org/ochre/fd095c92-00a8-a0d0-55c4-a7cffeadf580,Dataset 56
dwgid0900.jpg,missing in metadata,https://pi.lib.uchicago.edu/1001/org/ochre/e91144d6-f56f-55a5-24f6-206b14502222,Dataset 56
dwgid0902.jpg,missing in metadata,https://pi.lib.uchicago.edu/1001/org/ochre/d0fcd38a-74da-0552-2e18-ca2208415b1a,Dataset 56
dwgid0903.jpg,missing in metadata,https://pi.lib.uchicago.edu/1001/org/ochre/3ddd55b1-d955-c189-2fcc-2ba3ce12e85d,Dataset 56
dwgid0904.jpg,missing in metadata,https://pi.lib.uchicago.edu/1001/org/ochre/c52db6da-dc6b-20b7-e48a-41523aabf776,Dataset 56
dwgid0905.jpg,missing in metadata,https://pi.lib.uchicago.edu/1001/org/ochre/4b77d5fa-5397-d235-8520-1003549aafac,Dataset 56
dwgid0906.jpg,missing in metadata,https://pi.lib.uchicago.edu/1001/org/ochre/5e399c20-fce3-0bb3-fc5c-22669c6fe734,Dataset 56
dwgid0907.jpg,missing in metadata,https://pi.lib.uchicago.edu/1001/org/ochre/273d2e79-c3d6-7493-c495-5be98570e3e8,Dataset 56
dwgid0908.jpg,missing in metadata,https://pi.lib.uchicago.edu/1001/org/ochre/3c944a0b-c7e0-b6a5-9c18-c3c5c6ccad42,Dataset 56
dwgid0909.jpg,missing in metadata,https://pi.lib.uchicago.edu/1001/org/ochre/52e6ed8d-29de-f534-a1a3-463fb2571bf3,Dataset 56
dwgid0910.jpg,missing in metadata,https://pi.lib.uchicago.edu/1001/org/ochre/610a9674-cbf3-259a-5769-0587c4202ef6,Dataset 56
dwgid0911.jpg,missing in metadata,https://pi.lib.uchicago.edu/1001/org/ochre/12df21f6-9855-73c4-5226-9ddb3cf83d6e,Dataset 56
dwgid0912.jpg,missing in metadata,https://pi.lib.uchicago.edu/1001/org/ochre/e80692ff-b3e1-04a4-6e53-995dd55f3805,Dataset 56
dwgid0913.jpg,missing in metadata,https://pi.lib.uchicago.edu/1001/org/ochre/5d28a889-fba7-ab52-7ec2-c00a5bacb4d9,Dataset 56
dwgid0914.jpg,missing in metadata,https://pi.lib.uchicago.edu/1001/org/ochre/2bc145b7-bc35-97fd-3870-10c3be0bfaaa,Dataset 56
dwgid0916.jpg,missing in metadata,https://pi.lib.uchicago.edu/1001/org/ochre/a8324a76-0fce-d4de-2d05-dd5597111c6c,Dataset 56
dwgid0917.jpg,missing in metadata,https://pi.lib.uchicago.edu/1001/org/ochre/3a91c84c-ce6c-9dc8-004f-640115b1c95d,Dataset 56
dwgid0918.jpg,missing in metadata,https://pi.lib.uchicago.edu/1001/org/ochre/cea772aa-8bce-047f-129e-7f3a23e69be3,Dataset 56
dwgid0919.jpg,missing in metadata,https://pi.lib.uchicago.edu/1001/org/ochre/06ac3da1-86c3-67eb-c4c9-96eee8cf14bb,Dataset 56
dwgid0920.jpg,missing in metadata,https://pi.lib.uchicago.edu/1001/org/ochre/dc7a654c-23e5-923e-b059-5bbf1626aada,Dataset 56
dwgid0921.jpg,missing in metadata,https://pi.lib.uchicago.edu/1001/org/ochre/90184fd9-b1ac-3f48-cb3b-28f46bab3fba,Dataset 56
dwgid0922.jpg,missing in metadata,https://pi.lib.uchicago.edu/1001/org/ochre/aa285224-c03e-ab9a-98b3-d6d3f1c42a41,Dataset 56
dwgid0923.jpg,missing in metadata,https://pi.lib.uchicago.edu/1001/org/ochre/eae81248-5950-e681-4b39-83afd386f37f,Dataset 56
dwgid0924.jpg,missing in metadata,https://pi.lib.uchicago.edu/1001/org/ochre/db2d84e9-d10e-2dbd-a738-a4c02de1414e,Dataset 56
dwgid0925.jpg,missing in metadata,https://pi.lib.uchicago.edu/1001/org/ochre/b33f02c4-39b5-6b65-b2d4-c36203683e9a,Dataset 56
dwgid0926.jpg,missing in metadata,https://pi.lib.uchicago.edu/1001/org/ochre/ff4080a4-e449-cb28-84c5-99c6553ec527,Dataset 56
dwgid0927.jpg,missing in metadata,https://pi.lib.uchicago.edu/1001/org/ochre/98af2a4a-df58-2ce0-9367-93dc1feead1e,Dataset 56
dwgid0928.jpg,missing in metadata,https://pi.lib.uchicago.edu/1001/org/ochre/dff653b9-dde4-8c2b-0560-ed4e555a21a1,Dataset 56
dwgid0929.jpg,missing in metadata,https://pi.lib.uchicago.edu/1001/org/ochre/baf3cfbf-5c94-b540-3e5d-5176071949cc,Dataset 56
dwgid0930.jpg,missing in metadata,https://pi.lib.uchicago.edu/1001/org/ochre/4b7dac4c-93c8-4ba7-67ab-71f5b2513a64,Dataset 56
dwgid0931.jpg,missing in metadata,https://pi.lib.uchicago.edu/1001/org/ochre/ba6ff11a-1a70-ff99-658d-a14783fddc08,Dataset 56
dwgid0932.jpg,missing in metadata,https://pi.lib.uchicago.edu/1001/org/ochre/c2372dd9-a97e-a68c-16db-ada49c13d95b,Dataset 56
dwgid0933.jpg,missing in metadata,https://pi.lib.uchicago.edu/1001/org/ochre/5d5b6f50-5d8a-b0a3-fa0c-fbe480302326,Dataset 56
dwgid0934.jpg,missing in metadata,https://pi.lib.uchicago.edu/1001/org/ochre/217016e3-19da-a980-d0b3-0ecc2bfaa86a,Dataset 56
dwgid0935.jpg,missing in metadata,https://pi.lib.uchicago.edu/1001/org/ochre/0719aca9-9665-7612-c7c0-55f569d60928,Dataset 56
dwgid0936.jpg,missing in metadata,https://pi.lib.uchicago.edu/1001/org/ochre/8402e656-181b-0cda-bc95-1f72f486fc6e,Dataset 56
dwgid0937.jpg,missing in metadata,https://pi.lib.uchicago.edu/1001/org/ochre/dfdc906d-605b-8f21-9bed-a5b11980b7b5,Dataset 56
dwgid0938.jpg,missing in metadata,https://pi.lib.uchicago.edu/1001/org/ochre/6f23eb68-d764-fffa-49b7-c3d72ec6d14a,Dataset 56
dwgid0939.jpg,missing in metadata,https://pi.lib.uchicago.edu/1001/org/ochre/fb4fcfc5-c632-1a56-d655-bfd428650d29,Dataset 56
dwgid0940.jpg,missing in metadata,https://pi.lib.uchicago.edu/1001/org/ochre/77ae4376-c002-2dea-fd89-11d84614cacd,Dataset 56
dwgid0941.jpg,missing in metadata,https://pi.lib.uchicago.edu/1001/org/ochre/fa93839f-9536-8ce6-b25b-0efe977e601a,Dataset 56
dwgid0942.jpg,missing in metadata,https://pi.lib.uchicago.edu/1001/org/ochre/9b27a1b2-09be-977d-8ae6-77ac0b3e6d9f,Dataset 56
dwgid0943.jpg,missing in metadata,https://pi.lib.uchicago.edu/1001/org/ochre/652f50ae-513b-61b7-6ea7-eb253d813013,Dataset 56
dwgid0944.jpg,missing in metadata,https://pi.lib.uchicago.edu/1001/org/ochre/07615aca-7149-499f-5be1-3b39eb58ff1a,Dataset 56
dwgid0945.jpg,missing in metadata,https://pi.lib.uchicago.edu/1001/org/ochre/e7d097d2-926b-bb7b-8b15-2cb2f0c34db7,Dataset 56
dwgid0946.jpg,missing in metadata,https://pi.lib.uchicago.edu/1001/org/ochre/5c0212b6-169f-94cb-c354-e8d53da06ed3,Dataset 56
dwgid0947.jpg,missing in metadata,https://pi.lib.uchicago.edu/1001/org/ochre/d0dab29e-0bc9-9748-4d92-67bf2e912bc3,Dataset 56
dwgid0948.jpg,missing in metadata,https://pi.lib.uchicago.edu/1001/org/ochre/fc1f0e91-4796-0e15-b8e8-5ab1b3d7a6c4,Dataset 56
dwgid0949.jpg,missing in metadata,https://pi.lib.uchicago.edu/1001/org/ochre/6d03ac38-8c29-0caf-65cf-3c943fc25201,Dataset 56
dwgid0950.jpg,missing in metadata,https://pi.lib.uchicago.edu/1001/org/ochre/51f6d2ca-93f2-bd91-99f2-fca7a5a58c8f,Dataset 56
dwgid0951.jpg,missing in metadata,https://pi.lib.uchicago.edu/1001/org/ochre/5ea05b03-84af-3c34-3a97-993e429c38f4,Dataset 56
dwgid0952.jpg,missing in metadata,https://pi.lib.uchicago.edu/1001/org/ochre/67148d5d-bc5e-7a11-41b3-a02b3b25fc85,Dataset 56
dwgid0953.jpg,missing in metadata,https://pi.lib.uchicago.edu/1001/org/ochre/b44185ef-58e0-25bd-0524-0cc6c65770c2,Dataset 56
dwgid0954.jpg,missing in metadata,https://pi.lib.uchicago.edu/1001/org/ochre/7700af71-b4b9-c13f-f076-aa26698f974e,Dataset 56
dwgid0955.jpg,missing in metadata,https://pi.lib.uchicago.edu/1001/org/ochre/62b5f62e-f1a8-dee0-b518-dc1d23d6d5dd,Dataset 56
dwgid0956.jpg,missing in metadata,https://pi.lib.uchicago.edu/1001/org/ochre/79b07b36-c1e0-bed1-4ad6-623686536b12,Dataset 56
dwgid0957.jpg,missing in metadata,https://pi.lib.uchicago.edu/1001/org/ochre/a993f360-afb8-04bc-b59b-4c6d1deb09f3,Dataset 56
dwgid0958.jpg,missing in metadata,https://pi.lib.uchicago.edu/1001/org/ochre/2fd80706-9446-508c-c478-fc6fe26e010f,Dataset 56
dwgid0959.jpg,missing in metadata,https://pi.lib.uchicago.edu/1001/org/ochre/00a72999-40a4-171a-878e-b88052174eb8,Dataset 56
dwgid0960.jpg,missing in metadata,https://pi.lib.uchicago.edu/1001/org/ochre/8fe5ad54-6cce-dc0b-5dc1-34bd2fc07086,Dataset 56
dwgid0961.jpg,missing in metadata,https://pi.lib.uchicago.edu/1001/org/ochre/b72a03f5-8ff6-77d9-c19b-54b2acfbadfd,Dataset 56
dwgid0962.jpg,missing in metadata,https://pi.lib.uchicago.edu/1001/org/ochre/8f642049-e53b-95d8-4f91-f7b0d5023af8,Dataset 56
dwgid0963.jpg,missing in metadata,https://pi.lib.uchicago.edu/1001/org/ochre/d0fe8d33-13b2-fcd2-e5c5-ec46a7714f4b,Dataset 56
dwgid0964.jpg,missing in metadata,https://pi.lib.uchicago.edu/1001/org/ochre/7c8e7086-dad5-49f8-5c67-c1413e88f26d,Dataset 56
dwgid0965.jpg,missing in metadata,https://pi.lib.uchicago.edu/1001/org/ochre/d660f4fe-4db7-983b-9ebf-192369f07f27,Dataset 56
dwgid0966.jpg,missing in metadata,https://pi.lib.uchicago.edu/1001/org/ochre/b2da7977-8b1f-e6cc-35d4-c36e52e5e9dd,Dataset 56
dwgid0967.jpg,missing in metadata,https://pi.lib.uchicago.edu/1001/org/ochre/0a0ad9bf-8a09-e115-a580-84f2c872aca1,Dataset 56
dwgid0968.jpg,missing in metadata,https://pi.lib.uchicago.edu/1001/org/ochre/24a113fe-65e0-0ff1-d3dd-74b2ea16c986,Dataset 56
dwgid0969.jpg,missing in metadata,https://pi.lib.uchicago.edu/1001/org/ochre/e6656c5c-9da9-6a52-853a-d1f2094b8801,Dataset 56
dwgid0970.jpg,missing in metadata,https://pi.lib.uchicago.edu/1001/org/ochre/61de6e70-d3fc-f359-2428-3bc9f2c45f0b,Dataset 56
dwgid0971.jpg,missing in metadata,https://pi.lib.uchicago.edu/1001/org/ochre/7bff0ebc-bec0-ba0d-93c9-2737c9f14efc,Dataset 56
dwgid0972.jpg,missing in metadata,https://pi.lib.uchicago.edu/1001/org/ochre/e690c18e-1df6-f22d-a94b-c383b9d2cbda,Dataset 56
dwgid0973.jpg,missing in metadata,https://pi.lib.uchicago.edu/1001/org/ochre/5fefe927-5d00-d62d-9000-6969c816525c,Dataset 56
dwgid0974.jpg,missing in metadata,https://pi.lib.uchicago.edu/1001/org/ochre/e7b7aa17-5133-e081-eeac-42b60cc69e07,Dataset 56
dwgid0975.jpg,missing in metadata,https://pi.lib.uchicago.edu/1001/org/ochre/d69e365c-f98a-d0bb-b988-a5cb7ef1a8f4,Dataset 56
dwgid0976.jpg,missing in metadata,https://pi.lib.uchicago.edu/1001/org/ochre/7f1cda19-1144-6141-f0c9-58d05c01d194,Dataset 56
dwgid0977.jpg,missing in metadata,https://pi.lib.uchicago.edu/1001/org/ochre/843ee1b1-1f1a-d63e-5e71-14690697ffdf,Dataset 56
dwgid0978.jpg,missing in metadata,https://pi.lib.uchicago.edu/1001/org/ochre/a138619f-b62c-c574-05d9-7c9a7e6aa3db,Dataset 56
dwgid0979.jpg,missing in metadata,https://pi.lib.uchicago.edu/1001/org/ochre/43807876-3b15-96a3-b45a-d348ba905ebf,Dataset 56
dwgid0980.jpg,missing in metadata,https://pi.lib.uchicago.edu/1001/org/ochre/cb21bf3b-56ca-1be8-d979-3ab0fc48484f,Dataset 56
dwgid0981.jpg,missing in metadata,https://pi.lib.uchicago.edu/1001/org/ochre/2356b7a3-9631-e866-3204-7b0d6ad9a393,Dataset 56
dwgid0982.jpg,missing in metadata,https://pi.lib.uchicago.edu/1001/org/ochre/a0002d95-c66c-1f11-e5d1-d4c2087d35ec,Dataset 56
dwgid0983.jpg,missing in metadata,https://pi.lib.uchicago.edu/1001/org/ochre/e0bfc507-7e15-a6f1-d3a9-28e2447bdbcc,Dataset 56
dwgid0984.jpg,missing in metadata,https://pi.lib.uchicago.edu/1001/org/ochre/9fd60680-40c3-f546-a099-07330de940bb,Dataset 56
dwgid0985.jpg,missing in metadata,https://pi.lib.uchicago.edu/1001/org/ochre/f1741cd3-cdbe-ffbc-fa6f-d44240b0019a,Dataset 56
dwgid0986.jpg,missing in metadata,https://pi.lib.uchicago.edu/1001/org/ochre/a64981df-5eb1-0f38-f5f5-25acacd53174,Dataset 56
dwgid0987.jpg,missing in metadata,https://pi.lib.uchicago.edu/1001/org/ochre/3e12429a-0437-3aa2-43e0-29e0eee03d1d,Dataset 56
dwgid0988.jpg,missing in metadata,https://pi.lib.uchicago.edu/1001/org/ochre/ce0d1ed9-8b5b-a4ea-67df-d5ba01ef270c,Dataset 56
dwgid0989.jpg,missing in metadata,https://pi.lib.uchicago.edu/1001/org/ochre/d0d25c6c-1877-dd36-f1ae-0eff3468dfce,Dataset 56
dwgid0990.jpg,missing in metadata,https://pi.lib.uchicago.edu/1001/org/ochre/d644e4f5-5871-6568-80f6-e15419e2f890,Dataset 56
dwgid0991.jpg,missing in metadata,https://pi.lib.uchicago.edu/1001/org/ochre/533fe1af-8589-7f30-0756-bc31d081f91f,Dataset 56
dwgid0992.jpg,missing in metadata,https://pi.lib.uchicago.edu/1001/org/ochre/8e59ad1f-8aba-bfeb-9437-ad4796f41e51,Dataset 56
dwgid0993.jpg,missing in metadata,https://pi.lib.uchicago.edu/1001/org/ochre/d0fa8222-d978-4328-9905-c4fa59d4b972,Dataset 56
dwgid0994.jpg,missing in metadata,https://pi.lib.uchicago.edu/1001/org/ochre/6ff4fd18-8c32-e85a-25b8-829618b8fdd8,Dataset 56
dwgid0995.jpg,missing in metadata,https://pi.lib.uchicago.edu/1001/org/ochre/b2d633df-9528-760a-67c5-b37f7507598d,Dataset 56
dwgid0996.jpg,missing in metadata,https://pi.lib.uchicago.edu/1001/org/ochre/5133dc4b-6d73-b829-5b93-ebf9b0604f36,Dataset 56
dwgid0997.jpg,missing in metadata,https://pi.lib.uchicago.edu/1001/org/ochre/2d03d256-ed61-7c09-e7b6-587cf1941339,Dataset 56
dwgid0998.jpg,missing in metadata,https://pi.lib.uchicago.edu/1001/org/ochre/2aca7aee-ee61-37bf-05c7-53640551a411,Dataset 56
dwgid10017.jpg,missing in metadata,https://pi.lib.uchicago.edu/1001/org/ochre/cd0e59fe-abce-bb91-c25e-9012f015171c,Dataset 56
dwgid10019.jpg,missing in metadata,https://pi.lib.uchicago.edu/1001/org/ochre/06718f7e-25de-846f-f0d8-83c20bd1d197,Dataset 56
dwgid10020.jpg,missing in metadata,https://pi.lib.uchicago.edu/1001/org/ochre/b5c73fb2-06f5-0349-0715-197432f6d00b,Dataset 56
dwgid10029.jpg,missing in metadata,https://pi.lib.uchicago.edu/1001/org/ochre/5b1a06c6-dc8b-aba9-d939-98b1a96a0208,Dataset 56
dwgid10061.jpg,missing in metadata,https://pi.lib.uchicago.edu/1001/org/ochre/5e85cf73-7efc-6dfa-385f-b88528df5369,Dataset 56
dwgid10062.jpg,missing in metadata,https://pi.lib.uchicago.edu/1001/org/ochre/df672bd5-1393-f487-7203-4b584f2392e8,Dataset 56
dwgid10085.jpg,missing in metadata,https://pi.lib.uchicago.edu/1001/org/ochre/261d7f73-3c66-bfbf-252d-588f3ce528fe,Dataset 56
dwgid10087.jpg,missing in metadata,https://pi.lib.uchicago.edu/1001/org/ochre/176b84a4-5cab-1765-4f61-4cb86c78ae7d,Dataset 56
dwgid10089.jpg,missing in metadata,https://pi.lib.uchicago.edu/1001/org/ochre/59025f45-224f-d44b-8290-e06aa3ed3043,Dataset 56
dwgid10093.jpg,missing in metadata,https://pi.lib.uchicago.edu/1001/org/ochre/ec4033df-cd57-8fbf-7073-1d9d0d36c866,Dataset 56
dwgid10095.jpg,missing in metadata,https://pi.lib.uchicago.edu/1001/org/ochre/3947b657-a5b0-7091-8f96-0016549e501f,Dataset 56
dwgid10104.jpg,missing in metadata,https://pi.lib.uchicago.edu/1001/org/ochre/5000383f-4f3c-e6b9-09de-97693fb7745e,Dataset 56
dwgid10107.jpg,missing in metadata,https://pi.lib.uchicago.edu/1001/org/ochre/ae3bfb32-d333-8016-015c-a46cbb2942b6,Dataset 56
dwgid10117.jpg,missing in metadata,https://pi.lib.uchicago.edu/1001/org/ochre/98453e67-0d38-d0c6-ec8b-167718f620b1,Dataset 56
dwgid10140.jpg,missing in metadata,https://pi.lib.uchicago.edu/1001/org/ochre/76ecca5a-633d-6411-274f-b8ee634f9244,Dataset 56
dwgid10143.jpg,missing in metadata,https://pi.lib.uchicago.edu/1001/org/ochre/7d61a745-49fa-60a6-881c-747521a853f1,Dataset 56
dwgid10149.jpg,missing in metadata,https://pi.lib.uchicago.edu/1001/org/ochre/53cf0b17-a026-6525-ad0d-ece5a9838633,Dataset 56
dwgid10163.jpg,missing in metadata,https://pi.lib.uchicago.edu/1001/org/ochre/90dac10d-9925-a396-2363-20dab96f2f24,Dataset 56
dwgid10164.jpg,missing in metadata,https://pi.lib.uchicago.edu/1001/org/ochre/9172a492-c821-91bd-5497-faa779690c02,Dataset 56
dwgid10188.jpg,missing in metadata,https://pi.lib.uchicago.edu/1001/org/ochre/7558abdf-671a-4f30-51b6-e9d067523051,Dataset 56
dwgid10202.jpg,missing in metadata,https://pi.lib.uchicago.edu/1001/org/ochre/f165308f-2091-8446-e860-67eced4bee04,Dataset 56
dwgid10205.jpg,missing in metadata,https://pi.lib.uchicago.edu/1001/org/ochre/9ae0e577-a338-08f5-b9cc-a77e416a4145,Dataset 56
dwgid1021.jpg,missing in metadata,https://pi.lib.uchicago.edu/1001/org/ochre/b82d9ce1-e122-cbe8-9341-9eb555f40a3e,Dataset 56
dwgid10210.jpg,missing in metadata,https://pi.lib.uchicago.edu/1001/org/ochre/b9f6fd4b-4c43-ab17-6d76-d362a4afc61c,Dataset 56
dwgid10213.jpg,missing in metadata,https://pi.lib.uchicago.edu/1001/org/ochre/3789bed8-b6f2-9101-5b15-26a44fb686dd,Dataset 56
dwgid10214.jpg,missing in metadata,https://pi.lib.uchicago.edu/1001/org/ochre/a1e544cd-bfc0-b81c-a46e-f7e76ec084b1,Dataset 56
dwgid10222.jpg,missing in metadata,https://pi.lib.uchicago.edu/1001/org/ochre/ec1cfd97-e0dd-6173-9cbc-6596b9c75443,Dataset 56
dwgid10249.jpg,missing in metadata,https://pi.lib.uchicago.edu/1001/org/ochre/41c1044d-b4be-0df5-a767-a225bb8bb2ec,Dataset 56
dwgid10260.jpg,missing in metadata,https://pi.lib.uchicago.edu/1001/org/ochre/26fe2a44-f117-4d94-aa66-de70c07c11d0,Dataset 56
dwgid10280.jpg,missing in metadata,https://pi.lib.uchicago.edu/1001/org/ochre/7282bb12-1de2-2032-559f-de13f980e076,Dataset 56
dwgid10287.jpg,missing in metadata,https://pi.lib.uchicago.edu/1001/org/ochre/30709615-f4d0-2b1d-24e4-29f9da8dc6ed,Dataset 56
dwgid10298.jpg,missing in metadata,https://pi.lib.uchicago.edu/1001/org/ochre/84dabaa7-7c91-0516-f650-2cd5c095d645,Dataset 56
dwgid1031.jpg,missing in metadata,https://pi.lib.uchicago.edu/1001/org/ochre/1e46ed56-e931-699e-9c2a-90c2ad6e1ee0,Dataset 56
dwgid1032.jpg,missing in metadata,https://pi.lib.uchicago.edu/1001/org/ochre/f0fb6035-238c-8c4d-959f-af76e3dba1ae,Dataset 56
dwgid1033.jpg,missing in metadata,https://pi.lib.uchicago.edu/1001/org/ochre/f2b81668-bd88-3a2a-51fa-01c4a7f87058,Dataset 56
dwgid1034.jpg,missing in metadata,https://pi.lib.uchicago.edu/1001/org/ochre/19133041-580e-5e82-dece-94ce50ca4c9f,Dataset 56
dwgid10400.jpg,missing in metadata,https://pi.lib.uchicago.edu/1001/org/ochre/4940341c-cd27-d574-dfc8-e3e7792ebb24,Dataset 56
dwgid1046.jpg,missing in metadata,https://pi.lib.uchicago.edu/1001/org/ochre/019d1c2d-dbf4-64b6-690d-f7cd833fe764,Dataset 56
dwgid10462.jpg,missing in metadata,https://pi.lib.uchicago.edu/1001/org/ochre/2a26b918-0a4a-5a1f-48e5-cd4a12c6857e,Dataset 56
dwgid10478.jpg,missing in metadata,https://pi.lib.uchicago.edu/1001/org/ochre/01b1d4da-e765-4656-7f15-4ab933095ca8,Dataset 56
dwgid1048.jpg,missing in metadata,https://pi.lib.uchicago.edu/1001/org/ochre/18ed53e0-b632-4dde-fbbc-e2dd5a3dcc38,Dataset 56
dwgid1049.jpg,missing in metadata,https://pi.lib.uchicago.edu/1001/org/ochre/bab439fe-7efe-7a58-89b0-bdc38fb0514d,Dataset 56
dwgid10493.jpg,missing in metadata,https://pi.lib.uchicago.edu/1001/org/ochre/bf26df87-9e03-8caf-8afa-f1a3c205e055,Dataset 56
dwgid1051.jpg,missing in metadata,https://pi.lib.uchicago.edu/1001/org/ochre/b6787370-549c-3a9b-da97-34177da91d60,Dataset 56
dwgid10513.jpg,missing in metadata,https://pi.lib.uchicago.edu/1001/org/ochre/be9fe96b-4564-e82b-f1b7-a9e52d290990,Dataset 56
dwgid10526.jpg,missing in metadata,https://pi.lib.uchicago.edu/1001/org/ochre/e186737e-7622-b342-414e-8d14b474d321,Dataset 56
dwgid10527.jpg,missing in metadata,https://pi.lib.uchicago.edu/1001/org/ochre/76fa75d5-5d08-86bf-dbfc-5bfe119c47a8,Dataset 56
dwgid10571.jpg,missing in metadata,https://pi.lib.uchicago.edu/1001/org/ochre/b9ecf097-c42d-ae32-f5c0-f0a202f60dac,Dataset 56
dwgid10596.jpg,missing in metadata,https://pi.lib.uchicago.edu/1001/org/ochre/72ac0c0c-8c47-34e3-eb0d-90e1fb79fbf6,Dataset 56
dwgid10620.jpg,missing in metadata,https://pi.lib.uchicago.edu/1001/org/ochre/716bd012-9a74-3d71-9b36-c314268c0c54,Dataset 56
dwgid10621.jpg,missing in metadata,https://pi.lib.uchicago.edu/1001/org/ochre/f2d3b76b-1bd8-97b0-746a-66119b17df36,Dataset 56
dwgid1065.jpg,missing in metadata,https://pi.lib.uchicago.edu/1001/org/ochre/8570f8d1-9e77-b85d-54ff-440d55ad5be1,Dataset 56
dwgid1066.jpg,missing in metadata,https://pi.lib.uchicago.edu/1001/org/ochre/2e36b295-cfe6-48df-b8dc-483b3b9cb0f8,Dataset 56
dwgid10660.jpg,missing in metadata,https://pi.lib.uchicago.edu/1001/org/ochre/c4e86328-a60c-a135-5af8-779a6f36f659,Dataset 56
dwgid10663.jpg,missing in metadata,https://pi.lib.uchicago.edu/1001/org/ochre/5d7fe05f-f2e6-9005-4eb9-0ef4bedfed50,Dataset 56
dwgid1067.jpg,missing in metadata,https://pi.lib.uchicago.edu/1001/org/ochre/2ac90191-e85e-da74-a7f5-07bd431abcdf,Dataset 56
dwgid1068.jpg,missing in metadata,https://pi.lib.uchicago.edu/1001/org/ochre/6155ac3e-4bbb-31f7-8a69-e107f9651bae,Dataset 56
dwgid1069.jpg,missing in metadata,https://pi.lib.uchicago.edu/1001/org/ochre/fb9c37e2-ca34-9d74-9aae-492b501362a7,Dataset 56
dwgid1070.jpg,missing in metadata,https://pi.lib.uchicago.edu/1001/org/ochre/671eb2f0-d244-d777-9097-770de9bee0f9,Dataset 56
dwgid10705.jpg,missing in metadata,https://pi.lib.uchicago.edu/1001/org/ochre/3bc48de6-9f9e-fbb9-6436-30cd63d47c32,Dataset 56
dwgid1071.jpg,missing in metadata,https://pi.lib.uchicago.edu/1001/org/ochre/cbce501a-8773-f6db-2e48-fcf715ff4a7b,Dataset 56
dwgid1073.jpg,missing in metadata,https://pi.lib.uchicago.edu/1001/org/ochre/479f62a9-783f-ed96-7d48-5ba59485033e,Dataset 56
dwgid10733.jpg,missing in metadata,https://pi.lib.uchicago.edu/1001/org/ochre/2104e4ff-77be-8a96-171d-d59d4d05a04a,Dataset 56
dwgid10735.jpg,missing in metadata,https://pi.lib.uchicago.edu/1001/org/ochre/962598b9-e36a-195d-58b1-c54eb141740d,Dataset 56
dwgid10736.jpg,missing in metadata,https://pi.lib.uchicago.edu/1001/org/ochre/e852ecd7-7a9b-b174-3aea-82abebd35909,Dataset 56
dwgid10737.jpg,missing in metadata,https://pi.lib.uchicago.edu/1001/org/ochre/4eb2717c-cc44-03c0-2881-16a4f116a7f5,Dataset 56
dwgid1074.jpg,missing in metadata,https://pi.lib.uchicago.edu/1001/org/ochre/d1a10cad-85e4-c7de-8628-55d81ba4749b,Dataset 56
dwgid10749.jpg,missing in metadata,https://pi.lib.uchicago.edu/1001/org/ochre/08aae817-aee5-5753-6cf1-03e2446cecb1,Dataset 56
dwgid1075.jpg,missing in metadata,https://pi.lib.uchicago.edu/1001/org/ochre/08895c34-a09b-2f05-e22b-8e215013fef9,Dataset 56
dwgid10764.jpg,missing in metadata,https://pi.lib.uchicago.edu/1001/org/ochre/871ffe11-db69-5ec5-e7c3-50eb97c12b79,Dataset 56
dwgid1077.jpg,missing in metadata,https://pi.lib.uchicago.edu/1001/org/ochre/1b086ccb-4b04-b669-6ecb-9d5e75a7c78d,Dataset 56
dwgid1078.jpg,missing in metadata,https://pi.lib.uchicago.edu/1001/org/ochre/12f3fca1-0a91-847f-fff0-25acaf19dfd0,Dataset 56
dwgid1079.jpg,missing in metadata,https://pi.lib.uchicago.edu/1001/org/ochre/a3d00f6d-f7e9-a0fd-d5b3-a154f2cfe5ef,Dataset 56
dwgid1080.jpg,missing in metadata,https://pi.lib.uchicago.edu/1001/org/ochre/e83ba706-217f-7e89-5fe7-b6f8385ac371,Dataset 56
dwgid10812.jpg,missing in metadata,https://pi.lib.uchicago.edu/1001/org/ochre/209bc8b8-c567-ac23-4e5e-088ccd12b595,Dataset 56
dwgid10820.jpg,missing in metadata,https://pi.lib.uchicago.edu/1001/org/ochre/ff310bf6-7d11-dbe8-01e1-aeaa181014bc,Dataset 56
dwgid1089.jpg,missing in metadata,https://pi.lib.uchicago.edu/1001/org/ochre/959001d3-c7ee-72fc-e2d7-3971314817a2,Dataset 56
dwgid1090.jpg,missing in metadata,https://pi.lib.uchicago.edu/1001/org/ochre/2adb70c8-39d5-efe4-bbb8-58ee3b795817,Dataset 56
dwgid1091.jpg,missing in metadata,https://pi.lib.uchicago.edu/1001/org/ochre/d34cec58-0061-8973-5d74-afa14fa3c2d1,Dataset 56
dwgid1092.jpg,missing in metadata,https://pi.lib.uchicago.edu/1001/org/ochre/d89022b6-e7e7-15c4-4274-8685bb841116,Dataset 56
dwgid10929.jpg,missing in metadata,https://pi.lib.uchicago.edu/1001/org/ochre/59f3857e-06a7-ba61-83c0-c090873c52da,Dataset 56
dwgid10943.jpg,missing in metadata,https://pi.lib.uchicago.edu/1001/org/ochre/7e18d304-9ef1-a351-7958-a870934b33dc,Dataset 56
dwgid10958.jpg,missing in metadata,https://pi.lib.uchicago.edu/1001/org/ochre/900c9ddd-8768-281f-7755-81d2921e35f1,Dataset 56
dwgid10964.jpg,missing in metadata,https://pi.lib.uchicago.edu/1001/org/ochre/8423ac99-5672-c05d-9638-9dd4cefefdc8,Dataset 56
dwgid10966.jpg,missing in metadata,https://pi.lib.uchicago.edu/1001/org/ochre/96befc0d-fce3-8eb1-ced4-dda6c524d327,Dataset 56
dwgid1098.jpg,missing in metadata,https://pi.lib.uchicago.edu/1001/org/ochre/79d67ef6-361f-a3ef-e7c9-6b59113dc33b,Dataset 56
dwgid1099.jpg,missing in metadata,https://pi.lib.uchicago.edu/1001/org/ochre/f844f3b4-3908-00b6-85ed-d91db6f01eb2,Dataset 56
dwgid11010.jpg,missing in metadata,https://pi.lib.uchicago.edu/1001/org/ochre/79dc32cd-38a7-ad14-d606-c93a0e05ee70,Dataset 56
dwgid11011.jpg,missing in metadata,https://pi.lib.uchicago.edu/1001/org/ochre/417adb24-7860-b051-dfd4-31687b66509e,Dataset 56
dwgid11012.jpg,missing in metadata,https://pi.lib.uchicago.edu/1001/org/ochre/7b699373-b757-0a6d-dfab-e1985091c14a,Dataset 56
dwgid11013.jpg,missing in metadata,https://pi.lib.uchicago.edu/1001/org/ochre/540a27bf-3cd2-b574-abde-3c5fad659441,Dataset 56
dwgid11014.jpg,missing in metadata,https://pi.lib.uchicago.edu/1001/org/ochre/ddde7db0-9d0e-4b5f-1e2c-4e51bf493084,Dataset 56
dwgid1102.jpg,missing in metadata,https://pi.lib.uchicago.edu/1001/org/ochre/a4823049-7fcb-ca78-5b74-bb84db823cc2,Dataset 56
dwgid11021.jpg,missing in metadata,https://pi.lib.uchicago.edu/1001/org/ochre/f64753e7-bd5c-564b-15ed-00461067d3ac,Dataset 56
dwgid11029.jpg,missing in metadata,https://pi.lib.uchicago.edu/1001/org/ochre/fff365a8-451e-ec83-1e26-80d2a75929f9,Dataset 56
dwgid11030.jpg,missing in metadata,https://pi.lib.uchicago.edu/1001/org/ochre/dca3088d-c8cc-52ba-db94-b999315403e8,Dataset 56
dwgid11031.jpg,missing in metadata,https://pi.lib.uchicago.edu/1001/org/ochre/431ff2f0-4fed-54a3-78ad-615436d2329b,Dataset 56
dwgid11049.jpg,missing in metadata,https://pi.lib.uchicago.edu/1001/org/ochre/c3afd9f7-b3c0-e07b-6028-44fb9c98fe70,Dataset 56
dwgid1105.jpg,missing in metadata,https://pi.lib.uchicago.edu/1001/org/ochre/311ea1b1-3986-9777-58e9-4b7ef0ed1412,Dataset 56
dwgid11052.jpg,missing in metadata,https://pi.lib.uchicago.edu/1001/org/ochre/da6599aa-ed03-866a-b288-979b6111cb1e,Dataset 56
dwgid11086.jpg,missing in metadata,https://pi.lib.uchicago.edu/1001/org/ochre/567a7b25-c4f5-59e1-9017-db2c859afea8,Dataset 56
dwgid11108.jpg,missing in metadata,https://pi.lib.uchicago.edu/1001/org/ochre/0a1dcbbe-4c0a-4f51-4dbc-d994c8af54ee,Dataset 56
dwgid11110.jpg,missing in metadata,https://pi.lib.uchicago.edu/1001/org/ochre/f6cbda49-e549-717f-4b51-e161b908f561,Dataset 56
dwgid11111.jpg,missing in metadata,https://pi.lib.uchicago.edu/1001/org/ochre/900654c3-4452-2c0c-2bc7-5df540788b71,Dataset 56
dwgid11112.jpg,missing in metadata,https://pi.lib.uchicago.edu/1001/org/ochre/93975a8a-0828-a193-676d-aa219bef66a2,Dataset 56
dwgid11113.jpg,missing in metadata,https://pi.lib.uchicago.edu/1001/org/ochre/5af95a9f-b70d-df64-9f55-923a41655956,Dataset 56
dwgid11114.jpg,missing in metadata,https://pi.lib.uchicago.edu/1001/org/ochre/4cce231b-4203-ff92-46a9-c27d838229f4,Dataset 56
dwgid11115.jpg,missing in metadata,https://pi.lib.uchicago.edu/1001/org/ochre/ec8a4bd8-1469-2cb6-99d2-d59f77171dd5,Dataset 56
dwgid11127.jpg,missing in metadata,https://pi.lib.uchicago.edu/1001/org/ochre/49cfd245-174c-1724-b569-ab013d523816,Dataset 56
dwgid11144.jpg,missing in metadata,https://pi.lib.uchicago.edu/1001/org/ochre/f48780fd-0e06-e6ca-0da2-a25ca6cef670,Dataset 56
dwgid11148.jpg,missing in metadata,https://pi.lib.uchicago.edu/1001/org/ochre/7d95376e-89c6-04eb-13cf-bb6fb17d6ecf,Dataset 56
dwgid1115.jpg,missing in metadata,https://pi.lib.uchicago.edu/1001/org/ochre/c9a69922-bddf-f249-b31f-a3d57686c091,Dataset 56
dwgid1119.jpg,missing in metadata,https://pi.lib.uchicago.edu/1001/org/ochre/f5d2e16d-a4f4-0c07-4fba-647a29631a1b,Dataset 56
dwgid1120.jpg,missing in metadata,https://pi.lib.uchicago.edu/1001/org/ochre/0907d5f0-8cf5-2a5c-bd72-de56ded82c7b,Dataset 56
dwgid1121.jpg,missing in metadata,https://pi.lib.uchicago.edu/1001/org/ochre/8f00ff53-3325-1c04-2f33-7e8535f67e4c,Dataset 56
dwgid1122.jpg,missing in metadata,https://pi.lib.uchicago.edu/1001/org/ochre/f99841e3-e162-5869-8f5e-00fd17a6312f,Dataset 56
dwgid1123.jpg,missing in metadata,https://pi.lib.uchicago.edu/1001/org/ochre/53174f1a-774f-7931-741e-0cab433e7e30,Dataset 56
dwgid1124.jpg,missing in metadata,https://pi.lib.uchicago.edu/1001/org/ochre/2cffe6f9-3909-eba1-b9c2-066165bc4a4f,Dataset 56
dwgid11248.jpg,missing in metadata,https://pi.lib.uchicago.edu/1001/org/ochre/6b6b6fe9-5ae0-9698-e3fe-959ac44af470,Dataset 56
dwgid1125.jpg,missing in metadata,https://pi.lib.uchicago.edu/1001/org/ochre/c476d965-4799-9958-fb80-6c584f75a63b,Dataset 56
dwgid11258.jpg,missing in metadata,https://pi.lib.uchicago.edu/1001/org/ochre/245f9fff-0c1f-7264-ab48-ee3e99004567,Dataset 56
dwgid1126.jpg,missing in metadata,https://pi.lib.uchicago.edu/1001/org/ochre/18d1ea4f-7107-0d0a-a7d9-a31d9947125f,Dataset 56
dwgid1127.jpg,missing in metadata,https://pi.lib.uchicago.edu/1001/org/ochre/8fb9c348-bfb3-1a1c-fdc6-035a9f4aeaa5,Dataset 56
dwgid1128.jpg,missing in metadata,https://pi.lib.uchicago.edu/1001/org/ochre/26f5a9d1-f3c9-2628-8ae1-6559c57892db,Dataset 56
dwgid11295.jpg,missing in metadata,https://pi.lib.uchicago.edu/1001/org/ochre/c24a0376-d43f-d17d-ee2f-58b09ebddcea,Dataset 56
dwgid1131.jpg,missing in metadata,https://pi.lib.uchicago.edu/1001/org/ochre/f097927a-e35a-511c-65a1-0e5ec789541b,Dataset 56
dwgid11317.jpg,missing in metadata,https://pi.lib.uchicago.edu/1001/org/ochre/d1ef5110-d8a9-a438-c83c-3d0b3680c71a,Dataset 56
dwgid11329.jpg,missing in metadata,https://pi.lib.uchicago.edu/1001/org/ochre/4f8c3539-1dc7-19bc-3b89-48b972137c14,Dataset 56
dwgid11335.jpg,missing in metadata,https://pi.lib.uchicago.edu/1001/org/ochre/fa9d31a3-de1c-9ee9-6985-6c8c6c413e93,Dataset 56
dwgid11337.jpg,missing in metadata,https://pi.lib.uchicago.edu/1001/org/ochre/79d5d4be-1f73-d311-937c-b66abf673ad5,Dataset 57
dwgid11345.jpg,missing in metadata,https://pi.lib.uchicago.edu/1001/org/ochre/48d1264a-2d28-32a8-227e-2548b5336c59,Dataset 57
dwgid11347.jpg,missing in metadata,https://pi.lib.uchicago.edu/1001/org/ochre/cff941cd-24c7-d58c-7611-815cf5e06130,Dataset 57
dwgid11348.jpg,missing in metadata,https://pi.lib.uchicago.edu/1001/org/ochre/036c776d-14a4-bde1-2c0d-41510a9c4788,Dataset 57
dwgid1135.jpg,missing in metadata,https://pi.lib.uchicago.edu/1001/org/ochre/105e24b0-3773-15a1-46ed-4964f5a97b4c,Dataset 57
dwgid11350.jpg,missing in metadata,https://pi.lib.uchicago.edu/1001/org/ochre/26454fbd-fb6c-78e4-17e8-0f214008e9a3,Dataset 57
dwgid11351.jpg,missing in metadata,https://pi.lib.uchicago.edu/1001/org/ochre/daa4b63f-e0d8-83a3-5801-08b0904f92b7,Dataset 57
dwgid11353.jpg,missing in metadata,https://pi.lib.uchicago.edu/1001/org/ochre/a16f7084-9bf8-9bd9-f4e8-14c9d71e2da3,Dataset 57
dwgid11354.jpg,missing in metadata,https://pi.lib.uchicago.edu/1001/org/ochre/dfce9e11-7056-bfd0-fbe5-872907ee3272,Dataset 57
dwgid11356.jpg,missing in metadata,https://pi.lib.uchicago.edu/1001/org/ochre/39d7a8d2-5139-b64b-4402-32252732ef25,Dataset 57
dwgid11357.jpg,missing in metadata,https://pi.lib.uchicago.edu/1001/org/ochre/95156373-f29c-ee2e-6e80-e5680a050b9f,Dataset 57
dwgid11358.jpg,missing in metadata,https://pi.lib.uchicago.edu/1001/org/ochre/62d477eb-ad97-e682-d63d-ca32d4c143ee,Dataset 57
dwgid11359.jpg,missing in metadata,https://pi.lib.uchicago.edu/1001/org/ochre/74551c65-545d-0f0d-1338-293998156972,Dataset 57
dwgid11360.jpg,missing in metadata,https://pi.lib.uchicago.edu/1001/org/ochre/49bf0c02-6a19-b0ab-57e4-7d2fa2eb75b2,Dataset 57
dwgid11361.jpg,missing in metadata,https://pi.lib.uchicago.edu/1001/org/ochre/c2830096-1f81-00d5-248e-4c8aed632d20,Dataset 57
dwgid11362.jpg,missing in metadata,https://pi.lib.uchicago.edu/1001/org/ochre/494009a0-5785-94ba-e2ab-90a707209467,Dataset 57
dwgid11368.jpg,missing in metadata,https://pi.lib.uchicago.edu/1001/org/ochre/2b1350e3-93b5-af5a-8ce1-7460e21050ef,Dataset 57
dwgid11373.jpg,missing in metadata,https://pi.lib.uchicago.edu/1001/org/ochre/3840ba20-97ae-dbcf-a794-2cf0f2805e40,Dataset 57
dwgid11377.jpg,missing in metadata,https://pi.lib.uchicago.edu/1001/org/ochre/4a9c35ed-87ea-1ff0-32f3-93a205f97cca,Dataset 57
dwgid11379.jpg,missing in metadata,https://pi.lib.uchicago.edu/1001/org/ochre/f33cf6b0-29f5-5aba-c962-fb0df32a1463,Dataset 57
dwgid11383.jpg,missing in metadata,https://pi.lib.uchicago.edu/1001/org/ochre/ff15bc36-f0d8-c2cb-7ae0-09203c6a3c6d,Dataset 57
dwgid11391.jpg,missing in metadata,https://pi.lib.uchicago.edu/1001/org/ochre/ab81a787-7e6c-ba4b-be22-7cbd4c59c7e5,Dataset 57
dwgid11392.jpg,missing in metadata,https://pi.lib.uchicago.edu/1001/org/ochre/3f795508-baf5-a90b-d65b-e317743b0563,Dataset 57
dwgid11393.jpg,missing in metadata,https://pi.lib.uchicago.edu/1001/org/ochre/36d230ae-0318-33c8-9eed-c50910f8f379,Dataset 57
dwgid11394.jpg,missing in metadata,https://pi.lib.uchicago.edu/1001/org/ochre/fc853608-4efb-327f-ffcc-770a2ac9f6f8,Dataset 57
dwgid11395.jpg,missing in metadata,https://pi.lib.uchicago.edu/1001/org/ochre/7d446f63-d131-3cfa-93ab-d2b56bc5f64d,Dataset 57
dwgid11396.jpg,missing in metadata,https://pi.lib.uchicago.edu/1001/org/ochre/03f973ca-77b6-ad9a-927d-833d15cf4641,Dataset 57
dwgid11397.jpg,missing in metadata,https://pi.lib.uchicago.edu/1001/org/ochre/7985d9ae-2a1f-a2c3-5bb8-9b2a832bf8ce,Dataset 57
dwgid11398.jpg,missing in metadata,https://pi.lib.uchicago.edu/1001/org/ochre/852b6c4b-c5b0-fbab-1259-cf72061809d8,Dataset 57
dwgid11399.jpg,missing in metadata,https://pi.lib.uchicago.edu/1001/org/ochre/861db902-76ac-7080-c2d8-aae3dcbe450a,Dataset 57
dwgid11400.jpg,missing in metadata,https://pi.lib.uchicago.edu/1001/org/ochre/53af50ea-4bd3-b061-3377-fd93f78a7424,Dataset 57
dwgid11401.jpg,missing in metadata,https://pi.lib.uchicago.edu/1001/org/ochre/5283aa92-5db3-0717-c48e-ec296289dcb1,Dataset 57
dwgid11402.jpg,missing in metadata,https://pi.lib.uchicago.edu/1001/org/ochre/904822d5-dd6d-4550-91de-e16ec3f33dd2,Dataset 57
dwgid11403.jpg,missing in metadata,https://pi.lib.uchicago.edu/1001/org/ochre/3c039683-1ebb-74c9-dabc-0ed157de7550,Dataset 57
dwgid11404.jpg,missing in metadata,https://pi.lib.uchicago.edu/1001/org/ochre/900a0baf-285d-620e-d91f-460ef3b0ae9c,Dataset 57
dwgid11405.jpg,missing in metadata,https://pi.lib.uchicago.edu/1001/org/ochre/7042bb66-d99b-fcc3-b534-df45578eaec5,Dataset 57
dwgid11406.jpg,missing in metadata,https://pi.lib.uchicago.edu/1001/org/ochre/21cc01b9-4622-90a0-160b-054d38e6595a,Dataset 57
dwgid11408.jpg,missing in metadata,https://pi.lib.uchicago.edu/1001/org/ochre/58b1a5e9-0920-e243-0283-5e56dc4dd688,Dataset 57
dwgid11409.jpg,missing in metadata,https://pi.lib.uchicago.edu/1001/org/ochre/12422198-82c9-45cb-9cc3-ffa24f76f0a4,Dataset 57
dwgid11410.jpg,missing in metadata,https://pi.lib.uchicago.edu/1001/org/ochre/652a4915-de5f-867d-1ff3-489320df8ae5,Dataset 57
dwgid11411.jpg,missing in metadata,https://pi.lib.uchicago.edu/1001/org/ochre/29a5dd9c-2334-3de1-250e-2a69a309f21d,Dataset 57
dwgid11412.jpg,missing in metadata,https://pi.lib.uchicago.edu/1001/org/ochre/b86e3b68-493e-9a3e-5eba-3f21aa3e94c4,Dataset 57
dwgid11415.jpg,missing in metadata,https://pi.lib.uchicago.edu/1001/org/ochre/75aa8bd9-07a3-17ec-5a48-b4124449f865,Dataset 57
dwgid11416.jpg,missing in metadata,https://pi.lib.uchicago.edu/1001/org/ochre/3a5dc763-6542-bbd6-2dcd-a3e700235cac,Dataset 57
dwgid11423.jpg,missing in metadata,https://pi.lib.uchicago.edu/1001/org/ochre/621c193c-6312-cc82-4f08-f1ff527102be,Dataset 57
dwgid11424.jpg,missing in metadata,https://pi.lib.uchicago.edu/1001/org/ochre/efbb2842-4b90-9427-6744-8a63941907a3,Dataset 57
dwgid11426.jpg,missing in metadata,https://pi.lib.uchicago.edu/1001/org/ochre/6104677b-da39-8216-55b1-ecf56d963d8e,Dataset 57
dwgid11428.jpg,missing in metadata,https://pi.lib.uchicago.edu/1001/org/ochre/cb6cb8af-dbec-6626-b52b-0e088020f8c9,Dataset 57
dwgid11429.jpg,missing in metadata,https://pi.lib.uchicago.edu/1001/org/ochre/b2688a7d-a811-5d70-500b-9fd71f11f4db,Dataset 57
dwgid1145.jpg,missing in metadata,https://pi.lib.uchicago.edu/1001/org/ochre/502b6a5a-19b8-1ee4-8f02-39ce57d96923,Dataset 57
dwgid11486.jpg,missing in metadata,https://pi.lib.uchicago.edu/1001/org/ochre/40992780-a1c8-7d43-b598-d3bb3e988ee0,Dataset 57
dwgid11492.jpg,missing in metadata,https://pi.lib.uchicago.edu/1001/org/ochre/9d78d2b2-4a31-d45d-9a3f-4944cf499d8a,Dataset 57
dwgid11499.jpg,missing in metadata,https://pi.lib.uchicago.edu/1001/org/ochre/1273b31d-e428-9a1f-2751-2f2e3e78068c,Dataset 57
dwgid11500.jpg,missing in metadata,https://pi.lib.uchicago.edu/1001/org/ochre/c716b64f-23e2-17c3-ac77-8a53b12f08cf,Dataset 57
dwgid11515.jpg,missing in metadata,https://pi.lib.uchicago.edu/1001/org/ochre/84248e10-7763-f859-31ed-64ab5e6e07e7,Dataset 57
dwgid11516.jpg,missing in metadata,https://pi.lib.uchicago.edu/1001/org/ochre/a78283e6-c636-9ff1-8226-58edf378cbe9,Dataset 57
dwgid11518.jpg,missing in metadata,https://pi.lib.uchicago.edu/1001/org/ochre/5522ce74-046a-f424-6bbc-6ebcf95d9c27,Dataset 57
dwgid11519.jpg,missing in metadata,https://pi.lib.uchicago.edu/1001/org/ochre/52fb8154-69b2-2338-810b-5621eb4e1364,Dataset 57
dwgid1154.jpg,missing in metadata,https://pi.lib.uchicago.edu/1001/org/ochre/c6919d7c-45cb-db1c-6205-94c875bd776d,Dataset 57
dwgid1155.jpg,missing in metadata,https://pi.lib.uchicago.edu/1001/org/ochre/fc426388-a45b-60ef-3115-9c260aaf5de7,Dataset 57
dwgid1156.jpg,missing in metadata,https://pi.lib.uchicago.edu/1001/org/ochre/43d28aef-008d-3e56-93fe-a1bc3254e041,Dataset 57
dwgid11563.jpg,missing in metadata,https://pi.lib.uchicago.edu/1001/org/ochre/c4d38d60-093a-8e4e-a949-5b46d7a930e3,Dataset 57
dwgid1157.jpg,missing in metadata,https://pi.lib.uchicago.edu/1001/org/ochre/6bb78a31-9c22-1f13-724d-401dd0cc2615,Dataset 57
dwgid11597.jpg,missing in metadata,https://pi.lib.uchicago.edu/1001/org/ochre/06545484-48a6-0358-60f1-fd276207e8a4,Dataset 57
dwgid11620.jpg,missing in metadata,https://pi.lib.uchicago.edu/1001/org/ochre/b161e525-09a3-3f52-6faa-3e638fac92e1,Dataset 57
dwgid11652.jpg,missing in metadata,https://pi.lib.uchicago.edu/1001/org/ochre/6fa30fc9-03bb-2bfd-1464-561eb7ec3547,Dataset 57
dwgid11699.jpg,missing in metadata,https://pi.lib.uchicago.edu/1001/org/ochre/0420240e-3d5b-e916-7d09-a69d8abbc052,Dataset 57
dwgid11700.jpg,missing in metadata,https://pi.lib.uchicago.edu/1001/org/ochre/b4c08862-de3e-2de0-d272-b4d4ed0ef7f5,Dataset 57
dwgid11707.jpg,missing in metadata,https://pi.lib.uchicago.edu/1001/org/ochre/a35d077e-a7f3-fc33-cc79-f719a44d862c,Dataset 57
dwgid11708.jpg,missing in metadata,https://pi.lib.uchicago.edu/1001/org/ochre/32a012af-a168-0a7c-33d5-7cd034a5f3ae,Dataset 57
dwgid11786.jpg,missing in metadata,https://pi.lib.uchicago.edu/1001/org/ochre/c093254a-a44c-47de-c28a-79a640e422ad,Dataset 57
dwgid11789.jpg,missing in metadata,https://pi.lib.uchicago.edu/1001/org/ochre/bf4896c4-1611-5c49-2f3f-dbdde4026ece,Dataset 57
dwgid1179.jpg,missing in metadata,https://pi.lib.uchicago.edu/1001/org/ochre/7a17dfd9-bbec-eb46-44dd-0d9f095e30ef,Dataset 57
dwgid11793.jpg,missing in metadata,https://pi.lib.uchicago.edu/1001/org/ochre/e018ee16-f4da-7f26-8a57-dc53227bd122,Dataset 57
dwgid11795.jpg,missing in metadata,https://pi.lib.uchicago.edu/1001/org/ochre/5223ac85-f5aa-b68a-533b-45526e6976c1,Dataset 57
dwgid1180.jpg,missing in metadata,https://pi.lib.uchicago.edu/1001/org/ochre/7dc5af1e-4e7c-9cef-1c54-ffc0d3ee6fe3,Dataset 57
dwgid11804.jpg,missing in metadata,https://pi.lib.uchicago.edu/1001/org/ochre/38eaa109-f4e8-3ddc-ed9e-2794e9869f14,Dataset 57
dwgid11806.jpg,missing in metadata,https://pi.lib.uchicago.edu/1001/org/ochre/296c150f-11eb-54f7-6158-59a40159154b,Dataset 57
dwgid11807.jpg,missing in metadata,https://pi.lib.uchicago.edu/1001/org/ochre/05b090cc-6633-c976-1950-e145dcf97742,Dataset 57
dwgid11808.jpg,missing in metadata,https://pi.lib.uchicago.edu/1001/org/ochre/073675fa-dcd1-08b9-ee00-fd1a9f887ac7,Dataset 57
dwgid1181.jpg,missing in metadata,https://pi.lib.uchicago.edu/1001/org/ochre/894fe784-04d6-f284-0e60-a73920619a21,Dataset 57
dwgid11811.jpg,missing in metadata,https://pi.lib.uchicago.edu/1001/org/ochre/937779cc-eb4b-690a-12f3-9b38de575084,Dataset 57
dwgid11812.jpg,missing in metadata,https://pi.lib.uchicago.edu/1001/org/ochre/9e6fbcf1-f841-15ff-93a9-4930c8b07d6e,Dataset 57
dwgid11813.jpg,missing in metadata,https://pi.lib.uchicago.edu/1001/org/ochre/bb41bd1d-f5ce-8ad0-ceb2-fee941840690,Dataset 57
dwgid11814.jpg,missing in metadata,https://pi.lib.uchicago.edu/1001/org/ochre/f7628828-acd5-7237-03ca-330dc0d0232b,Dataset 57
dwgid11815.jpg,missing in metadata,https://pi.lib.uchicago.edu/1001/org/ochre/383473fa-86cd-60ea-4794-fae0e2cfcebc,Dataset 57
dwgid11816.jpg,missing in metadata,https://pi.lib.uchicago.edu/1001/org/ochre/a993a028-2346-9bfc-412b-b4705c18593e,Dataset 57
dwgid11817.jpg,missing in metadata,https://pi.lib.uchicago.edu/1001/org/ochre/6be6e567-c4b0-11df-9663-af8b3c691e1e,Dataset 57
dwgid11818.jpg,missing in metadata,https://pi.lib.uchicago.edu/1001/org/ochre/3a1dfe16-0fc9-7ac3-21fb-970000fb56ec,Dataset 57
dwgid1182.jpg,missing in metadata,https://pi.lib.uchicago.edu/1001/org/ochre/54469cfc-8e17-0344-61aa-125ef54af52e,Dataset 57
dwgid11820.jpg,missing in metadata,https://pi.lib.uchicago.edu/1001/org/ochre/898e8df3-d293-18da-e670-4da16d40b86b,Dataset 57
dwgid11821.jpg,missing in metadata,https://pi.lib.uchicago.edu/1001/org/ochre/f344ecaa-a78e-6b12-e398-0b050c866031,Dataset 57
dwgid11822.jpg,missing in metadata,https://pi.lib.uchicago.edu/1001/org/ochre/d9df03b5-5fb7-caa2-cb65-5687ebf8c74a,Dataset 57
dwgid11823.jpg,missing in metadata,https://pi.lib.uchicago.edu/1001/org/ochre/2ca3b36e-b80d-da66-e948-3b77864aba80,Dataset 57
dwgid11824.jpg,missing in metadata,https://pi.lib.uchicago.edu/1001/org/ochre/78815e50-cda6-7447-725c-5ce1b39978f0,Dataset 57
dwgid11825.jpg,missing in metadata,https://pi.lib.uchicago.edu/1001/org/ochre/a699f9b8-3380-3e63-23fa-641b8bca3f19,Dataset 57
dwgid11826.jpg,missing in metadata,https://pi.lib.uchicago.edu/1001/org/ochre/c716d152-29b3-6533-9745-347a02ce5b05,Dataset 57
dwgid11827.jpg,missing in metadata,https://pi.lib.uchicago.edu/1001/org/ochre/fb08c37f-4c29-d227-2b0b-18f2d8bb4a06,Dataset 57
dwgid11828.jpg,missing in metadata,https://pi.lib.uchicago.edu/1001/org/ochre/713e7d15-e5cb-21c5-04b6-6b42b51c8b3b,Dataset 57
dwgid11829.jpg,missing in metadata,https://pi.lib.uchicago.edu/1001/org/ochre/49ac6d7c-bd24-db38-8683-50e2d2f6adfc,Dataset 57
dwgid1183.jpg,missing in metadata,https://pi.lib.uchicago.edu/1001/org/ochre/b63910f4-7343-9a00-f43d-b39a23b6f6d3,Dataset 57
dwgid11830.jpg,missing in metadata,https://pi.lib.uchicago.edu/1001/org/ochre/ac6ef568-bf14-c07d-b539-cccbb811b28a,Dataset 57
dwgid11831.jpg,missing in metadata,https://pi.lib.uchicago.edu/1001/org/ochre/4e579f4a-96b2-cb78-906f-43c0256d9200,Dataset 57
dwgid11832.jpg,missing in metadata,https://pi.lib.uchicago.edu/1001/org/ochre/977f40fd-890f-5726-e246-a8346b70f94f,Dataset 57
dwgid11833.jpg,missing in metadata,https://pi.lib.uchicago.edu/1001/org/ochre/76d3d988-b7d2-98f0-e037-e0f50644cb2c,Dataset 57
dwgid11835.jpg,missing in metadata,https://pi.lib.uchicago.edu/1001/org/ochre/ac3f042b-5e1f-976c-0206-9b39b05afb5d,Dataset 57
dwgid11838.jpg,missing in metadata,https://pi.lib.uchicago.edu/1001/org/ochre/25a9ca0d-3500-7cde-2fd0-7c7fbede58e7,Dataset 57
dwgid1184.jpg,missing in metadata,https://pi.lib.uchicago.edu/1001/org/ochre/6881cbc5-756d-0599-b5e6-4d89742ab0aa,Dataset 57
dwgid1185.jpg,missing in metadata,https://pi.lib.uchicago.edu/1001/org/ochre/16e6010f-9ed1-3382-7fc2-f9222b56b790,Dataset 57
dwgid11863.jpg,missing in metadata,https://pi.lib.uchicago.edu/1001/org/ochre/59230cdf-7f68-013f-99ae-5d1b6fffde35,Dataset 57
dwgid11929.jpg,missing in metadata,https://pi.lib.uchicago.edu/1001/org/ochre/0df98688-0dba-876f-736b-3d410b5f6bc8,Dataset 57
dwgid11941.jpg,missing in metadata,https://pi.lib.uchicago.edu/1001/org/ochre/be89f113-5710-8798-c801-7924be4571c8,Dataset 57
dwgid11949.jpg,missing in metadata,https://pi.lib.uchicago.edu/1001/org/ochre/a759b48e-072b-923a-746c-aa413fbccd19,Dataset 57
dwgid11955.jpg,missing in metadata,https://pi.lib.uchicago.edu/1001/org/ochre/4559cbc7-37e9-514a-9f2c-c85bfe212a3b,Dataset 57
dwgid11972.jpg,missing in metadata,https://pi.lib.uchicago.edu/1001/org/ochre/1d045827-9e92-0a3a-f9a6-f6f62c7520f4,Dataset 57
dwgid11974.jpg,missing in metadata,https://pi.lib.uchicago.edu/1001/org/ochre/ee1fd7c9-f548-67fd-46ce-3eddff273883,Dataset 57
dwgid12032.jpg,missing in metadata,https://pi.lib.uchicago.edu/1001/org/ochre/ef72324a-502c-e50f-d0c9-845c3da78140,Dataset 57
dwgid12033.jpg,missing in metadata,https://pi.lib.uchicago.edu/1001/org/ochre/8c6875fa-1ab8-44fc-23d2-3e4bc33efe4a,Dataset 57
dwgid12055.jpg,missing in metadata,https://pi.lib.uchicago.edu/1001/org/ochre/c4f9de22-d814-998c-9840-52434d3f3322,Dataset 57
dwgid12056.jpg,missing in metadata,https://pi.lib.uchicago.edu/1001/org/ochre/dc2b8a84-196b-7dbc-4c5f-d1b827615b23,Dataset 57
dwgid12057.jpg,missing in metadata,https://pi.lib.uchicago.edu/1001/org/ochre/934f4f66-1409-4a05-cb42-f3378e4f5e61,Dataset 57
dwgid12058.jpg,missing in metadata,https://pi.lib.uchicago.edu/1001/org/ochre/01ef7e72-408b-5a96-6f5f-73983ea93b7c,Dataset 57
dwgid12066.jpg,missing in metadata,https://pi.lib.uchicago.edu/1001/org/ochre/90cf2fde-f4c1-8393-0f07-e2be545762a8,Dataset 57
dwgid12068.jpg,missing in metadata,https://pi.lib.uchicago.edu/1001/org/ochre/24ac8fc8-10d1-b500-c473-a3e07695c84b,Dataset 57
dwgid12069.jpg,missing in metadata,https://pi.lib.uchicago.edu/1001/org/ochre/c2cb493a-0956-6514-1d6c-cb652cd01b35,Dataset 57
dwgid12070.jpg,missing in metadata,https://pi.lib.uchicago.edu/1001/org/ochre/aa70e7f1-fb17-597b-82cd-22d817030002,Dataset 57
dwgid12077.jpg,missing in metadata,https://pi.lib.uchicago.edu/1001/org/ochre/92726950-a476-6011-1136-67f521a92116,Dataset 57
dwgid12078.jpg,missing in metadata,https://pi.lib.uchicago.edu/1001/org/ochre/560beab6-a0ea-efb7-2a4e-ad1728d4468b,Dataset 57
dwgid12080.jpg,missing in metadata,https://pi.lib.uchicago.edu/1001/org/ochre/b5d12b0a-9b08-e782-7f05-ddca5ba5244d,Dataset 57
dwgid12098.jpg,missing in metadata,https://pi.lib.uchicago.edu/1001/org/ochre/b45f2faa-fec5-36f4-62fb-8f640401ff43,Dataset 57
dwgid12099.jpg,missing in metadata,https://pi.lib.uchicago.edu/1001/org/ochre/2a889b2a-8c5a-81c5-ed91-995c05d76d52,Dataset 57
dwgid12100.jpg,missing in metadata,https://pi.lib.uchicago.edu/1001/org/ochre/978730e6-1239-2cb7-386f-2d64f6a6ccad,Dataset 57
dwgid12102.jpg,missing in metadata,https://pi.lib.uchicago.edu/1001/org/ochre/f88ee493-0362-3467-f924-3a1ac597a47c,Dataset 57
dwgid12103.jpg,missing in metadata,https://pi.lib.uchicago.edu/1001/org/ochre/cf60a75b-f90b-4328-c05d-129775cc8347,Dataset 57
dwgid12104.jpg,missing in metadata,https://pi.lib.uchicago.edu/1001/org/ochre/b071c5b5-6b87-d69c-74e0-fafbf847099b,Dataset 57
dwgid12105.jpg,missing in metadata,https://pi.lib.uchicago.edu/1001/org/ochre/0563df60-0d39-cef7-ea18-86c35c2c19cb,Dataset 57
dwgid12106.jpg,missing in metadata,https://pi.lib.uchicago.edu/1001/org/ochre/ae90de17-3ecd-a2ce-8c5d-debbd3942fae,Dataset 57
dwgid12107.jpg,missing in metadata,https://pi.lib.uchicago.edu/1001/org/ochre/c6b15d59-f90e-1eca-5d90-16d08b686f66,Dataset 57
dwgid12108.jpg,missing in metadata,https://pi.lib.uchicago.edu/1001/org/ochre/1d877e13-782e-bfde-eae8-8a700883223b,Dataset 57
dwgid12109.jpg,missing in metadata,https://pi.lib.uchicago.edu/1001/org/ochre/991d3dea-4da7-dbef-554b-b9ea66a55fb9,Dataset 57
dwgid12110.jpg,missing in metadata,https://pi.lib.uchicago.edu/1001/org/ochre/af9f3d9e-d053-481c-bc23-c091efc28a9c,Dataset 57
dwgid12111.jpg,missing in metadata,https://pi.lib.uchicago.edu/1001/org/ochre/1fd13746-74c0-22c9-1346-a72b8e56099d,Dataset 57
dwgid12124.jpg,missing in metadata,https://pi.lib.uchicago.edu/1001/org/ochre/7d9b5de0-27b4-b249-2cc9-4d71bc005b85,Dataset 57
dwgid12956.jpg,missing in metadata,https://pi.lib.uchicago.edu/1001/org/ochre/20a486b0-f4e2-df1c-4eae-32a33a944938,Dataset 57
dwgid13067.jpg,missing in metadata,https://pi.lib.uchicago.edu/1001/org/ochre/22b9f893-b67e-fa5b-492a-db099d79019d,Dataset 57
dwgid1323.jpg,missing in metadata,https://pi.lib.uchicago.edu/1001/org/ochre/a59523c8-5ee1-a9c1-02f5-9c940fa14ea3,Dataset 57
dwgid13232.jpg,missing in metadata,https://pi.lib.uchicago.edu/1001/org/ochre/60457f77-ab3e-16da-7379-6802647e2009,Dataset 57
dwgid1332.jpg,missing in metadata,https://pi.lib.uchicago.edu/1001/org/ochre/0b721095-d772-be24-45c9-797ed7f4dc6c,Dataset 57
dwgid1333.jpg,missing in metadata,https://pi.lib.uchicago.edu/1001/org/ochre/29300e5e-ef13-7a62-df5e-4a933767f993,Dataset 57
dwgid1334.jpg,missing in metadata,https://pi.lib.uchicago.edu/1001/org/ochre/00567646-4708-9ff5-ca94-228d75450937,Dataset 57
dwgid1335.jpg,missing in metadata,https://pi.lib.uchicago.edu/1001/org/ochre/9067863a-46c5-5daa-a386-bfe598b73aad,Dataset 57
dwgid1336.jpg,missing in metadata,https://pi.lib.uchicago.edu/1001/org/ochre/c7553f20-b4e3-0f6c-3e5a-f4640e7f8825,Dataset 57
dwgid1337.jpg,missing in metadata,https://pi.lib.uchicago.edu/1001/org/ochre/f493d7e0-5eba-4b17-1e28-23c2a8fa68f0,Dataset 57
dwgid1342.jpg,missing in metadata,https://pi.lib.uchicago.edu/1001/org/ochre/9f42c663-e1eb-1dc5-af8f-03f51397fc35,Dataset 57
dwgid1362.jpg,missing in metadata,https://pi.lib.uchicago.edu/1001/org/ochre/2e9bd680-ad4b-9baf-a4d8-9446eca15555,Dataset 57
dwgid1364.jpg,missing in metadata,https://pi.lib.uchicago.edu/1001/org/ochre/fee40100-10ad-6046-e60a-3ac4103e0fc9,Dataset 57
dwgid1366.jpg,missing in metadata,https://pi.lib.uchicago.edu/1001/org/ochre/4cfb4439-a72e-cc92-d0a5-31516f87abae,Dataset 57
dwgid1372.jpg,missing in metadata,https://pi.lib.uchicago.edu/1001/org/ochre/d15f0763-3954-8684-d117-83e17a9f89eb,Dataset 57
dwgid1373.jpg,missing in metadata,https://pi.lib.uchicago.edu/1001/org/ochre/9e4cc037-93aa-d60c-a245-073c4ae7a336,Dataset 57
dwgid1378.jpg,missing in metadata,https://pi.lib.uchicago.edu/1001/org/ochre/c54b9076-2d86-fb0f-d653-8cd54a1af857,Dataset 57
dwgid1379.jpg,missing in metadata,https://pi.lib.uchicago.edu/1001/org/ochre/57c4173c-109c-0a5f-09ab-7eb4f38a2083,Dataset 57
dwgid1380.jpg,missing in metadata,https://pi.lib.uchicago.edu/1001/org/ochre/5d7e18fb-061c-a4d2-b1d6-c68ba0a10a69,Dataset 57
dwgid1381.jpg,missing in metadata,https://pi.lib.uchicago.edu/1001/org/ochre/b798c383-f39d-261a-76a2-9d3c4ed89878,Dataset 57
dwgid1382.jpg,missing in metadata,https://pi.lib.uchicago.edu/1001/org/ochre/08add2f8-bdd9-ebf9-9806-8a8227547f0a,Dataset 57
dwgid1383.jpg,missing in metadata,https://pi.lib.uchicago.edu/1001/org/ochre/7b8498e7-b3b4-eb21-afca-d5622527789b,Dataset 57
dwgid1384.jpg,missing in metadata,https://pi.lib.uchicago.edu/1001/org/ochre/082a3b90-b7b9-ab61-b389-e70abfc253c5,Dataset 57
dwgid1385.jpg,missing in metadata,https://pi.lib.uchicago.edu/1001/org/ochre/756a69c5-c89e-da82-5a04-0f47a32d752e,Dataset 57
dwgid1386.jpg,missing in metadata,https://pi.lib.uchicago.edu/1001/org/ochre/76952d9e-6e97-4501-1ff2-1f47cd007f7d,Dataset 57
dwgid1387.jpg,missing in metadata,https://pi.lib.uchicago.edu/1001/org/ochre/f66ba921-e5dd-44a1-6f50-be4f24a92bd4,Dataset 57
dwgid1391.jpg,missing in metadata,https://pi.lib.uchicago.edu/1001/org/ochre/ccc62fa9-af4f-e8fd-e84a-dc0fe1bb1d62,Dataset 57
dwgid1394.jpg,missing in metadata,https://pi.lib.uchicago.edu/1001/org/ochre/524a1ba9-21da-362b-f529-c2a71d30d3de,Dataset 57
dwgid1395.jpg,missing in metadata,https://pi.lib.uchicago.edu/1001/org/ochre/fbe58bb9-1ff1-12d6-03d1-208f21b166ed,Dataset 57
dwgid1400.jpg,missing in metadata,https://pi.lib.uchicago.edu/1001/org/ochre/bdfd58d4-b3fa-e06b-c4d1-a407794e8084,Dataset 57
dwgid1404.jpg,missing in metadata,https://pi.lib.uchicago.edu/1001/org/ochre/849a4a4a-f748-6d13-457a-b9fb35786fcf,Dataset 57
dwgid1405.jpg,missing in metadata,https://pi.lib.uchicago.edu/1001/org/ochre/8eb91b9d-9c51-5140-57bd-f8b2cd47f020,Dataset 57
dwgid1407.jpg,missing in metadata,https://pi.lib.uchicago.edu/1001/org/ochre/8634136d-7cf1-5185-2ae9-4391a0c9b671,Dataset 57
dwgid1408.jpg,missing in metadata,https://pi.lib.uchicago.edu/1001/org/ochre/5d5071dc-d489-98e5-1240-3506c247e667,Dataset 57
dwgid1409.jpg,missing in metadata,https://pi.lib.uchicago.edu/1001/org/ochre/33524360-3de2-793a-fe02-0afa18dbbe2d,Dataset 57
dwgid1417.jpg,missing in metadata,https://pi.lib.uchicago.edu/1001/org/ochre/b7c9ae03-0463-8313-b94f-ab2b2a4ecad8,Dataset 57
dwgid1418.jpg,missing in metadata,https://pi.lib.uchicago.edu/1001/org/ochre/a08ac5b0-95ab-c220-f872-049becd1cd52,Dataset 57
dwgid1446.jpg,missing in metadata,https://pi.lib.uchicago.edu/1001/org/ochre/438ee7f2-520c-75e7-a096-0bcfce4ab9e2,Dataset 57
dwgid14598.jpg,missing in metadata,https://pi.lib.uchicago.edu/1001/org/ochre/980b10f4-aedb-b118-3033-b11c61d67e10,Dataset 57
dwgid14838.jpg,missing in metadata,https://pi.lib.uchicago.edu/1001/org/ochre/867c6161-1603-9ff5-d553-ddeee2111f7f,Dataset 57
dwgid14984.jpg,missing in metadata,https://pi.lib.uchicago.edu/1001/org/ochre/624f4973-062b-49b1-909c-47f644eae00f,Dataset 57
dwgid15011.jpg,missing in metadata,https://pi.lib.uchicago.edu/1001/org/ochre/2f27f010-f4bd-4035-9e6e-85a246464332,Dataset 57
dwgid1515.jpg,missing in metadata,https://pi.lib.uchicago.edu/1001/org/ochre/8d433479-09b2-4fad-a67c-a355a86b97ff,Dataset 57
dwgid15157.jpg,missing in metadata,https://pi.lib.uchicago.edu/1001/org/ochre/561974f8-2b11-426f-92fc-916c994c0f90,Dataset 57
dwgid1520.jpg,missing in metadata,https://pi.lib.uchicago.edu/1001/org/ochre/0fb2209e-2c4d-1273-0732-8ac47dd13a8d,Dataset 57
dwgid1531.jpg,missing in metadata,https://pi.lib.uchicago.edu/1001/org/ochre/a55f5d64-cad9-3469-d583-8ab383b14876,Dataset 57
dwgid1573.jpg,missing in metadata,https://pi.lib.uchicago.edu/1001/org/ochre/cfc9d745-857b-6c00-4bb0-8003e70f23bb,Dataset 57
dwgid1597.jpg,missing in metadata,https://pi.lib.uchicago.edu/1001/org/ochre/fc33716b-2963-45d1-9d64-9a1ca59efd89,Dataset 57
dwgid1602.jpg,missing in metadata,https://pi.lib.uchicago.edu/1001/org/ochre/bd5fd955-f7a0-f0ab-247b-02383d182c1c,Dataset 57
dwgid1622.jpg,missing in metadata,https://pi.lib.uchicago.edu/1001/org/ochre/930366e4-7eff-58a5-6c56-14e87c1d8bfa,Dataset 57
dwgid1648.jpg,missing in metadata,https://pi.lib.uchicago.edu/1001/org/ochre/6c7f77fa-29da-b1be-fdc9-bc76d75a352c,Dataset 57
dwgid1650.jpg,missing in metadata,https://pi.lib.uchicago.edu/1001/org/ochre/27ed51db-e6be-e8cc-d433-7122f5a3b71e,Dataset 57
dwgid1651.jpg,missing in metadata,https://pi.lib.uchicago.edu/1001/org/ochre/bea8ab3b-7f5a-272b-6d2c-36c70e8041f5,Dataset 57
dwgid1652.jpg,missing in metadata,https://pi.lib.uchicago.edu/1001/org/ochre/d3e4836f-5b54-62f6-b288-fc63d3060db2,Dataset 57
dwgid1658.jpg,missing in metadata,https://pi.lib.uchicago.edu/1001/org/ochre/c389ca72-26f6-69b3-f8da-8c0d9228d170,Dataset 57
dwgid1659.jpg,missing in metadata,https://pi.lib.uchicago.edu/1001/org/ochre/064cdde4-271b-ce37-f44b-76a805af84c5,Dataset 57
dwgid1661.jpg,missing in metadata,https://pi.lib.uchicago.edu/1001/org/ochre/fd3905fc-5d94-e587-1f78-0dc92b9b6605,Dataset 57
dwgid1665.jpg,missing in metadata,https://pi.lib.uchicago.edu/1001/org/ochre/9ff05ae6-2d53-2ed8-66ef-ec0e297ee0da,Dataset 57
dwgid1666.jpg,missing in metadata,https://pi.lib.uchicago.edu/1001/org/ochre/6cad7cd4-69f0-dfcd-89f8-c892ce0864c1,Dataset 57
dwgid1667.jpg,missing in metadata,https://pi.lib.uchicago.edu/1001/org/ochre/390ab889-c136-7d16-164f-b7ea72bbb6c3,Dataset 57
dwgid1668.jpg,missing in metadata,https://pi.lib.uchicago.edu/1001/org/ochre/45d9e64b-c076-6182-336e-41c66a6cdc1e,Dataset 57
dwgid1669.jpg,missing in metadata,https://pi.lib.uchicago.edu/1001/org/ochre/33e7b32d-9142-1764-3e06-e6f1a9908419,Dataset 57
dwgid1670.jpg,missing in metadata,https://pi.lib.uchicago.edu/1001/org/ochre/07b45d3f-ed77-97bc-23a6-98b84c863fb7,Dataset 57
dwgid1673.jpg,missing in metadata,https://pi.lib.uchicago.edu/1001/org/ochre/b6208577-4ec3-71fc-805c-73e05e6be390,Dataset 57
dwgid1674.jpg,missing in metadata,https://pi.lib.uchicago.edu/1001/org/ochre/43eac529-dcbc-82e1-ba14-2da3a36f3491,Dataset 57
dwgid1675.jpg,missing in metadata,https://pi.lib.uchicago.edu/1001/org/ochre/aac383d2-9bca-0f9a-5cb5-5adcf61207db,Dataset 57
dwgid1676.jpg,missing in metadata,https://pi.lib.uchicago.edu/1001/org/ochre/c523dd91-d82c-0718-a388-e9401823cf08,Dataset 57
dwgid1677.jpg,missing in metadata,https://pi.lib.uchicago.edu/1001/org/ochre/92f73c41-3dcd-3b92-8575-ac0854e04719,Dataset 57
dwgid1678.jpg,missing in metadata,https://pi.lib.uchicago.edu/1001/org/ochre/b7e76ff4-1d81-34d7-f43c-9ce8894ec3c9,Dataset 57
dwgid1679.jpg,missing in metadata,https://pi.lib.uchicago.edu/1001/org/ochre/7337c5f3-635d-def7-085b-59d3bbf609a6,Dataset 57
dwgid1680.jpg,missing in metadata,https://pi.lib.uchicago.edu/1001/org/ochre/1b53d9fb-ec08-48be-9c6e-d6355d73622c,Dataset 57
dwgid1681.jpg,missing in metadata,https://pi.lib.uchicago.edu/1001/org/ochre/91e1606e-2fb2-09a1-751a-1ee6578e3ff0,Dataset 57
dwgid1682.jpg,missing in metadata,https://pi.lib.uchicago.edu/1001/org/ochre/07023a89-da00-e21d-1a0e-ffa03b8d653e,Dataset 57
dwgid1683.jpg,missing in metadata,https://pi.lib.uchicago.edu/1001/org/ochre/f01c480a-da52-283e-8888-4083fdcbeacd,Dataset 57
dwgid1684.jpg,missing in metadata,https://pi.lib.uchicago.edu/1001/org/ochre/d714aa3c-2736-db76-94ab-7162526c7227,Dataset 57
dwgid1685.jpg,missing in metadata,https://pi.lib.uchicago.edu/1001/org/ochre/75a4cdc1-8af9-1ed2-1a31-9297445ca90a,Dataset 57
dwgid1686.jpg,missing in metadata,https://pi.lib.uchicago.edu/1001/org/ochre/9262da95-2b84-9206-0760-2251fcc80e6b,Dataset 57
dwgid1687.jpg,missing in metadata,https://pi.lib.uchicago.edu/1001/org/ochre/2069ebf6-7fe8-b967-05b6-fa9e175dec10,Dataset 57
dwgid1700.jpg,missing in metadata,https://pi.lib.uchicago.edu/1001/org/ochre/65ebc10f-4d56-f7aa-2abf-0193565bd1b8,Dataset 57
dwgid1701.jpg,missing in metadata,https://pi.lib.uchicago.edu/1001/org/ochre/be86da27-91f4-b53e-c9fa-94af3947e5f0,Dataset 57
dwgid1702.jpg,missing in metadata,https://pi.lib.uchicago.edu/1001/org/ochre/d2650e72-0eb6-0dbe-7016-813dc88b54d1,Dataset 57
dwgid1725.jpg,missing in metadata,https://pi.lib.uchicago.edu/1001/org/ochre/b7d83dd5-14d5-ec5a-1f51-d517e236a439,Dataset 57
dwgid1726.jpg,missing in metadata,https://pi.lib.uchicago.edu/1001/org/ochre/2bac65d8-2890-f06f-6c42-50fff45f9119,Dataset 57
dwgid1728.jpg,missing in metadata,https://pi.lib.uchicago.edu/1001/org/ochre/bf171d62-869d-087e-9e1a-9b27ff51d970,Dataset 57
dwgid1755.jpg,missing in metadata,https://pi.lib.uchicago.edu/1001/org/ochre/e9db17ce-884c-d11e-1de6-7883d7598c64,Dataset 57
dwgid1756.jpg,missing in metadata,https://pi.lib.uchicago.edu/1001/org/ochre/ca685dda-2e42-fc67-6ba5-71b5000ffa3a,Dataset 57
dwgid1757.jpg,missing in metadata,https://pi.lib.uchicago.edu/1001/org/ochre/2a0d1f60-13a1-5cab-6b0a-6e29c78819e5,Dataset 57
dwgid1758.jpg,missing in metadata,https://pi.lib.uchicago.edu/1001/org/ochre/6c61ea35-903a-5f1f-c3fd-a50c82aeee99,Dataset 57
dwgid1760.jpg,missing in metadata,https://pi.lib.uchicago.edu/1001/org/ochre/2e73c7af-eb0d-9fb5-9869-57acc24abcdf,Dataset 57
dwgid1761.jpg,missing in metadata,https://pi.lib.uchicago.edu/1001/org/ochre/3afcc4dc-833d-c015-e32b-73be3e712328,Dataset 57
dwgid1780.jpg,missing in metadata,https://pi.lib.uchicago.edu/1001/org/ochre/c127465d-044d-cc0a-645b-a8552f1254b1,Dataset 57
dwgid1781.jpg,missing in metadata,https://pi.lib.uchicago.edu/1001/org/ochre/47ecae59-e459-df56-b83d-ae4c39a691bd,Dataset 57
dwgid1788.jpg,missing in metadata,https://pi.lib.uchicago.edu/1001/org/ochre/74f45d60-fd65-f652-a616-269ea2f3f822,Dataset 57
dwgid1790.jpg,missing in metadata,https://pi.lib.uchicago.edu/1001/org/ochre/ca754227-f825-c403-0f0b-c4cfb950c479,Dataset 57
dwgid1797.jpg,missing in metadata,https://pi.lib.uchicago.edu/1001/org/ochre/8aa07973-e5c4-5c18-0efe-3edb5962125f,Dataset 57
dwgid1811.jpg,missing in metadata,https://pi.lib.uchicago.edu/1001/org/ochre/0506f7a8-a18b-74ff-b857-7d0689dcd404,Dataset 57
dwgid1812.jpg,missing in metadata,https://pi.lib.uchicago.edu/1001/org/ochre/7b0aae44-be33-c2e9-4c52-c79792e34f7f,Dataset 57
dwgid1813.jpg,missing in metadata,https://pi.lib.uchicago.edu/1001/org/ochre/c175f8d7-2eec-842e-ea1c-751cce662890,Dataset 57
dwgid1835.jpg,missing in metadata,https://pi.lib.uchicago.edu/1001/org/ochre/f8c855f6-0ccc-d501-62e2-b3fcbca1d64b,Dataset 57
dwgid1836.jpg,missing in metadata,https://pi.lib.uchicago.edu/1001/org/ochre/00c5cf12-4639-1780-d527-93bfb2cd3714,Dataset 57
dwgid1839.jpg,missing in metadata,https://pi.lib.uchicago.edu/1001/org/ochre/26b72986-1f0a-c81d-38c9-c2cdb9406731,Dataset 57
dwgid1845.jpg,missing in metadata,https://pi.lib.uchicago.edu/1001/org/ochre/531c1138-4b0a-260b-2896-821f3c565381,Dataset 57
dwgid1846.jpg,missing in metadata,https://pi.lib.uchicago.edu/1001/org/ochre/4829174d-37ec-3138-7645-d4d6eebc856a,Dataset 57
dwgid1847.jpg,missing in metadata,https://pi.lib.uchicago.edu/1001/org/ochre/66df6f57-18db-3b25-c35a-e484a7e69db1,Dataset 57
dwgid1849.jpg,missing in metadata,https://pi.lib.uchicago.edu/1001/org/ochre/24dfaecc-36e1-69f7-e331-0addf20e0ac6,Dataset 57
dwgid1850.jpg,missing in metadata,https://pi.lib.uchicago.edu/1001/org/ochre/8d3fa8c5-92a2-d73c-5d8b-f4d502a27b4f,Dataset 57
dwgid1851.jpg,missing in metadata,https://pi.lib.uchicago.edu/1001/org/ochre/5ed339d1-7948-964f-78eb-e1bd4d9c7024,Dataset 57
dwgid1852.jpg,missing in metadata,https://pi.lib.uchicago.edu/1001/org/ochre/01918653-62f9-721d-1f1f-a790325e582d,Dataset 57
dwgid1853.jpg,missing in metadata,https://pi.lib.uchicago.edu/1001/org/ochre/86b38f20-81e4-0e78-ca02-18928bb440e8,Dataset 57
dwgid1854.jpg,missing in metadata,https://pi.lib.uchicago.edu/1001/org/ochre/10d1d64a-a750-2cc1-5a5c-ed68b49f443b,Dataset 57
dwgid1855.jpg,missing in metadata,https://pi.lib.uchicago.edu/1001/org/ochre/ee0ed657-e8d2-ef86-0b37-a93202e1b60c,Dataset 57
dwgid1856.jpg,missing in metadata,https://pi.lib.uchicago.edu/1001/org/ochre/8597c280-ffdb-d7f2-2618-c323281efb69,Dataset 57
dwgid1857.jpg,missing in metadata,https://pi.lib.uchicago.edu/1001/org/ochre/b7223f3e-5b6f-5afa-34e2-f20ee5370e30,Dataset 57
dwgid1858.jpg,missing in metadata,https://pi.lib.uchicago.edu/1001/org/ochre/d5b54207-7af4-a9d0-0475-8b05e72535f1,Dataset 57
dwgid1859.jpg,missing in metadata,https://pi.lib.uchicago.edu/1001/org/ochre/caf21edd-00cd-2c73-30c6-3caae2057ec7,Dataset 57
dwgid1866.jpg,missing in metadata,https://pi.lib.uchicago.edu/1001/org/ochre/b30f1f5a-8f43-9093-1bf0-631e1e215bfb,Dataset 57
dwgid1867.jpg,missing in metadata,https://pi.lib.uchicago.edu/1001/org/ochre/ef539ebf-b09f-5add-8f1a-f2ace87c411a,Dataset 57
dwgid1868.jpg,missing in metadata,https://pi.lib.uchicago.edu/1001/org/ochre/6bd7c1d9-1982-d445-dd8e-a5e7e2b5545d,Dataset 57
dwgid1870.jpg,missing in metadata,https://pi.lib.uchicago.edu/1001/org/ochre/0914fb88-ae7c-6d0f-1059-8a65b2e39221,Dataset 57
dwgid1871.jpg,missing in metadata,https://pi.lib.uchicago.edu/1001/org/ochre/fc3876ca-8488-7583-9e21-bc3bb558b334,Dataset 57
dwgid1872.jpg,missing in metadata,https://pi.lib.uchicago.edu/1001/org/ochre/31a14600-b478-be80-768c-781286f790cc,Dataset 57
dwgid18725.jpg,missing in metadata,https://pi.lib.uchicago.edu/1001/org/ochre/65905e52-3731-48e9-a924-88ffb2316715,Dataset 57
dwgid1875.jpg,missing in metadata,https://pi.lib.uchicago.edu/1001/org/ochre/f9d163c5-6523-decc-3d95-4566703a4ef0,Dataset 57
dwgid1876.jpg,missing in metadata,https://pi.lib.uchicago.edu/1001/org/ochre/8ee39e12-1bed-8969-2ab3-c1f2ae95fe37,Dataset 57
dwgid1881.jpg,missing in metadata,https://pi.lib.uchicago.edu/1001/org/ochre/cd3cba98-19ca-a478-861a-a8e121a8dfda,Dataset 57
dwgid1882.jpg,missing in metadata,https://pi.lib.uchicago.edu/1001/org/ochre/886b24a6-144f-06c0-a0d4-89e7231ecb5e,Dataset 57
dwgid1883.jpg,missing in metadata,https://pi.lib.uchicago.edu/1001/org/ochre/c8a55253-d030-3d40-36d6-5cb8ac2bce29,Dataset 57
dwgid1892.jpg,missing in metadata,https://pi.lib.uchicago.edu/1001/org/ochre/26f46e38-9c07-63e1-e325-5941e312e8f3,Dataset 57
dwgid1893.jpg,missing in metadata,https://pi.lib.uchicago.edu/1001/org/ochre/3d8802bd-830a-6bf4-0f87-b5538c2c0719,Dataset 57
dwgid1895.jpg,missing in metadata,https://pi.lib.uchicago.edu/1001/org/ochre/61951d09-ceb7-0d3e-25db-4824e42f5e7b,Dataset 57
dwgid1896.jpg,missing in metadata,https://pi.lib.uchicago.edu/1001/org/ochre/12b2363b-71c0-5877-76f0-e43c33fe37d3,Dataset 57
dwgid1902.jpg,missing in metadata,https://pi.lib.uchicago.edu/1001/org/ochre/49fe2f99-b27c-5d8d-4afd-954e1660b2ca,Dataset 57
dwgid1905.jpg,missing in metadata,https://pi.lib.uchicago.edu/1001/org/ochre/a07f70d1-33ce-6c99-9c25-c0dc108c17a2,Dataset 57
dwgid1909.jpg,missing in metadata,https://pi.lib.uchicago.edu/1001/org/ochre/96fe736e-dd0d-6050-94e1-2c575ec34b18,Dataset 57
dwgid1910.jpg,missing in metadata,https://pi.lib.uchicago.edu/1001/org/ochre/ce87b674-74d7-2c40-039b-0fa008c17934,Dataset 57
dwgid1911.jpg,missing in metadata,https://pi.lib.uchicago.edu/1001/org/ochre/8d0ce3c0-ef07-0bc9-b88c-2cb48bd6acb5,Dataset 57
dwgid1913.jpg,missing in metadata,https://pi.lib.uchicago.edu/1001/org/ochre/0f85eb7d-73c7-79f4-bca7-fc353b299985,Dataset 57
dwgid1924.jpg,missing in metadata,https://pi.lib.uchicago.edu/1001/org/ochre/0be46de0-37c3-540a-a164-073c971cad15,Dataset 57
dwgid1925.jpg,missing in metadata,https://pi.lib.uchicago.edu/1001/org/ochre/21f28a50-5f35-8222-7b47-7a48bfd4f6b3,Dataset 57
dwgid1928.jpg,missing in metadata,https://pi.lib.uchicago.edu/1001/org/ochre/0d870789-bea8-1846-550e-da2f7bc04510,Dataset 57
dwgid1941.jpg,missing in metadata,https://pi.lib.uchicago.edu/1001/org/ochre/e3eaa0e0-dbbc-99fe-698d-3e0229548da6,Dataset 57
dwgid1945.jpg,missing in metadata,https://pi.lib.uchicago.edu/1001/org/ochre/78db53da-7857-889a-e731-13c6a295a295,Dataset 57
dwgid1948.jpg,missing in metadata,https://pi.lib.uchicago.edu/1001/org/ochre/bf96378a-4637-727b-c359-d3ea23f07aa3,Dataset 57
dwgid1950.jpg,missing in metadata,https://pi.lib.uchicago.edu/1001/org/ochre/2da6bcb6-da66-1e45-51ee-e22f4bf93c92,Dataset 57
dwgid1951.jpg,missing in metadata,https://pi.lib.uchicago.edu/1001/org/ochre/f35e282a-a526-107f-a881-eff4d5f485b3,Dataset 57
dwgid1954.jpg,missing in metadata,https://pi.lib.uchicago.edu/1001/org/ochre/729eb935-15c0-a1ba-27a4-c6e5f3c9bb83,Dataset 57
dwgid1955.jpg,missing in metadata,https://pi.lib.uchicago.edu/1001/org/ochre/47c64676-d85a-0e2f-23ee-fa76d1ebe322,Dataset 57
dwgid1956.jpg,missing in metadata,https://pi.lib.uchicago.edu/1001/org/ochre/8db72113-ea00-f7d6-21d4-4b7fbee049f1,Dataset 57
dwgid1967.jpg,missing in metadata,https://pi.lib.uchicago.edu/1001/org/ochre/c3a38ddf-7392-a571-2a86-08820146e39c,Dataset 57
dwgid1968.jpg,missing in metadata,https://pi.lib.uchicago.edu/1001/org/ochre/99154d0e-82bc-41df-2e1f-46965544f67c,Dataset 57
dwgid1969.jpg,missing in metadata,https://pi.lib.uchicago.edu/1001/org/ochre/03d9dcf7-2c45-c755-f083-37f64210495f,Dataset 57
dwgid1972.jpg,missing in metadata,https://pi.lib.uchicago.edu/1001/org/ochre/769e1adf-3610-5329-b0ba-26ebcf69ff22,Dataset 57
dwgid1980.jpg,missing in metadata,https://pi.lib.uchicago.edu/1001/org/ochre/5770ac18-ce95-9c9d-f5fa-72dcfc588aa3,Dataset 57
dwgid19872.jpg,missing in metadata,https://pi.lib.uchicago.edu/1001/org/ochre/8b67b14b-951e-450a-9c7b-8b66e6dc7abf,Dataset 57
dwgid19916.jpg,missing in metadata,https://pi.lib.uchicago.edu/1001/org/ochre/3a3d7d89-a6fe-4183-8ee9-58e730142fe8,Dataset 57
dwgid1992.jpg,missing in metadata,https://pi.lib.uchicago.edu/1001/org/ochre/fde1afb2-40cf-8cf4-240c-818e15796e60,Dataset 57
dwgid1999.jpg,missing in metadata,https://pi.lib.uchicago.edu/1001/org/ochre/59cb30fb-c2d6-d12a-a7cd-86baf4e93e8a,Dataset 57
dwgid2007.jpg,missing in metadata,https://pi.lib.uchicago.edu/1001/org/ochre/ca211068-b92e-6b16-55cf-657f49325e39,Dataset 57
dwgid2008.jpg,missing in metadata,https://pi.lib.uchicago.edu/1001/org/ochre/60d0cf1c-58e0-c42b-55c6-3a025413c74b,Dataset 57
dwgid2020.jpg,missing in metadata,https://pi.lib.uchicago.edu/1001/org/ochre/9bf825d9-6de8-144d-7789-e58ab5c90f13,Dataset 57
dwgid20231.jpg,missing in metadata,https://pi.lib.uchicago.edu/1001/org/ochre/7d9c8c75-f63b-4f28-8e79-f0ba532c6763,Dataset 57
dwgid2050.jpg,missing in metadata,https://pi.lib.uchicago.edu/1001/org/ochre/fb6594d6-454d-9c1b-f1ce-228361caee7a,Dataset 57
dwgid2051.jpg,missing in metadata,https://pi.lib.uchicago.edu/1001/org/ochre/fb16e406-b0f7-fbb2-7505-f86a6377d604,Dataset 57
dwgid2056.jpg,missing in metadata,https://pi.lib.uchicago.edu/1001/org/ochre/30b2c4a5-d7ae-84bd-7a3f-9d8893595ac9,Dataset 57
dwgid2058.jpg,missing in metadata,https://pi.lib.uchicago.edu/1001/org/ochre/6bf2fb31-0c11-83b8-fd7c-8d49588c1256,Dataset 57
dwgid2060.jpg,missing in metadata,https://pi.lib.uchicago.edu/1001/org/ochre/d1768bc4-938e-be12-d7cf-86fc76d13448,Dataset 57
dwgid2068.jpg,missing in metadata,https://pi.lib.uchicago.edu/1001/org/ochre/fbf6a45e-e8ad-bee7-6d12-c512ed5b6905,Dataset 57
dwgid2072.jpg,missing in metadata,https://pi.lib.uchicago.edu/1001/org/ochre/ec745e31-46fb-dde1-960e-122e67bc26f7,Dataset 57
dwgid2077.jpg,missing in metadata,https://pi.lib.uchicago.edu/1001/org/ochre/f6112e66-27c9-6335-70c1-cd1cf04ea4e9,Dataset 57
dwgid2078.jpg,missing in metadata,https://pi.lib.uchicago.edu/1001/org/ochre/fecc51c9-6705-7245-5d18-09749b234ed1,Dataset 57
dwgid2079.jpg,missing in metadata,https://pi.lib.uchicago.edu/1001/org/ochre/4e8f3a9a-76fc-45dc-a4ab-1b22bf384b9a,Dataset 57
dwgid2080.jpg,missing in metadata,https://pi.lib.uchicago.edu/1001/org/ochre/b5f478d1-7117-48b1-55e2-30d9f687e871,Dataset 57
dwgid2081.jpg,missing in metadata,https://pi.lib.uchicago.edu/1001/org/ochre/b49d8609-b991-b8a1-2369-02d92a360148,Dataset 57
dwgid2082.jpg,missing in metadata,https://pi.lib.uchicago.edu/1001/org/ochre/edef06d6-392f-39bd-0b3c-3497aa8fcd47,Dataset 57
dwgid2083.jpg,missing in metadata,https://pi.lib.uchicago.edu/1001/org/ochre/ef1593ae-5cff-3d2f-3683-c413c5499757,Dataset 57
dwgid2084.jpg,missing in metadata,https://pi.lib.uchicago.edu/1001/org/ochre/8fbdf086-3722-1fdb-ec63-241b9c1ae139,Dataset 57
dwgid2085.jpg,missing in metadata,https://pi.lib.uchicago.edu/1001/org/ochre/59558ef4-4b9d-d2a2-36c2-dfff8ed3282e,Dataset 57
dwgid2086.jpg,missing in metadata,https://pi.lib.uchicago.edu/1001/org/ochre/0ffb3987-f01c-0d11-cf5e-a3e8b24d7052,Dataset 57
dwgid2087.jpg,missing in metadata,https://pi.lib.uchicago.edu/1001/org/ochre/90b17426-154c-f32a-fb86-21a903d129af,Dataset 57
dwgid20874.jpg,missing in metadata,https://pi.lib.uchicago.edu/1001/org/ochre/13bb5911-8a36-4b08-86b8-d19bf927aa5a,Dataset 57
dwgid2088.jpg,missing in metadata,https://pi.lib.uchicago.edu/1001/org/ochre/291c6afc-911d-6d4d-3463-5ec3c517497f,Dataset 57
dwgid2089.jpg,missing in metadata,https://pi.lib.uchicago.edu/1001/org/ochre/3e2f43ea-2c2d-6227-1bcf-da2aa4aab0da,Dataset 57
dwgid2090.jpg,missing in metadata,https://pi.lib.uchicago.edu/1001/org/ochre/545bf204-d6ae-ae2f-6ef1-d7a582214a63,Dataset 57
dwgid2091.jpg,missing in metadata,https://pi.lib.uchicago.edu/1001/org/ochre/8a340c1a-a9a6-ccde-2732-a00062bb368f,Dataset 57
dwgid2092.jpg,missing in metadata,https://pi.lib.uchicago.edu/1001/org/ochre/cdd494b9-4d32-34bf-1071-d87ea3d5ce89,Dataset 57
dwgid2093.jpg,missing in metadata,https://pi.lib.uchicago.edu/1001/org/ochre/3024fc40-50c8-1c68-5fa7-b2eedd28e8ba,Dataset 57
dwgid2094.jpg,missing in metadata,https://pi.lib.uchicago.edu/1001/org/ochre/a741cfaf-dbee-f68b-e9b8-2a4f73ee2c7c,Dataset 57
dwgid2111.jpg,missing in metadata,https://pi.lib.uchicago.edu/1001/org/ochre/29e94cb1-2724-ed9d-d106-8a216716628e,Dataset 57
dwgid2133.jpg,missing in metadata,https://pi.lib.uchicago.edu/1001/org/ochre/a9be479a-0bac-6127-b195-1fd171879c0a,Dataset 57
dwgid2135.jpg,missing in metadata,https://pi.lib.uchicago.edu/1001/org/ochre/d08e63bd-73f7-1075-86a0-169ba553a8d4,Dataset 57
dwgid21744.jpg,missing in metadata,https://pi.lib.uchicago.edu/1001/org/ochre/640561f2-bfa0-4c72-a000-46f7bc80d780,Dataset 57
dwgid21787.jpg,missing in metadata,https://pi.lib.uchicago.edu/1001/org/ochre/db4e9b19-8502-4690-a53e-3e0607352079,Dataset 57
dwgid21788.jpg,missing in metadata,https://pi.lib.uchicago.edu/1001/org/ochre/a7dfab2d-235f-4c72-82a8-c0b288857cd2,Dataset 57
dwgid21789.jpg,missing in metadata,https://pi.lib.uchicago.edu/1001/org/ochre/37b957fd-e745-48a4-804d-843f507837b0,Dataset 57
dwgid21790.jpg,missing in metadata,https://pi.lib.uchicago.edu/1001/org/ochre/207a12ec-2a91-4eb1-b74e-3d416c97acfc,Dataset 57
dwgid21791.jpg,missing in metadata,https://pi.lib.uchicago.edu/1001/org/ochre/a00a7f2d-a2f1-4869-b8a2-6e4e04f7edcc,Dataset 57
dwgid21792.jpg,missing in metadata,https://pi.lib.uchicago.edu/1001/org/ochre/b92a8e95-320b-41c1-b181-94d8157bbf25,Dataset 57
dwgid21793.jpg,missing in metadata,https://pi.lib.uchicago.edu/1001/org/ochre/d90f4b65-ff24-47e8-81b3-7f728538983a,Dataset 57
dwgid21794.jpg,missing in metadata,https://pi.lib.uchicago.edu/1001/org/ochre/c323088e-2b95-41d9-8160-2b6f2fb382dd,Dataset 57
dwgid21795.jpg,missing in metadata,https://pi.lib.uchicago.edu/1001/org/ochre/8a1209eb-931b-4fc7-bd68-dc2d021a0121,Dataset 57
dwgid21796.jpg,missing in metadata,https://pi.lib.uchicago.edu/1001/org/ochre/171e0440-7b15-455c-a297-959cbb040a72,Dataset 57
dwgid21797.jpg,missing in metadata,https://pi.lib.uchicago.edu/1001/org/ochre/10a2af2c-da28-4356-9522-5707d0f19cc1,Dataset 57
dwgid21798.jpg,missing in metadata,https://pi.lib.uchicago.edu/1001/org/ochre/72185a06-9145-4f60-8a66-d01d470340e6,Dataset 57
dwgid21830.jpg,missing in metadata,https://pi.lib.uchicago.edu/1001/org/ochre/61c747a7-2f0a-40ce-8ddb-1fb70935550f,Dataset 57
dwgid2203.jpg,missing in metadata,https://pi.lib.uchicago.edu/1001/org/ochre/61e75691-fe3b-0568-732a-9f370d1642dc,Dataset 57
dwgid2204.jpg,missing in metadata,https://pi.lib.uchicago.edu/1001/org/ochre/01fdb6a3-2306-04b2-2a73-bb872039b2af,Dataset 57
dwgid2207.jpg,missing in metadata,https://pi.lib.uchicago.edu/1001/org/ochre/95e1f0e4-dda8-70c8-6a79-e6573de19d3c,Dataset 57
dwgid2210.jpg,missing in metadata,https://pi.lib.uchicago.edu/1001/org/ochre/27300ea2-7992-6bd1-747c-18681059e173,Dataset 57
dwgid2213.jpg,missing in metadata,https://pi.lib.uchicago.edu/1001/org/ochre/a9ecffeb-0fe1-5dde-e96d-7ca2e7c932d0,Dataset 57
dwgid2222.jpg,missing in metadata,https://pi.lib.uchicago.edu/1001/org/ochre/3ba266a6-3d5f-fe0b-e5d6-57ba652b5af5,Dataset 57
dwgid22226.jpg,missing in metadata,https://pi.lib.uchicago.edu/1001/org/ochre/4f936e98-3f74-4041-9d43-2c9b26e2b6ca,Dataset 57
dwgid22238.jpg,missing in metadata,https://pi.lib.uchicago.edu/1001/org/ochre/a1949773-9af8-4352-be2e-2211ba7f7cd1,Dataset 57
dwgid22258.jpg,missing in metadata,https://pi.lib.uchicago.edu/1001/org/ochre/3085f2dd-8e2b-4636-a90a-afbe6b81fd1e,Dataset 57
dwgid22259.jpg,missing in metadata,https://pi.lib.uchicago.edu/1001/org/ochre/e3d94465-3da8-42bb-8a7a-235de416c875,Dataset 57
dwgid22260.jpg,missing in metadata,https://pi.lib.uchicago.edu/1001/org/ochre/edfce40c-1ac6-43b8-847d-0aa8b3d71d01,Dataset 57
dwgid22261.jpg,missing in metadata,https://pi.lib.uchicago.edu/1001/org/ochre/32545f86-816f-4944-940c-d2791b587e3f,Dataset 57
dwgid22262.jpg,missing in metadata,https://pi.lib.uchicago.edu/1001/org/ochre/7d746504-70bf-46e1-b6e9-f3928c3093b1,Dataset 57
dwgid22263.jpg,missing in metadata,https://pi.lib.uchicago.edu/1001/org/ochre/a3127d17-9fdb-4b48-94bf-d966104c1fe9,Dataset 57
dwgid22316.jpg,missing in metadata,https://pi.lib.uchicago.edu/1001/org/ochre/0986adc1-c211-4f46-adb1-15011b80f508,Dataset 57
dwgid22317.jpg,missing in metadata,https://pi.lib.uchicago.edu/1001/org/ochre/df8e9ae3-1960-40e5-b3de-cb4bdf419469,Dataset 57
dwgid22318.jpg,missing in metadata,https://pi.lib.uchicago.edu/1001/org/ochre/6c192416-3762-4ad1-b81e-2a9ece254655,Dataset 57
dwgid22319.jpg,missing in metadata,https://pi.lib.uchicago.edu/1001/org/ochre/b89d3613-d63e-46e6-b582-d540d48f240d,Dataset 57
dwgid22320.jpg,missing in metadata,https://pi.lib.uchicago.edu/1001/org/ochre/3d206da0-5dc7-42af-8ad8-2318c90baf3d,Dataset 57
dwgid22321.jpg,missing in metadata,https://pi.lib.uchicago.edu/1001/org/ochre/fda3fe5f-3a8d-42d7-ab1e-5cce346bc3ea,Dataset 57
dwgid22323.jpg,missing in metadata,https://pi.lib.uchicago.edu/1001/org/ochre/1a3e0613-e019-4269-b2ed-be92989937b4,Dataset 57
dwgid22324.jpg,missing in metadata,https://pi.lib.uchicago.edu/1001/org/ochre/9d4702c0-c1a5-4618-95f4-3293b6802b69,Dataset 57
dwgid22325.jpg,missing in metadata,https://pi.lib.uchicago.edu/1001/org/ochre/28825391-cfb8-4a58-b497-7b53f184a6d9,Dataset 57
dwgid22326.jpg,missing in metadata,https://pi.lib.uchicago.edu/1001/org/ochre/4397d976-03bf-4168-a173-bdb2f87dbbf4,Dataset 57
dwgid22327.jpg,missing in metadata,https://pi.lib.uchicago.edu/1001/org/ochre/2e01f414-7977-452d-b64c-f294f552eddd,Dataset 57
dwgid22328.jpg,missing in metadata,https://pi.lib.uchicago.edu/1001/org/ochre/6544d489-372b-4efb-b05c-94b4420107aa,Dataset 57
dwgid22329.jpg,missing in metadata,https://pi.lib.uchicago.edu/1001/org/ochre/2dd78af8-68f6-4a66-87bb-8a70cd499579,Dataset 57
dwgid22330.jpg,missing in metadata,https://pi.lib.uchicago.edu/1001/org/ochre/97caf807-e036-48dd-8445-351e5c36c078,Dataset 57
dwgid22331.jpg,missing in metadata,https://pi.lib.uchicago.edu/1001/org/ochre/37579200-e339-4ef3-8f82-34c9e80dd2e6,Dataset 57
dwgid22332.jpg,missing in metadata,https://pi.lib.uchicago.edu/1001/org/ochre/409ef096-c576-4062-892e-77ec827550f5,Dataset 57
dwgid22333.jpg,missing in metadata,https://pi.lib.uchicago.edu/1001/org/ochre/20d78cab-d1c4-407d-8bbd-ef548eaf256e,Dataset 57
dwgid22334.jpg,missing in metadata,https://pi.lib.uchicago.edu/1001/org/ochre/4c1b8ad6-511f-426a-aae8-016c7940aad5,Dataset 57
dwgid22336.jpg,missing in metadata,https://pi.lib.uchicago.edu/1001/org/ochre/307b4e41-0f1c-42ba-bf05-3a09ae3ff875,Dataset 57
dwgid22337.jpg,missing in metadata,https://pi.lib.uchicago.edu/1001/org/ochre/105b313a-b2c7-4e2a-92d2-65f9c9d55042,Dataset 57
dwgid22338.jpg,missing in metadata,https://pi.lib.uchicago.edu/1001/org/ochre/49c74184-210f-48b4-9cf9-106df10120f7,Dataset 57
dwgid22339.jpg,missing in metadata,https://pi.lib.uchicago.edu/1001/org/ochre/a1a5cae1-a4d7-4ba2-93e8-997434a81766,Dataset 57
dwgid22340.jpg,missing in metadata,https://pi.lib.uchicago.edu/1001/org/ochre/35e5efd8-9cb9-4c4c-b7f4-3cf885b40749,Dataset 57
dwgid22412.jpg,missing in metadata,https://pi.lib.uchicago.edu/1001/org/ochre/f07e2364-d0cd-4424-8098-8c6509e9c1b4,Dataset 57
dwgid22413.jpg,missing in metadata,https://pi.lib.uchicago.edu/1001/org/ochre/a4619083-76d9-46f4-a009-6eecce52d334,Dataset 57
dwgid22414.jpg,missing in metadata,https://pi.lib.uchicago.edu/1001/org/ochre/d77653f4-5a5c-4813-8bce-af780005725c,Dataset 57
dwgid22415.jpg,missing in metadata,https://pi.lib.uchicago.edu/1001/org/ochre/851d9561-02f8-4138-93ea-534cb665c92d,Dataset 57
dwgid22416.jpg,missing in metadata,https://pi.lib.uchicago.edu/1001/org/ochre/6a3ac62c-dd93-4c58-b734-aa1b4c93f25b,Dataset 57
dwgid22417.jpg,missing in metadata,https://pi.lib.uchicago.edu/1001/org/ochre/a8c392c7-fe0e-4b04-a82b-613f40fc45f0,Dataset 57
dwgid22418.jpg,missing in metadata,https://pi.lib.uchicago.edu/1001/org/ochre/bb6a7ed3-a52a-4137-a3d2-20c2d800be8d,Dataset 57
dwgid22419.jpg,missing in metadata,https://pi.lib.uchicago.edu/1001/org/ochre/b04dcbc7-cd80-49dc-947b-390c8cdfd7d0,Dataset 57
dwgid22420.jpg,missing in metadata,https://pi.lib.uchicago.edu/1001/org/ochre/b57e24e5-4bd2-46ac-8381-6c294c726392,Dataset 57
dwgid22421.jpg,missing in metadata,https://pi.lib.uchicago.edu/1001/org/ochre/bb868b69-0dcf-4025-a31f-49d2287f6e62,Dataset 57
dwgid22422.jpg,missing in metadata,https://pi.lib.uchicago.edu/1001/org/ochre/350ec99a-47a2-4fb0-abf1-e545af919e25,Dataset 57
dwgid22423.jpg,missing in metadata,https://pi.lib.uchicago.edu/1001/org/ochre/fb90cbd4-7276-423d-8071-663a06c0e4ac,Dataset 57
dwgid22424.jpg,missing in metadata,https://pi.lib.uchicago.edu/1001/org/ochre/c2e9a819-1999-4608-a9ea-3c2153de044b,Dataset 57
dwgid22425.jpg,missing in metadata,https://pi.lib.uchicago.edu/1001/org/ochre/89853e33-9b96-4b79-9e58-8d4c1a97c06b,Dataset 57
dwgid22426.jpg,missing in metadata,https://pi.lib.uchicago.edu/1001/org/ochre/d5d2b5a4-a062-442b-bf46-c871722b814a,Dataset 57
dwgid22427.jpg,missing in metadata,https://pi.lib.uchicago.edu/1001/org/ochre/793c8923-fc23-42af-b511-f75091a2c1a5,Dataset 57
dwgid22428.jpg,missing in metadata,https://pi.lib.uchicago.edu/1001/org/ochre/e7cfb94b-e4a2-485c-b8cd-17322d998d92,Dataset 57
dwgid22429.jpg,missing in metadata,https://pi.lib.uchicago.edu/1001/org/ochre/195fd25d-e546-4be8-b352-5b59e4a09530,Dataset 57
dwgid22441.jpg,missing in metadata,https://pi.lib.uchicago.edu/1001/org/ochre/42fa53de-f6e0-4b97-afdf-f3445691560d,Dataset 57
dwgid22442.jpg,missing in metadata,https://pi.lib.uchicago.edu/1001/org/ochre/13b79d62-f55e-4d68-8124-70981ea675a3,Dataset 57
dwgid22443.jpg,missing in metadata,https://pi.lib.uchicago.edu/1001/org/ochre/dfb5f2da-849e-450c-a95e-5a8d3e0934e7,Dataset 57
dwgid22444.jpg,missing in metadata,https://pi.lib.uchicago.edu/1001/org/ochre/e4fa5e77-7172-4268-b06a-be79bbda4696,Dataset 57
dwgid22445.jpg,missing in metadata,https://pi.lib.uchicago.edu/1001/org/ochre/a1a46124-da5f-429c-882f-5f3073044931,Dataset 57
dwgid22446.jpg,missing in metadata,https://pi.lib.uchicago.edu/1001/org/ochre/17ece738-97fc-4c6f-be2f-7b82fd074b56,Dataset 57
dwgid22447.jpg,missing in metadata,https://pi.lib.uchicago.edu/1001/org/ochre/ec563ef7-cfd5-4719-88fd-863e3db6b8ea,Dataset 57
dwgid22448.jpg,missing in metadata,https://pi.lib.uchicago.edu/1001/org/ochre/668646f3-310f-4dbe-9878-9f4c79424629,Dataset 57
dwgid22449.jpg,missing in metadata,https://pi.lib.uchicago.edu/1001/org/ochre/2e65c351-f2a2-409d-bc76-16eb843ab68f,Dataset 57
dwgid22450.jpg,missing in metadata,https://pi.lib.uchicago.edu/1001/org/ochre/92958285-4ebb-4496-852c-6e5d68c1acd5,Dataset 57
dwgid22451.jpg,missing in metadata,https://pi.lib.uchicago.edu/1001/org/ochre/846a474c-600d-496a-b2b8-d5fb564e4d58,Dataset 57
dwgid22452.jpg,missing in metadata,https://pi.lib.uchicago.edu/1001/org/ochre/2149a8d7-6f48-4909-bb4b-c30745fcb894,Dataset 57
dwgid22453.jpg,missing in metadata,https://pi.lib.uchicago.edu/1001/org/ochre/9b66621a-f360-4cbe-bfc7-7cc13c0db4b8,Dataset 57
dwgid22454.jpg,missing in metadata,https://pi.lib.uchicago.edu/1001/org/ochre/082a4acc-303b-4748-8b83-dcab969f63b5,Dataset 57
dwgid22455.jpg,missing in metadata,https://pi.lib.uchicago.edu/1001/org/ochre/66525daa-6916-4379-89f1-e7fc0a976be2,Dataset 57
dwgid22456.jpg,missing in metadata,https://pi.lib.uchicago.edu/1001/org/ochre/5722b396-9442-4cca-8ed6-bb9413a21cb4,Dataset 57
dwgid22457.jpg,missing in metadata,https://pi.lib.uchicago.edu/1001/org/ochre/93cb29c4-11b6-453f-8d30-55882032628f,Dataset 57
dwgid22458.jpg,missing in metadata,https://pi.lib.uchicago.edu/1001/org/ochre/688c3d49-ba4e-4599-bef9-cb3d6ae6cfa4,Dataset 57
dwgid22459.jpg,missing in metadata,https://pi.lib.uchicago.edu/1001/org/ochre/18eccf28-ba24-4c24-a172-5f6cd9928046,Dataset 57
dwgid22460.jpg,missing in metadata,https://pi.lib.uchicago.edu/1001/org/ochre/b59eac9a-2200-42d8-8030-c379e3264008,Dataset 57
dwgid22461.jpg,missing in metadata,https://pi.lib.uchicago.edu/1001/org/ochre/ce33d994-e090-4205-8101-5273dcbdce5c,Dataset 57
dwgid22462.jpg,missing in metadata,https://pi.lib.uchicago.edu/1001/org/ochre/8a662b47-0384-43ef-ae4f-004c1ec932cf,Dataset 57
dwgid22463.jpg,missing in metadata,https://pi.lib.uchicago.edu/1001/org/ochre/77ad49b1-0c3e-4222-a57b-8222024916f3,Dataset 57
dwgid22464.jpg,missing in metadata,https://pi.lib.uchicago.edu/1001/org/ochre/24f57a18-0b36-429d-86f4-7c1cb7671f80,Dataset 57
dwgid22465.jpg,missing in metadata,https://pi.lib.uchicago.edu/1001/org/ochre/bcdcc277-959a-4846-ab8c-87e7c453e26f,Dataset 57
dwgid22466.jpg,missing in metadata,https://pi.lib.uchicago.edu/1001/org/ochre/5879f84b-4b7a-4930-8170-f289b983e69a,Dataset 57
dwgid22467.jpg,missing in metadata,https://pi.lib.uchicago.edu/1001/org/ochre/16987543-f020-4d98-ab00-e0c350375435,Dataset 57
dwgid22468.jpg,missing in metadata,https://pi.lib.uchicago.edu/1001/org/ochre/c79b3a90-270a-4e34-90ca-8a0c21616901,Dataset 57
dwgid22469.jpg,missing in metadata,https://pi.lib.uchicago.edu/1001/org/ochre/18184f74-dbe3-4dd6-ad41-cf2b1399c70b,Dataset 57
dwgid22470.jpg,missing in metadata,https://pi.lib.uchicago.edu/1001/org/ochre/6d1bf915-3b07-4816-9d79-beee2aa16222,Dataset 57
dwgid22471.jpg,missing in metadata,https://pi.lib.uchicago.edu/1001/org/ochre/a88a075c-11fb-4696-98ed-7f975275941b,Dataset 57
dwgid22472.jpg,missing in metadata,https://pi.lib.uchicago.edu/1001/org/ochre/23eab44f-11c5-4571-a105-d8cadb28c7c2,Dataset 57
dwgid22473.jpg,missing in metadata,https://pi.lib.uchicago.edu/1001/org/ochre/e8db2013-f4ce-4787-a325-28c7b4beeafc,Dataset 57
dwgid22474.jpg,missing in metadata,https://pi.lib.uchicago.edu/1001/org/ochre/282faedd-755a-4ad6-96ed-27a07a59de30,Dataset 57
dwgid22475.jpg,missing in metadata,https://pi.lib.uchicago.edu/1001/org/ochre/1dce56a7-6e02-444a-8f61-15568f2eae7e,Dataset 57
dwgid22476.jpg,missing in metadata,https://pi.lib.uchicago.edu/1001/org/ochre/c31a95fe-a373-44b1-bac3-cce966e54b86,Dataset 57
dwgid22477.jpg,missing in metadata,https://pi.lib.uchicago.edu/1001/org/ochre/172bfb77-f51a-42d0-9550-76ffe0c88016,Dataset 57
dwgid22483.jpg,missing in metadata,https://pi.lib.uchicago.edu/1001/org/ochre/2c2b4da0-8afa-4fb2-8053-4f590b1612f1,Dataset 57
dwgid22484.jpg,missing in metadata,https://pi.lib.uchicago.edu/1001/org/ochre/f148d4e6-b464-4ee6-a21f-83e58c491911,Dataset 57
dwgid22485.jpg,missing in metadata,https://pi.lib.uchicago.edu/1001/org/ochre/52204b02-b5ce-407a-9266-41f29d34604e,Dataset 57
dwgid22500.jpg,missing in metadata,https://pi.lib.uchicago.edu/1001/org/ochre/dbd819e5-9fa2-4f2b-a0ac-db7cfd12d485,Dataset 57
dwgid22501.jpg,missing in metadata,https://pi.lib.uchicago.edu/1001/org/ochre/c3f13f10-ba91-4fe2-8961-1a1e46d9f36e,Dataset 57
dwgid22502.jpg,missing in metadata,https://pi.lib.uchicago.edu/1001/org/ochre/6172bcd3-1eeb-4d64-bf9e-0c853ea47438,Dataset 57
dwgid22503.jpg,missing in metadata,https://pi.lib.uchicago.edu/1001/org/ochre/5eb0ad57-e071-4577-a0fd-29398fe57ff5,Dataset 57
dwgid22504.jpg,missing in metadata,https://pi.lib.uchicago.edu/1001/org/ochre/e816a117-7420-4034-850f-afe25ccfd6e6,Dataset 57
dwgid22505.jpg,missing in metadata,https://pi.lib.uchicago.edu/1001/org/ochre/42b25848-72ed-4cbb-8c6c-e9df341b8bd4,Dataset 57
dwgid22506.jpg,missing in metadata,https://pi.lib.uchicago.edu/1001/org/ochre/84329021-487e-43ff-9915-326c1dc6a3da,Dataset 57
dwgid22507.jpg,missing in metadata,https://pi.lib.uchicago.edu/1001/org/ochre/dcef14fe-d7d7-4e7a-87c4-b746a8c4afcd,Dataset 57
dwgid22508.jpg,missing in metadata,https://pi.lib.uchicago.edu/1001/org/ochre/741637c7-916d-48e3-bd1a-18b892f6ab1d,Dataset 57
dwgid22509.jpg,missing in metadata,https://pi.lib.uchicago.edu/1001/org/ochre/b38cf955-acad-4800-9ea8-31fc1b63af74,Dataset 57
dwgid22510.jpg,missing in metadata,https://pi.lib.uchicago.edu/1001/org/ochre/6102a0fc-b649-4b85-a0eb-68741f56cb87,Dataset 57
dwgid22511.jpg,missing in metadata,https://pi.lib.uchicago.edu/1001/org/ochre/432d232b-18c3-4aca-a8af-bd08a0d6ae50,Dataset 57
dwgid22512.jpg,missing in metadata,https://pi.lib.uchicago.edu/1001/org/ochre/b62b426d-0657-416e-8166-3285c59e1ffd,Dataset 57
dwgid22513.jpg,missing in metadata,https://pi.lib.uchicago.edu/1001/org/ochre/75a8f627-aea3-44ff-b084-f72c9e984958,Dataset 57
dwgid22514.jpg,missing in metadata,https://pi.lib.uchicago.edu/1001/org/ochre/91537fc8-bfa6-452d-a985-b69fb092b0db,Dataset 57
dwgid22515.jpg,missing in metadata,https://pi.lib.uchicago.edu/1001/org/ochre/6dfde47a-5c08-43db-b2d1-ac2fa246c634,Dataset 57
dwgid22516.jpg,missing in metadata,https://pi.lib.uchicago.edu/1001/org/ochre/ea0c1ed0-e9e2-44ab-947d-99f0b85b9a1a,Dataset 57
dwgid22517.jpg,missing in metadata,https://pi.lib.uchicago.edu/1001/org/ochre/fec643f3-f305-45e9-af8a-326f5b004159,Dataset 57
dwgid22518.jpg,missing in metadata,https://pi.lib.uchicago.edu/1001/org/ochre/5029d755-a9ce-4de4-af33-4f2659551732,Dataset 57
dwgid22519.jpg,missing in metadata,https://pi.lib.uchicago.edu/1001/org/ochre/64ebd49d-d6e8-4455-8ee0-ce7434067207,Dataset 57
dwgid22522.jpg,missing in metadata,https://pi.lib.uchicago.edu/1001/org/ochre/e9eb4cea-4277-462f-b7f4-c9e911aec106,Dataset 57
dwgid22523.jpg,missing in metadata,https://pi.lib.uchicago.edu/1001/org/ochre/314d3013-2f25-4c9e-8c23-5e58797ef607,Dataset 57
dwgid22524.jpg,missing in metadata,https://pi.lib.uchicago.edu/1001/org/ochre/e71b7a4d-3b33-4215-a8c5-31620a7ac042,Dataset 57
dwgid22525.jpg,missing in metadata,https://pi.lib.uchicago.edu/1001/org/ochre/2773a240-fc1a-4716-90f2-9b9ab85d1414,Dataset 57
dwgid22526.jpg,missing in metadata,https://pi.lib.uchicago.edu/1001/org/ochre/c855033e-6bb8-4f0a-9fdd-55ab8139781d,Dataset 57
dwgid22527.jpg,missing in metadata,https://pi.lib.uchicago.edu/1001/org/ochre/24a7974b-4dc0-49ad-95c5-2ca991e3e503,Dataset 57
dwgid22530.jpg,missing in metadata,https://pi.lib.uchicago.edu/1001/org/ochre/b88aa357-1535-4794-976e-606a443e9b32,Dataset 57
dwgid22531.jpg,missing in metadata,https://pi.lib.uchicago.edu/1001/org/ochre/0e28d292-97b3-44ad-a7dd-08565afa36aa,Dataset 57
dwgid22532.jpg,missing in metadata,https://pi.lib.uchicago.edu/1001/org/ochre/af2a8800-dd04-4279-b094-7b9131d753ca,Dataset 57
dwgid22533.jpg,missing in metadata,https://pi.lib.uchicago.edu/1001/org/ochre/eea5b2ed-33bf-4d7b-adda-0a6534eaebec,Dataset 57
dwgid22534.jpg,missing in metadata,https://pi.lib.uchicago.edu/1001/org/ochre/3c71879d-5568-4ddc-8b72-1210dc3e862c,Dataset 57
dwgid22535.jpg,missing in metadata,https://pi.lib.uchicago.edu/1001/org/ochre/52db045c-5b88-431f-bc8d-856dc18cf0aa,Dataset 57
dwgid22536.jpg,missing in metadata,https://pi.lib.uchicago.edu/1001/org/ochre/6e477868-e4b5-4706-984e-63010ceb7dee,Dataset 57
dwgid22537.jpg,missing in metadata,https://pi.lib.uchicago.edu/1001/org/ochre/07daa593-a053-4bdf-95ea-97dda0e27f1e,Dataset 57
dwgid22538.jpg,missing in metadata,https://pi.lib.uchicago.edu/1001/org/ochre/1913b1c7-4d04-4e32-b57a-f4992d1f07ce,Dataset 57
dwgid22539.jpg,missing in metadata,https://pi.lib.uchicago.edu/1001/org/ochre/ed94ecfc-26e8-452a-8a18-5e3d5a34af06,Dataset 57
dwgid22540.jpg,missing in metadata,https://pi.lib.uchicago.edu/1001/org/ochre/157640e5-1588-47a4-adae-78c6af64bd61,Dataset 57
dwgid22541.jpg,missing in metadata,https://pi.lib.uchicago.edu/1001/org/ochre/161ff581-889c-4bec-8642-a7d046e9fdee,Dataset 57
dwgid22542.jpg,missing in metadata,https://pi.lib.uchicago.edu/1001/org/ochre/19fb58ec-c9a9-45a4-89e6-06477a40ad6a,Dataset 57
dwgid22543.jpg,missing in metadata,https://pi.lib.uchicago.edu/1001/org/ochre/49254e2a-ffae-4945-afd5-ea32379aef45,Dataset 57
dwgid22545.jpg,missing in metadata,https://pi.lib.uchicago.edu/1001/org/ochre/62398035-827f-4aac-b454-63e4d1e2a504,Dataset 57
dwgid22546.jpg,missing in metadata,https://pi.lib.uchicago.edu/1001/org/ochre/312d1bc9-f7cf-484c-8251-ba69c41c0f03,Dataset 57
dwgid22547.jpg,missing in metadata,https://pi.lib.uchicago.edu/1001/org/ochre/26d54641-06b6-4752-b1fb-1e410d234d8c,Dataset 57
dwgid22548.jpg,missing in metadata,https://pi.lib.uchicago.edu/1001/org/ochre/bdcbee30-8c63-4e25-80fb-bacbf3267359,Dataset 57
dwgid22549.jpg,missing in metadata,https://pi.lib.uchicago.edu/1001/org/ochre/d1c01636-1d40-4447-ad2a-ff6d5d8190b5,Dataset 57
dwgid22550.jpg,missing in metadata,https://pi.lib.uchicago.edu/1001/org/ochre/0fcf2e12-4943-48bf-bab6-9e7d634da224,Dataset 57
dwgid22551.jpg,missing in metadata,https://pi.lib.uchicago.edu/1001/org/ochre/c856cc5e-130e-47c1-be9d-7abc1ae6179c,Dataset 57
dwgid22552.jpg,missing in metadata,https://pi.lib.uchicago.edu/1001/org/ochre/6051b290-3a91-4348-a4b5-65d7064870c0,Dataset 57
dwgid22553.jpg,missing in metadata,https://pi.lib.uchicago.edu/1001/org/ochre/22633412-5533-4036-97ca-79e4750eea3b,Dataset 57
dwgid22554.jpg,missing in metadata,https://pi.lib.uchicago.edu/1001/org/ochre/fa261982-2020-4f43-a156-802c40967dc6,Dataset 57
dwgid22555.jpg,missing in metadata,https://pi.lib.uchicago.edu/1001/org/ochre/b4670c2e-d357-49c6-8874-4da58f199b88,Dataset 57
dwgid22556.jpg,missing in metadata,https://pi.lib.uchicago.edu/1001/org/ochre/54e2063e-5db2-456f-a603-39e3d184079a,Dataset 57
dwgid22559.jpg,missing in metadata,https://pi.lib.uchicago.edu/1001/org/ochre/3200da54-8646-4ca6-b77b-6986f9842a08,Dataset 57
dwgid2256.jpg,missing in metadata,https://pi.lib.uchicago.edu/1001/org/ochre/b1b37084-6f0f-e53d-6e7f-c8c792858807,Dataset 57
dwgid22560.jpg,missing in metadata,https://pi.lib.uchicago.edu/1001/org/ochre/167de1e1-a54a-4d1a-b1f8-3b6582c7dd44,Dataset 57
dwgid22561.jpg,missing in metadata,https://pi.lib.uchicago.edu/1001/org/ochre/3bfb1d37-7d0e-4604-86c3-f78002bbf0d2,Dataset 57
dwgid22562.jpg,missing in metadata,https://pi.lib.uchicago.edu/1001/org/ochre/23546065-98b7-4e18-9a9d-e069cfe21f68,Dataset 57
dwgid22563.jpg,missing in metadata,https://pi.lib.uchicago.edu/1001/org/ochre/3a1a28b9-1404-4075-9bab-e5429ad5ea5c,Dataset 57
dwgid22564.jpg,missing in metadata,https://pi.lib.uchicago.edu/1001/org/ochre/d0d275a6-1fea-4b39-9335-69806ca6d5b8,Dataset 58
dwgid22566.jpg,missing in metadata,https://pi.lib.uchicago.edu/1001/org/ochre/a9e3109d-a95a-49a0-a011-191cc18c7a95,Dataset 58
dwgid22568.jpg,missing in metadata,https://pi.lib.uchicago.edu/1001/org/ochre/6315d591-a4c7-422a-a2a9-514e6832b855,Dataset 58
dwgid22569.jpg,missing in metadata,https://pi.lib.uchicago.edu/1001/org/ochre/795a2f1d-85f0-4e59-b446-13080589786d,Dataset 58
dwgid22570.jpg,missing in metadata,https://pi.lib.uchicago.edu/1001/org/ochre/581d57e9-219e-44bc-866a-3dc6170c6373,Dataset 58
dwgid22571.jpg,missing in metadata,https://pi.lib.uchicago.edu/1001/org/ochre/c6cef10b-a982-450f-b168-9aa1d6cefe49,Dataset 58
dwgid22573.jpg,missing in metadata,https://pi.lib.uchicago.edu/1001/org/ochre/b0632055-51e8-4eb7-88e3-1c2027d15b76,Dataset 58
dwgid22574.jpg,missing in metadata,https://pi.lib.uchicago.edu/1001/org/ochre/57cceb77-a3fd-4833-8cfc-dee5a8b715df,Dataset 58
dwgid22576.jpg,missing in metadata,https://pi.lib.uchicago.edu/1001/org/ochre/098addbf-0bb6-4425-97ce-ff6982ede98d,Dataset 58
dwgid22577.jpg,missing in metadata,https://pi.lib.uchicago.edu/1001/org/ochre/28155486-1b99-49e3-9d88-55cd2a9c70b1,Dataset 58
dwgid22580.jpg,missing in metadata,https://pi.lib.uchicago.edu/1001/org/ochre/d198e9c3-a896-42f8-a121-03fe56365f94,Dataset 58
dwgid22583.jpg,missing in metadata,https://pi.lib.uchicago.edu/1001/org/ochre/4b7ca08f-7c4d-4191-91f5-6936b3ea1cef,Dataset 58
dwgid22587.jpg,missing in metadata,https://pi.lib.uchicago.edu/1001/org/ochre/4020a1ae-960a-4fd4-8b85-f844f8c82a5e,Dataset 58
dwgid22588.jpg,missing in metadata,https://pi.lib.uchicago.edu/1001/org/ochre/610c1240-c5fa-4e54-87e6-e98a0a4f9668,Dataset 58
dwgid22589.jpg,missing in metadata,https://pi.lib.uchicago.edu/1001/org/ochre/638e94d0-6051-4513-8e02-000555d1ca73,Dataset 58
dwgid22590.jpg,missing in metadata,https://pi.lib.uchicago.edu/1001/org/ochre/83156171-0665-473e-b0e5-d4de2f284016,Dataset 58
dwgid22592.jpg,missing in metadata,https://pi.lib.uchicago.edu/1001/org/ochre/34a269e2-0bbe-42b0-9637-c6f300163d66,Dataset 58
dwgid22593.jpg,missing in metadata,https://pi.lib.uchicago.edu/1001/org/ochre/7d24fe8d-7e3d-48f0-9158-d14b731a5b1d,Dataset 58
dwgid22594.jpg,missing in metadata,https://pi.lib.uchicago.edu/1001/org/ochre/1bdf702b-d684-4329-8f88-3169eaf422cb,Dataset 58
dwgid22603.jpg,missing in metadata,https://pi.lib.uchicago.edu/1001/org/ochre/94b549b8-b4b7-4bdb-b67d-89fa882fe9f7,Dataset 58
dwgid22612.jpg,missing in metadata,https://pi.lib.uchicago.edu/1001/org/ochre/d41089f1-f213-49d4-9c44-44d6c429a73b,Dataset 58
dwgid22636.jpg,missing in metadata,https://pi.lib.uchicago.edu/1001/org/ochre/b9341e67-b5c5-4338-941c-fb39715118b9,Dataset 58
dwgid22638.jpg,missing in metadata,https://pi.lib.uchicago.edu/1001/org/ochre/23615a3d-7d44-4337-99db-a1c89b0dda9e,Dataset 58
dwgid22639.jpg,missing in metadata,https://pi.lib.uchicago.edu/1001/org/ochre/30548ac8-eb3b-410b-b8fd-01770e8ea263,Dataset 58
dwgid22640.jpg,missing in metadata,https://pi.lib.uchicago.edu/1001/org/ochre/b070751b-5213-45c8-9d49-38be3122bcc5,Dataset 58
dwgid22641.jpg,missing in metadata,https://pi.lib.uchicago.edu/1001/org/ochre/98d4bf0b-d05e-4408-b8cb-7f377229c2b7,Dataset 58
dwgid22642.jpg,missing in metadata,https://pi.lib.uchicago.edu/1001/org/ochre/4cd0ab5c-cfde-41a7-bf65-cd030997b844,Dataset 58
dwgid22643.jpg,missing in metadata,https://pi.lib.uchicago.edu/1001/org/ochre/06a5221a-0967-4291-91dc-f708e8a82bc0,Dataset 58
dwgid22653.jpg,missing in metadata,https://pi.lib.uchicago.edu/1001/org/ochre/92799057-1216-4710-abda-abd639d39180,Dataset 58
dwgid22672.jpg,missing in metadata,https://pi.lib.uchicago.edu/1001/org/ochre/eaf4c569-19d7-45d0-a10e-2d2a25e35db9,Dataset 58
dwgid22677.jpg,missing in metadata,https://pi.lib.uchicago.edu/1001/org/ochre/0c836506-f32b-4747-bcf7-4001a9ec832b,Dataset 58
dwgid22681.jpg,missing in metadata,https://pi.lib.uchicago.edu/1001/org/ochre/2befdef2-cb20-41f2-97ec-dd74c4c85e2a,Dataset 58
dwgid22682.jpg,missing in metadata,https://pi.lib.uchicago.edu/1001/org/ochre/930c59fe-8a06-4043-9ac4-fb66d20486f4,Dataset 58
dwgid22685.jpg,missing in metadata,https://pi.lib.uchicago.edu/1001/org/ochre/ad8a548d-35df-4e45-9022-2e58201b0c76,Dataset 58
dwgid2270.jpg,missing in metadata,https://pi.lib.uchicago.edu/1001/org/ochre/94dec204-5228-d56f-4b10-fb36257f2274,Dataset 58
dwgid22799.jpg,missing in metadata,https://pi.lib.uchicago.edu/1001/org/ochre/473e7735-f172-45bc-8eaa-7461b6cf9ef5,Dataset 58
dwgid22800.jpg,missing in metadata,https://pi.lib.uchicago.edu/1001/org/ochre/c1784e79-ed69-4a9e-91fc-2edb55dc90fb,Dataset 58
dwgid22801.jpg,missing in metadata,https://pi.lib.uchicago.edu/1001/org/ochre/0352a9c9-7f43-4221-8c82-6542ca47904e,Dataset 58
dwgid22802.jpg,missing in metadata,https://pi.lib.uchicago.edu/1001/org/ochre/e4d49223-aa6f-4c3c-8702-ca5f8af4a399,Dataset 58
dwgid22803.jpg,missing in metadata,https://pi.lib.uchicago.edu/1001/org/ochre/8ece2daa-5e44-4f56-a7a7-a4e292cacdc5,Dataset 58
dwgid22804.jpg,missing in metadata,https://pi.lib.uchicago.edu/1001/org/ochre/1d6ff999-8444-4520-b9e4-e9977fd37ac1,Dataset 58
dwgid22805.jpg,missing in metadata,https://pi.lib.uchicago.edu/1001/org/ochre/ed4679ae-1559-4f50-8615-1524747da909,Dataset 58
dwgid22806.jpg,missing in metadata,https://pi.lib.uchicago.edu/1001/org/ochre/c28d7c48-6f43-4beb-893c-609cddfadaa7,Dataset 58
dwgid22807.jpg,missing in metadata,https://pi.lib.uchicago.edu/1001/org/ochre/08596da1-7467-4f76-9b4d-5263955cc6c9,Dataset 58
dwgid22808.jpg,missing in metadata,https://pi.lib.uchicago.edu/1001/org/ochre/be070f5f-abf8-4258-9209-e0493ba8410f,Dataset 58
dwgid22809.jpg,missing in metadata,https://pi.lib.uchicago.edu/1001/org/ochre/1f9c7708-86a5-4283-aef2-23474479a89b,Dataset 58
dwgid22810.jpg,missing in metadata,https://pi.lib.uchicago.edu/1001/org/ochre/9b13441e-c477-46d4-a099-af496f0199b0,Dataset 58
dwgid22811.jpg,missing in metadata,https://pi.lib.uchicago.edu/1001/org/ochre/4cd10032-2db7-4d55-985c-e1b33e7ee57e,Dataset 58
dwgid22812.jpg,missing in metadata,https://pi.lib.uchicago.edu/1001/org/ochre/5ede28d1-bc7a-4961-89f2-f33ed96463d2,Dataset 58
dwgid22813.jpg,missing in metadata,https://pi.lib.uchicago.edu/1001/org/ochre/de8a5bf4-0f48-4335-8088-ff9d3a86f3af,Dataset 58
dwgid22814.jpg,missing in metadata,https://pi.lib.uchicago.edu/1001/org/ochre/38a8e53a-5b1d-4d3d-a281-884443cf466d,Dataset 58
dwgid22815.jpg,missing in metadata,https://pi.lib.uchicago.edu/1001/org/ochre/44f866b4-e508-4a2b-b036-8c7221fa3949,Dataset 58
dwgid22816.jpg,missing in metadata,https://pi.lib.uchicago.edu/1001/org/ochre/de6af459-4204-4be0-944e-132977ae355c,Dataset 58
dwgid22817.jpg,missing in metadata,https://pi.lib.uchicago.edu/1001/org/ochre/f164c5bb-d68f-4def-aeb2-77059170f987,Dataset 58
dwgid22818.jpg,missing in metadata,https://pi.lib.uchicago.edu/1001/org/ochre/68d5c306-e733-46a6-89b9-72f8dca9ee62,Dataset 58
dwgid22819.jpg,missing in metadata,https://pi.lib.uchicago.edu/1001/org/ochre/9bff0544-d12e-4087-bb3e-b37828d3eaf9,Dataset 58
dwgid22820.jpg,missing in metadata,https://pi.lib.uchicago.edu/1001/org/ochre/3babc873-670d-4c92-9414-3244557fa2ba,Dataset 58
dwgid22821.jpg,missing in metadata,https://pi.lib.uchicago.edu/1001/org/ochre/cf243e17-384c-4661-a483-128053381f7e,Dataset 58
dwgid22822.jpg,missing in metadata,https://pi.lib.uchicago.edu/1001/org/ochre/7fe85316-38e6-4511-908b-8437ec0370a7,Dataset 58
dwgid22823.jpg,missing in metadata,https://pi.lib.uchicago.edu/1001/org/ochre/3e67b986-3f98-4b2d-b4c1-f7a4a6c49e22,Dataset 58
dwgid22824.jpg,missing in metadata,https://pi.lib.uchicago.edu/1001/org/ochre/30ee09d3-24c4-48f2-b8bc-f89a3c715e2b,Dataset 58
dwgid22825.jpg,missing in metadata,https://pi.lib.uchicago.edu/1001/org/ochre/3094a82d-d489-414b-b924-08b79bff2e0d,Dataset 58
dwgid22826.jpg,missing in metadata,https://pi.lib.uchicago.edu/1001/org/ochre/95fb0f11-d600-4c60-a23c-969bfa1000cb,Dataset 58
dwgid22827.jpg,missing in metadata,https://pi.lib.uchicago.edu/1001/org/ochre/80e04213-7fff-4577-8410-42e881204f40,Dataset 58
dwgid22828.jpg,missing in metadata,https://pi.lib.uchicago.edu/1001/org/ochre/e13b5974-d2c2-41b8-a2b8-22e865a3a645,Dataset 58
dwgid22829.jpg,missing in metadata,https://pi.lib.uchicago.edu/1001/org/ochre/bdff9a48-5b51-44fe-8d04-321027bcca08,Dataset 58
dwgid22830.jpg,missing in metadata,https://pi.lib.uchicago.edu/1001/org/ochre/eb3ca46c-b589-49fe-a719-71b3ae58ead3,Dataset 58
dwgid22835.jpg,missing in metadata,https://pi.lib.uchicago.edu/1001/org/ochre/e1a4453c-0539-4d0a-bf1b-30f40f58f2e6,Dataset 58
dwgid22836.jpg,missing in metadata,https://pi.lib.uchicago.edu/1001/org/ochre/7fdfae74-5cde-48df-9536-00731632f08b,Dataset 58
dwgid22837.jpg,missing in metadata,https://pi.lib.uchicago.edu/1001/org/ochre/a9204b46-82b1-4c7e-a4b6-2bfe2d41148c,Dataset 58
dwgid22838.jpg,missing in metadata,https://pi.lib.uchicago.edu/1001/org/ochre/85f16efe-77da-4d00-8dd4-9a5a04a7748b,Dataset 58
dwgid22839.jpg,missing in metadata,https://pi.lib.uchicago.edu/1001/org/ochre/a0435746-a9c4-4ac2-8458-9f34d8cae7fb,Dataset 58
dwgid22840.jpg,missing in metadata,https://pi.lib.uchicago.edu/1001/org/ochre/f57018bc-9877-4d9b-956c-2f1d34e1c707,Dataset 58
dwgid22841.jpg,missing in metadata,https://pi.lib.uchicago.edu/1001/org/ochre/3ba4b015-60c1-4f7a-bd4f-8c419043511e,Dataset 58
dwgid22842.jpg,missing in metadata,https://pi.lib.uchicago.edu/1001/org/ochre/542cb569-5393-479f-ac49-5d118f990cfb,Dataset 58
dwgid22843.jpg,missing in metadata,https://pi.lib.uchicago.edu/1001/org/ochre/4c33c258-4960-4b79-9dde-120da317cfa7,Dataset 58
dwgid22844.jpg,missing in metadata,https://pi.lib.uchicago.edu/1001/org/ochre/ce389ccb-5a48-444f-9e2e-f1ceb3cc258f,Dataset 58
dwgid22845.jpg,missing in metadata,https://pi.lib.uchicago.edu/1001/org/ochre/5e85c54a-78d2-40fa-ae1c-a0069631d6dd,Dataset 58
dwgid22846.jpg,missing in metadata,https://pi.lib.uchicago.edu/1001/org/ochre/95ec2472-dfc7-47ff-8285-96e4db91def7,Dataset 58
dwgid22847.jpg,missing in metadata,https://pi.lib.uchicago.edu/1001/org/ochre/4a71fa09-fcc1-4fda-b5ae-3f1c48f47fb0,Dataset 58
dwgid22848.jpg,missing in metadata,https://pi.lib.uchicago.edu/1001/org/ochre/2e74ef59-554d-4865-bf05-ee164dd97975,Dataset 58
dwgid22849.jpg,missing in metadata,https://pi.lib.uchicago.edu/1001/org/ochre/3e1c983b-0a41-40c0-9a9e-a61475ae3322,Dataset 58
dwgid22850.jpg,missing in metadata,https://pi.lib.uchicago.edu/1001/org/ochre/c280c0da-43fc-4499-b239-47b3a89f2f32,Dataset 58
dwgid22852.jpg,missing in metadata,https://pi.lib.uchicago.edu/1001/org/ochre/7a83955d-0725-489a-b3cc-36a560474117,Dataset 58
dwgid22853.jpg,missing in metadata,https://pi.lib.uchicago.edu/1001/org/ochre/d5e41a59-ac78-4f6f-85fd-643d22ad39cd,Dataset 58
dwgid22854.jpg,missing in metadata,https://pi.lib.uchicago.edu/1001/org/ochre/825a7f18-54b3-4427-b4ec-70b468815cc8,Dataset 58
dwgid22855.jpg,missing in metadata,https://pi.lib.uchicago.edu/1001/org/ochre/2d0001e3-4773-47ed-936b-5c0278beab91,Dataset 58
dwgid22856.jpg,missing in metadata,https://pi.lib.uchicago.edu/1001/org/ochre/24051fd5-3856-4271-94b3-77da294b7809,Dataset 58
dwgid22857.jpg,missing in metadata,https://pi.lib.uchicago.edu/1001/org/ochre/3cc1bc61-86c9-4af2-af53-eddaec50c485,Dataset 58
dwgid22858.jpg,missing in metadata,https://pi.lib.uchicago.edu/1001/org/ochre/20d22fc1-b23b-4e43-9d52-e7830d55c938,Dataset 58
dwgid22859.jpg,missing in metadata,https://pi.lib.uchicago.edu/1001/org/ochre/82dbd217-4ae8-456a-bb55-ea1f1471edf8,Dataset 58
dwgid22860.jpg,missing in metadata,https://pi.lib.uchicago.edu/1001/org/ochre/729534fd-de19-4a3e-92ea-7988edbb1964,Dataset 58
dwgid22861.jpg,missing in metadata,https://pi.lib.uchicago.edu/1001/org/ochre/f60b7612-16f5-48c7-bbcd-8402fb397ed2,Dataset 58
dwgid22862.jpg,missing in metadata,https://pi.lib.uchicago.edu/1001/org/ochre/f5ed4c24-a750-42de-8c43-0772017279fa,Dataset 58
dwgid22863.jpg,missing in metadata,https://pi.lib.uchicago.edu/1001/org/ochre/e31b8926-787e-4c94-a87f-aec0a5dc23ff,Dataset 58
dwgid22864.jpg,missing in metadata,https://pi.lib.uchicago.edu/1001/org/ochre/492d1c70-3d29-4606-98f9-b54335954957,Dataset 58
dwgid22865.jpg,missing in metadata,https://pi.lib.uchicago.edu/1001/org/ochre/14575355-4b6a-4b1d-ac0f-3eeb0c735e9d,Dataset 58
dwgid22866.jpg,missing in metadata,https://pi.lib.uchicago.edu/1001/org/ochre/81c19294-b2e5-4116-ad51-ed5dafd421a5,Dataset 58
dwgid22867.jpg,missing in metadata,https://pi.lib.uchicago.edu/1001/org/ochre/37e3189b-4d9a-4179-9af5-3462530fc0ee,Dataset 58
dwgid22868.jpg,missing in metadata,https://pi.lib.uchicago.edu/1001/org/ochre/a7563fef-3a5e-4a37-b64b-0e34c01c4095,Dataset 58
dwgid22869.jpg,missing in metadata,https://pi.lib.uchicago.edu/1001/org/ochre/ed501ed3-ff7e-4576-b1fb-41bc6e24e687,Dataset 58
dwgid2287.jpg,missing in metadata,https://pi.lib.uchicago.edu/1001/org/ochre/45272452-113a-d1dc-7ebf-cf4b740836fb,Dataset 58
dwgid22870.jpg,missing in metadata,https://pi.lib.uchicago.edu/1001/org/ochre/c11ed198-ee11-4742-a0dd-942feb5ede0c,Dataset 58
dwgid22871.jpg,missing in metadata,https://pi.lib.uchicago.edu/1001/org/ochre/19dfa546-310f-4b02-a22b-085dc38d36e5,Dataset 58
dwgid22872.jpg,missing in metadata,https://pi.lib.uchicago.edu/1001/org/ochre/a47e6199-4245-4f0e-b89b-65a85e6910df,Dataset 58
dwgid22873.jpg,missing in metadata,https://pi.lib.uchicago.edu/1001/org/ochre/a5847cfd-776a-4e46-9e8d-b279d76bf432,Dataset 58
dwgid22874.jpg,missing in metadata,https://pi.lib.uchicago.edu/1001/org/ochre/201a6b8f-2fe7-4a74-b2cb-76f690b761bc,Dataset 58
dwgid22875.jpg,missing in metadata,https://pi.lib.uchicago.edu/1001/org/ochre/08fe8d93-23a1-44c6-bb50-68be5bc34d12,Dataset 58
dwgid22876.jpg,missing in metadata,https://pi.lib.uchicago.edu/1001/org/ochre/8deb0dfb-5a93-46e3-974b-2c974def61f9,Dataset 58
dwgid22877.jpg,missing in metadata,https://pi.lib.uchicago.edu/1001/org/ochre/935c7cad-5da8-42f1-a5df-222b0e596399,Dataset 58
dwgid22878.jpg,missing in metadata,https://pi.lib.uchicago.edu/1001/org/ochre/971c748d-8df4-4475-9e84-b507737418b1,Dataset 58
dwgid22879.jpg,missing in metadata,https://pi.lib.uchicago.edu/1001/org/ochre/ea0fb054-948a-42e7-b653-0fa40f78d336,Dataset 58
dwgid22880.jpg,missing in metadata,https://pi.lib.uchicago.edu/1001/org/ochre/265cd206-0d61-4885-b5bc-b151380c6e9a,Dataset 58
dwgid22881.jpg,missing in metadata,https://pi.lib.uchicago.edu/1001/org/ochre/22b85437-708a-46bc-9f23-5d7ab0f48962,Dataset 58
dwgid22882.jpg,missing in metadata,https://pi.lib.uchicago.edu/1001/org/ochre/dbe17ab3-3269-4f7e-8af5-0386796f0055,Dataset 58
dwgid22883.jpg,missing in metadata,https://pi.lib.uchicago.edu/1001/org/ochre/838bdb57-f058-487a-89f3-1a65464825bc,Dataset 58
dwgid22884.jpg,missing in metadata,https://pi.lib.uchicago.edu/1001/org/ochre/149d2ac2-ac71-42c3-93f7-40f9475e89da,Dataset 58
dwgid22885.jpg,missing in metadata,https://pi.lib.uchicago.edu/1001/org/ochre/b50e787f-a965-4104-86fa-844275ee57ce,Dataset 58
dwgid22886.jpg,missing in metadata,https://pi.lib.uchicago.edu/1001/org/ochre/8c4a260d-ab73-45a7-9c4e-94a9b5ce01c0,Dataset 58
dwgid22887.jpg,missing in metadata,https://pi.lib.uchicago.edu/1001/org/ochre/0ad486d4-f12f-4667-a8fb-04b4abc19c6a,Dataset 58
dwgid22888.jpg,missing in metadata,https://pi.lib.uchicago.edu/1001/org/ochre/bae9746a-3f40-446e-ba76-7b06c3540df9,Dataset 58
dwgid22889.jpg,missing in metadata,https://pi.lib.uchicago.edu/1001/org/ochre/fb6c70d3-9e16-4824-957a-a58f733d99b9,Dataset 58
dwgid22890.jpg,missing in metadata,https://pi.lib.uchicago.edu/1001/org/ochre/f2bafa1a-2ee2-4b52-b409-301cedc92a6c,Dataset 58
dwgid22891.jpg,missing in metadata,https://pi.lib.uchicago.edu/1001/org/ochre/a491dd95-f2c2-4cea-b484-8ca837865e8f,Dataset 58
dwgid22892.jpg,missing in metadata,https://pi.lib.uchicago.edu/1001/org/ochre/fd533c99-c8f2-4fdf-8358-0435c2830c50,Dataset 58
dwgid22893.jpg,missing in metadata,https://pi.lib.uchicago.edu/1001/org/ochre/9fb2358e-549a-496a-9993-edc260dd0a43,Dataset 58
dwgid22894.jpg,missing in metadata,https://pi.lib.uchicago.edu/1001/org/ochre/9a8d0e95-3cc9-4f5b-972b-19e60cc1b4fe,Dataset 58
dwgid22895.jpg,missing in metadata,https://pi.lib.uchicago.edu/1001/org/ochre/f13d1da1-657f-4a5b-9cf8-feea1a8f4e71,Dataset 58
dwgid22896.jpg,missing in metadata,https://pi.lib.uchicago.edu/1001/org/ochre/c853181b-3e57-4f78-9ca8-e0be7ebc42d8,Dataset 58
dwgid22897.jpg,missing in metadata,https://pi.lib.uchicago.edu/1001/org/ochre/66ef2943-5f9e-4582-9f7b-44a2fbf62a9a,Dataset 58
dwgid22898.jpg,missing in metadata,https://pi.lib.uchicago.edu/1001/org/ochre/98a9b068-0d1e-40bb-a234-542bb4d3941c,Dataset 58
dwgid22899.jpg,missing in metadata,https://pi.lib.uchicago.edu/1001/org/ochre/a88337b9-5fa8-491e-b835-96653cfa6670,Dataset 58
dwgid22900.jpg,missing in metadata,https://pi.lib.uchicago.edu/1001/org/ochre/37c5f4a2-ef36-48b0-bf6d-75438eeb8328,Dataset 58
dwgid22901.jpg,missing in metadata,https://pi.lib.uchicago.edu/1001/org/ochre/5a20b01e-905b-4384-a0dd-74a876d0aee6,Dataset 58
dwgid22902.jpg,missing in metadata,https://pi.lib.uchicago.edu/1001/org/ochre/5078c7e4-ec37-42f4-9ab6-4f546289d762,Dataset 58
dwgid22903.jpg,missing in metadata,https://pi.lib.uchicago.edu/1001/org/ochre/118727ac-266c-499e-bd3c-020ed46d1ebd,Dataset 58
dwgid22904.jpg,missing in metadata,https://pi.lib.uchicago.edu/1001/org/ochre/d1448a2b-9d03-40b9-ad53-a627db913de4,Dataset 58
dwgid22905.jpg,missing in metadata,https://pi.lib.uchicago.edu/1001/org/ochre/6d38863b-656e-4f79-bfb5-1b63a8d218f2,Dataset 58
dwgid22906.jpg,missing in metadata,https://pi.lib.uchicago.edu/1001/org/ochre/8340ef28-22f4-4811-abd3-07af537ea59e,Dataset 58
dwgid22907.jpg,missing in metadata,https://pi.lib.uchicago.edu/1001/org/ochre/e81e2732-46d3-44ef-84cf-a659b439bd56,Dataset 58
dwgid22908.jpg,missing in metadata,https://pi.lib.uchicago.edu/1001/org/ochre/31088e2a-cc7e-4e81-8aa6-f8af9d90ca85,Dataset 58
dwgid22909.jpg,missing in metadata,https://pi.lib.uchicago.edu/1001/org/ochre/99f13080-b442-48b9-9bde-08a99c34688e,Dataset 58
dwgid22910.jpg,missing in metadata,https://pi.lib.uchicago.edu/1001/org/ochre/b2a44c34-1e9c-4cad-ac07-77069c3a7912,Dataset 58
dwgid22911.jpg,missing in metadata,https://pi.lib.uchicago.edu/1001/org/ochre/0e9d3ad5-0b53-42ec-adf8-ae84e90de190,Dataset 58
dwgid22912.jpg,missing in metadata,https://pi.lib.uchicago.edu/1001/org/ochre/add2666a-c683-4d99-95c0-7c4d18b5e818,Dataset 58
dwgid22913.jpg,missing in metadata,https://pi.lib.uchicago.edu/1001/org/ochre/7f0a4f06-0799-44df-b8a3-86b7077cba92,Dataset 58
dwgid22914.jpg,missing in metadata,https://pi.lib.uchicago.edu/1001/org/ochre/32ae8162-7ff1-4156-9e97-e4c6da5ae608,Dataset 58
dwgid22915.jpg,missing in metadata,https://pi.lib.uchicago.edu/1001/org/ochre/322edd3b-6d53-4a73-9326-85fb027f8e79,Dataset 58
dwgid22916.jpg,missing in metadata,https://pi.lib.uchicago.edu/1001/org/ochre/3752c4bb-a520-426d-ae2e-796f7e1962b1,Dataset 58
dwgid22917.jpg,missing in metadata,https://pi.lib.uchicago.edu/1001/org/ochre/c3477d2d-e515-40d7-9e1a-e2be6d852836,Dataset 58
dwgid22918.jpg,missing in metadata,https://pi.lib.uchicago.edu/1001/org/ochre/4ea55034-23a0-4833-85d0-51d38596bf04,Dataset 58
dwgid22919.jpg,missing in metadata,https://pi.lib.uchicago.edu/1001/org/ochre/fa78ad4f-6abc-4ce2-beb2-320b329b8a81,Dataset 58
dwgid22920.jpg,missing in metadata,https://pi.lib.uchicago.edu/1001/org/ochre/9899d017-97e3-4ff2-b9bf-461686bed8f4,Dataset 58
dwgid22921.jpg,missing in metadata,https://pi.lib.uchicago.edu/1001/org/ochre/d6fb83e6-9998-4962-bf63-10f0abf0dd1a,Dataset 58
dwgid22922.jpg,missing in metadata,https://pi.lib.uchicago.edu/1001/org/ochre/9de420e8-0339-4987-b122-b3c582ab61a6,Dataset 58
dwgid22923.jpg,missing in metadata,https://pi.lib.uchicago.edu/1001/org/ochre/0655a30a-98f2-43f3-872b-b8b0fb253221,Dataset 58
dwgid22924.jpg,missing in metadata,https://pi.lib.uchicago.edu/1001/org/ochre/16e85d3a-d9be-411d-86d8-d3e1c8d5f6ff,Dataset 58
dwgid22925.jpg,missing in metadata,https://pi.lib.uchicago.edu/1001/org/ochre/6c7fece5-08ba-403e-a7db-5aa713e99b2f,Dataset 58
dwgid22926.jpg,missing in metadata,https://pi.lib.uchicago.edu/1001/org/ochre/0f864e68-b4a3-4f31-818c-842bb48d52b2,Dataset 58
dwgid22927.jpg,missing in metadata,https://pi.lib.uchicago.edu/1001/org/ochre/5f9b702b-cfb0-4459-a620-add447ffe468,Dataset 58
dwgid22928.jpg,missing in metadata,https://pi.lib.uchicago.edu/1001/org/ochre/90485941-ac8f-4721-9941-dd91147bec55,Dataset 58
dwgid22929.jpg,missing in metadata,https://pi.lib.uchicago.edu/1001/org/ochre/adea14dd-69b6-4072-b91a-9cf8ab6a5dd7,Dataset 58
dwgid22930.jpg,missing in metadata,https://pi.lib.uchicago.edu/1001/org/ochre/006f8dac-24c5-463f-a62b-09b860b353af,Dataset 58
dwgid22931.jpg,missing in metadata,https://pi.lib.uchicago.edu/1001/org/ochre/628e4695-cc93-4375-aec6-c3f2c64fbbde,Dataset 58
dwgid22932.jpg,missing in metadata,https://pi.lib.uchicago.edu/1001/org/ochre/7efb3df3-f260-4cd1-b93e-0a03b5c752fa,Dataset 58
dwgid22933.jpg,missing in metadata,https://pi.lib.uchicago.edu/1001/org/ochre/4ba509d6-7d64-4b96-aa0e-bb55cbb68154,Dataset 58
dwgid22934.jpg,missing in metadata,https://pi.lib.uchicago.edu/1001/org/ochre/a00bbdcf-ac31-47db-b772-a681898f54dd,Dataset 58
dwgid22935.jpg,missing in metadata,https://pi.lib.uchicago.edu/1001/org/ochre/9ea05adc-684c-4b0d-b5f9-5ea2100a72cf,Dataset 58
dwgid22936.jpg,missing in metadata,https://pi.lib.uchicago.edu/1001/org/ochre/9d691c4d-fe73-4b80-bd16-066db8a88bfc,Dataset 58
dwgid22937.jpg,missing in metadata,https://pi.lib.uchicago.edu/1001/org/ochre/d03f580a-1e81-4438-a484-50f41cf2f27c,Dataset 58
dwgid22938.jpg,missing in metadata,https://pi.lib.uchicago.edu/1001/org/ochre/82c2b93c-9011-431c-bbe4-d05042d8219d,Dataset 58
dwgid22939.jpg,missing in metadata,https://pi.lib.uchicago.edu/1001/org/ochre/3a49eb2d-a9f7-41b1-b779-b6e38b38a6b5,Dataset 58
dwgid22940.jpg,missing in metadata,https://pi.lib.uchicago.edu/1001/org/ochre/350374cf-9340-423c-b444-ad0a6e891320,Dataset 58
dwgid22941.jpg,missing in metadata,https://pi.lib.uchicago.edu/1001/org/ochre/95098fe5-41ec-4c8e-ac8e-c9567689fa6e,Dataset 58
dwgid22942.jpg,missing in metadata,https://pi.lib.uchicago.edu/1001/org/ochre/0812f05e-1f1e-4391-912b-a37db21f3b4c,Dataset 58
dwgid22943.jpg,missing in metadata,https://pi.lib.uchicago.edu/1001/org/ochre/0c704549-c9f4-4d52-b8f0-e47f3b91c15a,Dataset 58
dwgid22944.jpg,missing in metadata,https://pi.lib.uchicago.edu/1001/org/ochre/d6e6022a-b199-442d-a4df-ae7b1febe00d,Dataset 58
dwgid22945.jpg,missing in metadata,https://pi.lib.uchicago.edu/1001/org/ochre/c0b8336f-dcb7-4416-871b-67f490db2903,Dataset 58
dwgid22946.jpg,missing in metadata,https://pi.lib.uchicago.edu/1001/org/ochre/29ce3e0b-49c4-47cf-a15b-b47f82e7379c,Dataset 58
dwgid22947.jpg,missing in metadata,https://pi.lib.uchicago.edu/1001/org/ochre/0b07746e-b300-4283-93d3-264b0a69cf5a,Dataset 58
dwgid22948.jpg,missing in metadata,https://pi.lib.uchicago.edu/1001/org/ochre/62814d3d-136c-4ec7-b330-c24017011587,Dataset 58
dwgid22949.jpg,missing in metadata,https://pi.lib.uchicago.edu/1001/org/ochre/a9eda995-5382-4f5f-8fae-9d9a70f220cc,Dataset 58
dwgid22950.jpg,missing in metadata,https://pi.lib.uchicago.edu/1001/org/ochre/0e2fd1c4-4291-4df1-a1d3-83f5a443f789,Dataset 58
dwgid22951.jpg,missing in metadata,https://pi.lib.uchicago.edu/1001/org/ochre/d5b8cc53-ecb9-42bb-8e0f-77ffc4f0a96f,Dataset 58
dwgid22953.jpg,missing in metadata,https://pi.lib.uchicago.edu/1001/org/ochre/7b85f37d-9641-4597-b9ce-7416a1fee370,Dataset 58
dwgid22956.jpg,missing in metadata,https://pi.lib.uchicago.edu/1001/org/ochre/d4f47e7a-cb86-4682-a74a-c1e6f0555fd1,Dataset 58
dwgid22957.jpg,missing in metadata,https://pi.lib.uchicago.edu/1001/org/ochre/c7de673e-ac9f-4c41-b74b-b597ccd6c8c2,Dataset 58
dwgid22958.jpg,missing in metadata,https://pi.lib.uchicago.edu/1001/org/ochre/462bda1f-2366-4296-a075-792629be7ff6,Dataset 58
dwgid22959.jpg,missing in metadata,https://pi.lib.uchicago.edu/1001/org/ochre/0e4fcda5-08c9-4deb-94d6-17e9e71102e2,Dataset 58
dwgid2296.jpg,missing in metadata,https://pi.lib.uchicago.edu/1001/org/ochre/da690195-55bf-bc51-163a-9ed30f844801,Dataset 58
dwgid22960.jpg,missing in metadata,https://pi.lib.uchicago.edu/1001/org/ochre/1b32a22b-f440-4950-8cc5-ba3c6174885a,Dataset 58
dwgid22961.jpg,missing in metadata,https://pi.lib.uchicago.edu/1001/org/ochre/6fcfd59b-40aa-4144-ab88-950503443614,Dataset 58
dwgid22962.jpg,missing in metadata,https://pi.lib.uchicago.edu/1001/org/ochre/9812f013-5059-4ff8-9f96-da49b8401b18,Dataset 58
dwgid22963.jpg,missing in metadata,https://pi.lib.uchicago.edu/1001/org/ochre/e30b8553-6cc6-4953-b9c0-e62668a06419,Dataset 58
dwgid22964.jpg,missing in metadata,https://pi.lib.uchicago.edu/1001/org/ochre/d82a0385-7c45-49ed-8a19-445018e3f40a,Dataset 58
dwgid22965.jpg,missing in metadata,https://pi.lib.uchicago.edu/1001/org/ochre/f85d2355-0b85-4d4e-9b99-ddcf7a3111a2,Dataset 58
dwgid22966.jpg,missing in metadata,https://pi.lib.uchicago.edu/1001/org/ochre/0a3ac864-e903-4b1e-af4a-20e7ffdbec64,Dataset 58
dwgid22967.jpg,missing in metadata,https://pi.lib.uchicago.edu/1001/org/ochre/a2fd7598-a575-4fc7-9d9e-a35e2dafbbf5,Dataset 58
dwgid22968.jpg,missing in metadata,https://pi.lib.uchicago.edu/1001/org/ochre/fb30ede6-17a2-4dce-a075-bc68a206a3e6,Dataset 58
dwgid22969.jpg,missing in metadata,https://pi.lib.uchicago.edu/1001/org/ochre/4940a8cc-13d1-4bf8-beea-a6fc64079383,Dataset 58
dwgid22970.jpg,missing in metadata,https://pi.lib.uchicago.edu/1001/org/ochre/f1f19365-7d6c-467d-9f5c-a916cb20709c,Dataset 58
dwgid22971.jpg,missing in metadata,https://pi.lib.uchicago.edu/1001/org/ochre/ddbf7d74-1efd-428a-a832-34c34f0e4cf5,Dataset 58
dwgid22972.jpg,missing in metadata,https://pi.lib.uchicago.edu/1001/org/ochre/2d865574-bc7c-4f53-86fb-c4b0895a066f,Dataset 58
dwgid22973.jpg,missing in metadata,https://pi.lib.uchicago.edu/1001/org/ochre/ba112d5c-1440-432d-ab63-db7b54d043fd,Dataset 58
dwgid22974.jpg,missing in metadata,https://pi.lib.uchicago.edu/1001/org/ochre/5dd77943-7dd0-4e6a-a932-510df48a9f61,Dataset 58
dwgid22975.jpg,missing in metadata,https://pi.lib.uchicago.edu/1001/org/ochre/950664d9-5675-4771-9335-bd21520a0bae,Dataset 58
dwgid22976.jpg,missing in metadata,https://pi.lib.uchicago.edu/1001/org/ochre/ff0cc4a3-f66f-4bbb-bd64-e55671bc9b09,Dataset 58
dwgid22977.jpg,missing in metadata,https://pi.lib.uchicago.edu/1001/org/ochre/7423c807-182f-4c1f-b51b-3bd9d7a7cf3a,Dataset 58
dwgid22978.jpg,missing in metadata,https://pi.lib.uchicago.edu/1001/org/ochre/c62796da-4e48-4aaa-8e0c-187bfce25f57,Dataset 58
dwgid22979.jpg,missing in metadata,https://pi.lib.uchicago.edu/1001/org/ochre/ddd134ea-c429-4566-8efc-f75af93f239c,Dataset 58
dwgid22980.jpg,missing in metadata,https://pi.lib.uchicago.edu/1001/org/ochre/91600ed0-e232-4f0b-a6c2-20ee9f731651,Dataset 58
dwgid22981.jpg,missing in metadata,https://pi.lib.uchicago.edu/1001/org/ochre/b2008c91-1638-49a4-86b8-78c70b3848c6,Dataset 58
dwgid22982.jpg,missing in metadata,https://pi.lib.uchicago.edu/1001/org/ochre/5cece531-ec8d-4149-8002-a00e0a8825ee,Dataset 58
dwgid22983.jpg,missing in metadata,https://pi.lib.uchicago.edu/1001/org/ochre/086b2ebe-1032-47d9-850e-cab546f8b5bb,Dataset 58
dwgid22984.jpg,missing in metadata,https://pi.lib.uchicago.edu/1001/org/ochre/c4696bbf-0d91-4a34-a278-ff0cb34f897d,Dataset 58
dwgid22985.jpg,missing in metadata,https://pi.lib.uchicago.edu/1001/org/ochre/62c041fa-1f97-4512-9adb-7af463b2185f,Dataset 58
dwgid22986.jpg,missing in metadata,https://pi.lib.uchicago.edu/1001/org/ochre/a15655fb-de9e-42f8-b2ef-79ba78e2c0c0,Dataset 58
dwgid22987.jpg,missing in metadata,https://pi.lib.uchicago.edu/1001/org/ochre/fa8edd27-d890-49b6-b195-43f8d00e3ea3,Dataset 58
dwgid23095.jpg,missing in metadata,https://pi.lib.uchicago.edu/1001/org/ochre/1065955e-31af-4837-ab1c-bd229f8b99e0,Dataset 58
dwgid23115.jpg,missing in metadata,https://pi.lib.uchicago.edu/1001/org/ochre/cb255d36-7939-448b-bdd3-9bd6868964e5,Dataset 58
dwgid23117.jpg,missing in metadata,https://pi.lib.uchicago.edu/1001/org/ochre/4f74dd4c-8aee-49b4-a328-7d476b16ea77,Dataset 58
dwgid2312.jpg,missing in metadata,https://pi.lib.uchicago.edu/1001/org/ochre/19b148de-373c-fb72-b0cc-468d69301e37,Dataset 58
dwgid2313.jpg,missing in metadata,https://pi.lib.uchicago.edu/1001/org/ochre/f5e3b1b5-3692-9887-8aa5-9844b9144ac5,Dataset 58
dwgid2317.jpg,missing in metadata,https://pi.lib.uchicago.edu/1001/org/ochre/3e740581-46e7-8652-c4fb-2ab8f819ec9d,Dataset 58
dwgid2319.jpg,missing in metadata,https://pi.lib.uchicago.edu/1001/org/ochre/e73813bd-46bf-8cac-94ff-f937bf8884c7,Dataset 58
dwgid23236.jpg,missing in metadata,https://pi.lib.uchicago.edu/1001/org/ochre/2c888fa8-ff81-4df6-a610-2d48cd5a8045,Dataset 58
dwgid23238.jpg,missing in metadata,https://pi.lib.uchicago.edu/1001/org/ochre/c9fc943b-5a83-4b7a-ace2-a2fa7e5aee17,Dataset 58
dwgid23246.jpg,missing in metadata,https://pi.lib.uchicago.edu/1001/org/ochre/9b6b1172-0e28-474a-be8a-3e619736e89a,Dataset 58
dwgid2325.jpg,missing in metadata,https://pi.lib.uchicago.edu/1001/org/ochre/5008364c-1ea0-12c8-6dff-757c622e51e3,Dataset 58
dwgid23273.jpg,missing in metadata,https://pi.lib.uchicago.edu/1001/org/ochre/f3c059b5-4acd-4b56-b318-42cb50c14f15,Dataset 58
dwgid23274.jpg,missing in metadata,https://pi.lib.uchicago.edu/1001/org/ochre/150183f3-0892-41aa-bf17-2b76826a2a3a,Dataset 58
dwgid23275.jpg,missing in metadata,https://pi.lib.uchicago.edu/1001/org/ochre/ab039fd2-050c-4943-8fd7-2002cedd4b92,Dataset 58
dwgid23276.jpg,missing in metadata,https://pi.lib.uchicago.edu/1001/org/ochre/a202787c-3edc-4009-805b-d3ad7a91469b,Dataset 58
dwgid23277.jpg,missing in metadata,https://pi.lib.uchicago.edu/1001/org/ochre/4e4b2735-ca02-4898-93e1-f8b910c06f0c,Dataset 58
dwgid23278.jpg,missing in metadata,https://pi.lib.uchicago.edu/1001/org/ochre/68c15670-e7ac-47f7-bc3c-d39eb348448d,Dataset 58
dwgid23279.jpg,missing in metadata,https://pi.lib.uchicago.edu/1001/org/ochre/0c9e4232-5b15-40a4-9523-04bad34d6362,Dataset 58
dwgid23280.jpg,missing in metadata,https://pi.lib.uchicago.edu/1001/org/ochre/f01f3a8f-e7bd-4ac6-be64-b34fcf7b758c,Dataset 58
dwgid23293.jpg,missing in metadata,https://pi.lib.uchicago.edu/1001/org/ochre/01a158bd-fb05-4810-8003-5f3b5d5ec036,Dataset 58
dwgid23294.jpg,missing in metadata,https://pi.lib.uchicago.edu/1001/org/ochre/254166de-5ca5-4a9a-8edb-c569288f7754,Dataset 58
dwgid23304.jpg,missing in metadata,https://pi.lib.uchicago.edu/1001/org/ochre/02ae419f-9082-4826-acb2-18781a279acb,Dataset 58
dwgid23306.jpg,missing in metadata,https://pi.lib.uchicago.edu/1001/org/ochre/1e5747e5-9dd9-4793-b761-3851b6f7be82,Dataset 58
dwgid23308.jpg,missing in metadata,https://pi.lib.uchicago.edu/1001/org/ochre/60437163-4ce0-455a-affb-8c39bfa484f0,Dataset 58
dwgid23309.jpg,missing in metadata,https://pi.lib.uchicago.edu/1001/org/ochre/66314aca-447d-41bd-87f8-94523033f53b,Dataset 58
dwgid2331.jpg,missing in metadata,https://pi.lib.uchicago.edu/1001/org/ochre/d59c69f4-9646-d1c8-72af-b5c5441f2e0f,Dataset 58
dwgid23310.jpg,missing in metadata,https://pi.lib.uchicago.edu/1001/org/ochre/0434efe0-7d5e-4dad-8238-e3d76d0bec19,Dataset 58
dwgid2355.jpg,missing in metadata,https://pi.lib.uchicago.edu/1001/org/ochre/15382968-e5cd-93e0-6f57-fc6326f58a3d,Dataset 58
dwgid2357.jpg,missing in metadata,https://pi.lib.uchicago.edu/1001/org/ochre/07fa5556-946c-bed9-a9a1-04f967d0134c,Dataset 58
dwgid2358.jpg,missing in metadata,https://pi.lib.uchicago.edu/1001/org/ochre/af1dba69-9d5e-2d9c-e86f-6e20284f87e3,Dataset 58
dwgid2367.jpg,missing in metadata,https://pi.lib.uchicago.edu/1001/org/ochre/b2b9f9bd-d706-41eb-9b62-60b4abd8d394,Dataset 58
dwgid2373.jpg,missing in metadata,https://pi.lib.uchicago.edu/1001/org/ochre/130ee03e-12f3-4d3a-5434-08c135c15d3f,Dataset 58
dwgid24046.jpg,missing in metadata,https://pi.lib.uchicago.edu/1001/org/ochre/1e834d89-6800-491b-b174-59f887a249e0,Dataset 58
dwgid2411.jpg,missing in metadata,https://pi.lib.uchicago.edu/1001/org/ochre/91130725-b39c-8011-7bb1-72d47775a1e2,Dataset 58
dwgid2435.jpg,missing in metadata,https://pi.lib.uchicago.edu/1001/org/ochre/b4a9e032-69d5-8b22-96e2-882d9191ced3,Dataset 58
dwgid2436.jpg,missing in metadata,https://pi.lib.uchicago.edu/1001/org/ochre/725e2963-35c0-14b5-6b2b-8ce72da6448c,Dataset 58
dwgid2437.jpg,missing in metadata,https://pi.lib.uchicago.edu/1001/org/ochre/568dbd38-6686-d227-97c1-ba0b2de8cd41,Dataset 58
dwgid2457.jpg,missing in metadata,https://pi.lib.uchicago.edu/1001/org/ochre/294448e2-be69-316a-8b94-ad03bb3f864f,Dataset 58
dwgid2469.jpg,missing in metadata,https://pi.lib.uchicago.edu/1001/org/ochre/c8738645-3cfc-5ea8-8cca-8169f65d92c8,Dataset 58
dwgid2470.jpg,missing in metadata,https://pi.lib.uchicago.edu/1001/org/ochre/427186fc-ff0e-46f3-6cad-307024ecef0d,Dataset 58
dwgid2480.jpg,missing in metadata,https://pi.lib.uchicago.edu/1001/org/ochre/c6c8f37d-decc-b1c0-0ae1-bd576ef3ceb3,Dataset 58
dwgid2484.jpg,missing in metadata,https://pi.lib.uchicago.edu/1001/org/ochre/04ed9b87-391d-5447-4732-3bb204ad1dd5,Dataset 58
dwgid2501.jpg,missing in metadata,https://pi.lib.uchicago.edu/1001/org/ochre/7ad87fe0-67ae-f50e-c67d-c2e39923d517,Dataset 58
dwgid2526.jpg,missing in metadata,https://pi.lib.uchicago.edu/1001/org/ochre/88272acb-8edc-09fd-55f4-41db7e897015,Dataset 58
dwgid25379.jpg,missing in metadata,https://pi.lib.uchicago.edu/1001/org/ochre/c24d9114-e9e4-474a-a1bb-fadb691fd0a9,Dataset 58
dwgid2549.jpg,missing in metadata,https://pi.lib.uchicago.edu/1001/org/ochre/f9ae8cd7-8003-0a2c-d70f-507fb9e602a9,Dataset 58
dwgid2550.jpg,missing in metadata,https://pi.lib.uchicago.edu/1001/org/ochre/1fa2684f-19a3-4627-fded-4cbf6aff6e9c,Dataset 58
dwgid2569.jpg,missing in metadata,https://pi.lib.uchicago.edu/1001/org/ochre/a04eb8d9-9be9-d9dd-7360-95a01e3e45fd,Dataset 58
dwgid25844.jpg,missing in metadata,https://pi.lib.uchicago.edu/1001/org/ochre/c8cc574e-ad1e-43c6-b919-ce6d2e1269aa,Dataset 58
dwgid2587.jpg,missing in metadata,https://pi.lib.uchicago.edu/1001/org/ochre/c77e1b96-1023-bb4c-40df-30452c0e40a7,Dataset 58
dwgid2602.jpg,missing in metadata,https://pi.lib.uchicago.edu/1001/org/ochre/1188afaf-3b6f-a96a-fd79-7dcc14521492,Dataset 58
dwgid26046.jpg,missing in metadata,https://pi.lib.uchicago.edu/1001/org/ochre/5fd79857-f0ed-44b2-88f2-8f0bc85bda2c,Dataset 58
dwgid2620.jpg,missing in metadata,https://pi.lib.uchicago.edu/1001/org/ochre/51f0f80f-40e3-c842-cccf-1abddc1118a4,Dataset 58
dwgid2621.jpg,missing in metadata,https://pi.lib.uchicago.edu/1001/org/ochre/64dfa06f-e34c-1821-5c5f-dc634bd9a00b,Dataset 58
dwgid2630.jpg,missing in metadata,https://pi.lib.uchicago.edu/1001/org/ochre/74dfcf5f-cdb3-c5a1-c55b-f94adebf3f6c,Dataset 58
dwgid2633.jpg,missing in metadata,https://pi.lib.uchicago.edu/1001/org/ochre/e88e9314-6c39-1c3d-ba47-71a44ad3b020,Dataset 58
dwgid26372.jpg,missing in metadata,https://pi.lib.uchicago.edu/1001/org/ochre/85300470-b08e-419b-997c-c66a54dffc1a,Dataset 58
dwgid2639.jpg,missing in metadata,https://pi.lib.uchicago.edu/1001/org/ochre/b549f61b-4abb-efe6-9823-5e9cbb6c1236,Dataset 58
dwgid2649.jpg,missing in metadata,https://pi.lib.uchicago.edu/1001/org/ochre/5a12390a-ae36-dc26-fa7d-ada89d0d0113,Dataset 58
dwgid2690.jpg,missing in metadata,https://pi.lib.uchicago.edu/1001/org/ochre/44ecce29-b1d2-8de1-fbbe-48a509e29b2d,Dataset 58
dwgid2700.jpg,missing in metadata,https://pi.lib.uchicago.edu/1001/org/ochre/a29df6a3-c8c6-dc33-9053-5b58663d912b,Dataset 58
dwgid2701.jpg,missing in metadata,https://pi.lib.uchicago.edu/1001/org/ochre/de01e0cc-b524-a019-166d-9a6fba55768a,Dataset 58
dwgid2702.jpg,missing in metadata,https://pi.lib.uchicago.edu/1001/org/ochre/42597c4d-7cf7-f422-5e1b-40737143ae51,Dataset 58
dwgid2703.jpg,missing in metadata,https://pi.lib.uchicago.edu/1001/org/ochre/8becfc79-1906-b4b5-a394-d30a35c9a494,Dataset 58
dwgid2736.jpg,missing in metadata,https://pi.lib.uchicago.edu/1001/org/ochre/63e87919-a914-70ce-5adf-46a67cd8ac3c,Dataset 58
dwgid2754.jpg,missing in metadata,https://pi.lib.uchicago.edu/1001/org/ochre/3de90787-b36d-e3c2-d163-9d7537989658,Dataset 58
dwgid2771.jpg,missing in metadata,https://pi.lib.uchicago.edu/1001/org/ochre/1e859871-14cb-a42e-6192-bf86081c008f,Dataset 58
dwgid27711.jpg,missing in metadata,https://pi.lib.uchicago.edu/1001/org/ochre/d5dcc092-f1e0-4f1b-b8ba-7a43f4d9cf7a,Dataset 58
dwgid2782.jpg,missing in metadata,https://pi.lib.uchicago.edu/1001/org/ochre/22e88288-0ca2-1a6e-0bdc-0795d0532816,Dataset 58
dwgid2793.jpg,missing in metadata,https://pi.lib.uchicago.edu/1001/org/ochre/86506dfc-f00e-23b8-b105-d8ed361392eb,Dataset 58
dwgid2812.jpg,missing in metadata,https://pi.lib.uchicago.edu/1001/org/ochre/0eb54dfd-f016-4e47-446a-960e747f2ea2,Dataset 58
dwgid28257.jpg,missing in metadata,https://pi.lib.uchicago.edu/1001/org/ochre/4b4edec0-20f6-477a-9afa-982c2f2682e1,Dataset 58
dwgid2853.jpg,missing in metadata,https://pi.lib.uchicago.edu/1001/org/ochre/dbe43463-eea6-2500-2619-e1bd8a3f1a65,Dataset 58
dwgid2855.jpg,missing in metadata,https://pi.lib.uchicago.edu/1001/org/ochre/776768f7-6bd3-a529-abfe-96698188e3c5,Dataset 58
dwgid2856.jpg,missing in metadata,https://pi.lib.uchicago.edu/1001/org/ochre/3ea3801e-3e7c-5e48-3938-01e1a75a41a6,Dataset 58
dwgid2857.jpg,missing in metadata,https://pi.lib.uchicago.edu/1001/org/ochre/a5a762fd-db50-a75c-69ba-8814351b60c6,Dataset 58
dwgid2858.jpg,missing in metadata,https://pi.lib.uchicago.edu/1001/org/ochre/ad9d0922-e5b1-fd8d-78cb-de95f89e9f39,Dataset 58
dwgid2859.jpg,missing in metadata,https://pi.lib.uchicago.edu/1001/org/ochre/e7bac666-0f8d-151a-a9f1-f14a421c89d0,Dataset 58
dwgid2886.jpg,missing in metadata,https://pi.lib.uchicago.edu/1001/org/ochre/73bf96de-fa0d-78be-ecfd-a83d909235dc,Dataset 58
dwgid2890.jpg,missing in metadata,https://pi.lib.uchicago.edu/1001/org/ochre/0a6dabee-5b79-dece-a9ba-5b7f3099fa44,Dataset 58
dwgid2903.jpg,missing in metadata,https://pi.lib.uchicago.edu/1001/org/ochre/87e0aebf-f327-9806-fe59-ca5397b54590,Dataset 58
dwgid2917.jpg,missing in metadata,https://pi.lib.uchicago.edu/1001/org/ochre/0a6d3223-121e-7b60-87db-b750035c5273,Dataset 58
dwgid2929.jpg,missing in metadata,https://pi.lib.uchicago.edu/1001/org/ochre/3041548d-e7cf-a259-9a4e-709745f03bcb,Dataset 58
dwgid2930.jpg,missing in metadata,https://pi.lib.uchicago.edu/1001/org/ochre/652aace9-609c-6080-7aaf-6ba736a3737e,Dataset 58
dwgid2931.jpg,missing in metadata,https://pi.lib.uchicago.edu/1001/org/ochre/c3128d62-d940-6b3b-1794-fb522e3fdeb8,Dataset 58
dwgid2932.jpg,missing in metadata,https://pi.lib.uchicago.edu/1001/org/ochre/7aab7f9e-0211-48f7-18ce-96f664217f2c,Dataset 58
dwgid2933.jpg,missing in metadata,https://pi.lib.uchicago.edu/1001/org/ochre/8e5c9de8-aaa7-78ec-b657-0310ea434d44,Dataset 58
dwgid29337.jpg,missing in metadata,https://pi.lib.uchicago.edu/1001/org/ochre/928aaede-b2ff-45fb-9d88-57b62f5e00ad,Dataset 58
dwgid2939.jpg,missing in metadata,https://pi.lib.uchicago.edu/1001/org/ochre/14cb603a-2536-9c49-e7ab-d4a58c62073b,Dataset 58
dwgid2945.jpg,missing in metadata,https://pi.lib.uchicago.edu/1001/org/ochre/ae5a35d7-2c07-9216-dbbb-c1fcf987b95e,Dataset 58
dwgid2968.jpg,missing in metadata,https://pi.lib.uchicago.edu/1001/org/ochre/5b3a2986-f2af-2db0-ac99-299aad272403,Dataset 58
dwgid29724.jpg,missing in metadata,https://pi.lib.uchicago.edu/1001/org/ochre/22f4e285-0732-421e-b069-a6a830cc3592,Dataset 58
dwgid29725.jpg,missing in metadata,https://pi.lib.uchicago.edu/1001/org/ochre/66e68817-367d-4687-822f-a88334d98175,Dataset 58
dwgid29726.jpg,missing in metadata,https://pi.lib.uchicago.edu/1001/org/ochre/bd2fd46a-f7e6-4067-9de0-48a46d0186de,Dataset 58
dwgid29727.jpg,missing in metadata,https://pi.lib.uchicago.edu/1001/org/ochre/85c9aaf1-2b1f-4e53-8ff2-fff9632cb8bc,Dataset 58
dwgid29728.jpg,missing in metadata,https://pi.lib.uchicago.edu/1001/org/ochre/259b96ed-a087-4f9b-98e4-e8ba522627bc,Dataset 58
dwgid29729.jpg,missing in metadata,https://pi.lib.uchicago.edu/1001/org/ochre/bdaf099f-a10d-488a-9930-6e4f8555b5ec,Dataset 58
dwgid29730.jpg,missing in metadata,https://pi.lib.uchicago.edu/1001/org/ochre/b1a41c74-f215-49ff-af72-3ec7fcccdcb2,Dataset 58
dwgid29731.jpg,missing in metadata,https://pi.lib.uchicago.edu/1001/org/ochre/2b84e9e5-1a51-45c4-b146-e6cc0e37a60c,Dataset 58
dwgid29732.jpg,missing in metadata,https://pi.lib.uchicago.edu/1001/org/ochre/f59d73ee-20d9-472c-bf4a-e4a377d2898b,Dataset 58
dwgid29733.jpg,missing in metadata,https://pi.lib.uchicago.edu/1001/org/ochre/7616bb32-e325-4b97-b9f0-483c94e244db,Dataset 58
dwgid29734.jpg,missing in metadata,https://pi.lib.uchicago.edu/1001/org/ochre/34fe8a8d-97d1-4b9d-afbb-66cb078a20cb,Dataset 58
dwgid29735.jpg,missing in metadata,https://pi.lib.uchicago.edu/1001/org/ochre/ea46359b-cfcc-4bbc-b3cd-c73c9eb38fcf,Dataset 58
dwgid29736.jpg,missing in metadata,https://pi.lib.uchicago.edu/1001/org/ochre/075b6f1e-b258-4a31-a202-44b7e87c6d0b,Dataset 58
dwgid29737.jpg,missing in metadata,https://pi.lib.uchicago.edu/1001/org/ochre/d12426b4-87a5-4074-ad4e-310dcedd68ae,Dataset 58
dwgid29738.jpg,missing in metadata,https://pi.lib.uchicago.edu/1001/org/ochre/35638733-9bb4-42d2-89ce-5e9d213d4d91,Dataset 58
dwgid29739.jpg,missing in metadata,https://pi.lib.uchicago.edu/1001/org/ochre/9e61539d-2510-4228-b535-3db4d03483a8,Dataset 58
dwgid29740.jpg,missing in metadata,https://pi.lib.uchicago.edu/1001/org/ochre/a67d0fae-30e7-48bb-bb2d-1f05589ad5b7,Dataset 58
dwgid29741.jpg,missing in metadata,https://pi.lib.uchicago.edu/1001/org/ochre/a646d624-7f50-472b-85a9-962c95c5824a,Dataset 58
dwgid29742.jpg,missing in metadata,https://pi.lib.uchicago.edu/1001/org/ochre/a8e949e0-6abe-406e-90ea-7f9c4a74c950,Dataset 58
dwgid29743.jpg,missing in metadata,https://pi.lib.uchicago.edu/1001/org/ochre/f360aae3-b776-45b0-a0be-2ad53be19ed6,Dataset 58
dwgid29744.jpg,missing in metadata,https://pi.lib.uchicago.edu/1001/org/ochre/67deee11-841a-4632-83ba-05115bff9580,Dataset 58
dwgid29745.jpg,missing in metadata,https://pi.lib.uchicago.edu/1001/org/ochre/64923a6e-90ae-4a56-895d-3fe54c78a1a1,Dataset 58
dwgid29746.jpg,missing in metadata,https://pi.lib.uchicago.edu/1001/org/ochre/39d7732b-578b-4daf-b687-8b3b9109ef21,Dataset 58
dwgid29747.jpg,missing in metadata,https://pi.lib.uchicago.edu/1001/org/ochre/69b7eec8-9c3a-491a-a321-b87523c7b36a,Dataset 58
dwgid29748.jpg,missing in metadata,https://pi.lib.uchicago.edu/1001/org/ochre/0f93c0d8-dca3-456a-ab8f-6a162b1b2fa0,Dataset 58
dwgid29749.jpg,missing in metadata,https://pi.lib.uchicago.edu/1001/org/ochre/56c674a3-10d8-4813-b0dd-4113de185e7e,Dataset 58
dwgid29750.jpg,missing in metadata,https://pi.lib.uchicago.edu/1001/org/ochre/42260af8-e560-4883-acdc-ea450958472f,Dataset 58
dwgid29751.jpg,missing in metadata,https://pi.lib.uchicago.edu/1001/org/ochre/9156f386-fd61-4f7f-9d88-2a1cc4ee44f7,Dataset 58
dwgid29752.jpg,missing in metadata,https://pi.lib.uchicago.edu/1001/org/ochre/e4f810f5-70d1-4d7c-ae30-098c1b2fee15,Dataset 58
dwgid29753.jpg,missing in metadata,https://pi.lib.uchicago.edu/1001/org/ochre/2eac0908-c59b-4953-a170-e079a16f52bb,Dataset 58
dwgid29754.jpg,missing in metadata,https://pi.lib.uchicago.edu/1001/org/ochre/4504154d-bb14-4df7-aac6-6c852a42e86e,Dataset 58
dwgid29755.jpg,missing in metadata,https://pi.lib.uchicago.edu/1001/org/ochre/cd700f63-17d8-41d3-9679-ec4d2397150a,Dataset 58
dwgid29756.jpg,missing in metadata,https://pi.lib.uchicago.edu/1001/org/ochre/6fb8f28a-00c1-4926-92d4-a50f867f7846,Dataset 58
dwgid29757.jpg,missing in metadata,https://pi.lib.uchicago.edu/1001/org/ochre/edf4d23c-756a-431c-a90f-d86cbd101bd6,Dataset 58
dwgid29758.jpg,missing in metadata,https://pi.lib.uchicago.edu/1001/org/ochre/2fd023b2-d9ca-4a4a-93ae-50057145d196,Dataset 58
dwgid29759.jpg,missing in metadata,https://pi.lib.uchicago.edu/1001/org/ochre/9044ce03-c924-41ba-929b-4cdf1c6c2237,Dataset 58
dwgid29760.jpg,missing in metadata,https://pi.lib.uchicago.edu/1001/org/ochre/dc408585-7b8b-4b79-ba81-8e6c513b868d,Dataset 58
dwgid29761.jpg,missing in metadata,https://pi.lib.uchicago.edu/1001/org/ochre/f63e56ea-6a21-4d03-a1b5-ef7af200e0a2,Dataset 58
dwgid29762.jpg,missing in metadata,https://pi.lib.uchicago.edu/1001/org/ochre/9a6163db-0833-4b88-8f3b-173bb4be2f10,Dataset 58
dwgid29763.jpg,missing in metadata,https://pi.lib.uchicago.edu/1001/org/ochre/d842e183-2147-4381-8d97-01ee005c6ffa,Dataset 58
dwgid29764.jpg,missing in metadata,https://pi.lib.uchicago.edu/1001/org/ochre/2c5e0d53-e370-4138-902c-9c7cd614874e,Dataset 58
dwgid29765.jpg,missing in metadata,https://pi.lib.uchicago.edu/1001/org/ochre/bd48ae65-59d6-4766-af72-033f8ed7999e,Dataset 58
dwgid29766.jpg,missing in metadata,https://pi.lib.uchicago.edu/1001/org/ochre/86c93158-a66c-42f2-8d1b-564e6f3fa07b,Dataset 58
dwgid29767.jpg,missing in metadata,https://pi.lib.uchicago.edu/1001/org/ochre/eb415011-0ddf-4139-8bcd-92139e95abd7,Dataset 58
dwgid29768.jpg,missing in metadata,https://pi.lib.uchicago.edu/1001/org/ochre/a4662e41-b978-402a-a4c7-c76fb3b153ca,Dataset 58
dwgid29769.jpg,missing in metadata,https://pi.lib.uchicago.edu/1001/org/ochre/c9e7c6f5-ff3b-4d47-95b9-877124da76a4,Dataset 58
dwgid29770.jpg,missing in metadata,https://pi.lib.uchicago.edu/1001/org/ochre/96fe423a-cd99-4ecd-a71f-c3a612da5d6a,Dataset 58
dwgid29771.jpg,missing in metadata,https://pi.lib.uchicago.edu/1001/org/ochre/0d8aec93-5620-4ad9-9ef9-a313aeec5029,Dataset 58
dwgid29772.jpg,missing in metadata,https://pi.lib.uchicago.edu/1001/org/ochre/43ea6bb4-d800-40a7-9be0-fe6fb8f54990,Dataset 58
dwgid29773.jpg,missing in metadata,https://pi.lib.uchicago.edu/1001/org/ochre/57540be5-af99-48e6-941a-0b1a85870efa,Dataset 58
dwgid29774.jpg,missing in metadata,https://pi.lib.uchicago.edu/1001/org/ochre/9df8a117-feac-428b-ac18-da5ebc936251,Dataset 58
dwgid29775.jpg,missing in metadata,https://pi.lib.uchicago.edu/1001/org/ochre/e04c07dd-2715-4a1c-b50a-66b13a641296,Dataset 58
dwgid29776.jpg,missing in metadata,https://pi.lib.uchicago.edu/1001/org/ochre/8b52f96f-52b3-4674-aa6e-f3945e62ee97,Dataset 58
dwgid29777.jpg,missing in metadata,https://pi.lib.uchicago.edu/1001/org/ochre/b56212f0-2039-4971-8ec7-f2ae175f6e5f,Dataset 58
dwgid29778.jpg,missing in metadata,https://pi.lib.uchicago.edu/1001/org/ochre/626749cf-2702-4867-862c-39d2e5c569d2,Dataset 58
dwgid29779.jpg,missing in metadata,https://pi.lib.uchicago.edu/1001/org/ochre/98b5d8ad-3397-48d9-b333-8bf2008d2cdc,Dataset 58
dwgid2982.jpg,missing in metadata,https://pi.lib.uchicago.edu/1001/org/ochre/5f366721-76ae-2267-4ede-0b2aa87abee5,Dataset 58
dwgid3003.jpg,missing in metadata,https://pi.lib.uchicago.edu/1001/org/ochre/6ffc113b-3a90-1bf3-0ca5-53c3066534d9,Dataset 58
dwgid3005.jpg,missing in metadata,https://pi.lib.uchicago.edu/1001/org/ochre/d6a9bad9-01e4-c97a-ed8c-2ab3773fa9a7,Dataset 58
dwgid3006.jpg,missing in metadata,https://pi.lib.uchicago.edu/1001/org/ochre/d39e7e16-a9bd-6588-fc6f-430409850d82,Dataset 58
dwgid3008.jpg,missing in metadata,https://pi.lib.uchicago.edu/1001/org/ochre/0de7ec1f-0092-4635-1a7d-3e5156dec155,Dataset 58
dwgid3015.jpg,missing in metadata,https://pi.lib.uchicago.edu/1001/org/ochre/36a59043-3403-d15e-c4a7-f2a89d4bde0f,Dataset 58
dwgid3027.jpg,missing in metadata,https://pi.lib.uchicago.edu/1001/org/ochre/b0095007-c3b7-d933-ad2c-da921f1e6dfa,Dataset 58
dwgid3033.jpg,missing in metadata,https://pi.lib.uchicago.edu/1001/org/ochre/92bc8eaa-7c7e-e139-002f-4839013fcc5f,Dataset 58
dwgid3034.jpg,missing in metadata,https://pi.lib.uchicago.edu/1001/org/ochre/fd20cdd5-98a5-1b76-57e6-0b661ec4b731,Dataset 58
dwgid3038.jpg,missing in metadata,https://pi.lib.uchicago.edu/1001/org/ochre/9c2a20f4-bec4-ffe3-99a7-990f0eaaafd5,Dataset 58
dwgid3039.jpg,missing in metadata,https://pi.lib.uchicago.edu/1001/org/ochre/150d79a7-688f-b787-675f-5b0cce76a440,Dataset 58
dwgid3040.jpg,missing in metadata,https://pi.lib.uchicago.edu/1001/org/ochre/0bf13eb5-ea66-83ea-8e5b-8e27bf71f9a8,Dataset 58
dwgid3053.jpg,missing in metadata,https://pi.lib.uchicago.edu/1001/org/ochre/1dea785b-cc0d-6115-d0bc-a18d7b592e6f,Dataset 58
dwgid3058.jpg,missing in metadata,https://pi.lib.uchicago.edu/1001/org/ochre/2f2f7de9-6fb0-82d6-576b-12710b9ff38d,Dataset 58
dwgid3059.jpg,missing in metadata,https://pi.lib.uchicago.edu/1001/org/ochre/ff7a63b8-4580-72e1-69a1-d81b43d78513,Dataset 58
dwgid3060.jpg,missing in metadata,https://pi.lib.uchicago.edu/1001/org/ochre/3f9becf6-b3e0-d0a7-2bb4-52f37f34463c,Dataset 58
dwgid3061.jpg,missing in metadata,https://pi.lib.uchicago.edu/1001/org/ochre/341cf696-f635-cf29-8b16-b37047c70267,Dataset 58
dwgid3062.jpg,missing in metadata,https://pi.lib.uchicago.edu/1001/org/ochre/d6bad343-fcef-8ed8-8967-efec63854fe7,Dataset 58
dwgid3063.jpg,missing in metadata,https://pi.lib.uchicago.edu/1001/org/ochre/509a8d84-383b-64da-ad59-0c8973a9c29e,Dataset 58
dwgid3064.jpg,missing in metadata,https://pi.lib.uchicago.edu/1001/org/ochre/8f38ff79-954f-3377-503a-2c3be3d333fe,Dataset 58
dwgid3065.jpg,missing in metadata,https://pi.lib.uchicago.edu/1001/org/ochre/41b18a67-8e19-d6fe-a389-a7b04433bd00,Dataset 58
dwgid3066.jpg,missing in metadata,https://pi.lib.uchicago.edu/1001/org/ochre/4f7a6a9b-0803-05be-81c1-ef44f16a2567,Dataset 58
dwgid3067.jpg,missing in metadata,https://pi.lib.uchicago.edu/1001/org/ochre/4492c5bf-c7b4-af6e-0382-537bf0da54d2,Dataset 58
dwgid3068.jpg,missing in metadata,https://pi.lib.uchicago.edu/1001/org/ochre/fcc57212-3952-5d4b-91e7-8ab6f6822001,Dataset 58
dwgid3069.jpg,missing in metadata,https://pi.lib.uchicago.edu/1001/org/ochre/06452ce5-7432-17a8-43a8-a7dfbd4f1cff,Dataset 58
dwgid3070.jpg,missing in metadata,https://pi.lib.uchicago.edu/1001/org/ochre/76bfd8a7-9789-ce64-1def-9030700d2e24,Dataset 58
dwgid3071.jpg,missing in metadata,https://pi.lib.uchicago.edu/1001/org/ochre/8dd31ac7-bce7-2cf2-f7e9-e22f1c58dd98,Dataset 58
dwgid3072.jpg,missing in metadata,https://pi.lib.uchicago.edu/1001/org/ochre/97d7db64-c31d-fbec-8726-ca57badb11a5,Dataset 58
dwgid3073.jpg,missing in metadata,https://pi.lib.uchicago.edu/1001/org/ochre/25ef0a0f-6c7e-3d84-01c5-6a0afcfda837,Dataset 58
dwgid3074.jpg,missing in metadata,https://pi.lib.uchicago.edu/1001/org/ochre/d707ced4-47fa-2e85-5fd7-cf796c741b1c,Dataset 58
dwgid3075.jpg,missing in metadata,https://pi.lib.uchicago.edu/1001/org/ochre/a62000db-6d0f-275e-2542-eadfae2a7e8f,Dataset 58
dwgid3096.jpg,missing in metadata,https://pi.lib.uchicago.edu/1001/org/ochre/33f671db-cc86-b714-e38f-3564a0088195,Dataset 58
dwgid3129.jpg,missing in metadata,https://pi.lib.uchicago.edu/1001/org/ochre/e8adbf3b-e2be-4b23-df9a-130da6caead2,Dataset 58
dwgid3159.jpg,missing in metadata,https://pi.lib.uchicago.edu/1001/org/ochre/52441251-9fe2-6682-a773-c39bfd53eb4b,Dataset 58
dwgid3160.jpg,missing in metadata,https://pi.lib.uchicago.edu/1001/org/ochre/d443db6c-788e-890f-67bc-bb90fc57745a,Dataset 58
dwgid3161.jpg,missing in metadata,https://pi.lib.uchicago.edu/1001/org/ochre/c16a4b51-1ffb-df0c-ce42-a515d8fc2b4c,Dataset 58
dwgid3188.jpg,missing in metadata,https://pi.lib.uchicago.edu/1001/org/ochre/6e7539b0-57ed-66b7-7450-a1375b77e4e4,Dataset 58
dwgid3189.jpg,missing in metadata,https://pi.lib.uchicago.edu/1001/org/ochre/ca1951e2-80ea-9a9b-4df0-27604135a861,Dataset 58
dwgid3204.jpg,missing in metadata,https://pi.lib.uchicago.edu/1001/org/ochre/f62cba2c-4f89-4ef2-eb6a-19dff31c9972,Dataset 58
dwgid3209.jpg,missing in metadata,https://pi.lib.uchicago.edu/1001/org/ochre/987f39fa-bff8-747e-804d-22aebae78904,Dataset 58
dwgid3211.jpg,missing in metadata,https://pi.lib.uchicago.edu/1001/org/ochre/f1587738-f00c-8025-3463-c63bc4d81425,Dataset 58
dwgid3212.jpg,missing in metadata,https://pi.lib.uchicago.edu/1001/org/ochre/410e684b-054c-b56e-ca70-45ce491a63af,Dataset 58
dwgid3237.jpg,missing in metadata,https://pi.lib.uchicago.edu/1001/org/ochre/f8de804c-57ef-55c1-c860-a5d86d8d7ea1,Dataset 58
dwgid3266.jpg,missing in metadata,https://pi.lib.uchicago.edu/1001/org/ochre/e43c3c87-c0a3-17a5-eb5f-3618ce4b9191,Dataset 58
dwgid3284.jpg,missing in metadata,https://pi.lib.uchicago.edu/1001/org/ochre/3c791d1a-0e71-5349-d79e-e65098bc4c7a,Dataset 58
dwgid3286.jpg,missing in metadata,https://pi.lib.uchicago.edu/1001/org/ochre/7184c4c7-dda6-5632-ad44-e495fbaf6984,Dataset 58
dwgid3300.jpg,missing in metadata,https://pi.lib.uchicago.edu/1001/org/ochre/eb6fe5e4-7c78-2bf6-15ca-45883d80292b,Dataset 58
dwgid3301.jpg,missing in metadata,https://pi.lib.uchicago.edu/1001/org/ochre/c724a33f-096e-8347-63a9-76e71884a3da,Dataset 58
dwgid3302.jpg,missing in metadata,https://pi.lib.uchicago.edu/1001/org/ochre/8786bb18-fd55-9cb2-3946-134843365efe,Dataset 58
dwgid3303.jpg,missing in metadata,https://pi.lib.uchicago.edu/1001/org/ochre/080adbcd-5cfc-4fb8-7e87-8f6a7c00a75f,Dataset 58
dwgid3304.jpg,missing in metadata,https://pi.lib.uchicago.edu/1001/org/ochre/5213fbc1-0dfc-eb7f-b7d8-e181d4090b98,Dataset 58
dwgid3305.jpg,missing in metadata,https://pi.lib.uchicago.edu/1001/org/ochre/a7a6cbc0-71c4-991d-e033-ee0539f86508,Dataset 58
dwgid3306.jpg,missing in metadata,https://pi.lib.uchicago.edu/1001/org/ochre/4f05316b-424d-d4d2-df11-7417a2a42ece,Dataset 58
dwgid3307.jpg,missing in metadata,https://pi.lib.uchicago.edu/1001/org/ochre/7d5e0d48-0285-91d3-abe8-9fc317bd9bfe,Dataset 58
dwgid3308.jpg,missing in metadata,https://pi.lib.uchicago.edu/1001/org/ochre/8ba18af3-737d-bcd5-3ce4-e381e63ebf8a,Dataset 58
dwgid3309.jpg,missing in metadata,https://pi.lib.uchicago.edu/1001/org/ochre/71a58a8a-4aa9-f7bf-f03f-b0c8996c66bb,Dataset 58
dwgid3324.jpg,missing in metadata,https://pi.lib.uchicago.edu/1001/org/ochre/20501e70-8e81-68dc-4e76-01d9c94ba356,Dataset 58
dwgid3328.jpg,missing in metadata,https://pi.lib.uchicago.edu/1001/org/ochre/6678a998-12ed-a4d3-f954-fd96798eed2b,Dataset 58
dwgid3335.jpg,missing in metadata,https://pi.lib.uchicago.edu/1001/org/ochre/e5e61387-28a3-5b02-1c8e-1cd51693d572,Dataset 58
dwgid3342.jpg,missing in metadata,https://pi.lib.uchicago.edu/1001/org/ochre/ce7d5330-fd59-b00f-885e-70617ca7307d,Dataset 58
dwgid3343.jpg,missing in metadata,https://pi.lib.uchicago.edu/1001/org/ochre/241a60a8-772f-14c4-4a96-601a6d3076ed,Dataset 58
dwgid3347.jpg,missing in metadata,https://pi.lib.uchicago.edu/1001/org/ochre/9bc7099f-0fd9-c093-6f4f-fe06fe510c84,Dataset 58
dwgid3349.jpg,missing in metadata,https://pi.lib.uchicago.edu/1001/org/ochre/c95123a6-35d6-b222-9bea-0c76b850d8ee,Dataset 58
dwgid3351.jpg,missing in metadata,https://pi.lib.uchicago.edu/1001/org/ochre/0d9f1853-988e-cadf-3864-5cf479b7300f,Dataset 58
dwgid3352.jpg,missing in metadata,https://pi.lib.uchicago.edu/1001/org/ochre/431120c7-bd81-4738-0fa2-3d674febfdbe,Dataset 58
dwgid3353.jpg,missing in metadata,https://pi.lib.uchicago.edu/1001/org/ochre/e9b16c1f-d703-4e89-c0c3-019fbb6a2146,Dataset 58
dwgid3354.jpg,missing in metadata,https://pi.lib.uchicago.edu/1001/org/ochre/e66f270f-595a-ceae-09c2-a48ccc7d360f,Dataset 58
dwgid3355.jpg,missing in metadata,https://pi.lib.uchicago.edu/1001/org/ochre/5dace7f8-d0e7-ac7b-a167-ae427a1ca7b0,Dataset 58
dwgid3356.jpg,missing in metadata,https://pi.lib.uchicago.edu/1001/org/ochre/34fc06d2-33e4-b4c6-6ae0-033893e26069,Dataset 58
dwgid3357.jpg,missing in metadata,https://pi.lib.uchicago.edu/1001/org/ochre/3c8b883e-69ce-3d2f-7d62-037da7950429,Dataset 58
dwgid3358.jpg,missing in metadata,https://pi.lib.uchicago.edu/1001/org/ochre/5af97a38-8dfd-c5dc-d125-1410be32d1cd,Dataset 58
dwgid3359.jpg,missing in metadata,https://pi.lib.uchicago.edu/1001/org/ochre/377d5004-b595-804e-f59b-4ee1c830e872,Dataset 58
dwgid3360.jpg,missing in metadata,https://pi.lib.uchicago.edu/1001/org/ochre/73862cf5-09d1-fd0e-dce5-ed842da463d0,Dataset 58
dwgid3361.jpg,missing in metadata,https://pi.lib.uchicago.edu/1001/org/ochre/17f1df37-41a5-1505-63f0-cec0ed47760b,Dataset 58
dwgid3362.jpg,missing in metadata,https://pi.lib.uchicago.edu/1001/org/ochre/0be294ee-7b9a-a42e-abb9-14abe314b3f2,Dataset 58
dwgid3363.jpg,missing in metadata,https://pi.lib.uchicago.edu/1001/org/ochre/4ecf8f13-2b7c-14a8-a8fb-cb61fb49c150,Dataset 58
dwgid3364.jpg,missing in metadata,https://pi.lib.uchicago.edu/1001/org/ochre/2e36259e-ed52-35b8-6f2c-4ade12162920,Dataset 58
dwgid3365.jpg,missing in metadata,https://pi.lib.uchicago.edu/1001/org/ochre/cef070ed-9141-180b-116b-59946f908b0c,Dataset 58
dwgid3366.jpg,missing in metadata,https://pi.lib.uchicago.edu/1001/org/ochre/14cf3996-980e-8b81-4c98-59224dbfa307,Dataset 58
dwgid3367.jpg,missing in metadata,https://pi.lib.uchicago.edu/1001/org/ochre/1a475971-bce3-d41f-ef91-7d987a340f2d,Dataset 58
dwgid3368.jpg,missing in metadata,https://pi.lib.uchicago.edu/1001/org/ochre/257cd164-c7f0-7902-24e1-bbfcdc15f049,Dataset 58
dwgid3369.jpg,missing in metadata,https://pi.lib.uchicago.edu/1001/org/ochre/5d399d03-a333-3b13-107e-ea571ee68f11,Dataset 58
dwgid3370.jpg,missing in metadata,https://pi.lib.uchicago.edu/1001/org/ochre/5af8199b-363b-75b1-001c-a24b2e67e7ee,Dataset 58
dwgid3371.jpg,missing in metadata,https://pi.lib.uchicago.edu/1001/org/ochre/78afdd80-d9f0-e6ca-44e5-4a046733364f,Dataset 58
dwgid3372.jpg,missing in metadata,https://pi.lib.uchicago.edu/1001/org/ochre/d25b0345-2042-6aa9-8567-a62ab3293062,Dataset 58
dwgid3373.jpg,missing in metadata,https://pi.lib.uchicago.edu/1001/org/ochre/54c4adc8-b741-1a84-80b7-a0f19df824f4,Dataset 58
dwgid3374.jpg,missing in metadata,https://pi.lib.uchicago.edu/1001/org/ochre/fdf103e6-9d50-981f-5b80-8ab8426fd450,Dataset 58
dwgid3393.jpg,missing in metadata,https://pi.lib.uchicago.edu/1001/org/ochre/fda6200d-6b4b-ed6e-74cd-85fc62ce4899,Dataset 58
dwgid3406.jpg,missing in metadata,https://pi.lib.uchicago.edu/1001/org/ochre/00b05843-cb25-2aba-6c03-07fe830c242c,Dataset 58
dwgid3407.jpg,missing in metadata,https://pi.lib.uchicago.edu/1001/org/ochre/24388f94-1b74-1afc-8c57-f4e8b63f557a,Dataset 58
dwgid3408.jpg,missing in metadata,https://pi.lib.uchicago.edu/1001/org/ochre/7d958ac8-2243-b698-6838-294657f2434e,Dataset 58
dwgid3409.jpg,missing in metadata,https://pi.lib.uchicago.edu/1001/org/ochre/4412bb31-45fc-188b-36c8-efca7042ef0b,Dataset 58
dwgid3410.jpg,missing in metadata,https://pi.lib.uchicago.edu/1001/org/ochre/a14f8446-2da7-d294-3b1d-1da15b42e871,Dataset 58
dwgid3411.jpg,missing in metadata,https://pi.lib.uchicago.edu/1001/org/ochre/8aa22d8e-3da0-b829-719d-edaa0316fddf,Dataset 58
dwgid3412.jpg,missing in metadata,https://pi.lib.uchicago.edu/1001/org/ochre/3bf94fe8-9d1e-9012-0d03-8d3c1c394862,Dataset 58
dwgid3413.jpg,missing in metadata,https://pi.lib.uchicago.edu/1001/org/ochre/fdc07dff-98c9-fabd-5e51-7661dcf45a8a,Dataset 58
dwgid3414.jpg,missing in metadata,https://pi.lib.uchicago.edu/1001/org/ochre/ec746911-a844-a806-1648-40413940d17b,Dataset 58
dwgid3415.jpg,missing in metadata,https://pi.lib.uchicago.edu/1001/org/ochre/60dbedc8-8a78-f781-d573-227fd2816298,Dataset 58
dwgid3416.jpg,missing in metadata,https://pi.lib.uchicago.edu/1001/org/ochre/de7c9ec3-3030-bb54-a936-e43cfd6fcfd2,Dataset 58
dwgid3417.jpg,missing in metadata,https://pi.lib.uchicago.edu/1001/org/ochre/e02c9cae-f1fe-e9e1-6423-408c26bdc930,Dataset 58
dwgid3418.jpg,missing in metadata,https://pi.lib.uchicago.edu/1001/org/ochre/e48e365f-8059-3306-47db-07fea43f1b79,Dataset 58
dwgid3419.jpg,missing in metadata,https://pi.lib.uchicago.edu/1001/org/ochre/b7d52295-ac0b-e1f2-79ad-31fca1aac563,Dataset 58
dwgid3420.jpg,missing in metadata,https://pi.lib.uchicago.edu/1001/org/ochre/9be5f959-ec5f-8892-cdff-eb7c46ef5f35,Dataset 58
dwgid3421.jpg,missing in metadata,https://pi.lib.uchicago.edu/1001/org/ochre/3c82a205-1192-170c-029d-9b359d0769cf,Dataset 58
dwgid3429.jpg,missing in metadata,https://pi.lib.uchicago.edu/1001/org/ochre/276d638f-9cbb-eff3-5d06-2ec0f498ff1c,Dataset 58
dwgid3430.jpg,missing in metadata,https://pi.lib.uchicago.edu/1001/org/ochre/675ac9f9-9640-7a80-74e1-56ec482b4a21,Dataset 58
dwgid3431.jpg,missing in metadata,https://pi.lib.uchicago.edu/1001/org/ochre/2028b19a-d265-ae89-3a56-0c3b41c17e10,Dataset 58
dwgid3441.jpg,missing in metadata,https://pi.lib.uchicago.edu/1001/org/ochre/7239e949-5dfb-713e-f90e-467d8861f297,Dataset 58
dwgid3442.jpg,missing in metadata,https://pi.lib.uchicago.edu/1001/org/ochre/a675056a-2c6b-0161-d2f0-6c4cfc8968ac,Dataset 58
dwgid3443.jpg,missing in metadata,https://pi.lib.uchicago.edu/1001/org/ochre/82f17b7b-fec9-1a98-bbc1-1f5fec5e5d78,Dataset 58
dwgid3444.jpg,missing in metadata,https://pi.lib.uchicago.edu/1001/org/ochre/561741fa-cb4a-fd88-d520-87bc9a9e23d8,Dataset 58
dwgid3445.jpg,missing in metadata,https://pi.lib.uchicago.edu/1001/org/ochre/f4af9991-ed46-3c84-4c80-aca9ce2d9d3a,Dataset 58
dwgid3446.jpg,missing in metadata,https://pi.lib.uchicago.edu/1001/org/ochre/0f501691-dac7-4f1c-aa5b-26c839694a20,Dataset 58
dwgid3447.jpg,missing in metadata,https://pi.lib.uchicago.edu/1001/org/ochre/88d367e4-ed96-82c7-83b0-ee4049b957dd,Dataset 58
dwgid3452.jpg,missing in metadata,https://pi.lib.uchicago.edu/1001/org/ochre/fbf62380-56fb-240e-d8d9-6eb63a844414,Dataset 58
dwgid3453.jpg,missing in metadata,https://pi.lib.uchicago.edu/1001/org/ochre/bc06cc05-3250-eb54-d53c-6b6f45f8a64b,Dataset 58
dwgid3454.jpg,missing in metadata,https://pi.lib.uchicago.edu/1001/org/ochre/e4d5550d-57ff-c15f-6f6f-bc83d30e1bd7,Dataset 58
dwgid3455.jpg,missing in metadata,https://pi.lib.uchicago.edu/1001/org/ochre/9a8a7d98-4ca4-c415-e8b4-e60ddfc22f19,Dataset 58
dwgid3456.jpg,missing in metadata,https://pi.lib.uchicago.edu/1001/org/ochre/41981180-1e91-7dd0-f867-a3e3698e98da,Dataset 58
dwgid3457.jpg,missing in metadata,https://pi.lib.uchicago.edu/1001/org/ochre/a2082f6a-ba08-bd30-4082-5be92cde18fe,Dataset 58
dwgid3458.jpg,missing in metadata,https://pi.lib.uchicago.edu/1001/org/ochre/df194eb2-eae4-a68c-f0d5-6316d5caa1bf,Dataset 58
dwgid3459.jpg,missing in metadata,https://pi.lib.uchicago.edu/1001/org/ochre/e4515e32-79b3-f79b-b82e-6727c6bc8a3b,Dataset 58
dwgid3460.jpg,missing in metadata,https://pi.lib.uchicago.edu/1001/org/ochre/7156bac9-7c40-dcb6-f979-797b491b049e,Dataset 58
dwgid3461.jpg,missing in metadata,https://pi.lib.uchicago.edu/1001/org/ochre/814ae471-2166-91dc-7e6d-99650cf4e5ed,Dataset 58
dwgid3462.jpg,missing in metadata,https://pi.lib.uchicago.edu/1001/org/ochre/bb4fb62b-8b12-a677-6e74-27813a47d059,Dataset 58
dwgid3463.jpg,missing in metadata,https://pi.lib.uchicago.edu/1001/org/ochre/41ee6ac8-a99b-f9df-a6c1-6c5f9228dc5f,Dataset 58
dwgid3464.jpg,missing in metadata,https://pi.lib.uchicago.edu/1001/org/ochre/bf0432e1-bae2-75f5-d58d-d29caf0b3ddd,Dataset 58
dwgid3465.jpg,missing in metadata,https://pi.lib.uchicago.edu/1001/org/ochre/9fbd37ff-5c6b-4d36-b09c-568ece97a930,Dataset 58
dwgid3466.jpg,missing in metadata,https://pi.lib.uchicago.edu/1001/org/ochre/70887d5f-774e-c898-528b-f52c959a317a,Dataset 58
dwgid3467.jpg,missing in metadata,https://pi.lib.uchicago.edu/1001/org/ochre/f3068c4c-856a-a407-688a-a27e7f210370,Dataset 58
dwgid3470.jpg,missing in metadata,https://pi.lib.uchicago.edu/1001/org/ochre/053d508f-44d6-81d1-58bd-e7395c9afa1c,Dataset 58
dwgid3480.jpg,missing in metadata,https://pi.lib.uchicago.edu/1001/org/ochre/ae865353-3c0b-2857-bcad-d72569fbcd1b,Dataset 58
dwgid3487.jpg,missing in metadata,https://pi.lib.uchicago.edu/1001/org/ochre/17ab7903-2bee-fea8-90e8-618efb62726f,Dataset 58
dwgid3493.jpg,missing in metadata,https://pi.lib.uchicago.edu/1001/org/ochre/5bc71e77-7c1a-68c8-493f-99a8b63097d6,Dataset 58
dwgid3503.jpg,missing in metadata,https://pi.lib.uchicago.edu/1001/org/ochre/f47cbdce-c196-0d6c-8f21-6b1d07093733,Dataset 58
dwgid3515.jpg,missing in metadata,https://pi.lib.uchicago.edu/1001/org/ochre/8e1e198f-a263-04fe-16d7-23db18f4d78f,Dataset 59
dwgid3532.jpg,missing in metadata,https://pi.lib.uchicago.edu/1001/org/ochre/5e99bc5b-c1bf-833f-cc55-f8fd7da1aaf0,Dataset 59
dwgid3534.jpg,missing in metadata,https://pi.lib.uchicago.edu/1001/org/ochre/744035bd-a321-ba20-1cfc-151b8069a003,Dataset 59
dwgid3553.jpg,missing in metadata,https://pi.lib.uchicago.edu/1001/org/ochre/4cb2ccde-335f-f775-07b9-18a0087fd777,Dataset 59
dwgid3554.jpg,missing in metadata,https://pi.lib.uchicago.edu/1001/org/ochre/d6fba815-b851-bc89-860a-5ca4d4853ac4,Dataset 59
dwgid3568.jpg,missing in metadata,https://pi.lib.uchicago.edu/1001/org/ochre/9f4d6ee1-e631-251f-0778-af8533e3a0fe,Dataset 59
dwgid3569.jpg,missing in metadata,https://pi.lib.uchicago.edu/1001/org/ochre/3ec8918d-f7c5-34b7-9b8a-42655c8a336e,Dataset 59
dwgid3574.jpg,missing in metadata,https://pi.lib.uchicago.edu/1001/org/ochre/645cb919-f5b0-9d2b-b36f-8310fff734fd,Dataset 59
dwgid3578.jpg,missing in metadata,https://pi.lib.uchicago.edu/1001/org/ochre/e4374bae-7790-f3eb-3cdd-7dabfb9e4ec4,Dataset 59
dwgid3584.jpg,missing in metadata,https://pi.lib.uchicago.edu/1001/org/ochre/9f08d386-8dfb-f87d-4493-c0963b3ec1f4,Dataset 59
dwgid3586.jpg,missing in metadata,https://pi.lib.uchicago.edu/1001/org/ochre/7313f029-78ed-2aa0-2e50-9ec3b8a61501,Dataset 59
dwgid3588.jpg,missing in metadata,https://pi.lib.uchicago.edu/1001/org/ochre/ce6fa1db-d7d0-f65a-6655-b7cf975f8d47,Dataset 59
dwgid3594.jpg,missing in metadata,https://pi.lib.uchicago.edu/1001/org/ochre/007ee2b9-abfc-5dcb-7f9a-0b2cd9ccd071,Dataset 59
dwgid3595.jpg,missing in metadata,https://pi.lib.uchicago.edu/1001/org/ochre/d62ea28d-7e29-7a3f-c2b6-e63739fe78cc,Dataset 59
dwgid3598.jpg,missing in metadata,https://pi.lib.uchicago.edu/1001/org/ochre/e6a28dc0-a6ca-a382-0ad9-ecddadfe867d,Dataset 59
dwgid3603.jpg,missing in metadata,https://pi.lib.uchicago.edu/1001/org/ochre/e97b12ed-a090-d482-cc62-b11347d180a3,Dataset 59
dwgid3611.jpg,missing in metadata,https://pi.lib.uchicago.edu/1001/org/ochre/180e998b-2b4c-2bf4-833d-1b38c059a34f,Dataset 59
dwgid3612.jpg,missing in metadata,https://pi.lib.uchicago.edu/1001/org/ochre/c522a242-e95b-189a-c6ef-5985bb9fae55,Dataset 59
dwgid3618.jpg,missing in metadata,https://pi.lib.uchicago.edu/1001/org/ochre/d244da23-4f0b-0702-46a4-6b74fd89a066,Dataset 59
dwgid3619.jpg,missing in metadata,https://pi.lib.uchicago.edu/1001/org/ochre/c2a78cb0-27ed-e38c-e23d-f483b4af3842,Dataset 59
dwgid3620.jpg,missing in metadata,https://pi.lib.uchicago.edu/1001/org/ochre/cd1e1d15-9501-ad95-859f-6cccf9e1fa4d,Dataset 59
dwgid3621.jpg,missing in metadata,https://pi.lib.uchicago.edu/1001/org/ochre/53e957f4-a530-29d5-f9f3-e579c952f4a1,Dataset 59
dwgid3622.jpg,missing in metadata,https://pi.lib.uchicago.edu/1001/org/ochre/cea8139a-0058-c276-1c51-7f32949ab9d8,Dataset 59
dwgid3623.jpg,missing in metadata,https://pi.lib.uchicago.edu/1001/org/ochre/e296f610-77b9-930e-a41f-35458828ac81,Dataset 59
dwgid3624.jpg,missing in metadata,https://pi.lib.uchicago.edu/1001/org/ochre/915d2feb-f463-a795-8c4b-13434732b509,Dataset 59
dwgid3630.jpg,missing in metadata,https://pi.lib.uchicago.edu/1001/org/ochre/45c0f461-bb68-4301-dfb1-9a4532e04cc7,Dataset 59
dwgid3633.jpg,missing in metadata,https://pi.lib.uchicago.edu/1001/org/ochre/d901186b-f044-29c9-9a8d-ed9517336a85,Dataset 59
dwgid3637.jpg,missing in metadata,https://pi.lib.uchicago.edu/1001/org/ochre/8f1e323a-d8e2-f25c-d763-e49390b48507,Dataset 59
dwgid3638.jpg,missing in metadata,https://pi.lib.uchicago.edu/1001/org/ochre/be25835a-da8c-4b40-7c98-668fabb483aa,Dataset 59
dwgid3639.jpg,missing in metadata,https://pi.lib.uchicago.edu/1001/org/ochre/60a22668-e991-70ba-a9ce-4a858c6e5240,Dataset 59
dwgid3640.jpg,missing in metadata,https://pi.lib.uchicago.edu/1001/org/ochre/fdf1f335-b598-5623-1608-fc26f669e70e,Dataset 59
dwgid3641.jpg,missing in metadata,https://pi.lib.uchicago.edu/1001/org/ochre/5dc0c657-e05e-0232-beba-c297377f39ae,Dataset 59
dwgid3648.jpg,missing in metadata,https://pi.lib.uchicago.edu/1001/org/ochre/f678eb87-d27d-704f-c852-3a57bf8f8af5,Dataset 59
dwgid3649.jpg,missing in metadata,https://pi.lib.uchicago.edu/1001/org/ochre/0a53ac40-2f64-1e1f-37df-4d3c440b3e12,Dataset 59
dwgid3650.jpg,missing in metadata,https://pi.lib.uchicago.edu/1001/org/ochre/913ef97f-5233-ff71-5de1-4ac5357c18e0,Dataset 59
dwgid3651.jpg,missing in metadata,https://pi.lib.uchicago.edu/1001/org/ochre/38f89449-b75d-1476-6a7d-658ec1790224,Dataset 59
dwgid3652.jpg,missing in metadata,https://pi.lib.uchicago.edu/1001/org/ochre/12e36947-3e9f-7494-b334-d4a0f866cc83,Dataset 59
dwgid3653.jpg,missing in metadata,https://pi.lib.uchicago.edu/1001/org/ochre/db7a6bfd-1d07-3ab4-697b-e5eddcdc8c75,Dataset 59
dwgid3683.jpg,missing in metadata,https://pi.lib.uchicago.edu/1001/org/ochre/fc4144f9-1b5b-5fc5-9cfc-d9e7b5cff794,Dataset 59
dwgid3694.jpg,missing in metadata,https://pi.lib.uchicago.edu/1001/org/ochre/2d237e8d-c7e4-c886-cd67-9961d7923f91,Dataset 59
dwgid3695.jpg,missing in metadata,https://pi.lib.uchicago.edu/1001/org/ochre/a0b5c916-8800-0f59-c1a3-d2710af73202,Dataset 59
dwgid3705.jpg,missing in metadata,https://pi.lib.uchicago.edu/1001/org/ochre/74b6dbee-7c9b-5fe4-4ad3-e7e1fe41ac89,Dataset 59
dwgid3715.jpg,missing in metadata,https://pi.lib.uchicago.edu/1001/org/ochre/25d5f858-21dc-7d15-8370-16a2b626f779,Dataset 59
dwgid3728.jpg,missing in metadata,https://pi.lib.uchicago.edu/1001/org/ochre/5daf9737-3ddf-b2c1-0ce3-275d61453abd,Dataset 59
dwgid3730.jpg,missing in metadata,https://pi.lib.uchicago.edu/1001/org/ochre/4a3d17f3-7677-f0bd-682b-dd00c0cd8188,Dataset 59
dwgid3731.jpg,missing in metadata,https://pi.lib.uchicago.edu/1001/org/ochre/ee870834-d45a-1a60-97cf-4f61511fbc0b,Dataset 59
dwgid3732.jpg,missing in metadata,https://pi.lib.uchicago.edu/1001/org/ochre/3852c1fd-f15a-277e-5f90-d6a6081e411e,Dataset 59
dwgid3733.jpg,missing in metadata,https://pi.lib.uchicago.edu/1001/org/ochre/12857dce-7558-ef28-9e3f-badfd3b5e063,Dataset 59
dwgid3734.jpg,missing in metadata,https://pi.lib.uchicago.edu/1001/org/ochre/3db30706-6064-4587-521d-988979edc311,Dataset 59
dwgid3736.jpg,missing in metadata,https://pi.lib.uchicago.edu/1001/org/ochre/239b62f7-d764-d64f-7718-289dedee593f,Dataset 59
dwgid3883.jpg,missing in metadata,https://pi.lib.uchicago.edu/1001/org/ochre/0f087033-c002-c06c-b8ce-fe5cde5c23da,Dataset 59
dwgid3925.jpg,missing in metadata,https://pi.lib.uchicago.edu/1001/org/ochre/0abe0839-a379-bc56-96fc-8899ea35010b,Dataset 59
dwgid3937.jpg,missing in metadata,https://pi.lib.uchicago.edu/1001/org/ochre/c0448298-4993-7de1-4c22-d2aeaf1e1777,Dataset 59
dwgid3938.jpg,missing in metadata,https://pi.lib.uchicago.edu/1001/org/ochre/d893224c-0452-9bc4-99fb-4300531c5861,Dataset 59
dwgid3942.jpg,missing in metadata,https://pi.lib.uchicago.edu/1001/org/ochre/609e29c1-dafa-dea0-5b07-f33fe7543486,Dataset 59
dwgid3943.jpg,missing in metadata,https://pi.lib.uchicago.edu/1001/org/ochre/cc91c9b4-0f9b-5606-8225-9cd70f8d599f,Dataset 59
dwgid3944.jpg,missing in metadata,https://pi.lib.uchicago.edu/1001/org/ochre/5526d48a-466b-82ad-2c49-5ed29ab8a303,Dataset 59
dwgid3945.jpg,missing in metadata,https://pi.lib.uchicago.edu/1001/org/ochre/39adc251-4b2c-0a82-078f-288c533ac105,Dataset 59
dwgid3946.jpg,missing in metadata,https://pi.lib.uchicago.edu/1001/org/ochre/41f5d658-ea0b-c9c1-11c8-e73c3d18820c,Dataset 59
dwgid3947.jpg,missing in metadata,https://pi.lib.uchicago.edu/1001/org/ochre/59303d98-6667-d9c7-0a56-1ae9cfd65d7c,Dataset 59
dwgid3948.jpg,missing in metadata,https://pi.lib.uchicago.edu/1001/org/ochre/1fdae992-474f-2dfd-f30d-34fc216de960,Dataset 59
dwgid3951.jpg,missing in metadata,https://pi.lib.uchicago.edu/1001/org/ochre/a5a99ff1-3bd2-f220-929d-39c9185a04d2,Dataset 59
dwgid3955.jpg,missing in metadata,https://pi.lib.uchicago.edu/1001/org/ochre/74238496-9c44-aac2-aee5-60138a6d0dd3,Dataset 59
dwgid3958.jpg,missing in metadata,https://pi.lib.uchicago.edu/1001/org/ochre/ec7a2a80-e356-fdbb-d5a5-fcb685b47742,Dataset 59
dwgid3961.jpg,missing in metadata,https://pi.lib.uchicago.edu/1001/org/ochre/641de9bb-6783-7fb9-b1c5-bfab36b84d59,Dataset 59
dwgid3972.jpg,missing in metadata,https://pi.lib.uchicago.edu/1001/org/ochre/58f1ae4c-8681-0401-3b32-f3306a65d91a,Dataset 59
dwgid3973.jpg,missing in metadata,https://pi.lib.uchicago.edu/1001/org/ochre/8e03a056-1e37-57bb-b4a0-67af88b78001,Dataset 59
dwgid3976.jpg,missing in metadata,https://pi.lib.uchicago.edu/1001/org/ochre/6956e56f-2f10-9488-6d26-ca8b9a230bb8,Dataset 59
dwgid3980.jpg,missing in metadata,https://pi.lib.uchicago.edu/1001/org/ochre/3c80cbfa-1cf6-bf3a-4c21-46bafdf1bd15,Dataset 59
dwgid3981.jpg,missing in metadata,https://pi.lib.uchicago.edu/1001/org/ochre/ea6afe9e-035f-f8be-7982-5ca748b8ccc0,Dataset 59
dwgid3983.jpg,missing in metadata,https://pi.lib.uchicago.edu/1001/org/ochre/89dcacd8-9460-3990-26a1-4819f5171c2a,Dataset 59
dwgid3986.jpg,missing in metadata,https://pi.lib.uchicago.edu/1001/org/ochre/02211455-bd40-692b-39f5-9370c2711cd8,Dataset 59
dwgid3991.jpg,missing in metadata,https://pi.lib.uchicago.edu/1001/org/ochre/a4fae499-eedb-d740-0bff-826d43b87fe2,Dataset 59
dwgid3992.jpg,missing in metadata,https://pi.lib.uchicago.edu/1001/org/ochre/aa7c1e47-b0ec-9c04-92ef-e15373bf4c9c,Dataset 59
dwgid3999.jpg,missing in metadata,https://pi.lib.uchicago.edu/1001/org/ochre/d7c73d0e-b8d1-8799-2a66-864afda1f900,Dataset 59
dwgid4002.jpg,missing in metadata,https://pi.lib.uchicago.edu/1001/org/ochre/c22c2c36-f976-9917-4077-972d359d7c69,Dataset 59
dwgid4003.jpg,missing in metadata,https://pi.lib.uchicago.edu/1001/org/ochre/25b20853-eb07-744a-6279-8e29d62d4aa7,Dataset 59
dwgid4006.jpg,missing in metadata,https://pi.lib.uchicago.edu/1001/org/ochre/f1f8bab2-f14e-9aec-bd0a-9e1bba30a06a,Dataset 59
dwgid4008.jpg,missing in metadata,https://pi.lib.uchicago.edu/1001/org/ochre/8fbd4b4f-b3eb-dcbc-1083-41fb128c85f4,Dataset 59
dwgid4013.jpg,missing in metadata,https://pi.lib.uchicago.edu/1001/org/ochre/326a0003-1209-71ee-a527-ba5bdbf0e6e9,Dataset 59
dwgid4025.jpg,missing in metadata,https://pi.lib.uchicago.edu/1001/org/ochre/4ca5a7ec-363b-bf3d-4587-2288f446184e,Dataset 59
dwgid4026.jpg,missing in metadata,https://pi.lib.uchicago.edu/1001/org/ochre/366c7546-5ef9-31ce-b49c-c66a6dfee277,Dataset 59
dwgid4030.jpg,missing in metadata,https://pi.lib.uchicago.edu/1001/org/ochre/52dd138c-5f74-cec1-8573-adce33f57d6a,Dataset 59
dwgid4035.jpg,missing in metadata,https://pi.lib.uchicago.edu/1001/org/ochre/4f0baef2-ff89-9b6a-cd4f-267765aab0d0,Dataset 59
dwgid4053.jpg,missing in metadata,https://pi.lib.uchicago.edu/1001/org/ochre/9ff36060-49a5-5687-7fe8-67eb2e4013d4,Dataset 59
dwgid4057.jpg,missing in metadata,https://pi.lib.uchicago.edu/1001/org/ochre/7e71d73e-c759-d63d-6af8-8acda6ea3fff,Dataset 59
dwgid4066.jpg,missing in metadata,https://pi.lib.uchicago.edu/1001/org/ochre/43c69f72-80a3-cc27-b155-987d4e8db591,Dataset 59
dwgid4072.jpg,missing in metadata,https://pi.lib.uchicago.edu/1001/org/ochre/215c3083-75ec-3c7f-a90e-feffd7b646e6,Dataset 59
dwgid4075.jpg,missing in metadata,https://pi.lib.uchicago.edu/1001/org/ochre/b2c10252-18ce-1a61-24c8-6fd0b8049c47,Dataset 59
dwgid4095.jpg,missing in metadata,https://pi.lib.uchicago.edu/1001/org/ochre/6e16f2c8-acc6-a3b5-4d1c-32d7db72924b,Dataset 59
dwgid4112.jpg,missing in metadata,https://pi.lib.uchicago.edu/1001/org/ochre/66ac0e56-dde6-bb8d-490d-82c40a57e309,Dataset 59
dwgid4124.jpg,missing in metadata,https://pi.lib.uchicago.edu/1001/org/ochre/c43ea51d-54d7-0ac2-783b-7fd751dcabdf,Dataset 59
dwgid4142.jpg,missing in metadata,https://pi.lib.uchicago.edu/1001/org/ochre/5f646cd6-b3c5-9678-740b-f81c90eef6b3,Dataset 59
dwgid4152.jpg,missing in metadata,https://pi.lib.uchicago.edu/1001/org/ochre/e82db2d6-96d0-7d28-c717-b0e39ad5b73c,Dataset 59
dwgid4162.jpg,missing in metadata,https://pi.lib.uchicago.edu/1001/org/ochre/083f18e1-3ba6-9e6f-0dc3-b88877d0cf81,Dataset 59
dwgid4172.jpg,missing in metadata,https://pi.lib.uchicago.edu/1001/org/ochre/96c6ce4a-50c6-20d6-5d69-65247acc7ab5,Dataset 59
dwgid4173.jpg,missing in metadata,https://pi.lib.uchicago.edu/1001/org/ochre/a7375384-aa3f-fdbb-fcb7-1b4b3a847b1b,Dataset 59
dwgid4175.jpg,missing in metadata,https://pi.lib.uchicago.edu/1001/org/ochre/523d259e-dd95-44f5-4e79-8fb8ab886ec2,Dataset 59
dwgid4176.jpg,missing in metadata,https://pi.lib.uchicago.edu/1001/org/ochre/115984f6-1049-1d2f-b6fc-8fa3aca18f84,Dataset 59
dwgid4177.jpg,missing in metadata,https://pi.lib.uchicago.edu/1001/org/ochre/934973aa-13fa-97d0-781f-f880e4ab9c06,Dataset 59
dwgid4178.jpg,missing in metadata,https://pi.lib.uchicago.edu/1001/org/ochre/6430863f-f2d0-167f-2d5e-740d7d3be4c2,Dataset 59
dwgid4181.jpg,missing in metadata,https://pi.lib.uchicago.edu/1001/org/ochre/f3d408fa-ab1d-fd53-9bc3-397c2b200839,Dataset 59
dwgid4185.jpg,missing in metadata,https://pi.lib.uchicago.edu/1001/org/ochre/1caf6921-012b-b5c5-4fe7-c72999823f4d,Dataset 59
dwgid4189.jpg,missing in metadata,https://pi.lib.uchicago.edu/1001/org/ochre/838ffbd8-07cc-98e1-89ad-fb92eff22fe0,Dataset 59
dwgid4190.jpg,missing in metadata,https://pi.lib.uchicago.edu/1001/org/ochre/c716421a-4ba6-be30-9b2c-f1240aebc08c,Dataset 59
dwgid4193.jpg,missing in metadata,https://pi.lib.uchicago.edu/1001/org/ochre/e694ee7d-393c-a014-3d5e-518ac9ff99f9,Dataset 59
dwgid4195.jpg,missing in metadata,https://pi.lib.uchicago.edu/1001/org/ochre/90e7b113-105a-1835-f25b-d66a93bdcab8,Dataset 59
dwgid4202.jpg,missing in metadata,https://pi.lib.uchicago.edu/1001/org/ochre/41da05a1-fe6e-f825-faf9-07d73782fe0d,Dataset 59
dwgid4208.jpg,missing in metadata,https://pi.lib.uchicago.edu/1001/org/ochre/7643d9bf-3665-b597-5cfc-d609c7f2e16a,Dataset 59
dwgid4209.jpg,missing in metadata,https://pi.lib.uchicago.edu/1001/org/ochre/0e2e954e-ca07-2b35-aabb-9c5f3518d669,Dataset 59
dwgid4222.jpg,missing in metadata,https://pi.lib.uchicago.edu/1001/org/ochre/2ac77f79-4854-6b50-40a6-cb645df4f9f5,Dataset 59
dwgid4239.jpg,missing in metadata,https://pi.lib.uchicago.edu/1001/org/ochre/637ceecc-8fae-afec-a645-a15ac8c8dd3c,Dataset 59
dwgid4241.jpg,missing in metadata,https://pi.lib.uchicago.edu/1001/org/ochre/887dd092-165e-0a25-7698-bdebe4560af4,Dataset 59
dwgid4257.jpg,missing in metadata,https://pi.lib.uchicago.edu/1001/org/ochre/458436db-4f6f-3f67-a3a8-3c14cc656dac,Dataset 59
dwgid4263.jpg,missing in metadata,https://pi.lib.uchicago.edu/1001/org/ochre/02ffd3ee-ff03-2011-7b9c-13f280d8a486,Dataset 59
dwgid4264.jpg,missing in metadata,https://pi.lib.uchicago.edu/1001/org/ochre/773aca70-3875-fb52-85ca-c7ab71824d5b,Dataset 59
dwgid4272.jpg,missing in metadata,https://pi.lib.uchicago.edu/1001/org/ochre/a3cc3109-2efc-102e-ac25-248e60dd53e3,Dataset 59
dwgid4273.jpg,missing in metadata,https://pi.lib.uchicago.edu/1001/org/ochre/c0862c02-6296-446d-f8f7-b298cd5428ed,Dataset 59
dwgid4274.jpg,missing in metadata,https://pi.lib.uchicago.edu/1001/org/ochre/67e7973b-7bff-f62b-e762-78092c11b61e,Dataset 59
dwgid4283.jpg,missing in metadata,https://pi.lib.uchicago.edu/1001/org/ochre/772bef7e-4775-31b2-4003-2ba2ced0aaa2,Dataset 59
dwgid4288.jpg,missing in metadata,https://pi.lib.uchicago.edu/1001/org/ochre/4e5fea56-19ff-62ce-70e0-34e19bb93b62,Dataset 59
dwgid4295.jpg,missing in metadata,https://pi.lib.uchicago.edu/1001/org/ochre/b6463f2c-1030-3473-bef9-3bf021d17d83,Dataset 59
dwgid4296.jpg,missing in metadata,https://pi.lib.uchicago.edu/1001/org/ochre/3130a375-8711-6188-3298-67604d305a31,Dataset 59
dwgid4297.jpg,missing in metadata,https://pi.lib.uchicago.edu/1001/org/ochre/6077fe76-5386-7264-997e-ce262f86c197,Dataset 59
dwgid4301.jpg,missing in metadata,https://pi.lib.uchicago.edu/1001/org/ochre/f4200655-0ab0-dce3-27a9-0c4a7afc7387,Dataset 59
dwgid4303.jpg,missing in metadata,https://pi.lib.uchicago.edu/1001/org/ochre/6e238b91-2019-97fa-dc5a-0a18988b5463,Dataset 59
dwgid4308.jpg,missing in metadata,https://pi.lib.uchicago.edu/1001/org/ochre/ab999ed6-5333-5cc0-38ef-624f11b0db99,Dataset 59
dwgid4314.jpg,missing in metadata,https://pi.lib.uchicago.edu/1001/org/ochre/97267fac-baaa-1390-75ed-0ab44c8b11af,Dataset 59
dwgid4315.jpg,missing in metadata,https://pi.lib.uchicago.edu/1001/org/ochre/d83873b5-2520-dd1c-8793-e65c8f364e47,Dataset 59
dwgid4321.jpg,missing in metadata,https://pi.lib.uchicago.edu/1001/org/ochre/7900bade-60cb-c8fd-687c-d4a1ba2263da,Dataset 59
dwgid4324.jpg,missing in metadata,https://pi.lib.uchicago.edu/1001/org/ochre/520d8729-18fe-9d38-7379-7e6e5bf4e3e9,Dataset 59
dwgid4340.jpg,missing in metadata,https://pi.lib.uchicago.edu/1001/org/ochre/c7d683b4-e220-fb60-544c-aa7959195943,Dataset 59
dwgid4342.jpg,missing in metadata,https://pi.lib.uchicago.edu/1001/org/ochre/de7a9297-e247-2d6d-837d-665a8858b46b,Dataset 59
dwgid4343.jpg,missing in metadata,https://pi.lib.uchicago.edu/1001/org/ochre/3db5c806-5aaa-4757-4420-d487c08c6532,Dataset 59
dwgid4351.jpg,missing in metadata,https://pi.lib.uchicago.edu/1001/org/ochre/b0c7061f-d43f-d6d0-73a3-73aefd173af3,Dataset 59
dwgid4352.jpg,missing in metadata,https://pi.lib.uchicago.edu/1001/org/ochre/e62f240f-57a0-1392-2b36-41fcfb50f8d2,Dataset 59
dwgid4358.jpg,missing in metadata,https://pi.lib.uchicago.edu/1001/org/ochre/bbb0972a-2938-8955-27c1-8012de151259,Dataset 59
dwgid4363.jpg,missing in metadata,https://pi.lib.uchicago.edu/1001/org/ochre/154fce44-a58a-993d-78db-d79fd936db2d,Dataset 59
dwgid4365.jpg,missing in metadata,https://pi.lib.uchicago.edu/1001/org/ochre/b492a8a0-b8d9-8319-8d5e-6aac3458ea57,Dataset 59
dwgid4366.jpg,missing in metadata,https://pi.lib.uchicago.edu/1001/org/ochre/7aa455d3-b4a9-6c56-7d44-dbae164d6bd6,Dataset 59
dwgid4368.jpg,missing in metadata,https://pi.lib.uchicago.edu/1001/org/ochre/b5b4e35a-4bdf-463d-6648-f27947c3e648,Dataset 59
dwgid4376.jpg,missing in metadata,https://pi.lib.uchicago.edu/1001/org/ochre/e30997e1-24bc-0caf-04ef-ea093ceaf281,Dataset 59
dwgid4382.jpg,missing in metadata,https://pi.lib.uchicago.edu/1001/org/ochre/b3a83f0c-206e-21bd-ae33-2da74aab2c79,Dataset 59
dwgid4387.jpg,missing in metadata,https://pi.lib.uchicago.edu/1001/org/ochre/a2387b65-c81c-02a9-ceba-f91465f96b5e,Dataset 59
dwgid4388.jpg,missing in metadata,https://pi.lib.uchicago.edu/1001/org/ochre/ae972f50-a85f-6e25-636c-27bd4a7f9d06,Dataset 59
dwgid4403.jpg,missing in metadata,https://pi.lib.uchicago.edu/1001/org/ochre/7ebe5ec9-8031-f54e-aa50-3aa93838731e,Dataset 59
dwgid4424.jpg,missing in metadata,https://pi.lib.uchicago.edu/1001/org/ochre/dfad0ffc-c61b-9762-1572-68f30fbdd094,Dataset 59
dwgid4433.jpg,missing in metadata,https://pi.lib.uchicago.edu/1001/org/ochre/88bfff10-3eb3-4c8a-8a7a-045c38840b1b,Dataset 59
dwgid4448.jpg,missing in metadata,https://pi.lib.uchicago.edu/1001/org/ochre/c0e3bab5-f647-739b-621a-22d181a705c4,Dataset 59
dwgid4462.jpg,missing in metadata,https://pi.lib.uchicago.edu/1001/org/ochre/41449e33-dd2e-cfbe-02ea-709ed191913c,Dataset 59
dwgid4474.jpg,missing in metadata,https://pi.lib.uchicago.edu/1001/org/ochre/00e54ed5-5b4c-51b1-d6b1-ccc074fa1e8e,Dataset 59
dwgid4486.jpg,missing in metadata,https://pi.lib.uchicago.edu/1001/org/ochre/11916e18-00ca-53f4-984c-9029fae4c6af,Dataset 59
dwgid4504.jpg,missing in metadata,https://pi.lib.uchicago.edu/1001/org/ochre/06bf044c-f833-b72a-367f-379980fb4817,Dataset 59
dwgid4524.jpg,missing in metadata,https://pi.lib.uchicago.edu/1001/org/ochre/8f6090b5-57d8-00b4-b915-d6ea537618fd,Dataset 59
dwgid4525.jpg,missing in metadata,https://pi.lib.uchicago.edu/1001/org/ochre/4454d84f-2ff9-458e-b108-8eee7dbd841a,Dataset 59
dwgid4534.jpg,missing in metadata,https://pi.lib.uchicago.edu/1001/org/ochre/e712eb1a-101e-a3d5-8f59-d2223b064058,Dataset 59
dwgid4541.jpg,missing in metadata,https://pi.lib.uchicago.edu/1001/org/ochre/1614fa35-d069-066e-ff0e-33e24972d31c,Dataset 59
dwgid4548.jpg,missing in metadata,https://pi.lib.uchicago.edu/1001/org/ochre/4593672b-762a-11ef-4de3-335f70f3d59d,Dataset 59
dwgid4571.jpg,missing in metadata,https://pi.lib.uchicago.edu/1001/org/ochre/072975d5-5b81-3440-93d8-3c0bd073cf1f,Dataset 59
dwgid4607.jpg,missing in metadata,https://pi.lib.uchicago.edu/1001/org/ochre/59f55b53-fc33-8133-21b7-1304bcad6523,Dataset 59
dwgid3666.jpg,missing in metadata,https://pi.lib.uchicago.edu/1001/org/ochre/7ce07937-872c-69c7-b125-1a4aa491ae98,Dataset 59
dwgid4610.jpg,missing in metadata,https://pi.lib.uchicago.edu/1001/org/ochre/7aef20e3-4abe-8895-42d8-94f19adbf7ee,Dataset 59
dwgid4613.jpg,missing in metadata,https://pi.lib.uchicago.edu/1001/org/ochre/03afcf57-313f-a062-7ea4-5abc000f373e,Dataset 59
dwgid4395.jpg,missing in metadata,https://pi.lib.uchicago.edu/1001/org/ochre/5f4f8cb0-470c-4d83-9766-954b831d9491,Dataset 59
dwgid4396.jpg,missing in metadata,https://pi.lib.uchicago.edu/1001/org/ochre/c9937a39-a6c9-484e-9834-16009819b47d,Dataset 59
dwgid4411.jpg,missing in metadata,https://pi.lib.uchicago.edu/1001/org/ochre/2b42e38d-23a5-4e81-a94a-a169b07d92ca,Dataset 59
dwgid4412.jpg,missing in metadata,https://pi.lib.uchicago.edu/1001/org/ochre/157956f0-f527-4201-a744-ad64cd922af5,Dataset 59
dwgid4414.jpg,missing in metadata,https://pi.lib.uchicago.edu/1001/org/ochre/8f074a68-c7de-48a4-a3c4-45a445ce6a90,Dataset 59
dwgid4418.jpg,missing in metadata,https://pi.lib.uchicago.edu/1001/org/ochre/a3b8c8b3-5e52-4b39-8d37-3c2cf804ec7d,Dataset 59
dwgid4420.jpg,missing in metadata,https://pi.lib.uchicago.edu/1001/org/ochre/5c812a9a-23c1-4061-8006-cbfccd4bcc2f,Dataset 59
dwgid4421.jpg,missing in metadata,https://pi.lib.uchicago.edu/1001/org/ochre/f929503e-8dcb-48ad-bfdb-5be1d03c9d2d,Dataset 59
dwgid4423.jpg,missing in metadata,https://pi.lib.uchicago.edu/1001/org/ochre/45e84378-a1fb-4d04-8ac9-63558e72ab70,Dataset 59
dwgid4427.jpg,missing in metadata,https://pi.lib.uchicago.edu/1001/org/ochre/1ba36c10-30b3-4f72-a373-c5da8b060c67,Dataset 59
dwgid4430.jpg,missing in metadata,https://pi.lib.uchicago.edu/1001/org/ochre/24ec39f7-b7e4-447d-a8a8-3769f5d2d139,Dataset 59
dwgid4434.jpg,missing in metadata,https://pi.lib.uchicago.edu/1001/org/ochre/0626e0bb-791b-4947-8bae-0b69550680a2,Dataset 59
dwgid4649.jpg,missing in metadata,https://pi.lib.uchicago.edu/1001/org/ochre/6f7ffa0d-3138-5d51-8359-4ac278583010,Dataset 59
dwgid4650.jpg,missing in metadata,https://pi.lib.uchicago.edu/1001/org/ochre/f4a21d5c-6100-6a60-a52c-d9cc515de98d,Dataset 59
dwgid4680.jpg,missing in metadata,https://pi.lib.uchicago.edu/1001/org/ochre/a86b3fd2-bbcf-e747-2503-ea0ef7749d2e,Dataset 59
dwgid4435.jpg,missing in metadata,https://pi.lib.uchicago.edu/1001/org/ochre/8230cf4a-afba-4084-84de-35a0885f9590,Dataset 59
dwgid4685.jpg,missing in metadata,https://pi.lib.uchicago.edu/1001/org/ochre/51cf1393-322a-e3c2-aee3-c3133bccf8af,Dataset 59
dwgid4440.jpg,missing in metadata,https://pi.lib.uchicago.edu/1001/org/ochre/fd037e50-7766-4cf6-8920-3e82354813b2,Dataset 59
dwgid4739.jpg,missing in metadata,https://pi.lib.uchicago.edu/1001/org/ochre/1266ebda-0076-4b23-c944-2f8ea6e19302,Dataset 59
dwgid4747.jpg,missing in metadata,https://pi.lib.uchicago.edu/1001/org/ochre/32cd2ca9-2c7f-c3c6-0322-607bdfa6bfbb,Dataset 59
dwgid4766.jpg,missing in metadata,https://pi.lib.uchicago.edu/1001/org/ochre/97a92bc1-18b6-a7b0-992b-db45f0422ae0,Dataset 59
dwgid4443.jpg,missing in metadata,https://pi.lib.uchicago.edu/1001/org/ochre/1b75a2c6-d59b-4250-c4cd-8942ba4459af,Dataset 59
dwgid4793.jpg,missing in metadata,https://pi.lib.uchicago.edu/1001/org/ochre/4d792b24-03e7-7b0a-15a4-3cc3ac92f4a6,Dataset 59
dwgid4796.jpg,missing in metadata,https://pi.lib.uchicago.edu/1001/org/ochre/6dc19b82-9cc6-2ad0-bbf7-f0cfe9c4ed0c,Dataset 59
dwgid4810.jpg,missing in metadata,https://pi.lib.uchicago.edu/1001/org/ochre/e7bae039-62a2-4236-5e55-429153600265,Dataset 59
dwgid4445.jpg,missing in metadata,https://pi.lib.uchicago.edu/1001/org/ochre/8b4226ca-2a3e-445c-9525-ee1198361ed2,Dataset 59
dwgid4446.jpg,missing in metadata,https://pi.lib.uchicago.edu/1001/org/ochre/6754c447-70a5-4116-9339-6fcd805e3690,Dataset 59
dwgid4450.jpg,missing in metadata,https://pi.lib.uchicago.edu/1001/org/ochre/8ceee64f-9455-4702-954f-56efa268f10b,Dataset 59
dwgid4827.jpg,missing in metadata,https://pi.lib.uchicago.edu/1001/org/ochre/9118f216-c9fb-df35-bee8-bf71bdd94700,Dataset 59
dwgid4837.jpg,missing in metadata,https://pi.lib.uchicago.edu/1001/org/ochre/ef94296b-7afe-19ee-0fe5-281b7155b4e6,Dataset 59
dwgid4456.jpg,missing in metadata,https://pi.lib.uchicago.edu/1001/org/ochre/9d406312-183f-4735-93a4-f73827deec74,Dataset 59
dwgid4465.jpg,missing in metadata,https://pi.lib.uchicago.edu/1001/org/ochre/5030825f-bdb3-4649-8277-732ba08d1a56,Dataset 59
dwgid4470.jpg,missing in metadata,https://pi.lib.uchicago.edu/1001/org/ochre/b3290f10-009d-47eb-b639-860278002307,Dataset 59
dwgid4471.jpg,missing in metadata,https://pi.lib.uchicago.edu/1001/org/ochre/2a7ceb39-180e-4311-b087-decb0dd4a86e,Dataset 59
dwgid4472.jpg,missing in metadata,https://pi.lib.uchicago.edu/1001/org/ochre/d7e3785e-b944-44f7-9c6a-a7aeaa60dc63,Dataset 59
dwgid4473.jpg,missing in metadata,https://pi.lib.uchicago.edu/1001/org/ochre/e6410eb7-f022-4546-a772-327efb92f8e7,Dataset 59
dwgid4476.jpg,missing in metadata,https://pi.lib.uchicago.edu/1001/org/ochre/3ec0ad31-1d3a-448d-b66c-ff0fdeff2656,Dataset 59
dwgid4485.jpg,missing in metadata,https://pi.lib.uchicago.edu/1001/org/ochre/fcdbdeb2-34c9-4933-b763-599ea147d183,Dataset 59
dwgid4860.jpg,missing in metadata,https://pi.lib.uchicago.edu/1001/org/ochre/543afc3d-3b6a-66df-c91f-aff59a7cdd88,Dataset 59
dwgid4874.jpg,missing in metadata,https://pi.lib.uchicago.edu/1001/org/ochre/ccc54987-81aa-687e-758c-2a5a8cad6c9c,Dataset 59
dwgid4877.jpg,missing in metadata,https://pi.lib.uchicago.edu/1001/org/ochre/c51c8717-7076-7805-95eb-1b1e25f68e8e,Dataset 59
dwgid4492.jpg,missing in metadata,https://pi.lib.uchicago.edu/1001/org/ochre/e501e044-1c14-4196-8cb4-9dc9a2c047b8,Dataset 59
dwgid4495.jpg,missing in metadata,https://pi.lib.uchicago.edu/1001/org/ochre/48abad52-20f7-49d9-8cc7-148ff0d4c2ae,Dataset 59
dwgid4502.jpg,missing in metadata,https://pi.lib.uchicago.edu/1001/org/ochre/2c444eb0-c793-451e-9815-6be0f6f79932,Dataset 59
dwgid4906.jpg,missing in metadata,https://pi.lib.uchicago.edu/1001/org/ochre/c5d028b1-3a14-4ba3-5f3c-08f9fa593aaa,Dataset 59
dwgid4910.jpg,missing in metadata,https://pi.lib.uchicago.edu/1001/org/ochre/e3b67c05-0b03-0af9-549e-c808eaaf4faa,Dataset 59
dwgid4916.jpg,missing in metadata,https://pi.lib.uchicago.edu/1001/org/ochre/ccfd51e7-2117-ef17-d65b-6276958f3d4a,Dataset 59
dwgid4507.jpg,missing in metadata,https://pi.lib.uchicago.edu/1001/org/ochre/6ecc9f17-a36c-4e4d-aab8-d0ecde51e16e,Dataset 59
dwgid4921.jpg,missing in metadata,https://pi.lib.uchicago.edu/1001/org/ochre/b64df898-e6db-31c4-7281-dc9e3ade504f,Dataset 59
dwgid4513.jpg,missing in metadata,https://pi.lib.uchicago.edu/1001/org/ochre/0b786e44-e3cb-4824-bc92-cf1367ac9af1,Dataset 59
dwgid4514.jpg,missing in metadata,https://pi.lib.uchicago.edu/1001/org/ochre/7fac2594-fb70-476e-820d-4e7ab0e488f6,Dataset 59
dwgid4939.jpg,missing in metadata,https://pi.lib.uchicago.edu/1001/org/ochre/81fe7388-f4db-f4e8-080a-64e5f10425bc,Dataset 59
dwgid4944.jpg,missing in metadata,https://pi.lib.uchicago.edu/1001/org/ochre/364d3452-e5cb-e2b9-5d1c-8fbc2646af2a,Dataset 59
dwgid4517.jpg,missing in metadata,https://pi.lib.uchicago.edu/1001/org/ochre/e7d8473a-1cdf-4762-a2df-de4644701eba,Dataset 59
dwgid4956.jpg,missing in metadata,https://pi.lib.uchicago.edu/1001/org/ochre/98d43c6c-e832-0b17-2f76-e329e9f68e87,Dataset 59
dwgid4960.jpg,missing in metadata,https://pi.lib.uchicago.edu/1001/org/ochre/0936151c-38af-b83c-bad8-16eee3c374bf,Dataset 59
dwgid4966.jpg,missing in metadata,https://pi.lib.uchicago.edu/1001/org/ochre/377f4a18-6461-00ef-7fc7-c15d777f0732,Dataset 59
dwgid4518.jpg,missing in metadata,https://pi.lib.uchicago.edu/1001/org/ochre/790ae12a-a42d-4bca-8ce4-99e53a324bb1,Dataset 59
dwgid4971.jpg,missing in metadata,https://pi.lib.uchicago.edu/1001/org/ochre/8d127810-278b-7f5d-d040-856a6cff18d4,Dataset 59
dwgid4520.jpg,missing in metadata,https://pi.lib.uchicago.edu/1001/org/ochre/5c9b983a-cbb5-41d7-8d42-6633b526421b,Dataset 59
dwgid4521.jpg,missing in metadata,https://pi.lib.uchicago.edu/1001/org/ochre/1839f3a3-e8de-4cc4-8235-5cd162cdf295,Dataset 59
dwgid5010.jpg,missing in metadata,https://pi.lib.uchicago.edu/1001/org/ochre/93b3b0d9-c2d4-a3dc-b3fc-520695c70067,Dataset 59
dwgid4522.jpg,missing in metadata,https://pi.lib.uchicago.edu/1001/org/ochre/eb43313a-b59a-409d-a598-9bb99cb37eb1,Dataset 59
dwgid4523.jpg,missing in metadata,https://pi.lib.uchicago.edu/1001/org/ochre/c4d4bfb0-a25c-4a6b-a29c-fa9b36b05114,Dataset 59
dwgid4535.jpg,missing in metadata,https://pi.lib.uchicago.edu/1001/org/ochre/6cafceeb-a3f4-4247-8c35-5339932a97a1,Dataset 59
dwgid4540.jpg,missing in metadata,https://pi.lib.uchicago.edu/1001/org/ochre/fa838e31-174b-4530-a280-dfb0d80d908c,Dataset 59
dwgid4544.jpg,missing in metadata,https://pi.lib.uchicago.edu/1001/org/ochre/c1769cb5-d81f-4e82-a7b7-42550ccf2ff0,Dataset 59
dwgid4545.jpg,missing in metadata,https://pi.lib.uchicago.edu/1001/org/ochre/dc9d8a98-8d63-4ab2-b72a-88230aa09c76,Dataset 59
dwgid4581.jpg,missing in metadata,https://pi.lib.uchicago.edu/1001/org/ochre/5f6bd7a9-5fd9-42fa-807c-dea683fb9bdb,Dataset 59
dwgid5070.jpg,missing in metadata,https://pi.lib.uchicago.edu/1001/org/ochre/25c24f51-4ac7-9e04-923c-db5d7102a179,Dataset 59
dwgid5075.jpg,missing in metadata,https://pi.lib.uchicago.edu/1001/org/ochre/d3c87778-1749-e2df-8ec5-86c36335c9f4,Dataset 59
dwgid5086.jpg,missing in metadata,https://pi.lib.uchicago.edu/1001/org/ochre/9c1568a6-c94f-f48b-0251-6138e2c8aaad,Dataset 59
dwgid5087.jpg,missing in metadata,https://pi.lib.uchicago.edu/1001/org/ochre/7ed20f88-57d6-a71e-083d-42d45c55d311,Dataset 59
dwgid4586.jpg,missing in metadata,https://pi.lib.uchicago.edu/1001/org/ochre/2c5155b2-f144-4b49-9f99-561bbeb41e6e,Dataset 59
dwgid4589.jpg,missing in metadata,https://pi.lib.uchicago.edu/1001/org/ochre/62a37cae-f66d-4534-a1d7-b97082edc1ab,Dataset 59
dwgid5105.jpg,missing in metadata,https://pi.lib.uchicago.edu/1001/org/ochre/f964e91c-befd-3ef0-40e5-9714cfaa1e03,Dataset 59
dwgid5115.jpg,missing in metadata,https://pi.lib.uchicago.edu/1001/org/ochre/3beac106-4252-f39f-f574-70f22d730a18,Dataset 59
dwgid5141.jpg,missing in metadata,https://pi.lib.uchicago.edu/1001/org/ochre/a73a9613-3558-9de4-3af9-093d6cf51d5c,Dataset 59
dwgid5149.jpg,missing in metadata,https://pi.lib.uchicago.edu/1001/org/ochre/a7649ebb-8dcc-e4b6-7855-dce411523304,Dataset 59
dwgid4603.jpg,missing in metadata,https://pi.lib.uchicago.edu/1001/org/ochre/f7326c96-7517-45ad-8a46-e98f2b5ed0f6,Dataset 59
dwgid5153.jpg,missing in metadata,https://pi.lib.uchicago.edu/1001/org/ochre/5b292e6e-e18c-416c-0dd1-9f4733fc2661,Dataset 59
dwgid4604.jpg,missing in metadata,https://pi.lib.uchicago.edu/1001/org/ochre/64b4c29d-c0c2-4593-93f8-0f61e7033ab3,Dataset 59
dwgid4605.jpg,missing in metadata,https://pi.lib.uchicago.edu/1001/org/ochre/299ece05-ac33-4ef2-92e4-839840e5c0e4,Dataset 59
dwgid4606.jpg,missing in metadata,https://pi.lib.uchicago.edu/1001/org/ochre/5ee9a384-2f22-410c-a2ae-3429371d64c2,Dataset 59
dwgid5166.jpg,missing in metadata,https://pi.lib.uchicago.edu/1001/org/ochre/857d777a-9860-a5f2-7513-ddf17e3e649c,Dataset 59
dwgid5167.jpg,missing in metadata,https://pi.lib.uchicago.edu/1001/org/ochre/a28f07d6-88e9-b399-fa79-929631265f82,Dataset 59
dwgid5176.jpg,missing in metadata,https://pi.lib.uchicago.edu/1001/org/ochre/7f2fe3df-1925-c589-21b9-78f4f9b4b392,Dataset 59
dwgid5186.jpg,missing in metadata,https://pi.lib.uchicago.edu/1001/org/ochre/1eb3a446-2b7f-5753-1b66-93d579fa9d67,Dataset 59
dwgid5194.jpg,missing in metadata,https://pi.lib.uchicago.edu/1001/org/ochre/ba6d0a2c-86ef-c965-bdbd-4b523f5ae8f8,Dataset 59
dwgid4608.jpg,missing in metadata,https://pi.lib.uchicago.edu/1001/org/ochre/5f8df70f-8007-471c-99a1-5b11e8c796b1,Dataset 59
dwgid4622.jpg,missing in metadata,https://pi.lib.uchicago.edu/1001/org/ochre/1a365877-b369-4fdb-936e-ddd43b769469,Dataset 59
dwgid4623.jpg,missing in metadata,https://pi.lib.uchicago.edu/1001/org/ochre/3b26efa5-2d1d-4f3a-9cc9-01d97557b778,Dataset 59
dwgid5203.jpg,missing in metadata,https://pi.lib.uchicago.edu/1001/org/ochre/a5c64062-edf2-7580-c88e-f1068c4e60e6,Dataset 59
dwgid5204.jpg,missing in metadata,https://pi.lib.uchicago.edu/1001/org/ochre/fae38f6d-4813-7229-480c-767b5e63049e,Dataset 59
dwgid5205.jpg,missing in metadata,https://pi.lib.uchicago.edu/1001/org/ochre/1609165a-5128-4b68-7925-7c1d10fe9127,Dataset 59
dwgid5206.jpg,missing in metadata,https://pi.lib.uchicago.edu/1001/org/ochre/90802143-da39-39c8-4aff-c68f75ec0c76,Dataset 59
dwgid4624.jpg,missing in metadata,https://pi.lib.uchicago.edu/1001/org/ochre/4a0d1fd8-265f-4dcc-abee-0e7454dffd35,Dataset 59
dwgid4625.jpg,missing in metadata,https://pi.lib.uchicago.edu/1001/org/ochre/4408ebee-d2df-454d-8b90-8656d2c2cdd5,Dataset 59
dwgid5238.jpg,missing in metadata,https://pi.lib.uchicago.edu/1001/org/ochre/6e896747-3feb-22ea-5285-774bc4e9e0e7,Dataset 59
dwgid5244.jpg,missing in metadata,https://pi.lib.uchicago.edu/1001/org/ochre/1d6309f2-768c-181c-3c7d-8c078041026f,Dataset 59
dwgid5257.jpg,missing in metadata,https://pi.lib.uchicago.edu/1001/org/ochre/75d5b854-9735-9438-ef71-94e97fae3cff,Dataset 59
dwgid5259.jpg,missing in metadata,https://pi.lib.uchicago.edu/1001/org/ochre/72b2d718-c721-df62-eec5-10b5027047da,Dataset 59
dwgid5266.jpg,missing in metadata,https://pi.lib.uchicago.edu/1001/org/ochre/07e4966f-c3fb-fd2d-30a8-6486e38b9814,Dataset 59
dwgid4626.jpg,missing in metadata,https://pi.lib.uchicago.edu/1001/org/ochre/445fe332-89b3-421c-bca9-1c8c205653c7,Dataset 59
dwgid4627.jpg,missing in metadata,https://pi.lib.uchicago.edu/1001/org/ochre/0c280e16-4b60-4ee3-9a16-89169ec4c42d,Dataset 59
dwgid4628.jpg,missing in metadata,https://pi.lib.uchicago.edu/1001/org/ochre/d5799451-713a-4ac1-99dd-eb12385cbb1e,Dataset 59
dwgid5278.jpg,missing in metadata,https://pi.lib.uchicago.edu/1001/org/ochre/ee62b884-b5ed-17e4-c15b-ee954ef7919e,Dataset 59
dwgid4629.jpg,missing in metadata,https://pi.lib.uchicago.edu/1001/org/ochre/5f7d81e3-c4af-4651-ac3c-1e753524c0ad,Dataset 59
dwgid4630.jpg,missing in metadata,https://pi.lib.uchicago.edu/1001/org/ochre/74c7e6c9-d5e9-4e51-b002-a06e9e001c78,Dataset 59
dwgid529.jpg,missing in metadata,https://pi.lib.uchicago.edu/1001/org/ochre/cc38d600-e1c9-6b77-8b41-50ae65054725,Dataset 59
dwgid5299.jpg,missing in metadata,https://pi.lib.uchicago.edu/1001/org/ochre/63360285-cba9-3166-9a29-a90b486f04fd,Dataset 59
dwgid4631.jpg,missing in metadata,https://pi.lib.uchicago.edu/1001/org/ochre/7cd25a59-14ef-4675-8a3b-86a0b247b21b,Dataset 59
dwgid4632.jpg,missing in metadata,https://pi.lib.uchicago.edu/1001/org/ochre/0eeec2ab-9ef8-4d08-aab1-418c7316ac63,Dataset 59
dwgid4684.jpg,missing in metadata,https://pi.lib.uchicago.edu/1001/org/ochre/d3d9a440-ba03-4db9-92ce-117aa64edb01,Dataset 59
dwgid531.jpg,missing in metadata,https://pi.lib.uchicago.edu/1001/org/ochre/4927ee92-404e-3fe8-cf4a-c5f9d38bdfea,Dataset 59
dwgid5310.jpg,missing in metadata,https://pi.lib.uchicago.edu/1001/org/ochre/16146f88-3940-0b7a-5223-da00a928fcd3,Dataset 59
dwgid532.jpg,missing in metadata,https://pi.lib.uchicago.edu/1001/org/ochre/dffa935c-a3b8-acdf-ce05-d633fd46952d,Dataset 59
dwgid4727.jpg,missing in metadata,https://pi.lib.uchicago.edu/1001/org/ochre/6cb73108-14e2-4796-a957-64eade35c32d,Dataset 59
dwgid534.jpg,missing in metadata,https://pi.lib.uchicago.edu/1001/org/ochre/340591cd-de25-79ab-6848-b8c2ad339330,Dataset 59
dwgid5343.jpg,missing in metadata,https://pi.lib.uchicago.edu/1001/org/ochre/a225f599-cc55-faf4-543e-696ce04bd31f,Dataset 59
dwgid5344.jpg,missing in metadata,https://pi.lib.uchicago.edu/1001/org/ochre/857295af-1135-c556-7314-b54a8cd62323,Dataset 59
dwgid4792.jpg,missing in metadata,https://pi.lib.uchicago.edu/1001/org/ochre/23da2e84-d629-46ca-adf9-6b6df8f3548b,Dataset 59
dwgid5368.jpg,missing in metadata,https://pi.lib.uchicago.edu/1001/org/ochre/d05a88ce-c78b-c582-8b90-4b1d074b4f66,Dataset 59
dwgid5369.jpg,missing in metadata,https://pi.lib.uchicago.edu/1001/org/ochre/9026758b-0d5b-ee48-6ab9-e7953fba87e8,Dataset 59
dwgid5370.jpg,missing in metadata,https://pi.lib.uchicago.edu/1001/org/ochre/c91b20c8-65ec-4519-29d7-af394c42999f,Dataset 59
dwgid5371.jpg,missing in metadata,https://pi.lib.uchicago.edu/1001/org/ochre/13716d08-4f0f-4d70-54c1-ebe8d0a2fb20,Dataset 59
dwgid5372.jpg,missing in metadata,https://pi.lib.uchicago.edu/1001/org/ochre/35633349-daa3-0ff1-7936-39e98ed7bf7d,Dataset 59
dwgid5373.jpg,missing in metadata,https://pi.lib.uchicago.edu/1001/org/ochre/a01dc8a1-1438-7638-ed58-02ff5fa3c879,Dataset 59
dwgid5374.jpg,missing in metadata,https://pi.lib.uchicago.edu/1001/org/ochre/856ca027-0105-3a45-2992-05f74bc4ffed,Dataset 59
dwgid5375.jpg,missing in metadata,https://pi.lib.uchicago.edu/1001/org/ochre/55178e3a-7cee-95f8-e928-33c7f8de35c3,Dataset 59
dwgid5376.jpg,missing in metadata,https://pi.lib.uchicago.edu/1001/org/ochre/079b49f3-d76a-317b-79f0-e4801391c2da,Dataset 59
dwgid5377.jpg,missing in metadata,https://pi.lib.uchicago.edu/1001/org/ochre/aa6556f7-eda6-0f0b-4900-ed82818f6f5f,Dataset 59
dwgid5378.jpg,missing in metadata,https://pi.lib.uchicago.edu/1001/org/ochre/52f1065b-b0cf-9636-15c9-04f9b3f29003,Dataset 59
dwgid5379.jpg,missing in metadata,https://pi.lib.uchicago.edu/1001/org/ochre/dec7cff1-56c7-e14a-4d91-a4962c84c3ac,Dataset 59
dwgid5380.jpg,missing in metadata,https://pi.lib.uchicago.edu/1001/org/ochre/c009faa6-9ed5-c9af-fae9-b385b696ff1d,Dataset 59
dwgid5381.jpg,missing in metadata,https://pi.lib.uchicago.edu/1001/org/ochre/ec6ff18e-1d68-2eb8-6d78-4e3ec31cf179,Dataset 59
dwgid5382.jpg,missing in metadata,https://pi.lib.uchicago.edu/1001/org/ochre/cf531f64-9438-6a27-0a10-112d770745de,Dataset 59
dwgid5386.jpg,missing in metadata,https://pi.lib.uchicago.edu/1001/org/ochre/abb6e086-393b-e6ca-b403-2ddd0e1ef77c,Dataset 59
dwgid4811.jpg,missing in metadata,https://pi.lib.uchicago.edu/1001/org/ochre/bdd87c4a-259d-47ba-9beb-1145f9941486,Dataset 59
dwgid4816.jpg,missing in metadata,https://pi.lib.uchicago.edu/1001/org/ochre/0be70eb8-5232-4e4e-880a-f5434c8e4764,Dataset 59
dwgid5408.jpg,missing in metadata,https://pi.lib.uchicago.edu/1001/org/ochre/bf1d8158-e0e8-b4ef-8680-056c11cd531d,Dataset 59
dwgid5409.jpg,missing in metadata,https://pi.lib.uchicago.edu/1001/org/ochre/249eb644-b30d-0c67-d34d-9145f36aeebb,Dataset 59
dwgid541.jpg,missing in metadata,https://pi.lib.uchicago.edu/1001/org/ochre/96c4ee5f-5ee2-ee52-5fc1-aad44b5f9d5b,Dataset 59
dwgid5410.jpg,missing in metadata,https://pi.lib.uchicago.edu/1001/org/ochre/f48a85d7-d078-9af9-4b7f-27472fb4e184,Dataset 59
dwgid5411.jpg,missing in metadata,https://pi.lib.uchicago.edu/1001/org/ochre/feeb4408-57b7-61cc-1207-e2e301f8bbf9,Dataset 59
dwgid5412.jpg,missing in metadata,https://pi.lib.uchicago.edu/1001/org/ochre/5972b7e2-1fac-8d32-03ff-cfc1497f3059,Dataset 59
dwgid5413.jpg,missing in metadata,https://pi.lib.uchicago.edu/1001/org/ochre/fd1e55d5-1e33-9cc5-ade1-4d86e3fae308,Dataset 59
dwgid5414.jpg,missing in metadata,https://pi.lib.uchicago.edu/1001/org/ochre/f8d88222-c950-c46e-efb2-75b233f2ac74,Dataset 59
dwgid5415.jpg,missing in metadata,https://pi.lib.uchicago.edu/1001/org/ochre/f80337d7-3f15-83dc-b4ee-113442b703a8,Dataset 59
dwgid5416.jpg,missing in metadata,https://pi.lib.uchicago.edu/1001/org/ochre/425c091d-2a83-42f3-3257-0df161a21ff9,Dataset 59
dwgid5417.jpg,missing in metadata,https://pi.lib.uchicago.edu/1001/org/ochre/e6bd2bcb-2337-e145-426d-7dce6c1d5869,Dataset 59
dwgid5418.jpg,missing in metadata,https://pi.lib.uchicago.edu/1001/org/ochre/7fe3c2a8-0899-933c-8515-458cd2fcbbcc,Dataset 59
dwgid5419.jpg,missing in metadata,https://pi.lib.uchicago.edu/1001/org/ochre/03053d9c-d179-d722-9599-658e61d08c6a,Dataset 59
dwgid5420.jpg,missing in metadata,https://pi.lib.uchicago.edu/1001/org/ochre/e578a714-8646-cec0-85f3-06346ee309ee,Dataset 59
dwgid5421.jpg,missing in metadata,https://pi.lib.uchicago.edu/1001/org/ochre/d6edbced-d232-842a-4116-105307d1b995,Dataset 59
dwgid5422.jpg,missing in metadata,https://pi.lib.uchicago.edu/1001/org/ochre/773ab71e-f0c6-39b6-9f01-ce5859106614,Dataset 59
dwgid5430.jpg,missing in metadata,https://pi.lib.uchicago.edu/1001/org/ochre/7e47fd16-7c60-51b9-f334-38cf19397a0b,Dataset 59
dwgid5437.jpg,missing in metadata,https://pi.lib.uchicago.edu/1001/org/ochre/d196dd1a-24ff-c61e-56eb-a9c75466af50,Dataset 59
dwgid4822.jpg,missing in metadata,https://pi.lib.uchicago.edu/1001/org/ochre/2e2f13cf-0dd8-4d28-8cd5-8b332a386ad4,Dataset 59
dwgid5454.jpg,missing in metadata,https://pi.lib.uchicago.edu/1001/org/ochre/df4e865d-9021-d1bd-f184-be8a794754ff,Dataset 59
dwgid4841.jpg,missing in metadata,https://pi.lib.uchicago.edu/1001/org/ochre/2660940f-0226-4d80-aee2-6690c9dcdfa7,Dataset 59
dwgid5462.jpg,missing in metadata,https://pi.lib.uchicago.edu/1001/org/ochre/0c8e7435-5ffc-839a-7a45-33cc5a0247f7,Dataset 59
dwgid5464.jpg,missing in metadata,https://pi.lib.uchicago.edu/1001/org/ochre/749cb4f6-bafd-7bdf-f5a5-b2c3ba82fc86,Dataset 59
dwgid5466.jpg,missing in metadata,https://pi.lib.uchicago.edu/1001/org/ochre/70fd7cc9-f9b1-2dbf-1787-d21b2d731477,Dataset 59
dwgid4846.jpg,missing in metadata,https://pi.lib.uchicago.edu/1001/org/ochre/17d70f64-98fc-4583-b818-e1b875b97c5e,Dataset 59
dwgid4847.jpg,missing in metadata,https://pi.lib.uchicago.edu/1001/org/ochre/111febb5-d480-4b22-a8df-b2c7e07a8d14,Dataset 59
dwgid4848.jpg,missing in metadata,https://pi.lib.uchicago.edu/1001/org/ochre/c7f8d313-d627-46a0-a3d5-2d0871d79a3f,Dataset 59
dwgid4849.jpg,missing in metadata,https://pi.lib.uchicago.edu/1001/org/ochre/c4d4ce67-fff6-4519-a3cd-234334fa227d,Dataset 59
dwgid4850.jpg,missing in metadata,https://pi.lib.uchicago.edu/1001/org/ochre/33ad2fea-5272-4721-b87e-d8921d2888a7,Dataset 59
dwgid4851.jpg,missing in metadata,https://pi.lib.uchicago.edu/1001/org/ochre/11072ac2-075b-47a3-9941-e011e9f22158,Dataset 59
dwgid4852.jpg,missing in metadata,https://pi.lib.uchicago.edu/1001/org/ochre/df18d981-09d5-460e-aef1-a80062c8fd0c,Dataset 59
dwgid5500.jpg,missing in metadata,https://pi.lib.uchicago.edu/1001/org/ochre/cbb98572-f9f8-3dea-3418-e1460de0d08f,Dataset 59
dwgid4878.jpg,missing in metadata,https://pi.lib.uchicago.edu/1001/org/ochre/dfeac68e-1c86-4e17-82fa-f5698805dcf1,Dataset 59
dwgid4879.jpg,missing in metadata,https://pi.lib.uchicago.edu/1001/org/ochre/9ee6c1cb-e74c-4260-a59c-e5edb91b7d4d,Dataset 59
dwgid5513.jpg,missing in metadata,https://pi.lib.uchicago.edu/1001/org/ochre/827889a9-a5dd-08cb-34f6-d9da01d7e3b8,Dataset 59
dwgid5518.jpg,missing in metadata,https://pi.lib.uchicago.edu/1001/org/ochre/368494d7-0db5-fd99-281a-46165b82293d,Dataset 59
dwgid4880.jpg,missing in metadata,https://pi.lib.uchicago.edu/1001/org/ochre/26e9adaa-95dc-4057-ac24-8e4e694f4cff,Dataset 59
dwgid4932.jpg,missing in metadata,https://pi.lib.uchicago.edu/1001/org/ochre/8cd240a0-b82a-40b7-a984-b152d746063f,Dataset 59
dwgid4968.jpg,missing in metadata,https://pi.lib.uchicago.edu/1001/org/ochre/115a7859-aed0-4db5-b385-e96abaee0c53,Dataset 59
dwgid4978.jpg,missing in metadata,https://pi.lib.uchicago.edu/1001/org/ochre/19353ae9-c68a-4abf-9866-5d16a7db29b4,Dataset 59
dwgid5540.jpg,missing in metadata,https://pi.lib.uchicago.edu/1001/org/ochre/f0b18f3f-72c3-050c-6cba-620e398e908a,Dataset 59
dwgid5541.jpg,missing in metadata,https://pi.lib.uchicago.edu/1001/org/ochre/cb3171fa-e313-5974-5e08-7b6428de87c9,Dataset 59
dwgid5542.jpg,missing in metadata,https://pi.lib.uchicago.edu/1001/org/ochre/b17a4f18-2558-53f0-12a8-3204e6f7fde9,Dataset 59
dwgid5543.jpg,missing in metadata,https://pi.lib.uchicago.edu/1001/org/ochre/d433e90d-2c2c-1c2a-064e-2ed177181e63,Dataset 59
dwgid5544.jpg,missing in metadata,https://pi.lib.uchicago.edu/1001/org/ochre/5985a575-fc9e-3699-0014-593a5bf25492,Dataset 59
dwgid5545.jpg,missing in metadata,https://pi.lib.uchicago.edu/1001/org/ochre/68535346-0b8a-0212-8d7f-4668320ca689,Dataset 59
dwgid5546.jpg,missing in metadata,https://pi.lib.uchicago.edu/1001/org/ochre/4d0393f1-10ba-d8ba-c56f-89c1c6302405,Dataset 59
dwgid5547.jpg,missing in metadata,https://pi.lib.uchicago.edu/1001/org/ochre/64a6d17e-d6c9-c490-58fe-925f486d4c1b,Dataset 59
dwgid5557.jpg,missing in metadata,https://pi.lib.uchicago.edu/1001/org/ochre/fefa3454-f6ed-1972-3fe8-be818ea3e007,Dataset 59
dwgid4988.jpg,missing in metadata,https://pi.lib.uchicago.edu/1001/org/ochre/f556ff96-8c54-40c1-b69f-5e97f97405eb,Dataset 59
dwgid5018.jpg,missing in metadata,https://pi.lib.uchicago.edu/1001/org/ochre/57133781-b787-4d1f-8254-456e25a69d01,Dataset 59
dwgid5579.jpg,missing in metadata,https://pi.lib.uchicago.edu/1001/org/ochre/2efa5e48-8b55-4d4c-645d-4492b3e5b62e,Dataset 59
dwgid5032.jpg,missing in metadata,https://pi.lib.uchicago.edu/1001/org/ochre/4dfb449f-42bb-4a12-8a7d-903a3586e9a8,Dataset 59
dwgid5045.jpg,missing in metadata,https://pi.lib.uchicago.edu/1001/org/ochre/fd4a871a-3ddf-439a-bbc1-fbfc38ba66aa,Dataset 59
dwgid5048.jpg,missing in metadata,https://pi.lib.uchicago.edu/1001/org/ochre/4ed14aa0-d9cd-45ab-8840-591c07013311,Dataset 59
dwgid5592.jpg,missing in metadata,https://pi.lib.uchicago.edu/1001/org/ochre/0fcbae32-e95c-794c-3829-0eff73f2d0ce,Dataset 59
dwgid5052.jpg,missing in metadata,https://pi.lib.uchicago.edu/1001/org/ochre/82b0341a-b7d8-4d19-83be-9a8d95b08161,Dataset 59
dwgid5059.jpg,missing in metadata,https://pi.lib.uchicago.edu/1001/org/ochre/a2de33a8-fbc8-4a39-91aa-197a1ef7b953,Dataset 59
dwgid5600.jpg,missing in metadata,https://pi.lib.uchicago.edu/1001/org/ochre/16d7bc9f-bd66-1a73-8b7c-df15fa915e91,Dataset 59
dwgid5601.jpg,missing in metadata,https://pi.lib.uchicago.edu/1001/org/ochre/dedb4080-c05f-627c-2a24-d05a8ae14802,Dataset 59
dwgid5602.jpg,missing in metadata,https://pi.lib.uchicago.edu/1001/org/ochre/dc970a5e-13f3-d0f1-8e42-54a1b761c58e,Dataset 59
dwgid5067.jpg,missing in metadata,https://pi.lib.uchicago.edu/1001/org/ochre/040d80ed-d589-4884-bea2-e8d61533ae24,Dataset 59
dwgid5090.jpg,missing in metadata,https://pi.lib.uchicago.edu/1001/org/ochre/13066195-d5f6-424d-bbb6-00b92cfb4a52,Dataset 59
dwgid5091.jpg,missing in metadata,https://pi.lib.uchicago.edu/1001/org/ochre/edaff07a-2d3a-40a3-a467-0eddaa407c52,Dataset 59
dwgid5150.jpg,missing in metadata,https://pi.lib.uchicago.edu/1001/org/ochre/2c3b7c38-66b9-4971-afab-7e670c4e8946,Dataset 59
dwgid5157.jpg,missing in metadata,https://pi.lib.uchicago.edu/1001/org/ochre/b8f41647-5a01-42ae-bef8-49cf4a12e828,Dataset 59
dwgid5163.jpg,missing in metadata,https://pi.lib.uchicago.edu/1001/org/ochre/14d925a9-1190-4c09-965c-d88b2195f3ad,Dataset 59
dwgid5164.jpg,missing in metadata,https://pi.lib.uchicago.edu/1001/org/ochre/d88e5cc6-4026-4cdb-969d-c99d37ea719b,Dataset 59
dwgid5199.jpg,missing in metadata,https://pi.lib.uchicago.edu/1001/org/ochre/cf86b3f2-68fc-4329-9d2a-fd1c4e4380d8,Dataset 59
dwgid5200.jpg,missing in metadata,https://pi.lib.uchicago.edu/1001/org/ochre/dbc7584f-aa6d-4e83-a6e2-71b33784f091,Dataset 59
dwgid5201.jpg,missing in metadata,https://pi.lib.uchicago.edu/1001/org/ochre/1639d6f4-5dfb-47d3-8457-7b220d5a9343,Dataset 59
dwgid5621.jpg,missing in metadata,https://pi.lib.uchicago.edu/1001/org/ochre/040ebcfb-327f-fbc7-8edd-98a5ad8489d8,Dataset 59
dwgid5622.jpg,missing in metadata,https://pi.lib.uchicago.edu/1001/org/ochre/29bd29e7-41ca-b085-1c7a-ba6aa7327f6c,Dataset 59
dwgid5212.jpg,missing in metadata,https://pi.lib.uchicago.edu/1001/org/ochre/02128d1f-9455-4314-bee2-701dc8497fe9,Dataset 59
dwgid5220.jpg,missing in metadata,https://pi.lib.uchicago.edu/1001/org/ochre/000a926a-208d-4ed8-bc39-b98d1719953f,Dataset 59
dwgid5267.jpg,missing in metadata,https://pi.lib.uchicago.edu/1001/org/ochre/41ce4861-d723-4fc2-9517-3598ce437ffa,Dataset 59
dwgid5631.jpg,missing in metadata,https://pi.lib.uchicago.edu/1001/org/ochre/bb64f317-28c9-4a66-0488-36c672447f07,Dataset 59
dwgid5632.jpg,missing in metadata,https://pi.lib.uchicago.edu/1001/org/ochre/77283baf-7784-6658-544b-b15a46386f96,Dataset 59
dwgid5633.jpg,missing in metadata,https://pi.lib.uchicago.edu/1001/org/ochre/233a3a40-289b-3a02-708e-161f41515acf,Dataset 59
dwgid5269.jpg,missing in metadata,https://pi.lib.uchicago.edu/1001/org/ochre/5eb9cd4b-8d20-408f-80d3-1860b9cfc0de,Dataset 59
dwgid5635.jpg,missing in metadata,https://pi.lib.uchicago.edu/1001/org/ochre/5d55b04e-064f-6120-fe55-b08a4497bcfb,Dataset 59
dwgid5270.jpg,missing in metadata,https://pi.lib.uchicago.edu/1001/org/ochre/e6250793-694f-4948-b0cf-21c12503d561,Dataset 59
dwgid5281.jpg,missing in metadata,https://pi.lib.uchicago.edu/1001/org/ochre/1930c6a5-a691-47ab-850f-79e7d69711db,Dataset 59
dwgid5647.jpg,missing in metadata,https://pi.lib.uchicago.edu/1001/org/ochre/978be2d0-b380-76dd-72dd-a10c6c213d31,Dataset 59
dwgid5656.jpg,missing in metadata,https://pi.lib.uchicago.edu/1001/org/ochre/466e1a95-d855-87c9-27e5-8336a2775d6a,Dataset 59
dwgid5288.jpg,missing in metadata,https://pi.lib.uchicago.edu/1001/org/ochre/56b97e1b-f7c0-4fec-91c2-077dcf370c5d,Dataset 59
dwgid5661.jpg,missing in metadata,https://pi.lib.uchicago.edu/1001/org/ochre/505ea3e1-cee2-9377-214b-6014e2986843,Dataset 59
dwgid5662.jpg,missing in metadata,https://pi.lib.uchicago.edu/1001/org/ochre/f3a95889-52fa-00d5-cdf6-8d8544ce852c,Dataset 59
dwgid5300.jpg,missing in metadata,https://pi.lib.uchicago.edu/1001/org/ochre/2356f411-9153-4395-84af-9c8c4fffc036,Dataset 59
dwgid5301.jpg,missing in metadata,https://pi.lib.uchicago.edu/1001/org/ochre/db95f1a8-db56-4a23-aa11-81ee688ed233,Dataset 59
dwgid5680.jpg,missing in metadata,https://pi.lib.uchicago.edu/1001/org/ochre/d9fe3626-d6c0-044b-f5e4-b559ead34a7b,Dataset 59
dwgid5684.jpg,missing in metadata,https://pi.lib.uchicago.edu/1001/org/ochre/4e050e29-e325-7318-203d-25f6cc13128b,Dataset 59
dwgid5328.jpg,missing in metadata,https://pi.lib.uchicago.edu/1001/org/ochre/dcf33173-e9ea-4b7f-8c4b-4681be7c0f26,Dataset 59
dwgid5692.jpg,missing in metadata,https://pi.lib.uchicago.edu/1001/org/ochre/de4c920e-7f03-8eb1-265e-e5fe8852db97,Dataset 59
dwgid5700.jpg,missing in metadata,https://pi.lib.uchicago.edu/1001/org/ochre/64224bb1-1994-97e6-101c-3369e5ed71ef,Dataset 59
dwgid5709.jpg,missing in metadata,https://pi.lib.uchicago.edu/1001/org/ochre/3838d88f-ae0f-80f1-ace0-8ff2bd0ad596,Dataset 59
dwgid5710.jpg,missing in metadata,https://pi.lib.uchicago.edu/1001/org/ochre/486829ae-a14d-c046-77bd-7d7cf26ddfd9,Dataset 59
dwgid5711.jpg,missing in metadata,https://pi.lib.uchicago.edu/1001/org/ochre/79ffc5f4-b270-f4e7-b5dd-c3a3aa64d892,Dataset 59
dwgid5392.jpg,missing in metadata,https://pi.lib.uchicago.edu/1001/org/ochre/e1dd3007-8b13-4f41-bddd-496025be97be,Dataset 59
dwgid5719.jpg,missing in metadata,https://pi.lib.uchicago.edu/1001/org/ochre/1aa5410a-d071-f856-89ba-73368679492b,Dataset 59
dwgid5730.jpg,missing in metadata,https://pi.lib.uchicago.edu/1001/org/ochre/49f3506e-531e-2791-c6cb-0118a139b602,Dataset 59
dwgid5445.jpg,missing in metadata,https://pi.lib.uchicago.edu/1001/org/ochre/c1a4c6f4-0ac7-4ce4-8a5e-5de364d29bc7,Dataset 59
dwgid5477.jpg,missing in metadata,https://pi.lib.uchicago.edu/1001/org/ochre/d851f65a-399f-433c-a777-bd470d92bf17,Dataset 59
dwgid576.jpg,missing in metadata,https://pi.lib.uchicago.edu/1001/org/ochre/142db296-e8ed-ff0c-4d1b-5be4bde6f4c4,Dataset 59
dwgid5764.jpg,missing in metadata,https://pi.lib.uchicago.edu/1001/org/ochre/b0b4869e-a686-895a-5f78-71c6ad452dbb,Dataset 59
dwgid5766.jpg,missing in metadata,https://pi.lib.uchicago.edu/1001/org/ochre/acd1326b-d056-aabd-4902-9617821202f5,Dataset 59
dwgid577.jpg,missing in metadata,https://pi.lib.uchicago.edu/1001/org/ochre/c4772c48-3442-7d32-45c9-488346d68b4d,Dataset 59
dwgid5771.jpg,missing in metadata,https://pi.lib.uchicago.edu/1001/org/ochre/203479dc-ddb0-d0c9-5343-8e2ecd5d078d,Dataset 59
dwgid5772.jpg,missing in metadata,https://pi.lib.uchicago.edu/1001/org/ochre/f2a8f4d5-7e58-dda1-afc3-be2ae51ef1e6,Dataset 59
dwgid5774.jpg,missing in metadata,https://pi.lib.uchicago.edu/1001/org/ochre/46ffbc52-44e3-b438-abe8-c2c320e82963,Dataset 59
dwgid5777.jpg,missing in metadata,https://pi.lib.uchicago.edu/1001/org/ochre/98ed7a42-4fa2-5b49-7e99-56407379a89a,Dataset 59
dwgid578.jpg,missing in metadata,https://pi.lib.uchicago.edu/1001/org/ochre/4eda6558-ccae-42f0-f070-cf71367dce0c,Dataset 59
dwgid5782.jpg,missing in metadata,https://pi.lib.uchicago.edu/1001/org/ochre/e1cffdc1-a7e4-892a-da10-11e4702ce7b9,Dataset 59
dwgid5792.jpg,missing in metadata,https://pi.lib.uchicago.edu/1001/org/ochre/7df8a616-d8d6-61d2-2387-74a215df37a1,Dataset 59
dwgid5794.jpg,missing in metadata,https://pi.lib.uchicago.edu/1001/org/ochre/e1986b3a-2d68-c37e-0dcc-425d51f89cac,Dataset 59
dwgid5796.jpg,missing in metadata,https://pi.lib.uchicago.edu/1001/org/ochre/4e6dc30b-9fe0-9be0-9d4b-99b284201ab7,Dataset 59
dwgid5805.jpg,missing in metadata,https://pi.lib.uchicago.edu/1001/org/ochre/d4f16e55-9489-e5f6-5d42-057d6a3544ee,Dataset 59
dwgid5478.jpg,missing in metadata,https://pi.lib.uchicago.edu/1001/org/ochre/5bb4d0c9-d94c-4c12-a9a1-45cfdd015b6c,Dataset 59
dwgid5835.jpg,missing in metadata,https://pi.lib.uchicago.edu/1001/org/ochre/691a51d7-b0c6-4c10-b941-ea2cc2b9b2d1,Dataset 59
dwgid5853.jpg,missing in metadata,https://pi.lib.uchicago.edu/1001/org/ochre/9fbe04fa-8097-6713-324c-ccc1d9d7aefb,Dataset 59
dwgid5481.jpg,missing in metadata,https://pi.lib.uchicago.edu/1001/org/ochre/eaccb336-d4bd-45f6-908d-989f2ac99e28,Dataset 59
dwgid5856.jpg,missing in metadata,https://pi.lib.uchicago.edu/1001/org/ochre/bf245930-186d-915a-df7c-fe4f416e51b4,Dataset 59
dwgid5864.jpg,missing in metadata,https://pi.lib.uchicago.edu/1001/org/ochre/d8bddb25-b23c-ff1e-ca74-a2af690d47b2,Dataset 59
dwgid5869.jpg,missing in metadata,https://pi.lib.uchicago.edu/1001/org/ochre/23cec058-4fa9-2e53-8def-07bd0eeaa076,Dataset 59
dwgid5882.jpg,missing in metadata,https://pi.lib.uchicago.edu/1001/org/ochre/5cc9126b-d887-4736-2a7b-eca3dc993c0d,Dataset 59
dwgid589.jpg,missing in metadata,https://pi.lib.uchicago.edu/1001/org/ochre/52269e8e-100c-058a-48ce-cdfc3c0518ad,Dataset 59
dwgid590.jpg,missing in metadata,https://pi.lib.uchicago.edu/1001/org/ochre/b52903e2-b516-5110-438f-361dc0460e33,Dataset 59
dwgid5900.jpg,missing in metadata,https://pi.lib.uchicago.edu/1001/org/ochre/3fad94bd-f25f-cba8-6cd7-50fc41057778,Dataset 59
dwgid5906.jpg,missing in metadata,https://pi.lib.uchicago.edu/1001/org/ochre/ccc78f3c-3df4-b6af-baaf-2fe08c111726,Dataset 59
dwgid5914.jpg,missing in metadata,https://pi.lib.uchicago.edu/1001/org/ochre/307a7007-72ca-af47-141f-8e21680a2042,Dataset 59
dwgid5933.jpg,missing in metadata,https://pi.lib.uchicago.edu/1001/org/ochre/a632c2fb-ba47-34db-3c73-9ca794ebf773,Dataset 59
dwgid5507.jpg,missing in metadata,https://pi.lib.uchicago.edu/1001/org/ochre/1ef6697f-8c59-4719-ae44-fd3018a13634,Dataset 59
dwgid5524.jpg,missing in metadata,https://pi.lib.uchicago.edu/1001/org/ochre/e6fcc681-def4-4a81-9e9d-f7b457bd9a77,Dataset 59
dwgid5952.jpg,missing in metadata,https://pi.lib.uchicago.edu/1001/org/ochre/9f586fbe-cd23-37d5-e723-ec91f54ec576,Dataset 59
dwgid5963.jpg,missing in metadata,https://pi.lib.uchicago.edu/1001/org/ochre/cffd9adf-0bf0-b59e-36fe-4029b63c7cdc,Dataset 59
dwgid5964.jpg,missing in metadata,https://pi.lib.uchicago.edu/1001/org/ochre/f4572a09-21cf-c2e4-69d1-92bcb0c45438,Dataset 59
dwgid5965.jpg,missing in metadata,https://pi.lib.uchicago.edu/1001/org/ochre/6ac00b01-96ec-53a2-b89c-012acded4477,Dataset 59
dwgid5966.jpg,missing in metadata,https://pi.lib.uchicago.edu/1001/org/ochre/f01dfd2e-66da-96e6-bb2f-280ef0f4bb9b,Dataset 59
dwgid5530.jpg,missing in metadata,https://pi.lib.uchicago.edu/1001/org/ochre/7ef6ef71-ad4b-4952-b52b-d7b6c2944851,Dataset 59
dwgid5968.jpg,missing in metadata,https://pi.lib.uchicago.edu/1001/org/ochre/474d0384-6c98-5ec4-1827-756c37bb4433,Dataset 59
dwgid5969.jpg,missing in metadata,https://pi.lib.uchicago.edu/1001/org/ochre/a5096b31-1db8-ee9a-b8ce-dfe0b83f346a,Dataset 59
dwgid5538.jpg,missing in metadata,https://pi.lib.uchicago.edu/1001/org/ochre/ff089494-9c92-4871-a6cc-bda6e49b6a0e,Dataset 59
dwgid5970.jpg,missing in metadata,https://pi.lib.uchicago.edu/1001/org/ochre/c1f9ce1b-6a71-89dc-a27a-344ca29deabf,Dataset 59
dwgid5971.jpg,missing in metadata,https://pi.lib.uchicago.edu/1001/org/ochre/309ca1b5-d4c6-538d-4867-dca13ff8773a,Dataset 59
dwgid5972.jpg,missing in metadata,https://pi.lib.uchicago.edu/1001/org/ochre/3618dcb6-cf6d-449d-3476-4de84f0eebbd,Dataset 59
dwgid5973.jpg,missing in metadata,https://pi.lib.uchicago.edu/1001/org/ochre/11e6de12-be27-802f-cdfd-1f7d24ec867c,Dataset 59
dwgid5974.jpg,missing in metadata,https://pi.lib.uchicago.edu/1001/org/ochre/5b714a6c-7d0b-c5e3-3865-c01c36be116b,Dataset 59
dwgid5975.jpg,missing in metadata,https://pi.lib.uchicago.edu/1001/org/ochre/7e0103ef-a534-4830-5f98-0eab4d15fe13,Dataset 59
dwgid5976.jpg,missing in metadata,https://pi.lib.uchicago.edu/1001/org/ochre/ee949645-a827-973a-a50f-5bbe4af0040a,Dataset 59
dwgid5977.jpg,missing in metadata,https://pi.lib.uchicago.edu/1001/org/ochre/afe12fd1-f599-b7eb-e576-766c982063a2,Dataset 59
dwgid5978.jpg,missing in metadata,https://pi.lib.uchicago.edu/1001/org/ochre/d06dae33-43a0-bb9d-2aaf-baa81e7f0360,Dataset 59
dwgid5979.jpg,missing in metadata,https://pi.lib.uchicago.edu/1001/org/ochre/feff9471-b12f-c886-40da-18277dc3d530,Dataset 59
dwgid5558.jpg,missing in metadata,https://pi.lib.uchicago.edu/1001/org/ochre/9eaea812-811a-4e22-bd41-cbb45208074d,Dataset 59
dwgid5982.jpg,missing in metadata,https://pi.lib.uchicago.edu/1001/org/ochre/5eec384f-1068-ef12-26d0-8eee3c8ef94c,Dataset 59
dwgid5590.jpg,missing in metadata,https://pi.lib.uchicago.edu/1001/org/ochre/112302b4-3ad6-4b8f-9663-8fd46a36dbc2,Dataset 59
dwgid5596.jpg,missing in metadata,https://pi.lib.uchicago.edu/1001/org/ochre/ccf4622c-153a-45f5-bb40-167bf1756e5f,Dataset 59
dwgid5985.jpg,missing in metadata,https://pi.lib.uchicago.edu/1001/org/ochre/ba91c605-d54d-9c1d-3095-8c0329531c52,Dataset 59
dwgid5986.jpg,missing in metadata,https://pi.lib.uchicago.edu/1001/org/ochre/9b1442b7-8353-7e91-0625-6190d524dccd,Dataset 59
dwgid5603.jpg,missing in metadata,https://pi.lib.uchicago.edu/1001/org/ochre/b6e9eaad-4869-405e-bd30-a0a0e18ea335,Dataset 59
dwgid5993.jpg,missing in metadata,https://pi.lib.uchicago.edu/1001/org/ochre/e8b5596a-bfb3-ee96-e4e7-2263a7119291,Dataset 59
dwgid5994.jpg,missing in metadata,https://pi.lib.uchicago.edu/1001/org/ochre/86852b05-bbb9-86d6-1afe-c7f8986a47db,Dataset 59
dwgid5997.jpg,missing in metadata,https://pi.lib.uchicago.edu/1001/org/ochre/e4651f10-0c85-69cc-3405-09cc62ad98af,Dataset 59
dwgid5604.jpg,missing in metadata,https://pi.lib.uchicago.edu/1001/org/ochre/de6a2711-c0ab-420d-84aa-823edba59c52,Dataset 59
dwgid6008.jpg,missing in metadata,https://pi.lib.uchicago.edu/1001/org/ochre/9a27bd2c-26e7-4cc7-25d6-9f9c8cc2c238,Dataset 59
dwgid5605.jpg,missing in metadata,https://pi.lib.uchicago.edu/1001/org/ochre/b109ae4a-4848-473f-8b87-433036b38dfd,Dataset 59
dwgid6010.jpg,missing in metadata,https://pi.lib.uchicago.edu/1001/org/ochre/b44bb124-b161-4719-dea0-7c33d8c665ec,Dataset 59
dwgid6012.jpg,missing in metadata,https://pi.lib.uchicago.edu/1001/org/ochre/ef87cad3-e45a-ef90-8fd4-59cff64c3646,Dataset 59
dwgid6013.jpg,missing in metadata,https://pi.lib.uchicago.edu/1001/org/ochre/9f194fa2-127f-8956-efc2-7325b4433adc,Dataset 59
dwgid6016.jpg,missing in metadata,https://pi.lib.uchicago.edu/1001/org/ochre/b8e1e221-bf75-eee6-731f-fe8a5d5f40cf,Dataset 59
dwgid6019.jpg,missing in metadata,https://pi.lib.uchicago.edu/1001/org/ochre/eaca1605-f044-5cb1-62c2-7442c9dc180a,Dataset 59
dwgid5608.jpg,missing in metadata,https://pi.lib.uchicago.edu/1001/org/ochre/a2ec1319-658a-47c9-95dc-50bfc56749fd,Dataset 59
dwgid6023.jpg,missing in metadata,https://pi.lib.uchicago.edu/1001/org/ochre/aa859e4c-92f4-84af-6245-00d580910fe6,Dataset 59
dwgid6026.jpg,missing in metadata,https://pi.lib.uchicago.edu/1001/org/ochre/4bda96d9-9132-4ce7-1911-cc178b3c2f9e,Dataset 59
dwgid6029.jpg,missing in metadata,https://pi.lib.uchicago.edu/1001/org/ochre/e5f6a1fd-556a-e9b9-b311-efa65c0d1ed8,Dataset 59
dwgid6032.jpg,missing in metadata,https://pi.lib.uchicago.edu/1001/org/ochre/62014c34-d0e3-8269-b82e-837bc1aae3b9,Dataset 59
dwgid6033.jpg,missing in metadata,https://pi.lib.uchicago.edu/1001/org/ochre/25a1f776-38ad-99c7-575b-90faebc2d8b2,Dataset 59
dwgid6034.jpg,missing in metadata,https://pi.lib.uchicago.edu/1001/org/ochre/1e307bc6-fbc5-2f88-ff81-328d72484b07,Dataset 59
dwgid6035.jpg,missing in metadata,https://pi.lib.uchicago.edu/1001/org/ochre/938c2986-c94a-e280-5a09-b10fd383c8b9,Dataset 59
dwgid6037.jpg,missing in metadata,https://pi.lib.uchicago.edu/1001/org/ochre/9b3de02a-2d5b-a4d0-6ef4-85ebe57d8c31,Dataset 59
dwgid5609.jpg,missing in metadata,https://pi.lib.uchicago.edu/1001/org/ochre/5f6b1f53-1549-4cd4-bf7c-1c2421f5de26,Dataset 59
dwgid5610.jpg,missing in metadata,https://pi.lib.uchicago.edu/1001/org/ochre/31ef7845-0eeb-42d0-914d-b24f45c76590,Dataset 59
dwgid6053.jpg,missing in metadata,https://pi.lib.uchicago.edu/1001/org/ochre/6a789bea-8e10-4fb0-b3d2-6b65ef564e97,Dataset 59
dwgid5611.jpg,missing in metadata,https://pi.lib.uchicago.edu/1001/org/ochre/749f0598-6522-45f1-8b72-835863daff8b,Dataset 59
dwgid6071.jpg,missing in metadata,https://pi.lib.uchicago.edu/1001/org/ochre/6069f568-7082-2d97-065a-673851af13cb,Dataset 59
dwgid6076.jpg,missing in metadata,https://pi.lib.uchicago.edu/1001/org/ochre/df35edda-086f-52ff-74a2-75bcebbd2278,Dataset 59
dwgid6088.jpg,missing in metadata,https://pi.lib.uchicago.edu/1001/org/ochre/da0999a1-9118-59c9-19c2-8179fa313df5,Dataset 59
dwgid6112.jpg,missing in metadata,https://pi.lib.uchicago.edu/1001/org/ochre/999a60da-05a4-b3f6-bbfd-498c4f30eceb,Dataset 59
dwgid6121.jpg,missing in metadata,https://pi.lib.uchicago.edu/1001/org/ochre/7a46263d-1658-348c-a10b-774532b7eb3d,Dataset 59
dwgid6150.jpg,missing in metadata,https://pi.lib.uchicago.edu/1001/org/ochre/d915d016-17c5-2811-e677-74eaa6e1cd7c,Dataset 59
dwgid6154.jpg,missing in metadata,https://pi.lib.uchicago.edu/1001/org/ochre/7c12aa02-48cc-1d57-5526-c79cf123c0ac,Dataset 59
dwgid6158.jpg,missing in metadata,https://pi.lib.uchicago.edu/1001/org/ochre/c1ad15cc-4c13-6231-fe89-989b2508292b,Dataset 59
dwgid6161.jpg,missing in metadata,https://pi.lib.uchicago.edu/1001/org/ochre/1ee5fe89-0efc-9ab7-43b1-a2b62d0a2693,Dataset 59
dwgid5612.jpg,missing in metadata,https://pi.lib.uchicago.edu/1001/org/ochre/86bc5390-a8ed-47e3-a191-820b6fbfda56,Dataset 59
dwgid618.jpg,missing in metadata,https://pi.lib.uchicago.edu/1001/org/ochre/c3956a0e-2b8b-f2a1-99c1-93feca8018ed,Dataset 59
dwgid6185.jpg,missing in metadata,https://pi.lib.uchicago.edu/1001/org/ochre/4964e40a-7514-ac15-7c9d-ebde930481c5,Dataset 59
dwgid6186.jpg,missing in metadata,https://pi.lib.uchicago.edu/1001/org/ochre/09a318ac-2a2b-50c7-475d-81341befb57c,Dataset 59
dwgid6187.jpg,missing in metadata,https://pi.lib.uchicago.edu/1001/org/ochre/f8ef03ae-24d7-33c4-d7b9-c9548367f9bb,Dataset 59
dwgid619.jpg,missing in metadata,https://pi.lib.uchicago.edu/1001/org/ochre/c8a21916-5181-51b0-4c9c-dc79687e4c7a,Dataset 60
dwgid6190.jpg,missing in metadata,https://pi.lib.uchicago.edu/1001/org/ochre/2f5733aa-b797-7fca-6e5b-bf45d26a24e6,Dataset 60
dwgid5623.jpg,missing in metadata,https://pi.lib.uchicago.edu/1001/org/ochre/f1c29eb7-3d30-4c1d-8901-2d1a3df1b6e5,Dataset 60
dwgid620.jpg,missing in metadata,https://pi.lib.uchicago.edu/1001/org/ochre/f655ab0a-9ed3-ce38-8b0a-7c82ac5f61aa,Dataset 60
dwgid6221.jpg,missing in metadata,https://pi.lib.uchicago.edu/1001/org/ochre/f350a3dd-9b4a-9599-cb06-97cf9c9c1ba3,Dataset 60
dwgid6230.jpg,missing in metadata,https://pi.lib.uchicago.edu/1001/org/ochre/ccb71840-4ed3-0e5a-9daf-bcf883e44b94,Dataset 60
dwgid6236.jpg,missing in metadata,https://pi.lib.uchicago.edu/1001/org/ochre/a5841b7e-c905-f2c4-f482-fc328937bfef,Dataset 60
dwgid6327.jpg,missing in metadata,https://pi.lib.uchicago.edu/1001/org/ochre/f57bce62-122b-3679-5c9c-61edd3403819,Dataset 60
dwgid6333.jpg,missing in metadata,https://pi.lib.uchicago.edu/1001/org/ochre/fd9e7545-912c-3a26-6702-dd5607a0fc02,Dataset 60
dwgid6335.jpg,missing in metadata,https://pi.lib.uchicago.edu/1001/org/ochre/61f207bb-3fa0-e8cc-9ae8-c48e9084dcab,Dataset 60
dwgid6347.jpg,missing in metadata,https://pi.lib.uchicago.edu/1001/org/ochre/1fe8ad3b-8016-6608-9254-118d3c224507,Dataset 60
dwgid6349.jpg,missing in metadata,https://pi.lib.uchicago.edu/1001/org/ochre/c2efea15-4a2a-1c29-a2fb-067081acce53,Dataset 60
dwgid6351.jpg,missing in metadata,https://pi.lib.uchicago.edu/1001/org/ochre/f1c433fc-758d-9092-f759-f9258ff2f3bd,Dataset 60
dwgid6388.jpg,missing in metadata,https://pi.lib.uchicago.edu/1001/org/ochre/03f3879e-7232-1dfc-2ba7-07713325f341,Dataset 60
dwgid6392.jpg,missing in metadata,https://pi.lib.uchicago.edu/1001/org/ochre/211e1150-ea3a-1bb7-0720-6b0363edec36,Dataset 60
dwgid6404.jpg,missing in metadata,https://pi.lib.uchicago.edu/1001/org/ochre/ed2ab79b-0f53-c5c5-1b20-4dc6e6baf4a6,Dataset 60
dwgid5624.jpg,missing in metadata,https://pi.lib.uchicago.edu/1001/org/ochre/e1f56b81-c274-46a3-baed-5deb1285bb06,Dataset 60
dwgid5625.jpg,missing in metadata,https://pi.lib.uchicago.edu/1001/org/ochre/bed9d32b-58aa-4c7c-a23c-09fe42d922d3,Dataset 60
dwgid5634.jpg,missing in metadata,https://pi.lib.uchicago.edu/1001/org/ochre/3ba1dab8-c46c-4b6e-890a-289898534b6c,Dataset 60
dwgid6433.jpg,missing in metadata,https://pi.lib.uchicago.edu/1001/org/ochre/d006e05f-9b30-e68d-9606-3c5716af3be7,Dataset 60
dwgid5644.jpg,missing in metadata,https://pi.lib.uchicago.edu/1001/org/ochre/4afbe006-6b0f-4391-af4e-9418a9ab9dfe,Dataset 60
dwgid6440.jpg,missing in metadata,https://pi.lib.uchicago.edu/1001/org/ochre/455059ad-0c95-8337-1608-70d78ef788de,Dataset 60
dwgid6447.jpg,missing in metadata,https://pi.lib.uchicago.edu/1001/org/ochre/b84a51af-da1e-48d0-e9ab-4135eccfd038,Dataset 60
dwgid5646.jpg,missing in metadata,https://pi.lib.uchicago.edu/1001/org/ochre/023ec72c-9096-4b21-a26f-3b6b6a54956e,Dataset 60
dwgid6451.jpg,missing in metadata,https://pi.lib.uchicago.edu/1001/org/ochre/d6f99ea1-206e-21ed-1b73-6442ec0ce49d,Dataset 60
dwgid6452.jpg,missing in metadata,https://pi.lib.uchicago.edu/1001/org/ochre/8c2d1061-4d51-5551-536d-8b77791710d7,Dataset 60
dwgid6456.jpg,missing in metadata,https://pi.lib.uchicago.edu/1001/org/ochre/b1304eaa-e6e3-3d8a-e78f-c755e5cba65f,Dataset 60
dwgid5658.jpg,missing in metadata,https://pi.lib.uchicago.edu/1001/org/ochre/d1ce457b-f6b5-439e-804d-e8e70ff9bf72,Dataset 60
dwgid6477.jpg,missing in metadata,https://pi.lib.uchicago.edu/1001/org/ochre/f655caf5-68e2-9e7e-8096-fbbdf317e698,Dataset 60
dwgid5673.jpg,missing in metadata,https://pi.lib.uchicago.edu/1001/org/ochre/1a16394f-cdf4-48ed-b96c-a1ed3248e899,Dataset 60
dwgid5677.jpg,missing in metadata,https://pi.lib.uchicago.edu/1001/org/ochre/46edf8ff-de00-41fd-b564-dfc9cab15e24,Dataset 60
dwgid6497.jpg,missing in metadata,https://pi.lib.uchicago.edu/1001/org/ochre/e8f61beb-5ffa-5288-804a-351b3becd818,Dataset 60
dwgid5686.jpg,missing in metadata,https://pi.lib.uchicago.edu/1001/org/ochre/61f45ccc-10c7-4574-abfb-c60d56c6257b,Dataset 60
dwgid5714.jpg,missing in metadata,https://pi.lib.uchicago.edu/1001/org/ochre/95d3ebad-2bab-4122-8e90-19fbcd3418b5,Dataset 60
dwgid5751.jpg,missing in metadata,https://pi.lib.uchicago.edu/1001/org/ochre/2b7bb1da-79ab-476d-9724-868bcb30246c,Dataset 60
dwgid5833.jpg,missing in metadata,https://pi.lib.uchicago.edu/1001/org/ochre/509c892f-372a-4228-9361-3977f641346d,Dataset 60
dwgid5855.jpg,missing in metadata,https://pi.lib.uchicago.edu/1001/org/ochre/10a47819-55c7-4afb-982f-c219bdf7668c,Dataset 60
dwgid5967.jpg,missing in metadata,https://pi.lib.uchicago.edu/1001/org/ochre/68e57b61-3627-46c8-86e7-371c9cd63667,Dataset 60
dwgid5983.jpg,missing in metadata,https://pi.lib.uchicago.edu/1001/org/ochre/33a88e45-3607-45ec-b53c-9abf47ebd04d,Dataset 60
dwgid5984.jpg,missing in metadata,https://pi.lib.uchicago.edu/1001/org/ochre/0511d1d9-bc54-4b3b-b1a0-d7c47425abc6,Dataset 60
dwgid6514.jpg,missing in metadata,https://pi.lib.uchicago.edu/1001/org/ochre/a0780ca5-c67a-5cbf-1d91-34b10b2c5622,Dataset 60
dwgid6169.jpg,missing in metadata,https://pi.lib.uchicago.edu/1001/org/ochre/d34f1fc1-a496-41d3-8c41-fcb835e0d023,Dataset 60
dwgid6197.jpg,missing in metadata,https://pi.lib.uchicago.edu/1001/org/ochre/6a4c9c41-5f88-4b9c-9c4c-8e3cade6be61,Dataset 60
dwgid6495.jpg,missing in metadata,https://pi.lib.uchicago.edu/1001/org/ochre/1562b6e3-ae0d-4418-ab80-4db0ec458113,Dataset 60
dwgid6496.jpg,missing in metadata,https://pi.lib.uchicago.edu/1001/org/ochre/4c5281c0-b445-4752-88c8-ce6d9150d4a3,Dataset 60
dwgid6534.jpg,missing in metadata,https://pi.lib.uchicago.edu/1001/org/ochre/5d8e1101-0079-eb77-8def-acdd84b7a54a,Dataset 60
dwgid6536.jpg,missing in metadata,https://pi.lib.uchicago.edu/1001/org/ochre/0567ea67-7bf4-8db9-b252-c9c6efbf3b89,Dataset 60
dwgid6537.jpg,missing in metadata,https://pi.lib.uchicago.edu/1001/org/ochre/fd483545-7467-e8b3-7053-ac86a42ed695,Dataset 60
dwgid6541.jpg,missing in metadata,https://pi.lib.uchicago.edu/1001/org/ochre/2c9914d2-f9a7-44b1-8e05-186c1ccdbe00,Dataset 60
dwgid6504.jpg,missing in metadata,https://pi.lib.uchicago.edu/1001/org/ochre/0d19d29c-aa6d-4a01-b575-09eb929d8963,Dataset 60
dwgid6506.jpg,missing in metadata,https://pi.lib.uchicago.edu/1001/org/ochre/6b5bffd7-fab4-4236-ac5f-2bcb9202edc8,Dataset 60
dwgid6507.jpg,missing in metadata,https://pi.lib.uchicago.edu/1001/org/ochre/209dcce5-5381-451b-8719-d452b89dc5c0,Dataset 60
dwgid6508.jpg,missing in metadata,https://pi.lib.uchicago.edu/1001/org/ochre/0817ae3a-6195-44cb-9a37-4591f0476714,Dataset 60
dwgid6509.jpg,missing in metadata,https://pi.lib.uchicago.edu/1001/org/ochre/a2464751-eae0-4109-b130-1640193ce5b6,Dataset 60
dwgid6557.jpg,missing in metadata,https://pi.lib.uchicago.edu/1001/org/ochre/2542bc90-034b-6b86-7d65-4d3cb7d3ef3f,Dataset 60
dwgid6558.jpg,missing in metadata,https://pi.lib.uchicago.edu/1001/org/ochre/c73cb915-78c8-db7f-c1d2-e09a433de24d,Dataset 60
dwgid6559.jpg,missing in metadata,https://pi.lib.uchicago.edu/1001/org/ochre/ea961d3b-f930-707c-6b64-c3b6d6c13f3b,Dataset 60
dwgid6560.jpg,missing in metadata,https://pi.lib.uchicago.edu/1001/org/ochre/a060313c-6682-4420-47ce-6fe4780cc456,Dataset 60
dwgid6561.jpg,missing in metadata,https://pi.lib.uchicago.edu/1001/org/ochre/377aa4b6-51c5-7b42-3c90-1d02484ba009,Dataset 60
dwgid6562.jpg,missing in metadata,https://pi.lib.uchicago.edu/1001/org/ochre/3b8fa74b-fb00-0e96-b33a-888422f176b1,Dataset 60
dwgid6563.jpg,missing in metadata,https://pi.lib.uchicago.edu/1001/org/ochre/0d51a7fe-501a-1586-2388-6d435749a1c2,Dataset 60
dwgid6564.jpg,missing in metadata,https://pi.lib.uchicago.edu/1001/org/ochre/b171a1e8-8dda-6574-c48b-49c05d760552,Dataset 60
dwgid6565.jpg,missing in metadata,https://pi.lib.uchicago.edu/1001/org/ochre/68957f91-ecd3-f06a-6414-845152e32091,Dataset 60
dwgid6566.jpg,missing in metadata,https://pi.lib.uchicago.edu/1001/org/ochre/8dbeb050-7649-e6ec-c03d-e44b2791855f,Dataset 60
dwgid6567.jpg,missing in metadata,https://pi.lib.uchicago.edu/1001/org/ochre/05347346-658e-9426-870f-1462f656f731,Dataset 60
dwgid6569.jpg,missing in metadata,https://pi.lib.uchicago.edu/1001/org/ochre/eaad35d5-8b0c-4c4a-daf2-3e2016bc9deb,Dataset 60
dwgid6592.jpg,missing in metadata,https://pi.lib.uchicago.edu/1001/org/ochre/eb449b2d-6e9e-654b-5d7d-b0e6ad7de3fb,Dataset 60
dwgid6594.jpg,missing in metadata,https://pi.lib.uchicago.edu/1001/org/ochre/5927cadb-9762-20a7-e296-7a372157c94a,Dataset 60
dwgid6603.jpg,missing in metadata,https://pi.lib.uchicago.edu/1001/org/ochre/1716cd12-3ac2-b952-2a88-066129f5911b,Dataset 60
dwgid6638.jpg,missing in metadata,https://pi.lib.uchicago.edu/1001/org/ochre/ba7dfb4a-f789-7479-89eb-ea2fa1f2bb29,Dataset 60
dwgid6656.jpg,missing in metadata,https://pi.lib.uchicago.edu/1001/org/ochre/19fc1b48-d2e9-7e7d-86a1-1a1da59f7639,Dataset 60
dwgid6657.jpg,missing in metadata,https://pi.lib.uchicago.edu/1001/org/ochre/f6df319b-f123-975e-b511-5b35ddbd8768,Dataset 60
dwgid6659.jpg,missing in metadata,https://pi.lib.uchicago.edu/1001/org/ochre/f5df5f77-4554-d48e-8651-665f12e39191,Dataset 60
dwgid6664.jpg,missing in metadata,https://pi.lib.uchicago.edu/1001/org/ochre/616b5787-0aea-5d2d-def3-b6e6fb22c4a5,Dataset 60
dwgid6510.jpg,missing in metadata,https://pi.lib.uchicago.edu/1001/org/ochre/205bc682-5b9e-4e61-bd44-5e4ecd8dc5d0,Dataset 60
dwgid6512.jpg,missing in metadata,https://pi.lib.uchicago.edu/1001/org/ochre/ca34a484-87e1-4bf0-9e36-4fef48f34313,Dataset 60
dwgid6712.jpg,missing in metadata,https://pi.lib.uchicago.edu/1001/org/ochre/f335b9c2-7b09-4706-8d40-d87a37d94c4e,Dataset 60
dwgid6513.jpg,missing in metadata,https://pi.lib.uchicago.edu/1001/org/ochre/507517ff-0ce2-465c-ab06-7d7fec8f21f4,Dataset 60
dwgid6731.jpg,missing in metadata,https://pi.lib.uchicago.edu/1001/org/ochre/1049d060-23bf-96fb-fabd-692232347699,Dataset 60
dwgid6520.jpg,missing in metadata,https://pi.lib.uchicago.edu/1001/org/ochre/abffaedc-2762-4831-bd3e-66faf610ec1f,Dataset 60
dwgid6523.jpg,missing in metadata,https://pi.lib.uchicago.edu/1001/org/ochre/e127251e-bdb6-4465-ae5d-34f416068976,Dataset 60
dwgid6528.jpg,missing in metadata,https://pi.lib.uchicago.edu/1001/org/ochre/b953a534-7597-48b3-aebc-88ef893890ed,Dataset 60
dwgid6770.jpg,missing in metadata,https://pi.lib.uchicago.edu/1001/org/ochre/3bf2681b-2340-82e6-367d-de4c6a43c5bd,Dataset 60
dwgid6529.jpg,missing in metadata,https://pi.lib.uchicago.edu/1001/org/ochre/d8054889-87c4-4d0f-943f-183e93e176fc,Dataset 60
dwgid6545.jpg,missing in metadata,https://pi.lib.uchicago.edu/1001/org/ochre/3a976e14-dc10-5b19-aa09-a18cb386d34c,Dataset 60
dwgid6808.jpg,missing in metadata,https://pi.lib.uchicago.edu/1001/org/ochre/644cf110-1d80-c4e1-0c10-9bab2a2fc167,Dataset 60
dwgid6810.jpg,missing in metadata,https://pi.lib.uchicago.edu/1001/org/ochre/6685b8c0-0b14-39d1-9e32-d1e868049eb8,Dataset 60
dwgid6546.jpg,missing in metadata,https://pi.lib.uchicago.edu/1001/org/ochre/63785c0c-21c7-4497-86d1-554d5acad536,Dataset 60
dwgid6824.jpg,missing in metadata,https://pi.lib.uchicago.edu/1001/org/ochre/633c9ff6-b199-0f30-943a-fe14c2ae8807,Dataset 60
dwgid6548.jpg,missing in metadata,https://pi.lib.uchicago.edu/1001/org/ochre/ddab1a8f-c4e5-4006-8e38-692a535922c3,Dataset 60
dwgid6554.jpg,missing in metadata,https://pi.lib.uchicago.edu/1001/org/ochre/3a8dfbe7-12c1-47af-8a65-d15821a90179,Dataset 60
dwgid6555.jpg,missing in metadata,https://pi.lib.uchicago.edu/1001/org/ochre/15bf7df6-0a0c-49ac-802a-8bfa6e4a0420,Dataset 60
dwgid6782.jpg,missing in metadata,https://pi.lib.uchicago.edu/1001/org/ochre/0c67c2b7-eeba-4d47-9cb4-f08736f5adfd,Dataset 60
dwgid6857.jpg,missing in metadata,https://pi.lib.uchicago.edu/1001/org/ochre/1c18c819-0222-c856-9144-016b63a5ded6,Dataset 60
dwgid6784.jpg,missing in metadata,https://pi.lib.uchicago.edu/1001/org/ochre/9d4cb36f-6aad-4698-9e8b-4b1010f65c3d,Dataset 60
dwgid6861.jpg,missing in metadata,https://pi.lib.uchicago.edu/1001/org/ochre/c7b3ca14-daf4-ccee-3130-5890a69aa5ea,Dataset 60
dwgid6886.jpg,missing in metadata,https://pi.lib.uchicago.edu/1001/org/ochre/51a2f69f-8ec2-c938-e291-d983c89d6a42,Dataset 60
dwgid6887.jpg,missing in metadata,https://pi.lib.uchicago.edu/1001/org/ochre/a0f1983e-ba80-7972-b8cc-727055fc654d,Dataset 60
dwgid6888.jpg,missing in metadata,https://pi.lib.uchicago.edu/1001/org/ochre/11459aae-e56a-f33f-4d1f-b96431b10745,Dataset 60
dwgid6889.jpg,missing in metadata,https://pi.lib.uchicago.edu/1001/org/ochre/92f3e2ab-f7ec-b298-336c-85f2d87dfd57,Dataset 60
dwgid6893.jpg,missing in metadata,https://pi.lib.uchicago.edu/1001/org/ochre/13e0ea2a-bd2d-6da3-e18b-b90c0d4913fc,Dataset 60
dwgid6897.jpg,missing in metadata,https://pi.lib.uchicago.edu/1001/org/ochre/92ffa4e7-98ed-38c4-cea0-e58b4e7a282d,Dataset 60
dwgid6839.jpg,missing in metadata,https://pi.lib.uchicago.edu/1001/org/ochre/ddef74d1-3076-475b-a8ec-218552ccf8b0,Dataset 60
dwgid6916.jpg,missing in metadata,https://pi.lib.uchicago.edu/1001/org/ochre/31ec72eb-8399-4386-aadd-a560754a783a,Dataset 60
dwgid6919.jpg,missing in metadata,https://pi.lib.uchicago.edu/1001/org/ochre/0a16d9ea-423c-1a1f-5278-c6372c47ad2b,Dataset 60
dwgid6917.jpg,missing in metadata,https://pi.lib.uchicago.edu/1001/org/ochre/4b1d85ae-544a-4c81-ae65-d940d1eda22e,Dataset 60
dwgid6926.jpg,missing in metadata,https://pi.lib.uchicago.edu/1001/org/ochre/ecca0f75-6b8e-be7e-5f7b-fc90633f4791,Dataset 60
dwgid6939.jpg,missing in metadata,https://pi.lib.uchicago.edu/1001/org/ochre/ac792c61-672d-b8ad-1c7e-f1902ee04a9a,Dataset 60
dwgid6952.jpg,missing in metadata,https://pi.lib.uchicago.edu/1001/org/ochre/7b968d77-b3d7-1602-4105-c37b025c41e3,Dataset 60
dwgid6973.jpg,missing in metadata,https://pi.lib.uchicago.edu/1001/org/ochre/aaccb6e7-053b-aa73-4851-458419a400ed,Dataset 60
dwgid6981.jpg,missing in metadata,https://pi.lib.uchicago.edu/1001/org/ochre/93d597fc-0b41-d25a-6dd5-e187e1dd1364,Dataset 60
dwgid7018.jpg,missing in metadata,https://pi.lib.uchicago.edu/1001/org/ochre/908de727-8e0b-4e5c-3e2e-512f875e370b,Dataset 60
dwgid7019.jpg,missing in metadata,https://pi.lib.uchicago.edu/1001/org/ochre/dbc1f14a-7eaf-b75f-7a9c-19c434647621,Dataset 60
dwgid7020.jpg,missing in metadata,https://pi.lib.uchicago.edu/1001/org/ochre/07e03ed3-2f97-67a5-4f26-976dd6b3000b,Dataset 60
dwgid7021.jpg,missing in metadata,https://pi.lib.uchicago.edu/1001/org/ochre/ca00b554-1197-72cb-c667-059660703a45,Dataset 60
dwgid7022.jpg,missing in metadata,https://pi.lib.uchicago.edu/1001/org/ochre/827e56db-e2dc-1cd6-c257-0c5d429eb680,Dataset 60
dwgid7023.jpg,missing in metadata,https://pi.lib.uchicago.edu/1001/org/ochre/abe652ad-4e70-2342-03b0-887b604842cd,Dataset 60
dwgid7066.jpg,missing in metadata,https://pi.lib.uchicago.edu/1001/org/ochre/e595855e-6a16-be93-0121-9aacbeed27c5,Dataset 60
dwgid7067.jpg,missing in metadata,https://pi.lib.uchicago.edu/1001/org/ochre/9d06cc68-4482-b65e-ffc2-270afe70b812,Dataset 60
dwgid6923.jpg,missing in metadata,https://pi.lib.uchicago.edu/1001/org/ochre/deaee64a-fa69-4175-8619-8e7f51ca271b,Dataset 60
dwgid7100.jpg,missing in metadata,https://pi.lib.uchicago.edu/1001/org/ochre/1866e140-a5ab-d396-8f14-84c71155098a,Dataset 60
dwgid7088.jpg,missing in metadata,https://pi.lib.uchicago.edu/1001/org/ochre/e4d279a8-2046-4476-81f3-8522f2d8a2a6,Dataset 60
dwgid7111.jpg,missing in metadata,https://pi.lib.uchicago.edu/1001/org/ochre/8af8fe4f-e29d-a173-5a90-ca71e3af4af2,Dataset 60
dwgid7139.jpg,missing in metadata,https://pi.lib.uchicago.edu/1001/org/ochre/84fd5ffa-1923-87a2-9141-5900423c1e78,Dataset 60
dwgid7141.jpg,missing in metadata,https://pi.lib.uchicago.edu/1001/org/ochre/4880edca-99f5-8106-433b-67f1edefa979,Dataset 60
dwgid7146.jpg,missing in metadata,https://pi.lib.uchicago.edu/1001/org/ochre/9503ea9a-236f-4b4e-84a7-7bce54303d86,Dataset 60
dwgid7158.jpg,missing in metadata,https://pi.lib.uchicago.edu/1001/org/ochre/dedf58a2-91a1-f354-d744-c6a1732586d2,Dataset 60
dwgid7161.jpg,missing in metadata,https://pi.lib.uchicago.edu/1001/org/ochre/614a8d6f-de31-c969-6f91-d0afd7922d3a,Dataset 60
dwgid7166.jpg,missing in metadata,https://pi.lib.uchicago.edu/1001/org/ochre/ea9c4ace-6a64-c832-0aa1-f8409d8d6fd2,Dataset 60
dwgid7167.jpg,missing in metadata,https://pi.lib.uchicago.edu/1001/org/ochre/c46ac03f-a4df-f607-8fcc-961ae04a9ca2,Dataset 60
dwgid7206.jpg,missing in metadata,https://pi.lib.uchicago.edu/1001/org/ochre/79dda4dc-2f28-4dfe-98fb-134c07a4f438,Dataset 60
dwgid7272.jpg,missing in metadata,https://pi.lib.uchicago.edu/1001/org/ochre/1c834013-39bc-44f1-a29d-7d02d83547e6,Dataset 60
dwgid7562.jpg,missing in metadata,https://pi.lib.uchicago.edu/1001/org/ochre/ba56c61f-82eb-4564-88e3-f2bbaa51cc7c,Dataset 60
dwgid7212.jpg,missing in metadata,https://pi.lib.uchicago.edu/1001/org/ochre/d16d8ce6-27e1-501f-a9c2-f5e552111082,Dataset 60
dwgid7213.jpg,missing in metadata,https://pi.lib.uchicago.edu/1001/org/ochre/e8f1babd-759a-4a28-1e1c-70eadc0eae22,Dataset 60
dwgid7216.jpg,missing in metadata,https://pi.lib.uchicago.edu/1001/org/ochre/efbcaf22-fd1d-a281-07ab-953c1325b6d5,Dataset 60
dwgid7604.jpg,missing in metadata,https://pi.lib.uchicago.edu/1001/org/ochre/16a84397-2a83-45f1-af6b-35455bb63274,Dataset 60
dwgid7229.jpg,missing in metadata,https://pi.lib.uchicago.edu/1001/org/ochre/ecd6aa63-258e-babc-4723-4cab6a96f167,Dataset 60
dwgid7605.jpg,missing in metadata,https://pi.lib.uchicago.edu/1001/org/ochre/eab79565-acae-449c-ba27-55b16e6984de,Dataset 60
dwgid7235.jpg,missing in metadata,https://pi.lib.uchicago.edu/1001/org/ochre/5a2ee478-b4dd-0ba7-f505-641bbb67d0ed,Dataset 60
dwgid7606.jpg,missing in metadata,https://pi.lib.uchicago.edu/1001/org/ochre/8556e6f3-a43d-4094-88b5-83096f093f5e,Dataset 60
dwgid7644.jpg,missing in metadata,https://pi.lib.uchicago.edu/1001/org/ochre/a045fe26-52f2-463e-923f-2765a9aebd5f,Dataset 60
dwgid7256.jpg,missing in metadata,https://pi.lib.uchicago.edu/1001/org/ochre/ff6f9d28-1d06-3590-d635-da55b7d1ce62,Dataset 60
dwgid7257.jpg,missing in metadata,https://pi.lib.uchicago.edu/1001/org/ochre/5629c06f-364b-43b8-dde6-323848e8ffc8,Dataset 60
dwgid7875.jpg,missing in metadata,https://pi.lib.uchicago.edu/1001/org/ochre/665b5fef-9eb7-477b-971e-ec7511ce6b20,Dataset 60
dwgid7885.jpg,missing in metadata,https://pi.lib.uchicago.edu/1001/org/ochre/d5bb37ff-7168-4043-9efa-040cb87fbf6a,Dataset 60
dwgid7891.jpg,missing in metadata,https://pi.lib.uchicago.edu/1001/org/ochre/b2b7cfeb-68d2-919e-6253-0d6614490b7c,Dataset 60
dwgid7274.jpg,missing in metadata,https://pi.lib.uchicago.edu/1001/org/ochre/41625cb7-c118-9279-2397-19705c3d66b5,Dataset 60
dwgid7904.jpg,missing in metadata,https://pi.lib.uchicago.edu/1001/org/ochre/e8330fcb-9976-48f5-914f-f9182e693c30,Dataset 60
dwgid8148.jpg,missing in metadata,https://pi.lib.uchicago.edu/1001/org/ochre/923414cf-2919-4805-8386-0194c423eceb,Dataset 60
dwgid8277.jpg,missing in metadata,https://pi.lib.uchicago.edu/1001/org/ochre/6b958af3-546d-44cf-827f-ca9a02df4d64,Dataset 60
dwgid7302.jpg,missing in metadata,https://pi.lib.uchicago.edu/1001/org/ochre/7465dbf9-203a-9056-7aa9-5e3df8528b33,Dataset 60
dwgid7303.jpg,missing in metadata,https://pi.lib.uchicago.edu/1001/org/ochre/75dd13c9-a310-32f2-9997-6a7f041ead45,Dataset 60
dwgid8280.jpg,missing in metadata,https://pi.lib.uchicago.edu/1001/org/ochre/d50e05df-3ebb-4951-bd89-c18dea7b7f55,Dataset 60
dwgid7312.jpg,missing in metadata,https://pi.lib.uchicago.edu/1001/org/ochre/7ce8fc53-346d-fd6d-8063-779fb8f667b4,Dataset 60
dwgid7316.jpg,missing in metadata,https://pi.lib.uchicago.edu/1001/org/ochre/41253e64-8529-dd4c-9645-a31d65f5634c,Dataset 60
dwgid7319.jpg,missing in metadata,https://pi.lib.uchicago.edu/1001/org/ochre/e6c4addb-1c79-fadc-3196-87111ec3e3ab,Dataset 60
dwgid8325.jpg,missing in metadata,https://pi.lib.uchicago.edu/1001/org/ochre/856fb6ce-cdb6-4d98-a468-28dafbf1c44b,Dataset 60
dwgid7324.jpg,missing in metadata,https://pi.lib.uchicago.edu/1001/org/ochre/25a6968f-3985-b601-4011-a6ba1a19b89f,Dataset 60
dwgid8328.jpg,missing in metadata,https://pi.lib.uchicago.edu/1001/org/ochre/84606bbc-3fa2-46e8-abd6-116bde21a95e,Dataset 60
dwgid7331.jpg,missing in metadata,https://pi.lib.uchicago.edu/1001/org/ochre/05c44843-bd07-79ff-8cab-2b59a86ee6d7,Dataset 60
dwgid7335.jpg,missing in metadata,https://pi.lib.uchicago.edu/1001/org/ochre/1d1af69f-e35f-b8ec-ef5e-8e56fadaecf9,Dataset 60
dwgid7375.jpg,missing in metadata,https://pi.lib.uchicago.edu/1001/org/ochre/46be97dc-1b6a-c471-93b6-e9570f825334,Dataset 60
dwgid8329.jpg,missing in metadata,https://pi.lib.uchicago.edu/1001/org/ochre/e63d03a2-d9c5-4b90-ab26-9a7698680cc5,Dataset 60
dwgid7396.jpg,missing in metadata,https://pi.lib.uchicago.edu/1001/org/ochre/e577c9d7-ce5f-0d01-acb8-6671e4062909,Dataset 60
dwgid7398.jpg,missing in metadata,https://pi.lib.uchicago.edu/1001/org/ochre/bf105a35-d772-f139-2d3c-eeb1b0ebb5b9,Dataset 60
dwgid7399.jpg,missing in metadata,https://pi.lib.uchicago.edu/1001/org/ochre/4ad56e98-d3e7-3815-e2e9-94b642f070e5,Dataset 60
dwgid8330.jpg,missing in metadata,https://pi.lib.uchicago.edu/1001/org/ochre/de34d51d-ba25-47d8-8682-f1e7b074c729,Dataset 60
dwgid8331.jpg,missing in metadata,https://pi.lib.uchicago.edu/1001/org/ochre/007caeaa-bd5e-480b-af32-9dda93fcc39d,Dataset 60
dwgid7410.jpg,missing in metadata,https://pi.lib.uchicago.edu/1001/org/ochre/9448e059-9376-1282-2fe8-e48b8778a6c3,Dataset 60
dwgid8332.jpg,missing in metadata,https://pi.lib.uchicago.edu/1001/org/ochre/779e59d5-e44b-4df3-982a-baa970af0a26,Dataset 60
dwgid7421.jpg,missing in metadata,https://pi.lib.uchicago.edu/1001/org/ochre/9f960644-c4d7-624f-7b83-dc79968887f2,Dataset 60
dwgid7427.jpg,missing in metadata,https://pi.lib.uchicago.edu/1001/org/ochre/b9f8003b-06c5-efa1-858d-c0241c19e8ad,Dataset 60
dwgid8421.jpg,missing in metadata,https://pi.lib.uchicago.edu/1001/org/ochre/0bf07efb-8910-4b08-a173-d2d18241aa21,Dataset 60
dwgid8428.jpg,missing in metadata,https://pi.lib.uchicago.edu/1001/org/ochre/343281a5-ff6a-4a58-a07c-96910aedb921,Dataset 60
dwgid8429.jpg,missing in metadata,https://pi.lib.uchicago.edu/1001/org/ochre/ffd89c4e-402a-4ef6-8bce-6329c8cd9b07,Dataset 60
dwgid8430.jpg,missing in metadata,https://pi.lib.uchicago.edu/1001/org/ochre/867fd1a2-76f4-4141-8e3c-3381b8d20a38,Dataset 60
dwgid8460.jpg,missing in metadata,https://pi.lib.uchicago.edu/1001/org/ochre/68505e24-6bf1-4ed2-ac98-c8879cfa1cd8,Dataset 60
dwgid7473.jpg,missing in metadata,https://pi.lib.uchicago.edu/1001/org/ochre/3aa59146-7997-9df4-f75f-c767c06b0ada,Dataset 60
dwgid8617.jpg,missing in metadata,https://pi.lib.uchicago.edu/1001/org/ochre/ed23b19f-ff4a-405a-9e5e-9770db5e7186,Dataset 60
dwgid7480.jpg,missing in metadata,https://pi.lib.uchicago.edu/1001/org/ochre/ec55e553-013c-5307-324b-e0f6848b1cdd,Dataset 60
dwgid7481.jpg,missing in metadata,https://pi.lib.uchicago.edu/1001/org/ochre/9aa7a386-a86a-bffb-7606-a5e543c3b35d,Dataset 60
dwgid7482.jpg,missing in metadata,https://pi.lib.uchicago.edu/1001/org/ochre/19f1f789-b95f-4a5a-f92b-29136fc8eed8,Dataset 60
dwgid7483.jpg,missing in metadata,https://pi.lib.uchicago.edu/1001/org/ochre/994543c6-08f5-34af-78b6-247dc73b750b,Dataset 60
dwgid7484.jpg,missing in metadata,https://pi.lib.uchicago.edu/1001/org/ochre/e15f108e-4e87-4617-d1d1-95b4aa95b78b,Dataset 60
dwgid7485.jpg,missing in metadata,https://pi.lib.uchicago.edu/1001/org/ochre/ccfb2329-c509-9cf5-3271-ece4803e5acd,Dataset 60
dwgid7486.jpg,missing in metadata,https://pi.lib.uchicago.edu/1001/org/ochre/36e8cd6c-3799-b928-9716-f498013db96c,Dataset 60
dwgid7487.jpg,missing in metadata,https://pi.lib.uchicago.edu/1001/org/ochre/d5fed8e1-f8af-1943-5c79-7c6aafa60c93,Dataset 60
dwgid8631.jpg,missing in metadata,https://pi.lib.uchicago.edu/1001/org/ochre/8d0ad243-2553-4c87-96bc-a003f3c1d1ec,Dataset 60
dwgid7493.jpg,missing in metadata,https://pi.lib.uchicago.edu/1001/org/ochre/6f9e2e51-5468-5202-4791-8ed08ef09971,Dataset 60
dwgid7512.jpg,missing in metadata,https://pi.lib.uchicago.edu/1001/org/ochre/05fa9a22-ac1f-6e6c-888b-61fbcb55719c,Dataset 60
dwgid752.jpg,missing in metadata,https://pi.lib.uchicago.edu/1001/org/ochre/1b77b552-86ef-60ab-6205-c92106ef9421,Dataset 60
dwgid7522.jpg,missing in metadata,https://pi.lib.uchicago.edu/1001/org/ochre/2473e16c-c782-11a5-af3e-24a73ab19d8e,Dataset 60
dwgid753.jpg,missing in metadata,https://pi.lib.uchicago.edu/1001/org/ochre/b9dad97b-b51a-a466-9c78-2b7e94c0ccbc,Dataset 60
dwgid8676.jpg,missing in metadata,https://pi.lib.uchicago.edu/1001/org/ochre/a6118145-85ae-446c-9182-2db3cbf1b850,Dataset 60
dwgid7567.jpg,missing in metadata,https://pi.lib.uchicago.edu/1001/org/ochre/a8fe00ac-ca65-1e5a-1a78-8c919268f1c0,Dataset 60
dwgid8693.jpg,missing in metadata,https://pi.lib.uchicago.edu/1001/org/ochre/61c40721-8d43-4efa-aef9-e2a0b7751534,Dataset 60
dwgid7584.jpg,missing in metadata,https://pi.lib.uchicago.edu/1001/org/ochre/7c3e881a-cfc3-20d5-52d1-76d31df1acae,Dataset 60
dwgid7585.jpg,missing in metadata,https://pi.lib.uchicago.edu/1001/org/ochre/50e3d18c-b9b8-031d-7ac4-f053c192874a,Dataset 60
dwgid8741.jpg,missing in metadata,https://pi.lib.uchicago.edu/1001/org/ochre/635476d6-086f-4c13-99b4-6920b529bf2c,Dataset 60
dwgid7600.jpg,missing in metadata,https://pi.lib.uchicago.edu/1001/org/ochre/ef4f54e2-9ed3-3276-31a5-55ff65d0298d,Dataset 60
dwgid8881.jpg,missing in metadata,https://pi.lib.uchicago.edu/1001/org/ochre/170aefb4-85a2-4fc2-b3a9-90fe20d26cfc,Dataset 60
dwgid8977.jpg,missing in metadata,https://pi.lib.uchicago.edu/1001/org/ochre/b7624605-7827-429d-9240-2d8902d65100,Dataset 60
dwgid9112.jpg,missing in metadata,https://pi.lib.uchicago.edu/1001/org/ochre/f788eb73-012e-4dbb-9d6b-d24b1f6e41d9,Dataset 60
dwgid9127.jpg,missing in metadata,https://pi.lib.uchicago.edu/1001/org/ochre/4f9583b7-abf4-442e-8006-c6b64a4eade9,Dataset 60
dwgid9190.jpg,missing in metadata,https://pi.lib.uchicago.edu/1001/org/ochre/15010563-5412-4fbd-b996-c8db3935af43,Dataset 60
dwgid7631.jpg,missing in metadata,https://pi.lib.uchicago.edu/1001/org/ochre/ccc2743d-d60c-6eba-0c97-25eca30b18b9,Dataset 60
dwgid9195.jpg,missing in metadata,https://pi.lib.uchicago.edu/1001/org/ochre/2f7bf27c-42ea-4bb4-ad58-8585e66a3e1f,Dataset 60
dwgid7659.jpg,missing in metadata,https://pi.lib.uchicago.edu/1001/org/ochre/13a4a14c-d485-ba2c-edfa-4e3196ac5988,Dataset 60
dwgid7678.jpg,missing in metadata,https://pi.lib.uchicago.edu/1001/org/ochre/2285b6b3-d3dc-1558-441b-0b1f6990c38f,Dataset 60
dwgid7681.jpg,missing in metadata,https://pi.lib.uchicago.edu/1001/org/ochre/3ad1bb5e-73ed-55c2-258e-3650026c99b4,Dataset 60
dwgid7683.jpg,missing in metadata,https://pi.lib.uchicago.edu/1001/org/ochre/767ad8e2-0d31-944a-b397-eeb7da496d66,Dataset 60
dwgid7720.jpg,missing in metadata,https://pi.lib.uchicago.edu/1001/org/ochre/f0a1a960-7b1d-5355-991e-22ce004e53dd,Dataset 60
dwgid7761.jpg,missing in metadata,https://pi.lib.uchicago.edu/1001/org/ochre/bfeddace-c855-69c3-af82-169305e4c6d5,Dataset 60
dwgid7805.jpg,missing in metadata,https://pi.lib.uchicago.edu/1001/org/ochre/a2453ccd-1ca6-42d8-bf09-047649ceb905,Dataset 60
dwgid7845.jpg,missing in metadata,https://pi.lib.uchicago.edu/1001/org/ochre/7046c530-1576-8cc2-d226-11487996734c,Dataset 60
dwgid9206.jpg,missing in metadata,https://pi.lib.uchicago.edu/1001/org/ochre/0f558c16-2774-4aa3-8c83-1e46c153a7d4,Dataset 60
dwgid9365.jpg,missing in metadata,https://pi.lib.uchicago.edu/1001/org/ochre/45054164-e2bf-407b-beae-462091e85a2d,Dataset 60
dwgid9417.jpg,missing in metadata,https://pi.lib.uchicago.edu/1001/org/ochre/0e26198d-79d6-4a36-b9c5-9ebb6bf6b069,Dataset 60
dwgid7901.jpg,missing in metadata,https://pi.lib.uchicago.edu/1001/org/ochre/4e18ecf3-ca92-4a3c-ada8-ecb41a55f2e7,Dataset 60
dwgid9480.jpg,missing in metadata,https://pi.lib.uchicago.edu/1001/org/ochre/c7500c1e-c89b-4487-aa0d-d54ac6e93275,Dataset 60
dwgid7937.jpg,missing in metadata,https://pi.lib.uchicago.edu/1001/org/ochre/0c127503-0555-dd08-8e67-088c32388f17,Dataset 60
dwgid9483.jpg,missing in metadata,https://pi.lib.uchicago.edu/1001/org/ochre/f12a8431-5965-4d23-a7e3-f4be1e486ed7,Dataset 60
dwgid7981.jpg,missing in metadata,https://pi.lib.uchicago.edu/1001/org/ochre/f180ddba-64f3-2267-5c55-011d9b4ec601,Dataset 60
dwgid7997.jpg,missing in metadata,https://pi.lib.uchicago.edu/1001/org/ochre/c43aa694-33c3-0ae5-d0a3-598adb215507,Dataset 60
dwgid8026.jpg,missing in metadata,https://pi.lib.uchicago.edu/1001/org/ochre/5415d6ad-ac10-92a6-588e-fbd257640e69,Dataset 60
dwgid8105.jpg,missing in metadata,https://pi.lib.uchicago.edu/1001/org/ochre/c7225b99-222f-2d79-8f54-a75b9bc21440,Dataset 60
dwgid9600.jpg,missing in metadata,https://pi.lib.uchicago.edu/1001/org/ochre/0cbf79f0-ea8e-474d-ad0b-54218fe03398,Dataset 60
dwgid8150.jpg,missing in metadata,https://pi.lib.uchicago.edu/1001/org/ochre/ad1cb8cb-a358-3b92-5e8b-ff64135f1496,Dataset 60
dwgid8202.jpg,missing in metadata,https://pi.lib.uchicago.edu/1001/org/ochre/7b2a5e5e-8929-a461-9a58-4be54c559b8d,Dataset 60
dwgid8211.jpg,missing in metadata,https://pi.lib.uchicago.edu/1001/org/ochre/6460b5b2-deae-3fd5-f445-003c8660ec9d,Dataset 60
dwgid8212.jpg,missing in metadata,https://pi.lib.uchicago.edu/1001/org/ochre/b61daeff-6dbd-8c15-1fa7-5430ba9a3d83,Dataset 60
dwgid8214.jpg,missing in metadata,https://pi.lib.uchicago.edu/1001/org/ochre/5c5bec98-59d9-5cab-4e5a-40051e98e8a1,Dataset 60
dwgid8253.jpg,missing in metadata,https://pi.lib.uchicago.edu/1001/org/ochre/83bbbba6-6db5-58a1-147b-9b25761e50d9,Dataset 60
dwgid8254.jpg,missing in metadata,https://pi.lib.uchicago.edu/1001/org/ochre/be22f980-1636-f8aa-c967-af62ee7c010d,Dataset 60
dwgid9659.jpg,missing in metadata,https://pi.lib.uchicago.edu/1001/org/ochre/d77cf85e-e90f-4d0d-8b6d-117081da7f55,Dataset 60
dwgid9672.jpg,missing in metadata,https://pi.lib.uchicago.edu/1001/org/ochre/773df8b5-a8eb-403a-b92b-28ee2445e3da,Dataset 60
dwgid8293.jpg,missing in metadata,https://pi.lib.uchicago.edu/1001/org/ochre/ee295cb5-a1d8-3545-bbc4-2c63e54db690,Dataset 60
dwgid8295.jpg,missing in metadata,https://pi.lib.uchicago.edu/1001/org/ochre/046442f4-661c-ce75-f61a-826e892eb46b,Dataset 60
dwgid8299.jpg,missing in metadata,https://pi.lib.uchicago.edu/1001/org/ochre/0e44bc45-852f-fed2-7bb3-260ce4ca65aa,Dataset 60
dwgid9682.jpg,missing in metadata,https://pi.lib.uchicago.edu/1001/org/ochre/d96078dc-aca8-4d5a-a936-ad2592687db4,Dataset 60
dwgid10245.jpg,missing in metadata,https://pi.lib.uchicago.edu/1001/org/ochre/8d3604fd-3700-4657-8bcc-e14170822480,Dataset 60
dwgid10261.jpg,missing in metadata,https://pi.lib.uchicago.edu/1001/org/ochre/5cf0ca51-9a37-4f14-8698-c77b355d2c22,Dataset 60
dwgid10426.jpg,missing in metadata,https://pi.lib.uchicago.edu/1001/org/ochre/bfe52517-3cc3-484d-9b5e-4037bbfbe6ac,Dataset 60
dwgid10453.jpg,missing in metadata,https://pi.lib.uchicago.edu/1001/org/ochre/ead9b9b8-42cf-4eb6-bd53-8eb0859c8408,Dataset 60
dwgid10455.jpg,missing in metadata,https://pi.lib.uchicago.edu/1001/org/ochre/3bb40998-4e41-4a85-90b0-3704df12fae7,Dataset 60
dwgid8339.jpg,missing in metadata,https://pi.lib.uchicago.edu/1001/org/ochre/17e4c9b2-f9ea-2369-d026-91dc0b63b80e,Dataset 60
dwgid8356.jpg,missing in metadata,https://pi.lib.uchicago.edu/1001/org/ochre/7e1fbe8a-97f6-67d2-9b6d-29b4f4b8c6fb,Dataset 60
dwgid8362.jpg,missing in metadata,https://pi.lib.uchicago.edu/1001/org/ochre/12f86430-96d1-8e41-e3b9-abfaf3cfe1c8,Dataset 60
dwgid8393.jpg,missing in metadata,https://pi.lib.uchicago.edu/1001/org/ochre/196d4181-5729-ba4d-2c88-c3a1f04445f1,Dataset 60
dwgid8403.jpg,missing in metadata,https://pi.lib.uchicago.edu/1001/org/ochre/610852cc-072b-2328-3730-946e7aaf409d,Dataset 60
dwgid8406.jpg,missing in metadata,https://pi.lib.uchicago.edu/1001/org/ochre/f46e8bae-9127-22e3-4893-3882e84d6ebd,Dataset 60
dwgid8411.jpg,missing in metadata,https://pi.lib.uchicago.edu/1001/org/ochre/8b437890-8509-ddcc-fc04-0bd7b8774d01,Dataset 60
dwgid8419.jpg,missing in metadata,https://pi.lib.uchicago.edu/1001/org/ochre/a629bc96-84a8-0419-6bb4-34960ef2fe15,Dataset 60
dwgid8420.jpg,missing in metadata,https://pi.lib.uchicago.edu/1001/org/ochre/48c33e3e-37a8-bbb6-5837-3751fecc882d,Dataset 60
dwgid10457.jpg,missing in metadata,https://pi.lib.uchicago.edu/1001/org/ochre/7baf81ff-45a5-4f3d-ae2c-1414c9ddc49b,Dataset 60
dwgid10486.jpg,missing in metadata,https://pi.lib.uchicago.edu/1001/org/ochre/2672afac-f19b-4e57-91f8-bad64661d172,Dataset 60
dwgid10658.jpg,missing in metadata,https://pi.lib.uchicago.edu/1001/org/ochre/f6a66ffe-7deb-4958-a492-6a2122294f75,Dataset 60
dwgid10988.jpg,missing in metadata,https://pi.lib.uchicago.edu/1001/org/ochre/8c0f9ab6-6077-456f-8075-50de6c9c058a,Dataset 60
dwgid8445.jpg,missing in metadata,https://pi.lib.uchicago.edu/1001/org/ochre/d2b3e28c-1fce-4301-3f33-87f1e6286598,Dataset 60
dwgid8454.jpg,missing in metadata,https://pi.lib.uchicago.edu/1001/org/ochre/60ce7558-70d4-eb82-8138-53a64f8bbd87,Dataset 60
dwgid11017.jpg,missing in metadata,https://pi.lib.uchicago.edu/1001/org/ochre/2dfccc18-fd7c-4a57-81fa-60e1b81c3b58,Dataset 60
dwgid8462.jpg,missing in metadata,https://pi.lib.uchicago.edu/1001/org/ochre/43aa0440-763c-39ae-7bb8-f0491c58e058,Dataset 60
dwgid8482.jpg,missing in metadata,https://pi.lib.uchicago.edu/1001/org/ochre/77faf780-6fd3-11ad-b908-7bf944d4d016,Dataset 60
dwgid8504.jpg,missing in metadata,https://pi.lib.uchicago.edu/1001/org/ochre/cc1bffde-3e01-08c5-b4bd-a222a09670e0,Dataset 60
dwgid8506.jpg,missing in metadata,https://pi.lib.uchicago.edu/1001/org/ochre/568a93c8-c3a9-2db8-3c50-76112386b364,Dataset 60
dwgid8541.jpg,missing in metadata,https://pi.lib.uchicago.edu/1001/org/ochre/a3b8a606-048d-6e39-06e6-0b81ac173d4c,Dataset 60
dwgid8546.jpg,missing in metadata,https://pi.lib.uchicago.edu/1001/org/ochre/118aa62b-474a-58cf-071a-48e52c204ef9,Dataset 60
dwgid8587.jpg,missing in metadata,https://pi.lib.uchicago.edu/1001/org/ochre/02e347a3-9bd7-0f03-8ef4-e5c6a28b0ede,Dataset 60
dwgid8601.jpg,missing in metadata,https://pi.lib.uchicago.edu/1001/org/ochre/43b0c5b9-c5e6-9118-a0a5-4449082edf0f,Dataset 60
dwgid11019.jpg,missing in metadata,https://pi.lib.uchicago.edu/1001/org/ochre/9d4e36a7-9760-4972-aff7-d17b9ccc706a,Dataset 60
dwgid8628.jpg,missing in metadata,https://pi.lib.uchicago.edu/1001/org/ochre/22715d8e-c512-852c-6450-47b174136135,Dataset 60
dwgid8629.jpg,missing in metadata,https://pi.lib.uchicago.edu/1001/org/ochre/4d4abe8b-1134-f6cb-7ec3-abd3f795256c,Dataset 60
dwgid8630.jpg,missing in metadata,https://pi.lib.uchicago.edu/1001/org/ochre/643a97fd-2a7b-7981-0a1a-024afa24bc7c,Dataset 60
dwgid11020.jpg,missing in metadata,https://pi.lib.uchicago.edu/1001/org/ochre/53c4aa32-792b-4a65-b049-fa6d766ac8ed,Dataset 60
dwgid8643.jpg,missing in metadata,https://pi.lib.uchicago.edu/1001/org/ochre/91cb50b9-4612-7708-3b9a-27aa942a3305,Dataset 60
dwgid8669.jpg,missing in metadata,https://pi.lib.uchicago.edu/1001/org/ochre/8f6068b6-2893-e75e-e71e-db22e10afc11,Dataset 60
dwgid8670.jpg,missing in metadata,https://pi.lib.uchicago.edu/1001/org/ochre/bb874e28-5caf-8008-6498-dc912642f6da,Dataset 60
dwgid8672.jpg,missing in metadata,https://pi.lib.uchicago.edu/1001/org/ochre/6df0c3cd-9347-01ab-b586-89b63f09bbf9,Dataset 60
dwgid11022.jpg,missing in metadata,https://pi.lib.uchicago.edu/1001/org/ochre/72f3e665-7323-4598-991f-16b13d6c911b,Dataset 60
dwgid8684.jpg,missing in metadata,https://pi.lib.uchicago.edu/1001/org/ochre/39c21ef4-294e-39f8-7da3-0fa33fc93013,Dataset 60
dwgid11024.jpg,missing in metadata,https://pi.lib.uchicago.edu/1001/org/ochre/dd8f37a3-72ab-4914-9589-8528a3febb53,Dataset 60
dwgid8725.jpg,missing in metadata,https://pi.lib.uchicago.edu/1001/org/ochre/48100be3-7bde-812d-f516-d65d4c28caf0,Dataset 60
dwgid11027.jpg,missing in metadata,https://pi.lib.uchicago.edu/1001/org/ochre/e3a33a0b-7c87-4005-808d-c2b3e108df0f,Dataset 60
dwgid8761.jpg,missing in metadata,https://pi.lib.uchicago.edu/1001/org/ochre/b25a403c-5740-b565-5070-ecfdae3472bb,Dataset 60
dwgid8768.jpg,missing in metadata,https://pi.lib.uchicago.edu/1001/org/ochre/0e62f0c4-659a-bcd1-3924-3ac78598603f,Dataset 60
dwgid8781.jpg,missing in metadata,https://pi.lib.uchicago.edu/1001/org/ochre/be0e4908-8e2f-c78c-9086-a22cd6da7e04,Dataset 60
dwgid8783.jpg,missing in metadata,https://pi.lib.uchicago.edu/1001/org/ochre/71e925d0-183b-ad85-af0e-f5cfb8d7e279,Dataset 60
dwgid8785.jpg,missing in metadata,https://pi.lib.uchicago.edu/1001/org/ochre/03bed300-a217-16ab-5f52-f11f28a07007,Dataset 60
dwgid8789.jpg,missing in metadata,https://pi.lib.uchicago.edu/1001/org/ochre/08645836-9dff-754a-5851-c7a4d38f9b36,Dataset 60
dwgid8817.jpg,missing in metadata,https://pi.lib.uchicago.edu/1001/org/ochre/ee61524b-67f6-e2a4-ddf5-fe9be03db8e6,Dataset 60
dwgid8824.jpg,missing in metadata,https://pi.lib.uchicago.edu/1001/org/ochre/575f2db1-9230-20c4-63f7-a3f3097c4729,Dataset 60
dwgid8831.jpg,missing in metadata,https://pi.lib.uchicago.edu/1001/org/ochre/6860eb61-07f0-f7ef-cf3f-aa8bca307c06,Dataset 60
dwgid8832.jpg,missing in metadata,https://pi.lib.uchicago.edu/1001/org/ochre/3284b3c3-1fff-0796-331a-3628bf97041b,Dataset 60
dwgid8833.jpg,missing in metadata,https://pi.lib.uchicago.edu/1001/org/ochre/70548ea7-428f-2350-539e-0fc29259e507,Dataset 60
dwgid8835.jpg,missing in metadata,https://pi.lib.uchicago.edu/1001/org/ochre/1822d5a6-a56d-8ec2-6799-4cfa30d49a9a,Dataset 60
dwgid8851.jpg,missing in metadata,https://pi.lib.uchicago.edu/1001/org/ochre/633f238f-0830-baaf-dca7-77b71d95664a,Dataset 60
dwgid8857.jpg,missing in metadata,https://pi.lib.uchicago.edu/1001/org/ochre/67b9bfd5-e25e-2c36-be70-3f5006037462,Dataset 60
dwgid8864.jpg,missing in metadata,https://pi.lib.uchicago.edu/1001/org/ochre/b7872ecc-484c-5512-4564-a6546954dc1f,Dataset 60
dwgid8877.jpg,missing in metadata,https://pi.lib.uchicago.edu/1001/org/ochre/e9602f93-84d4-d6c9-8451-5c70d0207891,Dataset 60
dwgid11032.jpg,missing in metadata,https://pi.lib.uchicago.edu/1001/org/ochre/caffc5cf-7fbd-4237-90f3-63a24224a01d,Dataset 60
dwgid8926.jpg,missing in metadata,https://pi.lib.uchicago.edu/1001/org/ochre/2a74dc16-4623-9dca-c462-6de7a37e2c94,Dataset 60
dwgid8944.jpg,missing in metadata,https://pi.lib.uchicago.edu/1001/org/ochre/4d45812e-4772-d413-a102-495b71638212,Dataset 60
dwgid8948.jpg,missing in metadata,https://pi.lib.uchicago.edu/1001/org/ochre/d5f17010-7ea1-abe7-b256-81f73aa24b10,Dataset 60
dwgid8964.jpg,missing in metadata,https://pi.lib.uchicago.edu/1001/org/ochre/c0ea0f51-1729-13b2-4040-90ea21567341,Dataset 60
dwgid8967.jpg,missing in metadata,https://pi.lib.uchicago.edu/1001/org/ochre/51b65bb9-c4f8-829b-076b-02269b146d63,Dataset 60
dwgid11034.jpg,missing in metadata,https://pi.lib.uchicago.edu/1001/org/ochre/a30dc25b-76fa-4bae-bb13-82559b567103,Dataset 60
dwgid8982.jpg,missing in metadata,https://pi.lib.uchicago.edu/1001/org/ochre/fadf4f54-341c-9bda-dfbc-94db479a1caa,Dataset 60
dwgid9002.jpg,missing in metadata,https://pi.lib.uchicago.edu/1001/org/ochre/08b6bd97-2b71-f0aa-8415-3f9281c3a7cf,Dataset 60
dwgid9006.jpg,missing in metadata,https://pi.lib.uchicago.edu/1001/org/ochre/0e22649c-4df6-b985-8a86-504a059636a8,Dataset 60
dwgid9030.jpg,missing in metadata,https://pi.lib.uchicago.edu/1001/org/ochre/97ddbb50-017f-dedc-98f3-2ca33f36d37c,Dataset 60
dwgid9052.jpg,missing in metadata,https://pi.lib.uchicago.edu/1001/org/ochre/88dd9da6-6ef8-a82a-c22f-d6c6e9f105ec,Dataset 60
dwgid9070.jpg,missing in metadata,https://pi.lib.uchicago.edu/1001/org/ochre/b039b6bd-82a2-f90e-1be3-269b68b01dec,Dataset 60
dwgid9102.jpg,missing in metadata,https://pi.lib.uchicago.edu/1001/org/ochre/b43a2477-1782-b175-a6bc-eb4039920bb5,Dataset 60
dwgid11038.jpg,missing in metadata,https://pi.lib.uchicago.edu/1001/org/ochre/6ee05888-3533-493f-8225-868e157ccd32,Dataset 60
dwgid9125.jpg,missing in metadata,https://pi.lib.uchicago.edu/1001/org/ochre/32bf02f7-75ba-3766-bf59-17ab5ee71ddc,Dataset 60
dwgid11039.jpg,missing in metadata,https://pi.lib.uchicago.edu/1001/org/ochre/8cbe24d5-c478-4323-83ce-6ef3cefac63a,Dataset 60
dwgid9132.jpg,missing in metadata,https://pi.lib.uchicago.edu/1001/org/ochre/3792d318-bcc6-93d2-3394-2b47a0f50eca,Dataset 60
dwgid9138.jpg,missing in metadata,https://pi.lib.uchicago.edu/1001/org/ochre/ad07dcda-04d1-dcfe-0d4a-fd7374b1c9e9,Dataset 60
dwgid9144.jpg,missing in metadata,https://pi.lib.uchicago.edu/1001/org/ochre/a5dec58a-08cc-9479-795c-81a26e73ff2c,Dataset 60
dwgid9151.jpg,missing in metadata,https://pi.lib.uchicago.edu/1001/org/ochre/7780faba-f5d6-504a-6c45-74f65f17d165,Dataset 60
dwgid9152.jpg,missing in metadata,https://pi.lib.uchicago.edu/1001/org/ochre/93d056e0-d422-ec95-7fa5-adcbea6d3842,Dataset 60
dwgid9159.jpg,missing in metadata,https://pi.lib.uchicago.edu/1001/org/ochre/9a45d092-8faa-749a-e41f-86dd06620a72,Dataset 60
dwgid9186.jpg,missing in metadata,https://pi.lib.uchicago.edu/1001/org/ochre/1e927a86-ca0a-d4ec-414e-51800d51aa34,Dataset 60
dwgid11041.jpg,missing in metadata,https://pi.lib.uchicago.edu/1001/org/ochre/d39cdada-288d-42f8-a2b3-f14a94b4707c,Dataset 60
dwgid11042.jpg,missing in metadata,https://pi.lib.uchicago.edu/1001/org/ochre/afec97c9-7908-43ed-91c5-8afce5492843,Dataset 60
dwgid11043.jpg,missing in metadata,https://pi.lib.uchicago.edu/1001/org/ochre/246bdd5a-15fc-421c-9bab-d3d0d41e9c73,Dataset 60
dwgid9227.jpg,missing in metadata,https://pi.lib.uchicago.edu/1001/org/ochre/e6aff4d7-8ddd-d206-9dc3-1be9c9c9103d,Dataset 60
dwgid9231.jpg,missing in metadata,https://pi.lib.uchicago.edu/1001/org/ochre/5f7dd13e-3e7a-dda3-28c4-c2dea1c5f71a,Dataset 60
dwgid9279.jpg,missing in metadata,https://pi.lib.uchicago.edu/1001/org/ochre/0f4c6291-7210-2bd1-13b8-2784b7cccffd,Dataset 60
dwgid9321.jpg,missing in metadata,https://pi.lib.uchicago.edu/1001/org/ochre/9c1b610a-2f0a-ab74-bc0e-03275fbaeea7,Dataset 60
dwgid9360.jpg,missing in metadata,https://pi.lib.uchicago.edu/1001/org/ochre/719160d5-ab7f-4f49-262d-621a74b034ec,Dataset 60
dwgid9361.jpg,missing in metadata,https://pi.lib.uchicago.edu/1001/org/ochre/44fcd851-18bc-0da7-b07d-8e59410714a7,Dataset 60
dwgid11045.jpg,missing in metadata,https://pi.lib.uchicago.edu/1001/org/ochre/8fc151dd-e6e5-48dc-a9af-449bc5013b9f,Dataset 60
dwgid11046.jpg,missing in metadata,https://pi.lib.uchicago.edu/1001/org/ochre/f4aaecd0-f4b1-4646-b274-ca9f5d0a6626,Dataset 60
dwgid9426.jpg,missing in metadata,https://pi.lib.uchicago.edu/1001/org/ochre/246779bf-e360-f0b3-4e06-f666a49fadf9,Dataset 60
dwgid9428.jpg,missing in metadata,https://pi.lib.uchicago.edu/1001/org/ochre/0e153e32-7d04-7c35-fc5b-83a392fd564e,Dataset 60
dwgid9435.jpg,missing in metadata,https://pi.lib.uchicago.edu/1001/org/ochre/00ceb495-3cda-b980-40c7-878c7c8fb1ee,Dataset 60
dwgid11047.jpg,missing in metadata,https://pi.lib.uchicago.edu/1001/org/ochre/2cfa84f6-737e-425c-b480-11fa5b1e266a,Dataset 60
dwgid11096.jpg,missing in metadata,https://pi.lib.uchicago.edu/1001/org/ochre/4fac162b-b7de-4e03-a462-85bd5b34a7f7,Dataset 60
dwgid9507.jpg,missing in metadata,https://pi.lib.uchicago.edu/1001/org/ochre/507ef4f2-5dfd-2810-99c0-9bbef3267fdd,Dataset 60
dwgid11131.jpg,missing in metadata,https://pi.lib.uchicago.edu/1001/org/ochre/501c9d8f-7416-4d7c-87fe-5a1146f079ef,Dataset 60
dwgid9517.jpg,missing in metadata,https://pi.lib.uchicago.edu/1001/org/ochre/235e594a-afef-5e5b-ecdb-a1b58d0e7de9,Dataset 60
dwgid9518.jpg,missing in metadata,https://pi.lib.uchicago.edu/1001/org/ochre/0dc1caad-e4ad-4885-41bc-8ca5cc4839d5,Dataset 60
dwgid9519.jpg,missing in metadata,https://pi.lib.uchicago.edu/1001/org/ochre/04dff41d-1632-ee13-64a2-5311a1c2e340,Dataset 60
dwgid11161.jpg,missing in metadata,https://pi.lib.uchicago.edu/1001/org/ochre/d0016c6e-ce21-4fe8-aba5-1c24c82e52fd,Dataset 60
dwgid9521.jpg,missing in metadata,https://pi.lib.uchicago.edu/1001/org/ochre/4b69c930-9e48-2b1d-097e-0267dbdc5478,Dataset 60
dwgid9522.jpg,missing in metadata,https://pi.lib.uchicago.edu/1001/org/ochre/9b820279-c8f1-863b-721f-1b25c8087869,Dataset 60
dwgid9526.jpg,missing in metadata,https://pi.lib.uchicago.edu/1001/org/ochre/cca36eeb-e88a-aeb3-27fa-1b718947a5b0,Dataset 60
dwgid9527.jpg,missing in metadata,https://pi.lib.uchicago.edu/1001/org/ochre/43d80f0d-2833-0a67-7dca-f5851a453af6,Dataset 60
dwgid9528.jpg,missing in metadata,https://pi.lib.uchicago.edu/1001/org/ochre/5d82ac75-5d88-b188-9e28-2dcae84d70d4,Dataset 60
dwgid9529.jpg,missing in metadata,https://pi.lib.uchicago.edu/1001/org/ochre/5c48598f-0ea9-50b5-cc69-5591d9496021,Dataset 60
dwgid11181.jpg,missing in metadata,https://pi.lib.uchicago.edu/1001/org/ochre/009c8b21-f7d8-49e6-8458-894d82fa958b,Dataset 60
dwgid9530.jpg,missing in metadata,https://pi.lib.uchicago.edu/1001/org/ochre/e854de97-4d99-bfcf-ec2c-7e85158a214a,Dataset 60
dwgid9535.jpg,missing in metadata,https://pi.lib.uchicago.edu/1001/org/ochre/5858587b-1de5-bfe6-e58c-6ca340117e53,Dataset 60
dwgid9538.jpg,missing in metadata,https://pi.lib.uchicago.edu/1001/org/ochre/dab5d317-227c-2648-009a-a55a767c9afb,Dataset 60
dwgid9546.jpg,missing in metadata,https://pi.lib.uchicago.edu/1001/org/ochre/848f3315-a028-0a6b-f471-9f2096831e2e,Dataset 60
dwgid9547.jpg,missing in metadata,https://pi.lib.uchicago.edu/1001/org/ochre/3907d23e-0c4f-b86a-43c3-227028a2ee5f,Dataset 60
dwgid11272.jpg,missing in metadata,https://pi.lib.uchicago.edu/1001/org/ochre/958e46d4-99fc-43af-850d-94cb477f5a85,Dataset 60
dwgid9554.jpg,missing in metadata,https://pi.lib.uchicago.edu/1001/org/ochre/5fdd8644-ee3e-55b7-7dc7-32a119fe28e9,Dataset 60
dwgid9555.jpg,missing in metadata,https://pi.lib.uchicago.edu/1001/org/ochre/f1a51035-57dd-a140-eb9c-4f2040d340b4,Dataset 60
dwgid11338.jpg,missing in metadata,https://pi.lib.uchicago.edu/1001/org/ochre/6cdd4be6-5ec7-4cba-8294-7edadf29c488,Dataset 60
dwgid9563.jpg,missing in metadata,https://pi.lib.uchicago.edu/1001/org/ochre/3c04fce5-6a5f-6b81-edbe-8a65a032b3fa,Dataset 60
dwgid9566.jpg,missing in metadata,https://pi.lib.uchicago.edu/1001/org/ochre/6ed42a51-f909-18fd-8787-d23110d9030b,Dataset 60
dwgid9568.jpg,missing in metadata,https://pi.lib.uchicago.edu/1001/org/ochre/787cad61-300b-046b-e570-4381fe134181,Dataset 60
dwgid11897.jpg,missing in metadata,https://pi.lib.uchicago.edu/1001/org/ochre/44ec41e9-5ce5-487e-8074-cf8856a59033,Dataset 60
dwgid9571.jpg,missing in metadata,https://pi.lib.uchicago.edu/1001/org/ochre/acfcf2ff-0c9d-59e1-a9c4-a9230a7ec223,Dataset 60
dwgid9573.jpg,missing in metadata,https://pi.lib.uchicago.edu/1001/org/ochre/f4da8eb4-763b-655d-533f-9fe5a1a8d160,Dataset 60
dwgid9574.jpg,missing in metadata,https://pi.lib.uchicago.edu/1001/org/ochre/4945d60c-facc-7cc6-4f73-56f4e03c9383,Dataset 60
dwgid9575.jpg,missing in metadata,https://pi.lib.uchicago.edu/1001/org/ochre/16f9bb29-8877-b67d-ca2e-fba94d8f7ff1,Dataset 60
dwgid12042.jpg,missing in metadata,https://pi.lib.uchicago.edu/1001/org/ochre/0d2001d0-5700-4df8-81da-6f4829b07418,Dataset 60
dwgid9582.jpg,missing in metadata,https://pi.lib.uchicago.edu/1001/org/ochre/5b5711f0-12ff-b667-c0cb-326de7721422,Dataset 60
dwgid9588.jpg,missing in metadata,https://pi.lib.uchicago.edu/1001/org/ochre/59c729ee-41d9-e778-84b4-bf406b86a536,Dataset 60
dwgid12074.jpg,missing in metadata,https://pi.lib.uchicago.edu/1001/org/ochre/53083f2a-348e-415b-8031-0ca5f393fda9,Dataset 60
dwgid14575.jpg,missing in metadata,https://pi.lib.uchicago.edu/1001/org/ochre/2da30135-93e8-485e-a159-7eb50b42c266,Dataset 60
dwgid9619.jpg,missing in metadata,https://pi.lib.uchicago.edu/1001/org/ochre/d12c6791-a1df-ecef-24f3-d1749a2a12a1,Dataset 60
dwgid9622.jpg,missing in metadata,https://pi.lib.uchicago.edu/1001/org/ochre/9e5f0773-1469-e1f8-559f-83a18621ef75,Dataset 60
dwgid15331.jpg,missing in metadata,https://pi.lib.uchicago.edu/1001/org/ochre/c5c40f88-dd17-4d7c-b63c-d9916a8e17d1,Dataset 60
dwgid15341.jpg,missing in metadata,https://pi.lib.uchicago.edu/1001/org/ochre/ca36740f-7f70-4f51-9759-95faa65aadf6,Dataset 60
dwgid15573.jpg,missing in metadata,https://pi.lib.uchicago.edu/1001/org/ochre/2857614a-c88b-4339-8477-c8cc7c33168f,Dataset 60
dwgid15785.jpg,missing in metadata,https://pi.lib.uchicago.edu/1001/org/ochre/6d0f0f04-03f0-47ed-9ed9-63338124c72e,Dataset 60
dwgid9660.jpg,missing in metadata,https://pi.lib.uchicago.edu/1001/org/ochre/23a52b08-f78f-8e43-b25f-3c482de04168,Dataset 60
dwgid9669.jpg,missing in metadata,https://pi.lib.uchicago.edu/1001/org/ochre/e78a7d1b-a103-c051-b1b6-e17afd607d88,Dataset 60
dwgid21723.jpg,missing in metadata,https://pi.lib.uchicago.edu/1001/org/ochre/b15ffcb8-323f-4e08-b054-909068f86d5b,Dataset 60
dwgid9670.jpg,missing in metadata,https://pi.lib.uchicago.edu/1001/org/ochre/ffc5ca72-0394-2d7d-2a93-c65059c160b2,Dataset 60
dwgid22831.jpg,missing in metadata,https://pi.lib.uchicago.edu/1001/org/ochre/ef31ce4a-def0-4e95-94ad-78de1d9f1e1f,Dataset 60
dwgid9678.jpg,missing in metadata,https://pi.lib.uchicago.edu/1001/org/ochre/e6463779-886b-d5ff-5766-bde92a010faf,Dataset 60
dwgid22832.jpg,missing in metadata,https://pi.lib.uchicago.edu/1001/org/ochre/435fee3a-c706-4c0c-908c-5847bc2bb076,Dataset 60
dwgid22833.jpg,missing in metadata,https://pi.lib.uchicago.edu/1001/org/ochre/cb232c24-0347-4070-ad2a-e2ca5d92e3ed,Dataset 60
dwgid9683.jpg,missing in metadata,https://pi.lib.uchicago.edu/1001/org/ochre/41b23583-2cb6-29c4-a9b2-6d52837f3617,Dataset 60
dwgid9688.jpg,missing in metadata,https://pi.lib.uchicago.edu/1001/org/ochre/e5beabdb-c2e4-ed53-ec40-8cbffe3ca4d9,Dataset 60
dwgid22834.jpg,missing in metadata,https://pi.lib.uchicago.edu/1001/org/ochre/82441b6f-c999-4e5f-a069-58ee8af30b79,Dataset 60
dwgid23107.jpg,missing in metadata,https://pi.lib.uchicago.edu/1001/org/ochre/cec2edde-2504-49a6-8bd1-7ec6d636a122,Dataset 60
dwgid9707.jpg,missing in metadata,https://pi.lib.uchicago.edu/1001/org/ochre/92781880-fb56-8e77-cd44-8271f191168b,Dataset 60
dwgid24068.jpg,missing in metadata,https://pi.lib.uchicago.edu/1001/org/ochre/cef232d7-c2b2-4450-9442-b0c542fc00b2,Dataset 60
dwgid9713.jpg,missing in metadata,https://pi.lib.uchicago.edu/1001/org/ochre/d94cf4c2-c8c4-93b8-32a2-0d9fe66fc2b7,Dataset 60
dwgid25877.jpg,missing in metadata,https://pi.lib.uchicago.edu/1001/org/ochre/cffa1732-0245-4d81-aa72-02dc7cb78691,Dataset 60
dwgid25878.jpg,missing in metadata,https://pi.lib.uchicago.edu/1001/org/ochre/915ec4ae-d0ca-4612-90aa-a626d704b180,Dataset 60
dwgid25879.jpg,missing in metadata,https://pi.lib.uchicago.edu/1001/org/ochre/5c4f071e-67a9-4e00-ab3b-aee1f9442ed1,Dataset 60
dwgid9759.jpg,missing in metadata,https://pi.lib.uchicago.edu/1001/org/ochre/d77b1aef-5404-80a1-e433-cc5bf84cfb06,Dataset 60
dwgid9771.jpg,missing in metadata,https://pi.lib.uchicago.edu/1001/org/ochre/5cc68823-5923-6948-ae7b-81b26ba7bd3d,Dataset 60
dwgid9782.jpg,missing in metadata,https://pi.lib.uchicago.edu/1001/org/ochre/f6477605-d146-3ad8-97c3-302ee7b6f753,Dataset 60
dwgid9787.jpg,missing in metadata,https://pi.lib.uchicago.edu/1001/org/ochre/d7758f65-ffb1-638e-ce6e-8442d0cb2e74,Dataset 60
dwgid9796.jpg,missing in metadata,https://pi.lib.uchicago.edu/1001/org/ochre/ec20d8ec-339f-d793-f81f-6488f4044697,Dataset 60
dwgid9803.jpg,missing in metadata,https://pi.lib.uchicago.edu/1001/org/ochre/ed4975d7-35c5-3507-3952-8e90b26f6638,Dataset 60
dwgid9805.jpg,missing in metadata,https://pi.lib.uchicago.edu/1001/org/ochre/9addc4c6-ec8e-5213-2fe4-fcbdd4591d98,Dataset 60
dwgid9806.jpg,missing in metadata,https://pi.lib.uchicago.edu/1001/org/ochre/9696486d-5209-6915-97d4-10eb53149674,Dataset 60
dwgid9817.jpg,missing in metadata,https://pi.lib.uchicago.edu/1001/org/ochre/91afb0a7-a96a-b638-cf64-4f74ca6b1967,Dataset 60
dwgid9821.jpg,missing in metadata,https://pi.lib.uchicago.edu/1001/org/ochre/c53adbaa-96c6-710b-5441-0439dd9c3ede,Dataset 60
dwgid9851.jpg,missing in metadata,https://pi.lib.uchicago.edu/1001/org/ochre/19e9834a-6f23-2dc3-f931-fdd2c4e01297,Dataset 60
dwgid9852.jpg,missing in metadata,https://pi.lib.uchicago.edu/1001/org/ochre/320be8ed-955c-aa58-d3f3-c216cd7394b1,Dataset 60
dwgid9853.jpg,missing in metadata,https://pi.lib.uchicago.edu/1001/org/ochre/5290d560-5bb8-fad3-2761-1db6a346981c,Dataset 60
dwgid9855.jpg,missing in metadata,https://pi.lib.uchicago.edu/1001/org/ochre/5703540f-6691-b283-94c4-b7429c319cf2,Dataset 60
dwgid9857.jpg,missing in metadata,https://pi.lib.uchicago.edu/1001/org/ochre/382a98c7-ed93-793b-b309-83c4409f892c,Dataset 60
dwgid9858.jpg,missing in metadata,https://pi.lib.uchicago.edu/1001/org/ochre/6156b56a-8402-1f76-0c08-bafd36c900b0,Dataset 60
dwgid9860.jpg,missing in metadata,https://pi.lib.uchicago.edu/1001/org/ochre/e68ecb79-02ff-bc60-11bf-8caa32d7c1ef,Dataset 60
dwgid9861.jpg,missing in metadata,https://pi.lib.uchicago.edu/1001/org/ochre/9b6fcdce-f110-76e2-06d9-bbc6896f57b7,Dataset 60
dwgid9863.jpg,missing in metadata,https://pi.lib.uchicago.edu/1001/org/ochre/5af23bc8-7979-45ce-05eb-5b16cc659162,Dataset 60
dwgid9864.jpg,missing in metadata,https://pi.lib.uchicago.edu/1001/org/ochre/804e76cd-275e-8325-c335-0e19310d1d0b,Dataset 60
dwgid9885.jpg,missing in metadata,https://pi.lib.uchicago.edu/1001/org/ochre/c8354ef1-ce76-0cfb-f8fa-b7dd1754fe10,Dataset 60
dwgid9911.jpg,missing in metadata,https://pi.lib.uchicago.edu/1001/org/ochre/ef992e68-29ba-5478-7c6c-15ba76e56f08,Dataset 60
dwgid9915.jpg,missing in metadata,https://pi.lib.uchicago.edu/1001/org/ochre/b1abc22c-12a9-c0bb-4744-efd93afa99a8,Dataset 60
dwgid9936.jpg,missing in metadata,https://pi.lib.uchicago.edu/1001/org/ochre/4d4cbdfe-6444-ce17-eb6b-c74152374b6c,Dataset 60
dwgid9938.jpg,missing in metadata,https://pi.lib.uchicago.edu/1001/org/ochre/41bac3c5-6b7b-dd05-76b0-c78071197fdf,Dataset 60
dwgid9940.jpg,missing in metadata,https://pi.lib.uchicago.edu/1001/org/ochre/2eec3383-d972-6399-3d9b-86448c96b22b,Dataset 60
dwgid9942.jpg,missing in metadata,https://pi.lib.uchicago.edu/1001/org/ochre/99a11bac-ac02-68f6-2a8b-4dfdfcd81218,Dataset 60
dwgid9943.jpg,missing in metadata,https://pi.lib.uchicago.edu/1001/org/ochre/dd763612-f434-9c2a-620d-19962ee2c13f,Dataset 60
dwgid9944.jpg,missing in metadata,https://pi.lib.uchicago.edu/1001/org/ochre/b4f49917-b210-e84f-bcc0-2d5469dfabb1,Dataset 60
dwgid9945.jpg,missing in metadata,https://pi.lib.uchicago.edu/1001/org/ochre/2f1934f0-73b6-725a-06dc-c87ea057a716,Dataset 60
dwgid9946.jpg,missing in metadata,https://pi.lib.uchicago.edu/1001/org/ochre/4733ec8c-082b-82b5-15be-1e1cb616e5f8,Dataset 60
dwgid9947.jpg,missing in metadata,https://pi.lib.uchicago.edu/1001/org/ochre/0b922ec5-dcf1-482f-0e22-039f5684ead1,Dataset 60
dwgid9948.jpg,missing in metadata,https://pi.lib.uchicago.edu/1001/org/ochre/a46089e0-8b59-1a9a-60b6-d78f5ac4b221,Dataset 60
dwgid9950.jpg,missing in metadata,https://pi.lib.uchicago.edu/1001/org/ochre/0bceb6f9-f249-c939-3869-1eeef1008bcb,Dataset 60
dwgid9955.jpg,missing in metadata,https://pi.lib.uchicago.edu/1001/org/ochre/0b4f59ae-9da6-77f2-9af5-f9c5376d8655,Dataset 60
dwgid9964.jpg,missing in metadata,https://pi.lib.uchicago.edu/1001/org/ochre/39e93fcb-8415-dc14-aeb7-e69c957a0c6a,Dataset 60
dwgid9975.jpg,missing in metadata,https://pi.lib.uchicago.edu/1001/org/ochre/b8fa61ac-b59c-2512-9894-50c45c29741d,Dataset 60
dwgid9976.jpg,missing in metadata,https://pi.lib.uchicago.edu/1001/org/ochre/c482af00-55f5-77f9-5024-2b2b5850c786,Dataset 60