ochre_metadata,filename
http://pi.lib.uchicago.edu/1001/org/ochre/b81fc927-6bfd-0ea3-b5e6-1f40a83502cc,A07_16023.jpg
http://pi.lib.uchicago.edu/1001/org/ochre/d7cc4fb8-55d7-d0f3-7ea6-02669b6563c7,A07_16024.jpg
http://pi.lib.uchicago.edu/1001/org/ochre/d1f1d7c4-856d-4f51-4b73-3122143703a2,A07_16030.jpg
http://pi.lib.uchicago.edu/1001/org/ochre/2641ff47-4c75-fb4e-e293-c284d52dc132,A07_16110.jpg
http://pi.lib.uchicago.edu/1001/org/ochre/6dcadd76-15f2-321c-4dca-7a49a658b126,A07_16116.jpg
http://pi.lib.uchicago.edu/1001/org/ochre/b8735d31-e375-4282-b9dc-e4bcaf9fa0b7,A07_16118.jpg
http://pi.lib.uchicago.edu/1001/org/ochre/3853000f-6d8d-cfcb-8b78-98c88a132d1a,A07_16120.jpg
http://pi.lib.uchicago.edu/1001/org/ochre/8fce4bbe-ba39-d9b4-e036-3270e96255b8,A07_16121.jpg
http://pi.lib.uchicago.edu/1001/org/ochre/d1f97d6a-b218-49c4-682b-960978ae284a,A07_16122.jpg
http://pi.lib.uchicago.edu/1001/org/ochre/ec65c6dc-994e-71d3-44b6-64369d1679b6,A07_16123.jpg
http://pi.lib.uchicago.edu/1001/org/ochre/51eb5e94-e08e-c459-c38c-aa647f6400a5,A07_16124.jpg
http://pi.lib.uchicago.edu/1001/org/ochre/b8276444-2d1c-2365-dbde-992166290891,A07_16126.jpg
http://pi.lib.uchicago.edu/1001/org/ochre/f83dd351-42ed-3794-e902-f46a455562dc,A07_16140.jpg
http://pi.lib.uchicago.edu/1001/org/ochre/e2653a83-daaf-e84c-7da5-e8970fbd2a9c,A07_16141.jpg
http://pi.lib.uchicago.edu/1001/org/ochre/70efce81-7f60-f1c0-21bb-4fa57e1fccf8,A07_16142.jpg
http://pi.lib.uchicago.edu/1001/org/ochre/0a5e1679-f77f-fc3c-a800-f6e054f08c53,A07_16143.jpg
http://pi.lib.uchicago.edu/1001/org/ochre/83e6cd8e-1ae9-c335-39b2-28e902f7ed12,A07_16144.jpg
http://pi.lib.uchicago.edu/1001/org/ochre/dd4aaab0-9e8a-669a-c457-e9415d332bb5,A07_16145.jpg
http://pi.lib.uchicago.edu/1001/org/ochre/aa20691b-7755-fe90-af12-5ff925dbc39f,A07_16146.jpg
http://pi.lib.uchicago.edu/1001/org/ochre/0d8c068a-b2d9-479e-9192-8f6f05cdf140,A07_16148.jpg
http://pi.lib.uchicago.edu/1001/org/ochre/72750849-3817-41f8-a9c5-db9120076c72,A07_16150.jpg
http://pi.lib.uchicago.edu/1001/org/ochre/1f911aa7-c577-1d22-5b39-767450f6e658,A07_16152.jpg
http://pi.lib.uchicago.edu/1001/org/ochre/ed146f1b-2bd0-138f-c965-7581e3a1d8f9,A07_16154.jpg
http://pi.lib.uchicago.edu/1001/org/ochre/d10bea5d-6722-651b-a0d2-42f190eefa58,A07_16156.jpg
http://pi.lib.uchicago.edu/1001/org/ochre/d009098e-0604-7466-cd43-cdd88628bac8,A07_16202.jpg
http://pi.lib.uchicago.edu/1001/org/ochre/8604a91e-65bb-c5ef-9ce5-f75d0f352a44,A07_16205.jpg
http://pi.lib.uchicago.edu/1001/org/ochre/61e302b0-ec32-5062-bd37-2ad667b51ecb,A07_16206.jpg
http://pi.lib.uchicago.edu/1001/org/ochre/00462fcf-b383-cb60-1526-aa7287412a04,A07_16207.jpg
http://pi.lib.uchicago.edu/1001/org/ochre/fe9305de-0f72-8b83-2047-4d41c1575de8,A07_16209.jpg
http://pi.lib.uchicago.edu/1001/org/ochre/7657db8e-d737-d38d-45c2-74dffdb61263,A07_16211.jpg
http://pi.lib.uchicago.edu/1001/org/ochre/25dd44d6-e8a3-00a7-9925-6d43d63092f3,A07_16213.jpg
http://pi.lib.uchicago.edu/1001/org/ochre/4dc57b32-a0c6-34ef-c055-8097d4ba97d9,A07_16215.jpg
http://pi.lib.uchicago.edu/1001/org/ochre/f9c9dfed-ee77-f60f-b18c-9db96ad1cb04,A07_16217.jpg
http://pi.lib.uchicago.edu/1001/org/ochre/560554d3-86e0-07b1-6065-5fc7b96deedb,A07_16219.jpg
http://pi.lib.uchicago.edu/1001/org/ochre/5c8c3242-636d-ae82-1c04-f67bd5d8ce32,A07_16221.jpg
http://pi.lib.uchicago.edu/1001/org/ochre/55f5419a-b7f4-1fdb-9b74-69d5185ff6ec,A07_16223.jpg
http://pi.lib.uchicago.edu/1001/org/ochre/3eb39faa-ae42-9ead-8850-6c327e9b6f96,A07_16225.jpg
http://pi.lib.uchicago.edu/1001/org/ochre/38a8550d-82cf-5260-6e6b-647f5f00accf,A07_16226.jpg
http://pi.lib.uchicago.edu/1001/org/ochre/5856ff99-c54f-1606-fa48-0b532a400caf,A07_16227.jpg
http://pi.lib.uchicago.edu/1001/org/ochre/902a4b20-1cbb-943e-90c2-59c8997719bb,A07_16228.jpg
http://pi.lib.uchicago.edu/1001/org/ochre/b3acad09-1db5-fa6a-b985-08f2957ddf69,A07_16229.jpg
http://pi.lib.uchicago.edu/1001/org/ochre/47ad48ae-56a1-6ad3-1412-8d37d8073046,A07_16230.jpg
http://pi.lib.uchicago.edu/1001/org/ochre/5008451e-1e7a-f7ea-22fd-c6f4ebf13ff1,A07_16231.jpg
http://pi.lib.uchicago.edu/1001/org/ochre/97ffb5e0-d7c4-e3a9-bee0-8470e8ae114a,A07_16232.jpg
http://pi.lib.uchicago.edu/1001/org/ochre/3fa0168a-05f7-d65f-db6f-8d8cbdf62185,A07_16233.jpg
http://pi.lib.uchicago.edu/1001/org/ochre/1ab83bc8-87f1-03a0-8ce5-9b08f3beb63e,A07_16234.jpg
http://pi.lib.uchicago.edu/1001/org/ochre/ac3a8dfc-f445-9aef-37c6-bb26b6fcbfc8,A07_16235.jpg
http://pi.lib.uchicago.edu/1001/org/ochre/493d2e06-30f2-77bf-1f11-d6becc4d4df7,A07_16236.jpg
http://pi.lib.uchicago.edu/1001/org/ochre/9d732c31-722b-7f08-3c27-7e776e9f37a5,A07_16237.jpg
http://pi.lib.uchicago.edu/1001/org/ochre/4669e28c-7261-0c5c-e2c1-317a6fed66d0,A07_16251.jpg
http://pi.lib.uchicago.edu/1001/org/ochre/d9b9ae3b-11ee-6d86-9d57-c782fa322e5d,A07_16255.jpg
http://pi.lib.uchicago.edu/1001/org/ochre/a463c6b4-c0dc-4fae-6d24-abf6eedac6fe,A07_16257.jpg
http://pi.lib.uchicago.edu/1001/org/ochre/7a107841-c99f-3d9f-d9a1-0eb1e72d0b18,A07_16258.jpg
http://pi.lib.uchicago.edu/1001/org/ochre/86a05833-be3d-cefb-8e63-0446edac53f2,A07_16259.jpg
http://pi.lib.uchicago.edu/1001/org/ochre/4398f442-96c3-5b6f-8585-db12c40e2085,A07_16260.jpg
http://pi.lib.uchicago.edu/1001/org/ochre/c7da6fd3-491e-d141-06b7-2f284b45a0a1,A07_16261.jpg
http://pi.lib.uchicago.edu/1001/org/ochre/7197444c-92e0-f95a-dd13-3cc4540b1974,A07_16262.jpg
http://pi.lib.uchicago.edu/1001/org/ochre/69b8ffbb-3ee9-6c43-d634-bc776cf9e9e7,A07_16263.jpg
http://pi.lib.uchicago.edu/1001/org/ochre/abfb6bdc-627d-d0da-688b-5faf0771754e,A07_16265.jpg
http://pi.lib.uchicago.edu/1001/org/ochre/eb58b2b9-013a-b265-395b-56738f1bd49b,A07_16267.jpg
http://pi.lib.uchicago.edu/1001/org/ochre/911ea5f2-2079-0cb2-59d0-63051fb5fe16,A07_16269.jpg
http://pi.lib.uchicago.edu/1001/org/ochre/f8163237-4924-4b65-c8bd-ccab60cdfa70,A07_16271.jpg
http://pi.lib.uchicago.edu/1001/org/ochre/89dd5b2d-638b-6c59-0240-83a4b25ba015,A07_16273.jpg
http://pi.lib.uchicago.edu/1001/org/ochre/52d95882-80fa-5d9a-da73-f935cd9ab74e,A07_16275.jpg
http://pi.lib.uchicago.edu/1001/org/ochre/74fd3ed7-602b-d77c-9c0b-f86068fe3a13,A07_16277.jpg
http://pi.lib.uchicago.edu/1001/org/ochre/7ce8ed61-8def-b363-b858-e802aacd4843,A07_16279.jpg
http://pi.lib.uchicago.edu/1001/org/ochre/9881e35f-f346-ec15-6255-4cbe3611e790,A07_16281.jpg
http://pi.lib.uchicago.edu/1001/org/ochre/f6b7fa28-343c-9f6b-5fe5-4c85fb82a748,A07_16283.jpg
http://pi.lib.uchicago.edu/1001/org/ochre/06a1d81f-433a-4576-a010-64476e7ffa67,A07_16284.jpg
http://pi.lib.uchicago.edu/1001/org/ochre/a5990d64-7f9a-eda5-b41c-1fb132f0bad4,A07_16285.jpg
http://pi.lib.uchicago.edu/1001/org/ochre/53a0f1be-d88e-d7bd-4d03-c2328e77f538,A07_16286.jpg
http://pi.lib.uchicago.edu/1001/org/ochre/d63d9714-d799-556c-159e-a4acf8b25202,A07_16287.jpg
http://pi.lib.uchicago.edu/1001/org/ochre/40e0fe30-4b82-a97c-2789-e21dff1c9cb8,A07_16288.jpg
http://pi.lib.uchicago.edu/1001/org/ochre/e14593af-9efc-d6ba-c3bd-18d33e66e947,A07_16289.jpg
http://pi.lib.uchicago.edu/1001/org/ochre/99bfd445-6a4e-510c-e9b3-611fe61c0aa2,A07_16290.jpg
http://pi.lib.uchicago.edu/1001/org/ochre/c00d4c04-48da-050f-442a-e0f62fd6fe4f,A07_16291.jpg
http://pi.lib.uchicago.edu/1001/org/ochre/b26e24bc-ac4f-73e6-ce46-7cca0b079dd6,A07_16292.jpg
http://pi.lib.uchicago.edu/1001/org/ochre/fca8a779-90f6-424f-80df-be3875a9adec,A07_16293.jpg
http://pi.lib.uchicago.edu/1001/org/ochre/19a687b2-320b-7f4c-0a29-b23d74ae891a,A07_16294.jpg
http://pi.lib.uchicago.edu/1001/org/ochre/c2b54201-27dd-9271-dc8b-e0e8b335ad09,A07_16295.jpg
http://pi.lib.uchicago.edu/1001/org/ochre/36d8e198-9a51-e2ab-5494-f5d5c7f9313e,A07_16296.jpg
http://pi.lib.uchicago.edu/1001/org/ochre/d9eb1cd1-0a4c-88fe-ee76-76e0c1f522eb,A07_16297.jpg
http://pi.lib.uchicago.edu/1001/org/ochre/54a2cf19-e1a5-7d28-f4d3-aa246bf77329,A07_16298.jpg
http://pi.lib.uchicago.edu/1001/org/ochre/6545ddfb-3f63-bc47-1fbb-5881acf1ccda,A07_16299.jpg
http://pi.lib.uchicago.edu/1001/org/ochre/543ac0ea-2c71-96e6-b778-5b7332d16e4d,A07_16300.jpg
http://pi.lib.uchicago.edu/1001/org/ochre/3c6665f9-2bbe-83f3-5dea-4e6f60086b6f,A07_16301.jpg
http://pi.lib.uchicago.edu/1001/org/ochre/b196a7c8-998b-3758-95ba-52083137ccb0,A07_16302.jpg
http://pi.lib.uchicago.edu/1001/org/ochre/18ff3375-6958-3618-ceb3-0efe927810a1,A07_16303.jpg
http://pi.lib.uchicago.edu/1001/org/ochre/81db4557-37f5-5395-bcb6-902adb11cb76,A07_16304.jpg
http://pi.lib.uchicago.edu/1001/org/ochre/98741c2d-f1fa-4670-443b-6c6336e68543,A07_16305.jpg
http://pi.lib.uchicago.edu/1001/org/ochre/38191993-6ac3-6413-de93-069bc567e639,A07_16306.jpg
http://pi.lib.uchicago.edu/1001/org/ochre/d12e5c19-6481-11f3-8da1-5325054cb0ad,A07_16307.jpg
http://pi.lib.uchicago.edu/1001/org/ochre/9e5ff33c-15c3-3b54-ce0b-bd7d53821cdd,A07_16308.jpg
http://pi.lib.uchicago.edu/1001/org/ochre/2a9446e4-a633-0790-1f3b-c00092bf5fb0,A07_16309.jpg
http://pi.lib.uchicago.edu/1001/org/ochre/dd0714d3-5822-4579-566a-2dbe027c472a,A07_16310.jpg
http://pi.lib.uchicago.edu/1001/org/ochre/89e2758b-937f-ad1f-8fe5-a2ff4ead5f2b,A07_16311.jpg
http://pi.lib.uchicago.edu/1001/org/ochre/e3980c0c-7e5c-5636-edc6-8c811e45e0e9,A07_16312.jpg
http://pi.lib.uchicago.edu/1001/org/ochre/6bdaa8bd-6f62-e444-1bd6-fc52fb561f83,A07_16313.jpg
http://pi.lib.uchicago.edu/1001/org/ochre/13b8961d-2b44-15bf-fe16-1993020c078b,A07_16314.jpg
http://pi.lib.uchicago.edu/1001/org/ochre/43a8d3e4-9ea0-4253-ee8c-221da3d2011f,A07_16315.jpg
http://pi.lib.uchicago.edu/1001/org/ochre/77724080-725d-9559-72b0-2c2c51e1706f,A07_16316.jpg
http://pi.lib.uchicago.edu/1001/org/ochre/a9563b62-7ab0-b12d-b410-0b728308be5e,A07_16317.jpg
http://pi.lib.uchicago.edu/1001/org/ochre/45e657b4-1586-7eb2-22e4-26e4ebcfcf75,A07_16318.jpg
http://pi.lib.uchicago.edu/1001/org/ochre/6ccf061e-0cee-74d6-c76a-226a8d4c625c,A07_16319.jpg
http://pi.lib.uchicago.edu/1001/org/ochre/61b99818-709f-6973-0b11-cf8f24c4872a,A07_16320.jpg
http://pi.lib.uchicago.edu/1001/org/ochre/55b2bda5-98c9-1c53-3285-d908d36a04f3,A07_16321.jpg
http://pi.lib.uchicago.edu/1001/org/ochre/a07f86d9-fc98-2bd9-c5f1-e2cbbfec587d,A07_16324.jpg
http://pi.lib.uchicago.edu/1001/org/ochre/d40e8359-3f90-fcbe-3781-7ec943b90108,A07_16325.jpg
http://pi.lib.uchicago.edu/1001/org/ochre/cedbcaae-6c4d-9b2c-22d1-8188106a5561,A07_16326.jpg
http://pi.lib.uchicago.edu/1001/org/ochre/48a295f5-50c9-e27a-1f64-8ad18eaac30e,A07_16327.jpg
http://pi.lib.uchicago.edu/1001/org/ochre/5651900d-af89-f611-1587-aa73270dd5ff,A07_16328.jpg
http://pi.lib.uchicago.edu/1001/org/ochre/a1f26796-14b4-e38f-284d-076333e921b8,A07_16329.jpg
http://pi.lib.uchicago.edu/1001/org/ochre/d75e92a8-b127-6f94-f635-cf2c2140d078,A07_16330.jpg
http://pi.lib.uchicago.edu/1001/org/ochre/b065e308-928a-f226-4a4a-108331e0f492,A07_16331.jpg
http://pi.lib.uchicago.edu/1001/org/ochre/31abdb59-5366-054a-4c05-60181425bc71,A07_16332.jpg
http://pi.lib.uchicago.edu/1001/org/ochre/955061ab-f02b-1f5c-fc9a-5ce73967a92e,A07_16333.jpg
http://pi.lib.uchicago.edu/1001/org/ochre/0974e9a6-d1af-f390-0751-efc419cfdcf0,A07_16334.jpg
http://pi.lib.uchicago.edu/1001/org/ochre/a292a21b-cc24-588a-53e7-cf91719784ac,A07_16335.jpg
http://pi.lib.uchicago.edu/1001/org/ochre/f7c7e1fd-6705-3d4f-9ab7-6e86bd395030,A07_16336.jpg
http://pi.lib.uchicago.edu/1001/org/ochre/49adbef4-32fe-d25f-b0df-6f8c47111e43,A07_16337.jpg
http://pi.lib.uchicago.edu/1001/org/ochre/0b1cf308-9fd7-ae47-7201-e157d5ae4fc8,A07_16338.jpg
http://pi.lib.uchicago.edu/1001/org/ochre/790f6edd-8dcc-9cd1-d7c6-13db25bb1373,A07_16339.jpg
http://pi.lib.uchicago.edu/1001/org/ochre/69d1bf25-42b7-e52e-a304-4f3cd11a01b9,A07_16340.jpg
http://pi.lib.uchicago.edu/1001/org/ochre/5de01f3e-d739-8c14-834f-cb9ac74a473f,A07_16341.jpg
http://pi.lib.uchicago.edu/1001/org/ochre/7194c19c-500f-a1d7-76be-d772d6ffcd20,A07_16342.jpg
http://pi.lib.uchicago.edu/1001/org/ochre/b539dc26-ef31-9ac9-7078-8af25302d098,A07_16343.jpg
http://pi.lib.uchicago.edu/1001/org/ochre/2e0f8a9e-a9b4-499f-e914-73c78e0e0b13,A07_16344.jpg
http://pi.lib.uchicago.edu/1001/org/ochre/a4ef64dd-0a4a-e7d5-82d4-393fd51d6935,A07_16345.jpg
http://pi.lib.uchicago.edu/1001/org/ochre/6c6dba95-a587-0c9b-64fb-e06be521fa8b,A07_16346.jpg
http://pi.lib.uchicago.edu/1001/org/ochre/7bb5ff52-cda9-c9f8-cdba-b63b965e7ad8,A07_16347.jpg
http://pi.lib.uchicago.edu/1001/org/ochre/e8f2415d-72cc-ede0-1cd7-a70e0c19bb2f,A07_16348.jpg
http://pi.lib.uchicago.edu/1001/org/ochre/4503f434-a1f7-4629-f2d7-a26225122b1d,A07_16349.jpg
http://pi.lib.uchicago.edu/1001/org/ochre/a3f4d6dd-1bd0-baf8-bb4d-69b36dbdb01f,A07_16350.jpg
http://pi.lib.uchicago.edu/1001/org/ochre/c902d012-641e-c613-a671-ac26def3aa9a,A07_16351.jpg
http://pi.lib.uchicago.edu/1001/org/ochre/be39cadd-85be-5d44-3a8b-771ced982e8a,A07_16352.jpg
http://pi.lib.uchicago.edu/1001/org/ochre/e34e56a3-6ea5-22f5-3871-f0532a543959,A07_16353.jpg
http://pi.lib.uchicago.edu/1001/org/ochre/70f3488b-14d8-3c1e-0525-a0b51738dd5f,A07_16354.jpg
http://pi.lib.uchicago.edu/1001/org/ochre/a83a8703-6c0a-5e4f-0306-6230feb4bb34,A07_16355.jpg
http://pi.lib.uchicago.edu/1001/org/ochre/b32f66fc-e060-8333-1aaa-b8da595674b0,A07_16356.jpg
http://pi.lib.uchicago.edu/1001/org/ochre/2b52e8ad-c2b6-6f18-79cb-43942b22bc83,A07_16357.jpg
http://pi.lib.uchicago.edu/1001/org/ochre/3771d55f-25d7-95a4-2d9d-b5d052c2b544,A07_16358.jpg
http://pi.lib.uchicago.edu/1001/org/ochre/57f9fc94-a23d-7ba7-fa77-4d9384a96d3e,A07_16359.jpg
http://pi.lib.uchicago.edu/1001/org/ochre/7d36986e-d689-8fbf-eb52-e437a6142a06,A07_16360.jpg
http://pi.lib.uchicago.edu/1001/org/ochre/9d6bc7c5-b1ad-a905-28bb-26e7a9120722,A07_16361.jpg
http://pi.lib.uchicago.edu/1001/org/ochre/c477a194-dfe7-1873-dd17-7c4938501cca,A07_16387.jpg
http://pi.lib.uchicago.edu/1001/org/ochre/6b427fbc-561d-195d-5c47-beb519c94b05,A07_16388.jpg
http://pi.lib.uchicago.edu/1001/org/ochre/fe84284a-f4cb-91e9-4efa-8e0a0038d746,A07_16389.jpg
http://pi.lib.uchicago.edu/1001/org/ochre/b9e00b94-6e23-0fcf-fae9-70fed6cf8383,A07_16390.jpg
http://pi.lib.uchicago.edu/1001/org/ochre/34a12ac2-60bd-5320-9d1a-f265dda14602,A07_16391.jpg
http://pi.lib.uchicago.edu/1001/org/ochre/d8a0754e-12f5-4a66-a829-4448e33e5ae1,A07_16392.jpg
http://pi.lib.uchicago.edu/1001/org/ochre/32b40f51-8856-f023-ea94-6b445e6adaea,A07_16484.jpg
http://pi.lib.uchicago.edu/1001/org/ochre/a0123ef4-18fd-cb62-a4dd-dffa18b560c2,A07_16486.jpg
http://pi.lib.uchicago.edu/1001/org/ochre/ad9109a5-85e7-d0de-b370-3826ff15ca2a,A07_16487.jpg
http://pi.lib.uchicago.edu/1001/org/ochre/13b1ec82-661f-16fd-3863-1387d1617231,A07_16488.jpg
http://pi.lib.uchicago.edu/1001/org/ochre/99148c6e-e4ef-bce7-7d93-d55f6770ca70,A07_16489.jpg
http://pi.lib.uchicago.edu/1001/org/ochre/bc536c01-8d39-a327-ae21-2fc2cbca0788,A07_16490.jpg
http://pi.lib.uchicago.edu/1001/org/ochre/bb9c45c1-6e50-b16e-ff89-86bef7b75fc7,A07_16491.jpg
http://pi.lib.uchicago.edu/1001/org/ochre/d62c3a35-2fa4-6e96-52c8-f375a8ed83ce,A07_16492.jpg
http://pi.lib.uchicago.edu/1001/org/ochre/0356ce7f-370a-dd52-4faf-b4904e36a937,A07_16493.jpg
http://pi.lib.uchicago.edu/1001/org/ochre/f104de4f-0eb1-9cd9-422b-37099837882b,A07_16494.jpg
http://pi.lib.uchicago.edu/1001/org/ochre/ca2d897f-2b35-526f-ac3c-3d2345fdea65,A07_16509.jpg
http://pi.lib.uchicago.edu/1001/org/ochre/fd19ebe9-8242-c48d-7720-a31bc4834501,A07_16510.jpg
http://pi.lib.uchicago.edu/1001/org/ochre/072868dd-c494-4d18-b905-eb8e97d55892,A07_16511.jpg
http://pi.lib.uchicago.edu/1001/org/ochre/a70585c6-a649-31ee-81e9-bb858beb0c2a,A07_16512.jpg
http://pi.lib.uchicago.edu/1001/org/ochre/d87bd77f-7a54-2e5d-1924-650fe80c61e0,A07_16513.jpg
http://pi.lib.uchicago.edu/1001/org/ochre/3ca13a53-0675-c1da-6362-1b75f991e4ed,A07_16514.jpg
http://pi.lib.uchicago.edu/1001/org/ochre/7016912d-358a-95b4-da34-4b54dd507e8f,A07_16515.jpg
http://pi.lib.uchicago.edu/1001/org/ochre/1acd5c99-15f6-7286-0b26-3d37dec55162,A07_16516.jpg
http://pi.lib.uchicago.edu/1001/org/ochre/0094e412-0498-ae68-dd36-bc007a4b52a7,A07_16517.jpg
http://pi.lib.uchicago.edu/1001/org/ochre/dcd4f5b4-fefa-a716-e556-291923598d2d,A07_16518.jpg
http://pi.lib.uchicago.edu/1001/org/ochre/8f1ff1f7-3d0c-10f2-54df-f63d3baeb55a,A07_16519.jpg
http://pi.lib.uchicago.edu/1001/org/ochre/5a344c56-73d2-1cbb-327d-6f29ca2e8805,A07_16520.jpg
http://pi.lib.uchicago.edu/1001/org/ochre/3907aec5-2683-efcb-3d4c-d3545ea20b9d,A07_16521.jpg
http://pi.lib.uchicago.edu/1001/org/ochre/cace7375-f105-c122-c650-c408ff9d475c,A07_16522.jpg
http://pi.lib.uchicago.edu/1001/org/ochre/7def92eb-edad-065a-7000-d5beb4f5b498,A07_16523.jpg
http://pi.lib.uchicago.edu/1001/org/ochre/b62b5bd7-0392-65db-b40d-4e94c088a725,A07_16524.jpg
http://pi.lib.uchicago.edu/1001/org/ochre/9ab4a576-9b0d-e7ae-9e7b-f29ead2fd0d5,A07_16525.jpg
http://pi.lib.uchicago.edu/1001/org/ochre/e71af1bb-50b4-3a0e-b689-f6cb937b24ed,A07_16526.jpg
http://pi.lib.uchicago.edu/1001/org/ochre/c8458fa4-9564-2ed5-df94-ad2cfd2bde5c,A07_16527.jpg
http://pi.lib.uchicago.edu/1001/org/ochre/9a1a0e59-24eb-fcaa-ba9d-2bacfdb2db0b,A07_16528.jpg
http://pi.lib.uchicago.edu/1001/org/ochre/7e56daa5-f6c3-7a6e-8659-8bce5b7e696c,A07_16529.jpg
http://pi.lib.uchicago.edu/1001/org/ochre/fe0f6e16-1f64-60fc-253b-6aca9dbc0032,A07_16530.jpg
http://pi.lib.uchicago.edu/1001/org/ochre/4d689680-5bd3-98e1-66e0-f9f844a534c4,A07_16531.jpg
http://pi.lib.uchicago.edu/1001/org/ochre/c2fc5cfa-ba79-852c-8ba3-f975609adee9,A07_16532.jpg
http://pi.lib.uchicago.edu/1001/org/ochre/b947dac5-e257-a762-4594-dd85aa288238,A07_16533.jpg
http://pi.lib.uchicago.edu/1001/org/ochre/6ecc2837-f422-c6f3-c781-b561a2fa4f67,A07_16534.jpg
http://pi.lib.uchicago.edu/1001/org/ochre/d8990a60-7520-2574-18a6-048ba3323896,A07_16535.jpg
http://pi.lib.uchicago.edu/1001/org/ochre/4746f8ac-8919-5b2e-de5c-d6de257a19a4,A07_16536.jpg
http://pi.lib.uchicago.edu/1001/org/ochre/af54f87e-9539-cfae-9f82-1c619395fac5,A07_16537.jpg
http://pi.lib.uchicago.edu/1001/org/ochre/c349bb23-658d-e802-745b-c0062b738682,A07_16538.jpg
http://pi.lib.uchicago.edu/1001/org/ochre/d8a3e4d0-ec4a-636f-bc50-dccb2a82d30a,A07_16539.jpg
http://pi.lib.uchicago.edu/1001/org/ochre/3ffccec0-9715-7963-f949-16f55d8ff933,A07_16540.jpg
http://pi.lib.uchicago.edu/1001/org/ochre/d192a1f5-f94c-81db-6923-fb9f738c872a,A07_16541.jpg
http://pi.lib.uchicago.edu/1001/org/ochre/7db0368f-a2da-bf19-b93e-795f0a47d2c4,A07_16542.jpg
http://pi.lib.uchicago.edu/1001/org/ochre/3eff040c-4321-abcd-66bb-475092747826,A07_16543.jpg
http://pi.lib.uchicago.edu/1001/org/ochre/37413537-5655-881c-b877-9344f8d09db2,A07_16544.jpg
http://pi.lib.uchicago.edu/1001/org/ochre/adb7d103-2fd8-6026-4c50-78056f230070,A07_16546.jpg
http://pi.lib.uchicago.edu/1001/org/ochre/0ace68fe-036f-c5ed-2e74-ff85e18cfc66,A07_16548.jpg
http://pi.lib.uchicago.edu/1001/org/ochre/e2f047fe-c35b-d3f5-275b-f518c0984852,A07_16550.jpg
http://pi.lib.uchicago.edu/1001/org/ochre/e6a912f5-fb56-b386-1464-166b3ca699d1,A07_16552.jpg
http://pi.lib.uchicago.edu/1001/org/ochre/e5ddd43c-c58c-62f1-a767-8cfaf1f51a98,A07_16554.jpg
http://pi.lib.uchicago.edu/1001/org/ochre/39ae9705-327c-d2c9-9eef-2be7c35976da,A07_16556.jpg
http://pi.lib.uchicago.edu/1001/org/ochre/8a10d779-0f32-ebf2-290a-4eebc5dab0f0,A07_16558.jpg
http://pi.lib.uchicago.edu/1001/org/ochre/6ab25b88-cbc2-058a-1f6b-9a0aa153e4aa,A07_16560.jpg
http://pi.lib.uchicago.edu/1001/org/ochre/3f9aee9c-cf5f-4395-aa3e-53c9d6c6fe45,A07_16562.jpg
http://pi.lib.uchicago.edu/1001/org/ochre/2544f363-08db-8ef3-9ece-9ed4adfb721b,A07_16564.jpg
http://pi.lib.uchicago.edu/1001/org/ochre/e1aabf6f-499b-f805-ddc8-6531c26ad519,A07_16566.jpg
http://pi.lib.uchicago.edu/1001/org/ochre/e24d1a59-eecc-9d66-ce41-ea80ba790657,A07_16568.jpg
http://pi.lib.uchicago.edu/1001/org/ochre/5f7ee416-01fc-8b5e-4f74-476040e05f3e,A07_16570.jpg
http://pi.lib.uchicago.edu/1001/org/ochre/d2a13570-6195-329d-3d31-a18d9804e01c,A07_16572.jpg
http://pi.lib.uchicago.edu/1001/org/ochre/0aa0feb6-7946-a859-4227-a2f2c2a14083,A07_16574.jpg
http://pi.lib.uchicago.edu/1001/org/ochre/51809156-fe1e-0dd1-c5fa-1f76cb4ea850,A07_16576.jpg
http://pi.lib.uchicago.edu/1001/org/ochre/0b07fda0-4ac4-bf93-2a25-33eabbb4edf3,A07_16586.jpg
http://pi.lib.uchicago.edu/1001/org/ochre/40d5f972-653a-cc51-a5ca-bbd232fde9a6,A07_16588.jpg
http://pi.lib.uchicago.edu/1001/org/ochre/ff0684d6-7885-4744-5e9d-e141e96ad3c8,A07_16590.jpg
http://pi.lib.uchicago.edu/1001/org/ochre/5d7401d2-e979-b0ff-001e-96ef168bc6ab,A07_16593.jpg
http://pi.lib.uchicago.edu/1001/org/ochre/08933dd3-40b2-d283-58bf-48e38bdeba62,A07_16594.jpg
http://pi.lib.uchicago.edu/1001/org/ochre/643c0bed-87c9-47e6-73fe-d2f45d1ddd75,A07_16595.jpg
http://pi.lib.uchicago.edu/1001/org/ochre/48b465bd-f414-8854-3e5c-26de5966f0a0,A07_16596.jpg
http://pi.lib.uchicago.edu/1001/org/ochre/51a997f8-d3aa-fcd6-fa8a-516697405e1d,A07_16597.jpg
http://pi.lib.uchicago.edu/1001/org/ochre/749ca6b8-8ec1-4890-28f6-4327e5697cd3,A07_16598.jpg
http://pi.lib.uchicago.edu/1001/org/ochre/7c5e1416-39fb-2835-c37e-f6ed9eacb298,A07_16599.jpg
http://pi.lib.uchicago.edu/1001/org/ochre/350876d9-fad1-1978-282b-551f3efd1e44,A07_16600.jpg
http://pi.lib.uchicago.edu/1001/org/ochre/88e988d2-50a6-a5e1-4af7-d775132b9aac,A07_16601.jpg
http://pi.lib.uchicago.edu/1001/org/ochre/7e4e4f04-2b91-fadd-5b6e-004e59bab6ab,A07_16602.jpg
http://pi.lib.uchicago.edu/1001/org/ochre/3506ed80-ab74-f3b5-9227-a5d3a5df037b,A07_16603.jpg
http://pi.lib.uchicago.edu/1001/org/ochre/6b2403e8-5619-c21c-722d-7a646abe73cd,A07_16604.jpg
http://pi.lib.uchicago.edu/1001/org/ochre/18e4c1ab-3fff-7307-41da-652396ea2804,A07_16611.jpg
http://pi.lib.uchicago.edu/1001/org/ochre/4cfd95ff-e685-adf6-c7b0-50422890084e,A07_16614.jpg
http://pi.lib.uchicago.edu/1001/org/ochre/b7bce8b3-c96b-00f9-e650-4b8e1178eddd,A07_16616.jpg
http://pi.lib.uchicago.edu/1001/org/ochre/a187ae42-51b3-3428-fe5b-b4d088fc5aaa,A08_16717.jpg
http://pi.lib.uchicago.edu/1001/org/ochre/19dff1c9-faf3-4c6c-b022-f1126173922e,A08_16720.jpg
http://pi.lib.uchicago.edu/1001/org/ochre/3a34e8a0-a1d1-fb36-871e-b26e0e050c71,A08_16721.jpg
http://pi.lib.uchicago.edu/1001/org/ochre/04f02d62-f61d-7078-4909-a42ee441c701,A08_16722.jpg
http://pi.lib.uchicago.edu/1001/org/ochre/971f6a90-9464-8cfd-fad5-fabe00dd224b,A08_16771.jpg
http://pi.lib.uchicago.edu/1001/org/ochre/24713e59-2df3-e445-055c-af432f7437b4,A08_16772.jpg
http://pi.lib.uchicago.edu/1001/org/ochre/40b645b5-401f-04e7-4c1b-52b4702c0c42,A08_16773.jpg
http://pi.lib.uchicago.edu/1001/org/ochre/4471f719-eb4f-eaf7-141b-81dc4228823b,A08_16774.jpg
http://pi.lib.uchicago.edu/1001/org/ochre/4bfd334b-978c-8a12-4fb6-d1b45c46b594,A08_16775.jpg
http://pi.lib.uchicago.edu/1001/org/ochre/4cf6cbe7-1535-81ed-37c1-dad8e0a5ef4f,A08_16776.jpg
http://pi.lib.uchicago.edu/1001/org/ochre/5940ad5b-3e16-53a0-bb5d-6ebce0971119,A08_16777.jpg
http://pi.lib.uchicago.edu/1001/org/ochre/fca151de-a2e9-1196-bb4c-d4a89d879da3,A08_16778.jpg
http://pi.lib.uchicago.edu/1001/org/ochre/4212f341-342d-de4e-73c4-041b5d9fc926,A08_16824.jpg
http://pi.lib.uchicago.edu/1001/org/ochre/8294114f-a58d-af07-a6e3-26185b04620d,A08_16825.jpg
http://pi.lib.uchicago.edu/1001/org/ochre/39825e81-e6d6-1e0b-c12b-a67a5d6cb9cc,A08_16826.jpg
http://pi.lib.uchicago.edu/1001/org/ochre/4a5c9ded-62d7-f9d7-3744-70dc10c4b3f0,A08_16827.jpg
http://pi.lib.uchicago.edu/1001/org/ochre/abd13402-0421-fe25-cc37-1e62e9a9303e,A08_16828.jpg
http://pi.lib.uchicago.edu/1001/org/ochre/6d645a93-1ebd-63f4-8338-be5c4436ab2e,A08_16830.jpg
http://pi.lib.uchicago.edu/1001/org/ochre/b2c32792-0b75-1cfc-4739-cec96c96ba38,A08_16831.jpg
http://pi.lib.uchicago.edu/1001/org/ochre/c062c5a8-f363-a888-8b7d-e649ed1a8a4a,A08_16832.jpg
http://pi.lib.uchicago.edu/1001/org/ochre/c401bed4-1df9-5c6d-d63c-1beb725a9e59,A08_16833.jpg
http://pi.lib.uchicago.edu/1001/org/ochre/c1a860c7-d033-e757-ebf6-a6c60c923c7d,A08_16834.jpg
http://pi.lib.uchicago.edu/1001/org/ochre/92ec291f-e442-a217-ae31-df31fc6293dd,A08_16835.jpg
http://pi.lib.uchicago.edu/1001/org/ochre/aa56bfce-0426-787b-3137-d0dd76bc726f,A08_16837.jpg
http://pi.lib.uchicago.edu/1001/org/ochre/97bf7ef9-2905-e97e-77d2-c3e610878133,A08_16838.jpg
http://pi.lib.uchicago.edu/1001/org/ochre/f4273f21-5665-4c15-3b14-00f15c85ec9c,A08_16845.jpg
http://pi.lib.uchicago.edu/1001/org/ochre/17adc581-c296-d3bb-e064-e49dc95a1a91,A08_16846.jpg
http://pi.lib.uchicago.edu/1001/org/ochre/a6b952e8-741a-5bf6-d55b-d772c2319833,A08_16847.jpg
http://pi.lib.uchicago.edu/1001/org/ochre/b75f14c9-1d23-68c1-e5dc-ff1de7dacc0c,A08_16848.jpg
http://pi.lib.uchicago.edu/1001/org/ochre/9f8a03fb-afb7-9288-34be-70e39c1d7584,A08_16850.jpg
http://pi.lib.uchicago.edu/1001/org/ochre/6884dc34-f885-6dae-a160-6705737f6c0a,A08_16852.jpg
http://pi.lib.uchicago.edu/1001/org/ochre/72313367-9d14-bd86-36ad-159ade422371,A08_16853.jpg
http://pi.lib.uchicago.edu/1001/org/ochre/031184f2-4baf-0667-755d-ee49083d80da,A08_16854.jpg
http://pi.lib.uchicago.edu/1001/org/ochre/22f7f8cf-dae6-d82d-9063-15a9cf65a41b,A09_17540.jpg
http://pi.lib.uchicago.edu/1001/org/ochre/8dc69616-2fcd-9503-76cf-4616c2a8387f,A09_17541.jpg
http://pi.lib.uchicago.edu/1001/org/ochre/2adbadd1-1f44-0c46-9d50-05ad686c66fd,A09_17542.jpg
http://pi.lib.uchicago.edu/1001/org/ochre/432bbf21-b104-ee63-f47b-3a09f41ab352,A09_17543.jpg
http://pi.lib.uchicago.edu/1001/org/ochre/1851dca6-1724-ed61-1a31-2dc925336bdf,A09_17544.jpg
http://pi.lib.uchicago.edu/1001/org/ochre/363b85d9-ee5a-401e-bc39-5f1ef4d6d94d,A09_17565.jpg
http://pi.lib.uchicago.edu/1001/org/ochre/5cc45256-7cb4-3c72-1288-4b1790a4c2fe,A09_17624.jpg
http://pi.lib.uchicago.edu/1001/org/ochre/9e2148fe-c142-734c-8bb9-28e747ebe3be,A09_17625.jpg
http://pi.lib.uchicago.edu/1001/org/ochre/30a4e4a7-28ab-a18f-0a71-6368903eb836,A09_17626.jpg
http://pi.lib.uchicago.edu/1001/org/ochre/5f69da84-5ba0-575c-e767-64e70e465764,A09_17627.jpg
http://pi.lib.uchicago.edu/1001/org/ochre/ebe53ea4-1267-2b11-1ccb-f244505d329b,A09_17628.jpg
http://pi.lib.uchicago.edu/1001/org/ochre/c48286a2-e482-d5b1-804d-f676ec37b001,A09_17629.jpg
http://pi.lib.uchicago.edu/1001/org/ochre/2ea57bfc-ef00-ecb2-f121-bcf2c53024d2,A09_17630.jpg
http://pi.lib.uchicago.edu/1001/org/ochre/0c3df865-c820-018a-c927-be58c17351df,A09_17631.jpg
http://pi.lib.uchicago.edu/1001/org/ochre/65c2195d-a980-206d-8b3b-04e7a168856a,A09_17632.jpg
http://pi.lib.uchicago.edu/1001/org/ochre/f5007581-6c7e-d662-73fb-18f679c40c00,A09_17643.jpg
http://pi.lib.uchicago.edu/1001/org/ochre/3a06c8a9-e803-70a1-f17c-b93f6130faa2,A09_17644.jpg
http://pi.lib.uchicago.edu/1001/org/ochre/c5f3776f-b0e3-016e-586b-b864090daf25,A09_17647.jpg
http://pi.lib.uchicago.edu/1001/org/ochre/4a1baf0e-2f88-864e-5082-ea0e46e8da67,A09_17648.jpg
http://pi.lib.uchicago.edu/1001/org/ochre/ce37cf1a-e280-7ea4-ccb1-687eaf60c384,A09_17649.jpg
http://pi.lib.uchicago.edu/1001/org/ochre/0458f1f4-f3a7-2ce7-b8ee-acf7d93a3826,A09_17650.jpg
http://pi.lib.uchicago.edu/1001/org/ochre/e0f2bd47-50cd-9347-3fc8-328a8383f0a8,A09_17651.jpg
http://pi.lib.uchicago.edu/1001/org/ochre/f5075ea2-ed9c-632b-02da-0746d031fafe,A09_17652.jpg
http://pi.lib.uchicago.edu/1001/org/ochre/fa11e603-e1b1-f90d-13a7-85faeeaff752,A09_17653.jpg
http://pi.lib.uchicago.edu/1001/org/ochre/89c6abaf-1962-c320-a7a2-a7c7dde1a9b0,A09_17654.jpg
http://pi.lib.uchicago.edu/1001/org/ochre/1c6e612a-2802-88da-f657-b286c106fb03,A09_17655.jpg
http://pi.lib.uchicago.edu/1001/org/ochre/97653f78-34c2-c39e-d484-2f213e93ce93,A09_17656.jpg
http://pi.lib.uchicago.edu/1001/org/ochre/3e3cef85-c068-9207-475f-91e7d27c65e8,A09_17657.jpg
http://pi.lib.uchicago.edu/1001/org/ochre/d12584f1-2e40-23a9-d6e9-cdf0e5d042b5,A09_17658.jpg
http://pi.lib.uchicago.edu/1001/org/ochre/5e4a8037-d953-1dbf-fba4-d9463f188f4c,A09_17659.jpg
http://pi.lib.uchicago.edu/1001/org/ochre/3d7176cb-3f7c-b95c-2a6a-380da9b3bf80,A09_17660.jpg
http://pi.lib.uchicago.edu/1001/org/ochre/1178862a-ff7b-826c-aa85-0770ce02406a,A09_17661.jpg
http://pi.lib.uchicago.edu/1001/org/ochre/49e7aaba-a124-8773-95cc-4c5b94e77b6d,A09_17667.jpg
http://pi.lib.uchicago.edu/1001/org/ochre/31714c82-95e9-c71e-f7f5-02316517d3a0,A09_17668.jpg
http://pi.lib.uchicago.edu/1001/org/ochre/44379747-6cb2-6920-de43-c544d6e631e2,A09_17669.jpg
http://pi.lib.uchicago.edu/1001/org/ochre/ec1fa61f-3936-b68f-18ca-2cbe8808455a,A09_17670.jpg
http://pi.lib.uchicago.edu/1001/org/ochre/a2e0a7af-f1f2-9e5e-8b63-fca3b5ae7a85,A09_17671.jpg
http://pi.lib.uchicago.edu/1001/org/ochre/fd18cb96-643c-4c7d-f759-2cc40afab79f,A09_17672.jpg
http://pi.lib.uchicago.edu/1001/org/ochre/6c33c445-5984-b830-64fe-d9b20b508131,A09_17707.jpg
http://pi.lib.uchicago.edu/1001/org/ochre/070ca172-04da-6c88-e7da-241c9edfb2fc,A09_17708.jpg
http://pi.lib.uchicago.edu/1001/org/ochre/ecec028d-ca4f-2ac6-7138-89ab959dca53,A09_17709.jpg
http://pi.lib.uchicago.edu/1001/org/ochre/71aff72b-cb0a-9faa-4b0b-584877450b09,A09_17710.jpg
http://pi.lib.uchicago.edu/1001/org/ochre/6f692e0c-a604-4e99-e087-a39ebef37832,A09_17711.jpg
http://pi.lib.uchicago.edu/1001/org/ochre/fe5e2787-31ca-a007-3880-ae4d1c8b9d0c,A09_17712.jpg
http://pi.lib.uchicago.edu/1001/org/ochre/b0f7926f-81d3-6e6b-9367-026eb48a8764,A09_17713.jpg
http://pi.lib.uchicago.edu/1001/org/ochre/102a977c-4763-f333-2b5b-9ca503a96d38,A09_17714.jpg
http://pi.lib.uchicago.edu/1001/org/ochre/c3764285-001a-3ce9-3c0a-c5d3a6ccf449,A09_17715.jpg
http://pi.lib.uchicago.edu/1001/org/ochre/e95d32ca-3afd-a00f-4798-8f5bf29d0bac,A09_17716.jpg
http://pi.lib.uchicago.edu/1001/org/ochre/67378abb-276d-cef0-bdb9-209729cab154,A09_17717.jpg
http://pi.lib.uchicago.edu/1001/org/ochre/7a34b788-542d-9679-9db3-a931d116d898,A09_17718.jpg
http://pi.lib.uchicago.edu/1001/org/ochre/d6275920-145a-1abb-3a1f-d33bec8bcca9,A09_17719.jpg
http://pi.lib.uchicago.edu/1001/org/ochre/ff3d9d86-c1ca-4f5b-a35c-5fb15e339273,A09_17720.jpg
http://pi.lib.uchicago.edu/1001/org/ochre/00864afb-f2e2-fd18-ee8f-6e95ba93cadc,A09_17721.jpg
http://pi.lib.uchicago.edu/1001/org/ochre/aa48dafe-5cb2-bdf1-6a77-76dab432a66b,A09_17722.jpg
http://pi.lib.uchicago.edu/1001/org/ochre/2e65ac3a-bb08-d68a-0ae0-9b0f76952115,A09_17723.jpg
http://pi.lib.uchicago.edu/1001/org/ochre/ae0e8526-da62-46be-28df-fc92bceffcb0,A09_17724.jpg
http://pi.lib.uchicago.edu/1001/org/ochre/fa6e7c4b-9ebb-4316-4a9f-e6983781f963,A09_17725.jpg
http://pi.lib.uchicago.edu/1001/org/ochre/abf19af0-8b28-3232-eb83-75b3c3796408,A09_17726.jpg
http://pi.lib.uchicago.edu/1001/org/ochre/3c8aff97-eb5a-9b04-0c4a-04c6d22cd231,A09_17727.jpg
http://pi.lib.uchicago.edu/1001/org/ochre/2730f6f1-64e5-3b9c-eb86-76f10808b8f6,A09_17728.jpg
http://pi.lib.uchicago.edu/1001/org/ochre/40a569d8-c707-b720-2ed4-ac9aa4a76cb3,A09_17729.jpg
http://pi.lib.uchicago.edu/1001/org/ochre/fa837408-43fe-06af-615e-a3f2377e8369,A09_17730.jpg
http://pi.lib.uchicago.edu/1001/org/ochre/9ac98d34-4600-69b0-4df8-1118d69559d1,A09_17731.jpg
http://pi.lib.uchicago.edu/1001/org/ochre/a1f7d2e5-b780-8b2c-e8d8-497a56277237,A09_17732.jpg
http://pi.lib.uchicago.edu/1001/org/ochre/1f058c4d-0c76-68f1-27ad-0f18d8edb23d,A09_17733.jpg
http://pi.lib.uchicago.edu/1001/org/ochre/f1852a02-cd88-7e21-6dfc-ff15b332ffd6,A09_17736.jpg
http://pi.lib.uchicago.edu/1001/org/ochre/baec6f14-3412-1a09-fe39-f6b8e5138ff8,A09_17737.jpg
http://pi.lib.uchicago.edu/1001/org/ochre/593e69aa-fc9a-28c2-2abd-bdab28ed6121,A09_17738.jpg
http://pi.lib.uchicago.edu/1001/org/ochre/a95a7613-a9ed-25f1-e03f-6717ce48e096,A09_17739.jpg
http://pi.lib.uchicago.edu/1001/org/ochre/3c4fb003-d285-bd3b-7fe5-0f1a8c4a1803,A09_17740.jpg
http://pi.lib.uchicago.edu/1001/org/ochre/da3b36b0-09e9-5698-d4be-a1212ac296a8,A09_17741.jpg
http://pi.lib.uchicago.edu/1001/org/ochre/bc614edb-b11f-e318-e4a9-7b4d59cf323f,A09_17742.jpg
http://pi.lib.uchicago.edu/1001/org/ochre/ede3c14d-557b-9917-88da-d6b1ef0c3864,A09_17743.jpg
http://pi.lib.uchicago.edu/1001/org/ochre/1016d912-7c16-0dee-5099-80b7512fe560,A09_17744.jpg
http://pi.lib.uchicago.edu/1001/org/ochre/7790a66f-66ea-13c3-cf22-20f0fb75ec68,A09_17745.jpg
http://pi.lib.uchicago.edu/1001/org/ochre/819aa3f8-d205-ff7c-8f43-bc3bcfd14c42,A09_17746.jpg
http://pi.lib.uchicago.edu/1001/org/ochre/fdb70aac-8fda-1a7c-98ec-3bbd92fc493e,A09_17747.jpg
http://pi.lib.uchicago.edu/1001/org/ochre/745946f5-978a-f12f-a72b-3e63584e8ac8,A09_17748.jpg
http://pi.lib.uchicago.edu/1001/org/ochre/731c57ea-1c7d-a506-1d28-7c79725f33cb,A09_17749.jpg
http://pi.lib.uchicago.edu/1001/org/ochre/213a8023-dce9-7878-0f86-0ac6fe23c697,A09_17750.jpg
http://pi.lib.uchicago.edu/1001/org/ochre/59c92423-5519-6def-34b4-b56c82b9fc11,A09_17751.jpg
http://pi.lib.uchicago.edu/1001/org/ochre/7af37edf-55c2-503d-e0b6-a4889050ae0c,A09_17752.jpg
http://pi.lib.uchicago.edu/1001/org/ochre/e76d2b20-8be2-ab01-c8bc-93c7b43c935a,A09_17753.jpg
http://pi.lib.uchicago.edu/1001/org/ochre/bc5d3c44-0b83-e316-cb04-85c0b255859e,A09_17754.jpg
http://pi.lib.uchicago.edu/1001/org/ochre/6ef846ec-5417-f8a9-b262-ddfd85f2fe05,A09_17755.jpg
http://pi.lib.uchicago.edu/1001/org/ochre/6bcdef7d-ea0b-74dc-ba91-5f85fa420227,A09_17756.jpg
http://pi.lib.uchicago.edu/1001/org/ochre/847d1e89-e19c-3826-b93d-ba766f681a04,A09_17757.jpg
http://pi.lib.uchicago.edu/1001/org/ochre/9289c769-210c-8e04-2f42-b9845081662f,A09_17758.jpg
http://pi.lib.uchicago.edu/1001/org/ochre/bb213c94-941a-c63b-5bea-d215ab0f55f9,A09_17759.jpg
http://pi.lib.uchicago.edu/1001/org/ochre/34f2d6e9-6bd6-76b8-0406-933d67b4a272,A09_17760.jpg
http://pi.lib.uchicago.edu/1001/org/ochre/9aad851f-fc44-df43-8382-382b8fd9b172,A09_17761.jpg
http://pi.lib.uchicago.edu/1001/org/ochre/7ba0833f-2ce3-efef-e317-9c7b6beac8a9,A09_17762.jpg
http://pi.lib.uchicago.edu/1001/org/ochre/e6171a84-39c3-ed3a-6e8f-eb6eb98c8301,A09_17763.jpg
http://pi.lib.uchicago.edu/1001/org/ochre/cfaa55d9-4608-5677-467b-dd897c793ec2,A09_17764.jpg
http://pi.lib.uchicago.edu/1001/org/ochre/d5ee3c10-1c26-c9ac-2035-57506ccd4bbf,A09_17765.jpg
http://pi.lib.uchicago.edu/1001/org/ochre/83d695b4-9b43-efe5-0f0f-1a08bb259b1f,A09_17766.jpg
http://pi.lib.uchicago.edu/1001/org/ochre/82d71985-afdf-6614-ed62-975e42471d96,A09_17767.jpg
http://pi.lib.uchicago.edu/1001/org/ochre/1a05ef6e-483f-87e4-2544-d0ec71f1fa8c,A09_17768.jpg
http://pi.lib.uchicago.edu/1001/org/ochre/8e3fd060-c89f-b5f3-7215-1b607c39f08d,A09_17769.jpg
http://pi.lib.uchicago.edu/1001/org/ochre/ecc76ceb-15b8-3f03-f9a1-91bc8c00eda9,A09_17770.jpg
http://pi.lib.uchicago.edu/1001/org/ochre/d8f726e4-d277-5826-8041-3b70bc95b8e2,A09_17772.jpg
http://pi.lib.uchicago.edu/1001/org/ochre/53f7f701-4a0b-1af9-ba35-e4c28195cd8c,A09_17773.jpg
http://pi.lib.uchicago.edu/1001/org/ochre/f8c47682-0ee1-5cc5-4018-3ca8cf761503,A09_17774.jpg
http://pi.lib.uchicago.edu/1001/org/ochre/384754f1-9082-53f8-e945-1a5683dd0716,A09_17775.jpg
http://pi.lib.uchicago.edu/1001/org/ochre/248d4e08-25d2-7c49-b2e4-ee4fb8cd42f4,A09_17777.jpg
http://pi.lib.uchicago.edu/1001/org/ochre/daddc0c7-9a91-dfba-5952-69cb002caa76,A09_17778.jpg
http://pi.lib.uchicago.edu/1001/org/ochre/24f4e787-32e2-bc66-8374-75042fd5ab7f,A09_17779.jpg
http://pi.lib.uchicago.edu/1001/org/ochre/0f59fdbf-6e48-3ca1-f8d1-3fb59213c5b9,A09_17780.jpg
http://pi.lib.uchicago.edu/1001/org/ochre/0fcd810b-1822-78b4-962c-6a585111233d,A09_17782.jpg
http://pi.lib.uchicago.edu/1001/org/ochre/66b9c3a8-ff98-f39a-8bfa-d0ceb27de9e7,A09_17783.jpg
http://pi.lib.uchicago.edu/1001/org/ochre/795537b7-14df-8828-79ad-22445000058a,A09_17784.jpg
http://pi.lib.uchicago.edu/1001/org/ochre/c4dade17-a14e-3d71-d78c-16455e02466d,A09_17785.jpg
http://pi.lib.uchicago.edu/1001/org/ochre/d0eaa5d4-4667-bd24-19d5-6c2ae6d2e328,A09_17788.jpg
http://pi.lib.uchicago.edu/1001/org/ochre/e6c1264f-df4b-dfd8-6385-0f825bbef8b9,A09_17789.jpg
http://pi.lib.uchicago.edu/1001/org/ochre/594a0a4f-04e2-0473-cd97-d9e08d04749e,A09_17790.jpg
http://pi.lib.uchicago.edu/1001/org/ochre/ec824943-998f-9878-cc7d-d6375837e68d,A09_17791.jpg
http://pi.lib.uchicago.edu/1001/org/ochre/96d25cb0-e3cb-2ace-8a82-a7a5e781345c,A09_17792.jpg
http://pi.lib.uchicago.edu/1001/org/ochre/2ebb060c-b9dc-1af9-82b7-255863858674,A09_17793.jpg
http://pi.lib.uchicago.edu/1001/org/ochre/b7e4eb68-172f-a287-0867-573c367747d9,A09_17794.jpg
http://pi.lib.uchicago.edu/1001/org/ochre/f377eb9b-c48e-e4cb-3eee-ae7c7d104b12,A09_17795.jpg
http://pi.lib.uchicago.edu/1001/org/ochre/4097d9dd-9994-9120-7eaf-079b17a3997e,A09_17796.jpg
http://pi.lib.uchicago.edu/1001/org/ochre/1d23df56-3323-7c2e-0cc3-a5f0d77a0811,A09_17797.jpg
http://pi.lib.uchicago.edu/1001/org/ochre/dca72748-051c-04bd-e5e4-01a9a30bc59f,A09_17798.jpg
http://pi.lib.uchicago.edu/1001/org/ochre/e9c3e2c1-f83b-740f-0025-e39007ee6291,A09_17799.jpg
http://pi.lib.uchicago.edu/1001/org/ochre/84251181-dd83-0a53-57f4-59d1606e39c2,A09_17800.jpg
http://pi.lib.uchicago.edu/1001/org/ochre/751ed24b-c13b-6774-0c0b-86db4013724c,A09_17801.jpg
http://pi.lib.uchicago.edu/1001/org/ochre/2099585b-d908-446e-23e4-fe2925f7d79f,A09_17802.jpg
http://pi.lib.uchicago.edu/1001/org/ochre/8345abe9-e1f0-a55b-a9f2-fb224b1e2e27,A09_17803.jpg
http://pi.lib.uchicago.edu/1001/org/ochre/ea46e613-b063-2d24-20e0-dc4ec08dd25d,A09_17804.jpg
http://pi.lib.uchicago.edu/1001/org/ochre/21a7df64-1483-e1a9-2c02-de21bbbb247d,A09_17805.jpg
http://pi.lib.uchicago.edu/1001/org/ochre/c7497dba-f068-39cd-96b4-a53e8d2800dd,A09_17806.jpg
http://pi.lib.uchicago.edu/1001/org/ochre/2a71cca6-a480-6468-b191-cb2c0a274e2d,A09_17807.jpg
http://pi.lib.uchicago.edu/1001/org/ochre/52411ef0-06f4-1883-cc78-0526968d0241,A09_17808.jpg
http://pi.lib.uchicago.edu/1001/org/ochre/b2a44c8f-c34c-dd25-bfa3-e85a808f9750,A09_17809.jpg
http://pi.lib.uchicago.edu/1001/org/ochre/07d7f5f4-1d12-850e-6e1c-a4785189b6de,A09_17810.jpg
http://pi.lib.uchicago.edu/1001/org/ochre/0914f22f-2cb8-efec-ec9c-487632e65888,A09_17811.jpg
http://pi.lib.uchicago.edu/1001/org/ochre/3b608f81-d350-d71b-8324-337d438356fe,A09_17812.jpg
http://pi.lib.uchicago.edu/1001/org/ochre/8aaf54e3-fc22-9aeb-ad50-8d96d607f245,A09_17813.jpg
http://pi.lib.uchicago.edu/1001/org/ochre/a5ce1e66-5297-e9d7-f862-b83d650b3e08,A09_17814.jpg
http://pi.lib.uchicago.edu/1001/org/ochre/edc89a43-f516-1734-783f-9bb2f19127d1,A09_17815.jpg
http://pi.lib.uchicago.edu/1001/org/ochre/a1caa3bc-520c-86ea-091a-5e9054cf539a,A09_17816.jpg
http://pi.lib.uchicago.edu/1001/org/ochre/7f2af93b-af1d-9b0e-6011-1c4cbd0d5df6,A09_17817.jpg
http://pi.lib.uchicago.edu/1001/org/ochre/42822e29-d36a-ba37-6783-a5ece1556a36,A09_17818.jpg
http://pi.lib.uchicago.edu/1001/org/ochre/3fd07f76-f0d3-1079-8cbf-ab68ce3ef472,A09_17819.jpg
http://pi.lib.uchicago.edu/1001/org/ochre/24989017-5df9-49bc-b802-87cec146d3f6,A09_17820.jpg
http://pi.lib.uchicago.edu/1001/org/ochre/531010dc-499d-daaf-f7fe-dc8e9a5edcad,A09_17821.jpg
http://pi.lib.uchicago.edu/1001/org/ochre/39c8a712-de17-2a8c-3fe2-8c9db64b0ca0,A09_17822.jpg
http://pi.lib.uchicago.edu/1001/org/ochre/abaf7130-a918-026e-a0cc-e41659bfc32d,A09_17823.jpg
http://pi.lib.uchicago.edu/1001/org/ochre/d7faa319-837d-3476-b763-194df8e4ffc2,A09_17824.jpg
http://pi.lib.uchicago.edu/1001/org/ochre/4e51e6ac-ed80-0539-6668-9f27a5d0cd11,A09_17825.jpg
http://pi.lib.uchicago.edu/1001/org/ochre/bf9c8b3c-edce-1189-ac3a-f9f87a7e4699,A09_17826.jpg
http://pi.lib.uchicago.edu/1001/org/ochre/70848ec5-e9d4-76b9-9cdf-6c34da6b0bec,A09_17827.jpg
http://pi.lib.uchicago.edu/1001/org/ochre/857f77bd-a638-c7a7-1936-cb4949501e36,A09_17828.jpg
http://pi.lib.uchicago.edu/1001/org/ochre/0971370a-1cce-8ee1-d1da-e27e6b5a2fc7,A09_17829.jpg
http://pi.lib.uchicago.edu/1001/org/ochre/f5de92bf-acbd-1f17-c9ef-0ba07541ed4b,A09_17830.jpg
http://pi.lib.uchicago.edu/1001/org/ochre/4dd4ab73-d14a-b173-afd9-481c575d2acb,A09_17831.jpg
http://pi.lib.uchicago.edu/1001/org/ochre/95f2e119-f580-67e6-5477-297336e5414e,A09_17832.jpg
http://pi.lib.uchicago.edu/1001/org/ochre/33195384-6902-395a-4f03-403bdf3925ef,A09_17833.jpg
http://pi.lib.uchicago.edu/1001/org/ochre/f6502356-421e-efe8-949e-24e0ef013c91,A09_17834.jpg
http://pi.lib.uchicago.edu/1001/org/ochre/54cefa3f-a3d5-8f49-fb7e-c9b491594bbb,A09_17835.jpg
http://pi.lib.uchicago.edu/1001/org/ochre/16fe865e-4e38-a45a-41e8-2a61bce41c56,A09_17836.jpg
http://pi.lib.uchicago.edu/1001/org/ochre/9b6dc5be-10b9-4f02-2859-5ebca7786880,A09_17837.jpg
http://pi.lib.uchicago.edu/1001/org/ochre/c38f5a2f-a592-0f7c-f0f0-0e85085a27e8,A09_17838.jpg
http://pi.lib.uchicago.edu/1001/org/ochre/2e5b9690-296a-7ea4-6388-5b98ad878817,A09_17839.jpg
http://pi.lib.uchicago.edu/1001/org/ochre/ec2f69df-3526-ebd9-5890-31125c831051,A09_17840.jpg
http://pi.lib.uchicago.edu/1001/org/ochre/fb45f29c-904b-b6e9-3bfe-6906beac1659,A09_17841.jpg
http://pi.lib.uchicago.edu/1001/org/ochre/6b28cb92-56df-81e2-5c37-440b5d3a72f0,A09_17842.jpg
http://pi.lib.uchicago.edu/1001/org/ochre/090ee3a9-976a-e160-bcd5-b5dfff60bef5,A09_17843.jpg
http://pi.lib.uchicago.edu/1001/org/ochre/3080f246-f69c-f0c8-3097-dfaaa51912eb,A09_17844.jpg
http://pi.lib.uchicago.edu/1001/org/ochre/f62629ec-2b8d-e9f4-d3a0-5faa202f10ae,A09_17845.jpg
http://pi.lib.uchicago.edu/1001/org/ochre/12b26255-d722-bfd6-4562-c17604da0f2f,A09_17846.jpg
http://pi.lib.uchicago.edu/1001/org/ochre/60aec9a6-d936-370a-55cd-8188c4720910,A09_17848.jpg
http://pi.lib.uchicago.edu/1001/org/ochre/61f4ac0f-a90e-2829-ef5f-88b8dc422afd,A09_17849.jpg
http://pi.lib.uchicago.edu/1001/org/ochre/f6f277a6-d5ca-0db1-ba08-8125cdad08df,A09_17850.jpg
http://pi.lib.uchicago.edu/1001/org/ochre/b09cb83f-c47d-47f0-78a0-c4ef821fadd4,A09_17851.jpg
http://pi.lib.uchicago.edu/1001/org/ochre/b15b66ae-2ba1-b349-5085-9298df871017,A09_17852.jpg
http://pi.lib.uchicago.edu/1001/org/ochre/150b87e8-d912-a149-5c3c-3acce86dde7f,A09_17853.jpg
http://pi.lib.uchicago.edu/1001/org/ochre/d3a951e1-ebfe-17dc-4944-879bb5e99dc6,A09_17854.jpg
http://pi.lib.uchicago.edu/1001/org/ochre/73542c50-f075-a495-a362-8c33c55323ba,A09_17855.jpg
http://pi.lib.uchicago.edu/1001/org/ochre/160f5931-2680-a774-65cc-efa4be61beb2,A09_17856.jpg
http://pi.lib.uchicago.edu/1001/org/ochre/54a67008-c2a2-68b5-0697-bb550eb1a0a5,A09_17857.jpg
http://pi.lib.uchicago.edu/1001/org/ochre/95be2c43-a4a1-ad35-c17d-207ae596ff86,A09_17858.jpg
http://pi.lib.uchicago.edu/1001/org/ochre/c5ee9f21-35fd-3574-fe50-61a0c6dfcbef,A09_17859.jpg
http://pi.lib.uchicago.edu/1001/org/ochre/1f8403ea-7ad1-d61a-aed1-82d0dcec7fb1,A09_17860.jpg
http://pi.lib.uchicago.edu/1001/org/ochre/e59bec9d-1742-f4ce-14ae-8c9b4d87e3dc,A09_17861.jpg
http://pi.lib.uchicago.edu/1001/org/ochre/63f26058-5a6b-0b4e-33e3-1ab235c09355,A09_17862.jpg
http://pi.lib.uchicago.edu/1001/org/ochre/ad902c86-51df-c5b8-beb6-a59702a53e10,A09_17863.jpg
http://pi.lib.uchicago.edu/1001/org/ochre/e31193e4-c64c-3e1e-5e20-56db7cf7b6c7,A09_17864.jpg
http://pi.lib.uchicago.edu/1001/org/ochre/a750431e-91db-0467-2b90-812414e7ad3d,A09_17865.jpg
http://pi.lib.uchicago.edu/1001/org/ochre/7c080ff4-db20-8e80-d832-fdf7360972c7,A09_17866.jpg
http://pi.lib.uchicago.edu/1001/org/ochre/cfcf16dd-f5f4-c7bd-dfcd-224047064983,A09_17867.jpg
http://pi.lib.uchicago.edu/1001/org/ochre/325f860d-69d2-3fc8-5cd9-770f16a94f42,A09_17868.jpg
http://pi.lib.uchicago.edu/1001/org/ochre/4ac5156b-5e08-b490-d2c7-dd1b4f11671a,A09_17869.jpg
http://pi.lib.uchicago.edu/1001/org/ochre/a1c29493-5b48-3a95-6f13-e13f1306c931,A09_17870.jpg
http://pi.lib.uchicago.edu/1001/org/ochre/b9502d30-76e7-c757-e020-ff8d93d68e5e,A09_17871.jpg
http://pi.lib.uchicago.edu/1001/org/ochre/e1520611-c7c7-28f7-e536-2f88e3102e39,A09_17872.jpg
http://pi.lib.uchicago.edu/1001/org/ochre/620405c5-c85e-d697-c2ee-b7779235a87a,A09_17873.jpg
http://pi.lib.uchicago.edu/1001/org/ochre/1d7eb65c-187c-21b0-9c20-cd10159f0d47,A09_17874.jpg
http://pi.lib.uchicago.edu/1001/org/ochre/f201d73f-9d56-17f8-7d95-18addaf45fa9,A09_17875.jpg
http://pi.lib.uchicago.edu/1001/org/ochre/acd13e31-1256-203d-24fa-3aab46d0fafe,A09_17876.jpg
http://pi.lib.uchicago.edu/1001/org/ochre/567d1728-403a-43b1-44a2-f77be2ee6825,A09_17877.jpg
http://pi.lib.uchicago.edu/1001/org/ochre/7aa3c308-ed15-955a-2870-8582e4b43778,A09_17878.jpg
http://pi.lib.uchicago.edu/1001/org/ochre/51d19533-9ae1-d67d-3ad6-03bb8c18dad5,A09_17879.jpg
http://pi.lib.uchicago.edu/1001/org/ochre/cc0eb522-678b-8fea-af4a-edeab921c6d8,A09_17880.jpg
http://pi.lib.uchicago.edu/1001/org/ochre/fa5a1760-8496-5be4-7b89-fe1a4c9045a6,A09_17881.jpg
http://pi.lib.uchicago.edu/1001/org/ochre/e2e41c08-511a-1009-8526-1023151549ce,A09_17882.jpg
http://pi.lib.uchicago.edu/1001/org/ochre/8d13bde0-2222-22cc-e221-8607445f9b2e,A09_17883.jpg
http://pi.lib.uchicago.edu/1001/org/ochre/6ec4ff58-b1a3-a65a-96a5-229a3a1fc2b5,A09_17884.jpg
http://pi.lib.uchicago.edu/1001/org/ochre/5821e17d-84d2-e1bc-9e10-ed7146b2461c,A09_17885.jpg
http://pi.lib.uchicago.edu/1001/org/ochre/c8890610-bc4d-f34b-0670-8ac85f02a1ac,A09_17886.jpg
http://pi.lib.uchicago.edu/1001/org/ochre/e6c028fd-6217-1073-b99b-23e379ed8452,A09_17887.jpg
http://pi.lib.uchicago.edu/1001/org/ochre/aea1e732-da64-a738-c8be-0f2cbab436b0,A09_17888.jpg
http://pi.lib.uchicago.edu/1001/org/ochre/15525c04-b072-c73e-7b53-5d2504bde70d,A09_17889.jpg
http://pi.lib.uchicago.edu/1001/org/ochre/92b4318e-19f0-73c0-cd55-4b28c4f6a3f1,A09_17890.jpg
http://pi.lib.uchicago.edu/1001/org/ochre/c7b79e8d-8ab0-0b93-d3f2-ec530fb239f9,A09_17891.jpg
http://pi.lib.uchicago.edu/1001/org/ochre/194b159d-cca9-c12f-273e-7b9a5f858108,A09_17892.jpg
http://pi.lib.uchicago.edu/1001/org/ochre/1b75880f-b0e8-5d02-a524-3073e21214ee,A09_17893.jpg
http://pi.lib.uchicago.edu/1001/org/ochre/2b3abb86-bd5c-1839-0f18-65e64afdd9d6,A09_17894.jpg
http://pi.lib.uchicago.edu/1001/org/ochre/d5d8dfab-efbb-3910-1da0-6fab4ac7b6a2,A09_17895.jpg
http://pi.lib.uchicago.edu/1001/org/ochre/9de75eb5-2d2f-dd84-cbc6-c12fbf7182c2,A09_17896.jpg
http://pi.lib.uchicago.edu/1001/org/ochre/e882b035-5783-13cf-cea3-f9cf0a91152b,A09_17897.jpg
http://pi.lib.uchicago.edu/1001/org/ochre/dd08f470-2652-bc78-2d5c-edee2d6b0248,A09_17898.jpg
http://pi.lib.uchicago.edu/1001/org/ochre/93efd264-8d18-0d32-0a44-5df0b3994a9b,A09_17900.jpg
http://pi.lib.uchicago.edu/1001/org/ochre/5119a372-6f4e-f115-624f-af75487b24c1,A09_17901.jpg
http://pi.lib.uchicago.edu/1001/org/ochre/84a87b29-041e-914b-211d-ee8281ceca6e,A09_17902.jpg
http://pi.lib.uchicago.edu/1001/org/ochre/62207555-d788-1007-4d08-8fdb2d70cd24,A09_17903.jpg
http://pi.lib.uchicago.edu/1001/org/ochre/08d74e11-1fbe-af9e-e73a-039d9eb8a171,A09_17904.jpg
http://pi.lib.uchicago.edu/1001/org/ochre/215c2ef0-cf03-fe41-3547-043501b172a0,A09_17905.jpg
http://pi.lib.uchicago.edu/1001/org/ochre/256e72ff-f2d1-bf30-2da2-53f6c369b8b4,A09_17906.jpg
http://pi.lib.uchicago.edu/1001/org/ochre/181dad8c-5ee0-ac6c-69db-52113497c057,A09_17907.jpg
http://pi.lib.uchicago.edu/1001/org/ochre/9958e74c-c322-5ca4-f12c-54a041d25e8d,A09_17908.jpg
http://pi.lib.uchicago.edu/1001/org/ochre/9481c8ca-2cdf-92ad-f182-36ef529c3aa8,A09_17909.jpg
http://pi.lib.uchicago.edu/1001/org/ochre/eb13cdfb-fdd4-aaf2-d67f-5ca0e25ee3e2,A09_17910.jpg
http://pi.lib.uchicago.edu/1001/org/ochre/17e1547d-bf45-0b29-4924-5e25fae2fd44,A09_17912.jpg
http://pi.lib.uchicago.edu/1001/org/ochre/6a8e99d0-6294-7b52-df9f-7565e3eb3ca2,A09_17913.jpg
http://pi.lib.uchicago.edu/1001/org/ochre/71fd9300-83ec-fc68-3b78-330b233f34d7,A09_17914.jpg
http://pi.lib.uchicago.edu/1001/org/ochre/927bfacd-0bd3-fd8a-8c20-b9cb48f65ef6,A09_17915.jpg
http://pi.lib.uchicago.edu/1001/org/ochre/590d6de2-6ecb-50f6-4d42-522740c3525c,A09_17916.jpg
http://pi.lib.uchicago.edu/1001/org/ochre/a6ccea64-7f2c-acfc-117b-2264781f8ad2,A09_17917.jpg
http://pi.lib.uchicago.edu/1001/org/ochre/22746208-c668-cf09-8fb5-28da9713db88,A09_17918.jpg
http://pi.lib.uchicago.edu/1001/org/ochre/2f4795a5-86c1-5bce-b3c1-8abe42131c18,A09_17919.jpg
http://pi.lib.uchicago.edu/1001/org/ochre/f521fa1f-1c4a-f452-8faf-968311551246,A09_17920.jpg
http://pi.lib.uchicago.edu/1001/org/ochre/fabff112-26ad-d0e5-fc0f-a086d54bf67c,A09_17921.jpg
http://pi.lib.uchicago.edu/1001/org/ochre/e10ae857-aff2-4941-bfce-e1d66a9e71ef,A09_17922.jpg
http://pi.lib.uchicago.edu/1001/org/ochre/da36de3c-4080-3e0c-134a-dab5c7307c1b,A09_17923.jpg
http://pi.lib.uchicago.edu/1001/org/ochre/6098527e-660b-454e-69d1-52e45056a58d,A09_17924.jpg
http://pi.lib.uchicago.edu/1001/org/ochre/69c4a4d4-9d68-75cb-68f2-7bb8b0b2baab,A09_17925.jpg
http://pi.lib.uchicago.edu/1001/org/ochre/4aa5c71f-4027-4e16-d348-c76c81d20a0d,A09_17926.jpg
http://pi.lib.uchicago.edu/1001/org/ochre/3abca65f-dee0-e776-076c-bb8b120057b3,A09_17927.jpg
http://pi.lib.uchicago.edu/1001/org/ochre/c9366131-36e6-abd3-b2dc-c32da2e56ee2,A09_17928.jpg
http://pi.lib.uchicago.edu/1001/org/ochre/9997d5d9-86f5-be0c-c033-ed778dce18a8,A09_17929.jpg
http://pi.lib.uchicago.edu/1001/org/ochre/a02db828-b8a3-69fb-cdc3-052083260bcc,A09_17930.jpg
http://pi.lib.uchicago.edu/1001/org/ochre/87cd9843-37df-2187-9137-007a688b8392,A09_17931.jpg
http://pi.lib.uchicago.edu/1001/org/ochre/4078993e-5664-201b-4842-d15d2a631565,A09_17932.jpg
http://pi.lib.uchicago.edu/1001/org/ochre/b86c612a-b64b-6602-c0cd-a181a899fdb0,A09_17933.jpg
http://pi.lib.uchicago.edu/1001/org/ochre/4c662dee-2ed2-e89b-3bf5-fd3115ed345e,A09_17934.jpg
http://pi.lib.uchicago.edu/1001/org/ochre/e60e6100-cff6-78d0-ddf7-2b8e8ffeee60,A09_17935.jpg
http://pi.lib.uchicago.edu/1001/org/ochre/02c8461a-e021-a0ca-040f-dc47defc7649,A09_17936.jpg
http://pi.lib.uchicago.edu/1001/org/ochre/b4048a46-f661-956b-a1ef-15ae19179f07,A09_17937.jpg
http://pi.lib.uchicago.edu/1001/org/ochre/37c8228c-d42a-429d-6944-3fc9d2f7f395,A09_17938.jpg
http://pi.lib.uchicago.edu/1001/org/ochre/5fb4e39e-83ab-859a-5d17-c2123b09000d,A09_17939.jpg
http://pi.lib.uchicago.edu/1001/org/ochre/50b8d390-4969-4ea9-75c0-745d1510fb7d,A09_17940.jpg
http://pi.lib.uchicago.edu/1001/org/ochre/ad241080-b8a8-2ee6-10f8-df683c316ca9,A09_17941.jpg
http://pi.lib.uchicago.edu/1001/org/ochre/e1bee075-ec3b-5aca-6e1e-41ab22dbb8fb,A09_17942.jpg
http://pi.lib.uchicago.edu/1001/org/ochre/3d32bf95-4da1-1856-ff10-19b7c4cb3579,A09_17943.jpg
http://pi.lib.uchicago.edu/1001/org/ochre/4740dfca-bef5-6fce-4d48-883c911e837c,A09_17944.jpg
http://pi.lib.uchicago.edu/1001/org/ochre/07255540-9365-5002-fe86-fb687576483b,A09_17945.jpg
http://pi.lib.uchicago.edu/1001/org/ochre/043e3d25-cd7f-937e-d4cc-a8f99e3fcc7f,A09_17946.jpg
http://pi.lib.uchicago.edu/1001/org/ochre/1e2edcb5-a1d5-35c2-176d-db31791d0a67,A09_17947.jpg
http://pi.lib.uchicago.edu/1001/org/ochre/ae82eca6-f158-f34f-f5a1-85cf99af520e,A09_17948.jpg
http://pi.lib.uchicago.edu/1001/org/ochre/92c1526b-9437-6c2b-22b9-2e62d4cfed8b,A09_17949.jpg
http://pi.lib.uchicago.edu/1001/org/ochre/fd7a4fd2-5cb0-77c1-34c8-afbac3e29738,A09_17950.jpg
http://pi.lib.uchicago.edu/1001/org/ochre/2a1d6bd1-2bcd-a4c8-97be-9cd81e8431b6,A09_17951.jpg
http://pi.lib.uchicago.edu/1001/org/ochre/9f4dd323-c513-60f7-99e9-2a14b27e2feb,A09_17952.jpg
http://pi.lib.uchicago.edu/1001/org/ochre/ea062adc-7ae1-4e5b-ecfb-9ddbd90ae0b7,A09_17953.jpg
http://pi.lib.uchicago.edu/1001/org/ochre/cac32d4f-9975-0a18-fa8a-5bbcd8c3a7b6,A09_17954.jpg
http://pi.lib.uchicago.edu/1001/org/ochre/a1e7f373-9ee2-59fd-953e-1dbd644800a8,A09_17955.jpg
http://pi.lib.uchicago.edu/1001/org/ochre/57e426c8-4889-d9e4-8d86-91fb4281c0d5,A09_17956.jpg
http://pi.lib.uchicago.edu/1001/org/ochre/ca80a970-656e-58ae-eb31-49285e28be52,A09_17957.jpg
http://pi.lib.uchicago.edu/1001/org/ochre/2a4fd37a-bc10-0ff8-ea75-4bbd4f78d880,A09_17958.jpg
http://pi.lib.uchicago.edu/1001/org/ochre/45fdc1f5-0043-e8ef-5f4b-e62580f593e0,A09_17959.jpg
http://pi.lib.uchicago.edu/1001/org/ochre/7bc85548-3de4-63cf-8f9b-54398d8d1a70,A09_17960.jpg
http://pi.lib.uchicago.edu/1001/org/ochre/16f5aa62-09da-3292-6cf7-872fee85cf8b,A09_17961.jpg
http://pi.lib.uchicago.edu/1001/org/ochre/4d4a5eb8-f663-555c-4a9a-ca50c5bb90a9,A09_17963.jpg
http://pi.lib.uchicago.edu/1001/org/ochre/72d6800f-2299-5e1e-6ff0-3e4569ef6b4e,A09_17964.jpg
http://pi.lib.uchicago.edu/1001/org/ochre/77155cc1-dcb8-e396-2fa7-5b959fa7f3b2,A09_17964.jpg
http://pi.lib.uchicago.edu/1001/org/ochre/f53aab2d-2dbe-3167-3d85-b5c04c5824a3,A09_17965.jpg
http://pi.lib.uchicago.edu/1001/org/ochre/5a9a2ca1-25cd-e93f-ca74-bac480a4bb6d,A09_17966.jpg
http://pi.lib.uchicago.edu/1001/org/ochre/0de8ee20-4515-91d1-e191-e69bb642623d,A09_17967.jpg
http://pi.lib.uchicago.edu/1001/org/ochre/efb6cae1-0f7c-c5ce-0505-6d395693f241,A09_17968.jpg
http://pi.lib.uchicago.edu/1001/org/ochre/4bc4b967-af73-7461-90aa-124eeb1bad98,A09_17969.jpg
http://pi.lib.uchicago.edu/1001/org/ochre/99a440f8-3620-839e-f032-41c0b02c3dda,A09_17970.jpg
http://pi.lib.uchicago.edu/1001/org/ochre/38068674-aea8-a7c5-864b-d85736659769,A09_17971.jpg
http://pi.lib.uchicago.edu/1001/org/ochre/8bb73d5c-bd5d-ccf0-cd5c-b3d47e0afccc,A09_17972.jpg
http://pi.lib.uchicago.edu/1001/org/ochre/460edb30-e279-1984-7ee0-3256f35fa311,A09_17973.jpg
http://pi.lib.uchicago.edu/1001/org/ochre/d715d1f7-0b35-02cf-27c9-a98ac156e5d9,A09_17974.jpg
http://pi.lib.uchicago.edu/1001/org/ochre/0e96c044-a12b-6eaf-f8fd-493dc58d04cf,A09_17975.jpg
http://pi.lib.uchicago.edu/1001/org/ochre/7f231c69-b3d7-1beb-f2a5-b8f413fb1ffb,A09_17976.jpg
http://pi.lib.uchicago.edu/1001/org/ochre/ac4fd0a7-5c58-690e-8e0d-faa841a7ceeb,A09_17977.jpg
http://pi.lib.uchicago.edu/1001/org/ochre/fe657bc9-978a-6da9-d50b-2da18c3faebf,A09_17978.jpg
http://pi.lib.uchicago.edu/1001/org/ochre/ce6be28e-a856-2060-4399-7f00c49526a4,A09_17978.jpg
http://pi.lib.uchicago.edu/1001/org/ochre/bf174641-3364-62bc-77d3-39d41decbc2b,A09_17980.jpg
http://pi.lib.uchicago.edu/1001/org/ochre/53e39661-3d6b-c966-3ea8-22622d9fd588,A09_17981.jpg
http://pi.lib.uchicago.edu/1001/org/ochre/1459b5a5-66f6-8a13-48fa-2a20e26bac46,A09_17983.jpg
http://pi.lib.uchicago.edu/1001/org/ochre/fdc3476a-026b-4b4d-180b-91cb18e0c7bf,A09_17984.jpg
http://pi.lib.uchicago.edu/1001/org/ochre/e12e6f39-12cf-b8ce-9ca5-389183b851ef,A09_17985.jpg
http://pi.lib.uchicago.edu/1001/org/ochre/ecfb5465-7604-120f-b73b-1d585adf4764,A09_17986.jpg
http://pi.lib.uchicago.edu/1001/org/ochre/b72510a7-e5b5-3aa9-9e1c-0bd3941aeee3,A09_17987.jpg
http://pi.lib.uchicago.edu/1001/org/ochre/f5afb087-d33d-7327-2404-7b24ad581823,A09_17988.jpg
http://pi.lib.uchicago.edu/1001/org/ochre/9033a336-6744-f503-fccf-bff7a4095842,A09_17989.jpg
http://pi.lib.uchicago.edu/1001/org/ochre/19188b22-e2e6-e90a-f5aa-3529dd05b3a2,A09_17990.jpg
http://pi.lib.uchicago.edu/1001/org/ochre/7ae472eb-a802-3c22-acb3-b5b7894fc38d,A09_17991.jpg
http://pi.lib.uchicago.edu/1001/org/ochre/1747c35e-1d67-a77c-ddcb-9b1b197abafe,A09_17992.jpg
http://pi.lib.uchicago.edu/1001/org/ochre/d29e249b-fb19-f27e-00c3-e26b2841fe3d,A09_17993.jpg
http://pi.lib.uchicago.edu/1001/org/ochre/f1f5d315-0599-47de-7a89-cc8ce09555dc,A09_17994.jpg
http://pi.lib.uchicago.edu/1001/org/ochre/8e917cee-8f11-0926-c7df-957b04d51934,A09_17995.jpg
http://pi.lib.uchicago.edu/1001/org/ochre/e138aed2-eb37-4220-93d8-620415c86b67,A09_17996.jpg
http://pi.lib.uchicago.edu/1001/org/ochre/692c70ec-ed48-7f43-e65f-9d9f61355f1a,A09_17997.jpg
http://pi.lib.uchicago.edu/1001/org/ochre/3d983d8a-e9ce-ea38-fe03-1072dced51e8,A09_17998.jpg
http://pi.lib.uchicago.edu/1001/org/ochre/d28ada3b-d513-700a-492b-0184a1431cd9,A09_17999.jpg
http://pi.lib.uchicago.edu/1001/org/ochre/e361fc9d-4efb-5f67-055e-68797a9b88ac,A09_18000.jpg
http://pi.lib.uchicago.edu/1001/org/ochre/3e8b0cfc-4ef2-f57d-38ed-58e287f2c87e,A09_18001.jpg
http://pi.lib.uchicago.edu/1001/org/ochre/8ab86fd8-2acc-8450-d01e-f9281e97b8af,A09_18002.jpg
http://pi.lib.uchicago.edu/1001/org/ochre/1c0a869b-a674-543b-6ca9-1c607beb18fb,A09_18003.jpg
http://pi.lib.uchicago.edu/1001/org/ochre/80f97eb3-0030-b328-d4bd-5816262564eb,A09_18004.jpg
http://pi.lib.uchicago.edu/1001/org/ochre/0b5d40b1-1763-9d01-c243-7715e4e610dd,A09_18005.jpg
http://pi.lib.uchicago.edu/1001/org/ochre/ee61b658-6544-ce08-af85-369071dda66b,A09_18006.jpg
http://pi.lib.uchicago.edu/1001/org/ochre/c72fc694-0722-c500-edc2-6768a95b5b8d,A09_18007.jpg
http://pi.lib.uchicago.edu/1001/org/ochre/fd26a3f7-84b7-400d-b5a1-0266abb076f1,A10_18100.jpg
http://pi.lib.uchicago.edu/1001/org/ochre/745e74f2-bd0c-49eb-8a37-c0d2d1bf53ab,A10_18183.jpg
http://pi.lib.uchicago.edu/1001/org/ochre/268d5020-1564-494f-b92b-85a10b7be297,A10_18603.jpg
http://pi.lib.uchicago.edu/1001/org/ochre/514b59fb-88c1-4afe-8e61-85f79aacd454,A10_18604.jpg
http://pi.lib.uchicago.edu/1001/org/ochre/78ee284f-c3e8-4902-b014-efb0cf5ce9ae,A10_18605.jpg
http://pi.lib.uchicago.edu/1001/org/ochre/84804ea9-dd7a-47b6-9105-f6aff4fcf34a,A11_19046.jpg
http://pi.lib.uchicago.edu/1001/org/ochre/db65e7d9-17a4-4347-b41a-020571466103,A13_24091.jpg
http://pi.lib.uchicago.edu/1001/org/ochre/8a9d03e3-dd9c-4a86-9bd4-02cac3a9e947,A13_24092.jpg
http://pi.lib.uchicago.edu/1001/org/ochre/77adab47-3785-4a2c-a2d4-0a58b2500eb5,A13_24107.jpg
http://pi.lib.uchicago.edu/1001/org/ochre/ab797aca-e1b0-4f6d-a255-fdc6dd525381,A13_24108.jpg
http://pi.lib.uchicago.edu/1001/org/ochre/059d168e-5a4e-4d69-8e4b-4bb127642b97,A13_24115.jpg
http://pi.lib.uchicago.edu/1001/org/ochre/a5ee4fc4-349a-4127-9253-2d7fdaebabe2,A13_24116.jpg
http://pi.lib.uchicago.edu/1001/org/ochre/2a717266-1243-4849-9437-29f2addcc766,A13_24148.jpg
http://pi.lib.uchicago.edu/1001/org/ochre/340afea1-3f6e-44ee-9687-966ec0a605c0,A13_24149.jpg
http://pi.lib.uchicago.edu/1001/org/ochre/7d3fcf90-04ce-4775-8541-38aaba4305ef,A13_24156.jpg
http://pi.lib.uchicago.edu/1001/org/ochre/8be72192-9942-421d-8425-3d7e619d15ad,A13_24157.jpg
http://pi.lib.uchicago.edu/1001/org/ochre/0289539d-3bfd-455a-b7f0-6df98fa3a63f,A13_24158.jpg
http://pi.lib.uchicago.edu/1001/org/ochre/20861ef8-acf5-46ff-be73-38bc2e8e22ec,A13_24161.jpg
http://pi.lib.uchicago.edu/1001/org/ochre/b847f142-c843-4e01-880d-d62a8ee8d888,A13_24162.jpg
http://pi.lib.uchicago.edu/1001/org/ochre/5c38cb0b-7362-4652-ae5f-191844d15d57,A13_24163.jpg
http://pi.lib.uchicago.edu/1001/org/ochre/95fed107-b449-497b-8fc4-ec0f4c80dcb4,A13_24164.jpg
http://pi.lib.uchicago.edu/1001/org/ochre/9c981112-fdc5-4461-947e-04af7b503f6a,A13_24165.jpg
http://pi.lib.uchicago.edu/1001/org/ochre/91bd8815-f97b-41f5-9a07-1bcd78fc41b4,A13_24166.jpg
http://pi.lib.uchicago.edu/1001/org/ochre/8537d701-5140-4634-9dcf-a42f6c90b7ec,A13_24167.jpg
http://pi.lib.uchicago.edu/1001/org/ochre/ba037bb2-61d7-46ee-94f6-28bb0c48d8b0,A13_24168.jpg
http://pi.lib.uchicago.edu/1001/org/ochre/595be980-ae93-49db-a8bb-4363ea0a9084,A13_24171.jpg
http://pi.lib.uchicago.edu/1001/org/ochre/a409aac4-5384-4c84-9d4f-eb61b9c70b0f,A13_24172.jpg
http://pi.lib.uchicago.edu/1001/org/ochre/37e4424b-4812-458c-b06e-1bf33056d625,A13_24192.jpg
http://pi.lib.uchicago.edu/1001/org/ochre/f859e65b-5b5f-4c55-8d27-57fab441b6ee,A13_24193.jpg
http://pi.lib.uchicago.edu/1001/org/ochre/aa8b81c8-07c3-4a65-96da-1f0aad7b5ec8,A13_24194.jpg
http://pi.lib.uchicago.edu/1001/org/ochre/040349ba-ed94-4442-be85-8a0dfa2696d7,A13_24195.jpg
http://pi.lib.uchicago.edu/1001/org/ochre/429b974a-2106-48b0-9e23-fe7c6f5d2cb1,A13_24196.jpg
http://pi.lib.uchicago.edu/1001/org/ochre/b585ad56-be4b-4cf9-ac53-ce17f9a91e1e,A13_24197.jpg
http://pi.lib.uchicago.edu/1001/org/ochre/102cab8c-c801-4bc8-a1f3-47ff79074eef,A13_24198.jpg
http://pi.lib.uchicago.edu/1001/org/ochre/89b61859-17dd-468d-a5eb-daa999bb18d9,A13_24199.jpg
http://pi.lib.uchicago.edu/1001/org/ochre/80646f39-0d75-4e5e-a9a1-e2c1135c0338,A13_24200.jpg
http://pi.lib.uchicago.edu/1001/org/ochre/32ba1f2a-5469-417e-b774-ce2ee3878f49,A13_24201.jpg
http://pi.lib.uchicago.edu/1001/org/ochre/674c914a-0eaa-433e-9316-01f14f66e620,A13_24202.jpg
http://pi.lib.uchicago.edu/1001/org/ochre/00c02adb-b55a-4506-867f-d124fcf2d6be,A13_24203.jpg
http://pi.lib.uchicago.edu/1001/org/ochre/521d7d7c-dcc3-465c-9291-1331c37fdacc,A13_24204.jpg
http://pi.lib.uchicago.edu/1001/org/ochre/809158f8-2f70-47d5-93b3-83cbec874132,A13_24205.jpg
http://pi.lib.uchicago.edu/1001/org/ochre/3f19bdf8-9f29-4ee9-9e31-115ba1285c83,A13_24206.jpg
http://pi.lib.uchicago.edu/1001/org/ochre/b1eb68d1-df06-4715-b232-bd8c5ab6f428,A13_24207.jpg
http://pi.lib.uchicago.edu/1001/org/ochre/6887bbbe-75bf-4856-871e-76b614d3d95f,A13_24208.jpg
http://pi.lib.uchicago.edu/1001/org/ochre/21b2bfb0-8e64-43ce-a66f-ad6ce8ff87eb,A13_24209.jpg
http://pi.lib.uchicago.edu/1001/org/ochre/bc451beb-3500-4531-967c-a3612e24e1f9,A13_24210.jpg
http://pi.lib.uchicago.edu/1001/org/ochre/27316a48-08ad-440a-be52-58b27aca486e,A13_24211.jpg
http://pi.lib.uchicago.edu/1001/org/ochre/e91af489-6428-4d30-a958-bc4db423c494,A13_24212.jpg
http://pi.lib.uchicago.edu/1001/org/ochre/a3bd1e27-5ef3-4a7b-97ec-252e75c73dcc,A13_25142.jpg
http://pi.lib.uchicago.edu/1001/org/ochre/c62130fd-4014-4e95-92d2-6bba2101de91,A13_25263.jpg
http://pi.lib.uchicago.edu/1001/org/ochre/3f6f855e-dfb5-49b4-bcfb-08d1057bce7a,A13_26129.jpg
http://pi.lib.uchicago.edu/1001/org/ochre/3fd3cdd5-08be-4a5e-978c-d22a51a95c53,A13_26130.jpg
http://pi.lib.uchicago.edu/1001/org/ochre/d3a2c2d8-c1a3-41a4-ab60-dec9c860b94c,A13_26131.jpg
http://pi.lib.uchicago.edu/1001/org/ochre/1dac8d57-8535-4781-8f5b-a5c2251a14c4,A15_27665.jpg
http://pi.lib.uchicago.edu/1001/org/ochre/0b3f01e7-2ef6-42f7-911f-3681246552f6,A16_30353.jpg
http://pi.lib.uchicago.edu/1001/org/ochre/bb9d0c67-10ff-4a01-88a8-bba58d2b1bad,A16_30354.jpg
http://pi.lib.uchicago.edu/1001/org/ochre/4937367c-2b87-4471-8dc8-771573d0f0f7,A16_30355.jpg
http://pi.lib.uchicago.edu/1001/org/ochre/7cf7bb26-27a0-47c3-ad6a-90b4c5c232d3,A16_30356.jpg
http://pi.lib.uchicago.edu/1001/org/ochre/61924391-4fc7-4890-bd66-ca085f5dfc14,A16_30357.jpg
http://pi.lib.uchicago.edu/1001/org/ochre/a40b5f2d-c977-4b94-a1bb-5abcc56eaec5,A16_30358.jpg
http://pi.lib.uchicago.edu/1001/org/ochre/4cd5694d-6708-467a-95c0-d10dda3a83f8,A16_30359.jpg
http://pi.lib.uchicago.edu/1001/org/ochre/5ace6e1a-067e-47e6-866b-27cd648c56e9,A16_30360.jpg
http://pi.lib.uchicago.edu/1001/org/ochre/4bb2f866-6bbf-4657-9d74-37e06f5b7cde,A16_30361.jpg
http://pi.lib.uchicago.edu/1001/org/ochre/80f393ea-6dee-4c70-b4a4-162adfb3028c,A16_30362.jpg
http://pi.lib.uchicago.edu/1001/org/ochre/4c4c4b95-3c01-4155-be41-cab04536a046,A16_30363.jpg
http://pi.lib.uchicago.edu/1001/org/ochre/9fca50ce-274f-4264-929d-c3bdf1d579be,A16_30364.jpg
http://pi.lib.uchicago.edu/1001/org/ochre/6f26a3a7-9ff4-4846-a65c-a932fb7c73e0,A16_30365.jpg
http://pi.lib.uchicago.edu/1001/org/ochre/d9c1dbbc-945e-4629-b832-dc96547965b9,A16_30366.jpg
http://pi.lib.uchicago.edu/1001/org/ochre/340c5265-0bf5-4ed7-9a58-06ed789ab5ee,A16_30367.jpg
http://pi.lib.uchicago.edu/1001/org/ochre/cbe04073-2493-4482-b257-e0bd019c3a1f,A16_30368.jpg
http://pi.lib.uchicago.edu/1001/org/ochre/05337d40-c621-4074-8e43-195d48418243,A16_30369.jpg
http://pi.lib.uchicago.edu/1001/org/ochre/045f8448-0abd-4947-bc0e-9260c9c855ac,A16_30370.jpg
http://pi.lib.uchicago.edu/1001/org/ochre/6a738b98-ec7e-43d6-ae31-a3248e65ce94,A16_30371.jpg
http://pi.lib.uchicago.edu/1001/org/ochre/50d15baa-a7fd-4e0c-8455-32a573ea7d59,A16_30372.jpg
http://pi.lib.uchicago.edu/1001/org/ochre/1fdcaa31-55e1-4907-b5c8-4839fdd727c1,A16_30373.jpg
http://pi.lib.uchicago.edu/1001/org/ochre/0f322354-4da8-4eca-8bbe-5b04f3f3c607,A16_30374.jpg
http://pi.lib.uchicago.edu/1001/org/ochre/78424873-a24c-4a90-8747-6471b297295b,A16_30375.jpg
http://pi.lib.uchicago.edu/1001/org/ochre/6006f042-04cd-470c-ad8d-dcaf83ff2be6,A16_30376.jpg
http://pi.lib.uchicago.edu/1001/org/ochre/889dde35-3825-49ea-86c6-bed2f4462c78,A16_30377.jpg
http://pi.lib.uchicago.edu/1001/org/ochre/2c177a07-db2b-4faf-b084-e9b45a565768,A16_30378.jpg
http://pi.lib.uchicago.edu/1001/org/ochre/b84bb8e1-a8a3-4e74-9306-91677a545d3a,A16_30380.jpg
http://pi.lib.uchicago.edu/1001/org/ochre/ac4541f0-a4ef-45d8-8033-a56581020e5c,A16_30381.jpg
http://pi.lib.uchicago.edu/1001/org/ochre/3303c11a-a6b2-41ec-bf33-f78d03b9b388,A16_30382.jpg
http://pi.lib.uchicago.edu/1001/org/ochre/9c469414-e1cd-4a26-b9e8-512fd25d0b46,A16_30556.jpg
http://pi.lib.uchicago.edu/1001/org/ochre/9383c271-e87c-409a-b96a-ba678e188fe7,A16_30652.jpg
http://pi.lib.uchicago.edu/1001/org/ochre/25ea8455-cf25-409c-8c13-2eff895ec137,A16_30653.jpg
http://pi.lib.uchicago.edu/1001/org/ochre/d9d90bd0-1430-4b52-be6e-666f0dc2aac3,A16_30654.jpg
http://pi.lib.uchicago.edu/1001/org/ochre/7bb29a9b-b63f-48f4-9a3b-089873189562,A16_30655.jpg
http://pi.lib.uchicago.edu/1001/org/ochre/45f25671-7feb-4e57-9eb8-74ed55859445,A16_30656.jpg
http://pi.lib.uchicago.edu/1001/org/ochre/31669ffe-7109-41a4-8da7-3c94a51f3922,A16_30780.jpg
http://pi.lib.uchicago.edu/1001/org/ochre/73a340ae-5c95-4fce-88d4-15c8bc023c63,A16_30781.jpg
http://pi.lib.uchicago.edu/1001/org/ochre/aca0cd50-0e2e-44fe-9ee8-57831b693589,A16_30782.jpg
http://pi.lib.uchicago.edu/1001/org/ochre/ae160ded-2533-4b0b-aacc-1b08bdb083fc,A16_30783.jpg
http://pi.lib.uchicago.edu/1001/org/ochre/63d08f9c-e2ff-40f2-875f-1718d9957ab7,A16_30784.jpg
http://pi.lib.uchicago.edu/1001/org/ochre/96f827aa-8548-4ab9-8fd7-93558af0af86,A16_30785.jpg
http://pi.lib.uchicago.edu/1001/org/ochre/8567a38d-5945-4228-ab19-19acfd1f7281,A16_30786.jpg
http://pi.lib.uchicago.edu/1001/org/ochre/3b212df8-cdd7-4979-9ff3-9572ab9d5472,A16_30787.jpg
http://pi.lib.uchicago.edu/1001/org/ochre/98e43a9c-19bd-441d-a0ac-b592456dec59,A16_30788.jpg
http://pi.lib.uchicago.edu/1001/org/ochre/928dccb1-35f3-48b3-85bb-274cba0550a2,A16_30789.jpg
http://pi.lib.uchicago.edu/1001/org/ochre/949e130f-da14-42ca-abb6-0ae960bc77d0,A16_30790.jpg
http://pi.lib.uchicago.edu/1001/org/ochre/0ec6cce3-6d42-4838-a8fc-ac48d783c73f,A16_30791.jpg
http://pi.lib.uchicago.edu/1001/org/ochre/ee3afe57-326b-476f-ac6f-9a25ebec1690,A16_30792.jpg
http://pi.lib.uchicago.edu/1001/org/ochre/62bbcfcf-a92a-4f30-a577-14899cf07012,A16_30793.jpg
http://pi.lib.uchicago.edu/1001/org/ochre/b5345008-7dbf-4b51-8bc4-2c0d058ec143,A16_30794.jpg
http://pi.lib.uchicago.edu/1001/org/ochre/fa84666f-34ae-4b0b-850c-6bec5fbece90,A16_30795.jpg
http://pi.lib.uchicago.edu/1001/org/ochre/1bd605de-d843-45a3-88cd-3d89abf4b109,A16_30796.jpg
http://pi.lib.uchicago.edu/1001/org/ochre/c4564ea6-5f31-4ec6-bc12-68dc10041ccc,A16_30797.jpg
http://pi.lib.uchicago.edu/1001/org/ochre/d6f09bff-4f6d-45d6-8d89-4c5ddb14e9be,A16_30798.jpg
http://pi.lib.uchicago.edu/1001/org/ochre/dda0373e-f686-498b-9e6e-a0236d4cd505,A16_30799.jpg
http://pi.lib.uchicago.edu/1001/org/ochre/2dc38432-59b7-4a1a-8a7c-d75662943f3f,A16_30830.jpg
http://pi.lib.uchicago.edu/1001/org/ochre/3716e4ec-933f-4cab-8fca-15836b4dcf11,A16_30831.jpg
http://pi.lib.uchicago.edu/1001/org/ochre/0a51979e-b329-4a79-8b71-5c6de4f09695,A16_30832.jpg
http://pi.lib.uchicago.edu/1001/org/ochre/14f3ba21-a0d4-4630-9e3f-01df367c5827,A16_30833.jpg
http://pi.lib.uchicago.edu/1001/org/ochre/8c8872cd-66d1-41c4-89d1-6ed3989d94f2,A16_30834.jpg
http://pi.lib.uchicago.edu/1001/org/ochre/423acc88-c044-48b0-8d41-5914941e61f3,A16_30835.jpg
http://pi.lib.uchicago.edu/1001/org/ochre/cb2b36dd-28ff-41a9-95bd-a443095aa083,A16_31887.jpg
http://pi.lib.uchicago.edu/1001/org/ochre/f2ab5314-a43a-46ba-9f83-827919f5884c,A16_31888.jpg
http://pi.lib.uchicago.edu/1001/org/ochre/63af35f8-7945-4f29-9cae-1743baae1e54,A16_31889.jpg
http://pi.lib.uchicago.edu/1001/org/ochre/97d3558b-575a-48b5-86b4-a717ce7c07f8,A16_31890.jpg
http://pi.lib.uchicago.edu/1001/org/ochre/db0c601b-2ff5-4583-8667-3dd6a0d2a8bb,A16_31891.jpg
http://pi.lib.uchicago.edu/1001/org/ochre/0e4d5223-422e-498c-9415-d9e305068256,A16_31892.jpg
http://pi.lib.uchicago.edu/1001/org/ochre/52fe29d5-7e83-4001-92f8-3f19729e909e,A16_31893.jpg
http://pi.lib.uchicago.edu/1001/org/ochre/112a5404-1792-4582-a486-cbea64d9d3e1,A16_31894.jpg
http://pi.lib.uchicago.edu/1001/org/ochre/25ec00c7-1a0c-4352-8cd0-c72e3b4ef5c7,A16_31895.jpg
http://pi.lib.uchicago.edu/1001/org/ochre/523a4bdc-4889-48cd-862d-583c77a1aa08,A16_31896.jpg
http://pi.lib.uchicago.edu/1001/org/ochre/66cff2b7-c0e1-4b69-bc0d-94b3e8a4bb64,A16_31897.jpg
http://pi.lib.uchicago.edu/1001/org/ochre/c46ad038-9f80-4586-ac00-54a9561d60af,A16_31898.jpg
http://pi.lib.uchicago.edu/1001/org/ochre/256ed26d-6c06-4624-a663-c5b49b5e47c5,A16_31899.jpg
http://pi.lib.uchicago.edu/1001/org/ochre/0f0bfb98-1b38-4aa5-9def-7a2c9f9de0aa,A16_31900.jpg
http://pi.lib.uchicago.edu/1001/org/ochre/8b66fbc0-af91-4efe-a384-d2aa9154bac2,A16_31901.jpg
http://pi.lib.uchicago.edu/1001/org/ochre/d93a7b84-4ace-4c6e-90eb-a6a47ae3df3c,A16_31902.jpg
http://pi.lib.uchicago.edu/1001/org/ochre/b072dd47-44a7-4026-a363-36f8ae875853,A16_31903.jpg
http://pi.lib.uchicago.edu/1001/org/ochre/ce21ae73-9136-4fbc-a5a7-b0e32b06de98,A16_31904.jpg
http://pi.lib.uchicago.edu/1001/org/ochre/2cada2ee-c9d8-4cc2-8685-03ef8074be2c,A16_31905.jpg
http://pi.lib.uchicago.edu/1001/org/ochre/641b1fdb-0af0-414d-843b-55914fa96218,A16_31906.jpg
http://pi.lib.uchicago.edu/1001/org/ochre/305d01cd-863c-40c8-8216-deaeab51786b,A16_31907.jpg
http://pi.lib.uchicago.edu/1001/org/ochre/e8f2f6de-5892-431c-ae5f-68e1b566ad94,A16_31908.jpg
http://pi.lib.uchicago.edu/1001/org/ochre/41b7eb86-3ebb-4a08-b885-9fe4b2cea37c,A16_31909.jpg
http://pi.lib.uchicago.edu/1001/org/ochre/e57463f9-911c-4622-a030-9b672eb520c7,A16_31910.jpg
http://pi.lib.uchicago.edu/1001/org/ochre/4903e4e9-2b1c-4a77-891f-f3beffe68380,A16_31911.jpg
http://pi.lib.uchicago.edu/1001/org/ochre/76b2038e-7d18-4042-9ea7-203dfd3969c5,A16_31912.jpg
http://pi.lib.uchicago.edu/1001/org/ochre/e8ddfc85-5ba6-48b1-a38e-5891f425d740,A16_31913.jpg
http://pi.lib.uchicago.edu/1001/org/ochre/14f77220-6b2b-4ad1-b341-764a5fc4120a,A16_31914.jpg
http://pi.lib.uchicago.edu/1001/org/ochre/7e52cb7e-93eb-46d8-ba47-68516dee0613,A16_31915.jpg
http://pi.lib.uchicago.edu/1001/org/ochre/96493b60-b498-4e14-9e6f-9640e459f435,A16_31916.jpg
http://pi.lib.uchicago.edu/1001/org/ochre/20af3b18-b196-4533-8b9a-926ad20b1e28,A16_31917.jpg
http://pi.lib.uchicago.edu/1001/org/ochre/65c44258-9aa0-43ae-94d0-d433d7c9eaa7,A16_31918.jpg
http://pi.lib.uchicago.edu/1001/org/ochre/b512c735-3f62-4656-bb00-a5dcbdb01c23,A16_31919.jpg
http://pi.lib.uchicago.edu/1001/org/ochre/83f8c55e-cd11-4431-9145-e519291cf3c7,A16_31920.jpg
http://pi.lib.uchicago.edu/1001/org/ochre/dade8b9d-abcb-45ed-9377-267a99a9bb4b,A16_31921.jpg
http://pi.lib.uchicago.edu/1001/org/ochre/7e173b47-c5e3-4c02-af0c-024411891d1b,A16_31922.jpg
http://pi.lib.uchicago.edu/1001/org/ochre/3772d798-54d3-4065-92e1-b777460d72a9,A16_31923.jpg
http://pi.lib.uchicago.edu/1001/org/ochre/394f0836-e252-4787-8cfb-aeb7f17baf1f,A16_31924.jpg
http://pi.lib.uchicago.edu/1001/org/ochre/d63a2a6d-6453-4b63-9c97-8a159a57b071,A16_31925.jpg
http://pi.lib.uchicago.edu/1001/org/ochre/8479daf7-757c-43bd-95db-129b7db5b148,A16_31926.jpg
http://pi.lib.uchicago.edu/1001/org/ochre/a417b840-83b5-481e-a115-f42a1fba3f21,A16_31927.jpg
http://pi.lib.uchicago.edu/1001/org/ochre/9008c097-8fc0-430b-88e5-d5005e017307,A16_31928.jpg
http://pi.lib.uchicago.edu/1001/org/ochre/f21eeda8-01e0-4838-b912-8c585ce13bac,A16_31929.jpg
http://pi.lib.uchicago.edu/1001/org/ochre/4a079e41-9e0d-4028-9325-710f59ef93fb,A16_31930.jpg
http://pi.lib.uchicago.edu/1001/org/ochre/0179e26d-733a-4c7e-979f-705be43b5f6e,A16_31931.jpg
http://pi.lib.uchicago.edu/1001/org/ochre/cdeb06f1-4af8-4243-a52a-7ca3aa8928bc,A16_31932.jpg
http://pi.lib.uchicago.edu/1001/org/ochre/d865188f-4354-469b-b7c5-e31e32f2da33,A16_32868.jpg
http://pi.lib.uchicago.edu/1001/org/ochre/5d8b9ede-6235-4366-a4e8-0bfa9c69c3fa,A16_32869.jpg
http://pi.lib.uchicago.edu/1001/org/ochre/ec012910-fc4f-46cb-bd30-af226fb73851,A16_32870.jpg
http://pi.lib.uchicago.edu/1001/org/ochre/fe4c44f4-7b2e-47ec-8b2b-174aadbcc5f7,A16_32871.jpg
http://pi.lib.uchicago.edu/1001/org/ochre/d79313e0-e981-4b19-be7e-32daa238bfcf,A16_32872.jpg
http://pi.lib.uchicago.edu/1001/org/ochre/70ed3e6a-04b8-45e8-b76c-1e3ea3eb4bbd,A16_32873.jpg
http://pi.lib.uchicago.edu/1001/org/ochre/c7f98820-ef04-481e-95dc-9ec2b5048d50,A16_32874.jpg
http://pi.lib.uchicago.edu/1001/org/ochre/554ab0dc-a028-4db4-a9b6-dddfb9b148f2,A16_32875.jpg
http://pi.lib.uchicago.edu/1001/org/ochre/8988f12f-dfe3-47aa-80aa-3537d8611109,A16_32876.jpg
http://pi.lib.uchicago.edu/1001/org/ochre/b478a71e-3bd1-4e7f-a789-6e4a652b5b49,A16_32877.jpg
http://pi.lib.uchicago.edu/1001/org/ochre/95fe92c6-ae3e-42fc-bfe5-3ba3208d57f4,A16_32878.jpg
http://pi.lib.uchicago.edu/1001/org/ochre/18b23b1c-5c66-4932-8405-59e268ad418a,A16_32879.jpg
http://pi.lib.uchicago.edu/1001/org/ochre/483350b4-f290-4cfc-9fd3-0b4320de6d3a,A16_32880.jpg
http://pi.lib.uchicago.edu/1001/org/ochre/2c8eddf3-6a4e-4456-98cc-941f5ea88451,A16_32881.jpg
http://pi.lib.uchicago.edu/1001/org/ochre/999f7ddb-3392-4471-aac8-855f5d3a6a17,A16_32882.jpg
http://pi.lib.uchicago.edu/1001/org/ochre/f7ad1c1b-8810-4c22-b575-d91fc55c7964,A16_32883.jpg
http://pi.lib.uchicago.edu/1001/org/ochre/48e5e8a9-5699-4c4e-b715-6e7c09e91a45,A16_32884.jpg
http://pi.lib.uchicago.edu/1001/org/ochre/789d799e-97d3-49f0-94c3-c8dffc5b6257,A16_32885.jpg
http://pi.lib.uchicago.edu/1001/org/ochre/aa558383-a35b-4029-a903-020e389b904f,A16_32886.jpg
http://pi.lib.uchicago.edu/1001/org/ochre/728d8214-861c-418a-9234-1bea5f43568e,A16_32887.jpg
http://pi.lib.uchicago.edu/1001/org/ochre/8ba6e837-674d-45f1-932c-f2da4232b25d,A16_32888.jpg
http://pi.lib.uchicago.edu/1001/org/ochre/4f615caa-d1eb-40f3-b673-0e17279d16c7,A16_32889.jpg
http://pi.lib.uchicago.edu/1001/org/ochre/0095766c-a57a-4638-aea4-e32de09cfbaa,A16_32890.jpg
http://pi.lib.uchicago.edu/1001/org/ochre/ba5d1720-1ac8-4650-b8c2-b13685c90018,A16_32891.jpg
http://pi.lib.uchicago.edu/1001/org/ochre/905edd25-e6e9-4c4f-87b6-c5e655891e13,A16_32892.jpg
http://pi.lib.uchicago.edu/1001/org/ochre/5eabe4fb-85e9-4c54-9d93-801517e63c1f,A16_32893.jpg
http://pi.lib.uchicago.edu/1001/org/ochre/8b6f2f57-d5d6-4789-9504-b212f319600e,A16_32894.jpg
http://pi.lib.uchicago.edu/1001/org/ochre/2bfd26ee-18c0-4e30-aa0b-8b69161e161d,A16_32895.jpg
http://pi.lib.uchicago.edu/1001/org/ochre/998a4f28-337a-4875-8c53-56a1f528c966,A16_32896.jpg
http://pi.lib.uchicago.edu/1001/org/ochre/0284ccd8-2836-4535-b448-f39284faee98,A16_32897.jpg
http://pi.lib.uchicago.edu/1001/org/ochre/9c438920-e6fb-409d-a9f2-a194af432a44,A16_32898.jpg
http://pi.lib.uchicago.edu/1001/org/ochre/1a9ab255-75ae-4b91-9960-8ff4d6ab9135,A16_32899.jpg
http://pi.lib.uchicago.edu/1001/org/ochre/8688826a-d0bd-4192-be41-b31e1eb74d20,A16_32900.jpg
http://pi.lib.uchicago.edu/1001/org/ochre/757f3d45-855a-4929-974d-500a492b9269,A16_32901.jpg
http://pi.lib.uchicago.edu/1001/org/ochre/c61957a3-c1f7-4021-85d1-e06a37dbc614,A16_32902.jpg
http://pi.lib.uchicago.edu/1001/org/ochre/13baa9fa-0d05-4f2f-8a25-7f839bcab4e2,A16_32903.jpg
http://pi.lib.uchicago.edu/1001/org/ochre/31589e43-3c86-4e91-8630-847f82beda6f,A16_32904.jpg
http://pi.lib.uchicago.edu/1001/org/ochre/68290f59-f690-43cc-8dfe-fd040f5eb226,A16_32905.jpg
http://pi.lib.uchicago.edu/1001/org/ochre/a3379724-a6c3-4c2c-ab34-378306d71173,A16_32906.jpg
http://pi.lib.uchicago.edu/1001/org/ochre/5f10d6e5-e28b-47b4-b40c-515fa54df809,A16_32907.jpg
http://pi.lib.uchicago.edu/1001/org/ochre/69e25eb9-0407-4f36-af31-ddaff2b216b1,A16_32908.jpg
http://pi.lib.uchicago.edu/1001/org/ochre/667e0717-c5be-499b-9e80-60286940bcef,A16_32909.jpg
http://pi.lib.uchicago.edu/1001/org/ochre/bd17f21f-cf3c-4346-84f0-49e119829bea,A16_32910.jpg
http://pi.lib.uchicago.edu/1001/org/ochre/e9f964a8-2ded-46da-aa99-814996e726df,A16_32911.jpg
http://pi.lib.uchicago.edu/1001/org/ochre/8eb6f682-1149-494a-a226-bccd17bc5a00,A16_32912.jpg
http://pi.lib.uchicago.edu/1001/org/ochre/4528b399-5b06-4aec-b70d-c6523fbc98f3,A16_32913.jpg
http://pi.lib.uchicago.edu/1001/org/ochre/8100bb3f-a114-4fc5-a57c-3dd3eb5ddf09,A16_32914.jpg
http://pi.lib.uchicago.edu/1001/org/ochre/69a131be-60fe-401e-9288-1a229dd122c4,A16_32915.jpg
http://pi.lib.uchicago.edu/1001/org/ochre/6a4a03c8-9e0c-4fc0-8ea7-d6bed8dab038,A16_32916.jpg
http://pi.lib.uchicago.edu/1001/org/ochre/cf1c5ed6-34c7-4d30-9916-a82f806df2cf,A16_32917.jpg
http://pi.lib.uchicago.edu/1001/org/ochre/bf87eb57-148d-4bd9-97be-ac5be97e5876,A16_32918.jpg
http://pi.lib.uchicago.edu/1001/org/ochre/d337cc23-abe2-4950-8022-841cd09f8152,A16_32919.jpg
http://pi.lib.uchicago.edu/1001/org/ochre/7ce14f8a-4a5d-4f8d-bb44-aa370edff4bf,A16_32920.jpg
http://pi.lib.uchicago.edu/1001/org/ochre/0e8757ca-9d22-4e03-962a-6a6cd6b667f5,A16_32921.jpg
http://pi.lib.uchicago.edu/1001/org/ochre/4628f834-4f8a-4ca3-9146-fa5cbfda583f,A16_32922.jpg
http://pi.lib.uchicago.edu/1001/org/ochre/5d28ea68-c243-4216-8995-3a66c1b58842,A16_32923.jpg
http://pi.lib.uchicago.edu/1001/org/ochre/1dfb7c86-584b-4998-afa2-8bbc3dacc6e5,A16_32924.jpg
http://pi.lib.uchicago.edu/1001/org/ochre/323c3347-249c-4b79-9ee9-b285a860e566,A16_32925.jpg
http://pi.lib.uchicago.edu/1001/org/ochre/d3ab376d-8a4e-45a1-be8b-1f2a7e7eefa7,A16_32926.jpg
http://pi.lib.uchicago.edu/1001/org/ochre/d7a06746-6f94-468f-985c-4dcc54a5b4b9,A16_32927.jpg
http://pi.lib.uchicago.edu/1001/org/ochre/6727c774-3879-4eca-9740-336b8335cb8a,A16_32928.jpg
http://pi.lib.uchicago.edu/1001/org/ochre/a53ac849-dade-43e0-8af9-6fe0e9036c1b,A16_32929.jpg
http://pi.lib.uchicago.edu/1001/org/ochre/404baa17-8ed5-44a8-9861-b359d95afe89,A16_32930.jpg
http://pi.lib.uchicago.edu/1001/org/ochre/6e77ad9a-5e58-4cd4-9907-15c299a3c602,A16_32931.jpg
http://pi.lib.uchicago.edu/1001/org/ochre/534cf36b-201d-4d1e-99da-36688a785ad0,A16_32932.jpg
http://pi.lib.uchicago.edu/1001/org/ochre/95d6cc43-b237-4ecc-950f-2b27b475fd49,A16_32933.jpg
http://pi.lib.uchicago.edu/1001/org/ochre/f36588fb-0e14-4682-a8ee-f541677a2522,A16_32934.jpg
http://pi.lib.uchicago.edu/1001/org/ochre/e1b64e68-7d45-4301-9568-84bc74935e11,A16_32935.jpg
http://pi.lib.uchicago.edu/1001/org/ochre/5d765a37-7913-46f4-b87b-6c9ae9d8ea6b,A16_32936.jpg
http://pi.lib.uchicago.edu/1001/org/ochre/83a8fed6-afda-4070-a9dc-0fd0b8baa349,A16_32937.jpg
http://pi.lib.uchicago.edu/1001/org/ochre/791708ba-93f8-4644-b4ac-5c67d1f4a135,A16_32938.jpg
http://pi.lib.uchicago.edu/1001/org/ochre/ca3abc80-29be-4979-a7f0-506d644d61e0,A16_32939.jpg
http://pi.lib.uchicago.edu/1001/org/ochre/ff8322e5-17be-4770-b1e9-762beab107d5,A16_32940.jpg
http://pi.lib.uchicago.edu/1001/org/ochre/e160eb91-7c7d-4ac6-bd23-0b2ac42f1541,A16_32941.jpg
http://pi.lib.uchicago.edu/1001/org/ochre/03e8c60e-3b9a-484a-8b73-ba954f31b832,A16_32942.jpg
http://pi.lib.uchicago.edu/1001/org/ochre/20218a07-c851-4600-9d1a-bf79b78849df,A16_32943.jpg
http://pi.lib.uchicago.edu/1001/org/ochre/c9338b38-441e-4e73-831f-8ad44cf90e50,A16_32944.jpg
http://pi.lib.uchicago.edu/1001/org/ochre/06c85f9d-0370-4dc6-a013-323fef532683,A16_32945.jpg
http://pi.lib.uchicago.edu/1001/org/ochre/8c0d2486-4b77-49b0-82a6-68a31a6a1489,A16_32946.jpg
http://pi.lib.uchicago.edu/1001/org/ochre/d434c29f-7446-4bbf-aaa7-6b5f1dc252f2,A16_32947.jpg
http://pi.lib.uchicago.edu/1001/org/ochre/567b3173-833d-4156-acd6-e35bddfe0ec9,A16_32948.jpg
http://pi.lib.uchicago.edu/1001/org/ochre/27ffcd96-b8dc-48f9-b590-a5800171aaff,A16_32949.jpg
http://pi.lib.uchicago.edu/1001/org/ochre/958600bf-e0fd-4569-9b63-f9df46ddea7f,A16_32950.jpg
http://pi.lib.uchicago.edu/1001/org/ochre/23215be7-3e8c-4e21-b24a-2624486d4baa,A16_32951.jpg
http://pi.lib.uchicago.edu/1001/org/ochre/4e177173-d32b-4744-a712-5882b22ba843,A16_32952.jpg
http://pi.lib.uchicago.edu/1001/org/ochre/14d5d052-f5ae-410d-8be3-c7b73166ad41,A16_32953.jpg
http://pi.lib.uchicago.edu/1001/org/ochre/16acf009-e641-406e-a6af-694d7073a02b,A16_32954.jpg
http://pi.lib.uchicago.edu/1001/org/ochre/d2e8d84a-ad8f-432d-b1ea-fe33a6973144,A16_32955.jpg
http://pi.lib.uchicago.edu/1001/org/ochre/1c0f944c-e9ad-4307-b7a8-3017314789e1,A16_32956.jpg
http://pi.lib.uchicago.edu/1001/org/ochre/68dd0019-aa21-4f9a-ba35-0463f015c199,A16_32957.jpg
http://pi.lib.uchicago.edu/1001/org/ochre/2b206161-677b-48ca-977f-f1324abba63a,A16_32958.jpg
http://pi.lib.uchicago.edu/1001/org/ochre/a6c0f804-92a5-4ca6-91ab-6440ac4f3d43,A16_32959.jpg
http://pi.lib.uchicago.edu/1001/org/ochre/52612d65-16d8-4b3a-8cc0-21bf6b3158c4,A16_32960.jpg
http://pi.lib.uchicago.edu/1001/org/ochre/84f464c2-a26d-4a11-a590-c5f64cb1867b,A16_32961.jpg
http://pi.lib.uchicago.edu/1001/org/ochre/d6de96c9-83d4-4e70-9b78-be0c2274bc71,A16_32962.jpg
http://pi.lib.uchicago.edu/1001/org/ochre/2174ab6f-d43b-486c-b1d5-c6855842875c,A16_32963.jpg
http://pi.lib.uchicago.edu/1001/org/ochre/5073fdae-757c-4a66-817b-3436bb508a44,A16_32964.jpg
http://pi.lib.uchicago.edu/1001/org/ochre/3782fb83-cfee-4c51-a977-ce03e2894a96,A16_32965.jpg
http://pi.lib.uchicago.edu/1001/org/ochre/6de0237e-9406-4893-b455-61c4a987a5da,A16_32966.jpg
http://pi.lib.uchicago.edu/1001/org/ochre/e7fde665-76f5-448f-8365-bc5a10beb058,A16_32967.jpg
http://pi.lib.uchicago.edu/1001/org/ochre/96c5e032-c02b-4328-8e96-8d9f97e22285,A16_32968.jpg
http://pi.lib.uchicago.edu/1001/org/ochre/10708995-bdca-494f-b47f-29739c9e37c7,A16_32969.jpg
http://pi.lib.uchicago.edu/1001/org/ochre/803c2e8b-1b89-4c51-b501-81f87ff6fafa,A16_32970.jpg
http://pi.lib.uchicago.edu/1001/org/ochre/32047624-0b64-448e-bd32-6de982677550,A16_32971.jpg
http://pi.lib.uchicago.edu/1001/org/ochre/220009c6-32a6-4a3c-9f8e-e7f3c6ca9ca9,A16_32972.jpg
http://pi.lib.uchicago.edu/1001/org/ochre/b5934163-5aa9-42ee-8639-cc82f0c5f53b,A16_32973.jpg
http://pi.lib.uchicago.edu/1001/org/ochre/112cc0b5-12c6-4f85-80d2-d64dd2cef19a,A16_32974.jpg
http://pi.lib.uchicago.edu/1001/org/ochre/3a123ec3-3a06-4e9b-888e-b5f0f7298048,A16_32975.jpg
http://pi.lib.uchicago.edu/1001/org/ochre/ad74d933-29e6-407b-9ac9-52dd8e4139bc,A16_32976.jpg
http://pi.lib.uchicago.edu/1001/org/ochre/77642e80-328e-4265-9952-03483986a8ea,A16_32977.jpg
http://pi.lib.uchicago.edu/1001/org/ochre/7b6de3f8-c701-4398-ab2f-9b922c3b9874,A16_32978.jpg
http://pi.lib.uchicago.edu/1001/org/ochre/4f57eed2-c22f-44ca-bb0d-2ccb4498a514,A16_32979.jpg
http://pi.lib.uchicago.edu/1001/org/ochre/b25db6bb-4023-409a-83d2-5dba69b6822c,A16_32980.jpg
http://pi.lib.uchicago.edu/1001/org/ochre/b6e22217-62c7-47d7-a760-69642edb1756,A16_32981.jpg
http://pi.lib.uchicago.edu/1001/org/ochre/1f378b79-8b31-4f44-b5e7-bc264383e6c3,A16_32982.jpg
http://pi.lib.uchicago.edu/1001/org/ochre/5204eb22-2f70-4e44-a2e0-239781d200e5,A16_32983.jpg
http://pi.lib.uchicago.edu/1001/org/ochre/d3cf07cb-2fbf-4b5b-bfd9-310c18ccdcc6,A16_32984.jpg
http://pi.lib.uchicago.edu/1001/org/ochre/b745a5e0-dd7b-4ccc-9650-3a09f4745126,A16_32985.jpg
http://pi.lib.uchicago.edu/1001/org/ochre/dfb551b6-12d2-4bfc-bac0-008b074c1176,A16_32986.jpg
http://pi.lib.uchicago.edu/1001/org/ochre/effdb868-b9cc-45e3-a292-8ed136d759b6,A16_32987.jpg
http://pi.lib.uchicago.edu/1001/org/ochre/e918d6d7-59a1-4423-88d4-5d5c3aae174f,A16_32988.jpg
http://pi.lib.uchicago.edu/1001/org/ochre/f9875870-44aa-4111-be75-d6300825ed49,A16_32989.jpg
http://pi.lib.uchicago.edu/1001/org/ochre/d48e9842-4d38-4ddf-b835-2c589a8bafec,A16_32990.jpg
http://pi.lib.uchicago.edu/1001/org/ochre/894a2452-615d-461b-af13-367a2c12bba8,A16_32991.jpg
http://pi.lib.uchicago.edu/1001/org/ochre/6e785260-546e-42be-a8d1-bc9c3164636b,A16_32992.jpg
http://pi.lib.uchicago.edu/1001/org/ochre/9770ce24-d5e5-4a80-8b0f-1fac6a3a37a3,A16_32993.jpg
http://pi.lib.uchicago.edu/1001/org/ochre/bca84854-437d-404c-8a9e-1137556751c4,A16_32994.jpg
http://pi.lib.uchicago.edu/1001/org/ochre/0d9414b9-1462-463a-a74d-c58c72aad54b,A16_32995.jpg
http://pi.lib.uchicago.edu/1001/org/ochre/f15fb9cb-c2ec-40a9-afac-a3e461236f30,A16_32996.jpg
http://pi.lib.uchicago.edu/1001/org/ochre/b05d6fb9-b6a4-47a9-8196-70957b51c6d7,A16_32997.jpg
http://pi.lib.uchicago.edu/1001/org/ochre/f57cd7e8-4da7-4c4b-ae62-27060b286cd9,A16_32998.jpg
http://pi.lib.uchicago.edu/1001/org/ochre/0b7972f9-19ad-4fbd-9276-ec6605ca61c2,A16_32999.jpg
http://pi.lib.uchicago.edu/1001/org/ochre/4084010d-d67e-4216-afbf-98ae603a71f2,A16_33000.jpg
http://pi.lib.uchicago.edu/1001/org/ochre/ef5933dc-f3d1-49b0-968d-5b8b3342c702,A16_33001.jpg
http://pi.lib.uchicago.edu/1001/org/ochre/303ee73f-4b06-4d23-a111-2c7557a6b43c,A16_33002.jpg
http://pi.lib.uchicago.edu/1001/org/ochre/c40a8c1a-7059-4d5e-9f64-b008db337fa0,A16_33003.jpg
http://pi.lib.uchicago.edu/1001/org/ochre/d3843c94-a1cf-4f14-81e0-f4cb6197d479,A16_33004.jpg
http://pi.lib.uchicago.edu/1001/org/ochre/c2810031-cbac-4aec-9813-e6eaa3321259,A16_33005.jpg
http://pi.lib.uchicago.edu/1001/org/ochre/207705fd-4f0c-4bcd-84ec-db2ae3ce25a1,A16_33006.jpg
http://pi.lib.uchicago.edu/1001/org/ochre/7e31ab77-96a9-4177-862e-944a481e06fb,A16_33007.jpg
http://pi.lib.uchicago.edu/1001/org/ochre/7241b3a6-1679-4fc3-8322-669067742a55,A16_33008.jpg
http://pi.lib.uchicago.edu/1001/org/ochre/c01bfb1b-1db0-4725-87b9-a68bc42480ce,A16_33009.jpg
http://pi.lib.uchicago.edu/1001/org/ochre/5aca9940-8c8a-4cdf-9dba-02ac65015bae,A16_33010.jpg
http://pi.lib.uchicago.edu/1001/org/ochre/822de17f-c4ae-4d31-a00b-81cca25b0ddb,A16_33011.jpg
http://pi.lib.uchicago.edu/1001/org/ochre/79695ed3-a626-43fa-a72d-dc5c0f03d498,A16_33012.jpg
http://pi.lib.uchicago.edu/1001/org/ochre/15ae08c4-2b65-4fbb-8758-764c96b52b76,A16_33013.jpg
http://pi.lib.uchicago.edu/1001/org/ochre/d42e8a5f-86b6-4e26-8660-e4feed2f04f0,A16_33014.jpg
http://pi.lib.uchicago.edu/1001/org/ochre/5d4989f4-4dee-4d49-9ce5-0f8a77e29042,A16_33015.jpg
http://pi.lib.uchicago.edu/1001/org/ochre/b8ad94d7-1892-4844-9ce0-2b86e6ee633f,A16_33016.jpg
http://pi.lib.uchicago.edu/1001/org/ochre/79eb6c41-636f-4976-8fd0-4fcc2a097d5a,A16_33017.jpg
http://pi.lib.uchicago.edu/1001/org/ochre/8951cb46-f912-4fbb-be7e-e09ad369798a,A16_33018.jpg
http://pi.lib.uchicago.edu/1001/org/ochre/075f4254-08f2-420f-999e-38b3079b9432,A16_33019.jpg
http://pi.lib.uchicago.edu/1001/org/ochre/abf805be-822a-4ce2-9ab1-1ee9009902aa,A16_33020.jpg
http://pi.lib.uchicago.edu/1001/org/ochre/b1bde829-6bc9-4763-b1e5-2a7aba5df4ae,A16_33021.jpg
http://pi.lib.uchicago.edu/1001/org/ochre/77a76c39-42f7-4c71-8e05-199a7ccea78f,A16_33022.jpg
http://pi.lib.uchicago.edu/1001/org/ochre/9ab977ad-bf76-44de-8546-0df050136e5e,A16_33023.jpg
http://pi.lib.uchicago.edu/1001/org/ochre/8d33fca8-ac40-413e-acd6-86f0d6fd4995,A16_33024.jpg
http://pi.lib.uchicago.edu/1001/org/ochre/7c8f349a-abce-44f1-8478-f41cb6b77a5c,A16_33025.jpg
http://pi.lib.uchicago.edu/1001/org/ochre/3410990c-d0b1-4db5-8a23-671bf33d5d5f,A16_33026.jpg
http://pi.lib.uchicago.edu/1001/org/ochre/40ce55c1-8e35-4ea1-907d-4d8f89ec8459,A16_33027.jpg
http://pi.lib.uchicago.edu/1001/org/ochre/2aca5c63-34d2-4db8-88f8-242ea2d16777,A16_33028.jpg
http://pi.lib.uchicago.edu/1001/org/ochre/104b3f9d-068d-42d8-8d53-cee6656d235f,A16_33029.jpg
http://pi.lib.uchicago.edu/1001/org/ochre/6b8e9467-a4c6-4d5e-b931-52e57a89e4c7,A16_33030.jpg
http://pi.lib.uchicago.edu/1001/org/ochre/06f7fb9f-9c35-432e-bee4-b2630cedd845,A16_33031.jpg
http://pi.lib.uchicago.edu/1001/org/ochre/789e894f-19bb-4d16-956e-f3baf5d9aada,A16_33032.jpg
http://pi.lib.uchicago.edu/1001/org/ochre/b2ba118f-4913-49dc-a3fa-ba0808da2b21,A16_33033.jpg
http://pi.lib.uchicago.edu/1001/org/ochre/1d18d32f-80fc-4173-b47b-eba5a29b9dd1,A16_33034.jpg
http://pi.lib.uchicago.edu/1001/org/ochre/8c96b83a-5426-4c60-ac46-eb015687df30,A16_33035.jpg
http://pi.lib.uchicago.edu/1001/org/ochre/419beaa9-1e5f-43fd-a79e-f7221e1b547b,A16_33036.jpg
http://pi.lib.uchicago.edu/1001/org/ochre/959fadc5-dc5f-4e1f-a9da-d3a9de1b71ac,A16_33037.jpg
http://pi.lib.uchicago.edu/1001/org/ochre/0797d1e1-0275-44dd-bb50-3aa6d097704c,A16_33038.jpg
http://pi.lib.uchicago.edu/1001/org/ochre/e5372119-936e-4efd-bc61-6ca8364ebaf9,A16_33039.jpg
http://pi.lib.uchicago.edu/1001/org/ochre/f067e09e-77f9-46aa-91be-26138fdb58a0,A16_33040.jpg
http://pi.lib.uchicago.edu/1001/org/ochre/3b9dafb0-1678-4d7a-8566-cf0d7abde14c,A16_33041.jpg
http://pi.lib.uchicago.edu/1001/org/ochre/1fc0aa6f-9f8c-4152-8ca8-00a41c1519c4,A16_33042.jpg
http://pi.lib.uchicago.edu/1001/org/ochre/885751b6-cbe7-476e-84b9-c9b8477b36a2,A16_33043.jpg
http://pi.lib.uchicago.edu/1001/org/ochre/279d313b-c5f8-4470-b774-02cd1198c87d,A16_33044.jpg
http://pi.lib.uchicago.edu/1001/org/ochre/95fb9d90-78ff-4d40-b88b-4e820ae3fc97,A16_33045.jpg
http://pi.lib.uchicago.edu/1001/org/ochre/c21a7f8b-11d9-44c4-87da-b618381a8f7b,A16_33046.jpg
http://pi.lib.uchicago.edu/1001/org/ochre/dab4f040-a1c2-46e9-8369-f5b98ec843db,A16_33047.jpg
http://pi.lib.uchicago.edu/1001/org/ochre/1616d8f0-0847-456d-ace9-93052665fa67,A16_33048.jpg
http://pi.lib.uchicago.edu/1001/org/ochre/d9501eff-07db-4c7c-8ded-9fea11e9fef1,A16_33049.jpg
http://pi.lib.uchicago.edu/1001/org/ochre/b260c5cd-a826-4711-bffb-849bd3d6d8a6,A16_33050.jpg
http://pi.lib.uchicago.edu/1001/org/ochre/f6bf365c-4a2e-40cc-b262-e3d3dc4aaa40,A16_33051.jpg
http://pi.lib.uchicago.edu/1001/org/ochre/71d4df3a-5fc7-4808-8a5e-c4f0ad6f48bd,A16_33052.jpg
http://pi.lib.uchicago.edu/1001/org/ochre/921fe9aa-6dee-4b67-aa32-de3e260c6d02,A16_33053.jpg
http://pi.lib.uchicago.edu/1001/org/ochre/0c35881f-9e6c-4333-98c4-89e657b1036f,A16_33054.jpg
http://pi.lib.uchicago.edu/1001/org/ochre/07dda4d8-c762-40aa-824d-550a987617b9,A16_33055.jpg
http://pi.lib.uchicago.edu/1001/org/ochre/db8915ef-f419-40c2-83f8-8d9b14c994f3,A16_33056.jpg
http://pi.lib.uchicago.edu/1001/org/ochre/016f3a40-ba44-4148-a16a-82512411eac0,A16_33057.jpg
http://pi.lib.uchicago.edu/1001/org/ochre/2e78388b-93ab-4f60-86e2-7378fc9ccf34,A16_33058.jpg
http://pi.lib.uchicago.edu/1001/org/ochre/c3f1792f-2b56-47c2-990a-fd58ddd1538b,A16_33059.jpg
http://pi.lib.uchicago.edu/1001/org/ochre/38591baa-aea4-4558-90b7-8cfdc70dfc90,A16_33060.jpg
http://pi.lib.uchicago.edu/1001/org/ochre/184fb70d-cba5-4d2f-89a4-b771b8b1c181,A16_33061.jpg
http://pi.lib.uchicago.edu/1001/org/ochre/d691d981-00b1-4360-911a-1cd0992cc2c2,A16_33062.jpg
http://pi.lib.uchicago.edu/1001/org/ochre/ca062e5a-ac97-4695-bcae-c7c2db86e6f0,A16_33063.jpg
http://pi.lib.uchicago.edu/1001/org/ochre/bbe2a396-3453-4a05-b15a-a41032345437,A16_33064.jpg
http://pi.lib.uchicago.edu/1001/org/ochre/9a72248b-18fd-419e-8f82-6f393716e360,A16_33065.jpg
http://pi.lib.uchicago.edu/1001/org/ochre/ba65340a-d2a4-4cc3-b368-0ce25ea12c3e,A16_33066.jpg
http://pi.lib.uchicago.edu/1001/org/ochre/77ab99e9-3384-49ac-aaf0-7d4d7ca5a5cd,A16_33067.jpg
http://pi.lib.uchicago.edu/1001/org/ochre/72f41cc1-a92e-4162-b856-ed928b2f95a7,A16_33068.jpg
http://pi.lib.uchicago.edu/1001/org/ochre/94321c61-e9ce-41f1-bebb-68905fd3df8b,A16_33069.jpg
http://pi.lib.uchicago.edu/1001/org/ochre/b6fa3993-3a6b-4f5b-899e-e790e764e650,A16_33070.jpg
http://pi.lib.uchicago.edu/1001/org/ochre/acb074be-d4c5-4eb0-ab14-695984299203,A16_33071.jpg
http://pi.lib.uchicago.edu/1001/org/ochre/0dcb0f2c-d678-445e-8e4f-08c30aed3b26,A16_33072.jpg
http://pi.lib.uchicago.edu/1001/org/ochre/05a67217-10cf-47de-8802-fd1b1fbbc784,A16_33073.jpg
http://pi.lib.uchicago.edu/1001/org/ochre/d055413a-3d7c-475f-87c6-015b184866c3,A16_33074.jpg
http://pi.lib.uchicago.edu/1001/org/ochre/278cac07-1326-4a4a-aca8-5b07e9930f36,A16_33075.jpg
http://pi.lib.uchicago.edu/1001/org/ochre/535639e3-75a7-4000-be6c-b120f7e37b73,A16_33076.jpg
http://pi.lib.uchicago.edu/1001/org/ochre/a6881713-7adb-47a8-9027-24894b0bce8e,A16_33077.jpg
http://pi.lib.uchicago.edu/1001/org/ochre/675b85b6-a662-428f-a6e0-610e34cc9af5,A16_33078.jpg
http://pi.lib.uchicago.edu/1001/org/ochre/f102c8f9-c44b-483b-838c-fa575845a2b0,A16_33079.jpg
http://pi.lib.uchicago.edu/1001/org/ochre/76561865-7199-45dc-8d38-bad1bd9a4009,A16_33080.jpg
http://pi.lib.uchicago.edu/1001/org/ochre/df5c89b1-6873-48af-af9b-d751b5ad8afe,A16_33081.jpg
http://pi.lib.uchicago.edu/1001/org/ochre/f7c9efec-85b1-4bf9-8246-3ca0dc4e2127,A16_33082.jpg
http://pi.lib.uchicago.edu/1001/org/ochre/8246f093-72ab-4a78-8bd4-29cf149e4f92,A16_33083.jpg
http://pi.lib.uchicago.edu/1001/org/ochre/5e1ba755-b0bd-47d8-94ab-02ecf16623b9,A16_33084.jpg
http://pi.lib.uchicago.edu/1001/org/ochre/e1f8459d-3193-41ee-bc59-66401d2848dd,A16_33085.jpg
http://pi.lib.uchicago.edu/1001/org/ochre/71f31fa4-98f7-467a-a8c7-a3177dc8b083,A16_33086.jpg
http://pi.lib.uchicago.edu/1001/org/ochre/42c411b2-1e4d-40fc-8e2d-bab41f25bd36,A16_33087.jpg
http://pi.lib.uchicago.edu/1001/org/ochre/2b80651c-5d1e-4108-957b-a261407d2b30,A16_33088.jpg
http://pi.lib.uchicago.edu/1001/org/ochre/b2c4edb5-17c3-4cae-b71e-8b4062d2c49a,A16_33089.jpg
http://pi.lib.uchicago.edu/1001/org/ochre/b2082ae7-40df-455c-b6d5-1e1b28bb52ec,A16_33090.jpg
http://pi.lib.uchicago.edu/1001/org/ochre/50665b24-a406-44b9-921d-0ad67f74c6f4,A16_33091.jpg
http://pi.lib.uchicago.edu/1001/org/ochre/e34b3e52-600c-4b45-a13b-353841a7afd5,A16_33092.jpg
http://pi.lib.uchicago.edu/1001/org/ochre/18355356-1613-4508-9340-ce57a6af1dae,A16_33093.jpg
http://pi.lib.uchicago.edu/1001/org/ochre/f9f213e2-e22b-4dae-89d9-b919f9aef1bf,A16_33094.jpg
http://pi.lib.uchicago.edu/1001/org/ochre/047c0ee5-32be-442f-b5b0-d3bcf87ecb79,A16_33095.jpg
http://pi.lib.uchicago.edu/1001/org/ochre/9f68d95d-1a2f-492a-ae7a-9ea6bf7894d9,A16_33096.jpg
http://pi.lib.uchicago.edu/1001/org/ochre/0137db52-d514-4d47-9312-9457435cb5df,A16_33097.jpg
http://pi.lib.uchicago.edu/1001/org/ochre/535695bf-c83a-440f-9deb-2baafc9690fe,A16_33098.jpg
http://pi.lib.uchicago.edu/1001/org/ochre/f46d1951-20e0-40d9-8959-75d2b7ef3c84,A16_33099.jpg
http://pi.lib.uchicago.edu/1001/org/ochre/985d3092-6fb0-40ef-8af3-7b801cb3e4bd,A16_33100.jpg
http://pi.lib.uchicago.edu/1001/org/ochre/e7327f2e-78af-412d-bb2a-edc2b9bce95e,A16_33101.jpg
http://pi.lib.uchicago.edu/1001/org/ochre/ddc67523-9767-4259-a8af-83dfd983c192,A16_33102.jpg
http://pi.lib.uchicago.edu/1001/org/ochre/a960543e-10ff-4d7d-9d0a-bf3d93abaad6,A16_33103.jpg
http://pi.lib.uchicago.edu/1001/org/ochre/c7203d9b-4090-4bce-a6d5-4a8e510309be,A16_33104.jpg
http://pi.lib.uchicago.edu/1001/org/ochre/f809f1c7-3fbe-431f-ac83-826c8287ba9b,A16_33105.jpg
http://pi.lib.uchicago.edu/1001/org/ochre/3acad767-3fd4-41cc-8533-6c14c1bdf20e,A16_33106.jpg
http://pi.lib.uchicago.edu/1001/org/ochre/eabeea50-4626-4568-a044-39573fe40a77,A16_33107.jpg
http://pi.lib.uchicago.edu/1001/org/ochre/49876407-016d-4fcf-8400-45557c02968a,A16_33108.jpg
http://pi.lib.uchicago.edu/1001/org/ochre/5361b362-5572-4fa4-a809-9c82eed79656,A16_33109.jpg
http://pi.lib.uchicago.edu/1001/org/ochre/0256da51-31f9-40aa-8450-ddad92a99e02,A16_33110.jpg
http://pi.lib.uchicago.edu/1001/org/ochre/06e4c894-c269-49c1-a04b-17ca20391864,A16_33111.jpg
http://pi.lib.uchicago.edu/1001/org/ochre/fc968f6c-0db4-4993-ad83-69beedaf56f7,A16_33112.jpg
http://pi.lib.uchicago.edu/1001/org/ochre/0ed56d6f-b32b-4591-8b3a-6d6398e2c163,A16_33113.jpg
http://pi.lib.uchicago.edu/1001/org/ochre/ffc496dc-5948-44ec-bfaa-a21f5d262d5a,A16_33114.jpg
http://pi.lib.uchicago.edu/1001/org/ochre/c6010adb-30a7-4b57-8359-f538f0861857,A16_33120.jpg
http://pi.lib.uchicago.edu/1001/org/ochre/ac78bf50-dd5a-4d18-90a4-d2fd3e34c9fa,A16_33123.jpg
http://pi.lib.uchicago.edu/1001/org/ochre/9c59ff24-7cf3-48cb-9c74-640932754a2d,A16_33124.jpg
http://pi.lib.uchicago.edu/1001/org/ochre/b88da45d-d9c7-48c5-8fef-96987c920330,A16_33125.jpg
http://pi.lib.uchicago.edu/1001/org/ochre/85ca87dd-23f6-41e8-9713-87a713c21fa7,A16_33126.jpg
http://pi.lib.uchicago.edu/1001/org/ochre/177443e2-f609-4bcb-a584-ee1971235684,A16_33127.jpg
http://pi.lib.uchicago.edu/1001/org/ochre/f9b8042b-184a-4f5c-8cb0-deaa440c5d3b,A16_33128.jpg
http://pi.lib.uchicago.edu/1001/org/ochre/889def57-4da8-41d7-a92e-75f21ed5b79e,A16_33129.jpg
http://pi.lib.uchicago.edu/1001/org/ochre/1ce9f57d-fe02-4b55-b883-905d4da1d200,A16_33130.jpg
http://pi.lib.uchicago.edu/1001/org/ochre/dc76fcd2-7c1e-4a41-b041-5455d9031ffd,A16_33131.jpg
http://pi.lib.uchicago.edu/1001/org/ochre/54526ed5-e3cf-4af5-99cd-c5ee2239d872,A16_33132.jpg
http://pi.lib.uchicago.edu/1001/org/ochre/f7fbb575-2dd1-4d34-9a8b-bdcee6726f85,A16_33133.jpg
http://pi.lib.uchicago.edu/1001/org/ochre/051cde60-8398-42cf-959a-c4fbe8b32e62,A16_33134.jpg
http://pi.lib.uchicago.edu/1001/org/ochre/82a714b6-b118-485e-9a64-56a516d0c4e0,A16_33135.jpg
http://pi.lib.uchicago.edu/1001/org/ochre/fe4f02ed-80ce-48da-adde-7625a41cf1c6,A16_33136.jpg
http://pi.lib.uchicago.edu/1001/org/ochre/61497769-1552-4622-a180-362f72cfe29a,A16_33137.jpg
http://pi.lib.uchicago.edu/1001/org/ochre/389193b2-f524-48f7-b443-72a0e91ad2db,A16_33138.jpg
http://pi.lib.uchicago.edu/1001/org/ochre/071c4538-d196-4586-9457-d3d3cca02a4c,A16_33139.jpg
http://pi.lib.uchicago.edu/1001/org/ochre/c2f99b75-69e4-4a6c-b7bc-349c983ab8f4,A16_33140.jpg
http://pi.lib.uchicago.edu/1001/org/ochre/8af914d6-e17e-4c73-a93a-69aefb50ae94,A16_33141.jpg
http://pi.lib.uchicago.edu/1001/org/ochre/f37de788-379f-4c41-8334-46aad593b25c,A16_33142.jpg
http://pi.lib.uchicago.edu/1001/org/ochre/a24b23b5-d6af-4d01-9a07-bc85364a446a,A16_33143.jpg
http://pi.lib.uchicago.edu/1001/org/ochre/c4d33dde-f206-4f90-94b4-794d7cfe12a8,A16_33144.jpg
http://pi.lib.uchicago.edu/1001/org/ochre/431e9c97-50e3-45c0-96ee-15266670578a,A16_33145.jpg
http://pi.lib.uchicago.edu/1001/org/ochre/d9b3cbeb-64c6-4bb7-8986-db2e38ad575c,A16_33146.jpg
http://pi.lib.uchicago.edu/1001/org/ochre/3e509569-2319-45f6-8c05-ae1e660894a9,A16_33147.jpg
http://pi.lib.uchicago.edu/1001/org/ochre/cff9c56a-075b-4f48-8907-f7956a7d8179,A16_33148.jpg
http://pi.lib.uchicago.edu/1001/org/ochre/815f6fe3-83b3-40f7-9c5b-a0d947701e0b,A16_33149.jpg
http://pi.lib.uchicago.edu/1001/org/ochre/77fa2088-e8b8-45cc-a4bd-a697411ca45e,A16_33150.jpg
http://pi.lib.uchicago.edu/1001/org/ochre/d12170b2-5d1b-4301-adf3-37d32fc35eb7,A16_33151.jpg
http://pi.lib.uchicago.edu/1001/org/ochre/f5c5bbde-e4b1-41c9-839c-990cd41ec461,A16_33152.jpg
http://pi.lib.uchicago.edu/1001/org/ochre/2f5698a3-fa48-4ade-8f27-fb653f77a60a,A16_33153.jpg
http://pi.lib.uchicago.edu/1001/org/ochre/5afff45b-2de6-41be-a5f5-c91b9890b6f2,A16_33154.jpg
http://pi.lib.uchicago.edu/1001/org/ochre/7215dba2-c5a3-4a79-b8a8-137c60486a52,A16_33155.jpg
http://pi.lib.uchicago.edu/1001/org/ochre/607f08f5-e33b-4eed-a7dd-c2a5719f02d7,A16_33156.jpg
http://pi.lib.uchicago.edu/1001/org/ochre/c8d851e7-760b-4e32-a22f-0b6a9b3581cd,A16_33157.jpg
http://pi.lib.uchicago.edu/1001/org/ochre/e03db0de-2340-4adb-93a0-14b29a89a578,A16_33158.jpg
http://pi.lib.uchicago.edu/1001/org/ochre/f3a1de64-3e61-4913-9066-53bf6ccb5a91,A16_33159.jpg
http://pi.lib.uchicago.edu/1001/org/ochre/b5eaa09d-1a42-4346-8753-d94c23ec1ec2,A16_33160.jpg
http://pi.lib.uchicago.edu/1001/org/ochre/db7b3c62-56db-422d-beb5-b80fe192cba4,A16_33161.jpg
http://pi.lib.uchicago.edu/1001/org/ochre/b8a0c117-3be2-4b70-bc59-2a42230f0187,A16_33162.jpg
http://pi.lib.uchicago.edu/1001/org/ochre/ca8be97c-fe35-408a-96f3-f7d161010581,A16_33163.jpg
http://pi.lib.uchicago.edu/1001/org/ochre/4a74d681-eaf7-45c5-8f58-15dab950da83,A16_33164.jpg
http://pi.lib.uchicago.edu/1001/org/ochre/12a22c04-19fb-4edb-9692-413b14d60e30,A16_33165.jpg
http://pi.lib.uchicago.edu/1001/org/ochre/a8b07caf-bcb6-410e-91aa-e82927489f83,A16_33166.jpg
http://pi.lib.uchicago.edu/1001/org/ochre/eab9247c-cdab-4e1c-ac94-589664c90aa6,A16_33167.jpg
http://pi.lib.uchicago.edu/1001/org/ochre/eee86eba-7912-4e7f-9149-b5274311e133,A16_33168.jpg
http://pi.lib.uchicago.edu/1001/org/ochre/3b86328d-f21c-47e0-811b-2ff55704009f,A16_33169.jpg
http://pi.lib.uchicago.edu/1001/org/ochre/f720b7d7-d1c3-4dbd-9976-888673f5b3b8,A16_33170.jpg
http://pi.lib.uchicago.edu/1001/org/ochre/210eb2b2-7796-47dc-ad2e-5d6cde9673fd,A16_33171.jpg
http://pi.lib.uchicago.edu/1001/org/ochre/70fcb553-3015-4506-9bae-0cf78d689c16,A16_33172.jpg
http://pi.lib.uchicago.edu/1001/org/ochre/1e9166c6-a5e3-4be2-a9e8-e341ea67d0fb,A16_33173.jpg
http://pi.lib.uchicago.edu/1001/org/ochre/cfc87d68-cbbf-448f-a0d4-54912edb5f24,A16_33174.jpg
http://pi.lib.uchicago.edu/1001/org/ochre/c14f838d-797b-41bd-90a5-d4b050c9fc4c,A16_33175.jpg
http://pi.lib.uchicago.edu/1001/org/ochre/58823fdf-77c7-44d4-9f5c-b3ed9a2189c3,A16_33176.jpg
http://pi.lib.uchicago.edu/1001/org/ochre/e51bde10-6251-441d-82c2-539d6b9b5884,A16_33177.jpg
http://pi.lib.uchicago.edu/1001/org/ochre/5092a58d-ee0c-43c5-ac0b-bc309e404367,A16_33178.jpg
http://pi.lib.uchicago.edu/1001/org/ochre/b7d6ed2d-139e-4cbb-9784-ba2fb34f650c,A16_33179.jpg
http://pi.lib.uchicago.edu/1001/org/ochre/6e9e774e-effa-4e70-a32d-81b523849560,A16_33180.jpg
http://pi.lib.uchicago.edu/1001/org/ochre/15fb26cf-a223-46d8-b991-cd45297d4eeb,A16_33181.jpg
http://pi.lib.uchicago.edu/1001/org/ochre/4ce87806-75ad-4248-bc87-99a2271ee849,A16_33182.jpg
http://pi.lib.uchicago.edu/1001/org/ochre/b006dd7f-f16f-4909-999e-b298fbad285c,A16_33183.jpg
http://pi.lib.uchicago.edu/1001/org/ochre/1cae7ec1-65d2-463f-b6ef-37994db012f7,A16_33184.jpg
http://pi.lib.uchicago.edu/1001/org/ochre/ac8ddea3-f8cf-47e9-8141-9994feaffa08,A16_33185.jpg
http://pi.lib.uchicago.edu/1001/org/ochre/5974d305-4477-4801-b715-05f2391b38c0,A16_33186.jpg
http://pi.lib.uchicago.edu/1001/org/ochre/976afa7c-742e-4fdb-a8bd-dee6b8063cb2,A16_33187.jpg
http://pi.lib.uchicago.edu/1001/org/ochre/819a4f2e-5c14-4d72-a66e-6b952ef3f4e4,A16_33188.jpg
http://pi.lib.uchicago.edu/1001/org/ochre/8317ef44-d197-43b5-936d-d3770294a39d,A16_33189.jpg
http://pi.lib.uchicago.edu/1001/org/ochre/15be3141-3cf6-4f68-80fa-02f5b23c0f8d,A16_33190.jpg
http://pi.lib.uchicago.edu/1001/org/ochre/9674ba53-7f72-41cf-863e-c76ebdc56040,A16_33191.jpg
http://pi.lib.uchicago.edu/1001/org/ochre/9e239043-5444-43bc-9525-56352fcf7a90,A16_33192.jpg
http://pi.lib.uchicago.edu/1001/org/ochre/47ab2a71-695e-490a-8d1e-e240f9f6b9f7,A16_33193.jpg
http://pi.lib.uchicago.edu/1001/org/ochre/480a2a8b-f346-4ee8-88d0-b0b12362c77f,A16_33194.jpg
http://pi.lib.uchicago.edu/1001/org/ochre/e55e4e4c-a294-4d1d-b309-2bb00ceb3e44,A16_33195.jpg
http://pi.lib.uchicago.edu/1001/org/ochre/e8ab9d92-9dc8-4e40-925b-3e1a17140a54,A16_33196.jpg
http://pi.lib.uchicago.edu/1001/org/ochre/2370549d-08c8-49da-bd3e-b45463bac3b1,A16_33197.jpg
http://pi.lib.uchicago.edu/1001/org/ochre/5249a287-fd55-4247-8a21-2efb378edd15,A16_33198.jpg
http://pi.lib.uchicago.edu/1001/org/ochre/04192d82-3980-4aa5-b3e7-4acb1588fe2c,A16_33199.jpg
http://pi.lib.uchicago.edu/1001/org/ochre/4602f130-32fe-40d3-9101-8d51a5bb188c,A16_33200.jpg
http://pi.lib.uchicago.edu/1001/org/ochre/b0e74dbd-ad11-4e57-aac9-67f8e0236c77,A16_33201.jpg
http://pi.lib.uchicago.edu/1001/org/ochre/62c5210c-88b6-465d-aaa4-e885bb078311,A16_33202.jpg
http://pi.lib.uchicago.edu/1001/org/ochre/6ac0b49f-7069-4b3d-9d6e-4c57567dd0f0,A16_33203.jpg
http://pi.lib.uchicago.edu/1001/org/ochre/50007265-57b4-4a1d-8b20-d7b2c8c13896,A16_33204.jpg
http://pi.lib.uchicago.edu/1001/org/ochre/91a7a63a-cd94-46a2-bedf-66793a996f4c,A16_33205.jpg
http://pi.lib.uchicago.edu/1001/org/ochre/77ddf449-ffed-4f95-a387-3ad043b6a9d7,A16_33206.jpg
http://pi.lib.uchicago.edu/1001/org/ochre/51e37332-9ea9-4d14-a42f-93c1b1d9ea5a,A16_33207.jpg
http://pi.lib.uchicago.edu/1001/org/ochre/5c02ad68-9dee-435a-9e10-2ddca14b2131,A16_33208.jpg
http://pi.lib.uchicago.edu/1001/org/ochre/315104f2-201e-4561-92a9-fc1a9c6edb63,A16_33209.jpg
http://pi.lib.uchicago.edu/1001/org/ochre/2bb68095-4560-4a88-94ed-aa0a843ad1b8,A16_33210.jpg
http://pi.lib.uchicago.edu/1001/org/ochre/da399b2f-dee2-41cc-ba0b-0399a861c750,A16_33211.jpg
http://pi.lib.uchicago.edu/1001/org/ochre/c4b8acda-8b30-45a7-9b16-5eb860892a80,A16_33212.jpg
http://pi.lib.uchicago.edu/1001/org/ochre/efc53167-4eea-4b21-a338-15f3a744d8ed,A16_33213.jpg
http://pi.lib.uchicago.edu/1001/org/ochre/8754423a-5640-4fd1-bed3-0bb7fcd4a6c8,A16_33214.jpg
http://pi.lib.uchicago.edu/1001/org/ochre/0286d12a-925a-47bf-9881-176a67c69301,A16_33215.jpg
http://pi.lib.uchicago.edu/1001/org/ochre/3d583fb2-1923-474a-b06e-8fa048680aa9,A16_33216.jpg
http://pi.lib.uchicago.edu/1001/org/ochre/deb94ff2-d214-4474-a961-c968abc855a7,A16_33217.jpg
http://pi.lib.uchicago.edu/1001/org/ochre/d6e9c7c5-4759-4f87-8df9-4885c3996fe3,A16_33218.jpg
http://pi.lib.uchicago.edu/1001/org/ochre/6dfe5972-68b4-4335-b8fc-5b0e87a8710f,A16_33219.jpg
http://pi.lib.uchicago.edu/1001/org/ochre/d9911137-9264-4494-b63c-a800c060358c,A16_33220.jpg
http://pi.lib.uchicago.edu/1001/org/ochre/593040e1-0d4a-46d1-9b9a-287f025ec414,A16_33221.jpg
http://pi.lib.uchicago.edu/1001/org/ochre/67af34b9-d727-4cc1-bade-1bc1745e02df,A16_33222.jpg
http://pi.lib.uchicago.edu/1001/org/ochre/0b6c8843-cf20-45f2-b684-d8d03deff8b4,A16_33223.jpg
http://pi.lib.uchicago.edu/1001/org/ochre/7c1cce15-7d62-4d47-a63d-5d15953f421e,A16_33224.jpg
http://pi.lib.uchicago.edu/1001/org/ochre/4537b1a4-28e5-49c2-b44a-4fd1b950e951,A16_33225.jpg
http://pi.lib.uchicago.edu/1001/org/ochre/59cf08fb-0a15-47f1-bd9f-4e04f299e91e,A16_33226.jpg
http://pi.lib.uchicago.edu/1001/org/ochre/32ab5be1-4bb0-4c48-bdea-92086c710a5f,A16_33227.jpg
http://pi.lib.uchicago.edu/1001/org/ochre/3c87f6e8-eea4-41c1-bbdb-d90292e163c5,A16_33228.jpg
http://pi.lib.uchicago.edu/1001/org/ochre/f321c809-0110-4c46-bfaa-ffb7b05dd94b,A16_33229.jpg
http://pi.lib.uchicago.edu/1001/org/ochre/a653c51a-5711-440d-89f5-da6c82fff830,A16_33230.jpg
http://pi.lib.uchicago.edu/1001/org/ochre/6598e0eb-4847-434b-a23a-a7ee77d80acd,A16_33231.jpg
http://pi.lib.uchicago.edu/1001/org/ochre/b9b54173-146c-492c-9217-c309b6cbc0ae,A16_33232.jpg
http://pi.lib.uchicago.edu/1001/org/ochre/21c1604d-7cd1-4c34-817c-17dfe352ecde,A16_33233.jpg
http://pi.lib.uchicago.edu/1001/org/ochre/c0eb00ea-2ec6-4709-adb6-54a0d95b3b95,A16_33234.jpg
http://pi.lib.uchicago.edu/1001/org/ochre/ced42e3f-b6fc-49ae-8f5d-7973837bf202,A16_33235.jpg
http://pi.lib.uchicago.edu/1001/org/ochre/a3205f86-8e89-4cf3-a6ad-43d5c0ec8e08,A16_33236.jpg
http://pi.lib.uchicago.edu/1001/org/ochre/a755749b-97d7-4bb7-8725-8c3e3f3b8d82,A16_33237.jpg
http://pi.lib.uchicago.edu/1001/org/ochre/26b16d51-95b2-435b-b405-33f5bb59f858,A16_33238.jpg
http://pi.lib.uchicago.edu/1001/org/ochre/d09c3ea4-c954-4b76-9f02-079c5e07aff9,A16_33239.jpg
http://pi.lib.uchicago.edu/1001/org/ochre/7739bb3f-d4ca-4d25-b528-b3ca53a5a21e,A16_33240.jpg
http://pi.lib.uchicago.edu/1001/org/ochre/3b37411b-3c9e-49ae-8145-eea49e3ad9ae,A16_33241.jpg
http://pi.lib.uchicago.edu/1001/org/ochre/4fb09133-5ead-4542-9722-853ea0978f16,A16_33242.jpg
http://pi.lib.uchicago.edu/1001/org/ochre/25e8af82-18a8-477e-8e7e-9ef7834afde8,A16_33243.jpg
http://pi.lib.uchicago.edu/1001/org/ochre/7d5be7fd-1323-4685-af7b-d61b582f781f,A16_33244.jpg
http://pi.lib.uchicago.edu/1001/org/ochre/eb0cd016-b214-437c-90b9-16517d294544,A16_33245.jpg
http://pi.lib.uchicago.edu/1001/org/ochre/e80757fb-42e5-4a19-878d-8339fbbbc257,A16_33246.jpg
http://pi.lib.uchicago.edu/1001/org/ochre/f2bd365b-077a-4842-a97a-6eeef958de5f,A16_33247.jpg
http://pi.lib.uchicago.edu/1001/org/ochre/042e234a-5bcf-4536-858a-a23292646c82,A16_33248.jpg
http://pi.lib.uchicago.edu/1001/org/ochre/abcd338b-acf4-4d5a-890e-a3d129ca685a,A16_33249.jpg
http://pi.lib.uchicago.edu/1001/org/ochre/83fe9b56-e4e5-4b08-926c-80084a86f602,A16_33250.jpg
http://pi.lib.uchicago.edu/1001/org/ochre/68f2c2a9-9933-4df7-b435-81aa3c80bcb0,A16_33251.jpg
http://pi.lib.uchicago.edu/1001/org/ochre/60e04ac2-9b50-4412-862a-ec87729b5cee,A16_33252.jpg
http://pi.lib.uchicago.edu/1001/org/ochre/9df00b06-2db6-4d0f-a6db-7b9d88423651,A16_33253.jpg
http://pi.lib.uchicago.edu/1001/org/ochre/9f555bdc-2074-4882-a4d2-c6f08db475a8,A16_33254.jpg
http://pi.lib.uchicago.edu/1001/org/ochre/c42f08bf-8ef5-430a-9b0b-fefe68476660,A16_33255.jpg
http://pi.lib.uchicago.edu/1001/org/ochre/f95c1473-2e28-4dda-a976-4d0364ef636b,A16_33256.jpg
http://pi.lib.uchicago.edu/1001/org/ochre/958eba64-5877-4d03-b7f4-76dc2abeb5b8,A16_33257.jpg
http://pi.lib.uchicago.edu/1001/org/ochre/232ef32e-5a31-433a-87a5-3c226aca4932,A16_33258.jpg
http://pi.lib.uchicago.edu/1001/org/ochre/87459be5-1bf2-42de-9112-5c3880bbd911,A16_33259.jpg
http://pi.lib.uchicago.edu/1001/org/ochre/594b90a1-54e1-45fe-8ac1-2bf1b74d3b19,A16_33260.jpg
http://pi.lib.uchicago.edu/1001/org/ochre/0fa1738b-dab8-435a-8541-049c27272b20,A16_33262.jpg
http://pi.lib.uchicago.edu/1001/org/ochre/28eb9a19-2e2b-4cfd-b4d8-e6e0aa6dd458,A16_33263.jpg
http://pi.lib.uchicago.edu/1001/org/ochre/13f012f7-4cd6-4530-990c-ea594391d16e,A16_33264.jpg
http://pi.lib.uchicago.edu/1001/org/ochre/4addd74d-eca9-4c68-921d-9563a95292ec,A16_33265.jpg
http://pi.lib.uchicago.edu/1001/org/ochre/67832e63-ad93-4ee4-94e7-bdcc1180a7dc,A16_33266.jpg
http://pi.lib.uchicago.edu/1001/org/ochre/6f789067-a17e-47d5-a66c-747ab2c44342,A16_33267.jpg
http://pi.lib.uchicago.edu/1001/org/ochre/64e02be7-cf23-4a0a-8c17-180d700fd296,A16_33268.jpg
http://pi.lib.uchicago.edu/1001/org/ochre/6ef04b20-106c-4ae2-8867-361fc0f44f66,A16_33269.jpg
http://pi.lib.uchicago.edu/1001/org/ochre/86a7d186-d23d-4aeb-9492-688e2779aa88,A16_33270.jpg
http://pi.lib.uchicago.edu/1001/org/ochre/343da730-7c1b-4e1a-93fc-b0a251c73854,A16_33271.jpg
http://pi.lib.uchicago.edu/1001/org/ochre/69fcdbdf-58cf-48bd-af69-362f27ff0e83,A16_33272.jpg
http://pi.lib.uchicago.edu/1001/org/ochre/5c897353-5958-444f-b07f-65c1037697c9,A16_33273.jpg
http://pi.lib.uchicago.edu/1001/org/ochre/6c944be7-7cb3-449b-b1b8-e12822a5fa03,A16_33274.jpg
http://pi.lib.uchicago.edu/1001/org/ochre/c75b47cb-2c0a-4b10-85d1-c058f1fa15ff,A16_33275.jpg
http://pi.lib.uchicago.edu/1001/org/ochre/f4692e57-0374-40b4-a6ed-46205afec9d0,A16_33276.jpg
http://pi.lib.uchicago.edu/1001/org/ochre/88d63543-f935-47f3-b1f2-485ab41bc9d5,A16_33277.jpg
http://pi.lib.uchicago.edu/1001/org/ochre/95542b32-a973-49ab-abd7-f153057dbd71,A16_33278.jpg
http://pi.lib.uchicago.edu/1001/org/ochre/34ec1304-591a-4c42-a797-0b3eb8adb109,A16_33279.jpg
http://pi.lib.uchicago.edu/1001/org/ochre/c47b7048-a749-4487-ac4a-310917924a23,A16_33280.jpg
http://pi.lib.uchicago.edu/1001/org/ochre/c2176c1c-6c6b-4635-bfe5-622ee6ee8529,A16_33281.jpg
http://pi.lib.uchicago.edu/1001/org/ochre/9a7836cc-5b24-4170-851c-467c59ee6ed4,A16_33282.jpg
http://pi.lib.uchicago.edu/1001/org/ochre/39e15847-f524-4162-9544-45ffa55a42f4,A16_33283.jpg
http://pi.lib.uchicago.edu/1001/org/ochre/049f7539-63a5-4cd6-a584-40919282eb44,A16_33284.jpg
http://pi.lib.uchicago.edu/1001/org/ochre/1beb2a2c-38cc-40dc-964a-1c3c5c87d0ef,A16_33285.jpg
http://pi.lib.uchicago.edu/1001/org/ochre/decb397a-6464-4f0d-8d53-e43a5fc6602e,A16_33286.jpg
http://pi.lib.uchicago.edu/1001/org/ochre/d2374fd1-12c6-481c-8351-a4651cc81e1a,A16_33287.jpg
http://pi.lib.uchicago.edu/1001/org/ochre/ef2d7486-d507-4f87-b17e-abe7ad48ee66,A16_33288.jpg
http://pi.lib.uchicago.edu/1001/org/ochre/6d16c7d6-5f4a-4006-861c-a3dc4a35353f,A16_33289.jpg
http://pi.lib.uchicago.edu/1001/org/ochre/f74200e9-71d3-4a56-bad6-7cf13786f8a8,A16_33290.jpg
http://pi.lib.uchicago.edu/1001/org/ochre/afa9b4b7-bb72-4fb8-9d01-bcc94cc2c883,A16_33291.jpg
http://pi.lib.uchicago.edu/1001/org/ochre/358568a7-391c-4b9c-8fe4-a28eebd8b16a,A16_33292.jpg
http://pi.lib.uchicago.edu/1001/org/ochre/ac67bad2-942b-4614-95c4-57c7a61f640d,A16_33293.jpg
http://pi.lib.uchicago.edu/1001/org/ochre/940fbdab-5fcc-4e06-b70b-d4466e49ac50,A16_33294.jpg
http://pi.lib.uchicago.edu/1001/org/ochre/cad2fbaa-7322-4f1c-9141-1bb7ff16d019,A16_33295.jpg
http://pi.lib.uchicago.edu/1001/org/ochre/fcc81c53-4002-4f49-94f8-0428c264aa58,A16_33296.jpg
http://pi.lib.uchicago.edu/1001/org/ochre/1a8487cd-c399-49f1-ba42-3d578311b6c2,A16_33297.jpg
http://pi.lib.uchicago.edu/1001/org/ochre/2ae60b8f-4e9c-440d-b446-bcedc8c6ccbe,A16_33298.jpg
http://pi.lib.uchicago.edu/1001/org/ochre/c21f9109-297d-4e25-aa0a-62435416798c,A16_33299.jpg
http://pi.lib.uchicago.edu/1001/org/ochre/e09bf87c-505c-4f3d-9ae3-2fd85c6097f2,A16_33300.jpg
http://pi.lib.uchicago.edu/1001/org/ochre/30862cb1-b676-43cd-afb2-93166b21cac5,A16_33301.jpg
http://pi.lib.uchicago.edu/1001/org/ochre/d92f8555-0561-4086-8f1f-0182f4bf0226,A16_33302.jpg
http://pi.lib.uchicago.edu/1001/org/ochre/4d7ed89e-c596-4563-af1d-f2f47e374f21,A16_33303.jpg
http://pi.lib.uchicago.edu/1001/org/ochre/237c103d-1e22-4c32-a7f9-cffbcc67c0cb,A16_33304.jpg
http://pi.lib.uchicago.edu/1001/org/ochre/c94bd3af-28c3-4c0e-b4fb-750195e0d8a2,A16_33305.jpg
http://pi.lib.uchicago.edu/1001/org/ochre/1290eb12-44ce-4519-a5c9-e3b0b336b4a5,A16_33306.jpg
http://pi.lib.uchicago.edu/1001/org/ochre/496fefea-bc2b-402a-9273-5d0147aa9c58,A16_33307.jpg
http://pi.lib.uchicago.edu/1001/org/ochre/fbdac5aa-9d39-4580-a27a-2b662790ca76,A16_33308.jpg
http://pi.lib.uchicago.edu/1001/org/ochre/52f88c2e-79d3-4027-aa0c-adf7bbb392c7,A16_33309.jpg
http://pi.lib.uchicago.edu/1001/org/ochre/caccfbb8-17d7-4778-b23f-8b40f630aa3b,A16_33310.jpg
http://pi.lib.uchicago.edu/1001/org/ochre/2358e0e4-6a64-4767-ae0d-4f8a5cd09aaf,A16_33311.jpg
http://pi.lib.uchicago.edu/1001/org/ochre/29925d12-a32a-44d3-a5fc-2d88d5ff6055,A16_33312.jpg
http://pi.lib.uchicago.edu/1001/org/ochre/673600c6-48a9-4fef-ae47-8144f03b124f,A16_33313.jpg
http://pi.lib.uchicago.edu/1001/org/ochre/dcf01e02-0ecc-43fa-b96d-cff6243e48bd,A16_33314.jpg
http://pi.lib.uchicago.edu/1001/org/ochre/4d80734d-878d-457a-94fe-0f11add014b0,A16_33315.jpg
http://pi.lib.uchicago.edu/1001/org/ochre/a7ebdbf3-23ff-4150-99ce-32689fd1e10b,A16_33316.jpg
http://pi.lib.uchicago.edu/1001/org/ochre/83ffc0f4-2476-4dc2-8c62-2219fe55b7ad,A16_33317.jpg
http://pi.lib.uchicago.edu/1001/org/ochre/c78c6f31-c3ef-44c9-9644-d24e5734de1f,A16_33318.jpg
http://pi.lib.uchicago.edu/1001/org/ochre/e197753d-51db-4b04-8a95-f6d21296a0dd,A16_33319.jpg
http://pi.lib.uchicago.edu/1001/org/ochre/4dec7076-ec12-40c0-9a72-101fc722b1e1,A16_33320.jpg
http://pi.lib.uchicago.edu/1001/org/ochre/fc6b7212-e0da-40b9-b3d6-89b8757747b2,A16_33321.jpg
http://pi.lib.uchicago.edu/1001/org/ochre/0a1dcd23-bd78-420c-a261-ab71605889c7,A16_33322.jpg
http://pi.lib.uchicago.edu/1001/org/ochre/7c8ea866-c8c4-41c4-b493-7d1065c3b40a,A16_33323.jpg
http://pi.lib.uchicago.edu/1001/org/ochre/2ac6ffa2-550c-4017-b437-0e68d9baae8c,A16_33324.jpg
http://pi.lib.uchicago.edu/1001/org/ochre/08fa4116-ba1f-4853-b206-6eabc30550c5,A16_33325.jpg
http://pi.lib.uchicago.edu/1001/org/ochre/2b70a715-8b1e-433d-8b15-2bfff3847b50,A16_33326.jpg
http://pi.lib.uchicago.edu/1001/org/ochre/bc67e672-b59b-47a1-93bf-d067a7a09f30,A16_33327.jpg
http://pi.lib.uchicago.edu/1001/org/ochre/386ae07a-8316-4d49-9cc9-59da6103969d,A16_33328.jpg
http://pi.lib.uchicago.edu/1001/org/ochre/1b595c88-ba66-4b44-a9ea-ea728fdc76d7,A16_33329.jpg
http://pi.lib.uchicago.edu/1001/org/ochre/a39c6612-7761-44da-9801-160331ca2883,A16_33330.jpg
http://pi.lib.uchicago.edu/1001/org/ochre/f65540e9-39b7-4e55-b7a3-271eda7924cb,A16_33331.jpg
http://pi.lib.uchicago.edu/1001/org/ochre/bdde1777-0420-4a11-a5d7-7dcf876598d5,A16_33332.jpg
http://pi.lib.uchicago.edu/1001/org/ochre/e340b250-f452-4946-bb38-65f9740278ca,A16_33333.jpg
http://pi.lib.uchicago.edu/1001/org/ochre/3f22e358-42e9-456f-893b-059271aa5300,A16_33334.jpg
http://pi.lib.uchicago.edu/1001/org/ochre/1747d73b-aa6b-40a7-b802-b9ef8e243fa7,A16_33335.jpg
http://pi.lib.uchicago.edu/1001/org/ochre/b1e04dea-fdfa-438e-9cef-72242f5b06cb,A16_33336.jpg
http://pi.lib.uchicago.edu/1001/org/ochre/e58b47d4-b677-4ff2-b8ef-0ab6408f1477,A16_33337.jpg
http://pi.lib.uchicago.edu/1001/org/ochre/c1499fb0-a249-406d-924c-f9545f536d1d,A16_33338.jpg
http://pi.lib.uchicago.edu/1001/org/ochre/81b0f8ad-757a-435b-976c-02a8e190ccf0,A16_33339.jpg
http://pi.lib.uchicago.edu/1001/org/ochre/e0293c74-d07c-4e6f-bac6-92776e62d581,A16_33340.jpg
http://pi.lib.uchicago.edu/1001/org/ochre/a4197c0b-58d8-49bd-a784-a1fff0faeba5,A16_33341.jpg
http://pi.lib.uchicago.edu/1001/org/ochre/438ea0e7-55fe-402c-b07e-5c56e5d75652,A16_33342.jpg
http://pi.lib.uchicago.edu/1001/org/ochre/097e0510-b978-49c0-b6ba-a64c93757c81,A16_33343.jpg
http://pi.lib.uchicago.edu/1001/org/ochre/c0c1a9da-9fdc-4e4c-b1c8-fc3db01fce20,A16_33344.jpg
http://pi.lib.uchicago.edu/1001/org/ochre/fe9518fd-0e04-47ce-a440-184e90e9d282,A16_33345.jpg
http://pi.lib.uchicago.edu/1001/org/ochre/3bab0dd9-2e61-4f0a-99f7-7538f8f892bc,A16_33346.jpg
http://pi.lib.uchicago.edu/1001/org/ochre/1d9d5479-e8c8-4db8-ad75-34e0347e206f,A16_33347.jpg
http://pi.lib.uchicago.edu/1001/org/ochre/8f304dd2-e5ea-473b-84e8-fa8f901822bb,A16_33348.jpg
http://pi.lib.uchicago.edu/1001/org/ochre/1401ffa8-353c-4a01-b308-424fc2efa51d,A16_33349.jpg
http://pi.lib.uchicago.edu/1001/org/ochre/9c3dde04-f372-4afe-b049-3627b7429c01,A16_33350.jpg
http://pi.lib.uchicago.edu/1001/org/ochre/ebd4b6d3-91f5-400e-8f62-a13edb03e241,A16_33351.jpg
http://pi.lib.uchicago.edu/1001/org/ochre/50fac60b-d11f-4513-9f41-0c46346c882d,A16_33352.jpg
http://pi.lib.uchicago.edu/1001/org/ochre/a067c9f1-fb39-492e-8814-de0bf62e2ce4,A16_33353.jpg
http://pi.lib.uchicago.edu/1001/org/ochre/a8629abc-ace6-4e4e-aa98-e20854380bae,A16_33354.jpg
http://pi.lib.uchicago.edu/1001/org/ochre/d76f83f8-dbd1-4025-9af1-c56ea0c0bb10,A16_33355.jpg
http://pi.lib.uchicago.edu/1001/org/ochre/3fd6c3b6-2b4b-454c-b6fb-f2268c2be3a3,A16_33356.jpg
http://pi.lib.uchicago.edu/1001/org/ochre/73a702e4-9263-49fb-ba24-ce3047a06130,A16_33357.jpg
http://pi.lib.uchicago.edu/1001/org/ochre/7cb1c8f3-e343-47e7-90c9-0217138253d7,A16_33358.jpg
http://pi.lib.uchicago.edu/1001/org/ochre/d0176a85-fa56-4a28-ab2a-3e0aaa475f51,A16_33359.jpg
http://pi.lib.uchicago.edu/1001/org/ochre/1ec28929-7b70-485f-b212-0b5fe15e1f17,A16_33360.jpg
http://pi.lib.uchicago.edu/1001/org/ochre/6ae257a3-8481-44fb-80e6-f99f6f04fcc8,A16_33361.jpg
http://pi.lib.uchicago.edu/1001/org/ochre/1c6ba748-1456-4c07-846b-d72117fb1e98,A16_33362.jpg
http://pi.lib.uchicago.edu/1001/org/ochre/e08256af-83a3-40f3-81de-cd022a4effe3,A16_33363.jpg
http://pi.lib.uchicago.edu/1001/org/ochre/e494a61e-f9ae-452e-a27e-394cee5e7b28,A16_33364.jpg
http://pi.lib.uchicago.edu/1001/org/ochre/cb42d575-8b44-4bb0-900d-28e584abb1c9,A16_33365.jpg
http://pi.lib.uchicago.edu/1001/org/ochre/3940dece-364a-45d7-ba67-0765c70595c8,A16_33366.jpg
http://pi.lib.uchicago.edu/1001/org/ochre/47169c0f-9a8d-414b-adbf-432ee6601242,A16_33367.jpg
http://pi.lib.uchicago.edu/1001/org/ochre/79391638-5dc5-4e66-b906-a70bbaafae6a,A16_33368.jpg
http://pi.lib.uchicago.edu/1001/org/ochre/7fb5de77-cd35-4fb8-ac36-18a938920045,A16_33369.jpg
http://pi.lib.uchicago.edu/1001/org/ochre/facdd0da-35aa-49f2-916f-471d4a6096a7,A16_33370.jpg
http://pi.lib.uchicago.edu/1001/org/ochre/92752241-6304-4515-899b-5272b019c267,A16_33371.jpg
http://pi.lib.uchicago.edu/1001/org/ochre/b2dc4c6d-b6c9-4e05-86f6-f1f947bef91a,A16_33372.jpg
http://pi.lib.uchicago.edu/1001/org/ochre/ba56e330-5e36-4a9e-be3b-b92c9b7971dd,A16_33373.jpg
http://pi.lib.uchicago.edu/1001/org/ochre/5965f597-38c8-459e-b455-fae4c46ef2ff,A16_33374.jpg
http://pi.lib.uchicago.edu/1001/org/ochre/94da2456-7c8c-40d6-8203-27257a6ca041,A16_33375.jpg
http://pi.lib.uchicago.edu/1001/org/ochre/75ee84df-9d82-4d9b-817f-36a2ef335e48,A16_33376.jpg
http://pi.lib.uchicago.edu/1001/org/ochre/e2d0ab4e-9978-4487-b3bb-e177b1184737,A16_33377.jpg
http://pi.lib.uchicago.edu/1001/org/ochre/406a7fc1-2a26-495e-b931-95a73f25d952,A16_33378.jpg
http://pi.lib.uchicago.edu/1001/org/ochre/ab142d07-ac7b-4ab1-8dec-a2a6ed013da1,A16_33379.jpg
http://pi.lib.uchicago.edu/1001/org/ochre/310ee29a-255b-434b-9fb8-8c87ea538436,A16_33380.jpg
http://pi.lib.uchicago.edu/1001/org/ochre/526d96aa-2cbe-4975-b1c2-dec450e7b52f,A16_33381.jpg
http://pi.lib.uchicago.edu/1001/org/ochre/d48c5707-868d-488c-9894-51b2ef4c7a23,A16_33382.jpg
http://pi.lib.uchicago.edu/1001/org/ochre/8f2f4adb-a3be-4e6f-92cc-8b729dace3c1,A16_33383.jpg
http://pi.lib.uchicago.edu/1001/org/ochre/5d13f329-6f7a-4432-a064-bc0e3df0588b,A16_33384.jpg
http://pi.lib.uchicago.edu/1001/org/ochre/084cf3ea-ae09-4a10-8b5b-d1a5ea9214b4,A16_33385.jpg
http://pi.lib.uchicago.edu/1001/org/ochre/78ba29d1-b7f2-46c0-8ea5-290579791f55,A16_33386.jpg
http://pi.lib.uchicago.edu/1001/org/ochre/fedcb1e3-5238-43f3-96e4-dd811b67ca20,A16_33387.jpg
http://pi.lib.uchicago.edu/1001/org/ochre/fa60f1b6-4e3a-4a4f-b709-60d29d89fd88,A16_33388.jpg
http://pi.lib.uchicago.edu/1001/org/ochre/e561353e-120d-4cbd-b50f-eaec08ef5a49,A16_33389.jpg
http://pi.lib.uchicago.edu/1001/org/ochre/2116476c-b7e9-405a-b1e7-697aaeceba85,A16_33390.jpg
http://pi.lib.uchicago.edu/1001/org/ochre/cc005020-daab-4171-b1c0-cb0b544f7955,A16_33391.jpg
http://pi.lib.uchicago.edu/1001/org/ochre/323b3af7-931f-443d-a63c-87506fed3360,A16_33392.jpg
http://pi.lib.uchicago.edu/1001/org/ochre/dfd61b81-194d-4633-9b09-43e772a2bbac,A16_33393.jpg
http://pi.lib.uchicago.edu/1001/org/ochre/cea6774f-2d23-45f9-81fc-abdd59a682e3,A16_33394.jpg
http://pi.lib.uchicago.edu/1001/org/ochre/31e387c1-8caf-4823-a40d-9e361eefcddd,A16_33395.jpg
http://pi.lib.uchicago.edu/1001/org/ochre/20f6a1c4-767e-44aa-be0b-64c9f2eb2a14,A16_33396.jpg
http://pi.lib.uchicago.edu/1001/org/ochre/1e74183f-a474-41c8-8df1-c0cfb73628a7,A16_33397.jpg
http://pi.lib.uchicago.edu/1001/org/ochre/b81714fd-b8a0-40be-8008-e914138e7e5e,A16_33398.jpg
http://pi.lib.uchicago.edu/1001/org/ochre/bf41f62e-03ef-4bbe-b8c6-64b8e7b7538b,A16_33399.jpg
http://pi.lib.uchicago.edu/1001/org/ochre/3d1b964b-255e-4c3e-8aa2-9a6a4b1df1c1,A16_33400.jpg
http://pi.lib.uchicago.edu/1001/org/ochre/cc9ba3cc-09a5-4e87-a3a8-a281e8a45201,A16_33401.jpg
http://pi.lib.uchicago.edu/1001/org/ochre/44519de0-88ae-4f9f-9b39-a497683c1f0c,A16_33402.jpg
http://pi.lib.uchicago.edu/1001/org/ochre/7968fc77-0f48-400a-b39f-67b21de4edf7,A16_33403.jpg
http://pi.lib.uchicago.edu/1001/org/ochre/07b77208-8268-4884-be21-031b481285eb,A16_33404.jpg
http://pi.lib.uchicago.edu/1001/org/ochre/f7631bfd-b1fb-4e90-9cbe-21e67bbb75f7,A16_33405.jpg
http://pi.lib.uchicago.edu/1001/org/ochre/e6824d9d-d82b-4ad1-88ff-4b131f0d4681,A16_33406.jpg
http://pi.lib.uchicago.edu/1001/org/ochre/fb493819-043c-4d5c-9b0a-5cb55e30024a,A16_33407.jpg
http://pi.lib.uchicago.edu/1001/org/ochre/fd37cca5-a661-4e25-b3c0-d6086b3376b6,A16_33408.jpg
http://pi.lib.uchicago.edu/1001/org/ochre/19fa8cf5-0519-4c41-a2b0-6e401be4d965,A16_33409.jpg
http://pi.lib.uchicago.edu/1001/org/ochre/93275b2b-25c2-4e08-a9a6-fd5dacec3ecc,A16_33410.jpg
http://pi.lib.uchicago.edu/1001/org/ochre/cf5a120b-f05c-48d3-ae0b-08481774b754,A16_33411.jpg
http://pi.lib.uchicago.edu/1001/org/ochre/a5b2925b-7792-469b-a225-b7848255a399,A16_33412.jpg
http://pi.lib.uchicago.edu/1001/org/ochre/3e58b30c-f923-4501-99ab-8eeafa011a8c,A16_33413.jpg
http://pi.lib.uchicago.edu/1001/org/ochre/e271b8bf-9ced-4b75-8628-d11dd52f4b93,A16_33414.jpg
http://pi.lib.uchicago.edu/1001/org/ochre/fa3bf8d6-cc98-4f16-b5c0-c8a7d8a2bb70,A16_33415.jpg
http://pi.lib.uchicago.edu/1001/org/ochre/2d3d482f-ef18-4653-9c5a-b94f286c368c,A16_33416.jpg
http://pi.lib.uchicago.edu/1001/org/ochre/2cb80605-682f-49d8-b8eb-4e55ee3f052f,A16_33417.jpg
http://pi.lib.uchicago.edu/1001/org/ochre/4862914d-d28d-4f29-941f-4c37444fbbbc,A16_33418.jpg
http://pi.lib.uchicago.edu/1001/org/ochre/8f04367a-df9c-4a28-b33a-752ead184282,A16_33419.jpg
http://pi.lib.uchicago.edu/1001/org/ochre/68f624f9-b95d-40a5-8b35-6a9d348bf6ab,A16_33420.jpg
http://pi.lib.uchicago.edu/1001/org/ochre/08ee479f-910e-47bb-a85f-652202e1f433,A16_33421.jpg
http://pi.lib.uchicago.edu/1001/org/ochre/cf5d29bf-d279-4627-98b6-2c0725285a4c,A16_33422.jpg
http://pi.lib.uchicago.edu/1001/org/ochre/d4f5d57a-3b6d-4e4e-8456-8f8e7a034829,A16_33423.jpg
http://pi.lib.uchicago.edu/1001/org/ochre/f473d40e-94b5-4033-8e7f-ac152ffed476,A16_33424.jpg
http://pi.lib.uchicago.edu/1001/org/ochre/9e5ccfb6-45aa-46a8-98a8-d51a2d8e680a,A16_33425.jpg
http://pi.lib.uchicago.edu/1001/org/ochre/81391fe8-11db-46b0-a85c-c5663b160b90,A16_33426.jpg
http://pi.lib.uchicago.edu/1001/org/ochre/f3b25e5c-992b-4319-92e7-3ff4154e2bcb,A16_33427.jpg
http://pi.lib.uchicago.edu/1001/org/ochre/a95a6021-3662-4966-9684-91983e613f89,A16_33428.jpg
http://pi.lib.uchicago.edu/1001/org/ochre/b8155a78-b3d5-456a-9607-52e82e734ba0,A16_33429.jpg
http://pi.lib.uchicago.edu/1001/org/ochre/d5d811f8-1a29-47d1-b3e4-4f5a7c4bd777,A16_33430.jpg
http://pi.lib.uchicago.edu/1001/org/ochre/d45121fa-3c50-476f-980e-89a5932ca7d2,A16_33431.jpg
http://pi.lib.uchicago.edu/1001/org/ochre/742b47b5-b8e3-4f0f-9dc4-87ae67376069,A16_33432.jpg
http://pi.lib.uchicago.edu/1001/org/ochre/843346f0-8aab-4320-9d3b-78234bea24b7,A16_33433.jpg
http://pi.lib.uchicago.edu/1001/org/ochre/9851b3f1-e682-4859-8002-6dc2a804e92a,A16_33434.jpg
http://pi.lib.uchicago.edu/1001/org/ochre/26cbf698-ca5b-426b-9d83-b10064c5899c,A16_33435.jpg
http://pi.lib.uchicago.edu/1001/org/ochre/99ff85e0-c9f6-48be-8921-fff8c2175229,A16_33436.jpg
http://pi.lib.uchicago.edu/1001/org/ochre/60aaeed3-dd83-4bb8-999e-86997d29bd23,A16_33437.jpg
http://pi.lib.uchicago.edu/1001/org/ochre/eb97a220-042d-4256-8090-6348a0fa919f,A16_33438.jpg
http://pi.lib.uchicago.edu/1001/org/ochre/748f482e-bcee-49e5-a904-1c4907c30cbc,A16_33439.jpg
http://pi.lib.uchicago.edu/1001/org/ochre/8b4073ba-e47e-407b-8190-3ea0d55576ed,A16_33440.jpg
http://pi.lib.uchicago.edu/1001/org/ochre/dcf08387-fb49-4497-a1ee-4aca101676b3,A16_33441.jpg
http://pi.lib.uchicago.edu/1001/org/ochre/bea20f91-5c05-4e5b-9b45-9156ef599bcc,A16_33442.jpg
http://pi.lib.uchicago.edu/1001/org/ochre/d073eab3-409f-4abb-95b9-f7417279a9b8,A16_33443.jpg
http://pi.lib.uchicago.edu/1001/org/ochre/77ac4b4c-6f2d-4bdb-9d7c-63fa3c3dbcf3,A16_33444.jpg
http://pi.lib.uchicago.edu/1001/org/ochre/4de87dfe-0fb5-40b8-b0a9-608fd17ab989,A16_33445.jpg
http://pi.lib.uchicago.edu/1001/org/ochre/e8c4c67f-76ea-44ee-b999-4af6f087deec,A16_33446.jpg
http://pi.lib.uchicago.edu/1001/org/ochre/be795400-c0a9-40d7-b0b9-04b3e9775f92,A16_33447.jpg
http://pi.lib.uchicago.edu/1001/org/ochre/63b09259-b901-4103-8474-c9223bc650c1,A16_33448.jpg
http://pi.lib.uchicago.edu/1001/org/ochre/fc81adc8-95e9-4440-b55d-9d34ff14039c,A16_33449.jpg
http://pi.lib.uchicago.edu/1001/org/ochre/89da1f4d-745f-47e1-8168-7251c2e640a6,A16_33450.jpg
http://pi.lib.uchicago.edu/1001/org/ochre/e29f4382-a7d0-4250-b1f5-a12e00168c14,A16_33451.jpg
http://pi.lib.uchicago.edu/1001/org/ochre/448638e3-cf35-42c1-b975-b0e2d94fbe15,A16_33452.jpg
http://pi.lib.uchicago.edu/1001/org/ochre/117b7d0f-4dc7-49e3-8492-9203f7cd8bb4,A16_33453.jpg
http://pi.lib.uchicago.edu/1001/org/ochre/5998e98d-1670-473f-8451-7e4cd7920b56,A16_33454.jpg
http://pi.lib.uchicago.edu/1001/org/ochre/5dca1ffa-3cda-40e6-af46-003fb292151f,A16_33455.jpg
http://pi.lib.uchicago.edu/1001/org/ochre/f08b2fb7-d6cd-4b09-bae5-2f97b867ca90,A16_33456.jpg
http://pi.lib.uchicago.edu/1001/org/ochre/3bc3c012-be4f-44f9-8baf-fa3aa33186dc,A16_33457.jpg
http://pi.lib.uchicago.edu/1001/org/ochre/a1d68818-50ef-4da7-a3f3-a04ddf635e3b,A16_33458.jpg
http://pi.lib.uchicago.edu/1001/org/ochre/a8a972e3-08f0-4a88-83fb-013d57b6f8f4,A16_33459.jpg
http://pi.lib.uchicago.edu/1001/org/ochre/3b9cf3be-5494-4efa-b26e-04bd50e5802a,A16_33460.jpg
http://pi.lib.uchicago.edu/1001/org/ochre/aa6731e0-ab85-4057-b3f6-43e0f5e6d5ec,A16_33461.jpg
http://pi.lib.uchicago.edu/1001/org/ochre/d41612b0-e20d-41e5-a8d5-cb18b16813b3,A16_33462.jpg
http://pi.lib.uchicago.edu/1001/org/ochre/01c4f92d-bf71-47d3-ba9a-6558f2b252bc,A16_33463.jpg
http://pi.lib.uchicago.edu/1001/org/ochre/3166da14-ec1b-4d7b-9d12-5f56d9c608c0,A16_33464.jpg
http://pi.lib.uchicago.edu/1001/org/ochre/b87589fc-a2db-4f75-a5d1-52ac864b2c87,A16_33465.jpg
http://pi.lib.uchicago.edu/1001/org/ochre/36a8aa68-d3d9-4814-b456-31fa3261da27,A16_33466.jpg
http://pi.lib.uchicago.edu/1001/org/ochre/bdff9d9b-1e30-4daa-ab8e-59f824adf0bc,A16_33467.jpg
http://pi.lib.uchicago.edu/1001/org/ochre/80cddcdb-a695-47ac-866d-598140b724df,A16_33468.jpg
http://pi.lib.uchicago.edu/1001/org/ochre/54ece603-7081-4179-be2c-fb281cf6e196,A16_33469.jpg
http://pi.lib.uchicago.edu/1001/org/ochre/6baa4fcc-38bd-4d06-a7f1-27143b1815ca,A16_33470.jpg
http://pi.lib.uchicago.edu/1001/org/ochre/cc59f771-b0ba-4a62-91e0-36732cd2aa63,A16_33471.jpg
http://pi.lib.uchicago.edu/1001/org/ochre/b0427d92-5ec1-4347-a4f9-856c6e349dbc,A16_33472.jpg
http://pi.lib.uchicago.edu/1001/org/ochre/fb0fc4a8-8220-4c78-9065-e204461e3883,A16_33473.jpg
http://pi.lib.uchicago.edu/1001/org/ochre/df17797a-faf1-458e-975c-ebc6e5ea2b9b,A16_33474.jpg
http://pi.lib.uchicago.edu/1001/org/ochre/1a20a431-dcaa-4ce4-9a4b-8879f7f5581a,A16_33475.jpg
http://pi.lib.uchicago.edu/1001/org/ochre/c31a367c-08f0-4fed-9f35-3744d8158acf,A16_33476.jpg
http://pi.lib.uchicago.edu/1001/org/ochre/6259966f-241e-4b45-bcfa-cc94b5472e08,A16_33477.jpg
http://pi.lib.uchicago.edu/1001/org/ochre/d3d4de69-f796-45f5-b4d7-c646486a1b17,A16_33478.jpg
http://pi.lib.uchicago.edu/1001/org/ochre/b5211052-aaa1-4e7c-aead-1f2c8a85d452,A16_33479.jpg
http://pi.lib.uchicago.edu/1001/org/ochre/9bff4837-d0ed-4702-b119-11053b442178,A16_33480.jpg
http://pi.lib.uchicago.edu/1001/org/ochre/cb10fda6-782c-413e-9788-86a53875f97c,A16_33481.jpg
http://pi.lib.uchicago.edu/1001/org/ochre/7dbba0a1-5e68-48cc-9ece-5ea271ca6cd8,A16_33482.jpg
http://pi.lib.uchicago.edu/1001/org/ochre/353fc525-520a-43e2-963b-07dfaaf914f8,A16_33483.jpg
http://pi.lib.uchicago.edu/1001/org/ochre/5af3eb4f-8966-411d-86f0-646ee6ea2d7e,A16_33484.jpg
http://pi.lib.uchicago.edu/1001/org/ochre/3e0b3a08-e995-4d7b-b16e-b79f26c0850f,A16_33485.jpg
http://pi.lib.uchicago.edu/1001/org/ochre/fa5b5154-6b13-4adf-9bb1-31b423733697,A16_33486.jpg
http://pi.lib.uchicago.edu/1001/org/ochre/a4316021-4e90-4ddb-9bb2-01b3b2827fd6,A16_33487.jpg
http://pi.lib.uchicago.edu/1001/org/ochre/af723076-f5e2-4f49-ba3c-b2486ad38a16,A16_33488.jpg
http://pi.lib.uchicago.edu/1001/org/ochre/2d887837-a058-400b-a793-a24e32d905b7,A16_33489.jpg
http://pi.lib.uchicago.edu/1001/org/ochre/122d9576-c52b-44e5-8ce0-143d3ec56d9c,A16_33490.jpg
http://pi.lib.uchicago.edu/1001/org/ochre/c59c7c85-a8dc-4630-a71e-8ac7a2a78b09,A16_33491.jpg
http://pi.lib.uchicago.edu/1001/org/ochre/06c574fa-aeb5-4a76-9ec2-f2f757191e07,A16_33492.jpg
http://pi.lib.uchicago.edu/1001/org/ochre/c68f20e8-a5a1-4d4b-b3a5-55b0ea23e1a1,A16_33493.jpg
http://pi.lib.uchicago.edu/1001/org/ochre/1419914f-1ad5-44b6-b70b-f1ba78b1f2f1,A16_33494.jpg
http://pi.lib.uchicago.edu/1001/org/ochre/111d7e5c-d186-4266-9a38-34da68269b64,A16_33495.jpg
http://pi.lib.uchicago.edu/1001/org/ochre/8e930c92-9838-4381-9aa0-35c63eaf378c,A16_33496.jpg
http://pi.lib.uchicago.edu/1001/org/ochre/66f67ef9-0ccf-4c0a-9399-3d68be237880,A16_33497.jpg
http://pi.lib.uchicago.edu/1001/org/ochre/1268469d-e9db-4ae3-8b20-0001a1e63b90,A16_33498.jpg
http://pi.lib.uchicago.edu/1001/org/ochre/641b60e6-07ac-43df-a9f4-bb508a3fa059,A16_33499.jpg
http://pi.lib.uchicago.edu/1001/org/ochre/4d9e30be-75b4-4c6a-ba46-65ef14db0614,A16_33500.jpg
http://pi.lib.uchicago.edu/1001/org/ochre/e33cf978-9820-4351-9c6d-53a29806a64e,A16_33501.jpg
http://pi.lib.uchicago.edu/1001/org/ochre/e238b310-0336-4fa2-8b6f-b1f224424ba9,A16_33502.jpg
http://pi.lib.uchicago.edu/1001/org/ochre/01a7e941-2a80-4dbd-9e5e-a329f275a90e,A17_33786.jpg
http://pi.lib.uchicago.edu/1001/org/ochre/f09fad99-ba95-4fcb-a732-86ced15c4c6e,A19_33898.jpg
http://pi.lib.uchicago.edu/1001/org/ochre/1a7e318e-b4c6-4b69-930d-4cd03670f67c,A19_33899.jpg
http://pi.lib.uchicago.edu/1001/org/ochre/ba9656be-8614-4971-8685-f75c8d10b701,A19_33900.jpg
http://pi.lib.uchicago.edu/1001/org/ochre/8ec6b4c7-bf7d-4680-bee6-155a290789fb,A19_33901.jpg
http://pi.lib.uchicago.edu/1001/org/ochre/dc359887-1f21-4938-b58b-a98043ea6155,A19_33902.jpg
http://pi.lib.uchicago.edu/1001/org/ochre/3eb298f7-5813-449e-8754-33e3411df989,A19_33903.jpg
http://pi.lib.uchicago.edu/1001/org/ochre/3d917dc1-2810-49d2-a7ad-c131e232351e,A19_33904.jpg
http://pi.lib.uchicago.edu/1001/org/ochre/a47828ff-fef7-4839-8504-9d930346c3a4,A19_33905.jpg
http://pi.lib.uchicago.edu/1001/org/ochre/26c16743-223e-4d0a-80e5-744a60c69218,A19_33906.jpg
http://pi.lib.uchicago.edu/1001/org/ochre/62b102ec-95cc-4e2b-95d0-14f30e4ddd2b,A19_33907.jpg
http://pi.lib.uchicago.edu/1001/org/ochre/f6583757-d082-4233-9410-fd3bb12d0f11,A19_33908.jpg
http://pi.lib.uchicago.edu/1001/org/ochre/3accadaf-d9eb-4b98-86a8-3451bd2ab56d,A19_33909.jpg
http://pi.lib.uchicago.edu/1001/org/ochre/d58b35da-7b62-4481-84c4-6811b528cf46,A19_33910.jpg
http://pi.lib.uchicago.edu/1001/org/ochre/6692d39e-c1bf-4985-b2c1-ea3918bde863,A19_33911.jpg
http://pi.lib.uchicago.edu/1001/org/ochre/148292fc-a5bd-41d6-9a01-5d2657c129b7,A19_33912.jpg
http://pi.lib.uchicago.edu/1001/org/ochre/bd6a47b9-8a1c-4d9b-934e-5d4717f28079,A19_33913.jpg
http://pi.lib.uchicago.edu/1001/org/ochre/d60a8f27-2f76-ccae-c4b6-cf5432977e39,A93_R1F12.jpg
http://pi.lib.uchicago.edu/1001/org/ochre/079a9bb5-1c6c-ef72-6d62-8995e7947dd5,A93_R1F17.jpg
http://pi.lib.uchicago.edu/1001/org/ochre/4f9cf037-986f-e59f-58ce-26842db29bb5,A93_R1F19.jpg
http://pi.lib.uchicago.edu/1001/org/ochre/574162ba-c68d-74df-e70b-7ad0c15ad411,A93_R1F30.jpg
http://pi.lib.uchicago.edu/1001/org/ochre/30233e7e-ee6f-13be-ac26-3230607c1a8d,A93_R2F35.jpg
http://pi.lib.uchicago.edu/1001/org/ochre/0922544f-34b9-30c7-863c-179c02f34473,A93_R2F37.jpg
http://pi.lib.uchicago.edu/1001/org/ochre/0d869231-2974-fa91-eb07-4b1e885905a9,A94_6004.jpg
http://pi.lib.uchicago.edu/1001/org/ochre/8ab80e27-aa50-dab3-6cde-7d25f9cbb80b,A94_6122a.jpg
http://pi.lib.uchicago.edu/1001/org/ochre/d2b9c7da-d696-a12b-8e0e-da924037f3f4,A94_6122b.jpg
http://pi.lib.uchicago.edu/1001/org/ochre/c898fbf9-752e-fa50-0469-35cbf7dc1c91,A94_6123.jpg
http://pi.lib.uchicago.edu/1001/org/ochre/d1560cc5-3f7d-b2bf-6b91-b6f85251bde6,A94_6685.JPG
http://pi.lib.uchicago.edu/1001/org/ochre/cb653414-f376-12ce-c557-da601ead77e9,A94_6773.JPG
http://pi.lib.uchicago.edu/1001/org/ochre/d1b6859a-f44d-d978-fc58-d008d3da522a,A94_6775.JPG
http://pi.lib.uchicago.edu/1001/org/ochre/d0c513dc-26ec-023e-5154-6a188478fa8e,A96_7667.jpg
http://pi.lib.uchicago.edu/1001/org/ochre/5b0c3768-e53d-ff57-2f3a-f5d265e7b31d,A96_7707cd.jpg
http://pi.lib.uchicago.edu/1001/org/ochre/8faecf30-6ca3-6918-b28b-79455540b901,A96_7707cd.jpg
http://pi.lib.uchicago.edu/1001/org/ochre/2e162103-fd6f-e90f-885d-c6c32fd3ba04,A96_7900.jpg
http://pi.lib.uchicago.edu/1001/org/ochre/1962d1d3-8d1c-bb5e-7c4b-a6ebac9de5ac,A96_7912.jpg
http://pi.lib.uchicago.edu/1001/org/ochre/fb490e45-9f97-4b7b-b521-6c37046d5fce,A97_8333b.jpg
http://pi.lib.uchicago.edu/1001/org/ochre/5d79566d-b951-5907-3e44-dea06f858d67,A97_8656a.jpg
http://pi.lib.uchicago.edu/1001/org/ochre/d31e8761-9c3f-723a-ae27-1c2a6990d9df,A97_8656b.jpg
http://pi.lib.uchicago.edu/1001/org/ochre/0d120431-09e9-88ae-d324-463c81a7b6a6,A97_8656c.jpg
http://pi.lib.uchicago.edu/1001/org/ochre/7be64bbc-a6f9-d002-bfeb-b65ded380304,A97_8658a.jpg
http://pi.lib.uchicago.edu/1001/org/ochre/7913f010-7011-bb53-935e-457ada10af0f,A97_8658b.jpg
http://pi.lib.uchicago.edu/1001/org/ochre/2574f181-ecf4-3741-6798-88bc00dbcbf9,A97_8658c.jpg
http://pi.lib.uchicago.edu/1001/org/ochre/1725d3bc-09eb-833c-8edb-e804fea18094,A97_8659a.jpg
http://pi.lib.uchicago.edu/1001/org/ochre/333e2952-fe29-8997-1536-74c58d57e9de,A97_8659b.jpg
http://pi.lib.uchicago.edu/1001/org/ochre/4f3046c4-b805-45c8-3e6b-61c41931762d,A97_8659c.jpg
http://pi.lib.uchicago.edu/1001/org/ochre/5975cf55-ec1c-71bb-e44d-0751ab48ce74,A97_8660a.jpg
http://pi.lib.uchicago.edu/1001/org/ochre/656103bb-067a-b576-4b4e-0a24adc300b3,A97_8660b.jpg
http://pi.lib.uchicago.edu/1001/org/ochre/05eee698-ee13-936c-4144-33f797d714b1,A97_8660c.jpg
http://pi.lib.uchicago.edu/1001/org/ochre/56837070-1bce-3e60-3bb9-4ec88969c71e,A97_8662.jpg
http://pi.lib.uchicago.edu/1001/org/ochre/bad84062-d748-2482-f5b2-cc9b99058333,A97_8663.jpg
http://pi.lib.uchicago.edu/1001/org/ochre/244f1161-8e80-09a6-cb6d-4c3d94616bed,A97_8664a.jpg
http://pi.lib.uchicago.edu/1001/org/ochre/cf0ebc6f-e5c2-79ac-9dab-e7f72cedf9fe,A97_8664b.jpg
http://pi.lib.uchicago.edu/1001/org/ochre/ab2d051a-9a0d-e52a-1eec-ae2f0f044a0c,A97_8664c.jpg
http://pi.lib.uchicago.edu/1001/org/ochre/135b71e9-f3bd-f961-4cb6-dbf55670c567,A97_8665a.jpg
http://pi.lib.uchicago.edu/1001/org/ochre/434c409b-f853-0fc3-65f3-66aa415a8365,A97_8665b.jpg
http://pi.lib.uchicago.edu/1001/org/ochre/dd2f9f4f-9bba-89b9-4b94-232b6c6897d9,A97_8665c.jpg
http://pi.lib.uchicago.edu/1001/org/ochre/c10f198a-0600-9964-3eaa-d847f0ba25e4,A97_8665d.jpg
http://pi.lib.uchicago.edu/1001/org/ochre/84b734ed-6e20-9dc1-33ea-0f025b71f5a3,A97_8787.jpg
http://pi.lib.uchicago.edu/1001/org/ochre/b1068bfe-ec97-c6c7-1e11-40e5ff0bf1bd,A97_8807a.jpg
http://pi.lib.uchicago.edu/1001/org/ochre/fbba082e-13bd-2c35-f9b7-c6879e2e7a1a,A97_8911.jpg
http://pi.lib.uchicago.edu/1001/org/ochre/ace0e033-cfdd-446f-a32d-16df1612093c,A97_8916a.jpg
http://pi.lib.uchicago.edu/1001/org/ochre/ae836580-f75a-4049-931e-059359022076,A97_8916d.jpg
http://pi.lib.uchicago.edu/1001/org/ochre/0706fea5-453d-5abf-8669-f009f7a589d9,A97_9145.jpg
http://pi.lib.uchicago.edu/1001/org/ochre/db3a2e9e-98d1-cb90-1dd3-91482edd2d1a,A98_10023.jpg
http://pi.lib.uchicago.edu/1001/org/ochre/d2161fa6-5b88-43ba-b02d-696a44ceecc8,A98_10122.jpg
http://pi.lib.uchicago.edu/1001/org/ochre/b0432de2-1d59-9f5e-fd8c-dd4a6a074817,A98_10176b.jpg
http://pi.lib.uchicago.edu/1001/org/ochre/7a76e892-9858-eabc-3002-1e741d92654e,A98_10177a.jpg
http://pi.lib.uchicago.edu/1001/org/ochre/25b19e58-a885-1899-7cf4-8815aa044ff5,A98_10178a.jpg
http://pi.lib.uchicago.edu/1001/org/ochre/5707310f-ddf1-5527-1ad0-3d0f740416a0,A98_10178b.jpg
http://pi.lib.uchicago.edu/1001/org/ochre/4fb1db4d-2129-3f53-f367-107812ad49b4,A98_10179b.jpg
http://pi.lib.uchicago.edu/1001/org/ochre/3ffbf244-4f11-c443-d50d-a81cc065f5b4,A98_10179c.jpg
http://pi.lib.uchicago.edu/1001/org/ochre/778285ec-d2f8-8e93-41d8-811f2139b4c6,A98_10180b.jpg
http://pi.lib.uchicago.edu/1001/org/ochre/56936d66-9b42-8e44-f22c-941b44ad25ca,A98_10180c.jpg
http://pi.lib.uchicago.edu/1001/org/ochre/efa217e2-0448-a088-3baf-6d1c2e12a287,A98_10182c.jpg
http://pi.lib.uchicago.edu/1001/org/ochre/852091ca-5a7f-e53a-0b81-caacac8890a1,A98_10183b.jpg
http://pi.lib.uchicago.edu/1001/org/ochre/c6eea10a-ebe8-2473-196c-b86541fe830f,A98_10183c.jpg
http://pi.lib.uchicago.edu/1001/org/ochre/d72dad17-a2f2-8317-7973-fbc44e31038c,A98_10184b.jpg
http://pi.lib.uchicago.edu/1001/org/ochre/c31818d6-0e36-7620-1cee-9567b35e57cb,A98_10184c.jpg
http://pi.lib.uchicago.edu/1001/org/ochre/c943dee8-d547-bbe3-ddea-e9b094977df1,A98_10275b.jpg
http://pi.lib.uchicago.edu/1001/org/ochre/8c7ba0b2-3624-e51a-f76f-e16e37af72f9,A98_10275c.jpg
http://pi.lib.uchicago.edu/1001/org/ochre/2de05d7b-66e7-4ed7-2882-e82ff2d9d0d7,A98_10278c.jpg
http://pi.lib.uchicago.edu/1001/org/ochre/b418fdf8-9dfb-e752-5482-f0ef842879c3,A98_10279b.jpg
http://pi.lib.uchicago.edu/1001/org/ochre/1f6645ae-5abf-48ba-1a20-e63ce1d2fbc0,A98_10279c.jpg
http://pi.lib.uchicago.edu/1001/org/ochre/3ac51be4-ae33-f5d0-7e12-66870a9992cb,A98_10279d.jpg
http://pi.lib.uchicago.edu/1001/org/ochre/19a50760-c40c-0025-9e94-680a47037d56,A98_10279e.jpg
http://pi.lib.uchicago.edu/1001/org/ochre/f1add036-2a18-1ede-6fb0-fdfe5763029b,A98_10279f.jpg
http://pi.lib.uchicago.edu/1001/org/ochre/242de013-2ab9-04c6-28fe-c29f78f57ad4,A98_10280b.jpg
http://pi.lib.uchicago.edu/1001/org/ochre/94e4659a-986f-6ffc-6ac5-0a61f6a0cb4a,A98_10280c.jpg
http://pi.lib.uchicago.edu/1001/org/ochre/c2d6f7c0-7fdf-6e78-db22-96486d1b2587,A98_10447a.jpg
http://pi.lib.uchicago.edu/1001/org/ochre/548bbc4e-1461-e9a7-843c-40eb3e8b0f20,A98_10447b.jpg
http://pi.lib.uchicago.edu/1001/org/ochre/1dfbbdd5-e203-0bd0-b6bb-ed2af63b4bcc,A98_10449b.jpg
http://pi.lib.uchicago.edu/1001/org/ochre/ae745c44-0bc0-ed72-367d-d3b064157d99,A98_10456b.jpg
http://pi.lib.uchicago.edu/1001/org/ochre/a7f80b4f-078e-a305-080b-c573676eaab7,A98_10461b.jpg
http://pi.lib.uchicago.edu/1001/org/ochre/3c709491-7a18-444e-8e21-70214088df0c,A98_10513.jpg
http://pi.lib.uchicago.edu/1001/org/ochre/30e40aec-2b5d-4286-8b93-637fa2484cd7,A98_9490.jpg
http://pi.lib.uchicago.edu/1001/org/ochre/e333a565-db27-c645-5d13-cbd47554298b,A98_9497.jpg
http://pi.lib.uchicago.edu/1001/org/ochre/c3a89cc0-b5eb-4994-be06-8326f0107121,A98_9624b.jpg
http://pi.lib.uchicago.edu/1001/org/ochre/50b85997-e783-70f9-5017-5ee8316da8e7,A98_9773a.jpg
http://pi.lib.uchicago.edu/1001/org/ochre/62fc8c6d-ad54-5307-e18b-c05c5befe4d5,A98_9773c.jpg
http://pi.lib.uchicago.edu/1001/org/ochre/9a8d5466-7d38-cc7d-84b2-5b6ad8eb503a,A98_9774b.jpg
http://pi.lib.uchicago.edu/1001/org/ochre/dd624a43-8f21-5eed-adfb-7fd1209352b3,A98_9774c.jpg
http://pi.lib.uchicago.edu/1001/org/ochre/dc469736-70bf-2e03-e478-c66c248a0bee,A98_9775a.jpg
http://pi.lib.uchicago.edu/1001/org/ochre/463bcec0-67a2-6745-ea00-e9b6e9ad2447,A98_9775b.jpg
http://pi.lib.uchicago.edu/1001/org/ochre/856b4d3c-5f35-90cf-d2e2-f89c1a0d6566,A98_9776a.jpg
http://pi.lib.uchicago.edu/1001/org/ochre/53fb149d-06c5-455d-e9df-344d978e5653,A98_9776b.jpg
http://pi.lib.uchicago.edu/1001/org/ochre/6be5842c-66d9-b82b-17b0-81a62d6ee561,A98_9777b.jpg
http://pi.lib.uchicago.edu/1001/org/ochre/82233b38-704c-5167-9c2f-eeff4a485b79,A98_9777c.jpg
http://pi.lib.uchicago.edu/1001/org/ochre/5030a0d2-78f9-ace4-44af-fd7085f1064e,A98_9778.jpg
http://pi.lib.uchicago.edu/1001/org/ochre/32a7a4fa-5c46-0d91-f33c-1f3759f3906b,A98_9778a.jpg
http://pi.lib.uchicago.edu/1001/org/ochre/f5fbf894-1d03-6fdb-7103-64dd40fca1dd,A98_9778c.jpg
http://pi.lib.uchicago.edu/1001/org/ochre/3be007b1-c345-b4c4-410f-9310c6356a28,A98_9779a.jpg
http://pi.lib.uchicago.edu/1001/org/ochre/16a3eb50-f952-802f-ba46-1585470dc0df,A98_9779b.jpg
http://pi.lib.uchicago.edu/1001/org/ochre/85d6d563-9e40-9d6d-9d2e-c6312cf56f01,A98_9780b.jpg
http://pi.lib.uchicago.edu/1001/org/ochre/0cef3a63-7e33-d669-e184-7422d3d23998,A98_9780c.jpg
http://pi.lib.uchicago.edu/1001/org/ochre/675e12ce-fe91-398a-d268-2142b6511a85,A98_9782b.jpg
http://pi.lib.uchicago.edu/1001/org/ochre/34aad1ed-38ba-f531-6f18-f29a1f30ac3c,A98_9782c.jpg
http://pi.lib.uchicago.edu/1001/org/ochre/4f7c1835-9774-90f9-977d-532be1e01c09,A98_9783b.jpg
http://pi.lib.uchicago.edu/1001/org/ochre/2936491b-918d-d69a-938f-1d71fe7c7e9a,A98_9783c.jpg
http://pi.lib.uchicago.edu/1001/org/ochre/3b10dcf5-d8ec-ed07-731b-2048cd12c1f4,A98_9788b.jpg
http://pi.lib.uchicago.edu/1001/org/ochre/c0bd68b0-3f21-70e0-f0ad-29eee930a0fa,A98_9788c.jpg
http://pi.lib.uchicago.edu/1001/org/ochre/82dedd91-806d-2efa-73b1-636ad783ffc6,A98_9791b.jpg
http://pi.lib.uchicago.edu/1001/org/ochre/dc86321c-8474-a905-c6d5-4e582772538b,A98_9791c.jpg
http://pi.lib.uchicago.edu/1001/org/ochre/4bb2c3c6-6719-9a55-8abf-6c8d3179fd07,A98_9922b.jpg
http://pi.lib.uchicago.edu/1001/org/ochre/56bada62-d074-5a98-d137-dd5abdb64816,A98_9922c.jpg
http://pi.lib.uchicago.edu/1001/org/ochre/550b2b02-f8ed-7b01-a850-ea425d890f8d,A98_9923b.jpg
http://pi.lib.uchicago.edu/1001/org/ochre/46bc816d-f680-7fdc-e2f8-24fd75a59703,A98_9923c.jpg
http://pi.lib.uchicago.edu/1001/org/ochre/25838a33-e38d-da4c-7522-40cb7ff737fe,A98_9924a.jpg
http://pi.lib.uchicago.edu/1001/org/ochre/3722251e-41be-db32-4635-17cc688e8cef,A98_9924c.jpg
http://pi.lib.uchicago.edu/1001/org/ochre/b422203d-00ae-3475-8af5-ae28cd530bb5,Ashkelon Surface 01.jpg
http://pi.lib.uchicago.edu/1001/org/ochre/d53adefd-bca2-5ba5-0642-d3a91638491d,Ashkelon Surface 02.jpg
http://pi.lib.uchicago.edu/1001/org/ochre/ee8e6b33-1fe0-9b44-58f6-f57a560f8c9d,Ashkelon Surface 03.jpg
http://pi.lib.uchicago.edu/1001/org/ochre/caec8d31-e48e-647a-13d7-cca8b37160a2,Ashkelon Surface 04.jpg
http://pi.lib.uchicago.edu/1001/org/ochre/feade8f7-dfc0-6aa2-06c7-a268e3cb5d5e,Ashkelon Surface 05.jpg
http://pi.lib.uchicago.edu/1001/org/ochre/45a08fc5-ec47-509b-ea59-16336513deb8,Ashkelon Surface 06.jpg
http://pi.lib.uchicago.edu/1001/org/ochre/fc1129f4-103a-486e-3dbc-5efec7db3a5e,Ashkelon Surface 07.jpg
http://pi.lib.uchicago.edu/1001/org/ochre/599835ea-ea91-7d99-60dd-d333570eb562,Ashkelon Surface 08.jpg
http://pi.lib.uchicago.edu/1001/org/ochre/037bcf46-ecf6-1668-c93f-8cc1a9c0e546,Ashkelon Surface 09.jpg
http://pi.lib.uchicago.edu/1001/org/ochre/6fb48647-f42f-5093-e39b-42f2dbe0e4f3,Ashkelon Surface 10.jpg
http://pi.lib.uchicago.edu/1001/org/ochre/0a5a53a7-9b87-b169-19ee-047bac4c681c,Ashkelon Surface 11.jpg
http://pi.lib.uchicago.edu/1001/org/ochre/28081294-7ebc-7d99-2f0e-eeef9b67b4c1,Ashkelon Surface 12.jpg
http://pi.lib.uchicago.edu/1001/org/ochre/d67b82b4-326c-b7d2-c380-c857da596da6,Ashkelon Surface 13.jpg
http://pi.lib.uchicago.edu/1001/org/ochre/adc0644b-b304-607c-6946-6ca4b1a7cdeb,Ashkelon Surface 14.jpg