ochre_link,filename,dv.title,dv.dsDescription,dv.alternativeURL
http://pi.lib.uchicago.edu/1001/org/ochre/b0f70a45-1973-449a-a47a-6720a66e217c,A17_33527.jpg,A17_33527.jpg,"[{""dsDescriptionValue"": ""Link to OCHRE database: <a href = 'http://pi.lib.uchicago.edu/1001/org/ochre/b0f70a45-1973-449a-a47a-6720a66e217c'>http://pi.lib.uchicago.edu/1001/org/ochre/b0f70a45-1973-449a-a47a-6720a66e217c"", ""dsDescriptionDate"": ""2021-05-10""}]",http://pi.lib.uchicago.edu/1001/org/ochre/b0f70a45-1973-449a-a47a-6720a66e217c
http://pi.lib.uchicago.edu/1001/org/ochre/c1c954f6-441a-4423-9a42-a25933a819a7,A17_33528.jpg,A17_33528.jpg,"[{""dsDescriptionValue"": ""Link to OCHRE database: <a href = 'http://pi.lib.uchicago.edu/1001/org/ochre/c1c954f6-441a-4423-9a42-a25933a819a7'>http://pi.lib.uchicago.edu/1001/org/ochre/c1c954f6-441a-4423-9a42-a25933a819a7"", ""dsDescriptionDate"": ""2021-05-10""}]",http://pi.lib.uchicago.edu/1001/org/ochre/c1c954f6-441a-4423-9a42-a25933a819a7
http://pi.lib.uchicago.edu/1001/org/ochre/8a06f5f1-7ce2-4139-83ea-c7bea7ccf6c0,A17_33529.jpg,A17_33529.jpg,"[{""dsDescriptionValue"": ""Link to OCHRE database: <a href = 'http://pi.lib.uchicago.edu/1001/org/ochre/8a06f5f1-7ce2-4139-83ea-c7bea7ccf6c0'>http://pi.lib.uchicago.edu/1001/org/ochre/8a06f5f1-7ce2-4139-83ea-c7bea7ccf6c0"", ""dsDescriptionDate"": ""2021-05-10""}]",http://pi.lib.uchicago.edu/1001/org/ochre/8a06f5f1-7ce2-4139-83ea-c7bea7ccf6c0
http://pi.lib.uchicago.edu/1001/org/ochre/be59d7c3-72ae-4c44-96bd-d4cf666aa6d7,A17_33530.jpg,A17_33530.jpg,"[{""dsDescriptionValue"": ""Link to OCHRE database: <a href = 'http://pi.lib.uchicago.edu/1001/org/ochre/be59d7c3-72ae-4c44-96bd-d4cf666aa6d7'>http://pi.lib.uchicago.edu/1001/org/ochre/be59d7c3-72ae-4c44-96bd-d4cf666aa6d7"", ""dsDescriptionDate"": ""2021-05-10""}]",http://pi.lib.uchicago.edu/1001/org/ochre/be59d7c3-72ae-4c44-96bd-d4cf666aa6d7
http://pi.lib.uchicago.edu/1001/org/ochre/ce58ddf5-6916-46f3-add2-f00c432c7425,A17_33531.jpg,A17_33531.jpg,"[{""dsDescriptionValue"": ""Link to OCHRE database: <a href = 'http://pi.lib.uchicago.edu/1001/org/ochre/ce58ddf5-6916-46f3-add2-f00c432c7425'>http://pi.lib.uchicago.edu/1001/org/ochre/ce58ddf5-6916-46f3-add2-f00c432c7425"", ""dsDescriptionDate"": ""2021-05-10""}]",http://pi.lib.uchicago.edu/1001/org/ochre/ce58ddf5-6916-46f3-add2-f00c432c7425
http://pi.lib.uchicago.edu/1001/org/ochre/15c04a48-ac12-4aa0-ba69-adae6617709d,A17_33532.jpg,A17_33532.jpg,"[{""dsDescriptionValue"": ""Link to OCHRE database: <a href = 'http://pi.lib.uchicago.edu/1001/org/ochre/15c04a48-ac12-4aa0-ba69-adae6617709d'>http://pi.lib.uchicago.edu/1001/org/ochre/15c04a48-ac12-4aa0-ba69-adae6617709d"", ""dsDescriptionDate"": ""2021-05-10""}]",http://pi.lib.uchicago.edu/1001/org/ochre/15c04a48-ac12-4aa0-ba69-adae6617709d
http://pi.lib.uchicago.edu/1001/org/ochre/f857dca7-af4c-4bc1-9456-b9eb46f4b364,A17_33533.jpg,A17_33533.jpg,"[{""dsDescriptionValue"": ""Link to OCHRE database: <a href = 'http://pi.lib.uchicago.edu/1001/org/ochre/f857dca7-af4c-4bc1-9456-b9eb46f4b364'>http://pi.lib.uchicago.edu/1001/org/ochre/f857dca7-af4c-4bc1-9456-b9eb46f4b364"", ""dsDescriptionDate"": ""2021-05-10""}]",http://pi.lib.uchicago.edu/1001/org/ochre/f857dca7-af4c-4bc1-9456-b9eb46f4b364
http://pi.lib.uchicago.edu/1001/org/ochre/02da7be2-1e5b-4a54-9a2b-c48edb52aa6d,A17_33534.jpg,A17_33534.jpg,"[{""dsDescriptionValue"": ""Link to OCHRE database: <a href = 'http://pi.lib.uchicago.edu/1001/org/ochre/02da7be2-1e5b-4a54-9a2b-c48edb52aa6d'>http://pi.lib.uchicago.edu/1001/org/ochre/02da7be2-1e5b-4a54-9a2b-c48edb52aa6d"", ""dsDescriptionDate"": ""2021-05-10""}]",http://pi.lib.uchicago.edu/1001/org/ochre/02da7be2-1e5b-4a54-9a2b-c48edb52aa6d
http://pi.lib.uchicago.edu/1001/org/ochre/65c1ee17-3dfe-4459-a1fa-b71bb8748be0,A17_33535.jpg,A17_33535.jpg,"[{""dsDescriptionValue"": ""Link to OCHRE database: <a href = 'http://pi.lib.uchicago.edu/1001/org/ochre/65c1ee17-3dfe-4459-a1fa-b71bb8748be0'>http://pi.lib.uchicago.edu/1001/org/ochre/65c1ee17-3dfe-4459-a1fa-b71bb8748be0"", ""dsDescriptionDate"": ""2021-05-10""}]",http://pi.lib.uchicago.edu/1001/org/ochre/65c1ee17-3dfe-4459-a1fa-b71bb8748be0
http://pi.lib.uchicago.edu/1001/org/ochre/be5d92c0-fc86-4603-b328-ec5f86a88cc9,A17_33536.jpg,A17_33536.jpg,"[{""dsDescriptionValue"": ""Link to OCHRE database: <a href = 'http://pi.lib.uchicago.edu/1001/org/ochre/be5d92c0-fc86-4603-b328-ec5f86a88cc9'>http://pi.lib.uchicago.edu/1001/org/ochre/be5d92c0-fc86-4603-b328-ec5f86a88cc9"", ""dsDescriptionDate"": ""2021-05-10""}]",http://pi.lib.uchicago.edu/1001/org/ochre/be5d92c0-fc86-4603-b328-ec5f86a88cc9
http://pi.lib.uchicago.edu/1001/org/ochre/35886092-79c8-40de-9983-2c6f0efb8737,A17_33537.jpg,A17_33537.jpg,"[{""dsDescriptionValue"": ""Link to OCHRE database: <a href = 'http://pi.lib.uchicago.edu/1001/org/ochre/35886092-79c8-40de-9983-2c6f0efb8737'>http://pi.lib.uchicago.edu/1001/org/ochre/35886092-79c8-40de-9983-2c6f0efb8737"", ""dsDescriptionDate"": ""2021-05-10""}]",http://pi.lib.uchicago.edu/1001/org/ochre/35886092-79c8-40de-9983-2c6f0efb8737
http://pi.lib.uchicago.edu/1001/org/ochre/dee6c8de-ae34-415b-9e1e-d9158da4463c,A17_33538.jpg,A17_33538.jpg,"[{""dsDescriptionValue"": ""Link to OCHRE database: <a href = 'http://pi.lib.uchicago.edu/1001/org/ochre/dee6c8de-ae34-415b-9e1e-d9158da4463c'>http://pi.lib.uchicago.edu/1001/org/ochre/dee6c8de-ae34-415b-9e1e-d9158da4463c"", ""dsDescriptionDate"": ""2021-05-10""}]",http://pi.lib.uchicago.edu/1001/org/ochre/dee6c8de-ae34-415b-9e1e-d9158da4463c
http://pi.lib.uchicago.edu/1001/org/ochre/26dd8e8f-0850-49ea-a698-478a6c3b121a,A17_33539.jpg,A17_33539.jpg,"[{""dsDescriptionValue"": ""Link to OCHRE database: <a href = 'http://pi.lib.uchicago.edu/1001/org/ochre/26dd8e8f-0850-49ea-a698-478a6c3b121a'>http://pi.lib.uchicago.edu/1001/org/ochre/26dd8e8f-0850-49ea-a698-478a6c3b121a"", ""dsDescriptionDate"": ""2021-05-10""}]",http://pi.lib.uchicago.edu/1001/org/ochre/26dd8e8f-0850-49ea-a698-478a6c3b121a
http://pi.lib.uchicago.edu/1001/org/ochre/44a261d2-dfae-47bc-aacf-f7492b28c81d,A17_33540.jpg,A17_33540.jpg,"[{""dsDescriptionValue"": ""Link to OCHRE database: <a href = 'http://pi.lib.uchicago.edu/1001/org/ochre/44a261d2-dfae-47bc-aacf-f7492b28c81d'>http://pi.lib.uchicago.edu/1001/org/ochre/44a261d2-dfae-47bc-aacf-f7492b28c81d"", ""dsDescriptionDate"": ""2021-05-10""}]",http://pi.lib.uchicago.edu/1001/org/ochre/44a261d2-dfae-47bc-aacf-f7492b28c81d
http://pi.lib.uchicago.edu/1001/org/ochre/ddb75c12-5fa5-4816-a0bb-e929d86672a4,A17_33541.jpg,A17_33541.jpg,"[{""dsDescriptionValue"": ""Link to OCHRE database: <a href = 'http://pi.lib.uchicago.edu/1001/org/ochre/ddb75c12-5fa5-4816-a0bb-e929d86672a4'>http://pi.lib.uchicago.edu/1001/org/ochre/ddb75c12-5fa5-4816-a0bb-e929d86672a4"", ""dsDescriptionDate"": ""2021-05-10""}]",http://pi.lib.uchicago.edu/1001/org/ochre/ddb75c12-5fa5-4816-a0bb-e929d86672a4
http://pi.lib.uchicago.edu/1001/org/ochre/b35db40c-f996-4855-9fe4-edb8f8bc71ad,A17_33542.jpg,A17_33542.jpg,"[{""dsDescriptionValue"": ""Link to OCHRE database: <a href = 'http://pi.lib.uchicago.edu/1001/org/ochre/b35db40c-f996-4855-9fe4-edb8f8bc71ad'>http://pi.lib.uchicago.edu/1001/org/ochre/b35db40c-f996-4855-9fe4-edb8f8bc71ad"", ""dsDescriptionDate"": ""2021-05-10""}]",http://pi.lib.uchicago.edu/1001/org/ochre/b35db40c-f996-4855-9fe4-edb8f8bc71ad
http://pi.lib.uchicago.edu/1001/org/ochre/50ee28d8-ab63-4186-a572-e0e729c2adb6,A17_33543.jpg,A17_33543.jpg,"[{""dsDescriptionValue"": ""Link to OCHRE database: <a href = 'http://pi.lib.uchicago.edu/1001/org/ochre/50ee28d8-ab63-4186-a572-e0e729c2adb6'>http://pi.lib.uchicago.edu/1001/org/ochre/50ee28d8-ab63-4186-a572-e0e729c2adb6"", ""dsDescriptionDate"": ""2021-05-10""}]",http://pi.lib.uchicago.edu/1001/org/ochre/50ee28d8-ab63-4186-a572-e0e729c2adb6
http://pi.lib.uchicago.edu/1001/org/ochre/192a980b-55a1-47bd-b99f-92176b1763f5,A17_33544.jpg,A17_33544.jpg,"[{""dsDescriptionValue"": ""Link to OCHRE database: <a href = 'http://pi.lib.uchicago.edu/1001/org/ochre/192a980b-55a1-47bd-b99f-92176b1763f5'>http://pi.lib.uchicago.edu/1001/org/ochre/192a980b-55a1-47bd-b99f-92176b1763f5"", ""dsDescriptionDate"": ""2021-05-10""}]",http://pi.lib.uchicago.edu/1001/org/ochre/192a980b-55a1-47bd-b99f-92176b1763f5
http://pi.lib.uchicago.edu/1001/org/ochre/fc4e65aa-cc36-4337-9550-abaa39fcc929,A17_33545.jpg,A17_33545.jpg,"[{""dsDescriptionValue"": ""Link to OCHRE database: <a href = 'http://pi.lib.uchicago.edu/1001/org/ochre/fc4e65aa-cc36-4337-9550-abaa39fcc929'>http://pi.lib.uchicago.edu/1001/org/ochre/fc4e65aa-cc36-4337-9550-abaa39fcc929"", ""dsDescriptionDate"": ""2021-05-10""}]",http://pi.lib.uchicago.edu/1001/org/ochre/fc4e65aa-cc36-4337-9550-abaa39fcc929
http://pi.lib.uchicago.edu/1001/org/ochre/182aad3b-82a3-43cc-84af-ee19538e7537,A17_33546.jpg,A17_33546.jpg,"[{""dsDescriptionValue"": ""Link to OCHRE database: <a href = 'http://pi.lib.uchicago.edu/1001/org/ochre/182aad3b-82a3-43cc-84af-ee19538e7537'>http://pi.lib.uchicago.edu/1001/org/ochre/182aad3b-82a3-43cc-84af-ee19538e7537"", ""dsDescriptionDate"": ""2021-05-10""}]",http://pi.lib.uchicago.edu/1001/org/ochre/182aad3b-82a3-43cc-84af-ee19538e7537
http://pi.lib.uchicago.edu/1001/org/ochre/6daabcc7-5e55-48c2-8de4-88ebe035e1da,A17_33547.jpg,A17_33547.jpg,"[{""dsDescriptionValue"": ""Link to OCHRE database: <a href = 'http://pi.lib.uchicago.edu/1001/org/ochre/6daabcc7-5e55-48c2-8de4-88ebe035e1da'>http://pi.lib.uchicago.edu/1001/org/ochre/6daabcc7-5e55-48c2-8de4-88ebe035e1da"", ""dsDescriptionDate"": ""2021-05-10""}]",http://pi.lib.uchicago.edu/1001/org/ochre/6daabcc7-5e55-48c2-8de4-88ebe035e1da
http://pi.lib.uchicago.edu/1001/org/ochre/3c358e54-d505-4413-91ee-e5b561d943c5,A17_33548.jpg,A17_33548.jpg,"[{""dsDescriptionValue"": ""Link to OCHRE database: <a href = 'http://pi.lib.uchicago.edu/1001/org/ochre/3c358e54-d505-4413-91ee-e5b561d943c5'>http://pi.lib.uchicago.edu/1001/org/ochre/3c358e54-d505-4413-91ee-e5b561d943c5"", ""dsDescriptionDate"": ""2021-05-10""}]",http://pi.lib.uchicago.edu/1001/org/ochre/3c358e54-d505-4413-91ee-e5b561d943c5
http://pi.lib.uchicago.edu/1001/org/ochre/0d9e0f84-e3d7-40e9-ad1e-ba68c38984dc,A17_33549.jpg,A17_33549.jpg,"[{""dsDescriptionValue"": ""Link to OCHRE database: <a href = 'http://pi.lib.uchicago.edu/1001/org/ochre/0d9e0f84-e3d7-40e9-ad1e-ba68c38984dc'>http://pi.lib.uchicago.edu/1001/org/ochre/0d9e0f84-e3d7-40e9-ad1e-ba68c38984dc"", ""dsDescriptionDate"": ""2021-05-10""}]",http://pi.lib.uchicago.edu/1001/org/ochre/0d9e0f84-e3d7-40e9-ad1e-ba68c38984dc
http://pi.lib.uchicago.edu/1001/org/ochre/ca3b7663-8baa-4fe9-bb1e-0494957e614d,A17_33550.jpg,A17_33550.jpg,"[{""dsDescriptionValue"": ""Link to OCHRE database: <a href = 'http://pi.lib.uchicago.edu/1001/org/ochre/ca3b7663-8baa-4fe9-bb1e-0494957e614d'>http://pi.lib.uchicago.edu/1001/org/ochre/ca3b7663-8baa-4fe9-bb1e-0494957e614d"", ""dsDescriptionDate"": ""2021-05-10""}]",http://pi.lib.uchicago.edu/1001/org/ochre/ca3b7663-8baa-4fe9-bb1e-0494957e614d
http://pi.lib.uchicago.edu/1001/org/ochre/f846ec7d-4cb1-4fd5-a745-e510c8bbebff,A17_33551.jpg,A17_33551.jpg,"[{""dsDescriptionValue"": ""Link to OCHRE database: <a href = 'http://pi.lib.uchicago.edu/1001/org/ochre/f846ec7d-4cb1-4fd5-a745-e510c8bbebff'>http://pi.lib.uchicago.edu/1001/org/ochre/f846ec7d-4cb1-4fd5-a745-e510c8bbebff"", ""dsDescriptionDate"": ""2021-05-10""}]",http://pi.lib.uchicago.edu/1001/org/ochre/f846ec7d-4cb1-4fd5-a745-e510c8bbebff
http://pi.lib.uchicago.edu/1001/org/ochre/3fb8d952-7de9-4127-b5ff-b4a2adbc9f43,A17_33552.jpg,A17_33552.jpg,"[{""dsDescriptionValue"": ""Link to OCHRE database: <a href = 'http://pi.lib.uchicago.edu/1001/org/ochre/3fb8d952-7de9-4127-b5ff-b4a2adbc9f43'>http://pi.lib.uchicago.edu/1001/org/ochre/3fb8d952-7de9-4127-b5ff-b4a2adbc9f43"", ""dsDescriptionDate"": ""2021-05-10""}]",http://pi.lib.uchicago.edu/1001/org/ochre/3fb8d952-7de9-4127-b5ff-b4a2adbc9f43
http://pi.lib.uchicago.edu/1001/org/ochre/d2adcc80-c0bf-46c1-bc86-963b7d3685dd,A17_33553.jpg,A17_33553.jpg,"[{""dsDescriptionValue"": ""Link to OCHRE database: <a href = 'http://pi.lib.uchicago.edu/1001/org/ochre/d2adcc80-c0bf-46c1-bc86-963b7d3685dd'>http://pi.lib.uchicago.edu/1001/org/ochre/d2adcc80-c0bf-46c1-bc86-963b7d3685dd"", ""dsDescriptionDate"": ""2021-05-10""}]",http://pi.lib.uchicago.edu/1001/org/ochre/d2adcc80-c0bf-46c1-bc86-963b7d3685dd
http://pi.lib.uchicago.edu/1001/org/ochre/9d672ffa-752f-4d76-abf9-2045715976d3,A17_33554.jpg,A17_33554.jpg,"[{""dsDescriptionValue"": ""Link to OCHRE database: <a href = 'http://pi.lib.uchicago.edu/1001/org/ochre/9d672ffa-752f-4d76-abf9-2045715976d3'>http://pi.lib.uchicago.edu/1001/org/ochre/9d672ffa-752f-4d76-abf9-2045715976d3"", ""dsDescriptionDate"": ""2021-05-10""}]",http://pi.lib.uchicago.edu/1001/org/ochre/9d672ffa-752f-4d76-abf9-2045715976d3
http://pi.lib.uchicago.edu/1001/org/ochre/88646fe5-5c12-494e-873b-eb2a5532429a,A17_33555.jpg,A17_33555.jpg,"[{""dsDescriptionValue"": ""Link to OCHRE database: <a href = 'http://pi.lib.uchicago.edu/1001/org/ochre/88646fe5-5c12-494e-873b-eb2a5532429a'>http://pi.lib.uchicago.edu/1001/org/ochre/88646fe5-5c12-494e-873b-eb2a5532429a"", ""dsDescriptionDate"": ""2021-05-10""}]",http://pi.lib.uchicago.edu/1001/org/ochre/88646fe5-5c12-494e-873b-eb2a5532429a
http://pi.lib.uchicago.edu/1001/org/ochre/fdaccbd7-424b-4cb7-94ff-2946cee0d10f,A17_33556.jpg,A17_33556.jpg,"[{""dsDescriptionValue"": ""Link to OCHRE database: <a href = 'http://pi.lib.uchicago.edu/1001/org/ochre/fdaccbd7-424b-4cb7-94ff-2946cee0d10f'>http://pi.lib.uchicago.edu/1001/org/ochre/fdaccbd7-424b-4cb7-94ff-2946cee0d10f"", ""dsDescriptionDate"": ""2021-05-10""}]",http://pi.lib.uchicago.edu/1001/org/ochre/fdaccbd7-424b-4cb7-94ff-2946cee0d10f
http://pi.lib.uchicago.edu/1001/org/ochre/3916fa11-2e7e-442d-ae86-ebf0814803cc,A17_33557.jpg,A17_33557.jpg,"[{""dsDescriptionValue"": ""Link to OCHRE database: <a href = 'http://pi.lib.uchicago.edu/1001/org/ochre/3916fa11-2e7e-442d-ae86-ebf0814803cc'>http://pi.lib.uchicago.edu/1001/org/ochre/3916fa11-2e7e-442d-ae86-ebf0814803cc"", ""dsDescriptionDate"": ""2021-05-10""}]",http://pi.lib.uchicago.edu/1001/org/ochre/3916fa11-2e7e-442d-ae86-ebf0814803cc
http://pi.lib.uchicago.edu/1001/org/ochre/3b9e204f-daaf-4cd1-9ffe-c8a4ce909b9c,A17_33558.jpg,A17_33558.jpg,"[{""dsDescriptionValue"": ""Link to OCHRE database: <a href = 'http://pi.lib.uchicago.edu/1001/org/ochre/3b9e204f-daaf-4cd1-9ffe-c8a4ce909b9c'>http://pi.lib.uchicago.edu/1001/org/ochre/3b9e204f-daaf-4cd1-9ffe-c8a4ce909b9c"", ""dsDescriptionDate"": ""2021-05-10""}]",http://pi.lib.uchicago.edu/1001/org/ochre/3b9e204f-daaf-4cd1-9ffe-c8a4ce909b9c
http://pi.lib.uchicago.edu/1001/org/ochre/230b5d8a-9183-4f77-ac62-2fe661f1536e,A17_33559.jpg,A17_33559.jpg,"[{""dsDescriptionValue"": ""Link to OCHRE database: <a href = 'http://pi.lib.uchicago.edu/1001/org/ochre/230b5d8a-9183-4f77-ac62-2fe661f1536e'>http://pi.lib.uchicago.edu/1001/org/ochre/230b5d8a-9183-4f77-ac62-2fe661f1536e"", ""dsDescriptionDate"": ""2021-05-10""}]",http://pi.lib.uchicago.edu/1001/org/ochre/230b5d8a-9183-4f77-ac62-2fe661f1536e
http://pi.lib.uchicago.edu/1001/org/ochre/11b6abf2-b26a-42b6-95bf-176c65aef065,A17_33560.jpg,A17_33560.jpg,"[{""dsDescriptionValue"": ""Link to OCHRE database: <a href = 'http://pi.lib.uchicago.edu/1001/org/ochre/11b6abf2-b26a-42b6-95bf-176c65aef065'>http://pi.lib.uchicago.edu/1001/org/ochre/11b6abf2-b26a-42b6-95bf-176c65aef065"", ""dsDescriptionDate"": ""2021-05-10""}]",http://pi.lib.uchicago.edu/1001/org/ochre/11b6abf2-b26a-42b6-95bf-176c65aef065
http://pi.lib.uchicago.edu/1001/org/ochre/a2373525-e765-4b4c-b4d0-1b57159d4dfb,A17_33561.jpg,A17_33561.jpg,"[{""dsDescriptionValue"": ""Link to OCHRE database: <a href = 'http://pi.lib.uchicago.edu/1001/org/ochre/a2373525-e765-4b4c-b4d0-1b57159d4dfb'>http://pi.lib.uchicago.edu/1001/org/ochre/a2373525-e765-4b4c-b4d0-1b57159d4dfb"", ""dsDescriptionDate"": ""2021-05-10""}]",http://pi.lib.uchicago.edu/1001/org/ochre/a2373525-e765-4b4c-b4d0-1b57159d4dfb
http://pi.lib.uchicago.edu/1001/org/ochre/c719d6fe-0183-4f80-882d-39eda5cd27ba,A17_33562.jpg,A17_33562.jpg,"[{""dsDescriptionValue"": ""Link to OCHRE database: <a href = 'http://pi.lib.uchicago.edu/1001/org/ochre/c719d6fe-0183-4f80-882d-39eda5cd27ba'>http://pi.lib.uchicago.edu/1001/org/ochre/c719d6fe-0183-4f80-882d-39eda5cd27ba"", ""dsDescriptionDate"": ""2021-05-10""}]",http://pi.lib.uchicago.edu/1001/org/ochre/c719d6fe-0183-4f80-882d-39eda5cd27ba
http://pi.lib.uchicago.edu/1001/org/ochre/a183500b-4ee3-45ef-a9c4-15316e55c60a,A17_33563.jpg,A17_33563.jpg,"[{""dsDescriptionValue"": ""Link to OCHRE database: <a href = 'http://pi.lib.uchicago.edu/1001/org/ochre/a183500b-4ee3-45ef-a9c4-15316e55c60a'>http://pi.lib.uchicago.edu/1001/org/ochre/a183500b-4ee3-45ef-a9c4-15316e55c60a"", ""dsDescriptionDate"": ""2021-05-10""}]",http://pi.lib.uchicago.edu/1001/org/ochre/a183500b-4ee3-45ef-a9c4-15316e55c60a
http://pi.lib.uchicago.edu/1001/org/ochre/71025ada-b57d-4d5c-afe8-cd64de773b81,A17_33564.jpg,A17_33564.jpg,"[{""dsDescriptionValue"": ""Link to OCHRE database: <a href = 'http://pi.lib.uchicago.edu/1001/org/ochre/71025ada-b57d-4d5c-afe8-cd64de773b81'>http://pi.lib.uchicago.edu/1001/org/ochre/71025ada-b57d-4d5c-afe8-cd64de773b81"", ""dsDescriptionDate"": ""2021-05-10""}]",http://pi.lib.uchicago.edu/1001/org/ochre/71025ada-b57d-4d5c-afe8-cd64de773b81
http://pi.lib.uchicago.edu/1001/org/ochre/17d77734-7a98-4121-a137-65aefee083d9,A17_33565.jpg,A17_33565.jpg,"[{""dsDescriptionValue"": ""Link to OCHRE database: <a href = 'http://pi.lib.uchicago.edu/1001/org/ochre/17d77734-7a98-4121-a137-65aefee083d9'>http://pi.lib.uchicago.edu/1001/org/ochre/17d77734-7a98-4121-a137-65aefee083d9"", ""dsDescriptionDate"": ""2021-05-10""}]",http://pi.lib.uchicago.edu/1001/org/ochre/17d77734-7a98-4121-a137-65aefee083d9
http://pi.lib.uchicago.edu/1001/org/ochre/a83ec9ac-cade-4e96-abc4-1d6875abe1b8,A17_33566.jpg,A17_33566.jpg,"[{""dsDescriptionValue"": ""Link to OCHRE database: <a href = 'http://pi.lib.uchicago.edu/1001/org/ochre/a83ec9ac-cade-4e96-abc4-1d6875abe1b8'>http://pi.lib.uchicago.edu/1001/org/ochre/a83ec9ac-cade-4e96-abc4-1d6875abe1b8"", ""dsDescriptionDate"": ""2021-05-10""}]",http://pi.lib.uchicago.edu/1001/org/ochre/a83ec9ac-cade-4e96-abc4-1d6875abe1b8
http://pi.lib.uchicago.edu/1001/org/ochre/9f13462a-53c6-45a0-8479-da0c89948e21,A17_33567.jpg,A17_33567.jpg,"[{""dsDescriptionValue"": ""Link to OCHRE database: <a href = 'http://pi.lib.uchicago.edu/1001/org/ochre/9f13462a-53c6-45a0-8479-da0c89948e21'>http://pi.lib.uchicago.edu/1001/org/ochre/9f13462a-53c6-45a0-8479-da0c89948e21"", ""dsDescriptionDate"": ""2021-05-10""}]",http://pi.lib.uchicago.edu/1001/org/ochre/9f13462a-53c6-45a0-8479-da0c89948e21
http://pi.lib.uchicago.edu/1001/org/ochre/36668991-3cde-4bd5-b5e5-7795898a6ba3,A17_33568.jpg,A17_33568.jpg,"[{""dsDescriptionValue"": ""Link to OCHRE database: <a href = 'http://pi.lib.uchicago.edu/1001/org/ochre/36668991-3cde-4bd5-b5e5-7795898a6ba3'>http://pi.lib.uchicago.edu/1001/org/ochre/36668991-3cde-4bd5-b5e5-7795898a6ba3"", ""dsDescriptionDate"": ""2021-05-10""}]",http://pi.lib.uchicago.edu/1001/org/ochre/36668991-3cde-4bd5-b5e5-7795898a6ba3
http://pi.lib.uchicago.edu/1001/org/ochre/c3ab85c7-13d2-41f6-9920-50f4fead31bc,A17_33569.jpg,A17_33569.jpg,"[{""dsDescriptionValue"": ""Link to OCHRE database: <a href = 'http://pi.lib.uchicago.edu/1001/org/ochre/c3ab85c7-13d2-41f6-9920-50f4fead31bc'>http://pi.lib.uchicago.edu/1001/org/ochre/c3ab85c7-13d2-41f6-9920-50f4fead31bc"", ""dsDescriptionDate"": ""2021-05-10""}]",http://pi.lib.uchicago.edu/1001/org/ochre/c3ab85c7-13d2-41f6-9920-50f4fead31bc
http://pi.lib.uchicago.edu/1001/org/ochre/bcb7c785-a08b-4999-a0e9-1ee76eb3b51b,A17_33570.jpg,A17_33570.jpg,"[{""dsDescriptionValue"": ""Link to OCHRE database: <a href = 'http://pi.lib.uchicago.edu/1001/org/ochre/bcb7c785-a08b-4999-a0e9-1ee76eb3b51b'>http://pi.lib.uchicago.edu/1001/org/ochre/bcb7c785-a08b-4999-a0e9-1ee76eb3b51b"", ""dsDescriptionDate"": ""2021-05-10""}]",http://pi.lib.uchicago.edu/1001/org/ochre/bcb7c785-a08b-4999-a0e9-1ee76eb3b51b
http://pi.lib.uchicago.edu/1001/org/ochre/5e147f47-e708-4a25-b093-29fe61723d00,A17_33571.jpg,A17_33571.jpg,"[{""dsDescriptionValue"": ""Link to OCHRE database: <a href = 'http://pi.lib.uchicago.edu/1001/org/ochre/5e147f47-e708-4a25-b093-29fe61723d00'>http://pi.lib.uchicago.edu/1001/org/ochre/5e147f47-e708-4a25-b093-29fe61723d00"", ""dsDescriptionDate"": ""2021-05-10""}]",http://pi.lib.uchicago.edu/1001/org/ochre/5e147f47-e708-4a25-b093-29fe61723d00
http://pi.lib.uchicago.edu/1001/org/ochre/96432ee2-db17-4e6f-95c2-bb02e5c89a5f,A17_33572.jpg,A17_33572.jpg,"[{""dsDescriptionValue"": ""Link to OCHRE database: <a href = 'http://pi.lib.uchicago.edu/1001/org/ochre/96432ee2-db17-4e6f-95c2-bb02e5c89a5f'>http://pi.lib.uchicago.edu/1001/org/ochre/96432ee2-db17-4e6f-95c2-bb02e5c89a5f"", ""dsDescriptionDate"": ""2021-05-10""}]",http://pi.lib.uchicago.edu/1001/org/ochre/96432ee2-db17-4e6f-95c2-bb02e5c89a5f
http://pi.lib.uchicago.edu/1001/org/ochre/40693dfb-b9e2-4953-a537-7b46d0c161c5,A17_33573.jpg,A17_33573.jpg,"[{""dsDescriptionValue"": ""Link to OCHRE database: <a href = 'http://pi.lib.uchicago.edu/1001/org/ochre/40693dfb-b9e2-4953-a537-7b46d0c161c5'>http://pi.lib.uchicago.edu/1001/org/ochre/40693dfb-b9e2-4953-a537-7b46d0c161c5"", ""dsDescriptionDate"": ""2021-05-10""}]",http://pi.lib.uchicago.edu/1001/org/ochre/40693dfb-b9e2-4953-a537-7b46d0c161c5
http://pi.lib.uchicago.edu/1001/org/ochre/675def62-371a-4638-9bf1-22c0a6899b36,A17_33574.jpg,A17_33574.jpg,"[{""dsDescriptionValue"": ""Link to OCHRE database: <a href = 'http://pi.lib.uchicago.edu/1001/org/ochre/675def62-371a-4638-9bf1-22c0a6899b36'>http://pi.lib.uchicago.edu/1001/org/ochre/675def62-371a-4638-9bf1-22c0a6899b36"", ""dsDescriptionDate"": ""2021-05-10""}]",http://pi.lib.uchicago.edu/1001/org/ochre/675def62-371a-4638-9bf1-22c0a6899b36
http://pi.lib.uchicago.edu/1001/org/ochre/3a783411-be6b-4f27-8fde-ac13e28c28d1,A17_33575.jpg,A17_33575.jpg,"[{""dsDescriptionValue"": ""Link to OCHRE database: <a href = 'http://pi.lib.uchicago.edu/1001/org/ochre/3a783411-be6b-4f27-8fde-ac13e28c28d1'>http://pi.lib.uchicago.edu/1001/org/ochre/3a783411-be6b-4f27-8fde-ac13e28c28d1"", ""dsDescriptionDate"": ""2021-05-10""}]",http://pi.lib.uchicago.edu/1001/org/ochre/3a783411-be6b-4f27-8fde-ac13e28c28d1
http://pi.lib.uchicago.edu/1001/org/ochre/7dabb37e-dcc5-43b9-a63d-88e8a21fef43,A17_33576.jpg,A17_33576.jpg,"[{""dsDescriptionValue"": ""Link to OCHRE database: <a href = 'http://pi.lib.uchicago.edu/1001/org/ochre/7dabb37e-dcc5-43b9-a63d-88e8a21fef43'>http://pi.lib.uchicago.edu/1001/org/ochre/7dabb37e-dcc5-43b9-a63d-88e8a21fef43"", ""dsDescriptionDate"": ""2021-05-10""}]",http://pi.lib.uchicago.edu/1001/org/ochre/7dabb37e-dcc5-43b9-a63d-88e8a21fef43
http://pi.lib.uchicago.edu/1001/org/ochre/a6f50d59-6311-4da1-9996-2fbad584cad3,A17_33577.jpg,A17_33577.jpg,"[{""dsDescriptionValue"": ""Link to OCHRE database: <a href = 'http://pi.lib.uchicago.edu/1001/org/ochre/a6f50d59-6311-4da1-9996-2fbad584cad3'>http://pi.lib.uchicago.edu/1001/org/ochre/a6f50d59-6311-4da1-9996-2fbad584cad3"", ""dsDescriptionDate"": ""2021-05-10""}]",http://pi.lib.uchicago.edu/1001/org/ochre/a6f50d59-6311-4da1-9996-2fbad584cad3
http://pi.lib.uchicago.edu/1001/org/ochre/c8af0b49-d6e5-45cc-8405-2686a89947bc,A17_33578.jpg,A17_33578.jpg,"[{""dsDescriptionValue"": ""Link to OCHRE database: <a href = 'http://pi.lib.uchicago.edu/1001/org/ochre/c8af0b49-d6e5-45cc-8405-2686a89947bc'>http://pi.lib.uchicago.edu/1001/org/ochre/c8af0b49-d6e5-45cc-8405-2686a89947bc"", ""dsDescriptionDate"": ""2021-05-10""}]",http://pi.lib.uchicago.edu/1001/org/ochre/c8af0b49-d6e5-45cc-8405-2686a89947bc
http://pi.lib.uchicago.edu/1001/org/ochre/7c567bb7-ac37-403e-a047-53b0c4f47a6f,A17_33579.jpg,A17_33579.jpg,"[{""dsDescriptionValue"": ""Link to OCHRE database: <a href = 'http://pi.lib.uchicago.edu/1001/org/ochre/7c567bb7-ac37-403e-a047-53b0c4f47a6f'>http://pi.lib.uchicago.edu/1001/org/ochre/7c567bb7-ac37-403e-a047-53b0c4f47a6f"", ""dsDescriptionDate"": ""2021-05-10""}]",http://pi.lib.uchicago.edu/1001/org/ochre/7c567bb7-ac37-403e-a047-53b0c4f47a6f
http://pi.lib.uchicago.edu/1001/org/ochre/8aa06534-76c7-4929-b07c-9fafbb483e64,A17_33580.jpg,A17_33580.jpg,"[{""dsDescriptionValue"": ""Link to OCHRE database: <a href = 'http://pi.lib.uchicago.edu/1001/org/ochre/8aa06534-76c7-4929-b07c-9fafbb483e64'>http://pi.lib.uchicago.edu/1001/org/ochre/8aa06534-76c7-4929-b07c-9fafbb483e64"", ""dsDescriptionDate"": ""2021-05-10""}]",http://pi.lib.uchicago.edu/1001/org/ochre/8aa06534-76c7-4929-b07c-9fafbb483e64
http://pi.lib.uchicago.edu/1001/org/ochre/726698da-4746-46f4-a280-5bd9fec5c352,A17_33581.jpg,A17_33581.jpg,"[{""dsDescriptionValue"": ""Link to OCHRE database: <a href = 'http://pi.lib.uchicago.edu/1001/org/ochre/726698da-4746-46f4-a280-5bd9fec5c352'>http://pi.lib.uchicago.edu/1001/org/ochre/726698da-4746-46f4-a280-5bd9fec5c352"", ""dsDescriptionDate"": ""2021-05-10""}]",http://pi.lib.uchicago.edu/1001/org/ochre/726698da-4746-46f4-a280-5bd9fec5c352
http://pi.lib.uchicago.edu/1001/org/ochre/b09a51e3-fa9d-49ef-904d-de5abefbd7e0,A17_33582.jpg,A17_33582.jpg,"[{""dsDescriptionValue"": ""Link to OCHRE database: <a href = 'http://pi.lib.uchicago.edu/1001/org/ochre/b09a51e3-fa9d-49ef-904d-de5abefbd7e0'>http://pi.lib.uchicago.edu/1001/org/ochre/b09a51e3-fa9d-49ef-904d-de5abefbd7e0"", ""dsDescriptionDate"": ""2021-05-10""}]",http://pi.lib.uchicago.edu/1001/org/ochre/b09a51e3-fa9d-49ef-904d-de5abefbd7e0
http://pi.lib.uchicago.edu/1001/org/ochre/33f25638-97e2-4a98-89e0-099bc9d58918,A17_33583.jpg,A17_33583.jpg,"[{""dsDescriptionValue"": ""Link to OCHRE database: <a href = 'http://pi.lib.uchicago.edu/1001/org/ochre/33f25638-97e2-4a98-89e0-099bc9d58918'>http://pi.lib.uchicago.edu/1001/org/ochre/33f25638-97e2-4a98-89e0-099bc9d58918"", ""dsDescriptionDate"": ""2021-05-10""}]",http://pi.lib.uchicago.edu/1001/org/ochre/33f25638-97e2-4a98-89e0-099bc9d58918
http://pi.lib.uchicago.edu/1001/org/ochre/cc90d60e-fb11-42a6-a4ea-dc82adcf6f4b,A17_33584.jpg,A17_33584.jpg,"[{""dsDescriptionValue"": ""Link to OCHRE database: <a href = 'http://pi.lib.uchicago.edu/1001/org/ochre/cc90d60e-fb11-42a6-a4ea-dc82adcf6f4b'>http://pi.lib.uchicago.edu/1001/org/ochre/cc90d60e-fb11-42a6-a4ea-dc82adcf6f4b"", ""dsDescriptionDate"": ""2021-05-10""}]",http://pi.lib.uchicago.edu/1001/org/ochre/cc90d60e-fb11-42a6-a4ea-dc82adcf6f4b
http://pi.lib.uchicago.edu/1001/org/ochre/d39bf275-fa62-4bed-8ced-6d59698804f8,A17_33585.jpg,A17_33585.jpg,"[{""dsDescriptionValue"": ""Link to OCHRE database: <a href = 'http://pi.lib.uchicago.edu/1001/org/ochre/d39bf275-fa62-4bed-8ced-6d59698804f8'>http://pi.lib.uchicago.edu/1001/org/ochre/d39bf275-fa62-4bed-8ced-6d59698804f8"", ""dsDescriptionDate"": ""2021-05-10""}]",http://pi.lib.uchicago.edu/1001/org/ochre/d39bf275-fa62-4bed-8ced-6d59698804f8
http://pi.lib.uchicago.edu/1001/org/ochre/ef15865c-4979-44c2-bcb1-501448f90ef3,A17_33586.jpg,A17_33586.jpg,"[{""dsDescriptionValue"": ""Link to OCHRE database: <a href = 'http://pi.lib.uchicago.edu/1001/org/ochre/ef15865c-4979-44c2-bcb1-501448f90ef3'>http://pi.lib.uchicago.edu/1001/org/ochre/ef15865c-4979-44c2-bcb1-501448f90ef3"", ""dsDescriptionDate"": ""2021-05-10""}]",http://pi.lib.uchicago.edu/1001/org/ochre/ef15865c-4979-44c2-bcb1-501448f90ef3
http://pi.lib.uchicago.edu/1001/org/ochre/2a71d365-5528-482d-b42f-a8bb90c8927d,A17_33587.jpg,A17_33587.jpg,"[{""dsDescriptionValue"": ""Link to OCHRE database: <a href = 'http://pi.lib.uchicago.edu/1001/org/ochre/2a71d365-5528-482d-b42f-a8bb90c8927d'>http://pi.lib.uchicago.edu/1001/org/ochre/2a71d365-5528-482d-b42f-a8bb90c8927d"", ""dsDescriptionDate"": ""2021-05-10""}]",http://pi.lib.uchicago.edu/1001/org/ochre/2a71d365-5528-482d-b42f-a8bb90c8927d
http://pi.lib.uchicago.edu/1001/org/ochre/0be5111e-f59a-437a-a5df-440372f47edf,A17_33588.jpg,A17_33588.jpg,"[{""dsDescriptionValue"": ""Link to OCHRE database: <a href = 'http://pi.lib.uchicago.edu/1001/org/ochre/0be5111e-f59a-437a-a5df-440372f47edf'>http://pi.lib.uchicago.edu/1001/org/ochre/0be5111e-f59a-437a-a5df-440372f47edf"", ""dsDescriptionDate"": ""2021-05-10""}]",http://pi.lib.uchicago.edu/1001/org/ochre/0be5111e-f59a-437a-a5df-440372f47edf
http://pi.lib.uchicago.edu/1001/org/ochre/83607006-5db5-420b-926d-96feab416ad5,A17_33589.jpg,A17_33589.jpg,"[{""dsDescriptionValue"": ""Link to OCHRE database: <a href = 'http://pi.lib.uchicago.edu/1001/org/ochre/83607006-5db5-420b-926d-96feab416ad5'>http://pi.lib.uchicago.edu/1001/org/ochre/83607006-5db5-420b-926d-96feab416ad5"", ""dsDescriptionDate"": ""2021-05-10""}]",http://pi.lib.uchicago.edu/1001/org/ochre/83607006-5db5-420b-926d-96feab416ad5
http://pi.lib.uchicago.edu/1001/org/ochre/808b23f4-6704-4255-9e13-5139f77f5f62,A17_33590.jpg,A17_33590.jpg,"[{""dsDescriptionValue"": ""Link to OCHRE database: <a href = 'http://pi.lib.uchicago.edu/1001/org/ochre/808b23f4-6704-4255-9e13-5139f77f5f62'>http://pi.lib.uchicago.edu/1001/org/ochre/808b23f4-6704-4255-9e13-5139f77f5f62"", ""dsDescriptionDate"": ""2021-05-10""}]",http://pi.lib.uchicago.edu/1001/org/ochre/808b23f4-6704-4255-9e13-5139f77f5f62
http://pi.lib.uchicago.edu/1001/org/ochre/e3da5155-ebb4-4761-bd21-8d8daa53a6ca,A17_33591.jpg,A17_33591.jpg,"[{""dsDescriptionValue"": ""Link to OCHRE database: <a href = 'http://pi.lib.uchicago.edu/1001/org/ochre/e3da5155-ebb4-4761-bd21-8d8daa53a6ca'>http://pi.lib.uchicago.edu/1001/org/ochre/e3da5155-ebb4-4761-bd21-8d8daa53a6ca"", ""dsDescriptionDate"": ""2021-05-10""}]",http://pi.lib.uchicago.edu/1001/org/ochre/e3da5155-ebb4-4761-bd21-8d8daa53a6ca
http://pi.lib.uchicago.edu/1001/org/ochre/50950473-7497-483d-858e-d8c902efac1d,A17_33592.jpg,A17_33592.jpg,"[{""dsDescriptionValue"": ""Link to OCHRE database: <a href = 'http://pi.lib.uchicago.edu/1001/org/ochre/50950473-7497-483d-858e-d8c902efac1d'>http://pi.lib.uchicago.edu/1001/org/ochre/50950473-7497-483d-858e-d8c902efac1d"", ""dsDescriptionDate"": ""2021-05-10""}]",http://pi.lib.uchicago.edu/1001/org/ochre/50950473-7497-483d-858e-d8c902efac1d
http://pi.lib.uchicago.edu/1001/org/ochre/1cff4563-82e9-4761-bf6d-a7e4197885bc,A17_33593.jpg,A17_33593.jpg,"[{""dsDescriptionValue"": ""Link to OCHRE database: <a href = 'http://pi.lib.uchicago.edu/1001/org/ochre/1cff4563-82e9-4761-bf6d-a7e4197885bc'>http://pi.lib.uchicago.edu/1001/org/ochre/1cff4563-82e9-4761-bf6d-a7e4197885bc"", ""dsDescriptionDate"": ""2021-05-10""}]",http://pi.lib.uchicago.edu/1001/org/ochre/1cff4563-82e9-4761-bf6d-a7e4197885bc
http://pi.lib.uchicago.edu/1001/org/ochre/04fed5a1-c127-4391-b271-804c33d93cf0,A17_33594.jpg,A17_33594.jpg,"[{""dsDescriptionValue"": ""Link to OCHRE database: <a href = 'http://pi.lib.uchicago.edu/1001/org/ochre/04fed5a1-c127-4391-b271-804c33d93cf0'>http://pi.lib.uchicago.edu/1001/org/ochre/04fed5a1-c127-4391-b271-804c33d93cf0"", ""dsDescriptionDate"": ""2021-05-10""}]",http://pi.lib.uchicago.edu/1001/org/ochre/04fed5a1-c127-4391-b271-804c33d93cf0
http://pi.lib.uchicago.edu/1001/org/ochre/67001436-b913-41ba-b92a-0c7db2cd9188,A17_33595.jpg,A17_33595.jpg,"[{""dsDescriptionValue"": ""Link to OCHRE database: <a href = 'http://pi.lib.uchicago.edu/1001/org/ochre/67001436-b913-41ba-b92a-0c7db2cd9188'>http://pi.lib.uchicago.edu/1001/org/ochre/67001436-b913-41ba-b92a-0c7db2cd9188"", ""dsDescriptionDate"": ""2021-05-10""}]",http://pi.lib.uchicago.edu/1001/org/ochre/67001436-b913-41ba-b92a-0c7db2cd9188
http://pi.lib.uchicago.edu/1001/org/ochre/4e3d546a-64ab-45e7-bfe4-0b880da353fa,A17_33596.jpg,A17_33596.jpg,"[{""dsDescriptionValue"": ""Link to OCHRE database: <a href = 'http://pi.lib.uchicago.edu/1001/org/ochre/4e3d546a-64ab-45e7-bfe4-0b880da353fa'>http://pi.lib.uchicago.edu/1001/org/ochre/4e3d546a-64ab-45e7-bfe4-0b880da353fa"", ""dsDescriptionDate"": ""2021-05-10""}]",http://pi.lib.uchicago.edu/1001/org/ochre/4e3d546a-64ab-45e7-bfe4-0b880da353fa
http://pi.lib.uchicago.edu/1001/org/ochre/60f47051-1781-4d02-a22b-ff887ef3f2de,A17_33597.jpg,A17_33597.jpg,"[{""dsDescriptionValue"": ""Link to OCHRE database: <a href = 'http://pi.lib.uchicago.edu/1001/org/ochre/60f47051-1781-4d02-a22b-ff887ef3f2de'>http://pi.lib.uchicago.edu/1001/org/ochre/60f47051-1781-4d02-a22b-ff887ef3f2de"", ""dsDescriptionDate"": ""2021-05-10""}]",http://pi.lib.uchicago.edu/1001/org/ochre/60f47051-1781-4d02-a22b-ff887ef3f2de
http://pi.lib.uchicago.edu/1001/org/ochre/73152328-fc65-4032-8fef-79928bc1d5b8,A17_33598.jpg,A17_33598.jpg,"[{""dsDescriptionValue"": ""Link to OCHRE database: <a href = 'http://pi.lib.uchicago.edu/1001/org/ochre/73152328-fc65-4032-8fef-79928bc1d5b8'>http://pi.lib.uchicago.edu/1001/org/ochre/73152328-fc65-4032-8fef-79928bc1d5b8"", ""dsDescriptionDate"": ""2021-05-10""}]",http://pi.lib.uchicago.edu/1001/org/ochre/73152328-fc65-4032-8fef-79928bc1d5b8
http://pi.lib.uchicago.edu/1001/org/ochre/8f4e1a8b-d3f5-471c-84ba-75cb789e15a5,A17_33599.jpg,A17_33599.jpg,"[{""dsDescriptionValue"": ""Link to OCHRE database: <a href = 'http://pi.lib.uchicago.edu/1001/org/ochre/8f4e1a8b-d3f5-471c-84ba-75cb789e15a5'>http://pi.lib.uchicago.edu/1001/org/ochre/8f4e1a8b-d3f5-471c-84ba-75cb789e15a5"", ""dsDescriptionDate"": ""2021-05-10""}]",http://pi.lib.uchicago.edu/1001/org/ochre/8f4e1a8b-d3f5-471c-84ba-75cb789e15a5
http://pi.lib.uchicago.edu/1001/org/ochre/28e46d18-e67b-4e55-b159-9a115978d938,A17_33600.jpg,A17_33600.jpg,"[{""dsDescriptionValue"": ""Link to OCHRE database: <a href = 'http://pi.lib.uchicago.edu/1001/org/ochre/28e46d18-e67b-4e55-b159-9a115978d938'>http://pi.lib.uchicago.edu/1001/org/ochre/28e46d18-e67b-4e55-b159-9a115978d938"", ""dsDescriptionDate"": ""2021-05-10""}]",http://pi.lib.uchicago.edu/1001/org/ochre/28e46d18-e67b-4e55-b159-9a115978d938
http://pi.lib.uchicago.edu/1001/org/ochre/cea327a2-d125-419b-86b3-e316ec650b9f,A17_33601.jpg,A17_33601.jpg,"[{""dsDescriptionValue"": ""Link to OCHRE database: <a href = 'http://pi.lib.uchicago.edu/1001/org/ochre/cea327a2-d125-419b-86b3-e316ec650b9f'>http://pi.lib.uchicago.edu/1001/org/ochre/cea327a2-d125-419b-86b3-e316ec650b9f"", ""dsDescriptionDate"": ""2021-05-10""}]",http://pi.lib.uchicago.edu/1001/org/ochre/cea327a2-d125-419b-86b3-e316ec650b9f
http://pi.lib.uchicago.edu/1001/org/ochre/3b974ad0-c417-4339-a744-53218f687e1f,A17_33602.jpg,A17_33602.jpg,"[{""dsDescriptionValue"": ""Link to OCHRE database: <a href = 'http://pi.lib.uchicago.edu/1001/org/ochre/3b974ad0-c417-4339-a744-53218f687e1f'>http://pi.lib.uchicago.edu/1001/org/ochre/3b974ad0-c417-4339-a744-53218f687e1f"", ""dsDescriptionDate"": ""2021-05-10""}]",http://pi.lib.uchicago.edu/1001/org/ochre/3b974ad0-c417-4339-a744-53218f687e1f
http://pi.lib.uchicago.edu/1001/org/ochre/db108574-717b-4d51-9447-2e736ade8807,A17_33603.jpg,A17_33603.jpg,"[{""dsDescriptionValue"": ""Link to OCHRE database: <a href = 'http://pi.lib.uchicago.edu/1001/org/ochre/db108574-717b-4d51-9447-2e736ade8807'>http://pi.lib.uchicago.edu/1001/org/ochre/db108574-717b-4d51-9447-2e736ade8807"", ""dsDescriptionDate"": ""2021-05-10""}]",http://pi.lib.uchicago.edu/1001/org/ochre/db108574-717b-4d51-9447-2e736ade8807
http://pi.lib.uchicago.edu/1001/org/ochre/e8725fed-cb13-4132-9f95-1a7618e81801,A17_33604.jpg,A17_33604.jpg,"[{""dsDescriptionValue"": ""Link to OCHRE database: <a href = 'http://pi.lib.uchicago.edu/1001/org/ochre/e8725fed-cb13-4132-9f95-1a7618e81801'>http://pi.lib.uchicago.edu/1001/org/ochre/e8725fed-cb13-4132-9f95-1a7618e81801"", ""dsDescriptionDate"": ""2021-05-10""}]",http://pi.lib.uchicago.edu/1001/org/ochre/e8725fed-cb13-4132-9f95-1a7618e81801
http://pi.lib.uchicago.edu/1001/org/ochre/aca3a399-f3db-4b58-b38c-b1454d0bb3e2,A17_33605.jpg,A17_33605.jpg,"[{""dsDescriptionValue"": ""Link to OCHRE database: <a href = 'http://pi.lib.uchicago.edu/1001/org/ochre/aca3a399-f3db-4b58-b38c-b1454d0bb3e2'>http://pi.lib.uchicago.edu/1001/org/ochre/aca3a399-f3db-4b58-b38c-b1454d0bb3e2"", ""dsDescriptionDate"": ""2021-05-10""}]",http://pi.lib.uchicago.edu/1001/org/ochre/aca3a399-f3db-4b58-b38c-b1454d0bb3e2
http://pi.lib.uchicago.edu/1001/org/ochre/4fbf9f03-f414-4f21-bdae-765b7fd8158c,A17_33606.jpg,A17_33606.jpg,"[{""dsDescriptionValue"": ""Link to OCHRE database: <a href = 'http://pi.lib.uchicago.edu/1001/org/ochre/4fbf9f03-f414-4f21-bdae-765b7fd8158c'>http://pi.lib.uchicago.edu/1001/org/ochre/4fbf9f03-f414-4f21-bdae-765b7fd8158c"", ""dsDescriptionDate"": ""2021-05-10""}]",http://pi.lib.uchicago.edu/1001/org/ochre/4fbf9f03-f414-4f21-bdae-765b7fd8158c
http://pi.lib.uchicago.edu/1001/org/ochre/5455b919-85a9-4566-be91-990c4e2b5212,A17_33607.jpg,A17_33607.jpg,"[{""dsDescriptionValue"": ""Link to OCHRE database: <a href = 'http://pi.lib.uchicago.edu/1001/org/ochre/5455b919-85a9-4566-be91-990c4e2b5212'>http://pi.lib.uchicago.edu/1001/org/ochre/5455b919-85a9-4566-be91-990c4e2b5212"", ""dsDescriptionDate"": ""2021-05-10""}]",http://pi.lib.uchicago.edu/1001/org/ochre/5455b919-85a9-4566-be91-990c4e2b5212
http://pi.lib.uchicago.edu/1001/org/ochre/0a65b990-54d3-477e-8a67-ff37db372894,A17_33608.jpg,A17_33608.jpg,"[{""dsDescriptionValue"": ""Link to OCHRE database: <a href = 'http://pi.lib.uchicago.edu/1001/org/ochre/0a65b990-54d3-477e-8a67-ff37db372894'>http://pi.lib.uchicago.edu/1001/org/ochre/0a65b990-54d3-477e-8a67-ff37db372894"", ""dsDescriptionDate"": ""2021-05-10""}]",http://pi.lib.uchicago.edu/1001/org/ochre/0a65b990-54d3-477e-8a67-ff37db372894
http://pi.lib.uchicago.edu/1001/org/ochre/1d78aefd-2604-47c8-adf2-e6a9f028a2d6,A17_33609.jpg,A17_33609.jpg,"[{""dsDescriptionValue"": ""Link to OCHRE database: <a href = 'http://pi.lib.uchicago.edu/1001/org/ochre/1d78aefd-2604-47c8-adf2-e6a9f028a2d6'>http://pi.lib.uchicago.edu/1001/org/ochre/1d78aefd-2604-47c8-adf2-e6a9f028a2d6"", ""dsDescriptionDate"": ""2021-05-10""}]",http://pi.lib.uchicago.edu/1001/org/ochre/1d78aefd-2604-47c8-adf2-e6a9f028a2d6
http://pi.lib.uchicago.edu/1001/org/ochre/1773bbe3-f0f1-4bd6-a281-4433c8a704a2,A17_33610.jpg,A17_33610.jpg,"[{""dsDescriptionValue"": ""Link to OCHRE database: <a href = 'http://pi.lib.uchicago.edu/1001/org/ochre/1773bbe3-f0f1-4bd6-a281-4433c8a704a2'>http://pi.lib.uchicago.edu/1001/org/ochre/1773bbe3-f0f1-4bd6-a281-4433c8a704a2"", ""dsDescriptionDate"": ""2021-05-10""}]",http://pi.lib.uchicago.edu/1001/org/ochre/1773bbe3-f0f1-4bd6-a281-4433c8a704a2
http://pi.lib.uchicago.edu/1001/org/ochre/51b0da1d-365c-4d40-ac57-b2603eea95e7,A17_33611.jpg,A17_33611.jpg,"[{""dsDescriptionValue"": ""Link to OCHRE database: <a href = 'http://pi.lib.uchicago.edu/1001/org/ochre/51b0da1d-365c-4d40-ac57-b2603eea95e7'>http://pi.lib.uchicago.edu/1001/org/ochre/51b0da1d-365c-4d40-ac57-b2603eea95e7"", ""dsDescriptionDate"": ""2021-05-10""}]",http://pi.lib.uchicago.edu/1001/org/ochre/51b0da1d-365c-4d40-ac57-b2603eea95e7
http://pi.lib.uchicago.edu/1001/org/ochre/79f86cc0-b9cc-4beb-bd08-91cf04b73055,A17_33612.jpg,A17_33612.jpg,"[{""dsDescriptionValue"": ""Link to OCHRE database: <a href = 'http://pi.lib.uchicago.edu/1001/org/ochre/79f86cc0-b9cc-4beb-bd08-91cf04b73055'>http://pi.lib.uchicago.edu/1001/org/ochre/79f86cc0-b9cc-4beb-bd08-91cf04b73055"", ""dsDescriptionDate"": ""2021-05-10""}]",http://pi.lib.uchicago.edu/1001/org/ochre/79f86cc0-b9cc-4beb-bd08-91cf04b73055
http://pi.lib.uchicago.edu/1001/org/ochre/87148ddf-3ceb-43c3-adf8-cc4af6396090,A17_33613.jpg,A17_33613.jpg,"[{""dsDescriptionValue"": ""Link to OCHRE database: <a href = 'http://pi.lib.uchicago.edu/1001/org/ochre/87148ddf-3ceb-43c3-adf8-cc4af6396090'>http://pi.lib.uchicago.edu/1001/org/ochre/87148ddf-3ceb-43c3-adf8-cc4af6396090"", ""dsDescriptionDate"": ""2021-05-10""}]",http://pi.lib.uchicago.edu/1001/org/ochre/87148ddf-3ceb-43c3-adf8-cc4af6396090
http://pi.lib.uchicago.edu/1001/org/ochre/27ca68bd-ad0b-4e0b-93de-e58560065f3f,A17_33614.jpg,A17_33614.jpg,"[{""dsDescriptionValue"": ""Link to OCHRE database: <a href = 'http://pi.lib.uchicago.edu/1001/org/ochre/27ca68bd-ad0b-4e0b-93de-e58560065f3f'>http://pi.lib.uchicago.edu/1001/org/ochre/27ca68bd-ad0b-4e0b-93de-e58560065f3f"", ""dsDescriptionDate"": ""2021-05-10""}]",http://pi.lib.uchicago.edu/1001/org/ochre/27ca68bd-ad0b-4e0b-93de-e58560065f3f
http://pi.lib.uchicago.edu/1001/org/ochre/c30a8150-02e0-4e18-974d-4687968c6727,A17_33615.jpg,A17_33615.jpg,"[{""dsDescriptionValue"": ""Link to OCHRE database: <a href = 'http://pi.lib.uchicago.edu/1001/org/ochre/c30a8150-02e0-4e18-974d-4687968c6727'>http://pi.lib.uchicago.edu/1001/org/ochre/c30a8150-02e0-4e18-974d-4687968c6727"", ""dsDescriptionDate"": ""2021-05-10""}]",http://pi.lib.uchicago.edu/1001/org/ochre/c30a8150-02e0-4e18-974d-4687968c6727
http://pi.lib.uchicago.edu/1001/org/ochre/f2863b5d-19ba-4cf7-81dc-df3ddd914a29,A17_33616.jpg,A17_33616.jpg,"[{""dsDescriptionValue"": ""Link to OCHRE database: <a href = 'http://pi.lib.uchicago.edu/1001/org/ochre/f2863b5d-19ba-4cf7-81dc-df3ddd914a29'>http://pi.lib.uchicago.edu/1001/org/ochre/f2863b5d-19ba-4cf7-81dc-df3ddd914a29"", ""dsDescriptionDate"": ""2021-05-10""}]",http://pi.lib.uchicago.edu/1001/org/ochre/f2863b5d-19ba-4cf7-81dc-df3ddd914a29
http://pi.lib.uchicago.edu/1001/org/ochre/0c29a33d-8d5f-47ed-a7d3-ab24aad8a924,A17_33617.jpg,A17_33617.jpg,"[{""dsDescriptionValue"": ""Link to OCHRE database: <a href = 'http://pi.lib.uchicago.edu/1001/org/ochre/0c29a33d-8d5f-47ed-a7d3-ab24aad8a924'>http://pi.lib.uchicago.edu/1001/org/ochre/0c29a33d-8d5f-47ed-a7d3-ab24aad8a924"", ""dsDescriptionDate"": ""2021-05-10""}]",http://pi.lib.uchicago.edu/1001/org/ochre/0c29a33d-8d5f-47ed-a7d3-ab24aad8a924
http://pi.lib.uchicago.edu/1001/org/ochre/4db0c3f2-d7ff-42d5-a47f-37ae0112cd69,A17_33618.jpg,A17_33618.jpg,"[{""dsDescriptionValue"": ""Link to OCHRE database: <a href = 'http://pi.lib.uchicago.edu/1001/org/ochre/4db0c3f2-d7ff-42d5-a47f-37ae0112cd69'>http://pi.lib.uchicago.edu/1001/org/ochre/4db0c3f2-d7ff-42d5-a47f-37ae0112cd69"", ""dsDescriptionDate"": ""2021-05-10""}]",http://pi.lib.uchicago.edu/1001/org/ochre/4db0c3f2-d7ff-42d5-a47f-37ae0112cd69
http://pi.lib.uchicago.edu/1001/org/ochre/71612e46-ef02-46c3-b90e-96f3dabd56f5,A17_33619.jpg,A17_33619.jpg,"[{""dsDescriptionValue"": ""Link to OCHRE database: <a href = 'http://pi.lib.uchicago.edu/1001/org/ochre/71612e46-ef02-46c3-b90e-96f3dabd56f5'>http://pi.lib.uchicago.edu/1001/org/ochre/71612e46-ef02-46c3-b90e-96f3dabd56f5"", ""dsDescriptionDate"": ""2021-05-10""}]",http://pi.lib.uchicago.edu/1001/org/ochre/71612e46-ef02-46c3-b90e-96f3dabd56f5
http://pi.lib.uchicago.edu/1001/org/ochre/33756be2-3935-4413-a75c-aecf59e295f7,A17_33620.jpg,A17_33620.jpg,"[{""dsDescriptionValue"": ""Link to OCHRE database: <a href = 'http://pi.lib.uchicago.edu/1001/org/ochre/33756be2-3935-4413-a75c-aecf59e295f7'>http://pi.lib.uchicago.edu/1001/org/ochre/33756be2-3935-4413-a75c-aecf59e295f7"", ""dsDescriptionDate"": ""2021-05-10""}]",http://pi.lib.uchicago.edu/1001/org/ochre/33756be2-3935-4413-a75c-aecf59e295f7
http://pi.lib.uchicago.edu/1001/org/ochre/33bd29ec-d9c4-4b8b-ba33-2538a8521e2d,A17_33621.jpg,A17_33621.jpg,"[{""dsDescriptionValue"": ""Link to OCHRE database: <a href = 'http://pi.lib.uchicago.edu/1001/org/ochre/33bd29ec-d9c4-4b8b-ba33-2538a8521e2d'>http://pi.lib.uchicago.edu/1001/org/ochre/33bd29ec-d9c4-4b8b-ba33-2538a8521e2d"", ""dsDescriptionDate"": ""2021-05-10""}]",http://pi.lib.uchicago.edu/1001/org/ochre/33bd29ec-d9c4-4b8b-ba33-2538a8521e2d
http://pi.lib.uchicago.edu/1001/org/ochre/6705a428-af11-47b8-9377-0ac4c74e7c11,A17_33622.jpg,A17_33622.jpg,"[{""dsDescriptionValue"": ""Link to OCHRE database: <a href = 'http://pi.lib.uchicago.edu/1001/org/ochre/6705a428-af11-47b8-9377-0ac4c74e7c11'>http://pi.lib.uchicago.edu/1001/org/ochre/6705a428-af11-47b8-9377-0ac4c74e7c11"", ""dsDescriptionDate"": ""2021-05-10""}]",http://pi.lib.uchicago.edu/1001/org/ochre/6705a428-af11-47b8-9377-0ac4c74e7c11
http://pi.lib.uchicago.edu/1001/org/ochre/71e8195f-4172-4105-9a26-7b647f33ac35,A17_33623.jpg,A17_33623.jpg,"[{""dsDescriptionValue"": ""Link to OCHRE database: <a href = 'http://pi.lib.uchicago.edu/1001/org/ochre/71e8195f-4172-4105-9a26-7b647f33ac35'>http://pi.lib.uchicago.edu/1001/org/ochre/71e8195f-4172-4105-9a26-7b647f33ac35"", ""dsDescriptionDate"": ""2021-05-10""}]",http://pi.lib.uchicago.edu/1001/org/ochre/71e8195f-4172-4105-9a26-7b647f33ac35
http://pi.lib.uchicago.edu/1001/org/ochre/c63fa61a-eac5-4d24-86e9-0b432942e54e,A17_33624.jpg,A17_33624.jpg,"[{""dsDescriptionValue"": ""Link to OCHRE database: <a href = 'http://pi.lib.uchicago.edu/1001/org/ochre/c63fa61a-eac5-4d24-86e9-0b432942e54e'>http://pi.lib.uchicago.edu/1001/org/ochre/c63fa61a-eac5-4d24-86e9-0b432942e54e"", ""dsDescriptionDate"": ""2021-05-10""}]",http://pi.lib.uchicago.edu/1001/org/ochre/c63fa61a-eac5-4d24-86e9-0b432942e54e
http://pi.lib.uchicago.edu/1001/org/ochre/c70e030c-85ed-4e53-9301-2d02185f6523,A17_33625.jpg,A17_33625.jpg,"[{""dsDescriptionValue"": ""Link to OCHRE database: <a href = 'http://pi.lib.uchicago.edu/1001/org/ochre/c70e030c-85ed-4e53-9301-2d02185f6523'>http://pi.lib.uchicago.edu/1001/org/ochre/c70e030c-85ed-4e53-9301-2d02185f6523"", ""dsDescriptionDate"": ""2021-05-10""}]",http://pi.lib.uchicago.edu/1001/org/ochre/c70e030c-85ed-4e53-9301-2d02185f6523
http://pi.lib.uchicago.edu/1001/org/ochre/cd64f5da-2545-4130-99b8-0d531d2322fc,A17_33626.jpg,A17_33626.jpg,"[{""dsDescriptionValue"": ""Link to OCHRE database: <a href = 'http://pi.lib.uchicago.edu/1001/org/ochre/cd64f5da-2545-4130-99b8-0d531d2322fc'>http://pi.lib.uchicago.edu/1001/org/ochre/cd64f5da-2545-4130-99b8-0d531d2322fc"", ""dsDescriptionDate"": ""2021-05-10""}]",http://pi.lib.uchicago.edu/1001/org/ochre/cd64f5da-2545-4130-99b8-0d531d2322fc
http://pi.lib.uchicago.edu/1001/org/ochre/fd10fead-91cc-4524-baae-62eccfdff60b,A17_33627.jpg,A17_33627.jpg,"[{""dsDescriptionValue"": ""Link to OCHRE database: <a href = 'http://pi.lib.uchicago.edu/1001/org/ochre/fd10fead-91cc-4524-baae-62eccfdff60b'>http://pi.lib.uchicago.edu/1001/org/ochre/fd10fead-91cc-4524-baae-62eccfdff60b"", ""dsDescriptionDate"": ""2021-05-10""}]",http://pi.lib.uchicago.edu/1001/org/ochre/fd10fead-91cc-4524-baae-62eccfdff60b
http://pi.lib.uchicago.edu/1001/org/ochre/b0eeb485-1fec-4658-abef-3be0e0f52772,A17_33628.jpg,A17_33628.jpg,"[{""dsDescriptionValue"": ""Link to OCHRE database: <a href = 'http://pi.lib.uchicago.edu/1001/org/ochre/b0eeb485-1fec-4658-abef-3be0e0f52772'>http://pi.lib.uchicago.edu/1001/org/ochre/b0eeb485-1fec-4658-abef-3be0e0f52772"", ""dsDescriptionDate"": ""2021-05-10""}]",http://pi.lib.uchicago.edu/1001/org/ochre/b0eeb485-1fec-4658-abef-3be0e0f52772
http://pi.lib.uchicago.edu/1001/org/ochre/cf75511a-0bd6-4776-83bb-b3adef4d00e9,A17_33629.jpg,A17_33629.jpg,"[{""dsDescriptionValue"": ""Link to OCHRE database: <a href = 'http://pi.lib.uchicago.edu/1001/org/ochre/cf75511a-0bd6-4776-83bb-b3adef4d00e9'>http://pi.lib.uchicago.edu/1001/org/ochre/cf75511a-0bd6-4776-83bb-b3adef4d00e9"", ""dsDescriptionDate"": ""2021-05-10""}]",http://pi.lib.uchicago.edu/1001/org/ochre/cf75511a-0bd6-4776-83bb-b3adef4d00e9
http://pi.lib.uchicago.edu/1001/org/ochre/e782e72e-33c3-4626-bd5b-dcb37f09314e,A17_33630.jpg,A17_33630.jpg,"[{""dsDescriptionValue"": ""Link to OCHRE database: <a href = 'http://pi.lib.uchicago.edu/1001/org/ochre/e782e72e-33c3-4626-bd5b-dcb37f09314e'>http://pi.lib.uchicago.edu/1001/org/ochre/e782e72e-33c3-4626-bd5b-dcb37f09314e"", ""dsDescriptionDate"": ""2021-05-10""}]",http://pi.lib.uchicago.edu/1001/org/ochre/e782e72e-33c3-4626-bd5b-dcb37f09314e
http://pi.lib.uchicago.edu/1001/org/ochre/c74a499a-b7ed-4d31-a82a-499d960241df,A17_33631.jpg,A17_33631.jpg,"[{""dsDescriptionValue"": ""Link to OCHRE database: <a href = 'http://pi.lib.uchicago.edu/1001/org/ochre/c74a499a-b7ed-4d31-a82a-499d960241df'>http://pi.lib.uchicago.edu/1001/org/ochre/c74a499a-b7ed-4d31-a82a-499d960241df"", ""dsDescriptionDate"": ""2021-05-10""}]",http://pi.lib.uchicago.edu/1001/org/ochre/c74a499a-b7ed-4d31-a82a-499d960241df
http://pi.lib.uchicago.edu/1001/org/ochre/f41ae878-a8cd-4907-a7a8-a4a200e2c7e7,A17_33632.jpg,A17_33632.jpg,"[{""dsDescriptionValue"": ""Link to OCHRE database: <a href = 'http://pi.lib.uchicago.edu/1001/org/ochre/f41ae878-a8cd-4907-a7a8-a4a200e2c7e7'>http://pi.lib.uchicago.edu/1001/org/ochre/f41ae878-a8cd-4907-a7a8-a4a200e2c7e7"", ""dsDescriptionDate"": ""2021-05-10""}]",http://pi.lib.uchicago.edu/1001/org/ochre/f41ae878-a8cd-4907-a7a8-a4a200e2c7e7
http://pi.lib.uchicago.edu/1001/org/ochre/cfd0c67b-57df-4914-8650-7524c87dff47,A17_33633.jpg,A17_33633.jpg,"[{""dsDescriptionValue"": ""Link to OCHRE database: <a href = 'http://pi.lib.uchicago.edu/1001/org/ochre/cfd0c67b-57df-4914-8650-7524c87dff47'>http://pi.lib.uchicago.edu/1001/org/ochre/cfd0c67b-57df-4914-8650-7524c87dff47"", ""dsDescriptionDate"": ""2021-05-10""}]",http://pi.lib.uchicago.edu/1001/org/ochre/cfd0c67b-57df-4914-8650-7524c87dff47
http://pi.lib.uchicago.edu/1001/org/ochre/8048028f-b11c-439e-8acd-027bf0e86043,A17_33634.jpg,A17_33634.jpg,"[{""dsDescriptionValue"": ""Link to OCHRE database: <a href = 'http://pi.lib.uchicago.edu/1001/org/ochre/8048028f-b11c-439e-8acd-027bf0e86043'>http://pi.lib.uchicago.edu/1001/org/ochre/8048028f-b11c-439e-8acd-027bf0e86043"", ""dsDescriptionDate"": ""2021-05-10""}]",http://pi.lib.uchicago.edu/1001/org/ochre/8048028f-b11c-439e-8acd-027bf0e86043
http://pi.lib.uchicago.edu/1001/org/ochre/28e9f8af-57ca-4f8c-be55-9b334399775c,A17_33635.jpg,A17_33635.jpg,"[{""dsDescriptionValue"": ""Link to OCHRE database: <a href = 'http://pi.lib.uchicago.edu/1001/org/ochre/28e9f8af-57ca-4f8c-be55-9b334399775c'>http://pi.lib.uchicago.edu/1001/org/ochre/28e9f8af-57ca-4f8c-be55-9b334399775c"", ""dsDescriptionDate"": ""2021-05-10""}]",http://pi.lib.uchicago.edu/1001/org/ochre/28e9f8af-57ca-4f8c-be55-9b334399775c
http://pi.lib.uchicago.edu/1001/org/ochre/d758807c-e49e-44e0-bd13-b1541814b56c,A17_33636.jpg,A17_33636.jpg,"[{""dsDescriptionValue"": ""Link to OCHRE database: <a href = 'http://pi.lib.uchicago.edu/1001/org/ochre/d758807c-e49e-44e0-bd13-b1541814b56c'>http://pi.lib.uchicago.edu/1001/org/ochre/d758807c-e49e-44e0-bd13-b1541814b56c"", ""dsDescriptionDate"": ""2021-05-10""}]",http://pi.lib.uchicago.edu/1001/org/ochre/d758807c-e49e-44e0-bd13-b1541814b56c
http://pi.lib.uchicago.edu/1001/org/ochre/83358e34-0fe1-4497-8ad5-e1b47bab1eac,A17_33637.jpg,A17_33637.jpg,"[{""dsDescriptionValue"": ""Link to OCHRE database: <a href = 'http://pi.lib.uchicago.edu/1001/org/ochre/83358e34-0fe1-4497-8ad5-e1b47bab1eac'>http://pi.lib.uchicago.edu/1001/org/ochre/83358e34-0fe1-4497-8ad5-e1b47bab1eac"", ""dsDescriptionDate"": ""2021-05-10""}]",http://pi.lib.uchicago.edu/1001/org/ochre/83358e34-0fe1-4497-8ad5-e1b47bab1eac
http://pi.lib.uchicago.edu/1001/org/ochre/0403312d-f0e8-4681-9c8b-398a7a175937,A17_33638.jpg,A17_33638.jpg,"[{""dsDescriptionValue"": ""Link to OCHRE database: <a href = 'http://pi.lib.uchicago.edu/1001/org/ochre/0403312d-f0e8-4681-9c8b-398a7a175937'>http://pi.lib.uchicago.edu/1001/org/ochre/0403312d-f0e8-4681-9c8b-398a7a175937"", ""dsDescriptionDate"": ""2021-05-10""}]",http://pi.lib.uchicago.edu/1001/org/ochre/0403312d-f0e8-4681-9c8b-398a7a175937
http://pi.lib.uchicago.edu/1001/org/ochre/e756b15d-cee7-4878-8054-8f5b200b8850,A17_33639.jpg,A17_33639.jpg,"[{""dsDescriptionValue"": ""Link to OCHRE database: <a href = 'http://pi.lib.uchicago.edu/1001/org/ochre/e756b15d-cee7-4878-8054-8f5b200b8850'>http://pi.lib.uchicago.edu/1001/org/ochre/e756b15d-cee7-4878-8054-8f5b200b8850"", ""dsDescriptionDate"": ""2021-05-10""}]",http://pi.lib.uchicago.edu/1001/org/ochre/e756b15d-cee7-4878-8054-8f5b200b8850
http://pi.lib.uchicago.edu/1001/org/ochre/8e244636-6cff-4dad-8d49-e1de06256627,A17_33640.jpg,A17_33640.jpg,"[{""dsDescriptionValue"": ""Link to OCHRE database: <a href = 'http://pi.lib.uchicago.edu/1001/org/ochre/8e244636-6cff-4dad-8d49-e1de06256627'>http://pi.lib.uchicago.edu/1001/org/ochre/8e244636-6cff-4dad-8d49-e1de06256627"", ""dsDescriptionDate"": ""2021-05-10""}]",http://pi.lib.uchicago.edu/1001/org/ochre/8e244636-6cff-4dad-8d49-e1de06256627
http://pi.lib.uchicago.edu/1001/org/ochre/2bebf71f-a14d-492f-af53-1fd3b4297045,A17_33641.jpg,A17_33641.jpg,"[{""dsDescriptionValue"": ""Link to OCHRE database: <a href = 'http://pi.lib.uchicago.edu/1001/org/ochre/2bebf71f-a14d-492f-af53-1fd3b4297045'>http://pi.lib.uchicago.edu/1001/org/ochre/2bebf71f-a14d-492f-af53-1fd3b4297045"", ""dsDescriptionDate"": ""2021-05-10""}]",http://pi.lib.uchicago.edu/1001/org/ochre/2bebf71f-a14d-492f-af53-1fd3b4297045
http://pi.lib.uchicago.edu/1001/org/ochre/95aeb1a7-2f3a-44c6-8868-38c6c3bf06e4,A17_33642.jpg,A17_33642.jpg,"[{""dsDescriptionValue"": ""Link to OCHRE database: <a href = 'http://pi.lib.uchicago.edu/1001/org/ochre/95aeb1a7-2f3a-44c6-8868-38c6c3bf06e4'>http://pi.lib.uchicago.edu/1001/org/ochre/95aeb1a7-2f3a-44c6-8868-38c6c3bf06e4"", ""dsDescriptionDate"": ""2021-05-10""}]",http://pi.lib.uchicago.edu/1001/org/ochre/95aeb1a7-2f3a-44c6-8868-38c6c3bf06e4
http://pi.lib.uchicago.edu/1001/org/ochre/ec116829-19f9-437c-8433-7fbe7e0aa49c,A17_33643.jpg,A17_33643.jpg,"[{""dsDescriptionValue"": ""Link to OCHRE database: <a href = 'http://pi.lib.uchicago.edu/1001/org/ochre/ec116829-19f9-437c-8433-7fbe7e0aa49c'>http://pi.lib.uchicago.edu/1001/org/ochre/ec116829-19f9-437c-8433-7fbe7e0aa49c"", ""dsDescriptionDate"": ""2021-05-10""}]",http://pi.lib.uchicago.edu/1001/org/ochre/ec116829-19f9-437c-8433-7fbe7e0aa49c
http://pi.lib.uchicago.edu/1001/org/ochre/b9a181ab-fea7-4601-b497-9725334107b0,A17_33644.jpg,A17_33644.jpg,"[{""dsDescriptionValue"": ""Link to OCHRE database: <a href = 'http://pi.lib.uchicago.edu/1001/org/ochre/b9a181ab-fea7-4601-b497-9725334107b0'>http://pi.lib.uchicago.edu/1001/org/ochre/b9a181ab-fea7-4601-b497-9725334107b0"", ""dsDescriptionDate"": ""2021-05-10""}]",http://pi.lib.uchicago.edu/1001/org/ochre/b9a181ab-fea7-4601-b497-9725334107b0
http://pi.lib.uchicago.edu/1001/org/ochre/69842ba0-e1de-4817-913e-95d1169517ce,A17_33645.jpg,A17_33645.jpg,"[{""dsDescriptionValue"": ""Link to OCHRE database: <a href = 'http://pi.lib.uchicago.edu/1001/org/ochre/69842ba0-e1de-4817-913e-95d1169517ce'>http://pi.lib.uchicago.edu/1001/org/ochre/69842ba0-e1de-4817-913e-95d1169517ce"", ""dsDescriptionDate"": ""2021-05-10""}]",http://pi.lib.uchicago.edu/1001/org/ochre/69842ba0-e1de-4817-913e-95d1169517ce
http://pi.lib.uchicago.edu/1001/org/ochre/10c39428-14d3-4d5a-85f3-c2f0459a6862,A17_33646.jpg,A17_33646.jpg,"[{""dsDescriptionValue"": ""Link to OCHRE database: <a href = 'http://pi.lib.uchicago.edu/1001/org/ochre/10c39428-14d3-4d5a-85f3-c2f0459a6862'>http://pi.lib.uchicago.edu/1001/org/ochre/10c39428-14d3-4d5a-85f3-c2f0459a6862"", ""dsDescriptionDate"": ""2021-05-10""}]",http://pi.lib.uchicago.edu/1001/org/ochre/10c39428-14d3-4d5a-85f3-c2f0459a6862
http://pi.lib.uchicago.edu/1001/org/ochre/208dcd90-c730-414b-99c7-90c4ea68e811,A17_33647.jpg,A17_33647.jpg,"[{""dsDescriptionValue"": ""Link to OCHRE database: <a href = 'http://pi.lib.uchicago.edu/1001/org/ochre/208dcd90-c730-414b-99c7-90c4ea68e811'>http://pi.lib.uchicago.edu/1001/org/ochre/208dcd90-c730-414b-99c7-90c4ea68e811"", ""dsDescriptionDate"": ""2021-05-10""}]",http://pi.lib.uchicago.edu/1001/org/ochre/208dcd90-c730-414b-99c7-90c4ea68e811
http://pi.lib.uchicago.edu/1001/org/ochre/763eef55-7af0-40b4-9d25-60ee9d7235f2,A17_33648.jpg,A17_33648.jpg,"[{""dsDescriptionValue"": ""Link to OCHRE database: <a href = 'http://pi.lib.uchicago.edu/1001/org/ochre/763eef55-7af0-40b4-9d25-60ee9d7235f2'>http://pi.lib.uchicago.edu/1001/org/ochre/763eef55-7af0-40b4-9d25-60ee9d7235f2"", ""dsDescriptionDate"": ""2021-05-10""}]",http://pi.lib.uchicago.edu/1001/org/ochre/763eef55-7af0-40b4-9d25-60ee9d7235f2
http://pi.lib.uchicago.edu/1001/org/ochre/416b3ba0-4106-4e17-8020-7ffa33fef428,A17_33649.jpg,A17_33649.jpg,"[{""dsDescriptionValue"": ""Link to OCHRE database: <a href = 'http://pi.lib.uchicago.edu/1001/org/ochre/416b3ba0-4106-4e17-8020-7ffa33fef428'>http://pi.lib.uchicago.edu/1001/org/ochre/416b3ba0-4106-4e17-8020-7ffa33fef428"", ""dsDescriptionDate"": ""2021-05-10""}]",http://pi.lib.uchicago.edu/1001/org/ochre/416b3ba0-4106-4e17-8020-7ffa33fef428
http://pi.lib.uchicago.edu/1001/org/ochre/fe41dd22-7bd9-4eac-ab80-3b8cf8371f6b,A17_33650.jpg,A17_33650.jpg,"[{""dsDescriptionValue"": ""Link to OCHRE database: <a href = 'http://pi.lib.uchicago.edu/1001/org/ochre/fe41dd22-7bd9-4eac-ab80-3b8cf8371f6b'>http://pi.lib.uchicago.edu/1001/org/ochre/fe41dd22-7bd9-4eac-ab80-3b8cf8371f6b"", ""dsDescriptionDate"": ""2021-05-10""}]",http://pi.lib.uchicago.edu/1001/org/ochre/fe41dd22-7bd9-4eac-ab80-3b8cf8371f6b
http://pi.lib.uchicago.edu/1001/org/ochre/adbbf585-8ac5-49ab-b55c-95636aca7eab,A17_33651.jpg,A17_33651.jpg,"[{""dsDescriptionValue"": ""Link to OCHRE database: <a href = 'http://pi.lib.uchicago.edu/1001/org/ochre/adbbf585-8ac5-49ab-b55c-95636aca7eab'>http://pi.lib.uchicago.edu/1001/org/ochre/adbbf585-8ac5-49ab-b55c-95636aca7eab"", ""dsDescriptionDate"": ""2021-05-10""}]",http://pi.lib.uchicago.edu/1001/org/ochre/adbbf585-8ac5-49ab-b55c-95636aca7eab
http://pi.lib.uchicago.edu/1001/org/ochre/76c26272-b012-44bc-8f7d-7dfd0b770d7b,A17_33652.jpg,A17_33652.jpg,"[{""dsDescriptionValue"": ""Link to OCHRE database: <a href = 'http://pi.lib.uchicago.edu/1001/org/ochre/76c26272-b012-44bc-8f7d-7dfd0b770d7b'>http://pi.lib.uchicago.edu/1001/org/ochre/76c26272-b012-44bc-8f7d-7dfd0b770d7b"", ""dsDescriptionDate"": ""2021-05-10""}]",http://pi.lib.uchicago.edu/1001/org/ochre/76c26272-b012-44bc-8f7d-7dfd0b770d7b
http://pi.lib.uchicago.edu/1001/org/ochre/31a15826-c4ed-4af7-8d63-cbba413c0801,A17_33653.jpg,A17_33653.jpg,"[{""dsDescriptionValue"": ""Link to OCHRE database: <a href = 'http://pi.lib.uchicago.edu/1001/org/ochre/31a15826-c4ed-4af7-8d63-cbba413c0801'>http://pi.lib.uchicago.edu/1001/org/ochre/31a15826-c4ed-4af7-8d63-cbba413c0801"", ""dsDescriptionDate"": ""2021-05-10""}]",http://pi.lib.uchicago.edu/1001/org/ochre/31a15826-c4ed-4af7-8d63-cbba413c0801
http://pi.lib.uchicago.edu/1001/org/ochre/c8da2300-b03d-4c7e-976f-8a1109ecbe94,A17_33654.jpg,A17_33654.jpg,"[{""dsDescriptionValue"": ""Link to OCHRE database: <a href = 'http://pi.lib.uchicago.edu/1001/org/ochre/c8da2300-b03d-4c7e-976f-8a1109ecbe94'>http://pi.lib.uchicago.edu/1001/org/ochre/c8da2300-b03d-4c7e-976f-8a1109ecbe94"", ""dsDescriptionDate"": ""2021-05-10""}]",http://pi.lib.uchicago.edu/1001/org/ochre/c8da2300-b03d-4c7e-976f-8a1109ecbe94
http://pi.lib.uchicago.edu/1001/org/ochre/0c24f2ab-6526-489a-9663-25aa50ef3e91,A17_33655.jpg,A17_33655.jpg,"[{""dsDescriptionValue"": ""Link to OCHRE database: <a href = 'http://pi.lib.uchicago.edu/1001/org/ochre/0c24f2ab-6526-489a-9663-25aa50ef3e91'>http://pi.lib.uchicago.edu/1001/org/ochre/0c24f2ab-6526-489a-9663-25aa50ef3e91"", ""dsDescriptionDate"": ""2021-05-10""}]",http://pi.lib.uchicago.edu/1001/org/ochre/0c24f2ab-6526-489a-9663-25aa50ef3e91
http://pi.lib.uchicago.edu/1001/org/ochre/c6e0924d-8ee0-4241-8014-163106d1a349,A17_33656.jpg,A17_33656.jpg,"[{""dsDescriptionValue"": ""Link to OCHRE database: <a href = 'http://pi.lib.uchicago.edu/1001/org/ochre/c6e0924d-8ee0-4241-8014-163106d1a349'>http://pi.lib.uchicago.edu/1001/org/ochre/c6e0924d-8ee0-4241-8014-163106d1a349"", ""dsDescriptionDate"": ""2021-05-10""}]",http://pi.lib.uchicago.edu/1001/org/ochre/c6e0924d-8ee0-4241-8014-163106d1a349
http://pi.lib.uchicago.edu/1001/org/ochre/37abf7db-3789-4ca9-8c77-2cee14fa9c3a,A17_33657.jpg,A17_33657.jpg,"[{""dsDescriptionValue"": ""Link to OCHRE database: <a href = 'http://pi.lib.uchicago.edu/1001/org/ochre/37abf7db-3789-4ca9-8c77-2cee14fa9c3a'>http://pi.lib.uchicago.edu/1001/org/ochre/37abf7db-3789-4ca9-8c77-2cee14fa9c3a"", ""dsDescriptionDate"": ""2021-05-10""}]",http://pi.lib.uchicago.edu/1001/org/ochre/37abf7db-3789-4ca9-8c77-2cee14fa9c3a
http://pi.lib.uchicago.edu/1001/org/ochre/3eb2c166-07dc-422f-b78a-7bbc51d838a9,A17_33658.jpg,A17_33658.jpg,"[{""dsDescriptionValue"": ""Link to OCHRE database: <a href = 'http://pi.lib.uchicago.edu/1001/org/ochre/3eb2c166-07dc-422f-b78a-7bbc51d838a9'>http://pi.lib.uchicago.edu/1001/org/ochre/3eb2c166-07dc-422f-b78a-7bbc51d838a9"", ""dsDescriptionDate"": ""2021-05-10""}]",http://pi.lib.uchicago.edu/1001/org/ochre/3eb2c166-07dc-422f-b78a-7bbc51d838a9
http://pi.lib.uchicago.edu/1001/org/ochre/2d9808c8-6c58-4c35-9608-caee3e22e642,A17_33659.jpg,A17_33659.jpg,"[{""dsDescriptionValue"": ""Link to OCHRE database: <a href = 'http://pi.lib.uchicago.edu/1001/org/ochre/2d9808c8-6c58-4c35-9608-caee3e22e642'>http://pi.lib.uchicago.edu/1001/org/ochre/2d9808c8-6c58-4c35-9608-caee3e22e642"", ""dsDescriptionDate"": ""2021-05-10""}]",http://pi.lib.uchicago.edu/1001/org/ochre/2d9808c8-6c58-4c35-9608-caee3e22e642
http://pi.lib.uchicago.edu/1001/org/ochre/11bd4094-0038-4b89-ad25-eab2de9cdb92,A17_33660.jpg,A17_33660.jpg,"[{""dsDescriptionValue"": ""Link to OCHRE database: <a href = 'http://pi.lib.uchicago.edu/1001/org/ochre/11bd4094-0038-4b89-ad25-eab2de9cdb92'>http://pi.lib.uchicago.edu/1001/org/ochre/11bd4094-0038-4b89-ad25-eab2de9cdb92"", ""dsDescriptionDate"": ""2021-05-10""}]",http://pi.lib.uchicago.edu/1001/org/ochre/11bd4094-0038-4b89-ad25-eab2de9cdb92
http://pi.lib.uchicago.edu/1001/org/ochre/90ead18c-4fe1-4ff1-9bed-d52df1f1b912,A17_33661.jpg,A17_33661.jpg,"[{""dsDescriptionValue"": ""Link to OCHRE database: <a href = 'http://pi.lib.uchicago.edu/1001/org/ochre/90ead18c-4fe1-4ff1-9bed-d52df1f1b912'>http://pi.lib.uchicago.edu/1001/org/ochre/90ead18c-4fe1-4ff1-9bed-d52df1f1b912"", ""dsDescriptionDate"": ""2021-05-10""}]",http://pi.lib.uchicago.edu/1001/org/ochre/90ead18c-4fe1-4ff1-9bed-d52df1f1b912
http://pi.lib.uchicago.edu/1001/org/ochre/cf2838b8-29bb-4536-bfd5-9761f0da66e7,A17_33662.jpg,A17_33662.jpg,"[{""dsDescriptionValue"": ""Link to OCHRE database: <a href = 'http://pi.lib.uchicago.edu/1001/org/ochre/cf2838b8-29bb-4536-bfd5-9761f0da66e7'>http://pi.lib.uchicago.edu/1001/org/ochre/cf2838b8-29bb-4536-bfd5-9761f0da66e7"", ""dsDescriptionDate"": ""2021-05-10""}]",http://pi.lib.uchicago.edu/1001/org/ochre/cf2838b8-29bb-4536-bfd5-9761f0da66e7
http://pi.lib.uchicago.edu/1001/org/ochre/83701c44-2be5-4fec-942d-bb24cd68ca12,A17_33663.jpg,A17_33663.jpg,"[{""dsDescriptionValue"": ""Link to OCHRE database: <a href = 'http://pi.lib.uchicago.edu/1001/org/ochre/83701c44-2be5-4fec-942d-bb24cd68ca12'>http://pi.lib.uchicago.edu/1001/org/ochre/83701c44-2be5-4fec-942d-bb24cd68ca12"", ""dsDescriptionDate"": ""2021-05-10""}]",http://pi.lib.uchicago.edu/1001/org/ochre/83701c44-2be5-4fec-942d-bb24cd68ca12
http://pi.lib.uchicago.edu/1001/org/ochre/08795795-82d9-4ed9-8524-758eb69d6525,A17_33664.jpg,A17_33664.jpg,"[{""dsDescriptionValue"": ""Link to OCHRE database: <a href = 'http://pi.lib.uchicago.edu/1001/org/ochre/08795795-82d9-4ed9-8524-758eb69d6525'>http://pi.lib.uchicago.edu/1001/org/ochre/08795795-82d9-4ed9-8524-758eb69d6525"", ""dsDescriptionDate"": ""2021-05-10""}]",http://pi.lib.uchicago.edu/1001/org/ochre/08795795-82d9-4ed9-8524-758eb69d6525
http://pi.lib.uchicago.edu/1001/org/ochre/a411eb58-b510-4888-b48f-8d3df551d45f,A17_33665.jpg,A17_33665.jpg,"[{""dsDescriptionValue"": ""Link to OCHRE database: <a href = 'http://pi.lib.uchicago.edu/1001/org/ochre/a411eb58-b510-4888-b48f-8d3df551d45f'>http://pi.lib.uchicago.edu/1001/org/ochre/a411eb58-b510-4888-b48f-8d3df551d45f"", ""dsDescriptionDate"": ""2021-05-10""}]",http://pi.lib.uchicago.edu/1001/org/ochre/a411eb58-b510-4888-b48f-8d3df551d45f
http://pi.lib.uchicago.edu/1001/org/ochre/fbc5405e-279d-4c34-baf0-af9d8d751d82,A17_33666.jpg,A17_33666.jpg,"[{""dsDescriptionValue"": ""Link to OCHRE database: <a href = 'http://pi.lib.uchicago.edu/1001/org/ochre/fbc5405e-279d-4c34-baf0-af9d8d751d82'>http://pi.lib.uchicago.edu/1001/org/ochre/fbc5405e-279d-4c34-baf0-af9d8d751d82"", ""dsDescriptionDate"": ""2021-05-10""}]",http://pi.lib.uchicago.edu/1001/org/ochre/fbc5405e-279d-4c34-baf0-af9d8d751d82
http://pi.lib.uchicago.edu/1001/org/ochre/e98f7914-a1ee-42ec-9c69-682c7a3a6774,A17_33667.jpg,A17_33667.jpg,"[{""dsDescriptionValue"": ""Link to OCHRE database: <a href = 'http://pi.lib.uchicago.edu/1001/org/ochre/e98f7914-a1ee-42ec-9c69-682c7a3a6774'>http://pi.lib.uchicago.edu/1001/org/ochre/e98f7914-a1ee-42ec-9c69-682c7a3a6774"", ""dsDescriptionDate"": ""2021-05-10""}]",http://pi.lib.uchicago.edu/1001/org/ochre/e98f7914-a1ee-42ec-9c69-682c7a3a6774
http://pi.lib.uchicago.edu/1001/org/ochre/69c58ed4-eea0-42a2-b7e8-64e83f162d72,A17_33668.jpg,A17_33668.jpg,"[{""dsDescriptionValue"": ""Link to OCHRE database: <a href = 'http://pi.lib.uchicago.edu/1001/org/ochre/69c58ed4-eea0-42a2-b7e8-64e83f162d72'>http://pi.lib.uchicago.edu/1001/org/ochre/69c58ed4-eea0-42a2-b7e8-64e83f162d72"", ""dsDescriptionDate"": ""2021-05-10""}]",http://pi.lib.uchicago.edu/1001/org/ochre/69c58ed4-eea0-42a2-b7e8-64e83f162d72
http://pi.lib.uchicago.edu/1001/org/ochre/37b36600-c210-4fd5-9cfb-37065a6baf0a,A17_33669.jpg,A17_33669.jpg,"[{""dsDescriptionValue"": ""Link to OCHRE database: <a href = 'http://pi.lib.uchicago.edu/1001/org/ochre/37b36600-c210-4fd5-9cfb-37065a6baf0a'>http://pi.lib.uchicago.edu/1001/org/ochre/37b36600-c210-4fd5-9cfb-37065a6baf0a"", ""dsDescriptionDate"": ""2021-05-10""}]",http://pi.lib.uchicago.edu/1001/org/ochre/37b36600-c210-4fd5-9cfb-37065a6baf0a
http://pi.lib.uchicago.edu/1001/org/ochre/6d5e1603-aa70-4703-baec-cbd2a8d0a619,A17_33670.jpg,A17_33670.jpg,"[{""dsDescriptionValue"": ""Link to OCHRE database: <a href = 'http://pi.lib.uchicago.edu/1001/org/ochre/6d5e1603-aa70-4703-baec-cbd2a8d0a619'>http://pi.lib.uchicago.edu/1001/org/ochre/6d5e1603-aa70-4703-baec-cbd2a8d0a619"", ""dsDescriptionDate"": ""2021-05-10""}]",http://pi.lib.uchicago.edu/1001/org/ochre/6d5e1603-aa70-4703-baec-cbd2a8d0a619
http://pi.lib.uchicago.edu/1001/org/ochre/7816bb7f-3a2c-4228-a2e4-1f201ecf7fb9,A17_33671.jpg,A17_33671.jpg,"[{""dsDescriptionValue"": ""Link to OCHRE database: <a href = 'http://pi.lib.uchicago.edu/1001/org/ochre/7816bb7f-3a2c-4228-a2e4-1f201ecf7fb9'>http://pi.lib.uchicago.edu/1001/org/ochre/7816bb7f-3a2c-4228-a2e4-1f201ecf7fb9"", ""dsDescriptionDate"": ""2021-05-10""}]",http://pi.lib.uchicago.edu/1001/org/ochre/7816bb7f-3a2c-4228-a2e4-1f201ecf7fb9
http://pi.lib.uchicago.edu/1001/org/ochre/c48961ff-b10e-4d70-b625-bc3d510b07f8,A17_33672.jpg,A17_33672.jpg,"[{""dsDescriptionValue"": ""Link to OCHRE database: <a href = 'http://pi.lib.uchicago.edu/1001/org/ochre/c48961ff-b10e-4d70-b625-bc3d510b07f8'>http://pi.lib.uchicago.edu/1001/org/ochre/c48961ff-b10e-4d70-b625-bc3d510b07f8"", ""dsDescriptionDate"": ""2021-05-10""}]",http://pi.lib.uchicago.edu/1001/org/ochre/c48961ff-b10e-4d70-b625-bc3d510b07f8
http://pi.lib.uchicago.edu/1001/org/ochre/5efecc11-10eb-4268-93f9-f6bcfc1c5fe8,A17_33673.jpg,A17_33673.jpg,"[{""dsDescriptionValue"": ""Link to OCHRE database: <a href = 'http://pi.lib.uchicago.edu/1001/org/ochre/5efecc11-10eb-4268-93f9-f6bcfc1c5fe8'>http://pi.lib.uchicago.edu/1001/org/ochre/5efecc11-10eb-4268-93f9-f6bcfc1c5fe8"", ""dsDescriptionDate"": ""2021-05-10""}]",http://pi.lib.uchicago.edu/1001/org/ochre/5efecc11-10eb-4268-93f9-f6bcfc1c5fe8
http://pi.lib.uchicago.edu/1001/org/ochre/c992a792-669b-4e59-95e2-c9973cb645eb,A17_33674.jpg,A17_33674.jpg,"[{""dsDescriptionValue"": ""Link to OCHRE database: <a href = 'http://pi.lib.uchicago.edu/1001/org/ochre/c992a792-669b-4e59-95e2-c9973cb645eb'>http://pi.lib.uchicago.edu/1001/org/ochre/c992a792-669b-4e59-95e2-c9973cb645eb"", ""dsDescriptionDate"": ""2021-05-10""}]",http://pi.lib.uchicago.edu/1001/org/ochre/c992a792-669b-4e59-95e2-c9973cb645eb
http://pi.lib.uchicago.edu/1001/org/ochre/89b4d905-0441-425b-8c80-39dddade577d,A17_33675.jpg,A17_33675.jpg,"[{""dsDescriptionValue"": ""Link to OCHRE database: <a href = 'http://pi.lib.uchicago.edu/1001/org/ochre/89b4d905-0441-425b-8c80-39dddade577d'>http://pi.lib.uchicago.edu/1001/org/ochre/89b4d905-0441-425b-8c80-39dddade577d"", ""dsDescriptionDate"": ""2021-05-10""}]",http://pi.lib.uchicago.edu/1001/org/ochre/89b4d905-0441-425b-8c80-39dddade577d
http://pi.lib.uchicago.edu/1001/org/ochre/767a64de-e8ff-4eb1-b284-b53dcd6b67ec,A17_33676.jpg,A17_33676.jpg,"[{""dsDescriptionValue"": ""Link to OCHRE database: <a href = 'http://pi.lib.uchicago.edu/1001/org/ochre/767a64de-e8ff-4eb1-b284-b53dcd6b67ec'>http://pi.lib.uchicago.edu/1001/org/ochre/767a64de-e8ff-4eb1-b284-b53dcd6b67ec"", ""dsDescriptionDate"": ""2021-05-10""}]",http://pi.lib.uchicago.edu/1001/org/ochre/767a64de-e8ff-4eb1-b284-b53dcd6b67ec
http://pi.lib.uchicago.edu/1001/org/ochre/515fedaf-6260-43d3-ba37-2349954db460,A17_33677.jpg,A17_33677.jpg,"[{""dsDescriptionValue"": ""Link to OCHRE database: <a href = 'http://pi.lib.uchicago.edu/1001/org/ochre/515fedaf-6260-43d3-ba37-2349954db460'>http://pi.lib.uchicago.edu/1001/org/ochre/515fedaf-6260-43d3-ba37-2349954db460"", ""dsDescriptionDate"": ""2021-05-10""}]",http://pi.lib.uchicago.edu/1001/org/ochre/515fedaf-6260-43d3-ba37-2349954db460
http://pi.lib.uchicago.edu/1001/org/ochre/6574327f-410b-47be-bb53-6eb3ef1e929c,A17_33678.jpg,A17_33678.jpg,"[{""dsDescriptionValue"": ""Link to OCHRE database: <a href = 'http://pi.lib.uchicago.edu/1001/org/ochre/6574327f-410b-47be-bb53-6eb3ef1e929c'>http://pi.lib.uchicago.edu/1001/org/ochre/6574327f-410b-47be-bb53-6eb3ef1e929c"", ""dsDescriptionDate"": ""2021-05-10""}]",http://pi.lib.uchicago.edu/1001/org/ochre/6574327f-410b-47be-bb53-6eb3ef1e929c
http://pi.lib.uchicago.edu/1001/org/ochre/0c5e1932-5b6f-4e4a-971b-56ea4e8e0883,A17_33679.jpg,A17_33679.jpg,"[{""dsDescriptionValue"": ""Link to OCHRE database: <a href = 'http://pi.lib.uchicago.edu/1001/org/ochre/0c5e1932-5b6f-4e4a-971b-56ea4e8e0883'>http://pi.lib.uchicago.edu/1001/org/ochre/0c5e1932-5b6f-4e4a-971b-56ea4e8e0883"", ""dsDescriptionDate"": ""2021-05-10""}]",http://pi.lib.uchicago.edu/1001/org/ochre/0c5e1932-5b6f-4e4a-971b-56ea4e8e0883
http://pi.lib.uchicago.edu/1001/org/ochre/8e63a658-95f3-45f3-95d9-f35b5ba6ee83,A17_33680.jpg,A17_33680.jpg,"[{""dsDescriptionValue"": ""Link to OCHRE database: <a href = 'http://pi.lib.uchicago.edu/1001/org/ochre/8e63a658-95f3-45f3-95d9-f35b5ba6ee83'>http://pi.lib.uchicago.edu/1001/org/ochre/8e63a658-95f3-45f3-95d9-f35b5ba6ee83"", ""dsDescriptionDate"": ""2021-05-10""}]",http://pi.lib.uchicago.edu/1001/org/ochre/8e63a658-95f3-45f3-95d9-f35b5ba6ee83
http://pi.lib.uchicago.edu/1001/org/ochre/f7dee97d-4172-422b-a15c-81ced98f2612,A17_33681.jpg,A17_33681.jpg,"[{""dsDescriptionValue"": ""Link to OCHRE database: <a href = 'http://pi.lib.uchicago.edu/1001/org/ochre/f7dee97d-4172-422b-a15c-81ced98f2612'>http://pi.lib.uchicago.edu/1001/org/ochre/f7dee97d-4172-422b-a15c-81ced98f2612"", ""dsDescriptionDate"": ""2021-05-10""}]",http://pi.lib.uchicago.edu/1001/org/ochre/f7dee97d-4172-422b-a15c-81ced98f2612
http://pi.lib.uchicago.edu/1001/org/ochre/b1b5cc95-60b5-4eaf-937d-b55a3140b686,A17_33682.jpg,A17_33682.jpg,"[{""dsDescriptionValue"": ""Link to OCHRE database: <a href = 'http://pi.lib.uchicago.edu/1001/org/ochre/b1b5cc95-60b5-4eaf-937d-b55a3140b686'>http://pi.lib.uchicago.edu/1001/org/ochre/b1b5cc95-60b5-4eaf-937d-b55a3140b686"", ""dsDescriptionDate"": ""2021-05-10""}]",http://pi.lib.uchicago.edu/1001/org/ochre/b1b5cc95-60b5-4eaf-937d-b55a3140b686
http://pi.lib.uchicago.edu/1001/org/ochre/70bd922d-9b77-4eac-b4cb-0bd5cde4882b,A17_33683.jpg,A17_33683.jpg,"[{""dsDescriptionValue"": ""Link to OCHRE database: <a href = 'http://pi.lib.uchicago.edu/1001/org/ochre/70bd922d-9b77-4eac-b4cb-0bd5cde4882b'>http://pi.lib.uchicago.edu/1001/org/ochre/70bd922d-9b77-4eac-b4cb-0bd5cde4882b"", ""dsDescriptionDate"": ""2021-05-10""}]",http://pi.lib.uchicago.edu/1001/org/ochre/70bd922d-9b77-4eac-b4cb-0bd5cde4882b
http://pi.lib.uchicago.edu/1001/org/ochre/32075911-f91c-4a25-92b7-01ac07020dff,A17_33684.jpg,A17_33684.jpg,"[{""dsDescriptionValue"": ""Link to OCHRE database: <a href = 'http://pi.lib.uchicago.edu/1001/org/ochre/32075911-f91c-4a25-92b7-01ac07020dff'>http://pi.lib.uchicago.edu/1001/org/ochre/32075911-f91c-4a25-92b7-01ac07020dff"", ""dsDescriptionDate"": ""2021-05-10""}]",http://pi.lib.uchicago.edu/1001/org/ochre/32075911-f91c-4a25-92b7-01ac07020dff
http://pi.lib.uchicago.edu/1001/org/ochre/1a7ff9ff-5895-4eab-be10-7cf75937b898,A17_33685.jpg,A17_33685.jpg,"[{""dsDescriptionValue"": ""Link to OCHRE database: <a href = 'http://pi.lib.uchicago.edu/1001/org/ochre/1a7ff9ff-5895-4eab-be10-7cf75937b898'>http://pi.lib.uchicago.edu/1001/org/ochre/1a7ff9ff-5895-4eab-be10-7cf75937b898"", ""dsDescriptionDate"": ""2021-05-10""}]",http://pi.lib.uchicago.edu/1001/org/ochre/1a7ff9ff-5895-4eab-be10-7cf75937b898
http://pi.lib.uchicago.edu/1001/org/ochre/2f3d0582-4ae8-49b9-9a5f-3cb9d3b6314d,A17_33686.jpg,A17_33686.jpg,"[{""dsDescriptionValue"": ""Link to OCHRE database: <a href = 'http://pi.lib.uchicago.edu/1001/org/ochre/2f3d0582-4ae8-49b9-9a5f-3cb9d3b6314d'>http://pi.lib.uchicago.edu/1001/org/ochre/2f3d0582-4ae8-49b9-9a5f-3cb9d3b6314d"", ""dsDescriptionDate"": ""2021-05-10""}]",http://pi.lib.uchicago.edu/1001/org/ochre/2f3d0582-4ae8-49b9-9a5f-3cb9d3b6314d
http://pi.lib.uchicago.edu/1001/org/ochre/b60a06c8-dbae-44d2-85e4-67fad40d8de4,A17_33687.jpg,A17_33687.jpg,"[{""dsDescriptionValue"": ""Link to OCHRE database: <a href = 'http://pi.lib.uchicago.edu/1001/org/ochre/b60a06c8-dbae-44d2-85e4-67fad40d8de4'>http://pi.lib.uchicago.edu/1001/org/ochre/b60a06c8-dbae-44d2-85e4-67fad40d8de4"", ""dsDescriptionDate"": ""2021-05-10""}]",http://pi.lib.uchicago.edu/1001/org/ochre/b60a06c8-dbae-44d2-85e4-67fad40d8de4
http://pi.lib.uchicago.edu/1001/org/ochre/9b9e1e5c-5c8a-4ffe-8963-39089e84ae5a,A17_33688.jpg,A17_33688.jpg,"[{""dsDescriptionValue"": ""Link to OCHRE database: <a href = 'http://pi.lib.uchicago.edu/1001/org/ochre/9b9e1e5c-5c8a-4ffe-8963-39089e84ae5a'>http://pi.lib.uchicago.edu/1001/org/ochre/9b9e1e5c-5c8a-4ffe-8963-39089e84ae5a"", ""dsDescriptionDate"": ""2021-05-10""}]",http://pi.lib.uchicago.edu/1001/org/ochre/9b9e1e5c-5c8a-4ffe-8963-39089e84ae5a
http://pi.lib.uchicago.edu/1001/org/ochre/7acf2c85-f777-4336-adc0-1a44787a7213,A17_33689.jpg,A17_33689.jpg,"[{""dsDescriptionValue"": ""Link to OCHRE database: <a href = 'http://pi.lib.uchicago.edu/1001/org/ochre/7acf2c85-f777-4336-adc0-1a44787a7213'>http://pi.lib.uchicago.edu/1001/org/ochre/7acf2c85-f777-4336-adc0-1a44787a7213"", ""dsDescriptionDate"": ""2021-05-10""}]",http://pi.lib.uchicago.edu/1001/org/ochre/7acf2c85-f777-4336-adc0-1a44787a7213
http://pi.lib.uchicago.edu/1001/org/ochre/b2df3990-1b00-4253-b52b-1592d166cc8a,A17_33690.jpg,A17_33690.jpg,"[{""dsDescriptionValue"": ""Link to OCHRE database: <a href = 'http://pi.lib.uchicago.edu/1001/org/ochre/b2df3990-1b00-4253-b52b-1592d166cc8a'>http://pi.lib.uchicago.edu/1001/org/ochre/b2df3990-1b00-4253-b52b-1592d166cc8a"", ""dsDescriptionDate"": ""2021-05-10""}]",http://pi.lib.uchicago.edu/1001/org/ochre/b2df3990-1b00-4253-b52b-1592d166cc8a
http://pi.lib.uchicago.edu/1001/org/ochre/e2e0c9a7-c26b-48cb-b196-2c522ae3e685,A17_33691.jpg,A17_33691.jpg,"[{""dsDescriptionValue"": ""Link to OCHRE database: <a href = 'http://pi.lib.uchicago.edu/1001/org/ochre/e2e0c9a7-c26b-48cb-b196-2c522ae3e685'>http://pi.lib.uchicago.edu/1001/org/ochre/e2e0c9a7-c26b-48cb-b196-2c522ae3e685"", ""dsDescriptionDate"": ""2021-05-10""}]",http://pi.lib.uchicago.edu/1001/org/ochre/e2e0c9a7-c26b-48cb-b196-2c522ae3e685
http://pi.lib.uchicago.edu/1001/org/ochre/da7c150c-8481-44fd-9a7e-d7f60d0949ab,A17_33692.jpg,A17_33692.jpg,"[{""dsDescriptionValue"": ""Link to OCHRE database: <a href = 'http://pi.lib.uchicago.edu/1001/org/ochre/da7c150c-8481-44fd-9a7e-d7f60d0949ab'>http://pi.lib.uchicago.edu/1001/org/ochre/da7c150c-8481-44fd-9a7e-d7f60d0949ab"", ""dsDescriptionDate"": ""2021-05-10""}]",http://pi.lib.uchicago.edu/1001/org/ochre/da7c150c-8481-44fd-9a7e-d7f60d0949ab
http://pi.lib.uchicago.edu/1001/org/ochre/9679de4d-f2f2-46d2-8277-ac8358aa9228,A17_33693.jpg,A17_33693.jpg,"[{""dsDescriptionValue"": ""Link to OCHRE database: <a href = 'http://pi.lib.uchicago.edu/1001/org/ochre/9679de4d-f2f2-46d2-8277-ac8358aa9228'>http://pi.lib.uchicago.edu/1001/org/ochre/9679de4d-f2f2-46d2-8277-ac8358aa9228"", ""dsDescriptionDate"": ""2021-05-10""}]",http://pi.lib.uchicago.edu/1001/org/ochre/9679de4d-f2f2-46d2-8277-ac8358aa9228
http://pi.lib.uchicago.edu/1001/org/ochre/e40dfdb1-69a4-4a24-9e94-225421baa894,A17_33694.jpg,A17_33694.jpg,"[{""dsDescriptionValue"": ""Link to OCHRE database: <a href = 'http://pi.lib.uchicago.edu/1001/org/ochre/e40dfdb1-69a4-4a24-9e94-225421baa894'>http://pi.lib.uchicago.edu/1001/org/ochre/e40dfdb1-69a4-4a24-9e94-225421baa894"", ""dsDescriptionDate"": ""2021-05-10""}]",http://pi.lib.uchicago.edu/1001/org/ochre/e40dfdb1-69a4-4a24-9e94-225421baa894
http://pi.lib.uchicago.edu/1001/org/ochre/caf07b47-8684-4eae-8cc8-f794430d79f1,A17_33695.jpg,A17_33695.jpg,"[{""dsDescriptionValue"": ""Link to OCHRE database: <a href = 'http://pi.lib.uchicago.edu/1001/org/ochre/caf07b47-8684-4eae-8cc8-f794430d79f1'>http://pi.lib.uchicago.edu/1001/org/ochre/caf07b47-8684-4eae-8cc8-f794430d79f1"", ""dsDescriptionDate"": ""2021-05-10""}]",http://pi.lib.uchicago.edu/1001/org/ochre/caf07b47-8684-4eae-8cc8-f794430d79f1
http://pi.lib.uchicago.edu/1001/org/ochre/2580159a-4f36-4f29-b0b5-5fc41ee1ac31,A17_33696.jpg,A17_33696.jpg,"[{""dsDescriptionValue"": ""Link to OCHRE database: <a href = 'http://pi.lib.uchicago.edu/1001/org/ochre/2580159a-4f36-4f29-b0b5-5fc41ee1ac31'>http://pi.lib.uchicago.edu/1001/org/ochre/2580159a-4f36-4f29-b0b5-5fc41ee1ac31"", ""dsDescriptionDate"": ""2021-05-10""}]",http://pi.lib.uchicago.edu/1001/org/ochre/2580159a-4f36-4f29-b0b5-5fc41ee1ac31
http://pi.lib.uchicago.edu/1001/org/ochre/9b007758-aebc-495a-b0e5-10d9417b64a1,A17_33697.jpg,A17_33697.jpg,"[{""dsDescriptionValue"": ""Link to OCHRE database: <a href = 'http://pi.lib.uchicago.edu/1001/org/ochre/9b007758-aebc-495a-b0e5-10d9417b64a1'>http://pi.lib.uchicago.edu/1001/org/ochre/9b007758-aebc-495a-b0e5-10d9417b64a1"", ""dsDescriptionDate"": ""2021-05-10""}]",http://pi.lib.uchicago.edu/1001/org/ochre/9b007758-aebc-495a-b0e5-10d9417b64a1
http://pi.lib.uchicago.edu/1001/org/ochre/2dd52872-6015-49ef-a221-16344ea9c0dd,A17_33698.jpg,A17_33698.jpg,"[{""dsDescriptionValue"": ""Link to OCHRE database: <a href = 'http://pi.lib.uchicago.edu/1001/org/ochre/2dd52872-6015-49ef-a221-16344ea9c0dd'>http://pi.lib.uchicago.edu/1001/org/ochre/2dd52872-6015-49ef-a221-16344ea9c0dd"", ""dsDescriptionDate"": ""2021-05-10""}]",http://pi.lib.uchicago.edu/1001/org/ochre/2dd52872-6015-49ef-a221-16344ea9c0dd
http://pi.lib.uchicago.edu/1001/org/ochre/26dd0de3-5167-44a8-9f89-e722394af424,A17_33699.jpg,A17_33699.jpg,"[{""dsDescriptionValue"": ""Link to OCHRE database: <a href = 'http://pi.lib.uchicago.edu/1001/org/ochre/26dd0de3-5167-44a8-9f89-e722394af424'>http://pi.lib.uchicago.edu/1001/org/ochre/26dd0de3-5167-44a8-9f89-e722394af424"", ""dsDescriptionDate"": ""2021-05-10""}]",http://pi.lib.uchicago.edu/1001/org/ochre/26dd0de3-5167-44a8-9f89-e722394af424
http://pi.lib.uchicago.edu/1001/org/ochre/e11d452b-22bc-4f9f-9a03-a22f5121e969,A17_33700.jpg,A17_33700.jpg,"[{""dsDescriptionValue"": ""Link to OCHRE database: <a href = 'http://pi.lib.uchicago.edu/1001/org/ochre/e11d452b-22bc-4f9f-9a03-a22f5121e969'>http://pi.lib.uchicago.edu/1001/org/ochre/e11d452b-22bc-4f9f-9a03-a22f5121e969"", ""dsDescriptionDate"": ""2021-05-10""}]",http://pi.lib.uchicago.edu/1001/org/ochre/e11d452b-22bc-4f9f-9a03-a22f5121e969
http://pi.lib.uchicago.edu/1001/org/ochre/1b05269e-fb14-42e0-9736-975bab50e8c9,A17_33702.jpg,A17_33702.jpg,"[{""dsDescriptionValue"": ""Link to OCHRE database: <a href = 'http://pi.lib.uchicago.edu/1001/org/ochre/1b05269e-fb14-42e0-9736-975bab50e8c9'>http://pi.lib.uchicago.edu/1001/org/ochre/1b05269e-fb14-42e0-9736-975bab50e8c9"", ""dsDescriptionDate"": ""2021-05-10""}]",http://pi.lib.uchicago.edu/1001/org/ochre/1b05269e-fb14-42e0-9736-975bab50e8c9
http://pi.lib.uchicago.edu/1001/org/ochre/de20344b-941e-40a2-abd8-46be1f62a567,A17_33703.jpg,A17_33703.jpg,"[{""dsDescriptionValue"": ""Link to OCHRE database: <a href = 'http://pi.lib.uchicago.edu/1001/org/ochre/de20344b-941e-40a2-abd8-46be1f62a567'>http://pi.lib.uchicago.edu/1001/org/ochre/de20344b-941e-40a2-abd8-46be1f62a567"", ""dsDescriptionDate"": ""2021-05-10""}]",http://pi.lib.uchicago.edu/1001/org/ochre/de20344b-941e-40a2-abd8-46be1f62a567
http://pi.lib.uchicago.edu/1001/org/ochre/043a9dc9-5623-4ae8-8866-b570bd6c79ea,A17_33704.jpg,A17_33704.jpg,"[{""dsDescriptionValue"": ""Link to OCHRE database: <a href = 'http://pi.lib.uchicago.edu/1001/org/ochre/043a9dc9-5623-4ae8-8866-b570bd6c79ea'>http://pi.lib.uchicago.edu/1001/org/ochre/043a9dc9-5623-4ae8-8866-b570bd6c79ea"", ""dsDescriptionDate"": ""2021-05-10""}]",http://pi.lib.uchicago.edu/1001/org/ochre/043a9dc9-5623-4ae8-8866-b570bd6c79ea
http://pi.lib.uchicago.edu/1001/org/ochre/f803b622-be06-4abf-af0e-9e816e9f8418,A17_33705.jpg,A17_33705.jpg,"[{""dsDescriptionValue"": ""Link to OCHRE database: <a href = 'http://pi.lib.uchicago.edu/1001/org/ochre/f803b622-be06-4abf-af0e-9e816e9f8418'>http://pi.lib.uchicago.edu/1001/org/ochre/f803b622-be06-4abf-af0e-9e816e9f8418"", ""dsDescriptionDate"": ""2021-05-10""}]",http://pi.lib.uchicago.edu/1001/org/ochre/f803b622-be06-4abf-af0e-9e816e9f8418
http://pi.lib.uchicago.edu/1001/org/ochre/394c3227-e3a9-40a7-940b-a8374ced6df3,A17_33706.jpg,A17_33706.jpg,"[{""dsDescriptionValue"": ""Link to OCHRE database: <a href = 'http://pi.lib.uchicago.edu/1001/org/ochre/394c3227-e3a9-40a7-940b-a8374ced6df3'>http://pi.lib.uchicago.edu/1001/org/ochre/394c3227-e3a9-40a7-940b-a8374ced6df3"", ""dsDescriptionDate"": ""2021-05-10""}]",http://pi.lib.uchicago.edu/1001/org/ochre/394c3227-e3a9-40a7-940b-a8374ced6df3
http://pi.lib.uchicago.edu/1001/org/ochre/04797863-a26e-4d08-ba97-0e79061c492c,A17_33707.jpg,A17_33707.jpg,"[{""dsDescriptionValue"": ""Link to OCHRE database: <a href = 'http://pi.lib.uchicago.edu/1001/org/ochre/04797863-a26e-4d08-ba97-0e79061c492c'>http://pi.lib.uchicago.edu/1001/org/ochre/04797863-a26e-4d08-ba97-0e79061c492c"", ""dsDescriptionDate"": ""2021-05-10""}]",http://pi.lib.uchicago.edu/1001/org/ochre/04797863-a26e-4d08-ba97-0e79061c492c
http://pi.lib.uchicago.edu/1001/org/ochre/749dafbb-631e-40d3-af4c-a3f72846c44e,A17_33708.jpg,A17_33708.jpg,"[{""dsDescriptionValue"": ""Link to OCHRE database: <a href = 'http://pi.lib.uchicago.edu/1001/org/ochre/749dafbb-631e-40d3-af4c-a3f72846c44e'>http://pi.lib.uchicago.edu/1001/org/ochre/749dafbb-631e-40d3-af4c-a3f72846c44e"", ""dsDescriptionDate"": ""2021-05-10""}]",http://pi.lib.uchicago.edu/1001/org/ochre/749dafbb-631e-40d3-af4c-a3f72846c44e
http://pi.lib.uchicago.edu/1001/org/ochre/4b76e4dc-46da-474c-8dbd-fc66744d5ca5,A17_33709.jpg,A17_33709.jpg,"[{""dsDescriptionValue"": ""Link to OCHRE database: <a href = 'http://pi.lib.uchicago.edu/1001/org/ochre/4b76e4dc-46da-474c-8dbd-fc66744d5ca5'>http://pi.lib.uchicago.edu/1001/org/ochre/4b76e4dc-46da-474c-8dbd-fc66744d5ca5"", ""dsDescriptionDate"": ""2021-05-10""}]",http://pi.lib.uchicago.edu/1001/org/ochre/4b76e4dc-46da-474c-8dbd-fc66744d5ca5
http://pi.lib.uchicago.edu/1001/org/ochre/4947a604-c05c-4a00-be25-88324dbdf460,A17_33710.jpg,A17_33710.jpg,"[{""dsDescriptionValue"": ""Link to OCHRE database: <a href = 'http://pi.lib.uchicago.edu/1001/org/ochre/4947a604-c05c-4a00-be25-88324dbdf460'>http://pi.lib.uchicago.edu/1001/org/ochre/4947a604-c05c-4a00-be25-88324dbdf460"", ""dsDescriptionDate"": ""2021-05-10""}]",http://pi.lib.uchicago.edu/1001/org/ochre/4947a604-c05c-4a00-be25-88324dbdf460
http://pi.lib.uchicago.edu/1001/org/ochre/286dbd2c-0459-446b-8aec-f802fbb163a8,A17_33711.jpg,A17_33711.jpg,"[{""dsDescriptionValue"": ""Link to OCHRE database: <a href = 'http://pi.lib.uchicago.edu/1001/org/ochre/286dbd2c-0459-446b-8aec-f802fbb163a8'>http://pi.lib.uchicago.edu/1001/org/ochre/286dbd2c-0459-446b-8aec-f802fbb163a8"", ""dsDescriptionDate"": ""2021-05-10""}]",http://pi.lib.uchicago.edu/1001/org/ochre/286dbd2c-0459-446b-8aec-f802fbb163a8
http://pi.lib.uchicago.edu/1001/org/ochre/41044d81-28c9-44d5-81ba-2051de9bb480,A17_33713.jpg,A17_33713.jpg,"[{""dsDescriptionValue"": ""Link to OCHRE database: <a href = 'http://pi.lib.uchicago.edu/1001/org/ochre/41044d81-28c9-44d5-81ba-2051de9bb480'>http://pi.lib.uchicago.edu/1001/org/ochre/41044d81-28c9-44d5-81ba-2051de9bb480"", ""dsDescriptionDate"": ""2021-05-10""}]",http://pi.lib.uchicago.edu/1001/org/ochre/41044d81-28c9-44d5-81ba-2051de9bb480
http://pi.lib.uchicago.edu/1001/org/ochre/ef6257cf-f4d0-4207-a5f8-143b9e2dc067,A17_33714.jpg,A17_33714.jpg,"[{""dsDescriptionValue"": ""Link to OCHRE database: <a href = 'http://pi.lib.uchicago.edu/1001/org/ochre/ef6257cf-f4d0-4207-a5f8-143b9e2dc067'>http://pi.lib.uchicago.edu/1001/org/ochre/ef6257cf-f4d0-4207-a5f8-143b9e2dc067"", ""dsDescriptionDate"": ""2021-05-10""}]",http://pi.lib.uchicago.edu/1001/org/ochre/ef6257cf-f4d0-4207-a5f8-143b9e2dc067
http://pi.lib.uchicago.edu/1001/org/ochre/77671501-335f-4813-983c-b5813b1f526e,A17_33715.jpg,A17_33715.jpg,"[{""dsDescriptionValue"": ""Link to OCHRE database: <a href = 'http://pi.lib.uchicago.edu/1001/org/ochre/77671501-335f-4813-983c-b5813b1f526e'>http://pi.lib.uchicago.edu/1001/org/ochre/77671501-335f-4813-983c-b5813b1f526e"", ""dsDescriptionDate"": ""2021-05-10""}]",http://pi.lib.uchicago.edu/1001/org/ochre/77671501-335f-4813-983c-b5813b1f526e
http://pi.lib.uchicago.edu/1001/org/ochre/3aa49e5a-96bb-4cf8-8f7d-d5069b51bd52,A17_33716.jpg,A17_33716.jpg,"[{""dsDescriptionValue"": ""Link to OCHRE database: <a href = 'http://pi.lib.uchicago.edu/1001/org/ochre/3aa49e5a-96bb-4cf8-8f7d-d5069b51bd52'>http://pi.lib.uchicago.edu/1001/org/ochre/3aa49e5a-96bb-4cf8-8f7d-d5069b51bd52"", ""dsDescriptionDate"": ""2021-05-10""}]",http://pi.lib.uchicago.edu/1001/org/ochre/3aa49e5a-96bb-4cf8-8f7d-d5069b51bd52
http://pi.lib.uchicago.edu/1001/org/ochre/5c502cdc-a441-4039-8790-2624b8719e3b,A17_33717.jpg,A17_33717.jpg,"[{""dsDescriptionValue"": ""Link to OCHRE database: <a href = 'http://pi.lib.uchicago.edu/1001/org/ochre/5c502cdc-a441-4039-8790-2624b8719e3b'>http://pi.lib.uchicago.edu/1001/org/ochre/5c502cdc-a441-4039-8790-2624b8719e3b"", ""dsDescriptionDate"": ""2021-05-10""}]",http://pi.lib.uchicago.edu/1001/org/ochre/5c502cdc-a441-4039-8790-2624b8719e3b
http://pi.lib.uchicago.edu/1001/org/ochre/db0b46a2-ec9e-4b01-a549-d3f5a39f5e7e,A17_33718.jpg,A17_33718.jpg,"[{""dsDescriptionValue"": ""Link to OCHRE database: <a href = 'http://pi.lib.uchicago.edu/1001/org/ochre/db0b46a2-ec9e-4b01-a549-d3f5a39f5e7e'>http://pi.lib.uchicago.edu/1001/org/ochre/db0b46a2-ec9e-4b01-a549-d3f5a39f5e7e"", ""dsDescriptionDate"": ""2021-05-10""}]",http://pi.lib.uchicago.edu/1001/org/ochre/db0b46a2-ec9e-4b01-a549-d3f5a39f5e7e
http://pi.lib.uchicago.edu/1001/org/ochre/cc20cbd5-0aba-486d-b230-0c51916ed1c7,A17_33719.jpg,A17_33719.jpg,"[{""dsDescriptionValue"": ""Link to OCHRE database: <a href = 'http://pi.lib.uchicago.edu/1001/org/ochre/cc20cbd5-0aba-486d-b230-0c51916ed1c7'>http://pi.lib.uchicago.edu/1001/org/ochre/cc20cbd5-0aba-486d-b230-0c51916ed1c7"", ""dsDescriptionDate"": ""2021-05-10""}]",http://pi.lib.uchicago.edu/1001/org/ochre/cc20cbd5-0aba-486d-b230-0c51916ed1c7
http://pi.lib.uchicago.edu/1001/org/ochre/9b6ac3b8-239d-487e-94b5-1fff6478dbdc,A17_33720.jpg,A17_33720.jpg,"[{""dsDescriptionValue"": ""Link to OCHRE database: <a href = 'http://pi.lib.uchicago.edu/1001/org/ochre/9b6ac3b8-239d-487e-94b5-1fff6478dbdc'>http://pi.lib.uchicago.edu/1001/org/ochre/9b6ac3b8-239d-487e-94b5-1fff6478dbdc"", ""dsDescriptionDate"": ""2021-05-10""}]",http://pi.lib.uchicago.edu/1001/org/ochre/9b6ac3b8-239d-487e-94b5-1fff6478dbdc
http://pi.lib.uchicago.edu/1001/org/ochre/e4aef0a5-081b-4034-9245-0807310ff7ef,A17_33721.jpg,A17_33721.jpg,"[{""dsDescriptionValue"": ""Link to OCHRE database: <a href = 'http://pi.lib.uchicago.edu/1001/org/ochre/e4aef0a5-081b-4034-9245-0807310ff7ef'>http://pi.lib.uchicago.edu/1001/org/ochre/e4aef0a5-081b-4034-9245-0807310ff7ef"", ""dsDescriptionDate"": ""2021-05-10""}]",http://pi.lib.uchicago.edu/1001/org/ochre/e4aef0a5-081b-4034-9245-0807310ff7ef
http://pi.lib.uchicago.edu/1001/org/ochre/0890ee45-af17-4936-bafe-7276023f5a33,A17_33722.jpg,A17_33722.jpg,"[{""dsDescriptionValue"": ""Link to OCHRE database: <a href = 'http://pi.lib.uchicago.edu/1001/org/ochre/0890ee45-af17-4936-bafe-7276023f5a33'>http://pi.lib.uchicago.edu/1001/org/ochre/0890ee45-af17-4936-bafe-7276023f5a33"", ""dsDescriptionDate"": ""2021-05-10""}]",http://pi.lib.uchicago.edu/1001/org/ochre/0890ee45-af17-4936-bafe-7276023f5a33
http://pi.lib.uchicago.edu/1001/org/ochre/8decd9a0-113e-4804-b48c-19765b6760b1,A17_33723.jpg,A17_33723.jpg,"[{""dsDescriptionValue"": ""Link to OCHRE database: <a href = 'http://pi.lib.uchicago.edu/1001/org/ochre/8decd9a0-113e-4804-b48c-19765b6760b1'>http://pi.lib.uchicago.edu/1001/org/ochre/8decd9a0-113e-4804-b48c-19765b6760b1"", ""dsDescriptionDate"": ""2021-05-10""}]",http://pi.lib.uchicago.edu/1001/org/ochre/8decd9a0-113e-4804-b48c-19765b6760b1
http://pi.lib.uchicago.edu/1001/org/ochre/d6e1a1ca-0856-4ac7-91a3-ae530ce71ccd,A17_33724.jpg,A17_33724.jpg,"[{""dsDescriptionValue"": ""Link to OCHRE database: <a href = 'http://pi.lib.uchicago.edu/1001/org/ochre/d6e1a1ca-0856-4ac7-91a3-ae530ce71ccd'>http://pi.lib.uchicago.edu/1001/org/ochre/d6e1a1ca-0856-4ac7-91a3-ae530ce71ccd"", ""dsDescriptionDate"": ""2021-05-10""}]",http://pi.lib.uchicago.edu/1001/org/ochre/d6e1a1ca-0856-4ac7-91a3-ae530ce71ccd
http://pi.lib.uchicago.edu/1001/org/ochre/4506a47b-c03c-4c98-9e3a-d82ad49471b9,A17_33725.jpg,A17_33725.jpg,"[{""dsDescriptionValue"": ""Link to OCHRE database: <a href = 'http://pi.lib.uchicago.edu/1001/org/ochre/4506a47b-c03c-4c98-9e3a-d82ad49471b9'>http://pi.lib.uchicago.edu/1001/org/ochre/4506a47b-c03c-4c98-9e3a-d82ad49471b9"", ""dsDescriptionDate"": ""2021-05-10""}]",http://pi.lib.uchicago.edu/1001/org/ochre/4506a47b-c03c-4c98-9e3a-d82ad49471b9
http://pi.lib.uchicago.edu/1001/org/ochre/65b1cc61-affb-4961-8eb1-0d5c340487e4,A17_33726.jpg,A17_33726.jpg,"[{""dsDescriptionValue"": ""Link to OCHRE database: <a href = 'http://pi.lib.uchicago.edu/1001/org/ochre/65b1cc61-affb-4961-8eb1-0d5c340487e4'>http://pi.lib.uchicago.edu/1001/org/ochre/65b1cc61-affb-4961-8eb1-0d5c340487e4"", ""dsDescriptionDate"": ""2021-05-10""}]",http://pi.lib.uchicago.edu/1001/org/ochre/65b1cc61-affb-4961-8eb1-0d5c340487e4
http://pi.lib.uchicago.edu/1001/org/ochre/bd5802ec-d7f8-42ed-9a57-860746129703,A17_33727.jpg,A17_33727.jpg,"[{""dsDescriptionValue"": ""Link to OCHRE database: <a href = 'http://pi.lib.uchicago.edu/1001/org/ochre/bd5802ec-d7f8-42ed-9a57-860746129703'>http://pi.lib.uchicago.edu/1001/org/ochre/bd5802ec-d7f8-42ed-9a57-860746129703"", ""dsDescriptionDate"": ""2021-05-10""}]",http://pi.lib.uchicago.edu/1001/org/ochre/bd5802ec-d7f8-42ed-9a57-860746129703
http://pi.lib.uchicago.edu/1001/org/ochre/ae8d4188-c826-4d62-a623-451deac6eee1,A17_33728.jpg,A17_33728.jpg,"[{""dsDescriptionValue"": ""Link to OCHRE database: <a href = 'http://pi.lib.uchicago.edu/1001/org/ochre/ae8d4188-c826-4d62-a623-451deac6eee1'>http://pi.lib.uchicago.edu/1001/org/ochre/ae8d4188-c826-4d62-a623-451deac6eee1"", ""dsDescriptionDate"": ""2021-05-10""}]",http://pi.lib.uchicago.edu/1001/org/ochre/ae8d4188-c826-4d62-a623-451deac6eee1
http://pi.lib.uchicago.edu/1001/org/ochre/0a315845-98d8-4bbc-ad0a-878d4a0b9e25,A17_33729.jpg,A17_33729.jpg,"[{""dsDescriptionValue"": ""Link to OCHRE database: <a href = 'http://pi.lib.uchicago.edu/1001/org/ochre/0a315845-98d8-4bbc-ad0a-878d4a0b9e25'>http://pi.lib.uchicago.edu/1001/org/ochre/0a315845-98d8-4bbc-ad0a-878d4a0b9e25"", ""dsDescriptionDate"": ""2021-05-10""}]",http://pi.lib.uchicago.edu/1001/org/ochre/0a315845-98d8-4bbc-ad0a-878d4a0b9e25
http://pi.lib.uchicago.edu/1001/org/ochre/e6fe4409-d1f2-4611-bdb7-a506efa95a94,A17_33730.jpg,A17_33730.jpg,"[{""dsDescriptionValue"": ""Link to OCHRE database: <a href = 'http://pi.lib.uchicago.edu/1001/org/ochre/e6fe4409-d1f2-4611-bdb7-a506efa95a94'>http://pi.lib.uchicago.edu/1001/org/ochre/e6fe4409-d1f2-4611-bdb7-a506efa95a94"", ""dsDescriptionDate"": ""2021-05-10""}]",http://pi.lib.uchicago.edu/1001/org/ochre/e6fe4409-d1f2-4611-bdb7-a506efa95a94
http://pi.lib.uchicago.edu/1001/org/ochre/1c225aef-20c6-4f26-bc36-4c7d7b97b54a,A17_33731.jpg,A17_33731.jpg,"[{""dsDescriptionValue"": ""Link to OCHRE database: <a href = 'http://pi.lib.uchicago.edu/1001/org/ochre/1c225aef-20c6-4f26-bc36-4c7d7b97b54a'>http://pi.lib.uchicago.edu/1001/org/ochre/1c225aef-20c6-4f26-bc36-4c7d7b97b54a"", ""dsDescriptionDate"": ""2021-05-10""}]",http://pi.lib.uchicago.edu/1001/org/ochre/1c225aef-20c6-4f26-bc36-4c7d7b97b54a
http://pi.lib.uchicago.edu/1001/org/ochre/88e4bf32-829a-4b8f-9a63-bd91111d5387,A17_33732.jpg,A17_33732.jpg,"[{""dsDescriptionValue"": ""Link to OCHRE database: <a href = 'http://pi.lib.uchicago.edu/1001/org/ochre/88e4bf32-829a-4b8f-9a63-bd91111d5387'>http://pi.lib.uchicago.edu/1001/org/ochre/88e4bf32-829a-4b8f-9a63-bd91111d5387"", ""dsDescriptionDate"": ""2021-05-10""}]",http://pi.lib.uchicago.edu/1001/org/ochre/88e4bf32-829a-4b8f-9a63-bd91111d5387
http://pi.lib.uchicago.edu/1001/org/ochre/5b59ac3e-f069-4d2e-ad27-b23e99cab1af,A17_33733.jpg,A17_33733.jpg,"[{""dsDescriptionValue"": ""Link to OCHRE database: <a href = 'http://pi.lib.uchicago.edu/1001/org/ochre/5b59ac3e-f069-4d2e-ad27-b23e99cab1af'>http://pi.lib.uchicago.edu/1001/org/ochre/5b59ac3e-f069-4d2e-ad27-b23e99cab1af"", ""dsDescriptionDate"": ""2021-05-10""}]",http://pi.lib.uchicago.edu/1001/org/ochre/5b59ac3e-f069-4d2e-ad27-b23e99cab1af
http://pi.lib.uchicago.edu/1001/org/ochre/ef0db93d-1044-421e-b294-40b517bb37cf,A17_33734.jpg,A17_33734.jpg,"[{""dsDescriptionValue"": ""Link to OCHRE database: <a href = 'http://pi.lib.uchicago.edu/1001/org/ochre/ef0db93d-1044-421e-b294-40b517bb37cf'>http://pi.lib.uchicago.edu/1001/org/ochre/ef0db93d-1044-421e-b294-40b517bb37cf"", ""dsDescriptionDate"": ""2021-05-10""}]",http://pi.lib.uchicago.edu/1001/org/ochre/ef0db93d-1044-421e-b294-40b517bb37cf
http://pi.lib.uchicago.edu/1001/org/ochre/96ab76f2-8334-481c-a635-642aa61be4f6,A17_33735.jpg,A17_33735.jpg,"[{""dsDescriptionValue"": ""Link to OCHRE database: <a href = 'http://pi.lib.uchicago.edu/1001/org/ochre/96ab76f2-8334-481c-a635-642aa61be4f6'>http://pi.lib.uchicago.edu/1001/org/ochre/96ab76f2-8334-481c-a635-642aa61be4f6"", ""dsDescriptionDate"": ""2021-05-10""}]",http://pi.lib.uchicago.edu/1001/org/ochre/96ab76f2-8334-481c-a635-642aa61be4f6
http://pi.lib.uchicago.edu/1001/org/ochre/f8f8664f-7829-4f60-bd39-e62cc3e11755,A17_33736.jpg,A17_33736.jpg,"[{""dsDescriptionValue"": ""Link to OCHRE database: <a href = 'http://pi.lib.uchicago.edu/1001/org/ochre/f8f8664f-7829-4f60-bd39-e62cc3e11755'>http://pi.lib.uchicago.edu/1001/org/ochre/f8f8664f-7829-4f60-bd39-e62cc3e11755"", ""dsDescriptionDate"": ""2021-05-10""}]",http://pi.lib.uchicago.edu/1001/org/ochre/f8f8664f-7829-4f60-bd39-e62cc3e11755
http://pi.lib.uchicago.edu/1001/org/ochre/0104d59e-6d2b-4f92-a5c7-a0f693f25c57,A17_33737.jpg,A17_33737.jpg,"[{""dsDescriptionValue"": ""Link to OCHRE database: <a href = 'http://pi.lib.uchicago.edu/1001/org/ochre/0104d59e-6d2b-4f92-a5c7-a0f693f25c57'>http://pi.lib.uchicago.edu/1001/org/ochre/0104d59e-6d2b-4f92-a5c7-a0f693f25c57"", ""dsDescriptionDate"": ""2021-05-10""}]",http://pi.lib.uchicago.edu/1001/org/ochre/0104d59e-6d2b-4f92-a5c7-a0f693f25c57
http://pi.lib.uchicago.edu/1001/org/ochre/415ecc5e-e369-46ab-b718-8e9c99e2a716,A17_33738.jpg,A17_33738.jpg,"[{""dsDescriptionValue"": ""Link to OCHRE database: <a href = 'http://pi.lib.uchicago.edu/1001/org/ochre/415ecc5e-e369-46ab-b718-8e9c99e2a716'>http://pi.lib.uchicago.edu/1001/org/ochre/415ecc5e-e369-46ab-b718-8e9c99e2a716"", ""dsDescriptionDate"": ""2021-05-10""}]",http://pi.lib.uchicago.edu/1001/org/ochre/415ecc5e-e369-46ab-b718-8e9c99e2a716
http://pi.lib.uchicago.edu/1001/org/ochre/7860370f-97fe-4a5f-9806-58052a085b44,A17_33739.jpg,A17_33739.jpg,"[{""dsDescriptionValue"": ""Link to OCHRE database: <a href = 'http://pi.lib.uchicago.edu/1001/org/ochre/7860370f-97fe-4a5f-9806-58052a085b44'>http://pi.lib.uchicago.edu/1001/org/ochre/7860370f-97fe-4a5f-9806-58052a085b44"", ""dsDescriptionDate"": ""2021-05-10""}]",http://pi.lib.uchicago.edu/1001/org/ochre/7860370f-97fe-4a5f-9806-58052a085b44
http://pi.lib.uchicago.edu/1001/org/ochre/542d1591-6f26-47c5-bb60-108bc1f61fd5,A17_33740.jpg,A17_33740.jpg,"[{""dsDescriptionValue"": ""Link to OCHRE database: <a href = 'http://pi.lib.uchicago.edu/1001/org/ochre/542d1591-6f26-47c5-bb60-108bc1f61fd5'>http://pi.lib.uchicago.edu/1001/org/ochre/542d1591-6f26-47c5-bb60-108bc1f61fd5"", ""dsDescriptionDate"": ""2021-05-10""}]",http://pi.lib.uchicago.edu/1001/org/ochre/542d1591-6f26-47c5-bb60-108bc1f61fd5
http://pi.lib.uchicago.edu/1001/org/ochre/717b703a-c58a-4a89-b8b7-45e65dc710f9,A17_33741.jpg,A17_33741.jpg,"[{""dsDescriptionValue"": ""Link to OCHRE database: <a href = 'http://pi.lib.uchicago.edu/1001/org/ochre/717b703a-c58a-4a89-b8b7-45e65dc710f9'>http://pi.lib.uchicago.edu/1001/org/ochre/717b703a-c58a-4a89-b8b7-45e65dc710f9"", ""dsDescriptionDate"": ""2021-05-10""}]",http://pi.lib.uchicago.edu/1001/org/ochre/717b703a-c58a-4a89-b8b7-45e65dc710f9
http://pi.lib.uchicago.edu/1001/org/ochre/24d71da8-3dca-4d03-b31b-9775c99822f4,A17_33742.jpg,A17_33742.jpg,"[{""dsDescriptionValue"": ""Link to OCHRE database: <a href = 'http://pi.lib.uchicago.edu/1001/org/ochre/24d71da8-3dca-4d03-b31b-9775c99822f4'>http://pi.lib.uchicago.edu/1001/org/ochre/24d71da8-3dca-4d03-b31b-9775c99822f4"", ""dsDescriptionDate"": ""2021-05-10""}]",http://pi.lib.uchicago.edu/1001/org/ochre/24d71da8-3dca-4d03-b31b-9775c99822f4
http://pi.lib.uchicago.edu/1001/org/ochre/4f950ca7-39c9-4869-a70a-de32dd4ae9c0,A17_33744.jpg,A17_33744.jpg,"[{""dsDescriptionValue"": ""Link to OCHRE database: <a href = 'http://pi.lib.uchicago.edu/1001/org/ochre/4f950ca7-39c9-4869-a70a-de32dd4ae9c0'>http://pi.lib.uchicago.edu/1001/org/ochre/4f950ca7-39c9-4869-a70a-de32dd4ae9c0"", ""dsDescriptionDate"": ""2021-05-10""}]",http://pi.lib.uchicago.edu/1001/org/ochre/4f950ca7-39c9-4869-a70a-de32dd4ae9c0
http://pi.lib.uchicago.edu/1001/org/ochre/6d256798-f812-4928-a6f9-970223b73f32,A17_33745.jpg,A17_33745.jpg,"[{""dsDescriptionValue"": ""Link to OCHRE database: <a href = 'http://pi.lib.uchicago.edu/1001/org/ochre/6d256798-f812-4928-a6f9-970223b73f32'>http://pi.lib.uchicago.edu/1001/org/ochre/6d256798-f812-4928-a6f9-970223b73f32"", ""dsDescriptionDate"": ""2021-05-10""}]",http://pi.lib.uchicago.edu/1001/org/ochre/6d256798-f812-4928-a6f9-970223b73f32
http://pi.lib.uchicago.edu/1001/org/ochre/9bfd6d4e-db1d-4e12-a0f0-d5961795dcc3,A17_33746.jpg,A17_33746.jpg,"[{""dsDescriptionValue"": ""Link to OCHRE database: <a href = 'http://pi.lib.uchicago.edu/1001/org/ochre/9bfd6d4e-db1d-4e12-a0f0-d5961795dcc3'>http://pi.lib.uchicago.edu/1001/org/ochre/9bfd6d4e-db1d-4e12-a0f0-d5961795dcc3"", ""dsDescriptionDate"": ""2021-05-10""}]",http://pi.lib.uchicago.edu/1001/org/ochre/9bfd6d4e-db1d-4e12-a0f0-d5961795dcc3
http://pi.lib.uchicago.edu/1001/org/ochre/16037266-b8ca-4a51-905b-ca255f81ce71,A17_33747.jpg,A17_33747.jpg,"[{""dsDescriptionValue"": ""Link to OCHRE database: <a href = 'http://pi.lib.uchicago.edu/1001/org/ochre/16037266-b8ca-4a51-905b-ca255f81ce71'>http://pi.lib.uchicago.edu/1001/org/ochre/16037266-b8ca-4a51-905b-ca255f81ce71"", ""dsDescriptionDate"": ""2021-05-10""}]",http://pi.lib.uchicago.edu/1001/org/ochre/16037266-b8ca-4a51-905b-ca255f81ce71
http://pi.lib.uchicago.edu/1001/org/ochre/0e319ec4-2b2e-4902-a1ef-1431f6464ddb,A17_33748.jpg,A17_33748.jpg,"[{""dsDescriptionValue"": ""Link to OCHRE database: <a href = 'http://pi.lib.uchicago.edu/1001/org/ochre/0e319ec4-2b2e-4902-a1ef-1431f6464ddb'>http://pi.lib.uchicago.edu/1001/org/ochre/0e319ec4-2b2e-4902-a1ef-1431f6464ddb"", ""dsDescriptionDate"": ""2021-05-10""}]",http://pi.lib.uchicago.edu/1001/org/ochre/0e319ec4-2b2e-4902-a1ef-1431f6464ddb
http://pi.lib.uchicago.edu/1001/org/ochre/e3eec5f6-e966-4cfb-8e5e-5716f2a92e77,A17_33749.jpg,A17_33749.jpg,"[{""dsDescriptionValue"": ""Link to OCHRE database: <a href = 'http://pi.lib.uchicago.edu/1001/org/ochre/e3eec5f6-e966-4cfb-8e5e-5716f2a92e77'>http://pi.lib.uchicago.edu/1001/org/ochre/e3eec5f6-e966-4cfb-8e5e-5716f2a92e77"", ""dsDescriptionDate"": ""2021-05-10""}]",http://pi.lib.uchicago.edu/1001/org/ochre/e3eec5f6-e966-4cfb-8e5e-5716f2a92e77
http://pi.lib.uchicago.edu/1001/org/ochre/90c23a44-cce3-40cb-a06b-8f1f87c6ac0e,A17_33750.jpg,A17_33750.jpg,"[{""dsDescriptionValue"": ""Link to OCHRE database: <a href = 'http://pi.lib.uchicago.edu/1001/org/ochre/90c23a44-cce3-40cb-a06b-8f1f87c6ac0e'>http://pi.lib.uchicago.edu/1001/org/ochre/90c23a44-cce3-40cb-a06b-8f1f87c6ac0e"", ""dsDescriptionDate"": ""2021-05-10""}]",http://pi.lib.uchicago.edu/1001/org/ochre/90c23a44-cce3-40cb-a06b-8f1f87c6ac0e
http://pi.lib.uchicago.edu/1001/org/ochre/880a237b-9657-4d1f-907d-f52a6280546f,A17_33751.jpg,A17_33751.jpg,"[{""dsDescriptionValue"": ""Link to OCHRE database: <a href = 'http://pi.lib.uchicago.edu/1001/org/ochre/880a237b-9657-4d1f-907d-f52a6280546f'>http://pi.lib.uchicago.edu/1001/org/ochre/880a237b-9657-4d1f-907d-f52a6280546f"", ""dsDescriptionDate"": ""2021-05-10""}]",http://pi.lib.uchicago.edu/1001/org/ochre/880a237b-9657-4d1f-907d-f52a6280546f
http://pi.lib.uchicago.edu/1001/org/ochre/16e91e9e-c0aa-464c-a1ef-a0e3787ee400,A17_33752.jpg,A17_33752.jpg,"[{""dsDescriptionValue"": ""Link to OCHRE database: <a href = 'http://pi.lib.uchicago.edu/1001/org/ochre/16e91e9e-c0aa-464c-a1ef-a0e3787ee400'>http://pi.lib.uchicago.edu/1001/org/ochre/16e91e9e-c0aa-464c-a1ef-a0e3787ee400"", ""dsDescriptionDate"": ""2021-05-10""}]",http://pi.lib.uchicago.edu/1001/org/ochre/16e91e9e-c0aa-464c-a1ef-a0e3787ee400
http://pi.lib.uchicago.edu/1001/org/ochre/675b1c50-ee53-475c-82e7-7d5feb91e893,A17_33753.jpg,A17_33753.jpg,"[{""dsDescriptionValue"": ""Link to OCHRE database: <a href = 'http://pi.lib.uchicago.edu/1001/org/ochre/675b1c50-ee53-475c-82e7-7d5feb91e893'>http://pi.lib.uchicago.edu/1001/org/ochre/675b1c50-ee53-475c-82e7-7d5feb91e893"", ""dsDescriptionDate"": ""2021-05-10""}]",http://pi.lib.uchicago.edu/1001/org/ochre/675b1c50-ee53-475c-82e7-7d5feb91e893
http://pi.lib.uchicago.edu/1001/org/ochre/1a3f0aad-92ed-4c10-a9a2-7c05b7159191,A17_33754.jpg,A17_33754.jpg,"[{""dsDescriptionValue"": ""Link to OCHRE database: <a href = 'http://pi.lib.uchicago.edu/1001/org/ochre/1a3f0aad-92ed-4c10-a9a2-7c05b7159191'>http://pi.lib.uchicago.edu/1001/org/ochre/1a3f0aad-92ed-4c10-a9a2-7c05b7159191"", ""dsDescriptionDate"": ""2021-05-10""}]",http://pi.lib.uchicago.edu/1001/org/ochre/1a3f0aad-92ed-4c10-a9a2-7c05b7159191
http://pi.lib.uchicago.edu/1001/org/ochre/54abf25a-7942-4390-bbfb-0f4fe1f703d2,A17_33755.jpg,A17_33755.jpg,"[{""dsDescriptionValue"": ""Link to OCHRE database: <a href = 'http://pi.lib.uchicago.edu/1001/org/ochre/54abf25a-7942-4390-bbfb-0f4fe1f703d2'>http://pi.lib.uchicago.edu/1001/org/ochre/54abf25a-7942-4390-bbfb-0f4fe1f703d2"", ""dsDescriptionDate"": ""2021-05-10""}]",http://pi.lib.uchicago.edu/1001/org/ochre/54abf25a-7942-4390-bbfb-0f4fe1f703d2
http://pi.lib.uchicago.edu/1001/org/ochre/5bf568be-ff04-4642-8e76-789e69864cc0,A17_33756.jpg,A17_33756.jpg,"[{""dsDescriptionValue"": ""Link to OCHRE database: <a href = 'http://pi.lib.uchicago.edu/1001/org/ochre/5bf568be-ff04-4642-8e76-789e69864cc0'>http://pi.lib.uchicago.edu/1001/org/ochre/5bf568be-ff04-4642-8e76-789e69864cc0"", ""dsDescriptionDate"": ""2021-05-10""}]",http://pi.lib.uchicago.edu/1001/org/ochre/5bf568be-ff04-4642-8e76-789e69864cc0
http://pi.lib.uchicago.edu/1001/org/ochre/7d46054b-5481-4d15-92d4-1a4213576399,A17_33757.jpg,A17_33757.jpg,"[{""dsDescriptionValue"": ""Link to OCHRE database: <a href = 'http://pi.lib.uchicago.edu/1001/org/ochre/7d46054b-5481-4d15-92d4-1a4213576399'>http://pi.lib.uchicago.edu/1001/org/ochre/7d46054b-5481-4d15-92d4-1a4213576399"", ""dsDescriptionDate"": ""2021-05-10""}]",http://pi.lib.uchicago.edu/1001/org/ochre/7d46054b-5481-4d15-92d4-1a4213576399
http://pi.lib.uchicago.edu/1001/org/ochre/2bdd5330-1220-4dce-ba0c-1269e8e8625a,A17_33758.jpg,A17_33758.jpg,"[{""dsDescriptionValue"": ""Link to OCHRE database: <a href = 'http://pi.lib.uchicago.edu/1001/org/ochre/2bdd5330-1220-4dce-ba0c-1269e8e8625a'>http://pi.lib.uchicago.edu/1001/org/ochre/2bdd5330-1220-4dce-ba0c-1269e8e8625a"", ""dsDescriptionDate"": ""2021-05-10""}]",http://pi.lib.uchicago.edu/1001/org/ochre/2bdd5330-1220-4dce-ba0c-1269e8e8625a
http://pi.lib.uchicago.edu/1001/org/ochre/c3d93baa-f235-4548-a107-ecc03514c4bb,A17_33759.jpg,A17_33759.jpg,"[{""dsDescriptionValue"": ""Link to OCHRE database: <a href = 'http://pi.lib.uchicago.edu/1001/org/ochre/c3d93baa-f235-4548-a107-ecc03514c4bb'>http://pi.lib.uchicago.edu/1001/org/ochre/c3d93baa-f235-4548-a107-ecc03514c4bb"", ""dsDescriptionDate"": ""2021-05-10""}]",http://pi.lib.uchicago.edu/1001/org/ochre/c3d93baa-f235-4548-a107-ecc03514c4bb
http://pi.lib.uchicago.edu/1001/org/ochre/80bb4fb4-2b6c-4bdd-bd5a-be2f8ce95367,A17_33760.jpg,A17_33760.jpg,"[{""dsDescriptionValue"": ""Link to OCHRE database: <a href = 'http://pi.lib.uchicago.edu/1001/org/ochre/80bb4fb4-2b6c-4bdd-bd5a-be2f8ce95367'>http://pi.lib.uchicago.edu/1001/org/ochre/80bb4fb4-2b6c-4bdd-bd5a-be2f8ce95367"", ""dsDescriptionDate"": ""2021-05-10""}]",http://pi.lib.uchicago.edu/1001/org/ochre/80bb4fb4-2b6c-4bdd-bd5a-be2f8ce95367
http://pi.lib.uchicago.edu/1001/org/ochre/436b5bf4-8839-4921-b3bd-51923c1b3166,A17_33761.jpg,A17_33761.jpg,"[{""dsDescriptionValue"": ""Link to OCHRE database: <a href = 'http://pi.lib.uchicago.edu/1001/org/ochre/436b5bf4-8839-4921-b3bd-51923c1b3166'>http://pi.lib.uchicago.edu/1001/org/ochre/436b5bf4-8839-4921-b3bd-51923c1b3166"", ""dsDescriptionDate"": ""2021-05-10""}]",http://pi.lib.uchicago.edu/1001/org/ochre/436b5bf4-8839-4921-b3bd-51923c1b3166
http://pi.lib.uchicago.edu/1001/org/ochre/ac0cd8a7-332c-4fbb-a48a-92032c363dc7,A17_33762.jpg,A17_33762.jpg,"[{""dsDescriptionValue"": ""Link to OCHRE database: <a href = 'http://pi.lib.uchicago.edu/1001/org/ochre/ac0cd8a7-332c-4fbb-a48a-92032c363dc7'>http://pi.lib.uchicago.edu/1001/org/ochre/ac0cd8a7-332c-4fbb-a48a-92032c363dc7"", ""dsDescriptionDate"": ""2021-05-10""}]",http://pi.lib.uchicago.edu/1001/org/ochre/ac0cd8a7-332c-4fbb-a48a-92032c363dc7
http://pi.lib.uchicago.edu/1001/org/ochre/584c5378-df0d-4e9c-b4e0-dc2238fc1bf3,A17_33763.jpg,A17_33763.jpg,"[{""dsDescriptionValue"": ""Link to OCHRE database: <a href = 'http://pi.lib.uchicago.edu/1001/org/ochre/584c5378-df0d-4e9c-b4e0-dc2238fc1bf3'>http://pi.lib.uchicago.edu/1001/org/ochre/584c5378-df0d-4e9c-b4e0-dc2238fc1bf3"", ""dsDescriptionDate"": ""2021-05-10""}]",http://pi.lib.uchicago.edu/1001/org/ochre/584c5378-df0d-4e9c-b4e0-dc2238fc1bf3
http://pi.lib.uchicago.edu/1001/org/ochre/2196b575-29e9-4a05-97a0-9f70ae3e5ae4,A17_33764.jpg,A17_33764.jpg,"[{""dsDescriptionValue"": ""Link to OCHRE database: <a href = 'http://pi.lib.uchicago.edu/1001/org/ochre/2196b575-29e9-4a05-97a0-9f70ae3e5ae4'>http://pi.lib.uchicago.edu/1001/org/ochre/2196b575-29e9-4a05-97a0-9f70ae3e5ae4"", ""dsDescriptionDate"": ""2021-05-10""}]",http://pi.lib.uchicago.edu/1001/org/ochre/2196b575-29e9-4a05-97a0-9f70ae3e5ae4
http://pi.lib.uchicago.edu/1001/org/ochre/de5d3238-ac14-4cda-be4f-fb24a675e8dc,A17_33765.jpg,A17_33765.jpg,"[{""dsDescriptionValue"": ""Link to OCHRE database: <a href = 'http://pi.lib.uchicago.edu/1001/org/ochre/de5d3238-ac14-4cda-be4f-fb24a675e8dc'>http://pi.lib.uchicago.edu/1001/org/ochre/de5d3238-ac14-4cda-be4f-fb24a675e8dc"", ""dsDescriptionDate"": ""2021-05-10""}]",http://pi.lib.uchicago.edu/1001/org/ochre/de5d3238-ac14-4cda-be4f-fb24a675e8dc
http://pi.lib.uchicago.edu/1001/org/ochre/e7f73915-1840-42d4-b828-feb141da8ce3,A17_33766.jpg,A17_33766.jpg,"[{""dsDescriptionValue"": ""Link to OCHRE database: <a href = 'http://pi.lib.uchicago.edu/1001/org/ochre/e7f73915-1840-42d4-b828-feb141da8ce3'>http://pi.lib.uchicago.edu/1001/org/ochre/e7f73915-1840-42d4-b828-feb141da8ce3"", ""dsDescriptionDate"": ""2021-05-10""}]",http://pi.lib.uchicago.edu/1001/org/ochre/e7f73915-1840-42d4-b828-feb141da8ce3
http://pi.lib.uchicago.edu/1001/org/ochre/0558b7f5-a9a2-49c6-b0be-fde2ee35c55b,A17_33767.jpg,A17_33767.jpg,"[{""dsDescriptionValue"": ""Link to OCHRE database: <a href = 'http://pi.lib.uchicago.edu/1001/org/ochre/0558b7f5-a9a2-49c6-b0be-fde2ee35c55b'>http://pi.lib.uchicago.edu/1001/org/ochre/0558b7f5-a9a2-49c6-b0be-fde2ee35c55b"", ""dsDescriptionDate"": ""2021-05-10""}]",http://pi.lib.uchicago.edu/1001/org/ochre/0558b7f5-a9a2-49c6-b0be-fde2ee35c55b
http://pi.lib.uchicago.edu/1001/org/ochre/596f8254-8ca4-47c7-887d-d843cf76fa84,A17_33768.jpg,A17_33768.jpg,"[{""dsDescriptionValue"": ""Link to OCHRE database: <a href = 'http://pi.lib.uchicago.edu/1001/org/ochre/596f8254-8ca4-47c7-887d-d843cf76fa84'>http://pi.lib.uchicago.edu/1001/org/ochre/596f8254-8ca4-47c7-887d-d843cf76fa84"", ""dsDescriptionDate"": ""2021-05-10""}]",http://pi.lib.uchicago.edu/1001/org/ochre/596f8254-8ca4-47c7-887d-d843cf76fa84
http://pi.lib.uchicago.edu/1001/org/ochre/411481e8-2f47-477d-a9e4-d3c3c3bf5340,A17_33769.jpg,A17_33769.jpg,"[{""dsDescriptionValue"": ""Link to OCHRE database: <a href = 'http://pi.lib.uchicago.edu/1001/org/ochre/411481e8-2f47-477d-a9e4-d3c3c3bf5340'>http://pi.lib.uchicago.edu/1001/org/ochre/411481e8-2f47-477d-a9e4-d3c3c3bf5340"", ""dsDescriptionDate"": ""2021-05-10""}]",http://pi.lib.uchicago.edu/1001/org/ochre/411481e8-2f47-477d-a9e4-d3c3c3bf5340
http://pi.lib.uchicago.edu/1001/org/ochre/457e9397-6639-4e08-afb0-7b1947ff666d,A17_33770.jpg,A17_33770.jpg,"[{""dsDescriptionValue"": ""Link to OCHRE database: <a href = 'http://pi.lib.uchicago.edu/1001/org/ochre/457e9397-6639-4e08-afb0-7b1947ff666d'>http://pi.lib.uchicago.edu/1001/org/ochre/457e9397-6639-4e08-afb0-7b1947ff666d"", ""dsDescriptionDate"": ""2021-05-10""}]",http://pi.lib.uchicago.edu/1001/org/ochre/457e9397-6639-4e08-afb0-7b1947ff666d
http://pi.lib.uchicago.edu/1001/org/ochre/32f8d332-4f3a-40a3-a7a3-9db8061ac156,A17_33771.jpg,A17_33771.jpg,"[{""dsDescriptionValue"": ""Link to OCHRE database: <a href = 'http://pi.lib.uchicago.edu/1001/org/ochre/32f8d332-4f3a-40a3-a7a3-9db8061ac156'>http://pi.lib.uchicago.edu/1001/org/ochre/32f8d332-4f3a-40a3-a7a3-9db8061ac156"", ""dsDescriptionDate"": ""2021-05-10""}]",http://pi.lib.uchicago.edu/1001/org/ochre/32f8d332-4f3a-40a3-a7a3-9db8061ac156
http://pi.lib.uchicago.edu/1001/org/ochre/542bb0a1-1a2d-4090-92e4-eff116500d9c,A17_33772.jpg,A17_33772.jpg,"[{""dsDescriptionValue"": ""Link to OCHRE database: <a href = 'http://pi.lib.uchicago.edu/1001/org/ochre/542bb0a1-1a2d-4090-92e4-eff116500d9c'>http://pi.lib.uchicago.edu/1001/org/ochre/542bb0a1-1a2d-4090-92e4-eff116500d9c"", ""dsDescriptionDate"": ""2021-05-10""}]",http://pi.lib.uchicago.edu/1001/org/ochre/542bb0a1-1a2d-4090-92e4-eff116500d9c
http://pi.lib.uchicago.edu/1001/org/ochre/89561934-8f33-4fa8-8d02-a3b601fbe625,A17_33773.jpg,A17_33773.jpg,"[{""dsDescriptionValue"": ""Link to OCHRE database: <a href = 'http://pi.lib.uchicago.edu/1001/org/ochre/89561934-8f33-4fa8-8d02-a3b601fbe625'>http://pi.lib.uchicago.edu/1001/org/ochre/89561934-8f33-4fa8-8d02-a3b601fbe625"", ""dsDescriptionDate"": ""2021-05-10""}]",http://pi.lib.uchicago.edu/1001/org/ochre/89561934-8f33-4fa8-8d02-a3b601fbe625
http://pi.lib.uchicago.edu/1001/org/ochre/7b9d095b-14c4-4634-bf7a-90f2f380f8f9,A17_33774.jpg,A17_33774.jpg,"[{""dsDescriptionValue"": ""Link to OCHRE database: <a href = 'http://pi.lib.uchicago.edu/1001/org/ochre/7b9d095b-14c4-4634-bf7a-90f2f380f8f9'>http://pi.lib.uchicago.edu/1001/org/ochre/7b9d095b-14c4-4634-bf7a-90f2f380f8f9"", ""dsDescriptionDate"": ""2021-05-10""}]",http://pi.lib.uchicago.edu/1001/org/ochre/7b9d095b-14c4-4634-bf7a-90f2f380f8f9
http://pi.lib.uchicago.edu/1001/org/ochre/2bbfe9ae-f519-47c6-a6ad-f7d568238d49,A17_33775.jpg,A17_33775.jpg,"[{""dsDescriptionValue"": ""Link to OCHRE database: <a href = 'http://pi.lib.uchicago.edu/1001/org/ochre/2bbfe9ae-f519-47c6-a6ad-f7d568238d49'>http://pi.lib.uchicago.edu/1001/org/ochre/2bbfe9ae-f519-47c6-a6ad-f7d568238d49"", ""dsDescriptionDate"": ""2021-05-10""}]",http://pi.lib.uchicago.edu/1001/org/ochre/2bbfe9ae-f519-47c6-a6ad-f7d568238d49
http://pi.lib.uchicago.edu/1001/org/ochre/b064cc23-3209-42c5-b4a3-b32e3e0992eb,A17_33776.jpg,A17_33776.jpg,"[{""dsDescriptionValue"": ""Link to OCHRE database: <a href = 'http://pi.lib.uchicago.edu/1001/org/ochre/b064cc23-3209-42c5-b4a3-b32e3e0992eb'>http://pi.lib.uchicago.edu/1001/org/ochre/b064cc23-3209-42c5-b4a3-b32e3e0992eb"", ""dsDescriptionDate"": ""2021-05-10""}]",http://pi.lib.uchicago.edu/1001/org/ochre/b064cc23-3209-42c5-b4a3-b32e3e0992eb
http://pi.lib.uchicago.edu/1001/org/ochre/42331a64-3dca-4f62-acab-5cded6abbc0b,A17_33777.jpg,A17_33777.jpg,"[{""dsDescriptionValue"": ""Link to OCHRE database: <a href = 'http://pi.lib.uchicago.edu/1001/org/ochre/42331a64-3dca-4f62-acab-5cded6abbc0b'>http://pi.lib.uchicago.edu/1001/org/ochre/42331a64-3dca-4f62-acab-5cded6abbc0b"", ""dsDescriptionDate"": ""2021-05-10""}]",http://pi.lib.uchicago.edu/1001/org/ochre/42331a64-3dca-4f62-acab-5cded6abbc0b
http://pi.lib.uchicago.edu/1001/org/ochre/b3abc38d-6acb-4858-9efa-a5baaaa7ecab,A17_33778.jpg,A17_33778.jpg,"[{""dsDescriptionValue"": ""Link to OCHRE database: <a href = 'http://pi.lib.uchicago.edu/1001/org/ochre/b3abc38d-6acb-4858-9efa-a5baaaa7ecab'>http://pi.lib.uchicago.edu/1001/org/ochre/b3abc38d-6acb-4858-9efa-a5baaaa7ecab"", ""dsDescriptionDate"": ""2021-05-10""}]",http://pi.lib.uchicago.edu/1001/org/ochre/b3abc38d-6acb-4858-9efa-a5baaaa7ecab
http://pi.lib.uchicago.edu/1001/org/ochre/b3cb1ec7-79c7-4271-a3a0-8e4c5958311b,A17_33779.jpg,A17_33779.jpg,"[{""dsDescriptionValue"": ""Link to OCHRE database: <a href = 'http://pi.lib.uchicago.edu/1001/org/ochre/b3cb1ec7-79c7-4271-a3a0-8e4c5958311b'>http://pi.lib.uchicago.edu/1001/org/ochre/b3cb1ec7-79c7-4271-a3a0-8e4c5958311b"", ""dsDescriptionDate"": ""2021-05-10""}]",http://pi.lib.uchicago.edu/1001/org/ochre/b3cb1ec7-79c7-4271-a3a0-8e4c5958311b
http://pi.lib.uchicago.edu/1001/org/ochre/6450e641-32aa-4ba9-8713-b7c6859ceef9,A17_33780.jpg,A17_33780.jpg,"[{""dsDescriptionValue"": ""Link to OCHRE database: <a href = 'http://pi.lib.uchicago.edu/1001/org/ochre/6450e641-32aa-4ba9-8713-b7c6859ceef9'>http://pi.lib.uchicago.edu/1001/org/ochre/6450e641-32aa-4ba9-8713-b7c6859ceef9"", ""dsDescriptionDate"": ""2021-05-10""}]",http://pi.lib.uchicago.edu/1001/org/ochre/6450e641-32aa-4ba9-8713-b7c6859ceef9
http://pi.lib.uchicago.edu/1001/org/ochre/0aaacedd-69f4-49c7-b356-ab5ab00e4563,A17_33781.jpg,A17_33781.jpg,"[{""dsDescriptionValue"": ""Link to OCHRE database: <a href = 'http://pi.lib.uchicago.edu/1001/org/ochre/0aaacedd-69f4-49c7-b356-ab5ab00e4563'>http://pi.lib.uchicago.edu/1001/org/ochre/0aaacedd-69f4-49c7-b356-ab5ab00e4563"", ""dsDescriptionDate"": ""2021-05-10""}]",http://pi.lib.uchicago.edu/1001/org/ochre/0aaacedd-69f4-49c7-b356-ab5ab00e4563
http://pi.lib.uchicago.edu/1001/org/ochre/8752f6d1-ecfe-43bf-bf93-37ca459eb685,A17_33782.jpg,A17_33782.jpg,"[{""dsDescriptionValue"": ""Link to OCHRE database: <a href = 'http://pi.lib.uchicago.edu/1001/org/ochre/8752f6d1-ecfe-43bf-bf93-37ca459eb685'>http://pi.lib.uchicago.edu/1001/org/ochre/8752f6d1-ecfe-43bf-bf93-37ca459eb685"", ""dsDescriptionDate"": ""2021-05-10""}]",http://pi.lib.uchicago.edu/1001/org/ochre/8752f6d1-ecfe-43bf-bf93-37ca459eb685
http://pi.lib.uchicago.edu/1001/org/ochre/d5950856-b2a1-4512-9f25-44480cfcb9b0,A17_33783.jpg,A17_33783.jpg,"[{""dsDescriptionValue"": ""Link to OCHRE database: <a href = 'http://pi.lib.uchicago.edu/1001/org/ochre/d5950856-b2a1-4512-9f25-44480cfcb9b0'>http://pi.lib.uchicago.edu/1001/org/ochre/d5950856-b2a1-4512-9f25-44480cfcb9b0"", ""dsDescriptionDate"": ""2021-05-10""}]",http://pi.lib.uchicago.edu/1001/org/ochre/d5950856-b2a1-4512-9f25-44480cfcb9b0
http://pi.lib.uchicago.edu/1001/org/ochre/3b6d66cb-ca9e-4e86-8513-5f562f83834e,A17_33784.jpg,A17_33784.jpg,"[{""dsDescriptionValue"": ""Link to OCHRE database: <a href = 'http://pi.lib.uchicago.edu/1001/org/ochre/3b6d66cb-ca9e-4e86-8513-5f562f83834e'>http://pi.lib.uchicago.edu/1001/org/ochre/3b6d66cb-ca9e-4e86-8513-5f562f83834e"", ""dsDescriptionDate"": ""2021-05-10""}]",http://pi.lib.uchicago.edu/1001/org/ochre/3b6d66cb-ca9e-4e86-8513-5f562f83834e
http://pi.lib.uchicago.edu/1001/org/ochre/efef8e6f-144e-4576-a503-3b7dd9f65dff,A17_33785.jpg,A17_33785.jpg,"[{""dsDescriptionValue"": ""Link to OCHRE database: <a href = 'http://pi.lib.uchicago.edu/1001/org/ochre/efef8e6f-144e-4576-a503-3b7dd9f65dff'>http://pi.lib.uchicago.edu/1001/org/ochre/efef8e6f-144e-4576-a503-3b7dd9f65dff"", ""dsDescriptionDate"": ""2021-05-10""}]",http://pi.lib.uchicago.edu/1001/org/ochre/efef8e6f-144e-4576-a503-3b7dd9f65dff
http://pi.lib.uchicago.edu/1001/org/ochre/01a7e941-2a80-4dbd-9e5e-a329f275a90e,A17_33786.jpg,A17_33786.jpg,"[{""dsDescriptionValue"": ""Link to OCHRE database: <a href = 'http://pi.lib.uchicago.edu/1001/org/ochre/01a7e941-2a80-4dbd-9e5e-a329f275a90e'>http://pi.lib.uchicago.edu/1001/org/ochre/01a7e941-2a80-4dbd-9e5e-a329f275a90e"", ""dsDescriptionDate"": ""2021-05-10""}]",http://pi.lib.uchicago.edu/1001/org/ochre/01a7e941-2a80-4dbd-9e5e-a329f275a90e
http://pi.lib.uchicago.edu/1001/org/ochre/7364674f-a2a9-4fba-9f3b-0fff32611a36,A17_33787.jpg,A17_33787.jpg,"[{""dsDescriptionValue"": ""Link to OCHRE database: <a href = 'http://pi.lib.uchicago.edu/1001/org/ochre/7364674f-a2a9-4fba-9f3b-0fff32611a36'>http://pi.lib.uchicago.edu/1001/org/ochre/7364674f-a2a9-4fba-9f3b-0fff32611a36"", ""dsDescriptionDate"": ""2021-05-10""}]",http://pi.lib.uchicago.edu/1001/org/ochre/7364674f-a2a9-4fba-9f3b-0fff32611a36
http://pi.lib.uchicago.edu/1001/org/ochre/584887b4-f8e2-4336-b2f9-c0af9cc0c59a,A17_33788.jpg,A17_33788.jpg,"[{""dsDescriptionValue"": ""Link to OCHRE database: <a href = 'http://pi.lib.uchicago.edu/1001/org/ochre/584887b4-f8e2-4336-b2f9-c0af9cc0c59a'>http://pi.lib.uchicago.edu/1001/org/ochre/584887b4-f8e2-4336-b2f9-c0af9cc0c59a"", ""dsDescriptionDate"": ""2021-05-10""}]",http://pi.lib.uchicago.edu/1001/org/ochre/584887b4-f8e2-4336-b2f9-c0af9cc0c59a
http://pi.lib.uchicago.edu/1001/org/ochre/7305e386-b55f-4620-8eaa-904c69d0a344,A17_33789.jpg,A17_33789.jpg,"[{""dsDescriptionValue"": ""Link to OCHRE database: <a href = 'http://pi.lib.uchicago.edu/1001/org/ochre/7305e386-b55f-4620-8eaa-904c69d0a344'>http://pi.lib.uchicago.edu/1001/org/ochre/7305e386-b55f-4620-8eaa-904c69d0a344"", ""dsDescriptionDate"": ""2021-05-10""}]",http://pi.lib.uchicago.edu/1001/org/ochre/7305e386-b55f-4620-8eaa-904c69d0a344
http://pi.lib.uchicago.edu/1001/org/ochre/8c94dd49-e5d4-4cf6-9ca0-c80afe240d75,A17_33790.jpg,A17_33790.jpg,"[{""dsDescriptionValue"": ""Link to OCHRE database: <a href = 'http://pi.lib.uchicago.edu/1001/org/ochre/8c94dd49-e5d4-4cf6-9ca0-c80afe240d75'>http://pi.lib.uchicago.edu/1001/org/ochre/8c94dd49-e5d4-4cf6-9ca0-c80afe240d75"", ""dsDescriptionDate"": ""2021-05-10""}]",http://pi.lib.uchicago.edu/1001/org/ochre/8c94dd49-e5d4-4cf6-9ca0-c80afe240d75
http://pi.lib.uchicago.edu/1001/org/ochre/9ffdc683-70ad-482b-91ac-ff1d030fca84,A17_33791.jpg,A17_33791.jpg,"[{""dsDescriptionValue"": ""Link to OCHRE database: <a href = 'http://pi.lib.uchicago.edu/1001/org/ochre/9ffdc683-70ad-482b-91ac-ff1d030fca84'>http://pi.lib.uchicago.edu/1001/org/ochre/9ffdc683-70ad-482b-91ac-ff1d030fca84"", ""dsDescriptionDate"": ""2021-05-10""}]",http://pi.lib.uchicago.edu/1001/org/ochre/9ffdc683-70ad-482b-91ac-ff1d030fca84
http://pi.lib.uchicago.edu/1001/org/ochre/fc6fc8bc-6a5a-4b8f-a130-8dca6c1e6480,A17_33792.jpg,A17_33792.jpg,"[{""dsDescriptionValue"": ""Link to OCHRE database: <a href = 'http://pi.lib.uchicago.edu/1001/org/ochre/fc6fc8bc-6a5a-4b8f-a130-8dca6c1e6480'>http://pi.lib.uchicago.edu/1001/org/ochre/fc6fc8bc-6a5a-4b8f-a130-8dca6c1e6480"", ""dsDescriptionDate"": ""2021-05-10""}]",http://pi.lib.uchicago.edu/1001/org/ochre/fc6fc8bc-6a5a-4b8f-a130-8dca6c1e6480
http://pi.lib.uchicago.edu/1001/org/ochre/65deb948-f01a-4964-a946-78b78a5d5f19,A17_33793.jpg,A17_33793.jpg,"[{""dsDescriptionValue"": ""Link to OCHRE database: <a href = 'http://pi.lib.uchicago.edu/1001/org/ochre/65deb948-f01a-4964-a946-78b78a5d5f19'>http://pi.lib.uchicago.edu/1001/org/ochre/65deb948-f01a-4964-a946-78b78a5d5f19"", ""dsDescriptionDate"": ""2021-05-10""}]",http://pi.lib.uchicago.edu/1001/org/ochre/65deb948-f01a-4964-a946-78b78a5d5f19
http://pi.lib.uchicago.edu/1001/org/ochre/41825e23-ed9a-47c8-a0cf-192781def966,A17_33794.jpg,A17_33794.jpg,"[{""dsDescriptionValue"": ""Link to OCHRE database: <a href = 'http://pi.lib.uchicago.edu/1001/org/ochre/41825e23-ed9a-47c8-a0cf-192781def966'>http://pi.lib.uchicago.edu/1001/org/ochre/41825e23-ed9a-47c8-a0cf-192781def966"", ""dsDescriptionDate"": ""2021-05-10""}]",http://pi.lib.uchicago.edu/1001/org/ochre/41825e23-ed9a-47c8-a0cf-192781def966
http://pi.lib.uchicago.edu/1001/org/ochre/f3ccce78-ac63-4567-9395-fe7c9fd25ec2,A17_33795.jpg,A17_33795.jpg,"[{""dsDescriptionValue"": ""Link to OCHRE database: <a href = 'http://pi.lib.uchicago.edu/1001/org/ochre/f3ccce78-ac63-4567-9395-fe7c9fd25ec2'>http://pi.lib.uchicago.edu/1001/org/ochre/f3ccce78-ac63-4567-9395-fe7c9fd25ec2"", ""dsDescriptionDate"": ""2021-05-10""}]",http://pi.lib.uchicago.edu/1001/org/ochre/f3ccce78-ac63-4567-9395-fe7c9fd25ec2
http://pi.lib.uchicago.edu/1001/org/ochre/c36ef90b-2697-4502-8c40-a20440548e52,A17_33796.jpg,A17_33796.jpg,"[{""dsDescriptionValue"": ""Link to OCHRE database: <a href = 'http://pi.lib.uchicago.edu/1001/org/ochre/c36ef90b-2697-4502-8c40-a20440548e52'>http://pi.lib.uchicago.edu/1001/org/ochre/c36ef90b-2697-4502-8c40-a20440548e52"", ""dsDescriptionDate"": ""2021-05-10""}]",http://pi.lib.uchicago.edu/1001/org/ochre/c36ef90b-2697-4502-8c40-a20440548e52
http://pi.lib.uchicago.edu/1001/org/ochre/de182ec5-27c7-4363-9af4-da83c4b48702,A17_33797.jpg,A17_33797.jpg,"[{""dsDescriptionValue"": ""Link to OCHRE database: <a href = 'http://pi.lib.uchicago.edu/1001/org/ochre/de182ec5-27c7-4363-9af4-da83c4b48702'>http://pi.lib.uchicago.edu/1001/org/ochre/de182ec5-27c7-4363-9af4-da83c4b48702"", ""dsDescriptionDate"": ""2021-05-10""}]",http://pi.lib.uchicago.edu/1001/org/ochre/de182ec5-27c7-4363-9af4-da83c4b48702
http://pi.lib.uchicago.edu/1001/org/ochre/eb5bb0ec-f7d9-42f7-b215-397f2b79d797,A17_33798.jpg,A17_33798.jpg,"[{""dsDescriptionValue"": ""Link to OCHRE database: <a href = 'http://pi.lib.uchicago.edu/1001/org/ochre/eb5bb0ec-f7d9-42f7-b215-397f2b79d797'>http://pi.lib.uchicago.edu/1001/org/ochre/eb5bb0ec-f7d9-42f7-b215-397f2b79d797"", ""dsDescriptionDate"": ""2021-05-10""}]",http://pi.lib.uchicago.edu/1001/org/ochre/eb5bb0ec-f7d9-42f7-b215-397f2b79d797
http://pi.lib.uchicago.edu/1001/org/ochre/296fc08a-802b-4da8-8d2c-20e83ea7a405,A17_33799.jpg,A17_33799.jpg,"[{""dsDescriptionValue"": ""Link to OCHRE database: <a href = 'http://pi.lib.uchicago.edu/1001/org/ochre/296fc08a-802b-4da8-8d2c-20e83ea7a405'>http://pi.lib.uchicago.edu/1001/org/ochre/296fc08a-802b-4da8-8d2c-20e83ea7a405"", ""dsDescriptionDate"": ""2021-05-10""}]",http://pi.lib.uchicago.edu/1001/org/ochre/296fc08a-802b-4da8-8d2c-20e83ea7a405
http://pi.lib.uchicago.edu/1001/org/ochre/4748d17f-de0e-4f10-a2fa-61c2a96dae09,A17_33800.jpg,A17_33800.jpg,"[{""dsDescriptionValue"": ""Link to OCHRE database: <a href = 'http://pi.lib.uchicago.edu/1001/org/ochre/4748d17f-de0e-4f10-a2fa-61c2a96dae09'>http://pi.lib.uchicago.edu/1001/org/ochre/4748d17f-de0e-4f10-a2fa-61c2a96dae09"", ""dsDescriptionDate"": ""2021-05-10""}]",http://pi.lib.uchicago.edu/1001/org/ochre/4748d17f-de0e-4f10-a2fa-61c2a96dae09
http://pi.lib.uchicago.edu/1001/org/ochre/ae80dfac-7647-40aa-957a-c9c2636eba24,A17_33801.jpg,A17_33801.jpg,"[{""dsDescriptionValue"": ""Link to OCHRE database: <a href = 'http://pi.lib.uchicago.edu/1001/org/ochre/ae80dfac-7647-40aa-957a-c9c2636eba24'>http://pi.lib.uchicago.edu/1001/org/ochre/ae80dfac-7647-40aa-957a-c9c2636eba24"", ""dsDescriptionDate"": ""2021-05-10""}]",http://pi.lib.uchicago.edu/1001/org/ochre/ae80dfac-7647-40aa-957a-c9c2636eba24
http://pi.lib.uchicago.edu/1001/org/ochre/df60f8c5-cd8e-4d1e-9f79-f35ba67b176b,A17_33802.jpg,A17_33802.jpg,"[{""dsDescriptionValue"": ""Link to OCHRE database: <a href = 'http://pi.lib.uchicago.edu/1001/org/ochre/df60f8c5-cd8e-4d1e-9f79-f35ba67b176b'>http://pi.lib.uchicago.edu/1001/org/ochre/df60f8c5-cd8e-4d1e-9f79-f35ba67b176b"", ""dsDescriptionDate"": ""2021-05-10""}]",http://pi.lib.uchicago.edu/1001/org/ochre/df60f8c5-cd8e-4d1e-9f79-f35ba67b176b
http://pi.lib.uchicago.edu/1001/org/ochre/bf834ec3-99a3-43d6-8cc1-32b1f3d2cc26,A17_33803.jpg,A17_33803.jpg,"[{""dsDescriptionValue"": ""Link to OCHRE database: <a href = 'http://pi.lib.uchicago.edu/1001/org/ochre/bf834ec3-99a3-43d6-8cc1-32b1f3d2cc26'>http://pi.lib.uchicago.edu/1001/org/ochre/bf834ec3-99a3-43d6-8cc1-32b1f3d2cc26"", ""dsDescriptionDate"": ""2021-05-10""}]",http://pi.lib.uchicago.edu/1001/org/ochre/bf834ec3-99a3-43d6-8cc1-32b1f3d2cc26
http://pi.lib.uchicago.edu/1001/org/ochre/ecaecd4d-84bd-4599-a57b-ff73171f3425,A17_33804.jpg,A17_33804.jpg,"[{""dsDescriptionValue"": ""Link to OCHRE database: <a href = 'http://pi.lib.uchicago.edu/1001/org/ochre/ecaecd4d-84bd-4599-a57b-ff73171f3425'>http://pi.lib.uchicago.edu/1001/org/ochre/ecaecd4d-84bd-4599-a57b-ff73171f3425"", ""dsDescriptionDate"": ""2021-05-10""}]",http://pi.lib.uchicago.edu/1001/org/ochre/ecaecd4d-84bd-4599-a57b-ff73171f3425
http://pi.lib.uchicago.edu/1001/org/ochre/74b7bd0f-8aa6-4a03-ada4-aeb205048d6e,A17_33805.jpg,A17_33805.jpg,"[{""dsDescriptionValue"": ""Link to OCHRE database: <a href = 'http://pi.lib.uchicago.edu/1001/org/ochre/74b7bd0f-8aa6-4a03-ada4-aeb205048d6e'>http://pi.lib.uchicago.edu/1001/org/ochre/74b7bd0f-8aa6-4a03-ada4-aeb205048d6e"", ""dsDescriptionDate"": ""2021-05-10""}]",http://pi.lib.uchicago.edu/1001/org/ochre/74b7bd0f-8aa6-4a03-ada4-aeb205048d6e
http://pi.lib.uchicago.edu/1001/org/ochre/38f5b50d-4c0f-45f9-8de9-1604b7a463ce,A17_33806.jpg,A17_33806.jpg,"[{""dsDescriptionValue"": ""Link to OCHRE database: <a href = 'http://pi.lib.uchicago.edu/1001/org/ochre/38f5b50d-4c0f-45f9-8de9-1604b7a463ce'>http://pi.lib.uchicago.edu/1001/org/ochre/38f5b50d-4c0f-45f9-8de9-1604b7a463ce"", ""dsDescriptionDate"": ""2021-05-10""}]",http://pi.lib.uchicago.edu/1001/org/ochre/38f5b50d-4c0f-45f9-8de9-1604b7a463ce
http://pi.lib.uchicago.edu/1001/org/ochre/907465f3-d015-4003-974f-1dfe98188f7e,A17_33807.jpg,A17_33807.jpg,"[{""dsDescriptionValue"": ""Link to OCHRE database: <a href = 'http://pi.lib.uchicago.edu/1001/org/ochre/907465f3-d015-4003-974f-1dfe98188f7e'>http://pi.lib.uchicago.edu/1001/org/ochre/907465f3-d015-4003-974f-1dfe98188f7e"", ""dsDescriptionDate"": ""2021-05-10""}]",http://pi.lib.uchicago.edu/1001/org/ochre/907465f3-d015-4003-974f-1dfe98188f7e
http://pi.lib.uchicago.edu/1001/org/ochre/e4393919-1ef0-491d-976c-eea0157a3c2f,A17_33808.jpg,A17_33808.jpg,"[{""dsDescriptionValue"": ""Link to OCHRE database: <a href = 'http://pi.lib.uchicago.edu/1001/org/ochre/e4393919-1ef0-491d-976c-eea0157a3c2f'>http://pi.lib.uchicago.edu/1001/org/ochre/e4393919-1ef0-491d-976c-eea0157a3c2f"", ""dsDescriptionDate"": ""2021-05-10""}]",http://pi.lib.uchicago.edu/1001/org/ochre/e4393919-1ef0-491d-976c-eea0157a3c2f
http://pi.lib.uchicago.edu/1001/org/ochre/4771ff63-9067-4fbd-a1fd-7e38a5528de3,A17_33809.jpg,A17_33809.jpg,"[{""dsDescriptionValue"": ""Link to OCHRE database: <a href = 'http://pi.lib.uchicago.edu/1001/org/ochre/4771ff63-9067-4fbd-a1fd-7e38a5528de3'>http://pi.lib.uchicago.edu/1001/org/ochre/4771ff63-9067-4fbd-a1fd-7e38a5528de3"", ""dsDescriptionDate"": ""2021-05-10""}]",http://pi.lib.uchicago.edu/1001/org/ochre/4771ff63-9067-4fbd-a1fd-7e38a5528de3
http://pi.lib.uchicago.edu/1001/org/ochre/cccbc5c1-8e91-4317-b6ce-7116d1977b98,A17_33810.jpg,A17_33810.jpg,"[{""dsDescriptionValue"": ""Link to OCHRE database: <a href = 'http://pi.lib.uchicago.edu/1001/org/ochre/cccbc5c1-8e91-4317-b6ce-7116d1977b98'>http://pi.lib.uchicago.edu/1001/org/ochre/cccbc5c1-8e91-4317-b6ce-7116d1977b98"", ""dsDescriptionDate"": ""2021-05-10""}]",http://pi.lib.uchicago.edu/1001/org/ochre/cccbc5c1-8e91-4317-b6ce-7116d1977b98
http://pi.lib.uchicago.edu/1001/org/ochre/f241cd1f-6470-4ad0-bbe4-8d8fc76f11fc,A17_33811.jpg,A17_33811.jpg,"[{""dsDescriptionValue"": ""Link to OCHRE database: <a href = 'http://pi.lib.uchicago.edu/1001/org/ochre/f241cd1f-6470-4ad0-bbe4-8d8fc76f11fc'>http://pi.lib.uchicago.edu/1001/org/ochre/f241cd1f-6470-4ad0-bbe4-8d8fc76f11fc"", ""dsDescriptionDate"": ""2021-05-10""}]",http://pi.lib.uchicago.edu/1001/org/ochre/f241cd1f-6470-4ad0-bbe4-8d8fc76f11fc
http://pi.lib.uchicago.edu/1001/org/ochre/83ac4bce-442c-4b7b-9e65-0f4906b07dcd,A17_33812.jpg,A17_33812.jpg,"[{""dsDescriptionValue"": ""Link to OCHRE database: <a href = 'http://pi.lib.uchicago.edu/1001/org/ochre/83ac4bce-442c-4b7b-9e65-0f4906b07dcd'>http://pi.lib.uchicago.edu/1001/org/ochre/83ac4bce-442c-4b7b-9e65-0f4906b07dcd"", ""dsDescriptionDate"": ""2021-05-10""}]",http://pi.lib.uchicago.edu/1001/org/ochre/83ac4bce-442c-4b7b-9e65-0f4906b07dcd
http://pi.lib.uchicago.edu/1001/org/ochre/f81c0cc5-d54f-48fa-bb80-dddf1b6a451a,A17_33813.jpg,A17_33813.jpg,"[{""dsDescriptionValue"": ""Link to OCHRE database: <a href = 'http://pi.lib.uchicago.edu/1001/org/ochre/f81c0cc5-d54f-48fa-bb80-dddf1b6a451a'>http://pi.lib.uchicago.edu/1001/org/ochre/f81c0cc5-d54f-48fa-bb80-dddf1b6a451a"", ""dsDescriptionDate"": ""2021-05-10""}]",http://pi.lib.uchicago.edu/1001/org/ochre/f81c0cc5-d54f-48fa-bb80-dddf1b6a451a
http://pi.lib.uchicago.edu/1001/org/ochre/07ac15f4-00de-478d-9de4-a4116954c5e3,A17_33814.jpg,A17_33814.jpg,"[{""dsDescriptionValue"": ""Link to OCHRE database: <a href = 'http://pi.lib.uchicago.edu/1001/org/ochre/07ac15f4-00de-478d-9de4-a4116954c5e3'>http://pi.lib.uchicago.edu/1001/org/ochre/07ac15f4-00de-478d-9de4-a4116954c5e3"", ""dsDescriptionDate"": ""2021-05-10""}]",http://pi.lib.uchicago.edu/1001/org/ochre/07ac15f4-00de-478d-9de4-a4116954c5e3
http://pi.lib.uchicago.edu/1001/org/ochre/2e4cf478-b53b-4538-b5a6-3aa0898b49a7,A17_33815.jpg,A17_33815.jpg,"[{""dsDescriptionValue"": ""Link to OCHRE database: <a href = 'http://pi.lib.uchicago.edu/1001/org/ochre/2e4cf478-b53b-4538-b5a6-3aa0898b49a7'>http://pi.lib.uchicago.edu/1001/org/ochre/2e4cf478-b53b-4538-b5a6-3aa0898b49a7"", ""dsDescriptionDate"": ""2021-05-10""}]",http://pi.lib.uchicago.edu/1001/org/ochre/2e4cf478-b53b-4538-b5a6-3aa0898b49a7
http://pi.lib.uchicago.edu/1001/org/ochre/519d99b8-7100-48e8-b673-d49fba7ade80,A17_33816.jpg,A17_33816.jpg,"[{""dsDescriptionValue"": ""Link to OCHRE database: <a href = 'http://pi.lib.uchicago.edu/1001/org/ochre/519d99b8-7100-48e8-b673-d49fba7ade80'>http://pi.lib.uchicago.edu/1001/org/ochre/519d99b8-7100-48e8-b673-d49fba7ade80"", ""dsDescriptionDate"": ""2021-05-10""}]",http://pi.lib.uchicago.edu/1001/org/ochre/519d99b8-7100-48e8-b673-d49fba7ade80
http://pi.lib.uchicago.edu/1001/org/ochre/f3532e15-7e58-4b20-89c4-1a66feefef2c,A17_33817.jpg,A17_33817.jpg,"[{""dsDescriptionValue"": ""Link to OCHRE database: <a href = 'http://pi.lib.uchicago.edu/1001/org/ochre/f3532e15-7e58-4b20-89c4-1a66feefef2c'>http://pi.lib.uchicago.edu/1001/org/ochre/f3532e15-7e58-4b20-89c4-1a66feefef2c"", ""dsDescriptionDate"": ""2021-05-10""}]",http://pi.lib.uchicago.edu/1001/org/ochre/f3532e15-7e58-4b20-89c4-1a66feefef2c
http://pi.lib.uchicago.edu/1001/org/ochre/e4be636f-3725-4503-bf66-7414241f727f,A17_33818.jpg,A17_33818.jpg,"[{""dsDescriptionValue"": ""Link to OCHRE database: <a href = 'http://pi.lib.uchicago.edu/1001/org/ochre/e4be636f-3725-4503-bf66-7414241f727f'>http://pi.lib.uchicago.edu/1001/org/ochre/e4be636f-3725-4503-bf66-7414241f727f"", ""dsDescriptionDate"": ""2021-05-10""}]",http://pi.lib.uchicago.edu/1001/org/ochre/e4be636f-3725-4503-bf66-7414241f727f
http://pi.lib.uchicago.edu/1001/org/ochre/80da76a1-71da-4950-9818-d57c910c4e96,A17_33818.jpg,A17_33818.jpg,"[{""dsDescriptionValue"": ""Link to OCHRE database: <a href = 'http://pi.lib.uchicago.edu/1001/org/ochre/80da76a1-71da-4950-9818-d57c910c4e96'>http://pi.lib.uchicago.edu/1001/org/ochre/80da76a1-71da-4950-9818-d57c910c4e96"", ""dsDescriptionDate"": ""2021-05-10""}]",http://pi.lib.uchicago.edu/1001/org/ochre/80da76a1-71da-4950-9818-d57c910c4e96
http://pi.lib.uchicago.edu/1001/org/ochre/25ac83ad-7922-4d2a-a99e-4728bf93a79b,A17_33819.jpg,A17_33819.jpg,"[{""dsDescriptionValue"": ""Link to OCHRE database: <a href = 'http://pi.lib.uchicago.edu/1001/org/ochre/25ac83ad-7922-4d2a-a99e-4728bf93a79b'>http://pi.lib.uchicago.edu/1001/org/ochre/25ac83ad-7922-4d2a-a99e-4728bf93a79b"", ""dsDescriptionDate"": ""2021-05-10""}]",http://pi.lib.uchicago.edu/1001/org/ochre/25ac83ad-7922-4d2a-a99e-4728bf93a79b
http://pi.lib.uchicago.edu/1001/org/ochre/9e59da2f-d373-4ddd-a1eb-06cccdc90c23,A17_33820.jpg,A17_33820.jpg,"[{""dsDescriptionValue"": ""Link to OCHRE database: <a href = 'http://pi.lib.uchicago.edu/1001/org/ochre/9e59da2f-d373-4ddd-a1eb-06cccdc90c23'>http://pi.lib.uchicago.edu/1001/org/ochre/9e59da2f-d373-4ddd-a1eb-06cccdc90c23"", ""dsDescriptionDate"": ""2021-05-10""}]",http://pi.lib.uchicago.edu/1001/org/ochre/9e59da2f-d373-4ddd-a1eb-06cccdc90c23
http://pi.lib.uchicago.edu/1001/org/ochre/7857c56e-a0a6-4954-848e-34b8e0b07cfe,A17_33821.jpg,A17_33821.jpg,"[{""dsDescriptionValue"": ""Link to OCHRE database: <a href = 'http://pi.lib.uchicago.edu/1001/org/ochre/7857c56e-a0a6-4954-848e-34b8e0b07cfe'>http://pi.lib.uchicago.edu/1001/org/ochre/7857c56e-a0a6-4954-848e-34b8e0b07cfe"", ""dsDescriptionDate"": ""2021-05-10""}]",http://pi.lib.uchicago.edu/1001/org/ochre/7857c56e-a0a6-4954-848e-34b8e0b07cfe
http://pi.lib.uchicago.edu/1001/org/ochre/2da9d424-3853-42b5-8ea9-cd915d67d3bf,A17_33822.jpg,A17_33822.jpg,"[{""dsDescriptionValue"": ""Link to OCHRE database: <a href = 'http://pi.lib.uchicago.edu/1001/org/ochre/2da9d424-3853-42b5-8ea9-cd915d67d3bf'>http://pi.lib.uchicago.edu/1001/org/ochre/2da9d424-3853-42b5-8ea9-cd915d67d3bf"", ""dsDescriptionDate"": ""2021-05-10""}]",http://pi.lib.uchicago.edu/1001/org/ochre/2da9d424-3853-42b5-8ea9-cd915d67d3bf
http://pi.lib.uchicago.edu/1001/org/ochre/a35b9b91-6ebf-42e1-891e-8e3681ded374,A17_33823.jpg,A17_33823.jpg,"[{""dsDescriptionValue"": ""Link to OCHRE database: <a href = 'http://pi.lib.uchicago.edu/1001/org/ochre/a35b9b91-6ebf-42e1-891e-8e3681ded374'>http://pi.lib.uchicago.edu/1001/org/ochre/a35b9b91-6ebf-42e1-891e-8e3681ded374"", ""dsDescriptionDate"": ""2021-05-10""}]",http://pi.lib.uchicago.edu/1001/org/ochre/a35b9b91-6ebf-42e1-891e-8e3681ded374
http://pi.lib.uchicago.edu/1001/org/ochre/260a20dc-1cfc-403d-bf18-c552aa9de3b8,A17_33824.jpg,A17_33824.jpg,"[{""dsDescriptionValue"": ""Link to OCHRE database: <a href = 'http://pi.lib.uchicago.edu/1001/org/ochre/260a20dc-1cfc-403d-bf18-c552aa9de3b8'>http://pi.lib.uchicago.edu/1001/org/ochre/260a20dc-1cfc-403d-bf18-c552aa9de3b8"", ""dsDescriptionDate"": ""2021-05-10""}]",http://pi.lib.uchicago.edu/1001/org/ochre/260a20dc-1cfc-403d-bf18-c552aa9de3b8
http://pi.lib.uchicago.edu/1001/org/ochre/2f3a71ec-e82d-4017-8674-e18f167fe3f4,A17_33825.jpg,A17_33825.jpg,"[{""dsDescriptionValue"": ""Link to OCHRE database: <a href = 'http://pi.lib.uchicago.edu/1001/org/ochre/2f3a71ec-e82d-4017-8674-e18f167fe3f4'>http://pi.lib.uchicago.edu/1001/org/ochre/2f3a71ec-e82d-4017-8674-e18f167fe3f4"", ""dsDescriptionDate"": ""2021-05-10""}]",http://pi.lib.uchicago.edu/1001/org/ochre/2f3a71ec-e82d-4017-8674-e18f167fe3f4
http://pi.lib.uchicago.edu/1001/org/ochre/d43507c1-bd42-49ef-b982-26c13737b5b6,A17_33826.jpg,A17_33826.jpg,"[{""dsDescriptionValue"": ""Link to OCHRE database: <a href = 'http://pi.lib.uchicago.edu/1001/org/ochre/d43507c1-bd42-49ef-b982-26c13737b5b6'>http://pi.lib.uchicago.edu/1001/org/ochre/d43507c1-bd42-49ef-b982-26c13737b5b6"", ""dsDescriptionDate"": ""2021-05-10""}]",http://pi.lib.uchicago.edu/1001/org/ochre/d43507c1-bd42-49ef-b982-26c13737b5b6
http://pi.lib.uchicago.edu/1001/org/ochre/d278b2dc-01ed-4efa-aa94-008c89dd4ab2,A17_33827.jpg,A17_33827.jpg,"[{""dsDescriptionValue"": ""Link to OCHRE database: <a href = 'http://pi.lib.uchicago.edu/1001/org/ochre/d278b2dc-01ed-4efa-aa94-008c89dd4ab2'>http://pi.lib.uchicago.edu/1001/org/ochre/d278b2dc-01ed-4efa-aa94-008c89dd4ab2"", ""dsDescriptionDate"": ""2021-05-10""}]",http://pi.lib.uchicago.edu/1001/org/ochre/d278b2dc-01ed-4efa-aa94-008c89dd4ab2
http://pi.lib.uchicago.edu/1001/org/ochre/289ffabc-8aae-4cf1-8708-8fdc6371e21b,A17_33828.jpg,A17_33828.jpg,"[{""dsDescriptionValue"": ""Link to OCHRE database: <a href = 'http://pi.lib.uchicago.edu/1001/org/ochre/289ffabc-8aae-4cf1-8708-8fdc6371e21b'>http://pi.lib.uchicago.edu/1001/org/ochre/289ffabc-8aae-4cf1-8708-8fdc6371e21b"", ""dsDescriptionDate"": ""2021-05-10""}]",http://pi.lib.uchicago.edu/1001/org/ochre/289ffabc-8aae-4cf1-8708-8fdc6371e21b
http://pi.lib.uchicago.edu/1001/org/ochre/785d3d20-f1f1-4e03-98b0-0c5975cb6960,A17_33830.jpg,A17_33830.jpg,"[{""dsDescriptionValue"": ""Link to OCHRE database: <a href = 'http://pi.lib.uchicago.edu/1001/org/ochre/785d3d20-f1f1-4e03-98b0-0c5975cb6960'>http://pi.lib.uchicago.edu/1001/org/ochre/785d3d20-f1f1-4e03-98b0-0c5975cb6960"", ""dsDescriptionDate"": ""2021-05-10""}]",http://pi.lib.uchicago.edu/1001/org/ochre/785d3d20-f1f1-4e03-98b0-0c5975cb6960
http://pi.lib.uchicago.edu/1001/org/ochre/37c2c917-2644-406f-bda3-ef0728fee897,A17_33831.jpg,A17_33831.jpg,"[{""dsDescriptionValue"": ""Link to OCHRE database: <a href = 'http://pi.lib.uchicago.edu/1001/org/ochre/37c2c917-2644-406f-bda3-ef0728fee897'>http://pi.lib.uchicago.edu/1001/org/ochre/37c2c917-2644-406f-bda3-ef0728fee897"", ""dsDescriptionDate"": ""2021-05-10""}]",http://pi.lib.uchicago.edu/1001/org/ochre/37c2c917-2644-406f-bda3-ef0728fee897
http://pi.lib.uchicago.edu/1001/org/ochre/40651fef-387e-4c34-854d-7516a5e27874,A17_33832.jpg,A17_33832.jpg,"[{""dsDescriptionValue"": ""Link to OCHRE database: <a href = 'http://pi.lib.uchicago.edu/1001/org/ochre/40651fef-387e-4c34-854d-7516a5e27874'>http://pi.lib.uchicago.edu/1001/org/ochre/40651fef-387e-4c34-854d-7516a5e27874"", ""dsDescriptionDate"": ""2021-05-10""}]",http://pi.lib.uchicago.edu/1001/org/ochre/40651fef-387e-4c34-854d-7516a5e27874
http://pi.lib.uchicago.edu/1001/org/ochre/c5c3a881-ebb7-405d-81b0-f6d82507cb33,A17_33833.jpg,A17_33833.jpg,"[{""dsDescriptionValue"": ""Link to OCHRE database: <a href = 'http://pi.lib.uchicago.edu/1001/org/ochre/c5c3a881-ebb7-405d-81b0-f6d82507cb33'>http://pi.lib.uchicago.edu/1001/org/ochre/c5c3a881-ebb7-405d-81b0-f6d82507cb33"", ""dsDescriptionDate"": ""2021-05-10""}]",http://pi.lib.uchicago.edu/1001/org/ochre/c5c3a881-ebb7-405d-81b0-f6d82507cb33
http://pi.lib.uchicago.edu/1001/org/ochre/4c93e174-6a59-4fae-b3b9-0bdc6d9f1fa5,A17_33834.jpg,A17_33834.jpg,"[{""dsDescriptionValue"": ""Link to OCHRE database: <a href = 'http://pi.lib.uchicago.edu/1001/org/ochre/4c93e174-6a59-4fae-b3b9-0bdc6d9f1fa5'>http://pi.lib.uchicago.edu/1001/org/ochre/4c93e174-6a59-4fae-b3b9-0bdc6d9f1fa5"", ""dsDescriptionDate"": ""2021-05-10""}]",http://pi.lib.uchicago.edu/1001/org/ochre/4c93e174-6a59-4fae-b3b9-0bdc6d9f1fa5
http://pi.lib.uchicago.edu/1001/org/ochre/38ef5564-6a39-4af9-8ef4-7d8ffe8507d9,A17_33835.jpg,A17_33835.jpg,"[{""dsDescriptionValue"": ""Link to OCHRE database: <a href = 'http://pi.lib.uchicago.edu/1001/org/ochre/38ef5564-6a39-4af9-8ef4-7d8ffe8507d9'>http://pi.lib.uchicago.edu/1001/org/ochre/38ef5564-6a39-4af9-8ef4-7d8ffe8507d9"", ""dsDescriptionDate"": ""2021-05-10""}]",http://pi.lib.uchicago.edu/1001/org/ochre/38ef5564-6a39-4af9-8ef4-7d8ffe8507d9
http://pi.lib.uchicago.edu/1001/org/ochre/c9cd054b-a439-4727-b6ae-955643757617,A17_33836.jpg,A17_33836.jpg,"[{""dsDescriptionValue"": ""Link to OCHRE database: <a href = 'http://pi.lib.uchicago.edu/1001/org/ochre/c9cd054b-a439-4727-b6ae-955643757617'>http://pi.lib.uchicago.edu/1001/org/ochre/c9cd054b-a439-4727-b6ae-955643757617"", ""dsDescriptionDate"": ""2021-05-10""}]",http://pi.lib.uchicago.edu/1001/org/ochre/c9cd054b-a439-4727-b6ae-955643757617
http://pi.lib.uchicago.edu/1001/org/ochre/1ee1c531-9e8a-49bb-a8ea-0d339d9b523e,A17_33837.jpg,A17_33837.jpg,"[{""dsDescriptionValue"": ""Link to OCHRE database: <a href = 'http://pi.lib.uchicago.edu/1001/org/ochre/1ee1c531-9e8a-49bb-a8ea-0d339d9b523e'>http://pi.lib.uchicago.edu/1001/org/ochre/1ee1c531-9e8a-49bb-a8ea-0d339d9b523e"", ""dsDescriptionDate"": ""2021-05-10""}]",http://pi.lib.uchicago.edu/1001/org/ochre/1ee1c531-9e8a-49bb-a8ea-0d339d9b523e
http://pi.lib.uchicago.edu/1001/org/ochre/9b862fdb-3f4a-42d4-8a6b-7c4dfe69c6ea,A17_33838.jpg,A17_33838.jpg,"[{""dsDescriptionValue"": ""Link to OCHRE database: <a href = 'http://pi.lib.uchicago.edu/1001/org/ochre/9b862fdb-3f4a-42d4-8a6b-7c4dfe69c6ea'>http://pi.lib.uchicago.edu/1001/org/ochre/9b862fdb-3f4a-42d4-8a6b-7c4dfe69c6ea"", ""dsDescriptionDate"": ""2021-05-10""}]",http://pi.lib.uchicago.edu/1001/org/ochre/9b862fdb-3f4a-42d4-8a6b-7c4dfe69c6ea
http://pi.lib.uchicago.edu/1001/org/ochre/2f8fb18e-19eb-4976-9a2e-72019c5e27c7,A17_33839.jpg,A17_33839.jpg,"[{""dsDescriptionValue"": ""Link to OCHRE database: <a href = 'http://pi.lib.uchicago.edu/1001/org/ochre/2f8fb18e-19eb-4976-9a2e-72019c5e27c7'>http://pi.lib.uchicago.edu/1001/org/ochre/2f8fb18e-19eb-4976-9a2e-72019c5e27c7"", ""dsDescriptionDate"": ""2021-05-10""}]",http://pi.lib.uchicago.edu/1001/org/ochre/2f8fb18e-19eb-4976-9a2e-72019c5e27c7
http://pi.lib.uchicago.edu/1001/org/ochre/84239ee1-726d-4772-88a6-13083bacecf6,A17_33840.jpg,A17_33840.jpg,"[{""dsDescriptionValue"": ""Link to OCHRE database: <a href = 'http://pi.lib.uchicago.edu/1001/org/ochre/84239ee1-726d-4772-88a6-13083bacecf6'>http://pi.lib.uchicago.edu/1001/org/ochre/84239ee1-726d-4772-88a6-13083bacecf6"", ""dsDescriptionDate"": ""2021-05-10""}]",http://pi.lib.uchicago.edu/1001/org/ochre/84239ee1-726d-4772-88a6-13083bacecf6
http://pi.lib.uchicago.edu/1001/org/ochre/62826dbb-4435-4019-96a8-75a4978405ca,A17_33841.jpg,A17_33841.jpg,"[{""dsDescriptionValue"": ""Link to OCHRE database: <a href = 'http://pi.lib.uchicago.edu/1001/org/ochre/62826dbb-4435-4019-96a8-75a4978405ca'>http://pi.lib.uchicago.edu/1001/org/ochre/62826dbb-4435-4019-96a8-75a4978405ca"", ""dsDescriptionDate"": ""2021-05-10""}]",http://pi.lib.uchicago.edu/1001/org/ochre/62826dbb-4435-4019-96a8-75a4978405ca
http://pi.lib.uchicago.edu/1001/org/ochre/54bf7f7a-e7da-461b-9045-82fed3551eac,A17_33842.jpg,A17_33842.jpg,"[{""dsDescriptionValue"": ""Link to OCHRE database: <a href = 'http://pi.lib.uchicago.edu/1001/org/ochre/54bf7f7a-e7da-461b-9045-82fed3551eac'>http://pi.lib.uchicago.edu/1001/org/ochre/54bf7f7a-e7da-461b-9045-82fed3551eac"", ""dsDescriptionDate"": ""2021-05-10""}]",http://pi.lib.uchicago.edu/1001/org/ochre/54bf7f7a-e7da-461b-9045-82fed3551eac
http://pi.lib.uchicago.edu/1001/org/ochre/c9a44691-5643-46f1-913d-e5745b6e8cfd,A17_33843.jpg,A17_33843.jpg,"[{""dsDescriptionValue"": ""Link to OCHRE database: <a href = 'http://pi.lib.uchicago.edu/1001/org/ochre/c9a44691-5643-46f1-913d-e5745b6e8cfd'>http://pi.lib.uchicago.edu/1001/org/ochre/c9a44691-5643-46f1-913d-e5745b6e8cfd"", ""dsDescriptionDate"": ""2021-05-10""}]",http://pi.lib.uchicago.edu/1001/org/ochre/c9a44691-5643-46f1-913d-e5745b6e8cfd
http://pi.lib.uchicago.edu/1001/org/ochre/93dd7e05-149d-45d9-8047-0f7828558a28,A17_33844.jpg,A17_33844.jpg,"[{""dsDescriptionValue"": ""Link to OCHRE database: <a href = 'http://pi.lib.uchicago.edu/1001/org/ochre/93dd7e05-149d-45d9-8047-0f7828558a28'>http://pi.lib.uchicago.edu/1001/org/ochre/93dd7e05-149d-45d9-8047-0f7828558a28"", ""dsDescriptionDate"": ""2021-05-10""}]",http://pi.lib.uchicago.edu/1001/org/ochre/93dd7e05-149d-45d9-8047-0f7828558a28
http://pi.lib.uchicago.edu/1001/org/ochre/784895c0-a3a7-42a3-bae7-8c2374002575,A17_33845.jpg,A17_33845.jpg,"[{""dsDescriptionValue"": ""Link to OCHRE database: <a href = 'http://pi.lib.uchicago.edu/1001/org/ochre/784895c0-a3a7-42a3-bae7-8c2374002575'>http://pi.lib.uchicago.edu/1001/org/ochre/784895c0-a3a7-42a3-bae7-8c2374002575"", ""dsDescriptionDate"": ""2021-05-10""}]",http://pi.lib.uchicago.edu/1001/org/ochre/784895c0-a3a7-42a3-bae7-8c2374002575
http://pi.lib.uchicago.edu/1001/org/ochre/9fccd159-1ce9-4234-a39e-215ebb6cbc70,A17_33846.jpg,A17_33846.jpg,"[{""dsDescriptionValue"": ""Link to OCHRE database: <a href = 'http://pi.lib.uchicago.edu/1001/org/ochre/9fccd159-1ce9-4234-a39e-215ebb6cbc70'>http://pi.lib.uchicago.edu/1001/org/ochre/9fccd159-1ce9-4234-a39e-215ebb6cbc70"", ""dsDescriptionDate"": ""2021-05-10""}]",http://pi.lib.uchicago.edu/1001/org/ochre/9fccd159-1ce9-4234-a39e-215ebb6cbc70
http://pi.lib.uchicago.edu/1001/org/ochre/293cbd58-5901-42f9-9d3c-87279980a728,A17_33847.jpg,A17_33847.jpg,"[{""dsDescriptionValue"": ""Link to OCHRE database: <a href = 'http://pi.lib.uchicago.edu/1001/org/ochre/293cbd58-5901-42f9-9d3c-87279980a728'>http://pi.lib.uchicago.edu/1001/org/ochre/293cbd58-5901-42f9-9d3c-87279980a728"", ""dsDescriptionDate"": ""2021-05-10""}]",http://pi.lib.uchicago.edu/1001/org/ochre/293cbd58-5901-42f9-9d3c-87279980a728
http://pi.lib.uchicago.edu/1001/org/ochre/81ec89e9-b609-403e-9b7a-9c2e32c0bfa0,A17_33848.jpg,A17_33848.jpg,"[{""dsDescriptionValue"": ""Link to OCHRE database: <a href = 'http://pi.lib.uchicago.edu/1001/org/ochre/81ec89e9-b609-403e-9b7a-9c2e32c0bfa0'>http://pi.lib.uchicago.edu/1001/org/ochre/81ec89e9-b609-403e-9b7a-9c2e32c0bfa0"", ""dsDescriptionDate"": ""2021-05-10""}]",http://pi.lib.uchicago.edu/1001/org/ochre/81ec89e9-b609-403e-9b7a-9c2e32c0bfa0
http://pi.lib.uchicago.edu/1001/org/ochre/30c26654-e762-4213-854e-897a8c2c8ca4,A17_33849.jpg,A17_33849.jpg,"[{""dsDescriptionValue"": ""Link to OCHRE database: <a href = 'http://pi.lib.uchicago.edu/1001/org/ochre/30c26654-e762-4213-854e-897a8c2c8ca4'>http://pi.lib.uchicago.edu/1001/org/ochre/30c26654-e762-4213-854e-897a8c2c8ca4"", ""dsDescriptionDate"": ""2021-05-10""}]",http://pi.lib.uchicago.edu/1001/org/ochre/30c26654-e762-4213-854e-897a8c2c8ca4
http://pi.lib.uchicago.edu/1001/org/ochre/0fdbf336-2643-47a0-a280-73b89de74d48,A17_33850.jpg,A17_33850.jpg,"[{""dsDescriptionValue"": ""Link to OCHRE database: <a href = 'http://pi.lib.uchicago.edu/1001/org/ochre/0fdbf336-2643-47a0-a280-73b89de74d48'>http://pi.lib.uchicago.edu/1001/org/ochre/0fdbf336-2643-47a0-a280-73b89de74d48"", ""dsDescriptionDate"": ""2021-05-10""}]",http://pi.lib.uchicago.edu/1001/org/ochre/0fdbf336-2643-47a0-a280-73b89de74d48
http://pi.lib.uchicago.edu/1001/org/ochre/08bbc4b3-0bef-40b5-8630-a202e3645bf9,A17_33851.jpg,A17_33851.jpg,"[{""dsDescriptionValue"": ""Link to OCHRE database: <a href = 'http://pi.lib.uchicago.edu/1001/org/ochre/08bbc4b3-0bef-40b5-8630-a202e3645bf9'>http://pi.lib.uchicago.edu/1001/org/ochre/08bbc4b3-0bef-40b5-8630-a202e3645bf9"", ""dsDescriptionDate"": ""2021-05-10""}]",http://pi.lib.uchicago.edu/1001/org/ochre/08bbc4b3-0bef-40b5-8630-a202e3645bf9
http://pi.lib.uchicago.edu/1001/org/ochre/852450c8-4d7c-4332-a02f-68fdc4f8a48e,A17_33852.jpg,A17_33852.jpg,"[{""dsDescriptionValue"": ""Link to OCHRE database: <a href = 'http://pi.lib.uchicago.edu/1001/org/ochre/852450c8-4d7c-4332-a02f-68fdc4f8a48e'>http://pi.lib.uchicago.edu/1001/org/ochre/852450c8-4d7c-4332-a02f-68fdc4f8a48e"", ""dsDescriptionDate"": ""2021-05-10""}]",http://pi.lib.uchicago.edu/1001/org/ochre/852450c8-4d7c-4332-a02f-68fdc4f8a48e
http://pi.lib.uchicago.edu/1001/org/ochre/08d51af9-caf8-492e-92c8-2a8440fa1bac,A17_33853.jpg,A17_33853.jpg,"[{""dsDescriptionValue"": ""Link to OCHRE database: <a href = 'http://pi.lib.uchicago.edu/1001/org/ochre/08d51af9-caf8-492e-92c8-2a8440fa1bac'>http://pi.lib.uchicago.edu/1001/org/ochre/08d51af9-caf8-492e-92c8-2a8440fa1bac"", ""dsDescriptionDate"": ""2021-05-10""}]",http://pi.lib.uchicago.edu/1001/org/ochre/08d51af9-caf8-492e-92c8-2a8440fa1bac
http://pi.lib.uchicago.edu/1001/org/ochre/dbc09371-ef9c-417b-88c0-9c0f1a5f4666,A17_33854.jpg,A17_33854.jpg,"[{""dsDescriptionValue"": ""Link to OCHRE database: <a href = 'http://pi.lib.uchicago.edu/1001/org/ochre/dbc09371-ef9c-417b-88c0-9c0f1a5f4666'>http://pi.lib.uchicago.edu/1001/org/ochre/dbc09371-ef9c-417b-88c0-9c0f1a5f4666"", ""dsDescriptionDate"": ""2021-05-10""}]",http://pi.lib.uchicago.edu/1001/org/ochre/dbc09371-ef9c-417b-88c0-9c0f1a5f4666
http://pi.lib.uchicago.edu/1001/org/ochre/8f11b8a9-22ae-4a43-bbd7-f4f4169833c3,A17_33855.jpg,A17_33855.jpg,"[{""dsDescriptionValue"": ""Link to OCHRE database: <a href = 'http://pi.lib.uchicago.edu/1001/org/ochre/8f11b8a9-22ae-4a43-bbd7-f4f4169833c3'>http://pi.lib.uchicago.edu/1001/org/ochre/8f11b8a9-22ae-4a43-bbd7-f4f4169833c3"", ""dsDescriptionDate"": ""2021-05-10""}]",http://pi.lib.uchicago.edu/1001/org/ochre/8f11b8a9-22ae-4a43-bbd7-f4f4169833c3
http://pi.lib.uchicago.edu/1001/org/ochre/b72b368d-c186-4d82-a0a3-5b16c16a0775,A17_33856.jpg,A17_33856.jpg,"[{""dsDescriptionValue"": ""Link to OCHRE database: <a href = 'http://pi.lib.uchicago.edu/1001/org/ochre/b72b368d-c186-4d82-a0a3-5b16c16a0775'>http://pi.lib.uchicago.edu/1001/org/ochre/b72b368d-c186-4d82-a0a3-5b16c16a0775"", ""dsDescriptionDate"": ""2021-05-10""}]",http://pi.lib.uchicago.edu/1001/org/ochre/b72b368d-c186-4d82-a0a3-5b16c16a0775
http://pi.lib.uchicago.edu/1001/org/ochre/cb237e52-eac5-411e-9dbd-c9b36f130cd6,A17_33857.jpg,A17_33857.jpg,"[{""dsDescriptionValue"": ""Link to OCHRE database: <a href = 'http://pi.lib.uchicago.edu/1001/org/ochre/cb237e52-eac5-411e-9dbd-c9b36f130cd6'>http://pi.lib.uchicago.edu/1001/org/ochre/cb237e52-eac5-411e-9dbd-c9b36f130cd6"", ""dsDescriptionDate"": ""2021-05-10""}]",http://pi.lib.uchicago.edu/1001/org/ochre/cb237e52-eac5-411e-9dbd-c9b36f130cd6
http://pi.lib.uchicago.edu/1001/org/ochre/e2156854-e0f8-4170-9d74-5c63fb2c0e7b,A17_33858.jpg,A17_33858.jpg,"[{""dsDescriptionValue"": ""Link to OCHRE database: <a href = 'http://pi.lib.uchicago.edu/1001/org/ochre/e2156854-e0f8-4170-9d74-5c63fb2c0e7b'>http://pi.lib.uchicago.edu/1001/org/ochre/e2156854-e0f8-4170-9d74-5c63fb2c0e7b"", ""dsDescriptionDate"": ""2021-05-10""}]",http://pi.lib.uchicago.edu/1001/org/ochre/e2156854-e0f8-4170-9d74-5c63fb2c0e7b
http://pi.lib.uchicago.edu/1001/org/ochre/3926366a-dc65-488b-bf06-b04fc371316d,A17_33859.jpg,A17_33859.jpg,"[{""dsDescriptionValue"": ""Link to OCHRE database: <a href = 'http://pi.lib.uchicago.edu/1001/org/ochre/3926366a-dc65-488b-bf06-b04fc371316d'>http://pi.lib.uchicago.edu/1001/org/ochre/3926366a-dc65-488b-bf06-b04fc371316d"", ""dsDescriptionDate"": ""2021-05-10""}]",http://pi.lib.uchicago.edu/1001/org/ochre/3926366a-dc65-488b-bf06-b04fc371316d
http://pi.lib.uchicago.edu/1001/org/ochre/f1109f04-2116-4a6f-ab50-d89ac736b364,A17_33860.jpg,A17_33860.jpg,"[{""dsDescriptionValue"": ""Link to OCHRE database: <a href = 'http://pi.lib.uchicago.edu/1001/org/ochre/f1109f04-2116-4a6f-ab50-d89ac736b364'>http://pi.lib.uchicago.edu/1001/org/ochre/f1109f04-2116-4a6f-ab50-d89ac736b364"", ""dsDescriptionDate"": ""2021-05-10""}]",http://pi.lib.uchicago.edu/1001/org/ochre/f1109f04-2116-4a6f-ab50-d89ac736b364
http://pi.lib.uchicago.edu/1001/org/ochre/6f0cc1c4-f2d2-41b8-98ea-9f9ab423b0a0,A17_33861.jpg,A17_33861.jpg,"[{""dsDescriptionValue"": ""Link to OCHRE database: <a href = 'http://pi.lib.uchicago.edu/1001/org/ochre/6f0cc1c4-f2d2-41b8-98ea-9f9ab423b0a0'>http://pi.lib.uchicago.edu/1001/org/ochre/6f0cc1c4-f2d2-41b8-98ea-9f9ab423b0a0"", ""dsDescriptionDate"": ""2021-05-10""}]",http://pi.lib.uchicago.edu/1001/org/ochre/6f0cc1c4-f2d2-41b8-98ea-9f9ab423b0a0
http://pi.lib.uchicago.edu/1001/org/ochre/65a05ae5-4d63-40d6-a41d-7fa2c312aff3,A17_33862.jpg,A17_33862.jpg,"[{""dsDescriptionValue"": ""Link to OCHRE database: <a href = 'http://pi.lib.uchicago.edu/1001/org/ochre/65a05ae5-4d63-40d6-a41d-7fa2c312aff3'>http://pi.lib.uchicago.edu/1001/org/ochre/65a05ae5-4d63-40d6-a41d-7fa2c312aff3"", ""dsDescriptionDate"": ""2021-05-10""}]",http://pi.lib.uchicago.edu/1001/org/ochre/65a05ae5-4d63-40d6-a41d-7fa2c312aff3
http://pi.lib.uchicago.edu/1001/org/ochre/f4bfaa3a-ce6a-4ef0-a3a2-7342d950653e,A17_33863.jpg,A17_33863.jpg,"[{""dsDescriptionValue"": ""Link to OCHRE database: <a href = 'http://pi.lib.uchicago.edu/1001/org/ochre/f4bfaa3a-ce6a-4ef0-a3a2-7342d950653e'>http://pi.lib.uchicago.edu/1001/org/ochre/f4bfaa3a-ce6a-4ef0-a3a2-7342d950653e"", ""dsDescriptionDate"": ""2021-05-10""}]",http://pi.lib.uchicago.edu/1001/org/ochre/f4bfaa3a-ce6a-4ef0-a3a2-7342d950653e
http://pi.lib.uchicago.edu/1001/org/ochre/8e85bd0a-92cb-44a7-ab1e-d2435729249b,A17_33864.jpg,A17_33864.jpg,"[{""dsDescriptionValue"": ""Link to OCHRE database: <a href = 'http://pi.lib.uchicago.edu/1001/org/ochre/8e85bd0a-92cb-44a7-ab1e-d2435729249b'>http://pi.lib.uchicago.edu/1001/org/ochre/8e85bd0a-92cb-44a7-ab1e-d2435729249b"", ""dsDescriptionDate"": ""2021-05-10""}]",http://pi.lib.uchicago.edu/1001/org/ochre/8e85bd0a-92cb-44a7-ab1e-d2435729249b
http://pi.lib.uchicago.edu/1001/org/ochre/d87f4ac0-f563-4b93-a40b-4e1c6336b8e3,A17_33865.jpg,A17_33865.jpg,"[{""dsDescriptionValue"": ""Link to OCHRE database: <a href = 'http://pi.lib.uchicago.edu/1001/org/ochre/d87f4ac0-f563-4b93-a40b-4e1c6336b8e3'>http://pi.lib.uchicago.edu/1001/org/ochre/d87f4ac0-f563-4b93-a40b-4e1c6336b8e3"", ""dsDescriptionDate"": ""2021-05-10""}]",http://pi.lib.uchicago.edu/1001/org/ochre/d87f4ac0-f563-4b93-a40b-4e1c6336b8e3
http://pi.lib.uchicago.edu/1001/org/ochre/111b1ba5-b7bf-4382-bd26-c62177918532,A17_33866.jpg,A17_33866.jpg,"[{""dsDescriptionValue"": ""Link to OCHRE database: <a href = 'http://pi.lib.uchicago.edu/1001/org/ochre/111b1ba5-b7bf-4382-bd26-c62177918532'>http://pi.lib.uchicago.edu/1001/org/ochre/111b1ba5-b7bf-4382-bd26-c62177918532"", ""dsDescriptionDate"": ""2021-05-10""}]",http://pi.lib.uchicago.edu/1001/org/ochre/111b1ba5-b7bf-4382-bd26-c62177918532
http://pi.lib.uchicago.edu/1001/org/ochre/53515ca8-f6cd-4277-a977-e135cc9708a3,A17_33867.jpg,A17_33867.jpg,"[{""dsDescriptionValue"": ""Link to OCHRE database: <a href = 'http://pi.lib.uchicago.edu/1001/org/ochre/53515ca8-f6cd-4277-a977-e135cc9708a3'>http://pi.lib.uchicago.edu/1001/org/ochre/53515ca8-f6cd-4277-a977-e135cc9708a3"", ""dsDescriptionDate"": ""2021-05-10""}]",http://pi.lib.uchicago.edu/1001/org/ochre/53515ca8-f6cd-4277-a977-e135cc9708a3
http://pi.lib.uchicago.edu/1001/org/ochre/e2a30d43-a6a4-46d9-8d39-fc3a5011e278,A17_33868.jpg,A17_33868.jpg,"[{""dsDescriptionValue"": ""Link to OCHRE database: <a href = 'http://pi.lib.uchicago.edu/1001/org/ochre/e2a30d43-a6a4-46d9-8d39-fc3a5011e278'>http://pi.lib.uchicago.edu/1001/org/ochre/e2a30d43-a6a4-46d9-8d39-fc3a5011e278"", ""dsDescriptionDate"": ""2021-05-10""}]",http://pi.lib.uchicago.edu/1001/org/ochre/e2a30d43-a6a4-46d9-8d39-fc3a5011e278
http://pi.lib.uchicago.edu/1001/org/ochre/8e79f0b1-e2ec-4231-b86f-5c9322224bd5,A17_33869.jpg,A17_33869.jpg,"[{""dsDescriptionValue"": ""Link to OCHRE database: <a href = 'http://pi.lib.uchicago.edu/1001/org/ochre/8e79f0b1-e2ec-4231-b86f-5c9322224bd5'>http://pi.lib.uchicago.edu/1001/org/ochre/8e79f0b1-e2ec-4231-b86f-5c9322224bd5"", ""dsDescriptionDate"": ""2021-05-10""}]",http://pi.lib.uchicago.edu/1001/org/ochre/8e79f0b1-e2ec-4231-b86f-5c9322224bd5
http://pi.lib.uchicago.edu/1001/org/ochre/61222848-b860-46f8-b07b-f6995059a2a1,A17_33870.jpg,A17_33870.jpg,"[{""dsDescriptionValue"": ""Link to OCHRE database: <a href = 'http://pi.lib.uchicago.edu/1001/org/ochre/61222848-b860-46f8-b07b-f6995059a2a1'>http://pi.lib.uchicago.edu/1001/org/ochre/61222848-b860-46f8-b07b-f6995059a2a1"", ""dsDescriptionDate"": ""2021-05-10""}]",http://pi.lib.uchicago.edu/1001/org/ochre/61222848-b860-46f8-b07b-f6995059a2a1
http://pi.lib.uchicago.edu/1001/org/ochre/2ecb7793-bf74-4231-938e-f250b6de5b8b,A17_33871.jpg,A17_33871.jpg,"[{""dsDescriptionValue"": ""Link to OCHRE database: <a href = 'http://pi.lib.uchicago.edu/1001/org/ochre/2ecb7793-bf74-4231-938e-f250b6de5b8b'>http://pi.lib.uchicago.edu/1001/org/ochre/2ecb7793-bf74-4231-938e-f250b6de5b8b"", ""dsDescriptionDate"": ""2021-05-10""}]",http://pi.lib.uchicago.edu/1001/org/ochre/2ecb7793-bf74-4231-938e-f250b6de5b8b
http://pi.lib.uchicago.edu/1001/org/ochre/05cf27ab-8c2a-4a01-975c-3c9e6d461e0b,A17_33872.jpg,A17_33872.jpg,"[{""dsDescriptionValue"": ""Link to OCHRE database: <a href = 'http://pi.lib.uchicago.edu/1001/org/ochre/05cf27ab-8c2a-4a01-975c-3c9e6d461e0b'>http://pi.lib.uchicago.edu/1001/org/ochre/05cf27ab-8c2a-4a01-975c-3c9e6d461e0b"", ""dsDescriptionDate"": ""2021-05-10""}]",http://pi.lib.uchicago.edu/1001/org/ochre/05cf27ab-8c2a-4a01-975c-3c9e6d461e0b
http://pi.lib.uchicago.edu/1001/org/ochre/a9cd5ff2-1197-4887-9c25-8caa0fe7b633,A17_33873.jpg,A17_33873.jpg,"[{""dsDescriptionValue"": ""Link to OCHRE database: <a href = 'http://pi.lib.uchicago.edu/1001/org/ochre/a9cd5ff2-1197-4887-9c25-8caa0fe7b633'>http://pi.lib.uchicago.edu/1001/org/ochre/a9cd5ff2-1197-4887-9c25-8caa0fe7b633"", ""dsDescriptionDate"": ""2021-05-10""}]",http://pi.lib.uchicago.edu/1001/org/ochre/a9cd5ff2-1197-4887-9c25-8caa0fe7b633
http://pi.lib.uchicago.edu/1001/org/ochre/6ff3cd53-8810-48aa-b11f-49c9e3e4f700,A17_33874.jpg,A17_33874.jpg,"[{""dsDescriptionValue"": ""Link to OCHRE database: <a href = 'http://pi.lib.uchicago.edu/1001/org/ochre/6ff3cd53-8810-48aa-b11f-49c9e3e4f700'>http://pi.lib.uchicago.edu/1001/org/ochre/6ff3cd53-8810-48aa-b11f-49c9e3e4f700"", ""dsDescriptionDate"": ""2021-05-10""}]",http://pi.lib.uchicago.edu/1001/org/ochre/6ff3cd53-8810-48aa-b11f-49c9e3e4f700
http://pi.lib.uchicago.edu/1001/org/ochre/a62acc30-24c3-434b-b4db-c5fd1d2cfe90,A17_33875.jpg,A17_33875.jpg,"[{""dsDescriptionValue"": ""Link to OCHRE database: <a href = 'http://pi.lib.uchicago.edu/1001/org/ochre/a62acc30-24c3-434b-b4db-c5fd1d2cfe90'>http://pi.lib.uchicago.edu/1001/org/ochre/a62acc30-24c3-434b-b4db-c5fd1d2cfe90"", ""dsDescriptionDate"": ""2021-05-10""}]",http://pi.lib.uchicago.edu/1001/org/ochre/a62acc30-24c3-434b-b4db-c5fd1d2cfe90
http://pi.lib.uchicago.edu/1001/org/ochre/cbe5d589-1daf-4384-a167-9318923b22e9,A17_33876.jpg,A17_33876.jpg,"[{""dsDescriptionValue"": ""Link to OCHRE database: <a href = 'http://pi.lib.uchicago.edu/1001/org/ochre/cbe5d589-1daf-4384-a167-9318923b22e9'>http://pi.lib.uchicago.edu/1001/org/ochre/cbe5d589-1daf-4384-a167-9318923b22e9"", ""dsDescriptionDate"": ""2021-05-10""}]",http://pi.lib.uchicago.edu/1001/org/ochre/cbe5d589-1daf-4384-a167-9318923b22e9
http://pi.lib.uchicago.edu/1001/org/ochre/6e45cf2e-691b-40d2-a070-41427e6a7660,A17_33877.jpg,A17_33877.jpg,"[{""dsDescriptionValue"": ""Link to OCHRE database: <a href = 'http://pi.lib.uchicago.edu/1001/org/ochre/6e45cf2e-691b-40d2-a070-41427e6a7660'>http://pi.lib.uchicago.edu/1001/org/ochre/6e45cf2e-691b-40d2-a070-41427e6a7660"", ""dsDescriptionDate"": ""2021-05-10""}]",http://pi.lib.uchicago.edu/1001/org/ochre/6e45cf2e-691b-40d2-a070-41427e6a7660
http://pi.lib.uchicago.edu/1001/org/ochre/86fb02f2-cb05-4a47-8877-2cdaaebcbe79,A17_33878.jpg,A17_33878.jpg,"[{""dsDescriptionValue"": ""Link to OCHRE database: <a href = 'http://pi.lib.uchicago.edu/1001/org/ochre/86fb02f2-cb05-4a47-8877-2cdaaebcbe79'>http://pi.lib.uchicago.edu/1001/org/ochre/86fb02f2-cb05-4a47-8877-2cdaaebcbe79"", ""dsDescriptionDate"": ""2021-05-10""}]",http://pi.lib.uchicago.edu/1001/org/ochre/86fb02f2-cb05-4a47-8877-2cdaaebcbe79
http://pi.lib.uchicago.edu/1001/org/ochre/8814043c-eebe-428f-9173-65a114c2be89,A17_33879.jpg,A17_33879.jpg,"[{""dsDescriptionValue"": ""Link to OCHRE database: <a href = 'http://pi.lib.uchicago.edu/1001/org/ochre/8814043c-eebe-428f-9173-65a114c2be89'>http://pi.lib.uchicago.edu/1001/org/ochre/8814043c-eebe-428f-9173-65a114c2be89"", ""dsDescriptionDate"": ""2021-05-10""}]",http://pi.lib.uchicago.edu/1001/org/ochre/8814043c-eebe-428f-9173-65a114c2be89
http://pi.lib.uchicago.edu/1001/org/ochre/a7f00f98-e180-41b4-b258-da5e95b02c3e,A17_33880.jpg,A17_33880.jpg,"[{""dsDescriptionValue"": ""Link to OCHRE database: <a href = 'http://pi.lib.uchicago.edu/1001/org/ochre/a7f00f98-e180-41b4-b258-da5e95b02c3e'>http://pi.lib.uchicago.edu/1001/org/ochre/a7f00f98-e180-41b4-b258-da5e95b02c3e"", ""dsDescriptionDate"": ""2021-05-10""}]",http://pi.lib.uchicago.edu/1001/org/ochre/a7f00f98-e180-41b4-b258-da5e95b02c3e
http://pi.lib.uchicago.edu/1001/org/ochre/96011df0-eb6f-40ef-87a5-c78067483c16,A17_33881.jpg,A17_33881.jpg,"[{""dsDescriptionValue"": ""Link to OCHRE database: <a href = 'http://pi.lib.uchicago.edu/1001/org/ochre/96011df0-eb6f-40ef-87a5-c78067483c16'>http://pi.lib.uchicago.edu/1001/org/ochre/96011df0-eb6f-40ef-87a5-c78067483c16"", ""dsDescriptionDate"": ""2021-05-10""}]",http://pi.lib.uchicago.edu/1001/org/ochre/96011df0-eb6f-40ef-87a5-c78067483c16
http://pi.lib.uchicago.edu/1001/org/ochre/23e20ac0-42a1-4d41-a157-ac089144fc0c,A17_33882.jpg,A17_33882.jpg,"[{""dsDescriptionValue"": ""Link to OCHRE database: <a href = 'http://pi.lib.uchicago.edu/1001/org/ochre/23e20ac0-42a1-4d41-a157-ac089144fc0c'>http://pi.lib.uchicago.edu/1001/org/ochre/23e20ac0-42a1-4d41-a157-ac089144fc0c"", ""dsDescriptionDate"": ""2021-05-10""}]",http://pi.lib.uchicago.edu/1001/org/ochre/23e20ac0-42a1-4d41-a157-ac089144fc0c
http://pi.lib.uchicago.edu/1001/org/ochre/0654bf07-3b72-48cb-9cd3-e63f35ba0edd,A17_33883.jpg,A17_33883.jpg,"[{""dsDescriptionValue"": ""Link to OCHRE database: <a href = 'http://pi.lib.uchicago.edu/1001/org/ochre/0654bf07-3b72-48cb-9cd3-e63f35ba0edd'>http://pi.lib.uchicago.edu/1001/org/ochre/0654bf07-3b72-48cb-9cd3-e63f35ba0edd"", ""dsDescriptionDate"": ""2021-05-10""}]",http://pi.lib.uchicago.edu/1001/org/ochre/0654bf07-3b72-48cb-9cd3-e63f35ba0edd
http://pi.lib.uchicago.edu/1001/org/ochre/ae4a56b0-2ba9-43f6-9b41-f08f69335002,A17_33884.jpg,A17_33884.jpg,"[{""dsDescriptionValue"": ""Link to OCHRE database: <a href = 'http://pi.lib.uchicago.edu/1001/org/ochre/ae4a56b0-2ba9-43f6-9b41-f08f69335002'>http://pi.lib.uchicago.edu/1001/org/ochre/ae4a56b0-2ba9-43f6-9b41-f08f69335002"", ""dsDescriptionDate"": ""2021-05-10""}]",http://pi.lib.uchicago.edu/1001/org/ochre/ae4a56b0-2ba9-43f6-9b41-f08f69335002
http://pi.lib.uchicago.edu/1001/org/ochre/39d3da6a-acb8-490f-a267-9dd1c5375e0b,A17_33885.jpg,A17_33885.jpg,"[{""dsDescriptionValue"": ""Link to OCHRE database: <a href = 'http://pi.lib.uchicago.edu/1001/org/ochre/39d3da6a-acb8-490f-a267-9dd1c5375e0b'>http://pi.lib.uchicago.edu/1001/org/ochre/39d3da6a-acb8-490f-a267-9dd1c5375e0b"", ""dsDescriptionDate"": ""2021-05-10""}]",http://pi.lib.uchicago.edu/1001/org/ochre/39d3da6a-acb8-490f-a267-9dd1c5375e0b
http://pi.lib.uchicago.edu/1001/org/ochre/4ef2ab46-729e-4b23-835e-63f048c8f7a3,A17_33886.jpg,A17_33886.jpg,"[{""dsDescriptionValue"": ""Link to OCHRE database: <a href = 'http://pi.lib.uchicago.edu/1001/org/ochre/4ef2ab46-729e-4b23-835e-63f048c8f7a3'>http://pi.lib.uchicago.edu/1001/org/ochre/4ef2ab46-729e-4b23-835e-63f048c8f7a3"", ""dsDescriptionDate"": ""2021-05-10""}]",http://pi.lib.uchicago.edu/1001/org/ochre/4ef2ab46-729e-4b23-835e-63f048c8f7a3
http://pi.lib.uchicago.edu/1001/org/ochre/32ab58a6-4833-4b7e-b36b-69dfe700a4f4,A17_33887.jpg,A17_33887.jpg,"[{""dsDescriptionValue"": ""Link to OCHRE database: <a href = 'http://pi.lib.uchicago.edu/1001/org/ochre/32ab58a6-4833-4b7e-b36b-69dfe700a4f4'>http://pi.lib.uchicago.edu/1001/org/ochre/32ab58a6-4833-4b7e-b36b-69dfe700a4f4"", ""dsDescriptionDate"": ""2021-05-10""}]",http://pi.lib.uchicago.edu/1001/org/ochre/32ab58a6-4833-4b7e-b36b-69dfe700a4f4
http://pi.lib.uchicago.edu/1001/org/ochre/593e81d4-44c5-4c9e-97f8-936ca0ba0dbd,A17_33888.jpg,A17_33888.jpg,"[{""dsDescriptionValue"": ""Link to OCHRE database: <a href = 'http://pi.lib.uchicago.edu/1001/org/ochre/593e81d4-44c5-4c9e-97f8-936ca0ba0dbd'>http://pi.lib.uchicago.edu/1001/org/ochre/593e81d4-44c5-4c9e-97f8-936ca0ba0dbd"", ""dsDescriptionDate"": ""2021-05-10""}]",http://pi.lib.uchicago.edu/1001/org/ochre/593e81d4-44c5-4c9e-97f8-936ca0ba0dbd
http://pi.lib.uchicago.edu/1001/org/ochre/4b807c7e-5e5e-4951-8043-7fd97a7aac28,A17_33889.jpg,A17_33889.jpg,"[{""dsDescriptionValue"": ""Link to OCHRE database: <a href = 'http://pi.lib.uchicago.edu/1001/org/ochre/4b807c7e-5e5e-4951-8043-7fd97a7aac28'>http://pi.lib.uchicago.edu/1001/org/ochre/4b807c7e-5e5e-4951-8043-7fd97a7aac28"", ""dsDescriptionDate"": ""2021-05-10""}]",http://pi.lib.uchicago.edu/1001/org/ochre/4b807c7e-5e5e-4951-8043-7fd97a7aac28
http://pi.lib.uchicago.edu/1001/org/ochre/d1633ea1-a2a1-457a-b8df-e26a3d5c5939,A17_33890.jpg,A17_33890.jpg,"[{""dsDescriptionValue"": ""Link to OCHRE database: <a href = 'http://pi.lib.uchicago.edu/1001/org/ochre/d1633ea1-a2a1-457a-b8df-e26a3d5c5939'>http://pi.lib.uchicago.edu/1001/org/ochre/d1633ea1-a2a1-457a-b8df-e26a3d5c5939"", ""dsDescriptionDate"": ""2021-05-10""}]",http://pi.lib.uchicago.edu/1001/org/ochre/d1633ea1-a2a1-457a-b8df-e26a3d5c5939
http://pi.lib.uchicago.edu/1001/org/ochre/32313e6c-f579-4762-a9d3-8787848b803a,A17_33891.jpg,A17_33891.jpg,"[{""dsDescriptionValue"": ""Link to OCHRE database: <a href = 'http://pi.lib.uchicago.edu/1001/org/ochre/32313e6c-f579-4762-a9d3-8787848b803a'>http://pi.lib.uchicago.edu/1001/org/ochre/32313e6c-f579-4762-a9d3-8787848b803a"", ""dsDescriptionDate"": ""2021-05-10""}]",http://pi.lib.uchicago.edu/1001/org/ochre/32313e6c-f579-4762-a9d3-8787848b803a
http://pi.lib.uchicago.edu/1001/org/ochre/f4f20d89-fae5-4380-9e7b-699d8dc6b6ea,A17_33892.jpg,A17_33892.jpg,"[{""dsDescriptionValue"": ""Link to OCHRE database: <a href = 'http://pi.lib.uchicago.edu/1001/org/ochre/f4f20d89-fae5-4380-9e7b-699d8dc6b6ea'>http://pi.lib.uchicago.edu/1001/org/ochre/f4f20d89-fae5-4380-9e7b-699d8dc6b6ea"", ""dsDescriptionDate"": ""2021-05-10""}]",http://pi.lib.uchicago.edu/1001/org/ochre/f4f20d89-fae5-4380-9e7b-699d8dc6b6ea
http://pi.lib.uchicago.edu/1001/org/ochre/b8c89238-3194-43fe-9ed3-2cbdfac33796,A17_33893.jpg,A17_33893.jpg,"[{""dsDescriptionValue"": ""Link to OCHRE database: <a href = 'http://pi.lib.uchicago.edu/1001/org/ochre/b8c89238-3194-43fe-9ed3-2cbdfac33796'>http://pi.lib.uchicago.edu/1001/org/ochre/b8c89238-3194-43fe-9ed3-2cbdfac33796"", ""dsDescriptionDate"": ""2021-05-10""}]",http://pi.lib.uchicago.edu/1001/org/ochre/b8c89238-3194-43fe-9ed3-2cbdfac33796
http://pi.lib.uchicago.edu/1001/org/ochre/3c8a2213-b17d-4da7-bb9f-fe5ab6e17b7d,A17_33894.jpg,A17_33894.jpg,"[{""dsDescriptionValue"": ""Link to OCHRE database: <a href = 'http://pi.lib.uchicago.edu/1001/org/ochre/3c8a2213-b17d-4da7-bb9f-fe5ab6e17b7d'>http://pi.lib.uchicago.edu/1001/org/ochre/3c8a2213-b17d-4da7-bb9f-fe5ab6e17b7d"", ""dsDescriptionDate"": ""2021-05-10""}]",http://pi.lib.uchicago.edu/1001/org/ochre/3c8a2213-b17d-4da7-bb9f-fe5ab6e17b7d
http://pi.lib.uchicago.edu/1001/org/ochre/6fa1cedc-ed12-46bb-9447-f0bb87224d4f,A17_33896.jpg,A17_33896.jpg,"[{""dsDescriptionValue"": ""Link to OCHRE database: <a href = 'http://pi.lib.uchicago.edu/1001/org/ochre/6fa1cedc-ed12-46bb-9447-f0bb87224d4f'>http://pi.lib.uchicago.edu/1001/org/ochre/6fa1cedc-ed12-46bb-9447-f0bb87224d4f"", ""dsDescriptionDate"": ""2021-05-10""}]",http://pi.lib.uchicago.edu/1001/org/ochre/6fa1cedc-ed12-46bb-9447-f0bb87224d4f
http://pi.lib.uchicago.edu/1001/org/ochre/fdb01a4a-be01-411f-b883-95764b96ece9,A17_33897.jpg,A17_33897.jpg,"[{""dsDescriptionValue"": ""Link to OCHRE database: <a href = 'http://pi.lib.uchicago.edu/1001/org/ochre/fdb01a4a-be01-411f-b883-95764b96ece9'>http://pi.lib.uchicago.edu/1001/org/ochre/fdb01a4a-be01-411f-b883-95764b96ece9"", ""dsDescriptionDate"": ""2021-05-10""}]",http://pi.lib.uchicago.edu/1001/org/ochre/fdb01a4a-be01-411f-b883-95764b96ece9
